outline_id,glacier_id,latitude,longitude,area_km2
RGI60-11.00001,134185,47.4949,13.5987,0.122
RGI60-11.00002,535,47.4845,13.6135,2.292
RGI60-11.00003,134186,47.4835,13.596,0.851
RGI60-11.00004,134187,47.4807,13.5829,0.053
RGI60-11.00005,134188,47.4774,13.6026,0.057
RGI60-11.00006,134189,47.4708,13.6304,0.908
RGI60-11.00007,134190,47.4735,13.6143,0.014
RGI60-11.00008,134191,47.4288,13.0368,0.169
RGI60-11.00009,134192,47.4247,13.0484,0.327
RGI60-11.00010,134193,47.4248,13.0783,0.036
RGI60-11.00011,134194,47.4254,13.0419,0.037
RGI60-11.00012,134195,47.4242,13.0581,0.197
RGI60-11.00013,134196,47.198,12.7528,0.081
RGI60-11.00014,134197,47.1953,12.6823,0.912
RGI60-11.00015,134198,47.1964,12.6737,0.076
RGI60-11.00016,134199,47.1935,12.7581,0.032
RGI60-11.00017,134200,47.1897,12.7572,0.102
RGI60-11.00018,134201,47.1916,12.6916,0.103
RGI60-11.00019,134202,47.1848,12.6802,0.295
RGI60-11.00020,,47.183,12.7578,0.017
RGI60-11.00021,134203,47.1766,12.7675,0.645
RGI60-11.00022,134204,47.1893,12.3863,0.26
RGI60-11.00023,134205,47.1784,12.6836,0.055
RGI60-11.00024,134206,47.1827,12.3982,0.074
RGI60-11.00025,549,47.1648,12.7508,0.571
RGI60-11.00026,134208,47.1724,12.6766,0.044
RGI60-11.00027,134209,47.1644,12.766,0.157
RGI60-11.00028,134210,47.1631,12.6785,0.381
RGI60-11.00029,134211,47.1641,12.7448,0.072
RGI60-11.00030,134212,47.1615,12.7761,0.036
RGI60-11.00031,134213,47.1613,12.6697,0.272
RGI60-11.00032,134214,47.1631,12.6897,0.043
RGI60-11.00033,134215,47.1608,12.7616,0.037
RGI60-11.00034,134216,47.1779,12.1348,0.125
RGI60-11.00035,134217,47.1595,12.7569,0.025
RGI60-11.00036,134218,47.1571,12.7432,0.306
RGI60-11.00037,,47.1725,12.3401,0.013
RGI60-11.00038,134219,47.1586,12.6835,0.293
RGI60-11.00039,134220,47.1747,12.1413,0.065
RGI60-11.00040,134221,47.1634,12.3506,0.138
RGI60-11.00041,134222,47.1511,12.752,0.523
RGI60-11.00042,134223,47.1719,12.0875,0.058
RGI60-11.00043,134224,47.1699,12.1428,0.117
RGI60-11.00044,134225,47.1701,12.2199,0.014
RGI60-11.00045,134226,47.1499,12.7384,0.14
RGI60-11.00046,134227,47.1528,12.6781,0.207
RGI60-11.00047,134228,47.1386,12.7194,2.273
RGI60-11.00048,134229,47.1492,12.7699,0.074
RGI60-11.00049,134230,47.1398,12.7411,1.399
RGI60-11.00050,134231,47.1647,12.1491,0.245
RGI60-11.00051,134232,47.1591,12.3534,0.035
RGI60-11.00052,134233,47.157,12.3998,0.032
RGI60-11.00053,134234,47.1569,12.3562,0.058
RGI60-11.00054,134235,47.1487,12.3717,2.274
RGI60-11.00055,134236,47.1562,12.4033,0.019
RGI60-11.00056,134237,47.1466,12.6658,0.143
RGI60-11.00057,,47.1563,12.3493,0.011
RGI60-11.00058,134238,47.1541,12.3963,0.013
RGI60-11.00059,134239,47.1514,12.4317,0.056
RGI60-11.00060,134240,47.1519,12.4025,0.114
RGI60-11.00061,134241,47.1523,12.3914,0.086
RGI60-11.00062,134242,47.1458,12.3086,1.324
RGI60-11.00063,134243,47.1517,12.3548,0.109
RGI60-11.00064,,47.1448,12.6,0.011
RGI60-11.00065,134244,47.144,12.5958,0.087
RGI60-11.00066,134245,47.1462,12.3945,0.392
RGI60-11.00067,134246,47.129,12.6894,2.868
RGI60-11.00068,134247,47.1322,12.3453,2.738
RGI60-11.00069,134248,47.1479,12.4374,0.032
RGI60-11.00070,134249,47.1491,12.1044,1.563
RGI60-11.00071,134250,47.1473,12.4035,0.061
RGI60-11.00072,134251,47.1342,12.6611,0.707
RGI60-11.00073,134252,47.1403,12.5956,0.03
RGI60-11.00074,134253,47.1424,12.3805,0.43
RGI60-11.00075,134254,47.1861,10.4376,0.04
RGI60-11.00076,134255,47.1448,12.409,0.017
RGI60-11.00077,134256,47.1508,12.0907,0.093
RGI60-11.00078,134257,47.1392,12.3243,0.584
RGI60-11.00079,134258,47.1355,12.5793,0.2
RGI60-11.00080,573,47.1316,12.5964,1.188
RGI60-11.00081,134259,47.1368,12.5711,0.022
RGI60-11.00082,134260,47.1482,12.0853,0.299
RGI60-11.00083,134261,47.1842,10.3703,0.04
RGI60-11.00084,134262,47.1467,12.1167,0.268
RGI60-11.00085,134263,47.1872,9.98627,0.042
RGI60-11.00086,134264,47.1498,12.0632,0.112
RGI60-11.00087,134265,47.1277,12.6669,0.316
RGI60-11.00088,134266,47.1229,12.7269,2.734
RGI60-11.00089,134267,47.1466,12.0739,0.465
RGI60-11.00090,134268,47.1697,11.0507,0.132
RGI60-11.00091,,47.133,12.5699,0.025
RGI60-11.00092,134269,47.1412,12.2247,0.145
RGI60-11.00093,134270,47.1387,12.3711,0.014
RGI60-11.00094,134271,47.1381,12.1173,0.519
RGI60-11.00095,134272,47.1232,12.5884,0.629
RGI60-11.00096,134273,47.1673,11.0551,0.064
RGI60-11.00097,134274,47.1442,12.0871,0.157
RGI60-11.00098,134275,47.1418,12.0924,0.339
RGI60-11.00099,134276,47.1366,12.3625,0.027
RGI60-11.00100,134277,47.1353,12.3358,0.198
RGI60-11.00101,134278,47.1367,12.2336,0.564
RGI60-11.00102,134279,47.1348,12.3176,0.25
RGI60-11.00103,134280,47.1349,12.3567,0.08
RGI60-11.00104,134281,47.1386,12.1032,0.582
RGI60-11.00105,134282,47.1244,12.6572,0.174
RGI60-11.00106,566,47.0991,12.6967,17.774
RGI60-11.00107,,47.1347,12.3608,0.011
RGI60-11.00108,134283,47.1256,12.551,0.184
RGI60-11.00109,134284,47.133,12.3106,0.129
RGI60-11.00110,134285,47.1261,12.3693,2.188
RGI60-11.00111,134286,47.1336,12.3275,0.019
RGI60-11.00112,134287,47.1715,10.4793,0.029
RGI60-11.00113,134288,47.1213,12.6637,0.058
RGI60-11.00114,134289,47.1297,12.2453,0.722
RGI60-11.00115,134290,47.1232,12.5955,0.133
RGI60-11.00116,134291,47.1177,12.3309,5.324
RGI60-11.00117,,47.0961,13.3728,0.011
RGI60-11.00118,134292,47.0948,13.377,0.031
RGI60-11.00119,,47.1677,10.4712,0.019
RGI60-11.00120,134293,47.1257,12.2355,0.583
RGI60-11.00121,134294,47.1339,12.1109,0.032
RGI60-11.00122,134295,47.1074,12.7221,1.615
RGI60-11.00123,4533,47.1173,12.5971,0.122
RGI60-11.00124,559,47.1087,12.6507,1.367
RGI60-11.00125,134296,47.1125,12.731,0.042
RGI60-11.00126,134297,47.123,12.3806,0.026
RGI60-11.00127,134298,47.1131,12.2672,2.084
RGI60-11.00128,134299,47.1203,12.3755,0.205
RGI60-11.00129,134300,47.1298,12.1162,0.028
RGI60-11.00130,,47.1089,12.7336,0.013
RGI60-11.00131,134301,47.1103,12.6602,0.023
RGI60-11.00132,134302,47.0897,13.2543,0.017
RGI60-11.00133,134303,47.1029,12.7474,0.511
RGI60-11.00134,134304,47.0889,13.2494,0.032
RGI60-11.00135,134305,47.1066,12.3829,8.271
RGI60-11.00136,134306,47.124,12.1168,0.095
RGI60-11.00137,,47.121,12.2417,0.013
RGI60-11.00138,134307,47.1024,12.812,0.028
RGI60-11.00139,134308,47.1194,12.2435,0.051
RGI60-11.00140,134309,47.1201,12.1195,0.108
RGI60-11.00141,134310,47.1025,12.2779,4.24
RGI60-11.00142,134311,47.0844,13.2501,0.069
RGI60-11.00143,134312,47.0836,13.2444,0.128
RGI60-11.00144,,47.1176,12.2489,0.016
RGI60-11.00145,134313,47.0993,12.8106,0.011
RGI60-11.00146,134314,47.0982,12.7979,0.157
RGI60-11.00147,134315,47.1152,12.2517,0.04
RGI60-11.00148,,47.1553,10.2138,0.014
RGI60-11.00149,134316,47.1166,12.1239,0.093
RGI60-11.00150,134317,47.1023,12.6422,0.014
RGI60-11.00151,134318,47.0803,13.2471,0.077
RGI60-11.00152,134319,47.1139,12.1304,0.341
RGI60-11.00153,134320,47.1125,12.2556,0.059
RGI60-11.00154,134321,47.0958,12.8107,0.043
RGI60-11.00155,134322,47.0945,12.75,0.246
RGI60-11.00156,478,47.0982,12.6452,0.247
RGI60-11.00157,134324,47.106,12.4412,0.106
RGI60-11.00158,134325,47.1059,12.4494,0.088
RGI60-11.00159,134326,47.0909,12.6559,1.709
RGI60-11.00160,134327,47.0949,12.7912,0.025
RGI60-11.00161,134328,47.0953,12.3582,3.24
RGI60-11.00162,134329,47.1041,12.4293,0.266
RGI60-11.00163,,47.0781,13.2492,0.013
RGI60-11.00164,134330,47.1022,12.338,1.588
RGI60-11.00165,134331,47.0713,13.3935,0.088
RGI60-11.00166,134332,47.1077,12.2599,0.177
RGI60-11.00167,134333,47.0748,13.2342,0.365
RGI60-11.00168,134334,47.1021,12.3064,0.414
RGI60-11.00169,134335,47.0854,12.9054,0.247
RGI60-11.00170,,47.0753,13.2232,0.019
RGI60-11.00171,134336,47.1066,12.1253,0.148
RGI60-11.00172,134337,47.082,12.9325,0.513
RGI60-11.00173,,47.074,13.2251,0.013
RGI60-11.00174,134338,47.1078,12.1307,0.093
RGI60-11.00175,134339,47.0832,12.9203,0.118
RGI60-11.00176,134340,47.1031,12.3124,0.031
RGI60-11.00177,,47.071,13.2796,0.022
RGI60-11.00178,134341,47.0875,12.7895,0.078
RGI60-11.00179,134342,47.084,12.8954,0.045
RGI60-11.00180,134343,47.0979,12.463,0.047
RGI60-11.00181,541,47.0615,13.2537,2.28
RGI60-11.00182,552,47.0798,12.6661,2.293
RGI60-11.00183,134346,47.0714,13.2273,0.058
RGI60-11.00184,134347,47.083,12.8915,0.015
RGI60-11.00185,134348,47.1003,12.319,0.069
RGI60-11.00186,134349,47.0683,13.238,0.31
RGI60-11.00187,,47.0847,12.7925,0.012
RGI60-11.00188,134350,47.0753,12.9426,0.463
RGI60-11.00189,134351,47.0898,12.3167,1.188
RGI60-11.00190,578,47.0851,12.3784,2.939
RGI60-11.00191,134352,47.1258,11.0637,0.083
RGI60-11.00192,134353,47.0926,12.4074,0.205
RGI60-11.00193,551,47.0724,12.6796,1.911
RGI60-11.00194,134355,47.0851,12.5903,0.136
RGI60-11.00195,134356,47.0752,12.9266,0.142
RGI60-11.00196,134357,47.1225,11.0887,0.119
RGI60-11.00197,134358,47.0878,12.2683,1.919
RGI60-11.00198,,47.1042,11.9549,0.015
RGI60-11.00199,134359,47.0822,12.4009,2.161
RGI60-11.00200,134360,47.0883,12.3025,1.08
RGI60-11.00201,134361,47.1029,11.9509,0.023
RGI60-11.00202,134362,47.0909,12.2897,0.228
RGI60-11.00203,134363,47.1219,11.0644,0.031
RGI60-11.00204,134364,47.1167,11.0732,0.518
RGI60-11.00205,134365,47.0934,12.1881,0.08
RGI60-11.00206,,47.1205,11.0634,0.018
RGI60-11.00207,134366,47.0897,12.281,0.062
RGI60-11.00208,134367,47.0711,12.9367,0.025
RGI60-11.00209,134368,47.1053,11.7343,0.042
RGI60-11.00210,134369,47.0875,12.2834,0.25
RGI60-11.00211,134370,47.0842,12.4759,0.036
RGI60-11.00212,134371,47.0793,12.5881,0.059
RGI60-11.00213,550,47.0716,12.7082,0.91
RGI60-11.00214,134373,47.0669,12.9433,0.079
RGI60-11.00215,134374,47.0972,11.9565,0.022
RGI60-11.00216,,47.0936,12.0791,0.012
RGI60-11.00217,134375,47.0777,12.5822,0.04
RGI60-11.00218,134376,47.0925,11.9592,0.239
RGI60-11.00219,,47.0884,12.2004,0.018
RGI60-11.00220,134377,47.0775,12.2764,1.262
RGI60-11.00221,134378,47.1102,11.0277,0.406
RGI60-11.00222,134379,47.089,12.1312,0.03
RGI60-11.00223,134380,47.0652,12.6932,0.892
RGI60-11.00224,134381,47.0879,12.0849,0.115
RGI60-11.00225,134382,47.1123,11.0642,0.073
RGI60-11.00226,134383,47.0615,12.9516,0.112
RGI60-11.00227,134384,47.0779,12.3115,0.535
RGI60-11.00228,,47.0627,12.9433,0.017
RGI60-11.00229,134385,47.1189,10.3663,0.176
RGI60-11.00230,134386,47.1109,11.0363,0.078
RGI60-11.00231,134387,47.0726,12.5819,0.18
RGI60-11.00232,134388,47.051,13.2504,0.018
RGI60-11.00233,134389,47.0778,12.2486,2.114
RGI60-11.00234,,47.081,12.3188,0.017
RGI60-11.00235,134390,47.1092,11.0558,0.075
RGI60-11.00236,134391,47.0807,12.324,0.022
RGI60-11.00237,134392,47.1078,11.0453,0.203
RGI60-11.00238,134393,47.0669,12.7186,0.028
RGI60-11.00239,134394,47.1171,10.3766,0.28
RGI60-11.00240,134395,47.0586,12.9555,0.021
RGI60-11.00241,,47.0668,12.7059,0.014
RGI60-11.00242,134396,47.0418,13.329,0.091
RGI60-11.00243,134397,47.0655,12.727,0.029
RGI60-11.00244,134398,47.0732,12.3923,0.29
RGI60-11.00245,134399,47.1047,11.0176,0.642
RGI60-11.00246,134400,47.0643,12.5872,0.503
RGI60-11.00247,134401,47.0636,12.7008,0.148
RGI60-11.00248,134402,47.0814,12.0932,0.317
RGI60-11.00249,134403,47.0563,12.9604,0.039
RGI60-11.00250,134404,47.063,12.6863,0.106
RGI60-11.00251,547,47.053,12.9472,0.796
RGI60-11.00252,134405,47.063,12.716,0.121
RGI60-11.00253,,47.0831,12.0849,0.013
RGI60-11.00254,134406,47.1039,11.0289,0.28
RGI60-11.00255,,47.0857,11.9608,0.011
RGI60-11.00256,134407,47.0832,12.0301,0.074
RGI60-11.00257,134408,47.0874,11.7086,0.471
RGI60-11.00258,134409,47.082,11.9652,0.292
RGI60-11.00259,,47.0777,12.231,0.019
RGI60-11.00260,134410,47.0628,12.7269,0.015
RGI60-11.00261,134411,47.0413,13.3333,0.02
RGI60-11.00262,,47.0797,12.133,0.019
RGI60-11.00263,134412,47.0729,12.2248,0.512
RGI60-11.00264,134413,47.0666,12.2671,1.64
RGI60-11.00265,134414,47.0654,12.5781,0.036
RGI60-11.00266,134415,47.1128,10.3689,0.015
RGI60-11.00267,134416,47.0502,12.9568,0.242
RGI60-11.00268,134417,47.0583,12.7315,0.283
RGI60-11.00269,134418,47.0374,13.3264,0.069
RGI60-11.00270,134419,47.0999,11.0627,0.083
RGI60-11.00270,26415,47.0999,11.0627,0.083
RGI60-11.00271,134420,47.062,12.5765,0.179
RGI60-11.00272,134421,47.1007,11.0705,0.026
RGI60-11.00273,134422,47.0996,11.0768,0.045
RGI60-11.00274,134423,47.0718,12.2354,0.069
RGI60-11.00275,,47.0781,12.0343,0.011
RGI60-11.00276,134424,47.0568,12.7429,0.041
RGI60-11.00277,134425,47.0478,13.0027,0.03
RGI60-11.00278,134426,47.0574,12.2454,4.254
RGI60-11.00279,134427,47.0784,11.9681,0.079
RGI60-11.00280,134428,47.0634,12.4043,0.144
RGI60-11.00281,134429,47.0464,12.9623,0.078
RGI60-11.00282,,47.034,13.3297,0.019
RGI60-11.00283,134430,47.0434,13.0181,0.15
RGI60-11.00284,134431,47.0677,12.2374,0.093
RGI60-11.00285,134432,47.0938,11.1183,0.176
RGI60-11.00286,134433,47.0659,12.2211,0.839
RGI60-11.00287,134434,47.0636,12.4104,0.026
RGI60-11.00288,134435,47.0936,11.0764,0.083
RGI60-11.00289,1305,47.0421,12.9702,0.635
RGI60-11.00290,134436,47.0323,13.2716,0.139
RGI60-11.00291,134437,47.0259,13.3143,1.566
RGI60-11.00292,,47.0728,12.0367,0.014
RGI60-11.00293,134438,47.0723,11.9744,0.108
RGI60-11.00294,134439,47.0801,11.6978,0.083
RGI60-11.00295,134440,47.0827,11.1193,3.25
RGI60-11.00296,134441,47.071,12.0393,0.039
RGI60-11.00297,134442,47.0407,13.0144,0.06
RGI60-11.00298,134443,47.0634,12.2095,0.141
RGI60-11.00299,,47.0404,13.0185,0.013
RGI60-11.00300,545,47.0385,13.0049,0.209
RGI60-11.00301,134444,47.0607,12.2303,0.469
RGI60-11.00302,134445,47.0706,11.9788,0.038
RGI60-11.00303,134446,47.0199,13.3338,2.331
RGI60-11.00304,134447,47.062,12.206,0.093
RGI60-11.00305,134448,47.0571,12.4115,0.192
RGI60-11.00306,134449,47.0348,13.0165,0.191
RGI60-11.00307,134450,47.0268,13.2792,0.033
RGI60-11.00308,134451,47.0647,12.0426,0.24
RGI60-11.00309,134452,47.0603,12.2612,0.05
RGI60-11.00310,134453,47.0373,12.9779,0.025
RGI60-11.00311,134454,47.0654,11.6636,3.69
RGI60-11.00312,134455,47.0635,11.9778,0.443
RGI60-11.00313,134456,47.0718,11.6831,0.229
RGI60-11.00314,134457,47.0583,12.2606,0.014
RGI60-11.00315,134458,47.0876,10.8816,0.044
RGI60-11.00316,134459,47.0518,12.417,0.108
RGI60-11.00317,134460,47.0572,12.2128,0.079
RGI60-11.00318,,47.0331,13.0113,0.013
RGI60-11.00319,134461,47.051,12.4099,0.052
RGI60-11.00320,134462,47.0309,13.0244,0.062
RGI60-11.00321,,47.0621,12.0383,0.014
RGI60-11.00322,134463,47.0537,12.2646,0.315
RGI60-11.00323,134464,47.0753,11.0941,0.631
RGI60-11.00324,134465,47.0299,13.0327,0.011
RGI60-11.00325,134466,47.0723,11.0745,1.721
RGI60-11.00326,134467,47.0162,13.3109,0.449
RGI60-11.00327,134468,47.0678,11.6802,0.03
RGI60-11.00328,134469,47.0584,11.9807,0.107
RGI60-11.00329,,47.0601,11.9722,0.013
RGI60-11.00330,134470,47.0922,10.1387,0.022
RGI60-11.00331,134471,47.0806,10.8875,0.123
RGI60-11.00332,134472,47.0767,11.0864,0.063
RGI60-11.00333,134473,47.0773,11.0658,0.019
RGI60-11.00334,,47.0572,11.9839,0.014
RGI60-11.00335,134474,47.0122,13.321,0.314
RGI60-11.00336,134475,47.0886,10.1503,0.061
RGI60-11.00337,134476,47.0762,11.0633,0.041
RGI60-11.00338,134477,47.0521,11.9867,0.64
RGI60-11.00339,134478,47.0881,10.1385,0.048
RGI60-11.00340,134479,47.0722,11.0592,0.214
RGI60-11.00341,134480,47.0453,12.2647,0.139
RGI60-11.00342,134481,47.0528,11.9743,0.225
RGI60-11.00343,134482,47.0679,11.1165,0.8
RGI60-11.00344,134483,47.086,10.1423,0.025
RGI60-11.00345,134484,47.0392,12.2662,0.799
RGI60-11.00346,134485,47.0859,10.1356,0.014
RGI60-11.00347,134486,47.0842,10.3046,0.014
RGI60-11.00348,134487,47.058,11.6507,0.36
RGI60-11.00349,,47.0704,11.1169,0.011
RGI60-11.00350,,47.0377,12.4707,0.019
RGI60-11.00351,134488,47.0844,10.1455,0.016
RGI60-11.00352,134489,47.0829,10.2418,0.021
RGI60-11.00353,134490,47.0543,11.6737,0.389
RGI60-11.00354,134491,47.0835,10.1379,0.037
RGI60-11.00355,134492,47.0421,12.2689,0.078
RGI60-11.00356,,47.08,10.3009,0.013
RGI60-11.00357,134493,47.0488,11.9059,0.211
RGI60-11.00358,134494,47.0473,11.9753,0.031
RGI60-11.00359,134495,47.0397,12.2039,0.143
RGI60-11.00360,134496,47.0601,11.1575,0.584
RGI60-11.00361,134497,47.047,11.9667,0.065
RGI60-11.00362,134498,47.052,11.6497,0.404
RGI60-11.00363,134499,47.0527,11.6624,0.016
RGI60-11.00364,134500,47.0595,11.1166,0.684
RGI60-11.00365,134501,47.0353,12.2558,0.052
RGI60-11.00366,134502,47.0498,11.66,0.112
RGI60-11.00367,134503,47.0347,12.2692,0.038
RGI60-11.00368,134504,47.0473,11.8049,0.026
RGI60-11.00369,134505,47.0466,11.8115,0.023
RGI60-11.00370,134506,47.0395,11.9183,0.62
RGI60-11.00371,134507,47.058,11.166,0.062
RGI60-11.00372,134508,47.0587,11.1728,0.049
RGI60-11.00373,134509,47.0334,12.1982,0.534
RGI60-11.00374,134510,47.0341,12.2115,0.071
RGI60-11.00375,134511,47.0561,11.1056,0.245
RGI60-11.00376,134512,47.0445,11.1271,3.179
RGI60-11.00377,134513,47.0461,11.6538,0.157
RGI60-11.00378,134514,47.0377,11.9467,0.085
RGI60-11.00379,134515,47.03,12.2096,0.422
RGI60-11.00380,134516,47.0538,11.1495,0.341
RGI60-11.00381,134517,47.0397,11.9071,0.011
RGI60-11.00382,134518,47.0341,11.9502,0.114
RGI60-11.00383,134519,47.0389,11.8489,0.024
RGI60-11.00384,134520,47.0289,12.1937,0.182
RGI60-11.00385,134521,47.0351,11.9401,0.119
RGI60-11.00386,134522,47.0226,12.2133,0.817
RGI60-11.00387,134523,47.0532,11.1584,0.039
RGI60-11.00388,134524,47.0282,12.2009,0.038
RGI60-11.00389,,47.0356,11.9288,0.013
RGI60-11.00390,134525,47.0503,11.1461,0.155
RGI60-11.00391,134526,47.0307,11.9011,0.526
RGI60-11.00392,134527,47.0458,11.1096,1.397
RGI60-11.00393,134528,47.0487,11.2929,0.046
RGI60-11.00394,134529,47.0467,11.2862,0.137
RGI60-11.00395,134530,47.0505,11.1614,0.123
RGI60-11.00396,134531,47.0323,11.9236,0.308
RGI60-11.00397,134532,47.027,12.1875,0.029
RGI60-11.00398,134533,47.0342,11.8558,0.175
RGI60-11.00399,134534,47.0229,11.878,3.029
RGI60-11.00400,134535,47.0636,10.2454,0.012
RGI60-11.00401,,47.0258,12.1526,0.015
RGI60-11.00402,134536,47.0611,10.2234,0.084
RGI60-11.00403,134537,47.0662,9.684,0.025
RGI60-11.00404,134538,47.0233,12.1591,0.117
RGI60-11.00405,,47.0302,11.9162,0.019
RGI60-11.00406,134539,47.0204,12.2008,0.23
RGI60-11.00407,134540,47.0234,12.1681,0.04
RGI60-11.00408,134541,47.0592,9.69511,1.173
RGI60-11.00409,,47.0289,11.9506,0.015
RGI60-11.00410,,47.0437,11.2918,0.017
RGI60-11.00411,134542,47.0431,11.1463,0.611
RGI60-11.00412,134543,47.0211,12.1699,0.038
RGI60-11.00413,,47.0274,11.9154,0.024
RGI60-11.00414,134544,47.0472,10.9109,0.203
RGI60-11.00415,588,47.0152,11.8574,3.584
RGI60-11.00416,134545,47.0262,11.9118,0.17
RGI60-11.00417,134546,46.9994,12.8035,0.044
RGI60-11.00418,,47.033,11.6418,0.013
RGI60-11.00419,26414,47.046,10.7946,0.083
RGI60-11.00419,134547,47.046,10.7946,0.083
RGI60-11.00420,134548,47.0531,10.2811,0.237
RGI60-11.00421,134549,47.0184,12.1664,0.022
RGI60-11.00422,134550,47.0163,12.2123,0.081
RGI60-11.00423,134551,47.0199,11.9029,0.658
RGI60-11.00424,134552,46.9999,12.7277,0.022
RGI60-11.00425,134553,47.0534,10.2267,0.064
RGI60-11.00426,,47.0153,12.2028,0.012
RGI60-11.00427,134554,47.0571,9.71597,0.04
RGI60-11.00428,134555,47.0389,11.1432,0.022
RGI60-11.00429,,47.0132,12.2228,0.015
RGI60-11.00430,134556,47.0427,10.8051,0.061
RGI60-11.00431,134557,47.0501,10.2339,0.079
RGI60-11.00432,134558,47.0376,11.1498,0.029
RGI60-11.00433,134559,47.0175,11.8812,0.048
RGI60-11.00434,134560,47.0182,11.637,1.348
RGI60-11.00435,134561,47.0226,11.6449,0.109
RGI60-11.00436,134562,47.0098,12.2252,0.042
RGI60-11.00437,134563,47.0387,10.7987,0.091
RGI60-11.00438,134564,47.046,10.2268,0.082
RGI60-11.00439,134565,47.0383,10.8146,0.028
RGI60-11.00440,134566,47.0445,10.2315,0.165
RGI60-11.00441,134567,47.0362,10.8247,0.104
RGI60-11.00442,134568,47.0129,11.8887,0.272
RGI60-11.00443,134569,47.0445,10.2426,0.029
RGI60-11.00444,134570,47.0367,10.8177,0.065
RGI60-11.00445,134571,47.0173,11.7601,0.024
RGI60-11.00446,134572,47.0357,10.793,0.057
RGI60-11.00447,,47.0176,11.7569,0.013
RGI60-11.00448,,47.0143,11.8958,0.013
RGI60-11.00449,134573,47.0284,11.1243,0.19
RGI60-11.00450,134574,47.0276,11.1117,0.592
RGI60-11.00451,134575,47.0332,10.7894,0.043
RGI60-11.00452,134576,47.0118,11.8372,0.034
RGI60-11.00453,134577,47.0125,11.7685,0.06
RGI60-11.00454,134578,47.0124,11.7752,0.183
RGI60-11.00455,,47.0331,10.8109,0.014
RGI60-11.00456,134579,47.0285,11.0356,0.05
RGI60-11.00457,134580,47.0229,11.1012,0.467
RGI60-11.00458,134581,47.0064,11.8632,0.311
RGI60-11.00459,589,46.9981,11.8176,2.35
RGI60-11.00460,134582,47.0095,11.8783,0.06
RGI60-11.00461,134583,47.0308,10.8197,0.046
RGI60-11.00462,134584,47.0386,10.2302,0.011
RGI60-11.00463,134585,47.0271,10.8119,0.489
RGI60-11.00464,134586,47.015,11.63,0.014
RGI60-11.00465,134587,46.9818,12.7406,0.052
RGI60-11.00466,134588,47.0294,10.8151,0.056
RGI60-11.00467,,47.0293,10.8232,0.015
RGI60-11.00468,134589,47.0278,10.8272,0.208
RGI60-11.00469,590,46.9997,11.7914,2.944
RGI60-11.00470,134590,47.0224,11.0408,0.059
RGI60-11.00471,134591,47.0026,11.8372,0.494
RGI60-11.00472,134592,47.0244,10.8234,0.091
RGI60-11.00473,,47.0316,10.2291,0.013
RGI60-11.00474,134593,46.9729,12.7771,0.24
RGI60-11.00475,134594,47.0192,10.9247,0.272
RGI60-11.00476,134595,46.9912,11.7698,1.836
RGI60-11.00477,134596,46.9734,12.7411,0.033
RGI60-11.00478,134597,47.015,11.0536,0.118
RGI60-11.00479,134598,47.0007,11.7126,0.034
RGI60-11.00480,134599,47.0145,10.9139,0.356
RGI60-11.00481,134600,47.0249,10.2268,0.14
RGI60-11.00482,134601,46.997,11.838,0.026
RGI60-11.00483,134602,46.9718,12.7372,0.013
RGI60-11.00484,134603,47.0218,10.1812,0.278
RGI60-11.00485,134604,46.9965,11.8446,0.016
RGI60-11.00486,134605,46.9693,12.744,0.053
RGI60-11.00487,134606,46.9982,11.0795,3.645
RGI60-11.00488,134607,47.0095,11.0628,0.282
RGI60-11.00489,,47.0265,9.8072,0.027
RGI60-11.00490,134608,46.9668,12.7661,0.084
RGI60-11.00491,134609,47.0073,11.094,0.139
RGI60-11.00492,134610,46.9933,11.8411,0.066
RGI60-11.00493,134611,47.009,11.0982,0.025
RGI60-11.00494,,47.009,11.0899,0.014
RGI60-11.00495,134612,46.992,11.8335,0.031
RGI60-11.00496,134613,47.0082,10.9039,0.283
RGI60-11.00497,134614,47.008,10.9171,0.549
RGI60-11.00498,134615,47.0052,11.1041,0.201
RGI60-11.00499,134616,47.0105,10.8148,0.124
RGI60-11.00500,134617,47.0091,10.8002,0.146
RGI60-11.00501,134618,47.0043,11.056,0.262
RGI60-11.00502,134619,46.9856,11.8001,1.384
RGI60-11.00503,134620,47.0051,11.0653,0.089
RGI60-11.00504,134621,46.9873,11.8149,0.411
RGI60-11.00505,134622,47.0133,10.1827,0.602
RGI60-11.00506,,47.0175,10.2226,0.014
RGI60-11.00507,134623,46.9632,12.7217,0.036
RGI60-11.00508,134624,46.988,11.7837,0.144
RGI60-11.00509,134625,47.0064,10.8117,0.14
RGI60-11.00510,134626,47.006,10.803,0.097
RGI60-11.00511,134627,46.9838,11.7767,0.589
RGI60-11.00512,,47.0047,10.9219,0.012
RGI60-11.00513,134628,46.9849,11.7241,0.193
RGI60-11.00514,134629,47.0019,10.9187,0.502
RGI60-11.00515,134630,46.9733,12.2417,0.038
RGI60-11.00516,,46.9575,12.7602,0.013
RGI60-11.00517,134631,47.0027,10.9067,0.016
RGI60-11.00518,134632,46.9877,11.1052,2.131
RGI60-11.00519,134633,46.9841,11.7842,0.013
RGI60-11.00520,134634,46.9812,11.7189,0.236
RGI60-11.00521,134635,47.0018,10.8141,0.249
RGI60-11.00522,134636,46.9553,12.7613,0.025
RGI60-11.00523,134637,46.9991,10.7977,0.113
RGI60-11.00524,586,46.9774,11.7447,2.683
RGI60-11.00525,134639,47.002,10.7899,0.014
RGI60-11.00526,134640,47.0064,10.1854,0.331
RGI60-11.00527,134641,46.9981,10.9269,0.042
RGI60-11.00528,134642,46.978,11.714,0.197
RGI60-11.00529,134643,47.0,10.8197,0.047
RGI60-11.00530,134644,46.9887,11.2901,0.046
RGI60-11.00531,134645,46.9956,10.7897,0.298
RGI60-11.00532,134646,46.979,11.717,0.014
RGI60-11.00533,134647,46.948,12.6976,0.194
RGI60-11.00534,134648,46.9499,12.7039,0.093
RGI60-11.00535,134649,46.9859,11.0688,1.034
RGI60-11.00536,134650,47.0085,9.02134,0.145
RGI60-11.00537,134651,46.9459,12.7956,0.071
RGI60-11.00538,134652,46.9722,11.7139,1.052
RGI60-11.00539,418,47.0032,8.99194,1.446
RGI60-11.00540,134653,46.9936,10.7987,0.11
RGI60-11.00541,600,46.974,11.1528,2.534
RGI60-11.00542,134654,46.9849,11.2801,0.035
RGI60-11.00543,134655,46.9755,11.7026,0.053
RGI60-11.00544,134656,46.9947,10.7817,0.012
RGI60-11.00545,134657,46.9827,11.2643,0.21
RGI60-11.00546,599,46.9774,11.1906,1.608
RGI60-11.00547,134658,47.0076,9.02603,0.029
RGI60-11.00548,134659,46.9782,11.1339,1.356
RGI60-11.00549,134660,46.9446,12.787,0.041
RGI60-11.00550,134661,46.9804,11.2529,0.383
RGI60-11.00551,134662,46.958,12.147,1.118
RGI60-11.00552,134663,47.0061,9.0097,0.033
RGI60-11.00553,134664,46.9838,11.241,0.093
RGI60-11.00554,134665,46.9732,11.1701,1.569
RGI60-11.00555,134666,46.9466,12.7022,0.018
RGI60-11.00556,,46.9872,11.079,0.015
RGI60-11.00557,134667,46.9844,11.0911,0.273
RGI60-11.00558,134668,47.0002,9.0062,0.563
RGI60-11.00559,134669,46.9828,11.2354,0.017
RGI60-11.00560,134670,46.9606,12.1546,0.026
RGI60-11.00561,134671,46.9883,10.7902,0.166
RGI60-11.00562,134672,46.9641,11.7307,1.689
RGI60-11.00563,134673,46.984,11.0837,0.033
RGI60-11.00564,134674,46.969,11.7525,0.106
RGI60-11.00565,134675,46.9789,11.2457,0.088
RGI60-11.00566,134676,46.9698,11.7253,0.057
RGI60-11.00567,134677,46.9875,10.7964,0.206
RGI60-11.00568,134678,46.9865,10.9005,0.017
RGI60-11.00569,134679,46.9792,11.1731,0.09
RGI60-11.00570,134680,46.9799,11.2368,0.04
RGI60-11.00571,134681,46.9801,11.2414,0.011
RGI60-11.00572,134682,46.9824,11.0802,0.029
RGI60-11.00573,134683,46.9882,10.7003,0.023
RGI60-11.00574,134684,46.983,10.8067,0.586
RGI60-11.00575,134685,46.9787,11.2605,0.022
RGI60-11.00576,134686,46.9837,10.9117,0.028
RGI60-11.00577,134687,46.974,11.2286,0.525
RGI60-11.00578,134688,46.9759,11.2432,0.259
RGI60-11.00579,134689,46.9756,11.264,0.118
RGI60-11.00580,134690,46.9775,11.2023,0.034
RGI60-11.00581,134691,46.979,11.1012,0.04
RGI60-11.00582,134692,46.9805,10.9062,0.093
RGI60-11.00583,134693,46.9644,11.7457,0.023
RGI60-11.00584,134694,46.9762,11.1036,0.243
RGI60-11.00585,134695,46.9956,8.99098,0.2
RGI60-11.00586,134696,46.9523,12.1622,0.04
RGI60-11.00587,134697,46.9719,11.2015,0.437
RGI60-11.00588,134698,46.9734,11.1127,0.417
RGI60-11.00589,134699,46.9723,11.2407,0.083
RGI60-11.00590,134700,46.9675,11.2537,1.255
RGI60-11.00591,134701,46.96,11.7403,0.146
RGI60-11.00592,134702,46.9742,11.1218,0.036
RGI60-11.00593,10459,46.9757,10.8088,1.053
RGI60-11.00594,134703,46.9725,11.1421,0.032
RGI60-11.00595,134704,46.9797,10.6874,0.034
RGI60-11.00596,134705,46.9922,9.00204,0.064
RGI60-11.00597,672,46.9514,11.1832,6.331
RGI60-11.00598,134706,46.9898,8.99409,0.14
RGI60-11.00599,134707,46.971,11.1061,0.045
RGI60-11.00600,,46.99,8.98449,0.013
RGI60-11.00601,134708,46.9728,10.7928,0.315
RGI60-11.00602,,46.9742,10.9056,0.015
RGI60-11.00603,675,46.9656,11.2247,0.841
RGI60-11.00604,134709,46.9652,11.1375,0.713
RGI60-11.00605,134710,46.9677,11.1955,0.027
RGI60-11.00606,134711,46.9571,11.7273,0.014
RGI60-11.00607,134712,46.945,12.1646,0.058
RGI60-11.00608,134713,46.9397,12.1756,0.255
RGI60-11.00609,134714,46.9664,11.2074,0.038
RGI60-11.00610,134715,46.9718,10.9026,0.02
RGI60-11.00611,,46.9868,8.99081,0.014
RGI60-11.00612,134716,46.9725,10.7861,0.028
RGI60-11.00613,134717,46.9654,11.2025,0.014
RGI60-11.00614,134718,46.9423,12.1614,0.062
RGI60-11.00615,134719,46.9708,10.8025,0.304
RGI60-11.00616,134720,46.9862,8.97678,0.024
RGI60-11.00617,134721,46.9535,11.7212,0.012
RGI60-11.00618,134722,46.9628,11.1955,0.11
RGI60-11.00619,134723,46.9566,11.1528,1.332
RGI60-11.00620,134724,46.9406,12.1637,0.022
RGI60-11.00621,4811,46.983,8.98462,0.092
RGI60-11.00622,134725,46.938,12.1661,0.03
RGI60-11.00623,134726,46.9665,10.7985,0.173
RGI60-11.00624,,46.959,11.1617,0.022
RGI60-11.00625,134727,46.9336,12.1631,0.122
RGI60-11.00626,134728,46.9554,11.1615,0.062
RGI60-11.00627,134729,46.9244,12.1535,0.437
RGI60-11.00628,134730,46.9241,12.1456,0.659
RGI60-11.00629,134731,46.9562,10.8003,0.106
RGI60-11.00630,134732,46.959,10.6879,0.028
RGI60-11.00631,134733,46.9493,11.1609,0.058
RGI60-11.00632,134734,46.9539,10.7892,0.392
RGI60-11.00633,134735,46.9656,8.94756,0.113
RGI60-11.00634,134736,46.9407,11.2067,0.449
RGI60-11.00635,134737,46.947,10.9237,0.161
RGI60-11.00636,134738,46.9433,11.1632,0.055
RGI60-11.00637,134739,46.917,12.1354,0.434
RGI60-11.00638,134740,46.9603,9.38896,0.082
RGI60-11.00639,134741,46.9411,11.159,0.063
RGI60-11.00640,,46.9539,10.2497,0.015
RGI60-11.00641,134742,46.9385,11.2136,0.024
RGI60-11.00642,134743,46.9419,10.955,0.098
RGI60-11.00643,134744,46.9425,10.7909,0.333
RGI60-11.00644,134745,46.9157,12.1434,0.025
RGI60-11.00645,134746,46.9414,10.9207,0.041
RGI60-11.00646,134747,46.912,12.1485,0.124
RGI60-11.00647,645,46.9069,12.0965,1.801
RGI60-11.00648,134748,46.9326,10.9316,1.64
RGI60-11.00649,134749,46.9443,10.6943,0.011
RGI60-11.00650,134750,46.9375,11.0848,0.022
RGI60-11.00651,134751,46.9134,12.143,0.013
RGI60-11.00652,134752,46.9328,11.1223,0.354
RGI60-11.00653,134753,46.931,11.2031,0.26
RGI60-11.00654,134754,46.9407,10.6823,0.076
RGI60-11.00655,134755,46.933,11.1944,0.094
RGI60-11.00656,134756,46.9098,12.0807,0.184
RGI60-11.00657,134757,46.9127,12.0858,0.031
RGI60-11.00658,134758,46.9091,12.1287,0.142
RGI60-11.00659,134759,46.9045,12.1201,0.551
RGI60-11.00660,134760,46.9102,12.0844,0.031
RGI60-11.00661,134761,46.9309,11.11,0.117
RGI60-11.00662,134762,46.9305,11.1349,0.103
RGI60-11.00663,134763,46.9284,10.9162,1.266
RGI60-11.00664,134764,46.9061,12.1382,0.024
RGI60-11.00665,134765,46.9335,10.7949,0.118
RGI60-11.00666,134766,46.9058,10.9036,9.331
RGI60-11.00667,134767,46.9282,11.1256,0.017
RGI60-11.00668,134768,46.9304,10.8881,0.017
RGI60-11.00669,134769,46.9289,10.7936,0.059
RGI60-11.00670,134770,46.9209,10.8648,1.369
RGI60-11.00671,134771,46.927,10.7839,0.043
RGI60-11.00672,134772,46.8996,12.0824,0.032
RGI60-11.00673,134773,46.9221,10.791,0.459
RGI60-11.00674,134774,46.9185,10.9269,0.945
RGI60-11.00675,134775,46.9226,10.928,0.015
RGI60-11.00676,134776,46.9228,10.783,0.069
RGI60-11.00677,134777,46.9179,10.7804,0.329
RGI60-11.00678,134778,46.9327,8.94371,0.056
RGI60-11.00679,134779,46.9163,10.7897,0.189
RGI60-11.00680,134780,46.8887,12.0622,0.161
RGI60-11.00681,,46.9152,10.8668,0.012
RGI60-11.00682,134781,46.8874,12.074,0.12
RGI60-11.00683,134782,46.9136,10.8541,0.013
RGI60-11.00684,134783,46.9097,10.7805,0.34
RGI60-11.00685,4787,46.924,9.25816,0.286
RGI60-11.00686,,46.9099,10.8882,0.016
RGI60-11.00687,134784,46.8956,10.8546,5.361
RGI60-11.00688,134785,46.921,9.24853,0.028
RGI60-11.00689,407,46.9171,9.25535,0.553
RGI60-11.00690,,46.901,10.9118,0.013
RGI60-11.00691,134786,46.9035,10.2192,1.12
RGI60-11.00692,134787,46.9029,10.6803,0.056
RGI60-11.00693,134788,46.9034,10.6895,0.029
RGI60-11.00694,134789,46.9012,10.6705,0.157
RGI60-11.00695,134790,46.9105,9.24825,0.666
RGI60-11.00696,,46.9033,10.6833,0.011
RGI60-11.00697,134791,46.8924,10.8186,1.115
RGI60-11.00698,134792,46.89,10.7988,1.738
RGI60-11.00699,134793,46.8976,10.8459,0.069
RGI60-11.00700,134794,46.9066,10.2048,0.014
RGI60-11.00701,134795,46.8933,10.8376,0.534
RGI60-11.00702,134796,46.8945,10.9122,0.207
RGI60-11.00703,134797,46.8956,10.8736,0.03
RGI60-11.00704,134798,46.9115,9.25749,0.016
RGI60-11.00705,134799,46.9028,10.1548,0.16
RGI60-11.00706,134800,46.8943,10.8263,0.071
RGI60-11.00707,,46.9095,9.25601,0.011
RGI60-11.00708,134801,46.8921,10.7848,0.28
RGI60-11.00709,134802,46.8966,10.6714,0.017
RGI60-11.00710,134803,46.8995,10.2029,0.258
RGI60-11.00711,134804,46.8941,10.7765,0.058
RGI60-11.00712,134805,46.8928,10.7711,0.138
RGI60-11.00713,134806,46.9003,10.1495,0.147
RGI60-11.00714,,46.894,10.7921,0.012
RGI60-11.00715,134807,46.894,10.6599,0.054
RGI60-11.00716,134808,46.8934,10.6703,0.115
RGI60-11.00717,,46.893,10.7894,0.011
RGI60-11.00718,134809,46.8874,10.8956,0.163
RGI60-11.00719,489,46.8762,10.818,8.559
RGI60-11.00720,518,46.8837,10.8784,1.112
RGI60-11.00721,134811,46.8986,10.0262,0.094
RGI60-11.00722,134812,46.8829,11.0884,0.089
RGI60-11.00723,5868,46.896,10.2326,0.093
RGI60-11.00724,,46.8872,10.9065,0.014
RGI60-11.00725,134813,46.8884,10.7742,0.084
RGI60-11.00726,134814,46.8838,10.9908,0.257
RGI60-11.00727,134815,46.8932,10.2189,0.288
RGI60-11.00728,134816,46.8956,10.1452,0.032
RGI60-11.00729,134817,46.8842,10.8875,0.032
RGI60-11.00730,607,46.8915,10.0358,0.373
RGI60-11.00731,487,46.8798,10.8554,0.428
RGI60-11.00732,134820,46.8815,10.7844,0.465
RGI60-11.00733,134821,46.8916,10.2349,0.06
RGI60-11.00734,4638,46.8912,10.0247,0.328
RGI60-11.00735,134822,46.8915,10.0508,0.161
RGI60-11.00736,134823,46.8896,10.1484,0.181
RGI60-11.00737,134824,46.8817,10.8608,0.023
RGI60-11.00738,,46.8898,10.2362,0.011
RGI60-11.00739,134825,46.8717,10.9748,0.407
RGI60-11.00740,134826,46.8896,10.2244,0.017
RGI60-11.00741,,46.8873,10.2336,0.02
RGI60-11.00742,134827,46.8868,10.1552,0.049
RGI60-11.00743,134828,46.886,10.0422,0.055
RGI60-11.00744,134829,46.8816,10.2297,0.279
RGI60-11.00745,134830,46.8705,10.9671,0.363
RGI60-11.00746,522,46.8489,10.757,16.624
RGI60-11.00747,134831,46.8722,10.983,0.011
RGI60-11.00748,134832,46.8827,10.1481,0.05
RGI60-11.00749,134833,46.8701,10.986,0.168
RGI60-11.00750,134834,46.8797,10.0492,0.163
RGI60-11.00751,134835,46.8795,10.1415,0.175
RGI60-11.00752,413,46.8792,9.16752,1.439
RGI60-11.00753,134836,46.8693,10.8488,0.113
RGI60-11.00754,134837,46.8767,10.1347,0.244
RGI60-11.00755,134838,46.8755,10.1478,0.543
RGI60-11.00756,134839,46.8724,10.6741,0.049
RGI60-11.00757,,46.8671,10.9697,0.014
RGI60-11.00758,134840,46.8781,10.0816,0.075
RGI60-11.00759,134841,46.8764,10.2258,0.03
RGI60-11.00760,134842,46.8756,10.2345,0.04
RGI60-11.00761,4791,46.8816,9.07234,0.093
RGI60-11.00762,134843,46.8646,10.967,0.121
RGI60-11.00763,,46.876,10.1546,0.014
RGI60-11.00764,134844,46.8726,10.0873,0.413
RGI60-11.00765,134845,46.8742,10.2404,0.036
RGI60-11.00766,134846,46.8585,10.9779,0.564
RGI60-11.00767,134847,46.8705,10.1976,0.308
RGI60-11.00768,134848,46.8662,10.6954,0.04
RGI60-11.00769,134849,46.8717,10.1891,0.095
RGI60-11.00770,134850,46.8548,10.7127,2.485
RGI60-11.00771,4792,46.8786,9.07763,0.027
RGI60-11.00772,,46.8776,9.08109,0.021
RGI60-11.00773,134851,46.8704,10.1335,0.336
RGI60-11.00774,134852,46.8683,10.0774,0.47
RGI60-11.00775,4790,46.874,9.14807,0.128
RGI60-11.00776,134853,46.8682,10.145,0.24
RGI60-11.00777,4780,46.8709,9.07298,0.581
RGI60-11.00778,134854,46.8651,10.1845,0.421
RGI60-11.00779,490,46.8542,10.8009,1.375
RGI60-11.00780,,46.874,9.15276,0.018
RGI60-11.00781,480,46.8577,10.1603,3.821
RGI60-11.00782,134855,46.853,10.964,1.078
RGI60-11.00783,134856,46.8602,10.6981,0.022
RGI60-11.00784,134857,46.8637,10.0936,0.498
RGI60-11.00785,134858,46.8624,10.2555,0.226
RGI60-11.00786,134859,46.8647,10.198,0.153
RGI60-11.00787,507,46.8424,10.7907,3.965
RGI60-11.00788,134860,46.8643,10.1757,0.035
RGI60-11.00789,134861,46.8668,9.0586,0.313
RGI60-11.00790,5865,46.864,10.2064,0.104
RGI60-11.00791,134862,46.8634,10.0773,0.395
RGI60-11.00792,134863,46.8645,10.1375,0.05
RGI60-11.00793,5864,46.8584,10.1904,0.655
RGI60-11.00794,4782,46.8692,9.14891,0.034
RGI60-11.00795,134864,46.8635,10.0631,0.054
RGI60-11.00796,4941,46.865,8.53898,0.274
RGI60-11.00797,483,46.8515,10.1054,2.354
RGI60-11.00798,,46.8672,9.14833,0.011
RGI60-11.00799,134865,46.8611,10.1429,0.025
RGI60-11.00800,4803,46.8635,8.91744,0.351
RGI60-11.00801,134866,46.8496,10.9792,0.025
RGI60-11.00802,134867,46.8484,10.9575,0.054
RGI60-11.00803,4778,46.8591,9.05097,0.541
RGI60-11.00804,408,46.8524,10.0766,2.88
RGI60-11.00805,134868,46.8438,11.069,0.101
RGI60-11.00806,134869,46.8431,10.9669,0.294
RGI60-11.00807,482,46.8529,10.1309,1.677
RGI60-11.00808,134870,46.8468,10.9726,0.027
RGI60-11.00809,5863,46.8518,10.1793,0.385
RGI60-11.00810,134871,46.8606,8.47074,0.024
RGI60-11.00811,134872,46.8399,11.0753,0.319
RGI60-11.00812,134873,46.8417,11.0653,0.044
RGI60-11.00813,134874,46.8592,8.54017,0.141
RGI60-11.00814,134875,46.8465,10.7998,0.063
RGI60-11.00815,134876,46.8477,10.6979,0.019
RGI60-11.00816,134877,46.8583,8.47102,0.026
RGI60-11.00817,4620,46.8541,8.90822,0.661
RGI60-11.00818,134878,46.8533,10.1912,0.019
RGI60-11.00819,4618,46.8547,8.9174,0.453
RGI60-11.00820,134879,46.844,10.7082,0.255
RGI60-11.00821,4940,46.8561,8.54923,0.158
RGI60-11.00822,134880,46.8417,10.8092,0.531
RGI60-11.00823,134881,46.8566,8.50237,0.029
RGI60-11.00824,4805,46.8555,8.89735,0.197
RGI60-11.00825,134882,46.8582,8.92032,0.019
RGI60-11.00826,4809,46.8519,8.86456,1.047
RGI60-11.00827,4944,46.8546,8.49132,0.07
RGI60-11.00828,4943,46.8507,8.5068,0.745
RGI60-11.00829,5860,46.8483,10.1495,0.253
RGI60-11.00830,4942,46.848,8.53136,2.21
RGI60-11.00831,134883,46.8394,10.8228,0.071
RGI60-11.00832,134884,46.8329,11.0835,0.295
RGI60-11.00833,402,46.8393,10.0931,2.047
RGI60-11.00834,134885,46.8341,10.956,0.811
RGI60-11.00835,4806,46.852,8.89183,0.257
RGI60-11.00836,134886,46.8264,11.0698,1.026
RGI60-11.00837,134887,46.8519,8.51584,0.027
RGI60-11.00838,5861,46.8469,10.1251,0.051
RGI60-11.00839,134888,46.8345,10.9445,0.095
RGI60-11.00840,134889,46.8311,11.0747,0.271
RGI60-11.00841,134890,46.8286,11.0914,0.651
RGI60-11.00842,134891,46.8461,10.1343,0.06
RGI60-11.00843,4617,46.8442,8.89117,2.404
RGI60-11.00844,134892,46.8291,10.875,0.952
RGI60-11.00845,134893,46.8386,10.7097,0.026
RGI60-11.00846,134894,46.8247,10.7512,7.816
RGI60-11.00847,134895,46.8493,8.88357,0.177
RGI60-11.00848,409,46.8414,10.0705,0.822
RGI60-11.00849,,46.8494,8.54918,0.011
RGI60-11.00850,4639,46.8432,10.0801,0.152
RGI60-11.00851,134896,46.8488,9.05566,0.05
RGI60-11.00852,423,46.8423,8.4955,0.97
RGI60-11.00853,134897,46.8283,11.0731,0.112
RGI60-11.00854,134898,46.8467,8.88185,0.048
RGI60-11.00855,134899,46.8241,11.0276,0.363
RGI60-11.00856,,46.8463,8.86801,0.014
RGI60-11.00857,4808,46.8436,8.85397,0.394
RGI60-11.00858,134900,46.8451,9.041,0.065
RGI60-11.00859,134901,46.8258,11.0228,0.094
RGI60-11.00860,134902,46.8288,10.7835,0.522
RGI60-11.00861,4807,46.8434,8.87185,0.069
RGI60-11.00862,134903,46.8255,10.9527,0.415
RGI60-11.00863,,46.8435,8.86788,0.014
RGI60-11.00864,134904,46.8236,11.0975,0.032
RGI60-11.00865,134905,46.8417,8.83673,0.122
RGI60-11.00866,,46.8383,10.0168,0.014
RGI60-11.00867,4795,46.8415,8.98325,0.132
RGI60-11.00868,5858,46.8332,10.1051,0.441
RGI60-11.00869,4640,46.8363,10.0428,0.071
RGI60-11.00870,4642,46.8347,10.063,0.363
RGI60-11.00871,134906,46.8138,11.0473,2.574
RGI60-11.00872,426,46.8211,8.85543,12.151
RGI60-11.00873,,46.8252,10.9471,0.011
RGI60-11.00874,4641,46.8367,10.01,0.023
RGI60-11.00875,134907,46.8214,11.0647,0.181
RGI60-11.00876,134908,46.8225,11.018,0.077
RGI60-11.00877,134909,46.8218,11.0323,0.075
RGI60-11.00878,4619,46.8333,8.88758,1.742
RGI60-11.00879,,46.8403,8.99329,0.015
RGI60-11.00880,5856,46.8304,10.0774,0.515
RGI60-11.00881,134910,46.837,8.82626,0.221
RGI60-11.00882,134911,46.8389,8.98324,0.017
RGI60-11.00883,134912,46.8191,11.083,0.03
RGI60-11.00884,4605,46.8333,8.81494,0.363
RGI60-11.00885,134913,46.8193,10.7688,0.867
RGI60-11.00886,134914,46.8104,10.9455,2.398
RGI60-11.00887,511,46.7845,10.9827,8.938
RGI60-11.00888,134915,46.8198,10.8712,0.23
RGI60-11.00889,,46.8318,10.061,0.012
RGI60-11.00890,134916,46.817,10.9589,0.265
RGI60-11.00891,,46.8365,8.97903,0.013
RGI60-11.00892,420,46.833,8.98871,0.423
RGI60-11.00893,134917,46.8131,11.029,0.662
RGI60-11.00894,4606,46.8317,8.83505,0.573
RGI60-11.00895,134918,46.8155,10.8624,0.314
RGI60-11.00896,134919,46.8299,8.82889,0.039
RGI60-11.00897,491,46.8003,10.7584,8.036
RGI60-11.00898,134920,46.8148,10.9218,0.094
RGI60-11.00899,4817,46.8274,8.80623,0.271
RGI60-11.00900,134921,46.8288,8.81979,0.032
RGI60-11.00901,134922,46.8286,8.98508,0.023
RGI60-11.00902,134923,46.8123,10.9253,0.061
RGI60-11.00903,134924,46.8061,10.7132,1.41
RGI60-11.00904,134925,46.8096,10.854,0.452
RGI60-11.00905,134926,46.8065,10.9631,0.532
RGI60-11.00906,4826,46.8223,8.81057,0.903
RGI60-11.00907,4827,46.8222,8.82555,0.307
RGI60-11.00908,134927,46.8259,8.89215,0.032
RGI60-11.00909,134928,46.8053,11.05,0.321
RGI60-11.00910,,46.8252,8.55557,0.015
RGI60-11.00911,134929,46.8252,8.92864,0.066
RGI60-11.00912,134930,46.8067,11.0323,0.293
RGI60-11.00913,4818,46.8243,8.79661,0.055
RGI60-11.00914,,46.823,8.55115,0.039
RGI60-11.00915,134931,46.823,8.98278,0.023
RGI60-11.00916,134932,46.8224,8.88551,0.015
RGI60-11.00917,134933,46.8022,11.0339,0.561
RGI60-11.00918,421,46.8133,8.97739,2.016
RGI60-11.00919,134934,46.8027,10.8472,0.674
RGI60-11.00920,134935,46.8211,8.91431,0.027
RGI60-11.00921,,46.8199,8.92716,0.016
RGI60-11.00922,134936,46.8156,10.0369,0.019
RGI60-11.00923,4802,46.8169,8.88401,0.681
RGI60-11.00924,4825,46.8122,8.78729,1.035
RGI60-11.00925,134937,46.8014,10.699,0.626
RGI60-11.00926,4799,46.8179,8.93572,0.19
RGI60-11.00927,134938,46.8037,10.7922,0.109
RGI60-11.00928,134939,46.7993,10.9654,0.396
RGI60-11.00929,510,46.7817,11.0191,2.379
RGI60-11.00930,4804,46.8163,8.91227,0.126
RGI60-11.00931,4797,46.8142,8.92283,0.428
RGI60-11.00932,422,46.8058,8.93019,2.429
RGI60-11.00933,134940,46.8155,8.90379,0.105
RGI60-11.00934,4643,46.8133,10.0465,0.012
RGI60-11.00935,134941,46.8002,10.9542,0.099
RGI60-11.00936,5854,46.8105,10.0616,0.241
RGI60-11.00937,134942,46.8001,10.7858,0.408
RGI60-11.00938,134943,46.7975,11.0339,0.216
RGI60-11.00939,134944,46.8146,8.91813,0.044
RGI60-11.00940,134945,46.797,10.6876,0.545
RGI60-11.00941,134946,46.8142,8.90788,0.159
RGI60-11.00942,,46.8104,10.0434,0.014
RGI60-11.00943,134947,46.7902,10.8341,3.176
RGI60-11.00944,134948,46.7964,10.9536,0.417
RGI60-11.00945,134949,46.7824,10.9446,7.148
RGI60-11.00946,4798,46.813,8.93539,0.058
RGI60-11.00947,,46.7976,10.8551,0.015
RGI60-11.00948,134950,46.794,11.0302,0.063
RGI60-11.00949,4821,46.8121,8.7511,0.064
RGI60-11.00950,134951,46.7859,10.7242,2.383
RGI60-11.00951,4796,46.8092,8.92651,0.196
RGI60-11.00952,134952,46.8112,8.91996,0.012
RGI60-11.00953,134953,46.8111,8.94962,0.017
RGI60-11.00954,4823,46.8067,8.74433,0.623
RGI60-11.00955,4644,46.8058,10.0379,0.029
RGI60-11.00956,5855,46.8043,10.0702,0.06
RGI60-11.00957,492,46.7801,10.8054,3.085
RGI60-11.00958,134954,46.7767,10.894,4.349
RGI60-11.00959,134955,46.7911,10.849,0.315
RGI60-11.00960,134956,46.7887,11.0316,0.118
RGI60-11.00961,134957,46.793,10.7885,0.016
RGI60-11.00962,134958,46.7884,10.9092,0.53
RGI60-11.00963,4824,46.8044,8.77026,0.164
RGI60-11.00964,4949,46.7944,8.53251,1.496
RGI60-11.00965,4820,46.806,8.77431,0.041
RGI60-11.00966,134959,46.8061,8.9723,0.029
RGI60-11.00967,134960,46.794,10.6807,0.023
RGI60-11.00968,,46.8053,8.95811,0.015
RGI60-11.00969,4762,46.8041,8.87719,0.095
RGI60-11.00970,134961,46.7917,10.6868,0.093
RGI60-11.00971,,46.8049,8.96619,0.024
RGI60-11.00972,4822,46.8034,8.72818,0.113
RGI60-11.00973,4761,46.8039,8.8631,0.046
RGI60-11.00974,4776,46.8037,8.97819,0.056
RGI60-11.00975,134962,46.7884,10.6771,0.774
RGI60-11.00976,134963,46.8013,8.96564,0.609
RGI60-11.00977,134964,46.8024,8.75436,0.037
RGI60-11.00978,134965,46.7835,11.0294,0.138
RGI60-11.00979,415,46.7949,8.94956,0.711
RGI60-11.00980,134966,46.7869,10.8533,0.027
RGI60-11.00981,134967,46.7978,8.83487,1.037
RGI60-11.00982,134968,46.8003,8.93851,0.032
RGI60-11.00983,134969,46.7997,8.94527,0.093
RGI60-11.00984,,46.7845,10.9007,0.029
RGI60-11.00985,134970,46.7822,10.9971,0.012
RGI60-11.00986,134971,46.7981,8.92916,0.126
RGI60-11.00987,4770,46.7976,8.93559,0.093
RGI60-11.00988,4764,46.7943,8.91939,0.56
RGI60-11.00989,134972,46.7962,8.96322,0.107
RGI60-11.00990,4760,46.7968,8.8521,0.125
RGI60-11.00991,134973,46.7793,10.7365,0.656
RGI60-11.00992,134974,46.7688,10.8674,1.894
RGI60-11.00993,134975,46.7952,8.94022,0.054
RGI60-11.00994,4938,46.7845,8.53936,2.859
RGI60-11.00995,4769,46.7933,8.934,0.232
RGI60-11.00996,134976,46.7804,10.8466,0.109
RGI60-11.00997,4828,46.794,8.82101,0.058
RGI60-11.00998,4757,46.791,8.8378,0.434
RGI60-11.00999,4759,46.7924,8.85632,0.07
RGI60-11.01000,134977,46.7926,8.97011,0.014
RGI60-11.01001,134978,46.7874,10.0307,0.073
RGI60-11.01002,134979,46.7922,8.96336,0.018
RGI60-11.01003,4774,46.7914,8.97478,0.053
RGI60-11.01004,134980,46.7916,8.96663,0.027
RGI60-11.01005,134981,46.7906,8.83093,0.02
RGI60-11.01006,4963,46.7836,8.5127,1.09
RGI60-11.01007,134982,46.7856,8.55731,0.187
RGI60-11.01008,134983,46.7744,10.7267,0.173
RGI60-11.01009,134984,46.789,8.93208,0.032
RGI60-11.01010,4756,46.7861,8.83127,0.147
RGI60-11.01011,4773,46.7869,8.97597,0.245
RGI60-11.01012,,46.7881,8.9227,0.014
RGI60-11.01013,4937,46.7863,8.56258,0.035
RGI60-11.01014,4953,46.7862,8.52383,0.014
RGI60-11.01015,4758,46.7859,8.85773,0.074
RGI60-11.01016,4935,46.7859,8.57603,0.058
RGI60-11.01017,134985,46.7864,8.82443,0.019
RGI60-11.01018,4768,46.7864,8.93936,0.05
RGI60-11.01019,134986,46.7795,8.43053,0.684
RGI60-11.01020,4829,46.7829,8.82448,0.184
RGI60-11.01021,,46.7724,10.7434,0.013
RGI60-11.01022,4947,46.7842,8.58044,0.021
RGI60-11.01023,134987,46.7838,8.92902,0.037
RGI60-11.01024,134988,46.7653,10.8951,0.839
RGI60-11.01025,134989,46.7824,8.43644,0.025
RGI60-11.01026,134990,46.7712,10.7317,0.033
RGI60-11.01027,4936,46.7834,8.56942,0.051
RGI60-11.01028,4771,46.7838,8.98664,0.033
RGI60-11.01029,134991,46.7655,11.0158,0.147
RGI60-11.01030,4958,46.776,8.44319,0.431
RGI60-11.01031,134992,46.7823,8.93485,0.054
RGI60-11.01032,134993,46.78,8.5601,0.15
RGI60-11.01033,4965,46.7778,8.49231,0.374
RGI60-11.01034,4955,46.7789,8.49941,0.224
RGI60-11.01035,134994,46.7686,10.6755,0.059
RGI60-11.01036,134995,46.7675,10.7317,0.129
RGI60-11.01037,,46.7795,8.57153,0.025
RGI60-11.01038,4967,46.7748,8.42358,0.711
RGI60-11.01039,4930,46.7762,8.50918,0.309
RGI60-11.01040,,46.7645,10.882,0.011
RGI60-11.01041,134996,46.7584,10.8869,1.089
RGI60-11.01042,4906,46.7762,8.5173,0.305
RGI60-11.01043,134997,46.7787,8.93717,0.091
RGI60-11.01044,4910,46.7767,8.54085,0.171
RGI60-11.01045,134998,46.7603,11.0254,0.023
RGI60-11.01046,4628,46.768,8.45343,0.685
RGI60-11.01047,,46.7767,8.52212,0.017
RGI60-11.01048,4957,46.7724,8.47567,0.429
RGI60-11.01049,4956,46.7744,8.48625,0.268
RGI60-11.01050,,46.7769,8.93089,0.012
RGI60-11.01051,134999,46.7743,8.40263,0.044
RGI60-11.01052,,46.759,11.0193,0.015
RGI60-11.01053,135000,46.7748,8.49706,0.044
RGI60-11.01054,4629,46.7717,8.46396,0.327
RGI60-11.01055,4907,46.7739,8.53343,0.124
RGI60-11.01056,135001,46.7746,8.47195,0.012
RGI60-11.01057,4970,46.7704,8.41564,0.167
RGI60-11.01058,4616,46.7657,10.3514,0.068
RGI60-11.01059,135002,46.7722,8.4994,0.074
RGI60-11.01060,135003,46.7725,8.50617,0.046
RGI60-11.01061,4909,46.7686,8.54035,0.324
RGI60-11.01062,4905,46.7709,8.4928,0.123
RGI60-11.01063,4645,46.7676,9.96822,0.17
RGI60-11.01064,,46.7543,11.0382,0.013
RGI60-11.01065,,46.7715,8.8182,0.014
RGI60-11.01066,4904,46.7692,8.48513,0.055
RGI60-11.01067,4971,46.7624,8.43639,1.786
RGI60-11.01068,4830,46.7675,8.82419,0.541
RGI60-11.01069,135004,46.7682,8.39433,0.096
RGI60-11.01070,4901,46.7661,8.46552,0.429
RGI60-11.01071,135005,46.7679,8.41158,0.02
RGI60-11.01072,4968,46.7654,8.38851,0.199
RGI60-11.01073,135006,46.7678,8.48392,0.017
RGI60-11.01074,4961,46.7675,8.3987,0.019
RGI60-11.01075,,46.7678,8.47762,0.016
RGI60-11.01076,4903,46.7647,8.47978,0.494
RGI60-11.01077,,46.767,8.49007,0.03
RGI60-11.01078,4908,46.7638,8.53723,0.366
RGI60-11.01079,5852,46.7631,9.99152,0.037
RGI60-11.01080,135007,46.7656,8.45843,0.024
RGI60-11.01081,135008,46.7473,11.026,0.159
RGI60-11.01082,135009,46.7636,8.37045,0.028
RGI60-11.01083,135010,46.764,8.45348,0.016
RGI60-11.01084,135011,46.763,8.38318,0.08
RGI60-11.01085,135012,46.7609,8.45428,0.288
RGI60-11.01086,,46.7619,8.37258,0.021
RGI60-11.01087,4932,46.7615,8.54563,0.056
RGI60-11.01088,4902,46.7618,8.47135,0.012
RGI60-11.01089,4754,46.7612,8.82059,0.069
RGI60-11.01090,4969,46.7594,8.37002,0.095
RGI60-11.01091,135013,46.7436,11.0145,0.024
RGI60-11.01092,,46.7533,10.3442,0.014
RGI60-11.01093,135014,46.7464,10.7317,0.05
RGI60-11.01094,,46.7423,11.0018,0.019
RGI60-11.01095,,46.7579,8.45191,0.015
RGI60-11.01096,135015,46.7444,10.7369,0.12
RGI60-11.01097,135016,46.7417,11.0081,0.039
RGI60-11.01098,135017,46.7394,11.0436,0.024
RGI60-11.01099,135018,46.7418,10.7286,0.284
RGI60-11.01100,135019,46.738,10.995,0.098
RGI60-11.01101,4926,46.7547,8.44705,0.081
RGI60-11.01102,135020,46.7352,10.9901,0.252
RGI60-11.01103,4988,46.7543,8.42953,0.056
RGI60-11.01104,4832,46.75,8.77258,0.386
RGI60-11.01105,135021,46.7417,10.7417,0.074
RGI60-11.01106,135022,46.7376,11.0357,0.065
RGI60-11.01107,4972,46.7509,8.42798,0.309
RGI60-11.01108,4898,46.7506,8.44568,0.314
RGI60-11.01109,4974,46.7491,8.4386,0.257
RGI60-11.01110,135023,46.7327,10.9844,0.141
RGI60-11.01111,135024,46.7334,10.738,0.81
RGI60-11.01112,135025,46.7486,8.43276,0.077
RGI60-11.01113,4831,46.7469,8.77948,0.161
RGI60-11.01114,4833,46.7485,8.76467,0.086
RGI60-11.01115,135026,46.7452,8.44871,0.051
RGI60-11.01116,135027,46.7259,10.9778,0.386
RGI60-11.01117,135028,46.7307,10.7275,0.253
RGI60-11.01118,4897,46.744,8.44339,0.047
RGI60-11.01119,135029,46.7265,10.9893,0.1
RGI60-11.01120,427,46.7377,8.7876,2.42
RGI60-11.01121,,46.738,10.2694,0.012
RGI60-11.01122,135030,46.7432,8.76564,0.036
RGI60-11.01123,,46.7261,10.9926,0.011
RGI60-11.01124,4842,46.7428,8.68287,0.013
RGI60-11.01125,4753,46.7418,8.81657,0.048
RGI60-11.01126,135031,46.7273,10.7238,0.184
RGI60-11.01127,5786,46.7347,10.2673,0.032
RGI60-11.01128,135032,46.7237,10.9701,0.086
RGI60-11.01129,135033,46.7406,8.75801,0.038
RGI60-11.01130,135034,46.7385,8.77248,0.042
RGI60-11.01131,135035,46.7387,8.74792,0.023
RGI60-11.01132,4742,46.7381,8.76882,0.053
RGI60-11.01133,4841,46.7369,8.68565,0.029
RGI60-11.01134,4749,46.7353,8.81275,0.015
RGI60-11.01135,135036,46.7345,8.68923,0.059
RGI60-11.01136,135037,46.7324,8.68534,0.023
RGI60-11.01137,4893,46.7299,8.4763,0.073
RGI60-11.01138,135038,46.7256,9.9608,0.057
RGI60-11.01139,135039,46.7132,10.9761,0.02
RGI60-11.01140,5850,46.7247,9.95449,0.113
RGI60-11.01141,4892,46.7266,8.48224,0.201
RGI60-11.01142,4925,46.7218,8.49244,0.197
RGI60-11.01143,401,46.7106,10.4103,0.465
RGI60-11.01144,4975,46.6989,8.42657,8.048
RGI60-11.01145,4895,46.7182,8.47769,0.522
RGI60-11.01146,4891,46.7161,8.50077,1.77
RGI60-11.01147,135040,46.7219,8.78204,0.018
RGI60-11.01148,4896,46.7167,8.45362,0.31
RGI60-11.01149,,46.7194,8.48582,0.014
RGI60-11.01150,4978,46.7139,8.37931,0.18
RGI60-11.01151,4886,46.7131,8.48216,0.225
RGI60-11.01152,4977,46.7124,8.38929,0.295
RGI60-11.01153,135041,46.698,11.0011,0.014
RGI60-11.01154,,46.7139,8.36888,0.013
RGI60-11.01155,135042,46.7076,10.216,0.038
RGI60-11.01156,428,46.7052,8.46549,1.528
RGI60-11.01157,135043,46.7121,8.69078,0.015
RGI60-11.01158,135044,46.7095,8.38011,0.033
RGI60-11.01159,4976,46.7084,8.38912,0.113
RGI60-11.01160,,46.7088,8.37747,0.014
RGI60-11.01161,4890,46.7016,8.50724,1.356
RGI60-11.01162,4887,46.7087,8.48974,0.014
RGI60-11.01163,,46.6962,10.7231,0.013
RGI60-11.01164,135045,46.7078,8.69165,0.014
RGI60-11.01165,5846,46.6977,10.0041,0.984
RGI60-11.01166,135046,46.6972,9.98909,0.988
RGI60-11.01167,4838,46.7051,8.69635,0.068
RGI60-11.01168,4836,46.7036,8.71235,0.09
RGI60-11.01169,5849,46.7009,9.9593,0.014
RGI60-11.01170,135047,46.7023,8.38476,0.016
RGI60-11.01171,1680,46.6955,9.9495,0.222
RGI60-11.01172,,46.7006,8.38331,0.013
RGI60-11.01173,5848,46.6938,9.96858,1.251
RGI60-11.01174,135048,46.696,9.95507,0.071
RGI60-11.01175,135049,46.6998,8.69325,0.028
RGI60-11.01176,4980,46.694,8.38929,0.631
RGI60-11.01177,4924,46.697,8.46422,0.332
RGI60-11.01178,4986,46.6962,8.31626,0.067
RGI60-11.01179,135050,46.6977,8.39991,0.021
RGI60-11.01180,5845,46.6926,10.0154,0.121
RGI60-11.01181,5842,46.6909,9.94955,0.406
RGI60-11.01182,135051,46.6916,9.93655,0.287
RGI60-11.01183,135052,46.6925,10.0085,0.101
RGI60-11.01184,4744,46.6971,8.69523,0.012
RGI60-11.01185,4997,46.6947,8.30708,0.023
RGI60-11.01186,4996,46.6949,8.32446,0.023
RGI60-11.01187,4885,46.6849,8.46657,2.816
RGI60-11.01188,,46.6922,9.9935,0.012
RGI60-11.01189,4740,46.6942,8.68869,0.061
RGI60-11.01190,4745,46.6947,8.71311,0.011
RGI60-11.01191,4995,46.6923,8.33184,0.03
RGI60-11.01192,135053,46.6925,8.41257,0.018
RGI60-11.01193,431,46.6802,8.41048,2.03
RGI60-11.01194,4647,46.6882,9.90603,0.17
RGI60-11.01195,135054,46.6888,9.97658,0.046
RGI60-11.01196,135055,46.6906,8.31701,0.068
RGI60-11.01197,4889,46.6903,8.52606,0.16
RGI60-11.01198,446,46.6588,8.37258,14.816
RGI60-11.01199,4880,46.6878,8.42038,0.272
RGI60-11.01200,5843,46.6867,9.96625,0.118
RGI60-11.01201,135056,46.6892,8.39392,0.013
RGI60-11.01202,4981,46.6867,8.38907,0.336
RGI60-11.01203,4882,46.683,8.44883,0.838
RGI60-11.01204,4921,46.6853,8.432,0.056
RGI60-11.01205,135057,46.6855,8.37902,0.019
RGI60-11.01206,4881,46.6842,8.43769,0.068
RGI60-11.01207,,46.6857,8.5275,0.014
RGI60-11.01208,135058,46.6774,8.38992,1.005
RGI60-11.01209,4982,46.6818,8.38384,0.078
RGI60-11.01210,4888,46.6829,8.52867,0.023
RGI60-11.01211,4649,46.6784,9.83086,0.207
RGI60-11.01212,4883,46.6788,8.45924,0.303
RGI60-11.01213,135059,46.6808,8.64197,0.014
RGI60-11.01214,4993,46.6747,8.33754,0.013
RGI60-11.01215,4920,46.6711,8.41241,0.969
RGI60-11.01216,135060,46.6716,9.95888,0.022
RGI60-11.01217,135061,46.6723,8.33165,0.023
RGI60-11.01218,4884,46.6718,8.47695,0.215
RGI60-11.01219,,46.6719,8.39203,0.013
RGI60-11.01220,5000,46.6688,8.32339,0.017
RGI60-11.01221,4923,46.6675,8.47799,0.016
RGI60-11.01222,445,46.6436,8.14901,5.835
RGI60-11.01223,,46.6647,8.18235,0.011
RGI60-11.01224,430,46.6612,8.41984,1.012
RGI60-11.01225,135062,46.6599,8.3345,0.015
RGI60-11.01226,5090,46.6565,8.1172,0.058
RGI60-11.01227,,46.6592,8.3388,0.014
RGI60-11.01228,135063,46.6584,8.33433,0.024
RGI60-11.01229,5012,46.6549,8.34293,0.237
RGI60-11.01230,135064,46.6549,8.12877,0.05
RGI60-11.01231,4878,46.6557,8.42673,0.213
RGI60-11.01232,135065,46.6541,8.40213,0.058
RGI60-11.01233,4984,46.655,8.40735,0.127
RGI60-11.01234,4919,46.651,8.43189,0.897
RGI60-11.01235,135066,46.6548,8.41376,0.036
RGI60-11.01236,135067,46.6509,8.16683,0.113
RGI60-11.01237,5089,46.6402,8.12654,1.814
RGI60-11.01238,473,46.6236,8.3965,15.837
RGI60-11.01239,,46.6518,8.34702,0.022
RGI60-11.01240,135068,46.6503,8.35442,0.05
RGI60-11.01241,135069,46.649,8.16696,0.04
RGI60-11.01242,135070,46.649,8.3364,0.018
RGI60-11.01243,,46.6478,8.35479,0.026
RGI60-11.01244,135071,46.6439,8.39013,0.051
RGI60-11.01245,135072,46.6464,8.33267,0.027
RGI60-11.01246,429,46.634,8.43645,4.705
RGI60-11.01247,5095,46.6452,8.11337,0.014
RGI60-11.01248,5083,46.6425,8.16432,0.318
RGI60-11.01249,135073,46.6433,8.12855,0.022
RGI60-11.01250,5011,46.6442,8.35767,0.084
RGI60-11.01251,135074,46.641,8.12004,0.146
RGI60-11.01252,2662,46.6401,8.1073,0.217
RGI60-11.01253,135075,46.644,8.4243,0.022
RGI60-11.01254,135076,46.6419,8.17243,0.035
RGI60-11.01255,5003,46.6399,8.35869,0.339
RGI60-11.01256,,46.6399,8.17325,0.012
RGI60-11.01257,135077,46.6378,8.16307,0.161
RGI60-11.01258,135078,46.6371,8.18261,0.514
RGI60-11.01259,,46.6379,8.17167,0.015
RGI60-11.01260,135079,46.633,9.89218,0.21
RGI60-11.01261,5004,46.6315,8.36463,0.999
RGI60-11.01262,5096,46.6332,8.10846,0.29
RGI60-11.01263,4707,46.635,8.97384,0.361
RGI60-11.01264,135080,46.639,8.97671,0.011
RGI60-11.01265,,46.6366,8.27419,0.012
RGI60-11.01266,4708,46.6351,8.96044,0.453
RGI60-11.01267,410,46.6278,9.88,1.61
RGI60-11.01268,,46.6369,8.93032,0.014
RGI60-11.01269,135081,46.6305,8.26945,0.434
RGI60-11.01270,444,46.6143,8.11933,9.023
RGI60-11.01271,5071,46.6311,8.16923,0.312
RGI60-11.01272,5074,46.6332,8.19094,0.03
RGI60-11.01273,5066,46.633,8.26477,0.013
RGI60-11.01274,5840,46.6315,9.89878,0.057
RGI60-11.01275,449,46.6173,8.15811,12.688
RGI60-11.01276,135082,46.6319,8.35432,0.045
RGI60-11.01277,,46.6327,8.49697,0.018
RGI60-11.01278,4595,46.6303,8.91979,0.087
RGI60-11.01279,5072,46.6285,8.19063,0.287
RGI60-11.01280,4723,46.6265,8.91279,1.345
RGI60-11.01281,4706,46.63,8.97898,0.292
RGI60-11.01282,135083,46.6276,8.17716,0.054
RGI60-11.01283,4594,46.6267,8.93454,0.386
RGI60-11.01284,135084,46.6299,8.9628,0.1
RGI60-11.01285,5839,46.6258,9.91087,0.132
RGI60-11.01286,135085,46.6295,8.95338,0.051
RGI60-11.01287,4876,46.6268,8.49428,0.071
RGI60-11.01288,5061,46.6203,8.25738,0.564
RGI60-11.01289,135086,46.625,8.18312,0.033
RGI60-11.01290,135087,46.625,8.92409,0.396
RGI60-11.01291,,46.6273,8.50315,0.014
RGI60-11.01292,135088,46.6265,8.49968,0.026
RGI60-11.01293,4711,46.6177,8.89978,1.901
RGI60-11.01294,4877,46.625,8.47133,0.078
RGI60-11.01295,,46.6265,8.78538,0.014
RGI60-11.01296,433,46.6132,8.43043,2.331
RGI60-11.01297,4728,46.625,8.79104,0.059
RGI60-11.01298,135089,46.6203,8.13966,0.042
RGI60-11.01299,135090,46.6239,8.41763,0.014
RGI60-11.01300,,46.6246,8.78611,0.011
RGI60-11.01301,4866,46.6227,8.50052,0.032
RGI60-11.01302,4724,46.6167,8.8867,1.269
RGI60-11.01303,135091,46.6228,8.94346,0.014
RGI60-11.01304,4722,46.6198,8.78963,0.094
RGI60-11.01305,5097,46.6169,8.07946,0.017
RGI60-11.01306,5077,46.6178,8.24994,0.032
RGI60-11.01307,4864,46.6189,8.44202,0.014
RGI60-11.01308,4729,46.6165,8.78232,0.278
RGI60-11.01309,,46.6188,8.43676,0.012
RGI60-11.01310,135092,46.6187,8.45121,0.021
RGI60-11.01311,135093,46.6156,8.26019,0.085
RGI60-11.01312,5750,46.6184,8.9154,0.061
RGI60-11.01313,5006,46.6119,8.36605,0.268
RGI60-11.01314,,46.6187,8.79253,0.011
RGI60-11.01315,4725,46.6184,8.87879,0.02
RGI60-11.01316,5060,46.6134,8.25267,0.295
RGI60-11.01317,135094,46.6145,8.24763,0.014
RGI60-11.01318,5109,46.609,8.08655,0.539
RGI60-11.01319,4727,46.6167,8.78896,0.023
RGI60-11.01320,,46.6153,8.44759,0.015
RGI60-11.01321,4712,46.6146,8.87574,0.156
RGI60-11.01322,,46.6157,8.77929,0.012
RGI60-11.01323,5749,46.6137,8.90824,0.141
RGI60-11.01324,135095,46.6134,8.41429,0.036
RGI60-11.01325,135096,46.6118,8.37097,0.051
RGI60-11.01326,5366,46.6118,8.41609,0.037
RGI60-11.01327,135097,46.6098,8.07749,0.017
RGI60-11.01328,450,46.5642,8.2193,23.825
RGI60-11.01329,,46.6109,8.24668,0.016
RGI60-11.01330,135098,46.611,9.70523,0.032
RGI60-11.01331,5080,46.6097,8.24258,0.028
RGI60-11.01332,135099,46.6107,8.77184,0.017
RGI60-11.01333,4713,46.61,8.87798,0.051
RGI60-11.01334,135100,46.6061,8.09297,0.029
RGI60-11.01335,135101,46.5998,8.2518,1.949
RGI60-11.01336,5365,46.5992,8.36579,0.664
RGI60-11.01337,5367,46.6073,8.41415,0.044
RGI60-11.01338,4863,46.601,8.42188,1.006
RGI60-11.01339,5372,46.6069,8.40896,0.13
RGI60-11.01340,5007,46.6057,8.35922,0.131
RGI60-11.01341,5027,46.6025,8.15127,0.206
RGI60-11.01342,4655,46.6044,9.70768,0.032
RGI60-11.01343,5067,46.6038,8.2302,0.085
RGI60-11.01344,4852,46.6049,8.61212,0.092
RGI60-11.01345,135102,46.6054,8.44021,0.023
RGI60-11.01346,443,46.5676,8.06736,18.842
RGI60-11.01347,,46.6052,8.43565,0.011
RGI60-11.01348,135103,46.6036,8.40189,0.077
RGI60-11.01349,4720,46.6054,8.77219,0.032
RGI60-11.01350,4651,46.6016,9.84184,0.048
RGI60-11.01351,,46.602,8.11415,0.011
RGI60-11.01352,135104,46.6011,8.08845,0.028
RGI60-11.01353,135105,46.6004,8.15885,0.072
RGI60-11.01354,4654,46.6011,9.71438,0.095
RGI60-11.01355,5099,46.5979,8.09636,0.121
RGI60-11.01356,,46.6003,8.11042,0.016
RGI60-11.01357,135106,46.6032,9.02687,0.257
RGI60-11.01358,5069,46.5934,8.21162,1.509
RGI60-11.01359,135107,46.6023,8.4393,0.032
RGI60-11.01360,135108,46.5972,8.12218,0.208
RGI60-11.01361,4653,46.6007,9.82419,0.035
RGI60-11.01362,5068,46.5914,8.22907,1.437
RGI60-11.01363,5008,46.6003,8.35817,0.201
RGI60-11.01364,4734,46.6031,8.76455,0.011
RGI60-11.01365,4719,46.6007,8.77131,0.122
RGI60-11.01366,5100,46.5937,8.10345,0.317
RGI60-11.01367,432,46.5988,8.60104,0.211
RGI60-11.01368,5368,46.6,8.40488,0.021
RGI60-11.01369,135109,46.5976,8.1612,0.023
RGI60-11.01370,5070,46.5977,8.16965,0.017
RGI60-11.01371,5058,46.5978,8.26988,0.058
RGI60-11.01372,5369,46.5984,8.40583,0.054
RGI60-11.01373,,46.5963,8.17153,0.014
RGI60-11.01374,135110,46.5961,8.35986,0.071
RGI60-11.01375,135111,46.5938,8.1685,0.037
RGI60-11.01376,135112,46.5967,8.61109,0.056
RGI60-11.01377,5101,46.5895,8.10591,0.187
RGI60-11.01378,5032,46.5881,8.25277,1.432
RGI60-11.01379,5120,46.5843,8.03406,0.966
RGI60-11.01380,5102,46.5894,8.11055,0.108
RGI60-11.01381,135113,46.5912,8.13336,0.027
RGI60-11.01382,,46.5931,8.41558,0.013
RGI60-11.01383,2316,46.5881,8.69868,0.491
RGI60-11.01384,135114,46.59,8.12349,0.029
RGI60-11.01385,,46.59,8.13776,0.011
RGI60-11.01386,135115,46.5903,8.41127,0.019
RGI60-11.01387,5103,46.5816,8.11432,0.838
RGI60-11.01388,135116,46.5861,8.20224,0.03
RGI60-11.01389,5029,46.585,8.19508,0.087
RGI60-11.01390,135117,46.5845,8.14299,0.021
RGI60-11.01391,135118,46.587,8.41192,0.019
RGI60-11.01392,135119,46.5842,8.20962,0.151
RGI60-11.01393,135120,46.5847,8.21956,0.123
RGI60-11.01394,4849,46.5826,8.61855,0.304
RGI60-11.01395,,46.5874,8.73208,0.015
RGI60-11.01396,135121,46.5844,8.23146,0.011
RGI60-11.01397,135122,46.5842,8.23447,0.015
RGI60-11.01398,2317,46.5835,8.69281,0.285
RGI60-11.01399,135123,46.583,8.18839,0.031
RGI60-11.01400,135124,46.583,8.22685,0.04
RGI60-11.01401,135125,46.5862,8.83488,0.014
RGI60-11.01402,5107,46.5813,8.00965,0.037
RGI60-11.01403,135126,46.5822,8.2018,0.05
RGI60-11.01404,,46.5836,8.21385,0.011
RGI60-11.01405,,46.583,8.23545,0.014
RGI60-11.01406,,46.5831,8.24088,0.011
RGI60-11.01407,135127,46.5809,8.10068,0.051
RGI60-11.01408,135128,46.581,8.21876,0.027
RGI60-11.01409,5055,46.5803,8.26506,0.148
RGI60-11.01410,,46.5791,8.00657,0.014
RGI60-11.01411,,46.5784,8.1008,0.012
RGI60-11.01412,5056,46.5792,8.27081,0.019
RGI60-11.01413,5022,46.5752,8.13404,0.3
RGI60-11.01414,5021,46.5777,8.1303,0.023
RGI60-11.01415,135129,46.5786,8.27462,0.032
RGI60-11.01416,,46.5805,8.69968,0.023
RGI60-11.01417,5112,46.5756,8.11386,0.145
RGI60-11.01418,135130,46.5749,7.987,0.084
RGI60-11.01419,5115,46.571,8.07632,0.482
RGI60-11.01420,,46.5761,8.10585,0.016
RGI60-11.01421,135131,46.5738,7.99731,0.133
RGI60-11.01422,5119,46.5745,8.00613,0.012
RGI60-11.01423,4736,46.5773,8.72467,0.043
RGI60-11.01424,135132,46.5741,8.00344,0.033
RGI60-11.01425,4717,46.5778,8.83506,0.073
RGI60-11.01426,5104,46.5728,8.08424,0.097
RGI60-11.01427,135133,46.5665,8.1126,0.311
RGI60-11.01428,4714,46.5761,8.86716,0.242
RGI60-11.01429,,46.5745,8.15435,0.01
RGI60-11.01430,135134,46.5766,8.62902,0.015
RGI60-11.01431,442,46.5669,7.99013,1.946
RGI60-11.01432,4853,46.5765,8.60846,0.014
RGI60-11.01433,135135,46.572,8.13912,0.13
RGI60-11.01434,4718,46.5765,8.75901,0.023
RGI60-11.01435,5043,46.57,8.16056,0.692
RGI60-11.01436,135136,46.5758,8.87524,0.022
RGI60-11.01437,5024,46.5682,8.1483,0.212
RGI60-11.01438,135137,46.5613,10.642,0.206
RGI60-11.01439,4715,46.5729,8.85775,0.043
RGI60-11.01440,,46.572,8.62238,0.024
RGI60-11.01441,5114,46.5668,8.11943,0.038
RGI60-11.01442,5105,46.5657,8.0738,0.095
RGI60-11.01443,135138,46.5622,7.99833,0.173
RGI60-11.01444,4716,46.5674,8.83559,0.277
RGI60-11.01445,5123,46.5543,7.97127,1.947
RGI60-11.01446,135139,46.5639,8.02464,0.038
RGI60-11.01447,135140,46.5639,8.16023,0.187
RGI60-11.01448,135141,46.5645,9.76572,0.013
RGI60-11.01449,135142,46.5491,10.8583,0.182
RGI60-11.01450,360,46.5028,8.01919,82.206
RGI60-11.01451,135143,46.5626,8.02978,0.023
RGI60-11.01452,135144,46.5494,10.6532,0.305
RGI60-11.01453,135145,46.5497,10.643,0.342
RGI60-11.01454,135146,46.5599,7.97952,0.021
RGI60-11.01455,135147,46.5615,8.14602,0.012
RGI60-11.01456,5138,46.5578,7.98822,0.075
RGI60-11.01457,,46.5614,9.76012,0.012
RGI60-11.01458,135148,46.5577,8.04992,0.149
RGI60-11.01459,135149,46.5545,8.0706,0.198
RGI60-11.01460,135150,46.5578,8.06244,0.048
RGI60-11.01461,135151,46.5578,7.99452,0.045
RGI60-11.01462,135152,46.5574,7.94238,0.03
RGI60-11.01463,135153,46.5594,8.07168,0.018
RGI60-11.01464,,46.5628,9.02153,0.011
RGI60-11.01465,135154,46.5591,8.15885,0.028
RGI60-11.01466,135155,46.5458,10.8615,0.122
RGI60-11.01467,,46.557,8.05192,0.012
RGI60-11.01468,5124,46.5469,7.95496,2.048
RGI60-11.01469,,46.5572,8.0702,0.011
RGI60-11.01470,135156,46.5561,8.0744,0.021
RGI60-11.01471,135157,46.5563,8.07036,0.068
RGI60-11.01472,135158,46.558,9.75137,0.011
RGI60-11.01473,135159,46.537,10.6618,4.364
RGI60-11.01474,135160,46.5544,8.0602,0.196
RGI60-11.01475,135161,46.5513,10.3167,0.031
RGI60-11.01476,135162,46.5462,10.7029,0.024
RGI60-11.01477,135163,46.5558,8.20872,0.023
RGI60-11.01478,471,46.5169,8.12141,31.334
RGI60-11.01479,135164,46.5436,10.6363,0.197
RGI60-11.01480,5118,46.5526,8.06551,0.136
RGI60-11.01481,135165,46.5544,8.20764,0.023
RGI60-11.01482,135166,46.5437,10.6536,0.127
RGI60-11.01483,5020,46.5528,8.13773,0.026
RGI60-11.01484,135167,46.5514,7.98854,0.026
RGI60-11.01485,135168,46.5513,8.22126,0.323
RGI60-11.01486,5139,46.5495,7.98468,0.173
RGI60-11.01487,,46.5478,10.3408,0.014
RGI60-11.01488,135169,46.5492,8.18576,0.511
RGI60-11.01489,5017,46.5492,8.20217,0.731
RGI60-11.01490,135170,46.5527,9.7277,0.029
RGI60-11.01491,5015,46.5518,8.23139,0.089
RGI60-11.01492,472,46.5502,8.41907,0.449
RGI60-11.01493,135171,46.5521,8.42577,0.017
RGI60-11.01494,5834,46.5502,9.73136,0.05
RGI60-11.01495,5018,46.5479,8.19158,0.113
RGI60-11.01496,135172,46.5498,8.42994,0.071
RGI60-11.01497,4657,46.5479,9.68884,0.102
RGI60-11.01498,5125,46.5432,7.94404,0.23
RGI60-11.01499,5040,46.5442,8.1806,0.085
RGI60-11.01500,5014,46.5431,8.19716,0.542
RGI60-11.01501,5019,46.5435,8.17615,0.175
RGI60-11.01502,4857,46.5456,8.43337,0.113
RGI60-11.01503,4656,46.545,9.69658,0.204
RGI60-11.01504,135173,46.5459,9.70402,0.016
RGI60-11.01505,2318,46.5398,8.45169,0.842
RGI60-11.01506,5836,46.5437,9.72274,0.091
RGI60-11.01507,5825,46.5445,9.81645,0.016
RGI60-11.01508,135174,46.5346,10.6376,0.035
RGI60-11.01509,451,46.5318,8.19757,4.812
RGI60-11.01510,4855,46.5424,8.46231,0.086
RGI60-11.01511,,46.5418,8.12242,0.013
RGI60-11.01512,135175,46.5405,8.17366,0.181
RGI60-11.01513,135176,46.5395,7.94178,0.018
RGI60-11.01514,4856,46.542,8.4369,0.083
RGI60-11.01515,5128,46.5378,7.9576,0.314
RGI60-11.01516,5833,46.5392,9.69856,0.314
RGI60-11.01517,135177,46.5431,8.51374,0.017
RGI60-11.01518,135178,46.5419,8.52133,0.068
RGI60-11.01519,135179,46.5397,8.1246,0.016
RGI60-11.01520,135180,46.5366,7.94569,0.05
RGI60-11.01521,135181,46.5405,8.44197,0.013
RGI60-11.01522,2319,46.5349,8.47606,0.661
RGI60-11.01523,5752,46.5373,9.0181,0.283
RGI60-11.01524,135182,46.5265,10.6411,0.613
RGI60-11.01525,135183,46.5382,8.4665,0.11
RGI60-11.01526,135184,46.5411,9.02448,0.023
RGI60-11.01527,4683,46.5336,9.13927,1.109
RGI60-11.01528,5041,46.5371,8.15484,0.035
RGI60-11.01529,135185,46.5402,9.15867,0.043
RGI60-11.01530,135186,46.5391,9.58391,0.028
RGI60-11.01531,,46.5349,7.96354,0.017
RGI60-11.01532,135187,46.5386,8.44018,0.036
RGI60-11.01533,5145,46.5352,7.95585,0.033
RGI60-11.01534,,46.539,8.50485,0.012
RGI60-11.01535,5042,46.5357,8.13499,0.092
RGI60-11.01536,135188,46.5358,8.13936,0.015
RGI60-11.01537,5127,46.5328,7.93194,0.085
RGI60-11.01538,4682,46.5371,9.15898,0.038
RGI60-11.01539,135189,46.5365,8.46986,0.021
RGI60-11.01540,,46.5321,7.96473,0.079
RGI60-11.01541,4661,46.5351,9.47145,0.192
RGI60-11.01542,5374,46.5337,8.44039,0.197
RGI60-11.01543,135190,46.5337,9.80329,0.013
RGI60-11.01544,135191,46.5224,10.5503,0.299
RGI60-11.01545,5349,46.5269,8.12508,1.236
RGI60-11.01546,5832,46.5336,9.69911,0.045
RGI60-11.01547,5826,46.5326,9.79727,0.074
RGI60-11.01548,135192,46.5343,9.15185,0.04
RGI60-11.01549,403,46.5273,9.70465,0.749
RGI60-11.01550,5130,46.5184,7.94604,4.111
RGI60-11.01551,135193,46.5223,7.97,0.178
RGI60-11.01552,5013,46.5292,8.23534,0.188
RGI60-11.01553,5376,46.5304,8.4681,0.15
RGI60-11.01554,4695,46.5319,9.01942,0.05
RGI60-11.01555,135194,46.5275,8.11327,0.045
RGI60-11.01556,135195,46.5137,10.5372,1.247
RGI60-11.01557,4691,46.5229,9.06276,1.425
RGI60-11.01558,,46.5271,8.03039,0.014
RGI60-11.01559,,46.5297,8.44265,0.012
RGI60-11.01560,,46.5278,8.22013,0.02
RGI60-11.01561,5161,46.5238,7.82781,0.02
RGI60-11.01562,,46.5289,9.49405,0.018
RGI60-11.01563,5167,46.5233,7.80939,0.012
RGI60-11.01564,135196,46.515,10.46,0.601
RGI60-11.01565,135197,46.5066,10.4774,3.798
RGI60-11.01566,,46.5208,7.81743,0.107
RGI60-11.01567,5377,46.5246,8.46645,0.755
RGI60-11.01568,135198,46.5156,10.637,0.11
RGI60-11.01569,135199,46.5273,9.12603,0.032
RGI60-11.01570,135200,46.5034,10.5238,3.22
RGI60-11.01571,135201,46.5214,7.83715,0.023
RGI60-11.01572,5375,46.5253,8.43452,0.018
RGI60-11.01573,135202,46.5157,10.5497,0.045
RGI60-11.01574,135203,46.5126,10.5449,0.09
RGI60-11.01575,135204,46.5079,10.7856,0.491
RGI60-11.01576,474,46.5151,8.20236,2.367
RGI60-11.01577,5160,46.518,7.82354,0.084
RGI60-11.01578,135205,46.5127,10.5608,0.307
RGI60-11.01579,5745,46.5232,8.47508,0.022
RGI60-11.01580,135206,46.5145,10.4686,0.019
RGI60-11.01581,,46.514,10.5279,0.016
RGI60-11.01582,440,46.5101,7.79473,1.077
RGI60-11.01583,135207,46.5182,7.96841,0.018
RGI60-11.01584,5340,46.5187,8.07976,0.014
RGI60-11.01585,135208,46.5219,9.02351,0.023
RGI60-11.01586,5159,46.5154,7.82864,0.023
RGI60-11.01587,135209,46.5025,10.5018,1.072
RGI60-11.01588,135210,46.5141,7.85026,0.404
RGI60-11.01589,135211,46.5174,8.141,0.032
RGI60-11.01590,135212,46.5146,7.96437,0.235
RGI60-11.01591,135213,46.5178,8.15323,0.048
RGI60-11.01592,135214,46.5194,8.47535,0.041
RGI60-11.01593,135215,46.5097,10.5464,0.023
RGI60-11.01594,135216,46.5056,10.6289,0.213
RGI60-11.01595,,46.5144,7.81484,0.013
RGI60-11.01596,5157,46.5124,7.83498,0.108
RGI60-11.01597,5827,46.5169,9.75861,0.014
RGI60-11.01598,135217,46.5094,10.4909,0.03
RGI60-11.01599,5163,46.5115,7.81749,0.158
RGI60-11.01600,,46.5055,10.7808,0.011
RGI60-11.01601,135218,46.5044,10.775,0.072
RGI60-11.01602,135219,46.513,8.06172,0.095
RGI60-11.01603,5831,46.5137,9.70981,0.311
RGI60-11.01604,135220,46.4932,10.5695,4.057
RGI60-11.01605,5149,46.5097,7.93172,0.368
RGI60-11.01606,135221,46.5147,8.19465,0.046
RGI60-11.01607,,46.5155,9.72331,0.013
RGI60-11.01608,135222,46.5126,9.72431,0.239
RGI60-11.01609,135223,46.5066,10.5543,0.097
RGI60-11.01610,4672,46.5155,9.35883,0.155
RGI60-11.01611,4670,46.5169,9.36991,0.012
RGI60-11.01612,135224,46.5105,7.77938,0.011
RGI60-11.01613,135225,46.5074,10.4942,0.011
RGI60-11.01614,135226,46.5102,7.77466,0.031
RGI60-11.01615,135227,46.512,8.45685,0.207
RGI60-11.01616,4671,46.5146,9.39111,0.057
RGI60-11.01617,5165,46.5085,7.7788,0.132
RGI60-11.01618,135228,46.5014,10.7775,0.084
RGI60-11.01619,5327,46.5086,8.00935,0.402
RGI60-11.01620,135229,46.5145,9.06702,0.173
RGI60-11.01621,436,46.4997,7.76925,2.721
RGI60-11.01622,4611,46.4939,7.83604,5.755
RGI60-11.01623,4573,46.5062,8.19263,1.04
RGI60-11.01624,,46.5144,9.37293,0.012
RGI60-11.01625,,46.515,9.07375,0.011
RGI60-11.01626,135230,46.5138,9.05957,0.118
RGI60-11.01627,4693,46.5107,9.0271,0.265
RGI60-11.01628,135231,46.5122,9.36675,0.195
RGI60-11.01629,5131,46.5055,7.92523,0.533
RGI60-11.01630,135232,46.5121,9.07972,0.116
RGI60-11.01631,135233,46.5001,10.4606,1.671
RGI60-11.01632,135234,46.5074,7.84803,0.035
RGI60-11.01633,4681,46.511,9.10978,0.201
RGI60-11.01634,5168,46.5074,7.82238,0.023
RGI60-11.01635,414,46.5045,9.03752,0.846
RGI60-11.01636,,46.5134,9.0858,0.013
RGI60-11.01637,135235,46.5124,9.38741,0.032
RGI60-11.01638,135236,46.5071,7.84142,0.05
RGI60-11.01639,135237,46.5129,9.05049,0.064
RGI60-11.01640,135238,46.5062,8.08664,0.14
RGI60-11.01641,135239,46.5108,9.09548,0.165
RGI60-11.01642,135240,46.5078,9.36907,0.412
RGI60-11.01643,5746,46.5099,8.45928,0.015
RGI60-11.01644,135241,46.5063,7.93762,0.028
RGI60-11.01645,135242,46.5099,9.38074,0.04
RGI60-11.01646,135243,46.5072,7.99989,0.019
RGI60-11.01647,5835,46.5077,9.74566,0.158
RGI60-11.01648,5152,46.5019,7.9187,0.528
RGI60-11.01649,135244,46.4992,10.6247,0.038
RGI60-11.01650,135245,46.5018,7.81141,0.292
RGI60-11.01651,5169,46.5044,7.81901,0.026
RGI60-11.01652,135246,46.4963,10.7745,0.027
RGI60-11.01653,,46.5101,9.06351,0.023
RGI60-11.01654,135247,46.5051,7.99801,0.037
RGI60-11.01655,5172,46.5035,7.78707,0.02
RGI60-11.01656,5164,46.4976,7.78521,0.562
RGI60-11.01657,135248,46.5031,7.78562,0.012
RGI60-11.01658,135249,46.5046,7.93461,0.037
RGI60-11.01659,135250,46.507,9.73934,0.023
RGI60-11.01660,135251,46.5088,9.07064,0.025
RGI60-11.01661,135252,46.5038,8.07865,0.098
RGI60-11.01662,2488,46.5056,9.36354,0.168
RGI60-11.01663,135253,46.493,10.5374,1.118
RGI60-11.01664,,46.5036,8.00332,0.015
RGI60-11.01665,,46.5073,9.29785,0.015
RGI60-11.01666,2315,46.4956,7.90282,1.166
RGI60-11.01667,5359,46.5036,8.18217,0.07
RGI60-11.01668,135254,46.4965,10.4778,0.119
RGI60-11.01669,135255,46.4941,10.4947,0.689
RGI60-11.01670,4674,46.5044,9.29025,0.136
RGI60-11.01671,135256,46.49,10.7613,0.212
RGI60-11.01672,135257,46.4933,10.6256,0.11
RGI60-11.01673,135258,46.5003,7.93185,0.028
RGI60-11.01674,135259,46.4958,10.5512,0.013
RGI60-11.01675,135260,46.4943,10.4278,0.209
RGI60-11.01676,5379,46.5016,8.44729,0.264
RGI60-11.01677,135261,46.4944,10.4188,0.273
RGI60-11.01678,2311,46.4878,7.86595,3.121
RGI60-11.01679,135262,46.5011,8.17442,0.051
RGI60-11.01680,5384,46.5022,8.38307,0.097
RGI60-11.01681,135263,46.4957,10.4338,0.021
RGI60-11.01682,135264,46.4886,10.755,0.233
RGI60-11.01683,135265,46.4903,10.7673,0.034
RGI60-11.01684,5328,46.5003,8.07718,0.034
RGI60-11.01685,135266,46.503,8.451,0.039
RGI60-11.01686,135267,46.4961,10.4038,0.02
RGI60-11.01687,135268,46.4972,7.793,0.11
RGI60-11.01688,2314,46.4925,7.88926,0.88
RGI60-11.01689,5755,46.5045,9.02259,0.018
RGI60-11.01690,4636,46.4956,8.08142,0.55
RGI60-11.01691,135269,46.5039,9.02999,0.021
RGI60-11.01692,135270,46.4926,10.5079,0.193
RGI60-11.01693,135271,46.49,10.7701,0.033
RGI60-11.01694,,46.4978,7.86083,0.019
RGI60-11.01695,135272,46.4998,8.18056,0.037
RGI60-11.01696,135273,46.4998,8.38848,0.195
RGI60-11.01697,,46.498,7.92824,0.018
RGI60-11.01698,386,46.4729,7.93185,9.403
RGI60-11.01699,135274,46.4995,9.04359,0.204
RGI60-11.01700,135275,46.4877,10.7477,0.148
RGI60-11.01701,465,46.4972,9.0331,0.602
RGI60-11.01702,439,46.4754,7.8027,13.174
RGI60-11.01703,,46.5006,8.4405,0.013
RGI60-11.01704,1507,46.4838,10.771,0.564
RGI60-11.01705,135276,46.4983,8.17065,0.025
RGI60-11.01706,,46.4961,7.92372,0.019
RGI60-11.01707,5792,46.4969,9.94206,0.029
RGI60-11.01708,135277,46.4889,10.6226,0.112
RGI60-11.01709,,46.4904,10.5545,0.012
RGI60-11.01710,4635,46.4907,8.08916,0.69
RGI60-11.01711,135278,46.4989,8.43319,0.021
RGI60-11.01712,135279,46.4944,8.12573,0.215
RGI60-11.01713,135280,46.4975,8.43726,0.037
RGI60-11.01714,135281,46.4849,10.7391,0.211
RGI60-11.01715,135282,46.484,10.5466,1.03
RGI60-11.01716,135283,46.4883,7.76216,0.507
RGI60-11.01717,135284,46.4965,8.41145,0.028
RGI60-11.01718,135285,46.4954,9.76495,0.02
RGI60-11.01719,5348,46.4866,8.11417,2.18
RGI60-11.01720,5382,46.4959,8.4223,0.032
RGI60-11.01721,5790,46.4938,9.95204,0.011
RGI60-11.01722,,46.4933,8.07308,0.011
RGI60-11.01723,135286,46.4858,10.6074,0.023
RGI60-11.01724,5192,46.4888,7.78941,0.153
RGI60-11.01725,135287,46.4949,8.38624,0.028
RGI60-11.01726,135288,46.484,10.6258,0.065
RGI60-11.01727,,46.4952,8.56435,0.023
RGI60-11.01728,135289,46.4912,7.9196,0.033
RGI60-11.01729,135290,46.489,7.91042,0.09
RGI60-11.01730,135291,46.4953,9.04407,0.035
RGI60-11.01731,4675,46.4948,9.27837,0.036
RGI60-11.01732,5824,46.4928,9.76309,0.092
RGI60-11.01733,5357,46.4919,8.16888,0.077
RGI60-11.01734,135292,46.4902,7.93636,0.015
RGI60-11.01735,,46.494,9.52485,0.018
RGI60-11.01736,,46.4912,8.1216,0.022
RGI60-11.01737,135293,46.4775,10.5849,0.619
RGI60-11.01738,135294,46.4754,10.5973,1.048
RGI60-11.01739,135295,46.4804,10.7666,0.013
RGI60-11.01740,135296,46.4874,7.84979,0.033
RGI60-11.01741,135297,46.4916,8.40542,0.02
RGI60-11.01742,5191,46.4828,7.77396,0.347
RGI60-11.01743,3430,46.4839,8.09392,0.582
RGI60-11.01744,135298,46.4889,8.12321,0.016
RGI60-11.01745,5175,46.4823,7.75685,0.385
RGI60-11.01746,135299,46.4855,9.0687,0.957
RGI60-11.01747,135300,46.4784,10.7311,0.023
RGI60-11.01748,5134,46.4832,7.88328,0.386
RGI60-11.01749,5133,46.4842,7.89535,0.164
RGI60-11.01750,5260,46.478,7.90589,1.625
RGI60-11.01751,135301,46.4772,10.7747,0.028
RGI60-11.01752,135302,46.4899,9.04463,0.123
RGI60-11.01753,135303,46.4833,9.05441,1.063
RGI60-11.01754,135304,46.4797,10.5676,0.057
RGI60-11.01755,135305,46.4757,10.5576,0.564
RGI60-11.01756,135306,46.476,10.7647,0.114
RGI60-11.01757,5177,46.4781,7.74529,0.638
RGI60-11.01758,135307,46.4879,9.55404,0.034
RGI60-11.01759,135308,46.477,10.6078,0.09
RGI60-11.01760,5178,46.4755,7.73236,1.082
RGI60-11.01761,5787,46.4851,9.98788,0.031
RGI60-11.01762,3431,46.4796,8.09919,0.516
RGI60-11.01763,135309,46.4776,10.5727,0.117
RGI60-11.01764,,46.4755,10.7784,0.014
RGI60-11.01765,135310,46.4683,10.7127,1.269
RGI60-11.01766,135311,46.4821,9.08269,0.805
RGI60-11.01767,4678,46.485,9.11947,0.167
RGI60-11.01768,135312,46.4828,8.03233,0.204
RGI60-11.01769,4679,46.4837,9.10164,0.877
RGI60-11.01770,5259,46.4775,7.8934,0.526
RGI60-11.01771,135313,46.4859,9.07692,0.023
RGI60-11.01772,5249,46.478,7.91402,0.102
RGI60-11.01773,135314,46.4718,10.5677,0.446
RGI60-11.01774,5176,46.4785,7.75435,0.035
RGI60-11.01775,5261,46.4808,7.94764,0.024
RGI60-11.01776,661,46.4674,10.6115,2.163
RGI60-11.01777,5248,46.4792,7.8846,0.07
RGI60-11.01778,,46.4856,9.06145,0.012
RGI60-11.01779,135315,46.4835,8.52885,0.023
RGI60-11.01780,,46.4807,9.9835,0.015
RGI60-11.01781,135316,46.4785,7.8484,0.025
RGI60-11.01782,5347,46.4788,8.11215,0.187
RGI60-11.01783,5186,46.4738,7.72423,0.198
RGI60-11.01784,5346,46.4802,8.10457,0.036
RGI60-11.01785,135317,46.4704,10.5767,0.318
RGI60-11.01786,5245,46.4733,7.85954,1.245
RGI60-11.01787,135318,46.4804,9.5642,0.157
RGI60-11.01788,5246,46.4778,7.87515,0.023
RGI60-11.01789,135319,46.472,10.5899,0.016
RGI60-11.01790,135320,46.4643,10.7002,0.94
RGI60-11.01791,135321,46.4632,7.82572,4.848
RGI60-11.01792,,46.4771,7.88159,0.012
RGI60-11.01793,5181,46.4737,7.75833,0.193
RGI60-11.01794,135322,46.4815,9.10876,0.051
RGI60-11.01795,5179,46.4738,7.70965,0.035
RGI60-11.01796,5258,46.4754,7.8793,0.023
RGI60-11.01797,470,46.459,8.01614,7.428
RGI60-11.01798,135323,46.474,7.76725,0.032
RGI60-11.01799,,46.4764,7.95503,0.01
RGI60-11.01800,5325,46.4749,8.03751,0.406
RGI60-11.01801,,46.4801,9.10233,0.013
RGI60-11.01802,135324,46.4791,9.11799,0.136
RGI60-11.01803,135325,46.4697,7.88541,0.426
RGI60-11.01804,5180,46.471,7.71745,0.153
RGI60-11.01805,135326,46.4786,9.10762,0.121
RGI60-11.01806,135327,46.456,10.634,5.386
RGI60-11.01807,5247,46.4728,7.874,0.017
RGI60-11.01808,5189,46.4697,7.74813,0.128
RGI60-11.01809,5345,46.4726,8.10623,0.154
RGI60-11.01810,135328,46.4778,9.07277,0.019
RGI60-11.01811,5352,46.4744,8.10273,0.014
RGI60-11.01812,135329,46.4713,10.2002,0.023
RGI60-11.01813,135330,46.4565,10.6806,1.367
RGI60-11.01814,135331,46.4602,10.6913,0.337
RGI60-11.01815,5756,46.4757,9.08108,0.186
RGI60-11.01816,135332,46.4709,10.2043,0.017
RGI60-11.01817,5324,46.4705,8.04256,0.355
RGI60-11.01818,135333,46.4693,7.96182,0.2
RGI60-11.01819,4668,46.4752,9.41672,0.016
RGI60-11.01820,5760,46.4735,9.09055,0.254
RGI60-11.01821,135334,46.4713,8.09546,0.022
RGI60-11.01822,,46.4622,10.7174,0.011
RGI60-11.01823,,46.4673,7.74415,0.146
RGI60-11.01824,467,46.4703,8.50581,0.384
RGI60-11.01825,135335,46.4696,8.09986,0.086
RGI60-11.01826,2663,46.4654,7.72847,0.151
RGI60-11.01827,361,46.4173,7.97735,19.286
RGI60-11.01828,5337,46.4674,7.99507,0.141
RGI60-11.01829,4669,46.471,9.41257,0.086
RGI60-11.01830,135336,46.4669,7.86812,0.014
RGI60-11.01831,135337,46.4724,9.08113,0.022
RGI60-11.01832,135338,46.4674,8.10166,0.048
RGI60-11.01833,5323,46.4654,8.04251,0.348
RGI60-11.01834,135339,46.4512,10.7085,2.836
RGI60-11.01835,135340,46.4643,7.95311,0.021
RGI60-11.01836,135341,46.4629,7.96568,0.075
RGI60-11.01837,135342,46.4637,7.9761,0.025
RGI60-11.01838,135343,46.4683,9.1353,0.021
RGI60-11.01839,135344,46.4529,10.5105,0.375
RGI60-11.01840,135345,46.4503,10.6073,2.169
RGI60-11.01841,135346,46.4548,10.6681,0.032
RGI60-11.01842,135347,46.4616,7.95295,0.03
RGI60-11.01843,135348,46.4538,10.5506,0.281
RGI60-11.01844,135349,46.4614,8.04625,0.02
RGI60-11.01845,135350,46.4595,7.9482,0.039
RGI60-11.01846,,46.4646,9.27168,0.013
RGI60-11.01847,5812,46.461,9.85032,0.032
RGI60-11.01848,5193,46.4549,7.78301,0.389
RGI60-11.01849,135351,46.4524,10.5354,0.257
RGI60-11.01850,135352,46.4527,10.5268,0.059
RGI60-11.01851,135353,46.4507,10.5429,0.127
RGI60-11.01852,135354,46.4575,10.1285,0.023
RGI60-11.01853,135355,46.4593,9.26885,0.244
RGI60-11.01854,5322,46.4569,8.04984,0.042
RGI60-11.01855,5393,46.4595,8.35719,0.014
RGI60-11.01856,135356,46.4502,10.5193,0.035
RGI60-11.01857,5241,46.448,7.7883,0.958
RGI60-11.01858,135357,46.4493,10.5259,0.032
RGI60-11.01859,135358,46.4489,10.4998,0.074
RGI60-11.01860,468,46.4554,8.39074,0.194
RGI60-11.01861,135360,46.4472,10.5945,0.064
RGI60-11.01862,5253,46.4516,7.93488,0.242
RGI60-11.01863,135361,46.4337,10.6286,4.151
RGI60-11.01864,5389,46.4536,8.32548,0.183
RGI60-11.01865,5388,46.4556,8.33725,0.015
RGI60-11.01866,5182,46.4502,7.78046,0.084
RGI60-11.01867,,46.4529,7.94717,0.014
RGI60-11.01868,135362,46.4518,8.47167,0.634
RGI60-11.01869,135363,46.4448,10.6036,0.168
RGI60-11.01870,135364,46.4525,9.73303,0.172
RGI60-11.01871,135365,46.4511,10.1475,0.02
RGI60-11.01872,135366,46.4558,9.26084,0.02
RGI60-11.01873,135367,46.4526,9.26081,0.331
RGI60-11.01874,135368,46.4504,10.1528,0.025
RGI60-11.01875,,46.4462,10.5063,0.024
RGI60-11.01876,359,46.4383,8.33019,5.29
RGI60-11.01877,135369,46.4433,10.5987,0.023
RGI60-11.01878,135370,46.454,9.26846,0.016
RGI60-11.01879,135371,46.4463,10.1496,0.072
RGI60-11.01880,5194,46.4473,7.77856,0.027
RGI60-11.01881,135372,46.4479,7.92364,0.018
RGI60-11.01882,5263,46.4478,7.93638,0.043
RGI60-11.01883,,46.4518,8.3956,0.011
RGI60-11.01884,135373,46.441,10.5938,0.069
RGI60-11.01885,135374,46.4331,7.68726,1.427
RGI60-11.01886,135375,46.4503,8.31564,0.015
RGI60-11.01887,5204,46.44,7.67486,0.21
RGI60-11.01888,135376,46.436,10.6101,0.495
RGI60-11.01889,5739,46.4484,8.48534,0.168
RGI60-11.01890,5254,46.4453,7.92948,0.113
RGI60-11.01891,135377,46.4437,7.77599,0.053
RGI60-11.01892,5316,46.4444,7.96087,0.305
RGI60-11.01893,135378,46.4445,10.1407,0.023
RGI60-11.01894,5239,46.4407,7.77587,0.341
RGI60-11.01895,135379,46.4483,8.40036,0.028
RGI60-11.01896,135380,46.4459,8.30769,0.106
RGI60-11.01897,135381,46.4473,8.39361,0.017
RGI60-11.01898,135382,46.4429,7.93406,0.03
RGI60-11.01899,5203,46.439,7.67768,0.067
RGI60-11.01900,5197,46.4409,7.7675,0.032
RGI60-11.01901,,46.4423,10.1372,0.016
RGI60-11.01902,3432,46.4376,8.01744,0.986
RGI60-11.01903,,46.4417,10.1331,0.016
RGI60-11.01904,135383,46.4379,7.69809,0.099
RGI60-11.01905,135384,46.4403,7.93146,0.084
RGI60-11.01906,5315,46.4386,7.95939,0.514
RGI60-11.01907,5321,46.4401,8.03523,0.042
RGI60-11.01908,4622,46.4339,7.66603,0.149
RGI60-11.01909,135385,46.4375,7.76516,0.016
RGI60-11.01910,135386,46.4378,7.92694,0.175
RGI60-11.01911,135387,46.4393,8.00136,0.034
RGI60-11.01912,3428,46.4303,8.00827,2.209
RGI60-11.01913,135388,46.4378,7.95109,0.033
RGI60-11.01914,,46.438,7.93561,0.014
RGI60-11.01915,135389,46.4335,10.1215,0.332
RGI60-11.01916,135390,46.4295,10.6448,0.019
RGI60-11.01917,135391,46.4345,7.95199,0.067
RGI60-11.01918,5264,46.4356,7.91643,0.019
RGI60-11.01919,135392,46.4353,7.92185,0.018
RGI60-11.01920,135393,46.4245,10.6109,0.832
RGI60-11.01921,135394,46.4331,7.91848,0.132
RGI60-11.01922,5198,46.4329,7.75858,0.014
RGI60-11.01923,5318,46.4324,7.99071,0.339
RGI60-11.01924,135395,46.4329,7.90998,0.061
RGI60-11.01925,5256,46.4286,7.89449,0.37
RGI60-11.01926,5742,46.4376,8.72115,0.065
RGI60-11.01927,,46.4329,10.1292,0.011
RGI60-11.01928,5184,46.4235,7.70846,0.672
RGI60-11.01929,5391,46.4334,8.31054,0.128
RGI60-11.01930,1106,46.4296,10.1119,0.296
RGI60-11.01931,135396,46.4282,7.75005,0.249
RGI60-11.01932,135397,46.4314,7.90321,0.035
RGI60-11.01933,5200,46.4295,7.74329,0.018
RGI60-11.01934,438,46.4187,7.67178,0.972
RGI60-11.01935,135398,46.4226,10.279,1.174
RGI60-11.01936,135399,46.4268,7.67454,0.087
RGI60-11.01937,135400,46.4271,7.68186,0.045
RGI60-11.01938,135401,46.4306,9.8953,0.04
RGI60-11.01939,135402,46.4271,7.74219,0.018
RGI60-11.01940,1681,46.4323,8.7298,0.158
RGI60-11.01941,135403,46.426,10.2969,0.042
RGI60-11.01942,135404,46.4148,10.6269,1.316
RGI60-11.01943,135405,46.4169,7.54166,0.899
RGI60-11.01944,135406,46.4254,7.74225,0.017
RGI60-11.01945,5803,46.4258,9.88976,0.258
RGI60-11.01946,1673,46.3891,9.92523,15.809
RGI60-11.01947,135407,46.4243,7.69203,0.022
RGI60-11.01948,135408,46.4136,10.6072,1.163
RGI60-11.01949,5215,46.4194,7.55452,0.299
RGI60-11.01950,135409,46.4231,10.2927,0.023
RGI60-11.01951,5210,46.4185,7.65301,0.197
RGI60-11.01952,5737,46.4229,8.46585,0.523
RGI60-11.01953,397,46.422,10.109,0.306
RGI60-11.01954,135410,46.4174,7.65817,0.278
RGI60-11.01955,135411,46.4178,7.59082,0.224
RGI60-11.01956,5268,46.4213,7.87921,0.407
RGI60-11.01957,135412,46.421,7.89822,0.147
RGI60-11.01958,135413,46.4155,7.68974,0.333
RGI60-11.01959,135414,46.4252,8.3336,0.039
RGI60-11.01960,135415,46.4229,9.90187,0.055
RGI60-11.01961,135416,46.4232,8.31726,0.283
RGI60-11.01962,4535,46.419,9.8243,0.455
RGI60-11.01963,135417,46.4206,7.89305,0.074
RGI60-11.01964,,46.4243,8.32902,0.025
RGI60-11.01965,5205,46.4161,7.64862,0.179
RGI60-11.01966,135418,46.421,7.93457,0.019
RGI60-11.01967,,46.4166,7.59818,0.019
RGI60-11.01968,5804,46.4182,9.89193,0.812
RGI60-11.01969,,46.4197,7.92821,0.013
RGI60-11.01970,5214,46.4157,7.5704,0.012
RGI60-11.01971,5208,46.4129,7.57197,0.403
RGI60-11.01972,,46.4209,9.90402,0.014
RGI60-11.01973,135419,46.4213,8.30599,0.116
RGI60-11.01974,135420,46.3918,10.5897,11.33
RGI60-11.01975,,46.4154,7.58267,0.01
RGI60-11.01976,5216,46.4142,7.55921,0.05
RGI60-11.01977,135421,46.413,7.70276,0.151
RGI60-11.01978,135422,46.4143,7.58846,0.019
RGI60-11.01979,135423,46.4185,7.9369,0.023
RGI60-11.01980,135424,46.4059,10.6347,1.311
RGI60-11.01981,135425,46.4195,8.28625,0.045
RGI60-11.01982,5738,46.4209,8.45912,0.027
RGI60-11.01983,5398,46.4199,8.25876,0.011
RGI60-11.01984,5212,46.4131,7.55864,0.044
RGI60-11.01985,5275,46.4133,7.8724,0.224
RGI60-11.01986,5292,46.4062,7.89304,1.817
RGI60-11.01987,463,46.416,8.4812,2.092
RGI60-11.01988,135426,46.4119,7.54918,0.043
RGI60-11.01989,,46.4139,7.64683,0.014
RGI60-11.01990,437,46.4026,7.54258,2.422
RGI60-11.01991,135427,46.4114,7.54341,0.015
RGI60-11.01992,5237,46.4133,7.70757,0.039
RGI60-11.01993,,46.4152,7.86462,0.011
RGI60-11.01994,135428,46.4172,8.28424,0.032
RGI60-11.01995,135429,46.4185,8.3037,0.021
RGI60-11.01996,135430,46.4121,7.70947,0.058
RGI60-11.01997,135431,46.4125,10.2804,0.021
RGI60-11.01998,135432,46.4084,10.6083,0.023
RGI60-11.01999,5397,46.4146,8.27579,0.318
RGI60-11.02000,4624,46.4061,7.52605,0.27
RGI60-11.02001,5809,46.4136,9.82952,0.152
RGI60-11.02002,135433,46.4126,10.1714,0.021
RGI60-11.02003,,46.4158,8.30112,0.019
RGI60-11.02004,135434,46.4088,7.7026,0.042
RGI60-11.02005,135435,46.41,7.86483,0.065
RGI60-11.02006,5291,46.3979,7.86782,4.498
RGI60-11.02007,5297,46.4083,7.91614,0.592
RGI60-11.02008,135436,46.4111,7.85638,0.019
RGI60-11.02009,135437,46.4128,9.9091,0.026
RGI60-11.02010,5395,46.4134,8.29108,0.032
RGI60-11.02011,4596,46.4108,9.89887,0.613
RGI60-11.02012,631,46.4095,8.30509,1.303
RGI60-11.02013,5795,46.4116,9.96805,0.024
RGI60-11.02014,135439,46.4101,7.86925,0.024
RGI60-11.02015,5298,46.408,7.92909,0.209
RGI60-11.02016,5412,46.4118,8.26376,0.301
RGI60-11.02017,,46.4142,8.3633,0.016
RGI60-11.02018,135440,46.4023,10.5552,0.194
RGI60-11.02019,5296,46.4083,7.90554,0.27
RGI60-11.02020,135441,46.4086,10.2718,0.02
RGI60-11.02021,135442,46.4084,7.86317,0.02
RGI60-11.02022,5813,46.4113,9.82021,0.05
RGI60-11.02023,5798,46.4105,9.90576,0.033
RGI60-11.02024,4339,46.4083,9.82369,0.349
RGI60-11.02025,5797,46.4097,9.91065,0.07
RGI60-11.02026,135443,46.4065,10.2853,0.046
RGI60-11.02027,5271,46.4046,7.85197,0.272
RGI60-11.02028,135444,46.4075,7.85901,0.025
RGI60-11.02029,135445,46.4089,7.96491,0.014
RGI60-11.02030,135446,46.4,10.6375,0.079
RGI60-11.02031,135447,46.4099,8.28987,0.078
RGI60-11.02032,5801,46.4061,9.90271,0.181
RGI60-11.02033,135448,46.4002,10.6312,0.123
RGI60-11.02034,135449,46.4017,10.5628,0.032
RGI60-11.02035,,46.4004,10.6436,0.016
RGI60-11.02036,135450,46.407,7.96,0.029
RGI60-11.02037,5399,46.4074,8.26287,0.183
RGI60-11.02038,,46.4017,7.52164,0.014
RGI60-11.02039,135451,46.396,10.5457,0.394
RGI60-11.02040,135452,46.4056,7.95495,0.064
RGI60-11.02041,135453,46.4068,8.31363,0.128
RGI60-11.02042,5800,46.4054,9.90986,0.109
RGI60-11.02043,135454,46.3988,10.6281,0.054
RGI60-11.02044,135455,46.4081,8.2696,0.026
RGI60-11.02045,135456,46.4078,8.25813,0.03
RGI60-11.02046,135457,46.4009,10.4432,0.042
RGI60-11.02047,135458,46.4048,7.95129,0.058
RGI60-11.02048,5401,46.4072,8.28298,0.038
RGI60-11.02049,135459,46.4021,10.275,0.032
RGI60-11.02050,5300,46.4015,7.94371,0.355
RGI60-11.02051,4597,46.3887,9.88519,6.061
RGI60-11.02052,135460,46.3959,10.5524,0.148
RGI60-11.02053,135461,46.4056,8.28621,0.101
RGI60-11.02054,135462,46.4044,8.35548,0.143
RGI60-11.02055,135463,46.3975,10.4323,0.265
RGI60-11.02056,135464,46.3997,7.84934,0.104
RGI60-11.02057,4663,46.406,9.58574,0.099
RGI60-11.02058,135465,46.4025,7.84381,0.014
RGI60-11.02059,5814,46.4035,9.81307,0.137
RGI60-11.02060,135466,46.4062,8.46553,0.045
RGI60-11.02061,135467,46.3974,7.52953,0.054
RGI60-11.02062,135468,46.3978,10.4411,0.035
RGI60-11.02063,135469,46.4056,9.57664,0.032
RGI60-11.02064,1178,46.395,8.32631,2.715
RGI60-11.02065,5796,46.402,9.91125,0.107
RGI60-11.02066,135471,46.3992,10.2264,0.048
RGI60-11.02067,135472,46.4028,8.36191,0.14
RGI60-11.02068,135473,46.3959,7.55362,0.071
RGI60-11.02069,135474,46.3984,9.94194,0.537
RGI60-11.02070,5794,46.4008,9.98435,0.057
RGI60-11.02071,135475,46.4018,9.81932,0.053
RGI60-11.02072,4630,46.3839,7.51198,7.717
RGI60-11.02073,5272,46.3946,7.83706,0.475
RGI60-11.02074,135476,46.3987,7.84379,0.036
RGI60-11.02075,399,46.3929,9.9927,1.452
RGI60-11.02076,135477,46.398,10.2046,0.022
RGI60-11.02077,135478,46.3933,10.6245,0.041
RGI60-11.02078,135479,46.3907,10.218,0.748
RGI60-11.02079,135480,46.4009,8.30092,0.114
RGI60-11.02080,135481,46.3919,10.4268,0.192
RGI60-11.02081,135482,46.3929,10.542,0.03
RGI60-11.02082,,46.3992,9.99963,0.014
RGI60-11.02083,4667,46.4018,9.46998,0.017
RGI60-11.02084,,46.3985,9.90733,0.08
RGI60-11.02085,135483,46.389,10.6229,0.237
RGI60-11.02086,135484,46.4009,9.47229,0.038
RGI60-11.02087,135485,46.3936,10.2026,0.285
RGI60-11.02088,135486,46.3928,10.2095,0.187
RGI60-11.02089,135487,46.3921,10.4342,0.104
RGI60-11.02090,135488,46.3901,10.5997,0.042
RGI60-11.02091,135489,46.3995,8.29259,0.023
RGI60-11.02092,135490,46.3992,8.30807,0.013
RGI60-11.02093,135491,46.394,10.2954,0.02
RGI60-11.02094,135492,46.3855,10.5342,0.524
RGI60-11.02095,5207,46.3868,7.56541,0.66
RGI60-11.02096,135493,46.3951,10.005,0.024
RGI60-11.02097,135494,46.394,10.1688,0.02
RGI60-11.02098,135495,46.3904,10.4387,0.024
RGI60-11.02099,5217,46.3876,7.47706,0.19
RGI60-11.02100,135496,46.3953,9.91127,0.057
RGI60-11.02101,135497,46.3915,10.2338,0.072
RGI60-11.02102,135498,46.3847,10.5425,0.376
RGI60-11.02103,5403,46.3942,8.31164,0.213
RGI60-11.02104,,46.3913,10.1953,0.016
RGI60-11.02105,5236,46.3884,7.69608,0.179
RGI60-11.02106,,46.3967,9.46994,0.015
RGI60-11.02107,135499,46.3916,10.0093,0.094
RGI60-11.02108,135500,46.391,7.83707,0.029
RGI60-11.02109,5206,46.387,7.59808,0.143
RGI60-11.02110,135501,46.3895,10.1679,0.113
RGI60-11.02111,,46.391,7.83254,0.012
RGI60-11.02112,135502,46.3839,10.6146,0.26
RGI60-11.02113,135503,46.3764,10.5521,2.359
RGI60-11.02114,135504,46.3895,10.1911,0.059
RGI60-11.02115,135505,46.3911,10.0041,0.029
RGI60-11.02116,,46.3894,10.1989,0.04
RGI60-11.02117,5287,46.3885,7.8311,0.206
RGI60-11.02118,,46.39,7.81696,0.014
RGI60-11.02119,406,46.3727,9.84772,7.803
RGI60-11.02120,135506,46.3905,9.90635,0.079
RGI60-11.02121,5284,46.385,7.82412,0.339
RGI60-11.02122,135507,46.3933,9.46875,0.039
RGI60-11.02123,135508,46.3871,10.1726,0.081
RGI60-11.02124,4632,46.3822,7.54241,0.213
RGI60-11.02125,135509,46.3875,10.204,0.06
RGI60-11.02126,135510,46.3879,7.84259,0.046
RGI60-11.02127,135511,46.3895,9.9156,0.016
RGI60-11.02128,5211,46.3849,7.59226,0.025
RGI60-11.02129,135512,46.3853,10.1945,0.215
RGI60-11.02130,,46.3926,9.42645,0.017
RGI60-11.02131,135513,46.3797,7.48255,0.211
RGI60-11.02131,4631,46.3797,7.48255,0.211
RGI60-11.02132,5289,46.3862,7.84703,0.019
RGI60-11.02133,135514,46.3859,7.85427,0.04
RGI60-11.02134,135515,46.3808,10.5364,0.041
RGI60-11.02135,135516,46.3795,10.6132,0.13
RGI60-11.02136,5413,46.3873,8.30943,0.334
RGI60-11.02137,135517,46.3848,7.85796,0.059
RGI60-11.02138,135518,46.3861,9.90541,0.028
RGI60-11.02139,135519,46.389,9.465,0.023
RGI60-11.02140,5807,46.3863,9.818,0.037
RGI60-11.02141,135520,46.3874,9.4157,0.083
RGI60-11.02142,135521,46.3863,9.42642,0.388
RGI60-11.02143,135522,46.3836,7.86433,0.033
RGI60-11.02144,398,46.3679,9.97822,5.83
RGI60-11.02145,,46.3878,9.41949,0.012
RGI60-11.02146,5283,46.3794,7.81519,0.269
RGI60-11.02147,135523,46.3753,10.6047,0.149
RGI60-11.02148,5235,46.3798,7.68262,0.124
RGI60-11.02149,135524,46.3854,8.32006,0.04
RGI60-11.02150,135525,46.3855,9.46214,0.14
RGI60-11.02151,135526,46.374,10.5867,0.624
RGI60-11.02152,135527,46.373,10.5985,0.1
RGI60-11.02153,5273,46.3811,7.80343,0.02
RGI60-11.02154,5806,46.3799,9.82164,0.494
RGI60-11.02155,,46.3857,9.41473,0.011
RGI60-11.02156,135528,46.3742,10.574,0.152
RGI60-11.02157,,46.3837,8.32015,0.014
RGI60-11.02158,,46.3851,9.41827,0.012
RGI60-11.02159,,46.3847,9.27658,0.026
RGI60-11.02160,135529,46.3827,9.46472,0.124
RGI60-11.02161,135530,46.3712,10.5668,0.264
RGI60-11.02162,135531,46.3829,9.5907,0.014
RGI60-11.02163,135532,46.3823,9.41757,0.027
RGI60-11.02164,5815,46.3775,9.81562,0.255
RGI60-11.02165,5282,46.3729,7.80403,0.994
RGI60-11.02166,,46.3798,9.90552,0.012
RGI60-11.02167,135533,46.3801,9.45975,0.142
RGI60-11.02168,1678,46.3652,7.37486,0.988
RGI60-11.02169,135534,46.3792,8.32817,0.198
RGI60-11.02170,135535,46.3795,9.86489,0.022
RGI60-11.02171,135536,46.3753,10.3032,0.023
RGI60-11.02172,135537,46.3651,9.90219,4.41
RGI60-11.02173,135538,46.3628,9.95534,4.824
RGI60-11.02174,5764,46.3795,9.59148,0.071
RGI60-11.02175,5805,46.3776,9.87063,0.086
RGI60-11.02176,135539,46.369,10.5578,0.125
RGI60-11.02177,135540,46.38,9.42636,0.026
RGI60-11.02178,135541,46.3699,10.591,0.03
RGI60-11.02179,135542,46.3749,7.86176,0.042
RGI60-11.02180,5766,46.3787,9.58244,0.038
RGI60-11.02181,135543,46.3769,9.45456,0.225
RGI60-11.02182,,46.3778,9.58528,0.014
RGI60-11.02183,,46.377,9.58731,0.014
RGI60-11.02184,,46.3745,9.80976,0.014
RGI60-11.02185,135544,46.369983673,7.817710876,0.049
RGI60-11.02186,,46.3726,9.81391,0.013
RGI60-11.02187,5231,46.3601,7.37784,0.459
RGI60-11.02188,,46.3736,9.44864,0.017
RGI60-11.02189,135545,46.3697,9.99428,0.032
RGI60-11.02190,,46.3621,7.36378,0.012
RGI60-11.02191,135546,46.3598,7.35596,0.03
RGI60-11.02192,135547,46.3644,7.79669,0.032
RGI60-11.02193,135548,46.3697,9.49261,0.024
RGI60-11.02194,135549,46.3536,9.9319,4.671
RGI60-11.02195,5816,46.3598,9.81868,1.93
RGI60-11.02196,135550,46.3639,9.87627,0.439
RGI60-11.02197,5232,46.3538,7.36835,0.866
RGI60-11.02198,5220,46.3515,7.34048,0.644
RGI60-11.02199,135551,46.3616,7.79001,0.014
RGI60-11.02200,135552,46.3533,7.31351,0.082
RGI60-11.02201,135553,46.3644,9.73365,0.022
RGI60-11.02202,135554,46.3542,7.34912,0.033
RGI60-11.02203,135555,46.3558,10.5379,0.03
RGI60-11.02204,135556,46.3641,8.39306,0.039
RGI60-11.02205,,46.3631,8.2542,0.011
RGI60-11.02206,135557,46.3613,9.86333,0.014
RGI60-11.02207,1679,46.3491,7.32327,0.56
RGI60-11.02208,5818,46.3533,9.77967,0.638
RGI60-11.02209,135558,46.3516,9.84626,4.667
RGI60-11.02210,135559,46.3574,10.1139,0.047
RGI60-11.02211,5230,46.3492,7.35813,0.107
RGI60-11.02212,5822,46.3573,9.74279,0.044
RGI60-11.02213,135560,46.3548,9.9782,0.067
RGI60-11.02214,667,46.348,10.5127,0.207
RGI60-11.02215,135561,46.3556,9.79489,0.035
RGI60-11.02216,135562,46.3541,9.95076,0.068
RGI60-11.02217,135563,46.3444,10.4412,0.185
RGI60-11.02218,135564,46.3513,9.81011,0.142
RGI60-11.02219,135565,46.3526,9.91095,0.033
RGI60-11.02220,,46.3442,7.35669,0.014
RGI60-11.02221,5821,46.3522,9.74547,0.064
RGI60-11.02222,5819,46.3434,9.772,2.031
RGI60-11.02223,5817,46.3481,9.79918,0.438
RGI60-11.02224,135566,46.3508,9.79013,0.029
RGI60-11.02225,135567,46.35,9.82446,0.042
RGI60-11.02226,5820,46.3488,9.7508,0.156
RGI60-11.02227,5768,46.3489,9.71567,0.047
RGI60-11.02228,135568,46.3479,9.99244,0.012
RGI60-11.02229,5782,46.3478,9.99785,0.011
RGI60-11.02230,135569,46.3474,9.99564,0.019
RGI60-11.02231,,46.3484,9.75528,0.011
RGI60-11.02232,135570,46.3448,9.78893,0.368
RGI60-11.02233,135571,46.3442,9.99253,0.183
RGI60-11.02234,135572,46.3446,9.76037,0.133
RGI60-11.02235,135573,46.3453,9.91533,0.017
RGI60-11.02236,135574,46.3414,9.86061,0.326
RGI60-11.02237,135575,46.3442,9.67978,0.043
RGI60-11.02238,,46.3441,9.79435,0.014
RGI60-11.02239,135576,46.3413,9.98085,0.043
RGI60-11.02240,,46.3429,8.22455,0.011
RGI60-11.02241,,46.3317,7.25113,0.019
RGI60-11.02242,135577,46.3385,9.91526,0.443
RGI60-11.02243,5767,46.3429,9.7218,0.013
RGI60-11.02244,454,46.327,7.21308,0.347
RGI60-11.02245,396,46.3085,9.70108,6.887
RGI60-11.02246,135578,46.3381,9.72073,0.116
RGI60-11.02247,,46.3373,9.90538,0.013
RGI60-11.02248,,46.3375,9.78426,0.014
RGI60-11.02249,371,46.3202,7.22536,2.89
RGI60-11.02250,5417,46.3365,8.22637,0.014
RGI60-11.02251,5405,46.3337,8.22051,0.09
RGI60-11.02252,5416,46.3363,8.2311,0.013
RGI60-11.02253,135579,46.3355,9.78087,0.054
RGI60-11.02254,135580,46.3194,7.20545,0.226
RGI60-11.02255,,46.3333,9.68096,0.014
RGI60-11.02256,,46.3322,9.71957,0.016
RGI60-11.02257,5771,46.3315,9.68453,0.028
RGI60-11.02258,5406,46.3295,8.22751,0.043
RGI60-11.02259,135581,46.3281,9.71448,0.086
RGI60-11.02260,135582,46.3193,10.4427,0.057
RGI60-11.02261,5229,46.3092,7.20068,0.881
RGI60-11.02262,,46.3148,7.20098,0.018
RGI60-11.02263,5224,46.3147,7.2037,0.023
RGI60-11.02264,135583,46.3257,8.23045,0.035
RGI60-11.02265,135584,46.3136,7.21929,0.035
RGI60-11.02266,5774,46.3256,9.68478,0.051
RGI60-11.02267,135585,46.3226,9.92694,0.023
RGI60-11.02268,5773,46.3185,9.67847,0.804
RGI60-11.02269,135586,46.316,10.4466,0.018
RGI60-11.02270,135587,46.3148,10.4401,0.055
RGI60-11.02271,,46.3091,7.21092,0.032
RGI60-11.02272,135588,46.3212,9.69169,0.023
RGI60-11.02273,452,46.3067,7.1835,0.306
RGI60-11.02274,135590,46.3073,7.17716,0.03
RGI60-11.02275,,46.3203,9.68555,0.012
RGI60-11.02276,135591,46.3187,9.72268,0.139
RGI60-11.02277,135592,46.3066,7.17545,0.023
RGI60-11.02278,135593,46.3183,8.21556,0.015
RGI60-11.02279,,46.3188,9.72854,0.011
RGI60-11.02280,135594,46.3181,9.73123,0.023
RGI60-11.02281,135595,46.318,9.67056,0.011
RGI60-11.02282,5775,46.3094,9.66813,1.422
RGI60-11.02283,135596,46.3149,9.68706,0.06
RGI60-11.02284,135597,46.3121,9.72914,0.332
RGI60-11.02285,135598,46.2987,9.64185,2.588
RGI60-11.02286,,46.3095,8.1322,0.011
RGI60-11.02287,5410,46.3073,8.13633,0.16
RGI60-11.02288,135599,46.3076,9.71657,0.032
RGI60-11.02289,135600,46.3061,9.72538,0.157
RGI60-11.02290,5407,46.3067,8.19055,0.011
RGI60-11.02291,135601,46.3014,8.1287,0.565
RGI60-11.02292,,46.3047,8.18334,0.016
RGI60-11.02293,5778,46.2974,9.61635,1.171
RGI60-11.02294,5409,46.3035,8.14302,0.105
RGI60-11.02295,135602,46.3029,8.18526,0.133
RGI60-11.02296,5422,46.3036,8.15462,0.017
RGI60-11.02297,135603,46.3037,9.72076,0.077
RGI60-11.02298,135604,46.3037,9.72989,0.014
RGI60-11.02299,5776,46.3008,9.6667,0.349
RGI60-11.02300,135605,46.3031,9.66195,0.026
RGI60-11.02301,135606,46.3009,9.60501,0.096
RGI60-11.02302,5780,46.2997,9.57942,0.148
RGI60-11.02303,5779,46.301,9.59224,0.248
RGI60-11.02304,135607,46.3025,9.57101,0.059
RGI60-11.02305,135608,46.3025,9.67421,0.028
RGI60-11.02306,135609,46.3012,8.19074,0.042
RGI60-11.02307,,46.3015,8.18205,0.014
RGI60-11.02308,135610,46.2974,9.71972,0.576
RGI60-11.02309,135611,46.3003,8.17706,0.032
RGI60-11.02310,135612,46.2995,8.13702,0.022
RGI60-11.02311,135613,46.299,9.62943,0.104
RGI60-11.02312,135614,46.2983,9.67929,0.065
RGI60-11.02313,5421,46.2984,8.15823,0.037
RGI60-11.02314,135615,46.2964,8.13442,0.19
RGI60-11.02315,135616,46.2966,8.11923,0.059
RGI60-11.02316,,46.2983,9.61037,0.011
RGI60-11.02317,135617,46.297,9.67307,0.069
RGI60-11.02318,135618,46.2932,9.68093,0.06
RGI60-11.02319,135619,46.2834,9.98555,1.591
RGI60-11.02320,135620,46.2934,9.57655,0.083
RGI60-11.02321,,46.2927,9.60796,0.045
RGI60-11.02322,,46.293,9.68692,0.013
RGI60-11.02323,,46.2934,9.58418,0.015
RGI60-11.02324,135621,46.2915,9.69166,0.082
RGI60-11.02325,135622,46.2928,9.58924,0.02
RGI60-11.02326,135623,46.2908,9.72395,0.175
RGI60-11.02327,135624,46.2917,9.79737,0.012
RGI60-11.02328,,46.2908,8.12573,0.015
RGI60-11.02329,,46.2901,8.12852,0.02
RGI60-11.02330,135625,46.2917,9.60387,0.037
RGI60-11.02331,135626,46.2905,9.5721,0.072
RGI60-11.02332,,46.2896,9.62284,0.043
RGI60-11.02333,135627,46.2904,9.70456,0.039
RGI60-11.02334,135628,46.2884,8.1215,0.03
RGI60-11.02335,,46.2887,8.19566,0.012
RGI60-11.02336,135629,46.2886,9.71816,0.014
RGI60-11.02337,135630,46.2801,9.74445,2.52
RGI60-11.02338,,46.2874,9.6155,0.074
RGI60-11.02339,135631,46.2864,9.80392,0.074
RGI60-11.02340,135632,46.2865,9.69854,0.033
RGI60-11.02341,135633,46.2867,9.72657,0.078
RGI60-11.02342,135634,46.2867,9.76716,0.02
RGI60-11.02343,,46.286,9.6413,0.014
RGI60-11.02344,135635,46.2855,9.64586,0.03
RGI60-11.02345,135636,46.2841,9.56618,0.056
RGI60-11.02346,,46.2854,9.63753,0.018
RGI60-11.02347,135637,46.2837,9.76651,0.122
RGI60-11.02348,,46.2852,9.62025,0.011
RGI60-11.02349,135638,46.2849,9.62675,0.017
RGI60-11.02350,,46.2841,9.80354,0.014
RGI60-11.02351,135639,46.2707,9.76979,2.209
RGI60-11.02352,135640,46.2827,9.61368,0.025
RGI60-11.02353,135641,46.2773,9.764,0.525
RGI60-11.02354,135642,46.2733,9.73232,0.036
RGI60-11.02355,135643,46.2718,9.78516,0.024
RGI60-11.02356,135644,46.2569,7.15896,0.36
RGI60-11.02357,135645,46.2622,9.74098,0.814
RGI60-11.02358,135646,46.2678,9.73286,0.217
RGI60-11.02359,135647,46.2673,9.78604,0.044
RGI60-11.02360,135648,46.2622,9.75347,0.267
RGI60-11.02361,,46.2549,10.6829,0.014
RGI60-11.02362,135649,46.2627,9.76103,0.054
RGI60-11.02363,135650,46.2615,9.74655,0.049
RGI60-11.02364,135651,46.2605,9.9702,0.047
RGI60-11.02365,135652,46.2607,8.09122,0.015
RGI60-11.02366,135653,46.2544,8.09529,0.56
RGI60-11.02367,135654,46.2564,8.10995,0.069
RGI60-11.02368,135655,46.2569,9.98528,0.023
RGI60-11.02369,135656,46.2444,7.14461,0.125
RGI60-11.02370,363,46.25,8.08461,1.668
RGI60-11.02371,135657,46.2567,9.76114,0.047
RGI60-11.02372,135658,46.2557,9.7516,0.061
RGI60-11.02373,135659,46.254,9.96898,0.069
RGI60-11.02374,,46.2548,8.10725,0.012
RGI60-11.02375,135660,46.2532,9.97731,0.031
RGI60-11.02376,5227,46.2407,7.13708,0.214
RGI60-11.02377,135661,46.2424,10.6804,0.109
RGI60-11.02378,,46.2448,10.6938,0.015
RGI60-11.02379,135662,46.2504,9.99377,0.023
RGI60-11.02380,135663,46.2508,9.99682,0.016
RGI60-11.02381,,46.2422,10.6939,0.013
RGI60-11.02382,135664,46.2391,7.14998,0.019
RGI60-11.02383,135665,46.2411,10.676,0.038
RGI60-11.02384,135666,46.2488,9.96541,0.031
RGI60-11.02385,5736,46.2412,8.09834,2.548
RGI60-11.02386,383,46.2421,7.65106,0.078
RGI60-11.02387,,46.2452,8.11907,0.019
RGI60-11.02388,135667,46.2295,10.6618,1.4
RGI60-11.02389,135668,46.2407,8.07879,0.455
RGI60-11.02390,135669,46.2318,7.13606,0.013
RGI60-11.02391,135670,46.2445,9.73572,0.023
RGI60-11.02392,,46.2346,10.6796,0.014
RGI60-11.02393,135671,46.2332,10.6762,0.07
RGI60-11.02394,,46.2344,10.6278,0.013
RGI60-11.02395,,46.2336,10.6298,0.015
RGI60-11.02396,135672,46.2423,9.73403,0.031
RGI60-11.02397,135673,46.2408,8.11964,0.021
RGI60-11.02398,135674,46.2317,10.6203,0.047
RGI60-11.02399,135675,46.2316,10.68,0.029
RGI60-11.02400,135676,46.2239,10.6457,1.318
RGI60-11.02401,135677,46.2403,9.74454,0.034
RGI60-11.02402,1151,46.2292,10.6868,0.177
RGI60-11.02403,,46.2309,10.6317,0.015
RGI60-11.02404,135679,46.2281,10.6535,0.041
RGI60-11.02405,135680,46.2289,10.6108,0.07
RGI60-11.02406,135681,46.2276,10.6244,0.232
RGI60-11.02407,135682,46.2284,10.651,0.024
RGI60-11.02408,135683,46.2377,9.72836,0.036
RGI60-11.02409,135684,46.2375,9.73922,0.024
RGI60-11.02410,135685,46.2274,10.6074,0.094
RGI60-11.02411,135686,46.2286,10.6313,0.018
RGI60-11.02412,135687,46.226,10.6357,0.189
RGI60-11.02413,135688,46.2273,10.6157,0.087
RGI60-11.02414,135689,46.2357,8.08009,0.019
RGI60-11.02415,135690,46.2233,10.5955,0.382
RGI60-11.02416,135691,46.2232,10.5808,0.285
RGI60-11.02417,135692,46.2246,10.6706,0.023
RGI60-11.02418,135693,46.2329,8.09738,0.024
RGI60-11.02419,135694,46.2204,10.6784,0.665
RGI60-11.02420,135695,46.2225,10.574,0.057
RGI60-11.02421,135696,46.2137,10.6594,1.374
RGI60-11.02422,135697,46.2155,10.6663,0.04
RGI60-11.02423,135698,46.2132,10.674,0.053
RGI60-11.02424,135699,46.2144,10.6805,0.02
RGI60-11.02425,135700,46.2124,10.6838,0.059
RGI60-11.02426,135701,46.204,7.08405,0.422
RGI60-11.02427,135702,46.1934,10.5295,3.182
RGI60-11.02428,135703,46.2056,10.6608,0.012
RGI60-11.02429,135704,46.1979,10.5374,0.172
RGI60-11.02430,135705,46.1986,10.5102,0.084
RGI60-11.02431,1672,46.2026,7.99722,0.067
RGI60-11.02432,5428,46.1918,7.98542,0.711
RGI60-11.02433,,46.1859,10.8983,0.014
RGI60-11.02434,135706,46.1843,10.8942,0.024
RGI60-11.02435,135707,46.1918,7.99825,0.287
RGI60-11.02436,,46.1825,10.8892,0.014
RGI60-11.02437,664,46.1648,10.5408,10.097
RGI60-11.02437,135708,46.1648,10.5408,10.097
RGI60-11.02438,135709,46.1809,10.8974,0.03
RGI60-11.02439,5701,46.1771,6.95427,0.092
RGI60-11.02440,5429,46.184,7.98862,0.609
RGI60-11.02441,135710,46.1759,6.93896,0.012
RGI60-11.02442,462,46.1788,8.00673,1.415
RGI60-11.02443,135711,46.1781,10.5268,0.713
RGI60-11.02444,135712,46.188,8.01889,0.029
RGI60-11.02445,5703,46.1725,6.94111,0.024
RGI60-11.02446,5527,46.183,7.72897,0.057
RGI60-11.02447,135713,46.1856,7.98275,0.023
RGI60-11.02448,5698,46.1666,6.93715,0.661
RGI60-11.02449,5734,46.1819,7.99668,0.044
RGI60-11.02450,5518,46.1769,7.74483,0.54
RGI60-11.02451,135714,46.1681,6.94702,0.012
RGI60-11.02452,,46.1673,6.91918,0.026
RGI60-11.02453,135715,46.1693,10.8973,0.037
RGI60-11.02454,135716,46.1729,10.4323,0.11
RGI60-11.02455,,46.1736,10.4389,0.016
RGI60-11.02456,,46.1734,10.4364,0.014
RGI60-11.02457,135717,46.1767,7.98518,0.156
RGI60-11.02458,1671,46.1742,8.02319,0.289
RGI60-11.02459,5528,46.173,7.73578,0.102
RGI60-11.02460,135718,46.1541,10.5757,6.752
RGI60-11.02461,135719,46.1727,7.74529,0.012
RGI60-11.02462,135720,46.164,10.8744,0.024
RGI60-11.02463,4585,46.1725,7.98871,0.256
RGI60-11.02464,4586,46.1684,7.99475,1.136
RGI60-11.02465,135721,46.1641,10.5089,0.405
RGI60-11.02466,135722,46.1732,8.00577,0.019
RGI60-11.02467,135723,46.1712,8.02688,0.06
RGI60-11.02468,,46.1672,10.4267,0.021
RGI60-11.02469,135724,46.1663,10.4244,0.039
RGI60-11.02470,,46.1664,10.4184,0.022
RGI60-11.02471,135725,46.1669,7.7446,0.078
RGI60-11.02472,135726,46.1619,10.4988,0.489
RGI60-11.02473,,46.1657,10.4207,0.014
RGI60-11.02474,5432,46.1624,8.00118,0.676
RGI60-11.02475,5530,46.1618,7.73259,0.185
RGI60-11.02476,,46.1555,10.87,0.019
RGI60-11.02477,135727,46.1474,10.5179,6.045
RGI60-11.02478,5732,46.164,8.02175,0.177
RGI60-11.02479,135728,46.1604,10.5175,0.014
RGI60-11.02480,135729,46.1592,10.4916,0.046
RGI60-11.02481,135730,46.1538,10.8647,0.071
RGI60-11.02482,5431,46.1632,7.99399,0.092
RGI60-11.02483,5516,46.1561,7.74209,0.741
RGI60-11.02484,135731,46.1549,10.4849,0.491
RGI60-11.02485,135732,46.1513,10.8713,0.045
RGI60-11.02486,135733,46.1518,10.5984,0.549
RGI60-11.02487,,46.1627,7.98246,0.015
RGI60-11.02488,5731,46.1582,8.01608,0.578
RGI60-11.02489,135734,46.1505,10.8611,0.165
RGI60-11.02490,385,46.1296,7.69595,5.235
RGI60-11.02491,,46.1556,10.4969,0.013
RGI60-11.02492,135735,46.1573,7.73144,0.022
RGI60-11.02493,135736,46.1595,8.0064,0.023
RGI60-11.02494,135737,46.1562,7.72175,0.025
RGI60-11.02495,387,46.1289,7.85978,7.616
RGI60-11.02496,5454,46.1468,7.87807,1.743
RGI60-11.02497,5697,46.1426,6.92265,0.077
RGI60-11.02498,135738,46.1543,7.73156,0.031
RGI60-11.02499,135739,46.1535,7.8878,0.263
RGI60-11.02500,5535,46.1527,7.66728,0.036
RGI60-11.02501,,46.1514,10.4772,0.018
RGI60-11.02502,,46.1547,7.99558,0.012
RGI60-11.02503,135740,46.149,10.487,0.023
RGI60-11.02504,135741,46.148,7.67377,0.388
RGI60-11.02505,,46.1476,10.5937,0.014
RGI60-11.02506,135742,46.1429,10.8551,0.026
RGI60-11.02507,384,46.1344,7.72056,5.749
RGI60-11.02508,135743,46.1458,10.5913,0.035
RGI60-11.02509,5433,46.1512,7.99384,0.072
RGI60-11.02510,5700,46.1375,6.92976,0.033
RGI60-11.02511,135744,46.1447,10.549,0.086
RGI60-11.02512,5730,46.1453,8.01509,0.675
RGI60-11.02513,5453,46.148,7.88679,0.126
RGI60-11.02514,135745,46.1457,10.4889,0.03
RGI60-11.02515,135746,46.128,10.5993,4.728
RGI60-11.02516,5708,46.1342,6.91175,0.221
RGI60-11.02517,5707,46.1338,6.9204,0.089
RGI60-11.02518,5515,46.1449,7.73676,0.164
RGI60-11.02519,5696,46.1318,6.92822,0.224
RGI60-11.02520,5532,46.1453,7.7271,0.113
RGI60-11.02521,5457,46.1476,7.85955,0.017
RGI60-11.02522,,46.1444,7.69252,0.012
RGI60-11.02523,135747,46.1403,10.5491,0.085
RGI60-11.02524,,46.1409,10.5541,0.02
RGI60-11.02525,5709,46.1289,6.90719,1.054
RGI60-11.02526,5434,46.1439,8.00078,0.41
RGI60-11.02527,5717,46.1306,6.88992,0.063
RGI60-11.02528,135748,46.1441,7.88656,0.022
RGI60-11.02529,5728,46.1324,8.02932,1.87
RGI60-11.02530,135749,46.1301,6.93806,0.041
RGI60-11.02531,5710,46.1281,6.88293,0.045
RGI60-11.02532,135750,46.1373,10.5457,0.023
RGI60-11.02533,5533,46.1394,7.67297,0.061
RGI60-11.02534,5514,46.1341,7.74509,1.168
RGI60-11.02535,135751,46.1406,7.87458,0.042
RGI60-11.02536,5689,46.1206,6.90715,0.905
RGI60-11.02537,,46.1272,6.94121,0.011
RGI60-11.02538,135752,46.1351,7.70159,0.242
RGI60-11.02539,5455,46.1389,7.89211,0.018
RGI60-11.02540,5435,46.1329,7.99876,1.787
RGI60-11.02541,5711,46.1248,6.89509,0.023
RGI60-11.02542,5694,46.1239,6.92793,0.037
RGI60-11.02543,135753,46.1375,8.01667,0.062
RGI60-11.02544,2661,46.1296,7.88887,1.303
RGI60-11.02545,135754,46.1301,10.5845,0.066
RGI60-11.02546,5690,46.1223,6.93308,0.03
RGI60-11.02547,135756,46.1306,7.75662,0.046
RGI60-11.02548,135757,46.1197,6.92904,0.041
RGI60-11.02549,5541,46.1256,7.68621,0.315
RGI60-11.02550,135758,46.1246,10.5846,0.089
RGI60-11.02551,5729,46.1298,8.01415,0.156
RGI60-11.02552,5727,46.1279,8.04234,0.458
RGI60-11.02553,135759,46.1276,8.05851,0.175
RGI60-11.02554,135760,46.1276,7.98815,0.129
RGI60-11.02555,5512,46.124,7.7528,0.084
RGI60-11.02556,135761,46.1204,10.5857,0.042
RGI60-11.02557,5436,46.1255,7.99681,0.26
RGI60-11.02558,388,46.1101,7.73103,4.012
RGI60-11.02559,3309,46.123,8.00878,0.145
RGI60-11.02560,5724,46.1227,8.01874,0.072
RGI60-11.02561,135762,46.1229,7.99822,0.026
RGI60-11.02562,135763,46.1152,7.3588,0.03
RGI60-11.02563,,46.1202,7.83847,0.016
RGI60-11.02564,135764,46.1134,10.5894,0.052
RGI60-11.02565,135765,46.1209,8.03807,0.05
RGI60-11.02566,5452,46.1129,7.88092,1.726
RGI60-11.02567,135766,46.1199,8.03366,0.037
RGI60-11.02568,135767,46.1119,10.6078,0.287
RGI60-11.02569,5459,46.107,7.84766,3.227
RGI60-11.02570,5538,46.1111,7.69293,1.622
RGI60-11.02571,135768,46.107,10.6009,0.146
RGI60-11.02572,,46.1079,10.5895,0.012
RGI60-11.02573,5610,46.1058,7.36219,0.038
RGI60-11.02574,5460,46.1062,7.83639,0.146
RGI60-11.02575,135769,46.1101,8.03044,0.042
RGI60-11.02576,135770,46.1074,7.88156,0.118
RGI60-11.02577,135771,46.1082,8.03386,0.101
RGI60-11.02578,5723,46.1059,8.04072,0.612
RGI60-11.02579,,46.1017,7.36261,0.012
RGI60-11.02580,135772,46.103,7.6995,0.361
RGI60-11.02581,,46.1076,7.88728,0.016
RGI60-11.02582,5722,46.1037,8.04651,0.081
RGI60-11.02583,4593,46.1016,7.88036,0.38
RGI60-11.02584,380,46.0763,7.59752,4.628
RGI60-11.02585,5543,46.1006,7.70934,0.014
RGI60-11.02586,5461,46.0978,7.83836,1.884
RGI60-11.02587,135773,46.0996,7.73876,0.032
RGI60-11.02588,5437,46.1006,8.02716,0.269
RGI60-11.02589,,46.099,7.69696,0.014
RGI60-11.02590,5539,46.0945,7.69476,0.902
RGI60-11.02591,5510,46.0942,7.73749,0.448
RGI60-11.02592,5511,46.097,7.74403,0.082
RGI60-11.02593,381,46.0819,7.6781,6.13
RGI60-11.02594,5508,46.0882,7.71539,1.403
RGI60-11.02595,135774,46.1007,8.03967,0.012
RGI60-11.02596,135775,46.0807,7.87852,7.41
RGI60-11.02597,5509,46.0959,7.73302,0.037
RGI60-11.02598,5524,46.0914,7.72646,0.475
RGI60-11.02599,4599,46.0868,7.32145,0.373
RGI60-11.02600,135776,46.0841,7.30808,0.68
RGI60-11.02601,135777,46.0934,7.68398,0.074
RGI60-11.02602,135778,46.0954,10.0843,0.028
RGI60-11.02603,5540,46.0934,7.70696,0.058
RGI60-11.02604,135779,46.0799,6.89758,0.135
RGI60-11.02605,,46.0947,10.0949,0.012
RGI60-11.02606,,46.0795,6.89205,0.016
RGI60-11.02607,5462,46.0893,7.84181,1.254
RGI60-11.02608,135780,46.0926,10.101,0.022
RGI60-11.02609,,46.0924,10.0601,0.019
RGI60-11.02610,135781,46.0917,8.02803,0.102
RGI60-11.02611,5685,46.0741,6.89815,0.161
RGI60-11.02612,135782,46.091,10.0359,0.041
RGI60-11.02613,135783,46.0917,10.0208,0.014
RGI60-11.02614,135784,46.0904,10.0314,0.057
RGI60-11.02615,,46.0912,10.0629,0.015
RGI60-11.02616,,46.0906,10.0715,0.012
RGI60-11.02617,5450,46.0899,7.86054,0.011
RGI60-11.02618,,46.0902,10.0147,0.014
RGI60-11.02619,135785,46.0897,10.0179,0.034
RGI60-11.02620,4598,46.0794,7.3285,0.274
RGI60-11.02621,135786,46.088,10.041,0.071
RGI60-11.02622,,46.0873,7.85784,0.043
RGI60-11.02623,5587,46.075,7.44283,1.444
RGI60-11.02624,4589,46.0647,7.89604,8.118
RGI60-11.02625,5614,46.0797,7.35544,0.136
RGI60-11.02626,135787,46.0881,10.0445,0.031
RGI60-11.02627,5463,46.0835,7.83641,0.885
RGI60-11.02628,5439,46.0819,8.01879,0.73
RGI60-11.02629,135788,46.0794,7.58376,0.508
RGI60-11.02630,382,46.0344,7.62725,14.025
RGI60-11.02631,5474,46.0843,7.8501,0.067
RGI60-11.02632,5523,46.0811,7.70374,0.122
RGI60-11.02633,135789,46.0829,9.9799,0.048
RGI60-11.02634,5609,46.0695,7.35807,1.016
RGI60-11.02635,5522,46.0784,7.70372,0.106
RGI60-11.02636,5440,46.0832,8.0046,0.054
RGI60-11.02637,5618,46.0746,7.30426,0.041
RGI60-11.02638,5597,46.0736,7.427,0.097
RGI60-11.02639,135790,46.0813,10.0506,0.028
RGI60-11.02640,373,46.0691,7.34321,1.21
RGI60-11.02641,135791,46.0789,10.0028,0.144
RGI60-11.02642,5521,46.0742,7.70639,0.277
RGI60-11.02643,5475,46.0767,7.84873,0.386
RGI60-11.02644,5555,46.0744,7.58416,0.066
RGI60-11.02645,5507,46.0685,7.7125,3.741
RGI60-11.02646,135792,46.0798,9.98328,0.031
RGI60-11.02647,5556,46.0739,7.57654,0.053
RGI60-11.02648,1138,46.0754,9.98941,0.195
RGI60-11.02649,5557,46.0723,7.58343,0.017
RGI60-11.02650,5549,46.0722,7.66589,0.024
RGI60-11.02651,135793,46.0714,7.65904,0.149
RGI60-11.02652,5476,46.0723,7.85562,0.879
RGI60-11.02653,135794,46.0753,10.019,0.028
RGI60-11.02654,135795,46.0726,9.98062,0.225
RGI60-11.02655,5595,46.068,7.436,0.055
RGI60-11.02656,135796,46.0753,10.0119,0.014
RGI60-11.02657,5598,46.067,7.42212,0.044
RGI60-11.02658,,46.0725,8.02937,0.162
RGI60-11.02659,,46.0723,7.86621,0.016
RGI60-11.02660,,46.0707,10.0195,0.011
RGI60-11.02661,5619,46.0626,7.33801,0.021
RGI60-11.02662,135797,46.0639,10.5724,0.03
RGI60-11.02663,5594,46.062,7.43995,0.468
RGI60-11.02664,135798,46.0688,7.85396,0.016
RGI60-11.02665,5608,46.0593,7.35948,0.252
RGI60-11.02666,,46.0643,7.86352,0.108
RGI60-11.02667,135799,46.0675,9.97459,0.045
RGI60-11.02668,135800,46.0622,7.58451,0.021
RGI60-11.02669,135801,46.0588,7.72923,1.156
RGI60-11.02670,135802,46.0631,7.85133,0.669
RGI60-11.02671,135803,46.0649,7.9245,0.097
RGI60-11.02672,135804,46.0656,9.98054,0.094
RGI60-11.02673,5558,46.0581,7.60252,0.468
RGI60-11.02674,135805,46.063,7.93425,0.134
RGI60-11.02675,5586,46.0565,7.44098,0.414
RGI60-11.02676,5499,46.0488,7.68909,2.13
RGI60-11.02677,5621,46.0548,7.34974,0.113
RGI60-11.02678,5500,46.055,7.7066,0.941
RGI60-11.02679,3332,46.055,7.9131,2.171
RGI60-11.02680,5559,46.0526,7.59674,1.142
RGI60-11.02681,135806,46.0622,9.97695,0.026
RGI60-11.02682,5552,46.0564,7.62123,0.077
RGI60-11.02683,135807,46.0614,9.91229,0.025
RGI60-11.02684,135808,46.0529,7.43646,0.02
RGI60-11.02685,,46.0589,10.0734,0.011
RGI60-11.02686,5547,46.053,7.62791,0.137
RGI60-11.02687,,46.0557,7.69781,0.013
RGI60-11.02688,5600,46.0519,7.42844,0.019
RGI60-11.02689,5506,46.055,7.69433,0.04
RGI60-11.02690,135809,46.0489,7.37043,0.16
RGI60-11.02691,5607,46.0453,7.36398,0.788
RGI60-11.02692,5466,46.0566,7.86697,0.085
RGI60-11.02693,5622,46.0485,7.35078,0.165
RGI60-11.02694,135810,46.0567,10.0934,0.023
RGI60-11.02695,5467,46.0523,7.86467,0.835
RGI60-11.02696,135811,46.0557,10.0897,0.012
RGI60-11.02697,,46.0523,7.61948,0.016
RGI60-11.02698,135812,46.0542,10.0865,0.087
RGI60-11.02699,135813,46.0517,7.61578,0.022
RGI60-11.02700,135814,46.054,9.90066,0.035
RGI60-11.02701,5567,46.0474,7.53413,0.018
RGI60-11.02702,5468,46.0497,7.87563,0.11
RGI60-11.02703,135815,46.0443,10.5754,0.027
RGI60-11.02704,394,46.0336,7.90949,9.281
RGI60-11.02705,135816,46.0483,7.86794,0.045
RGI60-11.02706,5560,46.0404,7.59873,1.102
RGI60-11.02707,135817,46.0506,9.91042,0.014
RGI60-11.02708,5566,46.0418,7.53065,0.172
RGI60-11.02709,378,46.0063,7.54822,10.484
RGI60-11.02710,5606,46.0381,7.3697,0.334
RGI60-11.02711,5469,46.0356,7.87306,4.828
RGI60-11.02712,,46.0474,9.91011,0.012
RGI60-11.02713,135818,46.0454,7.89253,0.037
RGI60-11.02714,5443,46.0419,7.99588,0.307
RGI60-11.02715,379,46.0109,7.58038,9.182
RGI60-11.02716,5505,46.0418,7.68477,0.031
RGI60-11.02717,5504,46.0416,7.67675,0.012
RGI60-11.02718,5498,46.0334,7.68649,1.785
RGI60-11.02719,5442,46.0414,8.00212,0.195
RGI60-11.02720,135819,46.038,7.62107,0.051
RGI60-11.02721,5625,46.0334,7.35956,0.055
RGI60-11.02722,5605,46.0308,7.37875,0.257
RGI60-11.02723,135820,46.0367,7.61522,0.105
RGI60-11.02724,135821,46.0287,7.37186,0.33
RGI60-11.02725,5571,46.0343,7.53019,0.028
RGI60-11.02726,5496,46.0296,7.65695,1.075
RGI60-11.02727,135822,46.0346,7.64948,0.035
RGI60-11.02728,5503,46.0351,7.6743,0.016
RGI60-11.02729,5497,46.0323,7.67082,0.355
RGI60-11.02730,5561,46.0297,7.60054,0.537
RGI60-11.02731,5493,46.0323,7.62063,0.082
RGI60-11.02732,5446,46.0368,7.9317,0.024
RGI60-11.02733,135823,46.0374,8.00954,0.019
RGI60-11.02734,5562,46.0254,7.59435,1.089
RGI60-11.02735,135824,46.0359,8.01394,0.041
RGI60-11.02736,5565,46.0268,7.52718,0.283
RGI60-11.02737,5495,46.0222,7.64189,2.335
RGI60-11.02738,135825,46.0313,7.81363,0.05
RGI60-11.02739,390,45.9773,7.6392,15.358
RGI60-11.02740,457,45.9968,7.02634,6.02
RGI60-11.02741,3424,46.0281,7.92337,0.183
RGI60-11.02742,135826,46.0223,7.85984,1.55
RGI60-11.02743,374,46.0174,7.38781,1.367
RGI60-11.02744,135827,46.022,7.37743,0.076
RGI60-11.02745,5445,46.0254,7.91722,0.249
RGI60-11.02746,395,46.0081,7.92806,5.339
RGI60-11.02747,135828,46.0186,7.37181,0.195
RGI60-11.02748,5492,46.0209,7.60833,0.159
RGI60-11.02749,375,46.003,7.42338,3.821
RGI60-11.02750,5683,46.0047,7.00937,0.727
RGI60-11.02751,5444,46.0232,7.92462,0.027
RGI60-11.02752,5682,46.007,6.98837,0.303
RGI60-11.02753,5564,46.0185,7.55678,0.04
RGI60-11.02754,5681,46.0049,6.99896,1.019
RGI60-11.02755,376,45.997,7.4485,2.873
RGI60-11.02756,5575,46.0158,7.51554,0.105
RGI60-11.02757,5680,46.0084,7.01608,0.041
RGI60-11.02758,5483,46.0212,7.87982,0.012
RGI60-11.02759,,46.0174,7.60631,0.011
RGI60-11.02760,5603,46.0099,7.39784,0.755
RGI60-11.02761,5570,46.0165,7.55793,0.023
RGI60-11.02762,5480,46.0179,7.86964,0.275
RGI60-11.02763,135829,46.0126,7.38941,0.041
RGI60-11.02764,3801,46.0124,7.87661,2.138
RGI60-11.02765,135830,46.0182,7.91444,0.077
RGI60-11.02766,366,45.9647,7.29108,16.697
RGI60-11.02767,135831,46.01,7.37031,0.063
RGI60-11.02768,5576,46.0103,7.52337,0.125
RGI60-11.02769,5448,46.0128,7.91397,0.532
RGI60-11.02770,,46.013,7.90047,0.015
RGI60-11.02771,5583,45.9969,7.4697,1.241
RGI60-11.02772,135832,46.0078,7.52551,0.038
RGI60-11.02773,389,45.9936,7.87051,14.312
RGI60-11.02774,367,45.9921,7.38888,5.421
RGI60-11.02775,5675,45.9964,7.05226,1.296
RGI60-11.02776,135833,46.0078,7.89766,0.538
RGI60-11.02777,5449,46.0094,7.90393,0.142
RGI60-11.02778,,46.0056,7.52438,0.016
RGI60-11.02779,,46.0056,7.52694,0.014
RGI60-11.02780,3333,46.0021,7.95058,1.487
RGI60-11.02781,5652,45.9918,7.26611,0.601
RGI60-11.02782,5653,45.9901,7.25964,0.273
RGI60-11.02783,5651,45.994,7.27399,0.165
RGI60-11.02784,5673,45.9926,7.06325,0.051
RGI60-11.02785,5650,45.9886,7.27681,0.511
RGI60-11.02786,5672,45.9889,7.04982,0.359
RGI60-11.02787,377,45.9746,7.48851,5.67
RGI60-11.02788,135834,46.0004,7.90824,0.053
RGI60-11.02789,5577,45.9968,7.53552,0.12
RGI60-11.02790,5593,45.9947,7.46171,0.288
RGI60-11.02791,135835,46.0007,7.96925,0.038
RGI60-11.02792,135836,46.0014,7.98825,0.041
RGI60-11.02793,458,45.9694,7.03987,6.967
RGI60-11.02794,5612,45.992,7.41201,0.146
RGI60-11.02795,135837,45.9858,7.04642,0.095
RGI60-11.02796,368,45.958,7.40374,7.235
RGI60-11.02797,5645,45.9866,7.32379,0.273
RGI60-11.02798,135838,45.9923,7.42355,0.022
RGI60-11.02799,135839,45.9918,7.42347,0.016
RGI60-11.02800,135840,45.9948,7.92233,0.081
RGI60-11.02801,370,45.9566,7.45732,11.614
RGI60-11.02802,5592,45.9886,7.46889,0.247
RGI60-11.02803,5481,45.9897,7.82477,0.98
RGI60-11.02804,135841,45.992,7.91265,0.491
RGI60-11.02805,5491,45.9862,7.66061,1.602
RGI60-11.02806,,45.986,7.29009,0.011
RGI60-11.02807,5670,45.9796,7.03676,0.152
RGI60-11.02808,135842,45.9832,7.26251,0.056
RGI60-11.02809,5589,45.9859,7.53822,0.197
RGI60-11.02810,5581,45.967,7.52551,3.623
RGI60-11.02811,135843,45.9861,7.64624,0.083
RGI60-11.02812,135844,45.9789,7.56221,3.329
RGI60-11.02813,5648,45.9762,7.28815,0.455
RGI60-11.02814,459,45.9701,7.25951,1.67
RGI60-11.02815,135845,45.9887,7.90667,0.045
RGI60-11.02816,5579,45.9819,7.53793,0.099
RGI60-11.02817,5591,45.9827,7.50785,0.023
RGI60-11.02818,4603,45.9759,7.32256,0.405
RGI60-11.02819,135846,45.9647,7.69639,6.706
RGI60-11.02820,5501,45.9818,7.65061,0.047
RGI60-11.02821,135847,45.9852,7.90563,0.02
RGI60-11.02822,391,45.9502,7.80309,56.464
RGI60-11.02823,5582,45.9786,7.50496,0.183
RGI60-11.02824,135848,45.9778,7.45076,0.024
RGI60-11.02825,135849,45.982,7.89833,0.111
RGI60-11.02826,5669,45.9716,7.07428,0.057
RGI60-11.02827,5628,45.9734,7.4014,0.686
RGI60-11.02828,5632,45.9772,7.44847,0.026
RGI60-11.02829,5677,45.9705,7.07,0.077
RGI60-11.02830,,45.9796,7.65543,0.023
RGI60-11.02831,5590,45.9762,7.53305,0.044
RGI60-11.02832,135850,45.9744,7.45053,0.034
RGI60-11.02833,135851,45.9708,7.32345,0.06
RGI60-11.02834,,45.973,7.44834,0.02
RGI60-11.02835,135852,45.9701,7.50924,0.207
RGI60-11.02836,135853,45.9738,7.53945,0.014
RGI60-11.02837,,45.9731,7.59825,0.032
RGI60-11.02838,5667,45.9624,7.06878,0.575
RGI60-11.02839,135854,45.9708,7.45102,0.035
RGI60-11.02840,4601,45.9654,7.32181,0.34
RGI60-11.02841,135855,45.9695,7.57666,0.248
RGI60-11.02842,135856,45.968,7.44078,0.066
RGI60-11.02843,135857,45.9573,7.58672,5.88
RGI60-11.02844,135858,45.9707,7.66446,0.067
RGI60-11.02845,135859,45.9686,7.64688,0.129
RGI60-11.02846,,45.97,7.63046,0.014
RGI60-11.02847,135860,45.9696,7.63969,0.024
RGI60-11.02848,5668,45.9604,7.08095,0.026
RGI60-11.02849,135861,45.9658,7.54666,0.099
RGI60-11.02850,,45.9664,7.45287,0.011
RGI60-11.02851,135862,45.9633,7.62111,0.894
RGI60-11.02852,135863,45.9685,7.64119,0.028
RGI60-11.02853,135864,45.9675,7.65638,0.102
RGI60-11.02854,135865,45.9679,7.67507,0.068
RGI60-11.02855,5666,45.9553,7.06912,0.419
RGI60-11.02856,135866,45.9668,7.63513,0.088
RGI60-11.02857,4604,45.9623,7.3175,0.063
RGI60-11.02858,135867,45.9415,7.89835,4.446
RGI60-11.02859,5676,45.9555,7.05249,0.374
RGI60-11.02860,5630,45.9608,7.43681,0.412
RGI60-11.02861,135868,45.9574,7.60893,0.715
RGI60-11.02862,,45.9582,7.25754,0.012
RGI60-11.02863,135869,45.9588,7.49992,0.305
RGI60-11.02864,4615,45.9488,7.04919,1.044
RGI60-11.02865,135870,45.9586,7.42523,0.211
RGI60-11.02866,5644,45.9466,7.33093,2.16
RGI60-11.02867,135871,45.9558,7.52005,0.264
RGI60-11.02868,,45.9607,7.67642,0.011
RGI60-11.02869,5484,45.9543,7.83472,1.488
RGI60-11.02870,135872,45.9581,7.88588,0.447
RGI60-11.02871,5482,45.9579,7.68082,0.059
RGI60-11.02872,135873,45.948,7.52618,1.269
RGI60-11.02873,135874,45.9534,7.48502,0.137
RGI60-11.02874,,45.9551,7.5374,0.019
RGI60-11.02875,135875,45.9585,7.85403,0.014
RGI60-11.02876,135876,45.9569,7.67896,0.015
RGI60-11.02877,,45.951,7.41636,0.022
RGI60-11.02878,135877,45.9466,7.47858,0.269
RGI60-11.02879,5486,45.9509,7.7885,0.165
RGI60-11.02880,5485,45.9519,7.79251,0.054
RGI60-11.02881,5643,45.9446,7.31154,0.045
RGI60-11.02882,135878,45.946,7.32488,0.02
RGI60-11.02883,135879,45.9489,7.88943,0.548
RGI60-11.02884,4614,45.9338,7.0521,2.213
RGI60-11.02885,,45.9482,7.47077,0.013
RGI60-11.02886,135880,45.9481,7.51492,0.031
RGI60-11.02887,135881,45.9471,7.4682,0.036
RGI60-11.02888,5629,45.9459,7.40413,0.045
RGI60-11.02889,5642,45.9396,7.32031,0.29
RGI60-11.02890,369,45.9244,7.32284,6.904
RGI60-11.02891,5633,45.9439,7.46885,0.024
RGI60-11.02892,,45.9401,7.27631,0.014
RGI60-11.02893,,45.9431,7.58982,0.014
RGI60-11.02894,135882,45.9439,7.87133,0.021
RGI60-11.02895,135883,45.9396,7.70619,0.256
RGI60-11.02896,5655,45.9371,7.26901,0.018
RGI60-11.02897,135884,45.9381,7.57916,0.354
RGI60-11.02898,135885,45.9264,7.42981,1.842
RGI60-11.02899,135886,45.9348,7.29809,0.017
RGI60-11.02900,5656,45.9334,7.27709,0.056
RGI60-11.02901,5657,45.927,7.29038,0.925
RGI60-11.02902,135887,45.9293,7.76432,6.785
RGI60-11.02903,135888,45.9395,7.86985,0.063
RGI60-11.02904,5641,45.9325,7.33465,0.447
RGI60-11.02905,5665,45.9293,7.06216,0.016
RGI60-11.02906,135889,45.9397,7.93264,0.027
RGI60-11.02907,135890,45.9311,7.27965,0.023
RGI60-11.02908,,45.933,7.4848,0.028
RGI60-11.02909,2673,45.9199,7.06063,1.46
RGI60-11.02910,135892,45.9288,7.91822,1.252
RGI60-11.02911,135893,45.931,7.48819,0.073
RGI60-11.02912,135894,45.9298,7.82314,0.092
RGI60-11.02913,135895,45.9303,7.47547,0.075
RGI60-11.02914,135896,45.9296,7.70413,0.909
RGI60-11.02915,135897,45.9298,7.581,0.135
RGI60-11.02916,135898,45.9099,7.04408,3.206
RGI60-11.02917,135899,45.9314,7.92884,0.029
RGI60-11.02918,135900,45.9176,7.7237,3.57
RGI60-11.02919,135901,45.928,7.83061,0.125
RGI60-11.02920,135902,45.9207,7.5776,0.354
RGI60-11.02921,135903,45.9172,7.29271,0.321
RGI60-11.02922,135904,45.8983,7.83422,10.404
RGI60-11.02923,,45.9256,7.83246,0.012
RGI60-11.02924,135905,45.8995,7.02179,3.647
RGI60-11.02925,5635,45.9153,7.41068,0.898
RGI60-11.02926,135906,45.9111,7.05903,0.222
RGI60-11.02927,365,45.9001,7.26255,1.885
RGI60-11.02928,135907,45.9174,7.89524,1.538
RGI60-11.02929,135908,45.9213,7.90966,0.556
RGI60-11.02930,5639,45.9129,7.36373,0.605
RGI60-11.02931,135909,45.9236,7.92787,0.063
RGI60-11.02932,135910,45.9203,7.58801,0.02
RGI60-11.02933,135911,45.9221,7.87484,0.038
RGI60-11.02934,135912,45.9133,7.78249,2.044
RGI60-11.02935,135913,45.9145,7.29707,0.069
RGI60-11.02936,135914,45.9165,7.42126,0.017
RGI60-11.02937,5640,45.9156,7.34854,0.027
RGI60-11.02938,135915,45.9156,7.56777,0.158
RGI60-11.02939,364,45.9036,7.25089,1.144
RGI60-11.02940,135916,45.913,7.28631,0.018
RGI60-11.02941,135917,45.9188,7.86885,0.108
RGI60-11.02942,135918,45.9193,7.87465,0.05
RGI60-11.02943,5634,45.9132,7.41989,0.042
RGI60-11.02944,135919,45.9119,7.4221,0.087
RGI60-11.02945,135920,45.9127,7.5538,0.206
RGI60-11.02946,135921,45.9136,7.56002,0.014
RGI60-11.02947,135922,45.908,7.79792,1.843
RGI60-11.02948,,45.9166,7.93831,0.025
RGI60-11.02949,135923,45.9079,7.41492,0.227
RGI60-11.02950,135924,45.9081,7.87784,1.838
RGI60-11.02951,135925,45.9092,7.40356,0.017
RGI60-11.02952,135926,45.9152,7.88084,0.031
RGI60-11.02953,135927,45.9101,7.58924,0.061
RGI60-11.02954,5638,45.9068,7.37324,0.249
RGI60-11.02955,,45.9142,7.88412,0.015
RGI60-11.02956,135928,45.9079,7.40804,0.032
RGI60-11.02957,,45.9098,7.58538,0.018
RGI60-11.02958,5661,45.904,7.23622,0.019
RGI60-11.02959,135929,45.9115,7.83399,0.036
RGI60-11.02960,,45.9074,7.5555,0.015
RGI60-11.02961,5637,45.9053,7.39558,0.012
RGI60-11.02962,135930,45.8985,7.01114,0.017
RGI60-11.02963,135931,45.9088,7.78323,0.023
RGI60-11.02964,135932,45.893,7.37072,0.727
RGI60-11.02965,,45.9002,7.23847,0.016
RGI60-11.02966,,45.9004,7.24548,0.023
RGI60-11.02967,135933,45.9006,7.38702,0.126
RGI60-11.02968,135934,45.8979,7.85917,0.946
RGI60-11.02969,5663,45.894,7.24555,0.058
RGI60-11.02970,135935,45.8965,7.86912,0.673
RGI60-11.02971,,45.8895,7.00705,0.012
RGI60-11.02972,135936,45.8922,7.23669,0.077
RGI60-11.02973,135937,45.891,7.24832,0.15
RGI60-11.02974,135938,45.8939,7.37579,0.064
RGI60-11.02975,135939,45.8984,7.7947,0.028
RGI60-11.02976,,45.8855,7.00786,0.103
RGI60-11.02977,,45.8972,7.79713,0.014
RGI60-11.02978,135940,45.8798,7.01786,0.298
RGI60-11.02979,135941,45.8729,7.00714,2.249
RGI60-11.02980,135942,45.8931,7.84108,0.099
RGI60-11.02981,135943,45.8808,7.02734,0.192
RGI60-11.02982,135944,45.8905,7.54485,0.023
RGI60-11.02983,135945,45.8859,7.54791,0.095
RGI60-11.02984,,45.8868,7.54358,0.012
RGI60-11.02985,,45.8885,7.862,0.012
RGI60-11.02986,135946,45.8759,7.02924,0.023
RGI60-11.02987,135947,45.8817,7.54815,0.069
RGI60-11.02988,135948,45.8798,7.53516,0.081
RGI60-11.02989,135949,45.8782,7.5531,0.05
RGI60-11.02990,135950,45.8756,7.4936,0.112
RGI60-11.02991,135951,45.8588,6.97697,1.68
RGI60-11.02992,,45.8764,7.53964,0.013
RGI60-11.02993,,45.8733,7.49057,0.075
RGI60-11.02994,135952,45.8626,6.99677,0.09
RGI60-11.02995,,45.8716,7.49334,0.016
RGI60-11.02996,135953,45.8582,6.99437,0.127
RGI60-11.02997,5664,45.8626,7.10347,0.111
RGI60-11.02998,135954,45.8587,6.95329,0.032
RGI60-11.02999,135955,45.8622,7.11325,0.04
RGI60-11.03000,135956,45.8507,6.95462,0.641
RGI60-11.03001,615,45.8297,6.898,7.818
RGI60-11.03002,135957,45.8416,6.92621,0.691
RGI60-11.03003,135958,45.8449,6.94994,0.012
RGI60-11.03004,135959,45.8433,6.94163,0.067
RGI60-11.03005,1217,45.8129,6.84583,10.986
RGI60-11.03006,135960,45.8371,6.91983,0.207
RGI60-11.03007,,45.8326,6.90333,0.013
RGI60-11.03008,135961,45.8298,6.85699,0.014
RGI60-11.03009,,45.829,6.8784,0.023
RGI60-11.03010,135962,45.8236,6.81302,0.126
RGI60-11.03011,135963,45.8235,6.84115,0.077
RGI60-11.03012,,45.8254,6.89255,0.012
RGI60-11.03013,135964,45.8124,6.88598,1.053
RGI60-11.03014,135965,45.8091,6.87276,1.25
RGI60-11.03015,,45.8177,7.05904,0.015
RGI60-11.03016,,45.8111,6.8594,0.012
RGI60-11.03017,135966,45.8092,6.8811,0.04
RGI60-11.03018,135967,45.8065,6.86269,0.018
RGI60-11.03019,135968,45.7966,6.81778,0.361
RGI60-11.03020,135969,45.7844,6.81815,3.654
RGI60-11.03021,135970,45.7891,6.83552,0.112
RGI60-11.03022,135971,45.7704,6.81408,0.518
RGI60-11.03023,,45.7679,6.80631,0.014
RGI60-11.03024,135972,45.7655,6.80653,0.016
RGI60-11.03025,135973,45.7652,6.80957,0.022
RGI60-11.03026,135974,45.7367,6.81889,0.247
RGI60-11.03027,135975,45.7248,6.81437,0.411
RGI60-11.03028,135976,45.7149,6.82451,0.419
RGI60-11.03029,135977,45.7048,6.83536,0.301
RGI60-11.03030,135978,45.7025,6.84246,0.177
RGI60-11.03031,,45.6997,6.83112,0.019
RGI60-11.03032,,45.6978,6.84518,0.015
RGI60-11.03033,,45.6983,6.99334,0.016
RGI60-11.03034,135979,45.6943,6.9957,0.017
RGI60-11.03035,135980,45.6772,7.02389,0.083
RGI60-11.03036,135981,45.6803,7.39004,0.071
RGI60-11.03037,135982,45.674,7.02895,0.072
RGI60-11.03038,135983,45.6714,7.02129,0.349
RGI60-11.03039,612,45.6483,7.00146,8.113
RGI60-11.03040,,45.6677,7.02278,0.013
RGI60-11.03041,135985,45.6639,6.90775,0.088
RGI60-11.03042,135986,45.662,6.91932,0.146
RGI60-11.03043,135987,45.6647,7.02011,0.04
RGI60-11.03044,135988,45.6621,6.91364,0.02
RGI60-11.03045,135989,45.6555,7.02522,0.364
RGI60-11.03046,135990,45.6573,7.01602,0.07
RGI60-11.03047,135991,45.6488,7.03011,1.403
RGI60-11.03048,135992,45.6559,6.96452,0.033
RGI60-11.03049,135993,45.6538,6.97359,0.131
RGI60-11.03050,135994,45.6508,6.97336,0.023
RGI60-11.03051,135995,45.6377,7.02622,0.089
RGI60-11.03052,135996,45.6319,7.021,0.361
RGI60-11.03053,135997,45.6341,7.10606,0.203
RGI60-11.03054,135998,45.6286,7.02586,0.092
RGI60-11.03055,135999,45.628,6.98694,0.039
RGI60-11.03056,136000,45.6287,7.0013,0.036
RGI60-11.03057,136001,45.6265,6.98205,0.035
RGI60-11.03058,136002,45.6264,6.98939,0.011
RGI60-11.03059,136003,45.6254,6.99825,0.055
RGI60-11.03060,136004,45.6253,7.00284,0.042
RGI60-11.03061,136005,45.6208,6.98877,0.058
RGI60-11.03062,136006,45.6227,7.46778,0.259
RGI60-11.03063,136007,45.6236,7.47984,0.028
RGI60-11.03064,136008,45.6165,7.10059,0.059
RGI60-11.03065,,45.62,7.41543,0.012
RGI60-11.03066,136009,45.5964,7.27338,2.102
RGI60-11.03067,136010,45.6035,7.26398,0.473
RGI60-11.03068,136011,45.5991,7.24746,0.135
RGI60-11.03069,,45.5972,7.255,0.014
RGI60-11.03070,136012,45.5911,6.98187,0.035
RGI60-11.03071,136013,45.5868,6.98362,0.299
RGI60-11.03072,136014,45.5837,6.98375,0.018
RGI60-11.03073,136015,45.5776,6.99573,0.086
RGI60-11.03074,136016,45.5777,7.08177,0.081
RGI60-11.03075,136017,45.5753,7.08038,0.027
RGI60-11.03076,136018,45.5729,7.00227,0.036
RGI60-11.03077,136019,45.5688,7.09038,0.591
RGI60-11.03078,136020,45.5789,7.52377,0.057
RGI60-11.03079,136021,45.571,7.07962,0.049
RGI60-11.03080,136022,45.5672,7.07821,0.159
RGI60-11.03081,136023,45.5595,7.06603,1.836
RGI60-11.03082,136024,45.5678,7.28118,0.085
RGI60-11.03083,136025,45.5636,7.28735,0.199
RGI60-11.03084,1282,45.5592,7.27894,0.516
RGI60-11.03085,,45.5586,7.0879,0.018
RGI60-11.03086,136026,45.5575,7.28973,0.373
RGI60-11.03087,136027,45.5514,6.99419,0.234
RGI60-11.03088,,45.5533,7.07445,0.013
RGI60-11.03089,136028,45.5492,7.00227,0.113
RGI60-11.03090,136029,45.5488,7.26548,0.526
RGI60-11.03091,136030,45.5521,7.27377,0.198
RGI60-11.03092,136031,45.5525,7.35909,0.223
RGI60-11.03093,136032,45.5529,7.4346,0.011
RGI60-11.03094,136033,45.5485,7.27819,0.017
RGI60-11.03095,136034,45.5504,7.41252,0.03
RGI60-11.03096,136035,45.5485,7.35755,0.017
RGI60-11.03097,136036,45.5474,7.41139,0.18
RGI60-11.03098,136037,45.5433,7.06763,0.042
RGI60-11.03099,136038,45.5399,7.05765,0.117
RGI60-11.03100,136039,45.5414,7.35351,0.399
RGI60-11.03101,136040,45.5398,7.27904,1.179
RGI60-11.03102,136041,45.5334,6.9972,0.64
RGI60-11.03103,136042,45.5364,7.26227,1.111
RGI60-11.03104,136043,45.5389,7.06677,0.022
RGI60-11.03105,,45.5378,7.06999,0.013
RGI60-11.03106,,45.5416,7.35716,0.014
RGI60-11.03107,136044,45.5376,7.40325,0.547
RGI60-11.03108,136045,45.5317,7.15523,0.33
RGI60-11.03109,136046,45.541,7.40222,0.013
RGI60-11.03110,136047,45.5249,7.28505,5.319
RGI60-11.03111,136048,45.5289,7.34311,2.919
RGI60-11.03112,136049,45.529,6.9907,0.023
RGI60-11.03113,136050,45.5355,7.40788,0.025
RGI60-11.03114,136051,45.5228,7.25634,2.008
RGI60-11.03115,136052,45.526,7.00516,0.066
RGI60-11.03116,136053,45.5226,7.05025,0.452
RGI60-11.03117,136054,45.5253,7.05956,0.202
RGI60-11.03118,136055,45.5241,7.37992,0.782
RGI60-11.03119,136056,45.5244,7.15084,0.221
RGI60-11.03120,136057,45.5207,7.31329,0.795
RGI60-11.03121,136058,45.5219,7.00321,0.023
RGI60-11.03122,136059,45.5261,7.36427,0.119
RGI60-11.03123,136060,45.5238,7.32295,0.189
RGI60-11.03124,136061,45.5051,7.02505,3.708
RGI60-11.03125,136062,45.5178,7.04369,0.107
RGI60-11.03126,136063,45.5218,7.36446,0.136
RGI60-11.03127,136064,45.5184,7.05214,0.023
RGI60-11.03128,136065,45.5229,7.33609,0.016
RGI60-11.03129,136066,45.5225,7.35685,0.038
RGI60-11.03130,136067,45.5182,7.13703,0.042
RGI60-11.03131,136068,45.5153,7.00736,0.015
RGI60-11.03132,136069,45.5177,7.33543,0.226
RGI60-11.03133,136070,45.5189,7.36785,0.049
RGI60-11.03134,,45.5137,7.00717,0.014
RGI60-11.03135,1264,45.5181,7.38984,0.345
RGI60-11.03136,136071,45.517,7.30548,0.049
RGI60-11.03137,136072,45.5123,7.04145,0.04
RGI60-11.03138,136073,45.5154,7.30396,0.031
RGI60-11.03139,136074,45.5164,7.3284,0.022
RGI60-11.03140,136075,45.5124,7.29417,0.301
RGI60-11.03141,136076,45.5134,7.3299,0.062
RGI60-11.03142,,45.5129,7.32179,0.05
RGI60-11.03143,136077,45.5122,7.31555,0.039
RGI60-11.03144,136078,45.5115,7.28539,0.029
RGI60-11.03145,136079,45.5053,7.0036,0.101
RGI60-11.03146,136080,45.5054,7.27134,0.664
RGI60-11.03147,136081,45.4958,7.0547,2.75
RGI60-11.03148,136082,45.5009,7.25047,1.562
RGI60-11.03149,136083,45.5071,7.28929,0.054
RGI60-11.03150,136084,45.5014,7.00482,0.031
RGI60-11.03151,136085,45.5014,7.26694,0.057
RGI60-11.03152,136086,45.4992,7.11669,0.02
RGI60-11.03153,,45.5011,7.26018,0.012
RGI60-11.03154,136087,45.4812,7.06183,3.12
RGI60-11.03155,,45.4981,7.26742,0.013
RGI60-11.03156,136088,45.4915,7.23483,0.46
RGI60-11.03157,136089,45.4956,7.25272,0.033
RGI60-11.03158,,45.4937,7.11734,0.012
RGI60-11.03159,,45.4954,7.25819,0.011
RGI60-11.03160,,45.4924,7.24395,0.011
RGI60-11.03161,136090,45.4889,7.24472,0.076
RGI60-11.03162,136091,45.4849,7.2263,0.074
RGI60-11.03163,136092,45.4818,7.04472,0.05
RGI60-11.03164,136093,45.4738,7.10022,1.987
RGI60-11.03165,136094,45.4783,7.11736,0.211
RGI60-11.03166,1238,45.4757,7.2204,0.491
RGI60-11.03167,2380,45.4738,7.08262,0.201
RGI60-11.03168,136096,45.4792,7.22992,0.016
RGI60-11.03169,136097,45.4506,7.10759,0.093
RGI60-11.03170,136098,45.4452,7.11753,0.095
RGI60-11.03171,136099,45.4375,7.11723,0.302
RGI60-11.03172,136100,45.4322,7.12433,0.025
RGI60-11.03173,136101,45.4282,7.14588,0.068
RGI60-11.03174,136102,45.4182,7.16507,1.068
RGI60-11.03175,136103,45.4136,7.18289,0.11
RGI60-11.03176,136104,45.4003,7.18597,0.167
RGI60-11.03177,136105,45.3942,7.18754,0.023
RGI60-11.03178,136106,45.3932,7.18108,0.108
RGI60-11.03179,136107,45.3718,7.16454,0.12
RGI60-11.03180,136108,45.3659,7.16523,0.267
RGI60-11.03181,136109,45.3476,7.13696,0.057
RGI60-11.03182,136110,45.3349,7.11603,3.108
RGI60-11.03183,,45.3437,7.13473,0.011
RGI60-11.03184,136111,45.3358,7.14118,0.781
RGI60-11.03185,136112,45.3339,7.15749,0.254
RGI60-11.03186,136113,45.334,7.15145,0.028
RGI60-11.03187,136114,45.3309,7.10601,0.019
RGI60-11.03188,,45.3316,7.14893,0.013
RGI60-11.03189,136115,45.3298,7.14353,0.055
RGI60-11.03190,136116,45.3262,7.13295,0.597
RGI60-11.03191,136117,45.3262,7.1227,0.051
RGI60-11.03192,136118,45.3247,7.11899,0.015
RGI60-11.03193,1297,45.3067,7.12328,0.256
RGI60-11.03194,136120,45.264,7.14138,0.016
RGI60-11.03195,136121,45.262,7.13335,0.068
RGI60-11.03196,,45.2412,7.10458,0.018
RGI60-11.03197,136122,45.2365,7.09974,0.031
RGI60-11.03198,136123,45.2059,7.07412,0.031
RGI60-11.03199,,45.1123,6.78237,0.012
RGI60-11.03200,136124,45.1109,6.78519,0.038
RGI60-11.03201,,45.1102,6.78859,0.011
RGI60-11.03202,136125,45.1092,6.79134,0.035
RGI60-11.03203,,45.1028,6.62955,0.018
RGI60-11.03204,,42.798625946,1.088500977,0.021
RGI60-11.03205,136126,42.626838684,0.666092038,0.077
RGI60-11.03206,136127,42.632011414,0.658785105,0.067
RGI60-11.03207,,42.632976532,0.654111862,0.015
RGI60-11.03208,943,42.641357422,0.646031618,0.622
RGI60-11.03209,942,42.648979187,0.639342666,0.26
RGI60-11.03210,136128,42.652107239,0.632565618,0.054
RGI60-11.03211,136129,42.700157166,0.555278361,0.05
RGI60-11.03212,136130,42.693187714,0.511459589,0.04
RGI60-11.03213,136131,42.694480896,0.494304121,0.105
RGI60-11.03214,136132,42.696220398,0.490498245,0.02
RGI60-11.03215,136133,42.70085907,0.480292678,0.026
RGI60-11.03216,,42.656570435,0.438703239,0.01
RGI60-11.03217,136134,42.661071777,0.437355816,0.057
RGI60-11.03218,136135,42.653945923,0.42819345,0.084
RGI60-11.03219,136136,42.726146698,0.142223626,0.042
RGI60-11.03220,136137,42.717735291,0.129816025,0.041
RGI60-11.03221,136138,42.678588867,0.033971794,0.054
RGI60-11.03222,136139,42.679336548,0.039654583,0.308
RGI60-11.03223,,42.693416595,0.018435251,0.023
RGI60-11.03224,136140,42.689346313,0.026602559,0.022
RGI60-11.03225,136141,42.703136444,0.034118384,0.052
RGI60-11.03226,136142,42.705322266,0.02125987,0.035
RGI60-11.03227,136143,42.705482483,0.015287263,0.046
RGI60-11.03228,136144,42.695419312,-0.039683387,0.083
RGI60-11.03229,136145,42.695129395,-0.057456039,0.087
RGI60-11.03230,136146,42.775856018,-0.137717813,0.027
RGI60-11.03231,136147,42.779716492,-0.144214809,0.13
RGI60-11.03232,2867,42.771190643,-0.141221896,0.449
RGI60-11.03233,955,42.783802032,-0.258848548,0.053
RGI60-11.03234,136149,42.83864212,-0.286944628,0.025
RGI60-11.03235,,46.612,12.907,0.151
RGI60-11.03236,,46.377947939,13.844254442,0.011
RGI60-11.03237,,46.364,14.553,0.015
RGI60-11.03238,136150,43.115,19.0675,0.019
RGI60-11.03239,136151,42.46583915,19.807626777,0.097
RGI60-11.03240,136152,42.447352658,19.815450011,0.049
RGI60-11.03241,1107,42.47054,13.56671,0.033
RGI60-11.03242,136153,44.117000335,7.410000076,0.102
RGI60-11.03243,136154,44.125999703,7.381999883,0.089
RGI60-11.03244,136155,44.126000285,7.370999944,0.111
RGI60-11.03245,136156,44.124000042,7.363999838,0.015
RGI60-11.03246,346,47.415938932,10.982920789,0.351
RGI60-11.03247,136157,47.400649446,10.973305067,0.029
RGI60-11.03248,136158,47.398996467,10.976373252,0.02
RGI60-11.03249,348,47.423950848,10.99304939,0.223
RGI60-11.03250,136159,47.574639999,12.866014911,0.028
RGI60-11.03251,,47.571169259,12.866638189,0.047
RGI60-11.03252,136160,47.5551,12.9292,0.058
RGI60-11.03253,,44.97,6.217,0.024
RGI60-11.03254,,44.9,6.408,0.958
RGI60-11.03255,136161,45.019,6.335,0.05
RGI60-11.03256,136162,45.469,7.056,0.111
RGI60-11.03257,136163,45.182,6.931,0.054
RGI60-11.03258,136164,45.896,6.994,0.378
RGI60-11.03259,136165,45.337,6.747,1.363
RGI60-11.03260,136166,45.507,6.87,0.15
RGI60-11.03261,136167,45.518,6.883,0.485
RGI60-11.03262,136168,45.512,6.857,0.454
RGI60-11.03263,136169,45.939,6.951,0.719
RGI60-11.03264,136170,44.959,6.416,2.283
RGI60-11.03265,136171,45.886,6.88,0.206
RGI60-11.03266,136172,45.161,6.141,0.469
RGI60-11.03267,,44.918,6.116,0.05
RGI60-11.03268,136173,45.01,6.268,0.125
RGI60-11.03269,,44.858,6.38,0.015
RGI60-11.03270,136174,44.89,6.391,0.5
RGI60-11.03271,,44.987,6.285,0.043
RGI60-11.03272,,45.012,6.284,1.228
RGI60-11.03273,136175,45.488,6.776,0.265
RGI60-11.03274,136176,45.648,6.965,0.03
RGI60-11.03275,,44.966,6.223,0.033
RGI60-11.03276,136177,45.822,6.785,0.026
RGI60-11.03277,136178,45.389,7.009,0.057
RGI60-11.03278,136179,44.995,6.324,0.169
RGI60-11.03279,136180,46.102,6.808,0.027
RGI60-11.03280,136181,45.859,6.823,0.512
RGI60-11.03281,,45.46,6.371,0.017
RGI60-11.03282,136182,44.902,6.279,0.119
RGI60-11.03283,136183,44.914,6.235,0.023
RGI60-11.03284,136184,45.927,6.955,0.405
RGI60-11.03285,,44.931,6.149,0.09
RGI60-11.03286,136185,45.495,6.774,0.072
RGI60-11.03287,,44.834,6.341,0.037
RGI60-11.03288,136186,45.514,6.888,0.241
RGI60-11.03289,136187,44.905,6.115,0.047
RGI60-11.03290,136188,45.863,6.831,0.368
RGI60-11.03291,136189,45.25,7.001,0.066
RGI60-11.03292,136190,45.402,6.811,0.823
RGI60-11.03293,,44.825,6.338,0.231
RGI60-11.03294,136191,44.784,6.297,0.053
RGI60-11.03295,136192,45.417,6.843,0.6
RGI60-11.03296,136193,45.837,6.799,0.223
RGI60-11.03297,136194,45.515,6.988,2.109
RGI60-11.03298,136195,44.915,6.12,0.428
RGI60-11.03299,,45.457,7.098,0.016
RGI60-11.03300,136196,45.0,6.361,0.032
RGI60-11.03301,,45.895,7.0,0.1
RGI60-11.03302,,44.99,6.285,0.02
RGI60-11.03303,136197,45.521,6.993,0.878
RGI60-11.03304,136198,44.849,6.217,0.049
RGI60-11.03305,136199,44.785,6.312,0.176
RGI60-11.03306,,44.934,6.114,0.066
RGI60-11.03307,136200,45.268,6.606,0.249
RGI60-11.03308,136201,44.906,6.383,4.153
RGI60-11.03308,26417,44.906,6.383,4.153
RGI60-11.03309,136202,44.858,6.394,0.061
RGI60-11.03310,,44.909,6.112,0.015
RGI60-11.03311,136203,44.995,6.26,0.118
RGI60-11.03312,136204,45.284,7.048,0.752
RGI60-11.03313,,45.905,6.928,0.198
RGI60-11.03314,136205,44.709,6.406,0.072
RGI60-11.03315,136206,44.967,6.393,0.108
RGI60-11.03316,136207,44.55,6.862,0.076
RGI60-11.03317,,45.897,6.909,0.029
RGI60-11.03318,,44.914,6.143,0.017
RGI60-11.03319,136208,44.965,6.321,0.669
RGI60-11.03320,136209,45.124,6.34,0.124
RGI60-11.03321,,44.793,6.33,0.175
RGI60-11.03322,136210,45.419,6.782,0.176
RGI60-11.03323,136211,45.041,5.93,0.01
RGI60-11.03324,136212,44.966,6.245,0.026
RGI60-11.03325,136213,45.347,7.127,0.138
RGI60-11.03326,136214,45.236,7.072,0.184
RGI60-11.03327,136215,44.965,6.235,0.034
RGI60-11.03328,136216,44.919,6.329,0.246
RGI60-11.03329,136217,45.281,6.61,0.04
RGI60-11.03330,136218,44.744,6.197,0.038
RGI60-11.03331,,44.903,6.144,0.06
RGI60-11.03332,136219,44.747,6.21,0.184
RGI60-11.03333,136220,45.274,6.676,0.23
RGI60-11.03334,136221,44.871,6.289,0.035
RGI60-11.03335,136222,44.909,6.277,0.056
RGI60-11.03336,136223,44.998,6.349,0.046
RGI60-11.03337,,45.175,6.153,0.021
RGI60-11.03338,136224,45.307,6.158,0.053
RGI60-11.03339,136225,45.769,6.794,1.445
RGI60-11.03340,136226,45.327,6.894,0.054
RGI60-11.03341,136227,45.543,6.851,0.301
RGI60-11.03342,136228,44.997,6.344,0.051
RGI60-11.03343,136229,44.963,6.431,0.191
RGI60-11.03344,136230,45.799,6.776,0.149
RGI60-11.03345,136231,44.898,6.419,0.09
RGI60-11.03346,136232,45.382,6.921,0.058
RGI60-11.03347,136233,45.337,6.948,0.681
RGI60-11.03348,136234,45.282,7.067,0.361
RGI60-11.03349,,44.93,6.155,0.182
RGI60-11.03350,,45.003,6.354,0.074
RGI60-11.03351,136235,44.957,6.455,0.078
RGI60-11.03352,136236,45.58,6.985,0.069
RGI60-11.03353,136237,44.907,6.356,0.018
RGI60-11.03354,136238,45.383,7.009,0.033
RGI60-11.03355,,44.856,6.259,0.019
RGI60-11.03356,136239,45.954,7.008,0.386
RGI60-11.03357,,44.85,6.238,0.011
RGI60-11.03358,136240,44.887,6.275,0.013
RGI60-11.03359,136241,45.532,6.85,0.484
RGI60-11.03360,136242,45.432,7.065,0.093
RGI60-11.03361,136243,44.936,6.109,0.373
RGI60-11.03362,136244,44.961,6.261,0.039
RGI60-11.03363,136245,44.882,6.269,0.121
RGI60-11.03364,136246,44.878,6.356,0.442
RGI60-11.03365,136247,44.868,6.357,0.111
RGI60-11.03366,136248,44.936,6.101,0.076
RGI60-11.03367,136249,45.35,7.088,0.398
RGI60-11.03368,136250,44.865,6.359,0.079
RGI60-11.03369,136251,45.542,6.865,0.249
RGI60-11.03370,,44.911,6.182,0.013
RGI60-11.03371,,44.972,6.247,0.191
RGI60-11.03372,136252,45.066,6.44,0.089
RGI60-11.03373,136253,45.363,7.143,2.013
RGI60-11.03374,136254,45.435,6.883,0.086
RGI60-11.03375,,44.85,6.329,0.027
RGI60-11.03376,136255,45.487,6.784,0.503
RGI60-11.03377,136256,45.366,6.788,0.717
RGI60-11.03378,136257,45.134,6.856,0.466
RGI60-11.03379,136258,44.94,6.072,0.107
RGI60-11.03380,,44.9,6.169,0.482
RGI60-11.03381,,45.895,6.906,0.059
RGI60-11.03382,136259,44.893,6.241,0.091
RGI60-11.03383,,44.89,6.36,0.052
RGI60-11.03384,136260,46.108,6.887,1.15
RGI60-11.03385,136261,45.004,6.345,0.281
RGI60-11.03386,136262,45.353,7.136,0.253
RGI60-11.03387,136263,44.977,6.384,0.047
RGI60-11.03388,136264,45.817,6.792,0.221
RGI60-11.03389,136265,45.892,6.889,1.032
RGI60-11.03390,136266,44.875,6.252,0.206
RGI60-11.03391,136267,45.877,6.882,0.056
RGI60-11.03392,,44.995,6.337,0.015
RGI60-11.03393,136268,45.241,7.008,0.532
RGI60-11.03394,,44.937,6.084,0.012
RGI60-11.03395,136269,44.832,6.339,0.025
RGI60-11.03396,,44.814,6.348,0.262
RGI60-11.03397,136270,45.229,7.053,0.123
RGI60-11.03398,,44.805,6.345,0.032
RGI60-11.03399,136271,44.892,6.174,0.087
RGI60-11.03400,136272,45.335,6.904,2.305
RGI60-11.03401,136273,45.274,6.64,0.027
RGI60-11.03402,136274,44.973,6.269,0.03
RGI60-11.03403,136275,44.895,6.166,0.104
RGI60-11.03404,136276,45.174,5.994,0.024
RGI60-11.03405,136277,44.949,6.079,0.026
RGI60-11.03406,136278,45.227,7.081,0.059
RGI60-11.03407,136279,44.927,6.38,0.066
RGI60-11.03408,136280,45.163,6.886,0.123
RGI60-11.03409,136281,45.995,6.887,0.143
RGI60-11.03410,136282,45.273,7.062,0.05
RGI60-11.03411,136283,45.427,6.758,0.392
RGI60-11.03412,,45.004,6.36,0.022
RGI60-11.03413,136284,44.868,6.251,0.044
RGI60-11.03414,136285,44.921,6.282,0.015
RGI60-11.03415,,44.847,6.226,0.017
RGI60-11.03416,136286,44.864,6.389,0.222
RGI60-11.03417,,44.89,6.315,0.018
RGI60-11.03418,,45.906,6.919,0.022
RGI60-11.03419,136287,45.396,7.012,0.02
RGI60-11.03420,136288,45.396,7.012,0.039
RGI60-11.03421,136289,44.906,6.279,0.052
RGI60-11.03422,,44.984,6.028,0.016
RGI60-11.03423,136290,45.418,6.788,0.176
RGI60-11.03424,136291,44.904,6.353,0.025
RGI60-11.03425,136292,45.29,6.767,0.321
RGI60-11.03426,,44.847,6.223,0.016
RGI60-11.03427,136293,45.369,6.78,2.775
RGI60-11.03428,,44.964,6.217,0.01
RGI60-11.03429,136294,45.585,6.974,0.157
RGI60-11.03430,136295,45.359,6.785,0.047
RGI60-11.03431,136296,44.882,6.185,0.031
RGI60-11.03432,136297,45.475,7.042,0.121
RGI60-11.03433,136298,44.91,6.402,0.284
RGI60-11.03434,136299,46.052,6.866,0.077
RGI60-11.03435,136300,44.903,6.285,0.054
RGI60-11.03436,136301,44.936,6.114,0.013
RGI60-11.03437,136302,44.977,6.331,1.106
RGI60-11.03438,136303,45.856,6.819,0.083
RGI60-11.03439,136304,45.309,6.609,0.179
RGI60-11.03440,136305,45.243,6.116,0.087
RGI60-11.03441,136306,44.875,6.349,0.037
RGI60-11.03442,136307,45.318,7.108,0.048
RGI60-11.03443,136308,44.849,6.248,0.024
RGI60-11.03444,136309,44.849,6.229,0.017
RGI60-11.03445,,44.893,6.178,0.042
RGI60-11.03446,136310,45.334,6.886,0.263
RGI60-11.03447,,44.952,6.37,0.347
RGI60-11.03448,136311,44.95,6.423,0.055
RGI60-11.03449,136312,45.976,6.862,0.15
RGI60-11.03450,136313,45.985,6.877,0.106
RGI60-11.03451,136314,45.299,6.725,0.554
RGI60-11.03452,136315,45.521,6.88,0.948
RGI60-11.03453,136316,44.835,6.336,0.04
RGI60-11.03454,,44.86,6.188,0.093
RGI60-11.03455,,44.867,6.136,0.06
RGI60-11.03456,136317,44.891,6.351,0.287
RGI60-11.03457,136318,44.988,5.937,0.037
RGI60-11.03458,136319,45.127,6.341,0.071
RGI60-11.03459,136320,45.14,6.833,0.164
RGI60-11.03460,136321,45.252,7.07,0.058
RGI60-11.03461,136322,45.418,6.755,0.041
RGI60-11.03462,136323,44.782,6.242,0.066
RGI60-11.03463,136324,45.518,6.864,0.05
RGI60-11.03464,136325,45.549,6.972,0.906
RGI60-11.03465,136326,45.273,6.137,0.06
RGI60-11.03466,10405,45.913,6.992,7.687
RGI60-11.03467,,44.998,6.336,0.104
RGI60-11.03468,136327,45.765,6.764,0.35
RGI60-11.03469,136328,44.885,6.348,0.059
RGI60-11.03470,136329,45.303,6.133,0.108
RGI60-11.03471,,45.004,6.306,0.013
RGI60-11.03472,,44.925,6.112,0.314
RGI60-11.03473,136330,44.861,6.367,1.983
RGI60-11.03474,136331,45.436,7.046,0.056
RGI60-11.03475,136332,45.946,6.955,0.24
RGI60-11.03476,,44.941,6.35,0.014
RGI60-11.03477,,44.959,6.321,0.047
RGI60-11.03478,136333,45.268,6.965,0.379
RGI60-11.03479,136334,44.877,6.345,0.093
RGI60-11.03480,136335,45.437,7.083,0.181
RGI60-11.03481,136336,44.886,6.246,0.079
RGI60-11.03482,136337,45.275,7.119,0.312
RGI60-11.03483,136338,45.88,6.875,0.134
RGI60-11.03484,136339,45.273,6.974,0.566
RGI60-11.03485,136340,44.813,6.338,0.049
RGI60-11.03486,136341,45.28,6.125,0.027
RGI60-11.03487,,44.847,6.342,0.12
RGI60-11.03488,136342,46.119,6.889,0.666
RGI60-11.03489,,44.83,6.326,0.441
RGI60-11.03490,136343,46.02,6.845,0.01
RGI60-11.03491,136344,44.893,6.283,0.019
RGI60-11.03492,136345,45.136,6.869,0.109
RGI60-11.03493,136346,44.911,6.285,0.408
RGI60-11.03494,,44.995,6.287,0.185
RGI60-11.03495,136347,44.868,6.277,0.037
RGI60-11.03496,136348,44.9,6.353,0.058
RGI60-11.03497,,44.89,6.182,0.05
RGI60-11.03498,136349,45.171,6.149,0.098
RGI60-11.03499,,44.859,6.206,0.016
RGI60-11.03500,136350,45.243,6.616,0.126
RGI60-11.03501,,44.88,6.206,0.025
RGI60-11.03502,,45.521,6.854,0.014
RGI60-11.03503,136351,44.824,6.353,0.305
RGI60-11.03504,136352,45.352,6.968,0.154
RGI60-11.03505,,44.968,6.336,0.339
RGI60-11.03506,136353,45.42,7.148,0.381
RGI60-11.03507,,44.967,6.254,0.013
RGI60-11.03508,,44.967,6.254,0.01
RGI60-11.03509,136354,44.772,6.231,0.111
RGI60-11.03510,136355,44.904,6.241,0.03
RGI60-11.03511,136356,45.969,6.99,0.105
RGI60-11.03512,,44.847,6.331,0.14
RGI60-11.03513,136357,44.818,6.342,0.191
RGI60-11.03514,136358,46.105,6.822,0.01
RGI60-11.03515,136359,44.972,6.389,0.016
RGI60-11.03516,,44.929,6.111,0.135
RGI60-11.03517,136360,45.538,6.859,0.044
RGI60-11.03518,136361,45.901,6.901,0.56
RGI60-11.03519,136362,45.933,6.947,0.112
RGI60-11.03520,136363,45.335,6.766,0.953
RGI60-11.03521,136364,44.934,6.39,0.141
RGI60-11.03522,136365,45.285,6.613,0.447
RGI60-11.03523,,44.884,6.314,0.01
RGI60-11.03524,136366,45.301,7.109,0.574
RGI60-11.03525,136367,45.407,6.765,0.189
RGI60-11.03526,136368,44.852,6.222,0.053
RGI60-11.03527,136369,45.27,6.98,0.989
RGI60-11.03528,136370,46.024,6.847,0.055
RGI60-11.03529,136371,45.538,6.985,1.69
RGI60-11.03530,136372,45.432,7.07,0.262
RGI60-11.03531,136373,45.242,6.997,0.192
RGI60-11.03532,,44.818,6.352,0.015
RGI60-11.03533,136374,44.883,6.181,0.026
RGI60-11.03534,136375,45.887,6.96,0.091
RGI60-11.03535,136376,45.43,6.87,0.334
RGI60-11.03536,136377,45.109,6.322,0.734
RGI60-11.03537,136378,45.431,6.754,0.106
RGI60-11.03538,136379,44.882,6.259,0.318
RGI60-11.03539,136380,45.233,7.09,0.676
RGI60-11.03540,136381,45.434,7.078,0.123
RGI60-11.03541,136382,45.771,6.755,0.044
RGI60-11.03542,136383,45.02,6.33,0.081
RGI60-11.03543,136384,45.259,7.057,0.121
RGI60-11.03544,136385,44.945,6.327,0.021
RGI60-11.03545,136386,45.505,6.866,0.023
RGI60-11.03546,136387,45.318,6.756,3.858
RGI60-11.03547,136388,45.634,6.986,0.947
RGI60-11.03548,136389,44.924,6.371,0.029
RGI60-11.03549,136390,44.911,6.237,0.019
RGI60-11.03550,136391,45.173,5.956,0.026
RGI60-11.03551,136392,44.852,6.366,0.019
RGI60-11.03552,136393,45.271,6.631,0.349
RGI60-11.03553,136394,44.934,6.45,1.182
RGI60-11.03554,136395,45.099,6.334,0.015
RGI60-11.03555,136396,45.434,7.059,0.195
RGI60-11.03556,136397,45.442,7.101,2.039
RGI60-11.03557,136398,44.879,6.311,0.14
RGI60-11.03558,26419,44.928,6.457,0.917
RGI60-11.03558,136399,44.928,6.457,0.917
RGI60-11.03559,136400,44.931,6.162,0.034
RGI60-11.03560,,44.954,6.257,0.038
RGI60-11.03561,136401,45.413,6.862,1.031
RGI60-11.03562,136402,44.862,6.399,0.044
RGI60-11.03563,136403,45.281,6.133,0.032
RGI60-11.03564,136404,44.864,6.265,0.036
RGI60-11.03565,136405,44.85,6.233,0.027
RGI60-11.03566,,45.395,7.015,0.011
RGI60-11.03567,136406,45.748,6.746,0.021
RGI60-11.03568,136407,44.548,6.851,0.015
RGI60-11.03569,136408,45.424,6.763,1.25
RGI60-11.03570,136409,44.546,6.843,0.036
RGI60-11.03571,136410,44.852,6.254,0.019
RGI60-11.03572,136411,45.01,6.329,0.563
RGI60-11.03573,136412,45.992,6.871,0.156
RGI60-11.03574,136413,44.797,6.409,0.044
RGI60-11.03575,136414,45.418,6.797,0.239
RGI60-11.03576,136415,45.171,5.985,0.288
RGI60-11.03577,136416,45.411,6.79,0.153
RGI60-11.03578,,44.957,6.27,0.128
RGI60-11.03579,136417,45.819,6.799,0.621
RGI60-11.03580,136418,44.854,6.201,0.111
RGI60-11.03581,136419,45.773,6.755,0.059
RGI60-11.03582,136420,45.911,6.924,0.101
RGI60-11.03583,136421,44.824,6.363,0.038
RGI60-11.03584,136422,46.029,6.862,0.332
RGI60-11.03585,136423,45.955,6.957,0.249
RGI60-11.03586,136424,45.417,6.759,0.012
RGI60-11.03587,136425,44.998,6.293,0.58
RGI60-11.03588,136426,44.949,6.439,0.502
RGI60-11.03589,136427,44.908,6.293,0.027
RGI60-11.03590,,44.97,6.239,0.093
RGI60-11.03591,136428,45.173,6.157,0.043
RGI60-11.03592,136429,45.76,6.753,0.063
RGI60-11.03593,,44.963,6.214,0.018
RGI60-11.03594,136430,44.86,6.26,0.033
RGI60-11.03595,136431,45.147,6.544,0.057
RGI60-11.03596,,44.901,6.175,0.15
RGI60-11.03597,136432,44.788,6.301,0.137
RGI60-11.03598,136433,45.267,6.957,0.156
RGI60-11.03599,136434,44.849,6.349,0.124
RGI60-11.03600,,44.918,6.152,0.022
RGI60-11.03601,136435,45.809,6.778,0.603
RGI60-11.03602,136436,45.017,6.414,0.025
RGI60-11.03603,136437,45.141,6.893,0.288
RGI60-11.03604,136438,45.48,7.035,0.165
RGI60-11.03605,136439,45.344,6.956,0.913
RGI60-11.03606,136440,44.916,6.238,0.032
RGI60-11.03607,136441,44.944,6.338,0.036
RGI60-11.03608,136442,45.386,6.939,0.044
RGI60-11.03609,136443,45.772,6.762,0.364
RGI60-11.03610,136444,45.153,6.137,0.05
RGI60-11.03611,136445,45.172,6.897,0.06
RGI60-11.03612,,44.83,6.345,0.181
RGI60-11.03613,,44.896,6.179,0.074
RGI60-11.03614,136446,45.423,6.858,0.961
RGI60-11.03615,136447,45.496,6.804,0.032
RGI60-11.03616,136448,45.556,6.849,0.134
RGI60-11.03617,136449,45.275,6.647,0.162
RGI60-11.03618,136450,45.346,6.91,0.118
RGI60-11.03619,,45.965,6.994,0.029
RGI60-11.03620,136451,45.249,6.126,0.06
RGI60-11.03621,,44.851,6.214,0.057
RGI60-11.03622,,44.944,6.382,0.057
RGI60-11.03623,136452,44.903,6.235,0.206
RGI60-11.03624,136453,44.819,6.358,0.06
RGI60-11.03625,136454,45.535,6.872,0.758
RGI60-11.03626,136455,44.775,6.237,0.082
RGI60-11.03627,136456,44.998,6.315,0.695
RGI60-11.03628,,44.928,6.104,0.022
RGI60-11.03629,136457,44.923,6.462,0.167
RGI60-11.03630,136458,44.864,6.347,0.197
RGI60-11.03631,136459,45.912,6.961,0.038
RGI60-11.03632,,44.807,6.342,0.03
RGI60-11.03633,136460,44.897,6.238,0.024
RGI60-11.03634,,44.954,6.272,0.029
RGI60-11.03635,136461,45.993,6.88,0.127
RGI60-11.03636,,44.931,6.159,0.012
RGI60-11.03637,136462,44.95,6.428,0.015
RGI60-11.03638,354,45.951,6.985,13.795
RGI60-11.03639,136463,45.951,6.952,0.425
RGI60-11.03640,136464,45.96,7.003,1.024
RGI60-11.03641,136465,45.888,6.969,0.178
RGI60-11.03642,136466,45.894,6.977,7.223
RGI60-11.03643,353,45.883,6.934,24.179
RGI60-11.03644,136467,45.882,6.888,0.421
RGI60-11.03645,136468,45.907,6.912,0.574
RGI60-11.03646,355,45.868,6.865,11.42
RGI60-11.03647,136469,45.863,6.844,4.898
RGI60-11.03648,1313,45.849,6.811,5.102
RGI60-11.03649,136470,45.827,6.799,1.267
RGI60-11.03650,136471,45.817,6.783,0.712
RGI60-11.03651,1314,45.784,6.784,8.402
RGI60-11.03652,136472,45.642,6.985,0.55
RGI60-11.03653,136473,45.531,6.874,1.812
RGI60-11.03654,136474,45.341,7.087,1.669
RGI60-11.03654,26420,45.341,7.087,1.669
RGI60-11.03655,136475,45.221,7.067,2.052
RGI60-11.03656,136476,45.346,6.98,0.94
RGI60-11.03657,136477,45.372,6.99,0.97
RGI60-11.03658,136478,45.37,7.005,0.494
RGI60-11.03659,136479,45.391,6.922,0.771
RGI60-11.03660,136480,45.386,6.91,0.886
RGI60-11.03661,136481,45.38,6.893,0.142
RGI60-11.03662,136482,45.423,6.881,4.218
RGI60-11.03663,136483,45.414,6.828,1.604
RGI60-11.03664,136484,45.409,6.803,0.731
RGI60-11.03665,136485,45.42,6.809,0.148
RGI60-11.03666,26418,45.376,6.799,0.358
RGI60-11.03666,136486,45.376,6.799,0.358
RGI60-11.03667,136487,45.344,6.763,3.462
RGI60-11.03668,136488,45.361,6.765,1.796
RGI60-11.03669,136489,45.309,6.727,1.875
RGI60-11.03670,136490,45.302,6.745,2.343
RGI60-11.03671,352,45.295,6.629,3.569
RGI60-11.03672,136491,45.266,6.615,3.09
RGI60-11.03673,136492,45.289,6.618,0.313
RGI60-11.03674,356,45.16,6.159,2.741
RGI60-11.03675,136493,45.003,6.226,3.443
RGI60-11.03676,136494,45.009,6.252,5.364
RGI60-11.03677,136495,45.008,6.296,1.863
RGI60-11.03678,136496,45.014,6.321,1.445
RGI60-11.03679,136497,45.007,6.339,1.583
RGI60-11.03680,136498,44.992,6.274,1.893
RGI60-11.03681,,44.974,6.256,0.455
RGI60-11.03682,136499,44.96,6.383,0.457
RGI60-11.03683,136500,44.954,6.35,2.81
RGI60-11.03684,351,44.944,6.382,5.147
RGI60-11.03685,136501,44.882,6.364,0.633
RGI60-11.03686,136502,44.919,6.347,1.22
RGI60-11.03687,136503,44.865,6.334,3.04
RGI60-11.03688,136504,44.844,6.318,0.599
RGI60-11.03689,,44.803,6.331,0.573
RGI60-11.03690,,44.796,6.316,0.717
RGI60-11.03691,,44.799,6.347,0.325
RGI60-11.03692,136505,44.744,6.197,0.271
RGI60-11.03693,136506,44.867,6.319,0.869
RGI60-11.03694,,44.892,6.263,2.242
RGI60-11.03695,,44.883,6.195,0.481
RGI60-11.03696,,44.901,6.151,0.117
RGI60-11.03697,136507,44.912,6.139,0.476
RGI60-11.03698,1315,45.987,6.988,8.124
RGI60-11.03699,136508,45.28,7.13,0.87
RGI60-11.03700,136509,45.363,6.979,0.552
RGI60-11.03701,136510,45.371,7.144,2.373
RGI60-11.03702,136511,45.131477356,6.125827789,0.082
RGI60-11.03703,136512,45.144927979,6.132995129,0.015
RGI60-11.03704,136513,45.151939392,6.130867004,0.031
RGI60-11.03705,136514,45.140708923,6.126721382,0.523
RGI60-11.03706,136515,45.148468018,6.129675865,0.116
RGI60-11.03707,,45.144161224,6.127987385,0.01
RGI60-11.03708,136516,45.122947693,6.118746281,0.044
RGI60-11.03709,136517,45.989925385,6.865118027,0.015
RGI60-11.03710,,45.991085052,6.864919186,0.015
RGI60-11.03711,,45.988910675,6.864435673,0.014
RGI60-11.03712,136518,45.972412109,6.988554955,0.015
RGI60-11.03713,136519,45.769584656,6.804134369,0.064
RGI60-11.03714,136520,45.505577087,6.862073898,0.042
RGI60-11.03715,136521,45.492321014,6.804168224,0.247
RGI60-11.03716,136522,45.494911194,6.806703568,0.012
RGI60-11.03717,136523,45.488883972,6.792551041,0.03
RGI60-11.03718,136524,45.490013123,6.797332764,0.044
RGI60-11.03719,136525,45.485889435,6.797760487,0.028
RGI60-11.03720,136526,45.49445343,6.791683674,0.082
RGI60-11.03721,136527,45.461017609,6.36717701,0.036
RGI60-11.03722,,45.459190369,7.094813824,0.013
RGI60-11.03723,,45.462150574,7.096055031,0.037
RGI60-11.03724,136528,45.418830872,7.073329926,0.738
RGI60-11.03725,136529,45.406936646,7.072587013,0.041
RGI60-11.03726,136530,45.423805237,7.064435482,0.708
RGI60-11.03727,,45.414669037,7.066379547,0.012
RGI60-11.03728,,45.412796021,7.067751884,0.018
RGI60-11.03729,136531,45.413024902,7.155210495,0.024
RGI60-11.03730,136532,45.409645081,7.16242981,0.016
RGI60-11.03731,136533,45.387832642,7.156507492,1.047
RGI60-11.03732,136534,45.392459869,7.168877602,0.413
RGI60-11.03733,136535,45.402484894,7.17489624,1.294
RGI60-11.03734,136536,45.334049225,7.090087891,1.031
RGI60-11.03735,136537,45.330360413,7.098690987,0.189
RGI60-11.03736,136538,45.325263977,7.105105877,0.032
RGI60-11.03737,136539,45.322666168,7.106214523,0.041
RGI60-11.03738,136540,45.263771057,7.128118038,0.225
RGI60-11.03739,136541,45.260894775,7.123735428,0.079
RGI60-11.03740,136542,45.252967834,7.122775078,2.067
RGI60-11.03741,136543,45.254299164,7.133013725,0.019
RGI60-11.03742,136544,45.24659729,7.073810577,0.058
RGI60-11.03743,136545,45.24798584,7.070320129,0.02
RGI60-11.03744,136546,45.285648346,7.038302422,0.204
RGI60-11.03745,136547,45.291503906,6.734101772,0.186
RGI60-11.03746,,45.293998718,6.730564117,0.01
RGI60-11.03747,136548,45.279243469,6.760053635,0.058
RGI60-11.03748,136549,45.283504486,6.760790825,0.026
RGI60-11.03749,136550,45.281074524,6.760397911,0.013
RGI60-11.03750,136551,45.155967712,6.798390388,0.031
RGI60-11.03751,136552,45.296531677,6.150594711,0.043
RGI60-11.03752,136553,45.295303345,6.161598206,0.014
RGI60-11.03753,136554,45.302684784,6.14637661,0.1
RGI60-11.03754,136555,45.301460266,6.142926216,0.03
RGI60-11.03755,136556,45.24785614,6.134099483,0.128
RGI60-11.03756,357,45.116443634,6.130521774,0.303
RGI60-11.03757,,45.121578217,6.131388664,0.012
RGI60-11.03758,136557,45.134418488,6.134179115,0.581
RGI60-11.03759,136558,45.124904633,6.138318062,0.031
RGI60-11.03760,136559,45.146186829,6.146940708,2.008
RGI60-11.03761,136560,45.150558472,6.15406847,0.035
RGI60-11.03762,136561,44.982299805,6.033194542,0.048
RGI60-11.03763,,44.976623535,6.274554253,0.119
RGI60-11.03764,,44.973781586,6.279964447,0.053
RGI60-11.03765,,44.972438812,6.27722168,0.038
RGI60-11.03766,136562,44.978435516,6.274072647,0.017
RGI60-11.03767,,44.962039948,6.266947269,0.45
RGI60-11.03768,136563,44.969959259,6.265654564,0.106
RGI60-11.03769,,44.967700958,6.270970821,0.018
RGI60-11.03770,,44.957752228,6.260980129,0.01
RGI60-11.03771,136564,44.960296631,6.434322357,0.026
RGI60-11.03772,136565,44.957695007,6.439653873,1.145
RGI60-11.03773,,44.962551117,6.328092575,0.011
RGI60-11.03774,,44.964206696,6.331610203,0.195
RGI60-11.03775,136566,44.9582901,6.331134796,0.017
RGI60-11.03776,,44.958770752,6.32711792,0.01
RGI60-11.03777,,44.961166382,6.326050758,0.014
RGI60-11.03778,136567,44.958713531,6.324859619,0.015
RGI60-11.03779,,44.913696289,6.464962006,0.016
RGI60-11.03780,136568,44.88596344,6.374652863,0.181
RGI60-11.03781,136569,44.88306427,6.381742477,0.094
RGI60-11.03782,136570,44.888881683,6.379247665,0.079
RGI60-11.03783,136571,44.852378845,6.357756615,0.134
RGI60-11.03784,,44.852027893,6.353694916,0.015
RGI60-11.03785,136572,44.803882599,6.40503788,0.128
RGI60-11.03786,136573,44.800285339,6.397141933,0.027
RGI60-11.03787,136574,44.860221863,6.319885254,0.166
RGI60-11.03788,,44.862007141,6.32408905,0.015
RGI60-11.03789,136575,44.899116516,6.283102989,0.045
RGI60-11.03790,136576,44.897155762,6.287853718,0.06
RGI60-11.03791,,44.862373352,6.214061737,0.808
RGI60-11.03792,,44.858016968,6.208005428,0.017
RGI60-11.03793,,44.856563568,6.20922184,0.013
RGI60-11.03794,,44.856262207,6.213776112,0.073
RGI60-11.03795,,44.862731934,6.22180748,0.022
RGI60-11.03796,136577,44.866134644,6.203442574,0.68
RGI60-11.03797,136578,44.873527527,6.203154564,0.099
RGI60-11.03798,,44.861434937,6.207081795,0.046
RGI60-11.03799,,44.853744507,6.193791866,0.015
RGI60-11.03800,,44.854640961,6.191682816,0.016
RGI60-11.03801,136579,44.875232697,6.196764469,0.049
RGI60-11.03802,136580,44.910270691,6.148080349,0.024
RGI60-11.03803,,44.916915894,6.14746809,0.059
RGI60-11.03804,136581,44.920196533,6.147964478,0.022
RGI60-11.03805,,44.91709137,6.109362125,0.053
RGI60-11.03806,,44.914810181,6.110611916,0.027
RGI60-11.03807,,44.938552856,6.078374863,0.033
RGI60-11.03808,,44.940261841,6.080481052,0.011
RGI60-11.03809,136582,45.260101318,6.604481697,0.673
RGI60-11.03810,136583,44.929290771,6.340786934,1.922
RGI60-11.03811,,44.939933777,6.353271484,0.015
RGI60-11.03812,136584,45.985290527,6.871021271,0.011
RGI60-11.03813,,44.855693817,6.239952087,1.606
RGI60-11.03814,136585,44.86265564,6.254647255,0.068
RGI60-11.03815,136586,44.939758301,6.431046963,0.016
RGI60-11.03816,136587,44.870178223,6.258936882,1.474
RGI60-11.03817,,44.881111145,6.301672935,1.76
RGI60-11.03818,136588,44.949546814,6.419410706,0.016
RGI60-11.03819,136589,44.940536499,6.344518661,0.01
RGI60-11.03820,,44.941707611,6.348623753,0.015
RGI60-11.03821,136590,44.189,7.301,0.06
RGI60-11.03822,136591,44.148,7.385,0.076
RGI60-11.03823,136592,44.149,7.39,0.045
RGI60-11.03824,136593,44.143,7.401,0.058
RGI60-11.03825,136594,44.144,7.412,0.057
RGI60-11.03826,136595,44.137,7.421,0.078
RGI60-11.03827,2331,44.672,7.078,0.069
RGI60-11.03828,136597,44.662,7.079,0.044
RGI60-11.03829,136598,44.667,7.086,0.014
RGI60-11.03830,2338,44.673,7.09,0.025
RGI60-11.03831,136600,44.662,7.091,0.05
RGI60-11.03832,1292,44.679,7.091,0.027
RGI60-11.03833,136602,44.664,7.094,0.016
RGI60-11.03834,136603,45.146,6.9,0.073
RGI60-11.03835,136604,45.262,7.133,0.067
RGI60-11.03836,136605,45.233,7.141,0.026
RGI60-11.03837,136606,45.236,7.155,0.028
RGI60-11.03838,136607,45.268,7.205,0.08
RGI60-11.03839,,45.824,7.865,0.074
RGI60-11.03840,,45.827,7.869,0.038
RGI60-11.03841,136608,45.827,7.883,0.186
RGI60-11.03842,136609,46.482,9.277,0.05
RGI60-11.03843,136610,46.466,9.278,0.558
RGI60-11.03844,136611,46.388,9.283,0.031
RGI60-11.03845,136612,46.495,9.286,0.089
RGI60-11.03846,,46.497,9.291,0.011
RGI60-11.03847,136613,46.241,9.532,0.027
RGI60-11.03848,,46.24,9.539,0.015
RGI60-11.03849,136614,46.242,9.542,0.068
RGI60-11.03850,,46.244,9.549,0.045
RGI60-11.03851,136615,46.228,9.564,0.022
RGI60-11.03852,,46.241,9.957,0.013
RGI60-11.03853,136616,46.049,9.888,0.025
RGI60-11.03854,,46.049,9.893,0.021
RGI60-11.03855,136617,46.065,9.93,0.012
RGI60-11.03856,,46.067,9.945,0.01
RGI60-11.03857,136618,46.067,9.951,0.024
RGI60-11.03858,136619,46.587,10.104,0.038
RGI60-11.03859,136620,46.257,10.697,0.051
RGI60-11.03860,136621,46.24,10.732,0.072
RGI60-11.03861,136622,46.242,10.735,0.019
RGI60-11.03862,,46.247,10.743,0.03
RGI60-11.03863,136623,46.252,10.889,0.017
RGI60-11.03864,136624,46.256,10.892,0.014
RGI60-11.03865,136625,46.247,10.894,0.03
RGI60-11.03866,,46.259,10.898,0.022
RGI60-11.03867,136626,46.193,10.9,0.034
RGI60-11.03868,136627,46.962,12.025,0.032
RGI60-11.03869,136628,46.965,12.027,0.028
RGI60-11.03870,136629,46.895,12.038,0.128
RGI60-11.03871,136630,46.289,11.823,0.162
RGI60-11.03872,,46.295,11.826,0.01
RGI60-11.03873,,46.448,11.83,0.012
RGI60-11.03874,136631,46.282,11.832,0.025
RGI60-11.03875,136632,46.449,11.832,0.017
RGI60-11.03876,,46.287,11.834,0.026
RGI60-11.03877,,46.298,11.838,0.036
RGI60-11.03878,136633,46.42,11.839,0.018
RGI60-11.03879,136634,46.292,11.841,0.082
RGI60-11.03880,136635,46.44,11.842,0.052
RGI60-11.03881,136636,46.31,11.845,0.11
RGI60-11.03882,136637,46.413,11.849,0.117
RGI60-11.03883,136638,46.437,11.849,0.1
RGI60-11.03884,136639,46.441,11.849,0.056
RGI60-11.03885,136640,46.256,11.85,0.039
RGI60-11.03886,136641,46.411,11.854,0.03
RGI60-11.03887,136642,46.438,11.871,1.279
RGI60-11.03888,136643,46.252,11.873,0.036
RGI60-11.03889,136644,46.254,11.872,0.027
RGI60-11.03890,136645,46.548,12.019,0.052
RGI60-11.03891,,46.377,12.048,0.068
RGI60-11.03892,,46.382,12.047,0.063
RGI60-11.03893,,46.379,12.05,0.021
RGI60-11.03894,136646,46.343,12.058,0.056
RGI60-11.03895,136647,46.382,12.061,0.03
RGI60-11.03896,136648,46.554,12.065,0.059
RGI60-11.03897,136649,46.563,12.064,0.035
RGI60-11.03898,136650,46.555,12.071,0.042
RGI60-11.03899,136651,46.422,12.13,0.271
RGI60-11.03900,136652,46.587,12.19,0.084
RGI60-11.03901,136653,46.505,12.206,0.022
RGI60-11.03902,136654,46.509,12.208,0.191
RGI60-11.03903,136655,46.578,12.205,0.241
RGI60-11.03904,136656,46.515,12.211,0.038
RGI60-11.03905,136657,46.582,12.21,0.118
RGI60-11.03906,136658,46.51,12.219,0.141
RGI60-11.03907,136659,46.51,12.217,0.168
RGI60-11.03908,136660,46.459,12.252,0.035
RGI60-11.03909,136661,46.455,12.264,0.188
RGI60-11.03910,136662,46.452,12.266,0.272
RGI60-11.03911,136663,46.451,12.276,0.023
RGI60-11.03912,136664,46.501,12.286,0.072
RGI60-11.03913,136665,46.578,12.286,0.022
RGI60-11.03914,136666,46.501,12.293,0.092
RGI60-11.03915,136667,46.507,12.336,0.03
RGI60-11.03916,136668,46.511,12.34,0.131
RGI60-11.03917,136669,46.515,12.344,0.034
RGI60-11.03918,136670,46.639,12.384,0.093
RGI60-11.03919,,46.633,12.385,0.067
RGI60-11.03920,136671,46.633,12.392,0.052
RGI60-11.03921,136672,46.44,13.439,0.053
RGI60-11.03922,136673,46.362,13.441,0.02
RGI60-11.03923,136674,46.362,13.444,0.035
RGI60-11.03924,,46.437,13.444,0.037
RGI60-11.03925,136675,46.365,13.448,0.01
RGI60-11.03926,,46.366,13.451,0.013
RGI60-11.03927,,46.368,13.474,0.015
