outline_id,glacier_id,latitude,longitude,area_km2
RGI60-05.00001,,66.0765,-53.2909,0.168
RGI60-05.00002,199588,65.3617,-52.0705,0.118
RGI60-05.00003,199589,65.5791,-52.0017,0.059
RGI60-05.00004,199590,65.159,-51.7992,0.188
RGI60-05.00005,199591,65.1786,-51.7228,0.086
RGI60-05.00006,199592,65.0853,-51.8737,0.227
RGI60-05.00007,199593,65.0853,-51.8526,0.493
RGI60-05.00008,199594,65.18,-51.7327,0.096
RGI60-05.00009,199595,65.2553,-52.0037,0.229
RGI60-05.00010,199596,65.0878,-51.9327,0.449
RGI60-05.00011,199597,65.0861,-52.0142,0.09
RGI60-05.00012,199598,65.0911,-51.9652,0.574
RGI60-05.00013,199599,65.0912,-52.0007,0.37
RGI60-05.00014,199600,65.1348,-51.9677,0.144
RGI60-05.00015,199601,65.1396,-51.9269,0.081
RGI60-05.00016,199602,65.1414,-51.94,0.168
RGI60-05.00017,199603,65.2594,-51.9954,0.132
RGI60-05.00018,199604,65.2706,-51.8186,0.112
RGI60-05.00019,199605,65.2724,-51.7967,0.229
RGI60-05.00020,199606,65.2789,-51.7958,1.014
RGI60-05.00021,199607,65.2853,-51.7603,0.133
RGI60-05.00022,199608,65.2783,-51.9796,0.123
RGI60-05.00023,199609,65.2934,-51.7329,0.862
RGI60-05.00024,199610,65.2718,-52.1039,1.682
RGI60-05.00025,199611,65.3026,-51.6819,0.192
RGI60-05.00026,199612,65.2891,-52.0852,0.056
RGI60-05.00027,199613,65.3199,-51.7599,0.08
RGI60-05.00028,199614,65.3172,-51.868,0.081
RGI60-05.00029,199615,65.3225,-51.7366,0.322
RGI60-05.00030,199616,65.3277,-51.7616,0.117
RGI60-05.00031,199617,65.3228,-51.8752,0.065
RGI60-05.00032,199618,65.3578,-51.9037,0.159
RGI60-05.00033,199619,65.3571,-51.9191,0.218
RGI60-05.00034,199620,65.3526,-52.0736,0.66
RGI60-05.00035,199621,65.3069,-51.8327,7.288
RGI60-05.00036,199622,65.3302,-51.7428,1.0
RGI60-05.00037,199623,65.3417,-51.6754,0.061
RGI60-05.00038,199624,65.3495,-52.015,0.493
RGI60-05.00039,199625,65.3594,-52.0949,0.94
RGI60-05.00040,199626,65.3791,-51.9751,0.052
RGI60-05.00041,199627,65.3945,-51.9994,0.079
RGI60-05.00042,199628,65.3925,-52.2044,0.132
RGI60-05.00043,199629,65.4199,-51.8048,0.111
RGI60-05.00044,199630,65.3976,-52.2068,0.42
RGI60-05.00045,199631,65.4226,-51.8162,0.117
RGI60-05.00046,199632,65.4047,-52.1508,7.604
RGI60-05.00047,199633,65.4931,-51.9017,0.327
RGI60-05.00048,199634,65.4959,-51.8819,0.145
RGI60-05.00049,199635,65.4172,-52.1074,6.12
RGI60-05.00050,199636,65.4773,-52.2924,0.528
RGI60-05.00051,199637,65.5245,-51.7948,0.086
RGI60-05.00052,199638,65.5382,-52.2024,0.056
RGI60-05.00053,199639,65.5412,-52.1986,0.052
RGI60-05.00054,199640,65.5265,-52.4963,0.098
RGI60-05.00055,199641,65.5315,-52.5058,0.095
RGI60-05.00056,199642,65.4227,-52.0481,8.268
RGI60-05.00057,199643,65.4003,-52.0892,0.571
RGI60-05.00058,199644,65.4538,-52.0494,5.745
RGI60-05.00059,199645,65.5444,-52.2141,0.112
RGI60-05.00060,199646,65.5422,-52.7505,0.123
RGI60-05.00061,199647,65.5876,-51.9836,0.16
RGI60-05.00062,199648,65.5877,-51.9966,0.192
RGI60-05.00063,199649,65.5581,-52.6355,0.057
RGI60-05.00064,199650,65.5576,-52.6892,0.07
RGI60-05.00065,199651,65.5657,-52.6488,0.071
RGI60-05.00066,199652,65.8652,-50.3788,0.165
RGI60-05.00067,199653,65.5751,-52.4771,1.444
RGI60-05.00068,199654,65.5713,-52.4507,1.487
RGI60-05.00069,199655,65.581,-52.5932,0.16
RGI60-05.00070,199656,65.649,-51.2255,0.159
RGI60-05.00071,199657,65.6514,-51.2449,0.089
RGI60-05.00072,199658,65.6534,-51.2496,0.051
RGI60-05.00073,199659,65.5712,-52.9709,0.067
RGI60-05.00074,199660,65.6589,-51.2699,0.555
RGI60-05.00075,199661,65.6707,-51.0841,0.051
RGI60-05.00076,199662,65.6308,-51.8127,1.425
RGI60-05.00077,199663,65.5773,-52.9354,0.06
RGI60-05.00078,199664,65.5944,-52.6567,0.263
RGI60-05.00079,199665,65.6737,-51.0786,0.679
RGI60-05.00080,199666,65.5892,-52.9352,0.768
RGI60-05.00081,199667,65.5981,-53.0632,0.375
RGI60-05.00082,199668,65.5806,-52.9772,1.894
RGI60-05.00083,199669,65.6851,-51.1755,0.44
RGI60-05.00084,199670,65.6569,-52.0367,0.059
RGI60-05.00085,199671,65.7841,-53.0255,0.24
RGI60-05.00086,199672,65.6631,-51.5517,5.509
RGI60-05.00087,199673,65.6134,-52.6854,0.089
RGI60-05.00088,199674,65.5949,-53.0488,0.066
RGI60-05.00089,199675,65.6028,-52.8946,0.125
RGI60-05.00090,199676,65.602,-52.9034,0.206
RGI60-05.00091,199677,65.5935,-53.0759,0.068
RGI60-05.00092,199678,65.6132,-52.6978,0.609
RGI60-05.00093,199679,65.695,-51.2049,0.166
RGI60-05.00094,199680,65.5988,-53.1318,0.244
RGI60-05.00095,199681,65.8011,-52.7662,0.171
RGI60-05.00096,199682,65.6082,-52.9195,1.034
RGI60-05.00097,199683,65.6107,-52.8924,0.165
RGI60-05.00098,199684,65.6979,-51.183,0.169
RGI60-05.00099,199685,65.6038,-53.0364,0.204
RGI60-05.00100,199686,65.604,-52.5771,0.581
RGI60-05.00101,199687,65.6194,-52.5727,4.265
RGI60-05.00102,199688,65.5955,-52.5869,1.166
RGI60-05.00103,199689,65.577,-52.5919,0.099
RGI60-05.00104,199690,65.6225,-52.9376,0.135
RGI60-05.00105,199691,65.5772,-52.6492,13.414
RGI60-05.00106,199692,65.5996,-52.6204,0.898
RGI60-05.00107,199693,65.5953,-52.6428,0.292
RGI60-05.00108,199694,65.643,-52.5497,0.287
RGI60-05.00109,199695,65.6931,-51.1221,7.731
RGI60-05.00110,199696,65.6085,-53.0075,0.155
RGI60-05.00111,199697,65.6259,-52.6485,2.196
RGI60-05.00112,199698,65.6227,-52.9881,0.126
RGI60-05.00113,199699,66.0296,-53.1869,0.26
RGI60-05.00114,199700,65.6032,-53.1216,0.43
RGI60-05.00115,199701,65.6,-52.1262,72.377
RGI60-05.00116,199702,65.503,-52.336,9.893
RGI60-05.00117,199703,65.5377,-52.3082,20.428
RGI60-05.00118,199704,65.7019,-51.9155,0.059
RGI60-05.00119,199705,65.6579,-52.5446,1.741
RGI60-05.00120,199706,65.5175,-52.2473,10.319
RGI60-05.00121,199707,65.706,-51.2327,0.338
RGI60-05.00122,199708,65.6721,-51.9143,0.19
RGI60-05.00123,199709,65.6253,-52.8808,0.058
RGI60-05.00124,199710,65.6187,-52.9679,1.344
RGI60-05.00125,199711,65.6248,-52.9505,0.204
RGI60-05.00126,199712,65.6502,-52.5281,0.112
RGI60-05.00127,199713,65.6825,-52.9489,0.501
RGI60-05.00128,199714,65.7194,-52.3983,0.082
RGI60-05.00129,199715,65.7019,-51.3447,12.821
RGI60-05.00130,199716,65.6992,-52.8305,0.055
RGI60-05.00131,199717,65.7187,-52.4959,0.124
RGI60-05.00132,199718,65.6355,-52.8796,0.258
RGI60-05.00133,199719,65.6302,-52.9237,1.705
RGI60-05.00134,199720,65.6219,-52.9141,0.318
RGI60-05.00135,199721,65.87,-50.2615,0.224
RGI60-05.00136,199722,65.635,-52.8974,0.412
RGI60-05.00137,199723,65.621,-52.8919,0.758
RGI60-05.00138,199724,65.6395,-52.9161,0.325
RGI60-05.00139,199725,65.7531,-52.8165,0.405
RGI60-05.00140,199726,65.6307,-52.9962,0.559
RGI60-05.00141,199727,65.6149,-53.0409,1.455
RGI60-05.00142,,65.7668,-52.5918,0.165
RGI60-05.00143,199728,65.6239,-53.0135,2.19
RGI60-05.00144,199729,65.6369,-52.9864,0.22
RGI60-05.00145,199730,65.6539,-52.7157,0.132
RGI60-05.00146,199731,65.6656,-52.5032,1.374
RGI60-05.00147,199732,65.6565,-52.5114,0.28
RGI60-05.00148,199733,65.677,-52.6835,0.309
RGI60-05.00149,199734,65.6838,-52.5931,0.052
RGI60-05.00150,199735,65.6862,-52.6283,0.078
RGI60-05.00151,199736,65.6415,-52.5958,3.834
RGI60-05.00152,199737,65.7008,-52.033,0.122
RGI60-05.00153,199738,65.6712,-52.64,0.085
RGI60-05.00154,199739,65.721,-51.7379,1.097
RGI60-05.00155,199740,65.6879,-52.5842,0.122
RGI60-05.00156,199741,65.7567,-52.7826,0.138
RGI60-05.00157,199742,65.687,-52.604,0.413
RGI60-05.00158,199743,65.6952,-52.5377,0.229
RGI60-05.00159,199744,65.7035,-52.5604,1.178
RGI60-05.00160,199745,65.7242,-52.6416,0.16
RGI60-05.00161,199746,65.681,-52.6502,2.056
RGI60-05.00162,,65.6993,-52.5383,0.051
RGI60-05.00163,199747,65.6869,-52.7902,0.05
RGI60-05.00164,199748,65.6988,-52.5479,0.472
RGI60-05.00165,199749,65.6981,-52.5642,0.061
RGI60-05.00166,199750,65.6885,-52.8245,0.99
RGI60-05.00167,199751,65.6931,-52.8045,0.467
RGI60-05.00168,199752,65.6898,-52.931,0.264
RGI60-05.00169,199753,65.7047,-52.8131,0.814
RGI60-05.00170,199754,65.7103,-52.7923,0.642
RGI60-05.00171,199755,65.7033,-52.9831,0.058
RGI60-05.00172,199756,65.7004,-52.9993,0.65
RGI60-05.00173,199757,65.6987,-53.0905,1.127
RGI60-05.00174,199758,65.7039,-53.0534,0.501
RGI60-05.00175,199759,65.7133,-53.0103,0.09
RGI60-05.00176,199760,65.7348,-52.6315,0.161
RGI60-05.00177,199761,65.7198,-52.8012,0.636
RGI60-05.00178,199762,65.7156,-52.9544,0.22
RGI60-05.00179,199763,65.7354,-52.9145,0.314
RGI60-05.00180,199764,65.7056,-52.9086,0.615
RGI60-05.00181,199765,65.7104,-52.9288,2.06
RGI60-05.00182,,65.7551,-52.6108,0.106
RGI60-05.00183,199766,65.8219,-52.7749,0.07
RGI60-05.00184,199767,65.6998,-52.9527,2.807
RGI60-05.00185,199768,65.7154,-53.0147,0.188
RGI60-05.00186,199769,65.7195,-53.0059,0.072
RGI60-05.00187,199770,65.7161,-53.0468,0.224
RGI60-05.00188,199771,65.7169,-52.9746,1.266
RGI60-05.00189,199772,65.7145,-52.9966,0.373
RGI60-05.00190,199773,65.7187,-53.0329,0.501
RGI60-05.00191,199774,65.7342,-52.8801,0.811
RGI60-05.00192,199775,65.7489,-52.5468,0.51
RGI60-05.00193,199776,65.7597,-52.5195,1.128
RGI60-05.00194,199777,65.7458,-52.8794,0.215
RGI60-05.00195,199778,65.7509,-52.8712,0.227
RGI60-05.00196,199779,65.7465,-52.8495,1.259
RGI60-05.00197,199780,65.808,-51.8231,0.058
RGI60-05.00198,199781,65.8546,-52.1933,0.061
RGI60-05.00199,199782,65.7568,-52.853,0.069
RGI60-05.00200,199783,65.7624,-52.5733,1.411
RGI60-05.00201,199784,65.7629,-52.7578,0.139
RGI60-05.00202,199785,65.832,-52.5543,0.214
RGI60-05.00203,199786,65.7561,-52.8727,0.382
RGI60-05.00204,,65.7714,-52.6354,0.193
RGI60-05.00205,199787,65.8601,-50.9044,0.15
RGI60-05.00206,199788,65.888,-50.1741,0.135
RGI60-05.00207,199789,65.7822,-52.5233,0.068
RGI60-05.00208,199790,65.7666,-52.7443,0.438
RGI60-05.00209,199791,65.8862,-50.3126,0.189
RGI60-05.00210,199792,65.9364,-52.1605,0.208
RGI60-05.00211,199793,65.763,-52.8579,1.371
RGI60-05.00212,199794,65.772,-52.6014,0.732
RGI60-05.00213,,65.7543,-52.6271,1.861
RGI60-05.00214,,65.7895,-52.501,0.077
RGI60-05.00215,199795,65.7636,-52.7648,0.06
RGI60-05.00216,199796,65.7561,-52.7654,0.377
RGI60-05.00217,199797,65.768,-52.78,1.227
RGI60-05.00218,199798,65.7574,-52.7715,0.143
RGI60-05.00219,199799,65.8633,-50.9981,0.08
RGI60-05.00220,199800,65.8682,-51.0226,0.066
RGI60-05.00221,199801,65.8803,-50.7462,0.064
RGI60-05.00222,199802,65.7627,-52.8197,2.333
RGI60-05.00223,199803,65.763,-52.8311,0.272
RGI60-05.00224,,65.7975,-52.5503,0.121
RGI60-05.00225,,65.8048,-52.6415,0.099
RGI60-05.00226,199804,65.7932,-52.516,1.618
RGI60-05.00227,199805,65.8628,-51.2762,0.087
RGI60-05.00228,199806,65.7664,-53.0995,0.213
RGI60-05.00229,199807,65.8005,-52.5473,0.072
RGI60-05.00230,,65.8045,-52.5046,0.081
RGI60-05.00231,,65.8043,-52.4978,0.082
RGI60-05.00232,199808,65.803,-52.554,0.059
RGI60-05.00233,199809,65.8055,-52.5941,0.226
RGI60-05.00234,199810,65.8085,-52.5378,0.753
RGI60-05.00235,199811,65.866,-51.4149,3.32
RGI60-05.00236,199812,65.8304,-52.3387,0.052
RGI60-05.00237,199813,65.7927,-53.0024,0.155
RGI60-05.00238,,65.8239,-52.4757,0.073
RGI60-05.00239,199814,65.976,-52.0376,0.263
RGI60-05.00240,199815,65.8352,-52.2336,0.464
RGI60-05.00241,199816,65.831,-52.2294,0.137
RGI60-05.00242,199817,65.7978,-52.9869,0.064
RGI60-05.00243,199818,65.8092,-52.6498,0.362
RGI60-05.00244,199819,65.8142,-52.6425,0.545
RGI60-05.00245,199820,65.7997,-52.979,0.165
RGI60-05.00246,199821,65.8073,-52.9533,0.1
RGI60-05.00247,199822,65.8135,-52.7306,4.369
RGI60-05.00248,199823,65.8551,-52.2094,0.171
RGI60-05.00249,199824,65.8244,-52.7656,0.135
RGI60-05.00250,,65.8452,-52.4381,0.069
RGI60-05.00251,199825,65.8318,-52.7165,0.073
RGI60-05.00252,199826,65.8222,-52.9423,0.071
RGI60-05.00253,199827,65.8509,-52.4242,0.05
RGI60-05.00254,199828,65.8279,-52.8456,0.118
RGI60-05.00255,199829,65.8379,-52.7096,0.062
RGI60-05.00256,199830,65.8327,-52.8387,0.249
RGI60-05.00257,199831,65.8654,-52.4078,0.094
RGI60-05.00258,199832,65.8403,-52.5941,4.232
RGI60-05.00259,199833,65.8681,-52.4199,0.107
RGI60-05.00260,,65.8664,-52.4939,0.501
RGI60-05.00261,199834,65.8702,-52.5652,0.124
RGI60-05.00262,199835,65.9698,-52.0492,0.168
RGI60-05.00263,199836,65.8226,-52.611,4.899
RGI60-05.00264,199837,65.86,-52.4186,0.107
RGI60-05.00265,199838,65.9706,-52.0426,0.2
RGI60-05.00266,199839,65.8359,-52.7367,2.514
RGI60-05.00267,,65.8732,-52.5516,0.61
RGI60-05.00268,199840,65.8591,-52.53,4.825
RGI60-05.00269,199841,65.8593,-52.5994,1.387
RGI60-05.00270,199842,65.8321,-52.5381,5.63
RGI60-05.00271,,65.878,-52.5596,0.068
RGI60-05.00272,199843,65.8902,-52.7108,0.546
RGI60-05.00273,199844,65.9493,-52.1266,0.776
RGI60-05.00274,199845,65.9192,-52.1143,16.09
RGI60-05.00275,199846,65.8678,-52.6061,3.795
RGI60-05.00276,,65.9032,-52.6215,0.054
RGI60-05.00277,199847,65.9783,-50.2485,7.864
RGI60-05.00278,,65.8891,-52.6285,0.577
RGI60-05.00279,199848,65.8938,-52.6128,0.18
RGI60-05.00280,199849,65.8908,-52.6464,0.455
RGI60-05.00281,199850,65.9123,-52.6448,0.071
RGI60-05.00282,199851,65.9164,-52.4647,1.573
RGI60-05.00283,199852,65.91,-52.6849,0.069
RGI60-05.00284,199853,65.868,-52.3923,0.054
RGI60-05.00285,199854,65.9039,-52.666,2.347
RGI60-05.00286,199855,65.9047,-52.6308,1.083
RGI60-05.00287,199856,65.9,-52.6932,1.55
RGI60-05.00288,199857,65.9422,-52.1523,0.146
RGI60-05.00289,199858,66.0371,-50.1385,0.905
RGI60-05.00290,199859,65.9467,-52.2785,0.132
RGI60-05.00291,,65.9524,-52.2876,0.188
RGI60-05.00292,199860,65.9125,-53.0667,0.137
RGI60-05.00293,199861,65.9458,-52.4809,0.435
RGI60-05.00294,199862,65.9487,-52.4918,0.056
RGI60-05.00295,199863,65.9199,-53.0222,0.149
RGI60-05.00296,199864,65.9428,-53.0297,0.473
RGI60-05.00297,199865,65.9161,-53.0842,1.452
RGI60-05.00298,199866,65.9227,-53.0565,0.339
RGI60-05.00299,199867,65.9219,-53.0678,0.222
RGI60-05.00300,199868,66.0703,-50.048,0.406
RGI60-05.00301,199869,66.0711,-50.0658,0.212
RGI60-05.00302,199870,65.9583,-52.121,0.939
RGI60-05.00303,199871,65.9562,-52.5504,1.04
RGI60-05.00304,199872,65.9293,-51.955,54.695
RGI60-05.00305,199873,65.9909,-51.935,0.209
RGI60-05.00306,199874,65.9904,-51.9603,1.101
RGI60-05.00307,199875,65.9618,-51.8615,9.269
RGI60-05.00308,199876,65.9748,-51.9941,1.388
RGI60-05.00309,199877,65.979,-52.0254,0.133
RGI60-05.00310,199878,65.9493,-52.0451,15.504
RGI60-05.00311,199879,65.9509,-52.1455,0.583
RGI60-05.00312,199880,65.8876,-51.7558,11.797
RGI60-05.00313,199881,65.8424,-52.206,5.466
RGI60-05.00314,199882,65.9176,-51.8245,26.218
RGI60-05.00315,199883,65.8927,-52.0302,0.054
RGI60-05.00316,,65.7451,-52.5329,0.375
RGI60-05.00317,199884,65.8938,-52.1607,1.927
RGI60-05.00318,199885,65.845,-51.8059,40.137
RGI60-05.00319,199886,65.8587,-52.3669,2.591
RGI60-05.00320,199887,66.0418,-53.0991,0.326
RGI60-05.00321,199888,65.8419,-52.3635,5.186
RGI60-05.00322,199889,65.8551,-52.3475,0.348
RGI60-05.00323,199890,65.7912,-52.4686,16.962
RGI60-05.00324,,65.8469,-52.407,0.101
RGI60-05.00325,,65.7974,-52.4239,0.241
RGI60-05.00326,199891,66.0754,-53.3037,0.147
RGI60-05.00327,199892,65.8194,-52.358,11.66
RGI60-05.00328,199893,65.9645,-52.5274,0.748
RGI60-05.00329,199894,65.8257,-52.2037,1.708
RGI60-05.00330,199895,65.7973,-52.2403,27.345
RGI60-05.00331,199896,65.7998,-51.8664,2.517
RGI60-05.00332,199897,65.7939,-51.8855,0.909
RGI60-05.00333,199898,65.8116,-52.5161,0.128
RGI60-05.00334,199899,65.7984,-52.0233,238.201
RGI60-05.00335,199900,65.7336,-52.5445,4.299
RGI60-05.00336,199901,65.6677,-52.1696,34.382
RGI60-05.00337,199902,65.7258,-52.3313,199.136
RGI60-05.00338,199903,65.7186,-52.5329,0.95
RGI60-05.00339,199904,65.6287,-52.4157,4.455
RGI60-05.00340,199905,65.6132,-52.4281,4.404
RGI60-05.00341,199906,65.9757,-53.3278,0.306
RGI60-05.00342,199907,65.6202,-52.3578,4.453
RGI60-05.00343,199908,65.5834,-52.4662,0.194
RGI60-05.00344,199909,65.9601,-52.5335,0.162
RGI60-05.00345,199910,65.5937,-52.4516,5.21
RGI60-05.00346,199911,65.6039,-52.3982,2.269
RGI60-05.00347,199912,65.5898,-52.4252,0.915
RGI60-05.00348,199913,65.5799,-52.4439,0.059
RGI60-05.00349,199914,65.8553,-52.3988,1.409
RGI60-05.00350,199915,65.8812,-52.1278,0.216
RGI60-05.00351,199916,65.8716,-52.1131,0.081
RGI60-05.00352,199917,65.9833,-52.3799,0.253
RGI60-05.00353,199918,65.9795,-53.2804,0.122
RGI60-05.00354,199919,65.8496,-52.1379,9.048
RGI60-05.00355,199920,65.641,-52.3931,6.529
RGI60-05.00356,199921,65.7782,-52.4872,1.703
RGI60-05.00357,199922,65.72,-52.5469,2.929
RGI60-05.00358,199923,65.8568,-52.4129,0.05
RGI60-05.00359,199924,66.0,-51.924,0.299
RGI60-05.00360,199925,65.6328,-52.3093,2.49
RGI60-05.00361,199926,66.0777,-50.0847,0.204
RGI60-05.00362,199927,65.9524,-53.0182,0.888
RGI60-05.00363,199928,66.0928,-50.1032,0.415
RGI60-05.00364,199929,66.1016,-49.9974,0.201
RGI60-05.00365,199930,65.9394,-53.3967,0.254
RGI60-05.00366,199931,65.9615,-53.0383,0.095
RGI60-05.00367,199932,65.9846,-52.9534,0.304
RGI60-05.00368,199933,65.979,-52.6967,0.598
RGI60-05.00369,199934,65.9505,-53.2341,0.103
RGI60-05.00370,199935,65.9642,-53.0286,0.055
RGI60-05.00371,199936,66.0011,-52.3855,0.093
RGI60-05.00372,199937,65.946,-53.3857,0.075
RGI60-05.00373,199938,65.978,-53.1624,0.208
RGI60-05.00374,199939,66.0043,-52.7278,0.059
RGI60-05.00375,199940,66.1347,-50.1367,0.161
RGI60-05.00376,199941,65.956,-52.9472,2.91
RGI60-05.00377,199942,65.9365,-52.987,5.373
RGI60-05.00378,199943,65.9337,-53.0179,2.129
RGI60-05.00379,199944,65.9616,-52.9902,2.822
RGI60-05.00380,199945,66.106,-50.0945,0.069
RGI60-05.00381,199946,66.0038,-52.3767,0.073
RGI60-05.00382,199947,65.995,-52.6313,0.399
RGI60-05.00383,199948,66.0468,-51.9705,0.212
RGI60-05.00384,199949,65.9717,-52.8914,3.995
RGI60-05.00385,199950,65.99,-52.8847,0.06
RGI60-05.00386,,66.0336,-52.0774,0.056
RGI60-05.00387,199951,65.9874,-52.9446,0.099
RGI60-05.00388,199952,66.0269,-52.104,1.428
RGI60-05.00389,199953,66.0057,-52.7675,0.078
RGI60-05.00390,,66.0386,-52.353,0.077
RGI60-05.00391,199954,65.967,-53.3849,0.136
RGI60-05.00392,,66.015,-52.5195,0.258
RGI60-05.00393,199955,65.9739,-53.1968,1.266
RGI60-05.00394,199956,65.9686,-53.3407,0.267
RGI60-05.00395,199957,65.9687,-53.3698,0.149
RGI60-05.00396,,66.0187,-52.4929,0.229
RGI60-05.00397,199958,65.9668,-53.4241,0.37
RGI60-05.00398,199959,65.9794,-53.1903,0.26
RGI60-05.00399,199960,66.0072,-52.6582,0.086
RGI60-05.00400,199961,65.9947,-52.6757,3.783
RGI60-05.00401,199962,65.9912,-52.9453,0.124
RGI60-05.00402,199963,65.9935,-52.9313,0.463
RGI60-05.00403,199964,65.9704,-53.3586,0.213
RGI60-05.00404,199965,65.9743,-52.9593,3.353
RGI60-05.00405,199966,65.9682,-52.9774,0.072
RGI60-05.00406,199967,65.9856,-52.9166,2.132
RGI60-05.00407,199968,65.985,-53.2656,0.409
RGI60-05.00408,199969,65.9855,-53.2806,1.266
RGI60-05.00409,,66.0362,-52.4616,0.056
RGI60-05.00410,199970,66.0337,-52.6071,0.777
RGI60-05.00411,199971,66.0383,-52.5765,0.459
RGI60-05.00412,199972,66.0506,-52.571,0.128
RGI60-05.00413,199973,66.0414,-52.8993,0.067
RGI60-05.00414,199974,66.0278,-53.1961,0.083
RGI60-05.00415,199975,66.1574,-50.5454,0.812
RGI60-05.00416,199976,66.037,-53.1439,0.782
RGI60-05.00417,199977,66.0337,-53.1693,0.358
RGI60-05.00418,199978,66.039,-53.0398,1.453
RGI60-05.00419,199979,66.1909,-49.9454,0.339
RGI60-05.00420,199980,66.0596,-53.5542,0.112
RGI60-05.00421,199981,66.071,-52.4929,2.368
RGI60-05.00422,199982,66.1828,-50.5291,0.218
RGI60-05.00423,199983,66.0511,-53.2916,0.218
RGI60-05.00424,199984,66.0555,-53.2449,0.166
RGI60-05.00425,199985,66.062,-53.138,0.307
RGI60-05.00426,199986,66.0685,-53.1201,0.1
RGI60-05.00427,199987,66.0707,-53.1127,0.326
RGI60-05.00428,199988,66.0582,-53.3826,0.055
RGI60-05.00429,199989,66.0553,-53.3514,0.215
RGI60-05.00430,199990,66.0599,-53.3418,0.063
RGI60-05.00431,199991,66.2003,-50.4696,0.263
RGI60-05.00432,199992,66.0572,-53.3666,0.251
RGI60-05.00433,,66.0786,-53.1136,0.101
RGI60-05.00434,199993,66.0575,-53.318,1.996
RGI60-05.00435,199994,66.0688,-53.2915,0.186
RGI60-05.00436,199995,66.0675,-53.2817,0.075
RGI60-05.00437,199996,66.0566,-53.5412,0.289
RGI60-05.00438,199997,66.0723,-53.2544,2.248
RGI60-05.00439,199998,66.0777,-53.2239,0.681
RGI60-05.00440,199999,66.0851,-53.2067,0.539
RGI60-05.00441,200000,66.2374,-50.1864,0.129
RGI60-05.00442,,66.1,-53.1217,0.167
RGI60-05.00443,200001,66.2492,-50.0788,0.087
RGI60-05.00444,200002,66.105,-53.1467,0.388
RGI60-05.00445,200003,66.1414,-51.2355,126.071
RGI60-05.00446,232,66.1325,-50.3208,198.23
RGI60-05.00447,200004,66.1282,-51.3888,25.997
RGI60-05.00448,200005,66.0892,-51.481,42.34
RGI60-05.00449,200006,66.0648,-51.6009,33.951
RGI60-05.00450,200007,65.8606,-50.8817,0.576
RGI60-05.00451,200008,66.1191,-51.023,99.221
RGI60-05.00452,200009,66.0313,-51.6987,31.786
RGI60-05.00453,200010,66.0587,-51.6945,0.941
RGI60-05.00454,200011,66.2057,-51.4732,0.125
RGI60-05.00455,200012,66.1331,-52.9152,0.083
RGI60-05.00456,200013,66.0035,-51.739,4.733
RGI60-05.00457,200014,65.996,-51.67,13.702
RGI60-05.00458,200015,66.0227,-50.5871,474.741
RGI60-05.00459,200016,65.9328,-50.838,600.409
RGI60-05.00460,200017,65.9493,-51.3711,573.547
RGI60-05.00461,200018,66.1343,-52.9353,0.109
RGI60-05.00462,200019,66.1211,-51.4868,17.238
RGI60-05.00463,200020,66.1215,-52.9283,0.068
RGI60-05.00464,200021,66.1406,-52.9308,0.288
RGI60-05.00465,,66.1075,-53.1163,0.535
RGI60-05.00466,200022,66.1076,-53.1717,0.804
RGI60-05.00467,200023,66.1004,-53.2025,1.988
RGI60-05.00468,200024,66.1398,-52.9151,0.576
RGI60-05.00469,200025,66.2611,-50.6262,0.119
RGI60-05.00470,200026,66.1473,-52.9412,0.534
RGI60-05.00471,200027,66.265,-50.6527,0.103
RGI60-05.00472,200028,66.2662,-50.6399,0.112
RGI60-05.00473,200029,66.1484,-52.9901,0.607
RGI60-05.00474,200030,66.3287,-50.2284,0.069
RGI60-05.00475,200031,66.2592,-50.8751,0.34
RGI60-05.00476,200032,66.1404,-53.2683,0.215
RGI60-05.00477,200033,66.1647,-52.8652,0.222
RGI60-05.00478,200034,66.1407,-53.2988,0.655
RGI60-05.00479,200035,66.1458,-53.283,0.071
RGI60-05.00480,200036,66.1441,-53.3463,0.234
RGI60-05.00481,200037,66.3311,-50.2007,0.132
RGI60-05.00482,200038,66.1464,-53.3255,0.248
RGI60-05.00483,200039,66.1735,-52.9157,0.121
RGI60-05.00484,200040,66.2761,-50.8334,0.113
RGI60-05.00485,200041,66.1758,-52.8955,0.381
RGI60-05.00486,200042,66.2766,-50.8439,0.147
RGI60-05.00487,200043,66.1625,-52.8505,0.195
RGI60-05.00488,200044,66.1722,-52.8541,0.791
RGI60-05.00489,200045,66.1668,-53.1778,0.201
RGI60-05.00490,200046,66.3178,-50.0812,0.126
RGI60-05.00491,200047,66.1973,-52.7527,0.28
RGI60-05.00492,200048,66.2023,-52.8328,0.565
RGI60-05.00493,200049,66.1915,-53.1181,0.337
RGI60-05.00494,200050,66.3351,-50.177,0.194
RGI60-05.00495,200051,66.2003,-53.1279,0.081
RGI60-05.00496,,66.2066,-52.7783,0.094
RGI60-05.00497,200052,66.2112,-52.7674,0.308
RGI60-05.00498,200053,66.2146,-52.782,0.76
RGI60-05.00499,200054,66.2068,-53.0295,0.448
RGI60-05.00500,200055,66.2017,-53.0888,3.625
RGI60-05.00501,200056,67.0605,-53.2811,0.1
RGI60-05.00502,200057,67.1033,-52.3592,0.07
RGI60-05.00503,22312,69.3538,-53.4004,0.052
RGI60-05.00504,200058,67.0629,-53.2565,0.169
RGI60-05.00505,200059,67.1063,-52.3286,0.194
RGI60-05.00506,200060,67.1062,-52.365,0.071
RGI60-05.00507,200061,67.1131,-52.2904,0.095
RGI60-05.00508,200062,67.0651,-53.2775,0.172
RGI60-05.00509,200063,67.0732,-53.1868,0.125
RGI60-05.00510,200064,67.0715,-53.2215,0.507
RGI60-05.00511,200065,67.0763,-53.2366,0.083
RGI60-05.00512,200066,67.0789,-53.1468,0.908
RGI60-05.00513,200067,67.0699,-53.3769,0.138
RGI60-05.00514,200068,67.056,-53.66,0.214
RGI60-05.00515,200069,67.073,-53.3894,0.228
RGI60-05.00516,200070,67.0819,-53.238,1.043
RGI60-05.00517,200071,67.0821,-53.2911,0.109
RGI60-05.00518,200072,67.0873,-53.2737,0.871
RGI60-05.00519,200073,67.1187,-53.2436,0.137
RGI60-05.00520,200074,67.0905,-53.1812,0.966
RGI60-05.00521,200075,67.1496,-52.4136,0.885
RGI60-05.00522,200076,67.1135,-53.1188,2.11
RGI60-05.00523,200077,67.1177,-53.1361,0.128
RGI60-05.00524,10417,67.0943,-53.2246,3.375
RGI60-05.00525,200078,67.108,-53.0786,0.333
RGI60-05.00526,200079,67.1123,-53.1285,0.1
RGI60-05.00527,200080,67.1263,-53.1844,0.228
RGI60-05.00528,200081,67.1154,-53.2136,2.047
RGI60-05.00529,200082,67.1056,-53.1629,5.282
RGI60-05.00530,200083,67.0921,-53.0888,3.945
RGI60-05.00531,200084,67.1315,-53.3628,0.193
RGI60-05.00532,200085,67.0896,-53.1341,3.285
RGI60-05.00533,200086,67.1034,-53.5782,0.314
RGI60-05.00534,200087,67.1115,-53.4969,0.165
RGI60-05.00535,200088,67.1096,-53.5186,0.59
RGI60-05.00536,200089,67.1197,-53.5024,0.636
RGI60-05.00537,200090,67.152,-53.6425,0.095
RGI60-05.00538,200091,67.167,-52.5823,6.354
RGI60-05.00539,200092,67.1317,-53.4001,1.296
RGI60-05.00540,200093,67.1324,-53.3752,0.187
RGI60-05.00541,200094,67.135,-53.4345,1.62
RGI60-05.00542,200095,67.1286,-53.4705,1.744
RGI60-05.00543,200096,67.1861,-52.6464,0.577
RGI60-05.00544,200097,67.1564,-53.6221,0.614
RGI60-05.00545,200098,67.1358,-53.5379,1.375
RGI60-05.00546,200099,67.1361,-53.5246,0.066
RGI60-05.00547,200100,67.1434,-53.5515,0.082
RGI60-05.00548,200101,67.1426,-53.5683,0.176
RGI60-05.00549,200102,67.1497,-53.4641,0.174
RGI60-05.00550,200103,67.1816,-52.8901,3.084
RGI60-05.00551,200104,67.1954,-52.7469,2.667
RGI60-05.00552,200105,67.1884,-52.969,0.22
RGI60-05.00553,200106,67.1856,-52.9605,0.327
RGI60-05.00554,200107,67.1861,-53.1395,0.177
RGI60-05.00555,200108,67.2037,-52.7801,0.628
RGI60-05.00556,200109,67.1863,-53.1747,0.068
RGI60-05.00557,200110,67.1988,-52.9818,0.166
RGI60-05.00558,200111,67.207,-52.8235,0.571
RGI60-05.00559,200112,67.2083,-52.8466,0.122
RGI60-05.00560,200113,67.2101,-52.8727,0.28
RGI60-05.00561,200114,67.2281,-52.921,0.166
RGI60-05.00562,200115,67.2,-53.0174,2.705
RGI60-05.00563,200116,67.2132,-52.9335,0.658
RGI60-05.00564,200117,67.205,-52.9184,1.306
RGI60-05.00565,200118,67.2263,-52.9371,0.644
RGI60-05.00566,200119,67.2013,-52.9687,3.189
RGI60-05.00567,200120,67.2148,-53.0569,0.182
RGI60-05.00568,200121,67.2172,-53.0114,0.803
RGI60-05.00569,200122,67.2158,-53.0318,0.062
RGI60-05.00570,200123,67.225,-53.0184,0.353
RGI60-05.00571,200124,67.2117,-53.2093,1.861
RGI60-05.00572,200125,67.2224,-53.0437,0.452
RGI60-05.00573,200126,67.2233,-53.0955,0.927
RGI60-05.00574,200127,67.1971,-53.1126,0.571
RGI60-05.00575,200128,67.2103,-53.1008,1.588
RGI60-05.00576,200129,67.2645,-52.7393,0.421
RGI60-05.00577,200130,67.2062,-53.1483,8.11
RGI60-05.00578,200131,67.2288,-53.1243,0.202
RGI60-05.00579,200132,67.2297,-53.1415,0.387
RGI60-05.00580,200133,67.2274,-53.2489,0.224
RGI60-05.00581,200134,67.2705,-52.7017,0.199
RGI60-05.00582,200135,67.2809,-52.643,0.206
RGI60-05.00583,200136,67.2262,-53.1686,1.107
RGI60-05.00584,200137,67.2565,-52.7198,0.837
RGI60-05.00585,200138,67.2619,-52.7511,0.14
RGI60-05.00586,200139,67.3028,-53.0937,0.213
RGI60-05.00587,200140,67.2998,-53.1456,0.305
RGI60-05.00588,200141,67.3096,-53.0681,0.179
RGI60-05.00589,200142,67.3407,-52.9782,0.232
RGI60-05.00590,200143,67.3245,-53.0152,0.272
RGI60-05.00591,200144,67.3364,-52.8695,0.431
RGI60-05.00592,200145,67.3367,-52.8896,0.21
RGI60-05.00593,200146,67.3398,-52.9338,0.633
RGI60-05.00594,200147,67.3372,-52.957,0.32
RGI60-05.00595,200148,67.3409,-52.9015,0.464
RGI60-05.00596,200149,67.343,-52.8821,0.407
RGI60-05.00597,200150,67.3266,-53.404,0.173
RGI60-05.00598,200151,67.3395,-53.4601,0.241
RGI60-05.00599,200152,67.3505,-53.3288,0.125
RGI60-05.00600,200153,67.3614,-53.2942,0.904
RGI60-05.00601,200154,67.3663,-53.3137,0.424
RGI60-05.00602,22313,69.293,-53.3869,2.288
RGI60-05.00603,22314,69.2817,-53.752,0.081
RGI60-05.00604,22315,69.3194,-53.3081,0.608
RGI60-05.00605,22316,69.3176,-53.321,0.233
RGI60-05.00606,22317,69.3349,-53.6848,0.101
RGI60-05.00607,22318,69.3072,-53.3083,0.836
RGI60-05.00608,22319,69.3111,-53.3703,4.903
RGI60-05.00609,22320,69.3082,-53.7161,0.167
RGI60-05.00610,22321,69.347,-53.1204,0.06
RGI60-05.00611,22322,69.332,-53.5252,0.106
RGI60-05.00612,22323,69.3401,-53.6878,0.234
RGI60-05.00613,22324,69.3729,-53.0792,0.11
RGI60-05.00614,200155,69.3388,-53.7222,0.837
RGI60-05.00615,22325,69.3448,-53.6758,0.189
RGI60-05.00616,22326,69.363,-53.414,0.328
RGI60-05.00617,22327,69.3662,-53.3988,0.088
RGI60-05.00618,22328,69.3509,-53.3421,1.424
RGI60-05.00619,22329,69.3519,-53.3816,0.755
RGI60-05.00620,22330,69.3639,-53.3686,3.581
RGI60-05.00621,22331,69.3331,-53.6191,6.624
RGI60-05.00622,22332,69.3541,-53.6368,2.511
RGI60-05.00623,3735,69.3166,-53.5718,7.753
RGI60-05.00624,22333,69.3823,-54.1108,0.23
RGI60-05.00625,22334,69.296,-53.5959,7.353
RGI60-05.00626,22335,69.3429,-53.555,2.778
RGI60-05.00627,22336,69.3524,-53.5861,2.349
RGI60-05.00628,200156,69.359,-53.685,0.728
RGI60-05.00629,22337,69.3673,-53.6217,0.308
RGI60-05.00630,22338,69.3836,-53.4314,0.765
RGI60-05.00631,22339,69.3594,-54.0724,0.779
RGI60-05.00632,22340,69.364,-54.102,0.334
RGI60-05.00633,22341,69.4099,-53.3918,0.571
RGI60-05.00634,22342,69.3692,-54.127,0.464
RGI60-05.00635,22343,69.4177,-53.357,0.562
RGI60-05.00636,22344,69.3767,-54.1688,0.327
RGI60-05.00637,22345,69.409,-53.65,0.304
RGI60-05.00638,200157,69.395,-53.975,0.318
RGI60-05.00639,200158,66.418,-53.4457,0.053
RGI60-05.00640,200159,66.0964,-52.4889,0.061
RGI60-05.00641,200160,66.4392,-53.4923,0.067
RGI60-05.00642,200161,66.4922,-52.8603,0.149
RGI60-05.00643,200162,66.3516,-51.6694,0.105
RGI60-05.00644,200163,66.3515,-51.6808,0.082
RGI60-05.00645,200164,66.032,-52.6999,0.063
RGI60-05.00646,200165,66.4388,-53.5051,0.083
RGI60-05.00647,200166,66.3082,-53.3555,0.126
RGI60-05.00648,200167,66.39,-51.8548,0.104
RGI60-05.00649,200168,66.3151,-53.3703,0.064
RGI60-05.00650,200169,66.3252,-53.3199,0.131
RGI60-05.00651,200170,66.3143,-53.5605,0.06
RGI60-05.00652,200171,66.3149,-53.5482,0.089
RGI60-05.00653,200172,66.3117,-53.5501,0.132
RGI60-05.00654,200173,66.265,-52.8862,0.231
RGI60-05.00655,200174,66.0286,-52.7132,0.084
RGI60-05.00656,200175,66.271,-52.8806,0.194
RGI60-05.00657,200176,66.2918,-52.561,0.177
RGI60-05.00658,200177,66.2173,-53.1176,0.137
RGI60-05.00659,200178,66.2338,-52.6061,0.071
RGI60-05.00660,200179,66.2205,-53.0412,0.193
RGI60-05.00661,200180,66.2519,-52.9155,0.512
RGI60-05.00662,200181,66.2456,-52.9256,0.078
RGI60-05.00663,200182,66.3027,-51.3702,0.057
RGI60-05.00664,200183,66.3051,-51.382,0.083
RGI60-05.00665,200184,66.2872,-52.8292,0.133
RGI60-05.00666,200185,66.223,-53.0595,0.967
RGI60-05.00667,200186,66.2063,-53.4301,0.05
RGI60-05.00668,200187,66.2464,-52.6177,0.728
RGI60-05.00669,200188,66.2447,-52.6293,0.58
RGI60-05.00670,200189,66.2147,-53.3304,0.547
RGI60-05.00671,200190,66.2366,-53.024,0.165
RGI60-05.00672,200191,66.2135,-53.4203,0.263
RGI60-05.00673,200192,66.2144,-53.3447,0.302
RGI60-05.00674,200193,66.2186,-53.4109,0.085
RGI60-05.00675,200194,66.2423,-53.0266,0.094
RGI60-05.00676,200195,66.242,-53.0444,0.185
RGI60-05.00677,200196,66.2479,-53.0331,0.077
RGI60-05.00678,200197,66.3492,-51.6439,0.067
RGI60-05.00679,200198,66.2135,-53.3837,1.144
RGI60-05.00680,200199,66.2222,-53.314,0.364
RGI60-05.00681,200200,66.248,-52.9264,0.315
RGI60-05.00682,200201,66.2898,-52.8897,0.065
RGI60-05.00683,200202,66.2238,-53.2825,2.614
RGI60-05.00684,200203,66.2464,-52.9794,1.033
RGI60-05.00685,200204,66.2345,-52.9674,1.234
RGI60-05.00686,200205,66.2172,-52.9945,0.562
RGI60-05.00687,200206,66.2244,-53.0092,2.316
RGI60-05.00688,200207,66.2461,-53.0078,1.711
RGI60-05.00689,200208,66.2355,-52.984,0.861
RGI60-05.00690,200209,66.2198,-53.0099,0.06
RGI60-05.00691,200210,66.2353,-53.3165,0.142
RGI60-05.00692,200211,66.2324,-53.2464,1.594
RGI60-05.00693,200212,66.2258,-53.2537,0.192
RGI60-05.00694,200213,66.239,-53.2215,0.507
RGI60-05.00695,200214,66.2904,-52.5364,0.261
RGI60-05.00696,200215,66.2407,-53.1967,1.452
RGI60-05.00697,200216,66.2605,-52.9612,0.403
RGI60-05.00698,200217,66.2681,-52.8723,0.077
RGI60-05.00699,200218,66.2645,-52.9261,0.305
RGI60-05.00700,200219,66.2656,-52.9489,0.085
RGI60-05.00701,200220,66.2559,-53.1085,0.208
RGI60-05.00702,200221,66.341,-51.5223,0.086
RGI60-05.00703,200222,66.3461,-51.5618,0.071
RGI60-05.00704,200223,66.2823,-52.8345,0.086
RGI60-05.00705,200224,66.3019,-52.4779,0.083
RGI60-05.00706,200225,66.2767,-52.86,1.26
RGI60-05.00707,200226,66.3444,-51.6954,0.217
RGI60-05.00708,200227,66.2985,-52.5592,0.594
RGI60-05.00709,200228,66.2848,-52.9432,0.138
RGI60-05.00710,200229,66.2883,-52.9412,0.096
RGI60-05.00711,200230,66.352,-51.7432,0.084
RGI60-05.00712,200231,66.3571,-51.626,0.57
RGI60-05.00713,200232,66.2817,-52.9247,1.134
RGI60-05.00714,200233,66.3084,-52.5802,2.268
RGI60-05.00715,200234,66.3079,-52.6099,1.741
RGI60-05.00716,200235,66.305,-52.6416,0.976
RGI60-05.00717,200236,66.296,-52.6069,0.947
RGI60-05.00718,200237,66.2936,-52.5953,1.017
RGI60-05.00719,200238,66.3491,-52.0263,0.07
RGI60-05.00720,200239,66.2726,-53.5396,0.066
RGI60-05.00721,200240,66.2734,-53.509,0.606
RGI60-05.00722,200241,66.2809,-53.4315,0.052
RGI60-05.00723,200242,66.2783,-53.4746,0.183
RGI60-05.00724,200243,66.3617,-52.0335,0.064
RGI60-05.00725,200244,66.3219,-52.8584,0.434
RGI60-05.00726,200245,66.2825,-53.4492,0.473
RGI60-05.00727,200246,66.2846,-53.4185,0.307
RGI60-05.00728,200247,66.3616,-51.9961,0.766
RGI60-05.00729,200248,66.2805,-53.5348,0.412
RGI60-05.00730,200249,66.321,-52.851,0.161
RGI60-05.00731,200250,66.3195,-52.9542,0.054
RGI60-05.00732,200251,66.3299,-52.8243,0.059
RGI60-05.00733,200252,66.3003,-53.345,0.068
RGI60-05.00734,200253,66.3083,-53.188,0.179
RGI60-05.00735,200254,66.2989,-53.366,0.45
RGI60-05.00736,200255,66.3326,-52.8364,0.136
RGI60-05.00737,200256,66.328,-52.8351,0.08
RGI60-05.00738,200257,66.3269,-52.8256,0.14
RGI60-05.00739,200258,66.3553,-52.4426,0.052
RGI60-05.00740,200259,66.3298,-52.9051,0.294
RGI60-05.00741,200260,66.341,-52.7679,0.111
RGI60-05.00742,200261,66.2974,-53.4418,2.909
RGI60-05.00743,200262,66.3292,-52.9564,2.696
RGI60-05.00744,200263,66.3135,-53.3545,0.158
RGI60-05.00745,200264,66.3172,-53.3098,0.392
RGI60-05.00746,,66.3364,-53.0356,0.086
RGI60-05.00747,200265,66.3397,-52.9687,0.197
RGI60-05.00748,200266,66.32,-53.3276,0.131
RGI60-05.00749,200267,66.3344,-53.055,0.261
RGI60-05.00750,200268,66.311,-53.468,0.51
RGI60-05.00751,200269,66.3127,-53.4476,0.351
RGI60-05.00752,200270,66.3135,-53.4228,0.971
RGI60-05.00753,200271,66.313,-53.3934,2.435
RGI60-05.00754,200272,66.3986,-52.113,0.059
RGI60-05.00755,200273,66.3587,-52.9083,0.272
RGI60-05.00756,200274,66.362,-52.9001,0.139
RGI60-05.00757,200275,66.3494,-53.1149,0.179
RGI60-05.00758,200276,66.3443,-53.2474,0.086
RGI60-05.00759,200277,66.3546,-53.1165,0.064
RGI60-05.00760,200278,66.3541,-53.1046,0.217
RGI60-05.00761,200279,66.3505,-53.2205,0.077
RGI60-05.00762,200280,66.41,-52.2148,0.058
RGI60-05.00763,200281,66.41,-52.1746,0.214
RGI60-05.00764,,66.3513,-53.2781,0.343
RGI60-05.00765,200282,66.3401,-52.932,0.154
RGI60-05.00766,200283,66.34,-52.9893,0.109
RGI60-05.00767,200284,66.366,-52.9505,0.339
RGI60-05.00768,200285,66.4594,-53.1899,0.074
RGI60-05.00769,200286,66.3547,-53.0066,3.236
RGI60-05.00770,200287,66.3438,-52.874,0.669
RGI60-05.00771,200288,66.3546,-52.9274,3.85
RGI60-05.00772,200289,66.3416,-53.0157,1.814
RGI60-05.00773,200290,66.3967,-52.606,0.68
RGI60-05.00774,,66.3633,-53.2505,0.257
RGI60-05.00775,200291,66.35,-52.8876,4.554
RGI60-05.00776,200292,66.3595,-53.2218,0.235
RGI60-05.00777,200293,66.4176,-52.1699,0.087
RGI60-05.00778,200294,66.4139,-52.1921,0.219
RGI60-05.00779,200295,66.3699,-53.0761,0.423
RGI60-05.00780,,66.3597,-53.2389,0.118
RGI60-05.00781,200296,66.4436,-52.9675,0.066
RGI60-05.00782,200297,66.3696,-52.9711,1.386
RGI60-05.00783,200298,66.365,-52.9881,0.315
RGI60-05.00784,200299,66.0619,-52.8554,0.414
RGI60-05.00785,200300,66.3578,-53.2699,0.565
RGI60-05.00786,200301,66.3598,-53.3012,0.122
RGI60-05.00787,200302,66.3886,-52.8259,0.059
RGI60-05.00788,200303,66.3572,-53.3451,0.25
RGI60-05.00789,200304,66.2979,-51.9487,480.215
RGI60-05.00790,200305,66.3759,-52.2801,79.143
RGI60-05.00791,200306,66.2124,-51.4676,1.413
RGI60-05.00792,200307,66.3321,-52.4543,1.454
RGI60-05.00793,200308,66.2959,-52.3907,92.617
RGI60-05.00794,200309,66.2781,-51.5466,169.95
RGI60-05.00795,200310,66.2658,-52.5209,0.978
RGI60-05.00796,200311,66.1972,-51.5022,0.727
RGI60-05.00797,200312,66.0691,-52.1868,0.266
RGI60-05.00798,200313,66.027,-52.2069,32.292
RGI60-05.00799,200314,66.0697,-53.0372,11.771
RGI60-05.00800,200315,66.0945,-52.141,246.825
RGI60-05.00801,200316,66.1966,-52.7885,2.012
RGI60-05.00802,200317,66.1596,-51.6123,2.461
RGI60-05.00803,200318,66.2184,-52.6669,0.754
RGI60-05.00804,200319,66.2014,-52.7588,0.436
RGI60-05.00805,200320,66.3705,-53.1866,0.388
RGI60-05.00806,200321,66.1441,-51.658,4.872
RGI60-05.00807,200322,66.141,-52.8529,11.425
RGI60-05.00808,200323,66.1571,-51.7472,84.871
RGI60-05.00809,200324,66.1836,-52.6841,33.134
RGI60-05.00810,200325,66.0875,-51.8248,3.27
RGI60-05.00811,200326,66.1238,-53.0629,3.731
RGI60-05.00812,200327,66.0751,-52.8233,0.189
RGI60-05.00813,200328,66.0829,-52.3718,0.32
RGI60-05.00814,200329,66.0874,-51.907,25.934
RGI60-05.00815,200330,66.0623,-51.8843,0.096
RGI60-05.00816,200331,65.9656,-52.3748,0.083
RGI60-05.00817,200332,66.1519,-52.4459,477.202
RGI60-05.00818,200333,65.9645,-52.3135,19.011
RGI60-05.00819,,66.0049,-52.7016,0.103
RGI60-05.00820,200334,66.3696,-53.2039,0.185
RGI60-05.00821,200335,66.0597,-51.902,1.653
RGI60-05.00822,200336,66.0617,-51.9958,18.862
RGI60-05.00823,200337,66.0594,-52.8177,4.799
RGI60-05.00824,200338,66.043,-52.0602,5.784
RGI60-05.00825,200339,66.0539,-52.0817,0.17
RGI60-05.00826,200340,66.4397,-52.9581,0.168
RGI60-05.00827,200341,65.933,-52.3035,1.551
RGI60-05.00828,200342,65.9352,-52.4135,6.932
RGI60-05.00829,200343,65.9476,-52.4295,0.207
RGI60-05.00830,,65.9371,-52.4431,0.105
RGI60-05.00831,200344,66.0993,-52.4,47.072
RGI60-05.00832,200345,65.9269,-52.3496,7.982
RGI60-05.00833,200346,65.9279,-52.4054,0.083
RGI60-05.00834,200347,66.1029,-52.4796,0.192
RGI60-05.00835,200348,66.075,-52.5344,6.445
RGI60-05.00836,200349,66.031,-52.6391,0.348
RGI60-05.00837,200350,66.0115,-52.6451,2.637
RGI60-05.00838,200351,66.0177,-52.7067,3.831
RGI60-05.00839,200352,65.9642,-52.4809,4.812
RGI60-05.00840,200353,65.9508,-52.5179,1.878
RGI60-05.00841,200354,65.9321,-52.4923,3.087
RGI60-05.00842,200355,66.3934,-52.7799,0.209
RGI60-05.00843,200356,66.3951,-52.7948,0.115
RGI60-05.00844,200357,66.2389,-52.5484,22.625
RGI60-05.00845,200358,66.1717,-52.7775,9.532
RGI60-05.00846,200359,66.1143,-52.9745,13.683
RGI60-05.00847,200360,66.1183,-53.0767,1.106
RGI60-05.00848,200361,66.3592,-53.4201,0.412
RGI60-05.00849,200362,66.0882,-53.0675,4.497
RGI60-05.00850,,66.0748,-53.1004,0.066
RGI60-05.00851,200363,66.4054,-52.6285,0.624
RGI60-05.00852,200364,66.3648,-53.412,0.06
RGI60-05.00853,200365,66.1018,-51.802,5.111
RGI60-05.00854,200366,66.0765,-52.9229,61.499
RGI60-05.00855,200367,66.382,-53.005,0.066
RGI60-05.00856,200368,66.4002,-52.7678,0.524
RGI60-05.00857,200369,66.3834,-52.8228,0.543
RGI60-05.00858,200370,66.3627,-52.7338,0.358
RGI60-05.00859,200371,66.2243,-52.6268,11.043
RGI60-05.00860,200372,66.1987,-51.5668,38.821
RGI60-05.00861,200373,66.3774,-53.0509,1.735
RGI60-05.00862,200374,66.3707,-53.3224,0.051
RGI60-05.00863,200375,66.4037,-52.6082,0.07
RGI60-05.00864,200376,66.4083,-52.6148,0.327
RGI60-05.00865,200377,66.4002,-52.7516,0.086
RGI60-05.00866,200378,66.3957,-52.7668,0.052
RGI60-05.00867,200379,66.3817,-52.7367,12.471
RGI60-05.00868,200380,66.3657,-52.7598,0.418
RGI60-05.00869,200381,66.3789,-52.8015,0.231
RGI60-05.00870,200382,66.3717,-52.8041,2.608
RGI60-05.00871,200383,66.3411,-52.7948,1.225
RGI60-05.00872,200384,66.3871,-52.7952,0.432
RGI60-05.00873,200385,66.3859,-52.8047,0.101
RGI60-05.00874,200386,66.3355,-52.8035,0.203
RGI60-05.00875,200387,66.3654,-52.8009,0.757
RGI60-05.00876,200388,66.3576,-52.7921,1.984
RGI60-05.00877,200389,66.3377,-52.8013,0.119
RGI60-05.00878,200390,66.3623,-52.8362,0.838
RGI60-05.00879,200391,66.3957,-52.6614,5.757
RGI60-05.00880,200392,66.3816,-52.6717,0.489
RGI60-05.00881,200393,66.4164,-52.9499,0.096
RGI60-05.00882,200394,66.3936,-52.6942,1.515
RGI60-05.00883,200395,66.3932,-53.0258,0.401
RGI60-05.00884,200396,66.4032,-52.9006,0.347
RGI60-05.00885,200397,66.371,-53.5052,0.21
RGI60-05.00886,200398,66.4054,-52.9218,0.249
RGI60-05.00887,200399,66.375,-53.475,0.06
RGI60-05.00888,200400,66.3743,-53.5167,0.087
RGI60-05.00889,200401,66.4092,-52.9592,0.059
RGI60-05.00890,,66.3976,-53.1918,0.258
RGI60-05.00891,200402,66.4158,-52.937,0.051
RGI60-05.00892,200403,66.4013,-53.2753,0.412
RGI60-05.00893,,66.4041,-53.2476,0.108
RGI60-05.00894,200404,66.4046,-53.2672,0.198
RGI60-05.00895,200405,66.4483,-52.5386,0.087
RGI60-05.00896,200406,66.4356,-52.7792,0.088
RGI60-05.00897,200407,66.4039,-53.3288,0.176
RGI60-05.00898,200408,66.4326,-52.799,0.255
RGI60-05.00899,200409,66.408,-53.3035,0.138
RGI60-05.00900,200410,66.4516,-52.5195,0.089
RGI60-05.00901,200411,66.4769,-53.2258,0.258
RGI60-05.00902,200412,66.4061,-53.3447,0.117
RGI60-05.00903,200413,66.4524,-52.529,0.115
RGI60-05.00904,200414,66.4379,-52.5608,2.381
RGI60-05.00905,200415,66.4405,-52.5252,0.326
RGI60-05.00906,200416,66.4186,-53.356,0.068
RGI60-05.00907,200417,66.463,-52.8145,0.717
RGI60-05.00908,200418,66.4178,-52.6081,1.493
RGI60-05.00909,200419,66.4299,-52.6019,2.942
RGI60-05.00910,200420,66.42,-52.5803,1.215
RGI60-05.00911,200421,66.4122,-52.6056,0.095
RGI60-05.00912,200422,66.4103,-53.2476,0.883
RGI60-05.00913,200423,66.4085,-53.3533,0.189
RGI60-05.00914,200424,66.4539,-52.5783,0.083
RGI60-05.00915,200425,66.4182,-53.2374,0.365
RGI60-05.00916,200426,66.433,-52.9999,1.659
RGI60-05.00917,200427,66.4111,-53.5038,0.142
RGI60-05.00918,200428,66.4389,-52.8308,5.636
RGI60-05.00919,200429,66.4131,-53.4624,0.298
RGI60-05.00920,200430,66.4175,-53.4349,0.061
RGI60-05.00921,200431,66.417,-53.4203,0.462
RGI60-05.00922,200432,66.4237,-52.8879,7.802
RGI60-05.00923,200433,66.4099,-53.4888,0.175
RGI60-05.00924,200434,66.4223,-53.1321,1.417
RGI60-05.00925,200435,66.4296,-53.1581,1.684
RGI60-05.00926,200436,66.4227,-53.3746,0.512
RGI60-05.00927,200437,66.4588,-52.8443,0.267
RGI60-05.00928,200438,66.4368,-53.2282,0.856
RGI60-05.00929,200439,66.4416,-53.0028,0.881
RGI60-05.00930,200440,66.4511,-52.9947,0.135
RGI60-05.00931,200441,66.4289,-53.3879,0.055
RGI60-05.00932,200442,66.4607,-52.8312,0.144
RGI60-05.00933,200443,66.4613,-52.802,0.398
RGI60-05.00934,200444,66.4316,-53.4329,0.127
RGI60-05.00935,200445,66.4406,-53.3146,0.093
RGI60-05.00936,200446,66.4813,-53.0843,0.128
RGI60-05.00937,200447,66.4363,-53.1325,0.735
RGI60-05.00938,200448,66.4094,-53.1144,3.747
RGI60-05.00939,200449,66.4545,-52.8914,1.478
RGI60-05.00940,200450,66.4971,-52.8862,0.271
RGI60-05.00941,200451,66.417,-53.1801,4.595
RGI60-05.00942,200452,66.4028,-53.1269,0.22
RGI60-05.00943,200453,66.3982,-53.1488,0.236
RGI60-05.00944,200454,66.4086,-53.1936,0.297
RGI60-05.00945,200455,66.4245,-53.4004,0.853
RGI60-05.00946,200456,66.4535,-53.0199,0.131
RGI60-05.00947,200457,66.4549,-52.8639,1.067
RGI60-05.00948,200458,66.4441,-53.3033,0.055
RGI60-05.00949,200459,66.4476,-53.2198,0.197
RGI60-05.00950,200460,66.4451,-53.2841,0.074
RGI60-05.00951,200461,66.4449,-53.2929,0.05
RGI60-05.00952,200462,66.434,-53.4562,0.259
RGI60-05.00953,200463,66.4347,-53.4751,0.267
RGI60-05.00954,200464,66.4505,-53.2424,0.376
RGI60-05.00955,200465,66.4707,-52.9359,0.057
RGI60-05.00956,200466,66.4526,-52.9274,3.753
RGI60-05.00957,200467,66.4525,-52.9749,2.442
RGI60-05.00958,200468,66.4924,-52.6507,0.172
RGI60-05.00959,200469,66.4866,-53.0915,0.274
RGI60-05.00960,200470,66.4652,-52.9546,0.644
RGI60-05.00961,200471,66.4671,-52.9795,0.156
RGI60-05.00962,200472,66.4768,-52.9712,0.059
RGI60-05.00963,200473,66.4617,-53.2485,0.101
RGI60-05.00964,200474,66.4588,-53.3495,0.091
RGI60-05.00965,200475,66.4942,-52.7568,0.059
RGI60-05.00966,200476,66.4808,-53.0059,0.154
RGI60-05.00967,200477,66.4779,-52.9871,0.422
RGI60-05.00968,200478,66.4936,-52.827,0.059
RGI60-05.00969,200479,66.4941,-52.8711,0.715
RGI60-05.00970,200480,66.4642,-53.323,0.583
RGI60-05.00971,200481,66.502,-52.7159,0.11
RGI60-05.00972,200482,66.4594,-53.2781,3.357
RGI60-05.00973,200483,66.4644,-53.3105,0.072
RGI60-05.00974,200484,66.4993,-52.8574,0.06
RGI60-05.00975,200485,66.4739,-53.2463,0.702
RGI60-05.00976,200486,66.4762,-53.3374,0.328
RGI60-05.00977,200487,66.4774,-53.323,0.111
RGI60-05.00978,200488,66.5062,-52.7703,1.007
RGI60-05.00979,200489,66.4919,-53.0824,0.185
RGI60-05.00980,200490,66.5036,-52.902,0.225
RGI60-05.00981,200491,66.6371,-52.8464,0.328
RGI60-05.00982,200492,66.4974,-52.6805,0.998
RGI60-05.00983,200493,66.4881,-52.8938,0.162
RGI60-05.00984,200494,66.4847,-52.6975,0.317
RGI60-05.00985,200495,66.4752,-52.7158,0.88
RGI60-05.00986,200496,66.473,-52.757,0.222
RGI60-05.00987,200497,66.4829,-52.8667,0.973
RGI60-05.00988,200498,66.4902,-52.8426,1.551
RGI60-05.00989,200499,66.4875,-52.7371,7.613
RGI60-05.00990,200500,66.4901,-52.8056,4.261
RGI60-05.00991,200501,66.5064,-52.6861,0.996
RGI60-05.00992,200502,66.4781,-52.8406,0.221
RGI60-05.00993,200503,66.4782,-53.3602,0.458
RGI60-05.00994,200504,66.4971,-53.093,0.139
RGI60-05.00995,200505,66.5085,-52.9185,0.082
RGI60-05.00996,200506,66.5067,-52.9343,0.137
RGI60-05.00997,200507,66.4857,-53.3318,0.053
RGI60-05.00998,200508,66.4811,-53.3951,0.253
RGI60-05.00999,200509,66.4843,-53.3748,0.171
RGI60-05.01000,200510,66.5107,-52.9569,0.167
RGI60-05.01001,22346,69.8295,-53.6086,0.072
RGI60-05.01002,22347,69.4886,-52.6411,0.057
RGI60-05.01003,200511,69.5839,-52.5822,0.057
RGI60-05.01004,22348,69.402,-53.8643,0.211
RGI60-05.01005,22349,69.4629,-52.8103,0.091
RGI60-05.01006,22350,69.4729,-52.6258,0.131
RGI60-05.01007,200512,69.4113,-53.9332,0.131
RGI60-05.01008,22351,69.4091,-53.9947,0.136
RGI60-05.01009,22352,69.4119,-53.8999,0.227
RGI60-05.01010,22353,69.45,-53.1915,0.203
RGI60-05.01011,22354,69.4526,-53.2058,0.116
RGI60-05.01012,22355,69.3963,-53.9322,1.036
RGI60-05.01013,200513,69.4053,-53.97,2.378
RGI60-05.01014,22356,69.4824,-52.6421,0.152
RGI60-05.01015,22357,69.4593,-53.1649,0.738
RGI60-05.01016,22358,69.4167,-54.039,0.612
RGI60-05.01017,22359,69.482,-53.1234,0.423
RGI60-05.01018,22360,69.4811,-53.3959,0.132
RGI60-05.01019,22361,69.5272,-52.7313,0.278
RGI60-05.01020,22362,69.5005,-53.3952,0.186
RGI60-05.01021,22363,69.5443,-53.4291,0.163
RGI60-05.01022,22364,69.4961,-53.4777,1.789
RGI60-05.01023,22365,69.5121,-53.2223,4.189
RGI60-05.01024,22366,69.5582,-52.5318,0.475
RGI60-05.01025,200514,69.5213,-53.3918,0.173
RGI60-05.01026,22367,69.5619,-52.5557,0.217
RGI60-05.01027,8236,69.5141,-53.434,6.709
RGI60-05.01028,22368,69.5263,-53.4684,0.151
RGI60-05.01029,22369,69.53,-53.4364,0.205
RGI60-05.01030,22370,69.5763,-52.5518,0.068
RGI60-05.01031,22371,69.5814,-52.5217,0.076
RGI60-05.01032,22372,69.5373,-53.4209,0.315
RGI60-05.01033,22373,69.601,-52.2807,0.122
RGI60-05.01034,22374,69.5763,-52.5441,0.059
RGI60-05.01035,200515,69.5813,-52.5453,0.562
RGI60-05.01036,200516,69.5874,-52.5658,0.67
RGI60-05.01037,22375,69.6427,-52.2472,0.073
RGI60-05.01038,22376,69.637,-52.3923,0.068
RGI60-05.01039,22377,69.6468,-52.2716,0.341
RGI60-05.01040,22378,69.5521,-53.1268,7.77
RGI60-05.01041,22379,69.623,-52.3415,0.195
RGI60-05.01042,22380,69.6137,-52.3225,0.833
RGI60-05.01043,22381,69.6073,-53.2028,0.149
RGI60-05.01044,22382,69.6511,-52.325,0.289
RGI60-05.01045,22383,69.5749,-54.0292,0.173
RGI60-05.01046,22384,69.6007,-53.6129,0.237
RGI60-05.01047,200517,69.5774,-54.0586,0.294
RGI60-05.01048,22385,69.6347,-53.184,0.195
RGI60-05.01049,22386,69.5858,-54.0718,0.286
RGI60-05.01050,22387,69.6258,-53.3582,0.361
RGI60-05.01051,22388,69.5853,-54.163,0.13
RGI60-05.01052,22389,69.5793,-54.1735,0.802
RGI60-05.01053,22390,69.5735,-54.1716,0.379
RGI60-05.01054,22391,69.6082,-53.7468,0.295
RGI60-05.01055,22392,69.5842,-54.4505,0.258
RGI60-05.01056,22393,69.6111,-53.7072,0.34
RGI60-05.01057,22394,69.5865,-54.0993,0.948
RGI60-05.01058,22395,69.5782,-54.0831,0.319
RGI60-05.01059,22396,69.6101,-53.7266,0.253
RGI60-05.01060,22397,69.5773,-54.3786,0.139
RGI60-05.01061,22398,69.6227,-53.6886,0.841
RGI60-05.01062,22399,69.6202,-53.6323,1.256
RGI60-05.01063,200518,69.6094,-53.618,0.148
RGI60-05.01064,22400,69.5966,-53.5934,1.697
RGI60-05.01065,22401,69.5948,-53.6405,1.535
RGI60-05.01066,22402,69.581,-54.4589,0.116
RGI60-05.01067,22403,69.687,-52.4286,0.064
RGI60-05.01068,22404,69.6295,-53.6636,0.255
RGI60-05.01069,22405,69.6466,-53.3614,0.424
RGI60-05.01070,22406,69.6,-54.2616,0.262
RGI60-05.01071,22407,69.6353,-53.6103,0.566
RGI60-05.01072,22408,69.6361,-53.6598,0.128
RGI60-05.01073,22409,69.636,-53.6386,0.512
RGI60-05.01074,22410,69.607,-54.2566,0.416
RGI60-05.01075,200519,69.6082,-54.264,0.062
RGI60-05.01076,200520,69.6888,-52.7205,0.153
RGI60-05.01077,22411,69.5863,-54.6159,0.183
RGI60-05.01078,22412,69.6585,-53.396,0.063
RGI60-05.01079,22413,69.6604,-53.3466,0.121
RGI60-05.01080,200521,69.5919,-54.6222,0.089
RGI60-05.01081,22414,69.6708,-53.2082,0.077
RGI60-05.01082,22415,69.616,-54.2529,0.333
RGI60-05.01083,22416,69.6157,-54.2745,0.672
RGI60-05.01084,22417,69.6053,-54.4484,1.077
RGI60-05.01085,22418,69.5932,-54.4639,0.849
RGI60-05.01086,22419,69.6174,-54.2397,0.817
RGI60-05.01087,22420,69.6094,-54.2148,1.488
RGI60-05.01088,22421,69.6072,-54.1929,0.521
RGI60-05.01089,22422,69.603,-54.1704,1.736
RGI60-05.01090,22423,69.5966,-54.1439,0.964
RGI60-05.01091,22424,69.5906,-54.1289,1.067
RGI60-05.01092,22425,69.6031,-54.232,0.628
RGI60-05.01093,22426,69.7015,-52.752,0.11
RGI60-05.01094,22427,69.605,-54.5541,0.591
RGI60-05.01095,22428,69.6026,-54.6224,0.749
RGI60-05.01096,22429,69.6715,-53.4552,0.271
RGI60-05.01097,22430,69.6054,-54.6637,0.374
RGI60-05.01098,22431,69.6184,-54.4801,1.096
RGI60-05.01099,22432,69.6165,-54.596,0.469
RGI60-05.01100,22433,69.6124,-54.7131,0.392
RGI60-05.01101,22434,69.6806,-53.606,0.157
RGI60-05.01102,200522,69.6413,-54.3865,0.122
RGI60-05.01103,22435,69.6179,-54.7421,0.41
RGI60-05.01104,22436,69.6463,-54.3707,0.118
RGI60-05.01105,22437,69.6148,-54.7879,0.719
RGI60-05.01106,22438,69.6042,-54.4038,0.261
RGI60-05.01107,22439,69.7552,-53.856,0.152
RGI60-05.01108,8178,69.6284,-54.4337,5.663
RGI60-05.01109,8181,69.6127,-54.3947,1.754
RGI60-05.01110,200523,69.6046,-54.3818,0.18
RGI60-05.01111,22440,69.612,-54.47,0.933
RGI60-05.01112,22441,69.6311,-54.3901,1.16
RGI60-05.01113,22442,69.6194,-54.3847,0.155
RGI60-05.01114,200524,69.6804,-53.7848,0.107
RGI60-05.01115,22443,69.6492,-54.3946,0.093
RGI60-05.01116,22444,69.6493,-54.3441,0.694
RGI60-05.01117,22445,69.7588,-52.2404,0.109
RGI60-05.01118,22446,69.6816,-53.7642,0.659
RGI60-05.01119,200525,69.6892,-53.7223,0.127
RGI60-05.01120,200526,69.6837,-53.7946,0.269
RGI60-05.01121,22447,69.6538,-54.3632,0.118
RGI60-05.01122,22448,69.7436,-52.7041,0.085
RGI60-05.01123,22449,69.7263,-53.102,0.077
RGI60-05.01124,22450,69.7688,-52.2902,0.068
RGI60-05.01125,22451,69.7148,-53.4211,0.163
RGI60-05.01126,200527,69.6985,-54.8587,0.057
RGI60-05.01127,8237,69.6929,-53.4239,9.85
RGI60-05.01128,200528,69.712,-53.4069,0.157
RGI60-05.01129,22452,69.7072,-53.3963,0.109
RGI60-05.01130,22453,69.7259,-54.3634,0.212
RGI60-05.01131,3733,69.6417,-54.4917,3.381
RGI60-05.01132,22454,69.6391,-54.5422,1.392
RGI60-05.01133,22455,69.6339,-54.5537,0.432
RGI60-05.01134,22456,69.6989,-53.8348,0.756
RGI60-05.01135,22457,69.7832,-52.3043,0.141
RGI60-05.01136,22458,69.6532,-54.5204,1.78
RGI60-05.01137,22459,69.7353,-53.1647,0.068
RGI60-05.01138,22460,69.7722,-52.346,0.749
RGI60-05.01139,22461,69.7214,-53.9428,0.154
RGI60-05.01140,22462,69.6666,-54.527,0.828
RGI60-05.01141,22463,69.6728,-54.4961,0.154
RGI60-05.01142,22464,69.6606,-54.5697,1.342
RGI60-05.01143,200529,69.7044,-53.9647,0.327
RGI60-05.01144,22465,69.7074,-54.1884,0.345
RGI60-05.01145,22466,69.7826,-52.3251,1.557
RGI60-05.01146,22467,69.6691,-54.5739,0.638
RGI60-05.01147,22468,69.697,-54.1604,0.76
RGI60-05.01148,22469,69.7121,-53.9475,0.71
RGI60-05.01149,200530,69.7011,-53.9494,0.507
RGI60-05.01150,22470,69.7224,-53.803,0.843
RGI60-05.01151,22471,69.7248,-53.7816,0.171
RGI60-05.01152,8213,69.7064,-53.7651,4.275
RGI60-05.01153,22472,69.7008,-53.7984,1.636
RGI60-05.01154,200531,69.6911,-53.8117,0.687
RGI60-05.01155,22473,69.6919,-53.7503,0.095
RGI60-05.01156,22474,69.6894,-53.7399,0.057
RGI60-05.01157,22475,69.7991,-52.3546,0.073
RGI60-05.01158,22476,69.7941,-52.3714,1.699
RGI60-05.01159,22477,69.716,-54.066,0.387
RGI60-05.01160,22478,69.6883,-54.5859,0.062
RGI60-05.01161,22479,69.7259,-53.9212,0.11
RGI60-05.01162,22480,69.7121,-54.1293,0.559
RGI60-05.01163,22481,69.7028,-54.1391,0.414
RGI60-05.01164,22482,69.6796,-54.6077,0.779
RGI60-05.01165,22483,69.6904,-54.6981,0.084
RGI60-05.01166,22484,69.6873,-54.6005,0.104
RGI60-05.01167,22485,69.6794,-54.7741,0.09
RGI60-05.01168,22486,69.6769,-54.7505,0.208
RGI60-05.01169,22487,69.7916,-52.6582,0.104
RGI60-05.01170,22488,69.7875,-52.6444,0.668
RGI60-05.01171,22489,69.6865,-54.7058,0.145
RGI60-05.01172,22490,69.7352,-53.9151,0.065
RGI60-05.01173,22491,69.6837,-54.6292,0.497
RGI60-05.01174,22492,69.67,-54.6599,3.128
RGI60-05.01175,22493,69.685,-54.6559,1.16
RGI60-05.01176,22494,69.6956,-54.6496,0.08
RGI60-05.01177,22495,69.8097,-52.3958,1.302
RGI60-05.01178,22496,69.6925,-54.7948,0.056
RGI60-05.01179,22497,69.7354,-53.9578,1.167
RGI60-05.01180,200532,69.7375,-53.9384,0.533
RGI60-05.01181,200533,69.7307,-53.9328,0.158
RGI60-05.01182,22498,69.7289,-53.9468,0.181
RGI60-05.01183,22499,69.729,-54.3336,0.518
RGI60-05.01184,200534,69.7562,-53.7886,0.206
RGI60-05.01185,22500,69.8266,-52.4108,0.287
RGI60-05.01186,200535,69.7134,-54.6529,0.052
RGI60-05.01187,22501,69.7494,-53.9373,0.28
RGI60-05.01188,22502,69.8298,-52.4529,0.082
RGI60-05.01189,22503,69.706,-54.814,0.08
RGI60-05.01190,22504,69.9229,-52.8739,0.088
RGI60-05.01191,22505,69.6997,-54.9298,0.293
RGI60-05.01192,22506,69.7059,-54.8657,0.088
RGI60-05.01193,22507,69.831,-52.492,0.147
RGI60-05.01194,22508,69.7358,-54.3678,0.155
RGI60-05.01195,22509,69.7068,-54.9059,0.067
RGI60-05.01196,22510,69.7197,-54.6765,0.097
RGI60-05.01197,22511,69.7198,-54.7003,0.068
RGI60-05.01198,22512,69.9109,-53.0028,0.101
RGI60-05.01199,22513,69.7378,-54.3404,0.871
RGI60-05.01200,22514,69.8242,-52.79,0.14
RGI60-05.01201,22515,69.7116,-54.8462,0.249
RGI60-05.01202,22516,69.7274,-54.7067,0.407
RGI60-05.01203,200536,69.7461,-54.3651,0.984
RGI60-05.01204,22517,69.8323,-54.5698,0.081
RGI60-05.01205,22518,69.9174,-53.0014,0.053
RGI60-05.01206,22519,69.7554,-54.1643,0.558
RGI60-05.01207,22520,69.7312,-54.8798,0.202
RGI60-05.01208,22521,69.7694,-54.3012,0.179
RGI60-05.01209,22522,69.8557,-52.672,0.45
RGI60-05.01210,22523,69.7693,-54.3884,0.303
RGI60-05.01211,8193,69.7128,-54.1645,1.448
RGI60-05.01212,22524,69.8632,-52.6365,0.539
RGI60-05.01213,22525,69.8637,-52.6682,0.505
RGI60-05.01214,22526,69.7777,-54.1945,5.568
RGI60-05.01215,8195,69.7301,-54.0981,3.559
RGI60-05.01216,8194,69.7793,-54.1402,5.255
RGI60-05.01217,22527,69.7759,-54.0922,1.898
RGI60-05.01218,22528,69.7312,-54.1321,0.132
RGI60-05.01219,8188,69.7609,-54.2318,4.679
RGI60-05.01220,8185,69.7609,-54.2743,3.259
RGI60-05.01221,22529,69.723,-54.1188,0.429
RGI60-05.01222,22530,69.8134,-53.858,0.059
RGI60-05.01223,8182,69.7601,-54.3276,3.419
RGI60-05.01224,22531,69.7521,-54.1155,3.113
RGI60-05.01225,200537,69.7214,-54.1462,0.708
RGI60-05.01226,22532,69.7707,-54.5322,0.453
RGI60-05.01227,22533,69.7605,-54.0941,1.802
RGI60-05.01228,22534,69.7467,-54.2797,1.358
RGI60-05.01229,22535,69.7381,-54.1324,0.402
RGI60-05.01230,22536,69.7213,-54.079,0.199
RGI60-05.01231,200538,69.8056,-53.9754,0.618
RGI60-05.01232,22537,69.8129,-54.0389,0.068
RGI60-05.01233,22538,69.8796,-52.7373,0.179
RGI60-05.01234,200539,69.8846,-52.7391,0.118
RGI60-05.01235,200540,69.813,-54.3738,1.08
RGI60-05.01236,22539,69.9314,-53.3084,0.148
RGI60-05.01237,200541,69.8592,-53.6188,0.604
RGI60-05.01238,200542,69.813,-54.4185,0.599
RGI60-05.01239,22540,69.8122,-54.454,1.303
RGI60-05.01240,22541,69.8114,-54.4929,0.876
RGI60-05.01241,22542,69.9225,-52.8876,0.604
RGI60-05.01242,22543,69.8193,-54.3838,0.626
RGI60-05.01243,200543,69.8487,-53.9318,0.186
RGI60-05.01244,200544,69.8455,-53.9474,0.163
RGI60-05.01245,22544,69.899,-52.9753,0.056
RGI60-05.01246,200545,69.8226,-54.4577,0.132
RGI60-05.01247,22545,69.8157,-54.5294,1.404
RGI60-05.01248,22546,69.8371,-54.5656,0.241
RGI60-05.01249,22547,69.8538,-53.9544,0.293
RGI60-05.01250,22548,69.8238,-54.4793,0.19
RGI60-05.01251,22549,69.852,-53.9093,0.718
RGI60-05.01252,22550,69.8197,-54.3408,0.915
RGI60-05.01253,22551,69.8157,-54.5723,0.794
RGI60-05.01254,22552,69.8186,-54.2891,7.122
RGI60-05.01255,22553,69.8335,-54.2106,0.503
RGI60-05.01256,200546,69.8162,-54.663,0.29
RGI60-05.01257,22554,69.8144,-54.6382,1.098
RGI60-05.01258,22555,69.8074,-54.7389,1.645
RGI60-05.01259,22556,69.8153,-54.679,0.448
RGI60-05.01260,22557,69.8076,-54.7928,0.827
RGI60-05.01261,22558,69.8172,-54.7037,0.457
RGI60-05.01262,22559,69.825,-54.581,0.961
RGI60-05.01263,22560,69.8202,-54.7357,0.132
RGI60-05.01264,200547,69.8994,-53.3182,0.051
RGI60-05.01265,200548,69.8643,-53.9373,1.91
RGI60-05.01266,22561,69.8657,-53.8988,0.188
RGI60-05.01267,22562,69.8531,-54.2313,2.816
RGI60-05.01268,200549,69.8358,-54.5521,0.506
RGI60-05.01269,22563,69.924,-53.0993,0.228
RGI60-05.01270,22564,69.8774,-53.936,1.801
RGI60-05.01271,200550,69.8484,-54.548,0.127
RGI60-05.01272,22565,69.8891,-53.7424,0.714
RGI60-05.01273,22566,69.9305,-53.1088,0.101
RGI60-05.01274,22567,69.9258,-53.1591,0.324
RGI60-05.01275,22568,69.8473,-54.6709,0.455
RGI60-05.01276,200551,69.9219,-53.3,0.965
RGI60-05.01277,22569,69.8684,-54.3574,0.231
RGI60-05.01278,22570,69.891,-54.0434,0.421
RGI60-05.01279,22571,69.889,-54.0172,1.488
RGI60-05.01280,22572,69.9308,-53.3219,0.395
RGI60-05.01281,200552,69.8836,-54.2611,0.099
RGI60-05.01282,200553,69.8821,-54.2637,0.05
RGI60-05.01283,200554,69.8797,-54.2503,0.069
RGI60-05.01284,200555,69.8766,-54.2519,0.35
RGI60-05.01285,22573,69.4262,-52.9916,0.337
RGI60-05.01286,200556,69.8737,-54.4032,0.307
RGI60-05.01287,22574,69.955,-52.9205,0.481
RGI60-05.01288,22575,69.8807,-54.4289,0.665
RGI60-05.01289,22576,69.9077,-53.9998,0.071
RGI60-05.01290,22577,69.8829,-54.4724,0.21
RGI60-05.01291,22578,69.8368,-52.801,0.304
RGI60-05.01292,22579,69.8786,-52.9639,8.454
RGI60-05.01293,22580,69.8293,-52.8075,1.915
RGI60-05.01294,22581,69.678,-53.1793,0.973
RGI60-05.01295,22582,69.7927,-52.7432,5.525
RGI60-05.01296,22583,69.8081,-52.7352,0.131
RGI60-05.01297,200557,69.8302,-52.879,25.135
RGI60-05.01298,200558,69.8051,-52.8106,13.893
RGI60-05.01299,22584,69.7727,-52.7036,10.616
RGI60-05.01300,8250,69.7587,-53.0351,71.267
RGI60-05.01301,22585,69.6588,-53.1165,11.381
RGI60-05.01302,200559,69.6828,-53.1578,1.414
RGI60-05.01303,200560,69.706,-52.5347,0.193
RGI60-05.01304,22586,69.6479,-52.4264,0.108
RGI60-05.01305,200561,69.682,-52.7395,6.031
RGI60-05.01306,22587,69.6987,-52.5541,1.313
RGI60-05.01307,200562,69.6506,-52.5747,2.143
RGI60-05.01308,22588,69.6284,-53.0415,2.021
RGI60-05.01309,200563,69.6729,-52.5286,9.827
RGI60-05.01310,22589,69.6725,-52.4632,0.596
RGI60-05.01311,22590,69.6355,-53.166,0.545
RGI60-05.01312,22591,69.617,-52.345,0.078
RGI60-05.01313,8248,69.6292,-53.0968,12.092
RGI60-05.01314,8258,69.6511,-52.4779,5.146
RGI60-05.01315,22592,69.6483,-52.5258,1.959
RGI60-05.01316,22593,69.6429,-52.4012,1.516
RGI60-05.01317,22594,69.6128,-53.0731,1.318
RGI60-05.01318,22595,69.6393,-52.4895,1.558
RGI60-05.01319,200564,69.9119,-54.4516,0.143
RGI60-05.01320,200565,69.614,-52.6257,1.166
RGI60-05.01321,200566,69.6496,-52.6444,9.455
RGI60-05.01322,22596,69.6366,-52.4433,0.317
RGI60-05.01323,22597,69.5844,-52.9944,0.824
RGI60-05.01324,200567,69.6391,-52.7397,14.928
RGI60-05.01325,22598,69.6142,-52.3597,0.97
RGI60-05.01326,22599,69.6218,-52.357,2.058
RGI60-05.01327,200568,69.6005,-52.5856,0.685
RGI60-05.01328,200569,69.5668,-53.0642,2.11
RGI60-05.01329,200570,69.5921,-52.776,5.284
RGI60-05.01330,22600,69.7576,-53.6921,0.168
RGI60-05.01331,22601,69.567,-52.9803,9.721
RGI60-05.01332,200571,69.5702,-52.7946,7.067
RGI60-05.01333,22602,69.4997,-52.6747,0.933
RGI60-05.01334,8234,69.8004,-53.4477,1.243
RGI60-05.01335,8251,69.5406,-52.9599,32.367
RGI60-05.01336,22603,69.4577,-52.8593,3.924
RGI60-05.01337,200572,69.538,-52.8057,15.105
RGI60-05.01338,200573,69.5081,-52.7728,3.96
RGI60-05.01339,200574,69.5158,-52.7347,1.22
RGI60-05.01340,22604,69.5064,-52.7172,0.378
RGI60-05.01341,22605,69.5093,-52.955,14.769
RGI60-05.01342,22606,69.5033,-52.693,0.051
RGI60-05.01343,22607,69.5008,-52.702,0.124
RGI60-05.01344,200575,69.4988,-52.8357,12.155
RGI60-05.01345,22608,69.4811,-52.9673,25.065
RGI60-05.01346,22609,69.41,-53.1919,0.438
RGI60-05.01347,22610,69.3662,-53.1156,1.394
RGI60-05.01348,22611,69.4193,-53.1031,11.83
RGI60-05.01349,22612,69.4102,-53.0175,4.473
RGI60-05.01350,22613,69.3969,-53.0866,7.516
RGI60-05.01351,22614,69.3638,-53.1645,0.887
RGI60-05.01352,22615,69.3733,-53.1095,0.144
RGI60-05.01353,22616,69.3596,-53.1267,1.594
RGI60-05.01354,22617,69.8982,-52.9916,3.757
RGI60-05.01355,8254,69.7386,-52.8339,76.231
RGI60-05.01356,22618,69.8118,-54.0129,0.511
RGI60-05.01357,22619,69.9692,-53.409,0.21
RGI60-05.01358,200576,69.6229,-52.852,59.956
RGI60-05.01359,22620,69.5938,-52.5809,0.091
RGI60-05.01360,22621,69.7737,-53.7491,0.332
RGI60-05.01361,22622,69.8552,-52.893,6.486
RGI60-05.01362,22623,69.3741,-53.1498,3.725
RGI60-05.01363,200577,69.9783,-52.9758,0.159
RGI60-05.01364,200578,69.6733,-52.6442,16.592
RGI60-05.01365,200579,69.4966,-52.6612,0.305
RGI60-05.01366,22624,69.4869,-52.6659,1.514
RGI60-05.01367,22625,69.4035,-53.1895,0.208
RGI60-05.01368,22626,69.463,-53.0835,8.393
RGI60-05.01369,22627,69.483,-53.067,3.435
RGI60-05.01370,22628,69.708,-53.2263,1.509
RGI60-05.01371,22629,69.6998,-53.02,45.769
RGI60-05.01372,22630,69.9146,-53.3417,0.546
RGI60-05.01373,8239,69.9212,-53.4108,12.893
RGI60-05.01374,200580,69.9046,-53.4441,1.054
RGI60-05.01375,8203,69.9011,-53.9235,7.753
RGI60-05.01376,8210,69.9,-53.8346,2.653
RGI60-05.01377,200581,69.9172,-54.6305,0.051
RGI60-05.01378,8212,69.8845,-53.7885,4.902
RGI60-05.01379,22631,69.8907,-53.9802,0.382
RGI60-05.01380,22632,69.8909,-53.8659,0.392
RGI60-05.01381,200582,69.8909,-53.9504,0.66
RGI60-05.01382,22633,69.8877,-53.8904,0.293
RGI60-05.01383,8209,69.8714,-53.8445,10.307
RGI60-05.01384,200583,69.8901,-53.828,0.056
RGI60-05.01385,8217,69.8522,-53.6844,8.643
RGI60-05.01386,22634,69.8488,-53.792,0.163
RGI60-05.01387,22635,69.8444,-53.5697,0.746
RGI60-05.01388,8215,69.8645,-53.7433,6.572
RGI60-05.01389,22636,69.8715,-53.8899,0.506
RGI60-05.01390,200584,69.8733,-53.5238,0.121
RGI60-05.01391,22637,69.8492,-53.5761,0.192
RGI60-05.01392,200585,69.8455,-53.81,0.118
RGI60-05.01393,8218,69.7888,-53.6549,34.457
RGI60-05.01394,8221,69.844,-53.6152,6.816
RGI60-05.01395,200586,69.8586,-53.7274,0.087
RGI60-05.01396,200587,69.8481,-53.756,0.775
RGI60-05.01397,22638,69.8508,-53.818,1.243
RGI60-05.01398,200588,69.8202,-53.7396,29.043
RGI60-05.01399,22639,69.8054,-53.8602,1.486
RGI60-05.01400,22640,69.809,-53.855,0.05
RGI60-05.01401,22641,69.7971,-53.9191,3.732
RGI60-05.01402,200589,69.804,-53.9528,0.46
RGI60-05.01403,8206,69.7433,-53.8819,17.792
RGI60-05.01404,22642,69.7707,-53.9215,0.271
RGI60-05.01405,200590,69.8003,-54.0354,1.035
RGI60-05.01406,200591,69.8059,-53.8277,0.28
RGI60-05.01407,22643,69.7973,-53.8734,0.311
RGI60-05.01408,200592,69.7872,-53.9864,3.189
RGI60-05.01409,200593,69.7902,-54.0502,0.205
RGI60-05.01410,22644,69.7735,-53.7758,4.375
RGI60-05.01411,22645,69.7816,-53.968,0.849
RGI60-05.01412,22646,69.7817,-53.9434,0.215
RGI60-05.01413,8200,69.7698,-53.96,4.557
RGI60-05.01414,22647,69.7686,-53.8067,0.851
RGI60-05.01415,200594,69.7591,-53.956,1.148
RGI60-05.01416,22648,69.767,-53.6387,0.175
RGI60-05.01417,22649,69.7621,-53.5206,1.113
RGI60-05.01418,22650,69.7638,-53.6473,0.076
RGI60-05.01419,22651,69.7577,-53.6573,0.274
RGI60-05.01420,200595,69.7598,-53.5004,0.565
RGI60-05.01421,22652,69.751,-53.6839,0.592
RGI60-05.01422,22653,69.7503,-53.5,0.861
RGI60-05.01423,22654,69.7366,-53.683,2.679
RGI60-05.01424,22655,69.7355,-53.6436,0.116
RGI60-05.01425,22656,69.7248,-53.6658,2.021
RGI60-05.01426,200596,69.7173,-53.6593,0.382
RGI60-05.01427,22657,69.7138,-53.6198,3.122
RGI60-05.01428,22658,69.7229,-53.6076,0.09
RGI60-05.01429,22659,69.7798,-53.4397,0.179
RGI60-05.01430,22660,69.6997,-53.5947,3.276
RGI60-05.01431,22661,69.9216,-53.1279,1.964
RGI60-05.01432,22662,69.9201,-53.1841,2.343
RGI60-05.01433,200597,69.8997,-53.3609,5.309
RGI60-05.01434,200598,69.9073,-53.1089,0.275
RGI60-05.01435,200599,69.8865,-53.3049,0.1
RGI60-05.01436,200600,69.8556,-53.3944,0.741
RGI60-05.01437,200601,69.814,-53.3297,0.055
RGI60-05.01438,22663,69.9073,-53.3021,1.915
RGI60-05.01439,22664,69.8742,-53.5026,1.135
RGI60-05.01440,22665,69.8069,-53.4612,0.103
RGI60-05.01441,8225,69.7471,-53.5755,34.714
RGI60-05.01442,22666,69.7808,-53.4648,0.086
RGI60-05.01443,22667,69.8426,-53.3474,1.229
RGI60-05.01444,22668,69.8351,-53.3077,0.122
RGI60-05.01445,22669,69.8166,-53.3417,0.77
RGI60-05.01446,200602,69.8112,-53.3264,1.197
RGI60-05.01447,8240,69.8718,-53.396,24.306
RGI60-05.01448,22670,69.9384,-53.9403,0.269
RGI60-05.01449,8227,69.8359,-53.494,29.925
RGI60-05.01450,22671,69.7456,-53.2093,0.781
RGI60-05.01451,200603,69.9032,-53.1441,5.653
RGI60-05.01452,8235,69.8068,-53.4343,28.707
RGI60-05.01453,200604,69.8162,-53.4972,0.121
RGI60-05.01454,22672,69.732,-53.2237,1.586
RGI60-05.01455,22673,69.9152,-53.0797,3.888
RGI60-05.01456,8245,69.8244,-53.1643,135.298
RGI60-05.01457,8243,69.8915,-53.232,16.846
RGI60-05.01458,22674,69.754,-53.4201,0.72
RGI60-05.01459,22675,69.9552,-53.632,0.317
RGI60-05.01460,22676,69.7682,-53.4572,8.815
RGI60-05.01461,22677,69.4749,-52.8879,7.161
RGI60-05.01462,8244,69.7667,-53.1965,17.178
RGI60-05.01463,22678,69.7753,-53.2337,0.096
RGI60-05.01464,200605,69.7611,-53.2412,3.866
RGI60-05.01465,22679,69.9122,-53.0412,9.347
RGI60-05.01466,22680,69.8691,-52.9182,4.802
RGI60-05.01467,22681,69.7637,-53.4152,0.059
RGI60-05.01468,8228,69.7475,-53.4562,4.456
RGI60-05.01469,22682,69.4404,-53.0299,9.236
RGI60-05.01470,22683,69.658,-52.9757,25.191
RGI60-05.01471,200606,69.5886,-52.9572,4.311
RGI60-05.01472,22684,69.9579,-53.3825,0.233
RGI60-05.01473,22685,69.9206,-53.8717,1.44
RGI60-05.01474,22686,69.9203,-53.913,0.064
RGI60-05.01475,22687,69.9195,-53.9001,0.26
RGI60-05.01476,22688,70.0402,-51.481,0.331
RGI60-05.01477,200607,69.965,-53.1934,0.683
RGI60-05.01478,22689,69.9607,-53.2043,0.222
RGI60-05.01479,22690,70.0465,-51.613,0.102
RGI60-05.01480,22691,69.8955,-54.4626,1.073
RGI60-05.01481,200608,69.9593,-53.4147,0.053
RGI60-05.01482,200609,69.9041,-54.4532,0.136
RGI60-05.01483,200610,69.9594,-53.4001,0.395
RGI60-05.01484,22692,69.9492,-53.7045,0.124
RGI60-05.01485,22693,69.9361,-53.8985,1.013
RGI60-05.01486,200611,69.9385,-53.9838,0.313
RGI60-05.01487,200612,69.934,-53.9538,0.11
RGI60-05.01488,22694,70.0494,-51.7254,0.119
RGI60-05.01489,22695,70.0568,-51.4566,0.641
RGI60-05.01490,200613,70.0521,-51.7096,0.24
RGI60-05.01491,22696,69.9497,-53.9403,0.051
RGI60-05.01492,22697,69.9403,-54.1103,0.311
RGI60-05.01493,22698,69.9782,-53.4305,0.209
RGI60-05.01494,22699,69.9979,-53.0358,0.335
RGI60-05.01495,22700,69.9904,-53.0151,0.471
RGI60-05.01496,200614,69.9683,-52.9897,9.744
RGI60-05.01497,200615,69.9183,-54.5437,0.15
RGI60-05.01498,22701,70.0613,-51.7004,0.118
RGI60-05.01499,22702,69.9502,-54.0719,0.233
RGI60-05.01500,22703,70.0604,-51.7173,0.413
RGI60-05.01501,200616,70.346,-52.5057,0.052
RGI60-05.01502,22704,69.9935,-54.4792,0.06
RGI60-05.01503,22705,69.9784,-53.1156,0.081
RGI60-05.01504,22706,70.2481,-51.0008,0.089
RGI60-05.01505,22707,70.3243,-50.9788,0.088
RGI60-05.01506,200617,70.3091,-51.965,0.179
RGI60-05.01507,200618,70.1058,-54.1471,0.137
RGI60-05.01508,22708,70.2435,-51.113,0.092
RGI60-05.01509,200619,70.2723,-51.394,0.112
RGI60-05.01510,22709,70.2656,-52.6064,0.057
RGI60-05.01511,22710,69.9201,-54.5879,0.111
RGI60-05.01512,200620,69.9175,-54.6494,0.224
RGI60-05.01513,22711,69.954,-53.9589,0.401
RGI60-05.01514,22712,69.9469,-53.9746,1.949
RGI60-05.01515,200621,69.9509,-53.9917,0.063
RGI60-05.01516,22713,69.9223,-54.6339,0.471
RGI60-05.01517,22714,69.9229,-54.6594,0.07
RGI60-05.01518,22715,69.9566,-54.0369,1.059
RGI60-05.01519,22716,70.0679,-51.8231,0.099
RGI60-05.01520,22717,70.0796,-51.4694,1.162
RGI60-05.01521,200622,70.0778,-51.4321,0.574
RGI60-05.01522,22718,70.0707,-51.4855,0.777
RGI60-05.01523,22719,70.0735,-51.448,0.099
RGI60-05.01524,200623,70.0741,-51.4346,0.115
RGI60-05.01525,22720,69.9646,-54.0462,0.193
RGI60-05.01526,22721,70.0719,-51.829,0.087
RGI60-05.01527,22722,69.9319,-54.6757,0.076
RGI60-05.01528,22723,70.1032,-51.0271,0.114
RGI60-05.01529,200624,70.079,-51.7313,0.1
RGI60-05.01530,22724,70.094,-51.3507,0.61
RGI60-05.01531,22725,70.0935,-51.333,0.168
RGI60-05.01532,22726,69.9631,-53.6324,0.279
RGI60-05.01533,22727,69.9839,-54.2774,0.217
RGI60-05.01534,22728,70.2377,-50.8155,0.118
RGI60-05.01535,22729,69.9896,-53.5227,3.646
RGI60-05.01536,22730,70.0773,-51.842,0.264
RGI60-05.01537,22731,70.0909,-51.4703,0.929
RGI60-05.01538,22732,70.0896,-51.4381,0.315
RGI60-05.01539,22733,69.932,-53.5043,0.238
RGI60-05.01540,8223,69.9746,-53.5944,12.184
RGI60-05.01541,200625,69.9082,-53.5754,0.098
RGI60-05.01542,22734,69.9075,-53.5923,0.066
RGI60-05.01543,22735,70.1115,-51.0426,0.065
RGI60-05.01544,22736,70.2724,-50.7314,0.075
RGI60-05.01545,22737,69.9695,-53.4925,6.337
RGI60-05.01546,22738,69.9812,-53.4478,1.059
RGI60-05.01547,200626,69.9677,-53.4284,1.1
RGI60-05.01548,22739,70.0831,-51.734,0.091
RGI60-05.01549,8220,69.9408,-53.6413,6.832
RGI60-05.01550,22740,69.9666,-54.2982,0.177
RGI60-05.01551,22741,69.9743,-54.2859,0.141
RGI60-05.01552,200627,70.1292,-54.008,0.13
RGI60-05.01553,8230,69.9436,-53.4559,12.784
RGI60-05.01554,22742,70.0378,-53.0912,0.276
RGI60-05.01555,22743,70.012,-53.7179,0.149
RGI60-05.01556,8224,69.9334,-53.5774,10.705
RGI60-05.01557,22744,69.9389,-53.6072,0.937
RGI60-05.01558,200628,69.9389,-53.5317,1.022
RGI60-05.01559,22745,70.2782,-50.7616,0.11
RGI60-05.01560,22746,70.0342,-53.3616,0.391
RGI60-05.01561,22747,70.0243,-53.5491,0.2
RGI60-05.01562,22748,70.115,-51.4772,0.843
RGI60-05.01563,200629,70.1077,-51.4883,0.681
RGI60-05.01564,22749,70.1082,-51.4548,0.736
RGI60-05.01565,22750,70.1036,-51.4478,0.134
RGI60-05.01566,22751,70.0381,-53.5841,0.072
RGI60-05.01567,22752,70.1017,-51.4995,0.4
RGI60-05.01568,22753,70.1003,-51.4637,1.122
RGI60-05.01569,22754,70.1053,-51.8083,0.114
RGI60-05.01570,22755,70.1273,-51.3044,0.05
RGI60-05.01571,22756,70.1108,-51.7736,0.051
RGI60-05.01572,22757,69.9863,-54.2517,0.169
RGI60-05.01573,22758,70.0948,-51.9446,0.805
RGI60-05.01574,22759,69.9863,-54.4336,0.065
RGI60-05.01575,22760,70.125,-51.1413,9.755
RGI60-05.01576,200630,70.1087,-51.1726,0.059
RGI60-05.01577,22761,70.104,-51.9181,0.458
RGI60-05.01578,22762,70.0507,-53.0929,1.367
RGI60-05.01579,200631,70.0511,-53.0734,0.372
RGI60-05.01580,22763,70.0162,-53.9312,0.186
RGI60-05.01581,22764,70.0228,-53.7646,0.327
RGI60-05.01582,22765,70.0238,-53.8375,0.247
RGI60-05.01583,22766,70.034,-53.638,0.547
RGI60-05.01584,22767,70.0267,-53.6163,1.477
RGI60-05.01585,8211,70.0059,-53.8138,5.394
RGI60-05.01586,22768,70.0125,-53.7459,2.115
RGI60-05.01587,200632,70.004,-54.5273,0.118
RGI60-05.01588,22769,69.9977,-53.6924,16.307
RGI60-05.01589,200633,70.0128,-53.8038,0.094
RGI60-05.01590,200634,70.0056,-54.5705,0.069
RGI60-05.01591,22770,69.9991,-53.7708,1.457
RGI60-05.01592,22771,69.9769,-53.723,0.729
RGI60-05.01593,22772,69.9931,-54.4412,0.612
RGI60-05.01594,22773,70.0303,-53.8316,0.619
RGI60-05.01595,22774,70.0556,-53.115,1.953
RGI60-05.01596,22775,70.0251,-53.9467,0.414
RGI60-05.01597,22776,70.0428,-53.6269,0.54
RGI60-05.01598,22777,70.0357,-53.6086,0.848
RGI60-05.01599,200635,70.0351,-54.049,0.198
RGI60-05.01600,22778,69.9927,-54.4662,0.637
RGI60-05.01601,8205,70.0288,-53.8828,1.989
RGI60-05.01602,22779,70.0447,-53.6631,0.183
RGI60-05.01603,22780,69.9937,-54.5016,0.389
RGI60-05.01604,200636,70.0138,-54.243,0.104
RGI60-05.01605,22781,70.0711,-53.1529,0.11
RGI60-05.01606,200637,70.0086,-54.3841,0.472
RGI60-05.01607,200638,70.0129,-54.2964,0.434
RGI60-05.01608,200639,70.0123,-54.3165,0.333
RGI60-05.01609,200640,70.0111,-54.2691,0.548
RGI60-05.01610,22782,70.0662,-53.144,1.996
RGI60-05.01611,22783,70.0543,-53.654,0.311
RGI60-05.01612,200641,70.1347,-52.0153,0.217
RGI60-05.01613,22784,70.1469,-51.3708,9.215
RGI60-05.01614,22785,70.1419,-51.4404,3.332
RGI60-05.01615,22786,70.1329,-51.3552,1.389
RGI60-05.01616,22787,70.1326,-51.392,1.172
RGI60-05.01617,200642,70.1324,-51.4104,0.39
RGI60-05.01618,22788,70.1239,-51.4315,4.005
RGI60-05.01619,22789,70.1288,-51.3192,0.493
RGI60-05.01620,22790,70.0808,-53.1503,0.597
RGI60-05.01621,22791,70.0487,-53.8434,0.241
RGI60-05.01622,22792,70.1553,-51.4683,1.125
RGI60-05.01623,22793,70.0821,-53.1715,0.887
RGI60-05.01624,22794,70.0603,-53.6737,0.87
RGI60-05.01625,200643,70.076,-53.1976,1.332
RGI60-05.01626,22795,70.1443,-51.9466,0.077
RGI60-05.01627,200644,70.08,-53.3049,0.845
RGI60-05.01628,200645,70.0226,-54.3831,0.239
RGI60-05.01629,22796,70.063,-53.6934,0.267
RGI60-05.01630,200646,70.0183,-54.5589,0.411
RGI60-05.01631,22797,70.0547,-53.7086,1.22
RGI60-05.01632,22798,70.1386,-52.0002,1.544
RGI60-05.01633,200647,70.0262,-54.4073,0.072
RGI60-05.01634,22799,70.1892,-50.8373,0.066
RGI60-05.01635,22800,70.1462,-51.9848,0.068
RGI60-05.01636,22801,70.1728,-51.2249,0.829
RGI60-05.01637,200648,70.0671,-53.6992,0.051
RGI60-05.01638,200649,70.026,-54.2943,6.007
RGI60-05.01639,22802,70.1286,-52.3576,0.195
RGI60-05.01640,22803,70.1683,-51.5534,0.099
RGI60-05.01641,22804,70.089,-53.2235,0.449
RGI60-05.01642,22805,70.1701,-51.575,0.192
RGI60-05.01643,200650,70.0262,-54.5698,0.058
RGI60-05.01644,200651,70.0422,-54.2852,0.106
RGI60-05.01645,200652,70.0452,-54.198,0.256
RGI60-05.01646,200653,70.0432,-54.2179,0.571
RGI60-05.01647,200654,70.1534,-52.0025,0.451
RGI60-05.01648,22806,70.0689,-53.72,0.466
RGI60-05.01649,22807,70.1448,-51.6939,13.937
RGI60-05.01650,22808,70.2952,-50.7976,0.169
RGI60-05.01651,22809,70.1486,-51.6216,3.709
RGI60-05.01652,22810,70.1318,-51.6025,3.482
RGI60-05.01653,22811,70.1278,-51.6304,0.573
RGI60-05.01654,200655,70.1162,-51.6506,6.841
RGI60-05.01655,200656,70.1002,-51.6612,10.099
RGI60-05.01656,22812,70.0788,-51.6268,0.397
RGI60-05.01657,22813,70.123,-51.6079,0.096
RGI60-05.01658,22814,70.2134,-50.9071,0.22
RGI60-05.01659,3745,70.0837,-51.7054,7.699
RGI60-05.01660,22815,70.0758,-51.6578,3.172
RGI60-05.01661,22816,70.0914,-51.8829,0.536
RGI60-05.01662,22817,70.1534,-51.8653,1.814
RGI60-05.01663,22818,70.1406,-51.7865,7.726
RGI60-05.01664,22819,70.1451,-51.837,0.406
RGI60-05.01665,22820,70.1202,-51.7665,0.444
RGI60-05.01666,22821,70.1231,-51.7919,0.062
RGI60-05.01667,22822,70.0676,-53.9298,0.235
RGI60-05.01668,22823,70.178,-51.585,0.054
RGI60-05.01669,22824,70.1055,-51.76,6.205
RGI60-05.01670,22825,70.1033,-51.8259,1.263
RGI60-05.01671,22826,70.092,-51.8499,1.387
RGI60-05.01672,22827,70.3081,-50.4345,0.059
RGI60-05.01673,22828,70.1206,-51.8439,10.175
RGI60-05.01674,200657,70.1918,-50.9922,0.748
RGI60-05.01675,22829,70.1594,-52.0094,0.093
RGI60-05.01676,200658,70.0466,-54.2468,2.315
RGI60-05.01677,22830,70.1807,-51.5727,0.056
RGI60-05.01678,22831,70.09,-53.5085,0.413
RGI60-05.01679,22832,70.1939,-51.0905,0.921
RGI60-05.01680,22833,70.0716,-53.9434,0.402
RGI60-05.01681,22834,70.2227,-52.3884,0.163
RGI60-05.01682,200659,70.0503,-54.2897,1.187
RGI60-05.01683,22835,70.1849,-51.5753,0.085
RGI60-05.01684,22836,70.0783,-53.8989,0.064
RGI60-05.01685,22837,70.1638,-51.9949,1.198
RGI60-05.01686,200660,70.0588,-54.2575,0.345
RGI60-05.01687,200661,70.0703,-54.0803,0.175
RGI60-05.01688,200662,70.0791,-53.9205,0.215
RGI60-05.01689,200663,70.1834,-51.7323,0.372
RGI60-05.01690,22838,70.2164,-50.8856,0.317
RGI60-05.01691,200664,70.0811,-53.951,0.327
RGI60-05.01692,22839,70.1921,-51.588,0.059
RGI60-05.01693,200665,70.0645,-54.2784,0.38
RGI60-05.01694,22840,70.0417,-53.3691,0.97
RGI60-05.01695,22841,70.1077,-53.3456,4.202
RGI60-05.01696,22842,70.102,-53.4059,2.727
RGI60-05.01697,22843,70.0587,-53.3618,2.518
RGI60-05.01698,22844,70.0868,-53.3454,6.535
RGI60-05.01699,8241,70.0505,-53.2659,24.911
RGI60-05.01700,22845,70.0789,-53.3972,1.511
RGI60-05.01701,22846,69.9877,-53.2185,0.251
RGI60-05.01702,22847,69.9837,-53.1282,0.339
RGI60-05.01703,22848,70.0141,-53.1615,21.631
RGI60-05.01704,22849,69.9802,-53.0876,0.208
RGI60-05.01705,22850,70.0029,-53.2766,5.924
RGI60-05.01706,22851,69.9968,-53.2177,2.077
RGI60-05.01707,22852,70.0015,-53.3232,0.409
RGI60-05.01708,22853,69.9908,-53.0966,4.05
RGI60-05.01709,22854,69.982,-53.2385,4.901
RGI60-05.01710,22855,69.9886,-53.2003,0.513
RGI60-05.01711,22856,69.9838,-53.168,2.642
RGI60-05.01712,22857,69.9771,-53.1403,0.595
RGI60-05.01713,22858,69.9717,-53.1968,0.251
RGI60-05.01714,200666,69.9701,-53.1454,0.296
RGI60-05.01715,22859,69.9667,-53.2256,0.398
RGI60-05.01716,22860,70.176,-52.0726,0.161
RGI60-05.01717,22861,70.2048,-51.3909,0.151
RGI60-05.01718,22862,70.1076,-53.5348,0.387
RGI60-05.01719,22863,70.0996,-53.5202,0.985
RGI60-05.01720,22864,70.179,-52.0939,0.054
RGI60-05.01721,200667,70.0793,-54.0701,1.454
RGI60-05.01722,22865,70.2059,-51.4043,0.071
RGI60-05.01723,200668,70.0655,-54.4528,0.148
RGI60-05.01724,22866,70.2334,-50.7929,0.082
RGI60-05.01725,22867,70.2339,-51.0047,0.193
RGI60-05.01726,200669,70.0767,-54.1951,1.663
RGI60-05.01727,22868,70.2277,-50.9875,0.128
RGI60-05.01728,22869,70.2299,-50.9586,0.083
RGI60-05.01729,200670,70.0941,-54.03,0.153
RGI60-05.01730,200671,70.0891,-54.0613,0.741
RGI60-05.01731,22870,70.2511,-50.7786,0.237
RGI60-05.01732,200672,70.0856,-54.0028,3.378
RGI60-05.01733,8204,70.0418,-53.9044,2.252
RGI60-05.01734,200673,70.2455,-50.9675,0.083
RGI60-05.01735,22871,70.2433,-51.0894,0.101
RGI60-05.01736,200674,70.0575,-53.9748,8.524
RGI60-05.01737,200675,70.0585,-54.0204,1.228
RGI60-05.01738,200676,70.0474,-54.0385,2.134
RGI60-05.01739,200677,70.0475,-54.0028,0.351
RGI60-05.01740,200678,70.0433,-53.9961,0.343
RGI60-05.01741,22872,70.182,-51.9479,0.528
RGI60-05.01742,22873,70.1895,-51.9356,1.454
RGI60-05.01743,22874,70.2156,-51.4352,0.054
RGI60-05.01744,22875,70.1265,-53.3491,2.316
RGI60-05.01745,22876,70.2207,-51.0733,4.259
RGI60-05.01746,22877,70.1217,-53.5902,1.053
RGI60-05.01747,22878,70.2498,-50.7071,0.058
RGI60-05.01748,200679,70.0953,-54.1378,0.392
RGI60-05.01749,22879,70.1118,-53.8922,0.11
RGI60-05.01750,22880,70.2414,-50.9779,0.133
RGI60-05.01751,200680,70.235,-50.9434,2.088
RGI60-05.01752,200681,70.1044,-54.0684,0.118
RGI60-05.01753,22881,70.2291,-51.3655,0.17
RGI60-05.01754,22882,70.1054,-53.9612,1.214
RGI60-05.01755,200682,70.0799,-54.3112,5.65
RGI60-05.01756,200683,70.1074,-53.9913,2.051
RGI60-05.01757,22883,70.2042,-51.9693,2.305
RGI60-05.01758,22884,70.1997,-52.0745,0.556
RGI60-05.01759,200684,70.1912,-51.973,0.33
RGI60-05.01760,22885,70.2015,-51.9451,0.453
RGI60-05.01761,22886,70.1965,-52.0211,5.066
RGI60-05.01762,200685,70.1092,-54.0423,0.658
RGI60-05.01763,200686,70.1014,-54.2277,0.685
RGI60-05.01764,22887,70.2503,-51.0829,0.249
RGI60-05.01765,22888,70.3006,-50.4774,0.067
RGI60-05.01766,200687,70.0919,-54.2467,3.253
RGI60-05.01767,22889,70.2708,-50.4263,0.059
RGI60-05.01768,22890,70.1982,-52.3328,0.06
RGI60-05.01769,22891,70.2566,-50.8618,0.137
RGI60-05.01770,22892,70.2151,-51.9759,0.151
RGI60-05.01771,22893,70.2555,-50.8837,0.209
RGI60-05.01772,22894,70.2633,-50.7221,0.053
RGI60-05.01773,200688,70.1032,-54.0953,3.872
RGI60-05.01774,22895,70.1383,-53.701,0.088
RGI60-05.01775,22896,70.1224,-53.964,0.572
RGI60-05.01776,22897,70.279,-50.4797,0.114
RGI60-05.01777,22898,70.2605,-50.7738,0.122
RGI60-05.01778,200689,70.1191,-54.1283,0.395
RGI60-05.01779,22899,70.2652,-50.8685,0.892
RGI60-05.01780,22900,70.2541,-50.8203,4.071
RGI60-05.01781,200690,70.0912,-54.426,3.883
RGI60-05.01782,200691,70.0906,-54.3852,2.452
RGI60-05.01783,22901,70.2487,-51.5013,0.295
RGI60-05.01784,200692,70.0974,-54.4721,1.284
RGI60-05.01785,200693,70.0959,-54.3612,0.277
RGI60-05.01786,200694,70.0726,-54.3771,0.694
RGI60-05.01787,22902,70.2827,-50.4466,0.071
RGI60-05.01788,22903,70.1329,-53.9873,0.47
RGI60-05.01789,22904,70.264,-51.1345,0.125
RGI60-05.01790,22905,70.264,-51.1641,0.358
RGI60-05.01791,22906,70.2584,-51.3352,0.087
RGI60-05.01792,22907,70.2911,-50.4458,0.07
RGI60-05.01793,22908,70.1513,-53.711,0.17
RGI60-05.01794,22909,70.2757,-50.9446,0.078
RGI60-05.01795,200695,70.1305,-54.1517,0.428
RGI60-05.01796,22910,70.2941,-50.4745,0.059
RGI60-05.01797,22911,70.2834,-50.7922,0.056
RGI60-05.01798,200696,70.1174,-54.4304,0.234
RGI60-05.01799,22912,70.1594,-53.7197,0.198
RGI60-05.01800,200697,70.1727,-53.4325,0.372
RGI60-05.01801,22913,70.2881,-50.7584,0.063
RGI60-05.01802,22914,70.287,-50.7721,0.218
RGI60-05.01803,22915,70.2387,-52.0997,0.092
RGI60-05.01804,22916,70.2871,-50.8154,0.185
RGI60-05.01805,22917,70.2475,-51.8872,0.05
RGI60-05.01806,22918,70.1714,-53.5453,0.097
RGI60-05.01807,22919,70.3047,-50.4162,0.139
RGI60-05.01808,22920,70.236,-52.0614,3.649
RGI60-05.01809,200698,70.1764,-53.4631,1.823
RGI60-05.01810,22921,70.2904,-50.8822,0.268
RGI60-05.01811,200699,70.1464,-54.1443,1.82
RGI60-05.01812,22922,70.1688,-53.6942,0.802
RGI60-05.01813,200700,70.1675,-53.6752,0.33
RGI60-05.01814,22923,70.312,-50.4527,0.089
RGI60-05.01815,22924,70.2492,-52.0795,0.316
RGI60-05.01816,22925,70.3094,-50.3906,0.154
RGI60-05.01817,200701,70.1536,-54.0964,0.299
RGI60-05.01818,22926,70.2879,-51.2015,0.134
RGI60-05.01819,200702,70.1559,-54.1164,0.061
RGI60-05.01820,22927,70.3131,-50.4721,0.068
RGI60-05.01821,22928,70.1625,-53.5177,4.484
RGI60-05.01822,200703,70.1635,-53.4956,0.108
RGI60-05.01823,8226,70.1353,-53.5484,8.279
RGI60-05.01824,200704,70.1503,-53.6398,0.092
RGI60-05.01825,200705,70.1564,-54.1491,0.671
RGI60-05.01826,22929,70.3207,-50.4456,0.057
RGI60-05.01827,22930,70.2903,-50.9435,0.583
RGI60-05.01828,8222,70.1529,-53.6144,10.924
RGI60-05.01829,22931,70.3089,-50.8399,0.081
RGI60-05.01830,22932,70.3088,-50.8576,0.065
RGI60-05.01831,22933,70.1364,-53.4147,6.876
RGI60-05.01832,22934,70.285,-50.9156,1.707
RGI60-05.01833,22935,70.1544,-53.4404,6.856
RGI60-05.01834,200706,70.283,-51.1411,3.645
RGI60-05.01835,22936,70.2992,-51.1293,0.659
RGI60-05.01836,8260,70.2489,-52.41,0.374
RGI60-05.01837,200707,70.2756,-51.4172,1.057
RGI60-05.01838,200708,70.2623,-51.3968,2.392
RGI60-05.01839,200709,70.186,-51.1875,1.58
RGI60-05.01840,22937,70.2529,-51.3447,3.582
RGI60-05.01841,200710,70.2523,-51.387,1.811
RGI60-05.01842,22938,70.2474,-51.3102,1.839
RGI60-05.01843,200711,70.2504,-51.4278,2.379
RGI60-05.01844,22939,70.2578,-51.4869,0.109
RGI60-05.01845,200712,70.2402,-51.2841,2.26
RGI60-05.01846,22940,70.2275,-51.2327,8.662
RGI60-05.01847,200713,70.2392,-51.37,2.279
RGI60-05.01848,22941,70.2108,-51.1774,2.899
RGI60-05.01849,200714,70.2067,-51.2625,13.702
RGI60-05.01850,200715,70.1958,-51.1814,2.311
RGI60-05.01851,22942,70.1839,-51.2177,0.465
RGI60-05.01852,22943,70.2214,-51.359,8.779
RGI60-05.01853,200716,70.2825,-51.4561,0.99
RGI60-05.01854,200717,70.1673,-54.1718,0.458
RGI60-05.01855,22944,70.3091,-51.2067,0.171
RGI60-05.01856,22945,70.267,-51.4803,6.464
RGI60-05.01857,22946,70.3122,-50.8468,0.05
RGI60-05.01858,200718,70.1666,-54.1448,0.142
RGI60-05.01859,22947,70.3074,-50.9142,0.246
RGI60-05.01860,22948,70.3131,-50.8756,0.24
RGI60-05.01861,22949,70.3129,-50.9265,0.182
RGI60-05.01862,22950,70.3063,-51.2463,0.305
RGI60-05.01863,22951,70.2623,-52.3593,0.725
RGI60-05.01864,200719,70.1753,-54.1484,0.389
RGI60-05.01865,22952,70.2575,-52.5322,0.107
RGI60-05.01866,200720,70.1799,-54.1146,0.085
RGI60-05.01867,22953,70.2985,-51.5712,0.108
RGI60-05.01868,22954,70.3112,-51.229,0.263
RGI60-05.01869,22955,70.2675,-52.3817,0.184
RGI60-05.01870,22956,70.2623,-52.5114,0.36
RGI60-05.01871,22957,70.282,-52.1197,0.11
RGI60-05.01872,200721,70.151,-54.3569,3.046
RGI60-05.01873,200722,70.1016,-54.1633,0.49
RGI60-05.01874,22958,70.3167,-51.2486,0.058
RGI60-05.01875,200723,70.1292,-54.2628,7.064
RGI60-05.01876,22959,70.331,-50.9465,0.234
RGI60-05.01877,22960,70.3304,-50.9897,0.057
RGI60-05.01878,200724,70.2181,-53.6166,0.228
RGI60-05.01879,200725,70.1195,-54.1825,7.428
RGI60-05.01880,200726,70.1342,-54.3097,0.446
RGI60-05.01881,200727,70.1209,-54.1469,0.313
RGI60-05.01882,200728,70.1114,-54.2095,0.312
RGI60-05.01883,200729,70.1077,-54.2139,0.11
RGI60-05.01884,22961,70.2691,-52.1257,4.674
RGI60-05.01885,22962,70.3207,-50.9122,1.246
RGI60-05.01886,22963,70.321,-50.8723,0.611
RGI60-05.01887,22964,70.3392,-50.8935,0.134
RGI60-05.01888,200730,70.1873,-54.1143,0.949
RGI60-05.01889,200731,70.1844,-54.11,0.195
RGI60-05.01890,22965,70.3244,-51.3505,0.062
RGI60-05.01891,22966,70.338,-50.9438,0.335
RGI60-05.01892,22967,70.3345,-50.9689,0.257
RGI60-05.01893,200732,70.3059,-51.5538,3.493
RGI60-05.01894,22968,70.3391,-50.9887,0.456
RGI60-05.01895,200733,70.3004,-52.0198,0.139
RGI60-05.01896,200734,70.2031,-54.1204,0.49
RGI60-05.01897,8216,70.2121,-53.6942,1.722
RGI60-05.01898,22969,70.3298,-51.413,0.062
RGI60-05.01899,22970,70.329,-51.4599,0.136
RGI60-05.01900,200735,70.3395,-51.2175,0.199
RGI60-05.01901,200736,70.2022,-54.2048,0.27
RGI60-05.01902,200737,70.3539,-51.8294,0.104
RGI60-05.01903,22971,70.2041,-53.6405,3.926
RGI60-05.01904,22972,70.1865,-53.5943,4.475
RGI60-05.01905,22973,70.3261,-51.3853,0.323
RGI60-05.01906,22974,70.3686,-50.2172,0.307
RGI60-05.01907,200738,70.1979,-54.1901,0.143
RGI60-05.01908,22975,70.2478,-52.5098,5.19
RGI60-05.01909,22976,70.2477,-52.3669,0.292
RGI60-05.01910,200739,70.239,-52.3696,1.064
RGI60-05.01911,22977,70.2305,-52.3695,0.416
RGI60-05.01912,22978,70.2145,-52.4331,2.951
RGI60-05.01913,200740,70.2474,-52.56,1.26
RGI60-05.01914,200741,70.3542,-50.96,0.157
RGI60-05.01915,22979,70.2928,-52.5143,0.086
RGI60-05.01916,22980,70.2693,-52.562,6.456
RGI60-05.01917,200742,70.2105,-54.1125,0.917
RGI60-05.01918,22981,70.3532,-50.9897,0.177
RGI60-05.01919,200743,70.3009,-52.0071,0.194
RGI60-05.01920,22982,70.239,-52.4333,7.501
RGI60-05.01921,22983,70.2554,-52.3926,1.827
RGI60-05.01922,200744,70.2793,-52.6938,0.362
RGI60-05.01923,22984,70.3541,-50.9738,0.056
RGI60-05.01924,200745,70.3159,-51.9711,0.216
RGI60-05.01925,200746,70.3101,-51.954,0.24
RGI60-05.01926,200747,70.3013,-51.98,2.376
RGI60-05.01927,200748,70.3056,-51.9412,0.842
RGI60-05.01928,200749,70.2978,-51.9125,0.134
RGI60-05.01929,200750,70.2993,-51.9285,0.408
RGI60-05.01930,200751,70.2843,-51.902,3.65
RGI60-05.01931,200752,70.2786,-51.8595,1.87
RGI60-05.01932,200753,70.2894,-51.9501,2.464
RGI60-05.01933,22985,70.2898,-51.9953,1.854
RGI60-05.01934,200754,70.3624,-52.7134,0.122
RGI60-05.01935,200755,70.2722,-51.8324,2.223
RGI60-05.01936,200756,70.2682,-51.8026,1.627
RGI60-05.01937,200757,70.2719,-51.7754,0.129
RGI60-05.01938,200758,70.2747,-51.9255,1.949
RGI60-05.01939,22986,70.2653,-51.7757,0.297
RGI60-05.01940,200759,70.2509,-51.7745,4.986
RGI60-05.01941,200760,70.2459,-51.7323,0.894
RGI60-05.01942,200761,70.2664,-51.9002,0.936
RGI60-05.01943,200762,70.2415,-51.7202,1.418
RGI60-05.01944,200763,70.2522,-51.8377,1.786
RGI60-05.01945,22987,70.2483,-51.9036,0.32
RGI60-05.01946,200764,70.2219,-51.6725,1.777
RGI60-05.01947,22988,70.2303,-51.7702,3.132
RGI60-05.01948,22989,70.1889,-51.6158,0.431
RGI60-05.01949,22990,70.2162,-51.6551,0.76
RGI60-05.01950,22991,70.2011,-51.6647,5.115
RGI60-05.01951,200765,70.1926,-51.6021,0.112
RGI60-05.01952,22992,70.1869,-51.5938,0.269
RGI60-05.01953,22993,70.1917,-51.6294,0.45
RGI60-05.01954,200766,70.2333,-51.6931,3.091
RGI60-05.01955,200767,70.257,-51.8715,3.424
RGI60-05.01956,200768,70.2402,-51.8094,3.459
RGI60-05.01957,22994,70.2033,-51.7605,0.513
RGI60-05.01958,200769,70.3137,-52.8029,0.292
RGI60-05.01959,22995,70.1943,-51.7073,2.5
RGI60-05.01960,22996,70.2147,-51.7425,7.381
RGI60-05.01961,22997,70.3534,-51.2282,0.06
RGI60-05.01962,22998,70.3401,-51.662,0.205
RGI60-05.01963,22999,70.3443,-51.6373,0.059
RGI60-05.01964,23000,70.378,-51.3061,0.056
RGI60-05.01965,200770,70.2019,-54.2312,4.534
RGI60-05.01966,200771,70.2032,-54.295,0.578
RGI60-05.01967,200772,70.1968,-54.2573,0.893
RGI60-05.01968,200773,70.3681,-51.2721,0.475
RGI60-05.01969,200774,70.1838,-54.1788,1.828
RGI60-05.01970,200775,70.1808,-54.233,0.85
RGI60-05.01971,200776,70.1787,-54.2032,0.123
RGI60-05.01972,200777,70.221,-54.2836,0.907
RGI60-05.01973,200778,70.24,-54.0789,0.065
RGI60-05.01974,23001,70.3079,-52.7934,0.072
RGI60-05.01975,200779,70.2494,-54.0947,0.359
RGI60-05.01976,23002,70.3757,-51.4354,0.085
RGI60-05.01977,200780,70.386,-51.3188,0.43
RGI60-05.01978,200781,70.3236,-52.7965,0.45
RGI60-05.01979,23003,70.342,-52.4369,1.731
RGI60-05.01980,200782,70.2616,-54.1065,1.514
RGI60-05.01981,23004,70.3948,-51.4077,0.104
RGI60-05.01982,23005,70.3493,-52.5213,0.068
RGI60-05.01983,23006,70.3964,-51.4956,0.083
RGI60-05.01984,23007,70.3591,-52.4318,0.316
RGI60-05.01985,23008,70.3523,-52.5818,0.669
RGI60-05.01986,23009,70.362,-52.6885,0.484
RGI60-05.01987,8256,70.3186,-52.6046,24.37
RGI60-05.01988,200783,70.2449,-54.1481,13.129
RGI60-05.01989,200784,70.2251,-54.0556,1.711
RGI60-05.01990,200785,70.2234,-54.1679,1.8
RGI60-05.01991,200786,70.2063,-54.1809,4.19
RGI60-05.01992,200787,70.2157,-54.18,1.132
RGI60-05.01993,200788,70.214,-54.1552,1.263
RGI60-05.01994,23010,70.314,-52.7156,1.365
RGI60-05.01995,23011,70.2976,-52.5369,1.292
RGI60-05.01996,200789,70.2909,-52.7131,0.869
RGI60-05.01997,23012,70.2901,-52.5548,1.123
RGI60-05.01998,23013,70.3317,-52.6808,5.944
RGI60-05.01999,23014,70.3032,-52.7352,2.543
RGI60-05.02000,200790,70.2897,-52.5969,1.805
RGI60-05.02001,200791,71.1169,-52.1815,0.058
RGI60-05.02002,23015,70.7306,-51.3011,0.052
RGI60-05.02003,23016,70.7129,-51.7837,0.065
RGI60-05.02004,23017,70.7393,-51.383,0.085
RGI60-05.02005,23018,70.7428,-51.2903,0.055
RGI60-05.02006,23019,70.2897,-52.6539,0.234
RGI60-05.02007,200792,70.3727,-52.6022,0.226
RGI60-05.02008,200793,70.3642,-53.1393,0.051
RGI60-05.02009,200794,71.1551,-51.3179,0.064
RGI60-05.02010,23020,71.1041,-53.7295,0.062
RGI60-05.02011,200795,70.4376,-51.6208,0.078
RGI60-05.02012,200796,70.2913,-52.6944,0.858
RGI60-05.02013,23021,70.3719,-52.5641,2.842
RGI60-05.02014,23022,70.3586,-52.5102,4.013
RGI60-05.02015,23023,70.3684,-52.518,1.496
RGI60-05.02016,23024,70.3626,-52.6077,2.297
RGI60-05.02017,200797,70.35,-52.4992,2.349
RGI60-05.02018,23025,70.3627,-52.5679,0.485
RGI60-05.02019,23026,70.3602,-52.5505,0.125
RGI60-05.02020,200798,70.347,-52.4635,0.165
RGI60-05.02021,23027,70.3692,-52.6469,2.314
RGI60-05.02022,200799,70.4234,-51.602,0.264
RGI60-05.02023,200800,70.3765,-52.7659,1.035
RGI60-05.02024,23028,70.3799,-52.7914,0.588
RGI60-05.02025,23029,70.3711,-53.0901,0.553
RGI60-05.02026,23030,70.3789,-52.8549,0.667
RGI60-05.02027,23031,70.3657,-53.1691,0.711
RGI60-05.02028,23032,70.3781,-52.8903,1.255
RGI60-05.02029,23033,70.4356,-51.6456,0.896
RGI60-05.02030,23034,70.428,-51.6282,1.176
RGI60-05.02031,23035,70.3811,-52.8238,1.179
RGI60-05.02032,200801,70.4475,-51.6471,0.088
RGI60-05.02033,23036,70.366,-53.1102,1.958
RGI60-05.02034,23037,70.352,-53.0042,0.269
RGI60-05.02035,23038,70.3683,-53.0404,6.808
RGI60-05.02036,23039,70.44,-51.7585,0.64
RGI60-05.02037,200802,70.3844,-52.9429,1.524
RGI60-05.02038,23040,70.3879,-53.1003,0.082
RGI60-05.02039,23041,70.4494,-51.7157,0.059
RGI60-05.02040,23042,70.4476,-51.7638,0.051
RGI60-05.02041,200803,70.4383,-51.8373,0.754
RGI60-05.02042,23043,70.4094,-53.5279,0.073
RGI60-05.02043,200804,70.3974,-52.9307,0.247
RGI60-05.02044,23044,70.3843,-53.0566,1.241
RGI60-05.02045,23045,70.3993,-52.917,0.369
RGI60-05.02046,23046,70.3801,-53.3445,0.199
RGI60-05.02047,23047,70.3792,-53.2088,0.093
RGI60-05.02048,23048,70.373,-53.2214,0.158
RGI60-05.02049,200805,70.5214,-52.0485,0.074
RGI60-05.02050,23049,70.3774,-53.2611,3.419
RGI60-05.02051,23050,70.3941,-53.1966,0.144
RGI60-05.02052,23051,70.3946,-53.2765,0.134
RGI60-05.02053,23052,70.3861,-53.3109,1.157
RGI60-05.02054,23053,70.3931,-53.2924,0.633
RGI60-05.02055,200806,70.4628,-51.8356,0.388
RGI60-05.02056,23054,70.3941,-53.3767,0.464
RGI60-05.02057,23055,70.3942,-53.5564,0.204
RGI60-05.02058,23056,70.4615,-52.0865,0.131
RGI60-05.02059,23057,70.4638,-52.0644,0.524
RGI60-05.02060,23058,70.4668,-52.2608,0.084
RGI60-05.02061,23059,70.4029,-53.5923,0.856
RGI60-05.02062,23060,70.4125,-53.5672,0.077
RGI60-05.02063,23061,70.4725,-52.2994,0.126
RGI60-05.02064,23062,70.4783,-52.4222,0.09
RGI60-05.02065,23063,70.4911,-52.662,0.325
RGI60-05.02066,23064,70.4901,-52.6028,1.537
RGI60-05.02067,23065,70.5118,-52.2991,0.071
RGI60-05.02068,23066,70.4927,-52.6421,0.663
RGI60-05.02069,23067,70.4978,-52.6799,0.072
RGI60-05.02070,23068,70.5275,-52.0227,0.253
RGI60-05.02071,200807,70.514,-52.6132,0.061
RGI60-05.02072,23069,70.5238,-52.7998,0.057
RGI60-05.02073,23070,70.5045,-53.3813,0.219
RGI60-05.02074,23071,70.5644,-52.1237,0.177
RGI60-05.02075,23072,70.5039,-53.4755,0.062
RGI60-05.02076,23073,71.1089,-53.6936,0.075
RGI60-05.02077,23074,70.5059,-53.3214,0.919
RGI60-05.02078,23075,70.5047,-53.2914,0.898
RGI60-05.02079,23076,70.5012,-53.2656,0.295
RGI60-05.02080,200808,70.5046,-53.3506,0.216
RGI60-05.02081,23077,70.5059,-53.6184,0.07
RGI60-05.02082,23078,70.5069,-53.5889,0.153
RGI60-05.02083,200809,71.2132,-52.9537,0.066
RGI60-05.02084,23079,70.5041,-53.6387,0.381
RGI60-05.02085,23080,70.5661,-52.3946,0.303
RGI60-05.02086,200810,70.5727,-52.2752,0.222
RGI60-05.02087,23081,70.5192,-53.3425,1.336
RGI60-05.02088,23082,70.5221,-53.395,0.625
RGI60-05.02089,200811,71.1308,-51.9649,0.281
RGI60-05.02090,23083,70.5206,-53.3745,0.365
RGI60-05.02091,23084,70.5179,-53.6189,0.052
RGI60-05.02092,23085,70.5669,-52.6505,0.173
RGI60-05.02093,23086,70.5439,-53.213,0.073
RGI60-05.02094,23087,70.5185,-53.6077,1.078
RGI60-05.02095,23088,70.5815,-52.491,0.152
RGI60-05.02096,23089,70.5384,-53.5779,0.65
RGI60-05.02097,200812,71.2462,-52.2211,0.064
RGI60-05.02098,23090,70.5315,-53.5735,0.403
RGI60-05.02099,23091,70.5246,-53.5815,0.316
RGI60-05.02100,23092,70.571,-52.9529,0.121
RGI60-05.02101,23093,70.5556,-53.1478,0.777
RGI60-05.02102,23094,70.5912,-52.5727,0.061
RGI60-05.02103,23095,70.5497,-52.4561,1.361
RGI60-05.02104,23096,71.169,-52.4388,0.153
RGI60-05.02105,23097,70.5874,-52.4451,2.575
RGI60-05.02106,23098,70.5341,-53.8255,0.078
RGI60-05.02107,23099,70.5479,-52.4955,26.669
RGI60-05.02108,8263,70.489,-52.2958,42.021
RGI60-05.02109,23100,70.5655,-52.2123,3.324
RGI60-05.02110,200813,70.5169,-52.1225,2.296
RGI60-05.02111,23101,70.6626,-53.3818,0.168
RGI60-05.02112,200814,70.522,-52.1887,25.11
RGI60-05.02113,23102,70.5053,-52.4447,0.109
RGI60-05.02114,23103,70.5365,-52.7192,5.888
RGI60-05.02115,23104,70.5534,-52.7116,1.795
RGI60-05.02116,200815,70.3715,-51.9594,0.629
RGI60-05.02117,8264,70.4839,-52.145,13.828
RGI60-05.02118,200816,70.4795,-52.3123,0.609
RGI60-05.02119,200817,70.5046,-52.0054,3.943
RGI60-05.02120,23105,70.5323,-52.5992,0.501
RGI60-05.02121,23106,70.5107,-52.5868,16.348
RGI60-05.02122,200818,70.527,-52.5081,1.058
RGI60-05.02123,200819,70.4471,-52.0517,46.287
RGI60-05.02124,23107,70.5061,-52.7005,0.84
RGI60-05.02125,23108,70.5054,-52.6782,0.187
RGI60-05.02126,23109,70.4863,-52.4633,6.549
RGI60-05.02127,23110,70.4759,-52.4547,0.295
RGI60-05.02128,200820,70.3611,-52.0582,0.489
RGI60-05.02129,200821,70.439,-51.9001,19.565
RGI60-05.02130,200822,70.5008,-52.1406,1.318
RGI60-05.02131,200823,70.495,-52.4425,0.327
RGI60-05.02132,23111,70.4472,-52.246,46.64
RGI60-05.02133,23112,70.4756,-52.3647,0.789
RGI60-05.02134,23113,70.4726,-52.4969,0.331
RGI60-05.02135,23114,70.482,-52.3884,1.257
RGI60-05.02136,200824,70.4673,-52.2825,2.109
RGI60-05.02137,23115,70.4252,-51.7211,1.628
RGI60-05.02138,200825,70.4086,-51.7887,19.945
RGI60-05.02139,23116,70.438,-51.73,1.474
RGI60-05.02140,23117,70.4277,-51.7456,0.113
RGI60-05.02141,23118,70.4098,-51.7103,7.257
RGI60-05.02142,200826,70.4445,-52.415,0.194
RGI60-05.02143,23119,70.442,-52.3966,0.089
RGI60-05.02144,200827,70.4346,-52.3692,0.688
RGI60-05.02145,200828,70.4214,-52.3181,1.188
RGI60-05.02146,23120,70.5326,-53.9846,0.077
RGI60-05.02147,23121,70.3997,-51.6109,13.729
RGI60-05.02148,200829,70.3889,-51.5373,6.65
RGI60-05.02149,23122,70.3866,-51.4653,6.584
RGI60-05.02150,23123,70.3941,-51.9699,21.73
RGI60-05.02151,200830,70.4129,-52.2835,0.433
RGI60-05.02152,200831,70.4089,-52.2648,1.248
RGI60-05.02153,200832,70.4101,-52.2344,0.984
RGI60-05.02154,200833,70.3748,-52.0605,11.974
RGI60-05.02155,200834,70.392,-52.1556,4.429
RGI60-05.02156,200835,70.4008,-52.2141,1.723
RGI60-05.02157,23124,70.4033,-51.4944,0.432
RGI60-05.02158,200836,71.2063,-51.9269,0.121
RGI60-05.02159,23125,70.3605,-51.3926,16.248
RGI60-05.02160,200837,70.4027,-51.473,0.144
RGI60-05.02161,200838,70.3709,-52.0403,2.329
RGI60-05.02162,23126,70.7245,-53.1323,0.139
RGI60-05.02163,200839,70.3778,-51.8006,13.803
RGI60-05.02164,200840,70.3955,-52.1958,0.307
RGI60-05.02165,200841,70.4006,-51.4777,0.058
RGI60-05.02166,23127,70.3786,-51.346,0.635
RGI60-05.02167,23128,70.5721,-53.6649,0.358
RGI60-05.02168,200842,70.3784,-51.8773,4.772
RGI60-05.02169,200843,70.3865,-52.143,0.353
RGI60-05.02170,23129,70.3545,-51.2891,8.085
RGI60-05.02171,200844,70.3693,-51.6709,13.752
RGI60-05.02172,23130,70.3739,-52.161,1.942
RGI60-05.02173,23131,70.3794,-51.411,0.062
RGI60-05.02174,23132,70.5882,-53.4218,0.189
RGI60-05.02175,200845,70.3742,-51.9304,1.915
RGI60-05.02176,23133,70.3734,-52.1348,0.346
RGI60-05.02177,200846,70.3787,-51.589,0.535
RGI60-05.02178,200847,70.364,-51.5941,5.298
RGI60-05.02179,200848,70.3714,-51.8592,1.166
RGI60-05.02180,23134,70.3652,-51.5175,5.761
RGI60-05.02181,23135,70.3639,-52.1366,0.582
RGI60-05.02182,23136,70.3564,-51.7201,2.288
RGI60-05.02183,200849,70.3624,-51.7706,0.753
RGI60-05.02184,23137,70.3534,-51.7938,2.627
RGI60-05.02185,200850,70.3449,-51.8101,1.996
RGI60-05.02186,200851,70.3538,-51.6002,0.497
RGI60-05.02187,200852,70.3492,-51.6302,0.751
RGI60-05.02188,23138,70.3431,-51.4026,1.49
RGI60-05.02189,23139,71.1889,-52.4381,0.088
RGI60-05.02190,23140,70.3332,-51.3461,4.809
RGI60-05.02191,23141,70.3386,-51.7308,0.677
RGI60-05.02192,23142,70.3339,-51.3003,4.616
RGI60-05.02193,23143,70.5799,-53.6253,0.064
RGI60-05.02194,23144,70.3304,-51.2433,1.52
RGI60-05.02195,200853,70.5374,-52.8058,1.066
RGI60-05.02196,23145,70.518,-52.7067,1.906
RGI60-05.02197,200854,70.5644,-52.2478,2.579
RGI60-05.02198,23146,70.56,-53.2026,0.89
RGI60-05.02199,23147,70.5516,-53.2241,0.568
RGI60-05.02200,23148,70.5609,-53.2318,1.861
RGI60-05.02201,23149,70.5582,-53.176,0.743
RGI60-05.02202,23150,70.5797,-52.9771,0.25
RGI60-05.02203,23151,70.5681,-53.2816,3.336
RGI60-05.02204,200855,70.5528,-53.2715,0.053
RGI60-05.02205,23152,70.5671,-53.3179,0.082
RGI60-05.02206,23153,70.5476,-53.8666,0.071
RGI60-05.02207,23154,70.5908,-52.9958,0.472
RGI60-05.02208,23155,70.5586,-53.4972,7.442
RGI60-05.02209,23156,70.5575,-53.4387,0.847
RGI60-05.02210,23157,70.553,-53.4569,0.147
RGI60-05.02211,23158,71.0915,-53.6253,0.136
RGI60-05.02212,23159,70.545,-53.5533,1.235
RGI60-05.02213,8231,70.5323,-53.4542,7.972
RGI60-05.02214,200856,71.2115,-51.9232,0.068
RGI60-05.02215,23160,70.5283,-53.525,2.292
RGI60-05.02216,23161,70.5829,-53.2973,2.674
RGI60-05.02217,23162,70.6008,-52.996,1.247
RGI60-05.02218,200857,70.6999,-50.6094,0.07
RGI60-05.02219,200858,71.1962,-52.4911,0.06
RGI60-05.02220,23163,70.5587,-53.786,2.532
RGI60-05.02221,23164,70.5459,-53.8055,2.946
RGI60-05.02222,23165,70.5846,-53.5807,0.313
RGI60-05.02223,200859,70.6211,-52.8819,0.077
RGI60-05.02224,23166,71.206,-52.26,0.107
RGI60-05.02225,23167,70.5727,-53.7794,1.711
RGI60-05.02226,23168,70.5962,-53.3719,0.176
RGI60-05.02227,23169,70.6059,-53.2137,0.457
RGI60-05.02228,23170,70.6371,-52.6602,0.08
RGI60-05.02229,200860,70.6422,-52.6143,0.109
RGI60-05.02230,23171,70.5868,-53.8178,0.114
RGI60-05.02231,23172,70.6141,-53.2404,0.51
RGI60-05.02232,23173,70.6502,-52.627,0.502
RGI60-05.02233,23174,70.596,-53.806,0.095
RGI60-05.02234,23175,70.5988,-53.8214,0.1
RGI60-05.02235,23176,70.6956,-51.7461,0.159
RGI60-05.02236,23177,70.7248,-50.996,0.056
RGI60-05.02237,23178,70.6931,-51.8547,0.082
RGI60-05.02238,23179,70.6509,-52.6777,1.288
RGI60-05.02239,23180,70.9348,-51.3981,0.157
RGI60-05.02240,23181,70.645,-52.65,0.259
RGI60-05.02241,23182,70.6437,-52.6636,0.417
RGI60-05.02242,23183,70.684,-51.7977,5.711
RGI60-05.02243,23184,70.7012,-51.8433,0.829
RGI60-05.02244,23185,70.7369,-50.4768,1.441
RGI60-05.02245,23186,70.7297,-50.9698,0.152
RGI60-05.02246,23187,70.7297,-51.0089,0.287
RGI60-05.02247,23188,70.65,-53.0316,0.076
RGI60-05.02248,23189,70.7102,-51.7273,0.125
RGI60-05.02249,23190,70.7085,-51.861,0.058
RGI60-05.02250,23191,70.6724,-52.7264,0.353
RGI60-05.02251,23192,70.7314,-51.3994,0.059
RGI60-05.02252,23193,70.7335,-51.3853,0.061
RGI60-05.02253,23194,70.7164,-51.846,0.18
RGI60-05.02254,200861,70.7207,-51.7829,0.073
RGI60-05.02255,23195,70.739,-51.2753,0.238
RGI60-05.02256,23196,70.7378,-51.3169,0.251
RGI60-05.02257,23197,70.6785,-52.8569,0.06
RGI60-05.02258,200862,71.2256,-51.7681,0.095
RGI60-05.02259,23198,70.7402,-51.4047,0.271
RGI60-05.02260,23199,70.6336,-53.4784,2.444
RGI60-05.02261,200863,70.643,-53.4893,1.357
RGI60-05.02262,200864,70.6361,-53.5144,0.291
RGI60-05.02263,23200,70.6714,-53.1397,0.084
RGI60-05.02264,23201,70.7449,-51.4174,0.11
RGI60-05.02265,23202,70.6513,-53.5163,1.495
RGI60-05.02266,23203,70.6438,-53.8589,0.081
RGI60-05.02267,23204,70.6768,-53.3716,0.158
RGI60-05.02268,23205,70.663,-53.7708,0.192
RGI60-05.02269,23206,70.645,-53.7285,0.124
RGI60-05.02270,23207,70.657,-53.7408,2.012
RGI60-05.02271,23208,70.942,-51.2202,0.141
RGI60-05.02272,23209,70.6388,-53.7306,0.324
RGI60-05.02273,200865,70.7038,-53.3085,0.54
RGI60-05.02274,23210,70.7267,-53.054,0.05
RGI60-05.02275,23211,70.7016,-53.1982,3.77
RGI60-05.02276,23212,70.6796,-53.0422,1.701
RGI60-05.02277,23213,70.6987,-53.2683,3.458
RGI60-05.02278,23214,70.6677,-53.2078,13.129
RGI60-05.02279,23215,70.603,-52.7027,41.418
RGI60-05.02280,23216,70.6643,-53.318,12.894
RGI60-05.02281,23217,70.6194,-53.4085,13.732
RGI60-05.02282,23218,70.944,-51.2471,0.125
RGI60-05.02283,200866,71.2821,-52.5166,0.127
RGI60-05.02284,23219,70.6153,-53.6588,4.805
RGI60-05.02285,200867,70.6227,-53.7078,0.119
RGI60-05.02286,23220,70.6363,-53.6312,2.838
RGI60-05.02287,23221,70.9106,-52.0984,0.216
RGI60-05.02288,23222,70.6211,-53.5549,8.691
RGI60-05.02289,23223,70.6798,-53.2772,0.177
RGI60-05.02290,23224,70.948,-51.2008,0.138
RGI60-05.02291,23225,70.6267,-53.7622,6.568
RGI60-05.02292,23226,70.6522,-53.2306,0.746
RGI60-05.02293,23227,70.6257,-53.8086,1.461
RGI60-05.02294,23228,70.6355,-53.2756,6.595
RGI60-05.02295,23229,70.6397,-53.2119,0.539
RGI60-05.02296,23230,70.6569,-52.7126,0.887
RGI60-05.02297,23231,70.5959,-53.3199,9.134
RGI60-05.02298,23232,70.5818,-53.3516,0.416
RGI60-05.02299,23233,70.6006,-52.9317,18.425
RGI60-05.02300,200868,71.2887,-52.4548,0.059
RGI60-05.02301,23234,70.5985,-53.7693,5.938
RGI60-05.02302,23235,70.5974,-53.4033,3.691
RGI60-05.02303,23236,70.5941,-53.6161,9.913
RGI60-05.02304,23237,70.6097,-53.3941,0.082
RGI60-05.02305,23238,70.8881,-51.9975,2.143
RGI60-05.02306,23239,70.5879,-53.4543,11.217
RGI60-05.02307,23240,70.7127,-53.3525,0.135
RGI60-05.02308,23241,70.7263,-53.0738,1.757
RGI60-05.02309,23242,70.7182,-53.0281,4.338
RGI60-05.02310,23243,70.7165,-52.9614,1.407
RGI60-05.02311,23244,70.8956,-52.1173,0.051
RGI60-05.02312,23245,70.6947,-52.9144,4.632
RGI60-05.02313,23246,70.7214,-53.1541,0.662
RGI60-05.02314,23247,70.6875,-52.8812,4.143
RGI60-05.02315,23248,70.6648,-52.8568,10.95
RGI60-05.02316,200869,70.9103,-51.7742,0.067
RGI60-05.02317,200870,71.3088,-51.9664,0.155
RGI60-05.02318,23249,70.6488,-52.7843,11.796
RGI60-05.02319,23250,70.68,-53.1204,32.963
RGI60-05.02320,23251,70.6835,-52.9393,1.053
RGI60-05.02321,23252,70.8976,-52.0997,0.284
RGI60-05.02322,23253,70.6267,-52.9927,5.053
RGI60-05.02323,23254,70.5949,-52.8289,2.413
RGI60-05.02324,23255,70.938,-51.2,0.058
RGI60-05.02325,23256,70.9037,-52.1011,0.14
RGI60-05.02326,200871,71.3051,-52.0953,0.054
RGI60-05.02327,23257,70.5779,-52.7777,4.204
RGI60-05.02328,23258,70.7014,-53.0019,4.985
RGI60-05.02329,200872,70.8824,-51.711,0.058
RGI60-05.02330,23259,70.9417,-51.1627,0.237
RGI60-05.02331,200873,70.8908,-51.8033,10.924
RGI60-05.02332,200874,70.9471,-51.9924,0.22
RGI60-05.02333,23260,70.9495,-51.2212,0.149
RGI60-05.02334,23261,70.9474,-51.4366,0.092
RGI60-05.02335,200875,70.9462,-51.8661,0.078
RGI60-05.02336,200876,70.9199,-52.1019,0.855
RGI60-05.02337,200877,70.9023,-52.0721,1.584
RGI60-05.02338,200878,70.9525,-51.9937,0.089
RGI60-05.02339,200879,70.9571,-52.0875,0.073
RGI60-05.02340,,71.1117,-52.0475,0.373
RGI60-05.02341,200880,70.9217,-51.9729,13.083
RGI60-05.02342,23262,71.0804,-51.0265,0.104
RGI60-05.02343,23263,71.0954,-50.8949,0.094
RGI60-05.02344,23264,71.1159,-51.1879,0.05
RGI60-05.02345,200881,70.9292,-52.0442,8.856
RGI60-05.02346,200882,70.9478,-51.9538,0.175
RGI60-05.02347,200883,70.9383,-51.8953,2.882
RGI60-05.02348,200884,70.9548,-52.038,2.364
RGI60-05.02349,23265,71.0246,-50.7227,0.13
RGI60-05.02350,23266,71.0295,-50.7388,0.076
RGI60-05.02351,23267,71.0517,-50.8402,0.454
RGI60-05.02352,200885,71.004,-51.6682,23.79
RGI60-05.02353,200886,70.9857,-51.4903,8.179
RGI60-05.02354,200887,70.9544,-51.374,33.513
RGI60-05.02355,23268,71.124,-51.015,0.154
RGI60-05.02356,23269,71.1193,-51.1927,0.082
RGI60-05.02357,23270,71.1207,-51.1452,0.077
RGI60-05.02358,23271,71.1227,-51.1922,0.231
RGI60-05.02359,200888,70.9613,-51.5146,11.097
RGI60-05.02360,200889,71.037,-51.7696,0.624
RGI60-05.02361,23272,71.0669,-51.0697,0.09
RGI60-05.02362,23273,71.073,-51.0098,0.061
RGI60-05.02363,,71.1183,-51.9998,0.059
RGI60-05.02364,23274,71.1246,-51.1542,0.58
RGI60-05.02365,200890,71.1328,-51.2029,0.169
RGI60-05.02366,200891,71.1282,-51.1847,0.88
RGI60-05.02367,200892,71.1097,-52.1054,0.371
RGI60-05.02368,200893,71.1138,-52.0221,0.268
RGI60-05.02369,,71.1218,-52.0222,0.077
RGI60-05.02370,23275,71.0577,-53.6519,0.124
RGI60-05.02371,23276,71.0646,-53.6377,0.072
RGI60-05.02372,23277,71.0643,-53.6461,0.11
RGI60-05.02373,200894,71.1561,-51.567,0.11
RGI60-05.02374,200895,71.1464,-51.8469,0.054
RGI60-05.02375,200896,71.1387,-52.1104,0.112
RGI60-05.02376,23278,71.0662,-53.6204,0.484
RGI60-05.02377,200897,71.1823,-51.1922,0.068
RGI60-05.02378,23279,71.2372,-53.71,0.06
RGI60-05.02379,200898,71.1442,-52.0933,0.49
RGI60-05.02380,200899,71.1423,-52.111,0.096
RGI60-05.02381,23280,71.0746,-53.6957,0.075
RGI60-05.02382,23281,71.1816,-51.2093,0.095
RGI60-05.02383,23282,71.0789,-53.6648,0.213
RGI60-05.02384,23283,71.1902,-51.1496,0.05
RGI60-05.02385,23284,71.1909,-51.1702,0.096
RGI60-05.02386,23285,71.0901,-53.652,0.119
RGI60-05.02387,200900,71.1643,-51.9952,0.268
RGI60-05.02388,23286,71.096,-53.7025,0.05
RGI60-05.02389,23287,71.1755,-51.9275,0.063
RGI60-05.02390,200901,71.1594,-52.0014,0.389
RGI60-05.02391,23288,71.1652,-51.8914,7.433
RGI60-05.02392,23289,71.158,-51.9378,6.653
RGI60-05.02393,200902,71.1491,-51.8132,1.258
RGI60-05.02394,200903,71.1388,-51.9207,1.644
RGI60-05.02395,200904,71.1426,-51.8793,0.254
RGI60-05.02396,200905,71.1375,-51.9471,1.004
RGI60-05.02397,23290,71.1183,-52.1361,5.414
RGI60-05.02398,23291,71.1375,-52.0249,8.967
RGI60-05.02399,200906,71.1229,-52.0665,0.09
RGI60-05.02400,200907,71.1146,-52.0704,0.361
RGI60-05.02401,23292,71.213,-51.5629,0.386
RGI60-05.02402,23293,71.1818,-52.4446,0.929
RGI60-05.02403,200908,71.1813,-52.4683,0.119
RGI60-05.02404,200909,71.2015,-51.9584,1.3
RGI60-05.02405,23294,71.2078,-51.9034,0.05
RGI60-05.02406,23295,71.2052,-51.9128,0.401
RGI60-05.02407,200910,71.1967,-52.2975,0.215
RGI60-05.02408,23296,71.2133,-51.889,0.08
RGI60-05.02409,200911,71.1921,-52.4519,0.476
RGI60-05.02410,,71.1941,-52.424,0.322
RGI60-05.02411,23297,71.182,-52.7099,0.962
RGI60-05.02412,200912,71.2041,-52.276,0.151
RGI60-05.02413,200913,71.2029,-52.2819,0.059
RGI60-05.02414,,71.206,-52.3856,0.309
RGI60-05.02415,200914,71.23,-51.7501,0.428
RGI60-05.02416,200915,71.2274,-51.6986,1.578
RGI60-05.02417,200916,71.2236,-51.5926,6.945
RGI60-05.02418,200917,71.2093,-51.8131,14.774
RGI60-05.02419,23298,71.1983,-52.9046,0.062
RGI60-05.02420,200918,71.1645,-51.3146,2.373
RGI60-05.02421,200919,71.1862,-51.6174,55.401
RGI60-05.02422,200920,71.1585,-51.3909,8.1
RGI60-05.02423,200921,71.1476,-51.4453,2.641
RGI60-05.02424,200922,71.1524,-51.5374,13.715
RGI60-05.02425,200923,71.2367,-52.2439,0.204
RGI60-05.02426,200924,71.1395,-51.4998,3.317
RGI60-05.02427,200925,71.2133,-52.3295,0.112
RGI60-05.02428,23299,71.1937,-52.822,0.198
RGI60-05.02429,200926,71.1972,-52.8477,0.182
RGI60-05.02430,200927,71.2059,-52.431,1.016
RGI60-05.02431,23300,71.1995,-52.3467,3.684
RGI60-05.02432,200928,71.2199,-52.274,5.961
RGI60-05.02433,200929,71.2386,-52.2738,0.18
RGI60-05.02434,,71.2427,-52.2294,0.866
RGI60-05.02435,200930,71.2482,-52.2065,0.058
RGI60-05.02436,200931,71.2531,-52.1728,0.108
RGI60-05.02437,23301,71.2219,-53.0866,0.062
RGI60-05.02438,23302,71.2422,-52.6756,0.075
RGI60-05.02439,23303,71.1996,-53.7594,0.067
RGI60-05.02440,23304,71.203,-53.7281,0.2
RGI60-05.02441,,71.3061,-52.1087,0.283
RGI60-05.02442,200932,71.2606,-52.2298,1.97
RGI60-05.02443,200933,71.2528,-52.6502,0.361
RGI60-05.02444,23305,71.2072,-53.7464,0.392
RGI60-05.02445,200934,71.2612,-52.6594,0.087
RGI60-05.02446,23306,71.2125,-53.7933,0.099
RGI60-05.02447,23307,71.2143,-53.7802,0.114
RGI60-05.02448,200935,71.2823,-52.4972,0.059
RGI60-05.02449,200936,71.2945,-52.4176,0.573
RGI60-05.02450,200937,71.2991,-52.1706,0.982
RGI60-05.02451,200938,71.2866,-52.1803,1.332
RGI60-05.02452,200939,71.2728,-52.0835,14.616
RGI60-05.02453,200940,71.2763,-52.1911,0.4
RGI60-05.02454,200941,71.2776,-52.1637,0.182
RGI60-05.02455,200942,71.2663,-52.1459,0.802
RGI60-05.02456,200943,71.2565,-52.1075,1.858
RGI60-05.02457,200944,71.3017,-52.1451,0.849
RGI60-05.02458,23308,71.3101,-52.1794,0.06
RGI60-05.02459,200945,71.3383,-51.5201,0.378
RGI60-05.02460,200946,71.3119,-52.1457,0.482
RGI60-05.02461,23309,71.2526,-53.6509,0.054
RGI60-05.02462,200947,71.2999,-52.594,0.118
RGI60-05.02463,200948,71.3405,-51.5453,0.349
RGI60-05.02464,200949,71.3408,-51.5866,0.932
RGI60-05.02465,23310,71.2916,-52.9753,0.142
RGI60-05.02466,200950,71.3166,-52.5824,0.147
RGI60-05.02467,23311,71.307,-52.8411,0.206
RGI60-05.02468,200951,71.3292,-52.5143,0.096
RGI60-05.02469,200952,71.324,-52.5469,0.717
RGI60-05.02470,23312,71.3028,-53.0892,0.188
RGI60-05.02471,23313,71.3213,-52.9809,0.066
RGI60-05.02472,200953,71.3589,-52.2115,0.323
RGI60-05.02473,200954,71.3232,-53.1192,0.082
RGI60-05.02474,23314,71.3266,-53.0599,0.184
RGI60-05.02475,,71.3771,-51.937,0.153
RGI60-05.02476,200955,71.3881,-51.6141,0.666
RGI60-05.02477,200956,71.3509,-52.7439,0.19
RGI60-05.02478,200957,71.3485,-53.0662,0.081
RGI60-05.02479,200958,71.3594,-52.8618,0.231
RGI60-05.02480,23315,71.2281,-53.0548,0.879
RGI60-05.02481,200959,71.391,-52.0363,0.819
RGI60-05.02482,200960,71.3596,-52.8831,0.107
RGI60-05.02483,,71.3972,-51.9616,0.106
RGI60-05.02484,,71.4009,-51.944,0.425
RGI60-05.02485,23316,71.3411,-52.9382,21.113
RGI60-05.02486,23317,71.3103,-52.9842,18.576
RGI60-05.02487,200961,71.3078,-52.5967,0.665
RGI60-05.02488,23318,71.3366,-52.8035,0.089
RGI60-05.02489,23319,71.2765,-52.837,68.951
RGI60-05.02490,200962,71.209,-52.9136,1.234
RGI60-05.02491,23320,71.2505,-52.6885,0.056
RGI60-05.02492,23321,71.2295,-52.6724,4.721
RGI60-05.02493,200963,71.2417,-52.7128,0.06
RGI60-05.02494,3747,71.2308,-52.8273,24.206
RGI60-05.02495,23322,71.2057,-52.7337,12.673
RGI60-05.02496,200964,71.202,-52.8501,2.332
RGI60-05.02497,200965,71.2616,-52.6816,0.276
RGI60-05.02498,200966,71.2543,-52.6851,0.177
RGI60-05.02499,200967,71.3528,-52.8276,1.479
RGI60-05.02500,23323,71.3158,-52.6431,7.826
RGI60-05.02501,200968,71.5411,-54.5824,0.056
RGI60-05.02502,23324,71.5708,-54.0411,0.05
RGI60-05.02503,200969,71.9641,-52.7253,0.068
RGI60-05.02504,23325,71.7497,-54.8118,0.084
RGI60-05.02505,23326,71.7,-55.728,0.078
RGI60-05.02506,200970,71.5193,-52.1352,0.101
RGI60-05.02507,23327,71.5457,-51.4801,0.08
RGI60-05.02509,200971,71.5125,-52.4207,0.07
RGI60-05.02510,200972,71.5547,-51.694,0.07
RGI60-05.02511,200973,71.5648,-51.6339,0.06
RGI60-05.02513,200974,71.5588,-51.8419,0.075
RGI60-05.02514,23328,71.8122,-53.6346,0.068
RGI60-05.02515,200975,71.5682,-51.6439,0.093
RGI60-05.02516,200976,71.3316,-52.67,11.929
RGI60-05.02517,200977,71.4303,-51.3322,0.066
RGI60-05.02518,200978,71.4216,-51.7929,0.082
RGI60-05.02519,200979,71.4318,-51.7242,0.092
RGI60-05.02520,200980,71.4327,-51.674,0.899
RGI60-05.02521,200981,71.3892,-51.7845,18.211
RGI60-05.02522,200982,71.4335,-51.7083,0.219
RGI60-05.02523,200983,71.4227,-51.7215,2.848
RGI60-05.02524,23329,71.3778,-52.0574,1.411
RGI60-05.02525,200984,71.4156,-51.8327,3.168
RGI60-05.02526,200985,71.3681,-51.9767,17.003
RGI60-05.02527,200986,71.3961,-51.8615,5.645
RGI60-05.02528,200987,71.3614,-52.0581,0.141
RGI60-05.02529,200988,71.3506,-52.0532,2.436
RGI60-05.02530,,71.3684,-51.7555,0.876
RGI60-05.02531,200989,71.3524,-51.917,0.204
RGI60-05.02532,200990,71.573,-51.6489,0.211
RGI60-05.02533,23330,71.318,-52.064,14.18
RGI60-05.02534,200991,71.3446,-52.0004,0.082
RGI60-05.02535,200992,71.3078,-52.062,0.106
RGI60-05.02536,200993,71.3271,-51.9412,2.901
RGI60-05.02537,200994,71.3452,-51.8855,0.059
RGI60-05.02538,200995,71.3424,-51.8864,0.12
RGI60-05.02539,200996,71.4155,-51.7897,0.53
RGI60-05.02540,23331,71.3177,-52.133,1.512
RGI60-05.02541,200997,71.3601,-51.8652,8.943
RGI60-05.02542,200998,71.3192,-51.9459,0.19
RGI60-05.02543,200999,71.3178,-51.9834,0.073
RGI60-05.02544,201000,71.428,-51.7833,0.363
RGI60-05.02545,201001,71.4264,-51.4882,4.053
RGI60-05.02546,201002,71.4262,-51.5342,2.337
RGI60-05.02547,201003,71.3916,-51.4743,23.299
RGI60-05.02548,201004,71.3972,-51.1762,8.624
RGI60-05.02549,201005,71.3885,-51.5764,5.159
RGI60-05.02550,201006,71.3831,-51.2676,7.915
RGI60-05.02551,201007,71.5605,-52.2515,0.139
RGI60-05.02552,201008,71.4064,-51.3133,22.069
RGI60-05.02553,201009,71.3521,-51.4144,0.936
RGI60-05.02554,201010,71.4171,-51.1607,12.564
RGI60-05.02555,201011,71.4113,-51.5517,1.45
RGI60-05.02556,23332,71.4585,-52.6073,0.102
RGI60-05.02557,201012,71.3677,-51.3743,14.472
RGI60-05.02558,201013,71.4334,-52.2282,0.245
RGI60-05.02559,23333,71.4334,-52.3927,0.263
RGI60-05.02560,201014,71.4483,-52.1582,0.13
RGI60-05.02561,23334,71.4418,-52.4548,0.131
RGI60-05.02562,201015,71.4911,-51.3077,0.067
RGI60-05.02564,23335,71.4932,-51.2822,1.16
RGI60-05.02566,201016,71.453,-52.5182,0.13
RGI60-05.02567,201017,71.4677,-52.2292,0.104
RGI60-05.02568,201018,71.4555,-52.5319,0.172
RGI60-05.02569,201019,71.4581,-52.5515,0.226
RGI60-05.02570,201020,71.4508,-52.6992,0.52
RGI60-05.02571,201021,71.4494,-52.7794,0.132
RGI60-05.02572,23336,71.4283,-52.898,0.79
RGI60-05.02573,201022,71.4385,-52.8717,1.197
RGI60-05.02574,201023,71.4593,-52.5646,0.328
RGI60-05.02575,23337,71.4923,-51.8277,0.067
RGI60-05.02576,23338,71.4831,-52.2284,0.376
RGI60-05.02577,201024,71.4879,-52.2472,0.078
RGI60-05.02578,201025,71.4388,-52.812,4.264
RGI60-05.02579,201026,71.448,-52.5041,0.66
RGI60-05.02580,23339,71.4247,-52.4269,15.229
RGI60-05.02581,201027,71.4303,-52.5074,0.211
RGI60-05.02582,201028,71.4427,-52.5996,14.723
RGI60-05.02583,201029,71.4184,-52.7848,0.537
RGI60-05.02584,23340,71.426,-52.2845,1.941
RGI60-05.02585,23341,71.4337,-52.7381,5.607
RGI60-05.02586,201030,71.5783,-51.8036,0.083
RGI60-05.02587,23342,71.408676147,-52.539260864,11.734
RGI60-05.02588,23343,71.5215,-51.8707,0.065
RGI60-05.02589,201031,71.4379,-52.4789,2.362
RGI60-05.02590,201032,71.5137,-51.7846,0.127
RGI60-05.02591,201033,71.52,-51.6685,0.095
RGI60-05.02592,23344,71.5191,-51.8291,0.074
RGI60-05.02593,201034,71.5056,-52.2077,0.075
RGI60-05.02594,201035,71.5069,-52.1896,0.093
RGI60-05.02595,201036,71.4945,-52.5024,0.239
RGI60-05.02596,201037,71.5233,-51.8147,0.095
RGI60-05.02597,201038,71.5206,-52.3794,5.868
RGI60-05.02598,201039,71.5372,-52.3392,1.671
RGI60-05.02599,23345,71.476,-54.3523,0.274
RGI60-05.02600,23346,71.5796,-54.1107,0.149
RGI60-05.02601,201040,71.5003,-52.4209,2.029
RGI60-05.02602,201041,71.4968,-52.4762,1.162
RGI60-05.02603,201042,71.5041,-52.3922,0.259
RGI60-05.02604,201043,71.5193,-51.7665,0.588
RGI60-05.02605,23347,71.4868,-52.3964,5.563
RGI60-05.02606,23348,71.5045,-52.3355,3.254
RGI60-05.02607,23349,71.4865,-52.3529,0.616
RGI60-05.02608,201044,71.5194,-51.7322,0.082
RGI60-05.02609,201045,71.5226,-52.3122,1.258
RGI60-05.02610,201046,71.5132,-52.3149,0.85
RGI60-05.02611,201047,71.55,-52.2643,0.931
RGI60-05.02612,201048,71.542,-52.2866,0.053
RGI60-05.02613,201049,71.5506,-52.2985,1.273
RGI60-05.02614,201050,71.5779,-51.9234,5.561
RGI60-05.02615,201051,71.5539,-52.0619,4.668
RGI60-05.02616,23350,71.5211,-52.1126,28.014
RGI60-05.02617,23351,71.5019,-52.0949,0.065
RGI60-05.02618,201052,71.5179,-51.7172,0.543
RGI60-05.02619,201053,71.5068,-51.9601,40.644
RGI60-05.02620,201054,71.5732,-51.8391,3.063
RGI60-05.02621,201055,71.5625,-52.0274,8.678
RGI60-05.02622,201056,71.5438,-51.7863,34.677
RGI60-05.02623,201057,71.5352,-51.9201,0.284
RGI60-05.02624,201058,71.5284,-51.8315,0.67
RGI60-05.02625,201059,71.5201,-51.7873,0.396
RGI60-05.02626,201060,71.4836,-52.1324,0.215
RGI60-05.02627,23352,71.483,-52.1192,0.059
RGI60-05.02628,201061,71.4812,-52.1052,0.085
RGI60-05.02629,201062,71.5449,-54.4253,0.381
RGI60-05.02630,23353,71.4639,-52.1345,7.049
RGI60-05.02631,201063,71.4777,-52.0882,0.105
RGI60-05.02632,23354,71.4579,-52.0928,1.013
RGI60-05.02633,23355,71.4652,-52.2514,5.865
RGI60-05.02634,23356,71.4787,-52.2541,0.15
RGI60-05.02635,201064,71.5699,-51.7423,4.333
RGI60-05.02636,201065,71.5033,-54.4293,0.705
RGI60-05.02637,201066,71.4398,-52.2356,4.697
RGI60-05.02638,201067,71.451,-52.1831,0.064
RGI60-05.02639,23357,71.5312,-53.9689,0.065
RGI60-05.02640,201068,71.5337,-53.9505,0.051
RGI60-05.02641,201069,71.4465,-52.3225,3.933
RGI60-05.02642,23358,71.5165,-54.3528,0.548
RGI60-05.02643,23359,71.4974,-54.3917,0.196
RGI60-05.02644,23360,71.5126,-54.3303,0.208
RGI60-05.02645,23361,71.494,-52.2106,10.481
RGI60-05.02646,201070,71.6023,-51.5823,0.812
RGI60-05.02648,23362,71.4992,-54.1628,0.05
RGI60-05.02649,23363,71.5115,-54.4282,0.346
RGI60-05.02650,23364,71.5137,-54.4519,1.134
RGI60-05.02651,23365,71.519,-54.4031,2.421
RGI60-05.02652,201071,71.525,-54.5605,0.083
RGI60-05.02653,23366,71.5245,-54.571,0.138
RGI60-05.02654,23367,71.5219,-54.8923,0.177
RGI60-05.02655,201072,71.5338,-54.3592,0.714
RGI60-05.02656,23368,71.5368,-54.4241,0.217
RGI60-05.02657,23369,71.5361,-54.3916,0.64
RGI60-05.02658,23370,71.5513,-54.0999,1.458
RGI60-05.02659,23371,71.4918,-55.3268,0.058
RGI60-05.02660,23372,71.5588,-54.1849,0.05
RGI60-05.02661,23373,71.5223,-54.8569,0.831
RGI60-05.02662,23374,71.5439,-54.5688,0.102
RGI60-05.02663,23375,71.5242,-54.8085,1.726
RGI60-05.02664,23376,71.5673,-54.117,0.243
RGI60-05.02665,23377,71.6584,-52.1038,0.051
RGI60-05.02666,23378,71.526,-54.9197,0.198
RGI60-05.02667,23379,71.6226,-53.235,0.07
RGI60-05.02668,23380,71.5712,-54.0717,0.433
RGI60-05.02669,23381,71.5744,-54.1037,0.257
RGI60-05.02670,23382,71.534,-54.6111,4.739
RGI60-05.02671,23383,71.5264,-54.6538,0.676
RGI60-05.02672,23384,71.698,-51.4616,0.233
RGI60-05.02673,201073,71.6275,-53.2103,0.051
RGI60-05.02674,23385,71.5551,-54.5666,1.133
RGI60-05.02675,23386,71.5472,-54.5849,0.116
RGI60-05.02676,23387,71.6293,-53.1623,3.737
RGI60-05.02677,23388,71.5684,-54.5305,0.135
RGI60-05.02678,23389,71.6176,-53.2334,4.055
RGI60-05.02679,23390,71.621,-53.1184,0.779
RGI60-05.02680,201074,71.5645,-54.6259,0.115
RGI60-05.02681,23391,71.5633,-54.5985,0.629
RGI60-05.02682,23392,71.5976,-53.154,3.336
RGI60-05.02683,201075,71.6122,-53.2699,0.178
RGI60-05.02684,23393,71.5946,-53.214,5.74
RGI60-05.02685,201076,71.5999,-53.2722,2.618
RGI60-05.02686,23394,71.5858,-53.1921,1.308
RGI60-05.02687,23395,71.5909,-53.281,0.244
RGI60-05.02688,23396,71.5773,-53.2406,0.135
RGI60-05.02689,23397,71.556,-54.7893,0.56
RGI60-05.02690,201077,71.5703,-54.6216,0.05
RGI60-05.02691,23398,71.5608,-54.813,0.221
RGI60-05.02692,23399,71.5709,-54.6556,0.194
RGI60-05.02693,201078,71.5656,-54.7949,0.067
RGI60-05.02694,201079,71.7064,-51.6367,0.166
RGI60-05.02695,201080,71.5603,-54.9575,0.095
RGI60-05.02696,201081,71.6798,-52.3945,0.921
RGI60-05.02697,201082,71.6748,-52.3794,0.702
RGI60-05.02698,23400,71.5742,-54.6336,0.341
RGI60-05.02699,23401,71.5712,-54.7903,0.532
RGI60-05.02700,23402,71.5795,-54.6757,0.444
RGI60-05.02701,201083,71.7496,-51.949,0.132
RGI60-05.02702,201084,71.7714,-51.8915,0.208
RGI60-05.02703,23403,71.6457,-53.291,2.521
RGI60-05.02704,23404,71.6345,-53.3092,1.625
RGI60-05.02705,23405,71.6272,-53.3311,0.154
RGI60-05.02706,201085,71.6563,-53.3228,0.153
RGI60-05.02707,23406,71.5855,-54.7022,0.152
RGI60-05.02708,201086,71.7068,-51.4975,23.5
RGI60-05.02709,201087,71.6596,-53.2958,0.381
RGI60-05.02710,201088,71.6557,-53.309,0.069
RGI60-05.02711,201089,71.6611,-53.2421,0.319
RGI60-05.02712,201090,71.6622,-53.2681,0.087
RGI60-05.02713,201091,71.7123,-52.2384,0.085
RGI60-05.02714,201092,71.7278,-51.8766,0.134
RGI60-05.02718,23407,71.5913,-54.814,0.106
RGI60-05.02719,23408,71.7894,-54.1307,0.074
RGI60-05.02720,23409,71.5822,-54.934,0.724
RGI60-05.02721,23410,71.5791,-54.854,3.651
RGI60-05.02722,23411,71.5856,-54.8212,0.286
RGI60-05.02723,23412,71.5669,-54.8935,2.005
RGI60-05.02724,23413,71.6616,-53.1958,2.374
RGI60-05.02725,201093,71.6561,-53.2359,0.594
RGI60-05.02726,201094,71.6598,-53.1329,0.687
RGI60-05.02727,201095,71.6533,-53.1486,0.502
RGI60-05.02728,23414,71.6462,-53.2188,2.688
RGI60-05.02729,23415,71.6686,-53.306,0.543
RGI60-05.02730,23416,71.5891,-54.9108,0.539
RGI60-05.02731,23417,71.6003,-54.8949,0.056
RGI60-05.02732,23418,71.6004,-54.8804,0.082
RGI60-05.02733,,71.7248,-52.528,0.053
RGI60-05.02734,23419,71.8228,-54.9657,0.09
RGI60-05.02735,201096,71.7101,-52.8818,1.264
RGI60-05.02736,23420,71.658,-54.3782,0.146
RGI60-05.02737,23421,71.661,-54.3598,0.07
RGI60-05.02738,23422,71.6652,-54.3614,0.055
RGI60-05.02739,201097,71.7398,-52.8323,0.055
RGI60-05.02740,23423,71.7309,-52.8714,3.566
RGI60-05.02741,23424,71.8585,-54.396,0.135
RGI60-05.02742,201098,71.7137,-52.8421,0.429
RGI60-05.02743,201099,71.7194,-52.8639,0.237
RGI60-05.02744,23425,71.6566,-54.6478,0.234
RGI60-05.02745,,71.7611,-52.5411,0.143
RGI60-05.02746,,71.7676,-52.527,0.058
RGI60-05.02747,23426,71.6669,-54.6795,1.031
RGI60-05.02748,23427,71.6704,-54.6528,0.556
RGI60-05.02749,23428,71.7399,-53.0056,2.716
RGI60-05.02750,201100,71.7755,-52.4865,0.345
RGI60-05.02751,201101,71.7293,-52.5508,1.303
RGI60-05.02752,23429,71.7306,-53.0537,3.805
RGI60-05.02753,201102,71.7443,-53.0513,0.223
RGI60-05.02754,23430,71.7311,-53.1146,2.34
RGI60-05.02755,201103,71.7584,-52.5271,3.227
RGI60-05.02756,201104,71.744,-52.6213,6.783
RGI60-05.02757,23431,71.7254,-54.4262,0.335
RGI60-05.02758,201105,71.7547,-52.5786,1.833
RGI60-05.02759,201106,71.7589,-52.5602,0.29
RGI60-05.02760,201107,71.7601,-52.4967,0.205
RGI60-05.02761,201108,71.7436,-52.5117,0.754
RGI60-05.02762,201109,71.7443,-52.5663,0.617
RGI60-05.02763,201110,71.7401,-52.5366,0.658
RGI60-05.02764,201111,71.7226,-52.6302,7.938
RGI60-05.02765,201112,71.7127,-52.6761,0.336
RGI60-05.02766,201113,71.7394,-52.2394,2.742
RGI60-05.02767,201114,71.7048,-52.6408,1.667
RGI60-05.02768,23432,71.6667,-54.7059,0.941
RGI60-05.02769,23433,71.6732,-54.7543,0.177
RGI60-05.02770,23434,71.7042,-51.9346,3.065
RGI60-05.02771,201115,71.7352,-52.0113,61.076
RGI60-05.02772,23435,71.7465,-54.8045,0.057
RGI60-05.02773,201116,71.6903,-51.9836,2.482
RGI60-05.02774,201117,71.6677,-52.3378,15.902
RGI60-05.02775,201118,71.6727,-52.0477,3.346
RGI60-05.02776,23436,71.7449,-54.8225,0.121
RGI60-05.02777,201119,71.663,-52.1654,8.292
RGI60-05.02778,201120,71.6453,-52.1984,1.345
RGI60-05.02779,201121,71.7041,-52.1809,22.296
RGI60-05.02780,23437,71.7498,-54.7992,0.099
RGI60-05.02781,201122,71.771,-53.0591,0.059
RGI60-05.02782,23438,71.7752,-53.0322,0.481
RGI60-05.02783,23439,71.7267,-54.4005,0.077
RGI60-05.02784,23440,71.8133,-52.5308,0.095
RGI60-05.02785,23441,71.6955,-55.7453,0.144
RGI60-05.02786,23442,71.7745,-53.6257,0.546
RGI60-05.02787,23443,71.7405,-54.3607,0.138
RGI60-05.02788,201123,71.7837,-53.6113,0.202
RGI60-05.02789,23444,71.7455,-54.3466,0.542
RGI60-05.02790,23445,71.7401,-54.3366,0.272
RGI60-05.02791,23446,71.7458,-54.3729,0.286
RGI60-05.02792,23447,71.7858,-53.63,0.073
RGI60-05.02793,23448,71.7386,-54.398,1.596
RGI60-05.02794,23449,71.7857,-53.799,0.051
RGI60-05.02795,201124,71.799,-53.5461,0.082
RGI60-05.02796,23450,71.7913,-53.8039,0.091
RGI60-05.02797,201125,71.742,-54.7833,0.151
RGI60-05.02798,23451,71.8023,-53.6616,0.135
RGI60-05.02799,23452,71.7797,-54.1005,0.122
RGI60-05.02800,23453,71.7465,-54.7822,0.125
RGI60-05.02801,23454,71.7527,-54.6711,0.133
RGI60-05.02802,23455,71.7513,-54.78,0.482
RGI60-05.02803,201126,71.8661,-52.4235,0.056
RGI60-05.02805,23456,71.8027,-53.5839,3.77
RGI60-05.02806,23457,71.8097,-53.5272,0.588
RGI60-05.02807,23458,71.8048,-53.5361,0.079
RGI60-05.02808,23459,71.7517,-54.7029,1.193
RGI60-05.02809,23460,71.7522,-54.7583,0.299
RGI60-05.02810,23461,71.7421,-55.0502,0.082
RGI60-05.02811,23462,71.7103,-55.6118,0.059
RGI60-05.02812,23463,71.7584,-54.6498,0.729
RGI60-05.02813,23464,71.7627,-54.682,0.073
RGI60-05.02814,23465,71.8187,-54.4308,0.143
RGI60-05.02815,23466,71.7051,-55.715,0.229
RGI60-05.02816,23467,71.7472,-55.0336,0.303
RGI60-05.02817,23468,71.7431,-55.0263,0.128
RGI60-05.02818,23469,71.8175,-53.6603,0.439
RGI60-05.02819,23470,71.7933,-54.0666,0.823
RGI60-05.02820,23471,71.8201,-53.6007,2.491
RGI60-05.02821,23472,71.7154,-55.675,0.235
RGI60-05.02822,23473,71.8148,-53.8728,0.067
RGI60-05.02823,23474,71.7536,-55.0603,0.092
RGI60-05.02825,23475,71.8814,-52.3602,0.086
RGI60-05.02826,201127,71.8315,-53.588,0.086
RGI60-05.02827,23476,71.792,-54.4005,0.098
RGI60-05.02828,23477,71.7956,-52.5506,23.719
RGI60-05.02829,23478,71.7951,-54.0953,3.031
RGI60-05.02830,23479,71.7614,-55.0617,0.419
RGI60-05.02831,201128,71.7577,-55.0477,0.328
RGI60-05.02832,23480,71.8365,-53.7333,0.158
RGI60-05.02833,201129,71.8663,-52.6166,2.807
RGI60-05.02834,23481,71.8319,-54.4085,0.155
RGI60-05.02835,201130,71.863,-52.5817,3.084
RGI60-05.02836,201131,71.8577,-52.6489,1.789
RGI60-05.02837,201132,71.8282,-52.4944,2.445
RGI60-05.02838,201133,71.8309,-52.7189,6.383
RGI60-05.02839,201134,71.8461,-52.6683,2.144
RGI60-05.02840,201135,71.8367,-52.7697,1.315
RGI60-05.02841,201136,71.8328,-52.8101,5.497
RGI60-05.02842,201137,71.8386,-52.4921,1.572
RGI60-05.02843,201138,71.8411,-52.6704,0.358
RGI60-05.02844,201139,71.8252,-52.5174,1.367
RGI60-05.02845,201140,71.8271,-52.847,0.179
RGI60-05.02846,201141,71.8159,-52.8687,0.782
RGI60-05.02847,201142,71.7973,-52.8685,0.717
RGI60-05.02848,201143,71.8062,-52.7045,1.398
RGI60-05.02849,23482,71.8119,-52.8821,0.13
RGI60-05.02850,23483,71.7885,-52.9744,0.328
RGI60-05.02851,201144,71.8042,-52.7633,7.671
RGI60-05.02852,23484,71.782,-52.8428,18.557
RGI60-05.02853,201145,71.8138,-52.7269,0.9
RGI60-05.02854,23485,71.7838,-54.8784,0.084
RGI60-05.02855,201146,71.7973,-52.6602,1.72
RGI60-05.02856,201147,71.7933,-52.9599,1.489
RGI60-05.02857,201148,71.7964,-52.9102,1.515
RGI60-05.02858,201149,71.7946,-52.6202,0.597
RGI60-05.02859,201150,71.7883,-52.7847,0.605
RGI60-05.02860,201151,71.7904,-53.0006,0.057
RGI60-05.02861,201152,71.787,-52.916,0.296
RGI60-05.02862,23486,71.7718,-52.8983,7.088
RGI60-05.02863,23487,71.7502,-52.9141,2.627
RGI60-05.02864,23488,71.7488,-52.9898,0.95
RGI60-05.02865,201153,71.7478,-52.8316,0.418
RGI60-05.02866,23489,71.7468,-52.8656,0.551
RGI60-05.02867,23490,71.801,-54.4304,0.44
RGI60-05.02868,23491,71.8368,-53.7023,0.312
RGI60-05.02869,23492,71.8119,-53.8232,1.78
RGI60-05.02870,23493,71.8233,-53.852,1.793
RGI60-05.02871,23494,71.849,-53.524,0.054
RGI60-05.02872,23495,71.8067,-54.4066,0.11
RGI60-05.02873,201154,71.841,-53.7269,0.227
RGI60-05.02874,23496,71.8261,-54.0185,0.779
RGI60-05.02875,23497,71.7714,-55.0456,0.684
RGI60-05.02876,201155,71.8568,-53.2063,2.695
RGI60-05.02877,23498,71.8346,-54.0333,0.182
RGI60-05.02878,23499,71.8365,-54.0464,0.065
RGI60-05.02879,201156,71.8894,-52.8335,1.534
RGI60-05.02880,23500,71.8091,-54.6731,0.057
RGI60-05.02881,23501,71.8419,-54.0331,0.388
RGI60-05.02882,23502,71.8997,-52.8261,0.095
RGI60-05.02883,201157,71.9017,-52.8209,0.086
RGI60-05.02884,23503,71.8477,-54.0209,0.19
RGI60-05.02885,23504,71.8261,-54.4424,0.454
RGI60-05.02886,201158,71.8888,-53.2426,0.27
RGI60-05.02887,23505,71.7963,-55.0916,0.052
RGI60-05.02888,201159,71.8455,-54.1607,0.203
RGI60-05.02889,23506,71.8171,-54.6759,0.543
RGI60-05.02890,201160,71.9075,-52.7924,0.199
RGI60-05.02891,201161,71.9108,-52.7939,0.155
RGI60-05.02892,201162,71.9026,-52.7943,0.286
RGI60-05.02893,23507,71.8163,-54.7371,0.14
RGI60-05.02894,23508,71.8332,-54.1367,5.923
RGI60-05.02895,23509,71.8324,-54.0707,5.797
RGI60-05.02896,26016,71.8106,-54.0553,1.399
RGI60-05.02897,26017,71.8493,-54.095,0.445
RGI60-05.02898,26018,71.8296,-54.043,0.095
RGI60-05.02899,26019,71.8013,-54.1927,0.116
RGI60-05.02900,26020,71.8145,-54.1563,3.599
RGI60-05.02901,26021,71.8149,-54.0688,0.384
RGI60-05.02902,26022,71.8075,-54.1792,0.426
RGI60-05.02903,26023,71.8452,-54.4437,0.136
RGI60-05.02904,26024,71.7879,-55.1158,0.889
RGI60-05.02905,201163,71.7943,-55.1561,0.558
RGI60-05.02906,26025,71.7861,-55.0953,0.162
RGI60-05.02907,26026,71.8511,-54.1665,0.065
RGI60-05.02908,26027,71.8422,-54.4048,0.838
RGI60-05.02909,26028,71.8372,-54.6569,0.123
RGI60-05.02910,201164,71.8276,-54.7676,1.137
RGI60-05.02911,26029,71.8057,-54.8327,14.121
RGI60-05.02912,26030,71.8281,-54.8058,0.56
RGI60-05.02913,26031,71.8311,-54.8412,0.267
RGI60-05.02914,26032,71.8817,-53.8354,0.171
RGI60-05.02915,26033,71.8415,-54.673,0.403
RGI60-05.02916,26034,71.8679,-54.055,3.176
RGI60-05.02917,26035,71.8454,-54.6065,0.86
RGI60-05.02918,26036,71.8315,-54.7125,4.432
RGI60-05.02919,26037,71.8373,-54.6348,1.184
RGI60-05.02920,26038,71.8713,-54.2199,0.217
RGI60-05.02921,26039,71.8467,-54.9314,0.203
RGI60-05.02922,26040,71.8815,-54.062,0.457
RGI60-05.02923,26041,71.8319,-54.8889,3.326
RGI60-05.02924,26042,71.8244,-54.9329,0.533
RGI60-05.02925,26043,71.823,-54.948,0.453
RGI60-05.02926,26044,71.8188,-54.9525,0.083
RGI60-05.02927,26045,71.8831,-54.0422,0.403
RGI60-05.02928,26046,71.8491,-54.7097,0.552
RGI60-05.02929,26047,71.9121,-53.5207,0.081
RGI60-05.02930,26048,71.8577,-54.5933,0.811
RGI60-05.02931,26049,71.8554,-54.7153,0.148
RGI60-05.02932,26050,71.8423,-54.9702,0.143
RGI60-05.02933,26051,71.8447,-54.9555,0.122
RGI60-05.02934,26052,71.8651,-54.1521,10.615
RGI60-05.02935,26053,71.8768,-54.2398,0.562
RGI60-05.02936,26054,71.8509,-54.866,0.103
RGI60-05.02937,26055,71.8751,-54.5741,0.184
RGI60-05.02938,26056,71.8655,-54.5931,0.285
RGI60-05.02939,26057,71.8492,-54.8999,0.244
RGI60-05.02940,26058,71.8868,-54.1109,2.775
RGI60-05.02941,26059,71.8883,-54.0846,0.124
RGI60-05.02942,26060,71.8536,-54.8552,0.483
RGI60-05.02943,26061,71.9193,-53.6612,0.093
RGI60-05.02944,26062,71.8846,-54.5754,0.156
RGI60-05.02945,26063,71.9866,-52.3958,0.052
RGI60-05.02947,26064,71.8506,-55.2131,0.178
RGI60-05.02948,26065,71.882,-54.6058,0.6
RGI60-05.02949,26066,71.9678,-52.9498,0.198
RGI60-05.02950,26067,71.8916,-54.6131,0.116
RGI60-05.02951,26068,71.9384,-53.6816,0.186
RGI60-05.02952,26069,71.9242,-54.157,0.062
RGI60-05.02953,26070,71.8885,-54.6756,0.345
RGI60-05.02954,26071,71.9463,-53.5708,0.08
RGI60-05.02955,26072,71.885,-54.6365,0.739
RGI60-05.02956,26073,71.9186,-54.1819,0.152
RGI60-05.02957,26074,71.9497,-53.5694,0.064
RGI60-05.02958,26075,71.9294,-53.9906,0.143
RGI60-05.02959,26076,71.9226,-54.1819,0.094
RGI60-05.02960,26077,71.894,-54.7232,0.19
RGI60-05.02961,26078,71.9408,-53.7294,2.215
RGI60-05.02962,26079,71.9383,-53.7861,0.278
RGI60-05.02963,26080,71.8956,-54.6957,0.354
RGI60-05.02964,201165,71.866,-55.218,0.499
RGI60-05.02965,26081,71.957,-53.7851,0.116
RGI60-05.02966,201166,71.9855,-52.559,1.493
RGI60-05.02967,201167,71.9923,-52.5309,0.357
RGI60-05.02968,201168,71.9751,-52.5957,2.664
RGI60-05.02969,201169,71.9788,-52.6273,0.755
RGI60-05.02970,201170,71.9793,-52.5409,2.014
RGI60-05.02971,201171,71.9628,-52.6535,2.742
RGI60-05.02973,201172,71.954,-52.6992,1.362
RGI60-05.02974,201173,71.9665,-52.5633,0.916
RGI60-05.02976,201174,71.9516,-52.6722,0.958
RGI60-05.02977,26082,71.9476,-54.2912,0.624
RGI60-05.02978,201175,71.9388,-52.6721,5.307
RGI60-05.02979,201176,71.9359,-52.621,5.308
RGI60-05.02980,201177,71.9368,-52.7625,0.137
RGI60-05.02981,201178,71.926,-52.7476,0.736
RGI60-05.02982,201179,71.922,-52.7112,2.11
RGI60-05.02983,201180,72.0175,-52.846,0.121
RGI60-05.02984,26083,71.925,-54.2165,2.533
RGI60-05.02985,26084,71.872,-55.524,0.125
RGI60-05.02986,26085,71.9352,-54.2499,1.283
RGI60-05.02987,26086,71.8752,-55.5075,0.086
RGI60-05.02988,201181,71.943,-54.2826,0.138
RGI60-05.02989,26087,71.9581,-54.0217,0.066
RGI60-05.02990,26088,71.9628,-53.6273,1.708
RGI60-05.02991,26089,71.9576,-53.7102,8.096
RGI60-05.02992,26090,71.9636,-53.7867,0.371
RGI60-05.02993,26091,71.9485,-53.6228,3.696
RGI60-05.02994,26092,71.9524,-53.7381,0.743
RGI60-05.02995,26093,71.9019,-53.5876,5.715
RGI60-05.02996,26094,71.9145,-53.7114,20.459
RGI60-05.02997,26095,71.936,-53.6078,1.75
RGI60-05.02998,26096,71.9199,-53.6055,3.821
RGI60-05.02999,26097,71.9046,-53.8316,5.162
RGI60-05.03000,26098,71.8937,-53.5206,3.079
RGI60-05.03001,201182,71.8674,-53.5097,0.556
RGI60-05.03002,26099,71.8667,-53.6811,8.262
RGI60-05.03003,26100,71.8554,-53.6489,0.435
RGI60-05.03004,26101,71.8649,-53.5724,18.559
RGI60-05.03005,26102,71.8735,-53.6309,0.122
RGI60-05.03006,26103,71.8648,-53.6468,0.341
RGI60-05.03007,26104,71.8648,-53.7421,1.276
RGI60-05.03008,26105,71.8605,-53.8814,0.323
RGI60-05.03009,26106,71.8539,-53.5016,0.215
RGI60-05.03010,26107,71.851,-53.5121,0.13
RGI60-05.03011,26108,71.8398,-53.4831,0.904
RGI60-05.03012,26109,71.8435,-53.8742,0.932
RGI60-05.03013,26110,71.8326,-53.502,0.481
RGI60-05.03014,201183,71.8282,-53.5241,0.559
RGI60-05.03015,26111,72.1636,-54.984,0.076
RGI60-05.03016,26112,72.0352,-53.0651,0.073
RGI60-05.03017,26113,71.8333,-53.8278,0.285
RGI60-05.03018,26114,71.823,-53.54,0.724
RGI60-05.03019,26115,71.875,-53.784,19.706
RGI60-05.03020,201184,71.9608,-54.4513,0.261
RGI60-05.03021,26116,71.995,-53.2871,1.57
RGI60-05.03022,26117,71.9502,-54.4384,0.643
RGI60-05.03023,26118,72.0019,-53.5638,0.068
RGI60-05.03024,201185,71.976,-54.1768,0.053
RGI60-05.03025,26119,72.0103,-53.5639,0.119
RGI60-05.03026,26120,71.9046,-55.625,0.091
RGI60-05.03027,201186,72.0467,-52.7902,0.069
RGI60-05.03028,26121,71.968,-54.4451,0.796
RGI60-05.03029,26122,72.0137,-53.575,0.13
RGI60-05.03030,201187,71.9766,-54.5091,0.255
RGI60-05.03031,26123,72.0607,-52.6677,0.408
RGI60-05.03032,201188,72.0624,-52.6808,0.342
RGI60-05.03033,26124,72.0079,-53.9732,0.051
RGI60-05.03034,26125,72.0138,-53.8101,0.678
RGI60-05.03035,26126,71.9765,-54.481,1.058
RGI60-05.03036,26127,72.0244,-53.5728,0.906
RGI60-05.03037,201189,71.9942,-54.3312,0.067
RGI60-05.03038,201190,72.0254,-53.6253,1.65
RGI60-05.03039,26128,71.9642,-55.0165,0.053
RGI60-05.03040,201191,71.9831,-54.4527,0.319
RGI60-05.03041,26129,71.9904,-54.4375,1.519
RGI60-05.03042,26130,71.9611,-55.1485,0.158
RGI60-05.03043,201192,72.0931,-52.3895,0.1
RGI60-05.03044,26131,71.972,-54.9709,0.747
RGI60-05.03045,26132,72.0272,-54.0073,0.311
RGI60-05.03046,26133,71.9678,-55.1779,0.108
RGI60-05.03047,26134,72.0075,-54.4282,0.301
RGI60-05.03048,201193,72.0391,-53.6019,0.777
RGI60-05.03049,26135,72.0023,-54.3349,3.135
RGI60-05.03050,201194,72.009,-54.4582,0.195
RGI60-05.03051,26136,71.9675,-55.2599,0.052
RGI60-05.03052,201195,72.0472,-53.6175,1.076
RGI60-05.03053,201196,72.0466,-53.5926,0.27
RGI60-05.03054,26137,72.0464,-52.9964,3.649
RGI60-05.03055,26138,72.0408,-53.0333,4.833
RGI60-05.03056,201197,72.0386,-53.1488,4.229
RGI60-05.03057,201198,72.0562,-53.0612,1.256
RGI60-05.03058,26139,72.0555,-53.0793,0.36
RGI60-05.03059,201199,72.0294,-53.1736,3.647
RGI60-05.03060,201200,71.9529,-53.0154,0.38
RGI60-05.03061,26140,72.0311,-53.0225,2.146
RGI60-05.03062,201201,72.0193,-53.1155,2.435
RGI60-05.03063,201202,72.0166,-54.4528,0.086
RGI60-05.03064,201203,72.1146,-52.3748,0.058
RGI60-05.03065,26141,72.0219,-54.408,0.121
RGI60-05.03066,26142,72.09,-52.9952,0.054
RGI60-05.03067,201204,71.958,-53.3084,0.653
RGI60-05.03068,26143,72.0264,-53.6898,13.119
RGI60-05.03069,26144,72.0294,-53.8305,1.248
RGI60-05.03070,26145,72.0384,-53.7857,10.225
RGI60-05.03071,201205,72.0438,-53.7564,0.099
RGI60-05.03072,26146,72.0176,-53.7765,0.18
RGI60-05.03073,26147,72.004,-53.7607,3.508
RGI60-05.03074,26148,71.9824,-53.7133,3.458
RGI60-05.03075,26149,71.9859,-53.6274,8.962
RGI60-05.03076,26150,71.9879,-55.2255,0.725
RGI60-05.03077,201206,71.9557,-53.2894,0.106
RGI60-05.03078,26151,71.9755,-55.2071,0.949
RGI60-05.03079,201207,72.0663,-52.7473,0.074
RGI60-05.03080,26152,72.0671,-53.0052,0.563
RGI60-05.03081,26153,72.0118,-52.9802,29.995
RGI60-05.03082,201208,72.0424,-52.763,0.273
RGI60-05.03083,26154,72.043,-52.7431,0.176
RGI60-05.03084,26155,72.0099,-52.8812,2.093
RGI60-05.03085,26156,71.9676,-53.1702,42.061
RGI60-05.03086,201209,71.983,-53.0938,0.472
RGI60-05.03087,26157,71.9893,-52.9315,5.18
RGI60-05.03088,201210,71.9795,-53.3037,0.17
RGI60-05.03089,201211,71.9723,-52.9926,2.578
RGI60-05.03090,201212,71.9703,-53.3167,0.461
RGI60-05.03091,201213,71.9614,-53.3187,0.151
RGI60-05.03092,201214,71.9455,-53.2514,2.154
RGI60-05.03093,201215,71.9211,-53.1455,14.098
RGI60-05.03094,201216,72.0823,-52.6587,2.808
RGI60-05.03095,26158,71.9236,-53.2336,7.808
RGI60-05.03096,201217,71.9022,-53.2059,1.485
RGI60-05.03097,201218,72.6185,-53.5787,0.078
RGI60-05.03098,201219,71.8884,-53.1406,7.406
RGI60-05.03099,26159,71.8864,-53.2052,0.136
RGI60-05.03100,26160,72.0559,-52.774,7.605
RGI60-05.03101,201220,72.0527,-52.7871,0.051
RGI60-05.03102,201221,72.5764,-54.5862,0.104
RGI60-05.03103,26161,72.029,-52.8496,9.739
RGI60-05.03104,201222,72.0396,-52.7853,0.396
RGI60-05.03105,26162,72.0674,-52.9263,10.303
RGI60-05.03108,201223,72.1025,-52.9793,0.829
RGI60-05.03109,26163,72.017,-54.9032,0.05
RGI60-05.03110,26164,72.0049,-55.1585,0.26
RGI60-05.03111,201224,72.002,-55.254,0.055
RGI60-05.03112,201225,72.0345,-54.1909,0.859
RGI60-05.03113,26165,72.0852,-53.3729,8.378
RGI60-05.03114,26166,72.0199,-55.0631,0.242
RGI60-05.03115,201226,72.1506,-52.3188,0.146
RGI60-05.03116,26167,72.0259,-54.1055,24.31
RGI60-05.03117,26168,72.0534,-53.9578,1.5
RGI60-05.03118,26169,72.0505,-54.0186,7.441
RGI60-05.03119,201227,72.0493,-53.9562,0.471
RGI60-05.03120,26170,72.0454,-54.2403,6.109
RGI60-05.03121,26171,72.0351,-53.9719,0.724
RGI60-05.03122,26172,72.035,-54.2709,2.508
RGI60-05.03123,26173,72.0177,-53.9887,2.745
RGI60-05.03124,26174,72.0166,-54.2625,6.087
RGI60-05.03125,26175,71.9929,-53.9808,12.175
RGI60-05.03126,201228,72.0097,-54.2905,0.929
RGI60-05.03127,26176,71.9782,-54.2007,33.878
RGI60-05.03128,201229,71.9923,-53.9226,0.901
RGI60-05.03129,201230,72.0016,-54.2621,0.108
RGI60-05.03130,26177,71.9459,-54.1132,23.638
RGI60-05.03131,201231,71.9485,-54.2378,0.252
RGI60-05.03132,26178,71.9192,-54.0831,1.524
RGI60-05.03133,26179,71.9003,-54.0893,0.908
RGI60-05.03134,26180,71.9654,-53.9697,5.881
RGI60-05.03135,26181,71.945,-54.019,4.835
RGI60-05.03136,26182,71.9545,-53.9429,0.617
RGI60-05.03137,26183,71.9561,-53.9931,0.351
RGI60-05.03138,26184,71.9519,-53.9637,0.101
RGI60-05.03139,26185,71.9269,-54.0331,3.642
RGI60-05.03140,26186,72.0228,-55.3333,0.186
RGI60-05.03141,26187,72.0294,-55.2652,0.069
RGI60-05.03142,26188,71.8948,-54.0408,5.664
RGI60-05.03143,26189,72.0107,-55.4051,0.064
RGI60-05.03144,201232,72.1162,-53.3405,0.208
RGI60-05.03145,26190,72.0311,-55.0995,0.18
RGI60-05.03146,26191,72.0527,-54.7422,0.061
RGI60-05.03147,201233,72.1238,-53.2995,0.162
RGI60-05.03148,26192,72.0046,-55.3286,7.615
RGI60-05.03149,26193,72.0197,-55.2535,0.094
RGI60-05.03150,26194,72.1022,-53.7874,0.309
RGI60-05.03151,201234,72.2061,-52.2473,0.05
RGI60-05.03152,201235,72.1205,-53.3733,1.008
RGI60-05.03153,26195,72.132621765,-53.182472229,0.068
RGI60-05.03154,201236,72.1193,-53.5182,0.23
RGI60-05.03155,26196,72.1227,-53.4905,0.097
RGI60-05.03156,201237,72.1296,-53.3047,0.273
RGI60-05.03157,201238,72.0983,-53.797,0.38
RGI60-05.03158,26197,72.1374,-53.2349,7.924
RGI60-05.03159,26198,72.1116,-53.1909,5.189
RGI60-05.03160,26199,72.1131,-53.2647,4.073
RGI60-05.03161,26200,72.078,-54.7835,0.053
RGI60-05.03162,26201,72.0766,-54.8058,0.639
RGI60-05.03163,26202,72.1455,-53.55,0.055
RGI60-05.03164,26203,72.1293,-53.8793,0.263
RGI60-05.03165,201239,72.1643,-53.1794,0.096
RGI60-05.03166,26204,72.1183,-53.8605,6.973
RGI60-05.03167,26205,72.1054,-53.949,4.32
RGI60-05.03168,26206,72.1187,-53.8265,0.078
RGI60-05.03169,201240,72.109,-53.7995,0.268
RGI60-05.03170,26207,72.1176,-53.944,1.567
RGI60-05.03171,201241,72.1116,-53.8785,0.32
RGI60-05.03172,201242,72.077,-53.7662,3.659
RGI60-05.03173,201243,72.0977,-53.8723,0.778
RGI60-05.03174,26208,72.0892,-53.8462,5.288
RGI60-05.03175,201244,72.0695,-53.8182,2.097
RGI60-05.03176,201245,72.0985,-53.8132,0.212
RGI60-05.03177,26209,72.0947,-53.9413,1.254
RGI60-05.03178,26210,72.0872,-53.9067,1.461
RGI60-05.03179,26211,72.0664,-53.7194,1.73
RGI60-05.03180,26212,72.0857,-53.8855,0.096
RGI60-05.03181,201246,72.0794,-53.8279,0.267
RGI60-05.03182,201247,72.0596,-53.7487,0.621
RGI60-05.03183,26213,72.0599,-54.7674,10.683
RGI60-05.03184,26214,72.033,-54.7961,0.73
RGI60-05.03185,26215,72.0407,-54.9063,8.428
RGI60-05.03186,201248,72.0379,-54.951,0.395
RGI60-05.03187,201249,72.033,-54.9272,0.479
RGI60-05.03188,201250,72.6028,-54.3872,1.647
RGI60-05.03189,26216,72.0084,-54.9677,21.066
RGI60-05.03190,26217,71.9918,-55.0433,2.77
RGI60-05.03191,26218,71.981,-54.9355,0.647
RGI60-05.03192,26219,72.088,-55.1986,0.24
RGI60-05.03193,26220,72.1576,-53.8626,0.574
RGI60-05.03194,26221,72.062,-54.8595,8.399
RGI60-05.03195,26222,72.1681,-53.4235,1.716
RGI60-05.03196,26223,72.1058,-54.762,2.612
RGI60-05.03197,201251,72.1906,-53.3687,0.694
RGI60-05.03198,26224,72.1576,-54.1444,2.675
RGI60-05.03199,201252,72.206,-53.3697,1.686
RGI60-05.03201,201253,72.1531,-54.6293,0.064
RGI60-05.03202,26225,72.16,-54.612,0.144
RGI60-05.03203,26226,72.1177,-54.1309,1.066
RGI60-05.03204,26227,72.1539,-54.2564,30.108
RGI60-05.03205,26228,72.1333,-54.1438,5.938
RGI60-05.03206,26229,72.1135,-54.2229,15.994
RGI60-05.03207,26230,72.0919,-54.1442,6.082
RGI60-05.03208,26231,72.1091,-54.1381,1.286
RGI60-05.03209,201254,72.1052,-54.1713,0.828
RGI60-05.03210,26232,72.0622,-54.1391,2.474
RGI60-05.03211,26233,72.0782,-54.1358,1.741
RGI60-05.03212,201255,72.0774,-54.3531,1.766
RGI60-05.03213,26234,72.0776,-54.2296,12.491
RGI60-05.03214,201256,72.0913,-54.4023,2.245
RGI60-05.03215,201257,72.0644,-54.2354,0.702
RGI60-05.03216,201258,72.0522,-54.1755,0.362
RGI60-05.03217,201259,72.1383,-54.336,3.327
RGI60-05.03218,201260,72.1243,-54.339,2.619
RGI60-05.03219,26235,72.2181,-53.8709,0.072
RGI60-05.03220,26236,72.1544,-54.8823,16.708
RGI60-05.03221,26237,72.1948,-54.6285,3.743
RGI60-05.03222,26238,72.1845,-54.1575,4.464
RGI60-05.03223,26239,72.2074,-54.1869,7.251
RGI60-05.03224,201261,72.1801,-54.1902,2.331
RGI60-05.03225,26240,72.2099,-54.2453,3.877
RGI60-05.03226,26241,72.2399,-53.5724,4.247
RGI60-05.03227,26242,72.2392,-53.6259,1.689
RGI60-05.03228,26243,72.2095,-53.4264,22.266
RGI60-05.03230,26244,72.2376,-53.6551,0.692
RGI60-05.03231,26245,72.2287,-53.5037,4.361
RGI60-05.03232,26246,72.1731,-54.6183,2.451
RGI60-05.03233,201262,72.223,-53.6451,2.715
RGI60-05.03234,201263,72.2191,-53.6188,2.105
RGI60-05.03235,26247,72.1842,-53.2968,18.949
RGI60-05.03236,26248,72.1908,-54.6626,3.566
RGI60-05.03237,26249,72.2096,-53.5639,4.275
RGI60-05.03238,201264,72.2107,-53.6582,0.46
RGI60-05.03239,26250,72.1633,-53.6359,1.484
RGI60-05.03240,26251,72.1367,-53.3406,13.314
RGI60-05.03241,201265,72.1813,-53.2226,5.928
RGI60-05.03242,26252,72.1232,-53.5287,0.417
RGI60-05.03243,26253,72.1951,-53.5649,2.161
RGI60-05.03244,26254,72.1897,-53.4862,0.076
RGI60-05.03245,26255,72.1696,-53.5292,13.269
RGI60-05.03246,201266,72.1906,-53.5348,0.999
RGI60-05.03247,26256,72.1691,-53.6235,3.108
RGI60-05.03248,201267,72.1548,-53.2459,1.502
RGI60-05.03249,26257,72.1368,-53.5722,6.808
RGI60-05.03250,26258,72.419,-53.1964,0.149
RGI60-05.03251,26259,72.1386,-53.4777,2.152
RGI60-05.03252,201268,72.1417,-53.5132,0.07
RGI60-05.03253,26260,72.2091,-54.683,0.148
RGI60-05.03254,26261,72.4202,-53.8051,0.056
RGI60-05.03255,26262,72.4559,-53.0756,0.089
RGI60-05.03256,26263,72.2572,-53.9232,5.21
RGI60-05.03257,26264,72.2277,-53.939,4.691
RGI60-05.03258,26265,72.23,-53.9028,2.478
RGI60-05.03259,26266,72.2101,-53.8966,1.279
RGI60-05.03260,26267,72.1913,-53.8836,2.822
RGI60-05.03261,26268,72.2058,-53.933,3.048
RGI60-05.03262,26269,72.1837,-53.9425,5.872
RGI60-05.03263,26270,72.1836,-53.856,1.291
RGI60-05.03264,26271,72.168,-53.8912,5.007
RGI60-05.03265,26272,72.1631,-53.9563,3.188
RGI60-05.03266,26273,72.1465,-53.9001,3.588
RGI60-05.03267,201269,72.1467,-53.9672,2.212
RGI60-05.03268,26274,72.1329,-53.9399,3.497
RGI60-05.03269,26275,72.2457,-54.5866,0.089
RGI60-05.03270,26276,72.2915,-54.0368,0.301
RGI60-05.03271,26277,72.4457,-55.5001,0.191
RGI60-05.03272,201270,72.3075,-53.643,3.486
RGI60-05.03273,26278,72.2628,-54.5155,5.128
RGI60-05.03274,26279,72.2875,-54.4716,0.058
RGI60-05.03275,26280,72.4901,-55.4616,0.069
RGI60-05.03276,26281,72.3198,-53.4997,8.021
RGI60-05.03279,26282,72.4912,-55.4795,0.146
RGI60-05.03280,26283,72.4982,-55.5,0.067
RGI60-05.03281,201271,72.6185,-53.6027,0.05
RGI60-05.03282,26284,72.3854,-53.6321,5.39
RGI60-05.03283,26285,72.4306,-53.7338,4.97
RGI60-05.03284,26286,72.4566,-53.6417,0.052
RGI60-05.03285,201272,72.5241,-53.6763,0.511
RGI60-05.03286,26287,72.4446,-55.4747,0.123
RGI60-05.03287,201273,72.6106,-54.3153,5.912
RGI60-05.03288,201274,72.8972,-54.4401,0.349
RGI60-05.03289,201275,72.9033,-54.4243,0.067
RGI60-05.03290,201276,72.9051,-54.409,0.053
RGI60-05.03291,201277,72.9706,-54.6323,0.151
RGI60-05.03292,201278,72.9718,-54.6132,0.248
RGI60-05.03293,201279,60.1073,-44.5472,0.054
RGI60-05.03294,201280,60.0195,-43.7688,0.055
RGI60-05.03295,201281,60.055,-44.3499,0.087
RGI60-05.03296,201282,60.0567,-43.8941,0.073
RGI60-05.03297,201283,60.0948,-43.315,0.075
RGI60-05.03298,201284,59.9153,-44.2625,0.234
RGI60-05.03299,,59.9431,-44.1937,0.2
RGI60-05.03300,201285,59.9446,-44.1346,0.087
RGI60-05.03301,201286,59.9183,-44.2353,0.538
RGI60-05.03302,201287,59.9216,-44.2532,0.136
RGI60-05.03303,201288,59.9671,-44.0589,0.072
RGI60-05.03304,201289,59.9198,-43.9781,0.288
RGI60-05.03305,201290,59.9246,-43.9556,0.068
RGI60-05.03306,201291,59.9279,-44.2457,0.053
RGI60-05.03307,201292,59.9333,-44.2341,0.46
RGI60-05.03308,201293,59.9343,-44.2169,0.181
RGI60-05.03309,201294,59.9989,-43.6028,0.052
RGI60-05.03310,201295,59.8975,-44.0045,0.178
RGI60-05.03311,201296,59.9003,-43.9308,0.244
RGI60-05.03312,201297,59.9088,-43.8972,0.065
RGI60-05.03313,201298,59.9086,-43.8854,0.249
RGI60-05.03314,201299,59.8311,-44.0322,0.092
RGI60-05.03315,201300,59.8372,-44.0399,0.115
RGI60-05.03316,201301,59.8469,-43.8599,0.069
RGI60-05.03317,201302,59.8493,-44.0393,0.256
RGI60-05.03318,201303,59.8705,-44.0381,0.06
RGI60-05.03319,201304,59.8798,-44.05,0.186
RGI60-05.03320,201305,59.8848,-44.0444,0.091
RGI60-05.03321,201306,59.9129,-44.2479,0.07
RGI60-05.03322,201307,59.9442,-43.4085,0.2
RGI60-05.03323,,59.951,-44.1328,0.226
RGI60-05.03324,201308,59.9504,-44.0853,0.068
RGI60-05.03325,201309,59.9559,-44.2527,0.122
RGI60-05.03326,201310,59.9488,-44.2019,1.221
RGI60-05.03327,201311,59.957,-43.6289,0.054
RGI60-05.03328,201312,59.9609,-44.1914,0.592
RGI60-05.03329,201313,59.96,-43.5712,0.075
RGI60-05.03330,201314,59.9639,-43.7322,0.21
RGI60-05.03331,201315,59.9705,-44.1188,0.138
RGI60-05.03332,201316,59.9642,-43.397,0.07
RGI60-05.03333,201317,59.9725,-44.1899,0.081
RGI60-05.03334,201318,59.9691,-43.7414,0.331
RGI60-05.03335,201319,59.975,-44.1763,0.127
RGI60-05.03336,201320,59.9698,-43.7205,0.43
RGI60-05.03337,201321,59.9705,-43.59,0.088
RGI60-05.03338,201322,59.9737,-43.749,0.136
RGI60-05.03339,201323,59.9744,-44.0765,1.307
RGI60-05.03340,201324,59.9715,-44.0568,0.284
RGI60-05.03341,201325,59.9627,-44.0747,0.27
RGI60-05.03342,201326,59.9527,-44.0929,1.488
RGI60-05.03343,201327,59.9487,-44.1136,0.409
RGI60-05.03344,201328,59.9633,-44.1008,3.444
RGI60-05.03345,201329,59.9704,-43.428,0.638
RGI60-05.03346,201330,59.977,-43.7381,0.43
RGI60-05.03347,201331,59.9753,-43.4162,0.09
RGI60-05.03348,201332,59.9728,-43.3928,0.47
RGI60-05.03349,201333,59.9844,-44.0827,0.202
RGI60-05.03350,201334,59.9871,-44.0583,0.087
RGI60-05.03351,201335,59.9819,-43.6471,0.212
RGI60-05.03352,201336,59.9886,-43.6515,0.057
RGI60-05.03353,201337,59.988,-43.6436,0.1
RGI60-05.03354,201338,59.9855,-43.5972,0.308
RGI60-05.03355,201339,59.9914,-44.0401,0.314
RGI60-05.03356,201340,59.9892,-43.434,0.117
RGI60-05.03357,201341,59.9965,-44.0399,0.051
RGI60-05.03358,201342,60.0,-43.6219,0.088
RGI60-05.03359,201343,59.9758,-43.7696,0.403
RGI60-05.03360,201344,59.986,-43.765,2.864
RGI60-05.03361,,59.999,-44.1287,0.117
RGI60-05.03362,,59.9962,-44.0868,0.253
RGI60-05.03363,201345,59.9995,-44.0478,0.091
RGI60-05.03364,201346,59.9906,-43.4442,0.333
RGI60-05.03365,201347,59.9963,-43.654,0.181
RGI60-05.03366,201348,59.9956,-44.0645,1.503
RGI60-05.03367,201349,59.9949,-43.4346,0.137
RGI60-05.03368,201350,60.0023,-43.762,0.959
RGI60-05.03369,201351,60.0072,-43.5319,0.085
RGI60-05.03370,201352,60.0032,-43.5904,0.652
RGI60-05.03371,201353,60.0079,-43.432,0.231
RGI60-05.03372,201354,60.0203,-44.4532,0.052
RGI60-05.03373,201355,60.021,-44.5709,0.094
RGI60-05.03374,201356,60.0162,-43.7996,0.162
RGI60-05.03375,201357,60.0226,-44.5803,0.053
RGI60-05.03376,201358,60.0167,-43.8105,0.076
RGI60-05.03377,201359,60.0134,-43.7844,1.058
RGI60-05.03378,201360,60.0128,-43.6055,0.222
RGI60-05.03379,201361,60.0203,-43.792,0.087
RGI60-05.03380,201362,60.0213,-43.7525,0.313
RGI60-05.03381,201363,60.0259,-44.5615,0.165
RGI60-05.03382,201364,60.028,-44.4524,0.103
RGI60-05.03383,201365,60.0286,-44.3669,0.111
RGI60-05.03384,201366,60.0224,-43.5224,0.079
RGI60-05.03385,201367,60.0255,-43.7732,0.104
RGI60-05.03386,201368,60.0243,-43.6246,0.148
RGI60-05.03387,201369,60.0244,-43.6169,0.137
RGI60-05.03388,201370,60.0196,-43.6216,0.086
RGI60-05.03389,201371,60.0333,-44.5517,0.195
RGI60-05.03390,201372,60.0336,-44.4545,0.177
RGI60-05.03391,201373,60.0263,-43.5156,0.276
RGI60-05.03392,201374,60.0339,-44.3811,0.127
RGI60-05.03393,201375,60.0307,-43.5192,0.104
RGI60-05.03394,201376,60.0325,-43.6021,0.057
RGI60-05.03395,201377,60.0149,-43.5186,0.269
RGI60-05.03396,201378,60.024,-43.5431,2.68
RGI60-05.03397,201379,60.0311,-43.6273,0.722
RGI60-05.03398,201380,60.0578,-43.9504,0.178
RGI60-05.03399,201381,60.038,-44.5722,0.807
RGI60-05.03400,201382,60.0434,-44.553,0.095
RGI60-05.03401,201383,60.0451,-44.5755,0.095
RGI60-05.03402,,60.0448,-44.4477,0.124
RGI60-05.03403,201384,60.0469,-44.363,0.069
RGI60-05.03404,201385,60.0342,-43.5663,1.61
RGI60-05.03405,,60.042,-43.6514,0.106
RGI60-05.03406,201386,60.0371,-43.6495,0.559
RGI60-05.03407,201387,60.0642,-44.7727,0.092
RGI60-05.03408,201388,60.0387,-43.5291,0.771
RGI60-05.03409,201389,60.0493,-44.3642,0.073
RGI60-05.03410,201390,60.0416,-44.3603,1.388
RGI60-05.03411,201391,60.0479,-43.9065,0.068
RGI60-05.03412,201392,60.0439,-43.5509,0.394
RGI60-05.03413,201393,60.0536,-44.3644,0.127
RGI60-05.03414,201394,60.0483,-43.5836,0.08
RGI60-05.03415,201395,60.049,-43.5698,0.802
RGI60-05.03416,,60.0624,-44.344,0.156
RGI60-05.03417,201396,60.0454,-43.6685,2.905
RGI60-05.03418,201397,60.0375,-43.7181,0.623
RGI60-05.03419,201398,60.0292,-43.7298,0.2
RGI60-05.03420,201399,60.0092,-43.612,0.13
RGI60-05.03421,201400,60.0233,-43.669,4.301
RGI60-05.03422,201401,60.0568,-44.3253,0.125
RGI60-05.03423,201402,60.0148,-43.7222,9.152
RGI60-05.03424,201403,60.0109,-43.6388,4.26
RGI60-05.03425,201404,60.0594,-44.6192,0.064
RGI60-05.03426,201405,60.0603,-44.7817,0.081
RGI60-05.03427,201406,60.0583,-44.3508,0.089
RGI60-05.03428,,60.0643,-44.3106,0.153
RGI60-05.03429,201407,60.0664,-44.7538,0.082
RGI60-05.03430,201408,60.0677,-44.7667,0.12
RGI60-05.03431,201409,60.0604,-43.8888,0.302
RGI60-05.03432,201410,60.0592,-43.4037,0.113
RGI60-05.03433,201411,60.0705,-44.7474,0.072
RGI60-05.03434,201412,60.0636,-43.7623,0.467
RGI60-05.03435,201413,60.0558,-43.3967,0.834
RGI60-05.03436,201414,60.0668,-43.7618,0.063
RGI60-05.03437,201415,60.0739,-44.5353,0.066
RGI60-05.03438,201416,60.073,-44.7622,0.33
RGI60-05.03439,201417,60.0823,-44.8198,0.077
RGI60-05.03440,201418,60.0647,-43.4555,0.119
RGI60-05.03441,201419,60.0672,-43.6949,0.153
RGI60-05.03442,201420,60.0631,-43.4194,0.291
RGI60-05.03443,201421,60.0783,-44.7823,0.076
RGI60-05.03444,201422,60.0699,-43.7485,0.828
RGI60-05.03445,201423,60.0713,-43.6862,0.059
RGI60-05.03446,201424,60.0783,-44.5505,0.177
RGI60-05.03447,201425,60.0792,-44.4268,0.073
RGI60-05.03448,201426,60.0725,-43.6797,0.073
RGI60-05.03449,201427,60.0701,-43.4701,0.152
RGI60-05.03450,201428,60.0793,-44.5961,0.313
RGI60-05.03451,201429,60.0726,-43.4566,0.149
RGI60-05.03452,201430,60.0835,-44.6142,0.068
RGI60-05.03453,201431,60.0807,-44.8,0.686
RGI60-05.03454,201432,60.0771,-43.738,0.322
RGI60-05.03455,201433,60.0866,-44.7364,0.088
RGI60-05.03456,201434,60.0855,-44.4227,0.159
RGI60-05.03457,201435,60.081,-43.9895,0.224
RGI60-05.03458,201436,60.0797,-43.6148,0.126
RGI60-05.03459,201437,60.0874,-44.4364,0.094
RGI60-05.03460,201438,60.0905,-44.7348,0.059
RGI60-05.03461,201439,60.0837,-43.8583,0.285
RGI60-05.03462,,60.0891,-44.6062,0.101
RGI60-05.03463,201440,60.0907,-44.6172,0.157
RGI60-05.03464,201441,60.0908,-44.5288,0.138
RGI60-05.03465,201442,60.0865,-43.9811,0.269
RGI60-05.03466,201443,60.0865,-44.5738,1.565
RGI60-05.03467,201444,60.0849,-43.6144,0.051
RGI60-05.03468,201445,60.0914,-44.7497,0.217
RGI60-05.03469,201446,60.0887,-43.91,0.072
RGI60-05.03470,201447,60.0944,-44.766,0.108
RGI60-05.03471,201448,60.0858,-43.6189,0.079
RGI60-05.03472,201449,60.0899,-43.9723,0.135
RGI60-05.03473,201450,60.0916,-44.5974,0.439
RGI60-05.03474,201451,60.0881,-43.6757,0.091
RGI60-05.03475,201452,60.0947,-44.5822,0.197
RGI60-05.03476,201453,60.0939,-44.4414,0.098
RGI60-05.03477,201454,60.0955,-44.7568,0.102
RGI60-05.03478,201455,60.0938,-44.5567,0.106
RGI60-05.03479,201456,60.0913,-43.8536,0.061
RGI60-05.03480,201457,60.0973,-44.5211,0.095
RGI60-05.03481,201458,60.0962,-44.5309,0.102
RGI60-05.03482,201459,60.094,-44.3126,0.559
RGI60-05.03483,201460,60.0894,-44.308,0.45
RGI60-05.03484,201461,60.0876,-44.3331,0.882
RGI60-05.03485,201462,60.0839,-44.326,0.304
RGI60-05.03486,201463,60.0911,-43.6761,0.139
RGI60-05.03487,201464,60.0919,-43.6652,0.101
RGI60-05.03488,201465,60.0977,-44.5677,0.464
RGI60-05.03489,201466,60.1032,-44.5682,0.055
RGI60-05.03490,201467,60.0991,-44.436,0.305
RGI60-05.03491,201468,60.0999,-44.0288,0.086
RGI60-05.03492,201469,60.1037,-44.557,0.121
RGI60-05.03493,201470,60.103,-44.5313,0.115
RGI60-05.03494,201471,60.0991,-43.7018,0.05
RGI60-05.03495,201472,60.0998,-43.6636,0.11
RGI60-05.03496,201473,60.1037,-44.4229,0.662
RGI60-05.03497,201474,60.1023,-43.6533,0.054
RGI60-05.03498,201475,60.1068,-44.0303,0.569
RGI60-05.03499,201476,60.0951,-43.69,2.466
RGI60-05.03500,201477,60.0945,-43.7081,0.1
RGI60-05.03501,201478,60.089,-43.6851,0.086
RGI60-05.03502,201479,60.0827,-43.7022,0.572
RGI60-05.03503,201480,60.081,-43.7159,0.773
RGI60-05.03504,201481,60.1164,-44.0194,0.051
RGI60-05.03505,201482,60.1174,-44.3919,0.467
RGI60-05.03506,201483,60.1142,-44.4113,1.128
RGI60-05.03507,201484,60.1076,-44.4056,0.264
RGI60-05.03508,201485,60.1219,-44.6761,0.059
RGI60-05.03509,,60.1188,-44.4282,0.256
RGI60-05.03510,,60.1214,-44.6268,0.22
RGI60-05.03511,201486,60.1171,-43.9896,0.186
RGI60-05.03512,201487,60.1164,-43.8076,0.134
RGI60-05.03513,201488,60.1219,-44.504,0.349
RGI60-05.03514,201489,60.1207,-44.0227,0.065
RGI60-05.03515,201490,60.1225,-44.5152,0.295
RGI60-05.03516,201491,60.1203,-43.8244,0.077
RGI60-05.03517,201492,60.1181,-43.4369,0.056
RGI60-05.03518,201493,60.123,-43.7626,0.102
RGI60-05.03519,201494,60.12,-43.7596,0.22
RGI60-05.03520,201495,60.1182,-43.4503,0.071
RGI60-05.03521,201496,60.2635,-44.9911,0.066
RGI60-05.03522,,60.3276,-44.4619,0.078
RGI60-05.03523,201497,60.3701,-43.2789,0.097
RGI60-05.03524,201498,60.382,-44.2437,0.05
RGI60-05.03525,201499,60.2955,-45.2839,0.054
RGI60-05.03526,201500,60.3196,-45.2531,0.051
RGI60-05.03527,201501,60.4713,-44.3666,0.105
RGI60-05.03528,201502,60.474,-44.3741,0.071
RGI60-05.03529,201503,60.4909,-44.1589,0.059
RGI60-05.03530,201504,60.1421,-44.6719,0.095
RGI60-05.03531,201505,60.3188,-44.812,0.11
RGI60-05.03532,201506,60.1239,-43.7933,0.052
RGI60-05.03533,201507,60.1152,-43.7937,1.225
RGI60-05.03534,201508,60.1257,-43.9798,0.08
RGI60-05.03535,201509,60.1228,-44.0068,0.557
RGI60-05.03536,201510,60.1295,-44.5996,0.088
RGI60-05.03537,201511,60.1285,-44.6215,0.605
RGI60-05.03538,201512,60.1307,-44.5057,0.055
RGI60-05.03539,201513,60.13,-44.6764,0.224
RGI60-05.03540,201514,60.1313,-44.6874,0.08
RGI60-05.03541,201515,60.1318,-44.6997,0.076
RGI60-05.03542,201516,60.1276,-43.972,0.083
RGI60-05.03543,201517,60.1186,-43.3263,0.131
RGI60-05.03544,201518,60.1351,-44.0814,0.141
RGI60-05.03545,,60.1405,-44.6041,0.053
RGI60-05.03546,201519,60.1283,-43.441,0.143
RGI60-05.03547,201520,60.1176,-44.5326,3.444
RGI60-05.03548,201521,60.1221,-43.3081,0.158
RGI60-05.03549,201522,60.1356,-44.5659,0.117
RGI60-05.03550,201523,60.1355,-44.7217,0.113
RGI60-05.03551,201524,60.1339,-44.7091,0.217
RGI60-05.03552,201525,60.1347,-44.609,0.352
RGI60-05.03553,201526,60.1281,-43.4792,0.063
RGI60-05.03554,201527,60.1322,-43.9779,0.429
RGI60-05.03555,201528,60.1396,-44.5928,0.354
RGI60-05.03556,201529,60.1407,-44.5422,0.335
RGI60-05.03557,201530,60.1361,-44.5516,1.348
RGI60-05.03558,201531,60.1296,-44.5437,0.386
RGI60-05.03559,201532,60.1307,-43.3331,0.213
RGI60-05.03560,201533,60.1357,-43.4905,0.091
RGI60-05.03561,201534,60.1362,-43.9402,0.768
RGI60-05.03562,201535,60.1328,-43.8695,0.788
RGI60-05.03563,201536,60.1299,-43.9125,3.1
RGI60-05.03564,,60.1311,-43.9327,0.052
RGI60-05.03565,201537,60.1194,-43.8309,0.351
RGI60-05.03566,201538,60.1217,-43.859,1.697
RGI60-05.03567,201539,60.1214,-43.8366,0.103
RGI60-05.03568,201540,60.1328,-43.8858,1.146
RGI60-05.03569,201541,60.2016,-44.1119,0.145
RGI60-05.03570,201542,60.1075,-43.8437,3.725
RGI60-05.03571,201543,60.0972,-43.8621,0.71
RGI60-05.03572,201544,60.0758,-43.8999,8.916
RGI60-05.03573,,60.229,-44.0435,0.051
RGI60-05.03574,201545,60.108,-43.9075,11.937
RGI60-05.03575,201546,60.0545,-43.9026,0.242
RGI60-05.03576,201547,60.0538,-43.9277,0.677
RGI60-05.03577,201548,60.1357,-43.9957,1.655
RGI60-05.03578,201549,60.1431,-44.057,0.07
RGI60-05.03579,201550,60.1473,-44.5556,0.192
RGI60-05.03580,201551,60.1492,-44.6366,0.091
RGI60-05.03581,201552,60.1371,-43.5607,0.413
RGI60-05.03582,201553,60.1508,-44.6264,0.068
RGI60-05.03583,201554,60.1514,-44.5645,0.053
RGI60-05.03584,201555,60.1444,-44.0823,0.462
RGI60-05.03585,201556,60.1471,-44.0716,0.22
RGI60-05.03586,201557,60.1496,-44.5829,0.766
RGI60-05.03587,201558,60.1498,-44.5364,0.775
RGI60-05.03588,201559,60.1328,-44.5164,1.62
RGI60-05.03589,201560,60.1482,-44.052,0.647
RGI60-05.03590,,60.1477,-44.5922,0.1
RGI60-05.03591,201561,60.155,-44.6511,0.422
RGI60-05.03592,201562,60.1503,-44.6017,0.614
RGI60-05.03593,,60.1443,-44.5974,0.1
RGI60-05.03594,,60.1465,-44.6088,0.377
RGI60-05.03595,201563,60.1545,-44.6328,0.198
RGI60-05.03596,201564,60.1538,-44.0596,0.066
RGI60-05.03597,201565,60.1527,-44.044,0.081
RGI60-05.03598,201566,60.1567,-44.6047,0.188
RGI60-05.03599,201567,60.1568,-44.6247,0.142
RGI60-05.03600,201568,60.1447,-43.5763,0.537
RGI60-05.03601,201569,60.2311,-44.2611,0.124
RGI60-05.03602,201570,60.1483,-44.6482,0.505
RGI60-05.03603,201571,60.1544,-43.5806,0.069
RGI60-05.03604,201572,60.1611,-44.3612,0.076
RGI60-05.03605,201573,60.1674,-44.3628,0.193
RGI60-05.03606,201574,60.1671,-44.3115,0.159
RGI60-05.03607,201575,60.1699,-44.6494,0.094
RGI60-05.03608,201576,60.1672,-44.3243,0.15
RGI60-05.03609,201577,60.1677,-43.8226,0.193
RGI60-05.03610,201578,60.1741,-44.3339,0.083
RGI60-05.03611,,60.1768,-44.486,0.105
RGI60-05.03612,201579,60.2029,-45.0129,0.282
RGI60-05.03613,201580,60.1681,-43.8354,0.627
RGI60-05.03614,201581,60.1733,-44.3257,0.153
RGI60-05.03615,201582,60.1704,-43.5975,0.078
RGI60-05.03616,201583,60.1787,-44.3409,0.096
RGI60-05.03617,201584,60.1779,-44.2849,0.081
RGI60-05.03618,201585,60.1779,-44.3181,0.093
RGI60-05.03619,201586,60.1809,-44.4279,0.06
RGI60-05.03620,201587,60.181,-44.3273,0.063
RGI60-05.03621,201588,60.1723,-44.3846,1.891
RGI60-05.03622,201589,60.2055,-44.33,0.111
RGI60-05.03623,201590,60.1758,-44.3062,0.844
RGI60-05.03624,201591,60.1779,-43.6781,0.107
RGI60-05.03625,201592,60.1824,-43.9937,0.105
RGI60-05.03626,201593,60.1859,-44.5382,0.062
RGI60-05.03627,201594,60.1841,-44.4797,0.168
RGI60-05.03628,201595,60.184,-44.4137,0.4
RGI60-05.03629,201596,60.186,-44.3446,0.177
RGI60-05.03630,201597,60.1866,-44.3905,0.411
RGI60-05.03631,201598,60.1894,-44.3795,0.204
RGI60-05.03632,201599,60.2078,-45.0059,0.191
RGI60-05.03633,201600,60.2316,-44.4356,0.11
RGI60-05.03634,201601,60.177,-44.358,1.254
RGI60-05.03635,201602,60.1875,-44.3634,0.761
RGI60-05.03636,201603,60.1929,-44.1167,0.05
RGI60-05.03637,201604,60.1926,-44.1385,0.264
RGI60-05.03638,201605,60.197,-44.1179,0.056
RGI60-05.03639,201606,60.1984,-44.4148,0.072
RGI60-05.03640,201607,60.1945,-44.1005,0.708
RGI60-05.03641,201608,60.1937,-43.6013,0.146
RGI60-05.03642,,60.1935,-43.5956,0.077
RGI60-05.03643,201609,60.2071,-44.1304,0.181
RGI60-05.03644,201610,60.2121,-44.9641,0.054
RGI60-05.03645,,60.211,-44.5229,0.082
RGI60-05.03646,,60.2062,-44.0786,0.209
RGI60-05.03647,201611,60.2142,-45.0088,0.139
RGI60-05.03648,201612,60.2108,-44.3648,0.213
RGI60-05.03649,201613,60.2135,-44.5702,0.108
RGI60-05.03650,201614,60.2109,-44.3545,0.196
RGI60-05.03651,201615,60.2012,-43.9925,2.647
RGI60-05.03652,201616,60.2649,-44.4942,0.099
RGI60-05.03653,201617,60.1875,-43.9677,2.154
RGI60-05.03654,,60.1894,-44.0087,1.092
RGI60-05.03655,201618,60.2131,-44.373,0.107
RGI60-05.03656,201619,60.2146,-44.4155,0.068
RGI60-05.03657,,60.2138,-44.0733,0.071
RGI60-05.03658,201620,60.2168,-44.9783,0.105
RGI60-05.03659,201621,60.2139,-44.5873,0.722
RGI60-05.03660,201622,60.2417,-45.051,0.351
RGI60-05.03661,201623,60.2076,-44.5904,0.467
RGI60-05.03662,201624,60.2199,-44.6314,0.065
RGI60-05.03663,201625,60.2208,-44.5848,0.07
RGI60-05.03664,201626,60.2134,-44.0975,1.113
RGI60-05.03665,201627,60.2197,-44.68,0.227
RGI60-05.03666,201628,60.2211,-44.407,0.057
RGI60-05.03667,201629,60.2226,-44.5334,0.139
RGI60-05.03668,201630,60.2247,-44.6797,0.07
RGI60-05.03669,201631,60.2189,-44.5709,0.596
RGI60-05.03670,201632,60.2407,-44.2332,0.236
RGI60-05.03671,201633,60.2222,-44.6464,0.534
RGI60-05.03672,201634,60.2232,-44.4307,0.916
RGI60-05.03673,201635,60.2144,-44.4039,0.212
RGI60-05.03674,201636,60.2128,-44.4887,3.166
RGI60-05.03675,201637,60.2217,-44.4445,0.114
RGI60-05.03676,201638,60.2525,-44.2664,0.052
RGI60-05.03677,201639,60.1962,-44.5336,2.954
RGI60-05.03678,201640,60.2074,-44.4118,1.065
RGI60-05.03679,201641,60.2264,-44.4948,0.44
RGI60-05.03680,201642,60.2299,-44.4484,0.201
RGI60-05.03681,201643,60.23,-44.5356,0.277
RGI60-05.03682,201644,60.2014,-44.459,6.238
RGI60-05.03683,,60.2047,-44.4889,0.164
RGI60-05.03684,201645,60.1887,-44.5084,0.904
RGI60-05.03685,201646,60.2297,-45.0807,0.063
RGI60-05.03686,,60.2279,-44.5572,0.198
RGI60-05.03687,201647,60.2319,-44.985,0.059
RGI60-05.03688,201648,60.2309,-44.6851,0.77
RGI60-05.03689,201649,60.2326,-44.236,0.159
RGI60-05.03690,201650,60.228,-44.5133,0.889
RGI60-05.03691,201651,60.2361,-45.072,0.083
RGI60-05.03692,201652,60.2325,-44.0417,0.136
RGI60-05.03693,201653,60.2327,-44.6475,1.093
RGI60-05.03694,,60.2348,-44.0336,0.147
RGI60-05.03695,201654,60.2421,-44.9932,0.066
RGI60-05.03696,201655,60.2486,-43.1728,0.056
RGI60-05.03697,201656,60.2383,-44.6025,1.301
RGI60-05.03698,201657,60.2302,-44.5944,0.45
RGI60-05.03699,201658,60.2261,-44.6118,0.741
RGI60-05.03700,201659,60.2356,-44.0599,1.132
RGI60-05.03701,201660,60.2257,-44.0808,1.576
RGI60-05.03702,201661,60.2195,-44.061,0.932
RGI60-05.03703,201662,60.2448,-44.6269,0.114
RGI60-05.03704,201663,60.2378,-44.6238,0.561
RGI60-05.03705,201664,60.2325,-44.6266,0.051
RGI60-05.03706,201665,60.247,-44.9871,0.088
RGI60-05.03707,201666,60.2453,-44.2363,0.132
RGI60-05.03708,201667,60.2479,-45.0002,0.129
RGI60-05.03709,201668,60.2465,-45.0396,0.227
RGI60-05.03710,201669,60.2447,-44.2603,1.464
RGI60-05.03711,201670,60.2458,-44.0269,1.626
RGI60-05.03712,201671,60.2548,-45.3303,0.061
RGI60-05.03713,201672,60.2554,-44.9927,0.365
RGI60-05.03714,201673,60.2573,-44.4742,0.05
RGI60-05.03715,201674,60.2564,-44.2655,0.102
RGI60-05.03716,201675,60.2598,-45.3092,0.075
RGI60-05.03717,201676,60.2455,-43.167,0.05
RGI60-05.03718,201677,60.2609,-44.5007,0.07
RGI60-05.03719,201678,60.2604,-44.4894,0.128
RGI60-05.03720,201679,60.2596,-44.9793,0.332
RGI60-05.03721,,60.261,-44.2694,0.067
RGI60-05.03722,201680,60.2924,-45.2711,0.08
RGI60-05.03723,201681,60.2578,-44.0099,1.011
RGI60-05.03724,201682,60.2509,-44.2804,1.256
RGI60-05.03725,201683,60.2551,-43.2237,0.215
RGI60-05.03726,201684,60.2679,-44.2648,1.066
RGI60-05.03727,201685,60.2729,-44.9354,0.213
RGI60-05.03728,201686,60.278,-44.9387,0.087
RGI60-05.03729,201687,60.282,-43.1757,0.059
RGI60-05.03730,,60.2952,-44.3913,0.059
RGI60-05.03731,201688,60.2709,-43.9638,3.086
RGI60-05.03732,201689,60.2771,-44.2789,0.378
RGI60-05.03733,201690,60.282,-43.9685,0.82
RGI60-05.03734,,60.2872,-44.4612,0.375
RGI60-05.03735,,60.2864,-44.2915,0.514
RGI60-05.03736,201691,60.2912,-45.2613,0.069
RGI60-05.03737,201692,60.279,-43.1707,0.07
RGI60-05.03738,201693,60.2885,-45.2412,0.924
RGI60-05.03739,201694,60.2976,-44.8637,0.228
RGI60-05.03740,201695,60.2982,-44.8431,0.162
RGI60-05.03741,201696,60.2948,-44.5407,0.426
RGI60-05.03742,,60.296,-44.298,0.109
RGI60-05.03743,201697,60.2987,-44.6739,0.071
RGI60-05.03744,201698,60.2989,-44.6494,0.098
RGI60-05.03745,,60.2935,-44.1785,0.235
RGI60-05.03746,201699,60.3004,-44.6317,0.08
RGI60-05.03747,201700,60.3012,-44.6421,0.057
RGI60-05.03748,201701,60.2983,-44.1842,0.191
RGI60-05.03749,201702,60.2985,-45.2522,0.641
RGI60-05.03750,201703,60.3028,-45.2903,0.09
RGI60-05.03751,201704,60.2845,-43.1423,0.403
RGI60-05.03752,201705,60.3056,-44.8821,0.08
RGI60-05.03753,201706,60.3052,-44.6426,0.09
RGI60-05.03754,201707,60.292,-43.1311,0.05
RGI60-05.03755,201708,60.3066,-44.6769,0.1
RGI60-05.03756,201709,60.293,-43.1441,0.125
RGI60-05.03757,201710,60.3087,-45.2903,0.081
RGI60-05.03758,201711,60.309,-44.639,0.203
RGI60-05.03759,201712,60.3076,-44.6622,1.018
RGI60-05.03760,201713,60.3127,-45.3118,0.084
RGI60-05.03761,201714,60.3183,-44.5791,0.203
RGI60-05.03762,201715,60.3136,-44.8276,0.169
RGI60-05.03763,201716,60.3121,-44.314,0.055
RGI60-05.03764,201717,60.3113,-44.0442,0.072
RGI60-05.03765,201718,60.3149,-45.2882,0.129
RGI60-05.03766,201719,60.3145,-45.3023,0.111
RGI60-05.03767,201720,60.3161,-45.2101,0.152
RGI60-05.03768,201721,60.3153,-44.1619,0.053
RGI60-05.03769,201722,60.2955,-44.1566,2.23
RGI60-05.03770,201723,60.3073,-44.1585,2.185
RGI60-05.03771,201724,60.3147,-44.3909,0.659
RGI60-05.03772,201725,60.3171,-44.6361,0.628
RGI60-05.03773,201726,60.316,-44.5987,1.214
RGI60-05.03774,201727,60.313346863,-44.609977722,0.685
RGI60-05.03775,201728,60.3091,-44.5906,0.165
RGI60-05.03776,201729,60.3038,-45.263,0.574
RGI60-05.03777,,60.3237,-44.3473,0.243
RGI60-05.03778,201730,60.3265,-44.3872,0.104
RGI60-05.03779,201731,60.3074,-45.2749,2.021
RGI60-05.03780,201732,60.3193,-44.3138,0.161
RGI60-05.03781,201733,60.3223,-45.2555,0.09
RGI60-05.03782,201734,60.3212,-45.2889,0.113
RGI60-05.03783,201735,60.317,-44.148,0.412
RGI60-05.03784,201736,60.3229,-45.2017,0.104
RGI60-05.03785,,60.3214,-44.3284,0.159
RGI60-05.03786,,60.3228,-44.3901,0.195
RGI60-05.03787,201737,60.3237,-44.4691,0.164
RGI60-05.03788,201738,60.3235,-44.2169,0.147
RGI60-05.03789,201739,60.3266,-45.188,0.344
RGI60-05.03790,201740,60.3165,-43.3231,0.19
RGI60-05.03791,201741,60.3294,-45.292,0.127
RGI60-05.03792,201742,60.3175,-43.2593,0.169
RGI60-05.03793,201743,60.3305,-44.3387,0.089
RGI60-05.03794,201744,60.3213,-44.5733,0.287
RGI60-05.03795,201745,60.323,-44.5658,1.816
RGI60-05.03796,201746,60.3184,-44.5003,0.935
RGI60-05.03797,201747,60.3415,-45.3083,0.377
RGI60-05.03798,201748,60.3165,-44.5361,4.225
RGI60-05.03799,201749,60.3024,-44.5647,2.543
RGI60-05.03800,201750,60.292,-44.5653,0.456
RGI60-05.03801,201751,60.3324,-44.4637,0.3
RGI60-05.03802,201752,60.3357,-45.18,0.09
RGI60-05.03803,201753,60.3364,-45.1683,0.069
RGI60-05.03804,201754,60.3238,-43.2751,0.687
RGI60-05.03805,201755,60.3283,-44.3652,1.991
RGI60-05.03806,201756,60.31,-44.299,2.056
RGI60-05.03807,201757,60.3056,-44.4021,1.815
RGI60-05.03808,201758,60.2678,-44.4603,2.231
RGI60-05.03809,201759,60.2991,-44.4199,2.369
RGI60-05.03810,201760,60.2952,-44.4409,1.099
RGI60-05.03811,201761,60.2582,-44.4568,0.136
RGI60-05.03812,201762,60.2856,-44.3522,26.365
RGI60-05.03813,,60.2926,-44.3979,0.105
RGI60-05.03814,201763,60.2531,-44.3921,0.742
RGI60-05.03815,201764,60.3327,-44.0004,1.51
RGI60-05.03816,201765,60.2693,-44.4213,4.573
RGI60-05.03817,201766,60.2789,-44.456,1.146
RGI60-05.03818,201767,60.3384,-44.2301,0.089
RGI60-05.03819,201768,60.3239,-43.3326,0.664
RGI60-05.03820,,60.3419,-45.324,0.065
RGI60-05.03821,201769,60.3412,-44.5694,0.056
RGI60-05.03822,201770,60.3251,-44.021,2.827
RGI60-05.03823,201771,60.3249,-43.9862,1.243
RGI60-05.03824,201772,60.3352,-44.0358,0.746
RGI60-05.03825,201773,60.3315,-43.2836,0.088
RGI60-05.03826,201774,60.3322,-43.29,0.065
RGI60-05.03827,,60.3422,-44.4606,0.392
RGI60-05.03828,201775,60.3336,-43.3029,0.081
RGI60-05.03829,201776,60.3359,-44.4801,2.55
RGI60-05.03830,,60.3491,-44.49,0.059
RGI60-05.03831,,60.3397,-43.9861,1.815
RGI60-05.03832,201777,60.3466,-43.8322,0.059
RGI60-05.03833,,60.3501,-44.2437,0.088
RGI60-05.03834,201778,60.3396,-43.3429,0.398
RGI60-05.03835,,60.3672,-44.3305,0.081
RGI60-05.03836,201779,60.3518,-44.9098,0.399
RGI60-05.03837,,60.3514,-44.4814,0.356
RGI60-05.03838,201780,60.3506,-44.4591,0.767
RGI60-05.03839,201781,60.3482,-43.9891,0.651
RGI60-05.03840,,60.3557,-44.4697,0.054
RGI60-05.03841,201782,60.351,-43.8302,0.188
RGI60-05.03842,,60.3533,-43.9819,0.082
RGI60-05.03843,,60.3574,-44.3367,0.071
RGI60-05.03844,201783,60.3607,-44.7714,0.07
RGI60-05.03845,201784,60.3694,-44.5338,0.067
RGI60-05.03846,201785,60.3704,-44.4892,0.059
RGI60-05.03847,201786,60.3551,-44.2348,0.863
RGI60-05.03848,,60.3573,-43.9305,0.074
RGI60-05.03849,201787,60.3613,-44.791,0.217
RGI60-05.03850,201788,60.3584,-44.1628,0.222
RGI60-05.03851,201789,60.3638,-44.7634,0.077
RGI60-05.03852,,60.3635,-44.1577,0.051
RGI60-05.03853,201790,60.3646,-44.3445,0.054
RGI60-05.03854,201791,60.3653,-44.3528,0.05
RGI60-05.03855,201792,60.366,-44.7767,0.194
RGI60-05.03856,201793,60.3667,-44.7673,0.076
RGI60-05.03857,201794,60.3632,-44.3256,0.511
RGI60-05.03858,201795,60.3576,-43.4802,0.227
RGI60-05.03859,201796,60.3711,-44.7895,0.086
RGI60-05.03860,201797,60.3724,-44.7663,0.072
RGI60-05.03861,,60.3703,-44.4787,0.073
RGI60-05.03862,201798,60.3755,-44.7608,0.055
RGI60-05.03863,201799,60.3656,-43.4794,0.111
RGI60-05.03864,201800,60.3743,-44.3593,0.165
RGI60-05.03865,,60.3759,-44.5302,0.13
RGI60-05.03866,201801,60.3764,-44.1548,0.058
RGI60-05.03867,201802,60.3663,-43.2257,0.08
RGI60-05.03868,201803,60.3746,-44.3411,0.945
RGI60-05.03869,201804,60.3749,-44.0095,0.495
RGI60-05.03870,201805,60.3793,-44.25,0.053
RGI60-05.03871,201806,60.3837,-44.8665,0.15
RGI60-05.03872,201807,60.3837,-44.4783,0.054
RGI60-05.03873,201808,60.3829,-44.7511,0.359
RGI60-05.03874,201809,60.378,-44.4912,2.148
RGI60-05.03875,201810,60.3726,-43.2896,0.386
RGI60-05.03876,201811,60.372,-43.3035,0.197
RGI60-05.03877,,60.383,-43.9945,0.304
RGI60-05.03878,201812,60.384,-44.731,0.625
RGI60-05.03879,201813,60.387,-44.2376,0.137
RGI60-05.03880,201814,60.3903,-44.8422,0.053
RGI60-05.03881,201815,60.3793,-43.2902,0.055
RGI60-05.03882,201816,60.3752,-44.2117,3.301
RGI60-05.03883,201817,60.3646,-44.1938,0.449
RGI60-05.03884,201818,60.3279,-44.1435,2.401
RGI60-05.03885,201819,60.3511,-44.1832,3.933
RGI60-05.03886,201820,60.3477,-44.2166,1.927
RGI60-05.03887,201821,60.3338,-44.138,0.183
RGI60-05.03888,201822,60.3326,-44.1761,0.923
RGI60-05.03889,201823,60.3436,-44.1513,3.329
RGI60-05.03890,201824,60.3379,-44.1312,1.043
RGI60-05.03891,201825,60.335,-44.2003,2.689
RGI60-05.03892,201826,60.3392,-44.2193,0.109
RGI60-05.03893,,60.4183,-44.4935,0.122
RGI60-05.03894,201827,60.3176,-44.1835,3.05
RGI60-05.03895,201828,60.391,-44.4342,0.158
RGI60-05.03896,201829,60.3914,-44.4514,0.253
RGI60-05.03897,201830,60.3938,-45.0945,0.181
RGI60-05.03898,201831,60.3946,-45.061,0.453
RGI60-05.03899,201832,60.394,-44.24,0.233
RGI60-05.03900,201833,60.3948,-45.0795,0.31
RGI60-05.03901,,60.3958,-44.382,0.059
RGI60-05.03902,201834,60.4202,-44.7805,0.052
RGI60-05.03903,201835,60.4197,-44.5444,0.177
RGI60-05.03904,201836,60.3871,-44.3673,2.53
RGI60-05.03905,201837,60.3684,-44.3762,2.629
RGI60-05.03906,201838,60.3822,-44.424,6.184
RGI60-05.03907,201839,60.3627,-44.4234,3.638
RGI60-05.03908,201840,60.3645,-44.4605,1.428
RGI60-05.03909,,60.3973,-44.398,0.578
RGI60-05.03910,201841,60.3963,-44.4772,0.871
RGI60-05.03911,201842,60.3986,-44.7341,0.51
RGI60-05.03912,201843,60.3987,-44.8114,0.41
RGI60-05.03913,201844,60.3987,-44.3695,0.245
RGI60-05.03914,201845,60.4039,-44.2833,0.098
RGI60-05.03915,201846,60.4077,-44.7675,0.071
RGI60-05.03916,201847,60.4015,-43.6472,0.087
RGI60-05.03917,201848,60.4053,-44.7181,0.849
RGI60-05.03918,201849,60.4106,-44.6945,0.073
RGI60-05.03919,201850,60.4114,-44.72,0.075
RGI60-05.03920,201851,60.4099,-44.2973,0.095
RGI60-05.03921,201852,60.4015,-43.4436,0.295
RGI60-05.03922,201853,60.4089,-44.7894,0.866
RGI60-05.03923,201854,60.413,-44.7275,0.214
RGI60-05.03924,201855,60.4115,-44.4817,0.262
RGI60-05.03925,201856,60.4128,-44.5195,0.125
RGI60-05.03926,,60.4124,-44.5007,0.196
RGI60-05.03927,201857,60.414,-44.7077,0.103
RGI60-05.03928,,60.4143,-44.4084,0.35
RGI60-05.03929,201858,60.4168,-44.7338,0.085
RGI60-05.03930,201859,60.4182,-44.7897,0.249
RGI60-05.03931,201860,60.4162,-44.2364,0.126
RGI60-05.03932,201861,60.4214,-44.5226,0.253
RGI60-05.03933,201862,60.419,-44.717,0.666
RGI60-05.03934,,60.4147,-44.3787,1.722
RGI60-05.03935,,60.4059,-44.3978,0.649
RGI60-05.03936,201863,60.4228,-44.7371,0.255
RGI60-05.03937,,60.4235,-44.4049,0.172
RGI60-05.03938,201864,60.4251,-43.7605,0.08
RGI60-05.03939,201865,60.4633,-43.8184,0.118
RGI60-05.03940,201866,60.4706,-44.6405,0.087
RGI60-05.03941,201867,60.4281,-44.8051,0.494
RGI60-05.03942,201868,60.4304,-44.7972,0.165
RGI60-05.03943,201869,60.4353,-44.7475,0.078
RGI60-05.03944,201870,60.4412,-44.74,0.4
RGI60-05.03945,201871,60.4453,-44.3761,0.967
RGI60-05.03946,201872,60.4508,-44.707,0.415
RGI60-05.03947,201873,60.4613,-44.3347,0.059
RGI60-05.03948,201874,60.46,-43.8235,0.078
RGI60-05.03949,201875,60.4647,-44.1934,0.069
RGI60-05.03950,,60.4641,-44.2973,0.055
RGI60-05.03951,201876,60.4727,-44.3929,0.248
RGI60-05.03952,201877,60.4713,-43.8637,0.089
RGI60-05.03953,201878,60.4755,-44.6203,0.171
RGI60-05.03954,201879,60.4686,-43.8353,1.163
RGI60-05.03955,201880,60.4624,-43.8379,0.439
RGI60-05.03956,201881,60.4771,-44.2758,0.051
RGI60-05.03957,201882,60.4726,-44.6781,0.817
RGI60-05.03958,201883,60.4786,-44.6119,0.171
RGI60-05.03959,201884,60.4786,-44.411,0.108
RGI60-05.03960,201885,60.4804,-44.8746,0.396
RGI60-05.03961,201886,60.4817,-45.1101,0.053
RGI60-05.03962,201887,60.4805,-44.3967,0.274
RGI60-05.03963,201888,60.4859,-45.1133,0.059
RGI60-05.03964,201889,60.4849,-45.1229,0.135
RGI60-05.03965,201890,60.4785,-44.6383,1.869
RGI60-05.03966,201891,60.4829,-44.4152,0.058
RGI60-05.03967,201892,60.4859,-45.0632,0.065
RGI60-05.03968,201893,60.486,-44.8612,0.295
RGI60-05.03969,201894,60.487,-44.3804,0.057
RGI60-05.03970,,60.4815,-44.4444,2.38
RGI60-05.03971,201895,60.4899,-45.1157,0.302
RGI60-05.03972,201896,60.4889,-44.7758,0.206
RGI60-05.03973,201897,60.4879,-44.3627,0.861
RGI60-05.03974,201898,60.4904,-44.6462,0.288
RGI60-05.03975,201899,60.4926,-44.7413,0.102
RGI60-05.03976,201900,60.4917,-44.853,0.272
RGI60-05.03977,201901,60.4917,-44.6115,0.194
RGI60-05.03978,201902,60.4915,-44.7606,0.382
RGI60-05.03979,201903,60.4907,-44.1519,0.065
RGI60-05.03980,201904,60.4922,-44.3834,0.147
RGI60-05.03981,201905,60.493,-44.3713,0.058
RGI60-05.03982,201906,60.4933,-45.1,0.379
RGI60-05.03983,201907,60.4947,-44.7754,0.096
RGI60-05.03984,201908,60.4953,-45.1667,0.09
RGI60-05.03985,201909,60.4971,-45.138,0.096
RGI60-05.03986,201910,60.4949,-44.4484,0.079
RGI60-05.03987,201911,60.4893,-43.5804,0.08
RGI60-05.03988,201912,60.4955,-44.6386,0.281
RGI60-05.03989,201913,60.4972,-45.0851,0.524
RGI60-05.03990,201914,60.4961,-45.1503,0.251
RGI60-05.03991,201915,60.4977,-44.606,0.413
RGI60-05.03992,201916,60.5005,-45.0433,0.086
RGI60-05.03993,201917,60.5007,-45.0648,0.401
RGI60-05.03994,201918,60.5019,-44.586,0.331
RGI60-05.03995,201919,60.4929,-43.8665,1.732
RGI60-05.03996,201920,60.5024,-44.332,0.054
RGI60-05.03997,201921,60.5048,-45.0582,0.077
RGI60-05.03998,201922,60.5029,-44.7774,0.208
RGI60-05.03999,201923,60.4987,-44.6221,1.101
RGI60-05.04000,201924,60.5001,-43.6798,0.089
RGI60-05.04001,201925,60.5063,-44.7557,0.091
RGI60-05.04002,201926,60.5023,-43.7307,0.067
RGI60-05.04003,,60.5088,-44.6365,0.103
RGI60-05.04004,201927,60.5071,-45.0458,0.44
RGI60-05.04005,201928,60.505,-44.837,1.001
RGI60-05.04006,201929,60.5001,-44.7516,0.857
RGI60-05.04007,201930,60.5109,-44.6831,0.098
RGI60-05.04008,201931,60.5074,-44.5995,0.709
RGI60-05.04009,201932,60.5109,-44.6699,0.072
RGI60-05.04010,,60.5098,-44.5791,0.208
RGI60-05.04011,201933,60.5098,-44.6236,0.411
RGI60-05.04012,201934,60.4829,-43.7217,0.311
RGI60-05.04013,201935,60.4713,-43.7402,0.235
RGI60-05.04014,201936,60.4962,-43.7092,4.014
RGI60-05.04015,201937,60.4666,-43.7516,0.466
RGI60-05.04016,201938,60.4748,-43.751,1.075
RGI60-05.04017,201939,60.489,-43.7453,4.026
RGI60-05.04018,201940,60.5127,-45.0366,0.139
RGI60-05.04019,201941,60.5057,-43.7263,0.18
RGI60-05.04020,201942,60.5052,-43.8615,0.54
RGI60-05.04021,201943,60.5371,-45.1066,0.158
RGI60-05.04022,201944,60.5488,-44.9477,0.057
RGI60-05.04023,201945,60.5048,-43.8453,0.28
RGI60-05.04024,201946,60.5385,-43.1624,0.276
RGI60-05.04025,201947,60.498,-44.3448,2.372
RGI60-05.04027,201948,60.6051,-43.1625,0.077
RGI60-05.04028,201949,60.5016,-43.8492,0.168
RGI60-05.04029,201950,60.5014,-43.3234,0.112
RGI60-05.04030,,60.514,-44.56,0.089
RGI60-05.04031,201951,60.5149,-44.8206,0.078
RGI60-05.04032,201952,60.5143,-44.6807,0.196
RGI60-05.04033,201953,60.5091,-43.8655,0.105
RGI60-05.04034,201954,60.5024,-43.3343,0.197
RGI60-05.04035,201955,60.5146,-44.7461,0.125
RGI60-05.04036,,60.5153,-44.5477,0.125
RGI60-05.04037,201956,60.5039,-43.2979,0.194
RGI60-05.04038,,60.5183,-44.5664,0.063
RGI60-05.04039,201957,60.5196,-45.0287,0.123
RGI60-05.04040,201958,60.535,-44.975,0.174
RGI60-05.04041,201959,60.5128,-43.8499,0.195
RGI60-05.04042,201960,60.5201,-44.7734,0.052
RGI60-05.04043,201961,60.5185,-44.7527,0.152
RGI60-05.04044,201962,60.519,-44.6692,0.141
RGI60-05.04045,201963,60.5062,-43.1097,0.05
RGI60-05.04046,201964,60.5191,-44.3763,0.056
RGI60-05.04047,201965,60.5199,-44.763,0.407
RGI60-05.04048,201966,60.5123,-44.7691,0.46
RGI60-05.04049,201967,60.5052,-43.0993,0.252
RGI60-05.04050,201968,60.5184,-44.6581,0.549
RGI60-05.04051,201969,60.5341,-44.3499,0.145
RGI60-05.04053,201970,60.5168,-44.6489,0.574
RGI60-05.04054,201971,60.5041,-43.083,0.385
RGI60-05.04055,201972,60.5203,-44.9988,0.672
RGI60-05.04056,201973,60.5097,-43.12,0.556
RGI60-05.04057,201974,60.5266,-44.7637,0.202
RGI60-05.04058,201975,60.5289,-44.7398,0.062
RGI60-05.04059,201976,60.5295,-44.6246,0.096
RGI60-05.04060,201977,60.5202,-43.372,0.104
RGI60-05.04061,201978,60.53,-44.7495,0.333
RGI60-05.04062,201979,60.5339,-44.7428,0.062
RGI60-05.04063,201980,60.5266,-43.3613,0.307
RGI60-05.04064,201981,60.5399,-44.5858,0.106
RGI60-05.04065,201982,60.5344,-44.6571,1.272
RGI60-05.04066,201983,60.5303,-43.347,0.168
RGI60-05.04067,201984,60.543,-44.3857,0.059
RGI60-05.04068,201985,60.5349,-43.4881,0.167
RGI60-05.04069,201986,60.533,-43.3961,0.596
RGI60-05.04070,201987,60.5466,-45.0867,1.294
RGI60-05.04071,201988,60.5462,-44.6103,0.684
RGI60-05.04072,201989,60.5507,-45.0282,0.158
RGI60-05.04073,201990,60.5513,-44.9778,0.059
RGI60-05.04074,201991,60.5492,-44.4246,0.067
RGI60-05.04076,201992,60.5509,-44.681,0.103
RGI60-05.04077,201993,60.5491,-44.6337,0.8
RGI60-05.04078,201994,60.5388,-44.6374,1.364
RGI60-05.04079,201995,60.5516,-44.9962,0.148
RGI60-05.04080,201996,60.5517,-45.0633,0.222
RGI60-05.04081,201997,60.6105,-43.4545,0.185
RGI60-05.04082,201998,60.5541,-45.0402,0.21
RGI60-05.04083,201999,60.5428,-43.4957,0.314
RGI60-05.04084,202000,60.5547,-44.695,0.206
RGI60-05.04085,,60.5523,-44.065,0.069
RGI60-05.04086,202001,60.5519,-44.0298,0.118
RGI60-05.04087,202002,60.5506,-44.0248,0.077
RGI60-05.04088,202003,60.5562,-45.0252,0.217
RGI60-05.04089,202004,60.5573,-44.6857,0.072
RGI60-05.04090,202005,60.5563,-44.9875,0.331
RGI60-05.04091,202006,60.5541,-44.075,0.082
RGI60-05.04092,202007,60.5562,-44.9701,0.458
RGI60-05.04093,202008,60.5585,-44.9985,0.132
RGI60-05.04094,202009,60.5576,-45.0126,0.25
RGI60-05.04095,202010,60.5541,-45.0552,0.606
RGI60-05.04096,202011,60.5498,-43.5373,0.13
RGI60-05.04097,202012,60.5529,-43.6628,0.074
RGI60-05.04098,202013,60.5639,-44.7217,0.187
RGI60-05.04099,202014,60.5589,-44.9393,1.116
RGI60-05.04100,202015,60.5669,-44.693,0.141
RGI60-05.04101,202016,60.5527,-43.2192,0.241
RGI60-05.04102,202017,60.5658,-44.7026,0.158
RGI60-05.04103,202018,60.5571,-43.4979,0.216
RGI60-05.04104,202019,60.5595,-43.6632,0.318
RGI60-05.04105,202020,60.5582,-43.5525,0.273
RGI60-05.04106,202021,60.5533,-43.1058,0.281
RGI60-05.04107,202022,60.5698,-44.9213,0.276
RGI60-05.04108,202023,60.5576,-43.0859,0.06
RGI60-05.04109,202024,60.5626,-43.5587,0.251
RGI60-05.04110,,60.5653,-43.7338,0.238
RGI60-05.04111,202025,60.5705,-44.714,0.304
RGI60-05.04112,202026,60.5574,-43.0693,0.053
RGI60-05.04113,202027,60.5688,-43.8303,0.118
RGI60-05.04114,202028,60.5646,-43.5409,0.342
RGI60-05.04115,202029,60.5626,-43.5239,0.462
RGI60-05.04116,202030,60.56,-43.5088,0.157
RGI60-05.04117,202031,60.5563,-43.536,0.649
RGI60-05.04118,202032,60.5515,-43.515,1.395
RGI60-05.04119,202033,60.5725,-44.6811,1.073
RGI60-05.04120,202034,60.5668,-43.0969,0.217
RGI60-05.04121,202035,60.5555,-44.6548,1.672
RGI60-05.04122,202036,60.545,-44.6709,0.939
RGI60-05.04123,202037,60.5579,-44.6692,1.017
RGI60-05.04124,202038,60.5657,-44.6717,0.417
RGI60-05.04125,202039,60.5606,-43.0608,0.086
RGI60-05.04126,202040,60.5724,-43.8346,0.166
RGI60-05.04127,202041,60.578,-44.7149,0.083
RGI60-05.04128,202042,60.56,-43.2315,0.127
RGI60-05.04129,202043,60.5684,-43.7502,0.846
RGI60-05.04130,202044,60.5604,-43.1093,0.979
RGI60-05.04131,,60.5705,-43.7269,0.165
RGI60-05.04132,202045,60.5794,-44.6956,0.25
RGI60-05.04133,202046,60.5692,-43.5573,0.235
RGI60-05.04134,202047,60.5718,-43.5477,0.287
RGI60-05.04135,202048,60.5701,-43.6802,1.598
RGI60-05.04136,202049,60.575,-43.6583,0.063
RGI60-05.04137,202050,60.5889,-44.0127,0.054
RGI60-05.04138,202051,60.5804,-44.908,0.688
RGI60-05.04139,202052,60.5863,-44.5079,0.113
RGI60-05.04144,202053,60.5766,-43.4212,0.226
RGI60-05.04145,202054,60.5885,-44.6926,0.1
RGI60-05.04146,202055,60.5757,-43.19,0.059
RGI60-05.04147,202056,60.5817,-43.6776,0.216
RGI60-05.04148,202057,60.5725,-43.2221,1.605
RGI60-05.04149,202058,60.5657,-43.2243,0.816
RGI60-05.04150,202059,60.5529,-43.2728,0.409
RGI60-05.04151,202060,60.5518,-43.2571,0.842
RGI60-05.04152,202061,60.5576,-43.2473,1.609
RGI60-05.04153,202062,60.5678,-43.261,2.072
RGI60-05.04154,202063,60.5572,-43.2801,0.171
RGI60-05.04155,,60.5859,-43.7927,0.073
RGI60-05.04156,202064,60.5913,-44.7049,0.109
RGI60-05.04157,202065,60.5763,-43.1688,0.106
RGI60-05.04158,202066,60.5905,-44.8919,0.316
RGI60-05.04159,202067,60.5835,-43.8171,1.15
RGI60-05.04160,202068,60.589,-43.7642,0.121
RGI60-05.04161,202069,60.5918,-44.0282,0.106
RGI60-05.04162,202070,60.587,-43.5591,0.106
RGI60-05.04163,202071,60.5944,-44.0434,0.172
RGI60-05.04167,202072,60.5931,-43.7322,0.056
RGI60-05.04168,,60.596,-44.5592,0.168
RGI60-05.04169,202073,60.5972,-43.7295,0.113
RGI60-05.04170,202074,60.6062,-45.0955,0.079
RGI60-05.04171,202075,60.6068,-44.8788,0.212
RGI60-05.04172,202076,60.6041,-44.8962,0.662
RGI60-05.04173,202077,60.592,-43.7246,0.05
RGI60-05.04174,202078,60.5895,-43.7015,1.427
RGI60-05.04175,202079,60.5969,-43.7031,0.726
RGI60-05.04176,202080,60.5827,-43.7381,2.625
RGI60-05.04177,202081,60.6155,-44.9126,0.509
RGI60-05.04178,202082,60.5761,-43.7071,2.144
RGI60-05.04179,202083,60.6038,-43.9702,0.171
RGI60-05.04183,202084,60.6094,-44.9011,0.085
RGI60-05.04184,202085,60.6083,-44.922,0.136
RGI60-05.04185,202086,60.613,-44.928,0.265
RGI60-05.04186,,60.6099,-44.5546,0.297
RGI60-05.04187,202087,60.6035,-43.4736,0.464
RGI60-05.04188,202088,60.5974,-43.4736,0.895
RGI60-05.04189,,60.6148,-43.9463,0.068
RGI60-05.04190,202089,60.6221,-44.6406,0.172
RGI60-05.04191,202090,60.6105,-43.2549,0.124
RGI60-05.04192,202091,60.6106,-43.0442,0.077
RGI60-05.04193,,60.6219,-43.8997,0.091
RGI60-05.04194,202092,60.6247,-44.9143,0.375
RGI60-05.04195,202093,60.6279,-44.5291,0.052
RGI60-05.04197,202094,60.6141,-43.0966,0.113
RGI60-05.04198,202095,60.6289,-44.6327,0.334
RGI60-05.04199,202096,60.632,-45.0184,0.076
RGI60-05.04200,202097,60.6298,-44.9768,0.353
RGI60-05.04201,202098,60.6286,-43.9006,0.116
RGI60-05.04203,202099,60.62,-43.1146,0.073
RGI60-05.04204,202100,60.6391,-44.5817,0.148
RGI60-05.04205,202101,60.6391,-44.6474,0.47
RGI60-05.04206,202102,60.6362,-43.7359,0.061
RGI60-05.04207,202103,60.6404,-44.5478,0.247
RGI60-05.04208,202104,60.6262,-43.117,0.314
RGI60-05.04209,202105,60.628,-43.1036,0.115
RGI60-05.04210,202106,60.6341,-43.7598,1.003
RGI60-05.04212,202107,60.6497,-44.6404,0.258
RGI60-05.04213,202108,60.6525,-45.1273,0.072
RGI60-05.04214,202109,60.6902,-45.2065,0.195
RGI60-05.04215,202110,60.6466,-44.5839,0.897
RGI60-05.04216,202111,60.6459,-45.0019,0.925
RGI60-05.04217,202112,60.6495,-44.5689,0.709
RGI60-05.04218,202113,60.65,-44.3265,0.222
RGI60-05.04220,202114,60.6561,-44.9834,0.067
RGI60-05.04221,202115,60.6556,-44.927,0.257
RGI60-05.04222,202116,60.6561,-45.1176,0.09
RGI60-05.04223,202117,60.6549,-44.8647,0.302
RGI60-05.04224,202118,60.6487,-44.88,0.446
RGI60-05.04225,202119,60.6576,-45.1356,0.302
RGI60-05.04226,202120,60.6544,-44.6242,0.37
RGI60-05.04227,202121,60.6545,-44.5967,0.386
RGI60-05.04228,202122,60.6513,-44.1476,1.165
RGI60-05.04231,202123,60.6535,-44.1684,0.374
RGI60-05.04233,202124,60.6571,-44.1563,0.065
RGI60-05.04234,202125,60.662,-44.9845,0.324
RGI60-05.04235,202126,60.6561,-44.9738,0.678
RGI60-05.04236,202127,60.6602,-44.9046,0.12
RGI60-05.04237,202128,60.6605,-44.9997,0.227
RGI60-05.04238,202129,60.6501,-43.2949,0.089
RGI60-05.04239,202130,60.6491,-44.9609,4.192
RGI60-05.04240,202131,60.6245,-45.0081,2.292
RGI60-05.04241,202132,60.6517,-42.9112,0.093
RGI60-05.04242,202133,60.6618,-44.8761,0.563
RGI60-05.04243,202134,60.6633,-44.9168,0.301
RGI60-05.04244,202135,60.6651,-45.1275,0.104
RGI60-05.04245,202136,60.6533,-43.3097,0.102
RGI60-05.04246,202137,60.6671,-44.9354,0.216
RGI60-05.04247,202138,60.6543,-43.2845,0.392
RGI60-05.04248,202139,60.6534,-42.9173,0.089
RGI60-05.04249,202140,60.3171,-43.6122,0.242
RGI60-05.04250,202141,60.6814,-44.9271,0.585
RGI60-05.04251,,60.6688,-44.5318,0.162
RGI60-05.04253,202142,60.6598,-43.2906,0.057
RGI60-05.04254,202143,60.6945,-44.8425,0.202
RGI60-05.04255,202144,60.5448,-44.222,18.415
RGI60-05.04256,202145,60.547,-43.9768,1.149
RGI60-05.04257,202146,60.5378,-44.0004,3.581
RGI60-05.04258,202147,60.5416,-44.0406,4.518
RGI60-05.04259,202148,60.4541,-43.7345,2.848
RGI60-05.04260,202149,60.5412,-43.9557,1.686
RGI60-05.04261,202150,60.5261,-43.9628,7.472
RGI60-05.04262,202151,60.4922,-43.9057,3.811
RGI60-05.04263,202152,60.4285,-43.7673,0.135
RGI60-05.04264,202153,60.5528,-44.1303,0.731
RGI60-05.04265,202154,60.5118,-43.9421,4.076
RGI60-05.04266,202155,60.4835,-43.6112,2.33
RGI60-05.04267,202156,60.47,-43.5732,13.767
RGI60-05.04268,202157,60.4793,-43.534,0.843
RGI60-05.04269,202158,60.3084,-43.6202,1.152
RGI60-05.04270,202159,60.4787,-43.8843,1.923
RGI60-05.04271,202160,60.4673,-43.6415,8.472
RGI60-05.04272,202161,60.4647,-43.4793,2.201
RGI60-05.04273,202162,60.4917,-44.1392,0.515
RGI60-05.04274,202163,60.5174,-44.0807,42.356
RGI60-05.04275,202164,60.4592,-43.5232,6.321
RGI60-05.04276,202165,60.4669,-43.9753,64.698
RGI60-05.04277,202166,60.4705,-43.8782,0.055
RGI60-05.04278,202167,60.4627,-43.6889,7.355
RGI60-05.04279,202168,60.4626,-43.7315,0.089
RGI60-05.04280,202169,60.4083,-43.7122,62.651
RGI60-05.04281,202170,60.7131,-45.0622,0.129
RGI60-05.04282,202171,60.4359,-43.4762,33.27
RGI60-05.04283,202172,60.4115,-43.4258,4.268
RGI60-05.04284,202173,60.7143,-45.1828,0.105
RGI60-05.04285,202174,60.4428,-44.3222,15.596
RGI60-05.04286,202175,60.4466,-44.3587,0.122
RGI60-05.04287,202176,60.4215,-43.4185,0.182
RGI60-05.04288,202177,60.4622,-44.1699,130.326
RGI60-05.04289,,60.532,-44.2608,0.104
RGI60-05.04290,202178,60.427,-44.3034,4.024
RGI60-05.04291,202179,60.4001,-43.4919,3.442
RGI60-05.04292,202180,60.4387,-44.3534,1.012
RGI60-05.04293,202181,60.4083,-43.4686,2.55
RGI60-05.04294,202182,60.4013,-44.258,9.187
RGI60-05.04295,,60.3869,-44.1762,4.646
RGI60-05.04296,202183,60.3879,-44.0572,1.576
RGI60-05.04297,202184,60.3789,-44.058,0.878
RGI60-05.04298,202185,60.3952,-43.586,77.348
RGI60-05.04299,202186,60.3502,-43.5053,1.425
RGI60-05.04300,202187,60.346,-43.5346,2.045
RGI60-05.04301,,60.3909,-44.0138,0.079
RGI60-05.04302,202188,60.7142,-45.2169,0.177
RGI60-05.04303,202189,60.3796,-44.0286,3.774
RGI60-05.04304,202190,60.4034,-43.8882,71.632
RGI60-05.04305,202191,60.4386,-43.8418,0.17
RGI60-05.04306,202192,60.378547668,-44.191692352,0.485
RGI60-05.04307,202193,60.3356,-43.956,0.674
RGI60-05.04308,202194,60.2954,-43.7047,50.046
RGI60-05.04309,202195,60.3151,-43.8066,100.579
RGI60-05.04310,202196,60.7145,-45.2044,0.293
RGI60-05.04311,202197,60.2958,-43.3312,17.169
RGI60-05.04312,202198,60.2884,-43.1868,0.577
RGI60-05.04313,202199,60.7099,-43.7842,0.099
RGI60-05.04314,202200,60.3728,-43.9615,10.453
RGI60-05.04315,202201,60.2848,-43.4762,71.294
RGI60-05.04316,202202,60.284,-43.196,0.258
RGI60-05.04317,202203,60.6831,-45.2323,0.6
RGI60-05.04318,202204,60.3373,-43.6282,18.941
RGI60-05.04319,202205,60.3354,-43.5714,0.431
RGI60-05.04320,,60.3445,-43.9658,0.164
RGI60-05.04321,202206,60.6791,-43.6393,0.106
RGI60-05.04322,202207,60.6872,-44.9533,0.092
RGI60-05.04323,202208,60.3032,-43.2295,12.899
RGI60-05.04324,202209,60.3444,-43.9262,4.673
RGI60-05.04325,202210,60.1869,-43.8075,0.335
RGI60-05.04326,202211,60.6883,-44.9369,0.072
RGI60-05.04327,202212,60.2872,-43.9314,5.134
RGI60-05.04328,202213,60.2719,-43.2097,5.538
RGI60-05.04329,202214,60.1986,-43.6569,0.482
RGI60-05.04330,202215,60.1877,-43.6693,1.144
RGI60-05.04331,202216,60.2613,-43.298,42.497
RGI60-05.04332,202217,60.2199,-43.4229,83.642
RGI60-05.04333,202218,60.2143,-43.5695,0.097
RGI60-05.04334,202219,60.1667,-43.6709,1.151
RGI60-05.04335,202220,60.3429,-43.9063,0.388
RGI60-05.04336,202221,60.1912,-43.2628,4.277
RGI60-05.04337,202222,60.1931,-43.3078,5.652
RGI60-05.04338,202223,60.235,-43.6681,102.881
RGI60-05.04339,202224,60.2318,-43.9615,32.632
RGI60-05.04340,202225,60.1897,-43.8345,0.954
RGI60-05.04341,202226,60.682,-45.0923,0.129
RGI60-05.04342,202227,60.1561,-43.2911,38.71
RGI60-05.04343,202228,60.6831,-45.0691,0.08
RGI60-05.04344,202229,60.7584,-44.6274,0.107
RGI60-05.04345,202230,60.1849,-43.5692,6.95
RGI60-05.04346,,60.1963,-43.9643,0.051
RGI60-05.04347,202231,60.2073,-43.8583,47.997
RGI60-05.04348,202232,60.1911,-43.9409,0.623
RGI60-05.04349,202233,60.1639,-43.587,1.437
RGI60-05.04350,202234,60.6816,-44.58,0.259
RGI60-05.04351,202235,60.1883,-43.7603,3.246
RGI60-05.04352,202236,60.1542,-43.6835,0.507
RGI60-05.04353,202237,60.1733,-43.8489,0.313
RGI60-05.04354,202238,60.1375,-43.4618,2.855
RGI60-05.04355,202239,60.798,-45.0706,0.11
RGI60-05.04356,202240,60.1779,-43.7154,11.539
RGI60-05.04357,202241,60.1606,-43.6845,0.143
RGI60-05.04358,202242,60.1459,-43.5672,0.064
RGI60-05.04359,202243,60.1237,-43.3192,0.063
RGI60-05.04360,,60.4128,-44.1883,1.284
RGI60-05.04361,202244,60.1593,-43.4217,48.69
RGI60-05.04362,202245,60.7638,-45.1077,0.241
RGI60-05.04363,202246,60.1584,-43.5182,24.439
RGI60-05.04365,202247,60.5678,-44.2381,4.927
RGI60-05.04366,202248,60.5603,-44.1515,6.09
RGI60-05.04367,202249,60.5455,-44.0153,0.804
RGI60-05.04368,202250,60.501,-43.9263,1.554
RGI60-05.04369,202251,60.427,-43.7773,0.757
RGI60-05.04370,202252,60.3401,-43.5592,1.477
RGI60-05.04371,202253,60.3599,-43.4888,0.169
RGI60-05.04372,202254,60.2831,-43.5912,0.709
RGI60-05.04373,202255,60.3156,-43.6373,0.472
RGI60-05.04374,202256,60.3267,-43.4065,6.352
RGI60-05.04375,202257,60.4731,-43.5289,0.762
RGI60-05.04376,202258,60.3079,-43.2878,2.685
RGI60-05.04377,202259,60.8101,-44.9255,0.101
RGI60-05.04378,,60.3953,-44.1652,1.778
RGI60-05.04379,202260,60.3452,-43.8852,2.19
RGI60-05.04380,202261,60.6884,-44.8519,0.291
RGI60-05.04381,202262,60.3029,-43.8938,1.422
RGI60-05.04382,,60.3002,-43.9172,0.296
RGI60-05.04383,,60.6728,-44.5423,0.065
RGI60-05.04384,202263,60.6682,-44.8916,1.446
RGI60-05.04385,202264,60.673,-44.9186,0.286
RGI60-05.04386,202265,60.6739,-44.2379,0.06
RGI60-05.04387,202266,60.6777,-45.099,0.146
RGI60-05.04388,202267,60.6779,-44.8896,0.227
RGI60-05.04389,202268,60.6701,-43.7554,5.214
RGI60-05.04390,202269,60.6835,-44.5568,2.003
RGI60-05.04391,202270,60.8118,-44.7992,0.099
RGI60-05.04392,202271,60.6033,-43.8891,10.689
RGI60-05.04393,202272,60.6096,-43.8424,0.238
RGI60-05.04395,202273,60.6067,-43.8289,0.105
RGI60-05.04396,202274,60.6873,-43.7763,0.094
RGI60-05.04397,202275,60.6884,-44.8911,2.357
RGI60-05.04398,202276,60.6939,-45.0503,0.452
RGI60-05.04399,202277,60.6928,-44.5995,0.756
RGI60-05.04400,202278,60.6996,-44.8771,0.199
RGI60-05.04401,202279,60.701,-45.0384,0.124
RGI60-05.04402,202280,60.7008,-45.2333,0.342
RGI60-05.04403,202281,60.6998,-44.5606,0.334
RGI60-05.04404,202282,60.6854,-43.7393,0.706
RGI60-05.04405,202283,60.6939,-43.7422,0.926
RGI60-05.04406,202284,60.7051,-45.0332,0.09
RGI60-05.04407,202285,60.7052,-45.0191,0.08
RGI60-05.04408,202286,60.7009,-44.8586,1.199
RGI60-05.04409,,60.7056,-44.7763,0.078
RGI60-05.04410,202287,60.7004,-43.755,0.213
RGI60-05.04411,202288,60.7113,-45.0688,0.115
RGI60-05.04412,202289,60.7017,-44.5784,0.472
RGI60-05.04413,,60.6958,-44.5871,0.062
RGI60-05.04414,202290,60.702,-45.1964,0.963
RGI60-05.04415,202291,60.7043,-45.2138,0.942
RGI60-05.04416,202292,60.6934,-45.2228,0.504
RGI60-05.04417,202293,60.7098,-44.832,0.182
RGI60-05.04418,202294,60.7094,-45.0241,0.234
RGI60-05.04419,202295,60.7055,-43.7708,1.505
RGI60-05.04420,202296,60.7149,-45.0456,0.507
RGI60-05.04421,202297,60.7188,-44.8547,0.095
RGI60-05.04422,202298,60.7189,-45.1925,0.135
RGI60-05.04423,202299,60.718,-44.8987,0.416
RGI60-05.04424,202300,60.7192,-44.7686,0.341
RGI60-05.04425,202301,60.7223,-44.9195,0.535
RGI60-05.04426,202302,60.7242,-44.5056,0.443
RGI60-05.04427,202303,60.7101,-44.864,0.151
RGI60-05.04428,202304,60.7034,-44.8687,0.056
RGI60-05.04429,202305,60.7212,-44.8712,2.18
RGI60-05.04430,202306,60.7054,-44.8778,0.687
RGI60-05.04431,,60.7266,-44.8906,0.319
RGI60-05.04432,202307,60.7308,-44.7105,0.098
RGI60-05.04433,202308,60.7256,-44.7369,0.278
RGI60-05.04434,202309,60.7331,-44.8827,0.121
RGI60-05.04435,202310,60.7347,-44.7153,0.055
RGI60-05.04436,202311,60.7334,-44.8686,0.491
RGI60-05.04437,202312,60.7363,-44.7578,0.926
RGI60-05.04438,202313,60.7414,-44.7312,0.085
RGI60-05.04439,202314,60.7426,-44.8032,0.062
RGI60-05.04440,202315,60.7373,-44.5096,0.599
RGI60-05.04441,202316,60.7421,-44.8118,0.213
RGI60-05.04442,202317,60.7301,-44.7773,1.996
RGI60-05.04443,202318,60.7243,-42.8361,0.258
RGI60-05.04444,202319,60.742,-44.8674,0.157
RGI60-05.04445,202320,60.7504,-44.6913,0.216
RGI60-05.04446,202321,60.7435,-44.7112,1.926
RGI60-05.04447,202322,60.7537,-44.7593,0.175
RGI60-05.04448,202323,60.7543,-44.7034,0.615
RGI60-05.04449,202324,60.7567,-44.8556,0.405
RGI60-05.04450,,60.7572,-44.6361,0.259
RGI60-05.04451,202325,60.7594,-44.6926,0.068
RGI60-05.04452,202326,60.7602,-45.16,0.065
RGI60-05.04453,202327,60.761,-44.4792,0.119
RGI60-05.04454,202328,60.7621,-44.7989,0.077
RGI60-05.04455,202329,60.766345978,-45.136375427,0.142
RGI60-05.04456,202330,60.7641,-44.6243,0.367
RGI60-05.04457,202331,60.7672,-45.0905,0.068
RGI60-05.04458,202332,60.7592,-45.1246,0.39
RGI60-05.04459,202333,60.7631,-44.6796,0.943
RGI60-05.04460,202334,60.7549,-44.8206,5.073
RGI60-05.04461,202335,60.7691,-44.6294,0.315
RGI60-05.04462,202336,60.7633,-44.4644,1.231
RGI60-05.04463,202337,60.7689,-45.1229,1.416
RGI60-05.04464,202338,60.7702,-44.8914,0.502
RGI60-05.04465,202339,60.7726,-44.4177,0.109
RGI60-05.04466,202340,60.7776,-45.0893,0.46
RGI60-05.04467,202341,60.7768,-44.6288,0.531
RGI60-05.04468,202342,60.7782,-45.1194,0.273
RGI60-05.04469,202343,60.7807,-44.7825,0.279
RGI60-05.04470,202344,60.785,-45.0839,0.054
RGI60-05.04471,202345,60.785,-45.0751,0.14
RGI60-05.04472,202346,60.7863,-44.4136,0.086
RGI60-05.04473,202347,60.7837,-45.1027,1.071
RGI60-05.04474,202348,60.7865,-44.7966,0.141
RGI60-05.04475,202349,60.7867,-44.7495,0.112
RGI60-05.04476,202350,60.7875,-44.7527,0.131
RGI60-05.04477,202351,60.7891,-44.5935,0.059
RGI60-05.04478,202352,60.7939,-44.956,0.122
RGI60-05.04479,202353,60.788,-44.7734,0.954
RGI60-05.04480,202354,60.792,-44.5828,0.357
RGI60-05.04481,202355,60.7919,-45.0815,0.653
RGI60-05.04482,202356,60.7955,-44.7555,0.939
RGI60-05.04483,202357,60.8013,-44.9536,0.068
RGI60-05.04484,202358,60.8001,-44.5938,0.153
RGI60-05.04485,202359,60.8015,-44.9148,0.108
RGI60-05.04486,202360,60.8027,-44.7496,0.297
RGI60-05.04487,202361,60.8024,-44.9418,0.504
RGI60-05.04488,202362,60.808,-45.0383,0.077
RGI60-05.04489,202363,60.807,-44.9519,0.45
RGI60-05.04490,202364,60.8081,-44.5407,0.492
RGI60-05.04491,202365,60.8105,-44.8312,0.267
RGI60-05.04492,202366,60.8131,-44.5544,0.147
RGI60-05.04493,202367,60.809,-43.5091,0.058
RGI60-05.04494,202368,60.8082,-43.4963,0.171
RGI60-05.04495,202369,60.8155,-44.9275,0.22
RGI60-05.04496,202370,60.8114,-44.9368,0.203
RGI60-05.04497,202371,60.8116,-43.4559,0.372
RGI60-05.04498,202372,60.8232,-45.0314,0.243
RGI60-05.04499,202373,60.8134,-43.5084,0.211
RGI60-05.04500,202374,60.8239,-45.0388,0.064
RGI60-05.04501,202375,60.7877,-43.5175,57.911
RGI60-05.04502,202376,60.8222,-44.638,0.433
RGI60-05.04503,202377,60.8064,-42.8355,0.15
RGI60-05.04504,202378,60.8186,-44.8186,0.314
RGI60-05.04505,202379,60.8231,-44.8069,0.751
RGI60-05.04506,202380,60.8307,-44.8087,0.05
RGI60-05.04507,202381,60.8185,-43.0862,0.193
RGI60-05.04508,202382,60.8201,-43.1626,0.119
RGI60-05.04509,202383,60.8166,-42.8963,0.258
RGI60-05.04510,202384,60.8155,-43.5265,1.084
RGI60-05.04511,202385,60.7793,-43.3799,17.076
RGI60-05.04512,202386,60.7796,-43.3024,2.755
RGI60-05.04513,202387,60.7293,-43.6542,3.939
RGI60-05.04514,202388,60.6666,-43.5132,73.469
RGI60-05.04515,202389,60.767,-43.0866,26.787
RGI60-05.04516,202390,60.6763,-43.0004,19.93
RGI60-05.04517,202391,60.7298,-43.0417,60.167
RGI60-05.04518,202392,60.7315,-43.3977,173.102
RGI60-05.04519,202393,60.6467,-43.6183,1.683
RGI60-05.04520,202394,60.7236,-42.9109,19.527
RGI60-05.04521,202395,60.7279,-43.6808,3.382
RGI60-05.04522,202396,60.7206,-43.6176,4.734
RGI60-05.04523,202397,60.6809,-43.2329,7.402
RGI60-05.04524,202398,60.6794,-43.6129,1.389
RGI60-05.04525,202399,60.656,-42.9441,3.349
RGI60-05.04526,202400,60.6952,-43.1536,33.569
RGI60-05.04527,202401,60.6651,-43.6201,2.522
RGI60-05.04528,202402,60.6895,-42.9045,38.442
RGI60-05.04529,202403,60.6676,-43.0569,5.21
RGI60-05.04530,202404,60.6699,-43.3491,19.528
RGI60-05.04531,202405,60.6512,-43.3218,0.101
RGI60-05.04532,202406,60.6361,-43.351,29.261
RGI60-05.04533,202407,60.6372,-43.455,0.142
RGI60-05.04534,202408,60.6475,-42.9695,1.137
RGI60-05.04535,202409,60.6234,-43.1709,7.111
RGI60-05.04536,202410,60.6361,-43.6165,0.61
RGI60-05.04537,202411,60.6254,-43.6064,1.814
RGI60-05.04538,202412,60.6047,-43.1993,4.512
RGI60-05.04539,202413,60.6246,-43.4772,6.326
RGI60-05.04540,202414,60.6284,-43.5297,0.864
RGI60-05.04541,202415,60.6279,-43.5118,0.29
RGI60-05.04542,202416,60.6112,-43.5546,3.125
RGI60-05.04543,202417,61.2616,-45.4066,0.104
RGI60-05.04544,202418,61.2649,-45.3472,0.068
RGI60-05.04545,202419,61.2487,-45.061,0.051
RGI60-05.04546,202420,60.871,-42.7135,0.122
RGI60-05.04547,202421,61.1928,-44.8989,0.101
RGI60-05.04548,202422,61.1956,-42.7409,0.053
RGI60-05.04549,202423,61.2174,-45.0117,0.055
RGI60-05.04550,202424,61.0755,-43.0125,0.316
RGI60-05.04552,202425,60.817,-43.5429,0.223
RGI60-05.04553,202426,60.8557,-44.7364,0.158
RGI60-05.04554,202427,60.6181,-43.5876,5.133
RGI60-05.04555,202428,60.5869,-43.3117,12.826
RGI60-05.04556,202429,60.5901,-43.5494,0.494
RGI60-05.04557,202430,60.5956,-43.5706,2.601
RGI60-05.04558,202431,60.5943,-43.3983,7.06
RGI60-05.04559,202432,60.5792,-43.568,0.406
RGI60-05.04560,202433,60.57,-43.3892,3.559
RGI60-05.04561,202434,61.222,-45.0118,0.064
RGI60-05.04562,202435,60.5666,-43.319,1.476
RGI60-05.04563,202436,60.5768,-43.3548,7.592
RGI60-05.04564,202437,60.552,-43.3761,2.424
RGI60-05.04565,202438,60.5302,-43.3784,2.924
RGI60-05.04566,202439,60.8579,-44.7516,0.163
RGI60-05.04567,202440,60.8191,-43.5639,0.748
RGI60-05.04568,202441,60.8159,-43.578,0.314
RGI60-05.04569,202442,60.8151,-43.5563,0.108
RGI60-05.04570,202443,60.8182,-43.5509,0.059
RGI60-05.04571,202444,60.7862,-43.3119,0.938
RGI60-05.04572,202445,60.6097,-43.3284,16.741
RGI60-05.04573,202446,60.6128,-43.2378,1.596
RGI60-05.04574,202447,60.5721,-43.2873,1.827
RGI60-05.04575,202448,60.562,-43.2954,1.161
RGI60-05.04576,202449,60.5402,-43.3532,0.555
RGI60-05.04577,202450,60.6766,-43.0884,9.246
RGI60-05.04578,202451,60.6231,-43.2101,2.631
RGI60-05.04579,202452,60.7182,-43.5542,5.656
RGI60-05.04580,202453,60.7207,-43.5872,0.277
RGI60-05.04581,202454,60.6744,-43.6286,0.635
RGI60-05.04582,202455,60.618,-43.4305,5.516
RGI60-05.04583,202456,60.8505,-43.4471,0.147
RGI60-05.04584,202457,60.7598,-43.1825,19.399
RGI60-05.04585,202458,60.8357,-44.6772,0.051
RGI60-05.04586,202459,60.8059,-44.5958,0.385
RGI60-05.04587,202460,60.8053,-44.6225,1.36
RGI60-05.04588,202461,60.8061,-44.6478,0.086
RGI60-05.04589,202462,60.7936,-44.6914,0.39
RGI60-05.04590,202463,60.7945,-44.6524,2.98
RGI60-05.04591,202464,60.7683,-44.7453,14.473
RGI60-05.04592,202465,60.7758,-44.6615,7.056
RGI60-05.04593,202466,60.7706,-44.6961,0.107
RGI60-05.04594,202467,60.7599,-44.7081,0.332
RGI60-05.04595,202468,60.7515,-44.7282,0.08
RGI60-05.04596,202469,60.7474,-44.7554,1.003
RGI60-05.04597,202470,60.8411,-44.5788,0.399
RGI60-05.04598,202471,60.8168,-44.6531,13.413
RGI60-05.04599,202472,60.8155,-44.5704,0.735
RGI60-05.04600,202473,60.7904,-44.7244,0.067
RGI60-05.04601,202474,60.8441,-44.5881,0.062
RGI60-05.04602,202475,60.83,-43.1078,0.074
RGI60-05.04603,202476,60.7999,-44.7114,3.387
RGI60-05.04604,202477,60.8131,-44.9028,2.104
RGI60-05.04605,202478,60.8183,-44.8361,0.058
RGI60-05.04606,202479,60.8014,-44.9002,0.157
RGI60-05.04607,202480,60.8074,-44.8702,4.406
RGI60-05.04608,202481,60.8261,-44.8515,4.168
RGI60-05.04609,202482,60.837230682,-44.661533356,0.077
RGI60-05.04610,202483,60.8351,-44.8025,0.322
RGI60-05.04611,202484,60.8393,-44.6481,0.076
RGI60-05.04612,202485,60.8384,-44.8334,0.372
RGI60-05.04613,202486,60.8423,-44.8553,0.25
RGI60-05.04614,202487,60.8389,-43.6575,0.411
RGI60-05.04615,202488,60.8338,-43.1689,0.165
RGI60-05.04616,202489,60.8265,-43.1818,1.515
RGI60-05.04617,202490,60.8346,-43.1816,0.239
RGI60-05.04618,202491,60.827,-43.153,0.425
RGI60-05.04619,202492,60.8525,-44.7514,0.196
RGI60-05.04620,202493,60.8356,-43.1431,0.371
RGI60-05.04621,202494,60.8327,-43.0195,9.112
RGI60-05.04622,202495,60.8237,-42.9672,9.245
RGI60-05.04623,202496,60.8635,-43.6867,0.328
RGI60-05.04624,202497,60.8275,-43.083,2.426
RGI60-05.04625,202498,60.8379,-43.0532,0.53
RGI60-05.04626,202499,60.8188,-43.1037,0.662
RGI60-05.04627,202500,60.8037,-42.9942,0.855
RGI60-05.04628,202501,60.868,-43.7045,0.106
RGI60-05.04629,202502,60.8084,-42.9598,7.411
RGI60-05.04630,202503,60.8168,-43.0655,1.484
RGI60-05.04631,202504,60.8133,-42.9119,0.406
RGI60-05.04632,202505,60.8132,-43.0358,1.957
RGI60-05.04633,202506,60.820266724,-43.124996185,0.647
RGI60-05.04634,202507,60.8626,-44.9659,0.074
RGI60-05.04635,202508,60.8626,-44.989,0.064
RGI60-05.04636,202509,60.8647,-44.767,0.056
RGI60-05.04637,202510,60.8568,-43.5349,0.248
RGI60-05.04638,202511,60.869,-44.951,0.059
RGI60-05.04639,202512,60.857,-43.2437,0.05
RGI60-05.04640,202513,60.8641,-43.6318,0.051
RGI60-05.04641,202514,60.86,-43.5507,1.148
RGI60-05.04642,202515,60.8664,-43.6761,0.072
RGI60-05.04643,202516,60.8694,-42.7397,0.124
RGI60-05.04644,202517,60.8745,-44.9533,0.342
RGI60-05.04645,202518,60.8649,-43.4052,0.292
RGI60-05.04646,202519,60.8701,-43.6239,0.068
RGI60-05.04647,202520,60.8717,-43.6805,0.097
RGI60-05.04648,202521,60.8598,-42.8332,0.121
RGI60-05.04649,202522,60.8607,-42.844,0.055
RGI60-05.04650,202523,60.8629,-42.8285,0.145
RGI60-05.04651,202524,60.8635,-42.7491,0.094
RGI60-05.04652,202525,60.8874,-44.9117,0.068
RGI60-05.04653,202526,60.8818,-44.9329,0.73
RGI60-05.04654,202527,60.8876,-44.8927,0.122
RGI60-05.04655,202528,60.8707,-42.7231,0.181
RGI60-05.04656,202529,60.8924,-44.9141,0.596
RGI60-05.04657,202530,60.8962,-44.8869,0.196
RGI60-05.04658,202531,60.8797,-42.8701,0.094
RGI60-05.04659,202532,60.8997,-44.8907,0.148
RGI60-05.04660,202533,60.9032,-44.9061,0.063
RGI60-05.04661,202534,60.8813,-42.686,0.051
RGI60-05.04662,202535,60.882,-42.7175,0.137
RGI60-05.04663,202536,60.9057,-44.8645,0.095
RGI60-05.04664,202537,61.0116,-45.2959,0.53
RGI60-05.04665,202538,60.8789,-42.8302,3.722
RGI60-05.04666,202539,60.8756,-42.7846,2.844
RGI60-05.04667,202540,60.8688,-42.867,3.469
RGI60-05.04668,202541,60.8643,-42.7749,1.837
RGI60-05.04669,202542,60.8772,-42.7531,1.447
RGI60-05.04670,202543,60.8545,-42.796,0.892
RGI60-05.04671,202544,60.8609,-42.8553,0.256
RGI60-05.04672,202545,61.0165,-45.1735,0.235
RGI60-05.04673,202546,60.8659,-42.8161,1.552
RGI60-05.04674,202547,60.9107,-44.8646,0.099
RGI60-05.04675,202548,60.8995,-43.1187,0.077
RGI60-05.04676,202549,60.9116,-44.8792,1.779
RGI60-05.04677,202550,60.8563,-43.5193,1.051
RGI60-05.04678,202551,60.9909,-48.3797,0.066
RGI60-05.04679,202552,61.0802,-44.7911,0.11
RGI60-05.04683,202553,60.8739,-43.3751,8.334
RGI60-05.04684,202554,60.8809,-43.4194,0.058
RGI60-05.04685,202555,60.8668,-43.2073,0.662
RGI60-05.04686,202556,60.9814,-45.1798,0.063
RGI60-05.04687,202557,60.9869,-45.2024,0.328
RGI60-05.04688,202558,61.0826,-44.6837,0.066
RGI60-05.04690,202559,60.8726,-43.2476,12.956
RGI60-05.04691,202560,60.8589,-43.201,0.253
RGI60-05.04692,202561,60.8544,-43.2308,3.368
RGI60-05.04693,202562,60.8545,-43.2524,0.193
RGI60-05.04694,202563,60.8522,-43.3511,12.75
RGI60-05.04695,202564,60.8485,-43.2844,8.729
RGI60-05.04696,202565,61.0832,-44.7042,0.054
RGI60-05.04698,202566,60.8746,-43.4389,4.028
RGI60-05.04699,202567,60.8699,-43.41,0.202
RGI60-05.04700,202568,60.8563,-43.4866,2.103
RGI60-05.04701,202569,60.8519,-43.4616,0.17
RGI60-05.04702,202570,60.9886,-45.219,0.15
RGI60-05.04703,202571,61.076,-43.0246,0.069
RGI60-05.04704,202572,60.8825,-43.4697,14.13
RGI60-05.04705,202573,60.918262482,-44.88861084,0.147
RGI60-05.04706,202574,60.9233,-44.8385,1.135
RGI60-05.04707,202575,60.9148,-42.8752,0.102
RGI60-05.04708,26388,60.9316,-44.8617,1.519
RGI60-05.04708,202576,60.9316,-44.8617,1.519
RGI60-05.04709,202577,60.929,-43.2779,0.062
RGI60-05.04710,202578,60.9474,-44.8298,0.087
RGI60-05.04711,202579,60.953,-44.8732,0.062
RGI60-05.04712,202580,60.9462,-43.439,0.06
RGI60-05.04713,202581,60.9571,-44.7663,0.273
RGI60-05.04714,202582,60.9692,-45.1977,0.086
RGI60-05.04715,202583,60.966,-43.7248,0.088
RGI60-05.04716,202584,60.9746,-45.1908,0.183
RGI60-05.04717,202585,60.9797,-45.2077,0.313
RGI60-05.04718,202586,60.9872,-45.9078,0.715
RGI60-05.04719,202587,60.9926,-45.886,0.123
RGI60-05.04720,202588,60.9953,-45.9387,0.058
RGI60-05.04721,233,60.9954,-45.9058,0.504
RGI60-05.04722,202589,60.9978,-45.9223,0.192
RGI60-05.04723,202590,61.0059,-45.1617,0.068
RGI60-05.04724,202591,61.0047,-45.8994,0.205
RGI60-05.04725,202592,61.0076,-45.8785,0.219
RGI60-05.04726,202593,61.0112,-45.1542,0.152
RGI60-05.04727,202594,61.0086,-45.1756,0.463
RGI60-05.04728,202595,61.0144,-45.857,0.058
RGI60-05.04729,202596,61.0168,-45.8729,0.072
RGI60-05.04730,202597,61.0199,-45.2834,0.066
RGI60-05.04731,202598,61.0002,-42.7195,0.058
RGI60-05.04732,202599,61.0233,-45.1305,0.079
RGI60-05.04733,202600,61.0204,-45.8556,0.103
RGI60-05.04734,202601,61.0286,-45.117,0.112
RGI60-05.04735,202602,61.012,-42.8414,0.067
RGI60-05.04736,202603,61.037,-45.3154,0.155
RGI60-05.04737,202604,61.0377,-45.1087,0.242
RGI60-05.04738,202605,61.0373,-45.3031,0.116
RGI60-05.04739,202606,61.0362,-45.1811,0.622
RGI60-05.04740,202607,60.9891,-48.3544,0.189
RGI60-05.04741,202608,61.0381,-45.1637,0.353
RGI60-05.04742,202609,61.0244,-45.1676,1.715
RGI60-05.04743,202610,60.9985,-48.3249,0.093
RGI60-05.04744,202611,61.0354,-45.1384,1.984
RGI60-05.04745,202612,61.0185,-45.1395,0.388
RGI60-05.04746,202613,61.0463,-45.1049,0.315
RGI60-05.04747,202614,61.0532,-45.3074,0.146
RGI60-05.04748,202615,61.0513,-45.129,0.803
RGI60-05.04749,202616,61.0529,-44.7029,0.221
RGI60-05.04750,202617,61.0546,-44.6841,0.087
RGI60-05.04751,202618,61.0494,-45.2664,0.612
RGI60-05.04752,202619,61.0626,-45.1207,0.169
RGI60-05.04753,202620,61.0381,-45.2822,1.912
RGI60-05.04754,202621,61.0285,-45.288,1.159
RGI60-05.04755,202622,61.0548,-44.655,0.055
RGI60-05.04756,202623,61.0527,-45.2532,0.429
RGI60-05.04757,202624,61.0556,-44.6721,0.092
RGI60-05.04758,202625,61.0565,-45.1122,0.077
RGI60-05.04759,202626,61.0581,-45.3133,0.052
RGI60-05.04760,202627,61.0598,-44.649,0.052
RGI60-05.04761,202628,61.0575,-45.2415,0.111
RGI60-05.04762,202629,61.0611,-44.725,0.126
RGI60-05.04763,202630,61.0612,-45.139,0.078
RGI60-05.04764,202631,61.0616,-45.2774,0.427
RGI60-05.04765,202632,61.0644,-45.2911,0.29
RGI60-05.04766,202633,61.0711,-45.1544,0.061
RGI60-05.04767,202634,61.0646,-44.6823,1.057
RGI60-05.04768,202635,61.0713,-44.6646,0.138
RGI60-05.04769,202636,61.0721,-44.8399,0.114
RGI60-05.04771,202637,61.0745,-44.8662,0.122
RGI60-05.04772,202638,61.0758,-44.8436,0.159
RGI60-05.04773,202639,61.0579,-42.9119,0.112
RGI60-05.04774,202640,61.0795,-44.7148,0.223
RGI60-05.04775,202641,61.0862,-44.6914,0.313
RGI60-05.04776,202642,61.0741,-43.003,0.06
RGI60-05.04777,202643,61.0657,-43.0051,1.46
RGI60-05.04778,202644,61.0884,-43.4151,0.217
RGI60-05.04779,202645,61.0927,-43.5799,0.05
RGI60-05.04780,202646,61.0669,-48.2268,0.082
RGI60-05.04781,202647,61.066,-48.2524,0.309
RGI60-05.04782,202648,61.0832,-47.7209,0.13
RGI60-05.04783,202649,61.072,-48.2172,0.078
RGI60-05.04784,202650,61.1222,-44.8247,0.054
RGI60-05.04785,202651,61.0915,-43.5618,5.643
RGI60-05.04786,202652,61.0915,-43.5995,4.755
RGI60-05.04787,202653,61.0938,-43.5039,3.483
RGI60-05.04788,202654,61.0387,-43.4484,97.451
RGI60-05.04789,202655,61.1247,-42.8175,0.181
RGI60-05.04790,202656,61.0758,-43.5019,24.544
RGI60-05.04791,202657,61.0667,-43.0739,6.481
RGI60-05.04792,202658,61.055,-43.2541,54.992
RGI60-05.04793,202659,61.0987,-43.5274,1.317
RGI60-05.04794,202660,61.0765,-43.3248,4.539
RGI60-05.04795,,61.063,-43.0266,0.113
RGI60-05.04796,202661,61.0681,-43.0384,1.92
RGI60-05.04797,202662,61.0563,-43.0237,0.844
RGI60-05.04798,202663,61.1306,-45.1543,0.33
RGI60-05.04799,202664,61.0353,-42.9028,15.704
RGI60-05.04800,202665,61.1319,-45.0365,0.251
RGI60-05.04801,202666,61.0087,-42.8834,21.734
RGI60-05.04802,202667,61.1329,-45.1756,0.113
RGI60-05.04803,202668,61.1343,-45.1849,0.056
RGI60-05.04804,202669,61.0481,-42.9232,4.411
RGI60-05.04805,202670,60.9469,-43.4043,2.019
RGI60-05.04806,202671,60.9779,-43.3386,65.837
RGI60-05.04807,202672,60.9393,-43.2598,0.83
RGI60-05.04808,202673,60.9747,-43.2034,66.996
RGI60-05.04809,202674,60.9728,-42.8907,46.646
RGI60-05.04810,202675,61.0106,-43.0425,57.05
RGI60-05.04811,202676,60.9191,-43.1687,0.062
RGI60-05.04812,202677,61.1331,-44.9079,0.158
RGI60-05.04813,202678,61.1333,-44.6734,0.077
RGI60-05.04814,202679,60.932,-43.0892,49.904
RGI60-05.04815,202680,61.134,-43.7572,0.474
RGI60-05.04816,202681,60.9421,-42.9233,46.613
RGI60-05.04817,202682,60.9163,-42.8871,0.082
RGI60-05.04818,202683,60.9123,-43.148,4.085
RGI60-05.04819,202684,60.9134,-42.8947,0.225
RGI60-05.04820,202685,61.0374,-43.1465,40.573
RGI60-05.04821,202686,60.9159,-42.9789,23.027
RGI60-05.04822,202687,61.0573,-42.9296,1.167
RGI60-05.04823,202688,61.0436,-42.8489,2.861
RGI60-05.04824,202689,61.1226,-45.1852,0.219
RGI60-05.04825,202690,61.1005,-42.7423,0.057
RGI60-05.04826,202691,61.1081,-42.945,0.064
RGI60-05.04827,202692,61.1284,-44.8974,0.136
RGI60-05.04828,202693,61.1101,-42.9534,0.209
RGI60-05.04829,202694,61.1284,-45.1645,0.061
RGI60-05.04830,202695,61.1305,-44.8632,0.051
RGI60-05.04831,202696,61.1309,-44.8746,0.215
RGI60-05.04832,202697,61.1268,-44.8471,0.414
RGI60-05.04833,202698,61.1299,-43.7406,0.261
RGI60-05.04834,202699,61.1112,-42.7568,2.28
RGI60-05.04835,202700,61.1373,-44.755,0.084
RGI60-05.04836,202701,61.1269,-43.274,0.053
RGI60-05.04837,202702,61.1384,-45.1689,0.089
RGI60-05.04838,202703,61.1392,-45.1532,0.215
RGI60-05.04839,202704,61.1407,-44.6823,0.134
RGI60-05.04840,202705,61.1423,-45.1453,0.26
RGI60-05.04841,202706,61.1438,-44.7454,0.325
RGI60-05.04842,202707,61.1468,-45.0751,0.062
RGI60-05.04843,202708,61.1365,-43.4093,0.079
RGI60-05.04844,202709,61.1293,-42.8652,0.05
RGI60-05.04845,,61.1478,-45.0161,0.089
RGI60-05.04846,202710,61.1261,-42.7426,0.052
RGI60-05.04847,202711,61.1338,-43.2818,0.485
RGI60-05.04848,202712,61.1483,-45.0476,0.072
RGI60-05.04849,202713,61.1465,-44.8899,0.092
RGI60-05.04850,202714,61.127,-42.7262,0.068
RGI60-05.04851,202715,61.1484,-44.9043,0.277
RGI60-05.04852,202716,61.1183,-47.793,0.054
RGI60-05.04853,202717,61.1264,-45.0867,6.738
RGI60-05.04854,202718,61.1381,-45.1149,0.969
RGI60-05.04855,202719,61.1359,-45.0589,1.718
RGI60-05.04856,202720,61.123,-47.7566,0.055
RGI60-05.04857,202721,61.139,-42.8805,0.154
RGI60-05.04858,202722,61.12,-45.1357,2.981
RGI60-05.04859,202723,61.1107,-45.092,1.101
RGI60-05.04860,202724,61.1136,-45.1275,0.621
RGI60-05.04861,202725,61.1192,-47.7272,0.051
RGI60-05.04862,202726,61.1507,-44.6578,0.119
RGI60-05.04863,202727,61.1433,-43.5256,0.117
RGI60-05.04864,202728,61.1518,-45.0511,0.053
RGI60-05.04865,202729,61.1429,-44.665,0.898
RGI60-05.04866,202730,61.1438,-45.0291,1.586
RGI60-05.04867,202731,61.1324,-42.844,0.139
RGI60-05.04868,202732,61.141,-43.2906,0.057
RGI60-05.04869,202733,61.1394,-43.6386,0.365
RGI60-05.04870,202734,61.1448,-43.6461,0.141
RGI60-05.04871,202735,61.1417,-43.7343,2.902
RGI60-05.04872,202736,61.1373,-42.7779,0.376
RGI60-05.04873,202737,61.1316,-42.7877,1.099
RGI60-05.04874,202738,61.1331,-42.7641,0.463
RGI60-05.04875,202739,61.1593,-44.6485,0.062
RGI60-05.04876,202740,61.1589,-44.8996,0.101
RGI60-05.04877,202741,61.1286,-47.7695,0.058
RGI60-05.04878,202742,61.1455,-43.2182,0.316
RGI60-05.04879,202743,61.142,-42.9108,0.512
RGI60-05.04880,202744,61.1377,-42.864,1.087
RGI60-05.04881,202745,61.1497,-43.5197,0.288
RGI60-05.04882,202746,61.1417,-44.8775,1.985
RGI60-05.04883,202747,61.1711,-45.1113,0.32
RGI60-05.04884,202748,61.1444,-43.4485,1.578
RGI60-05.04885,202749,61.1503,-44.8462,2.572
RGI60-05.04886,202750,61.1473,-43.5898,1.595
RGI60-05.04887,202751,61.1653,-44.8229,0.22
RGI60-05.04888,202752,61.1686,-45.1274,0.053
RGI60-05.04890,202753,61.1705,-44.6619,0.095
RGI60-05.04891,202754,61.1584,-43.7255,1.469
RGI60-05.04892,202755,61.1739,-45.0911,0.11
RGI60-05.04893,202756,61.1629,-43.2811,0.063
RGI60-05.04894,202757,61.1828,-44.7162,0.077
RGI60-05.04895,202758,61.1704,-44.7359,0.814
RGI60-05.04896,202759,61.1375,-48.3174,0.176
RGI60-05.04897,202760,61.1398,-48.3405,0.077
RGI60-05.04898,202761,61.1536,-44.7939,0.212
RGI60-05.04899,202762,61.1905,-44.9287,0.052
RGI60-05.04900,202763,61.1403,-44.8286,2.277
RGI60-05.04901,202764,61.1707,-44.778,0.103
RGI60-05.04902,202765,61.1697,-44.7881,3.376
RGI60-05.04903,202766,61.1533,-44.8161,1.085
RGI60-05.04904,202767,61.1887,-45.1216,0.083
RGI60-05.04905,202768,61.1504,-48.1123,0.107
RGI60-05.04906,202769,61.1556,-43.5613,8.395
RGI60-05.04907,202770,61.1447,-43.6148,1.381
RGI60-05.04908,202771,61.1656,-43.6963,19.334
RGI60-05.04910,202772,61.1934,-44.6903,0.132
RGI60-05.04911,202773,61.1936,-44.9201,0.052
RGI60-05.04912,202774,61.156,-43.4867,16.343
RGI60-05.04913,202775,61.1398,-43.3119,5.892
RGI60-05.04914,202776,61.1298,-43.3308,0.37
RGI60-05.04915,202777,61.1403,-43.4302,0.948
RGI60-05.04916,202778,61.1542,-43.3811,22.311
RGI60-05.04917,202779,61.1441,-43.4237,0.058
RGI60-05.04918,202780,61.1551,-43.2613,10.097
RGI60-05.04919,202781,61.1301,-43.2884,0.089
RGI60-05.04920,202782,61.1927,-44.9644,0.414
RGI60-05.04921,202783,61.1779,-47.9157,0.113
RGI60-05.04922,202784,61.1777,-47.9249,0.079
RGI60-05.04923,202785,61.1474,-48.3227,0.557
RGI60-05.04924,202786,61.1974,-44.9181,0.094
RGI60-05.04925,202787,61.1978,-44.8195,0.165
RGI60-05.04926,202788,61.1421,-44.7913,3.984
RGI60-05.04927,202789,61.1531,-44.749,0.225
RGI60-05.04928,202790,61.165,-44.7584,1.913
RGI60-05.04929,202791,61.1568,-44.7794,0.089
RGI60-05.04930,202792,61.1999,-44.7203,1.504
RGI60-05.04931,202793,61.2008,-44.834,0.139
RGI60-05.04932,202794,61.1938,-43.5052,0.054
RGI60-05.04933,202795,61.2037,-44.8314,0.051
RGI60-05.04935,202796,61.1962,-44.943,1.384
RGI60-05.04936,202797,61.2078,-44.9426,0.076
RGI60-05.04937,202798,61.2023,-44.8248,0.272
RGI60-05.04938,202799,61.2024,-44.8184,0.196
RGI60-05.04939,202800,61.2073,-44.842,0.09
RGI60-05.04940,202801,61.1791,-43.1496,9.552
RGI60-05.04941,202802,61.1718,-43.086,8.347
RGI60-05.04942,202803,61.1518,-43.1381,11.91
RGI60-05.04943,202804,61.1449,-42.9282,1.699
RGI60-05.04944,202805,61.1598,-42.9997,23.006
RGI60-05.04945,202806,61.1507,-42.9005,1.073
RGI60-05.04946,202807,61.1287,-43.0397,9.27
RGI60-05.04947,202808,61.1134,-42.9637,0.231
RGI60-05.04948,202809,61.1723,-47.9421,0.073
RGI60-05.04949,202810,61.2051,-44.9179,0.288
RGI60-05.04950,202811,61.1507,-43.1942,6.443
RGI60-05.04951,202812,61.1401,-43.0895,8.002
RGI60-05.04952,202813,61.1787,-47.8878,0.065
RGI60-05.04953,202814,61.1897,-42.5939,0.066
RGI60-05.04954,202815,61.1347,-42.9762,6.814
RGI60-05.04955,202816,61.1203,-42.9957,4.161
RGI60-05.04956,202817,61.1983,-42.688,0.322
RGI60-05.04957,202818,61.223,-44.9089,0.092
RGI60-05.04958,202819,61.2256,-44.9018,0.083
RGI60-05.04960,202820,61.2048,-42.6951,0.105
RGI60-05.04961,202821,61.2057,-42.7051,0.059
RGI60-05.04962,202822,61.2043,-42.6425,0.175
RGI60-05.04963,202823,61.2274,-44.7332,0.221
RGI60-05.04965,202824,61.2045,-42.5863,0.215
RGI60-05.04966,202825,61.2066,-42.6353,0.084
RGI60-05.04967,202826,61.2305,-44.9766,0.059
RGI60-05.04968,202827,61.2225,-42.8871,0.165
RGI60-05.04969,202828,61.2023,-42.6061,1.389
RGI60-05.04970,202829,61.1946,-42.6069,1.113
RGI60-05.04971,202830,61.2308,-44.9858,0.131
RGI60-05.04972,202831,61.2108,-42.6524,0.05
RGI60-05.04973,202832,61.214,-42.8067,0.066
RGI60-05.04974,202833,61.2118,-42.7483,0.199
RGI60-05.04975,202834,61.2174,-42.8984,0.057
RGI60-05.04976,202835,61.2123,-42.7352,1.1
RGI60-05.04977,202836,61.2248,-44.971,0.83
RGI60-05.04978,202837,61.2359,-44.9726,0.055
RGI60-05.04979,202838,61.2315,-45.7761,0.134
RGI60-05.04980,202839,61.2347,-45.7832,0.094
RGI60-05.04981,202840,61.2045,-47.8541,0.104
RGI60-05.04982,202841,61.2397,-44.9594,0.107
RGI60-05.04983,202842,61.2279,-44.9301,2.366
RGI60-05.04984,202843,61.2187,-42.7502,0.31
RGI60-05.04985,202844,61.2178,-42.7027,3.403
RGI60-05.04986,202845,61.2102,-42.712,0.263
RGI60-05.04987,202846,61.2343,-42.8303,0.081
RGI60-05.04988,202847,61.2548,-45.052,0.139
RGI60-05.04989,202848,61.2144,-48.4286,0.667
RGI60-05.04990,202849,61.2227,-42.8257,4.187
RGI60-05.04991,202850,61.2095,-42.8304,0.738
RGI60-05.04992,202851,61.2032,-42.8029,2.535
RGI60-05.04993,202852,61.2385,-42.726,0.069
RGI60-05.04994,202853,61.2327,-42.8534,2.175
RGI60-05.04995,202854,61.2609,-44.9132,0.09
RGI60-05.04996,202855,61.2625,-44.9061,0.077
RGI60-05.04997,202856,61.2091,-48.4511,1.297
RGI60-05.04998,202857,61.2707,-44.8819,0.086
RGI60-05.04999,202858,61.2706,-44.9103,0.098
RGI60-05.05001,202859,61.2742,-43.2199,0.05
RGI60-05.05003,202860,61.2842,-45.3353,0.143
RGI60-05.05004,202861,61.2716,-42.8245,0.08
RGI60-05.05005,202862,61.293,-45.3415,0.068
RGI60-05.05006,202863,61.276,-42.8928,0.077
RGI60-05.05007,202864,61.2858,-45.3604,0.297
RGI60-05.05008,202865,61.2832,-44.897,0.058
RGI60-05.05009,202866,61.2207,-48.4697,0.153
RGI60-05.05010,202867,61.2599,-43.2598,0.072
RGI60-05.05011,202868,61.2697,-44.8462,0.869
RGI60-05.05012,202869,61.273,-45.4106,0.282
RGI60-05.05013,202870,61.2787,-44.8906,0.053
RGI60-05.05014,202871,61.28,-45.3454,0.077
RGI60-05.05015,202872,61.2584,-47.955,0.089
RGI60-05.05016,202873,61.2575,-47.9686,0.054
RGI60-05.05017,202874,61.2482,-48.4172,0.057
RGI60-05.05018,202875,61.2929,-45.3506,0.177
RGI60-05.05019,202876,61.2656,-47.9198,0.068
RGI60-05.05020,202877,61.266,-47.9489,0.095
RGI60-05.05021,202878,61.2539,-48.3986,0.054
RGI60-05.05022,202879,61.3031,-45.3082,0.076
RGI60-05.05023,202880,61.3041,-44.8394,0.112
RGI60-05.05024,202881,61.2857,-42.8995,0.082
RGI60-05.05025,202882,61.3055,-45.2936,0.217
RGI60-05.05026,202883,61.309,-44.8771,0.052
RGI60-05.05027,202884,61.3078,-42.7539,0.199
RGI60-05.05028,202885,61.2948,-43.1382,0.166
RGI60-05.05030,202886,61.3092,-45.2699,0.063
RGI60-05.05031,202887,61.3117,-45.2882,0.091
RGI60-05.05032,202888,61.295,-42.9667,0.096
RGI60-05.05033,202889,61.2815,-47.7135,0.078
RGI60-05.05034,202890,61.3162,-45.2872,0.056
RGI60-05.05035,202891,61.3187,-45.2599,0.078
RGI60-05.05036,202892,61.3163,-45.3074,0.193
RGI60-05.05037,202893,61.2906,-43.0432,5.453
RGI60-05.05038,202894,61.284,-43.0066,8.756
RGI60-05.05039,202895,61.2815,-42.8844,0.945
RGI60-05.05040,202896,61.2819,-42.9179,1.088
RGI60-05.05041,202897,61.2818,-42.9573,6.598
RGI60-05.05042,202898,61.278,-42.8709,0.055
RGI60-05.05043,202899,61.2713,-42.8717,0.174
RGI60-05.05044,202900,61.2537,-42.979,25.468
RGI60-05.05045,202901,61.2798,-42.9011,0.052
RGI60-05.05046,202902,61.2712,-42.9124,2.291
RGI60-05.05047,202903,61.272,-42.8824,0.561
RGI60-05.05048,202904,61.2253,-43.0522,10.832
RGI60-05.05049,202905,61.2234,-42.9925,9.464
RGI60-05.05050,202906,61.2319,-43.1157,16.056
RGI60-05.05051,202907,61.2097,-43.0218,0.649
RGI60-05.05052,202908,61.2067,-43.0371,0.091
RGI60-05.05053,202909,61.2331,-42.9467,0.126
RGI60-05.05054,202910,61.2682,-43.1485,53.336
RGI60-05.05055,202911,61.3276,-44.719,0.719
RGI60-05.05056,202912,61.3364,-45.2946,0.063
RGI60-05.05057,202913,61.443,-45.7164,0.051
RGI60-05.05058,202914,62.4597,-43.0845,0.074
RGI60-05.05059,202915,61.4353,-47.8955,0.067
RGI60-05.05060,202916,61.469,-45.6738,0.079
RGI60-05.05062,202917,62.4705,-43.1538,0.069
RGI60-05.05063,202918,61.4178,-44.8883,0.068
RGI60-05.05064,202919,61.7867,-48.3116,0.059
RGI60-05.05065,202920,61.6017,-42.4009,0.158
RGI60-05.05066,202921,61.6053,-42.4207,0.072
RGI60-05.05067,202922,61.765,-48.1791,0.054
RGI60-05.05071,202923,61.3177,-42.7911,0.625
RGI60-05.05072,202924,61.3143,-42.7805,0.14
RGI60-05.05073,202925,61.3493,-43.0872,0.1
RGI60-05.05074,202926,61.3664,-44.7847,0.089
RGI60-05.05075,202927,61.7766,-48.7202,0.077
RGI60-05.05076,202928,61.3193,-42.6619,0.227
RGI60-05.05079,202929,61.3507,-44.7185,0.084
RGI60-05.05080,202930,61.3459,-44.7512,4.034
RGI60-05.05081,202931,61.3313,-44.8345,5.065
RGI60-05.05082,202932,61.4415,-44.7222,0.124
RGI60-05.05083,202933,61.3219,-44.8056,1.695
RGI60-05.05084,202934,61.3382,-44.7929,6.048
RGI60-05.05085,202935,61.3631,-44.766,0.574
RGI60-05.05087,202936,61.3554,-43.1364,0.078
RGI60-05.05088,202937,61.3372,-44.7272,2.517
RGI60-05.05089,202938,61.3212,-44.8638,3.601
RGI60-05.05090,202939,61.3606,-44.7323,0.086
RGI60-05.05091,202940,61.3598,-44.7573,0.067
RGI60-05.05092,202941,61.3547,-44.8218,0.519
RGI60-05.05093,202942,61.363,-44.78,0.087
RGI60-05.05094,202943,61.3564,-43.079,0.179
RGI60-05.05097,202944,61.356,-43.0625,0.216
RGI60-05.05099,202945,61.3266,-48.3767,0.204
RGI60-05.05100,202946,61.3744,-44.7672,0.199
RGI60-05.05101,202947,61.3547,-42.5387,0.353
RGI60-05.05104,202948,61.3823,-44.7419,0.073
RGI60-05.05106,202949,61.3848,-44.734,0.07
RGI60-05.05107,202950,61.386,-44.9488,0.104
RGI60-05.05108,202951,61.3566,-43.1751,4.437
RGI60-05.05109,202952,61.3615,-43.1462,0.19
RGI60-05.05110,202953,61.3558,-43.2171,4.473
RGI60-05.05111,202954,61.3572,-43.2499,0.214
RGI60-05.05112,202955,61.3779,-43.3154,0.14
RGI60-05.05114,202956,61.3782,-43.0201,0.677
RGI60-05.05116,202957,61.3654,-47.8087,0.073
RGI60-05.05117,202958,61.385,-43.0332,0.058
RGI60-05.05118,202959,61.3733,-47.8119,0.171
RGI60-05.05119,202960,61.4089,-45.2383,0.08
RGI60-05.05120,202961,61.3764,-47.8348,0.073
RGI60-05.05121,202962,61.4125,-45.2468,0.086
RGI60-05.05122,202963,61.4183,-44.9662,0.128
RGI60-05.05123,202964,61.4218,-45.3264,0.129
RGI60-05.05124,202965,61.4229,-44.9102,0.16
RGI60-05.05125,202966,61.4259,-44.8832,0.073
RGI60-05.05126,202967,61.4261,-44.9671,0.167
RGI60-05.05127,202968,61.420780182,-45.255577087,0.132
RGI60-05.05128,202969,61.4274,-44.9845,0.124
RGI60-05.05129,202970,61.4284,-45.2663,0.09
RGI60-05.05130,202971,61.4301,-44.8992,0.102
RGI60-05.05131,202972,61.4261,-45.854,0.13
RGI60-05.05132,202973,61.3893,-48.2507,0.069
RGI60-05.05133,202974,61.3993,-48.2491,0.104
RGI60-05.05134,202975,61.4282,-44.9328,0.513
RGI60-05.05135,202976,61.4327,-44.8627,0.2
RGI60-05.05136,202977,61.3902,-48.2349,0.226
RGI60-05.05137,202978,61.4378,-45.23,0.077
RGI60-05.05138,202979,61.3953,-48.2615,0.149
RGI60-05.05139,202980,61.4388,-44.9399,0.329
RGI60-05.05140,202981,61.4415,-45.2406,0.082
RGI60-05.05141,202982,61.4369,-45.2794,0.11
RGI60-05.05142,202983,61.4405,-45.2779,0.317
RGI60-05.05143,202984,61.4419,-45.2898,0.175
RGI60-05.05144,202985,61.4442,-44.8288,0.106
RGI60-05.05146,202986,61.4463,-44.7042,0.077
RGI60-05.05147,202987,61.4352,-45.2996,0.271
RGI60-05.05148,202988,61.4277,-45.3161,0.219
RGI60-05.05149,240,61.4421,-45.3055,1.836
RGI60-05.05150,202989,61.4486,-45.2436,0.069
RGI60-05.05151,202990,61.4494,-45.3183,0.074
RGI60-05.05152,202991,61.4504,-45.2067,0.066
RGI60-05.05153,202992,61.4505,-44.7069,0.05
RGI60-05.05154,202993,61.4477,-45.2152,0.194
RGI60-05.05155,202994,61.45,-45.2353,0.083
RGI60-05.05156,202995,61.4493,-45.2239,0.223
RGI60-05.05157,202996,61.451,-45.3077,0.082
RGI60-05.05158,202997,61.4486,-45.7294,0.181
RGI60-05.05159,202998,61.4537,-45.253,0.207
RGI60-05.05160,202999,61.4563,-45.0149,0.112
RGI60-05.05161,203000,61.4577,-45.2103,0.068
RGI60-05.05162,203001,61.4217,-48.2774,0.352
RGI60-05.05163,203002,61.4665,-45.6157,0.068
RGI60-05.05164,203003,61.4663,-45.0962,0.121
RGI60-05.05165,203004,61.47,-45.0316,0.09
RGI60-05.05166,203005,61.4586,-45.6459,0.063
RGI60-05.05167,203006,61.4578,-45.2657,0.289
RGI60-05.05168,203007,61.46,-45.836,0.135
RGI60-05.05169,203008,61.4277,-48.2641,0.271
RGI60-05.05170,203009,61.4705,-45.8247,0.145
RGI60-05.05171,203010,61.4697,-45.2637,0.752
RGI60-05.05172,203011,61.4615,-45.2313,0.356
RGI60-05.05173,203012,61.4658,-45.2414,0.511
RGI60-05.05174,203013,61.4668,-45.2764,0.578
RGI60-05.05175,203014,61.456,-45.2418,0.824
RGI60-05.05176,203015,61.475,-45.2458,0.099
RGI60-05.05177,203016,61.4666,-45.749,1.978
RGI60-05.05178,203017,61.4776,-45.1088,0.08
RGI60-05.05179,203018,61.4776,-45.2864,0.078
RGI60-05.05180,203019,61.4769,-45.748,0.161
RGI60-05.05181,203020,61.4835,-45.0499,0.15
RGI60-05.05182,203021,61.4894,-44.9517,0.14
RGI60-05.05183,203022,61.4889,-45.0761,0.232
RGI60-05.05184,203023,61.4961,-45.0841,0.077
RGI60-05.05185,203024,61.4964,-44.8348,0.224
RGI60-05.05186,203025,61.4951,-45.0404,0.359
RGI60-05.05187,203026,61.5011,-45.1003,0.064
RGI60-05.05188,203027,61.5004,-45.0775,0.248
RGI60-05.05189,203028,61.5038,-45.1069,0.067
RGI60-05.05190,203029,61.4741,-44.9873,2.804
RGI60-05.05192,203030,61.4703,-45.0135,0.052
RGI60-05.05193,203031,61.5085,-45.0772,0.12
RGI60-05.05194,203032,61.4932,-42.6419,0.063
RGI60-05.05198,203033,61.5165,-45.0898,0.06
RGI60-05.05199,203034,61.8017,-42.1735,0.068
RGI60-05.05200,203035,61.5105,-45.0494,3.522
RGI60-05.05201,203036,61.5174,-43.0588,0.052
RGI60-05.05204,203037,61.5992,-42.4789,0.224
RGI60-05.05208,203038,61.5921,-42.4675,0.445
RGI60-05.05210,203039,61.5658,-42.7234,0.05
RGI60-05.05212,203040,61.5605,-42.4667,0.21
RGI60-05.05213,203041,61.5702,-42.7208,0.052
RGI60-05.05216,203042,61.5832,-43.2418,0.053
RGI60-05.05218,203043,61.575,-47.7555,0.08
RGI60-05.05219,203044,61.5948,-43.2065,0.215
RGI60-05.05222,203045,61.5814,-47.6843,0.08
RGI60-05.05223,203046,61.5828,-47.7322,0.056
RGI60-05.05224,203047,61.6081,-42.4128,0.319
RGI60-05.05225,203048,61.615,-42.4442,0.222
RGI60-05.05226,203049,61.6205,-42.4374,0.122
RGI60-05.05227,203050,61.6213,-42.3645,0.117
RGI60-05.05228,203051,61.6221,-42.4533,0.41
RGI60-05.05231,203052,61.6194,-42.4579,0.326
RGI60-05.05233,203053,61.6229,-42.381,0.198
RGI60-05.05234,203054,61.628,-42.3367,0.067
RGI60-05.05235,203055,61.6294,-42.3745,0.203
RGI60-05.05236,203056,61.6289,-42.3488,0.341
RGI60-05.05237,203057,61.6322,-42.4054,0.277
RGI60-05.05240,203058,61.6333,-42.3913,0.369
RGI60-05.05241,203059,61.6284,-42.396,0.228
RGI60-05.05242,203060,61.625,-47.8999,0.27
RGI60-05.05243,203061,61.6332,-47.7976,0.059
RGI60-05.05244,203062,61.6373,-42.3486,0.162
RGI60-05.05245,203063,61.6348,-47.8847,0.061
RGI60-05.05246,203064,61.6398,-47.8105,0.052
RGI60-05.05247,203065,61.6379,-47.8551,0.142
RGI60-05.05248,203066,61.6416,-47.8038,0.05
RGI60-05.05249,203067,61.647,-47.7514,0.051
RGI60-05.05250,203068,61.6685,-47.7669,0.05
RGI60-05.05251,203069,61.6735,-47.7708,0.051
RGI60-05.05252,203070,61.6737,-47.7378,0.381
RGI60-05.05253,203071,61.6834,-47.7436,0.073
RGI60-05.05254,203072,61.6855,-47.7128,0.058
RGI60-05.05255,203073,61.684,-47.7328,0.128
RGI60-05.05256,203074,61.7067,-42.6687,0.149
RGI60-05.05258,203075,61.7084,-42.6739,0.057
RGI60-05.05260,203076,61.6796,-48.787,0.158
RGI60-05.05261,203077,61.6798,-48.7708,0.448
RGI60-05.05262,203078,61.6953,-48.6078,0.641
RGI60-05.05263,203079,61.7032,-48.5896,0.071
RGI60-05.05264,203080,61.7318,-42.5048,0.102
RGI60-05.05265,203081,61.7146,-48.3396,0.082
RGI60-05.05266,203082,61.7167,-48.3433,0.055
RGI60-05.05267,203083,61.7107,-48.5714,0.05
RGI60-05.05268,203084,61.7214,-48.2416,0.083
RGI60-05.05269,203085,61.7188,-48.3535,0.063
RGI60-05.05270,203086,61.7453,-42.7763,0.299
RGI60-05.05273,203087,61.7212,-48.2602,0.454
RGI60-05.05274,203088,61.7201,-48.4346,0.077
RGI60-05.05275,203089,61.7166,-48.532,0.19
RGI60-05.05276,203090,61.7174,-48.5681,0.27
RGI60-05.05277,203091,61.7435,-42.3818,0.184
RGI60-05.05279,203092,61.7194,-48.5593,0.194
RGI60-05.05280,203093,61.7247,-48.4694,0.479
RGI60-05.05281,203094,61.7177,-48.6025,2.056
RGI60-05.05282,203095,61.7228,-48.58,0.538
RGI60-05.05283,203096,61.7325,-48.3663,0.063
RGI60-05.05284,203097,61.7272,-48.6039,0.095
RGI60-05.05285,203098,61.7277,-48.5427,0.433
RGI60-05.05286,203099,61.7572,-42.8039,1.982
RGI60-05.05287,203100,61.7563,-42.7831,1.576
RGI60-05.05288,203101,61.789,-48.3052,0.104
RGI60-05.05289,203102,61.7341,-48.2561,2.697
RGI60-05.05290,203103,61.7564,-42.2561,0.072
RGI60-05.05291,203104,61.7397,-48.3647,0.474
RGI60-05.05292,203105,61.7589,-42.2623,0.099
RGI60-05.05293,203106,61.7404,-48.557,0.11
RGI60-05.05294,203107,61.7616,-42.2533,0.129
RGI60-05.05296,203108,61.5711,-42.8059,1.208
RGI60-05.05297,203109,61.5692,-42.7894,0.345
RGI60-05.05298,203110,61.7435,-48.2893,2.111
RGI60-05.05299,203111,61.7509,-48.3062,0.061
RGI60-05.05300,203112,61.7637,-42.2345,0.131
RGI60-05.05301,203113,61.7536,-48.2066,0.18
RGI60-05.05302,203114,61.7346,-48.5172,3.89
RGI60-05.05303,203115,61.7349,-48.4866,1.816
RGI60-05.05304,203116,61.7538,-48.2932,0.216
RGI60-05.05305,203117,61.76,-48.1693,0.066
RGI60-05.05306,203118,61.7698,-42.1919,0.054
RGI60-05.05307,203119,61.7687,-42.1564,0.067
RGI60-05.05308,203120,61.7679,-42.2192,0.958
RGI60-05.05309,203121,61.7624,-48.1555,0.209
RGI60-05.05310,203122,61.7482,-48.5445,0.7
RGI60-05.05311,203123,61.7479,-48.3526,2.3
RGI60-05.05312,203124,61.7808,-42.3303,0.125
RGI60-05.05314,203125,61.7617,-48.2168,3.087
RGI60-05.05315,203126,61.7581,-48.5532,0.051
RGI60-05.05316,203127,61.7651,-48.3332,0.056
RGI60-05.05317,203128,61.7692,-48.2452,0.105
RGI60-05.05318,203129,61.778,-48.7374,0.057
RGI60-05.05319,203130,61.7825,-42.9114,5.676
RGI60-05.05320,203131,61.7625,-42.9043,0.966
RGI60-05.05321,203132,61.9178,-48.1653,0.147
RGI60-05.05323,203133,61.5626,-42.5368,0.067
RGI60-05.05324,203134,61.5647,-42.55,0.827
RGI60-05.05325,203135,61.7775,-48.6424,0.533
RGI60-05.05326,203136,61.6007,-42.997,8.289
RGI60-05.05327,203137,61.5771,-42.8531,8.077
RGI60-05.05328,203138,61.7799,-48.3768,0.051
RGI60-05.05329,203139,61.5998,-42.9096,15.43
RGI60-05.05330,203140,61.7733,-48.7199,0.05
RGI60-05.05331,203141,61.7856,-48.4783,0.146
RGI60-05.05332,203142,61.8158,-42.8349,0.074
RGI60-05.05333,203143,61.7614,-48.4022,0.56
RGI60-05.05334,203144,61.7575,-48.6536,0.249
RGI60-05.05335,203145,61.7953,-42.9085,0.103
RGI60-05.05336,203146,61.7697,-48.2541,0.2
RGI60-05.05337,203147,61.7904,-42.7183,1.131
RGI60-05.05339,203148,61.7753,-48.4119,2.676
RGI60-05.05340,203149,61.7834,-42.2134,0.889
RGI60-05.05341,203150,61.774,-48.4668,0.054
RGI60-05.05342,203151,61.7728,-48.4779,0.074
RGI60-05.05343,203152,61.7752,-48.3857,0.259
RGI60-05.05344,203153,61.798019409,-42.346340179,0.059
RGI60-05.05346,203154,61.7966,-42.3377,0.13
RGI60-05.05347,203155,61.7897,-48.2425,0.807
RGI60-05.05348,203156,61.7814,-48.7236,0.166
RGI60-05.05349,203157,61.7971,-48.2247,0.05
RGI60-05.05350,203158,61.7833,-48.7087,0.135
RGI60-05.05351,203159,61.7932,-48.3616,0.072
RGI60-05.05352,203160,61.8053,-42.1608,0.504
RGI60-05.05353,203161,61.7909,-48.4989,0.318
RGI60-05.05354,203162,61.7944,-48.2632,1.196
RGI60-05.05355,203163,61.7867,-48.2852,1.698
RGI60-05.05356,203164,61.8111,-42.1712,0.132
RGI60-05.05357,203165,61.8113,-42.1234,0.112
RGI60-05.05358,203166,61.8025,-48.2768,0.218
RGI60-05.05359,203167,61.797,-48.4954,0.193
RGI60-05.05360,203168,61.899,-48.2098,0.148
RGI60-05.05361,203169,61.7953,-48.4828,0.362
RGI60-05.05362,203170,61.8072,-48.3469,0.071
RGI60-05.05363,203171,61.8046,-48.4586,0.141
RGI60-05.05364,203172,61.818,-42.1083,0.141
RGI60-05.05365,203173,61.8252,-42.271,0.14
RGI60-05.05366,203174,61.8219,-42.1164,0.079
RGI60-05.05367,203175,61.8012,-48.6201,0.304
RGI60-05.05368,203176,61.8107,-48.3544,0.053
RGI60-05.05369,203177,61.9035,-48.1957,0.077
RGI60-05.05370,203178,61.8061,-48.3898,0.59
RGI60-05.05371,203179,61.8313,-42.2785,0.068
RGI60-05.05373,203180,61.8176,-48.4166,0.052
RGI60-05.05374,203181,61.8356,-42.2723,0.187
RGI60-05.05375,203182,61.8315,-42.1685,0.473
RGI60-05.05376,203183,61.8202,-48.4343,0.081
RGI60-05.05377,203184,61.8228,-48.4245,0.071
RGI60-05.05378,203185,61.9064,-48.1764,0.069
RGI60-05.05379,203186,61.8414,-42.2602,0.302
RGI60-05.05380,203187,61.844,-42.292,0.08
RGI60-05.05383,203188,61.8361,-42.139,0.702
RGI60-05.05384,203189,61.8414,-42.1561,0.783
RGI60-05.05385,203190,61.8454,-42.1442,0.164
RGI60-05.05386,203191,61.8635,-42.8833,0.151
RGI60-05.05387,203192,61.869,-42.895,0.093
RGI60-05.05388,203193,61.8581,-42.1201,0.132
RGI60-05.05389,203194,61.9087,-48.3975,0.065
RGI60-05.05390,203195,61.8511,-48.209,0.163
RGI60-05.05391,203196,61.876,-42.77,0.178
RGI60-05.05392,203197,61.8577,-48.3045,0.226
RGI60-05.05393,203198,61.8603,-48.2749,0.808
RGI60-05.05394,203199,61.8656,-48.6699,0.053
RGI60-05.05395,203200,61.8637,-48.706,0.071
RGI60-05.05396,203201,61.878,-48.2361,0.245
RGI60-05.05397,203202,61.9111,-48.3802,0.099
RGI60-05.05398,203203,61.8758,-48.2788,0.552
RGI60-05.05399,203204,61.8701,-48.6837,0.077
RGI60-05.05400,203205,61.873,-48.259,1.268
RGI60-05.05401,203206,61.8832,-48.2382,0.059
RGI60-05.05402,203207,61.8718,-48.6971,0.093
RGI60-05.05403,203208,61.8887,-48.1917,0.054
RGI60-05.05404,203209,61.8914,-48.2402,0.129
RGI60-05.05405,203210,61.8992,-48.1335,0.093
RGI60-05.05406,203211,61.9157,-48.1923,0.95
RGI60-05.05407,203212,61.9244,-48.11,0.062
RGI60-05.05408,203213,61.9248,-48.1482,0.068
RGI60-05.05409,203214,61.9325,-48.1123,0.699
RGI60-05.05410,203215,61.9433,-48.1377,0.12
RGI60-05.05411,203216,61.9503,-48.1309,0.055
RGI60-05.05412,203217,61.9912,-48.0181,0.092
RGI60-05.05413,203218,61.9946,-48.032,0.086
RGI60-05.05414,203219,62.1193,-49.1813,0.172
RGI60-05.05417,203220,61.7488,-42.5872,0.956
RGI60-05.05419,203221,62.1392,-48.6511,0.156
RGI60-05.05420,203222,62.1272,-49.1752,0.102
RGI60-05.05421,203223,62.1298,-49.1464,0.053
RGI60-05.05425,203224,62.0522,-42.4258,0.325
RGI60-05.05427,203225,62.0548,-42.1384,0.055
RGI60-05.05428,203226,62.0593,-42.1582,0.079
RGI60-05.05429,203227,62.0879,-42.4374,0.055
RGI60-05.05431,203228,62.0983,-42.2054,0.127
RGI60-05.05432,203229,62.0972,-42.1892,0.292
RGI60-05.05433,203230,62.4213,-43.217,0.071
RGI60-05.05434,203231,62.1031,-42.2114,0.192
RGI60-05.05435,203232,62.1047,-42.1762,0.248
RGI60-05.05436,203233,62.08,-49.2258,0.078
RGI60-05.05437,203234,62.0838,-49.2363,0.061
RGI60-05.05438,203235,62.149,-42.3214,0.128
RGI60-05.05439,203236,62.1138,-49.191,0.102
RGI60-05.05440,203237,62.1527,-48.7636,0.184
RGI60-05.05441,203238,62.1613,-48.7058,0.093
RGI60-05.05442,203239,62.1582,-49.1897,0.05
RGI60-05.05443,203240,62.3131,-43.0174,0.052
RGI60-05.05444,203241,62.3397,-42.5414,0.502
RGI60-05.05445,203242,62.3631,-43.3772,0.056
RGI60-05.05446,203243,62.3637,-42.2499,2.881
RGI60-05.05447,203244,62.3762,-42.3905,0.229
RGI60-05.05448,203245,62.4016,-42.1751,0.056
RGI60-05.05449,203246,62.3759,-42.5736,2.342
RGI60-05.05450,203247,62.3931,-42.7565,0.076
RGI60-05.05453,,62.412,-42.9413,1.008
RGI60-05.05455,203248,62.3829,-42.3505,6.637
RGI60-05.05456,203249,62.3985,-42.1788,0.076
RGI60-05.05457,203250,62.4207,-43.1549,0.169
RGI60-05.05458,203251,62.4053,-42.2711,0.221
RGI60-05.05459,203252,62.4038,-42.1841,0.126
RGI60-05.05460,203253,62.4046,-42.17,0.085
RGI60-05.05461,203254,62.4247,-43.1602,0.054
RGI60-05.05462,203255,62.4203,-42.8065,0.429
RGI60-05.05463,203256,62.4323,-43.3267,0.073
RGI60-05.05464,203257,62.4111,-42.1721,0.14
RGI60-05.05465,203258,62.4223,-42.8351,0.165
RGI60-05.05467,203259,62.4264,-42.9033,0.285
RGI60-05.05468,203260,62.4003,-42.3078,8.329
RGI60-05.05469,203261,62.4714,-43.0767,0.587
RGI60-05.05470,203262,62.4045,-42.4393,14.505
RGI60-05.05471,,62.4507,-43.4011,0.395
RGI60-05.05473,203263,62.4363,-42.5475,0.22
RGI60-05.05474,203264,62.4316,-42.5242,3.65
RGI60-05.05476,203265,62.4399,-42.9123,3.665
RGI60-05.05477,203266,62.4653,-43.0229,6.286
RGI60-05.05478,203267,62.4734,-42.578,0.347
RGI60-05.05479,203268,62.4712,-42.3861,0.19
RGI60-05.05480,203269,62.4716,-42.667,1.479
RGI60-05.05481,203270,62.4767,-42.3714,0.25
RGI60-05.05482,203271,62.478,-42.5187,0.526
RGI60-05.05483,203272,62.4597,-42.611,12.491
RGI60-05.05484,203273,62.4488,-42.5681,1.625
RGI60-05.05485,203274,62.4851,-42.5304,0.456
RGI60-05.05486,203275,62.4878,-42.4373,0.374
RGI60-05.05487,203276,62.4904,-42.5184,0.588
RGI60-05.05488,203277,62.4924,-42.4469,0.19
RGI60-05.05489,203278,62.4905,-42.3514,0.648
RGI60-05.05490,203279,62.508,-43.1687,0.134
RGI60-05.05491,203280,62.5011,-42.7997,0.558
RGI60-05.05492,,62.5106,-43.1851,0.527
RGI60-05.05493,203281,62.5167,-43.3452,0.054
RGI60-05.05494,203282,62.5121,-43.1089,0.272
RGI60-05.05495,203283,62.5062,-42.8293,1.071
RGI60-05.05497,,62.5154,-43.2453,0.257
RGI60-05.05498,203284,62.5209,-43.338,0.126
RGI60-05.05499,,62.518,-43.1033,0.111
RGI60-05.05500,203285,62.5184,-43.1163,0.293
RGI60-05.05501,203286,62.5739,-43.075,0.101
RGI60-05.05502,,62.7819,-42.6064,0.089
RGI60-05.05503,203287,62.5575,-43.0317,0.422
RGI60-05.05504,203288,62.5607,-43.0425,0.124
RGI60-05.05505,203289,62.5189,-42.9066,0.48
RGI60-05.05506,203290,62.5291,-43.3079,0.051
RGI60-05.05507,203291,62.5267,-43.1017,0.136
RGI60-05.05508,203292,62.526,-42.9724,0.111
RGI60-05.05509,,62.5296,-43.1248,0.252
RGI60-05.05510,203293,62.5301,-43.1018,0.05
RGI60-05.05511,203294,62.5252,-42.8966,0.547
RGI60-05.05512,203295,62.5301,-42.9649,0.146
RGI60-05.05513,203296,62.5268,-42.7524,0.122
RGI60-05.05514,203297,62.5332,-43.1045,0.054
RGI60-05.05515,203298,62.5095,-42.2063,2.164
RGI60-05.05516,203299,62.4981,-42.1841,0.726
RGI60-05.05517,203300,62.5161,-42.2321,0.843
RGI60-05.05518,203301,62.5332,-42.8149,0.086
RGI60-05.05519,203302,62.5317,-42.6399,0.209
RGI60-05.05520,203303,62.5423,-43.1637,0.114
RGI60-05.05521,203304,62.539,-43.0017,0.251
RGI60-05.05522,203305,62.5452,-42.9946,0.098
RGI60-05.05523,203306,62.5483,-43.0126,1.299
RGI60-05.05524,203307,62.5433,-42.5295,0.379
RGI60-05.05525,203308,62.558,-43.017,0.051
RGI60-05.05526,203309,62.5124,-42.3864,3.032
RGI60-05.05527,203310,62.4984,-42.3673,0.118
RGI60-05.05528,203311,62.4848,-42.367,0.618
RGI60-05.05529,203312,62.4823,-42.4186,2.617
RGI60-05.05530,203313,62.4809,-42.3906,1.686
RGI60-05.05531,203314,62.5411,-42.4328,6.08
RGI60-05.05532,203315,62.5132,-42.448,23.079
RGI60-05.05533,203316,62.5317,-42.3944,4.199
RGI60-05.05534,,62.56,-42.8502,0.06
RGI60-05.05535,,62.5711,-43.1876,0.075
RGI60-05.05536,203317,62.57,-43.0508,1.047
RGI60-05.05537,203318,62.5758,-42.7832,0.068
RGI60-05.05538,203319,62.5739,-42.6116,0.082
RGI60-05.05539,203320,62.5765,-42.6182,0.266
RGI60-05.05540,203321,62.5854,-43.0929,0.103
RGI60-05.05543,203322,62.5737,-42.8032,0.051
RGI60-05.05544,203323,62.5609,-42.768,16.168
RGI60-05.05545,203324,62.5844,-42.7467,0.211
RGI60-05.05546,203325,62.5768,-42.5189,2.086
RGI60-05.05547,203326,62.5809,-42.8577,38.205
RGI60-05.05548,203327,62.5458,-42.9659,12.131
RGI60-05.05549,203328,62.6093,-42.8249,1.73
RGI60-05.05550,203329,62.533,-42.8707,13.383
RGI60-05.05551,203330,62.5333,-42.9877,0.658
RGI60-05.05552,203331,62.5457,-42.553,1.542
RGI60-05.05553,203332,62.585372925,-42.608711243,2.528
RGI60-05.05554,203333,62.5538,-42.6047,4.828
RGI60-05.05555,203334,62.5417,-42.573,1.244
RGI60-05.05556,203335,62.6533,-49.4622,0.073
RGI60-05.05557,203336,62.5097,-42.5654,3.155
RGI60-05.05558,203337,62.5188,-42.6833,60.6
RGI60-05.05559,203338,62.4924,-42.5694,0.233
RGI60-05.05560,203339,62.4849,-42.5804,0.707
RGI60-05.05561,203340,62.6052,-42.6132,3.94
RGI60-05.05562,203341,62.5737,-42.5627,8.553
RGI60-05.05563,203342,62.5616,-42.5339,0.686
RGI60-05.05564,203343,62.5194,-42.8299,0.059
RGI60-05.05565,203344,62.5963,-42.5844,3.758
RGI60-05.05566,203345,62.5954,-42.6289,0.992
RGI60-05.05567,203346,62.5544,-42.5371,0.736
RGI60-05.05568,203347,62.5363,-42.5862,1.628
RGI60-05.05569,203348,62.5221,-42.5698,0.283
RGI60-05.05570,203349,62.4976,-42.541,1.499
RGI60-05.05571,203350,62.6743,-43.2978,0.075
RGI60-05.05572,203351,62.7061,-42.764,0.275
RGI60-05.05573,203352,62.6961,-42.1024,0.098
RGI60-05.05574,203353,62.7044,-42.7509,0.456
RGI60-05.05575,203354,62.6964,-42.0898,0.093
RGI60-05.05576,203355,62.6479,-49.4751,1.117
RGI60-05.05577,203356,62.699,-42.1126,0.198
RGI60-05.05578,203357,62.7034,-42.7301,1.662
RGI60-05.05579,203358,62.7164,-42.8252,0.156
RGI60-05.05580,,62.7164,-42.7552,0.501
RGI60-05.05581,203359,62.704,-42.0996,0.78
RGI60-05.05582,203360,62.643,-49.8514,0.59
RGI60-05.05583,203361,62.6524,-49.8378,0.125
RGI60-05.05584,203362,62.6656,-49.4688,1.134
RGI60-05.05585,203363,62.7379,-42.768,0.056
RGI60-05.05586,203364,62.7396,-42.7575,0.078
RGI60-05.05587,203365,62.729,-42.2545,0.178
RGI60-05.05588,,62.742,-42.7849,0.064
RGI60-05.05589,,62.7409,-42.778,0.219
RGI60-05.05590,,62.7457,-42.7722,0.242
RGI60-05.05591,203366,62.738,-42.221,0.524
RGI60-05.05592,,62.7522,-42.6456,0.209
RGI60-05.05593,203367,62.7571,-42.7721,2.918
RGI60-05.05594,203368,62.7517,-42.2384,1.109
RGI60-05.05595,,62.7727,-42.8625,0.065
RGI60-05.05596,203369,62.7747,-42.9239,0.087
RGI60-05.05597,203370,62.7727,-43.0805,1.293
RGI60-05.05598,203371,62.7646,-42.3151,0.468
RGI60-05.05599,203372,62.7744,-42.6618,0.165
RGI60-05.05600,203373,62.7827,-43.0787,0.88
RGI60-05.05601,203374,62.7414,-42.2817,7.39
RGI60-05.05602,203375,62.7598,-42.2902,0.866
RGI60-05.05603,203376,62.7578,-42.3005,0.068
RGI60-05.05604,203377,62.7366,-42.2395,0.064
RGI60-05.05605,203378,62.7759,-42.9319,0.1
RGI60-05.05606,203379,62.7755,-42.8672,0.206
RGI60-05.05607,,62.777,-42.8536,0.072
RGI60-05.05608,203380,62.7904,-43.0895,0.197
RGI60-05.05609,,62.7898,-43.0775,0.256
RGI60-05.05610,,62.7871,-42.6123,0.085
RGI60-05.05611,,62.7949,-42.6254,0.264
RGI60-05.05612,203381,62.7938,-42.641,0.353
RGI60-05.05613,203382,62.7844,-42.6349,1.857
RGI60-05.05614,203383,62.7957,-42.6652,0.632
RGI60-05.05615,203384,62.7865,-42.6562,0.461
RGI60-05.05616,203385,62.7808,-42.655,0.142
RGI60-05.05617,203386,62.8016,-42.7186,0.249
RGI60-05.05618,203387,62.8,-42.6414,0.227
RGI60-05.05619,203388,62.8018,-42.6293,0.112
RGI60-05.05620,203389,62.8084,-43.1184,0.89
RGI60-05.05621,203390,62.811,-42.9127,0.105
RGI60-05.05622,,62.8119,-42.7365,0.351
RGI60-05.05623,203391,62.8178,-42.7922,0.088
RGI60-05.05624,203392,62.8029,-42.0322,0.173
RGI60-05.05625,203393,62.8119,-42.4973,0.354
RGI60-05.05626,203394,62.9062,-49.9619,0.072
RGI60-05.05627,203395,62.9025,-49.9978,0.116
RGI60-05.05628,203396,62.9808,-42.7189,0.149
RGI60-05.05632,203397,62.8433,-41.8304,0.162
RGI60-05.05633,203398,62.8331,-49.8043,0.091
RGI60-05.05634,203399,62.854,-49.6723,0.057
RGI60-05.05635,,62.972,-42.3089,0.124
RGI60-05.05636,203400,62.9792,-42.6943,0.251
RGI60-05.05637,203401,62.8055,-42.0401,0.197
RGI60-05.05638,203402,62.8122,-42.1612,0.05
RGI60-05.05639,203403,62.8078,-42.0756,0.943
RGI60-05.05640,203404,62.798,-42.0798,0.199
RGI60-05.05641,203405,62.7987,-42.0625,0.993
RGI60-05.05642,203406,62.8087,-42.0547,0.769
RGI60-05.05643,203407,62.812,-42.0933,0.257
RGI60-05.05644,203408,62.8264,-42.6638,0.08
RGI60-05.05645,203409,62.8266,-42.6534,0.104
RGI60-05.05646,203410,62.8235,-42.4899,0.589
RGI60-05.05647,203411,62.8203,-42.5073,0.241
RGI60-05.05648,203412,62.8179,-42.4889,0.621
RGI60-05.05649,203413,62.8167,-42.0464,0.097
RGI60-05.05650,203414,62.8231,-42.2937,0.171
RGI60-05.05651,203415,62.8551,-42.3125,0.564
RGI60-05.05652,203416,62.8133,-42.1389,1.075
RGI60-05.05653,203417,62.8324,-42.6509,0.244
RGI60-05.05654,203418,62.8307,-42.6911,0.412
RGI60-05.05655,203419,62.8423,-43.184,0.268
RGI60-05.05659,203420,62.8239,-42.0418,0.084
RGI60-05.05660,203421,62.8291,-49.7216,0.113
RGI60-05.05661,203422,62.8339,-42.1846,0.107
RGI60-05.05662,203423,62.8248,-42.1534,3.838
RGI60-05.05663,203424,62.8321,-42.1731,0.262
RGI60-05.05664,203425,62.8313,-42.6779,1.297
RGI60-05.05665,203426,62.8381,-42.663,0.146
RGI60-05.05666,203427,62.8443,-42.6719,1.05
RGI60-05.05667,203428,62.8326,-42.285,1.776
RGI60-05.05668,203429,62.8336,-42.3235,1.495
RGI60-05.05669,203430,62.8441,-42.1593,0.103
RGI60-05.05670,203431,62.8362,-41.8174,0.186
RGI60-05.05671,203432,62.8375,-41.8447,0.209
RGI60-05.05672,203433,62.8477,-42.3257,0.699
RGI60-05.05673,203434,62.8405,-41.8549,0.111
RGI60-05.05674,203435,62.8282,-42.0706,7.098
RGI60-05.05675,203436,62.8476,-42.0682,0.103
RGI60-05.05676,,62.8619,-42.7468,0.164
RGI60-05.05678,203437,62.8433,-41.8713,0.392
RGI60-05.05679,203438,62.8792,-41.8224,0.075
RGI60-05.05680,203439,62.7346,-42.7966,11.435
RGI60-05.05681,,62.7578,-42.854,0.209
RGI60-05.05682,203440,62.8323,-49.6662,0.064
RGI60-05.05683,,62.7426,-42.8439,0.508
RGI60-05.05684,203441,62.7945,-43.0289,23.09
RGI60-05.05685,203442,62.7777,-42.9998,0.614
RGI60-05.05686,203443,62.7963,-43.0607,2.437
RGI60-05.05687,203444,62.8064,-43.067,0.099
RGI60-05.05688,203445,62.8255,-42.7657,2.452
RGI60-05.05689,203446,62.8281,-42.751,0.387
RGI60-05.05690,203447,62.7557,-42.9713,8.454
RGI60-05.05691,203448,62.8361,-42.7303,19.93
RGI60-05.05692,203449,62.8029,-43.0955,4.051
RGI60-05.05693,203450,62.7289,-42.8267,1.922
RGI60-05.05694,203451,62.8074,-42.8814,2.097
RGI60-05.05695,,62.8185,-42.7446,0.375
RGI60-05.05696,203452,62.8235,-42.7848,2.498
RGI60-05.05697,203453,62.7864,-42.9337,66.646
RGI60-05.05698,203454,62.7757,-42.9416,0.063
RGI60-05.05699,203455,62.8214,-42.9431,0.369
RGI60-05.05700,203456,62.7401,-42.8843,14.35
RGI60-05.05701,,62.7693,-42.8051,1.938
RGI60-05.05702,203457,62.7365,-42.9358,3.354
RGI60-05.05703,203458,62.8515,-42.6896,0.868
RGI60-05.05704,203459,62.8574,-42.7016,1.165
RGI60-05.05705,203460,62.8494,-41.8588,0.149
RGI60-05.05706,203461,62.8486,-41.8433,0.437
RGI60-05.05707,203462,62.7979,-49.8757,0.109
RGI60-05.05708,203463,62.8719,-42.4634,0.113
RGI60-05.05709,203464,62.8733,-42.4708,0.056
RGI60-05.05710,,62.8786,-42.8089,0.443
RGI60-05.05712,203465,62.8297,-49.752,0.077
RGI60-05.05713,203466,62.8704,-42.0882,0.062
RGI60-05.05714,,62.8856,-42.7911,0.24
RGI60-05.05715,203467,62.8723,-41.8974,0.292
RGI60-05.05716,203468,62.8916,-42.5622,0.056
RGI60-05.05717,203469,62.8238,-49.7208,0.293
RGI60-05.05718,203470,62.8767,-41.8145,0.054
RGI60-05.05719,203471,62.8299,-49.685,0.071
RGI60-05.05720,203472,62.8844,-41.8148,0.057
RGI60-05.05721,203473,62.8348,-49.6402,0.075
RGI60-05.05722,203474,62.8962,-42.443,0.066
RGI60-05.05723,203475,62.8295,-49.8081,0.124
RGI60-05.05724,,62.885055542,-42.467910767,0.086
RGI60-05.05725,,62.8893,-42.4634,0.693
RGI60-05.05726,,62.8787,-42.4577,1.026
RGI60-05.05727,203476,62.8335,-49.7571,0.146
RGI60-05.05728,203477,62.8379,-49.6813,0.505
RGI60-05.05729,203478,62.8792,-42.4871,2.482
RGI60-05.05730,203479,62.8941,-42.4761,0.8
RGI60-05.05733,,62.914,-43.0986,0.334
RGI60-05.05734,203480,62.8965,-42.317,1.083
RGI60-05.05735,203481,62.8403,-49.7652,0.394
RGI60-05.05736,203482,62.8415,-49.804,0.077
RGI60-05.05737,203483,62.8429,-49.6961,0.343
RGI60-05.05738,203484,62.8486,-49.6487,0.051
RGI60-05.05739,203485,62.9043,-42.2928,0.054
RGI60-05.05740,203486,62.8286,-50.2141,0.198
RGI60-05.05741,203487,62.907,-42.3085,0.474
RGI60-05.05742,203488,62.8509,-49.6637,0.169
RGI60-05.05743,203489,62.8321,-50.2069,0.069
RGI60-05.05744,203490,62.8523,-49.6802,0.211
RGI60-05.05745,203491,62.9037,-41.985,0.095
RGI60-05.05746,203492,62.9237,-42.9844,0.704
RGI60-05.05749,203493,62.8589,-49.6202,0.06
RGI60-05.05750,203494,62.9119,-42.1863,0.14
RGI60-05.05751,203495,62.8944,-41.8206,2.625
RGI60-05.05752,203496,62.854,-49.7048,0.449
RGI60-05.05753,203497,62.8697,-49.6312,0.165
RGI60-05.05754,203498,62.8578,-49.6994,0.295
RGI60-05.05755,203499,62.8584,-49.6627,0.639
RGI60-05.05756,203500,62.8376,-50.1986,0.481
RGI60-05.05757,203501,62.9248,-42.613,0.111
RGI60-05.05758,203502,62.8618,-49.6832,0.109
RGI60-05.05762,203503,62.9272,-42.8131,1.006
RGI60-05.05763,203504,62.9131,-41.9115,0.05
RGI60-05.05764,203505,62.8431,-50.1744,0.217
RGI60-05.05765,203506,62.8635,-49.7125,0.062
RGI60-05.05766,203507,62.9101,-41.7063,0.057
RGI60-05.05767,203508,62.8663,-49.6519,0.245
RGI60-05.05768,203509,62.8493,-50.1628,0.238
RGI60-05.05769,203510,62.9159,-41.8408,0.18
RGI60-05.05770,203511,62.8523,-50.0946,0.15
RGI60-05.05771,203512,62.8697,-49.6567,0.507
RGI60-05.05772,203513,62.8574,-50.0983,0.062
RGI60-05.05773,203514,62.949,-43.2917,0.223
RGI60-05.05774,203515,62.9157,-41.731,0.263
RGI60-05.05775,203516,62.9107,-41.8687,4.185
RGI60-05.05776,203517,62.9041,-41.9037,0.519
RGI60-05.05777,203518,62.8936,-41.9072,1.385
RGI60-05.05778,203519,62.9527,-41.7882,0.068
RGI60-05.05779,203520,62.8874,-41.8605,7.138
RGI60-05.05780,203521,62.877,-41.9312,2.887
RGI60-05.05781,203522,62.9675,-42.3423,0.139
RGI60-05.05782,203523,62.8602,-41.9571,2.03
RGI60-05.05783,203524,62.8614,-41.9181,3.996
RGI60-05.05784,203525,62.8768,-49.6377,0.14
RGI60-05.05785,203526,62.9216,-41.717,0.099
RGI60-05.05786,203527,62.8753,-49.7531,0.231
RGI60-05.05787,203528,62.9313,-42.0317,0.093
RGI60-05.05788,203529,62.9167,-41.8224,1.241
RGI60-05.05789,203530,62.8716,-50.0351,0.219
RGI60-05.05790,203531,62.9372,-42.0204,0.214
RGI60-05.05791,203532,62.9333,-41.7552,0.112
RGI60-05.05792,,62.9464,-42.6086,1.209
RGI60-05.05794,,62.9631,-42.0455,0.112
RGI60-05.05795,203533,62.8739,-50.0616,0.759
RGI60-05.05796,203534,62.9624,-43.0113,0.148
RGI60-05.05797,,62.948,-42.0774,0.062
RGI60-05.05798,203535,62.8794,-50.083,0.121
RGI60-05.05799,203536,62.9382,-41.652,0.572
RGI60-05.05800,203537,62.9461,-42.0004,0.719
RGI60-05.05801,203538,62.947,-41.7276,0.055
RGI60-05.05802,,62.9563,-42.0483,0.107
RGI60-05.05803,203539,62.9636,-42.332,0.184
RGI60-05.05804,203540,62.9597,-41.781,0.29
RGI60-05.05805,203541,62.9728,-42.127,0.091
RGI60-05.05806,203542,62.9796,-42.5287,0.236
RGI60-05.05807,203543,62.97,-41.9289,0.155
RGI60-05.05808,203544,62.9726,-42.0451,0.437
RGI60-05.05809,203545,62.9752,-42.1192,0.158
RGI60-05.05810,203546,62.9668,-41.7576,0.227
RGI60-05.05811,203547,62.9711,-41.7526,0.07
RGI60-05.05812,203548,62.9758,-41.9231,0.248
RGI60-05.05813,203549,63.0004,-42.3014,0.116
RGI60-05.05814,203550,62.9446,-49.6859,0.064
RGI60-05.05815,203551,62.9342,-41.726,3.289
RGI60-05.05816,203552,62.9438,-41.7209,0.098
RGI60-05.05817,203553,62.9214,-41.7,0.914
RGI60-05.05818,203554,62.9749,-41.81,0.163
RGI60-05.05819,203555,63.0043,-43.2015,0.467
RGI60-05.05820,203556,62.9685,-49.5323,0.337
RGI60-05.05821,203557,62.9531,-41.6908,7.126
RGI60-05.05822,203558,62.9248,-41.7414,0.336
RGI60-05.05823,203559,62.9887,-42.0003,0.543
RGI60-05.05824,203560,62.9824,-42.0409,0.671
RGI60-05.05825,203561,62.9774,-42.0241,0.546
RGI60-05.05826,203562,62.9838,-42.0163,0.343
RGI60-05.05827,203563,62.976,-41.7423,0.244
RGI60-05.05828,203564,62.9876,-42.1077,0.093
RGI60-05.05829,203565,62.9979,-42.4692,0.121
RGI60-05.05830,203566,62.9893,-42.0298,0.19
RGI60-05.05831,,62.9988,-42.4883,0.278
RGI60-05.05832,203567,62.9473,-49.5137,0.129
RGI60-05.05833,203568,62.959,-42.1063,30.613
RGI60-05.05834,203569,62.9432,-49.66,0.643
RGI60-05.05835,203570,62.9442,-49.6999,0.229
RGI60-05.05836,203571,62.9961,-42.0297,0.12
RGI60-05.05837,203572,63.0002,-42.3193,0.732
RGI60-05.05838,203573,62.9925,-42.0189,0.425
RGI60-05.05839,203574,62.9563,-49.5177,0.062
RGI60-05.05840,203575,62.9476,-49.6786,0.4
RGI60-05.05841,203576,62.9515,-49.6954,0.137
RGI60-05.05842,203577,62.9636,-49.5122,0.42
RGI60-05.05843,203578,62.9546,-49.4907,0.072
RGI60-05.05844,203579,62.9583,-49.4882,0.359
RGI60-05.05845,203580,62.9577,-49.5035,0.115
RGI60-05.05846,203581,62.9527,-49.7069,0.178
RGI60-05.05847,203582,62.9546,-49.6792,0.069
RGI60-05.05848,203583,62.9726,-49.5383,0.113
RGI60-05.05849,203584,62.9722,-49.5131,0.385
RGI60-05.05850,203585,62.9591,-49.9031,0.2
RGI60-05.05851,203586,62.9604,-49.8891,0.074
RGI60-05.05852,203587,63.0251,-42.3326,0.26
RGI60-05.05853,203588,63.0031,-41.8843,3.806
RGI60-05.05854,203589,63.0681,-42.216,0.203
RGI60-05.05855,203590,62.9774,-41.8526,13.004
RGI60-05.05856,203591,62.9408,-42.1346,0.483
RGI60-05.05857,203592,62.931,-42.12,0.639
RGI60-05.05858,203593,62.9142,-42.1115,0.054
RGI60-05.05859,203594,62.9194,-42.1731,19.315
RGI60-05.05860,203595,62.9257,-41.8951,1.488
RGI60-05.05861,203596,62.9021,-42.2802,1.136
RGI60-05.05862,203597,63.0049,-50.0567,0.104
RGI60-05.05863,203598,62.8502,-42.2388,2.118
RGI60-05.05864,203599,62.8532,-42.2628,1.202
RGI60-05.05865,203600,62.9841,-42.1958,1.555
RGI60-05.05866,203601,62.9723,-42.2046,0.924
RGI60-05.05867,203602,62.8908,-42.0823,29.551
RGI60-05.05868,203603,62.8897,-42.1749,0.051
RGI60-05.05869,203604,62.8768,-42.1894,0.362
RGI60-05.05870,203605,62.8451,-42.2177,0.303
RGI60-05.05871,203606,62.9885,-41.9136,3.118
RGI60-05.05872,203607,62.9375,-41.9769,52.319
RGI60-05.05873,203608,62.9758,-41.911,0.057
RGI60-05.05874,203609,62.9712,-42.1826,0.098
RGI60-05.05875,203610,62.9022,-41.9775,0.377
RGI60-05.05876,203611,63.0055,-50.0487,0.1
RGI60-05.05877,203612,62.9606,-41.8145,7.557
RGI60-05.05878,203613,62.9385,-41.8358,0.339
RGI60-05.05879,203614,62.9797,-49.5358,0.163
RGI60-05.05880,203615,62.9564,-42.2031,5.715
RGI60-05.05881,203616,62.996,-41.8523,2.493
RGI60-05.05882,203617,62.842,-42.1395,1.225
RGI60-05.05883,203618,62.9858,-49.5473,0.059
RGI60-05.05884,203619,62.8997,-42.2572,1.961
RGI60-05.05885,203620,62.8829,-42.2033,1.992
RGI60-05.05886,203621,62.9168,-42.2664,1.293
RGI60-05.05887,203622,62.9132,-42.2432,2.201
RGI60-05.05888,203623,62.909,-42.2106,2.056
RGI60-05.05889,203624,62.8951,-42.2087,3.371
RGI60-05.05890,203625,62.9021,-42.2399,0.054
RGI60-05.05891,203626,62.894,-42.241,0.238
RGI60-05.05892,203627,62.8896,-42.0288,0.95
RGI60-05.05893,203628,62.9426,-42.1888,2.053
RGI60-05.05894,203629,62.9411,-41.8711,0.198
RGI60-05.05895,203630,62.9396,-41.8575,0.623
RGI60-05.05896,203631,62.9345,-41.8695,0.247
RGI60-05.05897,203632,63.0062,-41.9204,3.041
RGI60-05.05898,203633,62.9491,-41.8004,0.08
RGI60-05.05899,203634,62.9013,-42.0027,0.702
RGI60-05.05900,203635,62.8373,-42.249,2.747
RGI60-05.05901,203636,62.8394,-42.1004,2.547
RGI60-05.05902,203637,63.0426,-42.1412,0.377
RGI60-05.05903,203638,63.0093,-49.933,0.08
RGI60-05.05904,203639,62.8534,-42.2811,1.433
RGI60-05.05905,203640,62.9152,-42.283,1.073
RGI60-05.05906,203641,62.9917,-42.1584,3.11
RGI60-05.05907,203642,62.9879,-42.1783,0.182
RGI60-05.05908,203643,62.9719,-49.6456,0.103
RGI60-05.05909,203644,62.9758,-49.5243,0.196
RGI60-05.05910,203645,62.9845,-50.1021,0.28
RGI60-05.05911,203646,62.9684,-49.6087,4.27
RGI60-05.05912,203647,62.9668,-49.8799,0.085
RGI60-05.05913,203648,63.0316,-42.3713,0.277
RGI60-05.05914,203649,62.9749,-50.1119,0.056
RGI60-05.05915,203650,63.0494,-42.2607,0.086
RGI60-05.05916,203651,63.0445,-42.171,0.972
RGI60-05.05917,203652,63.0427,-42.1602,0.084
RGI60-05.05918,203653,63.039,-42.1551,0.286
RGI60-05.05919,,63.0501,-42.1893,0.132
RGI60-05.05920,203654,62.9782,-50.1042,0.119
RGI60-05.05921,203655,62.986,-50.0825,0.073
RGI60-05.05922,203656,62.9855,-50.0907,0.102
RGI60-05.05923,203657,63.0635,-42.3022,0.136
RGI60-05.05924,203658,62.9954,-49.9957,0.204
RGI60-05.05927,203659,63.0722,-42.6367,0.058
RGI60-05.05928,203660,63.0743,-42.6355,0.089
RGI60-05.05929,203661,63.0188,-49.5013,0.159
RGI60-05.05930,203662,63.0425,-42.0627,1.06
RGI60-05.05931,203663,63.05,-42.0973,4.453
RGI60-05.05932,,63.0347,-42.0594,0.137
RGI60-05.05933,203664,63.0362,-42.091,0.316
RGI60-05.05934,203665,63.0419,-42.1227,0.351
RGI60-05.05935,203666,63.0019,-49.9589,0.315
RGI60-05.05936,203667,62.9947,-50.0588,0.939
RGI60-05.05937,203668,63.0513,-41.4391,0.277
RGI60-05.05938,,63.0716,-42.2044,0.134
RGI60-05.05939,203669,63.0723,-42.3233,0.503
RGI60-05.05940,203670,63.0684,-42.31,0.458
RGI60-05.05941,203671,63.0218,-49.4932,0.143
RGI60-05.05942,203672,63.0669,-42.1259,1.16
RGI60-05.05943,203673,63.0108,-49.9461,0.139
RGI60-05.05944,203674,63.0288,-49.512,0.076
RGI60-05.05945,203675,63.075,-42.1418,0.301
RGI60-05.05946,,63.0779,-42.1948,0.471
RGI60-05.05947,203676,63.0073,-50.0745,0.055
RGI60-05.05948,203677,63.0929,-41.8664,0.261
RGI60-05.05949,203678,63.1099,-42.4779,0.104
RGI60-05.05950,203679,63.1188,-42.894,0.062
RGI60-05.05951,203680,63.0388,-49.9432,0.052
RGI60-05.05952,203681,63.0074,-42.8738,2.182
RGI60-05.05953,203682,63.0261,-42.8907,1.217
RGI60-05.05954,,63.039,-42.8956,0.48
RGI60-05.05955,,63.0542,-42.9002,1.07
RGI60-05.05956,203683,63.0983,-41.8751,0.114
RGI60-05.05957,,63.0768,-42.9162,2.137
RGI60-05.05959,203684,63.0309,-49.5527,0.063
RGI60-05.05960,,63.0797,-42.1744,0.092
RGI60-05.05961,203685,63.0343,-49.534,0.068
RGI60-05.05962,203686,63.079,-42.2156,0.804
RGI60-05.05963,203687,63.0849,-42.1799,0.158
RGI60-05.05964,203688,63.0156,-50.0356,0.237
RGI60-05.05965,203689,63.0644,-41.4576,3.605
RGI60-05.05966,203690,63.0426,-49.4288,0.302
RGI60-05.05967,203691,63.08,-42.2335,1.615
RGI60-05.05968,203692,63.0728,-41.503,0.449
RGI60-05.05969,203693,63.0843,-41.8229,0.118
RGI60-05.05970,203694,63.0378,-50.0426,0.058
RGI60-05.05971,203695,63.1017,-41.8627,0.084
RGI60-05.05972,203696,63.0399,-49.5503,3.729
RGI60-05.05973,203697,63.085,-41.7372,0.32
RGI60-05.05975,203698,63.1087,-42.8796,0.515
RGI60-05.05976,,63.0907,-41.8272,0.251
RGI60-05.05977,203699,63.0877,-41.8439,1.079
RGI60-05.05978,203700,63.0334,-50.0359,0.583
RGI60-05.05979,203701,63.098,-41.8632,0.099
RGI60-05.05980,203702,63.0367,-49.9533,0.137
RGI60-05.05981,203703,63.0283,-49.9411,0.981
RGI60-05.05982,203704,63.0165,-49.9323,1.087
RGI60-05.05983,203705,63.116,-41.9608,0.524
RGI60-05.05984,203706,63.0069,-49.9578,0.397
RGI60-05.05985,203707,63.0176,-49.996,14.27
RGI60-05.05986,203708,63.0033,-49.9717,0.167
RGI60-05.05987,203709,63.038,-50.0215,0.113
RGI60-05.05988,203710,63.0899,-41.6817,1.052
RGI60-05.05989,203711,63.0811,-41.6679,0.179
RGI60-05.05990,203712,63.0482,-50.0071,0.055
RGI60-05.05991,203713,63.0472,-50.0253,0.054
RGI60-05.05992,203714,63.043,-50.1063,0.132
RGI60-05.05993,203715,63.0741,-41.7097,2.536
RGI60-05.05994,203716,63.1147,-41.5746,0.162
RGI60-05.05995,203717,63.0947,-41.7089,1.622
RGI60-05.05996,203718,63.0761,-41.6822,2.543
RGI60-05.05997,203719,63.0997,-41.7293,0.73
RGI60-05.05998,203720,63.1043,-41.8483,2.32
RGI60-05.05999,203721,63.1156,-41.7512,0.981
RGI60-05.06000,203722,63.1076,-41.2553,0.086
RGI60-05.06001,203723,63.0973,-50.2755,0.072
RGI60-05.06002,203724,63.1345,-49.5408,0.067
RGI60-05.06023,203725,63.1231,-41.7638,0.182
RGI60-05.06025,203726,63.1394,-41.9887,0.073
RGI60-05.06029,203727,63.1388,-41.9829,0.084
RGI60-05.06030,203728,63.1217,-41.286,0.06
RGI60-05.06031,203729,63.1097,-41.2377,0.054
RGI60-05.06032,203730,63.1146,-41.8612,0.111
RGI60-05.06033,203731,63.1176,-41.8822,1.732
RGI60-05.06034,203732,63.1167,-41.8565,0.244
RGI60-05.06035,203733,63.0551,-50.1037,0.981
RGI60-05.06036,203734,63.1099,-41.2621,0.065
RGI60-05.06037,,63.127,-41.9724,0.278
RGI60-05.06038,203735,63.1107,-41.2721,0.215
RGI60-05.06039,203736,63.1139,-41.2821,0.073
RGI60-05.06040,203737,63.1289,-41.8936,0.432
RGI60-05.06041,203738,63.0671,-50.0468,0.175
RGI60-05.06042,203739,63.1153,-41.3008,0.085
RGI60-05.06043,203740,63.1283,-41.7746,0.18
RGI60-05.06044,,63.1344,-41.9806,0.059
RGI60-05.06045,203741,63.1143,-41.2534,0.302
RGI60-05.06046,203742,63.1311,-41.7538,0.051
RGI60-05.06047,203743,63.1346,-41.8982,0.203
RGI60-05.06048,203744,63.1261,-41.5139,0.181
RGI60-05.06049,203745,63.1333,-41.7654,0.136
RGI60-05.06050,203746,63.1223,-41.3253,0.149
RGI60-05.06051,,63.14,-41.9193,0.054
RGI60-05.06052,203747,63.1358,-41.779,0.116
RGI60-05.06053,203748,63.1217,-41.3063,0.337
RGI60-05.06054,203749,63.1403,-41.9029,0.158
RGI60-05.06055,203750,63.145,-41.9141,0.059
RGI60-05.06056,203751,63.0767,-50.154,0.112
RGI60-05.06057,203752,63.0831,-50.0526,0.059
RGI60-05.06058,203753,63.1436,-41.9408,0.738
RGI60-05.06059,203754,63.153,-42.0259,0.12
RGI60-05.06060,203755,63.1218,-49.4963,0.069
RGI60-05.06061,,63.1607,-42.4313,0.295
RGI60-05.06062,203756,63.0842,-50.0892,0.178
RGI60-05.06063,203757,63.0952,-49.8916,0.066
RGI60-05.06064,203758,63.1683,-42.6739,0.144
RGI60-05.06067,203759,63.0879,-50.1189,0.275
RGI60-05.06068,203760,63.1538,-41.9359,0.332
RGI60-05.06069,203761,63.1459,-41.4332,0.421
RGI60-05.06070,203762,63.0987,-50.0955,0.081
RGI60-05.06071,203763,63.1328,-41.3697,0.681
RGI60-05.06072,,63.155,-41.8372,0.059
RGI60-05.06073,203764,63.1419,-41.405,0.492
RGI60-05.06074,203765,63.1558,-41.8283,0.077
RGI60-05.06075,203766,63.1495,-41.5686,0.376
RGI60-05.06076,203767,63.0945,-50.0795,0.236
RGI60-05.06077,203768,63.0912,-50.1038,0.918
RGI60-05.06078,203769,63.1633,-42.0247,0.839
RGI60-05.06079,203770,63.1545,-42.0073,4.331
RGI60-05.06080,203771,63.1587,-41.659,0.066
RGI60-05.06081,203772,63.1555,-41.5386,0.226
RGI60-05.06082,203773,63.0933,-50.2526,0.149
RGI60-05.06083,203774,63.1018,-50.0891,0.131
RGI60-05.06084,203775,63.1026,-50.0818,0.112
RGI60-05.06085,203776,63.1613,-41.6451,0.163
RGI60-05.06086,203777,63.164,-41.6604,0.147
RGI60-05.06087,203778,63.1731,-41.8832,0.061
RGI60-05.06088,203779,63.1894,-42.7335,0.203
RGI60-05.06090,203780,63.1109,-50.0238,0.295
RGI60-05.06091,203781,63.1023,-50.2388,0.461
RGI60-05.06092,203782,63.1046,-50.2464,0.181
RGI60-05.06093,203783,63.1165,-49.9705,0.089
RGI60-05.06094,203784,63.1039,-50.27,0.294
RGI60-05.06095,203785,63.1758,-41.9054,0.32
RGI60-05.06096,203786,63.1251,-49.7558,0.323
RGI60-05.06097,203787,63.179,-41.9566,0.137
RGI60-05.06098,203788,63.1744,-41.9391,0.93
RGI60-05.06099,203789,63.1339,-49.5627,0.393
RGI60-05.06100,203790,63.1207,-49.9396,0.204
RGI60-05.06101,203791,63.1723,-41.5545,0.185
RGI60-05.06102,203792,63.1361,-49.5798,0.051
RGI60-05.06103,203793,63.116,-49.9824,0.126
RGI60-05.06104,203794,63.0813,-49.9909,26.362
RGI60-05.06105,203795,63.1162,-50.0026,1.834
RGI60-05.06106,203796,63.1211,-49.9874,0.08
RGI60-05.06107,203797,63.1084,-49.9775,0.876
RGI60-05.06108,203798,63.114,-50.2332,0.051
RGI60-05.06109,203799,63.1406,-49.5484,0.05
RGI60-05.06110,,63.1936,-42.5229,0.61
RGI60-05.06111,,63.1996,-41.9775,0.065
RGI60-05.06112,203800,63.137,-49.5242,0.756
RGI60-05.06113,203801,63.1817,-41.8861,1.02
RGI60-05.06114,203802,63.1255,-49.9811,0.068
RGI60-05.06115,203803,63.1455,-49.4533,0.114
RGI60-05.06116,203804,63.1085,-50.2435,0.622
RGI60-05.06117,203805,63.1086,-50.2564,0.399
RGI60-05.06118,203806,63.138,-49.7728,0.067
RGI60-05.06119,203807,63.1395,-49.7134,0.393
RGI60-05.06120,203808,63.1457,-49.5502,0.181
RGI60-05.06121,203809,63.1844,-42.0673,0.225
RGI60-05.06125,203810,63.1935,-42.0696,1.104
RGI60-05.06126,203811,63.1854,-41.939,1.446
RGI60-05.06127,203812,63.1379,-49.8581,0.11
RGI60-05.06128,203813,63.183,-41.9157,1.007
RGI60-05.06129,203814,63.1287,-50.0947,0.127
RGI60-05.06130,203815,63.1901,-41.9623,0.377
RGI60-05.06131,203816,63.1838,-42.0347,2.397
RGI60-05.06132,203817,63.1531,-49.4454,0.872
RGI60-05.06133,203818,63.1455,-49.7244,0.313
RGI60-05.06134,203819,63.1284,-50.2059,0.099
RGI60-05.06135,203820,63.2007,-42.0486,0.212
RGI60-05.06136,203821,63.1429,-49.8423,0.245
RGI60-05.06137,203822,63.1394,-49.9689,0.16
RGI60-05.06138,203823,63.139,-50.0705,0.065
RGI60-05.06139,203824,63.147,-49.7714,2.261
RGI60-05.06140,203825,63.1439,-49.7394,0.434
RGI60-05.06141,203826,63.139,-49.8215,4.468
RGI60-05.06142,203827,63.1319,-49.8695,0.64
RGI60-05.06143,203828,63.1414,-49.7569,0.397
RGI60-05.06144,203829,63.1295,-49.9838,0.504
RGI60-05.06145,203830,63.1271,-49.789,2.417
RGI60-05.06146,203831,63.1651,-49.4277,0.667
RGI60-05.06147,203832,63.2035,-41.7493,0.311
RGI60-05.06148,203833,63.1589,-49.72,0.123
RGI60-05.06149,203834,63.1541,-49.8858,0.141
RGI60-05.06150,203835,63.1537,-49.872,0.451
RGI60-05.06151,203836,63.1401,-49.9196,8.315
RGI60-05.06152,203837,63.1733,-49.3898,0.068
RGI60-05.06153,203838,63.0683,-42.1535,0.725
RGI60-05.06155,203839,63.0579,-42.243,1.404
RGI60-05.06157,203840,62.9742,-42.3349,0.593
RGI60-05.06158,203841,62.9703,-42.3195,0.196
RGI60-05.06159,203842,62.8768,-42.5109,1.078
RGI60-05.06160,203843,63.2028,-41.5175,0.221
RGI60-05.06161,203844,63.1704,-49.4556,0.912
RGI60-05.06162,203845,63.154,-50.0617,0.265
RGI60-05.06163,203846,63.1764,-49.4466,0.149
RGI60-05.06164,203847,63.1492,-50.2026,0.067
RGI60-05.06165,203848,63.1519,-50.1848,0.097
RGI60-05.06166,203849,63.1566,-50.1415,0.062
RGI60-05.06167,203850,63.1703,-49.8595,0.122
RGI60-05.06168,203851,63.1898,-49.2672,0.886
RGI60-05.06169,203852,63.2227,-41.7875,0.11
RGI60-05.06170,203853,63.1847,-49.4362,0.381
RGI60-05.06171,203854,63.2251,-42.0782,2.096
RGI60-05.06172,203855,63.2058,-41.5405,1.997
RGI60-05.06173,203856,63.2191,-41.5564,1.373
RGI60-05.06174,203857,63.1652,-50.1881,0.116
RGI60-05.06175,203858,63.172,-50.1941,0.104
RGI60-05.06176,203859,63.176,-50.1997,0.075
RGI60-05.06177,203860,63.172,-50.2124,0.142
RGI60-05.06178,203861,63.1834,-50.0874,0.122
RGI60-05.06180,203862,63.3213,-41.873,0.124
RGI60-05.06181,203863,63.4217,-41.1513,0.13
RGI60-05.06182,203864,63.2443,-50.459,0.069
RGI60-05.06183,203865,63.3125,-41.4612,0.057
RGI60-05.06184,203866,63.3209,-41.3094,0.098
RGI60-05.06185,203867,63.3522,-42.4202,0.136
RGI60-05.06187,203868,63.2751,-42.164,0.486
RGI60-05.06188,203869,63.2762,-42.0823,0.057
RGI60-05.06189,203870,63.2499,-41.1483,0.443
RGI60-05.06190,,63.2771,-42.1276,0.203
RGI60-05.06192,203871,63.2923,-42.445,0.327
RGI60-05.06194,203872,63.3421,-41.8296,0.069
RGI60-05.06195,203873,63.2373,-41.3901,0.051
RGI60-05.06196,203874,63.2378,-41.4028,0.13
RGI60-05.06197,203875,63.2377,-41.9136,1.225
RGI60-05.06198,203876,63.2684,-50.3862,0.055
RGI60-05.06199,203877,63.246,-41.9452,2.132
RGI60-05.06200,203878,63.1886,-50.0736,0.486
RGI60-05.06201,203879,63.1907,-50.098,0.148
RGI60-05.06202,203880,63.1931,-50.0822,0.263
RGI60-05.06203,203881,63.1939,-50.1143,0.214
RGI60-05.06204,203882,63.2753,-42.1902,0.643
RGI60-05.06206,203883,63.2665,-50.5449,0.061
RGI60-05.06207,203884,63.2553,-41.9323,2.252
RGI60-05.06208,203885,63.2331,-41.1402,1.461
RGI60-05.06209,203886,63.2424,-41.1463,0.791
RGI60-05.06210,203887,63.2366,-41.1725,1.567
RGI60-05.06211,203888,63.2703,-42.0579,0.123
RGI60-05.06212,203889,63.2745,-42.1387,0.614
RGI60-05.06213,203890,63.2481,-41.1805,1.7
RGI60-05.06214,203891,63.2602,-41.4035,0.104
RGI60-05.06215,,63.2684,-41.621,0.071
RGI60-05.06216,203892,63.271,-41.957,0.721
RGI60-05.06219,203893,63.2856,-42.4233,0.794
RGI60-05.06220,203894,63.2648,-41.3141,0.068
RGI60-05.06221,203895,63.2618,-41.1652,0.057
RGI60-05.06222,203896,63.2453,-41.2678,4.277
RGI60-05.06223,203897,63.2493,-41.2959,1.594
RGI60-05.06224,203898,63.2397,-41.2988,0.082
RGI60-05.06225,203899,63.2829,-42.0832,0.071
RGI60-05.06226,203900,63.2607,-41.2949,0.387
RGI60-05.06227,203901,63.2766,-41.8257,0.086
RGI60-05.06228,203902,63.2607,-41.4512,1.65
RGI60-05.06229,203903,63.2667,-41.478,1.541
RGI60-05.06230,203904,63.2286,-41.7889,0.29
RGI60-05.06231,203905,63.2038,-41.6369,0.521
RGI60-05.06232,203906,63.1513,-41.5944,1.283
RGI60-05.06233,203907,63.2142,-41.7578,4.38
RGI60-05.06234,203908,63.1886,-41.7294,2.718
RGI60-05.06235,203909,63.2041,-41.737,0.289
RGI60-05.06236,203910,63.1849,-41.6125,30.63
RGI60-05.06237,203911,63.3494,-41.6039,0.211
RGI60-05.06238,203912,63.1593,-41.6336,0.325
RGI60-05.06239,203913,63.2175,-41.5842,1.424
RGI60-05.06240,203914,63.2176,-41.6052,0.197
RGI60-05.06241,203915,63.261,-41.7964,1.116
RGI60-05.06242,203916,63.1776,-41.7087,0.353
RGI60-05.06243,203917,63.2729,-42.0327,0.719
RGI60-05.06244,203918,63.2379,-41.7799,3.534
RGI60-05.06245,203919,63.2379,-41.7039,41.292
RGI60-05.06246,203920,63.1554,-41.6157,1.327
RGI60-05.06247,203921,63.1541,-41.561,0.515
RGI60-05.06248,203922,63.1634,-41.5497,0.928
RGI60-05.06249,203923,63.2841,-42.1193,2.025
RGI60-05.06250,203924,63.2886,-41.9841,0.057
RGI60-05.06251,203925,63.2708,-41.8145,0.638
RGI60-05.06252,203926,63.2757,-41.7954,0.807
RGI60-05.06253,203927,63.28,-41.7861,0.404
RGI60-05.06254,,63.2807,-41.6849,0.066
RGI60-05.06255,203928,63.344,-41.6178,0.49
RGI60-05.06256,203929,63.2843,-42.031,5.664
RGI60-05.06257,203930,63.2811,-41.7588,0.521
RGI60-05.06258,203931,63.285,-41.7349,0.288
RGI60-05.06259,203932,63.2588,-41.1722,1.355
RGI60-05.06260,203933,63.3036,-41.835,0.275
RGI60-05.06261,203934,63.2685,-41.189,1.289
RGI60-05.06262,203935,63.2595,-41.1925,0.11
RGI60-05.06263,203936,63.2994,-42.1112,0.097
RGI60-05.06264,203937,63.3007,-42.2681,0.095
RGI60-05.06266,,63.3259,-42.3207,0.615
RGI60-05.06269,203938,63.2954,-42.2081,1.319
RGI60-05.06270,203939,63.2849,-41.6786,0.545
RGI60-05.06271,203940,63.287,-41.6945,0.362
RGI60-05.06272,203941,63.2705,-41.6863,2.707
RGI60-05.06273,203942,63.2746,-41.6532,1.985
RGI60-05.06274,203943,63.2839,-41.7032,1.131
RGI60-05.06275,203944,63.3053,-42.1862,0.589
RGI60-05.06276,203945,63.31,-42.1775,0.13
RGI60-05.06277,203946,63.291,-41.3671,0.109
RGI60-05.06278,203947,63.3206,-41.8906,0.148
RGI60-05.06279,,63.2969,-41.4458,0.809
RGI60-05.06280,,63.3118,-41.8037,0.334
RGI60-05.06281,203948,63.2959,-41.237,0.878
RGI60-05.06282,203949,63.2992,-41.3676,0.405
RGI60-05.06283,203950,63.3021,-41.3777,0.107
RGI60-05.06284,203951,63.3036,-41.3175,0.073
RGI60-05.06285,203952,63.2425,-50.4166,0.052
RGI60-05.06286,203953,63.2413,-50.4764,0.06
RGI60-05.06287,203954,63.3097,-41.8563,0.734
RGI60-05.06288,203955,63.3156,-41.8615,0.618
RGI60-05.06289,203956,63.3094,-41.823,1.17
RGI60-05.06290,203957,63.3174,-41.8244,0.559
RGI60-05.06291,203958,63.3167,-41.8429,0.513
RGI60-05.06292,203959,63.2423,-50.4853,0.076
RGI60-05.06293,203960,63.2447,-50.4301,0.46
RGI60-05.06294,203961,63.2481,-50.4416,0.084
RGI60-05.06295,203962,63.3369,-42.3928,0.378
RGI60-05.06296,203963,63.3374,-42.3298,0.459
RGI60-05.06297,203964,63.3321,-42.3268,0.269
RGI60-05.06299,203965,63.2435,-50.5974,0.181
RGI60-05.06300,203966,63.245,-50.6057,0.068
RGI60-05.06301,203967,63.321,-41.5668,0.14
RGI60-05.06302,,63.3504,-41.759,0.106
RGI60-05.06303,203968,63.2897,-41.3261,11.895
RGI60-05.06304,203969,63.3028,-41.5271,2.365
RGI60-05.06305,203970,63.2953,-41.4722,8.507
RGI60-05.06306,203971,63.2905,-41.5006,0.508
RGI60-05.06307,203972,63.2786,-41.4987,1.338
RGI60-05.06308,203973,63.2893,-41.5199,1.648
RGI60-05.06309,203974,63.311,-41.539,3.507
RGI60-05.06310,203975,63.3477,-42.4606,0.061
RGI60-05.06312,203976,63.3162,-41.4528,1.795
RGI60-05.06313,203977,63.263614655,-50.56502533,0.134
RGI60-05.06314,203978,63.2614,-50.428,2.634
RGI60-05.06315,203979,63.2816,-50.1346,0.074
RGI60-05.06316,203980,63.2815,-50.1238,0.284
RGI60-05.06317,203981,63.2859,-50.1384,0.231
RGI60-05.06318,203982,63.2715,-50.528,0.408
RGI60-05.06319,203983,63.3548,-41.776,0.198
RGI60-05.06320,203984,63.3101,-41.256,3.152
RGI60-05.06321,203985,63.2924,-50.3284,0.129
RGI60-05.06322,203986,63.3569,-41.4715,0.058
RGI60-05.06323,203987,63.3225,-49.2468,0.134
RGI60-05.06324,203988,63.3084,-41.3032,7.595
RGI60-05.06325,203989,63.3174,-41.2912,0.097
RGI60-05.06326,203990,63.3215,-41.4286,2.085
RGI60-05.06327,203991,63.3116,-41.3895,2.614
RGI60-05.06328,203992,63.3258,-41.3806,3.265
RGI60-05.06329,203993,63.3217,-41.4017,0.127
RGI60-05.06330,203994,63.3298,-49.3237,0.113
RGI60-05.06331,203995,63.37,-41.9641,0.111
RGI60-05.06332,203996,63.3294,-41.3069,4.514
RGI60-05.06333,203997,63.3363,-41.3589,1.866
RGI60-05.06334,203998,63.3278,-41.4094,0.502
RGI60-05.06335,203999,63.3535,-41.5985,0.055
RGI60-05.06336,204000,63.3707,-41.9545,0.18
RGI60-05.06337,204001,63.3709,-41.9166,0.088
RGI60-05.06338,204002,63.3733,-41.9917,0.067
RGI60-05.06340,204003,63.305,-50.1329,0.135
RGI60-05.06343,204004,63.3783,-42.2313,0.281
RGI60-05.06346,204005,63.3601,-41.4819,0.161
RGI60-05.06347,204006,63.3381,-49.2885,0.474
RGI60-05.06348,204007,63.3667,-41.4989,0.21
RGI60-05.06349,204008,63.2958,-50.4737,0.134
RGI60-05.06350,204009,63.2981,-50.4617,0.131
RGI60-05.06351,204010,63.3654,-41.4775,0.215
RGI60-05.06352,204011,63.3617,-41.8499,7.804
RGI60-05.06353,204012,63.3462,-41.9001,1.796
RGI60-05.06354,204013,63.3539,-41.8427,0.981
RGI60-05.06355,204014,63.3483,-41.8554,0.233
RGI60-05.06356,204015,63.3585,-41.8105,1.833
RGI60-05.06357,204016,63.3487,-41.8759,1.008
RGI60-05.06358,204017,63.3018,-50.4781,0.057
RGI60-05.06359,204018,63.3816,-41.894,0.167
RGI60-05.06360,204019,63.292,-50.6619,0.373
RGI60-05.06361,,63.3853,-41.9985,0.242
RGI60-05.06363,204020,63.2973,-50.617,0.077
RGI60-05.06364,204021,63.3779,-41.706,0.18
RGI60-05.06365,204022,63.372,-41.4761,0.765
RGI60-05.06366,204023,63.3166,-50.2126,0.07
RGI60-05.06367,204024,63.3777,-41.6892,0.682
RGI60-05.06368,204025,63.3079,-50.5121,0.152
RGI60-05.06369,204026,63.3189,-50.1965,0.249
RGI60-05.06370,204027,63.2775,-50.5664,6.302
RGI60-05.06371,204028,63.2819,-50.5271,0.069
RGI60-05.06372,204029,63.277,-50.5396,0.645
RGI60-05.06373,204030,63.2706,-50.5536,0.741
RGI60-05.06374,204031,63.3083,-50.5251,0.076
RGI60-05.06375,204032,63.2503,-50.6152,1.721
RGI60-05.06376,204033,63.2616,-50.5902,0.309
RGI60-05.06377,204034,63.2959,-50.5019,2.54
RGI60-05.06378,204035,63.3872,-41.8905,0.141
RGI60-05.06380,204036,63.2954,-50.7738,0.083
RGI60-05.06381,204037,63.3057,-50.5463,0.201
RGI60-05.06382,204038,63.3088,-50.4669,1.387
RGI60-05.06383,204039,63.3207,-50.3241,0.054
RGI60-05.06384,204040,63.3058,-50.5765,0.611
RGI60-05.06385,204041,63.3035,-50.7447,0.062
RGI60-05.06386,204042,63.317,-50.4504,0.182
RGI60-05.06387,204043,63.3046,-50.7737,0.127
RGI60-05.06388,204044,63.3986,-41.8966,0.298
RGI60-05.06391,204045,63.3276,-50.2796,0.068
RGI60-05.06392,204046,63.3179,-50.7111,0.182
RGI60-05.06393,204047,63.3852,-41.4925,0.712
RGI60-05.06394,204048,63.3718,-41.5364,6.937
RGI60-05.06395,204049,63.3279,-50.5027,0.057
RGI60-05.06396,204050,63.315,-50.7635,0.147
RGI60-05.06397,204051,63.345,-41.5709,6.663
RGI60-05.06398,204052,63.3564,-41.5071,1.619
RGI60-05.06399,204053,63.2989,-50.7571,2.183
RGI60-05.06400,204054,63.462898254,-41.256370544,0.125
RGI60-05.06401,204055,63.3349,-41.5175,7.172
RGI60-05.06402,,63.3425,-41.5488,0.069
RGI60-05.06403,204056,63.3749,-41.5916,0.078
RGI60-05.06404,204057,63.3121,-50.7472,0.74
RGI60-05.06405,204058,63.4606,-41.1022,0.053
RGI60-05.06406,204059,63.3688,-41.6553,3.116
RGI60-05.06407,204060,63.3615,-41.6123,6.439
RGI60-05.06408,204061,63.3475,-50.4595,0.065
RGI60-05.06409,204062,63.3334,-50.1934,2.424
RGI60-05.06410,204063,63.3278,-50.1569,3.456
RGI60-05.06411,204064,63.3168,-50.1335,1.458
RGI60-05.06412,204065,63.3966,-41.1505,0.13
RGI60-05.06413,204066,63.46,-41.0501,0.058
RGI60-05.06414,204067,63.406,-41.7598,1.515
RGI60-05.06415,,63.3824,-41.6956,0.089
RGI60-05.06416,204068,63.3872,-41.5788,2.101
RGI60-05.06417,204069,63.3593,-50.2133,0.137
RGI60-05.06418,204070,63.3646,-50.1045,0.059
RGI60-05.06419,204071,63.3881,-41.6364,9.447
RGI60-05.06420,204072,63.4016,-41.6686,0.343
RGI60-05.06421,204073,63.3611,-50.244,0.052
RGI60-05.06422,204074,63.3556,-50.4391,0.275
RGI60-05.06423,204075,63.3945,-41.7162,7.808
RGI60-05.06424,204076,63.3968,-41.5934,0.178
RGI60-05.06425,204077,63.344,-50.4406,0.081
RGI60-05.06426,204078,63.3392,-50.5496,0.07
RGI60-05.06427,204079,63.3562,-50.2112,0.123
RGI60-05.06428,204080,63.4245,-41.8302,0.147
RGI60-05.06429,204081,63.3463,-50.4666,0.227
RGI60-05.06430,204082,63.354,-50.4149,1.483
RGI60-05.06431,204083,63.3525,-50.3432,5.015
RGI60-05.06432,204084,63.3142,-50.5659,0.289
RGI60-05.06433,204085,63.3105,-50.5428,0.09
RGI60-05.06434,204086,63.3227,-50.5261,3.257
RGI60-05.06435,204087,63.3385,-50.3139,5.362
RGI60-05.06436,204088,63.3406,-50.4176,4.185
RGI60-05.06437,204089,63.3059,-50.6,0.173
RGI60-05.06438,204090,63.4121,-50.2763,0.055
RGI60-05.06439,204091,63.3185,-50.5526,2.486
RGI60-05.06440,204092,63.3068,-50.6567,0.062
RGI60-05.06441,204093,63.3017,-50.6617,0.503
RGI60-05.06442,204094,63.3349,-50.3675,7.522
RGI60-05.06443,204095,63.3053,-50.6273,2.66
RGI60-05.06444,204096,63.3226,-50.4259,3.442
RGI60-05.06445,204097,63.315,-50.5948,1.334
RGI60-05.06446,204098,63.3222,-50.4855,2.478
RGI60-05.06447,204099,63.3183,-50.4652,0.271
RGI60-05.06448,204100,63.3648,-50.2309,0.065
RGI60-05.06449,204101,63.4332,-41.8431,0.594
RGI60-05.06450,204102,63.4101,-41.1604,4.503
RGI60-05.06451,204103,63.366,-50.2717,3.094
RGI60-05.06453,,63.442,-41.9679,0.205
RGI60-05.06454,,63.443,-41.9853,0.941
RGI60-05.06455,,63.4472,-41.9737,0.073
RGI60-05.06456,204104,63.4478,-41.8545,0.092
RGI60-05.06457,204105,63.4495,-42.0331,0.599
RGI60-05.06458,204106,63.4319,-41.1862,0.08
RGI60-05.06459,204107,63.4277,-41.1672,1.638
RGI60-05.06460,204108,63.4573,-42.0619,0.099
RGI60-05.06461,,63.4509,-41.6755,0.251
RGI60-05.06462,204109,63.4609,-42.0467,0.252
RGI60-05.06463,,63.4509,-41.9934,0.51
RGI60-05.06464,204110,63.4451,-41.0426,0.149
RGI60-05.06465,204111,63.4078,-49.9502,0.511
RGI60-05.06466,,63.4536,-41.9687,2.666
RGI60-05.06467,204112,63.3979,-50.0441,0.088
RGI60-05.06468,204113,63.3963,-50.0351,0.147
RGI60-05.06469,204114,63.4528,-42.0135,2.145
RGI60-05.06470,204115,63.3993,-50.0887,0.381
RGI60-05.06471,204116,63.4403,-41.3162,1.397
RGI60-05.06472,204117,63.3991,-50.0759,0.076
RGI60-05.06473,204118,63.4017,-50.0644,0.099
RGI60-05.06474,204119,63.4678,-41.9922,0.189
RGI60-05.06475,204120,63.4035,-50.1125,0.083
RGI60-05.06476,204121,63.3978,-50.1755,2.184
RGI60-05.06477,204122,63.4539,-41.3372,0.384
RGI60-05.06478,,63.4765,-42.1124,0.575
RGI60-05.06479,204123,63.4678,-41.7924,0.817
RGI60-05.06480,,63.4605,-41.8461,1.963
RGI60-05.06481,204124,63.4618,-41.3617,0.077
RGI60-05.06482,204125,63.4514,-41.0548,0.278
RGI60-05.06483,204126,63.4808,-42.07,0.074
RGI60-05.06484,204127,63.4577,-41.0628,0.158
RGI60-05.06485,204128,63.4586,-41.8182,3.137
RGI60-05.06486,204129,63.432,-41.7475,34.221
RGI60-05.06487,204130,63.4147,-41.6602,1.873
RGI60-05.06488,204131,63.4604,-41.698,1.495
RGI60-05.06489,,63.4929,-42.0186,0.235
RGI60-05.06490,204132,63.4432,-41.8471,1.258
RGI60-05.06491,204133,63.4285,-41.6531,0.762
RGI60-05.06492,204134,63.4459,-41.667,0.356
RGI60-05.06493,204135,63.466,-41.2006,0.229
RGI60-05.06494,204136,63.4708,-41.2105,0.089
RGI60-05.06495,204137,63.4694,-41.1949,0.122
RGI60-05.06496,204138,63.4664,-41.355,0.274
RGI60-05.06497,204139,63.4718,-41.2188,0.051
RGI60-05.06498,204140,63.4126,-50.2392,3.061
RGI60-05.06499,204141,63.4737,-41.2032,0.056
RGI60-05.06500,204142,63.4255,-50.1865,0.057
RGI60-05.06501,204143,63.4838,-41.3556,0.055
RGI60-05.06502,204144,63.4964,-41.8885,0.247
RGI60-05.06503,204145,63.4917,-41.5657,0.053
RGI60-05.06504,204146,63.518,-50.6614,0.12
RGI60-05.06505,204147,63.4983,-42.0607,0.055
RGI60-05.06506,204148,63.4703,-41.0558,0.178
RGI60-05.06507,204149,63.4851,-41.5225,0.053
RGI60-05.06508,204150,63.4824,-41.3753,0.156
RGI60-05.06509,204151,63.4847,-41.3861,0.061
RGI60-05.06510,204152,63.4956,-41.9062,0.625
RGI60-05.06511,204153,63.4144,-50.5707,1.479
RGI60-05.06512,,63.4894,-41.3814,0.165
RGI60-05.06513,204154,63.4786,-41.4044,1.541
RGI60-05.06514,204155,63.4814,-41.42,0.702
RGI60-05.06515,204156,63.5176,-50.7009,0.125
RGI60-05.06516,204157,63.4726,-41.3858,1.296
RGI60-05.06517,204158,63.4889,-41.3939,0.221
RGI60-05.06518,204159,63.4678,-41.3706,0.185
RGI60-05.06519,,63.505,-41.9717,0.172
RGI60-05.06520,204160,63.4976,-41.9483,2.227
RGI60-05.06521,204161,63.4954,-41.9241,0.687
RGI60-05.06522,204162,63.5056,-42.1596,0.299
RGI60-05.06523,204163,63.4962,-41.5793,0.064
RGI60-05.06524,,63.4942,-41.3871,0.075
RGI60-05.06525,204164,63.4811,-41.1285,0.765
RGI60-05.06526,204165,63.5101,-41.9787,0.191
RGI60-05.06527,204166,63.4281,-50.5263,0.067
RGI60-05.06528,,63.5001,-41.5134,0.071
RGI60-05.06529,204167,63.5153,-41.5337,0.239
RGI60-05.06530,204168,63.4987,-41.5902,0.198
RGI60-05.06531,204169,63.4877,-41.2368,0.585
RGI60-05.06532,204170,63.4727,-41.0946,6.137
RGI60-05.06533,204171,63.493,-41.1317,0.338
RGI60-05.06534,204172,63.4299,-50.1003,12.479
RGI60-05.06535,204173,63.4207,-49.9662,1.441
RGI60-05.06536,204174,63.4722,-49.7775,0.154
RGI60-05.06537,204175,63.4166,-50.0506,10.036
RGI60-05.06538,204176,63.4052,-50.034,0.704
RGI60-05.06539,204177,63.5162,-41.9823,0.673
RGI60-05.06540,,63.587,-41.8576,0.484
RGI60-05.06541,204178,63.4971,-41.2909,0.544
RGI60-05.06542,204179,63.4691,-41.2379,3.98
RGI60-05.06543,204180,63.4885,-41.2682,3.857
RGI60-05.06544,204181,63.502,-41.263,0.052
RGI60-05.06545,204182,63.5095,-42.0118,2.741
RGI60-05.06546,204183,63.5014,-42.0337,0.975
RGI60-05.06547,204184,63.5153,-42.0447,0.389
RGI60-05.06548,204185,63.4693,-50.7981,0.37
RGI60-05.06549,204186,63.4977,-41.4211,2.65
RGI60-05.06550,204187,63.5081,-41.3114,0.142
RGI60-05.06551,204188,63.517,-41.6419,0.067
RGI60-05.06552,204189,63.4453,-50.4423,0.293
RGI60-05.06553,204190,63.4483,-50.4034,0.086
RGI60-05.06554,,63.4928,-50.9275,0.053
RGI60-05.06555,204191,63.4391,-50.4834,4.534
RGI60-05.06556,204192,63.4388,-50.5318,4.343
RGI60-05.06557,204193,63.4249,-50.5069,1.993
RGI60-05.06558,204194,63.5089,-41.286,1.165
RGI60-05.06560,204195,63.5266,-41.8119,2.134
RGI60-05.06561,204196,63.5258,-41.3145,0.05
RGI60-05.06562,204197,63.4476,-50.7991,0.101
RGI60-05.06563,204198,63.4515,-50.2973,6.094
RGI60-05.06564,204199,63.4542,-50.2416,8.481
RGI60-05.06565,204200,63.4642,-50.1418,0.132
RGI60-05.06566,204201,63.4602,-50.1867,5.291
RGI60-05.06567,204202,63.4463,-50.3476,2.769
RGI60-05.06568,204203,63.439,-50.4156,0.881
RGI60-05.06569,204204,63.4434,-50.3891,0.372
RGI60-05.06570,204205,63.4257,-50.387,1.215
RGI60-05.06571,204206,63.4271,-50.4205,2.709
RGI60-05.06572,204207,63.4355,-50.3783,3.185
RGI60-05.06573,204208,63.4302,-50.3046,1.485
RGI60-05.06574,204209,63.4356,-50.2645,3.913
RGI60-05.06575,204210,63.4377,-50.3266,2.148
RGI60-05.06576,204211,63.5604,-41.9668,0.119
RGI60-05.06577,204212,63.558,-41.3459,0.209
RGI60-05.06578,204213,63.4511,-50.1559,4.033
RGI60-05.06579,204214,63.4485,-50.1874,0.093
RGI60-05.06580,204215,63.4354,-50.2001,2.65
RGI60-05.06581,204216,63.5538,-41.6963,0.194
RGI60-05.06582,204217,63.4683,-50.8471,0.061
RGI60-05.06583,204218,63.5661,-41.9748,0.053
RGI60-05.06586,204219,63.4871,-49.7574,1.286
RGI60-05.06587,204220,63.4706,-50.4278,0.199
RGI60-05.06588,204221,63.5295,-41.4561,3.897
RGI60-05.06589,,63.5067,-41.4382,0.126
RGI60-05.06590,204222,63.5594,-41.6881,0.095
RGI60-05.06591,204223,63.532,-40.8429,0.184
RGI60-05.06592,204224,63.5156,-41.4286,1.807
RGI60-05.06593,204225,63.4722,-50.4399,0.099
RGI60-05.06599,,63.5402,-41.4505,0.345
RGI60-05.06600,204226,63.5204,-40.8375,0.4
RGI60-05.06601,204227,63.5461,-41.4849,0.297
RGI60-05.06602,204228,63.5439,-41.4753,0.386
RGI60-05.06603,204229,63.5146,-40.8184,0.834
RGI60-05.06604,204230,63.5295,-40.8248,1.625
RGI60-05.06605,204231,63.4741,-50.773,0.321
RGI60-05.06606,204232,63.4643,-50.7705,3.493
RGI60-05.06607,204233,63.4615,-50.8059,0.454
RGI60-05.06608,204234,63.5501,-41.3234,0.671
RGI60-05.06609,204235,63.5042,-50.1401,0.135
RGI60-05.06610,204236,63.4804,-50.7679,0.069
RGI60-05.06611,204237,63.4756,-50.8412,0.186
RGI60-05.06612,204238,63.5805,-41.8493,0.358
RGI60-05.06613,204239,63.4708,-50.9229,1.226
RGI60-05.06614,204240,63.4907,-50.5865,0.138
RGI60-05.06615,204241,63.5412,-40.8107,0.449
RGI60-05.06616,204242,63.5488,-41.2081,2.432
RGI60-05.06617,204243,63.5555,-41.2386,0.233
RGI60-05.06618,204244,63.5234,-50.1104,0.547
RGI60-05.06620,204245,63.5508,-41.2304,0.829
RGI60-05.06621,204246,63.5197,-49.9565,0.114
RGI60-05.06622,204247,63.5099,-41.5455,2.35
RGI60-05.06623,204248,63.5027,-41.5702,2.432
RGI60-05.06624,204249,63.5553,-41.6149,3.188
RGI60-05.06627,204250,63.5289,-41.5986,2.005
RGI60-05.06628,204251,63.5746,-41.7286,0.193
RGI60-05.06629,204252,63.4901,-41.5514,0.343
RGI60-05.06630,204253,63.5264,-41.6372,3.041
RGI60-05.06631,204254,63.4907,-41.5266,0.247
RGI60-05.06632,204255,63.5138,-41.6037,3.881
RGI60-05.06633,204256,63.4941,-41.5404,1.394
RGI60-05.06634,204257,63.5129,-50.1158,0.697
RGI60-05.06635,204258,63.5275,-49.7977,0.068
RGI60-05.06636,204259,63.5304,-40.9235,1.874
RGI60-05.06637,204260,63.5428,-40.9339,1.787
RGI60-05.06638,204261,63.5273,-40.8996,2.84
RGI60-05.06639,204262,63.5515,-40.9444,0.703
RGI60-05.06640,204263,63.563,-41.3419,1.206
RGI60-05.06641,204264,63.5848,-41.9547,0.154
RGI60-05.06642,204265,63.5183,-50.1926,0.051
RGI60-05.06647,204266,63.5878,-41.8846,0.074
RGI60-05.06648,204267,63.4861,-50.98,0.087
RGI60-05.06649,204268,63.5353,-49.823,0.167
RGI60-05.06650,204269,63.589,-41.8218,0.092
RGI60-05.06651,204270,63.4917,-50.9148,0.09
RGI60-05.06652,204271,63.5353,-40.87,2.457
RGI60-05.06653,204272,63.5543,-40.8887,6.176
RGI60-05.06654,204273,63.4923,-50.8612,1.441
RGI60-05.06655,204274,63.5502,-40.8349,3.281
RGI60-05.06656,204275,63.491,-50.8861,0.074
RGI60-05.06657,204276,63.4941,-50.8253,2.225
RGI60-05.06658,204277,63.486,-50.8129,0.622
RGI60-05.06662,204278,63.6009,-42.1643,0.235
RGI60-05.06663,204279,63.4908,-50.9465,0.374
RGI60-05.06664,204280,63.4922,-50.9023,0.205
RGI60-05.06665,204281,63.4823,-50.963,2.001
RGI60-05.06666,204282,63.4825,-50.9143,3.611
RGI60-05.06667,204283,63.5949,-41.8692,0.068
RGI60-05.06668,204284,63.571,-40.9807,0.085
RGI60-05.06669,204285,63.5034,-50.8457,0.072
RGI60-05.06670,204286,63.5337,-49.9202,1.743
RGI60-05.06671,204287,63.5295,-49.8718,9.949
RGI60-05.06672,204288,63.5972,-41.8746,0.246
RGI60-05.06673,204289,63.5954,-41.8905,0.519
RGI60-05.06674,204290,63.5709,-41.7089,1.514
RGI60-05.06675,204291,63.5664,-41.6917,2.366
RGI60-05.06676,204292,63.5856,-41.711,2.83
RGI60-05.06678,204293,63.5715,-40.9353,1.097
RGI60-05.06679,204294,63.5572,-49.6657,0.444
RGI60-05.06681,204295,63.5596,-41.6656,2.717
RGI60-05.06682,204296,63.5527,-41.6507,0.704
RGI60-05.06683,204297,63.5616,-41.6407,0.105
RGI60-05.06684,,63.6008,-41.8816,0.102
RGI60-05.06685,204298,63.5064,-50.5882,3.837
RGI60-05.06686,204299,63.5105,-50.7203,0.264
RGI60-05.06687,204300,63.5889,-41.2621,0.142
RGI60-05.06691,204301,63.56,-49.711,0.065
RGI60-05.06692,204302,63.5516,-49.9268,0.055
RGI60-05.06693,204303,63.5593,-49.8464,0.056
RGI60-05.06694,204304,63.5714,-49.6968,0.14
RGI60-05.06695,204305,63.6127,-41.4662,0.131
RGI60-05.06697,,63.5749,-41.3745,0.424
RGI60-05.06698,204306,63.5572,-41.3751,1.329
RGI60-05.06699,204307,63.5839,-41.4238,6.408
RGI60-05.06701,,63.5737,-41.5035,0.324
RGI60-05.06705,,63.553,-41.5473,1.073
RGI60-05.06706,204308,63.5342,-41.3396,0.601
RGI60-05.06707,204309,63.5508,-41.3609,0.621
RGI60-05.06708,204310,63.5511,-41.3725,0.098
RGI60-05.06709,,63.5355,-41.3186,0.174
RGI60-05.06710,204311,63.5683,-41.3887,1.935
RGI60-05.06711,204312,63.5406,-41.3533,0.936
RGI60-05.06712,,63.5486,-41.3406,0.416
RGI60-05.06713,204313,63.5707,-50.727,0.076
RGI60-05.06714,204314,63.6292,-41.7145,0.068
RGI60-05.06715,204315,63.5557,-50.8025,0.073
RGI60-05.06716,204316,63.5519,-50.8993,0.095
RGI60-05.06717,204317,63.5741,-50.4904,0.199
RGI60-05.06718,204318,63.5539,-50.943,0.061
RGI60-05.06719,204319,63.5576,-50.8907,0.204
RGI60-05.06720,204320,63.5622,-50.8778,0.199
RGI60-05.06721,204321,63.5593,-50.9179,1.102
RGI60-05.06722,204322,63.6128,-49.7532,0.168
RGI60-05.06723,204323,63.611,-49.7759,0.313
RGI60-05.06724,204324,63.5645,-50.8546,1.179
RGI60-05.06725,204325,63.5759,-50.7058,0.247
RGI60-05.06726,204326,63.5922,-50.397,0.091
RGI60-05.06727,204327,63.6185,-49.7318,0.203
RGI60-05.06728,204328,63.567,-50.7858,3.673
RGI60-05.06729,204329,63.5858,-50.6056,0.362
RGI60-05.06730,204330,63.5762,-50.6386,4.167
RGI60-05.06731,204331,63.6641,-41.5378,0.095
RGI60-05.06732,204332,63.6847,-50.8244,0.071
RGI60-05.06733,204333,63.6793,-51.0399,0.079
RGI60-05.06734,204334,63.8178,-50.8682,0.123
RGI60-05.06735,204335,63.6475,-50.0045,0.075
RGI60-05.06736,204336,63.7897,-50.8391,0.095
RGI60-05.06737,204337,63.5929,-50.6088,0.204
RGI60-05.06738,204338,63.5947,-50.746,0.059
RGI60-05.06739,204339,63.5762,-50.7243,0.131
RGI60-05.06740,204340,63.6246,-50.6476,0.071
RGI60-05.06741,204341,63.7155,-40.9298,0.131
RGI60-05.06743,204342,63.6025,-50.7859,0.056
RGI60-05.06744,204343,63.6809,-41.3874,0.127
RGI60-05.06745,204344,63.6479,-40.9526,0.898
RGI60-05.06746,204345,63.6143,-50.2205,0.087
RGI60-05.06747,204346,63.5916,-50.835,0.054
RGI60-05.06748,204347,63.6622,-41.1898,1.263
RGI60-05.06749,204348,63.5804,-50.8826,1.762
RGI60-05.06750,204349,63.6153,-50.6162,0.066
RGI60-05.06751,204350,63.6118,-50.6925,0.12
RGI60-05.06752,204351,63.5809,-50.86,2.194
RGI60-05.06753,204352,63.5685,-50.8965,1.321
RGI60-05.06754,204353,63.5756,-50.8468,0.479
RGI60-05.06755,204354,63.5849,-50.824,0.357
RGI60-05.06756,204355,63.5878,-50.8477,0.482
RGI60-05.06757,204356,63.6657,-41.219,2.304
RGI60-05.06758,204357,63.5951,-50.7052,9.379
RGI60-05.06759,204358,63.6041,-50.7493,0.5
RGI60-05.06760,204359,63.5805,-50.7552,2.848
RGI60-05.06761,204360,63.6032,-50.6378,9.443
RGI60-05.06762,204361,63.6019,-50.7625,0.691
RGI60-05.06763,204362,63.5978,-50.5992,0.068
RGI60-05.06764,204363,63.6258,-50.6049,1.048
RGI60-05.06765,204364,63.6199,-50.637,0.601
RGI60-05.06766,,63.7042,-41.5448,0.13
RGI60-05.06767,204365,63.6358,-50.4272,0.061
RGI60-05.06769,204366,63.6569,-49.9327,0.06
RGI60-05.06770,204367,63.6576,-49.9439,0.054
RGI60-05.06771,204368,63.6542,-49.9855,0.297
RGI60-05.06772,204369,63.6539,-50.0055,0.455
RGI60-05.06773,,63.7035,-41.4054,0.526
RGI60-05.06774,,63.6973,-41.395,0.056
RGI60-05.06775,,63.7186,-41.578,0.195
RGI60-05.06776,204370,63.6726,-50.0087,0.156
RGI60-05.06782,204371,63.6937,-40.7724,0.805
RGI60-05.06783,204372,63.693,-40.8123,2.797
RGI60-05.06784,,63.729,-41.594,0.768
RGI60-05.06785,204373,63.7203,-40.9363,0.108
RGI60-05.06786,204374,63.7274,-41.4533,2.999
RGI60-05.06787,204375,63.7251,-41.0272,0.188
RGI60-05.06788,204376,63.7361,-41.4445,0.447
RGI60-05.06789,204377,63.7057,-41.4367,15.185
RGI60-05.06790,204378,63.7222,-41.4923,0.054
RGI60-05.06791,204379,63.7138,-41.487,0.107
RGI60-05.06792,204380,63.7066,-41.5167,20.951
RGI60-05.06793,204381,63.6538,-41.3234,64.306
RGI60-05.06794,,63.7436,-41.5317,0.061
RGI60-05.06795,204382,63.6792,-41.2916,3.52
RGI60-05.06796,204383,63.6333,-41.1476,32.932
RGI60-05.06797,204384,63.6445,-41.1917,0.477
RGI60-05.06798,204385,63.649,-40.9822,1.721
RGI60-05.06799,204386,63.6406,-41.0454,14.944
RGI60-05.06800,204387,63.6496,-41.0015,0.083
RGI60-05.06801,204388,63.6484,-41.0811,0.237
RGI60-05.06802,204389,63.6413,-40.9877,0.19
RGI60-05.06803,204390,63.5928,-41.2741,60.082
RGI60-05.06804,204391,63.5691,-40.9947,6.038
RGI60-05.06805,204392,63.5834,-41.0023,0.063
RGI60-05.06806,204393,63.5614,-40.942,1.167
RGI60-05.06807,204394,63.5647,-41.2371,1.822
RGI60-05.06808,204395,63.5497,-41.1704,4.769
RGI60-05.06809,204396,63.5201,-41.0578,1.944
RGI60-05.06810,204397,63.5952,-40.9438,2.071
RGI60-05.06811,,63.7454,-41.543,0.168
RGI60-05.06812,204398,63.6791,-50.4993,0.135
RGI60-05.06813,204399,63.5244,-41.0977,3.967
RGI60-05.06814,204400,63.5836,-40.9499,3.568
RGI60-05.06815,204401,63.6531,-50.9215,1.004
RGI60-05.06816,204402,63.7441,-41.0777,0.186
RGI60-05.06817,204403,63.6165,-40.961,25.018
RGI60-05.06818,204404,63.6727,-41.2564,1.876
RGI60-05.06819,204405,63.6838,-41.3226,0.669
RGI60-05.06820,204406,63.6615,-41.0868,0.889
RGI60-05.06821,204407,63.58,-41.0778,50.917
RGI60-05.06822,204408,63.5367,-41.1521,0.523
RGI60-05.06823,204409,63.6935,-49.8204,2.908
RGI60-05.06828,204410,63.7312,-41.0327,0.072
RGI60-05.06829,204411,63.7426,-41.5525,0.874
RGI60-05.06830,204412,63.6565,-50.9366,0.185
RGI60-05.06831,204413,63.7445,-41.4604,0.269
RGI60-05.06832,204414,63.7546,-41.7321,0.153
RGI60-05.06833,204415,63.6608,-50.9267,0.197
RGI60-05.06834,204416,63.75,-41.5416,0.264
RGI60-05.06835,204417,63.7482,-41.502,0.519
RGI60-05.06836,204418,63.7526,-41.5275,0.083
RGI60-05.06837,204419,63.7424,-41.0268,0.054
RGI60-05.06838,204420,63.7499,-41.5183,1.072
RGI60-05.06839,,63.7253,-41.4998,0.088
RGI60-05.06840,204421,63.7415,-41.4847,3.736
RGI60-05.06841,,63.7265,-41.4896,0.105
RGI60-05.06842,204422,63.6756,-50.8805,0.254
RGI60-05.06843,204423,63.7028,-50.3565,0.087
RGI60-05.06845,204424,63.6893,-50.7085,0.063
RGI60-05.06846,204425,63.6737,-51.0285,0.259
RGI60-05.06847,204426,63.6963,-50.6911,0.091
RGI60-05.06848,204427,63.697,-50.6736,0.076
RGI60-05.06849,204428,63.7126,-50.3283,0.09
RGI60-05.06851,204429,63.7701,-41.2965,1.536
RGI60-05.06852,204430,63.6824,-51.0871,0.056
RGI60-05.06853,204431,63.7054,-50.3762,0.066
RGI60-05.06855,204432,63.7095,-50.3574,0.821
RGI60-05.06856,204433,63.7273,-50.2762,0.111
RGI60-05.06857,204434,63.7186,-50.2627,0.159
RGI60-05.06861,204435,63.7856,-41.7279,0.122
RGI60-05.06862,204436,63.7061,-50.4943,0.499
RGI60-05.06863,204437,63.6931,-50.4761,1.97
RGI60-05.06864,204438,63.6758,-50.4511,3.35
RGI60-05.06865,204439,63.6902,-51.0807,0.052
RGI60-05.06866,204440,63.689,-50.4383,8.582
RGI60-05.06870,204441,63.6829,-50.4892,1.119
RGI60-05.06871,204442,63.7099,-50.6779,0.104
RGI60-05.06872,204443,63.6928,-50.9831,0.158
RGI60-05.06873,204444,63.7186,-50.9245,0.061
RGI60-05.06874,204445,63.6925,-51.0841,0.091
RGI60-05.06875,204446,63.6951,-51.0037,0.843
RGI60-05.06876,204447,63.7077,-50.8819,0.113
RGI60-05.06877,204448,63.7026,-51.0124,0.051
RGI60-05.06878,204449,63.7941,-41.3799,0.083
RGI60-05.06879,204450,63.7775,-41.7174,3.248
RGI60-05.06880,204451,63.7675,-41.7373,2.524
RGI60-05.06881,204452,63.7989,-41.7588,0.661
RGI60-05.06882,204453,63.8199,-41.8142,0.715
RGI60-05.06883,204454,63.8168,-41.8479,1.265
RGI60-05.06884,204455,63.8271,-41.792,0.846
RGI60-05.06885,204456,63.7935,-41.7691,0.738
RGI60-05.06886,204457,63.7956,-41.741,0.323
RGI60-05.06887,204458,63.7593,-41.7438,0.576
RGI60-05.06888,204459,63.7079,-51.0323,0.057
RGI60-05.06889,204460,63.7154,-50.7133,7.153
RGI60-05.06890,204461,63.7081,-50.7677,5.694
RGI60-05.06891,204462,63.6862,-50.8909,2.532
RGI60-05.06892,204463,63.6937,-50.8263,7.848
RGI60-05.06893,204464,63.6999,-50.7668,0.226
RGI60-05.06894,204465,63.6963,-50.7272,1.132
RGI60-05.06895,204466,63.6864,-50.866,0.067
RGI60-05.06896,204467,63.6755,-50.8559,3.738
RGI60-05.06897,204468,63.6818,-50.8772,0.132
RGI60-05.06898,204469,63.6736,-50.8022,2.375
RGI60-05.06899,204470,63.6636,-50.8914,0.566
RGI60-05.06900,204471,63.6974,-50.7549,0.06
RGI60-05.06901,204472,63.6803,-50.7523,5.797
RGI60-05.06902,204473,63.6714,-50.7756,0.9
RGI60-05.06903,204474,63.6664,-50.7989,0.268
RGI60-05.06904,204475,63.6582,-50.8863,0.128
RGI60-05.06905,204476,63.7355,-50.5731,0.056
RGI60-05.06906,204477,63.7236,-50.8933,0.085
RGI60-05.06907,204478,63.7266,-50.8309,0.108
RGI60-05.06908,204479,63.7217,-50.8075,1.053
RGI60-05.06909,204480,63.7167,-50.8378,2.912
RGI60-05.06910,204481,63.7099,-50.825,0.067
RGI60-05.06911,204482,63.7078,-50.8384,0.1
RGI60-05.06912,204483,63.7245,-50.916,0.084
RGI60-05.06913,204484,63.729,-50.8262,0.129
RGI60-05.06914,204485,63.7214,-50.9408,0.54
RGI60-05.06915,204486,63.7258,-50.9362,0.139
RGI60-05.06916,204487,63.7267,-50.9256,0.053
RGI60-05.06917,204488,63.7298,-50.9544,0.087
RGI60-05.06918,204489,63.7496,-50.4919,0.175
RGI60-05.06919,204490,63.7305,-50.9417,0.164
RGI60-05.06920,204491,63.8147,-41.3926,0.78
RGI60-05.06921,204492,63.591,-50.4892,7.388
RGI60-05.06922,204493,63.8212,-50.8572,0.183
RGI60-05.06923,204494,63.8812,-50.037,0.089
RGI60-05.06924,204495,63.7533,-51.0363,0.067
RGI60-05.06925,204496,63.7698,-50.8266,0.086
RGI60-05.06926,204497,63.8532,-41.5374,0.164
RGI60-05.06927,204498,63.7569,-51.1118,0.13
RGI60-05.06928,204499,63.7721,-50.8082,0.284
RGI60-05.06929,204500,63.7673,-50.9708,0.061
RGI60-05.06930,204501,63.7622,-51.1351,0.054
RGI60-05.06931,204502,63.7872,-50.8494,0.095
RGI60-05.06932,204503,63.8131,-41.1948,0.087
RGI60-05.06933,204504,63.7688,-50.3523,0.055
RGI60-05.06934,204505,63.7729,-50.3605,0.086
RGI60-05.06935,204506,63.776,-50.3519,0.176
RGI60-05.06936,204507,63.7583,-50.7832,0.065
RGI60-05.06937,204508,63.8459,-41.5539,0.132
RGI60-05.06938,204509,63.8514,-41.4053,3.084
RGI60-05.06939,204510,63.8587,-41.423,0.317
RGI60-05.06941,204511,63.8542,-41.3661,0.081
RGI60-05.06942,204512,63.8584,-41.3734,0.226
RGI60-05.06943,204513,63.775291443,-50.977283478,0.071
RGI60-05.06944,204514,63.7707,-51.0997,0.346
RGI60-05.06945,204515,63.7727,-51.0784,0.122
RGI60-05.06946,204516,63.843,-40.6075,0.21
RGI60-05.06947,204517,63.8357,-41.5553,6.129
RGI60-05.06948,204518,63.8367,-41.6083,2.856
RGI60-05.06949,204519,63.8256,-41.596,2.213
RGI60-05.06950,204520,63.8179,-41.5743,1.993
RGI60-05.06951,204521,63.8613,-41.56,3.123
RGI60-05.06952,204522,63.8673,-41.6028,9.991
RGI60-05.06953,204523,63.8205,-50.8815,1.195
RGI60-05.06954,204524,63.8514,-41.6355,3.207
RGI60-05.06955,204525,63.8485,-41.5384,0.483
RGI60-05.06956,204526,63.8182,-41.5457,0.947
RGI60-05.06957,204527,63.8224,-50.4275,0.057
RGI60-05.06958,204528,63.8282,-50.2917,0.065
RGI60-05.06959,204529,63.7926,-51.1162,0.057
RGI60-05.06960,204530,63.8212,-50.3937,1.015
RGI60-05.06961,204531,63.7937,-51.1081,0.093
RGI60-05.06962,204532,63.8293,-50.321,0.141
RGI60-05.06963,204533,63.7993,-51.0902,0.085
RGI60-05.06964,204534,63.7988,-51.1073,0.181
RGI60-05.06965,204535,63.8112,-50.8509,0.063
RGI60-05.06966,204536,63.814,-50.8538,0.062
RGI60-05.06967,204537,63.8129,-50.9269,0.075
RGI60-05.06968,204538,63.8357,-50.3598,0.758
RGI60-05.06969,204539,63.8296,-50.4578,1.691
RGI60-05.06970,204540,63.8756,-40.6205,0.439
RGI60-05.06971,204541,63.8765,-40.608,0.127
RGI60-05.06972,204542,63.8215,-50.8388,0.145
RGI60-05.06973,204543,63.8336,-50.42,2.447
RGI60-05.06974,204544,63.8346,-50.3883,0.952
RGI60-05.06975,204545,63.8211,-50.9343,0.169
RGI60-05.06976,204546,63.8412,-50.5364,0.077
RGI60-05.06977,204547,63.8191,-50.9118,1.393
RGI60-05.06978,204548,63.8034,-51.0259,8.998
RGI60-05.06979,204549,63.8199,-50.847,0.06
RGI60-05.06980,204550,63.7885,-50.9002,0.832
RGI60-05.06981,204551,63.7716,-51.0289,3.405
RGI60-05.06982,204552,63.7882,-51.0742,4.673
RGI60-05.06983,204553,63.807,-50.8819,2.379
RGI60-05.06984,204554,63.7753,-51.0542,1.349
RGI60-05.06985,204555,63.7687,-50.998,0.102
RGI60-05.06986,204556,63.7908,-50.926,7.541
RGI60-05.06987,204557,63.7612,-51.0521,0.275
RGI60-05.06988,204558,63.7562,-51.0474,0.086
RGI60-05.06989,204559,63.7896,-51.0098,0.262
RGI60-05.06990,204560,63.7879,-50.9744,0.646
RGI60-05.06991,204561,63.7848,-51.024,0.187
RGI60-05.06992,204562,63.7824,-50.9627,0.085
RGI60-05.06993,204563,63.8064,-50.9607,5.642
RGI60-05.06994,204564,63.8422,-50.5597,0.252
RGI60-05.06995,204565,63.8184,-51.1329,0.05
RGI60-05.06996,204566,63.8453,-50.6062,0.495
RGI60-05.06997,204567,63.896,-40.6319,0.502
RGI60-05.06998,204568,63.8416,-50.8159,0.091
RGI60-05.06999,204569,63.8312,-51.1017,0.059
RGI60-05.07000,204570,63.8403,-50.9552,0.056
RGI60-05.07001,204571,63.9158,-50.1499,0.192
RGI60-05.07002,204572,63.9186,-50.1253,0.053
RGI60-05.07004,204573,63.9253,-50.0388,0.057
RGI60-05.07006,204574,63.9087,-50.4535,0.052
RGI60-05.07007,204575,63.9217,-50.1434,0.11
RGI60-05.07008,204576,63.8961,-50.7485,0.077
RGI60-05.07009,204577,63.8593,-50.5608,0.169
RGI60-05.07014,204578,63.9289,-41.4121,0.147
RGI60-05.07017,204579,63.842,-50.9438,0.316
RGI60-05.07018,204580,63.8374,-50.9386,0.104
RGI60-05.07019,204581,63.8832,-50.0583,0.113
RGI60-05.07020,204582,63.8587,-50.6443,0.197
RGI60-05.07021,204583,63.8508,-50.7126,1.01
RGI60-05.07022,204584,63.8483,-50.5402,0.155
RGI60-05.07023,204585,63.8868,-50.1767,0.147
RGI60-05.07024,204586,63.8562,-50.9182,0.443
RGI60-05.07025,204587,63.8803,-50.1686,0.795
RGI60-05.07026,204588,63.8573,-50.5187,4.79
RGI60-05.07027,204589,63.8519,-50.8992,0.233
RGI60-05.07028,204590,63.9423,-41.5581,0.669
RGI60-05.07029,204591,63.8608,-50.8514,0.152
RGI60-05.07030,204592,63.8921,-50.1823,0.102
RGI60-05.07031,204593,63.8838,-50.4286,0.069
RGI60-05.07032,204594,63.9517,-41.5573,0.163
RGI60-05.07034,204595,63.9571,-41.6877,0.094
RGI60-05.07036,204596,63.951,-41.4756,0.145
RGI60-05.07038,204597,63.8872,-50.5261,0.092
RGI60-05.07039,204598,63.8841,-50.5836,0.106
RGI60-05.07040,204599,63.9357,-50.0684,0.11
RGI60-05.07041,204600,63.8518,-50.8551,9.091
RGI60-05.07042,204601,63.8482,-50.6592,0.828
RGI60-05.07043,204602,63.9291,-49.9609,0.273
RGI60-05.07044,204603,63.9107,-50.4691,0.163
RGI60-05.07045,204604,63.8474,-50.7673,8.429
RGI60-05.07046,204605,63.7612,-50.5226,3.352
RGI60-05.07047,204606,63.9137,-50.4695,0.113
RGI60-05.07048,204607,63.8317,-50.6818,6.849
RGI60-05.07049,204608,63.7548,-50.699,7.419
RGI60-05.07050,204609,63.7872,-50.5242,63.173
RGI60-05.07051,204610,63.9389,-49.967,0.101
RGI60-05.07052,204611,63.8307,-50.6348,6.157
RGI60-05.07053,204612,63.8165,-50.7545,21.924
RGI60-05.07054,204613,63.8123,-50.8385,0.241
RGI60-05.07055,204614,63.8005,-50.8371,1.569
RGI60-05.07056,204615,63.7862,-50.7114,29.269
RGI60-05.07057,204616,63.7605,-50.3842,0.41
RGI60-05.07058,204617,63.9377,-50.0354,0.072
RGI60-05.07059,204618,63.938,-49.991,0.259
RGI60-05.07060,204619,63.7565,-50.4716,4.609
RGI60-05.07061,204620,63.7582,-50.4311,0.072
RGI60-05.07062,204621,63.7535,-50.5649,5.502
RGI60-05.07063,204622,63.77,-50.7647,3.817
RGI60-05.07064,204623,63.7149,-50.5927,8.572
RGI60-05.07065,204624,63.8234,-50.562,12.137
RGI60-05.07066,204625,63.771,-50.386,2.806
RGI60-05.07067,204626,63.8749,-50.554,4.12
RGI60-05.07068,204627,63.7458,-50.6269,11.291
RGI60-05.07069,204628,63.8125,-50.5109,2.539
RGI60-05.07070,204629,63.9064,-50.1377,0.231
RGI60-05.07071,204630,63.8805,-50.4591,4.732
RGI60-05.07072,204631,63.8626,-51.0723,0.323
RGI60-05.07073,204632,63.9113,-50.1312,0.076
RGI60-05.07074,204633,63.9055,-50.7651,0.603
RGI60-05.07075,204634,63.9417,-50.0103,0.185
RGI60-05.07076,204635,63.9402,-50.0532,0.399
RGI60-05.07077,204636,63.8971,-51.1815,0.063
RGI60-05.07078,204637,63.9244,-50.7213,0.255
RGI60-05.07079,204638,63.9589,-50.0118,0.818
RGI60-05.07080,204639,63.9636,-49.9853,0.085
RGI60-05.07081,204640,63.9372,-50.6874,0.066
RGI60-05.07082,204641,63.9356,-50.7043,0.323
RGI60-05.07083,204642,63.9329,-50.7197,0.102
RGI60-05.07084,204643,63.9212,-51.2683,0.087
RGI60-05.07085,204644,63.9196,-51.2823,0.164
RGI60-05.07086,204645,63.9305,-51.0482,0.38
RGI60-05.07087,204646,63.9326,-51.1014,0.102
RGI60-05.07088,204647,63.9237,-51.1671,1.376
RGI60-05.07089,204648,63.9093,-51.1806,1.073
RGI60-05.07090,204649,63.9464,-51.0731,0.136
RGI60-05.07091,204650,63.9098,-51.158,2.817
RGI60-05.07092,204651,63.9031,-51.1782,0.174
RGI60-05.07093,204652,63.9195,-51.1458,0.192
RGI60-05.07094,204653,63.9383,-51.059,0.089
RGI60-05.07095,204654,63.9355,-51.1139,0.071
RGI60-05.07096,204655,63.9235,-51.3413,0.215
RGI60-05.07097,204656,63.9403,-51.1079,0.157
RGI60-05.07098,204657,63.9387,-51.1,0.189
RGI60-05.07099,204658,63.9424,-51.055,0.224
RGI60-05.07100,204659,63.938,-51.2593,0.146
RGI60-05.07101,204660,63.9479,-51.1011,0.077
RGI60-05.07102,204661,63.9431,-51.2687,0.063
RGI60-05.07103,204662,63.9582,-50.9641,0.208
RGI60-05.07104,204663,63.962,-50.9346,0.056
RGI60-05.07105,204664,63.9704,-50.8843,0.078
RGI60-05.07106,204665,63.9762,-50.9021,0.103
RGI60-05.07107,204666,63.978,-50.8408,0.153
RGI60-05.07108,204667,63.9808,-50.8357,0.102
RGI60-05.07109,204668,63.9777,-50.9186,0.166
RGI60-05.07110,204669,63.9823,-50.8169,0.077
RGI60-05.07111,204670,63.9754,-51.0501,0.06
RGI60-05.07112,204671,63.9796,-50.9331,0.277
RGI60-05.07113,204672,63.9617,-51.098,3.876
RGI60-05.07114,204673,63.9522,-51.1075,0.101
RGI60-05.07115,204674,63.9831,-50.9085,0.075
RGI60-05.07116,204675,63.9772,-51.0405,0.084
RGI60-05.07117,204676,63.9792,-50.9544,2.29
RGI60-05.07118,204677,63.9776,-50.9856,1.846
RGI60-05.07119,204678,63.9744,-51.3107,0.111
RGI60-05.07120,204679,63.9932,-50.9649,0.339
RGI60-05.07121,204680,64.0066,-50.847,0.056
RGI60-05.07122,4245,64.0141,-50.6519,0.803
RGI60-05.07123,204681,64.0135,-50.8629,0.126
RGI60-05.07124,204682,64.0254,-50.6278,0.073
RGI60-05.07125,204683,64.0016,-50.8959,5.407
RGI60-05.07126,204684,64.0987,-50.5921,0.122
RGI60-05.07127,204685,63.9846,-50.8691,6.106
RGI60-05.07128,204686,63.971,-50.8654,0.073
RGI60-05.07129,204687,64.0196,-50.8567,0.116
RGI60-05.07130,204688,64.0177,-50.9174,0.252
RGI60-05.07131,204689,64.0144,-51.0916,0.278
RGI60-05.07132,204690,64.0228,-50.7127,5.342
RGI60-05.07133,204691,64.0212,-50.6623,1.244
RGI60-05.07134,204692,64.0346,-50.7373,0.051
RGI60-05.07135,204693,64.0299,-50.8634,0.403
RGI60-05.07136,204694,64.0351,-50.7904,0.886
RGI60-05.07137,204695,64.0413,-50.8106,0.12
RGI60-05.07138,204696,64.0339,-51.0572,0.067
RGI60-05.07139,204697,64.0327,-51.0671,0.09
RGI60-05.07140,204698,64.0435,-50.8662,0.077
RGI60-05.07141,204699,64.1001,-50.7598,0.57
RGI60-05.07142,204700,64.0416,-50.8539,1.755
RGI60-05.07143,204701,64.044,-50.8831,1.081
RGI60-05.07144,204702,64.0493,-50.8722,0.073
RGI60-05.07145,204703,64.0436,-51.0355,0.089
RGI60-05.07146,204704,64.0519,-50.8619,0.083
RGI60-05.07147,204705,64.0651,-50.639,0.159
RGI60-05.07148,204706,64.0635,-50.7288,0.065
RGI60-05.07149,204707,64.1652,-51.1677,0.133
RGI60-05.07150,204708,64.0617,-50.7087,0.375
RGI60-05.07151,204709,64.0684,-50.6642,0.689
RGI60-05.07152,204710,64.0441,-51.2573,0.089
RGI60-05.07153,204711,64.0725,-50.6802,0.477
RGI60-05.07154,204712,64.0735,-50.7049,0.236
RGI60-05.07155,204713,64.07,-50.7194,0.355
RGI60-05.07156,204714,64.0735,-51.1387,0.122
RGI60-05.07157,204715,64.0723,-51.1693,0.077
RGI60-05.07158,204716,63.83,-41.3486,13.313
RGI60-05.07159,204717,63.8044,-41.3681,1.597
RGI60-05.07160,204718,63.7911,-41.3309,9.646
RGI60-05.07161,204719,63.8025,-41.3475,0.295
RGI60-05.07162,204720,63.775,-41.2604,7.052
RGI60-05.07163,204721,63.8106,-41.3762,1.141
RGI60-05.07164,204722,63.7797,-41.3057,0.132
RGI60-05.07165,204723,64.1654,-51.2009,0.132
RGI60-05.07166,204724,63.7677,-41.212,2.333
RGI60-05.07172,204725,63.9153,-40.6452,0.662
RGI60-05.07173,204726,64.1057,-50.7485,0.379
RGI60-05.07174,204727,64.1147,-50.6815,0.065
RGI60-05.07175,204728,64.3289,-50.8894,0.056
RGI60-05.07176,204729,64.1138,-50.7171,0.384
RGI60-05.07177,204730,63.7411,-41.1064,3.219
RGI60-05.07178,204731,63.7577,-41.1596,10.586
RGI60-05.07179,204732,63.7657,-41.1961,0.283
RGI60-05.07180,204733,64.1121,-50.7495,0.16
RGI60-05.07181,204734,64.1659,-51.1522,0.405
RGI60-05.07182,204735,63.7567,-41.073,8.282
RGI60-05.07184,204736,63.71,-40.5881,19.956
RGI60-05.07187,204737,63.8858,-40.6465,1.439
RGI60-05.07188,204738,63.7018,-40.8335,0.485
RGI60-05.07189,204739,64.3412,-50.6825,0.111
RGI60-05.07190,204740,64.1148,-50.736,0.348
RGI60-05.07191,204741,64.1191,-50.6981,0.409
RGI60-05.07194,204742,64.1877,-41.0347,0.719
RGI60-05.07195,204743,64.11,-51.4078,0.319
RGI60-05.07196,204744,64.1138,-51.3265,1.577
RGI60-05.07197,204745,64.1321,-51.1736,0.084
RGI60-05.07198,204746,64.206,-41.1406,6.692
RGI60-05.07199,204747,64.1183,-51.4661,1.298
RGI60-05.07200,204748,64.1388,-51.5144,0.196
RGI60-05.07201,204749,64.2168,-41.1276,1.162
RGI60-05.07202,204750,64.1389,-51.199,0.415
RGI60-05.07203,204751,64.1414,-51.2871,0.09
RGI60-05.07204,204752,64.1592,-51.1961,0.125
RGI60-05.07205,204753,64.1609,-51.2212,0.161
RGI60-05.07206,204754,64.1232,-51.5351,2.388
RGI60-05.07207,204755,64.1312,-51.4579,1.268
RGI60-05.07208,204756,64.146,-51.2367,3.229
RGI60-05.07209,204757,64.1561,-51.2558,0.329
RGI60-05.07210,204758,64.1634,-51.0843,1.016
RGI60-05.07211,204759,64.164,-51.1255,0.237
RGI60-05.07212,204760,64.1461,-51.5525,0.062
RGI60-05.07213,204761,64.1666,-51.2147,0.148
RGI60-05.07214,204762,64.164,-51.1825,0.532
RGI60-05.07215,204763,64.1706,-51.1726,0.054
RGI60-05.07216,204764,64.1653,-51.3262,0.115
RGI60-05.07217,4566,64.162,-51.3598,1.699
RGI60-05.07218,204765,64.1909,-51.0825,0.108
RGI60-05.07219,204766,64.2716,-41.2356,3.75
RGI60-05.07220,204767,64.2312,-50.7678,0.117
RGI60-05.07221,204768,64.2283,-50.8816,0.11
RGI60-05.07222,204769,64.2614,-50.7029,0.209
RGI60-05.07223,204770,64.2696,-41.2943,6.685
RGI60-05.07224,204771,64.1865,-51.4232,0.106
RGI60-05.07225,204772,64.1906,-51.435,0.893
RGI60-05.07226,204773,64.2361,-50.7662,0.359
RGI60-05.07227,204774,64.241,-40.8813,129.356
RGI60-05.07228,204775,64.2266,-51.2854,0.058
RGI60-05.07229,204776,64.2601,-50.6863,0.204
RGI60-05.07230,204777,64.2354,-51.2886,0.19
RGI60-05.07231,204778,64.2371,-51.2813,0.063
RGI60-05.07232,204779,64.2657,-50.6845,0.241
RGI60-05.07233,204780,64.2707,-50.7742,0.175
RGI60-05.07234,204781,64.2751,-50.7623,0.242
RGI60-05.07235,204782,64.3162,-50.6766,0.128
RGI60-05.07236,204783,64.2813,-50.7442,0.279
RGI60-05.07237,204784,64.3578,-41.3931,1.51
RGI60-05.07238,204785,64.3451,-40.5552,0.445
RGI60-05.07239,204786,64.306,-50.6196,0.073
RGI60-05.07240,204787,64.3177,-50.7712,0.059
RGI60-05.07241,204788,64.3217,-50.6821,0.055
RGI60-05.07242,204789,64.332,-50.9218,0.099
RGI60-05.07243,204790,64.303359985,-50.798908234,0.881
RGI60-05.07244,204791,64.3097,-50.8105,0.062
RGI60-05.07245,204792,64.3189,-50.7361,0.263
RGI60-05.07246,204793,64.3224,-50.6877,0.062
RGI60-05.07247,204794,64.3227,-50.7011,0.251
RGI60-05.07248,204795,64.3234,-50.7129,0.065
RGI60-05.07249,204796,64.2863,-51.5148,0.07
RGI60-05.07250,204797,64.3181,-50.7958,0.446
RGI60-05.07251,204798,64.3001,-50.9554,1.835
RGI60-05.07252,204799,64.3272,-50.8992,0.072
RGI60-05.07253,204800,64.3086,-50.9187,1.398
RGI60-05.07254,204801,64.2834,-51.5117,0.114
RGI60-05.07255,204802,64.3219,-50.7228,0.34
RGI60-05.07256,204803,64.3255,-50.6365,0.572
RGI60-05.07257,204804,64.323,-50.7515,0.25
RGI60-05.07258,204805,64.3243,-50.7643,0.42
RGI60-05.07259,204806,64.401,-41.5033,0.837
RGI60-05.07260,204807,64.3349,-50.6247,0.159
RGI60-05.07261,204808,64.3324,-50.8957,0.184
RGI60-05.07262,204809,64.3333,-50.9347,0.051
RGI60-05.07263,204810,64.3426,-50.7048,0.088
RGI60-05.07264,204811,64.3015,-51.4858,1.895
RGI60-05.07265,204812,64.3067,-51.4567,0.704
RGI60-05.07266,204813,64.3444,-50.7143,0.246
RGI60-05.07267,204814,64.3447,-50.7297,0.069
RGI60-05.07268,204815,64.3459,-50.6938,0.05
RGI60-05.07269,204816,64.3408,-50.8849,0.449
RGI60-05.07270,204817,64.3472,-50.8906,0.05
RGI60-05.07271,204818,64.3365,-50.9119,0.473
RGI60-05.07272,204819,64.3484,-50.8744,0.261
RGI60-05.07273,204820,64.3509,-50.8907,0.059
RGI60-05.07274,204821,64.3535,-50.8719,0.2
RGI60-05.07275,204822,64.3538,-50.9239,0.074
RGI60-05.07276,204823,64.36,-50.9149,0.146
RGI60-05.07277,204824,72.6466,-55.7645,0.052
RGI60-05.07278,204825,72.6519,-55.7537,0.059
RGI60-05.07279,204826,72.6537,-55.7213,0.051
RGI60-05.07280,204827,72.6516,-55.6885,0.077
RGI60-05.07281,204828,74.1723,-56.6454,0.116
RGI60-05.07282,204829,72.7261,-55.786,0.075
RGI60-05.07283,204830,72.7117,-56.0687,0.077
RGI60-05.07284,204831,73.0782,-55.3829,0.076
RGI60-05.07285,204832,72.6434,-55.6979,0.186
RGI60-05.07286,204833,72.6536,-55.7442,0.085
RGI60-05.07287,204834,72.6714,-55.5246,0.07
RGI60-05.07288,204835,72.6699,-55.6043,0.067
RGI60-05.07289,204836,72.6704,-55.6299,0.053
RGI60-05.07290,204837,72.6747,-55.6178,0.069
RGI60-05.07291,204838,72.7308,-55.4409,0.093
RGI60-05.07292,204839,72.7288,-55.5115,0.12
RGI60-05.07293,204840,72.6996,-56.0476,0.068
RGI60-05.07294,204841,72.7143,-55.8062,0.059
RGI60-05.07295,204842,72.731,-55.5037,0.114
RGI60-05.07296,204843,74.2487,-56.4124,0.095
RGI60-05.07297,204844,74.5185,-56.9647,0.366
RGI60-05.07298,204845,72.707,-55.9353,0.081
RGI60-05.07299,204846,72.6508,-55.7022,0.194
RGI60-05.07300,204847,72.6452,-55.7196,0.233
RGI60-05.07301,204848,72.639,-55.4743,0.135
RGI60-05.07302,204849,72.638,-55.5234,0.082
RGI60-05.07303,204850,72.6358,-55.5358,0.427
RGI60-05.07304,204851,72.6386,-55.5062,0.421
RGI60-05.07305,204852,72.6791,-55.5224,0.234
RGI60-05.07306,204853,72.6812,-55.5482,0.455
RGI60-05.07307,204854,72.7391,-55.5041,0.067
RGI60-05.07308,204855,72.6755,-55.5792,1.93
RGI60-05.07309,204856,72.7166,-55.3026,0.073
RGI60-05.07310,204857,72.7248,-55.3972,0.072
RGI60-05.07311,204858,72.7211,-55.4193,0.455
RGI60-05.07312,204859,72.7243,-55.4371,0.06
RGI60-05.07313,204860,72.7298,-55.3649,0.058
RGI60-05.07314,204861,72.727,-55.4469,0.079
RGI60-05.07315,204862,72.7323,-55.3811,0.201
RGI60-05.07316,204863,72.7239,-55.4712,1.677
RGI60-05.07317,204864,72.7175,-55.4356,0.491
RGI60-05.07318,204865,72.6993,-56.131,0.075
RGI60-05.07319,204866,72.7189,-55.8039,0.055
RGI60-05.07320,204867,72.7168,-55.8159,0.246
RGI60-05.07321,204868,72.7159,-55.9067,0.079
RGI60-05.07322,204869,72.7218,-55.8001,0.057
RGI60-05.07323,204870,72.7366,-55.5077,0.119
RGI60-05.07324,204871,72.7244,-55.7915,0.152
RGI60-05.07325,204872,72.7153,-55.955,0.386
RGI60-05.07326,204873,72.7085,-56.0917,0.484
RGI60-05.07327,204874,72.7065,-56.0576,0.58
RGI60-05.07328,204875,72.7262,-55.9478,0.281
RGI60-05.07329,204876,74.5008,-57.0477,1.581
RGI60-05.07330,204877,72.7241,-55.9792,0.231
RGI60-05.07331,204878,72.7314,-55.955,0.061
RGI60-05.07332,204879,72.7326,-55.9398,0.104
RGI60-05.07333,204880,72.7359,-55.9085,0.388
RGI60-05.07334,204881,72.7384,-55.9498,0.058
RGI60-05.07335,204882,72.74,-55.9611,0.131
RGI60-05.07336,204883,72.7496,-55.8711,0.157
RGI60-05.07337,204884,73.0785,-55.5593,0.121
RGI60-05.07338,204885,73.094,-55.2554,0.058
RGI60-05.07339,204886,73.0874,-55.3954,0.966
RGI60-05.07340,204887,73.0999,-55.3364,0.053
RGI60-05.07341,204888,73.0976,-55.4188,0.069
RGI60-05.07342,204889,73.0903,-55.3699,0.741
RGI60-05.07343,204890,73.1331,-55.2155,0.166
RGI60-05.07344,204891,74.6851,-56.7297,0.068
RGI60-05.07345,204892,73.0923,-55.4754,2.088
RGI60-05.07346,204893,73.1115,-55.2545,0.091
RGI60-05.07347,204894,73.1131,-55.2387,0.222
RGI60-05.07348,204895,73.9696,-55.8906,0.24
RGI60-05.07349,204896,73.0995,-55.2369,1.546
RGI60-05.07350,204897,73.1052,-55.3493,2.082
RGI60-05.07351,204898,73.1049,-55.278,1.734
RGI60-05.07352,204899,73.1182,-55.2442,0.081
RGI60-05.07353,204900,73.0985,-55.3832,0.406
RGI60-05.07354,204901,73.1072,-55.32,0.085
RGI60-05.07355,204902,74.0234,-55.8483,0.062
RGI60-05.07356,204903,73.1308,-55.185,1.285
RGI60-05.07357,204904,73.1357,-55.2309,0.1
RGI60-05.07358,204905,73.3147,-55.747,0.054
RGI60-05.07359,204906,73.4308,-55.0797,0.052
RGI60-05.07360,204907,73.6217,-55.6311,0.259
RGI60-05.07361,204908,73.6285,-55.6531,0.052
RGI60-05.07362,204909,73.68,-55.6191,0.091
RGI60-05.07363,204910,73.6805,-55.643,0.195
RGI60-05.07364,204911,74.0422,-55.8744,0.152
RGI60-05.07365,204912,73.6794,-55.723,0.512
RGI60-05.07366,204913,73.6806,-55.7458,0.542
RGI60-05.07367,204914,73.6888,-55.7721,0.081
RGI60-05.07368,204915,73.6933,-55.7692,0.116
RGI60-05.07369,204916,73.723,-55.3704,0.115
RGI60-05.07370,204917,73.7042,-55.9492,0.082
RGI60-05.07371,204918,74.1129,-55.9349,0.187
RGI60-05.07372,204919,74.1261,-55.9297,0.122
RGI60-05.07373,204920,73.6755,-56.4767,0.54
RGI60-05.07374,204921,73.6701,-56.739,0.058
RGI60-05.07375,204922,73.7385,-55.6833,0.068
RGI60-05.07376,204923,73.8222,-55.7951,0.195
RGI60-05.07377,204924,73.8308,-55.8098,0.051
RGI60-05.07378,204925,73.7902,-56.707,0.057
RGI60-05.07379,204926,73.8159,-56.2614,0.186
RGI60-05.07380,204927,74.1244,-56.0536,0.088
RGI60-05.07381,204928,73.8251,-56.2352,1.432
RGI60-05.07382,204929,73.8397,-56.4389,0.253
RGI60-05.07383,204930,73.8528,-56.3742,0.244
RGI60-05.07384,204931,73.8479,-56.4054,0.871
RGI60-05.07385,204932,74.1257,-56.0252,0.213
RGI60-05.07386,204933,74.6895,-56.7173,0.148
RGI60-05.07387,204934,73.8592,-56.348,0.86
RGI60-05.07388,204935,73.8575,-56.5377,0.107
RGI60-05.07389,204936,73.8577,-56.5691,0.058
RGI60-05.07390,204937,73.885,-56.4844,0.051
RGI60-05.07391,204938,74.1332,-55.9883,0.11
RGI60-05.07392,204939,74.058,-56.182,0.294
RGI60-05.07393,204940,74.0616,-56.2096,0.526
RGI60-05.07394,204941,74.1009,-56.0992,0.111
RGI60-05.07395,204942,74.1063,-56.0814,0.089
RGI60-05.07396,204943,74.1861,-56.5675,0.102
RGI60-05.07397,204944,74.175,-56.7929,0.177
RGI60-05.07398,204945,74.1777,-56.7315,0.167
RGI60-05.07399,204946,74.1736,-56.8712,0.194
RGI60-05.07400,204947,74.1904,-56.6048,0.188
RGI60-05.07401,204948,74.1795,-56.8073,0.096
RGI60-05.07402,204949,74.1748,-56.8363,0.538
RGI60-05.07403,204950,74.1696,-56.7412,2.924
RGI60-05.07404,204951,74.1805,-56.687,2.368
RGI60-05.07405,204952,74.2291,-56.4934,0.073
RGI60-05.07406,204953,74.2437,-56.429,0.067
RGI60-05.07407,204954,74.2441,-56.4973,0.163
RGI60-05.07408,204955,74.2406,-56.4046,3.617
RGI60-05.07409,204956,74.2498,-56.4253,0.095
RGI60-05.07410,204957,74.2448,-56.5347,0.061
RGI60-05.07411,204958,74.2462,-56.5204,0.099
RGI60-05.07412,204959,74.255,-56.416,0.132
RGI60-05.07413,204960,74.2591,-56.3668,0.104
RGI60-05.07414,204961,74.4998,-56.815,0.337
RGI60-05.07415,204962,74.4938,-57.1285,0.108
RGI60-05.07416,204963,74.4905,-57.2823,0.107
RGI60-05.07417,204964,74.4914,-57.0944,1.343
RGI60-05.07418,204965,74.4984,-57.1662,0.455
RGI60-05.07419,204966,74.5102,-57.0356,1.691
RGI60-05.07420,204967,74.7373,-56.9693,0.996
RGI60-05.07421,204968,74.4885,-57.401,0.532
RGI60-05.07422,204969,74.5045,-56.951,2.563
RGI60-05.07423,204970,74.4968,-57.0153,1.032
RGI60-05.07424,204971,74.4896,-57.0398,0.067
RGI60-05.07425,204972,74.5148,-57.0143,0.859
RGI60-05.07426,204973,74.9214,-57.2058,0.117
RGI60-05.07427,204974,74.4945,-57.2805,1.298
RGI60-05.07428,204975,74.5008,-57.3766,0.074
RGI60-05.07429,204976,74.5033,-57.34,0.07
RGI60-05.07430,204977,74.5051,-57.3605,0.082
RGI60-05.07431,204978,74.5065,-57.3243,0.408
RGI60-05.07432,204979,74.5334,-56.742,1.579
RGI60-05.07433,204980,74.5183,-56.7708,2.208
RGI60-05.07434,204981,74.5297,-56.7134,0.858
RGI60-05.07435,204982,74.5175,-56.728,0.897
RGI60-05.07436,204983,74.5377,-56.6769,0.698
RGI60-05.07437,204984,74.542,-56.7012,0.677
RGI60-05.07438,204985,74.5727,-56.3996,0.213
RGI60-05.07439,204986,74.5772,-56.3926,0.113
RGI60-05.07440,204987,74.6682,-56.5809,0.588
RGI60-05.07441,204988,75.486,-57.95,0.578
RGI60-05.07442,204989,75.4862,-58.0023,1.048
RGI60-05.07443,204990,75.3725,-58.6168,0.056
RGI60-05.07444,204991,75.3861,-58.4589,0.058
RGI60-05.07445,204992,75.3857,-58.5185,0.169
RGI60-05.07446,204993,75.3866,-58.5451,0.105
RGI60-05.07447,204994,75.3961,-58.5208,0.107
RGI60-05.07448,204995,75.4377,-58.0072,0.086
RGI60-05.07449,204996,75.3638,-58.2313,0.065
RGI60-05.07450,204997,75.3731,-58.1594,0.09
RGI60-05.07451,204998,75.3738,-58.1811,0.208
RGI60-05.07452,204999,75.372,-58.241,0.448
RGI60-05.07453,205000,75.3748,-58.2558,0.141
RGI60-05.07454,205001,75.4982,-58.0095,3.553
RGI60-05.07455,205002,75.5226,-57.9527,0.053
RGI60-05.07456,205003,75.5244,-57.9177,0.074
RGI60-05.07457,205004,75.5259,-57.8843,0.817
RGI60-05.07458,205005,64.3693,-50.8196,0.077
RGI60-05.07460,205006,64.3675,-50.8334,0.08
RGI60-05.07461,205007,64.37,-50.8074,0.055
RGI60-05.07462,205008,64.365,-50.8197,0.074
RGI60-05.07463,205009,64.3564,-50.9302,0.36
RGI60-05.07464,205010,64.3728,-50.8335,0.217
RGI60-05.07465,205011,64.3877,-51.1086,0.178
RGI60-05.07466,205012,64.3946,-51.0798,0.056
RGI60-05.07467,205013,64.3944,-51.1369,0.084
RGI60-05.07468,205014,64.394,-51.1251,0.156
RGI60-05.07469,205015,64.3989,-51.0902,1.083
RGI60-05.07470,205016,64.405,-51.0941,0.101
RGI60-05.07471,205017,64.3941,-51.3752,0.413
RGI60-05.07472,205018,64.4522,-50.5012,0.126
RGI60-05.07473,205019,64.4561,-50.4344,0.166
RGI60-05.07474,205020,64.4666,-50.4888,0.155
RGI60-05.07475,205021,64.4661,-50.4661,0.47
RGI60-05.07476,205022,64.4617,-50.5283,3.009
RGI60-05.07477,205023,64.447,-51.0271,0.518
RGI60-05.07478,205024,64.4718,-50.4815,0.182
RGI60-05.07479,205025,64.4546,-51.0554,0.076
RGI60-05.07480,205026,64.4558,-51.0391,0.128
RGI60-05.07481,205027,64.4823,-50.5782,0.058
RGI60-05.07482,205028,64.4626,-51.0121,0.185
RGI60-05.07483,205029,64.4688,-51.2462,0.305
RGI60-05.07484,205030,64.4711,-51.2963,0.391
RGI60-05.07485,205031,64.474,-51.271,0.358
RGI60-05.07486,205032,64.4812,-51.2455,0.137
RGI60-05.07487,205033,64.4813,-51.2688,0.26
RGI60-05.07488,205034,64.5493,-40.491,4.573
RGI60-05.07489,205035,64.5701,-40.4714,2.013
RGI60-05.07490,205036,64.4882,-40.3412,112.869
RGI60-05.07491,205037,64.6423,-40.4769,50.397
RGI60-05.07492,205038,64.7138,-40.561,1.082
RGI60-05.07493,205039,64.8468,-40.9088,9.759
RGI60-05.07494,205040,64.8324,-40.9304,0.203
RGI60-05.07495,205041,64.8209,-40.659,247.918
RGI60-05.07497,205042,65.3308,-39.6259,2.883
RGI60-05.07499,205043,63.4545,-41.7888,1.129
RGI60-05.07501,205044,63.7184,-41.7652,0.068
RGI60-05.07504,205045,76.0957,-62.0349,0.073
RGI60-05.07505,205046,76.1754,-62.2215,0.05
RGI60-05.07506,205047,76.141,-64.5904,0.08
RGI60-05.07507,,76.4415,-63.3465,0.108
RGI60-05.07508,205048,76.1794,-62.1884,0.072
RGI60-05.07509,205049,76.248,-61.3202,0.082
RGI60-05.07510,205050,76.2284,-62.5884,0.104
RGI60-05.07511,205051,76.1471,-65.1476,0.052
RGI60-05.07512,205052,75.5327,-58.0624,0.336
RGI60-05.07513,205053,75.5626,-57.6232,0.067
RGI60-05.07515,205054,75.5633,-57.7095,0.075
RGI60-05.07516,205055,75.5696,-57.6849,0.119
RGI60-05.07517,205056,75.6731,-58.4927,0.13
RGI60-05.07518,205057,75.9607,-65.041,0.064
RGI60-05.07519,205058,76.2222,-61.8157,0.06
RGI60-05.07520,205059,76.2568,-61.3199,0.315
RGI60-05.07521,205060,76.1663,-62.6916,0.103
RGI60-05.07522,205061,76.058,-64.9863,0.206
RGI60-05.07523,205062,76.1611,-60.6989,0.252
RGI60-05.07524,205063,75.5377,-57.8175,0.05
RGI60-05.07525,205064,75.534,-57.8906,0.052
RGI60-05.07526,205065,75.5289,-57.9598,0.31
RGI60-05.07527,205066,75.5387,-57.9721,0.133
RGI60-05.07528,205067,76.265,-62.4607,0.082
RGI60-05.07529,205068,75.5419,-58.0168,1.54
RGI60-05.07530,205069,75.5649,-57.7515,0.093
RGI60-05.07531,205070,75.5848,-57.6142,0.687
RGI60-05.07532,205071,75.5996,-57.483,0.11
RGI60-05.07533,,75.6669,-58.4246,0.086
RGI60-05.07534,205072,75.6721,-58.4716,0.071
RGI60-05.07535,205073,75.6759,-58.4268,1.001
RGI60-05.07536,205074,75.689,-58.4037,0.361
RGI60-05.07537,205075,75.7854,-58.9907,0.238
RGI60-05.07538,205076,75.8454,-59.5731,0.381
RGI60-05.07539,205077,75.9132,-59.5101,2.353
RGI60-05.07540,205078,75.9054,-59.4948,1.768
RGI60-05.07541,205079,76.3155,-62.2469,0.061
RGI60-05.07542,205080,75.8902,-59.4628,10.242
RGI60-05.07543,205081,75.8863,-59.6502,0.537
RGI60-05.07544,205082,76.1584,-61.0664,0.147
RGI60-05.07545,205083,75.887,-59.5838,5.576
RGI60-05.07546,205084,75.8741,-59.6676,2.578
RGI60-05.07547,205085,75.864,-59.6717,1.741
RGI60-05.07548,205086,75.8561,-59.6756,0.172
RGI60-05.07549,205087,76.1735,-60.9266,0.082
RGI60-05.07550,205088,75.8475,-59.6968,1.393
RGI60-05.07551,205089,75.8392,-59.7194,1.128
RGI60-05.07552,205090,75.8584,-59.6073,7.13
RGI60-05.07553,205091,76.1644,-61.0376,0.199
RGI60-05.07554,205092,75.8301,-59.7331,0.944
RGI60-05.07555,205093,75.8363,-59.6696,2.986
RGI60-05.07556,205094,75.8197,-59.7092,1.159
RGI60-05.07557,205095,75.9318,-59.5434,1.159
RGI60-05.07558,205096,76.1657,-60.9968,0.494
RGI60-05.07559,205097,76.1865,-60.9119,0.095
RGI60-05.07560,205098,76.1952,-60.9269,0.095
RGI60-05.07561,205099,76.2007,-60.9033,0.053
RGI60-05.07562,205100,76.1741,-61.4574,0.267
RGI60-05.07563,205101,76.1546,-61.8541,0.058
RGI60-05.07564,205102,76.1576,-61.8793,1.062
RGI60-05.07565,205103,76.1694,-61.8942,0.303
RGI60-05.07566,205104,76.1052,-64.0844,0.205
RGI60-05.07567,205105,76.19,-61.559,4.267
RGI60-05.07568,205106,76.1992,-61.5817,0.106
RGI60-05.07569,205107,76.2414,-61.1283,0.051
RGI60-05.07570,205108,76.2112,-61.533,1.3
RGI60-05.07571,205109,76.2416,-61.1659,1.289
RGI60-05.07572,205110,76.2365,-62.085,3.032
RGI60-05.07573,205111,76.0925,-64.0867,0.089
RGI60-05.07574,205112,76.1114,-63.9003,0.062
RGI60-05.07575,205113,76.1208,-63.7753,0.272
RGI60-05.07576,205114,76.1192,-63.8253,0.121
RGI60-05.07577,205115,76.1198,-63.8555,0.053
RGI60-05.07578,205116,76.2239,-62.5826,0.174
RGI60-05.07579,205117,76.2226,-62.6104,0.07
RGI60-05.07580,205118,76.2324,-62.749,0.155
RGI60-05.07581,205119,75.9163,-66.4531,0.058
RGI60-05.07582,205120,76.0461,-65.0704,0.054
RGI60-05.07583,205121,76.0521,-64.9793,0.178
RGI60-05.07584,205122,76.0379,-65.1158,1.13
RGI60-05.07585,205123,76.234,-62.7937,0.062
RGI60-05.07586,205124,76.2624,-62.4181,0.203
RGI60-05.07587,205125,76.1462,-64.058,0.097
RGI60-05.07588,205126,76.2721,-62.4628,0.131
RGI60-05.07589,205127,76.2642,-62.6351,0.068
RGI60-05.07590,205128,76.0718,-65.0361,0.131
RGI60-05.07591,205129,76.2516,-62.7766,3.096
RGI60-05.07592,205130,76.2665,-62.7426,0.298
RGI60-05.07593,205131,76.1609,-64.0816,0.267
RGI60-05.07594,205132,76.2763,-62.7683,0.104
RGI60-05.07595,205133,76.1787,-64.0949,0.157
RGI60-05.07596,205134,76.292,-62.312,4.798
RGI60-05.07597,205135,75.9332,-66.5047,7.163
RGI60-05.07598,205136,76.3495,-61.7106,0.109
RGI60-05.07599,205137,76.1989,-63.7268,0.102
RGI60-05.07602,205138,76.2774,-62.699,6.111
RGI60-05.07603,205139,76.137,-64.6893,0.07
RGI60-05.07604,205140,76.1221,-64.923,0.11
RGI60-05.07605,205141,76.1419,-64.7054,0.156
RGI60-05.07606,205142,76.3473,-62.192,0.074
RGI60-05.07607,205143,76.3122,-62.7635,0.126
RGI60-05.07608,205144,76.1617,-64.6683,0.057
RGI60-05.07609,205145,76.3325,-62.5263,0.108
RGI60-05.07610,205146,76.0475,-65.9454,0.123
RGI60-05.07611,205147,76.3729,-62.0065,0.053
RGI60-05.07612,205148,76.3363,-62.5048,0.207
RGI60-05.07613,205149,76.3754,-61.9778,0.099
RGI60-05.07614,205150,76.1756,-64.5853,0.08
RGI60-05.07615,205151,76.3469,-62.4846,0.059
RGI60-05.07616,205152,76.1323,-65.1395,0.06
RGI60-05.07617,205153,76.1738,-64.6792,0.051
RGI60-05.07619,205154,76.1447,-65.0235,0.127
RGI60-05.07620,205155,76.0584,-65.968,0.197
RGI60-05.07621,205156,76.152,-64.9797,0.07
RGI60-05.07622,205157,76.1388,-65.135,0.227
RGI60-05.07623,205158,76.088,-65.7341,0.077
RGI60-05.07625,205159,76.06,-66.0195,0.231
RGI60-05.07626,205160,76.063,-66.0536,0.137
RGI60-05.07627,205161,76.142,-65.162,0.225
RGI60-05.07628,205162,76.1514,-65.1186,0.168
RGI60-05.07630,205163,76.0919,-65.8154,0.06
RGI60-05.07631,205164,76.0704,-66.0314,1.024
RGI60-05.07632,205165,76.1035,-65.7599,0.745
RGI60-05.07633,205166,76.097,-65.7382,0.22
RGI60-05.07634,205167,76.105,-65.8217,0.27
RGI60-05.07635,205168,76.2577,-64.154,0.227
RGI60-05.07636,205169,76.1131,-65.8459,0.113
RGI60-05.07637,205170,76.1162,-65.8092,0.177
RGI60-05.07638,205171,76.257,-64.5345,0.171
RGI60-05.07639,205172,76.3205,-63.9583,0.055
RGI60-05.07641,205173,76.2682,-64.5398,0.231
RGI60-05.07642,205174,76.4085,-62.9542,0.104
RGI60-05.07643,205175,76.4151,-62.9425,0.12
RGI60-05.07644,205176,76.4189,-62.9356,0.056
RGI60-05.07645,205177,76.2322,-64.0589,0.214
RGI60-05.07647,205178,76.3575,-64.2425,0.196
RGI60-05.07648,205179,76.0494,-67.6455,0.13
RGI60-05.07651,205180,76.4189,-63.2234,0.755
RGI60-05.07652,205181,76.3461,-64.2118,0.063
RGI60-05.07653,205182,76.1389,-66.5743,0.268
RGI60-05.07659,205183,76.2565,-65.3262,0.075
RGI60-05.07660,205184,76.3498,-64.235,0.244
RGI60-05.07661,205185,76.2885,-64.0662,10.701
RGI60-05.07662,205186,76.2497,-63.9654,0.717
RGI60-05.07663,205187,76.2539,-64.0803,18.531
RGI60-05.07664,205188,76.0436,-67.6565,0.078
RGI60-05.07665,205189,76.1814,-64.0581,4.369
RGI60-05.07666,205190,76.2603,-64.9893,0.109
RGI60-05.07667,205191,76.2566,-65.038,0.133
RGI60-05.07668,205192,76.2028,-65.6964,0.066
RGI60-05.07669,205193,76.1315,-66.5569,0.092
RGI60-05.07675,205194,76.215,-65.6184,0.341
RGI60-05.07679,205195,76.4039,-63.4456,0.215
RGI60-05.07680,205196,76.0441,-67.5181,0.212
RGI60-05.07682,205197,76.4362,-63.2686,1.955
RGI60-05.07683,205198,76.4094,-63.2047,3.176
RGI60-05.07684,205199,76.3921,-63.1868,3.204
RGI60-05.07685,205200,76.4249,-63.2419,0.872
RGI60-05.07686,205201,76.3633,-64.4315,0.149
RGI60-05.07693,205202,76.1154,-68.4566,0.763
RGI60-05.07694,205203,76.1252,-68.4568,0.075
RGI60-05.07696,205204,76.0739,-68.1215,0.556
RGI60-05.07699,205205,76.2335,-66.7615,0.059
RGI60-05.07700,205206,76.1022,-68.4979,0.163
RGI60-05.07701,205207,76.1107,-68.494,0.389
RGI60-05.07702,205208,76.1172,-68.4796,0.074
RGI60-05.07703,205209,76.1081,-68.4712,0.113
RGI60-05.07704,205210,76.1204,-68.5187,0.082
RGI60-05.07705,205211,76.1329,-68.3963,0.319
RGI60-05.07706,205212,76.276,-67.011,0.054
RGI60-05.07714,205213,76.1411,-68.3701,0.141
RGI60-05.07716,205214,76.1239,-68.5352,0.076
RGI60-05.07717,205215,76.1442,-68.353,0.068
RGI60-05.07718,205216,76.1261,-68.5193,0.086
RGI60-05.07719,205217,76.1613,-68.2742,0.469
RGI60-05.07720,205218,76.1814,-68.3471,0.141
RGI60-05.07723,205219,76.1863,-68.6931,0.059
RGI60-05.07724,205220,76.2192,-68.4461,0.253
RGI60-05.07727,205221,76.3708,-68.4217,0.141
RGI60-05.07728,205222,76.7766,-67.4838,0.177
RGI60-05.07729,205223,76.2353,-68.4685,0.954
RGI60-05.07731,205224,76.2367,-68.5065,0.196
RGI60-05.07732,205225,76.251,-68.4691,0.24
RGI60-05.07733,205226,76.2367,-68.633,0.082
RGI60-05.07734,205227,76.249,-68.5835,0.164
RGI60-05.07735,205228,76.3007,-68.6467,0.636
RGI60-05.07737,205229,76.337,-68.5446,0.222
RGI60-05.07738,205230,76.3681,-68.4371,0.08
RGI60-05.07739,205231,76.7806,-67.4709,0.071
RGI60-05.07740,205232,76.3654,-68.4648,0.279
RGI60-05.07741,205233,76.353,-68.7587,1.507
RGI60-05.07742,205234,76.3696,-68.531,0.47
RGI60-05.07743,205235,76.3734,-68.5781,0.545
RGI60-05.07744,205236,76.3555,-68.8323,0.271
RGI60-05.07745,205237,76.3717,-68.6701,0.237
RGI60-05.07746,205238,76.3816,-68.6572,0.197
RGI60-05.07747,205239,76.3525,-68.8694,0.316
RGI60-05.07748,205240,76.3757,-68.7574,0.076
RGI60-05.07749,205241,76.3673,-68.9777,0.135
RGI60-05.07750,205242,76.3655,-68.9951,0.155
RGI60-05.07751,205243,76.371,-68.9802,0.077
RGI60-05.07752,205244,76.3813,-68.7835,0.413
RGI60-05.07753,205245,76.396,-68.8145,0.756
RGI60-05.07754,205246,76.4055,-68.7925,0.181
RGI60-05.07755,205247,76.8189,-67.0621,0.07
RGI60-05.07756,205248,76.3705,-68.8259,2.674
RGI60-05.07757,205249,76.3822,-68.8827,0.058
RGI60-05.07758,205250,76.3849,-68.8693,0.178
RGI60-05.07759,205251,76.3755,-68.9403,0.337
RGI60-05.07760,205252,76.3756,-68.9969,0.132
RGI60-05.07761,205253,76.5237,-67.5692,0.217
RGI60-05.07762,205254,76.5669,-67.2417,0.306
RGI60-05.07763,205255,76.4065,-68.7348,0.846
RGI60-05.07764,205256,76.3871,-68.9893,0.067
RGI60-05.07765,205257,76.5631,-67.2206,0.188
RGI60-05.07766,205258,76.5657,-67.2002,0.161
RGI60-05.07767,4244,76.4063,-68.6626,4.148
RGI60-05.07768,205259,76.391,-68.6984,0.121
RGI60-05.07769,205260,76.5825,-67.0969,0.366
RGI60-05.07770,205261,76.4539,-68.6178,0.154
RGI60-05.07771,205262,76.5489,-67.8292,0.135
RGI60-05.07773,205263,76.4485,-70.0103,0.544
RGI60-05.07775,205264,76.0342,-67.3248,2.213
RGI60-05.07776,205265,76.6888,-67.7081,0.417
RGI60-05.07777,205266,76.5308,-68.2073,0.095
RGI60-05.07778,205267,76.5681,-67.8827,0.055
RGI60-05.07779,205268,76.568,-67.8592,0.433
RGI60-05.07780,205269,76.5641,-67.9285,0.115
RGI60-05.07781,205270,76.5548,-68.0336,0.055
RGI60-05.07782,205271,76.6984,-67.6221,0.106
RGI60-05.07783,205272,76.5601,-67.9015,0.598
RGI60-05.07784,205273,76.562,-67.9901,0.218
RGI60-05.07785,205274,76.559,-68.0489,0.068
RGI60-05.07788,205275,76.0456,-67.4629,2.121
RGI60-05.07789,205276,76.6159,-67.466,0.075
RGI60-05.07790,205277,76.6607,-67.1846,0.17
RGI60-05.07791,205278,76.6418,-67.4758,0.073
RGI60-05.07792,205279,76.6686,-67.1762,0.151
RGI60-05.07793,205280,76.6473,-67.4652,0.063
RGI60-05.07794,205281,76.037,-67.3892,2.446
RGI60-05.07795,205282,76.0255,-67.2266,5.375
RGI60-05.07796,205283,76.0211,-67.1633,0.803
RGI60-05.07797,205284,76.0182,-67.1913,0.136
RGI60-05.07798,205285,76.0153,-67.1328,1.84
RGI60-05.07799,205286,76.6418,-67.5588,0.077
RGI60-05.07800,205287,76.661,-67.3649,0.1
RGI60-05.07801,205288,75.9982,-66.7743,17.871
RGI60-05.07803,205289,75.9989,-66.894,0.068
RGI60-05.07804,205290,76.6669,-67.3506,0.111
RGI60-05.07805,205291,76.6894,-67.1565,0.066
RGI60-05.07806,205292,76.6836,-67.3613,0.091
RGI60-05.07807,205293,76.0113,-67.0494,10.878
RGI60-05.07809,205294,75.9944,-66.9755,1.494
RGI60-05.07810,205295,76.4333,-69.9822,0.092
RGI60-05.07811,205296,76.439,-69.965,0.171
RGI60-05.07812,205297,75.9754,-66.6345,8.011
RGI60-05.07813,205298,75.9874,-66.9242,2.204
RGI60-05.07814,205299,75.9808,-66.8876,0.567
RGI60-05.07815,205300,75.9743,-66.7577,7.041
RGI60-05.07816,205301,75.9598,-66.5688,2.045
RGI60-05.07817,205302,75.9599,-66.6606,0.276
RGI60-05.07818,205303,75.9539,-66.6118,0.472
RGI60-05.07819,205304,76.6731,-67.7465,0.158
RGI60-05.07820,205305,76.4369,-70.0607,0.078
RGI60-05.07821,205306,76.7216,-67.2756,0.217
RGI60-05.07822,205307,76.727,-67.2648,0.179
RGI60-05.07823,205308,76.4428,-70.1399,0.063
RGI60-05.07824,205309,76.525,-68.2216,0.068
RGI60-05.07825,205310,76.5418,-68.0504,0.178
RGI60-05.07826,205311,76.5671,-67.8173,0.106
RGI60-05.07827,205312,76.5621,-67.8838,0.052
RGI60-05.07828,205313,76.6998,-67.6817,0.445
RGI60-05.07829,205314,76.7338,-67.3502,0.081
RGI60-05.07830,205315,76.7354,-67.3407,0.178
RGI60-05.07831,205316,76.742,-67.3028,0.157
RGI60-05.07832,205317,76.7388,-67.2932,0.083
RGI60-05.07833,205318,76.7391,-67.3222,0.442
RGI60-05.07834,205319,76.7475,-67.2761,0.2
RGI60-05.07835,205320,76.7103,-67.7586,0.197
RGI60-05.07836,205321,76.803,-67.1866,0.501
RGI60-05.07837,205322,77.2058,-69.3036,0.059
RGI60-05.07838,205323,77.2655,-68.7306,0.057
RGI60-05.07839,205324,77.2624,-68.4934,13.285
RGI60-05.07840,205325,77.316,-68.1978,0.07
RGI60-05.07841,205326,77.2084,-69.6331,0.061
RGI60-05.07842,205327,76.9489,-69.2237,0.089
RGI60-05.07843,205328,76.9922,-68.7881,0.086
RGI60-05.07844,205329,77.0725,-67.0672,0.068
RGI60-05.07845,205330,77.1298,-67.3031,0.09
RGI60-05.07846,205331,77.1308,-67.3284,0.164
RGI60-05.07847,205332,77.1131,-67.5833,0.121
RGI60-05.07848,205333,76.9777,-69.5228,0.064
RGI60-05.07849,205334,76.9702,-69.8992,0.062
RGI60-05.07850,205335,77.0503,-70.0379,0.061
RGI60-05.07851,205336,77.4069,-66.3072,0.095
RGI60-05.07852,205337,77.0877,-69.784,0.05
RGI60-05.07853,205338,77.3415,-68.2697,0.265
RGI60-05.07854,205339,77.3161,-67.8041,148.642
RGI60-05.07855,205340,77.0732,-67.0399,0.056
RGI60-05.07856,205341,76.8233,-67.0449,0.292
RGI60-05.07857,205342,76.8319,-66.8925,2.358
RGI60-05.07858,205343,76.7883,-67.4757,0.466
RGI60-05.07859,205344,76.7885,-67.4986,0.061
RGI60-05.07860,205345,76.7957,-67.4888,0.11
RGI60-05.07861,205346,76.6919,-68.5623,0.177
RGI60-05.07862,205347,76.733,-68.8235,0.177
RGI60-05.07863,205348,76.7345,-69.118,0.323
RGI60-05.07864,205349,76.9769,-66.9337,0.054
RGI60-05.07865,205350,76.7645,-69.2124,0.183
RGI60-05.07866,205351,76.9862,-66.939,0.071
RGI60-05.07867,205352,76.9837,-66.9952,0.05
RGI60-05.07868,205353,76.8093,-69.2181,0.068
RGI60-05.07869,205354,77.0401,-66.8388,0.108
RGI60-05.07870,205355,77.0382,-66.8605,0.102
RGI60-05.07871,205356,76.7943,-69.4212,0.23
RGI60-05.07872,205357,77.0412,-66.899,0.455
RGI60-05.07873,205358,76.8106,-69.5073,0.265
RGI60-05.07874,205359,76.8108,-69.5328,0.149
RGI60-05.07875,205360,76.8137,-69.4427,1.739
RGI60-05.07876,205361,76.7924,-69.7861,0.253
RGI60-05.07877,205362,76.8248,-69.5885,0.07
RGI60-05.07878,205363,77.0715,-66.8858,2.247
RGI60-05.07879,205364,76.8109,-69.6528,0.565
RGI60-05.07880,205365,76.8185,-69.6237,0.147
RGI60-05.07881,205366,76.8315,-69.5354,0.605
RGI60-05.07882,205367,77.0683,-67.1516,0.064
RGI60-05.07883,205368,77.0792,-67.049,0.059
RGI60-05.07884,205369,77.0817,-67.0177,0.24
RGI60-05.07885,205370,77.1206,-67.0634,0.428
RGI60-05.07886,205371,77.0792,-67.086,0.241
RGI60-05.07887,205372,76.8493,-69.4876,0.213
RGI60-05.07888,205373,77.0951,-66.9491,1.471
RGI60-05.07889,205374,77.0768,-67.2157,0.12
RGI60-05.07890,205375,77.1091,-66.8726,0.558
RGI60-05.07891,205376,77.2396,-65.3871,0.086
RGI60-05.07892,205377,77.1068,-66.9419,0.086
RGI60-05.07893,205378,76.8239,-69.7276,7.007
RGI60-05.07894,205379,76.816,-69.9101,0.376
RGI60-05.07895,205380,76.828,-69.8469,0.43
RGI60-05.07896,205381,77.1159,-67.1538,0.086
RGI60-05.07897,205382,76.8444,-69.7228,0.717
RGI60-05.07898,205383,76.8324,-69.8747,0.077
RGI60-05.07899,205384,77.1148,-66.9834,0.071
RGI60-05.07900,205385,76.903,-69.1986,0.426
RGI60-05.07901,205386,77.1105,-67.01,0.697
RGI60-05.07902,205387,77.1177,-67.0105,0.052
RGI60-05.07903,205388,77.1153,-67.0407,0.112
RGI60-05.07904,205389,76.8495,-69.7981,0.188
RGI60-05.07905,205390,76.841,-69.9094,0.607
RGI60-05.07906,205391,76.875,-69.8333,0.127
RGI60-05.07907,205392,76.8474,-69.8884,0.367
RGI60-05.07908,205393,76.8535,-69.8753,0.086
RGI60-05.07909,205394,77.1146,-67.2325,0.278
RGI60-05.07910,205395,77.1138,-67.3126,0.096
RGI60-05.07911,205396,77.1304,-67.1327,0.078
RGI60-05.07912,205397,76.9807,-68.7175,0.056
RGI60-05.07913,205398,77.1208,-67.2822,0.222
RGI60-05.07914,205399,76.9846,-68.7449,0.089
RGI60-05.07915,205400,77.1315,-67.2814,0.211
RGI60-05.07916,205401,77.1121,-67.5251,0.124
RGI60-05.07917,205402,77.1019,-67.1488,11.383
RGI60-05.07918,205403,76.9902,-68.7127,0.058
RGI60-05.07919,205404,76.9972,-68.7806,0.254
RGI60-05.07920,205405,77.1182,-67.5805,0.117
RGI60-05.07921,205406,76.8473,-70.318,0.093
RGI60-05.07922,205407,77.0081,-68.7539,0.371
RGI60-05.07923,205408,77.0147,-68.7356,0.061
RGI60-05.07924,205409,76.8586,-70.2566,0.059
RGI60-05.07925,205410,77.085,-68.0232,0.055
RGI60-05.07926,205411,76.9574,-69.3177,0.108
RGI60-05.07927,205412,77.0159,-68.7663,0.073
RGI60-05.07928,205413,76.866,-70.2354,0.067
RGI60-05.07929,205414,76.9626,-69.3515,0.052
RGI60-05.07930,205415,77.1233,-67.711,0.08
RGI60-05.07931,205416,77.0983,-67.9824,0.078
RGI60-05.07932,205417,77.1158,-67.8205,0.128
RGI60-05.07933,205418,77.1207,-67.7949,0.055
RGI60-05.07934,205419,77.1237,-67.8156,0.059
RGI60-05.07935,205420,76.8969,-70.0909,0.051
RGI60-05.07936,205421,77.1026,-68.1019,0.064
RGI60-05.07937,205422,76.9676,-69.4334,0.358
RGI60-05.07938,205423,76.9517,-69.6851,0.308
RGI60-05.07939,205424,77.1104,-68.1403,0.122
RGI60-05.07940,205425,76.9215,-70.0543,0.054
RGI60-05.07941,205426,77.1087,-68.1689,0.159
RGI60-05.07942,205427,77.078,-68.5148,0.064
RGI60-05.07943,205428,76.9598,-69.6727,0.228
RGI60-05.07944,205429,77.1024,-68.2621,0.068
RGI60-05.07945,205430,76.9771,-69.6134,0.056
RGI60-05.07946,205431,76.8824,-70.5649,0.515
RGI60-05.07947,205432,76.8743,-70.7098,0.156
RGI60-05.07948,205433,76.8836,-70.6868,0.185
RGI60-05.07949,205434,76.9536,-69.5663,16.623
RGI60-05.07950,205435,76.8859,-70.5275,0.105
RGI60-05.07951,205436,76.8794,-70.6123,0.15
RGI60-05.07952,205437,76.9716,-69.9229,0.059
RGI60-05.07953,205438,76.8932,-70.6723,0.068
RGI60-05.07954,205439,76.9891,-69.807,0.104
RGI60-05.07955,205440,76.9105,-70.5851,0.316
RGI60-05.07956,205441,76.9446,-70.4336,0.106
RGI60-05.07957,205442,77.1343,-68.7098,0.054
RGI60-05.07958,205443,76.9442,-70.5375,0.367
RGI60-05.07959,205444,77.0258,-69.8857,0.053
RGI60-05.07960,205445,77.1402,-68.7483,0.164
RGI60-05.07961,205446,77.1597,-68.7433,0.11
RGI60-05.07962,205447,77.1599,-68.7665,0.07
RGI60-05.07963,205448,77.173,-68.9849,0.553
RGI60-05.07964,205449,77.3286,-66.7212,7.45
RGI60-05.07965,205450,77.0854,-69.6072,0.079
RGI60-05.07966,205451,77.4025,-66.2665,0.055
RGI60-05.07967,205452,77.3941,-66.2897,1.268
RGI60-05.07968,205453,76.9939,-70.8116,0.182
RGI60-05.07969,205454,77.3418,-67.3866,0.255
RGI60-05.07970,205455,77.0086,-70.9868,0.266
RGI60-05.07971,205456,77.3026,-68.1537,0.068
RGI60-05.07972,205457,77.1953,-69.32,0.64
RGI60-05.07973,205458,77.017,-71.0459,0.065
RGI60-05.07974,205459,77.3113,-68.1667,0.106
RGI60-05.07975,205460,77.1956,-69.3762,0.222
RGI60-05.07976,205461,77.0455,-70.845,0.306
RGI60-05.07977,205462,77.2706,-68.7132,0.085
RGI60-05.07978,205463,77.1972,-69.4625,0.146
RGI60-05.07979,205464,77.2792,-68.6508,0.703
RGI60-05.07980,205465,77.2001,-69.4976,0.082
RGI60-05.07981,205466,77.0589,-71.0733,0.236
RGI60-05.07982,205467,77.0307,-70.9927,6.765
RGI60-05.07983,205468,77.0373,-71.2814,0.337
RGI60-05.07984,205469,77.0587,-71.1153,0.449
RGI60-05.07985,205470,77.5048,-66.2798,0.734
RGI60-05.07986,205471,77.5019,-66.3523,0.3
RGI60-05.07987,205472,77.3327,-68.2845,0.087
RGI60-05.07988,205473,77.35,-68.143,0.188
RGI60-05.07989,205474,77.0362,-71.2419,2.593
RGI60-05.07990,205475,77.3349,-68.4895,0.112
RGI60-05.07991,205476,77.1947,-69.9195,0.116
RGI60-05.07992,205477,77.2064,-70.0179,0.113
RGI60-05.07993,205478,77.5985,-65.419,4.074
RGI60-05.07994,205479,77.0537,-71.2709,0.174
RGI60-05.07995,205480,77.1212,-70.6669,0.116
RGI60-05.07996,205481,77.059,-71.2626,0.294
RGI60-05.07997,205482,77.0626,-71.2565,0.071
RGI60-05.07998,205483,77.0641,-71.2417,0.153
RGI60-05.07999,205484,77.6031,-65.6206,14.585
RGI60-05.08000,205485,77.1318,-70.8659,0.464
RGI60-05.08001,205486,77.1161,-71.1252,0.235
RGI60-05.08002,205487,77.1813,-70.5625,0.068
RGI60-05.08003,205488,77.1863,-70.549,0.187
RGI60-05.08004,205489,77.6837,-67.4563,0.064
RGI60-05.08005,205490,77.5223,-69.1616,46.234
RGI60-05.08006,205491,77.2278,-70.1784,0.077
RGI60-05.08007,205492,77.1267,-70.9678,0.832
RGI60-05.08008,205493,77.1293,-71.0071,0.929
RGI60-05.08009,205494,77.1907,-70.5305,0.26
RGI60-05.08010,205495,77.1352,-71.0982,0.087
RGI60-05.08011,205496,77.2045,-70.5436,0.053
RGI60-05.08012,205497,77.2183,-70.4162,0.161
RGI60-05.08013,205498,77.2021,-70.4671,6.037
RGI60-05.08014,205499,77.216,-70.3471,1.111
RGI60-05.08015,205500,77.1825,-69.9648,22.233
RGI60-05.08016,205501,77.7713,-69.3131,0.227
RGI60-05.08017,205502,77.2042,-69.8526,6.111
RGI60-05.08018,205503,77.2121,-70.2957,2.096
RGI60-05.08019,205504,77.8455,-69.7881,0.072
RGI60-05.08020,205505,77.2217,-70.121,8.363
RGI60-05.08021,205506,77.8499,-69.758,0.122
RGI60-05.08022,205507,77.1949,-69.7401,11.862
RGI60-05.08023,205508,77.2051,-69.6903,0.153
RGI60-05.08024,205509,77.1722,-69.5747,26.001
RGI60-05.08025,205510,77.1403,-70.3632,123.307
RGI60-05.08026,205511,77.1253,-70.9279,2.852
RGI60-05.08027,205512,77.8933,-69.4551,0.134
RGI60-05.08028,205513,77.122,-68.9872,56.697
RGI60-05.08029,205514,77.0916,-70.1016,137.897
RGI60-05.08030,205515,77.0788,-70.3381,0.285
RGI60-05.08031,205516,77.0512,-68.5589,0.21
RGI60-05.08032,205517,77.7968,-70.7349,0.065
RGI60-05.08033,205518,77.0621,-69.4434,54.946
RGI60-05.08034,205519,76.9034,-70.5947,0.162
RGI60-05.08035,205520,77.0282,-68.3163,153.262
RGI60-05.08036,205521,77.807,-70.6432,0.051
RGI60-05.08037,205522,76.9941,-69.9944,14.867
RGI60-05.08038,205523,76.9561,-69.4225,0.33
RGI60-05.08039,205524,77.1979,-69.4241,0.912
RGI60-05.08040,205525,76.9765,-70.6833,11.273
RGI60-05.08041,205526,76.9672,-68.7804,440.14
RGI60-05.08042,205527,77.0922,-70.7216,28.342
RGI60-05.08043,205528,77.1096,-70.6601,1.818
RGI60-05.08044,205529,77.0406,-70.7686,98.008
RGI60-05.08045,205530,76.9159,-70.411,16.111
RGI60-05.08046,205531,76.9083,-70.5344,3.451
RGI60-05.08047,205532,76.9763,-70.2934,46.724
RGI60-05.08048,205533,76.9445,-70.1436,20.156
RGI60-05.08049,205534,76.8962,-70.6038,0.752
RGI60-05.08050,205535,77.116,-69.6354,93.08
RGI60-05.08051,205536,76.9486,-69.367,5.471
RGI60-05.08052,205537,76.9054,-70.2139,31.738
RGI60-05.08053,205538,76.8704,-70.4441,34.931
RGI60-05.08054,205539,76.8639,-67.5921,515.711
RGI60-05.08055,205540,76.8426,-69.0994,124.712
RGI60-05.08056,205541,76.9342,-69.2152,0.614
RGI60-05.08057,205542,76.8049,-68.5028,395.374
RGI60-05.08058,205543,76.9804,-70.1152,3.194
RGI60-05.08059,205544,77.0156,-70.0662,9.556
RGI60-05.08060,205545,77.0211,-69.928,2.641
RGI60-05.08061,205546,77.5669,-68.2978,0.081
RGI60-05.08062,205547,77.0013,-69.8733,8.254
RGI60-05.08063,205548,77.5639,-68.1827,19.988
RGI60-05.08064,205549,77.6585,-67.4296,0.121
RGI60-05.08065,205550,77.1557,-69.3221,47.795
RGI60-05.08066,205551,77.596,-68.1482,0.068
RGI60-05.08067,205552,77.0734,-68.7566,75.164
RGI60-05.08068,205553,77.1512,-69.1284,24.529
RGI60-05.08069,205554,77.2143,-69.8046,1.652
RGI60-05.08070,205555,77.0021,-67.0993,75.064
RGI60-05.08071,205556,77.0388,-67.4789,225.884
RGI60-05.08072,205557,77.7139,-67.0891,0.057
RGI60-05.08074,205558,77.0434,-67.9122,141.397
RGI60-05.08075,205559,77.0087,-70.4769,27.766
RGI60-05.08076,205560,77.5405,-68.2822,0.057
RGI60-05.08077,205561,77.6836,-67.4799,0.189
RGI60-05.08078,205562,77.5375,-69.4032,0.059
RGI60-05.08079,205563,77.6538,-68.306,0.062
RGI60-05.08080,205564,77.3212,-71.7825,0.464
RGI60-05.08081,205565,77.3192,-71.9367,0.068
RGI60-05.08082,205566,77.692,-68.2924,0.108
RGI60-05.08083,205567,77.4327,-70.6638,28.539
RGI60-05.08084,205568,77.4143,-71.9464,0.191
RGI60-05.08085,205569,77.324,-72.0556,0.287
RGI60-05.08086,205570,77.3315,-72.0177,0.071
RGI60-05.08087,205571,77.7139,-68.2826,0.051
RGI60-05.08088,205572,77.588,-69.6877,0.05
RGI60-05.08089,205573,77.5863,-70.0047,0.083
RGI60-05.08090,205574,77.6008,-69.9258,0.095
RGI60-05.08091,205575,77.6345,-69.7077,0.064
RGI60-05.08092,205576,77.6315,-69.7377,0.054
RGI60-05.08093,205577,77.3757,-72.1977,0.514
RGI60-05.08094,205578,77.4127,-72.1328,0.052
RGI60-05.08095,205579,77.6324,-69.3719,30.428
RGI60-05.08096,205580,77.4302,-72.1127,0.496
RGI60-05.08097,205581,77.622,-69.6301,21.334
RGI60-05.08098,205582,77.7366,-69.287,0.08
RGI60-05.08099,205583,77.7361,-69.3508,0.155
RGI60-05.08100,205584,77.7902,-68.9022,0.071
RGI60-05.08102,205585,77.6436,-69.1745,9.574
RGI60-05.08103,205586,77.601,-69.0859,72.794
RGI60-05.08104,205587,77.605,-68.8314,9.689
RGI60-05.08105,205588,77.4282,-72.3634,0.305
RGI60-05.08106,205589,77.5808,-69.4664,53.382
RGI60-05.08107,205590,77.3823,-71.6199,0.131
RGI60-05.08108,205591,77.5597,-68.9777,29.007
RGI60-05.08109,205592,77.528,-68.7202,3.806
RGI60-05.08110,205593,77.5141,-68.9608,17.499
RGI60-05.08111,205594,77.5837,-68.8498,6.566
RGI60-05.08112,205595,77.5877,-68.7246,0.638
RGI60-05.08113,205596,77.7814,-68.2808,0.068
RGI60-05.08114,205597,77.3302,-71.9569,0.254
RGI60-05.08115,205598,77.3568,-71.9332,16.203
RGI60-05.08116,205599,77.421,-72.2179,18.611
RGI60-05.08117,205600,77.4077,-72.4112,4.858
RGI60-05.08118,205601,77.3982,-72.0713,13.939
RGI60-05.08119,205602,77.4022,-71.9053,6.633
RGI60-05.08120,205603,77.7448,-69.3638,0.224
RGI60-05.08121,205604,77.4101,-71.8298,0.798
RGI60-05.08122,205605,77.3838,-72.2758,8.163
RGI60-05.08123,205606,77.7497,-69.3658,0.121
RGI60-05.08124,205607,77.7533,-69.3607,0.059
RGI60-05.08125,205608,77.7922,-68.9397,0.109
RGI60-05.08126,205609,77.7564,-69.3721,0.083
RGI60-05.08127,205610,77.8016,-68.9576,0.062
RGI60-05.08128,205611,77.3996,-71.7699,2.867
RGI60-05.08129,205612,77.3809,-71.7403,14.701
RGI60-05.08130,205613,77.3912,-72.1289,1.642
RGI60-05.08131,205614,77.3692,-72.0625,6.254
RGI60-05.08132,205615,77.3648,-71.6433,8.171
RGI60-05.08133,205616,77.3461,-71.8921,0.18
RGI60-05.08134,205617,77.3403,-71.8608,0.555
RGI60-05.08135,205618,77.3405,-71.8286,0.452
RGI60-05.08136,205619,77.3404,-71.7262,6.551
RGI60-05.08137,205620,77.7633,-69.5927,0.802
RGI60-05.08138,205621,77.722,-70.1019,0.074
RGI60-05.08139,205622,77.8281,-69.0389,0.074
RGI60-05.08140,205623,77.7743,-69.6053,0.166
RGI60-05.08141,205624,77.8043,-69.4844,0.11
RGI60-05.08142,205625,77.8141,-69.513,0.141
RGI60-05.08143,205626,77.8183,-69.5397,0.057
RGI60-05.08144,205627,77.8113,-69.6796,0.073
RGI60-05.08145,205628,77.8219,-70.6129,0.575
RGI60-05.08146,205629,77.8964,-69.935,0.065
RGI60-05.08147,205630,77.8066,-69.6214,3.563
RGI60-05.08148,205631,77.8245,-69.6152,0.17
RGI60-05.08149,205632,77.8276,-69.5614,0.397
RGI60-05.08150,205633,77.8267,-69.8296,0.159
RGI60-05.08151,205634,77.7705,-69.9474,70.934
RGI60-05.08152,205635,77.8391,-69.7602,0.087
RGI60-05.08153,205636,77.816,-70.0396,0.278
RGI60-05.08154,205637,77.8165,-70.0829,0.058
RGI60-05.08155,205638,77.9168,-69.7103,0.459
RGI60-05.08156,205639,77.7994,-70.8941,0.901
RGI60-05.08157,205640,77.8046,-70.8943,0.236
RGI60-05.08158,205641,77.8291,-70.6844,0.086
RGI60-05.08159,205642,77.8677,-70.4838,2.398
RGI60-05.08160,205643,77.8074,-71.1803,0.051
RGI60-05.08161,205644,77.8103,-71.1644,0.068
RGI60-05.08162,205645,77.8675,-70.6313,0.05
RGI60-05.08163,205646,77.8775,-70.059,16.473
RGI60-05.08164,205647,77.8114,-70.8995,0.052
RGI60-05.08165,205648,77.7971,-71.1295,0.082
RGI60-05.08166,205649,77.8988,-70.2018,0.091
RGI60-05.08167,205650,77.8991,-70.2222,0.249
RGI60-05.08168,205651,80.5265,-64.3979,0.257
RGI60-05.08169,205652,77.8043,-71.258,0.216
RGI60-05.08170,205653,77.8658,-70.6595,0.107
RGI60-05.08171,205654,77.8728,-70.6364,0.06
RGI60-05.08172,205655,77.8892,-70.4786,0.109
RGI60-05.08173,205656,77.8128,-71.2308,0.089
RGI60-05.08174,205657,77.8214,-71.2146,0.138
RGI60-05.08175,205658,77.8285,-71.2108,0.056
RGI60-05.08176,205659,77.8282,-71.2226,0.085
RGI60-05.08177,205660,77.8208,-71.2547,0.634
RGI60-05.08178,205661,77.8441,-71.1149,0.05
RGI60-05.08179,205662,80.0031,-64.0821,0.249
RGI60-05.08180,205663,77.8504,-71.0987,2.047
RGI60-05.08181,205664,77.9093,-70.5856,4.182
RGI60-05.08182,205665,77.8478,-70.6412,26.957
RGI60-05.08183,205666,77.8919,-70.9047,1.101
RGI60-05.08184,205667,77.9594,-70.9656,0.279
RGI60-05.08185,205668,77.9646,-70.9332,0.078
RGI60-05.08186,205669,77.9576,-71.0772,0.061
RGI60-05.08188,205670,77.8329,-71.1034,7.153
RGI60-05.08189,205671,77.8159,-71.1335,4.606
RGI60-05.08190,205672,77.8174,-70.7123,7.058
RGI60-05.08191,205673,77.823,-70.9353,16.335
RGI60-05.08192,205674,77.9171,-70.7197,1.031
RGI60-05.08193,205675,77.8927,-70.6283,9.754
RGI60-05.08194,205676,77.8739,-70.6708,0.063
RGI60-05.08195,205677,77.8494,-70.9577,16.921
RGI60-05.08196,205678,77.8801,-71.4037,0.058
RGI60-05.08199,205679,77.9378,-70.9719,0.059
RGI60-05.08200,205680,77.9679,-70.7141,0.103
RGI60-05.08201,205681,77.8853,-71.5227,0.302
RGI60-05.08202,205682,80.0366,-63.9996,0.152
RGI60-05.08203,205683,77.9716,-70.9537,0.583
RGI60-05.08204,205684,77.9798,-70.9717,0.089
RGI60-05.08205,205685,77.9843,-70.9655,0.06
RGI60-05.08206,205686,77.9405,-71.4647,0.092
RGI60-05.08209,205687,77.927,-71.838,0.262
RGI60-05.08211,205688,77.9888,-71.4812,0.05
RGI60-05.08212,205689,77.9452,-72.1725,0.054
RGI60-05.08213,205690,80.6696,-61.782,0.096
RGI60-05.08214,205691,77.9697,-71.2933,0.111
RGI60-05.08215,205692,77.919,-71.8346,0.248
RGI60-05.08216,205693,77.9176,-71.8706,0.192
RGI60-05.08217,205694,77.9501,-72.1471,0.238
RGI60-05.08218,205695,77.9493,-72.1868,0.056
RGI60-05.08219,205696,77.9706,-72.0779,1.778
RGI60-05.08220,205697,78.015,-72.0152,0.056
RGI60-05.08222,205698,78.0788,-72.5046,0.174
RGI60-05.08223,205699,78.0863,-72.5094,0.174
RGI60-05.08224,205700,78.0833,-72.5425,0.068
RGI60-05.08225,205701,80.529,-64.455,0.097
RGI60-05.08226,205702,77.9872,-72.1448,1.381
RGI60-05.08227,205703,78.0963,-72.5075,0.265
RGI60-05.08229,205704,77.9856,-72.1039,0.993
RGI60-05.08231,205705,78.0986,-72.6283,0.651
RGI60-05.08232,205706,78.1411,-72.4305,0.055
RGI60-05.08233,205707,78.2193,-72.413,0.58
RGI60-05.08234,205708,78.2088,-72.5704,0.16
RGI60-05.08235,205709,78.0065,-72.1998,0.061
RGI60-05.08236,205710,78.064,-72.2757,0.078
RGI60-05.08237,205711,78.111,-72.6065,6.503
RGI60-05.08238,205712,78.1632,-72.4626,0.155
RGI60-05.08239,205713,78.1859,-72.5347,0.133
RGI60-05.08240,205714,78.1985,-72.4998,0.47
RGI60-05.08241,205715,78.2106,-72.4355,0.064
RGI60-05.08242,205716,80.1283,-61.281,0.071
RGI60-05.08243,205717,80.0981,-61.3965,38.089
RGI60-05.08244,205718,78.2158,-72.4404,0.626
RGI60-05.08245,205719,78.2182,-72.5393,0.084
RGI60-05.08246,205720,78.2144,-72.573,0.091
RGI60-05.08247,205721,78.2277,-72.4621,0.177
RGI60-05.08248,205722,78.2316,-72.5107,0.53
RGI60-05.08249,205723,78.2397,-72.5444,0.095
RGI60-05.08250,205724,78.2298,-72.6815,0.087
RGI60-05.08251,205725,79.9871,-63.4238,0.053
RGI60-05.08252,205726,80.1253,-61.2513,0.095
RGI60-05.08253,205727,80.0456,-63.9541,1.112
RGI60-05.08254,205728,80.0095,-63.5992,90.492
RGI60-05.08255,205729,80.0537,-63.8308,6.147
RGI60-05.08256,205730,80.056,-63.5439,34.313
RGI60-05.08257,205731,80.2267,-63.8038,0.741
RGI60-05.08258,205732,80.6067,-59.228,0.282
RGI60-05.08259,205733,80.2449,-63.8479,14.986
RGI60-05.08260,205734,80.5572,-59.0188,0.069
RGI60-05.08261,205735,80.3143,-64.4871,2.118
RGI60-05.08262,205736,80.2747,-64.6571,28.48
RGI60-05.08263,205737,80.2029,-64.7846,78.544
RGI60-05.08264,205738,80.3599,-64.247,1.612
RGI60-05.08265,205739,80.6245,-59.2971,3.678
RGI60-05.08266,205740,80.4898,-62.2193,6.451
RGI60-05.08267,205741,80.1819,-65.8261,193.321
RGI60-05.08268,205742,80.669158936,-61.301895142,0.082
RGI60-05.08269,205743,80.6309,-62.3053,0.15
RGI60-05.08270,205744,80.5155,-62.0961,2.924
RGI60-05.08271,205745,80.5891,-61.028,0.296
RGI60-05.08272,205746,80.6805,-59.0488,0.125
RGI60-05.08273,205747,80.3302,-65.8631,1.149
RGI60-05.08274,205748,80.5956,-61.3404,0.325
RGI60-05.08275,205749,80.6042,-61.1989,2.13
RGI60-05.08276,205750,80.3282,-66.1128,1.953
RGI60-05.08277,205751,80.3183,-65.9968,2.689
RGI60-05.08278,205752,80.4854,-63.6947,0.095
RGI60-05.08279,205753,80.4042,-63.4006,124.196
RGI60-05.08280,205754,80.656,-61.7372,0.77
RGI60-05.08281,205755,80.6369,-62.3539,0.139
RGI60-05.08282,205756,80.3521,-65.9918,5.729
RGI60-05.08283,205757,80.532,-63.8089,0.086
RGI60-05.08284,205758,80.498,-64.0585,24.596
RGI60-05.08285,205759,80.5209,-64.0664,0.056
RGI60-05.08286,205760,80.5341,-63.87,1.088
RGI60-05.08287,205761,80.6669,-61.3483,0.136
RGI60-05.08288,205762,80.6834,-61.3481,3.675
RGI60-05.08289,205763,80.6722,-61.3984,0.337
RGI60-05.08290,205764,80.6861,-61.5009,0.121
RGI60-05.08291,205765,80.398,-65.7945,24.304
RGI60-05.08292,205766,80.626,-62.9524,0.071
RGI60-05.08293,205767,80.6338,-62.9805,0.821
RGI60-05.08294,205768,80.627,-62.6863,5.906
RGI60-05.08295,205769,80.659,-62.3064,0.331
RGI60-05.08296,205770,80.7815,-59.7693,0.093
RGI60-05.08297,205771,80.7833,-59.8,0.057
RGI60-05.08298,205772,80.7836,-59.7896,0.053
RGI60-05.08299,205773,80.6403,-62.8246,0.901
RGI60-05.08300,205774,80.7137,-61.4428,2.285
RGI60-05.08301,205775,80.7097,-61.7914,0.097
RGI60-05.08302,205776,80.597,-63.9253,1.481
RGI60-05.08303,205777,80.7286,-61.4368,0.554
RGI60-05.08304,205778,80.685,-61.6668,1.097
RGI60-05.08305,205779,80.6884,-61.8034,9.394
RGI60-05.08306,205780,80.7175,-61.8737,0.081
RGI60-05.08307,205781,80.7355,-61.467,0.106
RGI60-05.08308,205782,80.6595,-63.4933,0.341
RGI60-05.08309,205783,80.6725,-62.067,35.526
RGI60-05.08310,205784,80.7062,-61.6487,21.009
RGI60-05.08311,205785,80.7038,-62.6867,0.531
RGI60-05.08312,205786,80.839,-59.9181,0.071
RGI60-05.08313,205787,80.6739,-63.467,0.05
RGI60-05.08314,205788,80.6612,-63.7363,0.315
RGI60-05.08315,205789,80.6756,-63.5131,0.22
RGI60-05.08316,205790,80.6715,-63.5931,0.2
RGI60-05.08317,205791,80.6625,-63.6554,2.761
RGI60-05.08318,205792,80.5984,-65.0303,0.06
RGI60-05.08319,205793,80.7525,-62.203,0.068
RGI60-05.08320,205794,80.6316,-65.0648,0.079
RGI60-05.08321,205795,80.6824,-63.7502,0.222
RGI60-05.08322,205796,80.6529,-64.5098,0.057
RGI60-05.08323,205797,80.7307,-62.6435,18.991
RGI60-05.08324,205798,80.7238,-63.3891,0.322
RGI60-05.08325,205799,81.1537,-51.1144,0.11
RGI60-05.08326,205800,80.7303,-63.5215,0.053
RGI60-05.08327,205801,80.7678,-62.6913,3.577
RGI60-05.08328,205802,80.7317,-63.6604,0.059
RGI60-05.08329,205803,81.1739,-51.3142,0.082
RGI60-05.08330,205804,80.84,-61.7314,0.802
RGI60-05.08331,205805,80.849,-61.6579,0.24
RGI60-05.08332,205806,80.8482,-61.7808,0.054
RGI60-05.08333,205807,81.1356,-54.5047,0.056
RGI60-05.08334,205808,80.7968,-63.3911,0.149
RGI60-05.08335,205809,80.7266,-64.611,0.093
RGI60-05.08336,205810,81.2163,-51.9263,0.156
RGI60-05.08337,205811,81.1631,-54.5362,0.083
RGI60-05.08338,205812,80.959,-60.5575,0.06
RGI60-05.08339,205813,80.8438,-63.0133,0.051
RGI60-05.08340,205814,81.1679,-54.7141,0.168
RGI60-05.08341,205815,80.8481,-63.0519,0.069
RGI60-05.08342,205816,81.1718,-54.7729,0.156
RGI60-05.08343,205817,81.1796,-54.6576,0.127
RGI60-05.08344,205818,81.2336,-53.6412,0.068
RGI60-05.08345,205819,81.1885,-55.4673,0.262
RGI60-05.08346,205820,81.1807,-55.8416,0.366
RGI60-05.08347,205821,80.9107,-63.2862,0.405
RGI60-05.08348,205822,81.3423,-52.9712,0.079
RGI60-05.08349,205823,81.3451,-53.0032,0.156
RGI60-05.08350,205824,81.3674,-58.7913,0.087
RGI60-05.08351,205825,80.9423,-64.3209,0.514
RGI60-05.08352,205826,80.612,-64.736,131.153
RGI60-05.08353,205827,81.1794,-61.3732,0.067
RGI60-05.08354,205828,80.8719,-64.9297,0.17
RGI60-05.08355,205829,81.2134,-55.7033,0.588
RGI60-05.08356,205830,80.8561,-64.56,0.057
RGI60-05.08357,205831,81.1994,-56.6205,4.708
RGI60-05.08358,205832,80.9157,-63.6972,0.069
RGI60-05.08359,205833,80.8624,-64.8413,0.098
RGI60-05.08360,205834,80.8741,-64.8862,0.231
RGI60-05.08361,205835,81.2392,-56.1044,0.975
RGI60-05.08362,205836,80.9476,-63.3995,0.088
RGI60-05.08363,205837,81.2391,-56.3972,1.333
RGI60-05.08365,205838,81.2371,-57.2381,1.084
RGI60-05.08366,205839,81.2531,-57.4151,0.172
RGI60-05.08367,205840,81.2595,-57.4174,0.075
RGI60-05.08368,205841,81.2511,-57.9947,0.06
RGI60-05.08369,205842,81.2623,-57.6974,0.167
RGI60-05.08370,205843,81.3404,-55.4329,0.111
RGI60-05.08371,205844,81.2763,-57.7046,0.281
RGI60-05.08372,205845,81.3522,-59.1869,0.134
RGI60-05.08373,205846,81.3521,-55.3412,0.51
RGI60-05.08374,205847,81.2653,-58.17,0.157
RGI60-05.08375,205848,81.3173,-56.5917,0.619
RGI60-05.08376,205849,81.0015,-64.2827,0.081
RGI60-05.08377,205850,81.3655,-55.2607,0.541
RGI60-05.08378,205851,81.0004,-64.3771,0.113
RGI60-05.08379,205852,81.1569,-61.2987,0.074
RGI60-05.08380,205853,81.291,-57.6033,1.238
RGI60-05.08381,205854,81.3103,-57.346,0.495
RGI60-05.08382,205855,81.1585,-61.3568,0.129
RGI60-05.08383,205856,81.3065,-57.4236,2.475
RGI60-05.08384,205857,81.0438,-63.8917,0.064
RGI60-05.08385,205858,81.2971,-58.0761,0.328
RGI60-05.08386,205859,81.0324,-64.1745,0.093
RGI60-05.08387,205860,81.3514,-56.5469,0.654
RGI60-05.08388,205861,81.3069,-58.0429,0.113
RGI60-05.08389,205862,80.6139,-64.2063,188.498
RGI60-05.08390,205863,80.8519,-64.0302,504.689
RGI60-05.08391,205864,81.3038,-57.5246,5.367
RGI60-05.08392,205865,81.1866,-61.1561,0.098
RGI60-05.08393,205866,80.4767,-65.037,10.657
RGI60-05.08394,205867,81.3499,-56.8994,0.558
RGI60-05.08395,205868,81.3157,-57.9464,0.173
RGI60-05.08396,205869,81.4289,-53.7223,3.77
RGI60-05.08397,205870,81.3062,-58.1334,0.632
RGI60-05.08398,205871,81.3004,-58.7019,0.329
RGI60-05.08399,205872,81.0476,-63.9706,0.484
RGI60-05.08400,205873,81.389,-55.7933,0.241
RGI60-05.08401,205874,81.3161,-58.1357,0.118
RGI60-05.08402,205875,81.3818,-56.1373,0.214
RGI60-05.08403,205876,81.4814,-52.1926,0.39
RGI60-05.08404,205877,81.3239,-58.1207,0.075
RGI60-05.08405,205878,81.3067,-58.517,0.516
RGI60-05.08406,205879,81.3186,-58.32,0.131
RGI60-05.08407,205880,81.3351,-57.8355,0.085
RGI60-05.08408,205881,81.4376,-54.5304,2.317
RGI60-05.08409,205882,81.3143,-57.7921,5.912
RGI60-05.08410,205883,81.3224,-57.8928,1.042
RGI60-05.08411,205884,81.3354,-57.6861,0.826
RGI60-05.08412,205885,81.4015,-55.2119,6.149
RGI60-05.08413,205886,81.3505,-57.5929,0.417
RGI60-05.08414,205887,81.3957,-57.2045,0.439
RGI60-05.08415,205888,81.3895,-55.6061,10.464
RGI60-05.08416,205889,81.437,-54.7949,0.082
RGI60-05.08417,205890,81.2143,-61.1405,0.075
RGI60-05.08418,205891,81.4176,-55.5148,1.02
RGI60-05.08419,205892,81.1253,-62.9972,1.059
RGI60-05.08420,205893,81.4429,-54.8033,0.076
RGI60-05.08421,205894,81.3224,-58.4744,0.712
RGI60-05.08422,205895,81.2321,-60.9424,0.082
RGI60-05.08423,205896,81.3318,-58.4786,0.059
RGI60-05.08424,205897,81.3032,-59.2172,0.262
RGI60-05.08425,205898,81.3199,-58.665,0.675
RGI60-05.08426,205899,81.514,-51.8385,0.051
RGI60-05.08427,205900,81.4247,-55.6432,0.43
RGI60-05.08428,205901,81.2367,-60.9838,0.111
RGI60-05.08429,205902,81.239,-60.9545,0.051
RGI60-05.08430,205903,81.3275,-58.3247,1.029
RGI60-05.08431,205904,81.1342,-62.959,0.822
RGI60-05.08432,205905,81.4754,-53.7087,0.207
RGI60-05.08433,205906,81.4318,-55.4904,0.329
RGI60-05.08434,205907,81.316,-59.0621,0.195
RGI60-05.08435,205908,81.5117,-51.6679,0.169
RGI60-05.08436,205909,81.3131,-59.2108,0.063
RGI60-05.08437,205910,81.4675,-53.949,1.732
RGI60-05.08438,205911,81.3345,-58.4241,0.45
RGI60-05.08439,205912,81.154,-62.9338,0.076
RGI60-05.08440,205913,81.4846,-53.7149,0.065
RGI60-05.08441,205914,81.399,-56.8803,0.143
RGI60-05.08442,205915,81.1119,-63.0046,0.074
RGI60-05.08443,205916,81.0091,-62.395,241.303
RGI60-05.08444,205917,80.8993,-62.7839,179.428
RGI60-05.08445,205918,80.8825,-62.095,96.738
RGI60-05.08446,205919,80.8003,-62.5842,56.031
RGI60-05.08447,205920,80.7989,-62.0864,67.827
RGI60-05.08448,205921,80.9813,-63.2995,32.441
RGI60-05.08449,205922,81.3975,-56.3278,9.988
RGI60-05.08450,205923,81.3315,-56.2252,92.821
RGI60-05.08451,205924,81.3723,-56.536,0.725
RGI60-05.08452,205925,80.9484,-63.3057,1.16
RGI60-05.08453,205926,81.0372,-63.0736,123.194
RGI60-05.08454,205927,81.0261,-63.4906,0.167
RGI60-05.08455,205928,81.164,-62.8233,0.075
RGI60-05.08456,205929,81.3488,-58.3564,0.219
RGI60-05.08457,205930,81.346,-58.6159,0.167
RGI60-05.08458,205931,81.3243,-59.2322,0.118
RGI60-05.08459,205932,81.3235,-59.1708,0.602
RGI60-05.08460,205933,81.4982,-53.4827,0.05
RGI60-05.08461,205934,81.4909,-53.8137,0.118
RGI60-05.08462,205935,81.4619,-54.8689,1.526
RGI60-05.08463,205936,81.4233,-56.3819,0.349
RGI60-05.08464,205937,81.356,-58.4214,0.228
RGI60-05.08465,205938,81.4234,-56.4779,0.119
RGI60-05.08466,205939,81.4957,-53.8356,0.107
RGI60-05.08467,205940,81.4994,-53.6251,0.122
RGI60-05.08468,205941,81.3612,-58.457,0.131
RGI60-05.08469,205942,81.3428,-56.7971,1.14
RGI60-05.08470,205943,81.4802,-54.1337,2.845
RGI60-05.08471,205944,81.5061,-53.6068,0.117
RGI60-05.08472,205945,81.3543,-58.7406,0.299
RGI60-05.08473,205946,81.3991,-57.1042,3.682
RGI60-05.08474,205947,81.5116,-53.5833,0.192
RGI60-05.08475,205948,81.3836,-56.9707,5.01
RGI60-05.08476,205949,81.3726,-56.9372,1.435
RGI60-05.08477,205950,81.3787,-56.8147,3.57
RGI60-05.08478,205951,81.3394,-56.7331,0.727
RGI60-05.08479,205952,81.3586,-56.7571,5.431
RGI60-05.08480,205953,81.4162,-57.0028,0.165
RGI60-05.08481,205954,81.4356,-56.4458,0.118
RGI60-05.08482,205955,81.3728,-58.4544,0.052
RGI60-05.08483,205956,81.3614,-58.7034,0.375
RGI60-05.08484,205957,81.5255,-53.3239,0.092
RGI60-05.08485,205958,81.4682,-53.8396,8.249
RGI60-05.08486,205959,81.5187,-53.1671,0.243
RGI60-05.08487,205960,81.4386,-56.2098,6.622
RGI60-05.08488,205961,81.3691,-58.7445,0.2
RGI60-05.08489,205962,81.4291,-57.3246,0.848
RGI60-05.08490,205963,81.4445,-57.4884,2.134
RGI60-05.08491,205964,81.349,-59.3123,1.827
RGI60-05.08492,205965,81.5295,-53.5054,0.075
RGI60-05.08493,205966,81.5206,-53.9376,0.084
RGI60-05.08494,205967,81.523,-53.89,0.072
RGI60-05.08495,205968,81.5148,-54.2592,0.125
RGI60-05.08496,205969,81.5188,-54.2235,0.209
RGI60-05.08497,205970,81.4226,-57.2326,5.968
RGI60-05.08498,205971,81.4348,-57.5484,0.253
RGI60-05.08499,205972,81.4419,-57.2928,0.516
RGI60-05.08500,205973,81.4586,-57.0766,0.228
RGI60-05.08501,205974,81.4476,-57.3753,1.554
RGI60-05.08502,205975,81.5189,-55.5144,0.724
RGI60-05.08503,205976,81.4712,-57.39,0.473
RGI60-05.08504,205977,75.1804,-22.1872,0.122
RGI60-05.08505,205978,75.395,-21.0558,0.117
RGI60-05.08506,205979,75.1611,-20.9092,0.256
RGI60-05.08507,205980,75.216,-22.7387,0.177
RGI60-05.08508,205981,75.1125,-21.7596,0.104
RGI60-05.08509,205982,75.208,-22.6638,0.378
RGI60-05.08510,205983,75.0847,-21.4909,0.101
RGI60-05.08511,205984,75.1128,-21.7092,0.275
RGI60-05.08512,205985,75.1103,-21.6834,0.446
RGI60-05.08513,205986,75.0803,-21.6972,0.319
RGI60-05.08514,205987,75.0935,-21.7512,0.197
RGI60-05.08515,205988,75.1922,-22.6598,2.193
RGI60-05.08516,205989,75.2057,-22.7071,0.394
RGI60-05.08517,205990,75.1031,-21.7398,0.119
RGI60-05.08518,205991,75.1847,-22.1837,0.153
RGI60-05.08519,205992,75.2068,-22.2426,0.446
RGI60-05.08520,205993,75.1545,-21.698,0.14
RGI60-05.08521,205994,75.1859,-21.9675,0.264
RGI60-05.08522,205995,75.2266,-22.2917,0.143
RGI60-05.08523,205996,75.2019,-21.9891,0.056
RGI60-05.08524,205997,75.1974,-21.9738,0.394
RGI60-05.08525,205998,75.1628,-21.5051,0.111
RGI60-05.08526,205999,75.1694,-21.5126,0.824
RGI60-05.08527,206000,75.1537,-21.2738,0.128
RGI60-05.08528,206001,75.1273,-21.3824,23.658
RGI60-05.08529,206002,75.1819,-21.4258,0.184
RGI60-05.08530,206003,75.2305,-21.8008,1.096
RGI60-05.08531,206004,75.2259,-21.7659,1.724
RGI60-05.08532,206005,75.2161,-21.858,3.544
RGI60-05.08533,206006,75.1741,-21.6686,3.269
RGI60-05.08534,206007,75.1556,-21.8329,0.901
RGI60-05.08535,206008,75.2112,-21.7629,6.319
RGI60-05.08536,206009,75.2043,-21.9399,2.415
RGI60-05.08537,206010,75.1607,-21.7563,10.41
RGI60-05.08538,206011,75.1845,-21.8583,19.644
RGI60-05.08539,206012,75.1946,-21.7116,7.301
RGI60-05.08540,206013,75.1598,-21.8816,2.501
RGI60-05.08541,206014,75.1929,-21.3444,0.155
RGI60-05.08542,206015,75.1996,-21.4559,3.5
RGI60-05.08543,206016,75.2114,-21.5181,0.795
RGI60-05.08544,206017,75.1838,-21.1787,0.086
RGI60-05.08545,206018,75.1859,-21.1888,0.134
RGI60-05.08546,206019,75.1986,-21.2625,0.258
RGI60-05.08547,206020,75.1979,-21.2301,0.358
RGI60-05.08548,206021,75.1921,-21.1804,0.689
RGI60-05.08549,206022,75.1722,-21.0095,0.319
RGI60-05.08550,206023,75.2008,-21.2044,0.079
RGI60-05.08551,206024,75.17,-20.947,1.029
RGI60-05.08552,206025,75.198,-21.1581,0.183
RGI60-05.08553,206026,75.1397,-20.6235,0.142
RGI60-05.08554,206027,75.208,-21.2024,0.467
RGI60-05.08555,206028,75.2008,-21.1404,0.284
RGI60-05.08556,206029,75.1773,-20.9066,0.484
RGI60-05.08557,206030,75.2049,-21.0744,0.275
RGI60-05.08558,206031,75.1489,-20.6219,0.388
RGI60-05.08559,206032,75.1678,-20.7661,0.349
RGI60-05.08560,206033,75.2282,-21.2735,0.259
RGI60-05.08561,206034,75.2105,-21.0981,0.105
RGI60-05.08562,206035,75.2338,-21.3164,0.464
RGI60-05.08563,206036,75.2278,-21.3009,0.319
RGI60-05.08564,206037,75.2325,-21.3577,2.838
RGI60-05.08565,206038,75.2313,-21.4046,0.697
RGI60-05.08566,206039,75.2136,-21.3217,3.331
RGI60-05.08567,206040,75.2239,-21.3892,1.405
RGI60-05.08568,206041,75.2157,-21.3686,0.102
RGI60-05.08569,206042,75.2186,-21.2627,2.668
RGI60-05.08570,206043,75.1762,-20.6868,0.138
RGI60-05.08571,206044,75.2192,-21.1086,2.168
RGI60-05.08572,206045,75.2247,-21.0652,0.119
RGI60-05.08573,206046,75.3795,-22.0529,0.379
RGI60-05.08574,206047,75.3951,-21.031,0.199
RGI60-05.08575,206048,75.2973,-21.2711,0.818
RGI60-05.08576,206049,75.397,-21.8417,1.13
RGI60-05.08577,206050,75.4978,-21.9689,0.303
RGI60-05.08578,206051,75.4966,-21.9815,0.283
RGI60-05.08579,206052,75.3998,-21.0675,0.177
RGI60-05.08580,206053,75.534,-20.5943,0.201
RGI60-05.08581,206054,75.5924,-22.1225,0.938
RGI60-05.08582,206055,75.5095,-21.2765,0.148
RGI60-05.08583,206056,75.5888,-22.0226,0.181
RGI60-05.08584,206057,75.2975,-21.3196,1.088
RGI60-05.08585,206058,75.3082,-21.3293,0.734
RGI60-05.08586,206059,75.4345,-22.4719,0.102
RGI60-05.08587,206060,75.4049,-21.8705,2.3
RGI60-05.08588,206061,75.3802,-20.839,1.027
RGI60-05.08589,206062,75.2847,-22.3868,0.106
RGI60-05.08590,206063,75.2918,-22.4071,0.557
RGI60-05.08591,206064,75.2854,-22.2839,0.11
RGI60-05.08592,206065,75.2876,-22.3286,0.505
RGI60-05.08593,206066,75.3015,-22.3626,0.136
RGI60-05.08594,206067,75.4943,-21.7801,0.501
RGI60-05.08595,206068,75.4258,-21.128,0.111
RGI60-05.08596,206069,75.2773,-21.9041,0.836
RGI60-05.08597,206070,75.2877,-21.9006,0.157
RGI60-05.08598,206071,75.3112,-21.9561,0.165
RGI60-05.08600,206072,75.3685,-22.4449,0.79
RGI60-05.08601,206073,75.4003,-22.7033,0.116
RGI60-05.08602,206074,75.4068,-22.6971,0.267
RGI60-05.08603,206075,75.5795,-22.5691,0.407
RGI60-05.08605,206076,75.5022,-21.8172,0.369
RGI60-05.08606,206077,75.3624,-20.5497,0.252
RGI60-05.08607,206078,75.5627,-22.3465,0.214
RGI60-05.08608,206079,75.3834,-20.775,0.992
RGI60-05.08609,206080,75.3747,-20.7721,0.057
RGI60-05.08610,206081,75.3864,-20.751,0.768
RGI60-05.08611,206082,75.5038,-21.6837,0.124
RGI60-05.08612,206083,75.503,-21.6672,0.12
RGI60-05.08613,206084,75.4234,-20.9486,0.206
RGI60-05.08614,206085,75.4232,-20.9227,0.082
RGI60-05.08615,206086,75.4513,-20.9956,0.186
RGI60-05.08616,206087,75.6472,-22.6366,0.908
RGI60-05.08617,206088,75.4806,-20.9624,0.276
RGI60-05.08618,206089,75.5023,-21.151,0.158
RGI60-05.08619,206090,75.4843,-20.9686,0.179
RGI60-05.08620,206091,75.471,-20.8864,0.691
RGI60-05.08621,206092,75.4853,-20.9334,0.258
RGI60-05.08622,206093,75.5111,-21.1664,0.173
RGI60-05.08623,206094,75.4633,-20.7162,0.156
RGI60-05.08624,206095,75.6033,-22.3341,0.374
RGI60-05.08625,206096,75.4919,-20.8991,0.719
RGI60-05.08626,206097,75.509,-20.9501,0.448
RGI60-05.08627,206098,75.5343,-21.1755,0.37
RGI60-05.08628,206099,75.4847,-20.7259,0.974
RGI60-05.08629,206100,75.5105,-20.9182,0.11
RGI60-05.08630,206101,75.2892,-21.1938,2.274
RGI60-05.08631,206102,75.5032,-20.8517,0.105
RGI60-05.08632,206103,75.7041,-22.7212,0.159
RGI60-05.08633,206104,75.3138,-21.2952,1.948
RGI60-05.08634,206105,75.3133,-21.8038,4.583
RGI60-05.08635,206106,75.4062,-21.5395,0.145
RGI60-05.08636,206107,75.4762,-20.6171,0.558
RGI60-05.08637,206108,75.5116,-20.8979,0.271
RGI60-05.08638,206109,75.5676,-21.3521,0.228
RGI60-05.08639,206110,75.499,-20.8002,0.181
RGI60-05.08640,206111,75.502914429,-20.746765137,0.813
RGI60-05.08641,206112,75.4362,-21.9222,2.313
RGI60-05.08642,206113,75.4261,-21.9169,0.185
RGI60-05.08643,206114,75.5361,-20.9147,0.207
RGI60-05.08644,206115,75.5398,-20.941,0.291
RGI60-05.08645,206116,75.5555,-21.0922,0.467
RGI60-05.08646,206117,75.6872,-22.2068,0.275
RGI60-05.08647,206118,75.6241,-21.581,0.137
RGI60-05.08648,206119,75.2986,-21.7444,3.377
RGI60-05.08649,206120,75.4327,-22.0048,3.603
RGI60-05.08650,206121,75.5187,-22.1839,5.978
RGI60-05.08651,206122,75.2894,-21.7724,5.032
RGI60-05.08652,206123,75.319,-21.8875,2.114
RGI60-05.08653,206124,75.3599,-22.0627,1.02
RGI60-05.08654,206125,75.3882,-21.8856,2.879
RGI60-05.08655,206126,75.3505,-22.0211,3.989
RGI60-05.08656,206127,75.2875,-22.4286,0.209
RGI60-05.08657,206128,75.3853,-22.6596,11.615
RGI60-05.08658,206129,75.3052,-21.8808,4.32
RGI60-05.08659,206130,75.3019,-21.3586,0.209
RGI60-05.08660,206131,75.3025,-21.1912,1.581
RGI60-05.08661,206132,75.3023,-21.2512,0.363
RGI60-05.08662,206133,75.3149,-21.2395,0.536
RGI60-05.08663,206134,75.312,-21.257,0.109
RGI60-05.08664,206135,75.3288,-21.3135,0.222
RGI60-05.08665,206136,75.3207,-21.2421,0.163
RGI60-05.08666,206137,75.325,-21.2785,0.306
RGI60-05.08667,206138,75.4866,-22.5232,0.473
RGI60-05.08668,206139,75.4318,-21.8248,0.181
RGI60-05.08669,206140,75.4561,-22.2831,8.213
RGI60-05.08670,206141,75.4175,-21.8986,3.179
RGI60-05.08671,206142,75.39,-21.8181,1.327
RGI60-05.08672,206143,75.4177,-21.6055,0.519
RGI60-05.08673,206144,75.3638,-20.8564,0.147
RGI60-05.08674,206145,75.428,-22.1539,17.088
RGI60-05.08675,206146,75.4445,-22.351,12.163
RGI60-05.08676,206147,75.3695,-20.8854,0.38
RGI60-05.08677,206148,75.4072,-22.0054,18.956
RGI60-05.08678,206149,75.3693,-20.8428,0.114
RGI60-05.08679,206150,75.3766,-20.9116,0.189
RGI60-05.08680,206151,75.3905,-22.2572,13.716
RGI60-05.08681,206152,75.4203,-22.334,11.421
RGI60-05.08682,206153,75.3763,-22.2021,8.533
RGI60-05.08683,206154,75.3513,-22.1092,1.577
RGI60-05.08684,206155,75.4492,-22.1975,3.015
RGI60-05.08685,206156,75.3596,-20.7627,5.852
RGI60-05.08686,206157,75.4078,-21.0996,0.101
RGI60-05.08687,206158,75.3497,-20.5827,0.111
RGI60-05.08688,206159,75.4966,-21.8629,0.195
RGI60-05.08689,206160,75.3746,-20.7528,0.138
RGI60-05.08690,206161,75.5011,-21.8765,0.111
RGI60-05.08691,206162,75.381,-20.8099,0.672
RGI60-05.08692,206163,75.3722,-20.7163,1.465
RGI60-05.08693,206164,75.3714,-20.5971,1.553
RGI60-05.08694,206165,75.3912,-20.7309,0.1
RGI60-05.08695,206166,75.4083,-20.8669,0.177
RGI60-05.08696,206167,75.4845,-21.5786,1.389
RGI60-05.08697,206168,75.384,-20.6162,0.151
RGI60-05.08698,206169,75.4139,-21.0455,4.149
RGI60-05.08699,206170,75.3919,-20.8909,1.285
RGI60-05.08700,206171,75.4327,-20.9362,1.574
RGI60-05.08701,206172,75.4361,-20.9533,0.237
RGI60-05.08702,206173,75.5477,-20.9189,0.716
RGI60-05.08703,206174,75.4074,-20.9513,4.938
RGI60-05.08704,206175,75.3878,-20.592,0.626
RGI60-05.08705,206176,75.4507,-21.0316,0.445
RGI60-05.08706,206177,75.4467,-20.9756,0.177
RGI60-05.08707,206178,75.4343,-20.9981,2.049
RGI60-05.08710,206179,75.643,-22.6024,0.267
RGI60-05.08711,206180,75.5824,-22.0773,1.828
RGI60-05.08712,206181,75.5197,-21.7116,4.371
RGI60-05.08713,206182,75.5406,-21.8027,3.876
RGI60-05.08714,206183,75.7365,-22.5618,0.131
RGI60-05.08717,206184,75.5654,-22.0058,6.193
RGI60-05.08718,206185,75.5152,-21.7791,5.198
RGI60-05.08719,206186,75.5441,-20.7564,0.507
RGI60-05.08720,206187,75.5878,-22.2964,2.137
RGI60-05.08721,206188,75.505,-22.1198,4.809
RGI60-05.08722,206189,75.5087,-22.0437,9.048
RGI60-05.08723,206190,75.5496,-22.2553,23.139
RGI60-05.08724,206191,75.4932,-20.9345,0.302
RGI60-05.08725,206192,75.5228,-21.9264,20.471
RGI60-05.08726,206193,75.6079,-21.3126,0.189
RGI60-05.08727,206194,75.5656,-22.1442,36.622
RGI60-05.08728,206195,75.5473,-21.8913,3.2
RGI60-05.08729,206196,75.5158,-21.2457,0.899
RGI60-05.08730,206197,75.5229,-21.2679,0.321
RGI60-05.08731,206198,75.5291,-21.2394,0.062
RGI60-05.08732,206199,75.4708,-20.7229,0.226
RGI60-05.08733,206200,75.4507,-20.5161,0.163
RGI60-05.08734,206201,75.464,-20.6289,0.198
RGI60-05.08735,206202,75.519,-21.2118,2.03
RGI60-05.08736,206203,75.475,-20.6863,0.268
RGI60-05.08737,206204,75.4753,-20.7039,0.082
RGI60-05.08738,206205,75.4887,-20.7809,0.417
RGI60-05.08739,206206,75.524,-21.1398,0.727
RGI60-05.08740,206207,75.7025,-22.7625,0.065
RGI60-05.08742,206208,75.5042,-20.9357,0.617
RGI60-05.08743,206209,75.5452,-21.1413,5.45
RGI60-05.08744,206210,75.5387,-21.1927,0.068
RGI60-05.08745,206211,75.542,-21.2254,1.393
RGI60-05.08746,206212,75.6907,-22.2721,1.014
RGI60-05.08747,206213,75.6968,-22.2884,0.82
RGI60-05.08748,206214,75.5995,-21.3285,0.236
RGI60-05.08749,206215,75.5305,-20.6692,0.201
RGI60-05.08750,206216,75.6718,-21.9476,0.323
RGI60-05.08751,206217,75.6982,-22.2085,0.294
RGI60-05.08752,206218,75.5411,-20.7249,0.175
RGI60-05.08753,206219,75.6801,-22.0217,0.381
RGI60-05.08754,206220,75.5998,-21.2131,0.223
RGI60-05.08755,206221,75.5946,-21.1465,0.218
RGI60-05.08756,206222,75.5532,-20.7757,0.728
RGI60-05.08757,206223,75.6672,-21.8404,0.088
RGI60-05.08758,206224,75.5257,-20.554,0.142
RGI60-05.08759,206225,75.6051,-21.2882,0.528
RGI60-05.08760,206226,75.6658,-21.8248,0.157
RGI60-05.08761,206227,75.6915,-22.1299,0.894
RGI60-05.08762,206228,75.7032,-22.1495,0.511
RGI60-05.08763,206229,75.7,-22.1118,0.341
RGI60-05.08764,206230,75.5779,-20.8966,0.181
RGI60-05.08768,206231,81.6115,-52.2586,0.068
RGI60-05.08769,206232,81.4855,-57.3875,0.566
RGI60-05.08770,206233,81.5917,-54.4047,1.321
RGI60-05.08771,206234,81.529,-55.6298,4.317
RGI60-05.08772,206235,81.553,-55.2159,0.49
RGI60-05.08773,206236,81.6065,-54.3363,0.183
RGI60-05.08774,206237,81.615,-54.3503,0.195
RGI60-05.08775,206238,81.7352,-44.574,0.122
RGI60-05.08776,206239,81.6319,-54.1424,0.258
RGI60-05.08777,206240,81.6592,-53.0918,0.052
RGI60-05.08778,206241,81.5663,-54.3307,5.98
RGI60-05.08779,206242,81.5728,-55.0339,0.113
RGI60-05.08780,206243,81.5939,-54.2109,0.066
RGI60-05.08781,206244,81.5512,-56.9887,1.971
RGI60-05.08782,206245,81.5672,-54.1738,7.326
RGI60-05.08783,206246,81.5903,-54.2991,0.573
RGI60-05.08784,206247,81.6631,-52.4437,4.671
RGI60-05.08785,206248,81.5597,-57.0701,0.811
RGI60-05.08786,206249,81.6273,-54.8159,0.055
RGI60-05.08787,206250,81.6311,-54.8351,0.055
RGI60-05.08788,206251,81.6078,-56.3435,0.113
RGI60-05.08789,206252,81.6386,-56.6193,0.274
RGI60-05.08790,206253,81.6192,-53.9067,53.208
RGI60-05.08791,206254,81.5788,-57.2207,1.228
RGI60-05.08792,206255,81.6111,-55.1503,59.207
RGI60-05.08793,206256,81.6299,-53.472,11.211
RGI60-05.08794,206257,81.546,-55.0464,19.249
RGI60-05.08795,206258,81.7028,-53.2676,0.05
RGI60-05.08796,206259,81.6285,-55.533,8.926
RGI60-05.08797,206260,81.5675,-53.5002,7.15
RGI60-05.08798,206261,81.6659,-54.2364,4.564
RGI60-05.08799,206262,81.6998,-53.9806,0.105
RGI60-05.08800,206263,81.7009,-54.0177,0.221
RGI60-05.08801,206264,81.5799,-56.5575,108.355
RGI60-05.08802,206265,81.5695,-56.9826,2.901
RGI60-05.08803,206266,81.6646,-53.5611,26.116
RGI60-05.08804,206267,81.6532,-53.375,2.139
RGI60-05.08805,206268,81.5989,-53.4942,21.376
RGI60-05.08806,206269,81.537,-53.5623,7.85
RGI60-05.08807,206270,81.5541,-53.6859,16.843
RGI60-05.08808,206271,81.5777,-53.791,7.934
RGI60-05.08809,206272,81.6373,-52.5906,10.465
RGI60-05.08810,206273,81.6696,-54.0523,12.694
RGI60-05.08811,206274,81.6716,-52.8016,11.348
RGI60-05.08812,206275,81.6846,-53.8096,28.666
RGI60-05.08813,206276,81.7419,-52.6665,0.189
RGI60-05.08814,206277,81.7435,-52.6317,0.052
RGI60-05.08815,206278,81.704,-52.915,20.968
RGI60-05.08816,206279,81.4751,-53.2211,76.013
RGI60-05.08817,206280,81.6573,-52.715,1.834
RGI60-05.08818,206281,81.6498,-52.6675,3.29
RGI60-05.08819,206282,81.6434,-52.8974,21.496
RGI60-05.08820,206283,81.6189,-52.8135,1.99
RGI60-05.08821,206284,81.6146,-52.5344,8.546
RGI60-05.08822,206285,81.7092,-53.1513,10.81
RGI60-05.08823,206286,81.7311,-52.9909,2.714
RGI60-05.08824,206287,81.6805,-53.0603,5.921
RGI60-05.08825,206288,81.5764,-52.3848,9.212
RGI60-05.08826,206289,81.5872,-53.0081,3.117
RGI60-05.08827,206290,81.5662,-52.945,4.541
RGI60-05.08828,206291,81.7037,-54.9226,1.691
RGI60-05.08829,206292,81.7651,-52.6324,0.205
RGI60-05.08830,206293,81.5523,-53.0403,5.445
RGI60-05.08831,206294,81.4391,-52.7862,19.524
RGI60-05.08832,206295,81.5183,-52.9245,35.893
RGI60-05.08833,206296,81.5676,-52.6895,57.935
RGI60-05.08834,206297,81.4219,-52.9478,20.83
RGI60-05.08835,206298,81.5283,-52.4289,34.596
RGI60-05.08836,206299,81.5992,-52.4445,2.903
RGI60-05.08837,206300,81.4023,-53.2013,66.07
RGI60-05.08838,206301,81.4724,-52.5385,48.983
RGI60-05.08839,206302,81.6589,-57.1059,0.612
RGI60-05.08840,206303,81.713,-55.2249,1.59
RGI60-05.08841,206304,81.7066,-56.0977,0.299
RGI60-05.08842,206305,81.7957,-52.7194,0.433
RGI60-05.08843,206306,81.7208,-56.003,2.293
RGI60-05.08844,206307,81.8165,-52.7232,1.239
RGI60-05.08845,206308,81.7379,-56.0536,0.969
RGI60-05.08846,206309,81.7175,-56.2788,6.022
RGI60-05.08847,206310,81.7323,-56.4296,0.477
RGI60-05.08848,206311,81.8248,-52.8765,0.319
RGI60-05.08849,206312,81.7997,-54.6441,1.834
RGI60-05.08850,206313,81.8459,-53.498,0.162
RGI60-05.08851,206314,81.7815,-54.8238,3.598
RGI60-05.08852,206315,81.8359,-54.6046,0.688
RGI60-05.08853,206316,81.8353,-54.9346,6.035
RGI60-05.08854,206317,81.8672,-55.504,16.413
RGI60-05.08855,206318,81.8175,-55.736,52.113
RGI60-05.08857,206319,75.9853,-60.0539,0.059
RGI60-05.08858,206320,75.7913,-21.35,0.233
RGI60-05.08859,206321,75.9856,-24.707,0.171
RGI60-05.08860,206322,75.9708,-24.0833,0.201
RGI60-05.08861,206323,75.6311,-20.7657,0.438
RGI60-05.08862,206324,75.5912,-20.6746,0.495
RGI60-05.08863,206325,75.7445,-22.0037,0.134
RGI60-05.08864,206326,75.5902,-20.3801,0.207
RGI60-05.08865,206327,75.6269,-20.96,0.847
RGI60-05.08866,206328,75.5862,-20.5696,0.296
RGI60-05.08867,206329,75.5836,-20.5261,0.197
RGI60-05.08868,206330,75.5921,-20.5446,0.174
RGI60-05.08869,206331,75.8328,-22.7288,0.228
RGI60-05.08870,206332,75.5986,-20.5204,0.205
RGI60-05.08871,206333,76.0351,-24.7624,0.162
RGI60-05.08872,206334,75.6548,-20.8499,0.42
RGI60-05.08873,206335,75.6417,-20.6962,0.111
RGI60-05.08874,206336,76.0407,-24.6107,0.259
RGI60-05.08875,206337,76.0488,-24.6535,0.131
RGI60-05.08876,206338,75.6792,-20.9179,0.168
RGI60-05.08877,206339,76.1163,-25.4103,0.277
RGI60-05.08878,206340,75.7236,-21.3332,0.125
RGI60-05.08879,206341,75.6902,-21.017,0.116
RGI60-05.08880,206342,75.6359,-20.5442,0.261
RGI60-05.08881,206343,75.6976,-21.021,0.169
RGI60-05.08882,206344,75.6718,-20.7561,0.114
RGI60-05.08883,206345,75.6789,-20.8193,0.126
RGI60-05.08884,206346,76.0658,-24.6921,0.116
RGI60-05.08885,206347,75.7266,-20.5275,0.264
RGI60-05.08886,206348,75.8168,-21.98,0.162
RGI60-05.08887,206349,75.7976,-21.7877,46.115
RGI60-05.08888,206350,76.0624,-24.6052,0.202
RGI60-05.08889,206351,76.0577,-24.5492,0.716
RGI60-05.08890,206352,75.9366,-23.789,0.491
RGI60-05.08891,206353,75.8558,-22.9527,0.505
RGI60-05.08892,206354,75.6399,-21.4154,0.195
RGI60-05.08893,206355,75.5847,-20.7219,1.158
RGI60-05.08894,206356,75.6186,-20.9411,0.212
RGI60-05.08895,206357,75.5791,-20.6021,0.147
RGI60-05.08896,206358,75.5503,-20.6772,6.108
RGI60-05.08897,206359,75.7761,-22.6422,0.222
RGI60-05.08898,206360,75.6467,-21.4055,0.567
RGI60-05.08899,206361,75.7783,-22.6211,0.125
RGI60-05.08900,206362,75.5697,-20.6752,0.288
RGI60-05.08901,206363,75.6024,-20.5733,1.327
RGI60-05.08902,206364,75.6134,-20.5637,0.285
RGI60-05.08903,206365,75.6466,-20.8595,0.16
RGI60-05.08904,206366,75.8387,-22.7938,3.657
RGI60-05.08905,206367,75.976,-24.0518,0.185
RGI60-05.08906,206368,75.6909,-21.2121,0.125
RGI60-05.08907,206369,76.0431,-24.793,0.636
RGI60-05.08908,206370,75.5969,-20.3548,0.127
RGI60-05.08909,206371,75.7076,-21.4375,4.639
RGI60-05.08910,206372,75.6453,-20.7306,0.212
RGI60-05.08911,206373,75.6262,-20.5649,0.21
RGI60-05.08912,206374,75.7133,-21.3706,1.236
RGI60-05.08913,206375,75.6231,-20.5281,0.753
RGI60-05.08914,206376,75.7165,-21.7218,26.175
RGI60-05.08915,206377,75.6659,-21.7857,15.718
RGI60-05.08916,206378,75.6957,-22.0634,1.263
RGI60-05.08917,206379,75.6794,-21.979,0.797
RGI60-05.08918,206380,75.6997,-22.0104,40.103
RGI60-05.08919,206381,75.6668,-21.5742,35.37
RGI60-05.08920,206382,75.6542,-21.4661,0.437
RGI60-05.08921,206383,75.7071,-22.2397,4.656
RGI60-05.08922,206384,75.6388,-21.5742,1.965
RGI60-05.08923,206385,75.8601,-21.9852,0.671
RGI60-05.08924,206386,75.6311,-21.6628,16.415
RGI60-05.08925,206387,75.6977,-21.4283,0.078
RGI60-05.08926,206388,75.6859,-21.4418,7.335
RGI60-05.08927,206389,75.6615,-21.4204,2.193
RGI60-05.08928,206390,75.7167,-21.6064,10.83
RGI60-05.08929,206391,76.0611,-24.6721,0.792
RGI60-05.08930,206392,75.68,-21.8878,4.586
RGI60-05.08931,206393,75.6662,-20.7809,0.18
RGI60-05.08932,206394,76.1182,-25.3743,0.111
RGI60-05.08933,206395,76.0303,-24.3298,0.103
RGI60-05.08934,206396,76.0277,-24.3088,0.144
RGI60-05.08935,206397,75.7051,-21.1084,0.445
RGI60-05.08936,206398,76.0369,-24.3989,0.127
RGI60-05.08937,206399,75.8788,-22.7232,2.93
RGI60-05.08938,206400,75.8149,-21.9508,0.111
RGI60-05.08939,206401,76.0756,-24.6975,1.064
RGI60-05.08940,206402,76.1331,-25.2522,0.135
RGI60-05.08941,206403,75.6995,-20.8358,0.176
RGI60-05.08942,206404,75.6798,-20.6577,0.218
RGI60-05.08943,206405,75.6861,-20.7083,0.186
RGI60-05.08944,206406,75.7117,-20.9057,0.261
RGI60-05.08945,206407,75.7839,-21.2105,0.16
RGI60-05.08946,206408,76.0721,-24.6121,1.273
RGI60-05.08947,206409,75.7337,-21.0424,0.138
RGI60-05.08948,206410,75.7031,-20.7593,0.629
RGI60-05.08949,206411,76.0857,-24.5502,0.15
RGI60-05.08950,206412,75.7227,-20.9205,0.175
RGI60-05.08951,206413,75.7265,-20.8776,0.108
RGI60-05.08952,206414,76.0827,-24.3772,0.129
RGI60-05.08953,206415,75.7926,-21.4077,0.225
RGI60-05.08954,206416,76.114,-24.3935,0.129
RGI60-05.08955,206417,75.7457,-21.0396,1.646
RGI60-05.08956,206418,75.7136,-20.8317,6.531
RGI60-05.08957,206419,75.6713,-20.8513,1.527
RGI60-05.08958,206420,75.9116,-22.3331,0.487
RGI60-05.08959,206421,75.6868,-20.7891,3.836
RGI60-05.08960,206422,75.5631,-20.8864,1.164
RGI60-05.08961,206423,75.6415,-21.2473,4.442
RGI60-05.08962,206424,75.6197,-21.2148,14.16
RGI60-05.08963,206425,75.6736,-21.2342,15.899
RGI60-05.08964,206426,75.6803,-20.8708,0.204
RGI60-05.08965,206427,75.5624,-21.2037,0.299
RGI60-05.08966,206428,75.6841,-20.9472,17.754
RGI60-05.08967,206429,75.6469,-21.0169,29.446
RGI60-05.08968,206430,75.7882,-21.1054,0.101
RGI60-05.08969,206431,75.5962,-20.9924,26.352
RGI60-05.08970,206432,75.5705,-21.2647,7.281
RGI60-05.08971,206433,75.5363,-20.815,3.687
RGI60-05.08972,206434,75.5654,-21.0412,21.61
RGI60-05.08973,206435,75.5628,-21.1215,0.598
RGI60-05.08974,206436,75.5667,-21.1471,0.111
RGI60-05.08975,206437,75.5924,-21.2253,1.29
RGI60-05.08976,206438,75.5881,-21.3074,1.548
RGI60-05.08977,206439,75.5561,-20.8406,3.235
RGI60-05.08978,206440,75.5534,-21.256,1.123
RGI60-05.08979,206441,75.6902,-21.0816,6.599
RGI60-05.08980,206442,75.7,-21.1671,3.918
RGI60-05.08981,206443,75.5263,-20.8452,0.631
RGI60-05.08982,206444,76.0958,-24.3681,2.397
RGI60-05.08983,206445,76.1616,-25.0829,0.528
RGI60-05.08984,206446,75.7083,-20.4683,0.185
RGI60-05.08985,206447,75.7192,-20.5514,0.357
RGI60-05.08986,206448,75.7082,-20.4184,0.13
RGI60-05.08987,206449,76.1063,-24.3365,0.274
RGI60-05.08988,206450,76.1704,-25.0399,0.173
RGI60-05.08989,206451,75.9089,-22.3051,0.884
RGI60-05.08990,206452,76.1051,-24.2955,0.559
RGI60-05.08991,206453,76.1202,-24.4251,0.286
RGI60-05.08992,206454,76.112,-24.3388,0.167
RGI60-05.08993,206455,75.8427,-21.6793,1.858
RGI60-05.08994,206456,75.8332,-21.8916,4.062
RGI60-05.08995,206457,75.8265,-21.8287,5.25
RGI60-05.08996,206458,75.8352,-21.7631,2.148
RGI60-05.08997,206459,75.8342,-21.7215,0.149
RGI60-05.08998,206460,75.8328,-21.9649,8.763
RGI60-05.08999,206461,75.7926,-21.6275,3.619
RGI60-05.09000,206462,75.8047,-22.0537,20.617
RGI60-05.09001,206463,75.7455,-22.1229,1.339
RGI60-05.09002,206464,75.7706,-21.6388,16.423
RGI60-05.09003,206465,75.788,-22.1461,5.914
RGI60-05.09004,206466,75.7643,-22.0363,22.551
RGI60-05.09005,206467,75.8026,-21.5541,2.237
RGI60-05.09006,206468,75.9124,-21.2662,0.22
RGI60-05.09007,206469,76.0788,-23.6293,0.141
RGI60-05.09008,206470,75.9289,-21.2344,0.16
RGI60-05.09009,206471,75.8765,-20.6537,0.142
RGI60-05.09010,206472,76.5543,-24.1268,0.126
RGI60-05.09011,206473,76.0086,-21.1258,0.127
RGI60-05.09012,206474,76.4059,-25.2434,0.108
RGI60-05.09013,206475,76.0203,-21.1908,0.233
RGI60-05.09014,206476,75.7352,-20.3315,0.256
RGI60-05.09015,206477,76.0893,-23.6227,0.11
RGI60-05.09016,206478,76.3216,-24.2047,0.152
RGI60-05.09017,206479,76.1757,-22.0757,0.204
RGI60-05.09019,206480,76.4845,-24.6803,0.261
RGI60-05.09020,206481,76.5846,-24.6911,0.232
RGI60-05.09021,206482,76.0853,-20.1181,0.128
RGI60-05.09022,206483,76.2906,-21.8903,0.168
RGI60-05.09023,206484,76.1788,-20.7885,0.097
RGI60-05.09024,206485,76.0364,-22.9169,0.387
RGI60-05.09025,206486,76.6181,-25.0282,0.215
RGI60-05.09026,206487,76.5094,-24.6685,0.079
RGI60-05.09027,206488,76.4545,-25.4547,0.262
RGI60-05.09028,206489,76.3318,-23.9487,0.159
RGI60-05.09029,206490,76.3765,-25.5866,0.309
RGI60-05.09030,206491,75.9336,-20.9119,0.102
RGI60-05.09031,206492,76.0086,-21.4794,0.265
RGI60-05.09032,206493,76.4078,-25.5709,0.118
RGI60-05.09036,206494,75.8166,-21.3024,1.412
RGI60-05.09037,206495,76.0869,-23.9483,1.138
RGI60-05.09038,206496,75.925,-22.2191,0.242
RGI60-05.09040,206497,75.8327,-22.0477,0.89
RGI60-05.09041,206498,76.1072,-24.0738,0.153
RGI60-05.09042,206499,75.7501,-21.8856,1.717
RGI60-05.09043,206500,75.7441,-21.9741,0.6
RGI60-05.09044,206501,75.7406,-22.0954,0.816
RGI60-05.09045,206502,75.8068,-21.2093,0.113
RGI60-05.09046,206503,76.1095,-24.2318,0.107
RGI60-05.09047,206504,75.7305,-20.3976,0.12
RGI60-05.09048,206505,75.7706,-20.7486,0.178
RGI60-05.09049,206506,75.8033,-21.2958,1.164
RGI60-05.09050,206507,75.8136,-21.3333,4.019
RGI60-05.09051,206508,75.797,-21.2496,2.795
RGI60-05.09052,206509,75.7527,-20.6144,0.26
RGI60-05.09053,206510,75.7802,-21.2611,2.22
RGI60-05.09054,206511,75.7995,-21.3411,0.831
RGI60-05.09055,206512,75.7996,-21.3979,0.404
RGI60-05.09056,206513,75.7558,-20.7198,0.295
RGI60-05.09057,206514,75.7345,-20.5148,0.138
RGI60-05.09058,206515,75.9274,-22.2996,0.463
RGI60-05.09059,206516,76.2738,-25.8761,0.243
RGI60-05.09060,206517,76.114,-24.3608,1.451
RGI60-05.09061,206518,75.7348,-20.5618,1.449
RGI60-05.09062,206519,76.1279,-24.3591,0.315
RGI60-05.09063,206520,75.7601,-20.6959,0.279
RGI60-05.09064,206521,76.126,-24.3018,0.125
RGI60-05.09065,206522,75.7268,-20.373,0.123
RGI60-05.09066,206523,75.7111,-20.2467,0.211
RGI60-05.09067,206524,75.807,-21.1285,1.219
RGI60-05.09068,206525,75.7717,-20.772,0.284
RGI60-05.09069,206526,76.0958,-23.9368,0.306
RGI60-05.09070,206527,76.1844,-24.9859,1.067
RGI60-05.09071,206528,76.2865,-26.1234,0.566
RGI60-05.09072,206529,76.0898,-24.1318,19.995
RGI60-05.09073,206530,75.9276,-22.174,0.149
RGI60-05.09074,206531,76.1245,-24.1887,0.101
RGI60-05.09075,206532,75.7441,-20.4902,0.258
RGI60-05.09076,206533,75.7716,-20.7213,0.856
RGI60-05.09077,206534,76.0892,-23.6106,0.113
RGI60-05.09078,206535,75.9659,-22.3608,0.862
RGI60-05.09079,206536,76.2249,-25.1358,0.534
RGI60-05.09080,206537,75.8694,-21.3874,0.266
RGI60-05.09081,206538,75.8628,-21.299,0.105
RGI60-05.09082,206539,76.0974,-23.6034,0.124
RGI60-05.09083,206540,76.3111,-25.9883,0.669
RGI60-05.09084,206541,76.2803,-25.6043,0.6
RGI60-05.09085,206542,76.319,-26.0639,0.22
RGI60-05.09086,206543,76.2721,-25.5497,0.421
RGI60-05.09087,206544,76.2869,-25.653,0.153
RGI60-05.09088,206545,76.0356,-22.8374,0.349
RGI60-05.09089,206546,76.113,-23.5965,0.129
RGI60-05.09090,206547,75.864,-21.1521,0.575
RGI60-05.09091,206548,75.8821,-21.7754,1.755
RGI60-05.09092,206549,75.9171,-21.7717,8.297
RGI60-05.09093,206550,75.9234,-21.7005,1.057
RGI60-05.09094,206551,75.9051,-21.7038,3.531
RGI60-05.09095,206552,75.8891,-21.7159,1.244
RGI60-05.09096,206553,75.8934,-21.8139,6.917
RGI60-05.09097,206554,76.2234,-24.9977,2.664
RGI60-05.09098,206555,75.8651,-21.1127,0.178
RGI60-05.09099,206556,76.1425,-23.84,0.104
RGI60-05.09100,206557,75.848,-20.896,0.215
RGI60-05.09101,206558,76.2885,-25.3739,0.114
RGI60-05.09102,206559,75.8956,-21.2638,0.073
RGI60-05.09103,206560,75.9889,-22.1865,2.821
RGI60-05.09104,206561,75.9962,-22.2605,3.785
RGI60-05.09105,206562,75.9834,-22.243,2.015
RGI60-05.09106,206563,75.8816,-21.0582,0.156
RGI60-05.09107,206564,75.9231,-21.373,0.246
RGI60-05.09108,206565,76.0069,-22.2122,1.016
RGI60-05.09109,206566,75.8647,-20.7927,0.126
RGI60-05.09110,206567,75.8898,-21.1537,2.599
RGI60-05.09111,206568,75.8914,-21.1818,0.229
RGI60-05.09112,206569,75.8775,-21.1305,3.314
RGI60-05.09113,206570,75.8705,-21.1715,0.058
RGI60-05.09114,206571,75.872,-21.2062,1.193
RGI60-05.09115,206572,75.8942,-21.0467,0.578
RGI60-05.09116,206573,75.8473,-20.58,0.141
RGI60-05.09117,206574,76.3534,-25.9054,0.998
RGI60-05.09118,206575,75.8773,-20.8255,0.171
RGI60-05.09119,206576,75.9422,-21.4346,0.604
RGI60-05.09120,206577,75.9367,-21.4829,1.409
RGI60-05.09121,206578,75.9061,-21.3227,9.07
RGI60-05.09122,206579,75.9272,-21.4259,4.979
RGI60-05.09123,206580,75.8908,-21.3608,0.101
RGI60-05.09124,206581,75.9351,-21.2614,0.885
RGI60-05.09125,206582,75.9046,-21.4414,8.867
RGI60-05.09126,206583,75.8926,-21.4698,0.256
RGI60-05.09127,206584,75.8809,-21.423,2.991
RGI60-05.09128,206585,75.8673,-20.6057,0.893
RGI60-05.09129,206586,75.8733,-21.273,2.687
RGI60-05.09130,206587,75.8796,-21.3379,2.826
RGI60-05.09131,206588,75.8803,-21.3765,0.077
RGI60-05.09132,206589,75.8863,-20.8471,0.251
RGI60-05.09133,206590,75.7656,-19.76,0.122
RGI60-05.09134,206591,75.9117,-21.0067,0.784
RGI60-05.09135,206592,75.9183,-21.038,0.597
RGI60-05.09136,206593,75.9055,-20.9683,1.556
RGI60-05.09137,206594,75.9057,-21.2101,7.677
RGI60-05.09138,206595,75.8772,-21.2414,0.238
RGI60-05.09139,206596,75.8946,-20.8082,1.048
RGI60-05.09140,206597,75.8725,-20.5487,0.156
RGI60-05.09141,206598,75.8783,-20.6011,0.288
RGI60-05.09142,206599,75.9038,-20.767,0.113
RGI60-05.09143,206600,75.8865,-20.6258,0.682
RGI60-05.09144,206601,76.2537,-24.3105,0.38
RGI60-05.09145,206602,76.2524,-24.2448,0.273
RGI60-05.09146,206603,75.9,-20.7083,0.66
RGI60-05.09147,206604,75.8885,-20.7228,2.106
RGI60-05.09148,206605,75.9372,-21.0239,0.186
RGI60-05.09149,206606,75.8173,-19.9524,0.162
RGI60-05.09150,206607,75.9258,-20.9264,0.561
RGI60-05.09151,206608,76.2602,-24.2604,0.167
RGI60-05.09152,206609,75.9073,-20.6935,0.112
RGI60-05.09153,206610,75.9325,-20.9409,0.143
RGI60-05.09154,206611,75.8281,-19.9851,0.136
RGI60-05.09155,206612,75.8391,-20.073,0.157
RGI60-05.09156,206613,75.9352,-20.9887,1.204
RGI60-05.09157,206614,75.9134,-20.6976,0.116
RGI60-05.09158,206615,76.2465,-24.033,1.627
RGI60-05.09159,206616,76.3827,-25.619,0.889
RGI60-05.09160,206617,76.0077,-21.5419,0.141
RGI60-05.09161,206618,76.1192,-22.6355,0.413
RGI60-05.09162,206619,76.3889,-25.5948,0.209
RGI60-05.09163,206620,75.9115,-20.6402,0.156
RGI60-05.09164,206621,76.2799,-24.397,0.822
RGI60-05.09165,206622,76.2702,-24.3809,0.726
RGI60-05.09166,206623,76.2734,-24.4154,0.685
RGI60-05.09167,206624,76.2719,-24.4698,0.634
RGI60-05.09168,206625,76.2626,-24.4176,2.518
RGI60-05.09169,206626,76.2672,-24.5078,1.012
RGI60-05.09170,206627,75.9049,-20.5484,0.169
RGI60-05.09171,206628,75.8573,-20.1403,1.428
RGI60-05.09172,206629,75.9187,-20.6054,0.113
RGI60-05.09173,206630,76.3623,-25.1679,0.322
RGI60-05.09174,206631,76.2545,-23.9276,0.344
RGI60-05.09175,206632,75.9238,-20.634,0.195
RGI60-05.09176,206633,76.3693,-25.2445,1.032
RGI60-05.09177,206634,75.9215,-20.588,0.103
RGI60-05.09178,206635,76.3929,-25.3607,0.494
RGI60-05.09179,206636,76.1089,-22.4154,1.073
RGI60-05.09180,206637,75.8619,-20.0641,0.293
RGI60-05.09181,206638,76.3871,-25.3997,0.258
RGI60-05.09182,206639,75.9358,-20.7165,0.123
RGI60-05.09183,206640,76.2569,-23.9564,0.937
RGI60-05.09184,206641,76.376,-25.224,0.269
RGI60-05.09185,206642,75.8712,-20.1025,0.185
RGI60-05.09186,206643,76.3854,-25.3302,0.146
RGI60-05.09187,206644,75.9315,-20.6371,0.192
RGI60-05.09188,206645,76.4065,-25.6384,1.719
RGI60-05.09189,206646,76.4173,-25.5722,0.113
RGI60-05.09190,206647,76.4008,-25.3864,0.405
RGI60-05.09191,206648,76.3656,-24.9151,0.126
RGI60-05.09192,206649,76.4318,-25.677,0.716
RGI60-05.09193,206650,76.4037,-25.3159,0.437
RGI60-05.09194,206651,76.1319,-22.241,0.463
RGI60-05.09195,206652,76.0099,-21.0417,0.177
RGI60-05.09196,206653,76.45,-25.6401,0.133
RGI60-05.09197,206654,76.4291,-25.4149,0.48
RGI60-05.09198,206655,76.4457,-25.608,0.402
RGI60-05.09199,206656,76.4288,-25.3258,0.217
RGI60-05.09200,206657,76.1415,-22.2352,0.825
RGI60-05.09202,206658,76.4592,-25.44,0.342
RGI60-05.09203,206659,76.0155,-21.0278,2.261
RGI60-05.09204,206660,76.4344,-25.419,0.568
RGI60-05.09205,206661,76.4404,-25.3425,0.172
RGI60-05.09206,206662,76.1436,-22.1609,0.595
RGI60-05.09207,206663,76.0187,-20.878,0.156
RGI60-05.09208,206664,76.4593,-25.4005,1.616
RGI60-05.09209,206665,76.0108,-20.6029,0.548
RGI60-05.09210,206666,76.0065,-20.4981,0.111
RGI60-05.09211,206667,76.471,-25.4247,0.959
RGI60-05.09212,206668,76.4755,-25.3521,0.361
RGI60-05.09213,206669,75.9964,-20.5571,0.568
RGI60-05.09214,206670,75.9958,-20.3707,0.273
RGI60-05.09215,206671,76.0269,-20.6271,0.376
RGI60-05.09216,206672,76.0386,-20.7451,0.482
RGI60-05.09217,206673,76.0422,-20.7841,1.328
RGI60-05.09218,206674,76.0495,-20.7716,0.069
RGI60-05.09219,206675,76.04,-20.7364,0.403
RGI60-05.09220,206676,76.0249,-20.5112,0.147
RGI60-05.09221,206677,76.0856,-21.014,0.103
RGI60-05.09222,206678,76.4949,-25.3185,0.139
RGI60-05.09223,206679,76.0431,-20.6126,0.207
RGI60-05.09224,206680,76.4878,-25.3894,1.707
RGI60-05.09225,206681,76.026,-20.4066,0.25
RGI60-05.09226,206682,76.5078,-25.3699,0.459
RGI60-05.09227,206683,76.0424,-20.5104,1.095
RGI60-05.09228,206684,76.512,-25.3239,0.156
RGI60-05.09229,206685,76.0657,-20.6976,0.853
RGI60-05.09230,206686,76.0676,-20.6463,0.193
RGI60-05.09231,206687,76.0421,-20.4204,0.113
RGI60-05.09232,206688,76.0703,-20.6718,0.245
RGI60-05.09233,206689,76.5253,-25.3985,0.143
RGI60-05.09234,206690,76.0779,-20.7029,0.264
RGI60-05.09235,206691,76.4937,-24.9016,0.169
RGI60-05.09236,206692,76.0452,-20.3181,0.192
RGI60-05.09237,206693,76.0472,-20.2847,0.332
RGI60-05.09238,206694,76.0609,-20.4154,0.134
RGI60-05.09239,206695,76.0824,-20.5935,0.135
RGI60-05.09240,206696,76.4858,-24.7185,0.457
RGI60-05.09241,206697,76.4936,-24.774,0.208
RGI60-05.09242,206698,76.5081,-24.9553,0.768
RGI60-05.09243,206699,76.5165,-25.0215,0.692
RGI60-05.09244,206700,76.4933,-24.7095,0.443
RGI60-05.09245,206701,76.1178,-20.8008,0.126
RGI60-05.09246,206702,76.0841,-20.4916,0.104
RGI60-05.09247,206703,76.1201,-20.8506,0.763
RGI60-05.09248,206704,76.2703,-22.2421,0.14
RGI60-05.09249,206705,76.4938,-24.6321,0.233
RGI60-05.09250,206706,76.0611,-20.2697,0.257
RGI60-05.09251,206707,76.2508,-22.0061,0.314
RGI60-05.09252,206708,76.0892,-20.6564,4.125
RGI60-05.09253,206709,76.101,-20.6166,0.912
RGI60-05.09254,206710,76.5018,-24.674,0.693
RGI60-05.09255,206711,76.1205,-20.752,1.179
RGI60-05.09256,206712,76.0964,-20.5553,3.764
RGI60-05.09257,206713,76.0988,-21.1118,72.896
RGI60-05.09258,206714,76.1178,-21.6759,0.432
RGI60-05.09259,206715,76.0588,-20.7637,0.851
RGI60-05.09260,206716,76.1546,-21.1582,10.233
RGI60-05.09261,206717,76.1495,-21.3236,23.176
RGI60-05.09262,206718,76.0967,-21.4361,99.603
RGI60-05.09263,206719,76.0907,-21.6551,6.809
RGI60-05.09264,206720,76.0247,-20.7365,0.81
RGI60-05.09265,206721,76.0179,-21.3261,9.385
RGI60-05.09266,206722,76.0382,-20.943,15.894
RGI60-05.09267,206723,76.036,-21.2617,12.34
RGI60-05.09268,206724,76.0566,-21.6111,14.631
RGI60-05.09269,206725,76.0292,-21.5542,8.213
RGI60-05.09270,206726,76.0337,-21.6803,0.466
RGI60-05.09271,206727,76.0269,-21.4468,10.422
RGI60-05.09272,206728,76.0139,-21.4018,0.353
RGI60-05.09273,206729,76.0309,-21.1182,5.992
RGI60-05.09274,206730,76.0421,-20.8218,0.068
RGI60-05.09275,206731,76.0234,-20.8107,3.226
RGI60-05.09276,206732,76.0739,-20.9684,14.267
RGI60-05.09277,206733,76.2928,-22.3344,0.129
RGI60-05.09278,206734,76.0734,-20.2968,0.242
RGI60-05.09279,206735,76.0678,-20.845,16.21
RGI60-05.09280,206736,76.1123,-20.5653,0.164
RGI60-05.09281,206737,76.2498,-21.8034,0.174
RGI60-05.09282,206738,76.5015,-24.4417,0.466
RGI60-05.09283,206739,76.5287,-24.9194,0.259
RGI60-05.09284,206740,76.2618,-22.1403,10.05
RGI60-05.09285,206741,76.2734,-22.0989,0.141
RGI60-05.09286,206742,76.5042,-24.5314,0.119
RGI60-05.09287,206743,76.1034,-20.45,0.14
RGI60-05.09288,206744,76.1129,-20.529,0.809
RGI60-05.09289,206745,76.2674,-22.0453,0.806
RGI60-05.09290,206746,76.1556,-20.858,0.603
RGI60-05.09291,206747,76.4931,-24.3338,0.526
RGI60-05.09292,206748,76.4336,-23.6498,0.6
RGI60-05.09293,206749,76.2682,-21.93,0.485
RGI60-05.09294,206750,76.4765,-24.0621,0.233
RGI60-05.09295,206751,76.2493,-21.9265,4.546
RGI60-05.09296,206752,76.151,-20.7689,0.285
RGI60-05.09297,206753,76.469,-23.9717,0.393
RGI60-05.09298,206754,76.1448,-20.6866,0.366
RGI60-05.09299,206755,76.1491,-20.7171,0.451
RGI60-05.09300,206756,76.5232,-24.5618,0.21
RGI60-05.09301,206757,76.2727,-21.9797,2.915
RGI60-05.09302,206758,76.1588,-20.7578,0.221
RGI60-05.09303,206759,76.4568,-23.7408,0.066
RGI60-05.09304,206760,76.4573,-23.7658,0.09
RGI60-05.09305,206761,76.5194,-24.4332,1.193
RGI60-05.09306,206762,76.0815,-20.0277,0.213
RGI60-05.09307,206763,76.5341,-24.4079,0.766
RGI60-05.09308,206764,76.4759,-23.9441,0.483
RGI60-05.09309,206765,76.1628,-20.7396,0.191
RGI60-05.09310,206766,76.4861,-24.0098,0.283
RGI60-05.09311,206767,76.2911,-21.9979,0.531
RGI60-05.09312,206768,76.2881,-21.9301,0.15
RGI60-05.09313,206769,76.5102,-24.3727,1.524
RGI60-05.09314,206770,76.4841,-23.962,0.335
RGI60-05.09315,206771,76.4859,-23.9291,0.39
RGI60-05.09316,206772,76.3149,-22.0871,0.11
RGI60-05.09317,206773,76.5183,-24.5255,1.025
RGI60-05.09318,206774,76.5319,-24.5046,2.075
RGI60-05.09319,206775,76.4952,-24.0179,0.296
RGI60-05.09320,206776,76.4697,-23.6697,0.138
RGI60-05.09321,206777,76.2964,-21.8829,0.44
RGI60-05.09322,206778,76.3171,-22.0558,0.366
RGI60-05.09323,206779,76.1923,-20.8931,2.775
RGI60-05.09324,206780,76.1882,-20.83,1.521
RGI60-05.09325,206781,76.1703,-20.8036,2.555
RGI60-05.09326,206782,76.5983,-24.8766,0.104
RGI60-05.09327,206783,76.5803,-24.7175,0.609
RGI60-05.09328,206784,76.1731,-20.8773,5.404
RGI60-05.09329,206785,76.4941,-23.9729,1.004
RGI60-05.09330,206786,76.57,-24.6803,0.195
RGI60-05.09331,206787,76.3064,-21.7457,0.121
RGI60-05.09332,206788,76.5533,-24.372,1.004
RGI60-05.09333,206789,76.2417,-21.0997,0.241
RGI60-05.09334,206790,76.6142,-25.0636,0.296
RGI60-05.09335,206791,76.5764,-24.9383,3.832
RGI60-05.09336,206792,76.3018,-21.7887,0.146
RGI60-05.09337,206793,76.5733,-24.6423,0.114
RGI60-05.09338,206794,76.4798,-23.5638,0.099
RGI60-05.09339,206795,76.2416,-21.1307,0.165
RGI60-05.09340,206796,76.5914,-24.7424,1.349
RGI60-05.09341,206797,76.5103,-24.5812,1.119
RGI60-05.09342,206798,76.5465,-24.7875,64.489
RGI60-05.09343,206799,76.5097,-24.7475,2.958
RGI60-05.09344,206800,76.5158,-24.8847,2.767
RGI60-05.09345,206801,76.1556,-20.2251,0.228
RGI60-05.09346,206802,76.5467,-24.1748,0.32
RGI60-05.09347,206803,76.3347,-21.9028,0.108
RGI60-05.09348,206804,76.1673,-20.2661,0.188
RGI60-05.09349,206805,76.6305,-25.0423,0.288
RGI60-05.09350,206806,76.4962,-23.5213,0.184
RGI60-05.09351,206807,76.6083,-24.7742,1.516
RGI60-05.09352,206808,76.3361,-21.8187,0.166
RGI60-05.09353,206809,76.5967,-24.5953,0.164
RGI60-05.09354,206810,76.1733,-20.2567,0.155
RGI60-05.09355,206811,76.1754,-20.293,0.651
RGI60-05.09356,206812,76.1533,-20.0487,0.433
RGI60-05.09357,206813,76.6561,-25.2795,1.148
RGI60-05.09358,206814,76.6331,-24.9194,0.226
RGI60-05.09359,206815,76.6835,-25.575,0.205
RGI60-05.09360,206816,76.5495,-23.9979,0.305
RGI60-05.09361,206817,76.6155,-24.7536,0.24
RGI60-05.09362,206818,76.6367,-25.0781,2.204
RGI60-05.09363,206819,76.2236,-20.6638,0.485
RGI60-05.09364,206820,76.1795,-20.1865,0.345
RGI60-05.09365,206821,76.5354,-23.7067,0.108
RGI60-05.09366,206822,76.2008,-20.0487,0.24
RGI60-05.09367,206823,76.8969,-24.1477,0.213
RGI60-05.09368,206824,76.8687,-24.2237,48.287
RGI60-05.09369,206825,76.2803,-18.7074,0.14
RGI60-05.09370,206826,76.8324,-24.1321,0.133
RGI60-05.09371,206827,76.8385,-24.1137,0.104
RGI60-05.09372,206828,76.7623,-25.1469,0.13
RGI60-05.09376,206829,76.2457,-20.8605,0.277
RGI60-05.09377,206830,76.6814,-25.5216,0.312
RGI60-05.09378,206831,76.6167,-24.7177,0.132
RGI60-05.09379,206832,76.1328,-18.6779,0.145
RGI60-05.09380,206833,76.1581,-20.0115,0.536
RGI60-05.09381,206834,76.1849,-20.2304,0.738
RGI60-05.09382,206835,76.2525,-20.8201,0.213
RGI60-05.09383,206836,76.2482,-20.8001,0.361
RGI60-05.09384,206837,76.6435,-24.9395,0.426
RGI60-05.09385,206838,76.6249,-24.6613,0.165
RGI60-05.09386,206839,76.6299,-24.7261,0.274
RGI60-05.09387,206840,76.6806,-25.3007,0.346
RGI60-05.09388,206841,76.7592,-24.8667,0.307
RGI60-05.09389,206842,76.1998,-20.2711,1.23
RGI60-05.09390,206843,76.1904,-20.1687,0.703
RGI60-05.09391,206844,76.1942,-20.3391,4.696
RGI60-05.09392,206845,76.2104,-20.6346,1.017
RGI60-05.09393,206846,76.7516,-24.3834,0.202
RGI60-05.09394,206847,76.1647,-20.326,4.368
RGI60-05.09395,206848,76.1742,-20.5819,1.203
RGI60-05.09396,206849,76.1907,-20.5674,8.292
RGI60-05.09397,206850,76.1702,-20.5147,1.576
RGI60-05.09398,206851,76.1728,-20.4192,6.996
RGI60-05.09399,206852,76.2123,-20.6005,2.284
RGI60-05.09400,206853,76.1923,-20.4812,5.157
RGI60-05.09401,206854,76.1926,-20.4014,0.878
RGI60-05.09402,206855,76.2778,-20.9086,0.222
RGI60-05.09403,206856,76.269,-20.8827,1.727
RGI60-05.09404,206857,76.6773,-25.1351,0.304
RGI60-05.09405,206858,76.6629,-24.8885,0.102
RGI60-05.09406,206859,76.2101,-20.2041,0.287
RGI60-05.09407,206860,76.6672,-24.8785,0.181
RGI60-05.09408,206861,76.2063,-20.234,2.412
RGI60-05.09409,206862,76.7173,-25.3887,0.109
RGI60-05.09410,206863,76.7229,-25.5298,0.299
RGI60-05.09411,206864,76.5597,-23.5542,0.115
RGI60-05.09412,206865,76.6705,-24.9181,0.549
RGI60-05.09413,206866,76.6657,-25.0629,8.582
RGI60-05.09414,206867,76.7224,-25.3685,0.189
RGI60-05.09415,206868,76.3829,-21.68,0.371
RGI60-05.09416,206869,76.6902,-24.847,0.107
RGI60-05.09417,206870,76.7417,-25.4835,0.752
RGI60-05.09418,206871,76.7379,-25.4173,0.848
RGI60-05.09419,206872,76.7516,-25.525,0.253
RGI60-05.09420,206873,76.7351,-25.2894,0.177
RGI60-05.09421,206874,76.5713,-23.427,0.197
RGI60-05.09422,206875,76.3642,-21.7171,2.723
RGI60-05.09423,206876,76.179,-18.6472,0.22
RGI60-05.09425,206877,76.3615,-22.0072,14.571
RGI60-05.09426,206878,76.3822,-21.962,14.12
RGI60-05.09427,206879,76.7613,-25.0159,0.537
RGI60-05.09428,206880,76.3849,-21.8137,25.923
RGI60-05.09429,206881,76.3751,-21.6967,0.235
RGI60-05.09430,206882,76.7371,-24.9571,0.406
RGI60-05.09431,206883,76.7725,-25.3347,0.104
RGI60-05.09432,206884,76.3495,-21.8092,6.195
RGI60-05.09433,206885,76.7592,-25.4592,0.234
RGI60-05.09434,206886,76.7511,-25.2207,0.265
RGI60-05.09435,206887,76.7439,-25.2716,0.471
RGI60-05.09436,206888,76.7596,-25.3109,0.667
RGI60-05.09437,206889,76.7823,-25.1279,0.413
RGI60-05.09438,206890,76.7773,-24.9594,1.293
RGI60-05.09439,206891,76.8109,-25.3539,0.282
RGI60-05.09440,206892,76.7777,-24.9181,0.298
RGI60-05.09441,206893,76.1574,-18.7125,0.151
RGI60-05.09442,206894,76.8189,-25.3131,1.026
RGI60-05.09443,206895,76.7781,-24.8608,0.893
RGI60-05.09444,206896,76.806686401,-24.873081207,0.878
RGI60-05.09445,206897,76.3926,-20.2789,0.336
RGI60-05.09446,206898,76.3883,-20.217,0.16
RGI60-05.09447,206899,76.7626,-24.3051,8.545
RGI60-05.09448,206900,76.253,-18.7363,0.701
RGI60-05.09449,206901,76.2714,-18.6989,0.286
RGI60-05.09450,206902,76.2737,-18.7319,0.539
RGI60-05.09451,206903,76.8219,-24.0708,0.423
RGI60-05.09452,206904,76.9042,-25.0277,2.329
RGI60-05.09453,206905,76.8325,-24.0281,0.749
RGI60-05.09454,206906,76.8746,-24.419,0.342
RGI60-05.09456,206907,76.8449,-24.0379,0.257
RGI60-05.09457,206908,76.3319,-18.8384,0.185
RGI60-05.09458,206909,76.8801,-23.9841,0.26
RGI60-05.09459,206910,76.3594,-18.8543,0.721
RGI60-05.09460,206911,76.8778,-24.452,2.272
RGI60-05.09462,206912,76.8588,-23.9852,0.166
RGI60-05.09463,206913,76.3266,-18.7521,0.216
RGI60-05.09464,206914,76.345,-18.8903,0.12
RGI60-05.09465,206915,76.3391,-18.8032,0.353
RGI60-05.09466,206916,76.8706,-23.9752,0.106
RGI60-05.09467,206917,76.3532,-18.8154,0.304
RGI60-05.09468,206918,76.8391,-24.353,2.56
RGI60-05.09469,206919,76.3719,-18.9054,0.414
RGI60-05.09470,206920,76.8941,-24.0476,0.188
RGI60-05.09471,206921,76.8833,-23.9118,0.733
RGI60-05.09472,206922,76.3808,-18.9133,0.182
RGI60-05.09473,206923,76.3823,-18.8856,0.251
RGI60-05.09474,206924,76.8856,-23.8351,0.191
RGI60-05.09475,206925,76.9679,-24.8218,0.515
RGI60-05.09476,206926,76.8925,-23.8934,0.173
RGI60-05.09477,206927,76.3847,-18.8545,0.326
RGI60-05.09478,206928,76.9982,-25.1197,1.175
RGI60-05.09480,206929,76.9568,-24.7011,0.675
RGI60-05.09481,206930,76.9577,-24.5632,0.87
RGI60-05.09482,206931,76.9782,-24.6624,0.235
RGI60-05.09483,206932,76.4152,-18.9274,0.293
RGI60-05.09484,206933,76.416,-18.8742,0.226
RGI60-05.09485,206934,76.4277,-18.942,0.14
RGI60-05.09486,206935,77.0186,-24.9503,1.09
RGI60-05.09487,206936,76.4423,-18.9137,0.159
RGI60-05.09488,206937,76.9672,-24.1756,2.822
RGI60-05.09489,206938,76.4593,-18.9918,0.742
RGI60-05.09490,206939,76.5124,-19.0821,0.146
RGI60-05.09491,206940,76.4572,-18.9394,0.448
RGI60-05.09492,206941,76.4649,-18.9618,0.153
RGI60-05.09493,206942,77.0424,-24.8409,0.18
RGI60-05.09494,206943,77.0353,-24.729,0.606
RGI60-05.09495,206944,76.4677,-18.9102,0.394
RGI60-05.09496,206945,77.0522,-24.851,0.286
RGI60-05.09497,206946,77.0477,-24.77,0.505
RGI60-05.09498,206947,76.4799,-18.9372,0.166
RGI60-05.09499,206948,76.4754,-18.8953,0.133
RGI60-05.09500,206949,76.4759,-18.9649,0.528
RGI60-05.09501,206950,76.4956,-19.0061,0.183
RGI60-05.09502,206951,77.0565,-24.8142,1.486
RGI60-05.09503,206952,76.5048,-19.0898,0.563
RGI60-05.09504,206953,77.0787,-24.9976,0.774
RGI60-05.09505,206954,77.0607,-24.7465,0.508
RGI60-05.09506,206955,76.4963,-18.8791,0.137
RGI60-05.09507,206956,76.5367,-18.9029,0.137
RGI60-05.09508,206957,79.1833,-19.8808,0.191
RGI60-05.09509,206958,77.712,-20.2576,0.114
RGI60-05.09510,206959,79.3358,-20.5145,0.157
RGI60-05.09511,206960,79.3315,-20.4673,0.149
RGI60-05.09512,206961,79.341,-20.5165,0.112
RGI60-05.09513,206962,77.0739,-24.7818,0.441
RGI60-05.09514,206963,76.5011,-18.9566,0.634
RGI60-05.09515,206964,76.5217,-19.0769,0.57
RGI60-05.09516,206965,77.0808,-24.7866,0.193
RGI60-05.09517,206966,76.5126,-19.0312,0.531
RGI60-05.09518,206967,76.5272,-19.0331,0.182
RGI60-05.09519,206968,76.5034,-18.8966,0.53
RGI60-05.09520,206969,76.5308,-19.0786,0.614
RGI60-05.09521,206970,76.5165,-18.8828,0.159
RGI60-05.09522,206971,77.0706,-24.593,0.486
RGI60-05.09523,206972,76.5241,-18.9342,0.12
RGI60-05.09524,206973,77.0811,-24.589,0.185
RGI60-05.09526,206974,76.5447,-19.0378,0.17
RGI60-05.09527,206975,76.5226,-18.9141,0.882
RGI60-05.09528,206976,76.5338,-18.9694,1.297
RGI60-05.09529,206977,77.0174,-23.6106,0.114
RGI60-05.09530,206978,76.5377,-18.8705,0.284
RGI60-05.09531,206979,76.552,-18.972,0.116
RGI60-05.09532,206980,77.0196,-23.5591,0.238
RGI60-05.09533,206981,77.1351,-24.7782,0.262
RGI60-05.09534,206982,77.1051,-24.4082,0.196
RGI60-05.09535,206983,77.1416,-24.8066,1.547
RGI60-05.09536,206984,77.1037,-24.4585,2.155
RGI60-05.09538,206985,77.1146,-24.3788,0.331
RGI60-05.09539,206986,77.1577,-24.7811,0.133
RGI60-05.09540,206987,77.1211,-24.2492,0.18
RGI60-05.09541,206988,77.1542,-24.3868,0.229
RGI60-05.09543,206989,77.1888,-24.7513,0.205
RGI60-05.09544,206990,77.1606,-24.2743,0.211
RGI60-05.09545,206991,77.2041,-24.7731,1.251
RGI60-05.09546,206992,77.1711,-24.3191,0.401
RGI60-05.09548,206993,77.4297,-24.3417,0.35
RGI60-05.09549,206994,77.4217,-24.1943,0.104
RGI60-05.09550,206995,77.22,-23.7899,0.152
RGI60-05.09551,206996,76.9959,-21.3235,27.54
RGI60-05.09552,206997,77.3902,-24.623,0.581
RGI60-05.09553,206998,77.3489,-24.0777,0.141
RGI60-05.09554,206999,78.4841,-23.1753,0.56
RGI60-05.09555,207000,77.4194,-24.3429,3.027
RGI60-05.09556,207001,77.4165,-23.8631,0.139
RGI60-05.09557,207002,77.2106,-20.2918,1.926
RGI60-05.09558,207003,77.2248,-20.5943,55.984
RGI60-05.09559,207004,77.303,-20.354,1.068
RGI60-05.09560,207005,78.2202,-18.9763,0.102
RGI60-05.09561,207006,77.1111,-19.2301,9.59
RGI60-05.09562,207007,77.2841,-20.6059,0.62
RGI60-05.09563,207008,77.6408,-22.3301,0.251
RGI60-05.09564,207009,77.2932,-20.712,12.852
RGI60-05.09565,207010,77.2988,-20.5597,1.019
RGI60-05.09566,207011,77.2816,-20.2336,12.285
RGI60-05.09567,207012,77.3151,-20.156,0.374
RGI60-05.09568,207013,77.3128,-20.0614,0.193
RGI60-05.09569,207014,77.1604,-18.8238,143.427
RGI60-05.09570,207015,77.7938,-20.548,0.494
RGI60-05.09571,207016,77.7361,-20.0493,56.685
RGI60-05.09572,207017,77.67,-22.0544,0.488
RGI60-05.09573,207018,77.7577,-20.8735,1.67
RGI60-05.09574,207019,77.6263,-19.229,3.122
RGI60-05.09575,207020,77.7185,-20.341,9.696
RGI60-05.09576,207021,77.7212,-19.7953,0.08
RGI60-05.09577,207022,77.6776,-19.2311,0.337
RGI60-05.09578,207023,77.685,-19.5706,69.43
RGI60-05.09579,207024,78.2258,-19.005,0.15
RGI60-05.09580,207025,78.261,-19.268,0.114
RGI60-05.09581,207026,77.6344,-19.3011,0.535
RGI60-05.09582,207027,77.6257,-19.4273,7.262
RGI60-05.09583,207028,78.2949,-19.199,0.703
RGI60-05.09584,207029,77.67,-19.3359,4.506
RGI60-05.09585,207030,77.8329,-20.5279,1.074
RGI60-05.09586,207031,77.8156,-20.5872,12.416
RGI60-05.09587,207032,78.3232,-19.2816,0.199
RGI60-05.09588,207033,77.8477,-20.4944,2.055
RGI60-05.09589,207034,77.622,-18.0653,0.131
RGI60-05.09590,207035,77.6178,-18.0121,0.374
RGI60-05.09591,207036,77.6084,-17.9251,0.185
RGI60-05.09592,207037,77.8054,-19.4576,1.728
RGI60-05.09593,207038,78.3296,-19.2596,0.104
RGI60-05.09594,207039,78.7671,-21.2174,0.191
RGI60-05.09595,207040,77.797,-19.7035,4.164
RGI60-05.09596,207041,77.626205444,-17.809753418,0.221
RGI60-05.09597,207042,77.7813,-19.2303,1.312
RGI60-05.09598,207043,78.6085,-21.4423,0.127
RGI60-05.09599,207044,77.6438,-17.9432,12.894
RGI60-05.09600,207045,77.7089,-17.6202,0.478
RGI60-05.09601,207046,78.1535,-21.5265,0.277
RGI60-05.09602,207047,78.4734,-23.076,0.567
RGI60-05.09603,207048,78.1737,-21.516,2.435
RGI60-05.09604,207049,78.1816,-21.5632,0.416
RGI60-05.09605,207050,78.1874,-21.5646,0.108
RGI60-05.09606,207051,77.7502,-17.7258,94.6
RGI60-05.09607,207052,78.4494,-22.9488,0.65
RGI60-05.09608,207053,78.4718,-22.9777,2.042
RGI60-05.09609,207054,78.492,-22.8937,0.114
RGI60-05.09610,207055,78.4716,-22.279,0.949
RGI60-05.09611,207056,78.52,-22.7915,0.102
RGI60-05.09612,207057,78.2162,-19.1861,0.198
RGI60-05.09613,207058,78.2674,-19.6341,0.101
RGI60-05.09614,207059,78.2203,-19.155,0.263
RGI60-05.09615,207060,78.2295,-19.1914,0.172
RGI60-05.09616,207061,78.2716,-19.5914,0.26
RGI60-05.09617,207062,78.2357,-19.0791,5.337
RGI60-05.09618,207063,78.5378,-22.2806,0.357
RGI60-05.09619,207064,78.6154,-22.9441,0.061
RGI60-05.09620,207065,78.5474,-22.117,0.147
RGI60-05.09621,207066,78.556,-22.1905,0.313
RGI60-05.09622,207067,78.2999,-19.2412,0.135
RGI60-05.09623,207068,78.5881,-21.9073,1.528
RGI60-05.09624,207069,78.5956,-21.8377,0.47
RGI60-05.09625,207070,78.3684,-19.0217,0.102
RGI60-05.09626,207071,78.5976,-21.5281,0.261
RGI60-05.09627,207072,78.6371,-21.9984,4.34
RGI60-05.09628,207073,78.617,-21.427,0.437
RGI60-05.09629,207074,78.6502,-21.7752,0.132
RGI60-05.09630,207075,78.649,-21.7371,0.349
RGI60-05.09631,207076,78.626,-21.4198,0.966
RGI60-05.09632,207077,78.6585,-21.6753,0.198
RGI60-05.09633,207078,78.7319,-21.4134,0.213
RGI60-05.09634,207079,78.7486,-21.3588,1.12
RGI60-05.09635,207080,78.7758,-21.1336,0.277
RGI60-05.09636,207081,78.564,-18.6439,0.292
RGI60-05.09637,207082,78.5714,-18.6369,0.893
RGI60-05.09638,207083,78.5875,-18.6055,0.188
RGI60-05.09639,207084,78.5844,-18.56,1.604
RGI60-05.09640,207085,78.5967,-18.5374,0.238
RGI60-05.09641,207086,78.7651,-18.1916,0.169
RGI60-05.09642,207087,78.608,-18.5227,0.867
RGI60-05.09643,207088,78.6191,-18.4268,0.231
RGI60-05.09644,207089,78.8005,-18.2019,0.103
RGI60-05.09645,207090,78.8386,-18.0951,0.1
RGI60-05.09646,207091,79.2575,-21.3175,0.912
RGI60-05.09647,207092,79.2741,-21.3497,0.161
RGI60-05.09648,207093,79.1722,-19.9413,0.154
RGI60-05.09649,207094,78.7793,-19.5843,5.552
RGI60-05.09650,207095,78.7283,-18.1736,0.166
RGI60-05.09651,207096,78.751,-18.2383,0.123
RGI60-05.09652,207097,78.7604,-18.2221,0.121
RGI60-05.09653,207098,78.7581,-18.1675,0.15
RGI60-05.09654,207099,79.0543,-20.2175,8.015
RGI60-05.09655,207100,79.082,-20.087,0.199
RGI60-05.09656,207101,79.1173,-20.0221,0.243
RGI60-05.09657,207102,79.2558,-21.48,0.218
RGI60-05.09658,207103,79.2663,-21.5047,0.273
RGI60-05.09659,207104,79.2554,-21.3638,0.11
RGI60-05.09660,207105,79.1083,-20.1732,22.503
RGI60-05.09661,207106,79.2553,-21.5107,0.227
RGI60-05.09662,207107,79.1866,-19.6227,0.154
RGI60-05.09663,207108,79.3084,-20.9235,0.292
RGI60-05.09664,207109,79.0515,-17.9269,0.107
RGI60-05.09665,207110,79.038,-17.8,0.136
RGI60-05.09666,207111,79.2038,-19.5405,0.199
RGI60-05.09667,207112,79.2823,-20.7383,10.637
RGI60-05.09668,207113,79.9827,-19.3185,0.493
RGI60-05.09669,207114,79.0486,-17.8571,0.419
RGI60-05.09670,207115,79.0454,-17.7669,0.238
RGI60-05.09671,207116,79.2078,-19.4442,0.457
RGI60-05.09672,207117,79.3301,-20.7722,0.388
RGI60-05.09673,207118,79.0501,-17.7124,0.325
RGI60-05.09674,207119,79.3307,-20.7236,0.254
RGI60-05.09675,207120,79.3189,-20.4929,0.213
RGI60-05.09676,207121,79.0648,-17.6701,0.238
RGI60-05.09677,207122,79.0703,-17.7034,0.217
RGI60-05.09678,207123,79.3376,-20.4721,0.543
RGI60-05.09679,207124,79.3492,-20.5945,0.217
RGI60-05.09680,207125,79.287,-19.8451,5.208
RGI60-05.09681,207126,79.2279,-19.8588,4.692
RGI60-05.09682,207127,79.7231,-19.819,0.635
RGI60-05.09683,207128,79.9854,-19.278,0.064
RGI60-05.09684,207129,79.2323,-19.5071,23.23
RGI60-05.09685,207130,79.1242,-17.6547,0.101
RGI60-05.09686,207131,79.253,-19.8967,25.538
RGI60-05.09687,207132,79.1293,-17.6857,0.214
RGI60-05.09688,207133,79.3497,-19.9327,0.118
RGI60-05.09689,207134,79.1025,-17.8198,42.461
RGI60-05.09690,207135,79.3948,-20.3258,0.287
RGI60-05.09691,207136,80.1151,-20.8608,0.079
RGI60-05.09692,207137,79.2653,-20.1155,24.463
RGI60-05.09693,207138,79.3418,-19.7842,2.109
RGI60-05.09694,207139,79.2115,-19.9705,26.511
RGI60-05.09695,207140,79.3292,-21.5591,11.59
RGI60-05.09696,207141,79.2101,-20.256,46.333
RGI60-05.09697,207142,79.1651,-20.0993,27.65
RGI60-05.09698,207143,79.0943,-17.6398,0.248
RGI60-05.09699,207144,79.1076,-17.6609,0.169
RGI60-05.09700,207145,79.1137,-17.6737,0.507
RGI60-05.09701,207146,79.4139,-20.6389,19.428
RGI60-05.09702,207147,79.3635,-20.6176,46.26
RGI60-05.09703,207148,79.3783,-19.7259,0.122
RGI60-05.09704,207149,79.431,-20.2269,2.075
RGI60-05.09705,207150,79.3483,-20.7533,9.721
RGI60-05.09706,207151,79.3671,-19.8782,3.261
RGI60-05.09707,207152,79.2878,-21.589,13.458
RGI60-05.09708,207153,79.4077,-20.2322,3.635
RGI60-05.09709,207154,79.3683,-21.3437,10.776
RGI60-05.09710,207155,79.4321,-20.7682,7.682
RGI60-05.09711,207156,79.3771,-21.0934,54.699
RGI60-05.09712,207157,79.3938,-20.2457,0.858
RGI60-05.09713,207158,79.3468,-21.4501,20.392
RGI60-05.09714,207159,79.3118,-21.6167,11.926
RGI60-05.09715,207160,80.1375,-21.1265,0.353
RGI60-05.09716,207161,79.293,-21.3394,13.101
RGI60-05.09717,207162,79.3776,-20.1313,3.905
RGI60-05.09718,207163,79.3883,-20.24,0.714
RGI60-05.09719,207164,79.3938,-20.024,18.684
RGI60-05.09720,207165,80.1356,-21.152,0.34
RGI60-05.09721,207166,79.3111,-21.2289,20.744
RGI60-05.09722,207167,79.8312,-21.0111,0.773
RGI60-05.09723,207168,79.7653,-19.4825,0.319
RGI60-05.09724,207169,79.3397,-21.0271,15.845
RGI60-05.09725,207170,79.4231,-20.9695,5.945
RGI60-05.09726,207171,80.1731,-19.3082,11.788
RGI60-05.09727,207172,79.3833,-19.8123,4.318
RGI60-05.09728,207173,79.695,-20.9025,0.306
RGI60-05.09729,207174,79.6953,-20.8521,0.202
RGI60-05.09730,207175,79.7398,-21.1602,0.258
RGI60-05.09731,207176,79.7646,-21.3408,0.103
RGI60-05.09732,207177,79.7607,-19.4507,0.119
RGI60-05.09733,207178,79.7669,-19.5389,1.12
RGI60-05.09734,207179,79.7195,-20.8548,5.07
RGI60-05.09735,207180,79.7679,-21.205,0.132
RGI60-05.09736,207181,79.7933,-21.0843,0.115
RGI60-05.09737,207182,79.8018,-21.1093,2.771
RGI60-05.09738,207183,79.7738,-20.6265,0.185
RGI60-05.09739,207184,79.9345,-21.8276,38.941
RGI60-05.09740,207185,79.7448,-19.6809,27.791
RGI60-05.09741,207186,79.7392,-19.353,1.002
RGI60-05.09742,207187,79.7357,-19.4095,0.225
RGI60-05.09743,207188,79.7524,-19.3978,4.812
RGI60-05.09744,207189,79.756,-19.4716,0.055
RGI60-05.09745,207190,79.7375,-19.4132,0.081
RGI60-05.09746,207191,79.7227,-19.6109,0.377
RGI60-05.09747,207192,79.7338,-19.514,3.617
RGI60-05.09748,207193,79.7124,-19.8049,3.338
RGI60-05.09749,207194,79.8179,-19.8121,1.156
RGI60-05.09750,207195,79.6955,-18.2724,0.182
RGI60-05.09751,207196,79.7206,-18.4716,0.104
RGI60-05.09752,207197,79.894,-20.4845,0.181
RGI60-05.09753,207198,79.7885,-19.1977,0.905
RGI60-05.09754,207199,79.9012,-20.5527,0.923
RGI60-05.09755,207200,79.7931,-19.1579,0.346
RGI60-05.09756,207201,79.8563,-19.771,0.271
RGI60-05.09757,207202,79.8118,-19.0,0.182
RGI60-05.09758,207203,79.9287,-18.9422,0.251
RGI60-05.09759,207204,80.116,-21.1506,0.475
RGI60-05.09760,207205,79.9383,-20.4543,9.365
RGI60-05.09761,207206,80.0225,-21.8062,48.534
RGI60-05.09762,207207,79.9817,-20.3495,0.395
RGI60-05.09763,207208,79.9066,-19.4367,0.297
RGI60-05.09764,207209,79.8865,-19.0243,0.128
RGI60-05.09765,207210,79.8978,-19.0871,0.181
RGI60-05.09766,207211,80.0926,-21.0994,0.214
RGI60-05.09767,207212,80.1031,-20.8513,1.87
RGI60-05.09768,207213,80.1183,-20.979,6.703
RGI60-05.09769,207214,80.1314,-21.1022,0.302
RGI60-05.09770,207215,80.1084,-21.0602,1.838
RGI60-05.09771,207216,79.8,-19.2251,0.745
RGI60-05.09772,207217,80.1241,-21.1096,1.099
RGI60-05.09773,207218,80.1254,-20.8886,0.341
RGI60-05.09774,207219,80.1438,-20.918,0.515
RGI60-05.09775,207220,79.8703,-17.5031,0.169
RGI60-05.09776,207221,80.0484,-19.4882,0.624
RGI60-05.09777,207222,80.0599,-19.431,1.715
RGI60-05.09778,207223,80.2866,-21.9441,0.231
RGI60-05.09779,207224,80.295,-21.9757,0.749
RGI60-05.09780,207225,80.0905,-19.2176,1.419
RGI60-05.09781,207226,80.0907,-19.31,4.958
RGI60-05.09782,207227,80.1008,-19.0997,0.184
RGI60-05.09783,207228,79.9688,-17.5637,0.225
RGI60-05.09784,207229,79.9464,-17.4101,3.764
RGI60-05.09785,207230,80.3098,-22.0458,10.776
RGI60-05.09786,207231,79.97,-17.5133,0.227
RGI60-05.09787,207232,80.1483,-19.362,1.226
RGI60-05.09788,207233,80.1204,-18.9815,13.405
RGI60-05.09789,207234,80.106,-19.0422,0.396
RGI60-05.09790,207235,80.0987,-19.138,0.158
RGI60-05.09791,207236,80.108,-19.226,1.164
RGI60-05.09792,207237,80.1238,-19.1401,5.227
RGI60-05.09793,207238,80.2603,-20.4813,0.118
RGI60-05.09794,207239,80.2665,-20.4886,0.132
RGI60-05.09795,207240,80.2088,-19.6978,0.477
RGI60-05.09796,207241,80.1437,-18.9112,0.948
RGI60-05.09797,207242,80.1413,-18.936,0.338
RGI60-05.09798,207243,80.1875,-19.3312,0.253
RGI60-05.09799,207244,80.1676,-19.11,7.55
RGI60-05.09800,207245,80.1537,-18.9803,2.135
RGI60-05.09801,207246,79.9616,-18.4396,137.972
RGI60-05.09802,207247,79.9902,-18.7914,27.719
RGI60-05.09803,207248,79.9836,-17.6113,1.689
RGI60-05.09804,207249,79.8029,-18.0326,155.892
RGI60-05.09805,207250,79.9981,-19.1649,5.561
RGI60-05.09806,207251,79.9578,-19.3805,18.385
RGI60-05.09807,207252,79.8712,-19.7267,2.97
RGI60-05.09808,207253,79.9747,-17.8059,33.661
RGI60-05.09809,207254,79.9926,-17.6952,0.109
RGI60-05.09810,207255,79.9584,-19.5719,3.079
RGI60-05.09811,207256,79.9249,-19.3779,9.614
RGI60-05.09812,207257,79.8894,-18.6721,91.29
RGI60-05.09813,207258,79.9432,-19.6055,2.078
RGI60-05.09814,207259,79.923,-19.5787,8.834
RGI60-05.09815,207260,79.8935,-19.5108,1.41
RGI60-05.09816,207261,79.8656,-19.6196,2.489
RGI60-05.09817,207262,79.8308,-19.3643,0.897
RGI60-05.09818,207263,79.8286,-18.6096,72.222
RGI60-05.09819,207264,79.8267,-19.3222,1.361
RGI60-05.09820,207265,79.8098,-19.2692,2.44
RGI60-05.09821,207266,79.8487,-19.2491,17.993
RGI60-05.09822,207267,79.8582,-19.0939,0.075
RGI60-05.09823,207268,79.7403,-18.489,3.451
RGI60-05.09824,207269,79.7486,-18.5803,1.459
RGI60-05.09825,207270,79.8132,-19.1629,6.586
RGI60-05.09826,207271,80.0599,-17.6412,5.013
RGI60-05.09827,207272,80.0185,-18.1407,44.352
RGI60-05.09828,207273,79.9607,-18.9863,25.046
RGI60-05.09829,207274,79.9914,-19.1321,0.066
RGI60-05.09830,207275,79.8892,-19.6346,9.961
RGI60-05.09831,207276,80.0523,-17.5077,5.504
RGI60-05.09832,207277,79.8941,-17.8869,128.739
RGI60-05.09833,207278,79.9579,-17.8827,0.167
RGI60-05.09834,207279,79.7431,-18.2862,39.405
RGI60-05.09835,207280,80.1868,-17.6847,0.328
RGI60-05.09836,207281,80.0091,-17.4695,63.929
RGI60-05.09837,207282,80.7322,-25.0579,0.162
RGI60-05.09838,207283,80.0445,-17.8983,39.881
RGI60-05.09839,207284,80.2274,-17.4757,0.194
RGI60-05.09840,207285,79.7705,-18.5673,23.928
RGI60-05.09841,207286,79.9106,-19.6667,5.078
RGI60-05.09842,207287,79.9431,-19.164,10.82
RGI60-05.09843,207288,79.878,-19.1289,8.288
RGI60-05.09844,207289,80.2656,-19.5621,2.016
RGI60-05.09845,207290,80.2117,-18.674,0.247
RGI60-05.09846,207291,80.4391,-21.5306,0.132
RGI60-05.09847,207292,80.2173,-18.7225,0.533
RGI60-05.09848,207293,80.2308,-18.7531,0.172
RGI60-05.09849,207294,79.8411,-18.9805,20.552
RGI60-05.09850,207295,80.7645,-24.7199,0.14
RGI60-05.09851,207296,80.229,-18.6682,1.638
RGI60-05.09852,207297,80.816,-27.674,14.35
RGI60-05.09853,207298,80.6707,-24.7877,2.884
RGI60-05.09854,207299,80.2425,-18.6313,3.745
RGI60-05.09855,207300,80.3714,-20.1068,0.371
RGI60-05.09856,207301,80.379,-20.1371,0.214
RGI60-05.09857,207302,80.6666,-24.9176,13.407
RGI60-05.09858,207303,80.5537,-22.4593,0.152
RGI60-05.09859,207304,80.7083,-25.037,9.209
RGI60-05.09860,207305,80.7379,-25.0683,0.124
RGI60-05.09861,207306,80.5736,-22.4571,0.145
RGI60-05.09862,207307,80.4699,-21.4281,22.233
RGI60-05.09863,207308,80.7731,-24.6788,0.149
RGI60-05.09864,207309,80.3178,-17.858,0.603
RGI60-05.09865,207310,80.1912,-17.6095,0.83
RGI60-05.09866,207311,80.7141,-24.5307,0.145
RGI60-05.09867,207312,80.1699,-17.2331,0.146
RGI60-05.09868,207313,80.1875,-17.3752,0.726
RGI60-05.09869,207314,80.218,-17.509,0.993
RGI60-05.09870,207315,80.7416,-24.654,16.888
RGI60-05.09871,207316,80.8049,-24.6404,1.375
RGI60-05.09872,207317,80.7209,-20.7159,0.139
RGI60-05.09873,207318,80.6334,-18.9209,0.678
RGI60-05.09874,207319,80.6674,-18.7585,0.154
RGI60-05.09875,207320,80.8054,-24.5447,0.268
RGI60-05.09876,207321,80.817,-24.6007,0.132
RGI60-05.09877,207322,80.897,-26.922,77.975
RGI60-05.09878,207323,80.864,-26.5585,0.232
RGI60-05.09879,207324,80.2145,-16.499,0.305
RGI60-05.09880,207325,80.5159,-19.7543,0.102
RGI60-05.09881,207326,80.8869,-25.246,0.11
RGI60-05.09882,207327,80.6331,-21.163,0.157
RGI60-05.09883,207328,80.6339,-21.0944,0.34
RGI60-05.09884,207329,80.9026,-25.2184,0.122
RGI60-05.09885,207330,80.3213,-17.0107,0.142
RGI60-05.09887,207331,81.1051,-28.8044,0.08
RGI60-05.09889,207332,80.6538,-20.9586,0.152
RGI60-05.09890,207333,81.0473,-27.1754,0.116
RGI60-05.09891,207334,80.979,-25.8519,0.25
RGI60-05.09892,207335,80.5074,-18.7226,0.313
RGI60-05.09893,207336,81.0798,-27.6422,0.113
RGI60-05.09894,207337,80.7123,-20.9389,0.341
RGI60-05.09895,207338,80.9873,-25.9577,4.73
RGI60-05.09896,207339,81.059,-27.0379,0.119
RGI60-05.09897,207340,80.5889,-19.5773,0.118
RGI60-05.09898,207341,80.9949,-25.667,0.222
RGI60-05.09899,207342,80.6455,-20.2029,0.144
RGI60-05.09900,207343,80.9951,-25.5796,0.317
RGI60-05.09901,207344,80.5918,-19.4227,0.2
RGI60-05.09902,207345,80.1259,-19.9869,1.033
RGI60-05.09903,207346,80.1895,-20.2375,47.423
RGI60-05.09904,207347,80.4867,-18.3527,4.754
RGI60-05.09905,207348,80.5155,-18.5485,1.31
RGI60-05.09906,207349,80.5633,-19.0789,1.033
RGI60-05.09907,207350,81.0517,-26.3811,0.101
RGI60-05.09908,207351,81.0075,-25.8149,6.943
RGI60-05.09909,207352,81.0247,-25.8969,0.273
RGI60-05.09910,207353,80.5928,-19.3674,1.432
RGI60-05.09911,207354,80.2123,-20.1535,0.312
RGI60-05.09912,207355,80.4998,-18.476,5.95
RGI60-05.09913,207356,80.4891,-18.5852,0.143
RGI60-05.09914,207357,80.5639,-19.3185,0.051
RGI60-05.09915,207358,80.4576,-19.1988,253.25
RGI60-05.09916,207359,80.5575,-19.3773,0.643
RGI60-05.09917,207360,80.5503,-19.4693,0.124
RGI60-05.09918,207361,80.5055,-18.6242,5.598
RGI60-05.09919,207362,80.5754,-19.429,7.951
RGI60-05.09920,207363,80.483,-18.459,0.066
RGI60-05.09921,207364,80.5446,-19.5638,11.659
RGI60-05.09922,207365,80.6693,-18.8096,0.517
RGI60-05.09923,207366,80.519,-19.6701,4.926
RGI60-05.09924,207367,80.4002,-18.3541,236.197
RGI60-05.09925,207368,80.4744,-19.6892,29.143
RGI60-05.09926,207369,80.4384,-19.9447,25.792
RGI60-05.09927,207370,80.3993,-19.954,0.324
RGI60-05.09928,207371,80.3139,-18.5446,12.555
RGI60-05.09929,207372,80.4063,-20.116,14.571
RGI60-05.09930,207373,80.267,-18.6403,19.55
RGI60-05.09931,207374,80.3718,-20.0317,89.707
RGI60-05.09932,207375,80.3995,-19.8994,0.059
RGI60-05.09933,207376,80.2548,-18.6894,0.059
RGI60-05.09934,207377,80.5978,-18.5545,1.116
RGI60-05.09935,207378,80.2582,-19.0339,3.8
RGI60-05.09936,207379,80.2509,-18.8169,9.622
RGI60-05.09937,207380,80.3125,-20.2507,69.227
RGI60-05.09938,207381,80.1327,-20.2495,3.444
RGI60-05.09939,207382,80.2567,-19.6139,2.89
RGI60-05.09940,207383,80.3368,-19.229,154.256
RGI60-05.09941,207384,80.2739,-19.7839,0.198
RGI60-05.09942,207385,80.2695,-19.7162,0.129
RGI60-05.09943,207386,80.2409,-19.7662,16.694
RGI60-05.09944,207387,80.2178,-19.7591,0.129
RGI60-05.09945,207388,80.1821,-19.8809,2.846
RGI60-05.09946,207389,80.237,-20.3009,38.366
RGI60-05.09947,207390,80.2687,-20.2102,0.051
RGI60-05.09948,207391,80.2808,-20.431,10.469
RGI60-05.09949,207392,80.1481,-19.9592,1.027
RGI60-05.09950,207393,80.1373,-19.9822,1.25
RGI60-05.09951,207394,80.2096,-19.881,9.487
RGI60-05.09952,207395,80.2163,-19.7837,0.319
RGI60-05.09953,207396,80.1934,-19.9108,0.057
RGI60-05.09954,207397,80.9776,-24.6772,0.19
RGI60-05.09955,207398,80.1465,-20.0996,20.193
RGI60-05.09956,207399,80.1701,-19.9302,3.697
RGI60-05.09957,207400,80.1556,-19.9058,1.995
RGI60-05.09958,207401,80.2784,-19.7827,42.485
RGI60-05.09959,207402,80.3155,-19.8063,0.054
RGI60-05.09960,207403,80.2932,-19.973,0.096
RGI60-05.09961,207404,80.2547,-19.5506,0.078
RGI60-05.09962,207405,80.2493,-19.5017,0.187
RGI60-05.09963,207406,80.3034,-18.7479,12.39
RGI60-05.09964,207407,80.5761,-19.2329,3.088
RGI60-05.09965,207408,80.5618,-19.1644,0.138
RGI60-05.09966,207409,80.5719,-19.168,2.142
RGI60-05.09967,207410,81.0173,-25.4429,0.358
RGI60-05.09968,207411,81.0184,-25.5365,5.335
RGI60-05.09969,207412,81.0715,-26.3329,0.45
RGI60-05.09970,207413,81.0932,-27.3446,46.25
RGI60-05.09971,207414,81.001,-24.825,0.775
RGI60-05.09972,207415,80.6486,-19.0452,0.116
RGI60-05.09973,207416,80.5731,-18.1174,1.322
RGI60-05.09974,207417,81.0744,-26.6483,18.876
RGI60-05.09975,207418,81.0838,-26.0565,0.383
RGI60-05.09976,207419,81.0965,-26.1337,1.395
RGI60-05.09977,207420,80.407,-16.1615,0.154
RGI60-05.09978,207421,80.63,-18.8657,1.412
RGI60-05.09979,207422,80.6129,-18.4867,0.137
RGI60-05.09980,207423,81.109,-26.0442,7.406
RGI60-05.09981,207424,80.6657,-19.2157,2.759
RGI60-05.09982,207425,80.4313,-16.3167,0.112
RGI60-05.09983,207426,80.6776,-19.2071,0.132
RGI60-05.09984,207427,81.1294,-26.0172,0.331
RGI60-05.09985,207428,80.4378,-16.283,0.355
RGI60-05.09986,207429,80.4242,-16.0676,0.408
RGI60-05.09987,207430,81.0786,-24.9268,0.052
RGI60-05.09988,207431,80.5125,-16.9897,0.303
RGI60-05.09989,207432,80.4317,-16.1617,5.951
RGI60-05.09990,207433,80.6516,-18.4561,0.119
RGI60-05.09991,207434,81.0739,-24.7021,3.06
RGI60-05.09992,10461,80.4253,-16.6451,141.507
RGI60-05.09993,10462,80.4821,-16.9994,38.36
RGI60-05.09994,10463,80.3626,-16.2374,13.447
RGI60-05.09995,10464,80.3069,-16.8732,215.489
RGI60-05.09996,10465,80.4212,-17.3662,154.222
RGI60-05.09997,10466,80.2313,-16.7508,38.892
RGI60-05.09998,10467,80.1931,-16.9619,26.097
RGI60-05.09999,10468,80.3166,-17.616,111.981
RGI60-05.10000,10469,80.2351,-17.3518,43.259
RGI60-05.10001,10470,80.2292,-17.9218,67.658
RGI60-05.10002,207435,81.1383,-25.7201,0.456
RGI60-05.10003,207436,80.4588,-16.1974,2.066
RGI60-05.10004,207437,80.865,-21.1844,0.149
RGI60-05.10005,207438,81.3646,-30.3862,0.19
RGI60-05.10006,207439,81.6571,-52.1655,0.701
RGI60-05.10007,207440,81.6681,-52.1535,0.276
RGI60-05.10008,207441,81.6481,-49.9634,1.872
RGI60-05.10009,207442,81.5733,-51.8868,71.721
RGI60-05.10010,207443,81.6137,-51.4139,5.314
RGI60-05.10011,207444,81.6049,-51.4493,0.075
RGI60-05.10012,207445,81.6459,-52.1454,1.686
RGI60-05.10013,207446,81.7276,-49.6325,3.297
RGI60-05.10014,207447,81.7441,-49.9367,0.478
RGI60-05.10015,207448,81.6193,-33.4361,0.446
RGI60-05.10016,207449,81.6205,-33.64,2.147
RGI60-05.10017,207450,81.7172,-49.2929,71.058
RGI60-05.10018,207451,81.7311,-49.8503,13.096
RGI60-05.10019,207452,81.7986,-49.8304,0.652
RGI60-05.10020,207453,81.7868,-48.8727,13.368
RGI60-05.10021,207454,81.7928,-48.5808,2.509
RGI60-05.10022,207455,81.6444,-33.5772,3.556
RGI60-05.10023,207456,81.7811,-49.8134,2.125
RGI60-05.10024,207457,81.6162,-57.5876,1.266
RGI60-05.10025,207458,81.6402,-33.3285,4.143
RGI60-05.10026,207459,81.6314,-33.4562,2.184
RGI60-05.10027,207460,81.6128,-58.0534,1.746
RGI60-05.10028,207461,81.7943,-50.0929,2.061
RGI60-05.10029,207462,81.8088,-50.1778,0.774
RGI60-05.10030,207463,81.7132,-52.5581,3.475
RGI60-05.10031,207464,81.7587,-28.1093,0.233
RGI60-05.10032,207465,81.7756,-28.4806,46.539
RGI60-05.10033,207466,81.8334,-28.7822,103.211
RGI60-05.10034,207467,81.0403,-19.3895,0.182
RGI60-05.10035,207468,80.8833,-17.3756,0.122
RGI60-05.10036,207469,81.3287,-24.282,55.299
RGI60-05.10037,207470,81.0643,-19.6024,0.481
RGI60-05.10038,207471,80.9071,-17.559,0.202
RGI60-05.10039,207472,81.646,-23.8683,0.64
RGI60-05.10040,207473,81.6042,-23.0982,0.387
RGI60-05.10041,207474,81.5729,-22.2279,0.235
RGI60-05.10042,207475,80.7205,-18.82,0.441
RGI60-05.10043,207476,81.1548,-25.8961,21.671
RGI60-05.10044,207477,81.0915,-23.3229,0.925
RGI60-05.10045,207478,81.4209,-29.6914,0.131
RGI60-05.10046,207479,81.3664,-30.509,0.339
RGI60-05.10047,207480,80.6587,-18.3574,0.131
RGI60-05.10048,207481,81.3733,-30.3413,0.104
RGI60-05.10049,207482,81.2674,-26.0271,0.444
RGI60-05.10050,207483,81.0749,-24.47,7.245
RGI60-05.10051,207484,80.6276,-17.885,0.226
RGI60-05.10052,207485,80.6262,-17.9013,0.201
RGI60-05.10053,207486,80.7121,-18.8437,0.3
RGI60-05.10054,207487,80.7903,-19.7301,0.22
RGI60-05.10055,207488,81.8525,-27.4609,0.182
RGI60-05.10056,207489,80.8974,-21.3402,2.064
RGI60-05.10057,207490,81.3889,-30.171,0.121
RGI60-05.10058,207491,81.1874,-25.8224,0.331
RGI60-05.10059,207492,80.8389,-20.2348,0.104
RGI60-05.10060,207493,81.0812,-24.8358,3.617
RGI60-05.10061,207494,81.1337,-24.7051,0.081
RGI60-05.10062,207495,81.1104,-24.7517,17.393
RGI60-05.10063,207496,81.1287,-24.5115,0.101
RGI60-05.10064,207497,81.2784,-26.0712,0.211
RGI60-05.10065,207498,81.0798,-23.696,1.075
RGI60-05.10066,207499,80.733,-18.6025,0.249
RGI60-05.10067,207500,81.3997,-29.897,0.301
RGI60-05.10068,207501,81.1226,-24.1273,0.108
RGI60-05.10069,207502,81.475,-31.824,2.341
RGI60-05.10070,207503,81.1059,-23.4998,0.113
RGI60-05.10071,207504,81.2367,-25.1879,0.103
RGI60-05.10072,207505,81.2429,-25.1886,0.174
RGI60-05.10073,207506,81.1311,-24.3484,3.987
RGI60-05.10074,207507,80.977,-21.671,0.105
RGI60-05.10075,207508,80.8713,-20.1838,0.272
RGI60-05.10076,207509,80.9821,-21.6973,0.264
RGI60-05.10077,207510,81.2893,-27.0499,2.143
RGI60-05.10078,207511,81.2449,-26.3611,70.488
RGI60-05.10079,207512,81.2933,-26.949,0.687
RGI60-05.10080,207513,81.1606,-24.387,0.426
RGI60-05.10081,207514,81.1712,-24.5843,0.957
RGI60-05.10082,207515,81.1456,-24.0645,2.965
RGI60-05.10083,207516,80.9235,-20.0676,1.364
RGI60-05.10084,207517,81.092,-23.4575,7.892
RGI60-05.10085,207518,81.1042,-23.3497,0.397
RGI60-05.10086,207519,81.0035,-21.7395,1.337
RGI60-05.10087,207520,81.1665,-24.0023,5.624
RGI60-05.10088,207521,80.7926,-18.3744,0.111
RGI60-05.10089,207522,80.9129,-20.022,0.973
RGI60-05.10090,207523,80.7508,-17.8164,0.117
RGI60-05.10091,207524,81.0267,-21.5323,0.97
RGI60-05.10092,207525,81.185,-23.9851,0.241
RGI60-05.10093,207526,81.2647,-25.4345,6.566
RGI60-05.10094,207527,81.2835,-25.5081,0.107
RGI60-05.10095,207528,80.9372,-19.9622,0.252
RGI60-05.10096,207529,81.4718,-29.3317,0.202
RGI60-05.10097,207530,80.6291,-16.1529,0.345
RGI60-05.10098,207531,81.1424,-22.8629,0.107
RGI60-05.10099,207532,81.1213,-23.0895,26.017
RGI60-05.10100,207533,81.2926,-25.3205,0.419
RGI60-05.10101,207534,80.9551,-19.9325,0.232
RGI60-05.10102,207535,80.8215,-18.2101,0.253
RGI60-05.10103,207536,81.153,-22.9067,4.086
RGI60-05.10104,207537,80.8298,-18.2496,0.82
RGI60-05.10105,207538,81.3046,-25.2106,0.179
RGI60-05.10106,207539,80.8356,-17.562,0.178
RGI60-05.10107,207540,81.5451,-30.5676,1.185
RGI60-05.10108,207541,80.6253,-15.7793,0.754
RGI60-05.10109,207542,81.3476,-26.1483,3.695
RGI60-05.10110,207543,81.349,-26.009,0.913
RGI60-05.10111,207544,81.366,-26.1456,0.13
RGI60-05.10112,207545,80.8004,-17.6322,0.409
RGI60-05.10113,207546,80.7982,-17.6416,0.051
RGI60-05.10114,207547,80.8096,-17.6974,0.131
RGI60-05.10115,207548,80.8095,-17.6637,0.155
RGI60-05.10116,207549,80.6381,-15.744,1.215
RGI60-05.10117,207550,80.7986,-17.5679,0.283
RGI60-05.10118,207551,80.8077,-17.5469,0.164
RGI60-05.10119,207552,80.8397,-17.5508,0.175
RGI60-05.10120,207553,81.0162,-20.3656,3.163
RGI60-05.10121,207554,81.3763,-26.101,0.178
RGI60-05.10122,207555,81.2922,-24.5491,2.074
RGI60-05.10123,207556,80.9972,-19.8299,0.448
RGI60-05.10124,207557,80.7178,-16.3148,0.118
RGI60-05.10125,207558,80.6637,-15.6363,0.901
RGI60-05.10126,207559,81.25,-20.2617,1.262
RGI60-05.10127,207560,81.3078,-24.8228,5.007
RGI60-05.10128,207561,80.8225,-17.6037,1.624
RGI60-05.10129,207562,80.8212,-17.6425,0.244
RGI60-05.10130,207563,80.8535,-17.8382,0.114
RGI60-05.10131,207564,80.8337,-17.4468,0.44
RGI60-05.10132,207565,81.0972,-20.6974,0.127
RGI60-05.10133,207566,81.4148,-25.8235,0.136
RGI60-05.10134,207567,81.0526,-20.1844,4.659
RGI60-05.10135,207568,81.3005,-23.7245,0.941
RGI60-05.10136,207569,81.2931,-23.5038,0.166
RGI60-05.10137,207570,81.3644,-25.6637,86.3
RGI60-05.10138,207571,81.0574,-19.968,2.435
RGI60-05.10139,207572,80.8856,-17.5333,0.063
RGI60-05.10140,207573,81.0162,-19.4284,1.789
RGI60-05.10141,207574,81.4106,-25.4569,1.494
RGI60-05.10142,207575,81.5752,-28.774,0.19
RGI60-05.10143,207576,81.048,-20.8677,170.317
RGI60-05.10144,207577,81.0719,-21.3279,19.862
RGI60-05.10145,207578,80.9744,-21.3586,48.112
RGI60-05.10146,207579,80.9198,-20.4967,7.696
RGI60-05.10147,207580,80.8455,-20.6139,38.021
RGI60-05.10148,207581,80.6719,-21.7604,552.861
RGI60-05.10149,207582,80.8643,-21.7345,144.155
RGI60-05.10150,207583,80.9365,-21.4075,10.191
RGI60-05.10151,207584,81.0435,-19.3314,0.803
RGI60-05.10152,207585,80.9099,-20.8579,4.518
RGI60-05.10153,207586,80.8005,-20.4378,5.125
RGI60-05.10154,207587,81.2859,-22.7333,0.586
RGI60-05.10155,207588,81.1247,-20.185,0.29
RGI60-05.10156,207589,81.2865,-22.6089,0.293
RGI60-05.10157,207590,80.7856,-20.539,4.819
RGI60-05.10158,207591,80.8542,-20.1889,2.599
RGI60-05.10159,207592,80.865,-20.8408,11.722
RGI60-05.10160,207593,80.8583,-20.3512,35.513
RGI60-05.10161,207594,80.8992,-20.5913,3.65
RGI60-05.10162,207595,81.6689,-27.3866,0.146
RGI60-05.10163,207596,80.9405,-20.3907,22.852
RGI60-05.10164,207597,80.9207,-20.604,2.542
RGI60-05.10165,207598,81.55,-25.0237,0.442
RGI60-05.10166,207599,80.8899,-20.7304,11.662
RGI60-05.10167,207600,80.808,-20.7215,15.715
RGI60-05.10168,207601,80.7445,-20.6849,3.727
RGI60-05.10169,207602,80.73,-21.1219,59.293
RGI60-05.10170,207603,80.7811,-20.9307,45.907
RGI60-05.10171,207604,81.031,-19.3173,0.243
RGI60-05.10172,207605,81.4477,-25.4339,1.651
RGI60-05.10173,207606,81.0991,-19.789,0.806
RGI60-05.10174,207607,81.6091,-28.5763,0.185
RGI60-05.10175,207608,81.4518,-25.3461,0.124
RGI60-05.10176,207609,81.4171,-25.1809,38.815
RGI60-05.10177,207610,81.298,-22.4258,0.212
RGI60-05.10178,207611,81.3576,-23.3643,0.114
RGI60-05.10179,207612,81.7133,-30.7367,0.322
RGI60-05.10180,207613,81.6769,-27.5309,0.16
RGI60-05.10181,207614,81.3078,-22.7036,15.088
RGI60-05.10182,207615,81.3754,-23.4107,1.509
RGI60-05.10183,207616,81.7561,-30.5906,0.449
RGI60-05.10184,207617,81.6707,-28.4379,0.337
RGI60-05.10185,207618,81.1403,-19.2774,0.134
RGI60-05.10186,207619,81.7198,-31.6457,44.584
RGI60-05.10187,207620,81.3056,-22.3156,0.244
RGI60-05.10188,207621,81.6357,-28.5518,0.421
RGI60-05.10189,207622,81.114,-19.4347,0.116
RGI60-05.10190,207623,81.4203,-24.5387,20.615
RGI60-05.10191,207624,81.634,-28.8211,22.554
RGI60-05.10192,207625,81.4123,-24.0062,3.013
RGI60-05.10193,207626,81.6552,-29.5978,72.576
RGI60-05.10194,207627,81.4921,-29.8869,418.005
RGI60-05.10195,207628,81.7371,-30.4765,0.473
RGI60-05.10196,207629,81.1521,-20.0921,6.994
RGI60-05.10197,207630,81.4507,-24.3073,0.911
RGI60-05.10198,207631,81.1596,-19.7155,0.214
RGI60-05.10199,207632,81.7466,-30.5012,0.126
RGI60-05.10200,207633,81.3848,-23.0086,0.442
RGI60-05.10201,207634,81.6612,-28.3635,0.364
RGI60-05.10202,207635,81.1225,-19.9074,22.252
RGI60-05.10203,207636,81.159,-19.4914,0.107
RGI60-05.10204,207637,81.7362,-30.8791,42.382
RGI60-05.10205,207638,81.3911,-22.6832,0.133
RGI60-05.10206,207639,81.4664,-24.0086,0.655
RGI60-05.10207,207640,81.6751,-30.9426,45.701
RGI60-05.10208,207641,81.5646,-31.1843,249.292
RGI60-05.10209,207642,81.1991,-20.1212,8.262
RGI60-05.10210,207643,81.3472,-22.3893,42.304
RGI60-05.10211,207644,81.2305,-19.9769,0.225
RGI60-05.10212,207645,81.4823,-24.0078,1.39
RGI60-05.10213,207646,81.4023,-19.5875,0.113
RGI60-05.10214,207647,81.5496,-24.9723,0.967
RGI60-05.10215,207648,81.6699,-27.4637,0.802
RGI60-05.10216,207649,80.8855,-15.4723,0.118
RGI60-05.10217,207650,81.4037,-22.3221,0.238
RGI60-05.10218,207651,81.5543,-24.9172,0.355
RGI60-05.10219,207652,81.4621,-23.8567,2.829
RGI60-05.10220,207653,81.4751,-23.7435,5.15
RGI60-05.10221,207654,81.4245,-23.2427,1.708
RGI60-05.10222,207655,81.4393,-23.3362,1.82
RGI60-05.10223,207656,81.4347,-23.2727,1.945
RGI60-05.10224,207657,81.4025,-22.1695,0.328
RGI60-05.10225,207658,81.457,-23.6004,13.418
RGI60-05.10226,207659,81.4435,-23.4306,3.664
RGI60-05.10227,207660,81.4281,-23.5506,5.472
RGI60-05.10228,207661,81.4226,-23.3725,5.258
RGI60-05.10229,207662,81.4437,-23.9445,4.054
RGI60-05.10230,207663,81.4394,-23.6722,6.779
RGI60-05.10231,207664,81.789,-30.4657,28.876
RGI60-05.10232,207665,80.8154,-14.5243,0.103
RGI60-05.10233,207666,81.4117,-21.9733,0.268
RGI60-05.10234,207667,81.2444,-19.4549,0.569
RGI60-05.10235,207668,81.4906,-23.1728,0.24
RGI60-05.10236,207669,81.5362,-24.4879,30.007
RGI60-05.10237,207670,81.5506,-24.7764,5.059
RGI60-05.10238,207671,80.9025,-15.4995,0.531
RGI60-05.10239,207672,81.7521,-28.6264,0.067
RGI60-05.10240,207673,81.5428,-24.2829,0.158
RGI60-05.10241,207674,80.9147,-15.5027,0.139
RGI60-05.10242,207675,81.1791,-19.6158,17.406
RGI60-05.10243,207676,81.4429,-21.8614,0.115
RGI60-05.10244,207677,81.7919,-28.1253,0.204
RGI60-05.10245,207678,81.2141,-19.3316,19.275
RGI60-05.10246,207679,81.499,-23.1411,0.197
RGI60-05.10247,207680,81.5125,-23.3421,0.104
RGI60-05.10248,207681,81.7791,-29.2382,27.364
RGI60-05.10249,207682,81.5088,-23.1566,0.245
RGI60-05.10250,207683,81.4374,-21.931,0.245
RGI60-05.10251,207684,81.4397,-22.0375,0.43
RGI60-05.10252,207685,81.5056,-22.9671,0.124
RGI60-05.10253,207686,81.578,-24.2726,6.182
RGI60-05.10254,207687,81.821,-29.1846,4.608
RGI60-05.10255,207688,81.8346,-29.219,0.134
RGI60-05.10256,207689,81.5328,-23.1099,0.148
RGI60-05.10257,207690,81.8451,-30.6675,6.71
RGI60-05.10258,207691,81.5351,-23.3115,1.743
RGI60-05.10259,207692,81.2731,-19.3378,2.292
RGI60-05.10260,207693,81.8571,-30.3128,21.724
RGI60-05.10261,207694,80.921,-14.8612,0.552
RGI60-05.10262,207695,81.4686,-21.7555,0.115
RGI60-05.10263,207696,81.7941,-27.8162,0.187
RGI60-05.10264,207697,81.8037,-27.9121,0.204
RGI60-05.10265,207698,81.8029,-27.71,0.356
RGI60-05.10266,207699,81.6072,-23.3046,1.827
RGI60-05.10267,207700,81.8175,-27.266,0.263
RGI60-05.10268,207701,80.9336,-14.9832,4.114
RGI60-05.10269,207702,81.8071,-27.9839,0.116
RGI60-05.10270,207703,81.8081,-27.7932,0.166
RGI60-05.10271,207704,81.2799,-18.3544,0.195
RGI60-05.10272,207705,81.6899,-25.7995,10.869
RGI60-05.10273,207706,81.8068,-27.6381,0.195
RGI60-05.10274,207707,81.804,-27.3493,0.242
RGI60-05.10275,207708,81.6358,-24.0366,1.089
RGI60-05.10276,207709,81.8306,-27.7913,0.137
RGI60-05.10277,207710,81.5991,-23.0686,0.435
RGI60-05.10278,207711,81.2909,-18.3641,0.391
RGI60-05.10279,207712,81.2831,-18.1971,0.786
RGI60-05.10280,207713,81.5168,-21.3923,0.112
RGI60-05.10281,207714,81.6321,-23.2895,0.632
RGI60-05.10282,207715,81.6168,-23.0616,1.307
RGI60-05.10283,207716,81.8355,-27.195,0.102
RGI60-05.10284,207717,81.3181,-18.5094,1.057
RGI60-05.10285,207718,81.6048,-22.6505,0.223
RGI60-05.10286,207719,81.8346,-26.9803,0.146
RGI60-05.10287,207720,81.2934,-18.0913,1.102
RGI60-05.10288,207721,81.3061,-18.8743,44.998
RGI60-05.10289,207722,81.4169,-19.6205,0.573
RGI60-05.10290,207723,81.5964,-22.3982,4.991
RGI60-05.10291,207724,81.5135,-22.7554,46.537
RGI60-05.10292,207725,81.4886,-22.3071,103.991
RGI60-05.10293,207726,81.4709,-22.8086,22.341
RGI60-05.10294,207727,81.4118,-22.4752,32.621
RGI60-05.10295,207728,81.5869,-22.1996,0.762
RGI60-05.10296,207729,81.5145,-15.9412,0.83
RGI60-05.10297,207730,81.4303,-22.801,32.614
RGI60-05.10298,207731,81.3448,-18.4979,0.214
RGI60-05.10299,207732,81.6232,-22.5858,1.186
RGI60-05.10300,207733,81.5761,-21.7549,0.159
RGI60-05.10301,207734,81.5666,-22.5443,33.513
RGI60-05.10302,207735,81.2915,-17.6301,0.479
RGI60-05.10303,207736,81.8625,-26.8793,0.265
RGI60-05.10304,207737,81.5251,-21.5289,6.006
RGI60-05.10305,207738,81.8437,-26.8718,0.257
RGI60-05.10306,207739,81.5702,-22.0147,4.708
RGI60-05.10307,207740,81.3786,-19.9671,67.65
RGI60-05.10308,207741,81.5874,-21.7779,3.387
RGI60-05.10309,207742,81.8924,-27.7044,34.15
RGI60-05.10310,207743,81.8343,-27.6521,20.014
RGI60-05.10311,207744,81.8381,-28.0884,65.439
RGI60-05.10312,207745,81.9112,-28.7849,88.917
RGI60-05.10313,207746,81.9497,-28.4631,52.033
RGI60-05.10314,207747,81.6576,-16.2191,0.069
RGI60-05.10315,207748,81.2869,-15.2101,7537.579
RGI60-05.10316,207749,80.8597,-18.9905,0.084
RGI60-05.10317,207750,81.9237,-28.0975,87.906
RGI60-05.10318,207751,81.3056,-14.07,0.122
RGI60-05.10319,207752,81.2925,-13.9116,0.29
RGI60-05.10320,207753,81.3022,-13.9619,0.441
RGI60-05.10321,207754,80.8644,-14.8912,97.641
RGI60-05.10322,207755,80.7954,-15.0353,0.578
RGI60-05.10323,207756,81.1639,-19.0204,26.105
RGI60-05.10324,207757,80.6077,-18.0728,24.978
RGI60-05.10325,207758,81.0962,-19.2349,2.389
RGI60-05.10326,207759,81.085,-19.3826,15.859
RGI60-05.10327,207760,80.8157,-16.1824,170.426
RGI60-05.10328,207761,80.6735,-16.0033,70.728
RGI60-05.10329,207762,80.8539,-19.2821,95.58
RGI60-05.10330,207763,80.8524,-19.4741,0.968
RGI60-05.10331,207764,80.8382,-19.5176,3.384
RGI60-05.10332,207765,80.8279,-19.5358,0.065
RGI60-05.10333,207766,80.8306,-19.5807,0.775
RGI60-05.10334,207767,80.6624,-19.0657,0.585
RGI60-05.10335,207768,80.6941,-19.662,0.256
RGI60-05.10336,207769,80.6935,-19.6867,0.178
RGI60-05.10337,207770,80.644,-18.2609,13.805
RGI60-05.10338,207771,80.8097,-19.6865,9.928
RGI60-05.10339,207772,80.7541,-19.9248,4.128
RGI60-05.10340,207773,80.7222,-20.05,24.057
RGI60-05.10341,207774,80.7399,-19.9256,0.067
RGI60-05.10342,207775,80.7378,-19.8943,0.051
RGI60-05.10343,207776,80.5976,-18.2805,3.04
RGI60-05.10344,207777,80.6756,-19.8041,2.513
RGI60-05.10345,207778,80.5807,-18.246,0.527
RGI60-05.10346,207779,80.6677,-19.033,0.309
RGI60-05.10347,207780,80.7481,-19.1776,159.217
RGI60-05.10348,207781,80.7452,-19.5478,7.68
RGI60-05.10349,207782,80.8173,-19.1481,0.076
RGI60-05.10350,207783,80.7642,-18.7453,0.236
RGI60-05.10351,207784,80.6974,-19.8311,21.91
RGI60-05.10352,207785,80.6934,-18.582,88.857
RGI60-05.10353,207786,80.6955,-20.1782,2.837
RGI60-05.10354,207787,80.6591,-19.8653,2.784
RGI60-05.10355,207788,80.5919,-20.2857,1.893
RGI60-05.10356,207789,80.625,-19.9943,18.84
RGI60-05.10357,207790,80.6753,-20.1092,29.382
RGI60-05.10358,207791,80.618,-20.199,23.443
RGI60-05.10359,207792,80.5753,-20.245,2.886
RGI60-05.10360,207793,81.0899,-19.2104,1.196
RGI60-05.10361,207794,80.8087,-18.1354,289.801
RGI60-05.10362,207795,80.8616,-17.8766,0.375
RGI60-05.10363,207796,80.6756,-17.8181,97.747
RGI60-05.10364,207797,80.8926,-17.4597,0.605
RGI60-05.10365,207798,80.8872,-17.4271,0.079
RGI60-05.10366,207799,80.7326,-17.7763,11.357
RGI60-05.10367,207800,80.8697,-17.5009,71.743
RGI60-05.10368,207801,81.2144,-18.6792,19.856
RGI60-05.10369,207802,81.1926,-18.8804,17.088
RGI60-05.10370,207803,81.1244,-19.163,6.082
RGI60-05.10371,207804,81.1154,-19.0961,0.051
RGI60-05.10372,207805,80.8263,-15.2351,36.484
RGI60-05.10373,207806,80.7132,-19.5758,6.263
RGI60-05.10374,207807,81.7273,-52.3954,31.642
RGI60-05.10375,207808,81.7233,-52.1127,3.519
RGI60-05.10376,207809,81.7358,-52.14,2.996
RGI60-05.10377,207810,81.7557,-52.1732,18.51
RGI60-05.10378,207811,81.8263,-49.896,0.568
RGI60-05.10379,207812,81.6563,-57.299,5.443
RGI60-05.10380,207813,81.8399,-49.8492,1.397
RGI60-05.10381,207814,81.8032,-51.1827,11.457
RGI60-05.10382,207815,81.7891,-51.3836,25.415
RGI60-05.10383,207816,81.7769,-51.0616,8.898
RGI60-05.10384,207817,81.746,-51.2774,9.527
RGI60-05.10385,207818,81.7445,-51.0391,20.838
RGI60-05.10386,207819,81.7031,-50.9759,13.633
RGI60-05.10387,207820,81.6958,-51.1185,11.768
RGI60-05.10388,207821,81.6778,-51.0985,5.009
RGI60-05.10389,207822,81.6584,-50.8265,3.041
RGI60-05.10390,207823,82.2708,-45.3889,1.755
RGI60-05.10391,207824,81.6547,-50.9925,3.337
RGI60-05.10392,207825,81.6683,-50.9243,6.337
RGI60-05.10393,207826,81.6329,-50.7904,3.952
RGI60-05.10394,207827,81.6127,-50.7735,3.92
RGI60-05.10395,207828,81.6423,-50.9226,5.9
RGI60-05.10396,207829,81.8958,-33.3783,1.367
RGI60-05.10397,207830,81.7567,-51.3669,2.461
RGI60-05.10398,207831,81.7305,-51.3123,2.603
RGI60-05.10399,207832,81.8977,-48.3539,0.548
RGI60-05.10400,207833,81.6941,-32.9101,2.203
RGI60-05.10401,207834,81.8264,-48.7141,4.994
RGI60-05.10402,207835,81.8745,-48.5735,2.955
RGI60-05.10403,207836,81.8922,-47.73,2.833
RGI60-05.10404,207837,81.8695,-49.0828,17.485
RGI60-05.10405,207838,81.8712,-48.8973,6.149
RGI60-05.10406,207839,81.8383,-49.1605,3.448
RGI60-05.10407,207840,81.8471,-48.8912,8.368
RGI60-05.10408,207841,81.8468,-48.7567,0.072
RGI60-05.10409,207842,81.8286,-48.9037,8.83
RGI60-05.10410,207843,81.8584,-49.1838,2.77
RGI60-05.10411,207844,81.7248,-32.9664,2.603
RGI60-05.10412,207845,82.1561,-54.0206,1.923
RGI60-05.10413,207846,82.1133,-54.9624,37.032
RGI60-05.10414,207847,82.1347,-55.3713,17.978
RGI60-05.10415,207848,81.8915,-49.6503,2.943
RGI60-05.10416,207849,82.2894,-45.294,0.384
RGI60-05.10417,207850,81.8776,-50.2183,8.991
RGI60-05.10418,207851,81.8873,-54.6521,3.906
RGI60-05.10419,207852,81.9752,-47.6556,22.043
RGI60-05.10420,207853,81.8616,-50.0756,9.669
RGI60-05.10421,207854,81.8547,-50.2445,1.913
RGI60-05.10422,207855,81.8721,-47.3338,75.159
RGI60-05.10423,207856,81.8271,-47.6892,8.321
RGI60-05.10424,207857,81.8958,-45.0959,24.407
RGI60-05.10425,207858,81.9043,-49.7874,1.657
RGI60-05.10426,207859,81.9073,-49.2241,10.321
RGI60-05.10427,207860,81.8077,-56.2877,0.634
RGI60-05.10428,207861,81.9276,-35.7221,0.532
RGI60-05.10429,207862,81.9587,-44.5277,11.579
RGI60-05.10430,207863,81.9783,-45.8385,0.68
RGI60-05.10431,207864,81.949,-49.0242,2.367
RGI60-05.10432,207865,81.9448,-49.8411,9.64
RGI60-05.10433,207866,81.9676,-52.4088,4.071
RGI60-05.10434,207867,81.9811,-50.3438,25.883
RGI60-05.10435,207868,81.9674,-52.7177,21.853
RGI60-05.10436,207869,81.9447,-50.8038,8.583
RGI60-05.10437,207870,82.016,-45.7993,12.721
RGI60-05.10438,207871,81.8679,-56.2148,24.175
RGI60-05.10439,207872,81.8833,-32.4395,0.622
RGI60-05.10440,207873,82.054,-44.1537,141.234
RGI60-05.10441,207874,82.0341,-49.3216,7.609
RGI60-05.10442,207875,81.8241,-57.456,40.646
RGI60-05.10443,207876,81.9276,-55.9065,1.833
RGI60-05.10444,207877,82.0898,-44.7164,78.653
RGI60-05.10445,207878,82.1251,-44.9477,20.783
RGI60-05.10446,207879,82.1006,-45.1008,15.096
RGI60-05.10447,207880,82.0636,-45.2452,33.142
RGI60-05.10448,207881,82.2831,-45.3445,1.697
RGI60-05.10449,207882,82.0205,-45.2015,18.671
RGI60-05.10450,207883,81.9653,-35.2221,4.968
RGI60-05.10451,207884,81.955,-36.0778,36.853
RGI60-05.10452,207885,82.0148,-44.8927,38.03
RGI60-05.10453,207886,81.9826,-45.156,0.373
RGI60-05.10454,207887,82.2838,-45.257,0.65
RGI60-05.10455,207888,82.169,-44.6738,3.677
RGI60-05.10456,207889,82.0284,-35.025,39.246
RGI60-05.10457,207890,82.015,-36.0202,76.677
RGI60-05.10458,207891,82.0346,-35.4953,54.977
RGI60-05.10459,207892,82.001,-34.9155,6.407
RGI60-05.10460,207893,81.9969,-36.4172,4.469
RGI60-05.10461,207894,81.9487,-35.7919,7.795
RGI60-05.10462,207895,81.9721,-35.5302,34.603
RGI60-05.10463,207896,81.9919,-35.1169,15.399
RGI60-05.10464,207897,81.9735,-36.4383,9.646
RGI60-05.10465,207898,82.0409,-35.7474,4.939
RGI60-05.10466,207899,82.1829,-46.6264,16.659
RGI60-05.10467,207900,81.9892,-57.7641,36.72
RGI60-05.10468,207901,81.932,-58.0898,49.846
RGI60-05.10469,207902,82.2265,-46.1157,9.875
RGI60-05.10470,207903,82.148,-35.9039,2.55
RGI60-05.10471,207904,82.2675,-45.2546,6.799
RGI60-05.10472,207905,82.0617,-31.3541,7.46
RGI60-05.10473,207906,82.0315,-32.2778,164.013
RGI60-05.10474,207907,82.081,-32.3817,29.701
RGI60-05.10475,207908,82.0792,-31.7178,16.861
RGI60-05.10476,207909,82.0158,-33.001,67.271
RGI60-05.10477,207910,81.8893,-33.3859,1.62
RGI60-05.10478,207911,81.9959,-33.3851,35.765
RGI60-05.10479,207912,81.9538,-32.0087,4.491
RGI60-05.10480,207913,81.9696,-32.2328,22.606
RGI60-05.10481,207914,81.925,-33.1189,61.778
RGI60-05.10482,207915,81.9372,-32.3799,30.901
RGI60-05.10483,207916,81.866,-33.2304,4.597
RGI60-05.10484,207917,81.8573,-33.1216,3.169
RGI60-05.10485,207918,81.9196,-32.7186,53.459
RGI60-05.10486,207919,82.1067,-57.8281,5.897
RGI60-05.10487,207920,81.9571,-33.4434,16.714
RGI60-05.10488,207921,81.9954,-32.1628,0.685
RGI60-05.10489,207922,82.086,-57.8888,2.59
RGI60-05.10490,207923,82.0591,-58.1211,34.98
RGI60-05.10491,207924,82.1986,-54.0318,5.479
RGI60-05.10492,207925,82.1727,-55.6589,0.589
RGI60-05.10493,207926,82.2773,-49.9645,4.359
RGI60-05.10494,207927,82.2625,-50.0099,4.748
RGI60-05.10495,207928,82.2315,-53.5585,1.077
RGI60-05.10496,207929,82.2725,-39.6658,6.651
RGI60-05.10497,207930,82.1973,-55.0936,2.738
RGI60-05.10498,207931,82.2694,-39.4842,7.123
RGI60-05.10499,207932,82.1223,-57.6855,4.146
RGI60-05.10500,207933,82.093,-57.631,9.326
RGI60-05.10501,207934,82.2016,-54.8923,4.779
RGI60-05.10502,207935,82.084,-57.4061,11.658
RGI60-05.10503,207936,82.2027,-55.0145,0.622
RGI60-05.10504,207937,82.0646,-57.679,26.499
RGI60-05.10505,207938,82.1871,-55.5497,5.416
RGI60-05.10506,207939,82.9274,-39.0037,0.105
RGI60-05.10507,207940,82.9165,-38.8158,0.056
RGI60-05.10508,207941,82.3093,-49.8877,1.111
RGI60-05.10509,207942,82.9142,-38.7417,0.238
RGI60-05.10510,207943,82.8988,-33.4894,1.9
RGI60-05.10511,207944,82.3246,-49.9984,4.998
RGI60-05.10512,207945,82.9021,-29.1032,1.867
RGI60-05.10513,207946,82.8502,-27.795,43.875
RGI60-05.10514,207947,82.1888,-54.8724,4.8
RGI60-05.10515,207948,82.1754,-55.0535,7.765
RGI60-05.10516,207949,82.3525,-50.0387,5.21
RGI60-05.10517,207950,82.3497,-45.7471,5.245
RGI60-05.10518,207951,82.3467,-49.8152,2.812
RGI60-05.10519,207952,82.3311,-49.8809,4.658
RGI60-05.10520,207953,82.3412,-40.6926,10.263
RGI60-05.10521,207954,82.3243,-46.6468,160.057
RGI60-05.10522,207955,82.3543,-49.9167,4.183
RGI60-05.10523,207956,82.3911,-49.0248,2.086
RGI60-05.10524,207957,82.4147,-46.6052,5.803
RGI60-05.10525,207958,82.4137,-40.9,1.855
RGI60-05.10526,207959,82.4321,-45.7847,2.273
RGI60-05.10527,207960,82.4144,-50.2385,3.914
RGI60-05.10528,207961,82.4521,-45.9524,2.459
RGI60-05.10529,207962,82.6329,-32.8374,2.336
RGI60-05.10530,207963,82.4302,-45.9501,9.789
RGI60-05.10531,207964,82.4423,-46.0914,4.016
RGI60-05.10532,207965,82.9107,-46.3491,15.299
RGI60-05.10533,207966,82.4046,-51.6388,3.387
RGI60-05.10534,207967,82.3634,-51.1033,47.982
RGI60-05.10535,207968,82.3301,-50.5297,3.446
RGI60-05.10536,207969,82.3764,-51.5707,16.148
RGI60-05.10537,207970,82.2873,-50.9309,54.856
RGI60-05.10538,207971,82.1728,-51.2761,60.404
RGI60-05.10539,207972,82.5539,-41.7982,5.001
RGI60-05.10540,207973,82.3384,-50.7444,21.256
RGI60-05.10541,207974,82.2862,-51.2831,19.978
RGI60-05.10542,207975,82.2997,-50.5906,16.145
RGI60-05.10543,207976,82.2155,-50.8421,74.702
RGI60-05.10544,207977,82.2447,-51.2465,37.012
RGI60-05.10545,207978,82.4055,-51.4864,5.276
RGI60-05.10546,207979,82.3689,-35.4895,1.677
RGI60-05.10547,207980,82.7022,-43.3215,0.857
RGI60-05.10548,207981,82.4476,-49.4282,7.81
RGI60-05.10549,207982,82.4342,-40.6723,15.941
RGI60-05.10550,207983,82.6452,-42.0153,2.824
RGI60-05.10551,207984,82.6174,-42.102,29.441
RGI60-05.10552,207985,82.5241,-47.0423,6.438
RGI60-05.10553,207986,82.9565,-27.0868,1.015
RGI60-05.10554,207987,82.5162,-46.8625,11.519
RGI60-05.10555,207988,82.5915,-42.8604,9.157
RGI60-05.10556,207989,82.5037,-47.1617,13.166
RGI60-05.10557,207990,82.4009,-41.7806,8.334
RGI60-05.10558,207991,82.4736,-46.8388,25.337
RGI60-05.10559,207992,82.5271,-47.9655,21.807
RGI60-05.10560,207993,82.376,-41.4958,1.548
RGI60-05.10561,207994,82.5055,-47.6268,18.98
RGI60-05.10562,207995,82.4734,-47.9249,39.845
RGI60-05.10563,207996,82.4646,-47.5306,22.805
RGI60-05.10564,207997,82.4279,-47.2964,18.995
RGI60-05.10565,207998,82.6203,-28.3671,4.156
RGI60-05.10566,207999,82.4302,-47.8128,21.197
RGI60-05.10567,208000,82.5179,-42.7604,7.684
RGI60-05.10568,208001,82.3905,-47.248,15.938
RGI60-05.10569,208002,82.3367,-47.4887,48.448
RGI60-05.10570,208003,82.5331,-47.7055,1.492
RGI60-05.10571,208004,82.5531,-47.9096,7.22
RGI60-05.10572,208005,83.2798,-40.9412,0.461
RGI60-05.10573,208006,82.3917,-47.5008,14.713
RGI60-05.10574,208007,82.5754,-46.9927,5.314
RGI60-05.10575,208008,82.4418,-45.0982,2.142
RGI60-05.10576,208009,82.5883,-47.0366,1.092
RGI60-05.10577,208010,82.5796,-47.2292,7.182
RGI60-05.10578,208011,82.6513,-42.3886,3.102
RGI60-05.10579,208012,82.6543,-42.2259,3.718
RGI60-05.10580,208013,82.5693,-41.8916,13.124
RGI60-05.10581,208014,82.4523,-41.2477,0.346
RGI60-05.10582,208015,82.8938,-33.8073,0.584
RGI60-05.10583,208016,82.4245,-41.2591,4.854
RGI60-05.10584,208017,82.4955,-41.7002,82.432
RGI60-05.10585,208018,82.4093,-41.9729,3.415
RGI60-05.10586,208019,82.4115,-41.4721,29.001
RGI60-05.10587,208020,82.3992,-41.2066,4.576
RGI60-05.10588,208021,82.3644,-41.4877,1.585
RGI60-05.10589,208022,82.4236,-41.8467,9.084
RGI60-05.10590,208023,82.6864,-43.2544,7.585
RGI60-05.10591,208024,82.6902,-43.0633,1.337
RGI60-05.10592,208025,82.9125,-40.2869,2.282
RGI60-05.10593,208026,82.677,-43.0377,4.71
RGI60-05.10594,208027,82.8747,-46.1044,2.619
RGI60-05.10595,208028,82.7058,-46.1177,1.732
RGI60-05.10596,208029,82.6851,-46.2085,2.918
RGI60-05.10597,208030,82.9058,-40.4086,2.303
RGI60-05.10598,208031,82.6695,-45.798,13.949
RGI60-05.10599,208032,82.6734,-45.5053,12.395
RGI60-05.10600,208033,82.6865,-45.2062,0.887
RGI60-05.10601,208034,82.6996,-44.0656,0.676
RGI60-05.10602,208035,82.6816,-45.0227,10.857
RGI60-05.10603,208036,82.6964,-44.2004,3.843
RGI60-05.10604,208037,82.9258,-33.8731,1.543
RGI60-05.10605,208038,82.6613,-46.0905,10.22
RGI60-05.10606,208039,83.0443,-45.1298,0.152
RGI60-05.10607,208040,83.0089,-45.0348,45.987
RGI60-05.10608,208041,82.6389,-45.9675,13.387
RGI60-05.10609,208042,82.6595,-44.5893,83.016
RGI60-05.10610,208043,82.6279,-43.9657,76.967
RGI60-05.10611,208044,82.6966,-28.8048,6.347
RGI60-05.10612,208045,82.6103,-43.0696,10.015
RGI60-05.10613,208046,82.6085,-42.7959,2.432
RGI60-05.10614,208047,82.5509,-45.4857,5.841
RGI60-05.10615,208048,82.5876,-44.876,167.934
RGI60-05.10616,208049,82.625,-44.7976,0.174
RGI60-05.10617,208050,82.4685,-43.9951,373.29
RGI60-05.10618,208051,82.4425,-44.9281,0.276
RGI60-05.10619,208052,82.5757,-43.4309,111.155
RGI60-05.10620,208053,82.7046,-29.3263,1.609
RGI60-05.10621,208054,82.5172,-43.0163,27.212
RGI60-05.10622,208055,82.4959,-42.6738,2.647
RGI60-05.10623,208056,82.4342,-44.8275,4.718
RGI60-05.10624,208057,82.4326,-42.5043,14.502
RGI60-05.10625,208058,82.3887,-44.54,56.615
RGI60-05.10626,208059,83.0164,-44.568,0.519
RGI60-05.10627,208060,82.4593,-42.8281,59.564
RGI60-05.10628,208061,82.324,-42.112,2.405
RGI60-05.10629,208062,82.3471,-42.7071,158.249
RGI60-05.10630,208063,82.2059,-43.9663,36.389
RGI60-05.10631,208064,82.4026,-42.5487,8.155
RGI60-05.10632,208065,82.3799,-42.3276,1.797
RGI60-05.10633,208066,82.3458,-44.3329,18.28
RGI60-05.10634,208067,82.2919,-43.4867,388.067
RGI60-05.10635,208068,82.2515,-41.8869,11.208
RGI60-05.10636,208069,82.6835,-45.3206,5.343
RGI60-05.10637,208070,82.9878,-44.3713,0.228
RGI60-05.10638,208071,82.9258,-44.1619,16.619
RGI60-05.10639,208072,82.1683,-43.0322,35.126
RGI60-05.10640,208073,82.2133,-41.6434,39.634
RGI60-05.10641,208074,82.2785,-42.2044,55.615
RGI60-05.10642,208075,82.833,-45.8486,1.005
RGI60-05.10643,208076,82.8497,-46.9441,0.481
RGI60-05.10644,208077,82.6249,-27.7405,2.455
RGI60-05.10645,208078,82.8263,-39.1903,4.276
RGI60-05.10646,208079,82.9639,-43.6094,1.571
RGI60-05.10647,208080,82.9426,-42.9014,9.096
RGI60-05.10648,208081,82.8602,-47.0506,2.3
RGI60-05.10649,208082,83.2868,-41.1398,0.885
RGI60-05.10650,208083,82.88,-45.4388,3.639
RGI60-05.10651,208084,82.8923,-47.3387,0.553
RGI60-05.10652,208085,82.8881,-47.182,2.639
RGI60-05.10653,208086,82.9176,-46.7047,0.676
RGI60-05.10654,208087,82.8783,-46.3218,4.943
RGI60-05.10655,208088,82.9521,-43.0132,1.403
RGI60-05.10656,208089,82.8461,-46.2751,5.525
RGI60-05.10657,208090,82.9519,-43.5363,0.731
RGI60-05.10658,208091,83.0071,-45.5809,1.188
RGI60-05.10659,208092,82.8453,-46.1007,5.339
RGI60-05.10660,208093,82.8645,-42.9917,1.005
RGI60-05.10661,208094,83.0635,-40.4843,10.286
RGI60-05.10662,208095,82.9331,-46.7782,3.77
RGI60-05.10663,208096,82.6418,-27.9984,1.956
RGI60-05.10664,208097,82.9263,-46.5561,3.534
RGI60-05.10665,208098,82.6644,-28.5156,1.237
RGI60-05.10666,208099,82.9217,-43.4085,11.724
RGI60-05.10667,208100,82.9389,-43.1795,6.97
RGI60-05.10668,208101,82.637,-28.0713,4.165
RGI60-05.10669,208102,82.8984,-43.3325,10.028
RGI60-05.10670,208103,82.8722,-42.8694,1.328
RGI60-05.10671,208104,82.9065,-43.1324,15.871
RGI60-05.10672,208105,83.2807,-41.2252,0.761
RGI60-05.10673,208106,82.6574,-28.3244,9.248
RGI60-05.10674,208107,82.6535,-28.0899,2.242
RGI60-05.10675,208108,83.0643,-30.0159,65.281
RGI60-05.10676,208109,82.6498,-28.7325,2.361
RGI60-05.10677,208110,82.6343,-28.9261,0.953
RGI60-05.10678,208111,82.6433,-28.7303,3.333
RGI60-05.10679,208112,82.6328,-28.2735,7.328
RGI60-05.10680,208113,82.6412,-28.5139,11.284
RGI60-05.10681,208114,82.9725,-41.8301,1.942
RGI60-05.10682,208115,82.8925,-34.7539,4.11
RGI60-05.10683,208116,82.8783,-35.3367,7.833
RGI60-05.10684,208117,83.0202,-45.7081,1.226
RGI60-05.10685,208118,82.8856,-35.0317,12.567
RGI60-05.10686,208119,82.8693,-34.7311,20.877
RGI60-05.10687,208120,82.8697,-35.4226,3.203
RGI60-05.10688,208121,82.846,-34.5495,2.675
RGI60-05.10689,208122,82.8454,-35.2477,36.806
RGI60-05.10690,208123,82.8302,-34.5144,2.966
RGI60-05.10691,208124,82.8116,-34.7343,25.803
RGI60-05.10692,208125,82.7373,-34.7313,12.993
RGI60-05.10693,208126,82.8125,-35.3599,9.014
RGI60-05.10694,208127,82.7935,-35.5713,3.262
RGI60-05.10695,208128,82.7585,-34.8894,19.681
RGI60-05.10696,208129,82.7188,-28.6373,1.916
RGI60-05.10697,208130,82.7038,-28.5407,0.157
RGI60-05.10698,208131,82.7778,-35.5106,12.088
RGI60-05.10699,208132,82.698,-34.8021,46.991
RGI60-05.10700,208133,82.7579,-35.2624,101.758
RGI60-05.10701,208134,82.7032,-28.6237,2.551
RGI60-05.10702,208135,82.679,-35.438,8.647
RGI60-05.10703,208136,82.66,-35.507,6.552
RGI60-05.10704,208137,82.666,-35.171,33.292
RGI60-05.10705,208138,82.6452,-35.4877,1.542
RGI60-05.10706,208139,82.7145,-29.0926,5.268
RGI60-05.10707,208140,82.7143,-28.8954,2.524
RGI60-05.10708,208141,82.7124,-28.7606,3.949
RGI60-05.10709,208142,82.7188,-29.3011,0.694
RGI60-05.10710,208143,82.6955,-29.1284,15.069
RGI60-05.10711,208144,82.6893,-29.3396,1.69
RGI60-05.10712,208145,82.9753,-38.2642,6.689
RGI60-05.10713,208146,82.9466,-39.029,38.832
RGI60-05.10714,208147,82.9039,-40.519,2.75
RGI60-05.10715,208148,82.9281,-39.2913,0.083
RGI60-05.10716,208149,82.9632,-38.4943,8.627
RGI60-05.10717,208150,82.9085,-38.0802,99.787
RGI60-05.10718,208151,82.8758,-40.6336,18.743
RGI60-05.10719,208152,82.8912,-40.2176,16.33
RGI60-05.10720,208153,82.915,-39.2652,1.202
RGI60-05.10721,208154,82.8674,-41.1566,18.895
RGI60-05.10722,208155,82.9,-39.0153,26.568
RGI60-05.10723,208156,82.8592,-41.3429,4.517
RGI60-05.10724,208157,82.817,-40.3684,78.206
RGI60-05.10725,208158,82.8683,-40.377,3.583
RGI60-05.10726,3965,82.8078,-36.5975,131.933
RGI60-05.10727,208159,82.8705,-36.5426,5.3
RGI60-05.10728,208160,82.868,-38.9094,2.381
RGI60-05.10729,208161,82.8564,-38.9929,0.093
RGI60-05.10730,208162,82.8514,-41.4432,2.702
RGI60-05.10731,208163,82.8546,-38.8911,4.102
RGI60-05.10732,208164,82.8355,-41.5414,4.125
RGI60-05.10733,208165,82.5838,-39.8059,72.673
RGI60-05.10734,208166,82.6534,-40.1452,25.729
RGI60-05.10735,208167,82.5193,-35.5468,392.607
RGI60-05.10736,208168,82.5309,-39.988,64.934
RGI60-05.10737,208169,82.8244,-28.8736,1.633
RGI60-05.10738,208170,82.8141,-39.8136,18.636
RGI60-05.10739,208171,82.7734,-28.5261,3.092
RGI60-05.10740,208172,82.796,-41.8352,10.893
RGI60-05.10741,208173,82.7604,-36.0999,19.349
RGI60-05.10742,208174,82.8581,-37.2911,109.155
RGI60-05.10743,208175,82.7435,-41.162,114.852
RGI60-05.10744,208176,82.808,-41.5247,0.222
RGI60-05.10745,208177,82.2317,-38.682,4.71
RGI60-05.10746,208178,82.7655,-41.7261,12.154
RGI60-05.10747,208179,82.6546,-36.7557,297.055
RGI60-05.10748,208180,82.5656,-38.8762,289.188
RGI60-05.10749,208181,82.6735,-37.9353,738.938
RGI60-05.10750,208182,82.699,-41.1559,8.468
RGI60-05.10751,208183,82.7079,-40.9299,1.892
RGI60-05.10752,208184,82.7527,-40.0604,103.827
RGI60-05.10753,208185,82.7226,-40.6556,25.16
RGI60-05.10754,208186,82.6837,-40.3957,20.709
RGI60-05.10755,208187,82.4827,-40.0514,28.34
RGI60-05.10756,208188,82.4884,-36.9148,167.501
RGI60-05.10757,208189,82.3869,-40.0991,8.487
RGI60-05.10758,208190,82.3688,-40.1542,3.116
RGI60-05.10759,208191,82.9625,-38.1697,2.537
RGI60-05.10760,208192,82.3724,-39.5842,3.784
RGI60-05.10761,208193,82.3901,-39.9472,8.824
RGI60-05.10762,208194,82.4018,-37.5399,309.061
RGI60-05.10763,208195,82.3542,-40.0716,5.029
RGI60-05.10764,208196,82.3425,-39.9034,1.867
RGI60-05.10765,208197,82.3594,-39.9209,6.28
RGI60-05.10766,208198,82.43,-38.6219,402.27
RGI60-05.10767,208199,82.3302,-38.9556,67.915
RGI60-05.10768,208200,82.3544,-39.4252,15.928
RGI60-05.10769,208201,82.2753,-38.017,161.792
RGI60-05.10770,208202,82.2804,-38.6216,39.34
RGI60-05.10771,208203,82.8692,-40.8895,13.503
RGI60-05.10772,208204,82.7261,-39.5171,20.937
RGI60-05.10773,208205,82.2912,-38.8013,18.884
RGI60-05.10774,208206,82.5758,-40.0902,4.27
RGI60-05.10775,208207,82.6984,-40.6021,6.779
RGI60-05.10776,208208,82.961,-38.6717,6.016
RGI60-05.10777,208209,83.0008,-38.3479,1.0
RGI60-05.10778,208210,82.9147,-33.6724,16.102
RGI60-05.10779,208211,82.8913,-33.6169,3.561
RGI60-05.10780,208212,83.0765,-43.1584,5.366
RGI60-05.10781,208213,83.0657,-45.1331,12.899
RGI60-05.10782,208214,83.0589,-44.832,6.135
RGI60-05.10783,208215,82.7742,-28.6893,4.174
RGI60-05.10784,208216,83.0538,-44.6605,5.737
RGI60-05.10785,208217,82.9157,-44.9528,2.181
RGI60-05.10786,208218,83.0448,-45.6608,4.683
RGI60-05.10787,208219,82.9831,-45.5096,0.594
RGI60-05.10788,208220,82.9771,-45.5897,1.194
RGI60-05.10789,208221,82.996,-44.1348,8.391
RGI60-05.10790,208222,82.9695,-44.0895,31.33
RGI60-05.10791,208223,82.9105,-44.6033,0.527
RGI60-05.10792,208224,82.9636,-44.9021,44.746
RGI60-05.10793,208225,82.9806,-44.8974,0.079
RGI60-05.10794,208226,82.9816,-44.3831,0.057
RGI60-05.10795,208227,83.0234,-44.4298,11.706
RGI60-05.10796,208228,82.9213,-44.4366,13.508
RGI60-05.10797,208229,82.9253,-44.7468,13.219
RGI60-05.10798,208230,82.948,-44.7545,0.094
RGI60-05.10799,208231,82.9271,-44.613,0.414
RGI60-05.10800,208232,83.0385,-39.0814,4.075
RGI60-05.10801,208233,82.8137,-28.5729,2.995
RGI60-05.10802,208234,83.0445,-38.8352,5.25
RGI60-05.10803,208235,82.7851,-28.3076,9.841
RGI60-05.10804,208236,82.7978,-28.6901,10.094
RGI60-05.10805,208237,82.7982,-28.4615,9.186
RGI60-05.10806,208238,82.8208,-28.6836,0.992
RGI60-05.10807,208239,83.0568,-37.0578,0.971
RGI60-05.10808,208240,83.1434,-43.0839,4.504
RGI60-05.10809,208241,83.1339,-43.5596,22.942
RGI60-05.10810,208242,83.1117,-43.1808,20.182
RGI60-05.10811,208243,83.0916,-43.5989,10.604
RGI60-05.10812,208244,82.9507,-29.1864,4.756
RGI60-05.10813,208245,83.164,-43.22,2.543
RGI60-05.10814,208246,82.9163,-27.3106,2.213
RGI60-05.10815,208247,82.9431,-29.2668,0.989
RGI60-05.10816,208248,83.0904,-36.6717,13.55
RGI60-05.10817,208249,83.1184,-36.6538,7.775
RGI60-05.10818,208250,82.9009,-27.2103,6.692
RGI60-05.10819,208251,82.9324,-28.513,2.32
RGI60-05.10820,208252,82.9684,-29.0082,6.846
RGI60-05.10821,208253,82.9289,-28.9339,23.948
RGI60-05.10822,208254,82.9294,-28.6425,1.934
RGI60-05.10823,208255,82.8871,-27.5943,5.053
RGI60-05.10824,208256,82.9263,-29.1787,5.22
RGI60-05.10825,208257,82.8789,-28.8615,25.113
RGI60-05.10826,208258,82.8523,-28.663,5.037
RGI60-05.10827,208259,82.8996,-28.2271,81.721
RGI60-05.10828,208260,82.8504,-28.3341,23.617
RGI60-05.10829,208261,82.9797,-28.7717,3.316
RGI60-05.10830,208262,82.9531,-28.2571,8.297
RGI60-05.10831,208263,82.7079,-23.7693,5.904
RGI60-05.10832,208264,82.7797,-23.6494,1.945
RGI60-05.10833,208265,82.7129,-24.0221,8.089
RGI60-05.10834,208266,82.7294,-23.4405,13.365
RGI60-05.10835,208267,82.7488,-23.8838,50.395
RGI60-05.10836,208268,82.7551,-24.3777,13.572
RGI60-05.10837,208269,82.6832,-23.5257,14.158
RGI60-05.10838,208270,82.7461,-22.9453,7.014
RGI60-05.10839,208271,82.951,-27.1555,1.565
RGI60-05.10840,208272,83.26,-41.0341,8.892
RGI60-05.10841,208273,82.9567,-25.5328,8.579
RGI60-05.10842,208274,83.2278,-33.5802,2.467
RGI60-05.10843,208275,83.0839,-30.3676,9.789
RGI60-05.10844,208276,83.0117,-30.8218,110.05
RGI60-05.10845,208277,83.0308,-29.4408,4.295
RGI60-05.10846,208278,82.8839,-29.8027,1.283
RGI60-05.10847,208279,83.0487,-30.4536,42.677
RGI60-05.10848,208280,83.0058,-31.3877,15.227
RGI60-05.10849,208281,82.9984,-31.6435,7.865
RGI60-05.10850,208282,82.9724,-30.0153,102.895
RGI60-05.10851,208283,82.9753,-31.783,5.559
RGI60-05.10852,208284,82.9437,-31.7422,1.107
RGI60-05.10853,208285,82.9237,-32.4046,2.991
RGI60-05.10854,208286,82.9264,-32.8238,3.823
RGI60-05.10855,208287,82.8558,-29.8166,17.52
RGI60-05.10856,208288,82.8986,-30.1447,83.893
RGI60-05.10857,208289,82.9031,-33.1476,13.929
RGI60-05.10858,208290,82.829,-29.7597,4.182
RGI60-05.10859,208291,82.8141,-29.8488,1.41
RGI60-05.10860,208292,82.7921,-29.863,6.205
RGI60-05.10861,208293,82.8087,-32.8249,6.008
RGI60-05.10862,208294,82.854,-31.5587,474.312
RGI60-05.10863,208295,82.7928,-30.8525,24.849
RGI60-05.10864,208296,82.8648,-33.1263,12.488
RGI60-05.10865,208297,82.8659,-32.5305,33.339
RGI60-05.10866,208298,82.7616,-31.3214,39.903
RGI60-05.10867,208299,82.8137,-30.1698,58.926
RGI60-05.10868,208300,82.8341,-33.0368,9.996
RGI60-05.10869,208301,82.7422,-32.5096,9.653
RGI60-05.10870,208302,82.7316,-33.1545,3.022
RGI60-05.10871,208303,82.7323,-31.8205,11.304
RGI60-05.10872,208304,82.6965,-32.493,41.636
RGI60-05.10873,208305,82.6984,-32.0812,6.678
RGI60-05.10874,208306,83.2916,-34.835,0.068
RGI60-05.10875,208307,83.1815,-37.78,17.525
RGI60-05.10876,208308,83.3501,-35.6058,0.115
RGI60-05.10877,208309,83.1286,-29.9145,0.96
RGI60-05.10878,208310,83.5094,-38.8027,1.404
RGI60-05.10879,208311,83.3619,-31.389,1.126
RGI60-05.10880,208312,83.3279,-35.8904,0.639
RGI60-05.10881,208313,82.9952,-25.5353,1.509
RGI60-05.10882,208314,83.1153,-27.6897,1.145
RGI60-05.10883,208315,83.511,-34.2847,1.348
RGI60-05.10884,208316,83.4484,-38.2541,51.702
RGI60-05.10885,208317,83.3863,-31.962,170.533
RGI60-05.10886,208318,83.4502,-34.2349,1.952
RGI60-05.10887,208319,83.4182,-34.8915,85.176
RGI60-05.10888,208320,83.4811,-35.2438,0.122
RGI60-05.10889,208321,83.4473,-34.3414,1.529
RGI60-05.10890,208322,83.4762,-38.7363,23.632
RGI60-05.10891,208323,83.3513,-37.3122,2.345
RGI60-05.10892,208324,83.3049,-36.6704,58.96
RGI60-05.10893,208325,83.2673,-33.1058,54.185
RGI60-05.10894,208326,83.2536,-34.9465,40.586
RGI60-05.10895,208327,83.1053,-27.8974,2.162
RGI60-05.10896,208328,83.1087,-27.6091,1.607
RGI60-05.10897,208329,83.2398,-31.3309,1.37
RGI60-05.10898,208330,82.7164,-33.0173,10.463
RGI60-05.10899,208331,82.6973,-32.9742,2.777
RGI60-05.10900,208332,82.7342,-31.485,19.804
RGI60-05.10901,208333,82.6531,-32.6575,8.164
RGI60-05.10902,208334,82.6444,-32.4536,1.975
RGI60-05.10903,208335,82.9144,-32.9895,12.238
RGI60-05.10904,208336,83.1361,-29.9032,0.781
RGI60-05.10905,208337,83.1462,-30.2224,2.736
RGI60-05.10906,208338,83.1344,-30.3046,2.939
RGI60-05.10907,208339,83.0368,-26.9167,6.54
RGI60-05.10908,208340,83.044,-26.7948,3.929
RGI60-05.10909,208341,83.0188,-26.8416,2.943
RGI60-05.10910,208342,83.3319,-40.2184,2.772
RGI60-05.10911,208343,83.3667,-40.2307,12.122
RGI60-05.10912,208344,83.3395,-40.0861,0.123
RGI60-05.10913,208345,83.0821,-27.4704,13.539
RGI60-05.10914,208346,83.0883,-27.7389,8.238
RGI60-05.10915,208347,83.2383,-31.1779,1.886
RGI60-05.10916,208348,83.1131,-27.8042,1.865
RGI60-05.10917,208349,83.2485,-31.2028,2.152
RGI60-05.10918,208350,83.2449,-31.0613,2.577
RGI60-05.10919,208351,83.2537,-31.5921,3.696
RGI60-05.10920,208352,83.2488,-32.1541,1.967
RGI60-05.10921,208353,83.2497,-31.7707,5.341
RGI60-05.10922,208354,83.2589,-32.2877,3.889
RGI60-05.10923,208355,83.2524,-32.0073,1.743
RGI60-05.10924,208356,83.2301,-31.8515,2.859
RGI60-05.10925,208357,83.2378,-32.2272,5.072
RGI60-05.10926,208358,83.2333,-32.1465,3.489
RGI60-05.10927,208359,83.2318,-32.0152,3.106
RGI60-05.10928,208360,83.2839,-31.1246,2.662
RGI60-05.10929,208361,83.343,-32.018,3.781
RGI60-05.10930,208362,83.3385,-32.156,1.278
RGI60-05.10931,208363,83.3242,-32.094,1.437
RGI60-05.10932,208364,83.3341,-31.795,8.238
RGI60-05.10933,208365,83.3206,-32.0017,2.766
RGI60-05.10934,208366,83.3243,-31.9215,1.952
RGI60-05.10935,208367,83.4637,-36.4982,0.24
RGI60-05.10936,208368,83.3672,-31.5645,4.971
RGI60-05.10937,208369,83.5227,-38.5734,1.754
RGI60-05.10938,208370,83.525,-37.4106,6.977
RGI60-05.10939,208371,83.3615,-30.6508,1.996
RGI60-05.10940,208372,83.3463,-30.3593,6.269
RGI60-05.10941,208373,83.3752,-30.3176,4.368
RGI60-05.10942,208374,83.3633,-30.3764,2.408
RGI60-05.10943,208375,83.5506,-37.6122,2.459
RGI60-05.10944,208376,83.4598,-31.2643,1.384
RGI60-05.10945,208377,83.5404,-37.073,4.466
RGI60-05.10946,208378,83.4326,-31.2031,1.576
RGI60-05.10947,208379,83.4326,-31.3169,2.251
RGI60-05.10948,208380,83.45,-33.6859,48.028
RGI60-05.10949,208381,83.5152,-37.2552,0.343
RGI60-05.10950,208382,83.5029,-37.2986,0.102
RGI60-05.10951,208383,83.4857,-35.9128,100.324
RGI60-05.10952,208384,83.4915,-35.5036,0.438
RGI60-05.10953,208385,83.4634,-33.1642,55.433
RGI60-05.10954,208386,83.5064,-38.5454,0.638
RGI60-05.10955,208387,83.453,-37.9074,2.821
RGI60-05.10956,208388,83.3688,-39.4724,14.815
RGI60-05.10957,208389,83.3603,-38.3207,52.107
RGI60-05.10958,208390,83.2536,-34.5994,3.628
RGI60-05.10959,208391,83.3658,-34.1573,183.85
RGI60-05.10960,208392,83.3932,-33.3717,0.134
RGI60-05.10961,208393,83.3693,-37.72,11.96
RGI60-05.10962,208394,83.2532,-39.465,1.832
RGI60-05.10963,208395,83.2111,-37.8243,2.008
RGI60-05.10964,208396,83.189,-37.4727,37.819
RGI60-05.10965,208397,83.1843,-37.27,0.859
RGI60-05.10966,208398,83.2645,-39.3315,7.135
RGI60-05.10967,208399,83.2571,-39.1315,0.147
RGI60-05.10968,208400,83.2613,-35.4076,57.596
RGI60-05.10969,208401,83.3092,-38.8197,0.251
RGI60-05.10970,208402,83.2356,-36.3921,3.454
RGI60-05.10971,208403,83.2363,-38.8206,24.379
RGI60-05.10972,208404,83.2071,-38.9862,0.788
RGI60-05.10973,208405,83.2442,-38.1059,70.998
RGI60-05.10974,208406,83.2156,-38.1056,0.413
RGI60-05.10975,208407,83.1261,-37.4261,2.122
RGI60-05.10976,208408,83.12,-37.3117,0.145
RGI60-05.10977,208409,83.1062,-37.6623,1.984
RGI60-05.10978,208410,83.0455,-37.8596,28.903
RGI60-05.10979,208411,83.0736,-37.0137,3.524
RGI60-05.10980,208412,83.0055,-37.1019,34.699
RGI60-05.10981,208413,83.3477,-38.8275,0.223
RGI60-05.10982,208414,83.2845,-38.3316,21.47
RGI60-05.10983,208415,83.4195,-39.125,79.321
RGI60-05.10984,208416,83.4075,-37.8244,19.522
RGI60-05.10985,208417,82.9833,-36.6695,5.7
RGI60-05.10986,208418,82.9839,-37.4015,21.392
RGI60-05.10987,208419,82.9549,-36.7844,17.386
RGI60-05.10988,208420,83.2401,-37.1259,207.766
RGI60-05.10989,208421,83.3589,-37.6486,0.07
RGI60-05.10990,208422,83.3017,-36.9812,0.209
RGI60-05.10991,208423,83.2384,-39.2576,5.644
RGI60-05.10992,208424,83.2929,-38.9147,40.382
RGI60-05.10993,208425,83.3464,-39.0118,0.699
RGI60-05.10994,208426,83.3443,-39.3516,0.431
RGI60-05.10995,208427,83.3257,-38.8223,0.149
RGI60-05.10996,208428,83.0743,-38.1587,11.526
RGI60-05.10997,208429,83.5318,-35.337,30.99
RGI60-05.10998,208430,83.5542,-36.7183,26.277
RGI60-05.10999,208431,83.4944,-36.9455,28.227
RGI60-05.11000,208432,83.4796,-36.4776,0.161
RGI60-05.11001,208433,83.3962,-36.1684,182.955
RGI60-05.11002,208434,83.3686,-35.3513,0.055
RGI60-05.11003,208435,83.0759,-37.301,5.643
RGI60-05.11004,208436,83.3578,-35.5172,0.103
RGI60-05.11005,208437,83.0986,-37.5114,9.282
RGI60-05.11006,208438,65.6354,-37.1341,0.1
RGI60-05.11007,,65.7991,-37.2379,0.053
RGI60-05.11008,208439,65.9191,-36.9648,0.072
RGI60-05.11009,208440,65.9217,-36.9833,0.073
RGI60-05.11010,208441,65.5574,-37.141,0.078
RGI60-05.11011,208442,65.5629,-37.1477,0.067
RGI60-05.11012,208443,65.8164,-37.3004,0.096
RGI60-05.11013,208444,65.7522,-38.2052,0.066
RGI60-05.11014,208445,65.7315,-37.4481,0.201
RGI60-05.11015,208446,65.7418,-37.5891,0.095
RGI60-05.11016,208447,65.7134,-36.886,0.058
RGI60-05.11017,208448,65.8,-37.4256,0.163
RGI60-05.11018,208449,65.791,-37.2441,0.095
RGI60-05.11019,208450,83.2859,-36.2085,2.548
RGI60-05.11020,208451,83.2919,-35.75,78.638
RGI60-05.11021,208452,83.3273,-35.1875,0.159
RGI60-05.11022,208453,83.2864,-35.5634,0.082
RGI60-05.11023,208454,83.254,-36.262,0.076
RGI60-05.11024,208455,83.3008,-33.7075,37.012
RGI60-05.11025,208456,83.4452,-27.9484,49.176
RGI60-05.11026,208457,83.4004,-28.5111,160.435
RGI60-05.11027,208458,83.4838,-29.4734,8.967
RGI60-05.11028,208459,83.4451,-27.4336,2.34
RGI60-05.11029,208460,83.3962,-27.2997,64.715
RGI60-05.11030,208461,83.4152,-27.6687,0.072
RGI60-05.11031,208462,83.4353,-30.1769,5.502
RGI60-05.11032,208463,83.415,-29.7416,14.376
RGI60-05.11033,208464,83.4478,-29.2213,15.85
RGI60-05.11034,208465,83.4218,-30.4199,11.799
RGI60-05.11035,208466,83.3419,-27.66,13.561
RGI60-05.11036,208467,83.4375,-30.9916,12.479
RGI60-05.11037,208468,83.4054,-29.9281,20.32
RGI60-05.11038,208469,83.4101,-30.9057,8.881
RGI60-05.11039,208470,83.3831,-29.5359,5.838
RGI60-05.11040,208471,83.3609,-29.1149,7.52
RGI60-05.11041,208472,83.31,-28.6799,10.185
RGI60-05.11042,208473,83.3059,-28.2549,65.585
RGI60-05.11043,208474,83.3918,-30.1435,1.49
RGI60-05.11044,208475,83.3751,-29.2972,0.451
RGI60-05.11045,208476,65.7886,-36.8294,0.093
RGI60-05.11046,208477,65.8372,-37.5882,0.055
RGI60-05.11047,208478,65.8228,-37.3259,0.059
RGI60-05.11048,208479,65.8741,-36.2186,0.14
RGI60-05.11049,208480,65.9079,-36.6545,0.089
RGI60-05.11050,208481,65.655,-37.1378,0.059
RGI60-05.11051,208482,65.6543,-37.1217,0.132
RGI60-05.11052,208483,65.6779,-37.5398,0.056
RGI60-05.11053,208484,65.6209,-36.8265,0.44
RGI60-05.11054,208485,65.6739,-37.7082,0.099
RGI60-05.11055,208486,65.6741,-37.6927,0.072
RGI60-05.11056,208487,65.6757,-37.7146,0.06
RGI60-05.11057,208488,65.5562,-37.097,0.428
RGI60-05.11058,208489,65.6144,-37.8577,0.098
RGI60-05.11059,208490,65.6091,-37.7591,0.98
RGI60-05.11060,208491,65.6265,-36.8377,0.133
RGI60-05.11061,208492,65.615,-37.7784,0.484
RGI60-05.11062,208493,65.6232,-37.8263,0.086
RGI60-05.11063,208494,65.5784,-37.0134,0.062
RGI60-05.11064,208495,65.5828,-37.0284,0.105
RGI60-05.11065,208496,65.5885,-37.0472,0.073
RGI60-05.11066,208497,65.579,-36.9059,0.31
RGI60-05.11067,208498,65.591,-37.0614,0.059
RGI60-05.11068,208499,65.5898,-37.0238,0.085
RGI60-05.11069,208500,65.6288,-37.8253,0.741
RGI60-05.11070,208501,65.6542,-38.1967,0.129
RGI60-05.11071,208502,65.5876,-36.8815,0.067
RGI60-05.11072,208503,65.6038,-37.1048,0.065
RGI60-05.11073,208504,65.6025,-37.0908,0.134
RGI60-05.11074,208505,65.5998,-37.0244,0.066
RGI60-05.11075,208506,65.5944,-36.9417,0.084
RGI60-05.11076,208507,65.6783,-37.7513,0.098
RGI60-05.11077,,65.6777,-37.7019,0.079
RGI60-05.11078,208508,65.5997,-37.0473,0.412
RGI60-05.11079,208509,65.6612,-38.1792,0.535
RGI60-05.11080,208510,65.6535,-38.1807,0.365
RGI60-05.11081,208511,65.681,-38.2322,0.692
RGI60-05.11082,208512,65.6382,-37.8548,1.978
RGI60-05.11083,208513,65.6687,-38.239,0.127
RGI60-05.11084,208514,65.6014,-36.9206,0.117
RGI60-05.11085,208515,65.6123,-37.0147,0.059
RGI60-05.11086,208516,65.6842,-38.3139,0.063
RGI60-05.11087,208517,65.6112,-36.9319,0.128
RGI60-05.11088,208518,65.6139,-37.0347,0.986
RGI60-05.11089,208519,65.6881,-38.3135,0.075
RGI60-05.11090,208520,65.6924,-38.273,0.267
RGI60-05.11091,208521,65.6909,-38.2302,0.515
RGI60-05.11092,208522,65.69,-38.2936,1.158
RGI60-05.11093,208523,65.6749,-37.8344,0.118
RGI60-05.11094,208524,65.6721,-37.8322,0.267
RGI60-05.11095,208525,65.6979,-38.2255,0.083
RGI60-05.11096,208526,65.6993,-38.2775,0.173
RGI60-05.11100,208527,65.7199,-38.6955,0.158
RGI60-05.11103,208528,65.6368,-36.994,0.167
RGI60-05.11104,208529,65.6437,-37.1415,0.585
RGI60-05.11105,208530,65.6469,-37.1093,0.063
RGI60-05.11106,208531,65.68,-37.7063,0.079
RGI60-05.11107,208532,65.6343,-36.9543,0.569
RGI60-05.11108,208533,65.6822,-37.7451,0.117
RGI60-05.11109,208534,65.6813,-37.7155,0.065
RGI60-05.11110,208535,65.6699,-37.5302,0.414
RGI60-05.11111,208536,65.6508,-37.1212,0.079
RGI60-05.11112,208537,65.6716,-37.5053,0.086
RGI60-05.11113,208538,65.6434,-36.9836,0.062
RGI60-05.11114,,65.6851,-37.7379,0.139
RGI60-05.11115,208539,65.6454,-36.9609,0.431
RGI60-05.11116,208540,65.6841,-37.5381,0.18
RGI60-05.11117,208541,65.6528,-36.9839,1.384
RGI60-05.11118,208542,65.6903,-37.5701,0.323
RGI60-05.11119,208543,65.6715,-37.18,0.156
RGI60-05.11120,208544,65.6674,-37.0804,0.058
RGI60-05.11121,208545,65.6941,-37.5991,0.062
RGI60-05.11122,208546,65.7265,-38.222,1.094
RGI60-05.11123,208547,65.7055,-37.7089,0.079
RGI60-05.11124,208548,65.7309,-38.1757,0.066
RGI60-05.11125,208549,65.6954,-37.4901,0.29
RGI60-05.11126,208550,65.6659,-36.9791,1.281
RGI60-05.11127,208551,65.7046,-37.5996,0.137
RGI60-05.11128,208552,65.6812,-37.1652,0.452
RGI60-05.11132,208553,65.7527,-38.5229,0.086
RGI60-05.11133,208554,65.7111,-37.7266,0.296
RGI60-05.11134,208555,65.7362,-38.1822,0.319
RGI60-05.11135,208556,65.7438,-38.2449,0.053
RGI60-05.11136,208557,65.6802,-37.031,0.12
RGI60-05.11137,208558,65.711,-37.5938,0.206
RGI60-05.11138,208559,65.7381,-38.2118,2.166
RGI60-05.11139,208560,65.7236,-38.1859,1.031
RGI60-05.11140,208561,65.7386,-38.231,0.077
RGI60-05.11141,208562,65.7331,-38.2301,0.174
RGI60-05.11142,208563,65.6814,-37.0526,0.525
RGI60-05.11143,208564,65.6685,-37.0204,1.348
RGI60-05.11144,208565,65.7798,-37.5667,0.268
RGI60-05.11145,208566,65.6732,-37.0712,1.886
RGI60-05.11146,208567,65.6601,-37.0756,0.102
RGI60-05.11147,208568,65.6413,-37.0016,0.366
RGI60-05.11148,208569,65.6333,-37.0464,0.077
RGI60-05.11149,208570,65.6789,-37.0782,0.277
RGI60-05.11150,208571,65.6702,-37.001,0.36
RGI60-05.11151,208572,65.7471,-38.2353,0.121
RGI60-05.11152,208573,65.7542,-38.3716,0.064
RGI60-05.11157,208574,65.689,-37.4565,2.363
RGI60-05.11158,208575,65.6512,-37.0525,11.279
RGI60-05.11159,208576,65.6376,-37.0207,0.785
RGI60-05.11160,208577,65.7533,-38.2514,0.054
RGI60-05.11161,208578,65.6845,-37.4874,0.187
RGI60-05.11162,208579,65.7005,-37.5371,9.721
RGI60-05.11163,208580,65.6735,-37.4108,0.446
RGI60-05.11164,208581,65.7015,-37.5888,0.205
RGI60-05.11165,208582,65.6943,-37.5804,0.188
RGI60-05.11166,208583,65.6893,-37.5507,0.507
RGI60-05.11167,208584,65.6808,-37.4319,1.304
RGI60-05.11168,208585,65.6893,-37.4097,2.23
RGI60-05.11169,208586,65.6779,-37.4784,1.83
RGI60-05.11170,208587,65.7154,-37.6062,0.162
RGI60-05.11171,208588,65.7181,-37.6158,0.156
RGI60-05.11172,208589,65.767,-38.5221,0.064
RGI60-05.11175,208590,65.767,-38.5113,0.078
RGI60-05.11179,208591,65.7215,-37.5991,0.15
RGI60-05.11180,208592,65.7523,-38.2304,0.388
RGI60-05.11181,208593,65.6931,-36.8434,0.134
RGI60-05.11182,208594,65.7309,-37.5853,1.41
RGI60-05.11183,208595,65.6988,-36.9108,0.104
RGI60-05.11184,208596,65.7302,-37.4594,0.094
RGI60-05.11185,208597,65.7056,-36.9773,0.149
RGI60-05.11186,1629,65.6957,-37.8032,20.154
RGI60-05.11187,208598,65.6742,-37.7643,0.482
RGI60-05.11188,208599,65.7116,-36.9724,0.276
RGI60-05.11189,208600,65.67,-37.8148,1.255
RGI60-05.11190,208601,65.6653,-37.7768,1.033
RGI60-05.11191,208602,65.7394,-37.4743,0.806
RGI60-05.11192,208603,65.7359,-37.617,2.418
RGI60-05.11193,208604,65.7124,-36.8979,0.125
RGI60-05.11194,208605,65.7489,-37.5256,0.131
RGI60-05.11195,208606,65.7366,-37.7822,9.903
RGI60-05.11196,208607,65.6646,-37.7964,0.66
RGI60-05.11197,208608,65.7018,-36.8357,0.183
RGI60-05.11198,208609,65.7396,-37.4964,1.758
RGI60-05.11199,208610,65.7505,-37.5175,0.073
RGI60-05.11200,208611,65.7859,-38.1088,0.247
RGI60-05.11201,208612,65.7304,-36.9825,0.192
RGI60-05.11202,208613,65.7627,-37.6355,2.058
RGI60-05.11203,208614,65.7261,-36.908,0.193
RGI60-05.11204,208615,65.7307,-36.9102,0.151
RGI60-05.11205,208616,65.7183,-36.9094,0.385
RGI60-05.11206,208617,65.7803,-37.7931,0.071
RGI60-05.11207,208618,65.7967,-38.1204,0.06
RGI60-05.11208,208619,65.7639,-37.4945,0.166
RGI60-05.11209,208620,65.7576,-37.3655,0.36
RGI60-05.11210,208621,65.7991,-38.1066,0.053
RGI60-05.11211,208622,65.7359,-36.9119,0.059
RGI60-05.11212,208623,65.8111,-38.3459,0.189
RGI60-05.11213,208624,65.7693,-37.4846,0.138
RGI60-05.11214,208625,65.7442,-37.0469,0.269
RGI60-05.11215,208626,65.8043,-38.1988,0.237
RGI60-05.11216,208627,65.7842,-37.776,0.308
RGI60-05.11217,208628,65.7423,-36.9959,1.096
RGI60-05.11218,208629,65.7274,-36.9944,0.56
RGI60-05.11219,208630,65.7379,-37.0124,1.427
RGI60-05.11220,208631,65.8159,-38.3174,0.191
RGI60-05.11222,208632,65.7704,-38.258,2.299
RGI60-05.11223,208633,65.7724,-38.2338,0.141
RGI60-05.11224,208634,65.8067,-37.5256,0.228
RGI60-05.11225,208635,65.7822,-38.1978,10.247
RGI60-05.11226,208636,65.7991,-38.1889,0.377
RGI60-05.11227,208637,65.7903,-37.7698,0.054
RGI60-05.11228,208638,65.774,-37.3984,0.068
RGI60-05.11229,208639,65.7446,-36.9137,0.229
RGI60-05.11230,208640,65.8224,-38.3147,0.294
RGI60-05.11232,208641,65.7729,-37.3792,0.674
RGI60-05.11233,208642,65.7669,-37.364,0.62
RGI60-05.11234,208643,65.7863,-37.5158,0.115
RGI60-05.11235,208644,65.7814,-37.3945,0.167
RGI60-05.11236,208645,65.7488,-36.8117,0.179
RGI60-05.11237,208646,65.7894,-37.412,0.078
RGI60-05.11238,208647,65.7641,-36.8749,0.149
RGI60-05.11239,208648,65.8044,-37.7485,3.255
RGI60-05.11240,,65.79,-37.2314,0.08
RGI60-05.11241,208649,65.8074,-37.4245,0.467
RGI60-05.11242,208650,65.7818,-36.9116,0.157
RGI60-05.11243,208651,65.812,-37.4437,0.098
RGI60-05.11244,208652,65.7556,-36.8323,1.185
RGI60-05.11245,208653,65.7724,-36.8522,3.82
RGI60-05.11246,208654,65.7667,-36.8119,0.09
RGI60-05.11247,208655,65.8253,-36.8555,0.171
RGI60-05.11248,208656,65.7599,-36.8226,0.298
RGI60-05.11249,208657,65.749,-36.8307,0.076
RGI60-05.11250,208658,65.7742,-36.814,0.48
RGI60-05.11251,208659,65.7613,-36.8569,0.554
RGI60-05.11252,208660,65.8602,-38.3072,0.08
RGI60-05.11254,208661,65.8226,-37.7101,0.791
RGI60-05.11255,208662,65.8031,-37.2525,0.325
RGI60-05.11256,208663,65.8643,-38.3378,0.082
RGI60-05.11258,208664,65.7901,-36.8796,0.169
RGI60-05.11259,208665,65.8239,-37.4637,0.124
RGI60-05.11260,208666,65.8385,-37.6026,0.438
RGI60-05.11261,208667,65.8231,-37.3116,0.243
RGI60-05.11262,208668,65.7621,-36.2134,0.055
RGI60-05.11263,208669,65.8372,-37.4965,0.133
RGI60-05.11264,208670,65.8209,-37.1815,0.077
RGI60-05.11265,208671,65.8067,-36.9394,0.225
RGI60-05.11266,208672,65.7683,-36.2366,0.064
RGI60-05.11267,208673,65.8464,-37.6155,0.133
RGI60-05.11268,208674,65.8048,-37.6615,6.568
RGI60-05.11269,208675,65.8733,-36.229,0.096
RGI60-05.11270,208676,65.832,-37.6535,13.822
RGI60-05.11271,208677,65.7973,-37.5411,3.562
RGI60-05.11272,208678,65.8002,-37.5951,8.847
RGI60-05.11273,208679,65.7695,-37.5384,0.555
RGI60-05.11274,208680,65.8283,-37.5775,2.38
RGI60-05.11275,208681,65.7779,-37.5252,2.65
RGI60-05.11276,208682,65.7611,-37.5268,2.483
RGI60-05.11277,208683,65.8147,-37.557,2.19
RGI60-05.11278,208684,65.8324,-37.3412,0.2
RGI60-05.11279,208685,65.8426,-37.5062,0.063
RGI60-05.11280,208686,65.8781,-36.2753,0.086
RGI60-05.11281,208687,65.8209,-37.1605,0.348
RGI60-05.11282,208688,65.8335,-37.3184,0.195
RGI60-05.11283,208689,65.8132,-36.8888,0.702
RGI60-05.11284,208690,65.8557,-37.6338,0.227
RGI60-05.11285,208691,65.8559,-37.6601,0.556
RGI60-05.11286,208692,65.8442,-37.3465,0.142
RGI60-05.11287,208693,65.8639,-37.6558,0.056
RGI60-05.11289,208694,65.9003,-38.4193,0.24
RGI60-05.11292,208695,65.9179,-36.9359,0.182
RGI60-05.11293,208696,65.8653,-37.5658,0.543
RGI60-05.11294,208697,65.8463,-37.1943,0.096
RGI60-05.11295,208698,65.8423,-37.1817,0.588
RGI60-05.11296,208699,65.8315,-37.1853,1.566
RGI60-05.11297,208700,65.7933,-36.2698,0.119
RGI60-05.11298,208701,65.8714,-37.5786,0.115
RGI60-05.11299,208702,65.7948,-36.2951,0.366
RGI60-05.11300,208703,65.8516,-37.2897,0.758
RGI60-05.11301,208704,65.8375,-36.3301,0.246
RGI60-05.11302,208705,65.8518,-37.2414,0.45
RGI60-05.11303,208706,65.7974,-36.2763,0.179
RGI60-05.11304,208707,65.8333,-36.8604,0.092
RGI60-05.11305,208708,65.8742,-37.5855,0.063
RGI60-05.11306,208709,65.8611,-37.3398,0.152
RGI60-05.11307,208710,65.8731,-37.4426,0.064
RGI60-05.11308,208711,65.8606,-37.267,0.419
RGI60-05.11309,208712,65.8069,-36.2795,0.083
RGI60-05.11310,208713,65.8484,-36.9601,0.069
RGI60-05.11311,208714,65.8503,-36.9699,0.081
RGI60-05.11312,208715,65.8094,-36.2717,0.052
RGI60-05.11313,208716,65.8777,-37.4504,0.122
RGI60-05.11314,208717,65.8737,-36.251,0.057
RGI60-05.11315,208718,65.859,-37.2172,1.437
RGI60-05.11316,208719,65.8491,-37.2052,0.381
RGI60-05.11317,208720,65.9204,-38.1934,0.068
RGI60-05.11318,208721,65.854,-36.9426,0.151
RGI60-05.11319,208722,65.92,-38.1763,0.195
RGI60-05.11320,208723,65.8241,-36.3445,0.163
RGI60-05.11321,208724,65.8278,-36.3336,0.218
RGI60-05.11322,208725,65.8235,-36.208,0.059
RGI60-05.11323,208726,65.8979,-37.4898,0.448
RGI60-05.11324,208727,65.8275,-36.2121,0.1
RGI60-05.11325,208728,65.8382,-36.343,0.117
RGI60-05.11326,208729,65.8574,-36.6338,0.122
RGI60-05.11327,208730,65.9467,-37.4719,0.075
RGI60-05.11328,208731,65.8328,-36.2204,0.455
RGI60-05.11329,208732,65.8395,-36.3189,0.078
RGI60-05.11330,208733,65.8383,-36.2076,0.558
RGI60-05.11331,208734,65.9584,-38.2585,0.141
RGI60-05.11332,208735,65.9604,-38.2734,0.179
RGI60-05.11334,208736,65.8898,-36.9517,0.254
RGI60-05.11335,208737,65.8554,-36.3521,0.157
RGI60-05.11336,208738,65.8937,-36.9651,0.667
RGI60-05.11337,208739,65.9147,-37.2379,0.088
RGI60-05.11338,208740,65.8629,-36.3399,0.158
RGI60-05.11339,208741,65.9237,-37.4008,0.253
RGI60-05.11340,208742,65.913,-37.2122,0.731
RGI60-05.11341,208743,65.9206,-37.2696,0.068
RGI60-05.11342,208744,65.9008,-36.9812,0.616
RGI60-05.11343,208745,65.911,-37.1878,1.302
RGI60-05.11344,208746,65.8615,-36.2984,0.878
RGI60-05.11345,208747,65.8671,-36.3118,0.092
RGI60-05.11346,208748,65.9765,-38.2538,0.071
RGI60-05.11347,208749,65.9094,-36.9675,0.054
RGI60-05.11348,208750,65.9312,-37.4201,0.293
RGI60-05.11349,208751,65.885,-36.5726,0.301
RGI60-05.11350,208752,65.9393,-37.5605,1.051
RGI60-05.11351,208753,65.9407,-37.5224,0.178
RGI60-05.11352,208754,65.8695,-36.3354,0.696
RGI60-05.11353,208755,65.8727,-36.3202,0.073
RGI60-05.11354,208756,65.8616,-36.2328,1.387
RGI60-05.11355,208757,65.8759,-36.3521,0.054
RGI60-05.11356,208758,65.9109,-36.928,0.055
RGI60-05.11357,208759,65.8942,-36.6296,0.052
RGI60-05.11358,208760,65.9141,-37.0025,0.847
RGI60-05.11359,208761,65.918,-37.4493,15.424
RGI60-05.11360,208762,65.8885,-37.4601,2.012
RGI60-05.11361,208763,65.8817,-37.2973,1.488
RGI60-05.11362,208764,65.8766,-37.2775,1.059
RGI60-05.11363,208765,65.8853,-37.3563,11.641
RGI60-05.11364,208766,65.8942,-37.4252,0.051
RGI60-05.11365,208767,65.8822,-37.4224,3.138
RGI60-05.11366,208768,65.8539,-37.3753,2.008
RGI60-05.11367,208769,65.9051,-37.4028,0.407
RGI60-05.11368,208770,65.8722,-37.3878,1.247
RGI60-05.11369,208771,65.992,-38.2142,0.149
RGI60-05.11370,208772,65.8685,-37.2635,1.213
RGI60-05.11371,208773,65.8631,-37.3037,2.47
RGI60-05.11372,208774,65.8406,-37.3619,0.8
RGI60-05.11373,208775,65.9096,-36.6644,0.232
RGI60-05.11374,208776,65.9055,-36.5398,0.096
RGI60-05.11375,208777,65.8591,-37.3561,1.14
RGI60-05.11376,208778,65.9252,-37.5266,7.04
RGI60-05.11377,208779,65.9103,-37.3855,0.988
RGI60-05.11378,208780,65.8823,-36.2422,0.15
RGI60-05.11379,208781,65.8852,-36.2774,0.059
RGI60-05.11380,208782,65.9116,-36.64,0.367
RGI60-05.11381,208783,65.9616,-37.4785,0.054
RGI60-05.11382,208784,65.8991,-36.5727,2.94
RGI60-05.11383,208785,65.8914,-36.2927,0.246
RGI60-05.11384,208786,65.8865,-36.2296,0.081
RGI60-05.11385,208787,65.9342,-36.9688,0.113
RGI60-05.11386,208788,65.9316,-36.9917,2.538
RGI60-05.11387,208789,65.9225,-37.0109,1.331
RGI60-05.11388,208790,65.9247,-36.9576,0.318
RGI60-05.11389,208791,65.9498,-37.2239,0.45
RGI60-05.11390,208792,65.8968,-36.2811,0.166
RGI60-05.11391,208793,65.9705,-37.5815,0.314
RGI60-05.11392,208794,65.9498,-37.2454,0.755
RGI60-05.11393,208795,65.9383,-36.9744,0.143
RGI60-05.11394,208796,65.8988,-36.6328,0.522
RGI60-05.11395,208797,65.9089,-36.5971,1.423
RGI60-05.11397,208798,66.0072,-38.2499,0.142
RGI60-05.11398,208799,65.9145,-36.5459,0.864
RGI60-05.11399,208800,66.007,-38.2262,0.122
RGI60-05.11400,208801,65.9337,-36.0929,0.073
RGI60-05.11401,208802,66.0182,-38.1887,0.209
RGI60-05.11402,208803,65.9756,-37.5838,0.428
RGI60-05.11403,208804,65.902,-36.2769,0.079
RGI60-05.11404,208805,65.9612,-37.2558,0.427
RGI60-05.11405,208806,65.9305,-36.5966,0.083
RGI60-05.11406,208807,65.9479,-36.8827,0.261
RGI60-05.11407,208808,65.9486,-36.9075,0.67
RGI60-05.11408,208809,65.9527,-36.8949,0.101
RGI60-05.11409,208810,66.0174,-38.1325,0.157
RGI60-05.11410,208811,65.9411,-36.7496,0.186
RGI60-05.11411,208812,65.9525,-37.0166,3.422
RGI60-05.11412,208813,66.0184,-38.2318,2.052
RGI60-05.11413,208814,66.0158,-38.0331,0.076
RGI60-05.11414,208815,65.9258,-36.5755,3.398
RGI60-05.11415,208816,65.9362,-36.5779,0.159
RGI60-05.11416,208817,65.9526,-36.7708,0.057
RGI60-05.11417,208818,65.9634,-37.0046,0.261
RGI60-05.11418,208819,65.9668,-37.021,0.23
RGI60-05.11419,208820,66.029,-38.2063,0.261
RGI60-05.11420,208821,66.0263,-38.1364,0.104
RGI60-05.11421,208822,65.9701,-37.0347,0.096
RGI60-05.11422,208823,65.9593,-36.9198,1.826
RGI60-05.11423,208824,65.9716,-37.0237,0.074
RGI60-05.11424,208825,65.959,-36.888,0.891
RGI60-05.11425,208826,66.0303,-38.1507,0.211
RGI60-05.11426,208827,65.9396,-36.5499,0.553
RGI60-05.11427,208828,65.9749,-37.0181,0.094
RGI60-05.11428,208829,66.0281,-38.0346,0.133
RGI60-05.11429,208830,65.9682,-36.8888,0.144
RGI60-05.11430,208831,66.044,-38.1074,0.088
RGI60-05.11431,208832,65.9995,-37.2134,0.177
RGI60-05.11432,208833,65.961,-36.7903,1.312
RGI60-05.11433,208834,65.9546,-36.7897,0.348
RGI60-05.11434,208835,65.9772,-36.9684,0.052
RGI60-05.11435,208836,66.0388,-38.1323,0.057
RGI60-05.11436,208837,65.9704,-36.8988,0.382
RGI60-05.11437,208838,66.0414,-38.0868,0.053
RGI60-05.11438,208839,66.0425,-38.1247,0.06
RGI60-05.11439,208840,66.0372,-38.0595,0.124
RGI60-05.11440,208841,65.9352,-36.1943,0.104
RGI60-05.11441,208842,66.0391,-38.035,0.126
RGI60-05.11442,208843,66.048,-38.1628,0.071
RGI60-05.11443,208844,66.0115,-37.486,0.156
RGI60-05.11444,208845,66.0091,-37.3791,0.382
RGI60-05.11445,208846,65.9817,-37.3434,0.909
RGI60-05.11446,208847,65.9891,-37.3818,0.511
RGI60-05.11447,208848,66.0015,-37.3501,1.323
RGI60-05.11448,208849,65.9891,-37.3431,0.11
RGI60-05.11449,208850,65.9991,-37.3771,2.611
RGI60-05.11450,208851,65.9741,-37.3249,0.445
RGI60-05.11451,208852,65.9807,-37.3673,1.788
RGI60-05.11452,208853,65.9371,-36.1136,0.118
RGI60-05.11453,208854,65.9876,-37.5798,2.378
RGI60-05.11454,208855,65.9875,-37.5573,0.209
RGI60-05.11455,208856,65.9309,-37.5512,0.501
RGI60-05.11456,208857,65.9646,-37.4875,0.133
RGI60-05.11457,208858,66.0163,-37.5077,0.774
RGI60-05.11458,208859,65.9422,-36.1885,0.086
RGI60-05.11459,208860,66.0054,-37.2462,0.084
RGI60-05.11460,208861,65.9623,-37.5416,9.432
RGI60-05.11461,208862,65.9781,-37.4847,2.473
RGI60-05.11462,208863,66.0103,-37.5754,0.373
RGI60-05.11463,208864,66.0547,-38.152,0.161
RGI60-05.11464,208865,65.9517,-37.4992,4.201
RGI60-05.11465,208866,65.9666,-37.4617,0.613
RGI60-05.11466,208867,66.0009,-37.5328,9.833
RGI60-05.11467,208868,66.0474,-38.0407,0.175
RGI60-05.11468,208869,65.9772,-36.7048,0.082
RGI60-05.11469,208870,66.0154,-37.3287,0.074
RGI60-05.11470,208871,66.0051,-37.2237,0.313
RGI60-05.11471,208872,66.0495,-38.0629,0.24
RGI60-05.11472,208873,65.9698,-36.6175,0.981
RGI60-05.11473,208874,66.0078,-37.2055,0.573
RGI60-05.11474,208875,65.9951,-36.9078,0.099
RGI60-05.11475,208876,65.9838,-36.726,0.234
RGI60-05.11476,208877,65.9918,-36.826,0.053
RGI60-05.11477,208878,66.0152,-37.3637,0.981
RGI60-05.11478,208879,66.0203,-37.3522,0.733
RGI60-05.11479,208880,65.9746,-36.6018,0.353
RGI60-05.11481,208881,66.0636,-38.1683,0.433
RGI60-05.11482,208882,65.9457,-36.0896,0.801
RGI60-05.11483,208883,66.0009,-36.9767,0.125
RGI60-05.11484,208884,66.0162,-37.2199,0.121
RGI60-05.11485,208885,66.0029,-36.9837,0.101
RGI60-05.11486,208886,66.0657,-38.1465,0.147
RGI60-05.11487,208887,65.951,-36.0874,0.069
RGI60-05.11488,208888,66.0305,-37.5257,0.681
RGI60-05.11489,208889,65.952,-36.1022,0.166
RGI60-05.11490,208890,66.0654,-38.1117,0.186
RGI60-05.11491,208891,65.9914,-36.7127,0.334
RGI60-05.11492,208892,65.9546,-36.0937,0.092
RGI60-05.11493,208893,65.9524,-36.0607,0.235
RGI60-05.11494,208894,65.9944,-36.721,0.1
RGI60-05.11495,208895,66.0254,-37.2322,0.056
RGI60-05.11496,208896,65.9579,-36.0951,0.055
RGI60-05.11497,208897,66.0751,-38.1616,0.165
RGI60-05.11498,208898,65.9872,-36.5358,0.145
RGI60-05.11499,208899,66.0359,-37.4213,0.367
RGI60-05.11500,208900,65.9951,-36.6884,0.437
RGI60-05.11501,208901,66.0287,-37.3417,1.593
RGI60-05.11502,208902,66.0412,-37.4501,0.239
RGI60-05.11503,208903,66.0053,-36.7956,0.269
RGI60-05.11504,208904,65.9915,-36.5376,0.086
RGI60-05.11505,208905,66.0722,-38.1384,0.515
RGI60-05.11506,208906,66.0669,-37.1051,0.132
RGI60-05.11507,208907,66.3976,-37.0411,0.159
RGI60-05.11508,208908,66.4432,-37.5147,0.092
RGI60-05.11509,208909,66.05,-36.6594,0.073
RGI60-05.11510,208910,66.0699,-36.9953,0.056
RGI60-05.11511,208911,66.4014,-36.7356,0.055
RGI60-05.11512,208912,66.0782,-37.1245,0.059
RGI60-05.11513,,66.0794,-37.1325,0.061
RGI60-05.11514,,66.0539,-36.1883,0.052
RGI60-05.11515,208913,66.0819,-36.4236,0.06
RGI60-05.11516,208914,66.0836,-36.4179,0.052
RGI60-05.11517,208915,66.0578,-35.9825,0.063
RGI60-05.11518,208916,66.1479,-37.2112,0.051
RGI60-05.11519,208917,66.1156,-36.6443,0.085
RGI60-05.11520,208918,66.111,-36.5616,0.104
RGI60-05.11521,208919,66.089,-37.3123,0.116
RGI60-05.11522,208920,66.074,-36.9946,0.128
RGI60-05.11523,208921,66.419,-37.0513,0.269
RGI60-05.11524,208922,66.4655,-37.7807,0.064
RGI60-05.11525,208923,66.0201,-36.5116,0.111
RGI60-05.11526,208924,66.0268,-36.5174,0.45
RGI60-05.11527,208925,66.0312,-37.2407,0.601
RGI60-05.11528,208926,66.049,-37.4571,0.576
RGI60-05.11529,,65.9807,-36.2402,0.055
RGI60-05.11530,208927,66.0651,-37.384,0.4
RGI60-05.11531,208928,65.9988,-36.5498,0.835
RGI60-05.11532,208929,66.0536,-37.4722,0.083
RGI60-05.11533,208930,66.0347,-37.1126,0.284
RGI60-05.11534,208931,66.0611,-37.5645,0.113
RGI60-05.11535,208932,66.027,-36.9426,0.117
RGI60-05.11536,208933,66.0161,-36.9765,5.392
RGI60-05.11537,208934,66.0561,-37.2532,0.842
RGI60-05.11538,208935,65.9895,-36.9528,7.835
RGI60-05.11539,208936,66.004,-36.9971,0.092
RGI60-05.11540,208937,65.9887,-36.9024,0.923
RGI60-05.11541,,66.054,-37.1,0.08
RGI60-05.11542,208938,65.9717,-36.9314,2.844
RGI60-05.11543,208939,66.0555,-37.461,0.249
RGI60-05.11544,208940,65.9835,-36.1698,0.074
RGI60-05.11545,208941,65.9761,-36.0375,0.111
RGI60-05.11546,208942,65.9762,-36.0514,0.149
RGI60-05.11547,208943,66.0613,-37.4635,0.188
RGI60-05.11548,208944,65.9678,-35.8979,0.275
RGI60-05.11549,208945,66.0653,-37.5767,0.102
RGI60-05.11550,208946,65.9875,-36.1853,0.261
RGI60-05.11551,208947,65.9701,-35.8821,0.113
RGI60-05.11552,208948,66.0622,-37.4046,0.076
RGI60-05.11553,208949,66.0324,-36.9734,2.112
RGI60-05.11554,208950,65.9922,-36.1855,0.319
RGI60-05.11555,208951,66.0013,-36.3504,0.665
RGI60-05.11556,208952,66.0168,-36.5342,0.08
RGI60-05.11557,208953,65.9852,-36.0166,0.056
RGI60-05.11558,208954,65.9969,-36.3273,1.953
RGI60-05.11559,208955,66.0415,-36.9614,0.275
RGI60-05.11560,208956,66.0453,-37.115,1.08
RGI60-05.11561,208957,65.9913,-36.0302,0.349
RGI60-05.11562,208958,65.9888,-35.9894,0.249
RGI60-05.11563,208959,66.0109,-36.3519,1.358
RGI60-05.11564,208960,66.0836,-37.5615,0.12
RGI60-05.11565,208961,65.9911,-35.9721,0.339
RGI60-05.11566,208962,66.006,-36.308,0.481
RGI60-05.11567,208963,65.994,-35.991,0.105
RGI60-05.11568,208964,66.0631,-37.1103,0.095
RGI60-05.11569,208965,66.0714,-37.2505,0.114
RGI60-05.11570,208966,66.0738,-37.3092,0.104
RGI60-05.11571,208967,66.034,-36.5625,0.078
RGI60-05.11572,208968,66.0348,-36.5722,0.399
RGI60-05.11573,208969,66.0207,-36.342,1.179
RGI60-05.11574,208970,66.025,-36.3308,0.31
RGI60-05.11575,208971,66.0575,-37.1239,0.871
RGI60-05.11576,208972,66.0681,-37.1283,0.8
RGI60-05.11577,208973,66.0729,-37.1064,0.086
RGI60-05.11578,208974,66.0832,-37.3141,0.367
RGI60-05.11579,208975,66.0418,-37.4336,1.323
RGI60-05.11580,208976,66.084,-37.4023,2.55
RGI60-05.11581,208977,66.0642,-37.4285,6.279
RGI60-05.11582,208978,66.0463,-37.4103,0.3
RGI60-05.11583,208979,66.0248,-36.2805,0.286
RGI60-05.11584,208980,66.0917,-37.4223,0.084
RGI60-05.11585,208981,66.0933,-37.3843,1.021
RGI60-05.11586,208982,66.0308,-36.2932,0.358
RGI60-05.11587,208983,66.083,-37.1266,0.064
RGI60-05.11588,208984,66.0916,-37.2961,0.255
RGI60-05.11589,208985,66.082,-37.2839,2.193
RGI60-05.11590,208986,66.0312,-36.2676,0.989
RGI60-05.11591,208987,66.0804,-36.9937,0.051
RGI60-05.11592,208988,66.0979,-36.3872,0.073
RGI60-05.11593,208989,66.051,-37.3098,9.102
RGI60-05.11594,208990,66.0097,-37.3373,0.214
RGI60-05.11595,208991,66.0895,-36.8777,0.118
RGI60-05.11596,208992,66.0426,-37.2568,2.505
RGI60-05.11597,208993,65.9611,-37.3067,1.403
RGI60-05.11598,208994,66.0753,-37.267,0.683
RGI60-05.11599,208995,66.065,-37.2635,0.187
RGI60-05.11600,208996,66.0602,-37.2757,0.087
RGI60-05.11601,208997,66.0607,-36.3157,0.065
RGI60-05.11602,208998,65.9997,-37.3187,12.607
RGI60-05.11603,208999,65.9526,-37.2782,2.129
RGI60-05.11604,209000,66.0196,-37.2641,6.491
RGI60-05.11605,209001,66.0314,-36.3126,1.357
RGI60-05.11606,209002,66.0574,-36.6537,0.121
RGI60-05.11607,209003,66.1062,-37.4738,0.134
RGI60-05.11608,209004,66.0849,-37.0996,0.341
RGI60-05.11609,209005,66.0835,-37.1144,0.432
RGI60-05.11610,209006,66.1017,-37.3904,0.423
RGI60-05.11611,209007,66.0771,-36.9325,0.052
RGI60-05.11612,209008,66.0789,-36.9097,0.135
RGI60-05.11613,209009,66.0851,-37.15,1.58
RGI60-05.11614,209010,66.1105,-37.4504,0.085
RGI60-05.11615,209011,66.086,-37.0016,0.111
RGI60-05.11616,209012,66.0954,-37.1599,0.203
RGI60-05.11617,209013,66.0991,-37.3044,1.301
RGI60-05.11618,209014,66.0771,-36.8873,1.121
RGI60-05.11619,209015,66.1052,-37.4125,0.783
RGI60-05.11620,209016,66.0441,-36.2666,0.433
RGI60-05.11621,209017,66.0927,-37.098,0.216
RGI60-05.11622,209018,66.0763,-36.7618,0.125
RGI60-05.11623,209019,66.0149,-35.7941,0.322
RGI60-05.11624,209020,66.0415,-36.1853,0.067
RGI60-05.11625,209021,66.0738,-36.7185,0.151
RGI60-05.11626,209022,66.0132,-35.751,0.266
RGI60-05.11627,209023,66.0472,-36.2527,0.168
RGI60-05.11628,209024,66.1092,-37.2973,0.055
RGI60-05.11629,209025,66.1147,-37.3875,0.201
RGI60-05.11630,209026,66.1183,-37.4449,0.101
RGI60-05.11631,209027,66.1141,-37.4226,0.422
RGI60-05.11632,209028,66.121,-37.4872,0.3
RGI60-05.11633,209029,66.1188,-37.4617,0.734
RGI60-05.11634,209030,66.0482,-36.1829,0.11
RGI60-05.11635,209031,66.1245,-37.4717,0.155
RGI60-05.11636,209032,66.0831,-36.7612,0.188
RGI60-05.11637,209033,66.1198,-37.4061,0.559
RGI60-05.11638,209034,66.1167,-37.305,0.095
RGI60-05.11639,209035,66.0463,-36.3047,3.732
RGI60-05.11640,209036,66.0592,-36.3217,0.106
RGI60-05.11641,,66.0481,-36.1896,0.215
RGI60-05.11642,,66.0438,-36.197,0.079
RGI60-05.11643,209037,66.0573,-36.3032,0.54
RGI60-05.11644,209038,66.1117,-37.2028,0.444
RGI60-05.11645,,66.0987,-36.9269,0.091
RGI60-05.11646,209039,66.1248,-37.4195,0.207
RGI60-05.11647,209040,66.1077,-37.0744,0.051
RGI60-05.11648,,66.0896,-36.7693,0.189
RGI60-05.11649,209041,66.0851,-36.7514,0.5
RGI60-05.11650,209042,66.0623,-36.3051,0.275
RGI60-05.11651,209043,66.0458,-35.9365,0.075
RGI60-05.11652,,66.1322,-37.4141,0.209
RGI60-05.11653,209044,66.134,-37.4682,1.531
RGI60-05.11654,209045,66.0498,-35.9517,0.304
RGI60-05.11655,209046,66.0754,-36.2569,0.169
RGI60-05.11656,209047,66.0754,-36.2428,0.113
RGI60-05.11657,209048,66.1322,-37.4364,1.829
RGI60-05.11658,209049,66.0555,-35.9118,0.201
RGI60-05.11659,209050,66.1138,-36.8766,0.296
RGI60-05.11660,209051,66.117,-36.8692,0.052
RGI60-05.11661,209052,66.1174,-36.8855,0.211
RGI60-05.11662,209053,66.0601,-35.9532,0.203
RGI60-05.11663,209054,66.0801,-36.2503,0.191
RGI60-05.11664,209055,66.1186,-36.8585,0.195
RGI60-05.11665,209056,66.1351,-37.1114,0.074
RGI60-05.11666,209057,66.1382,-37.1165,0.057
RGI60-05.11667,209058,66.0936,-36.2268,0.316
RGI60-05.11668,209059,66.1286,-37.1883,6.473
RGI60-05.11669,209060,66.1422,-37.1212,1.896
RGI60-05.11670,209061,66.1252,-36.6452,0.072
RGI60-05.11671,209062,66.1234,-36.6357,0.227
RGI60-05.11672,209063,66.2391,-35.7879,0.167
RGI60-05.11673,209064,66.1065,-37.1444,6.409
RGI60-05.11674,209065,66.1207,-36.5707,0.197
RGI60-05.11675,209066,66.1677,-37.3312,0.053
RGI60-05.11676,209067,66.0832,-35.9231,0.103
RGI60-05.11677,209068,66.1281,-36.6297,0.151
RGI60-05.11678,209069,66.1184,-36.5556,0.497
RGI60-05.11679,209070,66.1319,-36.6262,0.128
RGI60-05.11680,209071,66.2572,-35.6869,0.103
RGI60-05.11681,209072,66.1251,-37.1024,8.118
RGI60-05.11682,209073,66.1634,-37.3628,0.101
RGI60-05.11683,209074,66.1405,-36.984,0.397
RGI60-05.11684,209075,66.1514,-36.9905,1.15
RGI60-05.11685,209076,66.1776,-37.3885,0.066
RGI60-05.11686,209077,66.0892,-35.9574,0.506
RGI60-05.11687,209078,66.1802,-37.4178,0.089
RGI60-05.11688,209079,66.0822,-35.7784,0.087
RGI60-05.11689,209080,66.1178,-36.3224,0.123
RGI60-05.11690,,66.1768,-37.276,0.105
RGI60-05.11691,209081,66.0902,-35.8443,0.41
RGI60-05.11692,209082,66.1225,-36.3329,0.629
RGI60-05.11693,209083,66.0919,-35.8214,0.234
RGI60-05.11694,209084,66.1808,-37.2903,0.234
RGI60-05.11695,,66.1132,-36.1352,0.185
RGI60-05.11696,209085,66.1008,-35.8905,0.107
RGI60-05.11697,209086,66.2371,-37.2153,0.176
RGI60-05.11698,209087,66.2165,-36.8234,0.07
RGI60-05.11699,209088,66.1599,-35.8724,0.119
RGI60-05.11700,209089,66.1418,-36.6166,1.429
RGI60-05.11701,209090,66.0999,-35.8411,0.06
RGI60-05.11702,209091,66.1004,-35.8538,0.184
RGI60-05.11703,209092,66.1021,-35.8715,0.139
RGI60-05.11704,209093,66.1139,-36.0352,0.115
RGI60-05.11705,209094,66.1915,-37.2945,0.18
RGI60-05.11706,209095,66.186,-37.2945,0.289
RGI60-05.11707,,66.1904,-37.2254,0.19
RGI60-05.11708,209096,66.205,-37.4082,0.066
RGI60-05.11709,209097,66.114,-35.866,0.125
RGI60-05.11710,209098,66.1936,-37.2073,0.558
RGI60-05.11711,209099,66.1686,-37.144,1.299
RGI60-05.11712,209100,66.1809,-37.1487,2.114
RGI60-05.11713,209101,66.1841,-37.0672,0.966
RGI60-05.11714,209102,66.2099,-37.3894,0.194
RGI60-05.11715,209103,66.1991,-37.0858,0.057
RGI60-05.11716,209104,66.2198,-36.8221,0.058
RGI60-05.11717,209105,66.2355,-37.1035,0.175
RGI60-05.11718,209106,66.1462,-35.6119,0.058
RGI60-05.11719,209107,66.1946,-37.0774,2.243
RGI60-05.11720,209108,66.1458,-36.1343,1.118
RGI60-05.11721,,66.1872,-36.7227,0.06
RGI60-05.11722,209109,66.1261,-35.6129,0.059
RGI60-05.11723,209110,66.1592,-36.1203,0.064
RGI60-05.11724,209111,66.2179,-37.197,2.281
RGI60-05.11725,209112,66.2552,-37.3038,0.094
RGI60-05.11726,209113,66.2594,-37.2961,0.069
RGI60-05.11727,209114,66.1596,-35.6129,0.488
RGI60-05.11728,209115,66.1693,-35.7303,0.077
RGI60-05.11729,209116,66.1615,-37.1945,5.128
RGI60-05.11730,209117,66.1901,-37.1825,3.569
RGI60-05.11731,209118,66.1448,-37.1507,0.186
RGI60-05.11732,209119,66.1779,-37.2099,0.792
RGI60-05.11733,209120,66.2628,-35.6898,0.446
RGI60-05.11734,209121,66.1527,-37.1538,2.788
RGI60-05.11735,209122,66.1781,-37.177,0.084
RGI60-05.11736,209123,66.1365,-35.7201,0.124
RGI60-05.11737,209124,66.1624,-36.0809,0.052
RGI60-05.11738,209125,66.2276,-37.2031,0.195
RGI60-05.11739,209126,66.2232,-37.1045,0.114
RGI60-05.11740,209127,66.1443,-35.7727,0.385
RGI60-05.11741,209128,66.2269,-37.0964,0.062
RGI60-05.11742,209129,66.2257,-37.0306,0.095
RGI60-05.11743,209130,66.2297,-37.0879,0.06
RGI60-05.11744,209131,66.2513,-37.1239,0.36
RGI60-05.11745,209132,66.2541,-37.1361,0.287
RGI60-05.11746,209133,66.2498,-37.0463,0.55
RGI60-05.11747,209134,66.2388,-37.0285,3.113
RGI60-05.11748,209135,66.2321,-37.2915,0.095
RGI60-05.11749,209136,66.2427,-37.2732,6.778
RGI60-05.11750,209137,66.2224,-37.224,0.059
RGI60-05.11751,209138,66.2004,-37.2119,0.166
RGI60-05.11752,209139,66.2309,-37.2302,0.89
RGI60-05.11753,209140,66.1673,-35.6284,0.05
RGI60-05.11754,209141,66.2574,-37.0323,0.148
RGI60-05.11755,209142,66.2147,-37.2922,16.348
RGI60-05.11756,209143,66.1925,-37.2537,3.753
RGI60-05.11757,209144,66.2494,-37.2337,1.006
RGI60-05.11758,209145,66.1746,-35.8172,3.007
RGI60-05.11759,209146,66.2027,-37.3754,4.135
RGI60-05.11760,209147,66.1792,-37.3666,6.858
RGI60-05.11761,209148,66.2366,-37.2284,0.204
RGI60-05.11762,209149,66.1542,-35.7582,3.713
RGI60-05.11763,209150,66.1683,-35.7678,3.027
RGI60-05.11764,209151,66.1759,-35.7471,0.093
RGI60-05.11765,209152,66.2619,-37.2773,1.599
RGI60-05.11766,209153,66.1792,-35.7828,0.093
RGI60-05.11767,209154,66.186,-35.8409,0.151
RGI60-05.11768,209155,66.1797,-35.7508,0.151
RGI60-05.11769,209156,66.1849,-35.8041,0.076
RGI60-05.11770,209157,66.1794,-35.7331,0.302
RGI60-05.11771,209158,66.1765,-35.6356,0.341
RGI60-05.11772,209159,66.1716,-35.6351,0.569
RGI60-05.11773,209160,66.19,-35.8217,0.118
RGI60-05.11774,209161,66.1866,-35.8246,0.221
RGI60-05.11775,209162,66.1766,-35.6188,0.081
RGI60-05.11776,209163,66.256,-36.8907,0.235
RGI60-05.11777,209164,66.2662,-37.1505,1.31
RGI60-05.11778,209165,66.276,-37.1772,0.05
RGI60-05.11779,209166,66.1941,-35.826,0.079
RGI60-05.11780,209167,66.1836,-35.7694,0.352
RGI60-05.11781,209168,66.1858,-35.7822,0.27
RGI60-05.11782,209169,66.206,-35.9791,0.054
RGI60-05.11783,209170,66.2727,-37.0601,0.168
RGI60-05.11784,209171,66.209,-35.9724,0.097
RGI60-05.11785,209172,66.1851,-35.6397,0.333
RGI60-05.11786,209173,66.2755,-36.972,0.093
RGI60-05.11787,209174,66.2808,-37.1534,2.645
RGI60-05.11788,209175,66.2126,-35.5589,0.162
RGI60-05.11789,209176,66.2841,-37.1139,1.875
RGI60-05.11790,209177,66.2803,-37.1699,0.142
RGI60-05.11791,,66.2634,-37.1244,0.129
RGI60-05.11792,209178,66.2754,-36.8342,0.078
RGI60-05.11793,209179,66.1954,-35.5473,0.267
RGI60-05.11794,209180,66.2055,-35.6891,0.838
RGI60-05.11795,209181,66.2862,-36.9864,0.343
RGI60-05.11796,209182,66.2011,-35.5574,0.059
RGI60-05.11797,209183,66.2847,-36.9202,0.205
RGI60-05.11798,209184,66.2042,-35.5583,0.052
RGI60-05.11799,209185,66.2193,-35.819,1.099
RGI60-05.11800,209186,66.2126,-35.6657,0.232
RGI60-05.11801,209187,66.2089,-35.6574,0.295
RGI60-05.11802,209188,66.2123,-35.6411,0.098
RGI60-05.11803,209189,66.2826,-36.7875,0.108
RGI60-05.11804,,66.2783,-36.7043,0.098
RGI60-05.11805,209190,66.1976,-35.5249,1.707
RGI60-05.11806,,66.277,-36.6591,0.148
RGI60-05.11807,209191,66.2113,-35.542,0.152
RGI60-05.11808,,66.3014,-37.0052,0.159
RGI60-05.11809,209192,66.2192,-35.649,0.16
RGI60-05.11810,209193,66.2261,-35.7887,0.576
RGI60-05.11811,209194,66.2935,-36.8224,0.177
RGI60-05.11812,209195,66.3033,-36.96,0.067
RGI60-05.11813,,66.2912,-36.9792,0.077
RGI60-05.11814,209196,66.3005,-36.9785,2.008
RGI60-05.11815,209197,66.2318,-35.7215,0.144
RGI60-05.11816,209198,66.2349,-35.7771,0.407
RGI60-05.11817,209199,66.2341,-35.7431,0.494
RGI60-05.11818,209200,66.3388,-37.3954,0.353
RGI60-05.11819,209201,66.3269,-36.8566,0.076
RGI60-05.11820,209202,66.2435,-35.803,1.127
RGI60-05.11821,209203,66.2547,-35.878,0.305
RGI60-05.11822,209204,66.3158,-36.8051,0.241
RGI60-05.11823,209205,66.2536,-35.7464,0.05
RGI60-05.11824,209206,66.3489,-37.2847,0.145
RGI60-05.11825,209207,66.3254,-36.8434,0.143
RGI60-05.11826,209208,66.3266,-36.8808,1.322
RGI60-05.11827,,66.3298,-36.853,0.107
RGI60-05.11828,209209,66.2549,-35.6224,0.077
RGI60-05.11829,209210,66.3334,-36.8727,0.508
RGI60-05.11830,209211,66.2567,-35.6101,0.202
RGI60-05.11831,209212,66.2541,-35.7167,3.166
RGI60-05.11832,209213,66.2442,-35.7245,0.534
RGI60-05.11833,209214,66.2525,-35.6779,0.547
RGI60-05.11834,209215,66.2415,-35.6971,0.345
RGI60-05.11835,209216,66.2566,-35.6541,2.074
RGI60-05.11836,209217,66.3296,-36.779,0.623
RGI60-05.11837,209218,66.3822,-37.7569,1.701
RGI60-05.11838,209219,66.3421,-36.8257,0.102
RGI60-05.11839,,66.3424,-36.8113,0.1
RGI60-05.11840,209220,66.3344,-36.6605,0.061
RGI60-05.11841,209221,66.343,-36.7943,0.076
RGI60-05.11842,209222,66.3341,-36.8379,4.152
RGI60-05.11843,209223,66.3494,-37.2473,1.811
RGI60-05.11844,209224,66.3643,-37.2649,2.02
RGI60-05.11845,209225,66.3602,-37.2855,1.017
RGI60-05.11846,209226,66.362,-37.1334,0.122
RGI60-05.11847,209227,66.3803,-37.301,0.134
RGI60-05.11848,209228,66.3729,-37.1745,0.204
RGI60-05.11849,209229,66.3782,-37.1829,0.085
RGI60-05.11850,209230,66.4206,-36.9572,0.059
RGI60-05.11851,209231,66.3559,-36.8366,0.791
RGI60-05.11852,209232,66.3914,-37.2915,0.149
RGI60-05.11853,,66.3647,-36.7325,0.123
RGI60-05.11854,209233,66.3665,-36.7612,0.14
RGI60-05.11855,209234,66.3413,-37.3699,1.522
RGI60-05.11856,209235,66.3915,-37.1652,1.201
RGI60-05.11857,209236,66.3938,-37.0441,0.061
RGI60-05.11858,,66.3791,-36.7931,0.159
RGI60-05.11859,209237,66.401,-37.153,0.073
RGI60-05.11860,209238,66.2798,-35.1906,0.412
RGI60-05.11861,209239,66.3812,-37.3767,8.898
RGI60-05.11862,209240,66.3532,-37.3968,2.62
RGI60-05.11863,209241,66.3304,-37.3791,0.248
RGI60-05.11864,209242,66.2701,-35.1503,0.239
RGI60-05.11865,209243,66.2797,-35.2578,0.244
RGI60-05.11866,209244,66.4024,-37.3328,3.455
RGI60-05.11867,209245,66.3939,-37.3438,0.454
RGI60-05.11868,209246,66.3807,-36.7798,0.547
RGI60-05.11869,209247,66.3867,-36.7261,0.055
RGI60-05.11870,209248,66.4146,-37.3162,2.03
RGI60-05.11871,209249,66.4322,-37.5014,0.285
RGI60-05.11872,209250,66.3711,-36.7704,0.25
RGI60-05.11873,209251,66.3775,-36.7396,4.31
RGI60-05.11874,209252,66.4087,-36.9803,0.146
RGI60-05.11875,209253,66.4291,-37.5172,1.116
RGI60-05.11876,209254,66.426,-37.3324,0.415
RGI60-05.11877,209255,66.4198,-37.1507,0.108
RGI60-05.11878,209256,66.4282,-37.2781,0.089
RGI60-05.11879,209257,66.4098,-36.9473,0.052
RGI60-05.11880,209258,66.3971,-36.7431,1.15
RGI60-05.11881,209259,66.4148,-36.9859,0.081
RGI60-05.11882,209260,66.4123,-37.2555,7.098
RGI60-05.11883,209261,66.4262,-37.2178,0.165
RGI60-05.11884,209262,66.4591,-37.7458,0.103
RGI60-05.11885,209263,66.4463,-37.5256,0.213
RGI60-05.11886,209264,66.4561,-37.7278,0.338
RGI60-05.11887,,66.3821,-36.6261,0.099
RGI60-05.11888,209265,66.3993,-36.7174,0.32
RGI60-05.11889,209266,66.4044,-36.7181,0.058
RGI60-05.11890,209267,66.4137,-36.646,0.46
RGI60-05.11891,209268,66.4144,-36.6268,0.133
RGI60-05.11892,209269,66.42,-36.684,0.233
RGI60-05.11893,209270,66.4434,-37.4994,0.633
RGI60-05.11895,209271,66.4782,-38.0199,0.115
RGI60-05.11896,,66.4526,-37.5012,0.138
RGI60-05.11897,,66.4225,-36.9054,0.217
RGI60-05.11898,209272,66.4453,-37.2362,0.077
RGI60-05.11899,209273,66.4479,-37.2941,0.387
RGI60-05.11900,209274,66.3082,-35.0472,0.16
RGI60-05.11901,209275,66.4445,-37.205,0.354
RGI60-05.11902,209276,66.4896,-38.0177,0.057
RGI60-05.11903,209277,66.4601,-37.5072,0.734
RGI60-05.11904,209278,66.4908,-38.0095,0.28
RGI60-05.11905,209279,66.3146,-35.0341,0.124
RGI60-05.11906,209280,66.3949,-35.0218,0.061
RGI60-05.11907,209281,66.4797,-37.2777,0.112
RGI60-05.11908,209282,66.3907,-34.957,0.22
RGI60-05.11909,209283,66.3896,-34.7307,0.098
RGI60-05.11910,209284,66.4202,-36.6321,0.188
RGI60-05.11911,209285,66.4259,-36.6634,0.114
RGI60-05.11912,209286,66.4959,-36.6671,0.066
RGI60-05.11913,209287,66.4998,-36.6702,0.144
RGI60-05.11914,,66.501,-36.6365,0.087
RGI60-05.11915,209288,66.5034,-36.6637,0.112
RGI60-05.11916,209289,66.5059,-36.6526,0.477
RGI60-05.11917,209290,66.5151,-36.6235,0.062
RGI60-05.11919,209291,66.3155,-35.0228,0.058
RGI60-05.11920,209292,66.3159,-35.0102,0.38
RGI60-05.11921,209293,66.4969,-38.017,0.068
RGI60-05.11922,209294,66.3944,-34.9401,0.176
RGI60-05.11923,209295,66.3967,-34.9559,0.255
RGI60-05.11924,209296,66.4271,-34.9589,0.286
RGI60-05.11925,209297,66.3225,-35.0366,0.817
RGI60-05.11926,209298,66.4734,-37.47,0.342
RGI60-05.11928,209299,66.3301,-35.1118,0.14
RGI60-05.11929,209300,66.3338,-35.1297,0.193
RGI60-05.11930,209301,66.4483,-36.9726,0.612
RGI60-05.11931,209302,66.4643,-37.1957,0.451
RGI60-05.11932,209303,66.3327,-35.0776,0.433
RGI60-05.11933,209304,66.3257,-34.9923,0.754
RGI60-05.11934,209305,66.4779,-37.4827,1.383
RGI60-05.11935,209306,66.4744,-37.3873,0.623
RGI60-05.11936,209307,66.5126,-38.033,0.261
RGI60-05.11937,209308,66.5253,-38.2482,0.149
RGI60-05.11938,209309,66.3204,-34.8461,0.566
RGI60-05.11939,209310,66.3392,-35.1018,0.632
RGI60-05.11940,209311,66.3298,-35.0122,1.332
RGI60-05.11941,209312,66.5204,-38.0644,0.07
RGI60-05.11943,209313,66.4652,-37.4098,1.514
RGI60-05.11944,209314,66.4847,-37.3848,0.47
RGI60-05.11945,209315,66.3391,-35.06,1.07
RGI60-05.11946,209316,66.346,-35.081,1.532
RGI60-05.11947,,66.4149,-36.9547,0.202
RGI60-05.11948,209317,66.4398,-36.9442,16.649
RGI60-05.11949,209318,66.4754,-36.7947,0.295
RGI60-05.11950,209319,66.3729,-34.7023,0.181
RGI60-05.11951,209320,66.4726,-37.4432,7.825
RGI60-05.11952,209321,66.5012,-37.5211,0.125
RGI60-05.11953,209322,66.3346,-34.8389,0.798
RGI60-05.11954,,66.4748,-36.956,0.296
RGI60-05.11956,209323,66.5113,-37.5244,0.284
RGI60-05.11957,209324,66.5156,-37.5472,0.053
RGI60-05.11958,209325,66.394,-37.0919,6.316
RGI60-05.11959,209326,66.4094,-37.0792,0.901
RGI60-05.11960,209327,66.401,-37.0747,0.952
RGI60-05.11961,209328,66.4203,-37.0693,0.694
RGI60-05.11962,209329,66.3908,-37.0554,0.435
RGI60-05.11963,209330,66.3828,-37.0849,1.192
RGI60-05.11964,209331,66.3772,-37.1067,0.107
RGI60-05.11965,209332,66.4344,-37.0576,2.485
RGI60-05.11966,209333,66.4448,-37.134,42.284
RGI60-05.11967,209334,66.3604,-34.9586,1.83
RGI60-05.11968,209335,66.3841,-34.8059,0.14
RGI60-05.11969,209336,66.4485,-37.0121,5.741
RGI60-05.11970,209337,66.3488,-34.8424,0.112
RGI60-05.11971,209338,66.3582,-34.8366,0.56
RGI60-05.11972,209339,66.3601,-34.9805,0.05
RGI60-05.11973,209340,66.5363,-37.8267,0.082
RGI60-05.11974,209341,66.3672,-34.9756,1.51
RGI60-05.11975,209342,66.3731,-34.9893,0.291
RGI60-05.11976,209343,66.5371,-37.7255,0.8
RGI60-05.11977,209344,66.5434,-37.739,0.063
RGI60-05.11978,209345,66.3769,-34.9356,0.15
RGI60-05.11979,209346,66.3814,-34.945,0.1
RGI60-05.11980,209347,66.3801,-34.9613,1.02
RGI60-05.11981,209348,66.3968,-35.0664,0.434
RGI60-05.11982,209349,66.3762,-34.7105,0.439
RGI60-05.11983,209350,66.5591,-37.547,0.093
RGI60-05.11984,209351,66.3842,-34.7273,0.201
RGI60-05.11985,209352,66.3874,-34.7377,0.06
RGI60-05.11986,209353,66.4044,-35.0088,0.384
RGI60-05.11987,209354,66.3962,-35.037,1.37
RGI60-05.11988,209355,66.3842,-34.706,0.311
RGI60-05.11989,209356,66.5577,-37.436,0.104
RGI60-05.11990,209357,66.3879,-34.791,0.921
RGI60-05.11991,209358,66.5616,-37.5171,0.433
RGI60-05.11994,209359,66.5305,-36.9074,0.284
RGI60-05.11996,209360,66.5376,-37.0222,0.059
RGI60-05.11997,209361,66.5376,-36.8898,1.333
RGI60-05.11998,209362,66.389,-34.7014,0.086
RGI60-05.11999,209363,66.3907,-34.7156,0.188
RGI60-05.12000,209364,66.411,-35.0408,4.492
RGI60-05.12001,209365,66.4009,-34.7112,0.978
RGI60-05.12002,209366,66.3982,-34.6927,0.435
RGI60-05.12003,209367,66.4081,-34.6805,0.366
RGI60-05.12004,209368,66.4283,-35.0982,1.011
RGI60-05.12005,209369,66.4338,-35.1148,0.22
RGI60-05.12006,209370,66.639,-34.2257,0.095
RGI60-05.12007,209371,67.9099,-32.1366,0.068
RGI60-05.12008,209372,68.1199,-31.3258,0.112
RGI60-05.12009,209373,68.1412,-31.5549,0.251
RGI60-05.12010,209374,68.0923,-30.9692,0.147
RGI60-05.12011,209375,67.0521,-33.8422,0.453
RGI60-05.12014,209376,67.0402,-33.6536,0.113
RGI60-05.12015,209377,67.0478,-33.6525,0.06
RGI60-05.12016,209378,68.0896,-31.6076,0.34
RGI60-05.12017,209379,68.0888,-31.5767,0.181
RGI60-05.12018,209380,67.0678,-33.6299,0.521
RGI60-05.12019,209381,67.078,-33.6724,0.099
RGI60-05.12020,209382,67.0665,-33.5267,0.195
RGI60-05.12021,209383,67.0807,-33.6894,0.056
RGI60-05.12022,209384,67.0691,-33.5363,0.05
RGI60-05.12023,209385,68.1122,-31.7009,0.085
RGI60-05.12024,,66.7099,-34.13,0.47
RGI60-05.12025,209386,67.0901,-33.6063,0.255
RGI60-05.12026,209387,67.0965,-33.6332,0.117
RGI60-05.12028,209388,67.0924,-33.5875,0.45
RGI60-05.12029,,67.0911,-33.4853,0.076
RGI60-05.12030,209389,67.1738,-33.4534,0.238
RGI60-05.12031,209390,68.1251,-31.3556,0.835
RGI60-05.12032,209391,66.4983,-34.6078,0.07
RGI60-05.12033,209392,66.5209,-34.4722,0.159
RGI60-05.12034,209393,66.5297,-34.4583,0.812
RGI60-05.12035,,66.5287,-34.4796,0.05
RGI60-05.12036,209394,66.5324,-34.4862,0.571
RGI60-05.12037,209395,66.5372,-34.4679,0.153
RGI60-05.12038,209396,66.5454,-34.4756,0.553
RGI60-05.12039,209397,66.514,-34.6181,0.083
RGI60-05.12040,209398,66.5179,-34.6445,0.1
RGI60-05.12041,209399,66.5526,-34.5071,0.429
RGI60-05.12042,209400,66.5996,-34.5619,0.15
RGI60-05.12043,209401,66.6021,-34.5364,0.114
RGI60-05.12044,209402,66.5893,-34.2914,0.654
RGI60-05.12045,209403,66.6111,-34.5478,0.42
RGI60-05.12046,209404,66.6113,-34.5286,0.149
RGI60-05.12047,209405,66.5994,-34.3036,0.05
RGI60-05.12048,209406,66.5969,-34.2621,0.168
RGI60-05.12049,,66.6426,-34.2447,0.067
RGI60-05.12050,209407,66.6127,-34.3785,0.904
RGI60-05.12051,209408,66.6211,-34.3977,0.309
RGI60-05.12052,209409,66.6226,-34.3758,0.098
RGI60-05.12053,209410,66.6296,-34.3976,0.466
RGI60-05.12054,209411,66.6224,-34.2512,0.179
RGI60-05.12055,209412,66.6371,-34.3973,0.15
RGI60-05.12056,209413,66.6635,-34.5352,0.646
RGI60-05.12057,209414,66.6416,-34.2377,0.385
RGI60-05.12058,209415,66.691,-34.4804,0.089
RGI60-05.12059,209416,66.6705,-34.23,0.278
RGI60-05.12060,209417,66.6724,-34.1919,0.283
RGI60-05.12061,209418,66.6968,-34.4788,0.293
RGI60-05.12062,209419,66.7043,-34.4872,0.394
RGI60-05.12063,209420,66.6814,-34.2013,0.727
RGI60-05.12064,209421,66.7164,-34.5321,0.051
RGI60-05.12065,209422,66.7331,-34.4959,0.192
RGI60-05.12067,209423,66.6932,-34.1916,0.263
RGI60-05.12068,209424,66.7086,-34.2279,0.334
RGI60-05.12069,209425,66.7171,-34.2068,0.46
RGI60-05.12070,,66.7373,-34.1294,0.15
RGI60-05.12071,209426,66.7441,-34.1261,0.129
RGI60-05.12072,209427,66.7504,-34.0953,0.092
RGI60-05.12073,209428,66.7616,-34.1093,0.117
RGI60-05.12075,209429,66.7506,-33.9893,0.507
RGI60-05.12076,209430,66.8078,-34.0817,0.134
RGI60-05.12077,209431,66.8024,-34.0453,0.373
RGI60-05.12078,209432,66.8117,-34.0895,0.143
RGI60-05.12079,209433,66.7011,-34.5838,22.527
RGI60-05.12080,209434,66.8153,-34.0964,0.437
RGI60-05.12081,209435,66.803,-33.9161,0.185
RGI60-05.12082,209436,66.8141,-34.0644,0.546
RGI60-05.12083,209437,66.8223,-34.0933,0.102
RGI60-05.12085,209438,66.8145,-33.8862,0.147
RGI60-05.12086,209439,66.9148,-34.1258,0.122
RGI60-05.12091,209440,66.9184,-34.0094,0.186
RGI60-05.12092,209441,67.0175,-33.7718,0.171
RGI60-05.12093,209442,67.0212,-33.7964,1.044
RGI60-05.12094,209443,67.0369,-33.8808,0.197
RGI60-05.12095,209444,67.0347,-33.9159,0.79
RGI60-05.12097,209445,68.0969,-31.5625,0.704
RGI60-05.12098,209446,66.6355,-34.3729,0.937
RGI60-05.12099,209447,66.6363,-34.7002,0.155
RGI60-05.12100,209448,66.6568,-34.8405,0.16
RGI60-05.12101,,66.6551,-34.6829,0.099
RGI60-05.12102,209449,66.6464,-34.6746,2.296
RGI60-05.12103,209450,66.6539,-34.5921,0.985
RGI60-05.12104,209451,66.667,-34.5697,2.072
RGI60-05.12105,,66.6505,-34.2401,0.619
RGI60-05.12106,209452,66.6667,-34.3596,0.209
RGI60-05.12107,209453,66.6558,-34.1887,0.063
RGI60-05.12108,209454,66.6812,-34.5516,0.142
RGI60-05.12109,209455,66.6818,-34.5692,0.784
RGI60-05.12110,209456,66.6575,-34.3658,1.619
RGI60-05.12111,209457,66.6581,-34.3413,1.099
RGI60-05.12112,209458,66.6453,-34.3751,0.95
RGI60-05.12113,209459,66.6731,-34.8459,0.147
RGI60-05.12114,209460,66.6771,-34.8455,0.093
RGI60-05.12115,209461,66.6799,-34.865,0.141
RGI60-05.12116,209462,66.6846,-34.8467,0.389
RGI60-05.12117,209463,66.6889,-34.5729,0.203
RGI60-05.12118,209464,66.6589,-34.17,0.485
RGI60-05.12119,209465,66.6682,-34.2476,0.106
RGI60-05.12120,209466,66.6867,-34.4751,0.124
RGI60-05.12121,209467,66.6668,-34.2067,0.176
RGI60-05.12122,209468,66.6657,-34.192,0.27
RGI60-05.12123,209469,66.6694,-34.213,0.115
RGI60-05.12124,209470,66.6669,-34.1697,0.142
RGI60-05.12125,209471,66.7106,-34.5144,2.384
RGI60-05.12126,209472,66.7146,-34.3764,0.082
RGI60-05.12127,209473,66.688,-34.2421,2.789
RGI60-05.12128,209474,66.6983,-34.2277,0.879
RGI60-05.12129,209475,66.6905,-34.2122,0.468
RGI60-05.12130,209476,66.7081,-34.2488,0.876
RGI60-05.12131,209477,66.704,-34.1328,0.349
RGI60-05.12132,209478,66.7063,-34.1504,0.277
RGI60-05.12133,209479,66.7096,-34.1651,0.076
RGI60-05.12134,209480,66.7122,-34.1937,0.317
RGI60-05.12135,209481,66.7236,-34.3658,0.719
RGI60-05.12136,209482,66.7144,-34.1736,0.351
RGI60-05.12137,209483,66.7302,-34.3869,0.666
RGI60-05.12138,209484,66.7369,-34.3596,0.881
RGI60-05.12139,209485,66.7523,-34.4085,0.537
RGI60-05.12140,209486,66.7581,-34.4134,0.843
RGI60-05.12141,209487,66.757,-34.1325,2.078
RGI60-05.12144,209488,66.7547,-33.9971,0.097
RGI60-05.12145,209489,66.7628,-34.0826,0.725
RGI60-05.12146,209490,66.7592,-33.9838,0.425
RGI60-05.12147,,66.7596,-33.9712,0.199
RGI60-05.12148,,66.7644,-33.974,0.203
RGI60-05.12149,209491,66.767,-33.9841,0.174
RGI60-05.12150,209492,66.7719,-34.0087,0.053
RGI60-05.12151,,66.7772,-34.0327,0.145
RGI60-05.12152,,66.7949,-34.0424,0.492
RGI60-05.12153,209493,66.8055,-34.07,0.235
RGI60-05.12154,209494,66.8132,-33.9157,1.168
RGI60-05.12155,,66.8246,-34.0002,0.141
RGI60-05.12156,209495,66.8029,-33.9637,1.612
RGI60-05.12157,209496,66.8187,-33.9593,3.759
RGI60-05.12158,,66.8361,-34.0735,0.659
RGI60-05.12160,209497,66.8295,-33.9896,0.715
RGI60-05.12161,209498,66.8257,-33.8932,0.749
RGI60-05.12162,209499,66.8339,-34.0147,0.369
RGI60-05.12163,209500,66.8501,-33.9363,0.255
RGI60-05.12164,209501,66.8632,-34.0591,0.206
RGI60-05.12165,209502,66.8563,-33.9364,0.665
RGI60-05.12166,209503,66.87172699,-34.062049866,0.323
RGI60-05.12167,209504,66.8651,-33.923,0.426
RGI60-05.12168,209505,66.8878,-34.097,0.273
RGI60-05.12169,209506,66.8988,-34.0998,2.317
RGI60-05.12170,209507,66.9112,-34.1137,0.295
RGI60-05.12171,209508,66.9265,-34.0064,0.978
RGI60-05.12172,209509,66.93,-34.0265,0.609
RGI60-05.12173,209510,66.9223,-33.8611,0.141
RGI60-05.12174,209511,66.9328,-34.0541,0.062
RGI60-05.12175,209512,66.9358,-34.0432,0.631
RGI60-05.12176,209513,66.9292,-33.8616,0.084
RGI60-05.12177,209514,66.9343,-33.8762,0.112
RGI60-05.12178,209515,66.9542,-33.9431,0.077
RGI60-05.12179,209516,66.9598,-33.9978,0.212
RGI60-05.12180,209517,66.9579,-34.0722,2.583
RGI60-05.12184,209518,66.9634,-34.0433,1.121
RGI60-05.12185,209519,66.966,-34.012,1.306
RGI60-05.12187,209520,66.9959,-33.8702,0.409
RGI60-05.12188,209521,67.0123,-34.0266,0.081
RGI60-05.12192,209522,67.002,-33.9408,1.501
RGI60-05.12193,209523,67.0101,-33.9282,0.178
RGI60-05.12194,209524,67.0377,-33.8977,0.758
RGI60-05.12195,209525,67.0036,-33.8957,2.044
RGI60-05.12196,209526,66.9945,-33.8995,0.671
RGI60-05.12197,209527,67.0114,-33.873,0.384
RGI60-05.12198,209528,67.0082,-33.77,0.126
RGI60-05.12199,209529,67.0046,-33.8308,3.609
RGI60-05.12200,209530,67.0118,-33.7871,0.122
RGI60-05.12201,209531,67.0113,-33.805,0.425
RGI60-05.12202,209532,67.0197,-33.8478,0.177
RGI60-05.12203,209533,67.0652,-33.7558,1.598
RGI60-05.12204,209534,67.0554,-33.6202,0.814
RGI60-05.12205,209535,67.0608,-33.6413,0.106
RGI60-05.12206,209536,67.0584,-33.6573,1.042
RGI60-05.12207,209537,67.0525,-33.6439,0.753
RGI60-05.12208,209538,67.0633,-33.6743,0.543
RGI60-05.12209,209539,67.072,-33.655,0.602
RGI60-05.12210,209540,66.9621,-33.9583,2.297
RGI60-05.12212,209541,66.7323,-34.1936,10.27
RGI60-05.12213,209542,68.1133,-31.6805,0.086
RGI60-05.12214,209543,67.1024,-33.6167,1.413
RGI60-05.12215,,67.096,-33.501,0.512
RGI60-05.12216,209544,67.1019,-33.519,0.103
RGI60-05.12217,209545,67.1131,-33.6106,0.741
RGI60-05.12219,,67.109,-33.5256,0.564
RGI60-05.12220,,67.1142,-33.519,0.146
RGI60-05.12221,,67.1189,-33.5375,0.756
RGI60-05.12222,209546,67.3858,-33.5076,0.701
RGI60-05.12223,209547,67.1296,-33.5049,1.125
RGI60-05.12224,209548,67.14,-33.5297,0.236
RGI60-05.12225,209549,67.1524,-33.4952,2.017
RGI60-05.12226,209550,67.1557,-33.47,0.069
RGI60-05.12227,209551,67.1603,-33.4782,0.431
RGI60-05.12228,209552,67.1635,-33.4638,0.162
RGI60-05.12229,209553,67.1647,-33.497,0.127
RGI60-05.12230,209554,67.3926,-34.1722,0.132
RGI60-05.12231,209555,67.3607,-33.6832,0.99
RGI60-05.12232,209556,67.3273,-33.7442,81.982
RGI60-05.12233,209557,67.3787,-33.7035,0.156
RGI60-05.12234,209558,67.3702,-33.6688,3.072
RGI60-05.12236,209559,67.1777,-33.4892,3.251
RGI60-05.12237,209560,67.1717,-33.5089,0.21
RGI60-05.12238,209561,67.1678,-33.4999,0.051
RGI60-05.12239,209562,67.1901,-33.517,0.122
RGI60-05.12240,209563,67.1942,-33.514,0.161
RGI60-05.12242,209564,67.2411,-33.5125,2.624
RGI60-05.12243,209565,67.2882,-33.6164,0.171
RGI60-05.12244,209566,67.2828,-33.6437,0.087
RGI60-05.12245,209567,67.2743,-33.6858,14.576
RGI60-05.12246,209568,67.1994,-33.4483,10.088
RGI60-05.12247,209569,67.243,-33.59,1.349
RGI60-05.12248,209570,67.2543,-33.6789,0.522
RGI60-05.12249,209571,67.2516,-33.4483,0.164
RGI60-05.12250,209572,67.4011,-33.2838,0.211
RGI60-05.12251,209573,68.1488,-32.0811,0.335
RGI60-05.12252,209574,67.2484,-33.5465,6.223
RGI60-05.12253,209575,67.2608,-33.4491,0.909
RGI60-05.12254,209576,67.2896,-33.4837,0.207
RGI60-05.12255,209577,67.2934,-33.5076,0.327
RGI60-05.12256,209578,67.2969,-33.4916,0.141
RGI60-05.12257,209579,67.4828,-33.3305,0.136
RGI60-05.12258,209580,67.289,-33.4145,5.076
RGI60-05.12259,209581,67.3344,-33.5336,0.509
RGI60-05.12260,209582,67.3362,-33.4908,0.454
RGI60-05.12261,209583,67.3147,-33.3136,4.332
RGI60-05.12262,209584,67.2751,-33.5335,12.287
RGI60-05.12263,209585,67.2407,-33.8551,0.32
RGI60-05.12264,209586,67.2461,-33.7106,2.095
RGI60-05.12265,209587,67.3045,-33.6061,27.067
RGI60-05.12266,209588,67.3068,-33.4878,1.624
RGI60-05.12267,209589,67.3439,-33.542,2.52
RGI60-05.12268,209590,67.2527,-33.4804,1.298
RGI60-05.12269,209591,67.3435,-33.3641,2.371
RGI60-05.12270,209592,67.3491,-33.3498,0.194
RGI60-05.12271,209593,67.3396,-33.3389,0.936
RGI60-05.12272,209594,67.3564,-33.309,0.106
RGI60-05.12273,209595,67.3609,-33.3322,0.05
RGI60-05.12274,209596,67.3557,-33.3581,0.321
RGI60-05.12275,209597,67.3555,-33.3357,1.299
RGI60-05.12276,209598,67.366,-33.336,0.694
RGI60-05.12277,,67.3665,-33.3197,0.164
RGI60-05.12278,209599,68.0714,-31.0904,0.086
RGI60-05.12279,209600,67.3714,-33.4248,1.886
RGI60-05.12280,209601,67.3622,-33.4031,2.214
RGI60-05.12281,209602,67.375,-33.3637,0.265
RGI60-05.12282,209603,67.3771,-33.3283,0.101
RGI60-05.12283,209604,67.3784,-33.3141,0.087
RGI60-05.12284,209605,67.3846,-33.3666,0.31
RGI60-05.12285,209606,67.3845,-33.5676,0.424
RGI60-05.12289,209607,67.3948,-33.3783,1.143
RGI60-05.12290,209608,67.4019,-33.3868,0.377
RGI60-05.12291,209609,67.4052,-33.3395,2.7
RGI60-05.12292,209610,67.4277,-33.2654,0.161
RGI60-05.12293,209611,67.4589,-33.3738,3.613
RGI60-05.12294,209612,67.4707,-33.3497,2.638
RGI60-05.12295,209613,67.4865,-33.4116,0.07
RGI60-05.12296,209614,67.4891,-33.3755,6.154
RGI60-05.12297,209615,67.6328,-32.8929,0.678
RGI60-05.12298,209616,67.6462,-32.8589,0.617
RGI60-05.12299,209617,67.6916,-33.2857,0.232
RGI60-05.12300,209618,67.7158,-33.1871,0.338
RGI60-05.12301,209619,67.6859,-33.3014,0.224
RGI60-05.12302,209620,67.693,-33.3131,1.035
RGI60-05.12303,209621,67.6596,-32.8315,0.093
RGI60-05.12304,209622,67.7016,-33.3359,2.423
RGI60-05.12305,209623,67.7162,-33.3765,0.117
RGI60-05.12306,209624,67.7119,-33.3695,2.485
RGI60-05.12307,209625,67.717,-33.3582,0.194
RGI60-05.12308,209626,67.6961,-32.9684,0.077
RGI60-05.12309,209627,67.6959,-33.0403,1.238
RGI60-05.12310,209628,67.6425,-33.122,0.673
RGI60-05.12311,209629,67.6981,-33.101,5.484
RGI60-05.12312,209630,67.6939,-32.9553,0.159
RGI60-05.12313,209631,67.7243,-33.3849,2.192
RGI60-05.12314,,67.7417,-33.424,0.093
RGI60-05.12315,,67.7463,-33.4132,0.065
RGI60-05.12316,,67.7954,-33.8643,0.202
RGI60-05.12317,209632,67.7817,-33.4686,0.078
RGI60-05.12318,,67.786,-33.5169,0.089
RGI60-05.12319,,67.9,-33.8703,0.133
RGI60-05.12320,,67.909,-33.8767,0.055
RGI60-05.12321,209633,67.9124,-33.8655,0.104
RGI60-05.12322,,67.9204,-33.8772,0.11
RGI60-05.12323,,67.9254,-33.7526,0.061
RGI60-05.12324,,67.9347,-33.8791,0.179
RGI60-05.12325,,68.0303,-34.085,0.094
RGI60-05.12327,,68.1617,-34.4175,0.053
RGI60-05.12328,209634,67.7007,-33.0206,0.577
RGI60-05.12329,209635,67.7555,-33.2956,0.695
RGI60-05.12330,209636,67.8231,-33.4061,0.06
RGI60-05.12331,209637,67.827,-33.3997,0.093
RGI60-05.12332,209638,67.8425,-33.507,0.159
RGI60-05.12334,209639,67.8398,-33.3744,0.141
RGI60-05.12335,209640,67.8512,-33.505,0.142
RGI60-05.12336,209641,67.8529,-33.3926,0.093
RGI60-05.12337,209642,67.8603,-33.4168,0.286
RGI60-05.12338,209643,67.9204,-33.6705,0.051
RGI60-05.12339,209644,67.9346,-33.6413,0.16
RGI60-05.12340,,68.0721,-33.4825,0.06
RGI60-05.12342,209645,67.7966,-32.7315,0.078
RGI60-05.12343,209646,67.8005,-32.7346,0.05
RGI60-05.12344,209647,67.8034,-32.5511,4.725
RGI60-05.12345,209648,67.8268,-32.673,0.351
RGI60-05.12346,209649,67.9454,-32.6905,0.104
RGI60-05.12347,209650,67.9724,-32.8374,0.058
RGI60-05.12348,209651,67.79,-32.2632,0.426
RGI60-05.12349,209652,67.8573,-32.1894,0.171
RGI60-05.12350,209653,67.913,-32.2419,0.123
RGI60-05.12351,209654,67.9146,-32.229,0.853
RGI60-05.12352,209655,67.9431,-32.2209,0.058
RGI60-05.12353,209656,67.915,-32.139,0.35
RGI60-05.12354,209657,67.9228,-32.1306,0.138
RGI60-05.12355,209658,67.9225,-32.1458,0.329
RGI60-05.12356,209659,67.9273,-32.1517,0.087
RGI60-05.12357,209660,67.9306,-32.1608,0.141
RGI60-05.12358,209661,67.9408,-32.1985,0.141
RGI60-05.12359,209662,67.9325,-32.1427,0.565
RGI60-05.12360,209663,67.9418,-32.1466,0.056
RGI60-05.12361,209664,67.9444,-32.1321,0.328
RGI60-05.12362,209665,68.0528,-32.0465,0.163
RGI60-05.12363,209666,68.0634,-32.1902,0.72
RGI60-05.12364,209667,68.0689,-32.1715,0.178
RGI60-05.12365,209668,68.1192,-31.6512,0.066
RGI60-05.12366,209669,68.1483,-32.1699,0.089
RGI60-05.12367,209670,68.153,-32.1459,0.903
RGI60-05.12368,209671,68.154,-32.1096,0.78
RGI60-05.12369,209672,68.1083,-31.5546,0.567
RGI60-05.12370,209673,68.1048,-31.5954,2.175
RGI60-05.12371,209674,68.0726,-31.1238,0.662
RGI60-05.12372,209675,68.1235,-31.685,1.263
RGI60-05.12373,209676,68.1268,-31.6395,0.063
RGI60-05.12374,209677,68.0787,-31.0915,0.156
RGI60-05.12375,,68.0734,-31.0315,0.207
RGI60-05.12376,209678,68.081,-31.1618,0.667
RGI60-05.12377,209679,68.0935,-31.2358,0.383
RGI60-05.12378,209680,68.1546,-32.2575,0.169
RGI60-05.12379,209681,68.1581,-32.2421,0.071
RGI60-05.12380,209682,68.1674,-32.2478,0.151
RGI60-05.12381,209683,68.1764,-32.2411,0.543
RGI60-05.12382,209684,68.1558,-32.2793,0.053
RGI60-05.12383,209685,68.1606,-32.2735,0.164
RGI60-05.12384,209686,68.1604,-32.2916,0.375
RGI60-05.12385,209687,68.1793,-32.2627,3.667
RGI60-05.12386,209688,68.1318,-31.6451,0.191
RGI60-05.12387,209689,68.0814,-31.0426,0.177
RGI60-05.12388,209690,68.1195,-31.5407,3.425
RGI60-05.12389,209691,68.1012,-31.2757,0.248
RGI60-05.12390,209692,68.1067,-31.2706,0.094
RGI60-05.12391,209693,68.0865,-31.0525,0.114
RGI60-05.12392,209694,68.194,-32.2886,0.486
RGI60-05.12393,209695,68.1434,-31.6274,0.688
RGI60-05.12394,209696,68.1893,-32.3224,2.211
RGI60-05.12395,209697,68.1122,-31.3061,0.059
RGI60-05.12396,209698,68.1164,-31.3567,0.269
RGI60-05.12397,209699,68.0954,-31.1858,2.175
RGI60-05.12398,209700,68.1594,-32.4482,0.071
RGI60-05.12399,209701,68.1953,-32.3518,1.635
RGI60-05.12400,209702,68.1048,-31.2139,0.061
RGI60-05.12401,209703,68.0856,-30.945,0.201
RGI60-05.12402,209704,68.1405,-31.6783,1.957
RGI60-05.12403,209705,68.2023,-32.3269,0.127
RGI60-05.12404,209706,68.1922,-32.4118,0.219
RGI60-05.12405,209707,68.1991,-32.419,0.093
RGI60-05.12406,209708,68.2053,-32.4011,0.783
RGI60-05.12407,209709,68.2043,-32.3739,0.333
RGI60-05.12408,209710,68.1194,-31.3481,0.12
RGI60-05.12409,209711,68.0952,-31.0656,0.105
RGI60-05.12410,209712,68.1089,-31.2092,0.084
RGI60-05.12411,209713,68.0829,-30.9366,0.101
RGI60-05.12412,209714,68.1176,-31.3092,0.143
RGI60-05.12413,209715,68.132,-31.5582,0.453
RGI60-05.12414,209716,68.1332,-31.599,4.542
RGI60-05.12415,209717,68.1287,-31.3784,0.157
RGI60-05.12416,209718,68.1245,-31.3264,0.191
RGI60-05.12417,209719,68.1228,-31.299,0.144
RGI60-05.12418,209720,68.0902,-30.9471,0.24
RGI60-05.12419,209721,68.1309,-31.414,0.712
RGI60-05.12420,209722,68.1153,-31.2683,3.439
RGI60-05.12421,209723,68.1523,-31.665,1.975
RGI60-05.12422,209724,68.1354,-31.393,0.095
RGI60-05.12423,209725,68.0952,-31.103,5.506
RGI60-05.12424,209726,68.1426,-31.4512,0.237
RGI60-05.12425,209727,68.2067,-33.2166,0.086
RGI60-05.12426,209728,68.0677,-32.88,0.061
RGI60-05.12427,209729,68.1575,-32.5395,0.137
RGI60-05.12428,209730,68.1826,-32.6997,0.131
RGI60-05.12429,209731,68.1977,-32.7269,0.092
RGI60-05.12430,209732,68.1914,-32.5293,0.051
RGI60-05.12431,209733,68.1963,-32.5286,0.056
RGI60-05.12432,,68.1994,-32.5271,0.062
RGI60-05.12433,209734,68.1982,-32.5049,0.132
RGI60-05.12434,209735,68.2022,-32.5147,0.145
RGI60-05.12435,209736,68.2441,-32.8432,0.06
RGI60-05.12436,209737,68.2288,-32.5358,0.508
RGI60-05.12437,209738,68.2332,-32.5296,0.119
RGI60-05.12438,209739,67.8133,-33.0977,0.055
RGI60-05.12439,209740,67.867,-33.1483,0.066
RGI60-05.12440,209741,67.7759,-32.8437,0.069
RGI60-05.12450,209742,66.542,-36.6602,1.393
RGI60-05.12451,,66.5512,-36.6184,0.435
RGI60-05.12455,,66.5539,-36.7082,0.081
RGI60-05.12456,,66.5517,-36.6443,0.203
RGI60-05.12457,209743,66.5543,-36.6496,0.117
RGI60-05.12466,209744,66.6068,-36.7986,0.146
RGI60-05.12467,209745,66.6405,-36.9784,0.094
RGI60-05.12468,209746,66.7148,-36.8053,0.101
RGI60-05.12469,209747,66.7069,-36.7827,0.576
RGI60-05.12470,209748,66.724,-36.6036,0.16
RGI60-05.12471,,66.7943,-36.6683,0.179
RGI60-05.12472,209749,66.8576,-36.5983,0.128
RGI60-05.12474,,66.8736,-36.5541,0.101
RGI60-05.12475,209750,66.631,-37.5674,0.149
RGI60-05.12476,209751,66.6402,-37.5822,0.115
RGI60-05.12477,209752,66.4557,-37.9162,4.135
RGI60-05.12478,209753,66.6842,-37.48,0.25
RGI60-05.12479,209754,66.6913,-37.4646,0.087
RGI60-05.12480,209755,66.6974,-37.5787,0.295
RGI60-05.12481,209756,66.6961,-37.5619,0.712
RGI60-05.12482,209757,66.7034,-37.5674,0.291
RGI60-05.12483,209758,66.6753,-37.1558,0.063
RGI60-05.12484,209759,66.6919,-37.3908,0.716
RGI60-05.12486,,66.7413,-36.9442,0.075
RGI60-05.12487,209760,66.7566,-37.0021,0.088
RGI60-05.12488,209761,66.7782,-36.8733,0.246
RGI60-05.12491,209762,66.7084,-37.5407,0.09
RGI60-05.12492,209763,66.7111,-37.5332,0.094
RGI60-05.12493,209764,66.7744,-37.6891,0.079
RGI60-05.12494,209765,66.8169,-36.158,0.058
RGI60-05.12496,209766,66.472,-35.0895,0.164
RGI60-05.12498,209767,66.464,-34.6087,0.116
RGI60-05.12499,209768,66.4883,-34.6281,0.071
RGI60-05.12500,209769,66.4991,-34.6564,0.058
RGI60-05.12501,209770,66.5102,-34.7655,0.11
RGI60-05.12502,209771,66.4994,-34.6431,1.051
RGI60-05.12503,209772,66.5088,-34.6629,0.745
RGI60-05.12505,209773,66.532,-34.7282,1.959
RGI60-05.12506,209774,68.2511,-32.4307,0.062
RGI60-05.12507,209775,68.2112,-31.8375,0.062
RGI60-05.12508,209776,68.1473,-31.1218,0.088
RGI60-05.12509,209777,68.3292,-33.1971,0.127
RGI60-05.12510,209778,68.341,-33.1405,0.122
RGI60-05.12511,209779,68.1347,-30.9161,0.572
RGI60-05.12512,209780,68.1224,-30.777,0.122
RGI60-05.12513,209781,68.1487,-31.0627,0.131
RGI60-05.12514,209782,68.114,-30.5705,0.34
RGI60-05.12515,209783,68.1258,-30.5216,0.145
RGI60-05.12516,209784,68.1289,-30.4755,0.108
RGI60-05.12517,209785,68.1066,-30.9784,0.222
RGI60-05.12518,,68.129,-30.4953,0.429
RGI60-05.12519,209786,68.2918,-32.3467,1.739
RGI60-05.12520,209787,68.2481,-32.2942,0.573
RGI60-05.12521,209788,68.2555,-32.2635,0.833
RGI60-05.12522,209789,68.127,-31.2701,0.266
RGI60-05.12523,209790,68.1871,-31.5837,0.116
RGI60-05.12524,209791,68.0933,-31.014,4.675
RGI60-05.12525,209792,68.0981,-30.9612,0.485
RGI60-05.12526,209793,68.152,-31.5561,1.012
RGI60-05.12527,209794,68.1022,-30.9757,0.292
RGI60-05.12528,209795,68.119,-31.1444,0.129
RGI60-05.12529,209796,68.1423,-31.4228,1.579
RGI60-05.12530,209797,68.2399,-32.42,0.05
RGI60-05.12531,209798,68.1423,-31.3779,1.168
RGI60-05.12532,209799,68.2408,-32.4267,0.059
RGI60-05.12533,209800,68.1016,-30.8646,0.2
RGI60-05.12534,209801,68.1153,-31.0108,0.275
RGI60-05.12535,209802,68.1127,-30.9842,0.199
RGI60-05.12536,209803,68.1359,-31.2451,1.032
RGI60-05.12537,209804,68.1131,-31.0563,1.754
RGI60-05.12538,209805,68.1184,-31.0957,1.262
RGI60-05.12539,209806,68.1038,-31.0681,0.072
RGI60-05.12540,209807,68.131,-31.2154,1.201
RGI60-05.12541,209808,68.1052,-30.8238,0.759
RGI60-05.12542,209809,68.2479,-32.4184,0.097
RGI60-05.12543,209810,68.1214,-31.1576,8.393
RGI60-05.12544,209811,68.1047,-31.1756,0.95
RGI60-05.12545,209812,68.2501,-32.4519,0.228
RGI60-05.12546,209813,68.1088,-30.8717,0.846
RGI60-05.12547,209814,68.1143,-30.887,0.185
RGI60-05.12548,209815,68.2542,-32.4398,0.063
RGI60-05.12549,209816,68.1104,-30.8099,0.059
RGI60-05.12550,209817,68.2543,-32.4773,0.881
RGI60-05.12551,209818,68.0984,-30.6598,0.109
RGI60-05.12552,209819,68.1013,-30.7397,0.488
RGI60-05.12553,209820,68.0979,-30.7042,1.176
RGI60-05.12554,209821,68.2096,-31.8837,0.128
RGI60-05.12555,209822,68.1435,-31.2995,6.556
RGI60-05.12556,209823,68.1485,-31.3444,1.928
RGI60-05.12557,209824,68.1884,-31.6178,0.089
RGI60-05.12558,209825,68.1213,-30.8908,0.657
RGI60-05.12559,209826,68.147,-31.1441,0.184
RGI60-05.12560,209827,68.1935,-31.6555,0.859
RGI60-05.12561,209828,68.1273,-30.9058,0.533
RGI60-05.12562,209829,68.2153,-31.8512,0.149
RGI60-05.12563,209830,68.1128,-30.7271,1.198
RGI60-05.12564,209831,68.1476,-31.0824,0.099
RGI60-05.12565,209832,68.1829,-31.4771,0.357
RGI60-05.12566,209833,68.093,-30.471,0.104
RGI60-05.12567,209834,68.1603,-31.574,1.035
RGI60-05.12568,209835,68.1719,-31.6234,10.676
RGI60-05.12569,209836,68.0938,-30.52,2.38
RGI60-05.12570,209837,68.2056,-31.6602,0.838
RGI60-05.12571,209838,68.1056,-30.6577,1.299
RGI60-05.12572,209839,68.1307,-30.8202,0.073
RGI60-05.12573,209840,68.193,-31.5007,0.059
RGI60-05.12574,209841,68.1828,-31.4086,0.496
RGI60-05.12575,209842,68.1983,-31.6233,0.761
RGI60-05.12576,209843,68.1548,-31.0811,0.413
RGI60-05.12577,209844,68.1335,-30.8271,0.079
RGI60-05.12578,209845,68.1891,-31.4143,0.056
RGI60-05.12579,209846,68.1598,-31.0881,0.381
RGI60-05.12580,209847,68.2237,-31.8617,1.338
RGI60-05.12581,209848,68.1433,-30.9298,0.866
RGI60-05.12582,209849,68.2327,-31.8677,0.528
RGI60-05.12583,209850,68.1667,-31.0912,0.226
RGI60-05.12584,209851,68.1768,-31.1679,4.357
RGI60-05.12585,209852,68.1562,-31.1216,2.842
RGI60-05.12586,209853,68.1706,-31.232,3.314
RGI60-05.12587,209854,68.1708,-31.114,1.198
RGI60-05.12588,209855,68.1773,-31.2637,2.239
RGI60-05.12589,209856,68.1601,-31.1676,3.323
RGI60-05.12590,209857,68.1573,-30.8519,0.263
RGI60-05.12591,209858,68.196,-31.238,0.269
RGI60-05.12592,,68.1391,-30.5976,0.105
RGI60-05.12593,209859,68.1875,-31.211,2.14
RGI60-05.12594,209860,68.2896,-32.2665,0.079
RGI60-05.12595,209861,68.1981,-31.2571,0.377
RGI60-05.12596,,68.2824,-33.0681,0.076
RGI60-05.12597,,68.3025,-32.911,0.571
RGI60-05.12598,209862,68.3097,-32.6488,0.06
RGI60-05.12599,209863,68.3112,-32.6357,0.092
RGI60-05.12600,209864,68.3165,-32.69,0.059
RGI60-05.12601,209865,68.25,-32.6735,0.057
RGI60-05.12602,209866,68.2812,-32.3854,0.26
RGI60-05.12603,209867,68.2812,-32.3598,0.12
RGI60-05.12604,209868,68.2892,-32.4048,0.54
RGI60-05.12605,,68.2885,-32.3796,0.192
RGI60-05.12606,,68.296,-32.4304,0.056
RGI60-05.12607,209869,68.2865,-31.6678,0.056
RGI60-05.12608,,68.4886,-32.3068,0.065
RGI60-05.12609,209870,68.3583,-30.5513,0.062
RGI60-05.12610,209871,68.3175,-30.6604,0.086
RGI60-05.12611,209872,68.2573,-31.2782,0.059
RGI60-05.12612,209873,68.1661,-30.2996,0.061
RGI60-05.12613,209874,68.2241,-30.1655,0.131
RGI60-05.12614,209875,68.227,-30.1796,0.169
RGI60-05.12615,209876,68.237,-31.0677,0.245
RGI60-05.12616,209877,68.241,-31.0782,0.062
RGI60-05.12617,209878,68.2944,-31.642,0.265
RGI60-05.12618,209879,68.2578,-31.219,0.088
RGI60-05.12619,209880,68.322,-31.9468,0.078
RGI60-05.12620,209881,68.3699,-33.124,0.13
RGI60-05.12621,209882,68.3736,-33.0891,0.081
RGI60-05.12622,209883,68.4032,-33.2913,0.104
RGI60-05.12623,209884,68.3728,-32.8829,0.057
RGI60-05.12624,209885,68.4086,-33.0939,0.059
RGI60-05.12625,209886,68.424545288,-33.300949097,0.123
RGI60-05.12626,209887,68.3945,-32.863,0.973
RGI60-05.12627,209888,68.4607,-33.599,0.69
RGI60-05.12628,209889,68.4037,-32.7872,0.079
RGI60-05.12629,209890,68.4314,-33.0237,0.198
RGI60-05.12631,,68.4022,-32.0454,0.254
RGI60-05.12632,209891,68.4266,-31.839,0.169
RGI60-05.12633,209892,68.4389,-31.7473,0.219
RGI60-05.12634,,68.4024,-32.0028,0.316
RGI60-05.12635,209893,68.3214,-31.0089,0.525
RGI60-05.12636,209894,68.1944,-30.661,0.059
RGI60-05.12637,209895,68.4084,-32.1263,0.309
RGI60-05.12638,209896,68.2274,-30.1391,0.335
RGI60-05.12639,209897,68.3245,-31.072,0.095
RGI60-05.12640,209898,68.3474,-31.0624,0.051
RGI60-05.12641,209899,68.3465,-30.7069,0.116
RGI60-05.12642,,68.3534,-30.6727,0.132
RGI60-05.12643,209900,68.2314,-29.4327,0.157
RGI60-05.12644,209901,68.2583,-29.5512,0.204
RGI60-05.12645,209902,68.4977,-32.1067,0.242
RGI60-05.12646,209903,68.5102,-32.1447,0.587
RGI60-05.12647,209904,68.5369,-32.1102,0.229
RGI60-05.12648,209905,68.4941,-32.0294,0.127
RGI60-05.12649,209906,68.4773,-31.5783,0.412
RGI60-05.12651,,68.5227,-31.964,0.054
RGI60-05.12652,209907,68.5271,-31.9337,0.051
RGI60-05.12653,209908,68.5589,-32.0256,0.117
RGI60-05.12654,,68.5437,-32.3523,0.121
RGI60-05.12655,209909,68.3313,-29.7531,0.123
RGI60-05.12656,209910,68.3294,-29.7281,0.09
RGI60-05.12657,209911,68.3131,-29.5768,0.297
RGI60-05.12658,209912,68.5685,-32.3179,0.065
RGI60-05.12659,209913,68.5652,-32.1874,1.853
RGI60-05.12660,,68.5855,-32.204,0.059
RGI60-05.12661,209914,68.3881,-30.2963,0.055
RGI60-05.12662,209915,68.3931,-30.3325,0.095
RGI60-05.12663,209916,68.2512,-29.5467,0.481
RGI60-05.12664,209917,68.4767,-32.3398,0.43
RGI60-05.12665,209918,68.4304,-30.4866,0.283
RGI60-05.12666,209919,68.2315,-30.7163,0.132
RGI60-05.12667,209920,68.2496,-30.7799,0.151
RGI60-05.12668,209921,68.2506,-30.8059,0.185
RGI60-05.12669,209922,68.2734,-31.0314,0.073
RGI60-05.12670,209923,68.271,-30.8725,0.165
RGI60-05.12671,209924,68.1809,-29.928,0.173
RGI60-05.12672,209925,68.427,-32.6343,0.055
RGI60-05.12673,209926,68.1997,-30.1115,0.207
RGI60-05.12674,209927,68.2034,-30.1161,0.072
RGI60-05.12675,209928,68.1776,-30.9649,0.542
RGI60-05.12676,209929,68.1248,-30.3498,0.096
RGI60-05.12677,209930,68.2987,-32.2901,0.327
RGI60-05.12684,209931,68.1608,-30.5938,0.058
RGI60-05.12687,209932,68.1888,-31.2797,2.289
RGI60-05.12688,209933,68.2076,-31.3063,3.637
RGI60-05.12689,209934,68.1258,-30.3013,0.142
RGI60-05.12690,209935,68.1401,-30.2893,0.649
RGI60-05.12691,209936,68.2175,-31.08,0.207
RGI60-05.12692,209937,68.2186,-31.6369,6.305
RGI60-05.12693,209938,68.1665,-30.5136,0.273
RGI60-05.12694,209939,68.1326,-30.1577,0.432
RGI60-05.12695,209940,68.227,-31.4904,6.123
RGI60-05.12696,209941,68.1943,-31.4346,3.761
RGI60-05.12697,209942,68.221,-31.0579,0.112
RGI60-05.12698,209943,68.1464,-30.2885,0.398
RGI60-05.12699,209944,68.2176,-31.5523,6.153
RGI60-05.12700,209945,68.1931,-31.4578,0.388
RGI60-05.12701,209946,68.2061,-31.5206,0.544
RGI60-05.12702,,68.1383,-30.1803,0.056
RGI60-05.12703,209947,68.2294,-31.1399,0.082
RGI60-05.12704,209948,68.3063,-32.0084,0.333
RGI60-05.12705,209949,68.2019,-31.4866,3.492
RGI60-05.12706,209950,68.2017,-31.5742,1.782
RGI60-05.12707,209951,68.207,-31.6476,0.077
RGI60-05.12708,209952,68.1983,-31.5935,0.145
RGI60-05.12709,209953,68.3159,-32.3808,0.088
RGI60-05.12710,209954,68.1425,-30.5105,2.411
RGI60-05.12711,209955,68.1339,-30.2858,0.095
RGI60-05.12712,209956,68.1404,-30.3777,0.644
RGI60-05.12713,209957,68.239,-31.3577,0.124
RGI60-05.12714,209958,68.2363,-31.3442,0.172
RGI60-05.12715,209959,68.2977,-31.9995,0.062
RGI60-05.12716,209960,68.293,-31.9656,0.696
RGI60-05.12717,209961,68.1583,-30.3955,1.06
RGI60-05.12718,209962,68.2263,-31.0849,0.118
RGI60-05.12719,209963,68.309,-31.9961,0.099
RGI60-05.12720,209964,68.1649,-30.4085,0.086
RGI60-05.12721,209965,68.3397,-32.3519,0.376
RGI60-05.12722,209966,68.3439,-32.3788,0.077
RGI60-05.12723,,68.2787,-31.6113,0.105
RGI60-05.12724,209967,68.2312,-31.0614,0.079
RGI60-05.12725,209968,68.1683,-30.3855,0.06
RGI60-05.12726,209969,68.2989,-31.8065,0.068
RGI60-05.12727,209970,68.3223,-31.7703,0.306
RGI60-05.12728,209971,68.3269,-31.7493,0.332
RGI60-05.12729,209972,68.3297,-31.7267,0.09
RGI60-05.12730,209973,68.341,-32.3217,0.215
RGI60-05.12731,,68.3764,-32.7271,0.061
RGI60-05.12732,209974,68.3748,-32.681,0.061
RGI60-05.12736,209975,68.2515,-31.266,0.235
RGI60-05.12737,209976,68.232,-31.0401,0.123
RGI60-05.12738,209977,68.1466,-30.3409,5.566
RGI60-05.12739,209978,68.172,-30.4021,0.491
RGI60-05.12740,209979,68.2389,-31.0408,0.951
RGI60-05.12741,209980,68.1518,-30.096,0.144
RGI60-05.12742,209981,68.3521,-32.3527,0.764
RGI60-05.12743,209982,68.2543,-31.1549,0.059
RGI60-05.12744,,68.3299,-32.0079,0.051
RGI60-05.12746,,68.2945,-31.6212,0.135
RGI60-05.12747,,68.2977,-31.6217,0.068
RGI60-05.12748,209983,68.1508,-30.0434,0.096
RGI60-05.12749,209984,68.3307,-32.0379,1.222
RGI60-05.12750,209985,68.377,-32.5153,0.106
RGI60-05.12751,209986,68.2583,-31.1523,0.079
RGI60-05.12752,209987,68.3966,-32.7638,0.434
RGI60-05.12753,209988,68.2081,-30.5825,0.074
RGI60-05.12754,209989,68.3112,-31.8118,2.022
RGI60-05.12755,209990,68.3352,-31.8532,0.136
RGI60-05.12757,209991,68.3986,-32.7334,0.077
RGI60-05.12758,209992,68.3156,-32.0035,0.663
RGI60-05.12759,209993,68.3227,-32.0211,1.578
RGI60-05.12760,209994,68.3285,-31.9647,2.062
RGI60-05.12761,209995,68.3376,-31.9692,0.225
RGI60-05.12762,209996,68.3354,-31.8832,0.228
RGI60-05.12763,,68.3395,-31.8795,0.12
RGI60-05.12764,209997,68.3467,-31.956,0.086
RGI60-05.12765,209998,68.3533,-31.9543,0.246
RGI60-05.12766,209999,68.3604,-31.9301,0.094
RGI60-05.12767,210000,68.3667,-31.9128,0.278
RGI60-05.12768,,68.3745,-31.9251,0.167
RGI60-05.12770,210001,68.3113,-31.9721,2.272
RGI60-05.12771,210002,68.1601,-30.1027,1.716
RGI60-05.12772,210003,68.1561,-30.0606,1.217
RGI60-05.12773,210004,68.4019,-32.7435,0.122
RGI60-05.12774,210005,68.2924,-31.5976,3.792
RGI60-05.12776,,68.303,-31.6046,0.143
RGI60-05.12778,210006,68.3377,-31.4686,0.162
RGI60-05.12779,210007,68.3463,-31.4748,0.134
RGI60-05.12780,210008,68.3493,-31.49,0.118
RGI60-05.12781,210009,68.3645,-31.6603,0.076
RGI60-05.12782,210010,68.3634,-31.4604,0.127
RGI60-05.12783,210011,68.3887,-31.5273,1.14
RGI60-05.12784,210012,68.4099,-31.5569,0.451
RGI60-05.12786,210013,68.4916,-31.5141,0.121
RGI60-05.12787,210014,68.4904,-31.4995,0.345
RGI60-05.12788,210015,68.3445,-32.0624,1.162
RGI60-05.12789,210016,68.3911,-32.5556,0.717
RGI60-05.12790,210017,68.2466,-30.8483,0.051
RGI60-05.12791,210018,68.4068,-32.679,0.068
RGI60-05.12792,210019,68.1711,-30.066,0.45
RGI60-05.12793,210020,68.2039,-30.3763,0.421
RGI60-05.12794,210021,68.2524,-30.8655,1.139
RGI60-05.12795,210022,68.2517,-30.8348,0.998
RGI60-05.12796,,68.4161,-32.6661,0.078
RGI60-05.12797,,68.4295,-32.698,0.067
RGI60-05.12798,210023,68.4148,-32.6377,0.213
RGI60-05.12799,210024,68.2071,-30.3016,0.099
RGI60-05.12800,210025,68.2605,-30.8709,0.288
RGI60-05.12801,210026,68.2119,-30.3639,2.804
RGI60-05.12802,210027,68.4199,-32.6359,0.721
RGI60-05.12803,210028,68.2619,-30.821,0.49
RGI60-05.12804,210029,68.2244,-30.2741,0.095
RGI60-05.12805,210030,68.171,-30.2786,20.848
RGI60-05.12806,210031,68.2042,-30.0,1.285
RGI60-05.12807,210032,68.1709,-30.1994,12.013
RGI60-05.12808,210033,68.1865,-29.8998,0.756
RGI60-05.12809,210034,68.1862,-30.1509,12.022
RGI60-05.12810,210035,68.2029,-30.1665,0.08
RGI60-05.12811,210036,68.2169,-30.3069,11.884
RGI60-05.12812,210037,68.2279,-30.288,0.464
RGI60-05.12813,210038,68.2333,-30.3034,0.266
RGI60-05.12814,210039,68.2077,-30.0151,0.126
RGI60-05.12815,210040,68.1894,-30.3692,7.316
RGI60-05.12816,210041,68.1904,-29.9127,0.332
RGI60-05.12817,210042,68.2388,-30.3249,0.542
RGI60-05.12818,210043,68.1941,-29.8212,1.159
RGI60-05.12819,210044,68.1951,-29.7891,0.333
RGI60-05.12820,210045,68.2432,-30.2764,0.061
RGI60-05.12821,210046,68.2694,-30.5038,0.813
RGI60-05.12822,210047,68.3186,-31.0395,1.739
RGI60-05.12823,210048,68.2712,-30.4777,0.415
RGI60-05.12824,210049,68.2234,-30.2064,14.24
RGI60-05.12825,210050,68.2664,-30.4735,0.066
RGI60-05.12826,210051,68.2328,-30.155,1.265
RGI60-05.12827,210052,68.459,-32.6324,0.114
RGI60-05.12828,210053,68.2234,-30.005,3.265
RGI60-05.12829,210054,68.4201,-32.1564,2.072
RGI60-05.12830,210055,68.3209,-30.9837,0.321
RGI60-05.12831,210056,68.3222,-30.9589,2.184
RGI60-05.12832,210057,68.2416,-30.1729,2.78
RGI60-05.12833,210058,68.2099,-29.7905,2.134
RGI60-05.12834,210059,68.2498,-30.1827,0.535
RGI60-05.12835,210060,68.2603,-30.2279,0.078
RGI60-05.12836,210061,68.3454,-31.1429,0.089
RGI60-05.12837,210062,68.5087,-31.4722,0.095
RGI60-05.12838,210063,68.3448,-31.1301,0.463
RGI60-05.12839,210064,68.218,-29.7861,0.933
RGI60-05.12840,210065,68.2364,-30.0018,3.431
RGI60-05.12841,210066,68.4412,-32.1764,0.151
RGI60-05.12842,210067,68.4324,-32.1632,1.131
RGI60-05.12843,210068,68.2526,-30.221,4.087
RGI60-05.12844,210069,68.3025,-30.6439,0.749
RGI60-05.12845,210070,68.4386,-32.0966,0.379
RGI60-05.12846,210071,68.2689,-31.2939,23.504
RGI60-05.12847,210072,68.192,-30.5209,0.077
RGI60-05.12848,210073,68.1842,-30.5428,3.331
RGI60-05.12849,210074,68.1716,-30.5315,1.342
RGI60-05.12850,210075,68.1577,-30.5293,0.903
RGI60-05.12851,210076,68.1951,-30.9015,22.217
RGI60-05.12852,210077,68.2814,-31.041,91.151
RGI60-05.12853,210078,68.2055,-30.7044,18.395
RGI60-05.12854,210079,68.196,-30.5729,6.264
RGI60-05.12855,210080,68.1867,-30.5769,0.108
RGI60-05.12856,210081,68.1529,-30.6488,24.472
RGI60-05.12857,210082,68.1628,-30.7435,49.962
RGI60-05.12858,210083,68.2466,-31.305,2.11
RGI60-05.12859,210084,68.2565,-29.9498,0.642
RGI60-05.12860,210085,68.222,-30.7988,19.461
RGI60-05.12861,210086,68.2045,-30.6238,6.484
RGI60-05.12862,210087,68.1479,-30.5649,16.646
RGI60-05.12863,210088,68.1621,-30.9451,2.977
RGI60-05.12864,210089,68.2472,-29.9726,1.53
RGI60-05.12865,210090,68.2656,-31.1731,4.306
RGI60-05.12866,210091,68.2843,-31.3523,3.344
RGI60-05.12867,210092,68.2926,-31.3573,0.085
RGI60-05.12868,210093,68.3165,-30.6794,0.074
RGI60-05.12869,210094,68.248,-29.9994,0.863
RGI60-05.12870,210095,68.2475,-31.1236,12.76
RGI60-05.12871,210096,68.2364,-29.8357,0.058
RGI60-05.12872,210097,68.3194,-30.6474,0.932
RGI60-05.12873,210098,68.4681,-32.3299,0.666
RGI60-05.12874,210099,68.4654,-32.3103,0.508
RGI60-05.12875,210100,68.2387,-29.9207,4.954
RGI60-05.12876,210101,68.2054,-29.9479,8.3
RGI60-05.12877,210102,68.4864,-32.3306,0.388
RGI60-05.12878,210103,68.2295,-29.8633,7.196
RGI60-05.12879,210104,68.2337,-29.8027,2.584
RGI60-05.12880,210105,68.2149,-29.8255,0.055
RGI60-05.12881,210106,68.208,-29.8664,6.417
RGI60-05.12882,210107,68.2432,-29.823,0.842
RGI60-05.12883,210108,68.2514,-29.9292,1.111
RGI60-05.12884,210109,68.4817,-32.3002,0.885
RGI60-05.12885,210110,68.284,-30.074,1.036
RGI60-05.12886,210111,68.2851,-30.033,0.356
RGI60-05.12887,210112,68.3161,-30.3429,0.16
RGI60-05.12888,210113,68.3448,-30.6309,0.404
RGI60-05.12889,210114,68.3509,-30.6448,0.065
RGI60-05.12890,,68.497,-32.2895,0.065
RGI60-05.12891,210115,68.4964,-32.3196,0.96
RGI60-05.12892,210116,68.242,-29.5179,0.232
RGI60-05.12893,210117,68.2384,-29.4568,0.144
RGI60-05.12894,210118,68.2462,-29.5285,0.291
RGI60-05.12895,210119,68.3414,-30.4678,0.133
RGI60-05.12896,210120,68.2401,-29.4745,0.49
RGI60-05.12897,210121,68.3013,-30.1078,3.566
RGI60-05.12898,210122,68.3242,-30.34,0.831
RGI60-05.12899,,68.5039,-32.2808,0.177
RGI60-05.12900,210123,68.5319,-32.241,0.089
RGI60-05.12901,210124,67.8995,-32.2601,15.207
RGI60-05.12902,210125,68.2085,-32.5255,4.146
RGI60-05.12905,210126,68.3144,-32.436,0.182
RGI60-05.12906,210127,68.3084,-32.3779,10.07
RGI60-05.12907,210128,68.4639,-32.7285,36.738
RGI60-05.12908,210129,68.4329,-32.859,0.05
RGI60-05.12909,210130,68.4787,-33.3718,0.173
RGI60-05.12910,210131,68.4668,-33.1392,0.075
RGI60-05.12911,210132,68.4653,-33.0131,0.222
RGI60-05.12913,210133,68.4761,-33.0144,0.512
RGI60-05.12914,210134,68.4684,-32.872,0.059
RGI60-05.12915,210135,68.481,-33.0,0.055
RGI60-05.12916,210136,68.4906,-33.0048,0.059
RGI60-05.12917,210137,68.4965,-33.0783,0.165
RGI60-05.12918,210138,68.5206,-33.3671,0.627
RGI60-05.12919,210139,68.5469,-33.1894,0.395
RGI60-05.12920,210140,68.5465,-33.1393,0.153
RGI60-05.12921,210141,68.5499,-33.1647,0.129
RGI60-05.12922,210142,68.5543,-33.1568,0.21
RGI60-05.12923,,68.4266,-32.7155,0.18
RGI60-05.12924,210143,68.4303,-32.7747,0.13
RGI60-05.12926,210144,68.5093,-32.3287,0.351
RGI60-05.12927,210145,68.2428,-29.4423,0.391
RGI60-05.12930,210146,67.7521,-33.2589,1.103
RGI60-05.12931,210147,68.3332,-32.6162,0.055
RGI60-05.12932,210148,68.3354,-32.594,0.277
RGI60-05.12933,210149,68.3643,-32.6119,0.345
RGI60-05.12935,210150,68.3792,-32.5464,0.126
RGI60-05.12936,210151,68.3487,-30.4804,0.071
RGI60-05.12937,,68.3265,-32.4207,0.205
RGI60-05.12938,210152,68.3291,-32.3765,1.769
RGI60-05.12939,210153,67.872,-32.2212,10.289
RGI60-05.12940,210154,68.3468,-30.5152,0.141
RGI60-05.12941,210155,68.3513,-30.4967,0.276
RGI60-05.12945,210156,67.7287,-32.8445,1.569
RGI60-05.12946,210157,67.7003,-33.0006,1.649
RGI60-05.12947,210158,67.7014,-32.9742,0.579
RGI60-05.12948,210159,67.7522,-33.2785,0.404
RGI60-05.12949,210160,68.3463,-30.5008,0.077
RGI60-05.12950,210161,68.3481,-30.507,0.071
RGI60-05.12951,210162,68.2437,-29.4966,0.611
RGI60-05.12952,210163,68.451,-32.1502,2.503
RGI60-05.12953,210164,68.4749,-32.0771,24.145
RGI60-05.12954,210165,68.3757,-32.0616,0.159
RGI60-05.12955,210166,68.3822,-32.0587,0.417
RGI60-05.12956,210167,68.3868,-32.03,0.655
RGI60-05.12957,210168,68.3957,-32.0657,19.932
RGI60-05.12958,210169,68.463,-32.1522,0.765
RGI60-05.12959,210170,68.5313,-32.3515,0.389
RGI60-05.12960,210171,68.5283,-32.3457,0.836
RGI60-05.12961,210172,68.5375,-32.2965,0.113
RGI60-05.12962,,68.5475,-32.3586,0.114
RGI60-05.12963,210173,68.4043,-30.7429,0.313
RGI60-05.12964,210174,68.3941,-30.7461,3.295
RGI60-05.12965,210175,68.2714,-29.3975,0.951
RGI60-05.12966,210176,68.2839,-29.4689,0.209
RGI60-05.12967,210177,68.2928,-29.6137,2.084
RGI60-05.12968,210178,68.5508,-32.3519,0.057
RGI60-05.12969,210179,68.2777,-29.3712,0.18
RGI60-05.12970,210180,68.2916,-29.4999,0.103
RGI60-05.12971,210181,68.2976,-29.562,0.226
RGI60-05.12972,210182,68.2863,-29.4483,0.131
RGI60-05.12973,210183,68.2902,-29.4864,0.204
RGI60-05.12974,210184,68.2886,-29.4649,0.355
RGI60-05.12975,210185,68.316,-29.7133,0.16
RGI60-05.12976,210186,68.3252,-29.7656,0.113
RGI60-05.12977,210187,68.3045,-29.5914,0.957
RGI60-05.12978,210188,68.2931,-29.4483,0.217
RGI60-05.12979,210189,68.384,-30.348,0.256
RGI60-05.12980,210190,68.6026,-32.6377,0.795
RGI60-05.12981,210191,68.555,-33.0885,0.214
RGI60-05.12982,210192,68.5589,-33.1118,0.447
RGI60-05.12983,210193,68.5666,-33.1176,0.116
RGI60-05.12984,210194,68.5697,-33.1132,0.312
RGI60-05.12985,210195,68.598,-32.6618,1.222
RGI60-05.12986,210196,68.2862,-29.1987,0.176
RGI60-05.12987,210197,68.2949,-29.4217,6.947
RGI60-05.12988,210198,68.3349,-29.6742,1.062
RGI60-05.12989,210199,68.6076,-32.651,0.066
RGI60-05.12990,210200,68.3274,-29.5438,0.096
RGI60-05.12991,210201,68.4102,-30.3649,0.679
RGI60-05.12992,210202,68.4184,-30.356,0.087
RGI60-05.12993,210203,68.3058,-29.3759,2.801
RGI60-05.12994,210204,68.341,-29.7342,4.759
RGI60-05.12995,210205,68.3333,-29.5518,0.244
RGI60-05.12996,210206,68.5946,-32.3834,0.165
RGI60-05.12997,210207,68.3175,-29.385,0.238
RGI60-05.12998,210208,68.4277,-30.4983,0.408
RGI60-05.12999,210209,68.3542,-29.7536,1.457
RGI60-05.13000,210210,68.4466,-30.6229,0.207
RGI60-05.13001,210211,68.4526,-30.7346,0.214
RGI60-05.13002,210212,68.4468,-30.727,0.297
RGI60-05.13003,210213,68.3426,-30.7278,0.959
RGI60-05.13004,210214,68.4766,-31.0542,0.102
RGI60-05.13005,210215,68.5427,-32.2374,1.279
RGI60-05.13006,210216,68.3819,-29.0163,0.108
RGI60-05.13007,210217,68.367,-29.3036,0.186
RGI60-05.13008,210218,68.4727,-30.3452,0.082
RGI60-05.13009,210219,68.4935,-30.5564,0.068
RGI60-05.13010,210220,68.3218,-29.2543,0.263
RGI60-05.13011,210221,68.4378,-30.3826,0.246
RGI60-05.13012,210222,68.4558,-30.4253,0.072
RGI60-05.13013,210223,68.3461,-29.317,0.111
RGI60-05.13014,210224,68.3779,-29.6154,0.122
RGI60-05.13015,,68.5624,-31.9255,0.073
RGI60-05.13016,,68.5755,-31.9285,0.06
RGI60-05.13017,210225,68.5782,-31.9385,0.112
RGI60-05.13018,210226,68.6027,-31.9254,0.105
RGI60-05.13019,210227,68.5918,-32.155,0.074
RGI60-05.13020,210228,68.3683,-28.8835,0.218
RGI60-05.13021,210229,68.4381,-29.5123,0.102
RGI60-05.13022,210230,68.45,-29.4728,0.258
RGI60-05.13023,210231,68.4547,-29.4654,0.189
RGI60-05.13024,210232,68.5419,-30.5615,0.259
RGI60-05.13025,210233,68.3945,-29.0751,0.124
RGI60-05.13026,210234,68.3751,-28.8768,0.209
RGI60-05.13027,210235,68.4755,-29.8472,0.093
RGI60-05.13028,210236,68.4634,-29.7333,0.224
RGI60-05.13029,210237,68.5811,-29.8111,0.188
RGI60-05.13030,210238,68.4882,-28.392,0.703
RGI60-05.13031,210239,68.4877,-28.3603,0.308
RGI60-05.13032,210240,68.4342,-30.4029,0.086
RGI60-05.13033,210241,68.3796,-29.6056,0.096
RGI60-05.13034,210242,68.4898,-29.5996,0.121
RGI60-05.13035,210243,68.5123,-29.6114,0.324
RGI60-05.13036,210244,68.6007,-32.4016,0.508
RGI60-05.13037,210245,68.4224,-30.3656,0.164
RGI60-05.13038,210246,68.4272,-30.3788,0.068
RGI60-05.13039,210247,68.6089,-32.4186,0.066
RGI60-05.13040,210248,68.366,-29.7675,0.585
RGI60-05.13041,210249,68.3036,-29.1477,1.159
RGI60-05.13042,210250,68.447,-30.5118,0.104
RGI60-05.13043,210251,68.3055,-29.5145,21.087
RGI60-05.13044,210252,68.3664,-29.6805,0.068
RGI60-05.13045,210253,68.2633,-29.5208,6.248
RGI60-05.13046,210254,68.272,-29.6065,2.736
RGI60-05.13047,210255,68.6075,-32.3918,0.067
RGI60-05.13048,210256,68.6119,-32.433,0.089
RGI60-05.13049,210257,68.3113,-29.1907,0.116
RGI60-05.13050,210258,68.4382,-30.5164,2.446
RGI60-05.13051,210259,68.4156,-30.4913,1.07
RGI60-05.13052,210260,68.42,-30.5304,2.654
RGI60-05.13053,210261,68.4538,-30.5609,0.076
RGI60-05.13054,210262,68.3649,-29.6519,0.128
RGI60-05.13055,210263,68.3787,-29.7617,0.618
RGI60-05.13056,210264,68.354,-29.5097,0.142
RGI60-05.13057,210265,68.3427,-29.3764,0.054
RGI60-05.13058,210266,68.6111,-32.3428,1.228
RGI60-05.13059,210267,68.4416,-30.3649,0.354
RGI60-05.13060,210268,68.3281,-29.2441,0.575
RGI60-05.13061,210269,68.3734,-29.6419,0.066
RGI60-05.13062,210270,68.3664,-29.6176,0.776
RGI60-05.13063,210271,68.4535,-30.4333,0.075
RGI60-05.13064,210272,68.375,-29.612,0.086
RGI60-05.13065,210273,68.3397,-29.2396,0.919
RGI60-05.13066,210274,68.4885,-30.7018,0.094
RGI60-05.13067,210275,68.454,-30.3664,0.282
RGI60-05.13068,210276,68.3741,-29.5896,0.638
RGI60-05.13069,210277,68.3247,-29.1979,5.395
RGI60-05.13070,210278,68.4941,-30.7053,1.218
RGI60-05.13071,210279,68.2846,-30.4714,190.983
RGI60-05.13072,210280,68.446,-30.4115,4.418
RGI60-05.13073,210281,68.4719,-30.4543,0.072
RGI60-05.13074,210282,68.4936,-30.7376,0.706
RGI60-05.13075,210283,68.466,-30.432,2.321
RGI60-05.13076,210284,68.3453,-30.2629,6.567
RGI60-05.13077,210285,68.2963,-30.5982,5.147
RGI60-05.13078,210286,68.4707,-30.3812,0.679
RGI60-05.13079,210287,68.4789,-30.6545,12.258
RGI60-05.13080,210288,68.3333,-30.1728,0.941
RGI60-05.13081,210289,68.4565,-30.6007,6.521
RGI60-05.13082,210290,68.4598,-30.6561,0.165
RGI60-05.13083,210291,68.3824,-30.7211,7.216
RGI60-05.13084,210292,68.5043,-30.7144,0.107
RGI60-05.13085,210293,68.3548,-29.1956,0.082
RGI60-05.13086,210294,68.3317,-30.6825,7.518
RGI60-05.13087,210295,68.3468,-30.1828,1.222
RGI60-05.13088,210296,68.3401,-30.2062,1.608
RGI60-05.13090,210297,68.2824,-30.5544,3.072
RGI60-05.13091,210298,68.272148132,-30.524765015,0.781
RGI60-05.13092,210299,68.3134,-30.6203,1.023
RGI60-05.13093,210300,68.3322,-30.2959,0.583
RGI60-05.13094,210301,68.4787,-30.4429,0.282
RGI60-05.13095,210302,68.5038,-30.6904,0.077
RGI60-05.13096,210303,68.4493,-30.5443,3.202
RGI60-05.13097,210304,68.4821,-30.4908,0.05
RGI60-05.13098,210305,68.3316,-29.1468,3.991
RGI60-05.13099,210306,68.3532,-29.2944,11.477
RGI60-05.13100,210307,68.4784,-30.3879,0.14
RGI60-05.13101,210308,68.5202,-30.5569,0.586
RGI60-05.13102,210309,68.5033,-30.4876,0.085
RGI60-05.13103,210310,68.5019,-30.7433,1.579
RGI60-05.13104,210311,68.4115,-29.6995,0.225
RGI60-05.13105,210312,68.5103,-30.7064,0.125
RGI60-05.13106,210313,68.3515,-29.1671,1.891
RGI60-05.13107,210314,68.3729,-29.3237,0.692
RGI60-05.13108,210315,68.4971,-30.5406,0.06
RGI60-05.13109,210316,68.3987,-29.5242,0.076
RGI60-05.13110,210317,68.3944,-29.2712,0.129
RGI60-05.13111,210318,68.3989,-29.2964,0.154
RGI60-05.13112,210319,68.4834,-30.4723,1.378
RGI60-05.13113,210320,68.3698,-29.2307,0.082
RGI60-05.13114,210321,68.5007,-30.5743,0.332
RGI60-05.13115,210322,68.3645,-29.1874,0.598
RGI60-05.13116,210323,68.5229,-30.7688,0.11
RGI60-05.13117,210324,68.3702,-29.2011,0.155
RGI60-05.13118,210325,68.5187,-30.7541,1.862
RGI60-05.13119,210326,68.3725,-29.2116,0.153
RGI60-05.13120,210327,68.3519,-28.8933,0.6
RGI60-05.13121,210328,68.4153,-29.6701,1.482
RGI60-05.13122,210329,68.5021,-30.4482,0.095
RGI60-05.13123,210330,68.5312,-30.7698,0.36
RGI60-05.13124,210331,68.5047,-30.4398,0.059
RGI60-05.13125,210332,68.5184,-30.5775,0.066
RGI60-05.13126,210333,68.5324,-30.7519,0.332
RGI60-05.13127,210334,68.3915,-29.6658,19.704
RGI60-05.13128,210335,68.3621,-28.8927,0.116
RGI60-05.13129,210336,68.3584,-29.4158,23.495
RGI60-05.13130,210337,68.373,-29.5397,56.643
RGI60-05.13131,210338,68.3686,-28.9252,0.056
RGI60-05.13132,210339,68.3657,-28.9094,0.491
RGI60-05.13133,210340,68.3822,-29.2749,7.713
RGI60-05.13134,210341,68.5023,-30.5188,6.488
RGI60-05.13135,210342,68.5248,-30.6124,4.602
RGI60-05.13136,210343,68.464,-29.8514,0.14
RGI60-05.13137,210344,68.5443,-30.7685,1.747
RGI60-05.13138,210345,68.5296,-30.5611,1.872
RGI60-05.13139,210346,68.5405,-30.652,0.431
RGI60-05.13140,210347,68.5594,-30.7637,1.152
RGI60-05.13141,210348,68.4669,-29.821,1.798
RGI60-05.13142,210349,68.5457,-30.5299,0.075
RGI60-05.13143,210350,68.4679,-29.7245,0.215
RGI60-05.13144,210351,68.3992,-29.066,0.43
RGI60-05.13145,210352,68.5704,-30.7502,0.058
RGI60-05.13146,210353,68.3969,-28.9824,0.052
RGI60-05.13147,210354,68.5505,-30.5958,5.022
RGI60-05.13148,210355,68.4015,-29.0052,0.142
RGI60-05.13149,210356,68.3937,-28.9265,0.179
RGI60-05.13150,210357,68.4786,-29.7111,0.071
RGI60-05.13151,210358,68.3946,-28.8927,0.062
RGI60-05.13152,210359,68.4167,-28.8641,0.134
RGI60-05.13153,210360,68.4246,-28.8654,0.094
RGI60-05.13154,210361,68.3918,-28.9037,0.062
RGI60-05.13155,210362,68.3875,-28.8875,1.343
RGI60-05.13156,210363,68.3815,-28.9139,2.23
RGI60-05.13157,210364,68.4059,-28.9354,0.075
RGI60-05.13158,210365,68.4103,-28.9887,0.506
RGI60-05.13159,210366,68.4994,-29.8252,0.073
RGI60-05.13160,210367,68.5798,-30.658,0.389
RGI60-05.13161,210368,68.5856,-30.6622,0.059
RGI60-05.13162,210369,68.3919,-28.6653,1.337
RGI60-05.13163,210370,68.4294,-28.9613,0.195
RGI60-05.13164,210371,68.423,-28.908,0.066
RGI60-05.13165,210372,68.4293,-28.9508,0.067
RGI60-05.13166,210373,68.4011,-29.0238,6.435
RGI60-05.13167,210374,68.4243,-29.0304,0.231
RGI60-05.13168,210375,68.4454,-29.2107,0.069
RGI60-05.13169,210376,68.4866,-29.3217,0.469
RGI60-05.13170,210377,68.4924,-29.3026,0.133
RGI60-05.13171,210378,68.5016,-29.2894,0.518
RGI60-05.13172,210379,68.4372,-29.1185,0.325
RGI60-05.13173,210380,68.4419,-29.1825,0.515
RGI60-05.13174,210381,68.4476,-29.1799,0.059
RGI60-05.13175,210382,68.4647,-29.1235,0.158
RGI60-05.13176,210383,68.4483,-29.195,0.276
RGI60-05.13177,210384,68.4951,-29.2121,0.135
RGI60-05.13178,210385,68.5031,-29.213,0.07
RGI60-05.13179,210386,68.5075,-29.2532,0.083
RGI60-05.13180,210387,68.5054,-29.1787,0.08
RGI60-05.13181,210388,68.5043,-29.1645,0.115
RGI60-05.13182,210389,68.4363,-29.1479,2.484
RGI60-05.13183,210390,68.5038,-29.6418,0.178
RGI60-05.13184,210391,68.5142,-29.8562,0.058
RGI60-05.13185,210392,68.522,-29.8687,0.669
RGI60-05.13186,210393,68.5027,-29.614,0.077
RGI60-05.13187,210394,68.4453,-29.0604,0.131
RGI60-05.13188,210395,68.4714,-29.1107,0.668
RGI60-05.13189,210396,68.4057,-28.6835,0.254
RGI60-05.13190,210397,68.5094,-29.6438,0.532
RGI60-05.13191,210398,68.5284,-29.8037,0.09
RGI60-05.13192,210399,68.4157,-28.7173,0.179
RGI60-05.13193,210400,68.4578,-28.7592,0.65
RGI60-05.13194,210401,68.5132,-28.7818,0.081
RGI60-05.13195,210402,68.414,-28.6955,1.375
RGI60-05.13196,210403,68.4756,-29.4538,0.447
RGI60-05.13197,210404,68.5038,-29.4972,0.296
RGI60-05.13198,210405,68.5327,-29.7586,0.167
RGI60-05.13199,210406,68.6096,-30.7231,0.05
RGI60-05.13200,210407,68.594,-30.6883,3.459
RGI60-05.13202,210408,68.5522,-31.1444,0.094
RGI60-05.13203,210409,68.6411,-30.9776,0.062
RGI60-05.13204,210410,68.6441,-30.9615,0.161
RGI60-05.13205,210411,68.5999,-30.763,13.359
RGI60-05.13206,210412,68.5392,-30.7085,10.266
RGI60-05.13207,210413,68.5724,-30.7732,0.539
RGI60-05.13208,210414,68.6269,-30.7538,0.053
RGI60-05.13209,210415,68.6343,-30.8364,0.149
RGI60-05.13210,210416,68.6461,-30.8352,0.134
RGI60-05.13211,210417,68.6472,-30.7696,0.074
RGI60-05.13212,210418,68.6586,-30.7389,0.052
RGI60-05.13213,210419,68.5664,-30.6844,8.593
RGI60-05.13214,210420,68.5323,-29.7208,0.116
RGI60-05.13215,210421,68.4316,-29.0693,14.447
RGI60-05.13216,210422,68.4862,-29.0322,0.105
RGI60-05.13217,210423,68.5226,-28.8892,0.093
RGI60-05.13218,210424,68.5416,-28.9107,0.132
RGI60-05.13219,210425,68.5609,-28.9963,0.106
RGI60-05.13220,210426,68.5658,-29.0065,0.053
RGI60-05.13221,210427,68.5165,-29.3979,0.301
RGI60-05.13222,210428,68.5281,-29.4772,0.193
RGI60-05.13223,210429,68.5319,-29.4596,0.05
RGI60-05.13224,210430,68.5196,-29.354,0.363
RGI60-05.13225,210431,68.5238,-29.3673,0.441
RGI60-05.13226,210432,68.5385,-29.4049,0.186
RGI60-05.13227,210433,68.5415,-29.3915,0.163
RGI60-05.13228,210434,68.4354,-28.5467,0.707
RGI60-05.13229,210435,68.548,-29.6051,0.132
RGI60-05.13230,210436,68.5719,-29.8308,0.295
RGI60-05.13231,210437,68.5774,-29.8084,0.059
RGI60-05.13232,210438,68.5736,-29.7904,0.21
RGI60-05.13233,210439,68.4435,-28.5742,1.438
RGI60-05.13234,210440,68.4823,-28.702,0.726
RGI60-05.13235,210441,68.5069,-28.7241,0.15
RGI60-05.13236,210442,68.5811,-29.8464,1.07
RGI60-05.13237,210443,68.5776,-29.7375,0.17
RGI60-05.13238,210444,68.5825,-29.7831,0.269
RGI60-05.13239,210445,68.4534,-28.5426,0.461
RGI60-05.13240,210446,68.4851,-28.5686,0.115
RGI60-05.13241,210447,68.5891,-29.8112,0.828
RGI60-05.13242,210448,68.5846,-29.7109,0.089
RGI60-05.13243,210449,68.5907,-29.781,0.428
RGI60-05.13244,210450,68.5874,-29.7425,0.783
RGI60-05.13245,210451,68.5996,-29.8197,0.065
RGI60-05.13246,210452,68.4478,-28.3192,0.177
RGI60-05.13247,210453,68.4551,-28.3257,0.269
RGI60-05.13248,210454,68.6255,-29.9405,0.077
RGI60-05.13249,210455,68.6556,-30.182,0.174
RGI60-05.13250,210456,68.4619,-28.3628,0.236
RGI60-05.13251,210457,68.6081,-29.7104,0.055
RGI60-05.13252,210458,68.6078,-29.7165,0.104
RGI60-05.13253,210459,68.4666,-28.3754,0.505
RGI60-05.13254,210460,68.4547,-28.2797,2.671
RGI60-05.13255,210461,68.4741,-28.3783,0.416
RGI60-05.13256,210462,68.4806,-28.3995,1.03
RGI60-05.13257,210463,68.4807,-28.3626,0.29
RGI60-05.13258,210464,68.6483,-29.9002,0.194
RGI60-05.13259,210465,68.6563,-29.9083,1.669
RGI60-05.13260,210466,68.4806,-28.3357,4.191
RGI60-05.13261,210467,68.4934,-28.3947,0.106
RGI60-05.13262,210468,68.4296,-29.4067,0.237
RGI60-05.13263,210469,68.4351,-29.386,0.089
RGI60-05.13264,210470,68.4396,-29.3732,0.397
RGI60-05.13265,210471,68.6647,-30.1127,0.084
RGI60-05.13266,210472,68.5705,-30.1406,0.088
RGI60-05.13267,210473,68.5984,-30.1291,0.051
RGI60-05.13268,210474,68.6189,-30.1326,0.056
RGI60-05.13269,210475,68.5131,-29.4128,0.237
RGI60-05.13270,210476,68.7211,-27.9076,0.061
RGI60-05.13271,210477,68.6754,-27.1585,0.757
RGI60-05.13272,210478,68.5564,-28.5611,0.082
RGI60-05.13273,210479,68.5526,-28.4979,0.057
RGI60-05.13274,210480,68.5504,-28.4836,0.1
RGI60-05.13275,210481,68.558,-28.5036,0.387
RGI60-05.13277,210482,68.516,-28.1336,0.21
RGI60-05.13278,210483,68.5499,-28.4327,0.16
RGI60-05.13279,210484,68.5521,-28.4597,0.405
RGI60-05.13280,210485,68.5495,-28.4079,0.07
RGI60-05.13281,210486,70.1401,-26.7951,20.075
RGI60-05.13282,210487,68.5312,-28.061,0.221
RGI60-05.13283,210488,68.5484,-28.2062,0.177
RGI60-05.13284,210489,68.6341,-28.3513,0.415
RGI60-05.13285,210490,70.1418,-26.9101,0.344
RGI60-05.13286,210491,68.593,-27.7027,0.589
RGI60-05.13287,210492,68.5846,-29.0246,0.348
RGI60-05.13288,210493,68.6233,-29.082,0.178
RGI60-05.13289,210494,68.6646,-29.2997,0.534
RGI60-05.13290,210495,68.6611,-29.2731,0.427
RGI60-05.13291,210496,68.6868,-27.7927,0.193
RGI60-05.13292,210497,68.4982,-28.3644,1.255
RGI60-05.13293,210498,68.6529,-29.7714,0.125
RGI60-05.13294,210499,68.4884,-28.1462,0.122
RGI60-05.13295,210500,68.5034,-28.1318,0.155
RGI60-05.13296,210501,68.5088,-28.1425,0.749
RGI60-05.13297,210502,68.5209,-28.1647,0.656
RGI60-05.13298,210503,68.5533,-28.4243,0.476
RGI60-05.13299,210504,68.521,-28.1233,0.336
RGI60-05.13300,210505,68.5265,-28.1476,0.056
RGI60-05.13301,210506,68.5598,-28.4235,0.09
RGI60-05.13302,210507,68.5601,-28.3417,0.138
RGI60-05.13303,210508,68.5363,-28.2263,6.996
RGI60-05.13304,210509,68.5403,-28.0707,0.278
RGI60-05.13305,210510,68.5459,-28.0966,0.175
RGI60-05.13306,210511,68.5229,-27.8703,0.509
RGI60-05.13307,210512,68.5467,-28.0725,0.122
RGI60-05.13308,210513,68.5419,-28.1484,3.031
RGI60-05.13309,210514,68.5119,-27.734,0.062
RGI60-05.13310,210515,68.6593,-27.4989,0.13
RGI60-05.13311,210516,68.5557,-28.1253,0.672
RGI60-05.13312,210517,68.5242,-27.8035,0.069
RGI60-05.13313,210518,68.529,-27.8697,0.395
RGI60-05.13314,210519,68.5743,-28.2567,0.249
RGI60-05.13315,210520,68.5271,-27.8371,0.2
RGI60-05.13316,210521,68.515,-27.7142,0.057
RGI60-05.13317,210522,68.5902,-28.3829,0.294
RGI60-05.13318,210523,68.5611,-28.1145,1.788
RGI60-05.13319,210524,68.5377,-27.89,1.414
RGI60-05.13320,210525,68.5671,-28.0904,0.07
RGI60-05.13321,210526,68.6685,-27.5329,0.132
RGI60-05.13322,210527,68.5683,-28.2782,5.367
RGI60-05.13323,210528,68.5188,-27.7512,1.346
RGI60-05.13324,210529,68.5291,-27.8132,0.069
RGI60-05.13325,210530,68.5975,-28.4599,1.188
RGI60-05.13326,210531,68.5115,-27.6349,0.168
RGI60-05.13327,210532,68.5632,-28.0883,0.057
RGI60-05.13328,,68.6175,-27.0726,0.127
RGI60-05.13329,210533,68.5795,-28.3429,4.359
RGI60-05.13330,210534,68.5152,-27.6695,0.967
RGI60-05.13331,210535,68.6059,-28.4459,0.244
RGI60-05.13332,210536,68.5415,-27.8441,0.112
RGI60-05.13333,210537,68.5705,-28.0989,0.202
RGI60-05.13334,210538,68.5497,-27.8977,1.42
RGI60-05.13335,210539,68.5617,-27.9183,0.209
RGI60-05.13336,210540,68.5599,-27.8907,0.972
RGI60-05.13337,210541,68.6119,-28.2783,0.136
RGI60-05.13338,210542,68.6257,-28.4024,0.436
RGI60-05.13339,210543,68.6518,-28.518,0.065
RGI60-05.13340,210544,68.5712,-27.905,1.736
RGI60-05.13341,210545,68.5754,-27.8612,0.756
RGI60-05.13342,210546,68.5929,-28.1833,1.1
RGI60-05.13343,210547,68.6011,-28.1416,0.052
RGI60-05.13344,210548,68.6094,-28.1492,0.186
RGI60-05.13345,210549,68.5848,-27.9089,1.024
RGI60-05.13346,210550,68.6283,-28.2762,0.739
RGI60-05.13347,210551,68.5721,-27.7236,0.263
RGI60-05.13348,210552,68.5715,-27.6927,0.126
RGI60-05.13349,210553,68.5968,-27.9173,0.862
RGI60-05.13350,210554,68.6132,-27.9614,0.125
RGI60-05.13351,210555,68.6117,-27.939,0.494
RGI60-05.13352,210556,68.6349,-27.9751,0.064
RGI60-05.13353,210557,68.639,-27.9982,0.059
RGI60-05.13354,210558,68.6258,-27.9602,3.184
RGI60-05.13355,210559,68.6054,-27.8657,0.459
RGI60-05.13356,210560,68.6126,-27.9085,0.816
RGI60-05.13357,210561,68.6139,-27.8751,0.791
RGI60-05.13358,210562,68.5945,-27.6736,0.095
RGI60-05.13359,210563,68.6556,-28.2099,0.23
RGI60-05.13360,210564,68.6599,-28.2228,0.181
RGI60-05.13361,210565,68.6733,-28.1996,0.104
RGI60-05.13362,210566,68.6799,-28.2015,0.422
RGI60-05.13363,210567,68.6898,-28.2094,0.684
RGI60-05.13364,210568,68.621,-27.884,0.547
RGI60-05.13365,210569,68.628,-27.8674,0.071
RGI60-05.13366,210570,68.5843,-27.471,1.197
RGI60-05.13367,210571,68.6271,-27.7835,0.125
RGI60-05.13368,210572,68.5911,-27.4622,0.104
RGI60-05.13369,210573,68.6156,-27.6444,0.122
RGI60-05.13370,210574,68.5709,-27.2657,0.249
RGI60-05.13371,210575,68.5823,-27.3634,0.329
RGI60-05.13372,210576,68.5893,-27.3884,0.157
RGI60-05.13373,210577,68.5956,-27.4134,0.762
RGI60-05.13374,210578,68.59,-27.36,0.327
RGI60-05.13375,210579,68.6384,-27.932,0.163
RGI60-05.13376,210580,68.6518,-27.9558,0.062
RGI60-05.13377,210581,68.6482,-27.8969,1.387
RGI60-05.13378,210582,68.6746,-28.0361,0.497
RGI60-05.13379,210583,68.6701,-27.9548,0.098
RGI60-05.13380,210584,68.6688,-28.0025,1.794
RGI60-05.13381,210585,68.6443,-27.9779,6.86
RGI60-05.13382,210586,68.6727,-27.9392,0.099
RGI60-05.13383,210587,68.5889,-27.2959,0.085
RGI60-05.13384,210588,68.591,-27.3112,0.34
RGI60-05.13385,210589,68.5991,-27.3322,0.145
RGI60-05.13386,210590,68.6053,-27.4411,1.378
RGI60-05.13387,210591,68.6833,-27.5895,1.214
RGI60-05.13388,210592,68.6082,-27.3908,0.177
RGI60-05.13389,210593,68.6606,-27.851,0.312
RGI60-05.13390,210594,68.6014,-27.3733,1.772
RGI60-05.13391,210595,68.6497,-27.2445,0.192
RGI60-05.13392,210596,68.6315,-27.0766,0.087
RGI60-05.13393,210597,68.6295,-27.0564,0.282
RGI60-05.13394,210598,68.6534,-27.2623,0.537
RGI60-05.13395,210599,68.6992,-27.6127,0.083
RGI60-05.13396,210600,68.699,-27.6252,0.233
RGI60-05.13397,210601,68.62,-27.4482,0.146
RGI60-05.13398,210602,68.6198,-27.4053,0.944
RGI60-05.13399,210603,68.6419,-27.4518,0.323
RGI60-05.13400,210604,68.6825,-27.781,0.122
RGI60-05.13401,210605,68.6768,-27.7467,0.412
RGI60-05.13402,210606,68.6546,-27.2962,1.112
RGI60-05.13403,210607,68.6718,-27.3446,0.285
RGI60-05.13404,210608,68.6431,-27.0762,0.357
RGI60-05.13405,210609,68.6706,-27.2849,0.133
RGI60-05.13406,210610,68.6478,-27.1276,0.612
RGI60-05.13407,210611,68.65,-27.0548,0.337
RGI60-05.13408,210612,68.6766,-27.2632,0.147
RGI60-05.13409,210613,68.6815,-27.2683,0.121
RGI60-05.13410,210614,68.6663,-27.1062,0.14
RGI60-05.13411,210615,68.6569,-27.0735,1.491
RGI60-05.13412,210616,68.6865,-27.2763,0.237
RGI60-05.13413,210617,68.6887,-27.2534,1.356
RGI60-05.13414,210618,68.6952,-27.1866,1.755
RGI60-05.13415,210619,68.6997,-26.7416,0.146
RGI60-05.13416,210620,68.6008,-28.3964,45.308
RGI60-05.13417,210621,68.5899,-28.8713,0.065
RGI60-05.13418,210622,68.5808,-28.5639,0.082
RGI60-05.13419,210623,68.5945,-28.4931,0.3
RGI60-05.13420,210624,68.762,-27.8686,0.399
RGI60-05.13421,210625,68.4914,-29.768,11.091
RGI60-05.13422,210626,68.5082,-29.7849,0.069
RGI60-05.13423,210627,68.4662,-29.5707,38.851
RGI60-05.13424,210628,68.4135,-28.9646,7.639
RGI60-05.13425,210629,68.4248,-29.4795,0.196
RGI60-05.13426,210630,68.7318,-27.7008,177.674
RGI60-05.13427,210631,68.7827,-27.5509,0.088
RGI60-05.13428,210632,68.8265,-27.7231,0.525
RGI60-05.13432,,68.7859,-27.8762,0.057
RGI60-05.13433,210633,68.6785,-29.9241,28.882
RGI60-05.13434,210634,68.6952,-29.864,3.129
RGI60-05.13435,210635,68.6737,-29.7812,16.722
RGI60-05.13436,210636,68.639,-29.7268,13.289
RGI60-05.13437,210637,68.5602,-29.6646,76.37
RGI60-05.13438,210638,70.3165,-25.4261,0.079
RGI60-05.13439,210639,68.5993,-29.7629,9.223
RGI60-05.13440,210640,68.6204,-30.0117,72.749
RGI60-05.13441,210641,68.7601,-28.3771,0.141
RGI60-05.13442,210642,68.6665,-28.2898,75.051
RGI60-05.13443,210643,68.7292,-28.3959,0.144
RGI60-05.13444,210644,68.7161,-28.4024,0.075
RGI60-05.13445,210645,68.7019,-28.3979,0.208
RGI60-05.13446,210646,68.5532,-28.2279,2.138
RGI60-05.13447,210647,68.5192,-29.4977,2.917
RGI60-05.13448,210648,68.5121,-29.6755,0.466
RGI60-05.13449,210649,68.511,-29.7086,0.288
RGI60-05.13450,210650,70.29,-25.7033,1.004
RGI60-05.13451,210651,70.3068,-25.5606,42.3
RGI60-05.13452,,70.0743,-22.8545,0.134
RGI60-05.13453,210652,70.0656,-22.861,0.077
RGI60-05.13454,210653,70.0836,-22.8273,0.931
RGI60-05.13455,210654,70.1222,-27.0109,28.935
RGI60-05.13456,210655,68.7492,-26.8616,11.412
RGI60-05.13457,210656,68.6157,-27.7951,79.827
RGI60-05.13458,210657,68.493,-29.6892,6.127
RGI60-05.13459,210658,68.4789,-29.8304,0.072
RGI60-05.13460,210659,68.5213,-29.8275,2.956
RGI60-05.13461,210660,70.3264,-25.4296,1.146
RGI60-05.13462,210661,70.2142,-25.8654,9.851
RGI60-05.13463,210662,70.1707,-24.0362,0.399
RGI60-05.13464,210663,70.2696,-25.0192,20.825
RGI60-05.13465,,70.1445,-24.0423,0.318
RGI60-05.13466,210664,70.1228,-23.7129,2.984
RGI60-05.13467,210665,70.0812,-22.6162,3.627
RGI60-05.13468,210666,70.1071,-26.1348,7.235
RGI60-05.13469,210667,70.0159,-28.2948,5.369
RGI60-05.13470,210668,70.0989,-26.0343,23.424
RGI60-05.13471,210669,70.0099,-22.6198,26.803
RGI60-05.13472,210670,70.0299,-28.2342,5.748
RGI60-05.13473,210671,70.0248,-27.5923,3.13
RGI60-05.13474,210672,70.0123,-27.6569,1.345
RGI60-05.13475,210673,70.0064,-27.7059,2.568
RGI60-05.13476,210674,70.0198,-28.1165,3.455
RGI60-05.13477,210675,69.9901,-27.6937,5.286
RGI60-05.13478,210676,69.9231,-23.6335,0.102
RGI60-05.13479,210677,69.6039,-24.4802,26.5
RGI60-05.13480,210678,69.5799,-24.4632,1.708
RGI60-05.13481,210679,69.5476,-24.4969,0.577
RGI60-05.13482,210680,69.2825,-25.7303,31.392
RGI60-05.13483,210681,69.317,-25.6048,0.057
RGI60-05.13484,210682,70.0048,-28.3584,3.697
RGI60-05.13485,210683,70.0427,-28.1123,8.698
RGI60-05.13487,210684,69.971,-28.4307,3.198
RGI60-05.13488,210685,69.9752,-28.3781,2.938
RGI60-05.13489,210686,69.9941,-27.5792,2.686
RGI60-05.13500,210687,68.8514,-26.8507,0.546
RGI60-05.13506,210688,68.622,-31.9971,1.378
RGI60-05.13508,210689,68.5608,-32.2208,2.815
RGI60-05.13512,210690,68.5295,-32.2936,5.808
RGI60-05.13513,210691,68.602,-33.1857,0.089
RGI60-05.13514,210692,68.6055,-33.1676,0.056
RGI60-05.13515,210693,68.6107,-33.192,0.283
RGI60-05.13516,210694,68.6518,-32.4912,0.148
RGI60-05.13517,210695,68.6551,-32.5311,0.199
RGI60-05.13518,,68.6633,-32.486,0.307
RGI60-05.13519,210696,68.6654,-32.4574,0.287
RGI60-05.13520,210697,68.6884,-32.5299,0.107
RGI60-05.13525,210698,68.6413,-32.333,0.059
RGI60-05.13526,210699,68.6459,-32.3238,0.127
RGI60-05.13529,210700,68.7065,-31.1113,0.095
RGI60-05.13530,210701,68.7111,-30.3883,0.221
RGI60-05.13531,210702,68.7661,-30.8772,0.134
RGI60-05.13533,210703,68.7377,-30.4204,0.197
RGI60-05.13534,210704,68.9405,-30.7915,0.192
RGI60-05.13537,210705,68.6808,-30.123,0.064
RGI60-05.13538,210706,68.7119,-30.2196,0.365
RGI60-05.13539,210707,68.7274,-30.3583,0.129
RGI60-05.13540,210708,68.7512,-30.3385,0.858
RGI60-05.13541,210709,68.7422,-30.3706,4.043
RGI60-05.13542,210710,68.759,-30.3372,0.683
RGI60-05.13548,,68.8395,-30.2307,0.216
RGI60-05.13549,210711,68.8313,-30.06,0.917
RGI60-05.13550,210712,68.8428,-30.0585,0.081
RGI60-05.13551,,68.8994,-30.189,0.339
RGI60-05.13552,210713,68.6892,-29.427,0.072
RGI60-05.13553,210714,68.6933,-29.4235,0.053
RGI60-05.13554,210715,68.6959,-29.4416,0.284
RGI60-05.13555,210716,68.7085,-29.4873,0.131
RGI60-05.13578,210717,70.0496,-27.1238,1.771
RGI60-05.13579,210718,70.0587,-27.0965,3.139
RGI60-05.13580,210719,70.1181,-27.0818,1.383
RGI60-05.13581,210720,70.3073,-25.6804,2.055
RGI60-05.13582,210721,70.1108,-27.0427,2.805
RGI60-05.13583,210722,70.1032,-26.9948,2.171
RGI60-05.13584,210723,70.0939,-26.9614,1.038
RGI60-05.13585,210724,70.1373,-27.0591,1.065
RGI60-05.13586,210725,70.1786,-26.7256,15.93
RGI60-05.13587,210726,70.1861,-26.7999,0.372
RGI60-05.13588,210727,70.0882,-26.2207,1.624
RGI60-05.13590,210728,70.1191,-25.9578,9.521
RGI60-05.13591,210729,70.0861,-26.1429,0.936
RGI60-05.13592,210730,70.084,-26.1833,0.382
RGI60-05.13593,210731,70.103,-26.2087,5.603
RGI60-05.13594,210732,70.1374,-25.9544,4.718
RGI60-05.13595,210733,70.0733,-26.0609,0.749
RGI60-05.13596,210734,70.1909,-25.89,3.465
RGI60-05.13597,210735,69.9852,-27.7572,9.718
RGI60-05.13598,210736,70.0933,-26.9322,0.91
RGI60-05.13599,210737,70.0817,-26.1103,0.595
RGI60-05.13600,210738,69.5331,-24.6128,20.617
RGI60-05.13601,210739,69.578,-24.6203,31.299
RGI60-05.13602,210740,70.2338,-25.0637,7.627
RGI60-05.13603,210741,70.2217,-25.0571,0.182
RGI60-05.13604,210742,70.2152,-25.0454,1.147
RGI60-05.13605,210743,70.2417,-25.0963,2.086
RGI60-05.13606,210744,70.2588,-25.0815,0.424
RGI60-05.13607,210745,70.2646,-25.0964,0.321
RGI60-05.13608,210746,70.2794,-25.0847,1.706
RGI60-05.13609,210747,70.2713,-24.9259,0.999
RGI60-05.13610,210748,70.1116,-23.9785,10.674
RGI60-05.13611,210749,70.11,-24.0387,0.098
RGI60-05.13612,210750,70.1851,-24.4415,9.717
RGI60-05.13613,210751,70.1316,-24.0213,0.337
RGI60-05.13614,210752,70.0852,-22.5449,1.825
RGI60-05.13615,210753,70.0311,-22.9348,12.735
RGI60-05.13616,210754,70.0477,-22.7308,61.245
RGI60-05.13617,210755,70.0443,-22.551,0.071
RGI60-05.13618,210756,70.094,-22.4979,2.122
RGI60-05.13619,210757,70.0418,-22.4713,20.751
RGI60-05.13620,210758,70.3074,-25.4235,0.98
RGI60-05.13621,210759,70.0035,-27.6297,5.498
RGI60-05.13622,210760,70.044,-28.1751,4.965
RGI60-05.13623,210761,69.9845,-27.8117,2.507
RGI60-05.13624,210762,69.9984,-27.8077,1.76
RGI60-05.13625,210763,70.1672,-25.8648,27.217
RGI60-05.13626,210764,70.1796,-24.2606,23.149
RGI60-05.13629,210765,70.0235,-23.0395,0.22
RGI60-05.13630,210766,70.0185,-23.0135,1.043
RGI60-05.13631,210767,70.1307,-27.0838,0.749
RGI60-05.13632,,70.1868,-26.8256,0.193
RGI60-05.13633,210768,70.0168,-22.9781,0.641
RGI60-05.13634,210769,70.0386,-28.067,0.421
RGI60-05.13635,210770,70.0076,-28.1608,9.324
RGI60-05.13636,210771,70.0032,-27.7721,0.277
RGI60-05.13637,210772,70.0234,-27.6372,0.785
RGI60-05.13638,210773,70.0261,-27.5486,0.929
RGI60-05.13639,210774,70.0204,-27.5605,0.153
RGI60-05.13640,210775,70.006,-27.5649,3.743
RGI60-05.13641,210776,70.0372,-27.1351,1.051
RGI60-05.13642,210777,70.2129,-25.7763,10.335
RGI60-05.13643,210778,70.32,-25.3912,1.451
RGI60-05.13644,210779,70.2987,-25.4339,2.382
RGI60-05.13645,210780,70.2683,-25.0999,0.237
RGI60-05.13646,210781,70.2833,-24.973,0.12
RGI60-05.13647,210782,70.2796,-24.9034,0.193
RGI60-05.13648,210783,70.28,-24.9126,0.265
RGI60-05.13649,210784,70.0857,-22.5824,1.775
RGI60-05.13650,210785,69.5962,-24.4207,1.618
RGI60-05.13651,210786,69.5419,-24.5202,2.997
RGI60-05.13652,210787,69.1258,-25.798,3.719
RGI60-05.13653,210788,69.07,-25.8609,8.781
RGI60-05.13654,210789,69.1083,-25.7795,8.753
RGI60-05.13656,210790,69.1096,-25.8244,0.12
RGI60-05.13657,210791,69.0699,-25.7704,17.203
RGI60-05.13658,210792,69.1563,-25.5529,4.212
RGI60-05.13659,210793,68.9315,-25.8817,7.101
RGI60-05.13660,210794,68.8416,-26.1421,2.031
RGI60-05.13662,210795,69.245,-25.76,0.096
RGI60-05.13663,210796,68.7541,-26.7206,42.306
RGI60-05.13664,210797,68.7836,-26.8696,0.381
RGI60-05.13665,210798,69.9963,-28.4423,12.484
RGI60-05.13666,210799,68.8824,-26.6328,311.573
RGI60-05.13674,210800,69.1255,-29.5846,0.093
RGI60-05.13675,210801,68.4942,-29.8483,5.204
RGI60-05.13676,210802,68.5457,-30.0654,16.824
RGI60-05.13677,,68.6157,-32.4004,0.139
RGI60-05.13678,210803,68.6785,-32.3228,0.278
RGI60-05.13679,210804,68.682,-32.3373,0.089
RGI60-05.13685,210805,68.6129,-32.6441,1.879
RGI60-05.13686,210806,68.6808,-32.5541,0.317
RGI60-05.13688,210807,68.8245,-32.5878,1.111
RGI60-05.13689,210808,68.9014,-32.7335,0.086
RGI60-05.13692,210809,68.9801,-32.6639,0.144
RGI60-05.13694,210810,68.608,-32.6633,0.576
RGI60-05.13695,210811,68.6139,-32.3728,2.126
RGI60-05.13696,210812,68.5787,-32.3075,28.918
RGI60-05.13697,210813,68.5431,-32.2971,0.1
RGI60-05.13698,210814,68.6844,-29.8343,0.104
RGI60-05.13699,210815,68.6987,-28.2099,0.783
RGI60-05.13715,210816,69.6215,-24.5535,0.351
RGI60-05.13725,210817,70.2822,-25.4557,1.488
RGI60-05.13729,210818,70.2583,-24.9369,1.947
RGI60-05.13731,210819,66.2993,-35.2679,0.684
RGI60-05.13732,210820,66.3061,-35.3166,0.418
RGI60-05.13733,210821,66.3912,-35.5506,0.199
RGI60-05.13734,210822,66.4045,-35.7208,0.289
RGI60-05.13735,210823,66.4015,-35.6748,0.2
RGI60-05.13736,210824,66.478,-35.8158,0.067
RGI60-05.13737,210825,66.3657,-36.5726,0.055
RGI60-05.13739,210826,66.428,-36.5021,0.095
RGI60-05.13740,210827,66.4443,-36.5938,1.409
RGI60-05.13741,210828,66.4507,-36.5944,0.163
RGI60-05.13742,210829,66.4568,-36.5318,0.074
RGI60-05.13743,210830,66.4568,-36.5846,0.466
RGI60-05.13744,210831,66.4714,-36.4799,0.23
RGI60-05.13745,210832,66.4819,-36.4952,0.355
RGI60-05.13746,210833,66.5059,-36.604,0.099
RGI60-05.13747,210834,66.5206,-36.5358,0.104
RGI60-05.13749,210835,66.5287,-36.5221,0.479
RGI60-05.13750,210836,66.5335,-36.5324,0.088
RGI60-05.13751,210837,66.5353,-36.5161,0.247
RGI60-05.13752,210838,66.5534,-36.449,0.059
RGI60-05.13755,210839,66.7228,-36.4066,0.176
RGI60-05.13757,210840,66.2975,-35.7446,0.135
RGI60-05.13758,210841,66.3349,-36.1652,0.068
RGI60-05.13759,210842,66.3074,-35.7469,0.51
RGI60-05.13760,210843,66.3229,-35.9012,0.111
RGI60-05.13761,,66.2945,-35.377,0.147
RGI60-05.13762,210844,66.2956,-35.3951,0.176
RGI60-05.13763,210845,66.2875,-35.33,0.999
RGI60-05.13764,210846,66.2829,-35.2871,1.6
RGI60-05.13765,210847,66.2914,-35.237,0.111
RGI60-05.13766,210848,66.2944,-35.3436,1.693
RGI60-05.13767,210849,66.2975,-35.284,0.105
RGI60-05.13768,210850,66.2932,-35.2206,0.127
RGI60-05.13769,210851,66.2956,-35.3046,0.743
RGI60-05.13770,210852,66.3018,-35.3584,0.43
RGI60-05.13771,210853,66.2965,-35.2353,0.183
RGI60-05.13772,210854,66.3055,-35.3345,0.122
RGI60-05.13773,210855,66.3356,-35.7805,0.27
RGI60-05.13774,210856,66.3062,-35.3888,2.031
RGI60-05.13775,210857,66.3235,-35.5762,1.581
RGI60-05.13776,210858,66.3117,-35.3391,0.719
RGI60-05.13777,210859,66.3188,-35.4163,0.95
RGI60-05.13778,210860,66.3363,-35.6065,0.609
RGI60-05.13779,210861,66.3197,-35.3528,0.873
RGI60-05.13780,210862,66.3287,-35.3882,1.724
RGI60-05.13781,210863,66.3465,-35.6083,0.371
RGI60-05.13782,210864,66.3275,-35.2666,0.084
RGI60-05.13783,210865,66.3347,-35.3687,0.486
RGI60-05.13784,210866,66.3329,-35.5572,1.797
RGI60-05.13785,210867,66.3449,-35.5722,1.696
RGI60-05.13786,210868,66.3297,-35.2835,0.707
RGI60-05.13787,210869,66.3531,-35.5765,0.2
RGI60-05.13788,210870,66.3356,-35.3507,0.338
RGI60-05.13789,210871,66.353,-35.5499,0.284
RGI60-05.13790,210872,66.3438,-35.3611,0.058
RGI60-05.13791,210873,66.3428,-35.3075,0.075
RGI60-05.13792,210874,66.3476,-35.3624,0.061
RGI60-05.13793,210875,66.3507,-35.3651,0.055
RGI60-05.13794,210876,66.3465,-35.3784,0.544
RGI60-05.13795,210877,66.3554,-35.4369,0.647
RGI60-05.13796,210878,66.3495,-35.3011,0.521
RGI60-05.13797,210879,66.3417,-35.2863,2.046
RGI60-05.13798,210880,66.3741,-35.6491,0.647
RGI60-05.13799,210881,66.3505,-35.2652,0.135
RGI60-05.13800,210882,66.3551,-35.2832,0.338
RGI60-05.13801,210883,66.3627,-35.4434,0.086
RGI60-05.13802,210884,66.3677,-35.5634,0.77
RGI60-05.13803,210885,66.3588,-35.3845,0.32
RGI60-05.13804,210886,66.3528,-35.4052,2.429
RGI60-05.13805,210887,66.3779,-35.6338,0.102
RGI60-05.13806,210888,66.3565,-35.308,0.633
RGI60-05.13807,210889,66.3601,-35.299,0.286
RGI60-05.13808,210890,66.3661,-35.4447,0.36
RGI60-05.13809,210891,66.3702,-35.4651,0.414
RGI60-05.13810,210892,66.3845,-35.4676,0.342
RGI60-05.13811,210893,66.3774,-35.4667,0.73
RGI60-05.13812,210894,66.3782,-35.5625,4.59
RGI60-05.13813,210895,66.3678,-35.6351,1.308
RGI60-05.13814,210896,66.3966,-35.5322,0.087
RGI60-05.13815,210897,66.41,-35.7181,0.301
RGI60-05.13816,210898,66.3946,-35.4553,0.126
RGI60-05.13817,210899,66.4159,-35.7627,0.221
RGI60-05.13818,210900,66.4147,-35.7396,0.615
RGI60-05.13819,210901,66.4202,-35.7359,0.073
RGI60-05.13820,210902,66.409,-35.6301,0.908
RGI60-05.13821,210903,66.3928,-35.2108,0.172
RGI60-05.13822,210904,66.421,-35.7184,0.838
RGI60-05.13823,210905,66.3997,-35.2307,0.167
RGI60-05.13824,210906,66.4069,-35.2221,0.301
RGI60-05.13825,210907,66.4401,-35.2819,0.314
RGI60-05.13826,210908,66.4435,-35.2911,0.12
RGI60-05.13827,210909,66.4538,-35.2592,0.053
RGI60-05.13828,210910,66.4516,-35.2782,0.771
RGI60-05.13829,210911,66.4172,-35.5978,1.471
RGI60-05.13830,210912,66.4274,-35.4467,0.089
RGI60-05.13833,210913,66.4191,-35.5508,5.012
RGI60-05.13834,210914,66.4239,-35.4286,1.444
RGI60-05.13835,210915,66.441,-35.3517,0.141
RGI60-05.13836,210916,66.4444,-35.3346,0.432
RGI60-05.13837,210917,66.4463,-35.3133,0.088
RGI60-05.13838,210918,66.4644,-35.7615,0.082
RGI60-05.13839,210919,66.4467,-35.6648,0.089
RGI60-05.13840,210920,66.4537,-35.6377,0.727
RGI60-05.13841,210921,66.4548,-36.0879,0.102
RGI60-05.13842,210922,66.4831,-36.1974,0.051
RGI60-05.13843,210923,66.4758,-35.9673,0.36
RGI60-05.13844,,66.4812,-35.9037,0.105
RGI60-05.13845,,66.4821,-35.891,0.094
RGI60-05.13846,210924,66.4848,-35.9759,0.323
RGI60-05.13847,210925,66.5093,-36.2951,0.072
RGI60-05.13848,210926,66.4848,-35.9624,0.35
RGI60-05.13849,210927,66.5145,-36.042,0.911
RGI60-05.13850,210928,66.5341,-36.1726,0.366
RGI60-05.13851,210929,66.5264,-35.9206,0.601
RGI60-05.13852,210930,66.5251,-35.9598,0.878
RGI60-05.13853,,66.5318,-35.9326,0.114
RGI60-05.13854,210931,66.5275,-35.8788,0.282
RGI60-05.13855,210932,66.5281,-35.8645,0.244
RGI60-05.13857,210933,66.5875,-35.8853,0.111
RGI60-05.13858,210934,66.6107,-36.3128,0.577
RGI60-05.13865,210935,66.4834,-35.7083,0.557
RGI60-05.13866,210936,66.4903,-35.6513,0.194
RGI60-05.13867,210937,66.4981,-35.6571,1.372
RGI60-05.13869,210938,66.5013,-35.6197,1.985
RGI60-05.13870,210939,66.4988,-35.5497,1.451
RGI60-05.13871,210940,66.5113,-35.5075,0.05
RGI60-05.13878,210941,66.0101,-36.8326,34.533
RGI60-05.13879,210942,66.0259,-36.1662,28.311
RGI60-05.13880,210943,66.0616,-36.171,0.064
RGI60-05.13881,210944,66.0611,-36.9482,1.707
RGI60-05.13882,210945,66.3488,-36.7361,14.631
RGI60-05.13883,210946,66.0062,-36.609,1.792
RGI60-05.13884,210947,66.2004,-35.8544,12.847
RGI60-05.13885,210948,66.1378,-36.943,12.06
RGI60-05.13886,210949,66.0791,-36.0625,32.078
RGI60-05.13887,210950,66.0645,-36.2788,1.631
RGI60-05.13888,210951,66.0326,-35.9818,13.701
RGI60-05.13889,210952,66.0454,-36.0041,0.304
RGI60-05.13890,210953,65.996,-36.0878,17.148
RGI60-05.13891,210954,66.0709,-36.2658,0.728
RGI60-05.13892,210955,65.9823,-36.7495,10.412
RGI60-05.13893,210956,66.2284,-37.1133,2.714
RGI60-05.13894,210957,66.0564,-36.6623,0.053
RGI60-05.13895,210958,66.1662,-37.0141,2.907
RGI60-05.13896,210959,66.099,-36.9509,5.972
RGI60-05.13897,210960,66.170089722,-35.944202423,47.262
RGI60-05.13898,210961,66.2112,-35.9241,0.088
RGI60-05.13899,210962,66.0095,-36.5546,0.733
RGI60-05.13900,210963,66.0185,-36.6596,21.122
RGI60-05.13901,210964,66.0672,-36.2192,6.283
RGI60-05.13902,210965,66.0736,-36.191,0.052
RGI60-05.13903,210966,66.1141,-36.3389,0.837
RGI60-05.13904,210967,66.0158,-36.5668,0.055
RGI60-05.13905,210968,66.0372,-36.8301,1.386
RGI60-05.13906,210969,66.128,-36.6564,2.235
RGI60-05.13907,210970,66.167,-36.5043,137.614
RGI60-05.13908,210971,66.0725,-36.7046,0.318
RGI60-05.13909,210972,66.0783,-36.7366,1.466
RGI60-05.13910,210973,66.0659,-36.8559,2.912
RGI60-05.13911,210974,66.1109,-36.9201,0.134
RGI60-05.13912,210975,66.2985,-35.9433,84.786
RGI60-05.13913,210976,66.2316,-35.9021,22.895
RGI60-05.13914,210977,66.0497,-36.7102,16.245
RGI60-05.13915,210978,66.3585,-36.7331,1.385
RGI60-05.13916,210979,66.3024,-36.701,105.023
RGI60-05.13917,210980,66.2954,-36.8937,0.349
RGI60-05.13918,210981,66.2468,-36.9159,83.844
RGI60-05.13919,210982,66.281,-36.9513,0.69
RGI60-05.13920,210983,66.2429,-37.0568,0.111
RGI60-05.13921,210984,66.1206,-35.9667,0.792
RGI60-05.13922,210985,66.1859,-35.8559,0.105
RGI60-05.13923,210986,66.0854,-36.9303,0.522
RGI60-05.13924,210987,66.08,-36.9443,0.337
RGI60-05.13925,210988,65.9905,-36.1436,8.635
RGI60-05.13926,210989,66.1139,-36.3631,1.597
RGI60-05.13927,210990,66.1086,-36.3474,0.088
RGI60-05.13928,210991,66.1281,-36.5435,0.519
RGI60-05.13929,210992,66.2186,-36.8705,1.068
RGI60-05.13930,210993,66.1529,-36.7987,179.211
RGI60-05.13931,210994,66.1263,-36.0034,3.521
RGI60-05.13932,210995,66.0599,-36.0054,4.202
RGI60-05.13933,210996,66.0761,-36.9705,1.008
RGI60-05.13934,210997,66.0135,-36.0178,16.133
RGI60-05.13935,210998,66.0857,-36.9795,0.244
RGI60-05.13936,210999,66.0508,-36.9155,0.119
RGI60-05.13937,211000,66.0505,-36.846,1.047
RGI60-05.13938,211001,66.1795,-37.0339,3.93
RGI60-05.13939,211002,65.9883,-36.7989,0.28
RGI60-05.13940,211003,65.9566,-36.7397,1.449
RGI60-05.13941,211004,66.0443,-36.6605,1.622
RGI60-05.13942,211005,66.0257,-36.5469,1.543
RGI60-05.13943,211006,66.0269,-36.5661,0.319
RGI60-05.13944,211007,66.0053,-36.577,1.423
RGI60-05.13945,211008,66.0495,-36.2349,3.655
RGI60-05.13946,211009,66.0854,-36.44,0.407
RGI60-05.13947,211010,66.0893,-36.4208,0.243
RGI60-05.13948,211011,66.1095,-36.3906,1.458
RGI60-05.13949,211012,66.4297,-35.0532,2.977
RGI60-05.13950,211013,66.148,-36.5813,5.996
RGI60-05.13951,211014,66.4371,-34.7331,1.841
RGI60-05.13953,211015,66.2196,-37.076,6.101
RGI60-05.13954,211016,66.2451,-37.1154,0.696
RGI60-05.13955,211017,66.1284,-36.5647,0.41
RGI60-05.13956,211018,66.3531,-35.8281,1.752
RGI60-05.13957,211019,66.334,-35.812,3.509
RGI60-05.13958,211020,66.3396,-35.8358,0.13
RGI60-05.13959,211021,66.4241,-35.6841,5.746
RGI60-05.13960,211022,66.2986,-35.7976,5.258
RGI60-05.13962,211023,66.4536,-35.5189,0.085
RGI60-05.13963,211024,66.3965,-35.3622,0.262
RGI60-05.13964,211025,66.4059,-35.3512,1.044
RGI60-05.13966,211026,66.4048,-35.3793,0.152
RGI60-05.13967,211027,66.4026,-35.4621,19.046
RGI60-05.13969,,66.5356,-35.821,0.114
RGI60-05.13970,,66.5401,-35.825,0.18
RGI60-05.13971,211028,66.5393,-35.7984,0.895
RGI60-05.13972,211029,66.4838,-35.7536,7.482
RGI60-05.13973,211030,66.5409,-35.7352,0.234
RGI60-05.13974,211031,66.496,-35.6926,4.284
RGI60-05.13975,211032,66.4705,-35.8393,4.471
RGI60-05.13976,211033,66.4198,-34.7611,1.537
RGI60-05.13977,211034,66.3988,-35.2149,0.776
RGI60-05.13978,211035,66.3231,-35.7689,4.846
RGI60-05.13979,211036,66.2907,-35.7586,0.223
RGI60-05.13980,211037,66.4115,-35.7013,0.13
RGI60-05.13981,211038,66.4095,-35.6891,1.057
RGI60-05.13982,211039,66.5322,-35.8361,0.965
RGI60-05.13984,211040,66.4801,-35.8084,0.154
RGI60-05.13985,211041,66.4679,-35.8027,2.523
RGI60-05.13986,211042,66.4476,-36.1887,0.053
RGI60-05.13987,211043,66.4516,-36.1501,0.059
RGI60-05.13988,211044,66.382,-35.9612,7.801
RGI60-05.13989,211045,66.4289,-36.0072,0.125
RGI60-05.13990,211046,66.4275,-36.0206,0.817
RGI60-05.13991,211047,66.4376,-36.0201,0.147
RGI60-05.13992,211048,66.3954,-35.9196,0.419
RGI60-05.13993,211049,66.3652,-35.8766,10.004
RGI60-05.13994,211050,66.3779,-35.9061,6.905
RGI60-05.13995,211051,66.2572,-36.2521,582.81
RGI60-05.13996,211052,66.1508,-36.3628,0.113
RGI60-05.13997,211053,68.7125,-27.9829,0.286
RGI60-05.13998,211054,68.7166,-27.9952,0.587
RGI60-05.14002,211055,68.7588,-28.3403,0.085
RGI60-05.14003,211056,68.8302,-28.9429,0.072
RGI60-05.14004,211057,68.7221,-28.2961,0.113
RGI60-05.14005,211058,68.7286,-28.2107,0.453
RGI60-05.14006,211059,69.2644,-24.7238,0.147
RGI60-05.14007,211060,68.7323,-26.6952,0.168
RGI60-05.14008,211061,68.7635,-26.5816,0.058
RGI60-05.14009,211062,68.7326,-28.0368,0.172
RGI60-05.14010,211063,68.7224,-28.0097,3.139
RGI60-05.14011,211064,69.066,-25.3301,0.164
RGI60-05.14012,211065,69.0681,-25.3481,0.173
RGI60-05.14013,211066,69.2473,-24.7504,0.333
RGI60-05.14014,211067,69.2791,-24.924,0.145
RGI60-05.14015,211068,68.7747,-26.6541,0.117
RGI60-05.14016,211069,69.2865,-24.901,0.239
RGI60-05.14017,211070,69.399,-24.9245,0.097
RGI60-05.14018,211071,68.7751,-26.6193,0.236
RGI60-05.14019,211072,68.8055,-26.7045,0.058
RGI60-05.14020,211073,68.8143,-26.5243,0.059
RGI60-05.14021,211074,69.0644,-25.3076,0.277
RGI60-05.14022,211075,69.073,-25.3546,0.055
RGI60-05.14023,211076,69.0725,-25.3002,0.182
RGI60-05.14024,211077,69.1967,-25.455,0.072
RGI60-05.14025,211078,69.2028,-25.2557,0.206
RGI60-05.14026,211079,69.0152,-25.8569,0.058
RGI60-05.14027,211080,68.8119,-26.498,0.412
RGI60-05.14028,211081,68.8326,-26.6408,0.078
RGI60-05.14029,211082,68.8194,-26.5258,0.08
RGI60-05.14030,211083,68.832,-26.4888,0.114
RGI60-05.14031,211084,68.7599,-28.001,0.051
RGI60-05.14032,211085,68.8007,-27.5726,0.066
RGI60-05.14033,211086,68.8284,-27.4264,0.066
RGI60-05.14034,211087,68.845,-27.4902,0.148
RGI60-05.14035,211088,68.8553,-27.5279,0.058
RGI60-05.14036,,68.9362,-27.8996,0.069
RGI60-05.14037,211089,68.8789,-27.3071,1.232
RGI60-05.14038,211090,68.9902,-27.9309,0.176
RGI60-05.14039,,68.9821,-27.4774,0.119
RGI60-05.14040,,68.9825,-27.4126,0.288
RGI60-05.14041,211091,69.004,-27.4943,0.193
RGI60-05.14042,211092,69.1524,-28.036,0.129
RGI60-05.14043,211093,69.1482,-27.9719,0.147
RGI60-05.14044,211094,69.1497,-27.7517,0.075
RGI60-05.14045,211095,69.1948,-28.1255,0.184
RGI60-05.14046,211096,68.763,-28.0344,0.078
RGI60-05.14047,211097,68.7738,-27.8982,0.137
RGI60-05.14048,211098,68.7928,-28.0047,0.303
RGI60-05.14049,211099,68.7944,-27.9672,0.147
RGI60-05.14050,211100,68.7992,-28.0156,1.783
RGI60-05.14051,,68.8253,-27.89,0.069
RGI60-05.14052,211101,68.8696,-28.1227,0.116
RGI60-05.14053,211102,68.868,-28.0887,0.077
RGI60-05.14054,211103,68.8757,-28.0562,0.13
RGI60-05.14055,211104,68.8217,-28.3715,0.095
RGI60-05.14056,211105,68.8086,-28.1759,0.121
RGI60-05.14057,211106,68.8322,-28.2054,0.05
RGI60-05.14058,211107,68.9425,-28.5894,0.068
RGI60-05.14059,211108,68.9417,-28.5816,0.216
RGI60-05.14060,,68.9053,-28.2185,0.061
RGI60-05.14061,,68.9233,-28.2477,0.05
RGI60-05.14062,,68.9202,-28.2181,0.319
RGI60-05.14063,211109,68.7558,-26.9167,1.184
RGI60-05.14064,211110,69.3919,-25.6306,0.776
RGI60-05.14065,211111,69.4016,-25.6266,0.962
RGI60-05.14066,211112,68.7056,-27.6463,0.485
RGI60-05.14067,211113,68.7249,-26.622,0.467
RGI60-05.14068,211114,69.1631,-25.8753,0.179
RGI60-05.14069,211115,69.1786,-25.9406,0.082
RGI60-05.14070,211116,69.2255,-25.9538,1.425
RGI60-05.14071,211117,69.2355,-25.8356,0.375
RGI60-05.14072,211118,69.2438,-25.9287,1.979
RGI60-05.14073,211119,69.2341,-25.7749,0.703
RGI60-05.14074,211120,69.229,-25.805,3.661
RGI60-05.14075,211121,69.2601,-25.8965,0.363
RGI60-05.14076,211122,68.7699,-26.955,0.105
RGI60-05.14077,211123,68.7645,-26.934,0.673
RGI60-05.14078,211124,68.7724,-26.9682,0.123
RGI60-05.14079,211125,68.8143,-27.1429,0.159
RGI60-05.14080,211126,68.9973,-27.3631,0.081
RGI60-05.14081,211127,69.0282,-27.447,0.106
RGI60-05.14082,211128,69.0327,-27.4116,0.177
RGI60-05.14083,211129,69.0295,-27.4353,1.526
RGI60-05.14084,211130,69.0364,-27.4331,0.182
RGI60-05.14085,211131,69.0155,-27.187,0.144
RGI60-05.14086,211132,69.0194,-27.2197,0.316
RGI60-05.14087,211133,69.0045,-27.0509,0.077
RGI60-05.14088,,69.0012,-27.026,0.18
RGI60-05.14089,211134,69.0026,-27.0112,0.195
RGI60-05.14090,211135,69.0096,-27.0326,0.188
RGI60-05.14091,211136,69.0134,-27.0218,0.146
RGI60-05.14092,211137,69.014,-26.9875,0.283
RGI60-05.14093,211138,69.0325,-27.1316,0.076
RGI60-05.14094,211139,69.032,-27.1783,2.732
RGI60-05.14095,211140,69.0711,-27.4738,0.533
RGI60-05.14096,211141,69.0383,-27.1435,0.33
RGI60-05.14097,211142,69.0471,-27.1913,0.141
RGI60-05.14098,211143,69.0231,-26.9505,0.283
RGI60-05.14099,211144,69.0253,-26.9834,0.607
RGI60-05.14100,211145,69.0415,-27.1034,0.713
RGI60-05.14101,211146,69.0769,-27.4032,0.084
RGI60-05.14102,211147,69.087,-27.4195,0.077
RGI60-05.14103,,69.0748,-27.2982,0.182
RGI60-05.14104,211148,69.0769,-27.2652,0.264
RGI60-05.14105,211149,69.0839,-27.2668,0.401
RGI60-05.14106,211150,69.072,-27.1717,0.636
RGI60-05.14107,211151,69.0677,-27.0606,0.911
RGI60-05.14108,211152,69.1321,-27.2711,0.18
RGI60-05.14109,211153,68.9949,-26.4788,0.297
RGI60-05.14110,211154,69.1267,-29.6977,0.065
RGI60-05.14111,211155,69.215,-30.5008,0.655
RGI60-05.14112,211156,69.1602,-29.794,0.118
RGI60-05.14113,211157,69.2248,-30.4457,0.927
RGI60-05.14114,211158,69.1704,-29.6877,0.053
RGI60-05.14115,211159,69.1699,-29.7109,0.726
RGI60-05.14116,211160,69.1291,-29.1722,0.069
RGI60-05.14118,211161,69.357,-31.1071,0.171
RGI60-05.14119,211162,69.2634,-29.8031,0.706
RGI60-05.14120,,69.4273,-30.6151,0.182
RGI60-05.14122,211163,69.4628,-30.3729,0.065
RGI60-05.14123,211164,69.4836,-29.8403,0.154
RGI60-05.14124,211165,69.4218,-28.8064,0.122
RGI60-05.14125,211166,68.7163,-27.8013,0.074
RGI60-05.14126,211167,68.7048,-27.6324,0.07
RGI60-05.14127,211168,68.76,-28.2334,0.338
RGI60-05.14128,211169,68.7638,-28.2167,0.343
RGI60-05.14129,211170,68.7688,-28.199,0.371
RGI60-05.14130,211171,68.7108,-27.3728,0.734
RGI60-05.14131,211172,68.7657,-27.4476,0.179
RGI60-05.14132,211173,68.7689,-27.2632,0.116
RGI60-05.14133,211174,68.7779,-27.3342,0.911
RGI60-05.14134,211175,68.7755,-27.2939,2.772
RGI60-05.14135,211176,68.7801,-27.249,0.667
RGI60-05.14136,211177,68.7887,-27.2534,0.459
RGI60-05.14137,211178,68.8187,-27.4178,0.38
RGI60-05.14138,211179,68.814,-27.2776,0.102
RGI60-05.14139,,68.8395,-27.3677,0.153
RGI60-05.14140,211180,68.7052,-27.0827,0.189
RGI60-05.14141,,68.7154,-27.0848,0.1
RGI60-05.14142,211181,68.7861,-27.1269,0.178
RGI60-05.14143,211182,68.7885,-27.1487,0.534
RGI60-05.14144,211183,68.8234,-27.1872,1.506
RGI60-05.14145,211184,68.7174,-26.7132,0.181
RGI60-05.14146,211185,68.6898,-27.1161,8.349
RGI60-05.14147,211186,68.6997,-27.4643,82.478
RGI60-05.14148,211187,68.7034,-26.8935,0.532
RGI60-05.14149,211188,68.7134,-26.9005,0.305
RGI60-05.14150,211189,68.7242,-26.7029,0.631
RGI60-05.14151,211190,68.7194,-26.6442,0.28
RGI60-05.14152,211191,68.7061,-26.5198,0.194
RGI60-05.14153,211192,68.7232,-26.6609,0.389
RGI60-05.14154,211193,68.7324,-26.6085,0.424
RGI60-05.14155,211194,68.7378,-26.6619,2.486
RGI60-05.14156,211195,68.7405,-26.5917,0.197
RGI60-05.14157,211196,68.7264,-26.4409,0.573
RGI60-05.14158,211197,68.7282,-26.3914,0.107
RGI60-05.14159,211198,68.7539,-26.5435,0.34
RGI60-05.14160,211199,68.7283,-26.3794,0.205
RGI60-05.14161,211200,68.7712,-26.7546,0.378
RGI60-05.14162,211201,68.7682,-26.7716,2.657
RGI60-05.14163,211202,68.7685,-26.6272,0.062
RGI60-05.14164,211203,68.741,-26.45,1.197
RGI60-05.14165,211204,68.7501,-26.5683,2.342
RGI60-05.14166,211205,68.8145,-27.156,0.098
RGI60-05.14167,211206,68.8156,-27.1243,0.264
RGI60-05.14168,211207,68.8165,-27.096,0.214
RGI60-05.14169,211208,68.8014,-26.9086,3.642
RGI60-05.14170,211209,68.7957,-26.8635,0.118
RGI60-05.14171,211210,68.8275,-27.1195,2.669
RGI60-05.14172,211211,68.8392,-27.1793,1.829
RGI60-05.14173,211212,68.8367,-27.1466,1.334
RGI60-05.14174,211213,68.8671,-27.227,0.088
RGI60-05.14175,211214,68.8685,-27.2084,0.107
RGI60-05.14176,211215,68.8371,-26.9152,0.548
RGI60-05.14177,211216,68.867,-27.0035,0.24
RGI60-05.14178,211217,68.8703,-26.9786,0.374
RGI60-05.14179,211218,68.8732,-26.9451,2.148
RGI60-05.14180,211219,68.7574,-26.6332,7.829
RGI60-05.14181,211220,68.7684,-26.5194,0.156
RGI60-05.14182,211221,68.7825,-26.6507,0.74
RGI60-05.14183,211222,68.7697,-26.5017,0.205
RGI60-05.14184,211223,68.7663,-26.4603,0.532
RGI60-05.14185,211224,68.7394,-26.3991,4.539
RGI60-05.14186,211225,68.793,-26.6639,0.154
RGI60-05.14187,211226,68.7625,-26.3892,0.178
RGI60-05.14188,211227,68.8026,-26.6725,1.212
RGI60-05.14189,211228,68.7703,-26.3616,0.544
RGI60-05.14190,211229,68.8253,-26.5433,1.518
RGI60-05.14191,211230,68.8278,-26.5038,1.671
RGI60-05.14192,211231,68.8162,-26.2634,0.669
RGI60-05.14193,211232,68.824,-26.304,1.601
RGI60-05.14194,211233,68.8388,-26.3446,0.668
RGI60-05.14195,211234,68.8147,-26.1327,0.199
RGI60-05.14196,211235,68.8458,-26.3333,0.598
RGI60-05.14197,211236,68.832,-26.2372,2.124
RGI60-05.14198,211237,68.8377,-26.307,0.702
RGI60-05.14199,211238,68.8323,-26.1903,0.291
RGI60-05.14200,211239,68.8356,-26.1111,0.143
RGI60-05.14201,211240,68.8453,-26.0943,0.461
RGI60-05.14202,211241,68.8335,-26.0853,0.248
RGI60-05.14203,211242,68.9124,-26.687,0.158
RGI60-05.14204,211243,68.9034,-26.5604,0.277
RGI60-05.14205,211244,68.8695,-26.287,0.499
RGI60-05.14206,211245,68.8986,-27.2987,0.256
RGI60-05.14207,211246,68.8764,-27.0304,0.722
RGI60-05.14208,211247,68.891,-27.0627,0.175
RGI60-05.14209,211248,68.8838,-27.0011,2.68
RGI60-05.14210,211249,68.9001,-27.0407,1.748
RGI60-05.14211,211250,68.938,-27.296,0.547
RGI60-05.14212,211251,68.9125,-27.0783,1.014
RGI60-05.14213,,68.9396,-27.2748,0.07
RGI60-05.14214,211252,68.9155,-27.0588,0.19
RGI60-05.14215,211253,68.948,-27.3298,0.268
RGI60-05.14216,211254,68.9444,-27.2743,0.188
RGI60-05.14217,,68.9554,-27.3275,0.1
RGI60-05.14218,211255,68.9446,-27.304,0.567
RGI60-05.14219,211256,68.9508,-27.2932,0.717
RGI60-05.14220,211257,68.9629,-27.3574,0.086
RGI60-05.14221,211258,68.9652,-27.3481,0.107
RGI60-05.14222,211259,68.9547,-27.09,0.393
RGI60-05.14223,211260,68.9485,-26.8514,0.234
RGI60-05.14224,211261,68.9743,-27.0957,0.982
RGI60-05.14225,211262,68.9757,-26.9699,0.101
RGI60-05.14226,211263,68.8864,-26.3434,0.304
RGI60-05.14227,211264,68.8827,-26.2902,0.083
RGI60-05.14228,211265,68.9207,-26.2971,0.052
RGI60-05.14229,211266,68.9229,-26.2446,0.307
RGI60-05.14230,,68.9075,-26.4345,0.136
RGI60-05.14231,211267,68.9217,-26.4422,0.221
RGI60-05.14232,211268,68.9628,-26.2596,0.143
RGI60-05.14233,211269,68.9953,-26.4619,0.143
RGI60-05.14234,211270,68.9943,-26.3002,0.13
RGI60-05.14235,211271,68.9964,-26.3117,0.192
RGI60-05.14236,211272,68.8726,-25.9855,0.053
RGI60-05.14237,211273,68.8684,-25.9539,0.121
RGI60-05.14238,211274,68.8746,-25.9682,0.083
RGI60-05.14239,211275,68.8955,-26.094,0.089
RGI60-05.14240,211276,68.8867,-26.0469,0.592
RGI60-05.14241,211277,68.8956,-26.0402,0.18
RGI60-05.14242,211278,68.8832,-26.0196,0.129
RGI60-05.14243,211279,68.8926,-26.0227,0.264
RGI60-05.14244,211280,68.8895,-25.8467,0.059
RGI60-05.14245,211281,68.8939,-25.8611,0.061
RGI60-05.14246,211282,68.8997,-25.8665,0.235
RGI60-05.14247,211283,68.8959,-25.8388,0.224
RGI60-05.14248,211284,68.9203,-26.124,0.096
RGI60-05.14249,211285,68.9306,-26.113,0.835
RGI60-05.14250,211286,68.9141,-26.0284,4.018
RGI60-05.14251,211287,68.938,-26.1168,0.472
RGI60-05.14252,211288,68.9182,-25.9715,0.112
RGI60-05.14253,211289,68.9383,-25.9624,0.251
RGI60-05.14254,211290,68.9023,-25.8195,0.073
RGI60-05.14255,211291,68.9046,-25.8428,0.251
RGI60-05.14256,211292,68.9076,-25.8727,0.644
RGI60-05.14257,211293,68.914,-25.896,0.109
RGI60-05.14258,211294,68.9157,-25.93,1.557
RGI60-05.14259,211295,68.893,-25.7372,1.608
RGI60-05.14260,211296,68.9109,-25.7496,0.135
RGI60-05.14261,211297,68.9027,-25.7825,1.72
RGI60-05.14262,211298,68.9144,-25.8078,0.943
RGI60-05.14263,211299,68.9163,-25.8386,1.966
RGI60-05.14264,211300,68.9761,-25.8193,0.169
RGI60-05.14265,211301,68.984,-25.8191,0.177
RGI60-05.14266,211302,68.9726,-25.7548,0.605
RGI60-05.14267,211303,68.9802,-26.0374,0.108
RGI60-05.14268,211304,68.9785,-25.9811,0.065
RGI60-05.14269,211305,68.9839,-26.0159,0.134
RGI60-05.14270,211306,68.9791,-25.9058,0.069
RGI60-05.14271,211307,68.9848,-25.9926,1.112
RGI60-05.14272,211308,68.9849,-25.8675,2.814
RGI60-05.14273,211309,68.9813,-25.7404,0.107
RGI60-05.14274,211310,68.9883,-25.8014,0.515
RGI60-05.14275,211311,68.9821,-25.7568,0.344
RGI60-05.14276,211312,68.9839,-25.7705,0.68
RGI60-05.14277,211313,68.9886,-25.7826,0.086
RGI60-05.14278,211314,68.9758,-25.626,0.188
RGI60-05.14279,211315,68.9903,-25.7413,0.304
RGI60-05.14280,211316,68.9817,-25.6947,0.979
RGI60-05.14281,211317,68.9964,-25.768,0.175
RGI60-05.14282,211318,68.9705,-25.5935,0.15
RGI60-05.14283,211319,68.9862,-25.6712,0.16
RGI60-05.14284,211320,68.974,-25.5699,0.131
RGI60-05.14285,211321,68.9784,-25.5877,0.085
RGI60-05.14286,211322,68.9837,-25.6366,0.545
RGI60-05.14287,211323,68.9871,-25.6034,0.609
RGI60-05.14288,211324,68.9846,-25.5705,0.691
RGI60-05.14289,211325,69.0071,-25.8223,10.507
RGI60-05.14290,211326,69.0039,-26.1832,0.415
RGI60-05.14291,211327,69.0136,-26.1655,0.089
RGI60-05.14292,211328,69.054,-25.9182,0.75
RGI60-05.14293,211329,69.0306,-25.8784,12.608
RGI60-05.14294,211330,69.0287,-25.734,0.129
RGI60-05.14295,211331,69.0267,-25.7122,0.262
RGI60-05.14296,211332,69.0296,-25.7039,0.095
RGI60-05.14297,211333,69.0245,-25.6445,0.132
RGI60-05.14298,211334,69.0928,-25.7716,0.229
RGI60-05.14299,211335,69.0285,-25.675,0.992
RGI60-05.14300,211336,69.0603,-25.8994,0.305
RGI60-05.14301,211337,69.0556,-25.8503,0.146
RGI60-05.14302,211338,69.0387,-25.7325,1.441
RGI60-05.14303,211339,69.0474,-25.7637,0.471
RGI60-05.14304,211340,69.0599,-25.7957,0.072
RGI60-05.14305,211341,69.0375,-25.6381,1.369
RGI60-05.14306,211342,69.0731,-25.7492,0.248
RGI60-05.14307,211343,69.0893,-25.7373,0.253
RGI60-05.14308,211344,69.0483,-25.3445,1.736
RGI60-05.14309,211345,69.0829,-25.5595,0.104
RGI60-05.14310,211346,69.0565,-25.3222,0.071
RGI60-05.14311,211347,69.0792,-25.5317,0.532
RGI60-05.14312,211348,69.0846,-25.548,0.232
RGI60-05.14313,211349,69.0882,-25.5839,0.968
RGI60-05.14314,211350,69.0551,-25.2919,0.264
RGI60-05.14315,211351,69.0897,-25.5376,0.077
RGI60-05.14316,211352,69.1132,-25.7292,0.057
RGI60-05.14317,211353,69.0873,-25.5114,0.205
RGI60-05.14318,211354,69.0785,-25.3721,0.653
RGI60-05.14319,211355,69.0842,-25.3975,0.478
RGI60-05.14320,211356,69.088,-25.4155,0.619
RGI60-05.14321,211357,69.0799,-25.3382,1.037
RGI60-05.14322,211358,69.0994,-25.5203,1.974
RGI60-05.14323,211359,69.0946,-25.4235,0.349
RGI60-05.14324,211360,69.1067,-25.5529,2.384
RGI60-05.14325,211361,69.1185,-25.5479,0.228
RGI60-05.14326,211362,69.1047,-25.4369,0.217
RGI60-05.14327,211363,69.1097,-25.4601,0.125
RGI60-05.14328,211364,69.1433,-25.7323,0.271
RGI60-05.14329,211365,69.1138,-25.5068,0.585
RGI60-05.14330,211366,69.1128,-25.4827,0.197
RGI60-05.14331,211367,69.13899231,-25.643341064,0.188
RGI60-05.14332,211368,69.0956,-25.361,3.735
RGI60-05.14333,211369,69.1144,-25.4187,0.671
RGI60-05.14334,211370,69.1494,-25.705,1.64
RGI60-05.14335,211371,69.1783,-25.6951,0.059
RGI60-05.14336,211372,69.1064,-25.3965,2.846
RGI60-05.14337,211373,69.1483,-25.6336,0.214
RGI60-05.14338,211374,69.1546,-25.64,0.461
RGI60-05.14339,211375,69.1333,-25.5197,5.798
RGI60-05.14340,211376,69.1271,-25.4429,6.87
RGI60-05.14341,211377,69.1189,-25.2162,0.108
RGI60-05.14342,211378,69.1492,-25.4755,2.666
RGI60-05.14343,211379,69.1092,-25.101,0.167
RGI60-05.14344,211380,69.1124,-25.1194,0.209
RGI60-05.14345,211381,69.1102,-25.0821,0.14
RGI60-05.14346,211382,69.1185,-25.1436,0.19
RGI60-05.14347,211383,69.1143,-25.1058,0.16
RGI60-05.14348,211384,69.1326,-25.2318,0.907
RGI60-05.14349,211385,69.1473,-25.2988,0.061
RGI60-05.14350,211386,69.1272,-25.1794,1.167
RGI60-05.14351,211387,69.1532,-25.283,0.158
RGI60-05.14352,211388,69.1424,-25.2134,0.523
RGI60-05.14353,211389,69.1572,-25.3191,1.266
RGI60-05.14354,211390,69.1685,-25.4369,4.772
RGI60-05.14355,211391,69.1902,-25.5392,0.05
RGI60-05.14356,211392,69.1776,-25.4711,0.946
RGI60-05.14357,211393,69.1746,-25.33,0.054
RGI60-05.14358,211394,69.1718,-25.3508,1.873
RGI60-05.14359,211395,69.1818,-25.3949,0.569
RGI60-05.14360,211396,69.1603,-25.1597,0.254
RGI60-05.14361,211397,69.1638,-25.1818,0.177
RGI60-05.14362,211398,69.1677,-25.1742,0.157
RGI60-05.14363,211399,69.203,-25.4382,0.11
RGI60-05.14364,211400,69.184,-25.2777,0.083
RGI60-05.14365,211401,69.2408,-25.7361,0.803
RGI60-05.14366,211402,69.2425,-25.6917,1.027
RGI60-05.14367,211403,69.163,-25.1003,0.319
RGI60-05.14368,211404,69.1723,-25.1632,0.244
RGI60-05.14369,211405,69.1898,-25.2627,0.273
RGI60-05.14370,211406,69.2372,-25.6473,0.118
RGI60-05.14371,211407,69.2021,-25.5708,0.537
RGI60-05.14372,211408,69.2393,-25.6303,0.052
RGI60-05.14373,211409,69.1913,-25.244,0.14
RGI60-05.14374,211410,69.244,-25.619,0.053
RGI60-05.14375,211411,69.2009,-25.2368,0.386
RGI60-05.14376,211412,69.249,-25.6454,1.454
RGI60-05.14377,211413,69.2001,-25.3825,12.735
RGI60-05.14378,211414,69.1935,-25.302,5.222
RGI60-05.14379,211415,69.2526,-25.6421,0.123
RGI60-05.14380,211416,69.1739,-25.0672,4.299
RGI60-05.14381,211417,69.2543,-25.6015,0.255
RGI60-05.14382,211418,69.2587,-25.6552,1.122
RGI60-05.14383,211419,69.199,-25.1102,1.751
RGI60-05.14384,211420,69.2034,-25.0826,0.306
RGI60-05.14385,211421,69.2741,-24.8948,0.276
RGI60-05.14386,211422,69.2582,-24.7381,0.173
RGI60-05.14387,211423,69.1831,-25.2216,14.108
RGI60-05.14388,211424,69.1911,-25.0245,1.261
RGI60-05.14389,211425,69.2006,-25.0598,1.364
RGI60-05.14390,211426,69.2676,-25.4461,0.118
RGI60-05.14391,211427,69.2873,-25.6023,0.804
RGI60-05.14392,211428,69.3133,-25.692,0.133
RGI60-05.14393,211429,69.2755,-25.4515,1.334
RGI60-05.14394,211430,69.2847,-25.4708,0.448
RGI60-05.14395,211431,69.2657,-25.297,0.118
RGI60-05.14396,211432,69.3031,-25.5895,0.629
RGI60-05.14397,211433,69.2967,-25.5134,0.129
RGI60-05.14398,211434,69.3266,-26.2142,0.108
RGI60-05.14399,211435,69.2912,-25.8252,0.056
RGI60-05.14400,211436,69.3225,-25.7215,0.213
RGI60-05.14401,211437,69.3239,-25.7124,0.197
RGI60-05.14402,211438,69.3851,-25.8759,0.268
RGI60-05.14403,211439,69.5284,-26.4511,0.754
RGI60-05.14404,211440,69.4681,-25.92,0.304
RGI60-05.14405,211441,69.4938,-26.0665,0.135
RGI60-05.14406,211442,69.5154,-26.2529,0.192
RGI60-05.14407,211443,69.4993,-26.0371,0.241
RGI60-05.14408,211444,69.5296,-26.2635,0.195
RGI60-05.14409,211445,69.5368,-26.2656,0.399
RGI60-05.14410,211446,69.5375,-26.2428,0.154
RGI60-05.14411,211447,69.4871,-25.7171,0.174
RGI60-05.14412,211448,69.4925,-25.6999,0.269
RGI60-05.14413,211449,69.5368,-25.9333,0.217
RGI60-05.14414,211450,69.2923,-25.4913,1.631
RGI60-05.14415,211451,69.2725,-25.3182,1.049
RGI60-05.14416,211452,69.3027,-25.6308,6.065
RGI60-05.14417,211453,69.2874,-25.3353,0.311
RGI60-05.14418,211454,69.2831,-25.2973,0.219
RGI60-05.14419,211455,69.3037,-25.5436,4.948
RGI60-05.14420,211456,69.2914,-25.3178,1.045
RGI60-05.14421,211457,69.3068,-25.3543,0.188
RGI60-05.14422,211458,69.2403,-24.7826,0.076
RGI60-05.14423,211459,69.3129,-25.3453,0.146
RGI60-05.14424,211460,69.314,-25.3302,0.358
RGI60-05.14425,211461,69.3019,-25.4947,0.085
RGI60-05.14426,211462,69.3057,-25.4248,18.306
RGI60-05.14427,211463,69.2841,-24.8799,0.363
RGI60-05.14428,211464,69.3433,-25.3024,0.18
RGI60-05.14429,211465,69.2685,-24.6988,0.26
RGI60-05.14430,211466,69.3354,-25.4408,0.112
RGI60-05.14431,211467,69.3407,-25.3805,7.951
RGI60-05.14433,211468,69.4081,-25.5229,0.146
RGI60-05.14434,211469,69.4356,-25.4733,0.709
RGI60-05.14435,211470,69.4371,-25.5046,1.198
RGI60-05.14436,211471,69.4376,-25.4533,0.349
RGI60-05.14437,211472,69.4433,-25.4421,0.679
RGI60-05.14438,211473,69.4764,-25.5542,0.321
RGI60-05.14439,211474,69.4806,-25.5982,0.509
RGI60-05.14440,211475,69.4798,-25.5365,0.673
RGI60-05.14441,211476,69.4847,-25.5299,0.166
RGI60-05.14442,211477,69.4855,-25.5139,0.734
RGI60-05.14443,211478,69.4872,-25.4822,0.488
RGI60-05.14444,211479,69.4856,-25.4573,0.283
RGI60-05.14445,211480,69.4846,-25.4359,0.075
RGI60-05.14446,211481,69.5163,-25.6497,0.915
RGI60-05.14447,211482,69.5188,-25.6237,0.181
RGI60-05.14448,211483,69.5267,-25.6303,0.78
RGI60-05.14449,211484,69.3056,-24.9621,0.117
RGI60-05.14450,211485,69.271,-24.6822,0.311
RGI60-05.14451,211486,69.3565,-25.3559,2.572
RGI60-05.14452,211487,69.3833,-25.2781,0.332
RGI60-05.14453,211488,69.3947,-25.2682,0.167
RGI60-05.14454,211489,69.3998,-25.2857,0.084
RGI60-05.14455,211490,69.4033,-25.2646,0.396
RGI60-05.14456,211491,69.4027,-25.2412,0.052
RGI60-05.14457,211492,69.4557,-25.3981,0.544
RGI60-05.14458,211493,69.4608,-25.3778,0.117
RGI60-05.14459,211494,69.4886,-25.4291,0.268
RGI60-05.14460,211495,69.2945,-24.8452,0.235
RGI60-05.14461,211496,69.2932,-24.8257,0.114
RGI60-05.14462,211497,69.2983,-24.8787,1.049
RGI60-05.14463,211498,69.2758,-24.631,0.201
RGI60-05.14464,211499,69.3111,-24.884,0.227
RGI60-05.14465,211500,69.3173,-24.8826,0.068
RGI60-05.14466,211501,69.323,-24.908,0.116
RGI60-05.14467,211502,69.3055,-24.8118,0.857
RGI60-05.14468,211503,69.3457,-25.0661,0.385
RGI60-05.14469,211504,69.3275,-24.9571,4.206
RGI60-05.14470,211505,69.3137,-24.8401,2.142
RGI60-05.14471,211506,69.3525,-25.0429,0.381
RGI60-05.14472,211507,69.3251,-24.8609,2.079
RGI60-05.14473,211508,69.3289,-24.8279,0.059
RGI60-05.14474,211509,69.3554,-25.0192,0.099
RGI60-05.14475,211510,69.3591,-25.0121,0.055
RGI60-05.14476,211511,69.3626,-25.0434,0.427
RGI60-05.14477,211512,69.3254,-24.7232,0.079
RGI60-05.14478,211513,69.3541,-24.9364,0.258
RGI60-05.14479,211514,69.3372,-24.8697,3.766
RGI60-05.14480,211515,69.3309,-24.708,0.175
RGI60-05.14481,211516,69.3262,-24.6835,0.52
RGI60-05.14482,211517,69.3411,-24.7567,0.089
RGI60-05.14483,211518,69.3709,-25.0149,1.3
RGI60-05.14484,211519,69.344,-24.7256,0.36
RGI60-05.14485,211520,69.3718,-24.9029,0.244
RGI60-05.14486,211521,69.385,-24.996,4.333
RGI60-05.14487,211522,69.3987,-25.0046,0.149
RGI60-05.14488,211523,69.3718,-24.7849,0.18
RGI60-05.14489,211524,69.3976,-24.984,0.267
RGI60-05.14490,211525,69.3733,-24.7648,0.09
RGI60-05.14491,211526,69.3926,-24.9356,0.264
RGI60-05.14492,211527,69.4034,-24.9909,0.26
RGI60-05.14493,211528,69.4039,-24.9639,2.369
RGI60-05.14494,211529,69.4059,-24.8963,0.168
RGI60-05.14495,211530,69.4012,-24.8199,0.197
RGI60-05.14496,211531,69.3491,-24.987,5.554
RGI60-05.14497,211532,69.4143,-24.9334,2.415
RGI60-05.14498,211533,69.3593,-24.8684,16.592
RGI60-05.14499,211534,69.4051,-24.8555,1.784
RGI60-05.14500,211535,69.4078,-24.8043,0.542
RGI60-05.14501,211536,69.418,-24.8541,0.427
RGI60-05.14502,211537,69.4132,-24.8012,0.086
RGI60-05.14503,211538,69.4256,-24.8973,4.539
RGI60-05.14504,211539,69.4181,-24.8129,1.775
RGI60-05.14505,211540,69.4358,-24.8225,0.217
RGI60-05.14506,211541,69.4448,-24.6307,0.16
RGI60-05.14507,211542,69.4216,-24.4759,0.164
RGI60-05.14508,211543,69.4999,-24.3502,0.307
RGI60-05.14509,211544,70.1488,-27.0243,0.108
RGI60-05.14510,211545,69.4308,-24.5286,0.113
RGI60-05.14511,211546,70.0827,-26.6693,0.541
RGI60-05.14512,,69.51,-24.3193,0.203
RGI60-05.14513,211547,69.5326,-24.4961,0.336
RGI60-05.14514,211548,69.6899,-23.8549,0.215
RGI60-05.14515,211549,70.2173,-26.0546,0.177
RGI60-05.14516,211550,70.183,-26.1615,0.148
RGI60-05.14517,211551,70.1816,-26.1358,0.073
RGI60-05.14518,211552,70.1585,-25.933,0.193
RGI60-05.14519,211553,70.1863,-26.1533,0.127
RGI60-05.14520,211554,70.085,-25.9169,0.222
RGI60-05.14521,211555,69.8782,-23.8139,0.221
RGI60-05.14522,211556,69.8786,-23.7935,0.357
RGI60-05.14523,211557,69.9019,-23.8701,0.181
RGI60-05.14524,211558,69.9062,-23.839,0.071
RGI60-05.14525,211559,69.8841,-23.6874,0.465
RGI60-05.14526,211560,69.943,-24.069,1.585
RGI60-05.14527,211561,69.9031,-23.6219,0.419
RGI60-05.14528,211562,69.9149,-23.6415,0.225
RGI60-05.14529,211563,69.9151,-23.6244,0.174
RGI60-05.14530,,70.0676,-27.0321,0.372
RGI60-05.14531,211564,70.0958,-26.2668,0.131
RGI60-05.14532,211565,69.6244,-24.6114,0.098
RGI60-05.14533,211566,69.9624,-24.1205,0.347
RGI60-05.14534,211567,69.9903,-27.8844,0.15
RGI60-05.14535,211568,69.938,-28.17,0.059
RGI60-05.14536,211569,69.5286,-24.5551,0.31
RGI60-05.14537,211570,69.6069,-26.0938,0.278
RGI60-05.14538,211571,69.626,-26.2069,0.178
RGI60-05.14539,211572,69.5974,-25.9783,0.687
RGI60-05.14540,211573,69.5518,-25.6447,0.076
RGI60-05.14541,211574,69.5528,-25.6383,0.073
RGI60-05.14542,211575,69.5139,-24.4553,0.569
RGI60-05.14543,211576,69.4312,-24.5424,0.239
RGI60-05.14544,211577,69.4499,-24.8678,0.274
RGI60-05.14545,211578,69.4168,-24.5933,0.191
RGI60-05.14546,211579,69.4501,-24.9999,3.211
RGI60-05.14547,211580,69.4489,-25.0323,3.359
RGI60-05.14548,211581,69.4678,-25.0054,2.768
RGI60-05.14549,211582,69.5172,-25.3283,0.076
RGI60-05.14550,211583,69.4259,-24.6246,0.311
RGI60-05.14551,211584,69.4193,-24.433,0.13
RGI60-05.14552,211585,69.4433,-24.8637,2.972
RGI60-05.14553,211586,69.4145,-24.5002,0.115
RGI60-05.14554,211587,69.4231,-24.5802,0.245
RGI60-05.14555,211588,69.4376,-24.6075,0.702
RGI60-05.14556,211589,69.4226,-24.4537,0.561
RGI60-05.14557,211590,69.4379,-24.5489,0.361
RGI60-05.14558,211591,69.5187,-24.4701,0.338
RGI60-05.14559,211592,69.436,-24.571,1.594
RGI60-05.14560,211593,69.439,-24.5097,0.845
RGI60-05.14561,211594,69.4359,-24.4665,1.713
RGI60-05.14562,211595,69.5366,-25.4817,0.443
RGI60-05.14563,211596,69.5469,-25.5439,0.218
RGI60-05.14564,211597,69.5398,-25.5068,1.622
RGI60-05.14565,211598,69.5254,-25.3246,0.051
RGI60-05.14566,211599,69.5395,-25.456,0.52
RGI60-05.14567,211600,69.5503,-25.5144,0.897
RGI60-05.14568,211601,69.5351,-25.3609,0.534
RGI60-05.14569,211602,69.5434,-25.409,0.763
RGI60-05.14570,211603,69.5294,-25.309,3.143
RGI60-05.14571,211604,69.5481,-25.4469,1.939
RGI60-05.14572,211605,69.5773,-25.5807,0.267
RGI60-05.14573,211606,69.5492,-25.3758,1.093
RGI60-05.14574,211607,69.5356,-25.2678,2.859
RGI60-05.14575,211608,69.6177,-25.7439,0.243
RGI60-05.14576,211609,69.5482,-25.2361,3.302
RGI60-05.14577,211610,69.5291,-24.9896,0.135
RGI60-05.14578,211611,69.63,-25.4109,0.768
RGI60-05.14579,211612,69.6352,-25.4316,0.464
RGI60-05.14580,211613,69.6409,-25.4427,0.706
RGI60-05.14581,211614,69.6475,-25.4532,0.697
RGI60-05.14582,211615,69.654,-25.4806,0.361
RGI60-05.14583,211616,69.6486,-25.4103,0.095
RGI60-05.14584,211617,69.6599,-25.4523,0.962
RGI60-05.14585,211618,69.638,-25.2421,0.772
RGI60-05.14586,211619,69.6718,-25.4955,0.389
RGI60-05.14587,211620,69.6678,-25.4494,0.16
RGI60-05.14588,211621,69.6343,-25.2137,2.241
RGI60-05.14589,211622,69.6502,-25.2501,0.628
RGI60-05.14590,211623,69.6492,-25.2243,0.197
RGI60-05.14591,211624,69.6486,-25.1891,0.631
RGI60-05.14592,211625,69.659,-25.2575,0.685
RGI60-05.14593,211626,69.7163,-25.6785,0.264
RGI60-05.14594,211627,69.6906,-25.3283,0.895
RGI60-05.14595,211628,69.7066,-25.3948,0.275
RGI60-05.14597,211629,69.6873,-25.1846,2.646
RGI60-05.14598,211630,69.6709,-25.2047,4.225
RGI60-05.14599,211631,69.7267,-25.3122,0.356
RGI60-05.14600,211632,69.7911,-25.5384,0.148
RGI60-05.14601,211633,69.477,-24.6958,2.904
RGI60-05.14602,211634,69.5251,-24.9671,5.495
RGI60-05.14603,211635,69.5062,-24.6241,3.329
RGI60-05.14604,211636,69.4624,-24.2098,1.13
RGI60-05.14605,211637,69.4906,-24.3489,0.109
RGI60-05.14606,211638,69.4956,-24.3906,0.742
RGI60-05.14607,211639,69.5025,-24.4111,0.276
RGI60-05.14608,211640,69.5219,-24.5693,0.457
RGI60-05.14609,211641,69.5469,-24.6358,0.324
RGI60-05.14610,211642,69.5385,-24.6586,3.741
RGI60-05.14611,211643,69.5117,-24.2226,1.154
RGI60-05.14612,211644,69.5268,-24.3229,0.327
RGI60-05.14613,211645,69.5896,-24.7739,0.803
RGI60-05.14614,211646,69.6575,-25.038,0.458
RGI60-05.14615,211647,69.6645,-25.0268,0.771
RGI60-05.14616,211648,69.659,-25.0011,1.443
RGI60-05.14617,211649,69.673,-25.0347,0.468
RGI60-05.14618,211650,69.6613,-24.7948,0.129
RGI60-05.14619,211651,69.6802,-24.9136,0.477
RGI60-05.14620,211652,69.6674,-24.7985,0.168
RGI60-05.14621,211653,69.6883,-24.9589,0.383
RGI60-05.14622,211654,69.7014,-25.0528,0.652
RGI60-05.14623,211655,69.6877,-24.9419,1.553
RGI60-05.14624,211656,69.6687,-24.7736,0.774
RGI60-05.14625,211657,69.716,-25.0754,0.296
RGI60-05.14626,211658,69.6918,-24.9144,0.628
RGI60-05.14627,211659,69.7016,-24.9435,0.763
RGI60-05.14628,211660,69.6836,-24.7951,1.208
RGI60-05.14629,211661,69.765,-25.1738,0.105
RGI60-05.14630,211662,69.7619,-25.1528,0.608
RGI60-05.14631,211663,69.7888,-25.2477,0.165
RGI60-05.14632,211664,69.5555,-24.4446,1.265
RGI60-05.14633,211665,69.5241,-24.2898,1.897
RGI60-05.14634,211666,69.5558,-24.4106,0.065
RGI60-05.14635,211667,69.5541,-24.3874,0.073
RGI60-05.14636,211668,69.5327,-24.3997,13.374
RGI60-05.14637,211669,69.5686,-24.452,0.712
RGI60-05.14638,211670,69.5785,-24.7593,14.709
RGI60-05.14639,211671,69.6802,-24.6981,0.103
RGI60-05.14640,211672,69.6881,-24.7044,0.333
RGI60-05.14641,211673,69.5872,-24.3717,0.62
RGI60-05.14642,211674,70.0269,-28.0746,0.384
RGI60-05.14643,211675,69.6287,-24.4725,0.272
RGI60-05.14644,211676,70.0463,-28.2103,0.188
RGI60-05.14645,211677,70.0079,-27.7901,0.489
RGI60-05.14646,211678,69.6165,-24.4002,0.082
RGI60-05.14647,211679,69.6408,-24.5108,0.086
RGI60-05.14648,211680,69.6454,-24.4937,0.213
RGI60-05.14649,211681,69.6384,-24.4565,1.675
RGI60-05.14650,211682,69.6948,-24.6861,0.823
RGI60-05.14651,211683,69.7131,-24.6349,0.573
RGI60-05.14652,211684,69.7142,-24.6061,0.794
RGI60-05.14653,211685,69.7432,-24.7237,0.582
RGI60-05.14654,211686,69.7251,-24.5519,0.297
RGI60-05.14655,211687,69.7946,-24.6953,0.064
RGI60-05.14656,211688,69.7985,-24.7084,0.243
RGI60-05.14657,211689,69.8183,-24.8063,0.061
RGI60-05.14658,211690,69.6325,-24.2683,1.049
RGI60-05.14659,211691,69.6417,-24.341,1.324
RGI60-05.14660,211692,69.6806,-24.3647,0.538
RGI60-05.14661,211693,69.6524,-24.2547,0.818
RGI60-05.14662,211694,69.6593,-24.2667,0.372
RGI60-05.14663,211695,69.947,-26.9525,0.093
RGI60-05.14664,,69.9557,-27.0091,0.111
RGI60-05.14665,211696,69.9712,-26.9308,0.182
RGI60-05.14666,211697,69.9803,-27.0104,0.311
RGI60-05.14667,211698,70.0064,-27.1512,0.273
RGI60-05.14668,211699,70.0056,-27.0851,0.054
RGI60-05.14669,211700,69.6467,-23.8534,0.361
RGI60-05.14670,211701,69.654,-23.8613,0.198
RGI60-05.14671,211702,69.6854,-24.0883,0.211
RGI60-05.14672,211703,69.6625,-23.8838,0.11
RGI60-05.14673,211704,69.6951,-24.1174,0.083
RGI60-05.14674,211705,69.6649,-23.8972,0.144
RGI60-05.14675,211706,69.7152,-24.2488,0.129
RGI60-05.14676,211707,69.7587,-24.361,0.169
RGI60-05.14677,211708,69.7529,-24.3949,1.36
RGI60-05.14678,211709,69.785,-24.5659,0.447
RGI60-05.14679,211710,69.7691,-24.4369,0.726
RGI60-05.14680,211711,69.7778,-24.4697,0.393
RGI60-05.14681,211712,69.7723,-24.4109,0.29
RGI60-05.14682,211713,69.7841,-24.4889,0.189
RGI60-05.14683,211714,69.7871,-24.536,0.683
RGI60-05.14684,211715,69.793,-24.5039,1.431
RGI60-05.14685,211716,69.8109,-24.5535,0.055
RGI60-05.14686,211717,69.8445,-24.5033,0.151
RGI60-05.14687,211718,69.6747,-23.944,0.608
RGI60-05.14688,211719,69.6804,-23.9761,0.526
RGI60-05.14689,211720,69.6703,-23.8739,0.389
RGI60-05.14690,211721,69.6757,-23.8897,0.172
RGI60-05.14691,211722,69.689,-24.0085,0.959
RGI60-05.14692,211723,69.6649,-23.791,0.173
RGI60-05.14693,211724,69.669,-23.8158,0.235
RGI60-05.14694,211725,69.6792,-23.8672,0.557
RGI60-05.14695,211726,69.684,-23.9022,0.374
RGI60-05.14696,211727,69.6674,-23.7421,0.397
RGI60-05.14697,211728,69.6642,-23.7597,0.371
RGI60-05.14698,211729,69.7238,-24.1666,0.673
RGI60-05.14699,211730,69.7011,-24.0661,6.34
RGI60-05.14700,211731,69.675,-23.761,0.356
RGI60-05.14701,211732,69.7092,-23.9119,0.091
RGI60-05.14702,211733,69.6811,-23.7373,0.427
RGI60-05.14703,211734,69.708,-23.9329,0.547
RGI60-05.14704,211735,69.7179,-23.9416,0.13
RGI60-05.14705,211736,69.6975,-23.8781,2.618
RGI60-05.14706,211737,69.7077,-23.8939,1.528
RGI60-05.14707,211738,69.7366,-24.1308,3.617
RGI60-05.14708,211739,70.0874,-26.9279,0.309
RGI60-05.14709,211740,69.7647,-24.0261,2.714
RGI60-05.14710,211741,69.7048,-23.9733,9.83
RGI60-05.14711,211742,69.7299,-23.9489,0.15
RGI60-05.14712,211743,69.7094,-23.777,0.372
RGI60-05.14713,211744,70.1503,-27.0549,0.4
RGI60-05.14714,211745,69.7494,-24.0782,4.044
RGI60-05.14715,211746,69.7539,-24.03,0.337
RGI60-05.14716,211747,69.7593,-24.0562,0.208
RGI60-05.14717,,69.8358,-24.204,0.43
RGI60-05.14718,211748,69.7293,-23.9108,1.312
RGI60-05.14719,211749,69.781,-24.0007,1.634
RGI60-05.14720,211750,69.797,-24.0013,0.216
RGI60-05.14721,211751,69.8724,-24.0566,0.461
RGI60-05.14722,211752,69.9166,-24.0299,0.113
RGI60-05.14723,211753,70.1351,-26.8932,0.379
RGI60-05.14724,211754,69.7558,-23.6376,0.449
RGI60-05.14725,211755,70.047,-26.3158,1.282
RGI60-05.14726,211756,70.08,-26.2041,0.636
RGI60-05.14727,211757,69.7215,-25.9919,0.086
RGI60-05.14728,211758,69.7764,-25.8611,0.352
RGI60-05.14729,211759,70.068,-26.0512,0.075
RGI60-05.14730,211760,70.0751,-26.1125,0.344
RGI60-05.14731,211761,70.0785,-26.1566,0.681
RGI60-05.14732,211762,69.778,-23.7363,0.195
RGI60-05.14733,211763,69.7683,-23.6612,1.343
RGI60-05.14734,211764,69.7898,-23.7797,0.163
RGI60-05.14735,211765,70.1776,-26.9097,0.364
RGI60-05.14736,211766,69.7707,-23.5844,0.246
RGI60-05.14737,211767,70.1775,-26.8812,1.073
RGI60-05.14738,211768,70.1905,-26.9155,0.135
RGI60-05.14739,211769,69.7904,-23.6411,0.441
RGI60-05.14740,211770,70.1909,-26.8824,0.298
RGI60-05.14741,211771,69.7937,-23.7337,5.454
RGI60-05.14742,211772,69.7984,-23.7742,1.297
RGI60-05.14743,211773,69.8636,-23.86,0.122
RGI60-05.14744,211774,69.8656,-23.8384,0.12
RGI60-05.14745,211775,69.7981,-23.6521,0.798
RGI60-05.14746,211776,69.8014,-23.6317,0.088
RGI60-05.14747,211777,70.1168,-26.101,0.121
RGI60-05.14748,211778,70.1828,-26.6344,0.107
RGI60-05.14749,211779,70.1984,-26.8567,1.789
RGI60-05.14750,211780,70.2005,-26.757,0.277
RGI60-05.14751,211781,70.1287,-26.1732,1.156
RGI60-05.14752,211782,70.2021,-26.8296,1.28
RGI60-05.14753,211783,70.1196,-26.257,2.169
RGI60-05.14754,211784,70.1261,-26.2341,0.152
RGI60-05.14755,211785,70.133,-26.269,0.846
RGI60-05.14756,211786,70.1255,-26.2112,1.923
RGI60-05.14757,211787,70.1389,-26.2496,0.499
RGI60-05.14758,211788,70.1463,-26.229,0.588
RGI60-05.14759,211789,70.2012,-26.7963,0.157
RGI60-05.14760,211790,70.2027,-26.7814,1.642
RGI60-05.14761,211791,70.1948,-26.6053,0.125
RGI60-05.14762,211792,70.2042,-26.6643,0.151
RGI60-05.14763,211793,70.1871,-26.5125,0.168
RGI60-05.14764,211794,70.0985,-25.8933,0.077
RGI60-05.14765,211795,70.1261,-25.9757,0.057
RGI60-05.14766,211796,69.7953,-23.3913,0.353
RGI60-05.14767,211797,70.2005,-26.6004,0.239
RGI60-05.14768,211798,70.1558,-26.4714,0.705
RGI60-05.14769,211799,70.183,-26.4405,0.132
RGI60-05.14770,211800,70.1363,-26.0308,0.1
RGI60-05.14771,211801,70.207,-26.6383,0.686
RGI60-05.14772,211802,70.1803,-26.6121,10.124
RGI60-05.14773,211803,70.1494,-26.0432,0.465
RGI60-05.14774,211804,70.1525,-26.0218,0.071
RGI60-05.14775,211805,70.1936,-25.94,1.586
RGI60-05.14776,211806,70.085,-26.617,0.051
RGI60-05.14777,211807,70.0872,-26.6281,0.58
RGI60-05.14778,211808,70.0891,-26.6053,0.209
RGI60-05.14779,211809,70.0934,-26.6362,0.114
RGI60-05.14780,211810,70.0949,-26.5846,0.313
RGI60-05.14781,211811,70.1117,-26.5511,0.384
RGI60-05.14782,211812,70.143,-26.5574,0.25
RGI60-05.14783,211813,70.1473,-26.6188,0.454
RGI60-05.14784,211814,70.1441,-26.5371,0.19
RGI60-05.14785,211815,70.1523,-26.5052,0.543
RGI60-05.14786,211816,70.1583,-26.6192,0.417
RGI60-05.14787,211817,70.1662,-26.5313,13.123
RGI60-05.14788,211818,70.1889,-26.4858,0.673
RGI60-05.14789,211819,70.2178,-26.7465,0.627
RGI60-05.14790,211820,70.1446,-26.0123,1.273
RGI60-05.14791,211821,69.8117,-23.3458,0.439
RGI60-05.14792,211822,70.1548,-25.998,0.103
RGI60-05.14793,211823,70.1492,-25.974,0.633
RGI60-05.14794,211824,70.1794,-26.1438,0.102
RGI60-05.14795,211825,70.1805,-26.116,0.929
RGI60-05.14796,211826,70.1973,-26.1694,0.306
RGI60-05.14797,211827,70.1893,-26.0912,0.17
RGI60-05.14798,211828,70.1793,-25.9598,0.169
RGI60-05.14799,211829,70.1963,-26.1313,2.64
RGI60-05.14800,211830,70.1925,-26.06,1.351
RGI60-05.14801,211831,70.189,-26.0319,1.583
RGI60-05.14802,211832,70.1893,-25.9676,0.516
RGI60-05.14803,211833,70.1867,-25.9278,0.3
RGI60-05.14804,211834,69.8973,-23.5694,1.026
RGI60-05.14805,211835,69.9063,-23.6,0.261
RGI60-05.14806,211836,70.2183,-26.1149,4.421
RGI60-05.14807,211837,70.2166,-25.985,0.31
RGI60-05.14808,211838,70.2099,-25.8838,0.218
RGI60-05.14809,211839,70.2324,-26.0587,1.286
RGI60-05.14810,211840,70.2437,-26.0288,0.084
RGI60-05.14811,211841,70.2052,-25.9162,0.301
RGI60-05.14812,211842,70.1989,-25.9871,3.701
RGI60-05.14813,211843,70.1997,-25.91,0.106
RGI60-05.14814,211844,70.2054,-25.9296,0.258
RGI60-05.14815,211845,70.2022,-26.029,0.17
RGI60-05.14816,211846,70.2158,-25.9571,3.059
RGI60-05.14817,211847,70.1256,-25.374,0.22
RGI60-05.14818,211848,70.2196,-26.0181,4.494
RGI60-05.14819,211849,69.9288,-23.4932,0.299
RGI60-05.14820,211850,70.2285,-25.8458,0.107
RGI60-05.14821,211851,69.929,-23.4619,0.344
RGI60-05.14822,211852,69.9176,-23.5355,16.574
RGI60-05.14823,211853,69.9258,-23.3913,0.109
RGI60-05.14824,211854,69.9357,-23.4815,1.08
RGI60-05.14825,211855,69.9285,-23.4243,0.96
RGI60-05.14826,211856,70.3441,-30.4112,0.067
RGI60-05.14827,211857,69.9793,-28.9093,1.287
RGI60-05.14828,211858,70.3298,-30.3552,0.227
RGI60-05.14829,211859,70.3313,-30.3332,0.134
RGI60-05.14830,211860,69.9753,-28.8782,3.428
RGI60-05.14831,211861,70.0243,-28.4552,0.338
RGI60-05.14832,211862,70.1704,-29.7956,0.118
RGI60-05.14833,211863,70.1769,-29.789,0.267
RGI60-05.14834,211864,70.3368,-30.4055,0.151
RGI60-05.14835,211865,70.1867,-29.7924,0.411
RGI60-05.14836,211866,70.1901,-29.7689,0.068
RGI60-05.14837,211867,70.1927,-29.7768,0.079
RGI60-05.14838,211868,70.1936,-29.8074,0.064
RGI60-05.14839,211869,70.1933,-29.0433,0.278
RGI60-05.14844,211870,70.2659,-29.851,0.135
RGI60-05.14845,211871,70.281,-29.8434,0.059
RGI60-05.14848,211872,70.0669,-28.7755,4.311
RGI60-05.14853,211873,70.0902,-28.7632,1.499
RGI60-05.14854,211874,69.9853,-29.0184,3.062
RGI60-05.14863,211875,69.9978,-29.0287,0.673
RGI60-05.14864,211876,70.0826,-28.7346,2.879
RGI60-05.14865,211877,69.9755,-28.9881,3.472
RGI60-05.14866,211878,70.3011,-25.0767,0.07
RGI60-05.14867,211879,70.2473,-25.4067,0.315
RGI60-05.14868,211880,70.2955,-24.7624,0.171
RGI60-05.14869,211881,70.2066,-25.0425,0.286
RGI60-05.14870,,70.0773,-23.9658,0.932
RGI60-05.14871,211882,70.1066,-23.9287,0.184
RGI60-05.14874,211883,70.2811,-25.4157,0.295
RGI60-05.14875,211884,70.2858,-25.4315,0.283
RGI60-05.14876,211885,70.1765,-25.3346,0.64
RGI60-05.14877,211886,70.3278,-25.3631,0.425
RGI60-05.14878,211887,70.1787,-25.3509,0.617
RGI60-05.14879,211888,70.1739,-25.3052,0.966
RGI60-05.14880,211889,70.1729,-25.2762,1.041
RGI60-05.14881,211890,69.9253,-23.329,0.697
RGI60-05.14882,211891,70.0223,-23.3504,0.685
RGI60-05.14883,211892,70.0228,-23.5834,0.248
RGI60-05.14884,211893,70.0287,-23.4385,0.092
RGI60-05.14885,211894,70.016,-23.3867,0.306
RGI60-05.14886,211895,70.1703,-25.2252,0.545
RGI60-05.14887,211896,70.2475,-25.7906,0.102
RGI60-05.14888,211897,70.2658,-25.8112,0.132
RGI60-05.14889,211898,70.2288,-25.4559,0.193
RGI60-05.14890,211899,70.1943,-25.2915,7.464
RGI60-05.14891,211900,69.9364,-23.2015,0.766
RGI60-05.14892,211901,70.2115,-25.3017,0.895
RGI60-05.14893,211902,70.2363,-25.4669,0.082
RGI60-05.14894,211903,70.2732,-25.8475,1.247
RGI60-05.14895,211904,70.2739,-25.7834,1.809
RGI60-05.14896,211905,70.2233,-25.3026,1.334
RGI60-05.14897,211906,70.2902,-25.7701,0.996
RGI60-05.14898,,70.286,-25.7859,0.232
RGI60-05.14899,211907,70.238,-25.2976,0.265
RGI60-05.14900,211908,70.2665,-25.5126,0.123
RGI60-05.14901,211909,70.2704,-25.5333,0.355
RGI60-05.14902,211910,70.2515,-25.4309,2.421
RGI60-05.14903,211911,70.2909,-25.7428,1.417
RGI60-05.14904,211912,70.28,-25.752,0.502
RGI60-05.14905,211913,70.2201,-25.0744,0.104
RGI60-05.14906,211914,70.2744,-25.5125,1.15
RGI60-05.14907,211915,70.2487,-25.3244,0.996
RGI60-05.14908,211916,70.3051,-25.7236,0.284
RGI60-05.14909,211917,69.995,-22.7675,0.113
RGI60-05.14910,211918,70.2837,-25.3944,0.508
RGI60-05.14911,211919,70.2578,-25.13,0.079
RGI60-05.14912,211920,70.2841,-25.364,0.498
RGI60-05.14913,211921,70.2521,-25.1051,0.737
RGI60-05.14914,211922,70.2588,-25.1106,0.427
RGI60-05.14915,211923,70.322,-25.6052,0.183
RGI60-05.14916,211924,70.3024,-25.3868,0.135
RGI60-05.14917,211925,70.3279,-25.5948,0.083
RGI60-05.14918,,70.3188,-25.4955,0.058
RGI60-05.14919,211926,70.1639,-24.2689,0.272
RGI60-05.14920,211927,70.2745,-25.128,0.193
RGI60-05.14921,211928,70.3312,-25.5787,0.153
RGI60-05.14922,211929,70.2733,-25.1102,0.337
RGI60-05.14923,211930,70.3094,-25.3967,0.773
RGI60-05.14924,211931,70.13,-23.9569,1.405
RGI60-05.14925,211932,70.338,-25.5499,0.082
RGI60-05.14926,211933,70.2857,-25.128,0.267
RGI60-05.14927,211934,70.2474,-24.8013,0.149
RGI60-05.14928,211935,70.3279,-25.4538,0.227
RGI60-05.14929,211936,69.9798,-22.6549,0.14
RGI60-05.14930,211937,70.2051,-24.4404,0.473
RGI60-05.14931,211938,70.2365,-24.4923,0.187
RGI60-05.14932,211939,70.2917,-25.1285,0.2
RGI60-05.14933,211940,69.9862,-22.7924,0.144
RGI60-05.14934,211941,70.265,-24.9111,0.337
RGI60-05.14935,211942,70.3446,-25.5451,0.13
RGI60-05.14936,211943,70.2515,-24.8205,0.902
RGI60-05.14937,211944,69.9852,-22.7636,0.187
RGI60-05.14938,211945,70.2963,-25.1117,0.696
RGI60-05.14939,211946,69.9971,-22.7848,0.102
RGI60-05.14940,211947,70.1436,-23.9923,5.928
RGI60-05.14941,211948,70.1322,-23.9751,0.114
RGI60-05.14942,211949,69.9928,-22.7992,0.088
RGI60-05.14943,211950,70.1598,-24.0173,0.172
RGI60-05.14944,211951,69.9953,-22.8176,0.433
RGI60-05.14945,211952,70.3012,-25.1457,0.181
RGI60-05.14946,211953,70.2955,-25.0855,0.168
RGI60-05.14947,211954,70.1568,-23.9893,0.445
RGI60-05.14948,211955,69.9844,-22.6672,0.255
RGI60-05.14949,211956,70.007,-22.8391,0.297
RGI60-05.14950,211957,70.3296,-25.3905,0.106
RGI60-05.14951,211958,70.3352,-25.4,0.492
RGI60-05.14952,211959,70.3278,-25.3962,0.087
RGI60-05.14953,211960,70.2071,-24.3356,0.804
RGI60-05.14954,211961,70.2812,-24.936,0.828
RGI60-05.14955,211962,70.3086,-25.124,0.203
RGI60-05.14956,211963,70.3047,-25.1017,0.847
RGI60-05.14957,211964,70.2869,-24.9567,0.584
RGI60-05.14958,211965,70.262,-24.7217,0.249
RGI60-05.14959,211966,69.9999,-22.7375,0.141
RGI60-05.14960,211967,70.0132,-22.8296,0.1
RGI60-05.14961,211968,70.2921,-24.9805,0.439
RGI60-05.14962,211969,70.3114,-25.1071,0.102
RGI60-05.14963,211970,70.3388,-25.3638,0.571
RGI60-05.14964,211971,70.2869,-24.901,0.123
RGI60-05.14965,211972,70.0186,-22.8522,0.426
RGI60-05.14966,211973,70.3453,-25.3794,0.124
RGI60-05.14967,211974,70.172,-24.0078,1.053
RGI60-05.14968,211975,70.3187,-25.1166,0.265
RGI60-05.14969,211976,70.345,-25.3287,0.169
RGI60-05.14970,211977,70.2992,-24.9444,0.195
RGI60-05.14971,211978,70.3003,-24.9894,1.869
RGI60-05.14972,,70.2739,-24.6765,0.075
RGI60-05.14973,211979,70.3137,-24.9855,0.25
RGI60-05.14974,211980,70.3094,-24.9539,0.739
RGI60-05.14975,211981,70.2866,-24.7519,0.296
RGI60-05.14976,211982,69.9874,-22.4971,0.571
RGI60-05.14977,211983,70.3229,-25.0051,0.299
RGI60-05.14978,211984,70.286,-24.7261,0.371
RGI60-05.14979,211985,70.0333,-22.7791,2.86
RGI60-05.14980,211986,70.3335,-24.9329,0.077
RGI60-05.14981,211987,70.3276,-24.9707,2.9
RGI60-05.14982,211988,70.3361,-24.9265,0.095
RGI60-05.14983,211989,70.0128,-22.4067,0.195
RGI60-05.14984,211990,70.0596,-22.6825,0.426
RGI60-05.14985,211991,70.0796,-22.7936,0.625
RGI60-05.14986,211992,70.0466,-22.4181,0.969
RGI60-05.14987,211993,70.0632,-22.4308,0.219
RGI60-05.14988,211994,70.0913,-22.5213,0.234
RGI60-05.14989,211995,70.0815,-22.448,0.252
RGI60-05.14990,211996,70.0683,-22.3961,3.557
RGI60-05.14991,211997,70.0681,-22.4461,0.216
RGI60-05.14992,211998,70.0993,-22.5256,0.101
RGI60-05.14993,211999,70.0871,-22.4445,0.115
RGI60-05.14994,212000,70.0955,-22.4535,2.582
RGI60-05.14995,212001,70.0914,-22.3823,3.337
RGI60-05.14996,212002,70.0954,-22.3317,1.471
RGI60-05.14997,212003,70.111,-22.3799,1.353
RGI60-05.14998,212004,70.1016,-22.3093,0.133
RGI60-05.14999,212005,70.1034,-22.2986,0.558
RGI60-05.15000,212006,70.1147,-22.3269,0.967
RGI60-05.15001,212007,70.1182,-22.3011,0.324
RGI60-05.15002,212008,70.1132,-22.258,0.469
RGI60-05.15003,212009,70.1235,-22.2684,0.521
RGI60-05.15004,212010,70.1259,-22.1706,0.178
RGI60-05.15005,212011,70.1324,-22.1774,0.633
RGI60-05.15006,212012,70.5875,-26.9927,0.124
RGI60-05.15007,212013,70.3479,-30.052,0.054
RGI60-05.15008,212014,70.6555,-27.4299,0.121
RGI60-05.15009,212015,70.477836609,-29.758056641,0.07
RGI60-05.15010,212016,70.6821,-29.478,0.304
RGI60-05.15011,212017,70.3387,-29.9198,0.589
RGI60-05.15012,212018,70.3834,-26.4718,0.204
RGI60-05.15013,212019,70.2949,-28.3372,1.772
RGI60-05.15014,212020,70.6926,-29.3769,0.167
RGI60-05.15015,212021,70.315,-29.7832,0.486
RGI60-05.15021,212022,70.3162,-29.8736,0.813
RGI60-05.15022,212023,70.3296,-29.9594,0.507
RGI60-05.15023,212024,70.3455,-30.0339,0.051
RGI60-05.15024,212025,70.3503,-30.0118,0.77
RGI60-05.15025,212026,70.2538,-28.6745,2.382
RGI60-05.15026,212027,70.3072,-29.0629,0.278
RGI60-05.15027,212028,70.2618,-28.0745,0.537
RGI60-05.15028,212029,70.4277,-29.7782,0.964
RGI60-05.15033,212030,70.202,-27.4205,0.134
RGI60-05.15034,212031,70.3023,-28.203,0.11
RGI60-05.15035,212032,70.2986,-28.0936,0.204
RGI60-05.15036,212033,70.2888,-28.3955,0.849
RGI60-05.15037,212034,70.2828,-28.3701,3.624
RGI60-05.15038,212035,70.2962,-28.1783,2.641
RGI60-05.15039,212036,70.4318,-26.7964,0.297
RGI60-05.15040,212037,70.2903,-28.2585,2.387
RGI60-05.15041,212038,70.2854,-28.3022,3.833
RGI60-05.15042,212039,70.2947,-28.2807,0.293
RGI60-05.15043,212040,70.2549,-28.4567,2.606
RGI60-05.15044,212041,70.232,-28.2076,1.694
RGI60-05.15045,212042,70.2946,-28.2265,2.107
RGI60-05.15046,212043,70.2363,-28.4607,5.963
RGI60-05.15047,212044,70.1814,-28.4443,4.918
RGI60-05.15048,212045,70.2672,-28.4171,4.949
RGI60-05.15049,212046,70.2057,-28.4158,29.382
RGI60-05.15050,212047,70.1679,-28.4012,6.634
RGI60-05.15051,212048,70.2714,-28.4504,0.522
RGI60-05.15052,212049,70.2449,-28.4888,1.709
RGI60-05.15053,212050,70.2478,-28.1811,0.794
RGI60-05.15054,212051,70.2556,-28.2636,54.356
RGI60-05.15055,212052,70.2075,-28.2395,20.894
RGI60-05.15056,212053,70.1498,-28.3399,2.609
RGI60-05.15057,212054,70.1528,-28.3787,4.774
RGI60-05.15058,212055,70.1752,-28.2851,19.714
RGI60-05.15059,212056,70.167,-28.1807,1.878
RGI60-05.15060,212057,70.1808,-28.1734,4.372
RGI60-05.15061,212058,70.1736,-28.1256,2.511
RGI60-05.15062,212059,70.1493,-28.3028,2.634
RGI60-05.15063,212060,70.2618,-28.0493,0.249
RGI60-05.15064,212061,70.2676,-27.9953,5.792
RGI60-05.15065,212062,70.2377,-28.0292,24.438
RGI60-05.15066,212063,70.2377,-27.8758,27.266
RGI60-05.15067,212064,70.2101,-27.995,1.602
RGI60-05.15068,212065,70.214,-27.8682,10.077
RGI60-05.15069,212066,70.1926,-27.9343,0.394
RGI60-05.15070,212067,70.1882,-27.9029,0.661
RGI60-05.15071,212068,70.1428,-27.771,47.352
RGI60-05.15072,212069,70.2139,-28.051,1.971
RGI60-05.15073,212070,70.2186,-27.9702,4.093
RGI60-05.15074,212071,70.1794,-27.9112,2.282
RGI60-05.15075,212072,70.2355,-27.7788,12.777
RGI60-05.15076,212073,70.523,-27.5163,0.137
RGI60-05.15077,212074,70.2755,-27.9512,2.763
RGI60-05.15078,212075,70.2848,-27.9333,0.156
RGI60-05.15079,212076,70.2225,-27.4047,2.998
RGI60-05.15080,212077,70.3958,-26.7766,11.437
RGI60-05.15081,212078,70.43,-26.7267,3.594
RGI60-05.15082,212079,70.4196,-26.6561,16.998
RGI60-05.15083,212080,70.232,-27.6735,16.676
RGI60-05.15084,212081,70.2188,-27.4538,5.578
RGI60-05.15085,212082,70.2006,-27.4698,1.788
RGI60-05.15086,212083,70.1497,-27.8947,1.026
RGI60-05.15087,212084,70.1956,-27.5536,7.436
RGI60-05.15088,212085,70.1571,-27.9092,3.338
RGI60-05.15089,212086,70.1414,-27.8282,4.556
RGI60-05.15090,212087,70.1316,-27.8113,3.799
RGI60-05.15091,212088,70.2213,-27.5646,16.997
RGI60-05.15092,212089,70.4749,-29.7142,0.415
RGI60-05.15094,212090,70.1649,-27.834,5.446
RGI60-05.15095,212091,70.1799,-27.5783,2.136
RGI60-05.15096,212092,70.2248,-27.4855,1.513
RGI60-05.15097,212093,70.2357,-27.4906,0.974
RGI60-05.15098,212094,70.2124,-27.4119,2.076
RGI60-05.15099,212095,70.1849,-27.6325,14.34
RGI60-05.15100,212096,70.1764,-27.5455,1.112
RGI60-05.15101,212097,70.1681,-27.9157,3.253
RGI60-05.15102,212098,70.4742,-29.7707,0.064
RGI60-05.15103,212099,70.49,-29.8925,0.132
RGI60-05.15105,212100,70.4797,-29.7194,0.164
RGI60-05.15106,212101,70.4926,-29.8758,0.274
RGI60-05.15113,212102,70.4562,-29.4167,0.194
RGI60-05.15123,212103,70.4861,-29.6908,0.053
RGI60-05.15127,212104,70.4581,-29.3458,0.122
RGI60-05.15135,212105,70.4585,-29.3696,0.096
RGI60-05.15138,212106,70.3766,-26.6644,0.553
RGI60-05.15139,212107,70.4257,-28.4753,2.722
RGI60-05.15140,212108,70.2981,-28.1381,0.298
RGI60-05.15141,212109,70.4419,-26.7844,0.751
RGI60-05.15142,212110,70.4007,-28.6425,0.345
RGI60-05.15143,212111,70.3031,-28.1582,0.13
RGI60-05.15144,212112,70.5658,-27.1098,0.149
RGI60-05.15145,212113,70.3112,-28.096,1.813
RGI60-05.15146,212114,70.2995,-28.1123,0.561
RGI60-05.15147,212115,70.3086,-28.1353,2.405
RGI60-05.15148,212116,70.2933,-28.1256,1.089
RGI60-05.15149,212117,70.3198,-28.005,1.679
RGI60-05.15150,212118,70.3379,-28.0284,0.291
RGI60-05.15151,212119,70.3302,-28.0034,1.659
RGI60-05.15152,212120,70.31,-28.0344,0.764
RGI60-05.15153,212121,70.3181,-28.0329,2.547
RGI60-05.15154,212122,70.3395,-28.0112,0.284
RGI60-05.15155,212123,70.3407,-27.9921,0.163
RGI60-05.15156,212124,70.3858,-28.3316,0.496
RGI60-05.15157,212125,70.3894,-28.3126,0.175
RGI60-05.15158,212126,70.4151,-28.6407,4.157
RGI60-05.15159,212127,70.2802,-27.19,0.106
RGI60-05.15160,212128,70.3376,-27.0734,0.056
RGI60-05.15161,212129,70.3381,-27.04,2.637
RGI60-05.15162,212130,70.359,-27.8201,0.457
RGI60-05.15163,212131,70.3407,-28.5564,18.294
RGI60-05.15164,212132,70.3178,-28.9029,33.722
RGI60-05.15165,212133,70.3461,-28.8766,14.066
RGI60-05.15166,212134,70.3477,-28.3848,4.431
RGI60-05.15167,212135,70.3535,-28.4445,7.636
RGI60-05.15168,212136,70.3095,-28.6152,4.349
RGI60-05.15169,212137,70.2875,-28.8966,2.655
RGI60-05.15170,212138,70.3636,-28.8201,11.077
RGI60-05.15171,212139,70.372,-28.758,3.108
RGI60-05.15172,212140,70.3457,-28.9627,1.624
RGI60-05.15173,212141,70.3468,-28.3215,2.49
RGI60-05.15174,212142,70.2982,-28.9463,3.627
RGI60-05.15175,212143,70.298,-28.706,36.258
RGI60-05.15176,212144,70.2809,-28.809,11.146
RGI60-05.15177,212145,70.3075,-29.0223,0.127
RGI60-05.15178,212146,70.4267,-28.4076,7.996
RGI60-05.15179,212147,70.4113,-28.3727,7.717
RGI60-05.15180,212148,70.3981,-28.3372,1.743
RGI60-05.15181,212149,70.3933,-26.4711,0.974
RGI60-05.15182,212150,70.3814,-28.3974,19.5
RGI60-05.15183,212151,70.3918,-28.334,0.061
RGI60-05.15184,212152,70.3701,-28.6045,68.524
RGI60-05.15185,212153,70.5303,-29.3316,0.187
RGI60-05.15193,212154,70.4843,-28.9771,12.175
RGI60-05.15194,212155,70.3396,-27.0222,0.173
RGI60-05.15195,212156,70.3451,-26.9445,0.37
RGI60-05.15196,212157,70.3339,-26.8284,0.155
RGI60-05.15197,212158,70.3424,-26.9065,0.339
RGI60-05.15198,212159,70.3459,-26.9146,0.146
RGI60-05.15199,212160,70.3364,-26.9996,1.972
RGI60-05.15200,212161,70.3446,-26.9654,0.113
RGI60-05.15201,212162,70.3279,-26.7949,0.633
RGI60-05.15202,212163,70.3316,-26.8148,0.341
RGI60-05.15203,212164,70.5307,-28.6095,4.694
RGI60-05.15204,212165,70.3441,-26.5426,0.404
RGI60-05.15205,212166,70.5872,-28.9901,20.913
RGI60-05.15206,212167,70.3659,-26.6638,0.132
RGI60-05.15207,212168,70.3525,-26.5262,0.104
RGI60-05.15208,212169,70.3551,-26.5522,0.273
RGI60-05.15209,212170,70.3593,-26.5847,0.13
RGI60-05.15210,212171,70.3677,-26.5755,0.391
RGI60-05.15211,212172,70.4126,-26.9692,0.087
RGI60-05.15212,212173,70.3664,-26.5234,0.285
RGI60-05.15213,212174,70.4068,-26.8575,0.084
RGI60-05.15214,212175,70.4067,-26.8626,0.095
RGI60-05.15215,212176,70.3855,-26.6921,1.046
RGI60-05.15216,212177,70.3904,-26.6522,0.183
RGI60-05.15217,212178,70.3195,-27.7546,13.5
RGI60-05.15218,212179,70.4111,-27.0911,5.506
RGI60-05.15219,212180,70.3928,-27.3534,7.972
RGI60-05.15220,212181,70.279,-27.2748,4.966
RGI60-05.15221,212182,70.3444,-27.7996,6.448
RGI60-05.15222,212183,70.297,-27.3716,13.985
RGI60-05.15223,212184,70.3047,-27.6969,8.166
RGI60-05.15224,212185,70.3027,-27.2423,7.368
RGI60-05.15225,212186,70.3029,-27.7492,2.262
RGI60-05.15226,212187,70.6896,-29.3494,0.268
RGI60-05.15227,212188,70.2899,-27.6634,3.409
RGI60-05.15228,212189,70.2758,-27.6209,1.341
RGI60-05.15229,212190,70.2999,-27.7983,1.87
RGI60-05.15230,212191,70.3807,-27.2675,1.422
RGI60-05.15231,212192,70.3033,-27.481,6.31
RGI60-05.15232,212193,70.2963,-27.5832,20.877
RGI60-05.15233,212194,70.3121,-27.123,0.549
RGI60-05.15234,212195,70.295898438,-27.178318024,2.102
RGI60-05.15235,212196,70.3965,-26.9989,16.195
RGI60-05.15236,212197,70.3866,-27.1524,5.912
RGI60-05.15237,212198,70.3755,-27.353,4.968
RGI60-05.15238,212199,70.5215,-27.61,0.375
RGI60-05.15239,212200,70.3879,-27.2507,1.737
RGI60-05.15240,212201,70.3924,-27.2122,1.614
RGI60-05.15241,212202,70.3787,-27.2954,1.903
RGI60-05.15242,212203,70.3383,-27.3362,100.226
RGI60-05.15243,212204,70.3792,-27.0824,1.882
RGI60-05.15244,212205,70.4063,-27.1447,3.219
RGI60-05.15245,212206,70.3792,-27.6002,6.981
RGI60-05.15246,212207,70.3866,-26.8606,2.334
RGI60-05.15247,212208,70.3669,-27.49,3.805
RGI60-05.15248,212209,70.3648,-27.5454,6.6
RGI60-05.15249,212210,70.3619,-27.7647,2.45
RGI60-05.15250,212211,70.3461,-27.6599,25.631
RGI60-05.15251,212212,70.4041,-27.2382,8.98
RGI60-05.15252,212213,70.3823,-27.436,5.377
RGI60-05.15253,,70.2896,-27.199,0.089
RGI60-05.15254,212214,70.5845,-27.2765,0.249
RGI60-05.15255,212215,70.4128,-27.0271,1.904
RGI60-05.15256,212216,70.2856,-27.4354,1.869
RGI60-05.15257,212217,70.4106,-26.987,0.131
RGI60-05.15258,212218,70.6843,-29.5052,1.244
RGI60-05.15259,212219,70.4175,-26.8678,0.656
RGI60-05.15260,212220,70.4142,-26.8505,0.477
RGI60-05.15261,212221,70.4091,-26.8271,0.388
RGI60-05.15262,212222,70.4135,-26.8294,0.093
RGI60-05.15263,212223,70.388,-26.5487,0.076
RGI60-05.15264,212224,70.4993,-27.6054,3.319
RGI60-05.15265,212225,70.4242,-26.8124,2.494
RGI60-05.15266,212226,70.4447,-26.7975,0.058
RGI60-05.15267,212227,70.3854,-26.6083,5.797
RGI60-05.15268,212228,70.3969,-26.5487,0.893
RGI60-05.15269,212229,70.6883,-29.4024,0.144
RGI60-05.15270,212230,70.3905,-26.5168,0.929
RGI60-05.15271,212231,70.3894,-26.4389,0.11
RGI60-05.15272,212232,70.4087,-26.4761,0.989
RGI60-05.15273,212233,70.424,-26.5789,0.299
RGI60-05.15274,212234,70.5227,-27.4636,0.349
RGI60-05.15275,212235,70.5324,-27.5038,0.117
RGI60-05.15276,212236,70.4276,-26.5546,0.541
RGI60-05.15277,212237,70.5539,-27.741,0.31
RGI60-05.15278,212238,70.4251,-26.4652,0.197
RGI60-05.15279,212239,70.5307,-27.4753,0.957
RGI60-05.15280,212240,70.4401,-26.5679,1.078
RGI60-05.15281,212241,70.6656,-28.7141,0.138
RGI60-05.15285,212242,70.5701,-27.0928,0.119
RGI60-05.15286,212243,70.444,-26.6084,1.057
RGI60-05.15287,212244,70.5984,-27.2581,3.28
RGI60-05.15288,212245,70.5902,-27.2254,1.175
RGI60-05.15289,212246,70.5778,-26.937,0.11
RGI60-05.15290,212247,70.4178,-26.5286,5.064
RGI60-05.15291,212248,70.6548,-28.4921,0.848
RGI60-05.15301,212249,70.4268,-26.7768,0.563
RGI60-05.15302,212250,70.631,-27.1849,0.356
RGI60-05.15303,212251,70.6289,-27.1772,0.052
RGI60-05.15304,212252,70.5629,-26.463,0.252
RGI60-05.15305,212253,70.578,-26.5414,0.142
RGI60-05.15306,212254,70.5718,-26.4882,0.567
RGI60-05.15307,212255,70.5756,-26.4549,0.08
RGI60-05.15308,212256,70.6909,-27.4651,1.1
RGI60-05.15309,212257,70.6875,-27.4862,1.045
RGI60-05.15310,212258,70.6813,-27.4696,1.021
RGI60-05.15311,212259,70.5919,-26.3335,0.224
RGI60-05.15312,212260,70.607,-26.4058,1.067
RGI60-05.15313,212261,70.6003,-26.3052,0.212
RGI60-05.15314,212262,70.6271,-26.5178,0.993
RGI60-05.15315,212263,70.6264,-26.4178,0.058
RGI60-05.15316,212264,70.6326,-26.4608,0.128
RGI60-05.15317,212265,70.6318,-26.4473,0.102
RGI60-05.15318,212266,70.6267,-26.4375,0.64
RGI60-05.15319,212267,70.6149,-26.5531,12.324
RGI60-05.15320,212268,70.6179,-26.4557,0.387
RGI60-05.15321,212269,70.61,-26.6346,2.622
RGI60-05.15322,212270,70.5905,-26.5565,1.214
RGI60-05.15323,212271,70.6008,-26.6038,1.786
RGI60-05.15324,212272,70.6278,-26.4873,1.823
RGI60-05.15325,212273,70.592,-26.508,6.638
RGI60-05.15326,212274,70.6193,-26.66,1.382
RGI60-05.15327,212275,70.5902,-26.4552,0.974
RGI60-05.15328,212276,70.6206,-26.2464,0.091
RGI60-05.15329,212277,70.6244,-26.2982,0.32
RGI60-05.15330,212278,70.6265,-26.2424,0.054
RGI60-05.15331,212279,70.6307,-26.1495,0.176
RGI60-05.15332,212280,70.6249,-26.3733,1.071
RGI60-05.15333,212281,70.6153,-26.3796,0.066
RGI60-05.15334,212282,70.615,-26.4252,1.998
RGI60-05.15335,212283,70.6178,-26.3382,3.892
RGI60-05.15336,212284,70.7231,-26.9331,0.533
RGI60-05.15337,212285,70.6747,-26.4678,0.239
RGI60-05.15338,212286,70.6196,-26.2658,1.318
RGI60-05.15339,212287,70.6171,-26.1587,1.569
RGI60-05.15340,212288,70.6269,-26.2295,0.307
RGI60-05.15341,212289,70.67,-26.2647,0.065
RGI60-05.15346,212290,70.9643,-28.5373,1.392
RGI60-05.15347,212291,70.8545,-27.3537,0.745
RGI60-05.15348,212292,70.669,-26.3243,1.097
RGI60-05.15349,212293,70.6742,-26.1966,0.055
RGI60-05.15350,212294,70.6797,-26.3635,3.941
RGI60-05.15351,212295,70.6763,-26.0922,0.069
RGI60-05.15352,212296,70.6895,-26.2073,0.113
RGI60-05.15353,212297,70.6804,-26.1354,0.211
RGI60-05.15354,212298,70.683,-26.1176,0.32
RGI60-05.15355,212299,70.6914,-26.158,0.401
RGI60-05.15356,212300,70.8393,-27.3555,2.474
RGI60-05.15357,212301,70.8374,-27.4054,6.917
RGI60-05.15358,212302,70.7908,-25.8215,0.178
RGI60-05.15359,212303,70.8525,-27.5323,4.347
RGI60-05.15360,212304,70.8245,-27.3625,1.299
RGI60-05.15362,212305,70.8434,-27.5639,2.915
RGI60-05.15363,212306,70.8206,-27.3986,1.624
RGI60-05.15364,212307,70.8228,-27.5277,12.812
RGI60-05.15365,212308,70.8015,-27.4601,0.662
RGI60-05.15366,212309,71.0198,-27.2935,0.413
RGI60-05.15367,212310,70.8156,-27.4493,3.944
RGI60-05.15368,212311,70.8021,-27.5048,2.061
RGI60-05.15369,212312,70.8074,-27.5634,2.129
RGI60-05.15370,,70.9073,-26.2392,0.118
RGI60-05.15371,,70.9205,-26.2531,0.106
RGI60-05.15372,212313,70.8415,-27.4693,5.137
RGI60-05.15373,212314,70.694,-25.8052,0.148
RGI60-05.15374,212315,70.9814,-28.4871,0.521
RGI60-05.15375,212316,70.9603,-26.5903,0.292
RGI60-05.15376,212317,70.7438,-25.8659,0.183
RGI60-05.15377,212318,70.8005,-26.3394,0.059
RGI60-05.15378,212319,70.75,-25.8812,0.231
RGI60-05.15379,212320,70.8295,-26.4383,0.171
RGI60-05.15380,212321,70.9428,-27.2354,3.296
RGI60-05.15381,212322,71.0484,-27.4062,0.132
RGI60-05.15382,212323,71.0508,-27.3924,0.16
RGI60-05.15383,212324,71.0952,-29.0418,24.614
RGI60-05.15384,212325,70.9788,-27.3322,0.069
RGI60-05.15385,212326,71.0762,-28.6613,5.505
RGI60-05.15386,212327,71.0944,-28.6933,4.737
RGI60-05.15387,212328,70.8329,-26.0515,0.481
RGI60-05.15388,212329,71.0444,-27.9598,0.205
RGI60-05.15389,212330,70.9782,-27.2726,0.065
RGI60-05.15390,212331,70.9841,-27.2776,0.077
RGI60-05.15391,212332,71.1047,-28.8218,17.499
RGI60-05.15392,212333,70.9688,-27.3037,2.633
RGI60-05.15393,212334,70.9818,-27.3335,0.068
RGI60-05.15394,212335,71.0105,-27.3191,0.07
RGI60-05.15395,212336,70.8169,-25.784,0.642
RGI60-05.15396,212337,70.8281,-25.8221,0.151
RGI60-05.15397,212338,71.0581,-27.9577,1.001
RGI60-05.15398,212339,70.8504,-25.9416,0.059
RGI60-05.15399,212340,70.8588,-25.9918,0.053
RGI60-05.15400,212341,71.0044,-27.2499,0.068
RGI60-05.15401,212342,71.0125,-27.3086,0.094
RGI60-05.15402,212343,71.1455,-28.9506,20.719
RGI60-05.15403,212344,71.0027,-27.2955,0.118
RGI60-05.15404,212345,70.999,-27.249,0.071
RGI60-05.15405,212346,71.1264,-28.2009,5.713
RGI60-05.15406,,70.9154,-26.1775,0.898
RGI60-05.15407,212347,71.1055,-28.2683,8.675
RGI60-05.15408,212348,71.0835,-28.4342,2.916
RGI60-05.15409,212349,71.0721,-28.1116,31.863
RGI60-05.15411,212350,70.9674,-26.113,0.063
RGI60-05.15412,212351,70.9243,-25.6788,0.093
RGI60-05.15413,212352,70.9331,-25.762,0.177
RGI60-05.15414,212353,70.962,-25.9018,0.053
RGI60-05.15415,212354,70.4735,-21.7961,0.081
RGI60-05.15416,212355,70.4793,-21.8565,0.344
RGI60-05.15417,212356,70.4574,-21.6767,0.091
RGI60-05.15418,212357,70.8922,-25.6516,1.364
RGI60-05.15419,212358,71.0664,-28.3914,4.807
RGI60-05.15420,212359,71.0425,-28.2215,8.974
RGI60-05.15421,212360,71.0141,-28.0906,2.634
RGI60-05.15422,212361,71.0483,-28.0429,4.878
RGI60-05.15423,212362,71.0567,-28.2849,16.373
RGI60-05.15424,212363,71.0312,-28.0879,9.5
RGI60-05.15425,212364,71.0354,-28.1577,5.42
RGI60-05.15426,212365,71.1041,-28.1518,17.452
RGI60-05.15427,212366,71.0865,-28.3364,19.5
RGI60-05.15428,212367,70.9253,-25.747,0.06
RGI60-05.15429,212368,70.9269,-25.7568,0.055
RGI60-05.15430,212369,71.0656,-27.9982,1.321
RGI60-05.15431,212370,71.205,-28.878,2.14
RGI60-05.15432,212371,70.8788,-25.7216,2.19
RGI60-05.15433,212372,70.935,-26.1152,0.082
RGI60-05.15434,212373,71.0799,-27.4906,1.163
RGI60-05.15435,212374,70.9387,-25.6666,0.197
RGI60-05.15436,,70.9689,-25.9013,0.111
RGI60-05.15437,,70.97,-25.9173,0.202
RGI60-05.15438,212375,71.0377,-26.4066,0.115
RGI60-05.15439,212376,70.9674,-25.7427,0.303
RGI60-05.15440,212377,70.4672,-21.8248,0.058
RGI60-05.15441,212378,70.4683,-21.8449,0.705
RGI60-05.15442,212379,70.4889,-21.9374,0.104
RGI60-05.15443,212380,70.4829,-21.8772,0.059
RGI60-05.15444,212381,70.4655,-21.742,0.657
RGI60-05.15445,212382,71.1037,-26.8171,0.059
RGI60-05.15446,212383,70.4855,-21.8436,0.193
RGI60-05.15447,212384,70.4577,-21.6609,0.257
RGI60-05.15448,212385,70.498,-21.9205,0.073
RGI60-05.15449,212386,70.5086,-21.9523,0.059
RGI60-05.15450,212387,70.496,-21.8709,0.223
RGI60-05.15451,212388,70.4684,-21.6616,0.055
RGI60-05.15452,212389,70.7145,-25.8861,0.641
RGI60-05.15453,,71.0089,-25.9044,0.662
RGI60-05.15454,212390,70.4641,-21.6381,0.084
RGI60-05.15455,212391,70.9825,-26.0131,0.524
RGI60-05.15456,212392,70.9102,-25.811,29.253
RGI60-05.15457,212393,70.9187,-25.6579,0.611
RGI60-05.15458,212394,70.9085,-25.6259,2.358
RGI60-05.15459,212395,70.8117,-25.8139,1.176
RGI60-05.15460,212396,70.8684,-26.5673,7.892
RGI60-05.15461,212397,70.8475,-25.9987,134.229
RGI60-05.15462,212398,70.7362,-26.1129,172.532
RGI60-05.15463,212399,70.8416,-26.6208,20.468
RGI60-05.15464,212400,70.6509,-26.8254,0.831
RGI60-05.15465,212401,70.7817,-25.888,13.075
RGI60-05.15466,212402,70.7535,-25.9113,1.3
RGI60-05.15467,212403,70.8097,-26.3872,158.208
RGI60-05.15468,212404,70.8265,-26.1696,0.063
RGI60-05.15469,212405,70.8043,-26.8606,85.385
RGI60-05.15470,212406,70.8503,-27.0355,4.095
RGI60-05.15471,212407,70.8411,-26.9936,8.818
RGI60-05.15472,212408,70.8479,-26.9212,0.07
RGI60-05.15473,212409,70.8349,-26.7215,12.921
RGI60-05.15474,212410,70.7011,-25.9043,1.921
RGI60-05.15475,212411,70.8325,-27.0742,1.147
RGI60-05.15476,212412,70.7881,-27.1066,9.427
RGI60-05.15477,212413,70.8113,-27.0805,13.162
RGI60-05.15478,212414,70.6943,-26.0112,2.569
RGI60-05.15479,212415,70.6813,-26.1647,0.531
RGI60-05.15480,212416,70.6884,-26.2554,4.859
RGI60-05.15481,,70.6763,-26.4428,0.054
RGI60-05.15482,212417,70.7759,-27.1728,3.282
RGI60-05.15483,212418,70.6888,-26.1864,1.511
RGI60-05.15484,212419,70.7641,-27.2041,2.694
RGI60-05.15485,212420,70.6801,-26.4572,6.545
RGI60-05.15486,212421,70.6857,-26.7433,2.439
RGI60-05.15487,212422,70.6948,-26.5609,5.927
RGI60-05.15488,212423,70.7526,-26.8857,38.467
RGI60-05.15489,212424,70.7212,-26.7609,16.939
RGI60-05.15490,212425,70.6692,-26.5797,2.576
RGI60-05.15491,212426,70.6769,-26.872,1.504
RGI60-05.15492,212427,70.7037,-27.0907,3.562
RGI60-05.15493,212428,70.559,-26.7032,7.704
RGI60-05.15494,212429,70.6853,-26.4024,3.047
RGI60-05.15495,212430,70.6863,-26.4371,0.988
RGI60-05.15496,212431,70.7369,-27.2696,13.114
RGI60-05.15497,212432,70.7292,-26.6246,95.951
RGI60-05.15498,212433,70.6999,-27.3906,9.627
RGI60-05.15499,212434,70.735,-27.3498,2.103
RGI60-05.15500,212435,70.7152,-27.3461,8.437
RGI60-05.15501,212436,70.663,-26.8802,8.155
RGI60-05.15502,212437,70.5853,-26.7605,13.114
RGI60-05.15503,212438,70.6766,-27.1001,70.713
RGI60-05.15504,212439,70.5561,-26.6396,2.397
RGI60-05.15505,212440,70.6426,-27.1796,3.33
RGI60-05.15506,212441,70.5844,-22.0963,0.122
RGI60-05.15507,212442,70.667,-21.4481,0.215
RGI60-05.15508,212443,71.2109,-25.7688,2.392
RGI60-05.15509,,71.2051,-25.7821,0.05
RGI60-05.15510,,71.2028,-25.7841,0.087
RGI60-05.15511,212444,71.199,-25.8074,0.099
RGI60-05.15512,212445,70.7824,-22.1969,0.071
RGI60-05.15513,212446,70.8079,-22.0995,0.21
RGI60-05.15514,212447,70.7464,-21.6393,0.114
RGI60-05.15515,212448,70.7841,-21.906,0.063
RGI60-05.15516,212449,70.5626,-21.9134,0.189
RGI60-05.15517,212450,70.5151,-21.554,0.087
RGI60-05.15518,212451,70.5634,-21.6388,0.278
RGI60-05.15519,212452,70.6329,-22.1035,0.053
RGI60-05.15520,212453,70.6295,-27.0769,4.27
RGI60-05.15521,212454,70.5919,-21.822,0.188
RGI60-05.15522,212455,70.6268,-22.0406,0.14
RGI60-05.15523,212456,70.619,-27.0289,6.349
RGI60-05.15524,212457,71.1327,-26.102,0.126
RGI60-05.15525,212458,70.6055,-26.9895,4.119
RGI60-05.15526,212459,70.6478,-27.5429,1.094
RGI60-05.15527,212460,70.6366,-27.1495,2.203
RGI60-05.15528,212461,70.6339,-27.1237,2.819
RGI60-05.15529,212462,70.552,-26.6135,0.611
RGI60-05.15530,212463,70.5672,-21.9363,0.24
RGI60-05.15531,212464,70.6199,-26.8402,26.303
RGI60-05.15532,212465,70.5687,-21.9226,0.051
RGI60-05.15533,212466,70.5529,-21.7944,0.083
RGI60-05.15534,212467,70.6186,-26.9248,23.242
RGI60-05.15535,212468,70.541,-26.5657,0.371
RGI60-05.15536,212469,70.6012,-27.3429,11.647
RGI60-05.15537,212470,70.5486,-26.6012,0.623
RGI60-05.15538,212471,70.5353,-26.8247,2.47
RGI60-05.15539,212472,70.6629,-27.2385,14.03
RGI60-05.15540,212473,70.542,-26.5917,0.265
RGI60-05.15541,212474,70.5483,-26.8524,4.531
RGI60-05.15542,212475,70.5645,-21.8831,0.259
RGI60-05.15543,212476,70.568,-26.8694,7.392
RGI60-05.15544,212477,70.6353,-27.5517,1.408
RGI60-05.15545,212478,70.6173,-27.5718,7.826
RGI60-05.15546,212479,70.56,-26.8006,4.509
RGI60-05.15547,212480,70.5938,-27.6149,17.847
RGI60-05.15548,212481,70.5385,-27.0236,4.533
RGI60-05.15549,212482,70.5527,-27.0668,5.36
RGI60-05.15550,212483,70.6285,-27.4284,20.143
RGI60-05.15551,212484,70.5904,-27.6988,1.717
RGI60-05.15552,212485,70.558,-27.2766,40.13
RGI60-05.15553,212486,70.6024,-27.7073,1.524
RGI60-05.15554,212487,70.5512,-27.122,7.934
RGI60-05.15555,212488,70.604,-27.6784,2.491
RGI60-05.15556,212489,70.526,-27.059,2.936
RGI60-05.15557,212490,70.5616,-27.4007,1.379
RGI60-05.15558,212491,70.5522,-27.4818,1.218
RGI60-05.15559,212492,70.571,-27.6966,6.534
RGI60-05.15560,212493,71.163314819,-26.687576294,0.085
RGI60-05.15561,212494,70.6479,-22.1746,0.08
RGI60-05.15562,212495,70.5877,-27.4621,25.661
RGI60-05.15563,212496,70.5511,-27.3892,1.205
RGI60-05.15564,212497,70.5572,-27.6023,1.23
RGI60-05.15565,212498,70.5568,-27.7224,0.967
RGI60-05.15566,212499,70.5293,-27.1926,13.351
RGI60-05.15567,212500,70.5677,-27.5569,9.493
RGI60-05.15568,212501,70.5469,-27.513,3.866
RGI60-05.15569,212502,70.5052,-27.2138,8.944
RGI60-05.15570,212503,70.5066,-27.3509,6.37
RGI60-05.15571,212504,70.5299,-27.355,10.276
RGI60-05.15572,212505,70.5397,-27.4925,0.492
RGI60-05.15573,212506,70.5317,-27.5267,0.306
RGI60-05.15574,212507,70.5603,-27.6396,5.565
RGI60-05.15575,212508,70.5058,-27.2766,8.654
RGI60-05.15576,212509,70.5517,-27.6819,1.652
RGI60-05.15577,,70.967,-26.0112,0.398
RGI60-05.15578,212510,70.9582,-26.1247,1.108
RGI60-05.15579,212511,70.9473,-26.0551,11.401
RGI60-05.15580,212512,70.9793,-26.0239,0.537
RGI60-05.15581,212513,70.9005,-26.3481,0.139
RGI60-05.15582,212514,70.8983,-26.253,0.076
RGI60-05.15583,212515,70.9124,-26.271,1.694
RGI60-05.15584,212516,70.8809,-26.1974,29.243
RGI60-05.15585,212517,70.9334,-26.1004,0.457
RGI60-05.15586,212518,70.8971,-26.241,0.089
RGI60-05.15587,212519,70.8878,-26.2943,14.027
RGI60-05.15588,212520,70.8972,-26.3673,1.482
RGI60-05.15589,212521,70.8836,-25.6802,1.452
RGI60-05.15590,212522,70.5448,-26.5956,0.756
RGI60-05.15591,212523,70.5458,-26.6699,0.978
RGI60-05.15592,212524,70.6331,-21.7909,0.162
RGI60-05.15593,212525,70.7521,-27.0397,8.661
RGI60-05.15594,212526,70.7379,-27.1491,34.127
RGI60-05.15595,212527,70.6969,-26.3707,0.198
RGI60-05.15596,212528,70.6825,-26.3065,0.102
RGI60-05.15597,212529,70.6734,-26.2953,0.626
RGI60-05.15598,212530,70.6807,-27.363,8.167
RGI60-05.15599,212531,70.6935,-26.0943,7.052
RGI60-05.15600,212532,70.6641,-27.365,5.86
RGI60-05.15601,212533,70.891,-25.8062,5.711
RGI60-05.15602,212534,70.8651,-25.8482,0.692
RGI60-05.15603,212535,71.0662,-26.3044,0.068
RGI60-05.15604,212536,70.5178,-21.9345,0.067
RGI60-05.15605,212537,70.8849,-25.8662,6.267
RGI60-05.15606,212538,70.6778,-21.7873,0.086
RGI60-05.15607,212539,70.9235,-25.6356,1.452
RGI60-05.15608,212540,70.5118,-21.8922,1.578
RGI60-05.15609,212541,70.9343,-25.6541,0.734
RGI60-05.15610,212542,70.9451,-25.8781,34.897
RGI60-05.15611,212543,70.9476,-25.9135,0.072
RGI60-05.15612,212544,70.9276,-25.9903,13.709
RGI60-05.15613,212545,70.6352,-27.5118,8.927
RGI60-05.15614,212546,70.5308,-21.9904,0.2
RGI60-05.15615,212547,70.6421,-27.3259,12.502
RGI60-05.15616,212548,70.8654,-26.5087,2.612
RGI60-05.15617,212549,70.8943,-26.3882,0.09
RGI60-05.15618,212550,70.5016,-21.7863,0.424
RGI60-05.15619,212551,70.8867,-26.3696,1.385
RGI60-05.15620,212552,70.8025,-25.8388,2.919
RGI60-05.15621,212553,71.0993,-26.5257,0.064
RGI60-05.15622,212554,71.063,-26.2085,0.074
RGI60-05.15623,212555,70.5793,-22.0023,0.242
RGI60-05.15624,212556,70.994,-25.8346,1.424
RGI60-05.15625,212557,70.5022,-21.8818,0.088
RGI60-05.15626,212558,70.4802,-21.6981,0.25
RGI60-05.15627,212559,71.0618,-26.2309,0.393
RGI60-05.15628,212560,71.0212,-25.7725,0.095
RGI60-05.15629,212561,70.4933,-21.8113,5.025
RGI60-05.15630,212562,71.0322,-25.7442,0.63
RGI60-05.15631,212563,70.5112,-21.7845,0.316
RGI60-05.15632,212564,70.4764,-21.7647,0.514
RGI60-05.15633,212565,70.468,-21.7738,0.543
RGI60-05.15634,212566,70.5458,-22.0091,0.086
RGI60-05.15635,212567,71.0253,-25.8112,0.475
RGI60-05.15636,,71.0306,-25.8403,0.259
RGI60-05.15637,212568,70.543,-21.9689,0.053
RGI60-05.15638,212569,70.5154,-21.8006,0.414
RGI60-05.15639,212570,70.5819,-22.218,0.101
RGI60-05.15640,212571,70.5019,-21.6436,0.081
RGI60-05.15641,212572,70.5314,-21.8483,0.127
RGI60-05.15642,212573,70.493,-21.5863,0.399
RGI60-05.15643,212574,70.536,-21.8676,0.146
RGI60-05.15644,212575,70.5322,-21.8018,0.086
RGI60-05.15645,212576,71.4301,-29.6621,0.144
RGI60-05.15646,212577,70.5302,-21.8316,0.389
RGI60-05.15647,212578,70.565,-22.0117,0.055
RGI60-05.15648,212579,70.5558,-21.9741,0.341
RGI60-05.15649,212580,71.038,-25.7771,2.882
RGI60-05.15650,212581,71.0243,-25.7622,1.613
RGI60-05.15651,212582,70.5623,-21.9856,0.11
RGI60-05.15652,212583,70.5599,-21.953,0.114
RGI60-05.15653,212584,71.0841,-26.0969,0.05
RGI60-05.15654,212585,70.5707,-22.0048,0.072
RGI60-05.15655,212586,71.1866,-25.7997,0.111
RGI60-05.15656,212587,70.5424,-21.8379,0.598
RGI60-05.15657,212588,70.5418,-21.8081,0.474
RGI60-05.15658,212589,70.5273,-21.8716,0.564
RGI60-05.15659,212590,70.5239,-21.9164,0.615
RGI60-05.15660,212591,70.5548,-21.8736,0.372
RGI60-05.15661,212592,70.5862,-21.977,0.144
RGI60-05.15662,212593,70.541,-21.9026,4.653
RGI60-05.15663,212594,70.5253,-21.6558,0.166
RGI60-05.15664,212595,70.5084,-21.5371,0.375
RGI60-05.15665,212596,70.5505,-21.815,0.087
RGI60-05.15666,212597,70.547,-21.7894,0.065
RGI60-05.15667,212598,70.5268,-21.5391,0.081
RGI60-05.15668,212599,70.5905,-22.1484,5.025
RGI60-05.15669,212600,70.5773,-21.9392,0.123
RGI60-05.15670,212601,70.5951,-22.0587,0.068
RGI60-05.15671,212602,70.5697,-21.8804,0.095
RGI60-05.15672,212603,71.1619,-26.6406,0.05
RGI60-05.15673,212604,70.5369,-21.5971,0.072
RGI60-05.15674,212605,70.5628,-21.855,0.431
RGI60-05.15675,212606,70.5185,-21.5757,1.469
RGI60-05.15676,212607,70.5302,-21.5703,0.086
RGI60-05.15677,212608,70.5774,-21.9119,0.457
RGI60-05.15678,212609,71.1644,-26.624,0.067
RGI60-05.15679,212610,70.6049,-22.0861,0.073
RGI60-05.15680,212611,70.7315,-22.1337,0.066
RGI60-05.15681,212612,71.0828,-26.0578,3.504
RGI60-05.15682,212613,70.5795,-21.8264,0.065
RGI60-05.15683,212614,70.539,-21.5517,0.295
RGI60-05.15684,212615,70.6095,-22.0628,0.745
RGI60-05.15685,212616,70.5886,-21.897,0.795
RGI60-05.15686,212617,70.6239,-22.1267,0.291
RGI60-05.15687,212618,70.6113,-22.0291,0.091
RGI60-05.15688,212619,70.5477,-21.5647,0.212
RGI60-05.15689,212620,70.5899,-21.8385,0.067
RGI60-05.15690,212621,70.5538,-21.5796,0.138
RGI60-05.15691,212622,70.5868,-21.8581,1.801
RGI60-05.15692,212623,70.5468,-21.5284,0.078
RGI60-05.15693,212624,70.6105,-22.0154,0.292
RGI60-05.15694,212625,70.5488,-21.5454,0.185
RGI60-05.15695,212626,70.5685,-21.7503,0.526
RGI60-05.15696,212627,70.5196,-21.7471,3.948
RGI60-05.15697,212628,70.5521,-21.74,8.15
RGI60-05.15698,212629,70.5457,-21.6528,5.68
RGI60-05.15699,212630,70.5346,-21.7676,3.017
RGI60-05.15700,212631,70.4913,-21.7456,0.6
RGI60-05.15701,212632,70.4818,-21.645,0.854
RGI60-05.15702,212633,70.5111,-21.6887,6.956
RGI60-05.15703,212634,70.5365,-21.7047,1.147
RGI60-05.15704,212635,70.6817,-21.7638,0.057
RGI60-05.15705,212636,70.5011,-21.729,2.37
RGI60-05.15706,212637,70.4906,-21.6869,2.417
RGI60-05.15707,212638,70.5938,-21.8339,0.051
RGI60-05.15708,212639,70.6158,-22.0824,4.663
RGI60-05.15709,212640,70.5695,-21.6586,0.082
RGI60-05.15710,212641,70.576,-21.7251,2.817
RGI60-05.15711,212642,70.547,-21.5091,0.612
RGI60-05.15712,212643,70.5895,-21.9404,5.338
RGI60-05.15713,212644,70.5695,-21.6328,0.077
RGI60-05.15714,212645,70.5671,-21.6062,0.369
RGI60-05.15715,212646,70.5753,-21.6515,0.258
RGI60-05.15716,212647,70.588,-21.7222,0.087
RGI60-05.15717,212648,70.6534,-22.1856,0.657
RGI60-05.15718,212649,70.5874,-21.7032,0.101
RGI60-05.15719,212650,70.6046,-21.8449,0.746
RGI60-05.15720,212651,70.6117,-21.8728,0.233
RGI60-05.15721,212652,70.5885,-21.6866,0.081
RGI60-05.15722,212653,70.6537,-22.1442,0.057
RGI60-05.15723,212654,70.615,-21.885,0.252
RGI60-05.15724,212655,70.6535,-22.0886,0.096
RGI60-05.15725,212656,70.6555,-22.1086,0.282
RGI60-05.15726,212657,71.305,-27.521,0.341
RGI60-05.15727,212658,71.1404,-25.9484,0.112
RGI60-05.15728,212659,70.6313,-21.8126,0.322
RGI60-05.15729,212660,70.6123,-21.9532,7.502
RGI60-05.15730,212661,70.6523,-22.0527,0.299
RGI60-05.15731,212662,70.6616,-22.137,0.862
RGI60-05.15732,212663,70.5969,-21.6929,1.017
RGI60-05.15733,212664,70.5975,-21.6528,0.225
RGI60-05.15734,212665,70.6626,-22.0998,0.163
RGI60-05.15735,,71.1416,-25.8954,0.053
RGI60-05.15736,212666,70.6203,-21.7889,0.066
RGI60-05.15737,212667,70.5895,-21.552,0.098
RGI60-05.15738,212668,70.6299,-21.8374,0.199
RGI60-05.15739,212669,71.167,-26.1114,0.258
RGI60-05.15740,212670,70.636,-21.846,0.077
RGI60-05.15741,212671,71.1642,-26.0205,0.054
RGI60-05.15742,212672,71.1383,-25.7569,0.252
RGI60-05.15743,212673,71.1547,-25.8867,0.131
RGI60-05.15744,212674,70.595,-21.531,0.372
RGI60-05.15745,212675,70.6875,-22.1487,0.072
RGI60-05.15746,212676,70.64,-21.7903,0.072
RGI60-05.15747,212677,70.6054,-21.515,0.079
RGI60-05.15748,212678,70.7035,-22.1984,0.075
RGI60-05.15749,212679,71.1815,-25.7058,0.308
RGI60-05.15750,212680,70.6502,-21.8442,3.61
RGI60-05.15751,212681,70.6575,-21.8374,0.304
RGI60-05.15752,212682,70.7097,-22.1506,0.056
RGI60-05.15753,212683,70.7112,-22.1698,0.152
RGI60-05.15754,212684,71.4744,-28.6512,0.149
RGI60-05.15755,212685,70.6748,-21.7777,0.077
RGI60-05.15756,212686,70.7173,-22.0752,0.068
RGI60-05.15757,212687,70.7285,-22.1202,1.044
RGI60-05.15758,,71.1928,-25.7904,0.268
RGI60-05.15759,212688,70.6702,-21.6819,0.671
RGI60-05.15760,212689,70.6775,-21.7455,0.913
RGI60-05.15761,212690,70.6942,-21.8419,0.204
RGI60-05.15762,212691,71.4027,-27.7236,0.226
RGI60-05.15763,212692,70.7031,-21.7976,0.068
RGI60-05.15764,212693,70.6835,-21.7105,0.291
RGI60-05.15765,212694,70.6846,-21.7361,0.447
RGI60-05.15766,212695,71.1886,-25.7458,1.83
RGI60-05.15767,212696,70.6871,-21.6636,0.377
RGI60-05.15768,212697,70.7061,-21.7811,0.244
RGI60-05.15769,212698,70.6934,-21.7743,3.416
RGI60-05.15770,212699,70.6821,-21.5994,0.109
RGI60-05.15771,212700,70.758,-22.1027,0.45
RGI60-05.15772,212701,71.201,-25.6787,0.257
RGI60-05.15773,212702,71.2065,-25.6986,0.31
RGI60-05.15774,212703,70.6963,-21.7088,0.463
RGI60-05.15775,212704,70.6973,-21.6803,0.11
RGI60-05.15776,212705,70.713,-21.7719,0.113
RGI60-05.15777,212706,70.712,-21.8028,1.25
RGI60-05.15778,212707,70.7108,-21.8576,5.329
RGI60-05.15779,212708,70.6979,-21.6515,0.293
RGI60-05.15780,212709,70.786,-22.1809,0.15
RGI60-05.15781,212710,70.7217,-21.8058,0.126
RGI60-05.15782,212711,70.7839,-22.1498,0.105
RGI60-05.15783,212712,71.414,-27.5473,4.879
RGI60-05.15784,212713,71.6278,-29.6832,0.107
RGI60-05.15785,212714,71.2509,-25.8668,0.118
RGI60-05.15786,212715,70.7364,-21.7689,0.087
RGI60-05.15787,212716,70.7854,-21.8802,0.303
RGI60-05.15788,212717,71.2399,-25.9466,1.794
RGI60-05.15789,212718,70.7297,-21.8447,0.057
RGI60-05.15790,,71.2616,-25.9474,0.287
RGI60-05.15791,212719,70.7402,-21.7784,0.108
RGI60-05.15792,212720,71.632,-29.7084,1.569
RGI60-05.15793,212721,70.7322,-21.6877,0.121
RGI60-05.15794,212722,70.7334,-21.7454,1.42
RGI60-05.15795,212723,71.2539,-25.9039,1.559
RGI60-05.15796,212724,70.7891,-22.1515,0.433
RGI60-05.15797,212725,71.2414,-25.8889,1.237
RGI60-05.15798,212726,70.7582,-21.8618,0.716
RGI60-05.15799,212727,70.7607,-21.8373,0.075
RGI60-05.15800,212728,70.7608,-21.8263,0.053
RGI60-05.15801,212729,70.7323,-21.6368,0.165
RGI60-05.15802,212730,70.7388,-21.6451,0.216
RGI60-05.15803,212731,70.8122,-22.2004,0.324
RGI60-05.15804,212732,70.8003,-22.173,4.256
RGI60-05.15805,212733,70.7943,-22.1167,1.645
RGI60-05.15806,212734,71.2423,-25.5782,0.503
RGI60-05.15807,212735,70.7679,-21.8387,0.357
RGI60-05.15808,212736,71.2567,-25.6211,0.743
RGI60-05.15809,212737,70.7742,-21.8611,1.074
RGI60-05.15810,212738,71.2639,-25.6756,0.785
RGI60-05.15811,212739,70.7727,-21.775,1.244
RGI60-05.15812,212740,71.5593,-28.3171,0.412
RGI60-05.15813,212741,71.2547,-25.563,0.739
RGI60-05.15814,212742,70.8317,-22.1549,0.056
RGI60-05.15815,212743,70.7838,-21.8085,0.239
RGI60-05.15816,212744,70.8343,-22.1421,0.057
RGI60-05.15817,212745,70.7392,-22.0833,9.081
RGI60-05.15818,212746,71.5562,-28.3254,0.373
RGI60-05.15819,212747,70.7185,-22.1265,2.735
RGI60-05.15820,212748,70.7044,-22.1749,0.246
RGI60-05.15821,212749,70.6399,-22.024,18.314
RGI60-05.15822,212750,70.6585,-22.0443,0.321
RGI60-05.15823,212751,70.6562,-22.0153,0.376
RGI60-05.15824,212752,70.8083,-21.802,0.112
RGI60-05.15825,212753,70.7841,-21.9474,9.328
RGI60-05.15826,212754,70.7884,-22.0718,4.287
RGI60-05.15827,212755,70.7369,-21.9598,31.542
RGI60-05.15828,212756,70.9721,-22.8907,0.05
RGI60-05.15829,212757,70.7823,-22.0032,4.087
RGI60-05.15830,212758,70.7718,-22.1318,4.014
RGI60-05.15831,212759,70.7679,-22.0552,7.804
RGI60-05.15832,212760,70.9717,-22.9002,0.072
RGI60-05.15833,212761,70.7001,-22.1244,9.511
RGI60-05.15834,212762,70.681,-21.9028,25.027
RGI60-05.15835,212763,70.7069,-22.1618,0.223
RGI60-05.15836,212764,70.6789,-22.0673,20.287
RGI60-05.15837,212765,70.6773,-21.9813,0.06
RGI60-05.15838,212766,71.4671,-26.8628,0.159
RGI60-05.15839,212767,70.6327,-21.8785,5.694
RGI60-05.15840,212768,71.2643,-25.5537,0.057
RGI60-05.15841,,71.2621,-25.5521,0.164
RGI60-05.15842,,71.261,-25.5381,0.076
RGI60-05.15843,212769,71.2884,-25.7223,0.114
RGI60-05.15844,212770,70.7817,-21.7091,0.286
RGI60-05.15845,212771,71.4036,-26.7605,0.157
RGI60-05.15846,212772,70.9906,-22.7006,0.118
RGI60-05.15847,212773,70.8248,-22.0261,0.817
RGI60-05.15848,212774,71.2983,-25.7912,0.378
RGI60-05.15849,212775,70.8356,-22.029,0.257
RGI60-05.15850,212776,71.461,-27.3879,7.258
RGI60-05.15851,212777,70.9323,-22.7865,0.735
RGI60-05.15852,212778,70.8286,-21.9901,1.378
RGI60-05.15853,212779,70.9385,-22.719,0.246
RGI60-05.15854,212780,70.8334,-21.9352,0.071
RGI60-05.15855,212781,70.8187,-21.8262,1.06
RGI60-05.15856,212782,70.836,-21.9223,0.316
RGI60-05.15857,212783,71.4301,-26.6948,0.21
RGI60-05.15858,212784,70.8358,-21.834,0.597
RGI60-05.15859,212785,71.305,-25.5076,0.445
RGI60-05.15860,212786,71.3345,-25.7761,0.322
RGI60-05.15861,212787,70.9569,-22.6586,0.073
RGI60-05.15862,212788,71.31,-25.484,0.126
RGI60-05.15863,212789,70.9572,-22.6285,0.122
RGI60-05.15864,212790,71.3753,-26.0747,0.246
RGI60-05.15865,212791,70.955,-22.5964,0.146
RGI60-05.15866,212792,70.8374,-21.7256,0.064
RGI60-05.15867,212793,71.3137,-25.4648,0.14
RGI60-05.15868,212794,70.9649,-22.6566,0.317
RGI60-05.15869,212795,71.3776,-26.0182,0.195
RGI60-05.15870,212796,71.6258,-28.4123,0.094
RGI60-05.15871,212797,71.4859,-27.0283,0.884
RGI60-05.15872,212798,71.4878,-27.0519,0.575
RGI60-05.15873,212799,71.4741,-26.9432,1.628
RGI60-05.15874,212800,71.4682,-26.9793,4.208
RGI60-05.15875,212801,70.8864,-21.9362,0.055
RGI60-05.15876,212802,71.4668,-27.1443,1.161
RGI60-05.15877,212803,71.4735,-27.0701,5.707
RGI60-05.15878,212804,71.4567,-27.1499,2.636
RGI60-05.15879,212805,71.4513,-26.5418,0.122
RGI60-05.15880,212806,71.4578,-27.0752,6.392
RGI60-05.15881,212807,70.8515,-21.7514,0.061
RGI60-05.15882,212808,70.9612,-22.7537,2.286
RGI60-05.15883,212809,71.3725,-25.8488,0.304
RGI60-05.15884,212810,71.6253,-28.3813,4.763
RGI60-05.15885,212811,71.6069,-28.3331,7.994
RGI60-05.15886,212812,71.5956,-28.2613,5.318
RGI60-05.15887,212813,71.5939,-28.3021,3.893
RGI60-05.15888,212814,71.5672,-28.1078,0.323
RGI60-05.15889,212815,71.5889,-28.2215,4.252
RGI60-05.15890,212816,71.5978,-28.4034,9.098
RGI60-05.15891,212817,71.5783,-28.1353,3.504
RGI60-05.15892,212818,71.5677,-28.1941,1.87
RGI60-05.15893,212819,71.5738,-28.2706,2.102
RGI60-05.15894,212820,71.5715,-28.2285,1.925
RGI60-05.15895,212821,71.571,-28.305,1.943
RGI60-05.15896,212822,71.573,-28.3632,5.883
RGI60-05.15897,212823,71.5675,-28.1486,1.359
RGI60-05.15898,212824,71.5576,-28.3831,1.543
RGI60-05.15899,212825,71.5611,-28.3405,0.233
RGI60-05.15900,212826,71.5587,-28.3528,0.33
RGI60-05.15901,212827,71.5471,-28.3916,0.498
RGI60-05.15902,212828,71.5841,-28.1798,3.452
RGI60-05.15903,212829,71.5704,-28.1085,0.835
RGI60-05.15904,212830,71.53,-27.5295,9.597
RGI60-05.15905,212831,71.5472,-27.6537,2.649
RGI60-05.15906,212832,71.5504,-27.6076,2.063
RGI60-05.15907,212833,71.5487,-27.5463,6.075
RGI60-05.15908,212834,71.5173,-27.7707,16.83
RGI60-05.15909,212835,71.526,-27.8391,5.038
RGI60-05.15912,212836,70.9974,-22.6057,0.051
RGI60-05.15913,212837,70.9958,-22.5921,0.112
RGI60-05.15918,212838,71.4854,-28.6458,0.742
RGI60-05.15922,212839,71.537,-27.6741,5.452
RGI60-05.15923,212840,71.5308,-27.8774,0.064
RGI60-05.15924,212841,71.5227,-27.881,0.84
RGI60-05.15925,212842,71.4815,-27.6353,1.318
RGI60-05.15926,212843,71.4691,-27.6929,5.504
RGI60-05.15927,212844,71.4811,-27.8038,20.112
RGI60-05.15928,212845,71.4726,-28.4014,12.365
RGI60-05.15929,212846,71.4815,-28.0068,36.379
RGI60-05.15930,212847,71.5122,-27.9106,3.274
RGI60-05.15931,212848,71.4836,-28.1659,16.206
RGI60-05.15932,212849,71.4946,-27.7434,23.129
RGI60-05.15933,212850,71.4995,-28.0903,2.423
RGI60-05.15934,212851,71.4127,-28.8428,1.442
RGI60-05.15936,212852,71.4767,-28.2564,15.433
RGI60-05.15937,212853,71.4255,-28.6495,90.549
RGI60-05.15938,212854,71.4837,-28.3414,3.591
RGI60-05.15939,212855,71.4867,-28.3871,0.969
RGI60-05.15940,212856,71.4511,-27.9127,25.669
RGI60-05.15941,212857,71.4324,-28.1772,21.697
RGI60-05.15942,212858,71.4339,-28.0575,23.185
RGI60-05.15943,212859,71.3779,-27.8155,11.538
RGI60-05.15944,212860,71.4776,-28.6847,0.485
RGI60-05.15946,212861,71.343,-27.808,24.804
RGI60-05.15947,212862,71.4032,-28.0033,0.073
RGI60-05.15948,212863,71.446,-28.8036,3.04
RGI60-05.15952,212864,71.3978,-28.839,4.774
RGI60-05.15953,212865,71.35,-27.9064,23.307
RGI60-05.15954,212866,71.4055,-28.4396,101.819
RGI60-05.15955,212867,71.3964,-29.2113,0.051
RGI60-05.15964,212868,71.3899,-29.2417,1.016
RGI60-05.15965,212869,71.3857,-29.1437,1.706
RGI60-05.15969,212870,71.343,-28.0238,20.684
RGI60-05.15970,212871,71.4237,-28.8046,5.123
RGI60-05.15971,212872,71.3299,-28.267,113.159
RGI60-05.15972,212873,71.3769,-28.3016,0.065
RGI60-05.15973,212874,71.3709,-28.8847,35.76
RGI60-05.15974,212875,71.3857,-29.2134,2.61
RGI60-05.15975,212876,71.2802,-28.016,54.357
RGI60-05.15976,212877,71.3218,-28.7239,29.859
RGI60-05.15977,212878,71.3807,-29.2926,6.854
RGI60-05.15979,212879,71.3921,-29.2656,0.613
RGI60-05.15981,212880,71.3681,-29.0832,27.491
RGI60-05.15982,212881,71.2268,-27.996,18.362
RGI60-05.15983,212882,71.3392,-29.0458,12.803
RGI60-05.15984,212883,71.2587,-28.3875,17.865
RGI60-05.15985,212884,71.3639,-29.3288,1.151
RGI60-05.15986,212885,70.8829,-21.8751,0.127
RGI60-05.15987,212886,71.3656,-29.2798,2.5
RGI60-05.15988,212887,71.309,-28.63,24.706
RGI60-05.15989,212888,70.8812,-21.8526,0.747
RGI60-05.15990,212889,71.2582,-28.2469,42.204
RGI60-05.15991,212890,71.3541,-29.1566,5.764
RGI60-05.15992,212891,71.32,-28.9534,13.15
RGI60-05.15993,212892,71.3275,-28.8448,26.073
RGI60-05.15994,212893,70.9835,-22.6024,0.177
RGI60-05.15995,212894,71.3155,-28.5112,54.741
RGI60-05.15996,212895,70.8883,-21.872,0.088
RGI60-05.15997,212896,71.3546,-25.5788,0.109
RGI60-05.15998,212897,71.3566,-25.578,0.121
RGI60-05.15999,212898,71.2355,-28.1149,19.855
RGI60-05.16000,212899,71.4601,-28.7451,4.175
RGI60-05.16001,212900,71.3737,-29.3594,2.153
RGI60-05.16006,212901,71.4629,-26.0018,0.124
RGI60-05.16007,212902,70.9055,-21.7996,0.082
RGI60-05.16008,212903,71.0849,-22.2766,0.114
RGI60-05.16009,212904,71.0748,-22.1848,0.051
RGI60-05.16010,,71.4663,-26.2934,0.159
RGI60-05.16011,212905,70.9127,-21.7851,0.068
RGI60-05.16012,212906,71.3166,-26.015,0.308
RGI60-05.16013,212907,71.0987,-22.3614,0.168
RGI60-05.16014,212908,71.6984,-27.7473,28.738
RGI60-05.16015,212909,71.0913,-22.2805,0.139
RGI60-05.16016,212910,71.0251,-21.7802,0.151
RGI60-05.16017,212911,71.0565,-22.0078,0.104
RGI60-05.16021,212912,71.4175,-25.8164,0.388
RGI60-05.16022,212913,71.0582,-22.851,0.087
RGI60-05.16024,212914,70.909,-21.7606,0.192
RGI60-05.16026,212915,70.9182,-21.7868,0.081
RGI60-05.16028,212916,70.9203,-21.7991,0.078
RGI60-05.16029,212917,71.0577,-22.8173,0.146
RGI60-05.16030,212918,71.4458,-26.2393,0.123
RGI60-05.16031,212919,70.8976,-21.8254,0.065
RGI60-05.16032,212920,70.8979,-21.8091,0.052
RGI60-05.16033,212921,71.0082,-22.643,0.449
RGI60-05.16034,212922,70.9032,-21.8357,0.142
RGI60-05.16035,212923,70.8976,-21.7942,0.363
RGI60-05.16036,,71.3899,-25.6857,0.142
RGI60-05.16037,212924,71.0193,-22.6531,0.095
RGI60-05.16038,212925,70.909,-21.8363,0.297
RGI60-05.16039,212926,70.9414,-22.0675,0.197
RGI60-05.16040,212927,70.9461,-21.9888,1.016
RGI60-05.16041,212928,70.9517,-22.0412,2.893
RGI60-05.16042,212929,70.9553,-22.0075,0.135
RGI60-05.16043,212930,71.0608,-22.7855,0.19
RGI60-05.16044,212931,70.9239,-21.7556,0.052
RGI60-05.16045,212932,71.058,-22.7325,0.127
RGI60-05.16046,212933,71.4439,-26.115,2.75
RGI60-05.16047,212934,71.4713,-26.4413,0.398
RGI60-05.16048,212935,71.4606,-26.469,2.893
RGI60-05.16049,212936,71.4443,-26.4884,1.768
RGI60-05.16050,212937,71.4062,-26.1046,35.734
RGI60-05.16051,212938,71.442,-26.2726,5.696
RGI60-05.16052,212939,71.4023,-26.4331,63.236
RGI60-05.16053,212940,71.4327,-26.3064,0.858
RGI60-05.16054,212941,71.3981,-26.0237,0.053
RGI60-05.16055,212942,71.3966,-26.0132,0.772
RGI60-05.16056,212943,71.4223,-26.1701,4.107
RGI60-05.16057,212944,71.4474,-26.1346,0.211
RGI60-05.16058,212945,71.4256,-26.9639,5.026
RGI60-05.16059,212946,71.4243,-26.2376,5.009
RGI60-05.16060,212947,71.4119,-26.5526,29.464
RGI60-05.16061,212948,71.3234,-26.2049,189.822
RGI60-05.16062,212949,71.3292,-26.9604,328.091
RGI60-05.16063,212950,71.4193,-26.9158,0.075
RGI60-05.16064,212951,71.4373,-26.8988,0.64
RGI60-05.16065,212952,71.4276,-26.9097,1.88
RGI60-05.16066,212953,71.417,-26.9299,0.288
RGI60-05.16067,212954,71.4129,-26.9366,0.22
RGI60-05.16068,212955,71.3115,-26.0569,2.055
RGI60-05.16069,212956,71.4029,-27.2643,3.484
RGI60-05.16070,212957,71.2762,-26.0853,1.04
RGI60-05.16071,212958,71.2073,-25.8356,0.911
RGI60-05.16072,212959,71.2164,-26.556,561.29
RGI60-05.16073,,71.1244,-26.1092,0.061
RGI60-05.16074,212960,71.2888,-26.0944,6.416
RGI60-05.16075,212961,71.3819,-27.3167,5.025
RGI60-05.16076,212962,71.1356,-26.0203,11.206
RGI60-05.16077,212963,71.1585,-25.9183,0.175
RGI60-05.16078,212964,71.3651,-27.3641,7.332
RGI60-05.16079,212965,71.397,-27.1556,64.162
RGI60-05.16080,212966,71.3293,-27.3742,29.144
RGI60-05.16081,212967,71.1821,-25.8432,19.204
RGI60-05.16082,212968,71.1597,-25.8036,0.191
RGI60-05.16083,212969,71.1562,-25.8317,0.111
RGI60-05.16084,,71.1557,-25.7506,0.1
RGI60-05.16085,212970,71.1497,-25.7625,0.252
RGI60-05.16086,212971,71.3211,-27.4586,4.944
RGI60-05.16087,212972,71.1561,-25.7767,0.993
RGI60-05.16088,212973,71.1475,-25.7754,0.286
RGI60-05.16089,212974,71.1532,-25.8126,1.849
RGI60-05.16090,212975,71.1484,-25.8269,0.818
RGI60-05.16091,212976,71.2338,-27.5746,28.669
RGI60-05.16092,212977,71.1317,-26.0346,0.59
RGI60-05.16093,212978,71.117,-26.0495,4.83
RGI60-05.16094,212979,71.1072,-26.5306,0.398
RGI60-05.16095,212980,71.0791,-26.2365,18.769
RGI60-05.16096,212981,71.1597,-25.9037,4.233
RGI60-05.16097,212982,71.2663,-27.4215,77.786
RGI60-05.16098,212983,71.1081,-26.5594,2.924
RGI60-05.16099,212984,71.0702,-26.2652,1.166
RGI60-05.16100,212985,71.0715,-26.2295,0.09
RGI60-05.16101,212986,71.1108,-26.6742,2.015
RGI60-05.16102,212987,71.015,-26.3788,0.669
RGI60-05.16103,212988,71.0801,-26.3939,1.968
RGI60-05.16104,212989,71.0694,-26.4261,2.129
RGI60-05.16105,212990,71.1109,-26.9138,4.743
RGI60-05.16106,212991,71.2014,-27.5332,29.396
RGI60-05.16107,212992,71.0978,-27.2393,7.286
RGI60-05.16108,212993,71.0963,-27.1798,0.077
RGI60-05.16109,212994,71.1954,-27.3102,79.742
RGI60-05.16110,212995,71.1264,-26.8595,20.748
RGI60-05.16111,212996,71.1461,-27.3685,23.435
RGI60-05.16112,212997,71.0535,-26.6756,2.977
RGI60-05.16113,212998,71.0689,-26.4517,0.091
RGI60-05.16114,212999,71.0559,-26.4455,2.898
RGI60-05.16115,213000,71.1592,-27.4299,19.222
RGI60-05.16116,213001,71.021,-27.1966,9.803
RGI60-05.16117,213002,71.0409,-26.6262,6.676
RGI60-05.16118,213003,71.131,-27.0985,87.178
RGI60-05.16119,213004,71.0642,-26.6712,0.601
RGI60-05.16120,213005,71.1268,-27.3012,35.063
RGI60-05.16121,213006,70.9911,-27.1159,14.303
RGI60-05.16122,213007,70.9997,-26.4751,6.633
RGI60-05.16123,213008,71.055,-22.6748,0.13
RGI60-05.16124,213009,71.0246,-26.5634,22.213
RGI60-05.16125,213010,70.9582,-21.9793,0.224
RGI60-05.16126,213011,70.9868,-26.5071,6.065
RGI60-05.16127,213012,70.9643,-26.5895,0.08
RGI60-05.16128,213013,70.9901,-27.2024,14.415
RGI60-05.16129,213014,71.0113,-27.2331,0.077
RGI60-05.16130,213015,70.9869,-26.6322,22.966
RGI60-05.16131,213016,70.9462,-21.8663,0.072
RGI60-05.16132,213017,70.9613,-21.9866,0.107
RGI60-05.16133,213018,70.9881,-26.9981,33.302
RGI60-05.16134,213019,70.9322,-21.7701,0.23
RGI60-05.16135,213020,70.9609,-27.2173,2.173
RGI60-05.16136,213021,70.9601,-27.2492,1.943
RGI60-05.16137,213022,71.0325,-26.418,15.444
RGI60-05.16138,213023,70.9598,-26.9264,2.716
RGI60-05.16139,213024,70.9823,-26.7935,37.328
RGI60-05.16140,213025,70.9785,-22.0994,0.197
RGI60-05.16141,213026,71.3789,-25.7286,16.991
RGI60-05.16142,213027,71.455,-25.9759,0.837
RGI60-05.16143,213028,70.9756,-26.5623,2.241
RGI60-05.16144,213029,71.0874,-26.1143,1.515
RGI60-05.16145,213030,71.446,-26.0073,1.373
RGI60-05.16146,213031,71.0527,-26.5093,1.939
RGI60-05.16147,213032,71.0571,-26.7915,1.305
RGI60-05.16148,213033,71.109,-26.7924,0.729
RGI60-05.16149,213034,71.0227,-22.0852,0.413
RGI60-05.16150,213035,71.1268,-26.7282,17.491
RGI60-05.16151,213036,71.0369,-26.7275,21.618
RGI60-05.16152,213037,71.2241,-25.8663,6.457
RGI60-05.16153,213038,71.215,-25.8317,0.064
RGI60-05.16154,213039,71.3174,-25.995,0.366
RGI60-05.16155,213040,71.0037,-21.9134,0.167
RGI60-05.16156,213041,71.1175,-26.5253,1.511
RGI60-05.16157,213042,71.0834,-26.3079,9.474
RGI60-05.16158,213043,71.0335,-27.1585,4.73
RGI60-05.16159,213044,71.4503,-26.0303,1.573
RGI60-05.16160,213045,71.4578,-25.9986,0.721
RGI60-05.16161,213046,71.044,-27.1004,15.13
RGI60-05.16162,213047,71.3681,-25.655,4.684
RGI60-05.16163,213048,71.4437,-26.0361,0.381
RGI60-05.16164,213049,71.0288,-26.9529,28.536
RGI60-05.16165,213050,71.1235,-26.9658,10.254
RGI60-05.16166,213051,71.0388,-26.8426,20.435
RGI60-05.16167,213052,71.3155,-25.5321,1.187
RGI60-05.16168,213053,71.3086,-25.7859,0.079
RGI60-05.16169,213054,71.1184,-26.6106,8.788
RGI60-05.16170,213055,70.962,-22.016,0.152
RGI60-05.16171,213056,71.402,-25.8055,4.524
RGI60-05.16172,213057,71.3648,-25.6083,1.685
RGI60-05.16173,213058,71.2758,-25.6559,0.454
RGI60-05.16174,213059,71.261,-25.5861,0.236
RGI60-05.16175,213060,71.3284,-25.5133,4.696
RGI60-05.16176,213061,71.3778,-25.8276,0.136
RGI60-05.16177,213062,71.27,-25.6269,0.432
RGI60-05.16178,213063,70.9762,-21.8359,0.159
RGI60-05.16179,213064,71.3858,-25.8245,3.408
RGI60-05.16180,213065,71.3204,-25.4914,0.769
RGI60-05.16181,213066,71.4156,-25.8454,3.376
RGI60-05.16182,213067,71.3441,-25.6114,7.095
RGI60-05.16183,213068,71.0641,-22.6857,0.076
RGI60-05.16184,213069,71.4382,-25.7617,0.856
RGI60-05.16185,213070,71.3253,-25.7244,7.806
RGI60-05.16186,213071,71.3392,-25.7913,0.074
RGI60-05.16187,213072,71.3575,-25.7918,6.731
RGI60-05.16188,213073,71.461,-25.9516,0.725
RGI60-05.16189,213074,71.3155,-25.6038,23.16
RGI60-05.16190,213075,71.2727,-25.732,11.897
RGI60-05.16191,213076,71.3117,-25.7395,0.052
RGI60-05.16192,213077,71.3091,-25.7603,0.07
RGI60-05.16193,213078,71.456,-26.0689,0.475
RGI60-05.16194,213079,70.9544,-21.8635,0.31
RGI60-05.16196,213080,71.7351,-28.6187,0.22
RGI60-05.16197,213081,70.9608,-21.8949,0.366
RGI60-05.16198,213082,71.0654,-22.666,0.128
RGI60-05.16199,213083,70.9438,-21.754,0.452
RGI60-05.16200,213084,70.9638,-21.8732,0.401
RGI60-05.16201,213085,70.9588,-21.8411,0.153
RGI60-05.16202,213086,70.9644,-21.8332,0.061
RGI60-05.16203,213087,70.9695,-21.8619,0.419
RGI60-05.16204,213088,71.7439,-28.6079,0.647
RGI60-05.16205,213089,70.9891,-21.951,0.082
RGI60-05.16206,213090,71.0525,-22.389,0.135
RGI60-05.16207,213091,71.0111,-22.0667,0.612
RGI60-05.16208,213092,71.0065,-22.0352,0.819
RGI60-05.16209,213093,71.0005,-21.9963,1.414
RGI60-05.16210,213094,70.9921,-21.9796,0.169
RGI60-05.16211,213095,71.0021,-21.9469,0.302
RGI60-05.16212,213096,71.0202,-22.0597,0.062
RGI60-05.16213,213097,71.0667,-22.3908,0.195
RGI60-05.16214,213098,71.0341,-22.1929,2.517
RGI60-05.16215,213099,71.029,-22.2263,3.137
RGI60-05.16216,213100,70.9742,-22.1319,0.964
RGI60-05.16217,213101,70.9212,-22.0007,37.055
RGI60-05.16218,213102,70.9947,-22.1822,10.205
RGI60-05.16219,213103,70.9904,-22.2346,11.266
RGI60-05.16220,213104,70.911,-21.8115,0.246
RGI60-05.16221,213105,70.8974,-21.8683,2.13
RGI60-05.16222,213106,70.9562,-22.1444,7.512
RGI60-05.16223,213107,70.9506,-22.2132,7.565
RGI60-05.16224,213108,70.8282,-22.1033,0.878
RGI60-05.16225,213109,70.9236,-22.1829,17.636
RGI60-05.16226,213110,70.9276,-21.8111,0.484
RGI60-05.16227,213111,71.0019,-21.8659,0.05
RGI60-05.16228,213112,71.0661,-22.3612,0.721
RGI60-05.16229,213113,70.9128,-21.8674,5.58
RGI60-05.16230,213114,70.8483,-22.1195,7.97
RGI60-05.16231,213115,70.8824,-22.1667,37.389
RGI60-05.16232,213116,70.8639,-21.9527,44.177
RGI60-05.16233,213117,70.83,-22.0621,1.229
RGI60-05.16234,213118,71.0028,-21.8888,0.452
RGI60-05.16235,213119,71.0072,-21.8744,0.052
RGI60-05.16236,213120,71.0669,-22.3227,0.148
RGI60-05.16237,213121,71.0091,-21.847,0.062
RGI60-05.16238,213122,71.019,-21.9617,3.276
RGI60-05.16239,213123,71.0812,-22.3696,0.209
RGI60-05.16240,213124,71.0255,-22.0325,5.469
RGI60-05.16241,213125,71.0173,-21.9054,0.333
RGI60-05.16242,213126,71.0097,-21.8246,0.124
RGI60-05.16243,213127,71.2144,-23.3502,0.056
RGI60-05.16244,213128,71.017,-21.8816,0.119
RGI60-05.16245,213129,71.0437,-22.0786,0.464
RGI60-05.16246,213130,71.0725,-22.2922,0.288
RGI60-05.16247,213131,71.0183,-21.8648,0.518
RGI60-05.16248,213132,71.2222,-23.3647,0.107
RGI60-05.16249,213133,71.0121,-21.8036,0.262
RGI60-05.16250,213134,71.0839,-22.2906,0.099
RGI60-05.16251,213135,71.2207,-23.3157,0.069
RGI60-05.16252,213136,71.0495,-22.013,0.103
RGI60-05.16253,213137,71.0407,-21.9625,6.164
RGI60-05.16254,213138,71.0354,-21.9015,0.333
RGI60-05.16255,213139,71.0247,-21.8333,1.171
RGI60-05.16256,213140,71.48,-25.4257,0.776
RGI60-05.16257,213141,71.096,-22.272,0.056
RGI60-05.16258,213142,71.4853,-25.4102,0.213
RGI60-05.16259,213143,71.6646,-27.0884,0.462
RGI60-05.16260,213144,71.035,-21.8237,0.517
RGI60-05.16261,213145,71.1108,-22.3469,0.34
RGI60-05.16262,213146,71.0264,-21.7192,0.056
RGI60-05.16263,213147,71.0309,-21.7706,0.369
RGI60-05.16264,213148,71.1774,-22.8306,0.11
RGI60-05.16265,213149,71.1037,-22.2809,0.226
RGI60-05.16266,213150,71.0608,-21.9843,0.835
RGI60-05.16267,213151,71.5853,-26.2537,1.072
RGI60-05.16268,213152,71.58,-26.2334,0.361
RGI60-05.16269,213153,71.0902,-22.0611,0.1
RGI60-05.16270,213154,71.6721,-27.0487,0.909
RGI60-05.16271,213155,71.0431,-21.8157,1.378
RGI60-05.16272,213156,71.0582,-21.9426,1.181
RGI60-05.16273,213157,71.1114,-22.2865,0.104
RGI60-05.16274,213158,71.0348,-21.7195,0.549
RGI60-05.16275,213159,71.0518,-21.8207,0.081
RGI60-05.16276,213160,71.0947,-22.2075,4.844
RGI60-05.16277,213161,71.0446,-21.7526,0.831
RGI60-05.16278,213162,71.0503,-21.7922,0.424
RGI60-05.16279,213163,71.0559,-21.8273,0.261
RGI60-05.16280,213164,71.1117,-22.2204,0.105
RGI60-05.16281,213165,71.0517,-21.776,0.124
RGI60-05.16282,213166,71.1238,-22.3057,0.162
RGI60-05.16283,213167,71.1983,-22.8413,0.077
RGI60-05.16284,213168,71.6444,-26.849,16.412
RGI60-05.16285,213169,71.6333,-26.7716,2.879
RGI60-05.16286,213170,71.1455,-21.8813,0.068
RGI60-05.16287,213171,71.6608,-26.9404,2.374
RGI60-05.16288,213172,71.6412,-26.9792,19.0
RGI60-05.16289,213173,71.6124,-26.9422,12.41
RGI60-05.16290,213174,71.0497,-21.7246,0.198
RGI60-05.16291,213175,71.6136,-26.7901,16.0
RGI60-05.16292,213176,71.5689,-26.5893,1.12
RGI60-05.16293,213177,71.5965,-26.9483,3.373
RGI60-05.16294,213178,71.187,-22.6871,0.112
RGI60-05.16295,213179,71.5556,-26.638,0.984
RGI60-05.16296,213180,71.5658,-26.8087,4.215
RGI60-05.16297,213181,71.5822,-26.9169,0.661
RGI60-05.16298,213182,71.5853,-26.8757,5.276
RGI60-05.16299,213183,71.1198,-22.2465,0.067
RGI60-05.16300,213184,71.2035,-22.8576,0.068
RGI60-05.16301,213185,71.5795,-26.7433,26.221
RGI60-05.16302,213186,71.554,-26.7303,1.918
RGI60-05.16303,213187,71.1228,-22.2806,0.39
RGI60-05.16304,213188,71.1311,-22.3244,0.327
RGI60-05.16305,213189,71.0991,-22.0751,0.085
RGI60-05.16306,213190,71.7445,-28.0978,95.924
RGI60-05.16307,213191,71.0627,-21.8079,0.162
RGI60-05.16308,213192,71.0665,-21.8176,0.186
RGI60-05.16309,213193,71.0601,-21.7855,0.338
RGI60-05.16310,213194,71.1004,-22.057,0.153
RGI60-05.16311,213195,71.218,-22.9197,0.257
RGI60-05.16312,213196,71.2599,-23.3084,0.509
RGI60-05.16313,213197,71.0681,-21.789,0.163
RGI60-05.16314,213198,71.2751,-23.3418,0.077
RGI60-05.16315,213199,71.1835,-22.6399,0.085
RGI60-05.16316,213200,71.2403,-23.0609,0.05
RGI60-05.16317,213201,71.0971,-21.9797,0.374
RGI60-05.16318,213202,71.6429,-26.6389,10.247
RGI60-05.16319,213203,71.0562,-21.7606,0.74
RGI60-05.16320,213204,71.2187,-22.8807,0.153
RGI60-05.16321,213205,71.2604,-23.1926,0.223
RGI60-05.16322,213206,71.1091,-22.0527,0.207
RGI60-05.16323,213207,71.0664,-21.7588,0.318
RGI60-05.16324,213208,71.1055,-22.0005,0.059
RGI60-05.16325,213209,71.1034,-21.9891,0.105
RGI60-05.16326,213210,71.1386,-22.2378,0.055
RGI60-05.16327,213211,71.1043,-22.2531,0.344
RGI60-05.16328,213212,71.2267,-22.8897,0.167
RGI60-05.16329,,71.5467,-25.5053,0.113
RGI60-05.16330,213213,71.1215,-22.1861,3.825
RGI60-05.16331,213214,71.0737,-21.7546,0.061
RGI60-05.16332,213215,71.133,-22.1933,0.139
RGI60-05.16333,213216,71.109,-22.0332,0.448
RGI60-05.16334,213217,71.2498,-23.0747,0.106
RGI60-05.16335,213218,71.0763,-21.7258,0.082
RGI60-05.16336,213219,71.2698,-23.1583,0.153
RGI60-05.16337,213220,71.0817,-21.7754,0.242
RGI60-05.16338,213221,71.2656,-23.1262,0.102
RGI60-05.16339,213222,71.1128,-21.9993,0.973
RGI60-05.16340,213223,71.1442,-22.2438,0.208
RGI60-05.16341,213224,71.1189,-22.037,0.198
RGI60-05.16342,213225,71.1637,-22.3477,0.341
RGI60-05.16343,,71.5539,-25.5079,0.149
RGI60-05.16344,213226,71.2074,-22.6891,0.712
RGI60-05.16345,213227,71.1082,-21.947,1.357
RGI60-05.16346,213228,71.2641,-23.0877,0.315
RGI60-05.16347,213229,71.1604,-22.057,0.09
RGI60-05.16348,213230,71.1089,-21.9059,0.205
RGI60-05.16349,213231,71.1526,-22.1985,0.056
RGI60-05.16350,213232,71.2532,-22.9549,0.091
RGI60-05.16351,213233,71.2192,-22.6954,0.379
RGI60-05.16352,213234,71.1092,-21.8871,0.141
RGI60-05.16353,213235,71.1097,-21.8667,0.268
RGI60-05.16354,213236,71.3105,-23.3473,0.157
RGI60-05.16355,213237,71.2351,-22.7338,0.466
RGI60-05.16356,213238,71.124,-21.9755,1.828
RGI60-05.16357,213239,71.5392,-25.2544,0.179
RGI60-05.16358,213240,71.146,-22.1842,2.303
RGI60-05.16359,213241,71.3452,-23.5903,0.055
RGI60-05.16360,213242,71.1334,-21.9857,0.195
RGI60-05.16361,213243,71.1725,-22.287,0.884
RGI60-05.16362,213244,71.2541,-22.8834,0.149
RGI60-05.16363,213245,71.154,-22.1204,0.052
RGI60-05.16364,213246,71.2406,-22.783,0.224
RGI60-05.16365,213247,71.5598,-25.3571,0.145
RGI60-05.16366,213248,71.1158,-21.8187,0.128
RGI60-05.16367,213249,71.1797,-22.2753,0.095
RGI60-05.16368,213250,71.2893,-23.1048,0.258
RGI60-05.16369,213251,71.1547,-22.0886,0.305
RGI60-05.16370,213252,71.1164,-21.7941,0.075
RGI60-05.16371,213253,71.2367,-22.6928,0.266
RGI60-05.16372,213254,71.3412,-23.4764,0.071
RGI60-05.16373,213255,71.2664,-22.8986,0.198
RGI60-05.16374,213256,71.1188,-21.8397,0.365
RGI60-05.16375,213257,71.5311,-24.9938,0.354
RGI60-05.16376,213258,71.1619,-22.1123,0.365
RGI60-05.16377,213259,71.1173,-21.7758,0.183
RGI60-05.16378,213260,71.851,-28.3399,3.54
RGI60-05.16379,213261,71.8465,-28.2758,0.089
RGI60-05.16380,213262,71.8369,-28.2839,1.252
RGI60-05.16381,213263,71.8457,-28.2983,1.001
RGI60-05.16382,213264,71.3778,-23.5127,0.071
RGI60-05.16383,213265,71.8522,-28.584,1.304
RGI60-05.16384,213266,71.8643,-28.541,1.023
RGI60-05.16385,213267,71.8364,-28.591,3.354
RGI60-05.16386,213268,71.8285,-28.3811,6.731
RGI60-05.16387,213269,71.1659,-22.0535,0.152
RGI60-05.16388,213270,71.8496,-28.4741,20.229
RGI60-05.16389,213271,71.2565,-22.7284,0.068
RGI60-05.16390,213272,71.8188,-28.4747,13.996
RGI60-05.16391,213273,71.8292,-28.3164,2.894
RGI60-05.16392,213274,71.8206,-28.5711,3.563
RGI60-05.16393,213275,71.8365,-28.3317,0.468
RGI60-05.16394,213276,71.3398,-23.4457,0.289
RGI60-05.16395,213277,71.1301,-21.911,5.283
RGI60-05.16396,213278,71.2538,-22.7568,0.054
RGI60-05.16397,213279,71.1786,-22.19,0.12
RGI60-05.16398,213280,71.1905,-22.2839,0.383
RGI60-05.16399,213281,71.1803,-22.212,0.661
RGI60-05.16400,213282,71.1748,-22.2298,0.292
RGI60-05.16401,213283,71.1837,-22.2327,0.692
RGI60-05.16402,213284,71.1745,-22.2474,0.37
RGI60-05.16403,213285,71.1653,-22.0792,0.349
RGI60-05.16404,213286,71.3215,-23.2272,0.147
RGI60-05.16405,213287,71.2569,-22.7077,0.159
RGI60-05.16406,213288,71.1323,-21.8066,0.211
RGI60-05.16407,213289,71.2614,-22.7412,0.431
RGI60-05.16408,213290,71.2785,-22.8916,0.15
RGI60-05.16409,213291,71.1712,-22.0468,0.168
RGI60-05.16410,213292,71.1859,-22.1318,0.064
RGI60-05.16411,213293,71.1459,-21.8256,0.096
RGI60-05.16412,213294,71.9446,-28.8771,0.327
RGI60-05.16413,213295,71.2881,-22.8689,0.22
RGI60-05.16414,213296,71.2067,-22.2308,0.145
RGI60-05.16415,213297,71.2653,-22.6842,0.562
RGI60-05.16416,213298,71.9534,-28.9044,0.144
RGI60-05.16417,213299,71.2904,-22.905,1.177
RGI60-05.16418,213300,71.1807,-22.0118,0.117
RGI60-05.16419,213301,71.3753,-23.4916,0.113
RGI60-05.16420,213302,71.2769,-22.7289,0.131
RGI60-05.16421,213303,71.1933,-22.0782,0.186
RGI60-05.16422,213304,71.5607,-24.985,0.421
RGI60-05.16423,213305,71.5642,-25.031,0.485
RGI60-05.16424,213306,71.358,-23.2856,0.073
RGI60-05.16425,213307,71.1698,-21.8694,0.185
RGI60-05.16426,213308,71.2755,-22.6749,0.681
RGI60-05.16427,213309,71.3119,-22.9231,0.166
RGI60-05.16428,213310,71.6489,-25.729,0.145
RGI60-05.16429,213311,71.1697,-21.856,0.072
RGI60-05.16430,213312,71.3757,-23.4068,0.063
RGI60-05.16431,213313,71.6515,-25.7545,0.554
RGI60-05.16432,213314,71.1698,-21.9032,1.384
RGI60-05.16433,,71.5755,-25.0608,0.103
RGI60-05.16434,213315,71.1875,-21.964,0.138
RGI60-05.16435,213316,71.3768,-23.3871,0.052
RGI60-05.16436,213317,71.9857,-29.0715,0.168
RGI60-05.16437,213318,71.4023,-23.5732,0.111
RGI60-05.16438,213319,71.9851,-29.0564,0.067
RGI60-05.16439,213320,71.9867,-29.0495,0.134
RGI60-05.16440,213321,71.3125,-22.8786,1.825
RGI60-05.16441,213322,71.1787,-21.8637,0.298
RGI60-05.16442,213323,71.4126,-23.613,0.294
RGI60-05.16443,213324,71.1827,-21.8815,0.35
RGI60-05.16444,213325,71.1947,-21.9538,0.537
RGI60-05.16445,213326,71.2927,-22.6604,0.06
RGI60-05.16446,213327,71.9907,-29.028,0.12
RGI60-05.16447,213328,71.2109,-21.9924,0.118
RGI60-05.16448,213329,71.9816,-28.9971,1.218
RGI60-05.16449,213330,71.974,-28.9541,1.166
RGI60-05.16450,213331,71.9642,-28.946,0.108
RGI60-05.16451,213332,71.9715,-28.9901,1.15
RGI60-05.16452,213333,71.9668,-28.954,0.224
RGI60-05.16453,213334,71.2047,-22.009,0.381
RGI60-05.16454,213335,71.3269,-22.9194,0.493
RGI60-05.16455,213336,71.3344,-22.9565,0.191
RGI60-05.16456,213337,71.3238,-22.889,0.138
RGI60-05.16457,213338,71.1731,-21.7401,0.522
RGI60-05.16458,213339,71.401,-23.4637,0.576
RGI60-05.16459,213340,71.1819,-21.7865,0.191
RGI60-05.16460,213341,71.1996,-21.9129,0.159
RGI60-05.16461,213342,71.2026,-21.932,0.083
RGI60-05.16462,213343,71.2028,-21.9485,0.218
RGI60-05.16463,213344,71.2178,-22.0923,1.569
RGI60-05.16464,213345,71.2201,-22.1207,1.299
RGI60-05.16465,213346,71.2123,-22.1356,0.448
RGI60-05.16466,213347,71.2015,-22.0995,3.295
RGI60-05.16467,213348,71.1906,-22.1472,1.427
RGI60-05.16468,213349,71.1991,-22.1495,3.089
RGI60-05.16469,213350,71.1961,-22.2078,6.623
RGI60-05.16470,213351,71.1869,-21.7966,0.116
RGI60-05.16471,213352,71.1885,-21.8099,0.103
RGI60-05.16472,213353,71.2443,-22.2048,0.053
RGI60-05.16473,213354,71.6435,-25.459,0.333
RGI60-05.16474,213355,71.3379,-22.9274,0.339
RGI60-05.16475,213356,71.2931,-22.5398,0.181
RGI60-05.16476,213357,71.6461,-25.4374,0.213
RGI60-05.16477,213358,71.2274,-22.0449,0.107
RGI60-05.16478,213359,71.193,-21.784,0.219
RGI60-05.16479,213360,71.1824,-21.6971,0.147
RGI60-05.16480,213361,71.1987,-21.8268,0.718
RGI60-05.16481,213362,71.3528,-22.962,0.475
RGI60-05.16482,213363,71.1884,-21.7614,0.607
RGI60-05.16483,213364,71.1951,-21.7691,0.134
RGI60-05.16484,213365,71.4335,-23.5927,0.267
RGI60-05.16485,213366,71.2221,-21.9767,0.56
RGI60-05.16486,213367,71.3572,-22.9633,0.092
RGI60-05.16487,213368,71.219,-21.9235,0.078
RGI60-05.16488,213369,71.2696,-22.2937,0.136
RGI60-05.16489,213370,71.4142,-23.3906,0.126
RGI60-05.16490,213371,71.2002,-21.7603,0.095
RGI60-05.16491,213372,71.2315,-21.9967,0.236
RGI60-05.16492,213373,71.2223,-21.9162,0.129
RGI60-05.16493,213374,71.2109,-21.8982,1.348
RGI60-05.16494,213375,71.2132,-21.8726,0.682
RGI60-05.16495,213376,71.3615,-22.955,0.075
RGI60-05.16496,213377,72.0138,-28.9778,0.448
RGI60-05.16497,213378,71.2667,-22.2321,0.077
RGI60-05.16498,213379,71.4109,-23.3303,0.062
RGI60-05.16499,213380,71.4896,-23.9539,0.082
RGI60-05.16500,213381,71.3502,-22.8477,0.05
RGI60-05.16501,213382,71.2774,-22.287,0.115
RGI60-05.16502,213383,71.3541,-22.8561,0.054
RGI60-05.16503,213384,71.3138,-22.555,0.196
RGI60-05.16504,213385,71.4457,-23.5777,0.091
RGI60-05.16505,213386,71.2542,-22.0997,0.108
RGI60-05.16506,213387,71.4574,-22.1577,0.062
RGI60-05.16515,213388,71.4188,-23.3584,0.214
RGI60-05.16516,213389,71.3423,-22.7536,0.132
RGI60-05.16517,213390,71.3695,-22.951,0.089
RGI60-05.16518,213391,71.2066,-21.7745,0.362
RGI60-05.16519,213392,71.3543,-22.8415,0.243
RGI60-05.16520,213393,71.2279,-21.8934,0.221
RGI60-05.16521,213394,71.2182,-21.8216,0.071
RGI60-05.16522,213395,71.2083,-21.8024,0.783
RGI60-05.16523,213396,71.2173,-21.8359,0.645
RGI60-05.16524,213397,71.2077,-21.8371,1.49
RGI60-05.16525,213398,71.2525,-22.0715,0.602
RGI60-05.16526,213399,71.3546,-22.8228,0.186
RGI60-05.16527,213400,71.3436,-22.7308,0.081
RGI60-05.16528,213401,71.3538,-22.9059,2.273
RGI60-05.16529,213402,71.9183,-28.9865,3.239
RGI60-05.16531,213403,71.9202,-29.1731,2.698
RGI60-05.16534,213404,71.8734,-29.0381,1.346
RGI60-05.16535,213405,71.9067,-29.0771,20.967
RGI60-05.16536,213406,71.8793,-29.2316,3.701
RGI60-05.16538,213407,71.852,-29.1645,0.777
RGI60-05.16539,213408,71.8466,-29.1465,0.563
RGI60-05.16540,213409,71.8393,-29.1346,2.548
RGI60-05.16541,213410,71.8294,-29.117,1.248
RGI60-05.16542,213411,71.221,-22.0062,0.293
RGI60-05.16543,213412,71.2272,-21.8048,0.593
RGI60-05.16548,213413,71.8499,-29.4301,9.541
RGI60-05.16551,213414,71.823,-29.2545,1.518
RGI60-05.16552,213415,71.2618,-22.0424,0.326
RGI60-05.16553,213416,71.3777,-22.913,0.082
RGI60-05.16554,213417,71.8323,-29.0998,0.29
RGI60-05.16555,213418,71.823,-29.1426,1.487
RGI60-05.16556,213419,71.826,-29.4043,6.86
RGI60-05.16557,213420,71.8086,-29.3633,3.459
RGI60-05.16558,213421,71.8668,-29.1924,1.482
RGI60-05.16559,213422,71.8442,-29.228,18.583
RGI60-05.16560,213423,71.8461,-29.169,0.11
RGI60-05.16561,213424,71.8283,-29.1613,0.872
RGI60-05.16562,213425,71.2381,-21.8375,0.101
RGI60-05.16563,213426,71.8406,-29.3214,19.319
RGI60-05.16564,213427,72.0168,-28.9631,0.203
RGI60-05.16565,213428,71.3698,-22.9281,0.238
RGI60-05.16566,213429,71.2951,-22.251,0.077
RGI60-05.16567,213430,71.231,-22.0775,6.674
RGI60-05.16568,213431,71.2403,-22.0227,5.772
RGI60-05.16569,213432,71.205,-22.036,1.84
RGI60-05.16570,213433,71.2895,-22.2781,0.068
RGI60-05.16571,213434,71.438,-23.4527,0.238
RGI60-05.16572,213435,71.8499,-27.0375,0.123
RGI60-05.16573,213436,71.3648,-22.8352,0.071
RGI60-05.16574,213437,71.2742,-22.163,0.156
RGI60-05.16575,213438,71.2301,-21.8324,0.358
RGI60-05.16576,213439,71.2774,-22.1678,0.054
RGI60-05.16577,213440,71.6144,-24.851,0.595
RGI60-05.16578,213441,72.0232,-28.9704,0.49
RGI60-05.16579,213442,72.0277,-28.9603,0.093
RGI60-05.16580,213443,72.0209,-28.9465,0.949
RGI60-05.16581,213444,72.0197,-28.918,1.899
RGI60-05.16582,213445,72.008,-28.9142,0.981
RGI60-05.16583,213446,71.3841,-22.9193,0.065
RGI60-05.16584,213447,71.2325,-21.864,1.917
RGI60-05.16585,213448,72.0092,-28.7864,2.195
RGI60-05.16586,213449,72.0175,-28.866,2.153
RGI60-05.16587,213450,72.0175,-28.8917,0.236
RGI60-05.16588,213451,71.3692,-22.7304,0.064
RGI60-05.16589,213452,72.0074,-28.8752,0.576
RGI60-05.16590,213453,72.0144,-28.8194,1.345
RGI60-05.16591,213454,72.001,-28.8397,2.61
RGI60-05.16592,213455,71.999,-28.8045,0.328
RGI60-05.16593,213456,71.9622,-28.7066,2.534
RGI60-05.16595,213457,71.2492,-21.8373,0.067
RGI60-05.16596,213458,71.9814,-28.7624,7.505
RGI60-05.16597,213459,71.2579,-21.9556,0.158
RGI60-05.16598,213460,71.6165,-24.8028,0.197
RGI60-05.16599,213461,71.2617,-21.999,0.63
RGI60-05.16600,213462,71.3857,-22.8947,0.055
RGI60-05.16601,213463,71.6153,-24.8839,3.727
RGI60-05.16602,213464,71.258,-21.9311,0.07
RGI60-05.16603,213465,71.2365,-21.7905,1.257
RGI60-05.16604,213466,71.6632,-25.1595,0.125
RGI60-05.16605,213467,71.4412,-23.5489,2.522
RGI60-05.16606,213468,71.4539,-23.4796,1.737
RGI60-05.16607,213469,71.4222,-23.5197,13.902
RGI60-05.16608,213470,71.6224,-24.8281,0.824
RGI60-05.16609,213471,71.2434,-21.788,0.059
RGI60-05.16610,213472,71.4439,-23.3187,0.127
RGI60-05.16611,213473,71.2428,-21.7535,0.131
RGI60-05.16612,213474,71.373,-22.7138,0.082
RGI60-05.16613,213475,71.4507,-23.3401,0.652
RGI60-05.16614,213476,71.2797,-22.0086,0.421
RGI60-05.16615,213477,71.4575,-23.3559,0.332
RGI60-05.16616,213478,71.381,-22.7378,0.095
RGI60-05.16617,213479,71.2767,-21.9744,0.322
RGI60-05.16618,213480,71.285,-22.0533,1.294
RGI60-05.16619,213481,71.3057,-22.1639,0.076
RGI60-05.16620,213482,71.2505,-21.8191,1.128
RGI60-05.16621,213483,71.2505,-21.7683,0.102
RGI60-05.16622,213484,71.6737,-25.1119,0.106
RGI60-05.16623,213485,71.2764,-21.9298,0.06
RGI60-05.16624,213486,71.4727,-23.5252,4.652
RGI60-05.16625,213487,71.6399,-24.8647,0.718
RGI60-05.16626,213488,71.253,-21.7543,0.091
RGI60-05.16627,213489,71.296,-22.0692,0.292
RGI60-05.16628,213490,71.2623,-21.8305,0.213
RGI60-05.16629,213491,71.4639,-23.3454,0.192
RGI60-05.16630,213492,71.4873,-23.5618,0.403
RGI60-05.16631,213493,71.3368,-22.3332,0.066
RGI60-05.16632,213494,71.2989,-22.0509,0.092
RGI60-05.16633,213495,71.3893,-22.7264,0.062
RGI60-05.16634,213496,71.4362,-23.0654,0.052
RGI60-05.16635,213497,71.518,-23.4789,0.134
RGI60-05.16636,213498,71.4562,-23.3124,1.223
RGI60-05.16637,213499,71.2849,-21.9133,0.072
RGI60-05.16638,213500,71.281,-21.8811,0.085
RGI60-05.16639,213501,71.2903,-21.933,0.061
RGI60-05.16640,213502,71.3466,-22.3222,0.091
RGI60-05.16641,213503,71.476,-23.3351,1.143
RGI60-05.16642,213504,71.6938,-25.0959,0.113
RGI60-05.16643,213505,71.5329,-23.5035,0.068
RGI60-05.16644,213506,71.2845,-21.9539,1.016
RGI60-05.16645,213507,71.5079,-23.5342,0.076
RGI60-05.16646,213508,71.3052,-22.0153,0.73
RGI60-05.16647,213509,71.5034,-23.5867,4.374
RGI60-05.16648,213510,71.3055,-21.9466,0.395
RGI60-05.16649,213511,72.1034,-29.196,0.531
RGI60-05.16650,213512,71.3479,-22.2866,0.241
RGI60-05.16651,213513,71.2915,-21.8739,0.277
RGI60-05.16652,213514,71.4014,-22.6757,0.307
RGI60-05.16653,213515,71.2749,-21.7264,0.059
RGI60-05.16654,213516,71.4012,-22.6497,0.064
RGI60-05.16655,213517,71.3551,-22.2984,0.051
RGI60-05.16656,213518,71.488,-23.3227,0.078
RGI60-05.16657,213519,71.4048,-22.5772,0.128
RGI60-05.16658,213520,71.3081,-21.9781,0.675
RGI60-05.16659,213521,71.3006,-21.8853,0.082
RGI60-05.16660,213522,71.3566,-22.2878,0.106
RGI60-05.16661,213523,71.2947,-21.8363,0.278
RGI60-05.16662,213524,71.3085,-21.9272,0.139
RGI60-05.16663,213525,71.3161,-21.9803,0.155
RGI60-05.16664,213526,71.2808,-21.7035,0.052
RGI60-05.16665,213527,71.3057,-21.8516,0.263
RGI60-05.16666,213528,71.4835,-23.3008,1.286
RGI60-05.16667,213529,71.3997,-22.5978,0.126
RGI60-05.16668,213530,71.4589,-23.0255,0.05
RGI60-05.16669,213531,71.3095,-21.8934,0.051
RGI60-05.16670,213532,71.3209,-22.0069,0.451
RGI60-05.16671,213533,71.7208,-25.2088,0.503
RGI60-05.16672,213534,71.3205,-21.9741,0.112
RGI60-05.16673,213535,71.5219,-23.5142,0.657
RGI60-05.16674,213536,71.3261,-21.9826,0.077
RGI60-05.16675,213537,71.3012,-21.8089,0.333
RGI60-05.16676,213538,71.3621,-22.2577,0.3
RGI60-05.16677,213539,71.3148,-21.8842,0.215
RGI60-05.16678,213540,71.4099,-22.5691,0.113
RGI60-05.16679,213541,71.3198,-21.8995,0.259
RGI60-05.16680,213542,71.3126,-21.8263,0.06
RGI60-05.16681,213543,71.3095,-21.8123,0.155
RGI60-05.16682,213544,71.4681,-22.9821,0.114
RGI60-05.16683,213545,71.3138,-21.8027,0.175
RGI60-05.16684,213546,71.6944,-24.8148,0.584
RGI60-05.16685,213547,71.7134,-24.9202,0.245
RGI60-05.16686,213548,72.1135,-28.8306,0.143
RGI60-05.16689,213549,71.7047,-24.8275,0.212
RGI60-05.16690,213550,71.7373,-24.1302,0.263
RGI60-05.16691,213551,71.5327,-23.4652,1.183
RGI60-05.16692,213552,72.1284,-28.9782,0.379
RGI60-05.16693,213553,71.3501,-21.9758,1.163
RGI60-05.16694,213554,71.7324,-24.9837,0.26
RGI60-05.16695,213555,71.729,-24.9496,0.118
RGI60-05.16696,213556,71.3259,-21.7363,0.056
RGI60-05.16697,213557,71.3359,-21.8396,0.623
RGI60-05.16698,213558,71.727,-24.9346,0.148
RGI60-05.16699,213559,71.746,-25.0767,0.803
RGI60-05.16701,213560,72.1719,-29.3274,0.241
RGI60-05.16702,213561,71.6912,-24.5883,0.429
RGI60-05.16703,213562,71.3254,-21.6891,0.073
RGI60-05.16704,213563,71.4714,-22.0093,0.148
RGI60-05.16705,213564,71.7543,-25.126,0.482
RGI60-05.16706,213565,71.6918,-24.6475,0.732
RGI60-05.16707,213566,72.1384,-28.9134,0.156
RGI60-05.16708,213567,72.1351,-28.8712,0.222
RGI60-05.16715,213568,71.3432,-21.8172,0.826
RGI60-05.16716,213569,71.739,-24.1165,0.086
RGI60-05.16717,213570,72.1737,-29.2963,0.346
RGI60-05.16718,213571,71.7593,-25.1287,0.312
RGI60-05.16719,213572,71.7639,-25.1397,0.249
RGI60-05.16720,213573,71.3489,-21.7883,0.151
RGI60-05.16721,213574,71.415,-22.2343,0.132
RGI60-05.16722,213575,71.5721,-23.4325,0.086
RGI60-05.16723,213576,72.1199,-28.9489,2.403
RGI60-05.16724,213577,72.144,-29.0221,13.702
RGI60-05.16725,213578,72.1275,-28.9567,0.27
RGI60-05.16726,213579,71.4548,-22.1707,0.059
RGI60-05.16727,213580,72.1272,-29.0583,0.851
RGI60-05.16728,213581,72.1125,-29.001,3.917
RGI60-05.16729,213582,72.1078,-28.9463,0.815
RGI60-05.16730,213583,71.4777,-22.6589,0.082
RGI60-05.16731,213584,71.4184,-22.2101,0.103
RGI60-05.16732,213585,71.5768,-23.4138,0.131
RGI60-05.16733,213586,71.7891,-25.2098,0.478
RGI60-05.16734,213587,71.7316,-24.6903,0.317
RGI60-05.16735,213588,71.4999,-22.7837,1.141
RGI60-05.16736,213589,71.5067,-22.7606,0.072
RGI60-05.16737,213590,72.1836,-29.1797,4.091
RGI60-05.16738,213591,72.1649,-29.1913,3.396
RGI60-05.16739,213592,72.1474,-29.1415,4.321
RGI60-05.16740,213593,72.146,-29.1943,2.903
RGI60-05.16741,213594,71.5101,-22.7731,0.102
RGI60-05.16742,213595,71.3837,-21.843,0.696
RGI60-05.16743,213596,71.5171,-22.8265,0.205
RGI60-05.16744,213597,71.5237,-22.8411,0.145
RGI60-05.16745,213598,71.5157,-22.7696,0.113
RGI60-05.16746,213599,71.7403,-24.7081,0.185
RGI60-05.16747,213600,71.7422,-24.6698,0.652
RGI60-05.16748,213601,71.746,-24.699,0.628
RGI60-05.16749,213602,71.751,-24.7302,0.966
RGI60-05.16750,213603,71.5258,-22.8135,0.729
RGI60-05.16751,213604,71.7578,-24.7464,0.648
RGI60-05.16752,213605,71.7666,-24.7882,0.491
RGI60-05.16753,213606,71.3929,-21.8031,2.211
RGI60-05.16754,213607,71.5237,-22.7298,0.181
RGI60-05.16755,213608,71.4019,-21.7938,0.177
RGI60-05.16756,213609,71.4559,-22.1805,0.072
RGI60-05.16757,213610,71.4461,-22.165,2.364
RGI60-05.16758,213611,71.4511,-22.145,0.068
RGI60-05.16759,213612,71.4482,-22.1322,0.075
RGI60-05.16760,213613,71.9881,-26.7176,1.042
RGI60-05.16761,213614,71.5241,-22.7744,2.205
RGI60-05.16762,213615,71.4025,-21.7615,0.669
RGI60-05.16763,213616,71.9705,-26.4907,0.903
RGI60-05.16764,213617,71.9997,-26.8664,0.697
RGI60-05.16765,213618,71.9941,-26.9113,6.23
RGI60-05.16766,213619,71.4424,-21.7881,0.077
RGI60-05.16767,213620,71.9939,-26.8299,3.648
RGI60-05.16768,213621,72.0057,-26.9585,0.842
RGI60-05.16769,213622,71.9853,-26.8043,1.633
RGI60-05.16770,213623,71.9888,-27.0508,3.468
RGI60-05.16771,213624,71.5572,-22.6397,0.072
RGI60-05.16772,213625,71.9958,-26.994,3.971
RGI60-05.16773,213626,71.9782,-26.8526,0.586
RGI60-05.16774,213627,71.9965,-27.072,0.066
RGI60-05.16775,213628,71.9936,-27.1401,1.915
RGI60-05.16776,213629,72.0015,-27.1711,0.624
RGI60-05.16780,213630,71.9992,-27.2988,0.387
RGI60-05.16784,213631,71.9904,-27.1002,2.13
RGI60-05.16785,213632,72.008,-27.4262,0.729
RGI60-05.16793,213633,71.9804,-27.2725,18.148
RGI60-05.16794,213634,71.4411,-21.7631,0.059
RGI60-05.16795,213635,71.9935,-27.196,3.875
RGI60-05.16796,213636,71.9986,-27.7262,18.552
RGI60-05.16798,213637,71.9455,-26.9908,5.329
RGI60-05.16799,213638,71.9846,-27.3758,20.674
RGI60-05.16800,213639,71.9165,-26.9813,4.378
RGI60-05.16801,213640,71.5604,-22.8711,0.18
RGI60-05.16802,213641,72.0058,-27.6078,23.775
RGI60-05.16808,213642,71.9332,-26.9776,2.43
RGI60-05.16809,213643,71.9693,-26.3263,0.148
RGI60-05.16810,213644,71.9645,-27.085,44.201
RGI60-05.16811,213645,71.5661,-22.8543,0.168
RGI60-05.16812,213646,71.9861,-27.8047,8.064
RGI60-05.16817,213647,71.9598,-27.7276,25.295
RGI60-05.16818,213648,71.8629,-27.0066,5.732
RGI60-05.16819,213649,71.9385,-27.5209,78.671
RGI60-05.16820,213650,71.544,-22.6811,0.102
RGI60-05.16821,213651,71.9087,-27.1317,83.382
RGI60-05.16822,213652,71.8822,-27.5448,10.822
RGI60-05.16823,213653,71.8485,-27.4888,8.01
RGI60-05.16824,213654,71.7965,-24.851,0.308
RGI60-05.16825,213655,71.5552,-22.8507,0.096
RGI60-05.16826,213656,71.8716,-27.3462,90.111
RGI60-05.16827,213657,71.5502,-22.618,0.113
RGI60-05.16828,213658,71.856,-27.1386,14.291
RGI60-05.16829,213659,71.9936,-27.4853,16.325
RGI60-05.16830,213660,71.7081,-24.0899,0.235
RGI60-05.16831,213661,71.4567,-22.0274,0.162
RGI60-05.16832,213662,71.7867,-24.6654,0.291
RGI60-05.16833,213663,71.719,-24.0859,0.344
RGI60-05.16834,213664,71.4303,-21.8514,0.944
RGI60-05.16835,213665,71.7815,-24.6088,0.683
RGI60-05.16836,213666,71.5634,-22.8227,0.53
RGI60-05.16837,213667,71.4323,-21.8243,0.379
RGI60-05.16838,213668,71.7938,-24.697,0.303
RGI60-05.16839,213669,71.5641,-22.7752,0.051
RGI60-05.16840,213670,71.5665,-22.7866,0.063
RGI60-05.16841,213671,71.5488,-22.6561,0.378
RGI60-05.16842,213672,71.8037,-24.7385,0.276
RGI60-05.16843,213673,71.4717,-22.0535,0.109
RGI60-05.16844,213674,71.7329,-24.1075,0.131
RGI60-05.16845,213675,71.4413,-21.8293,0.177
RGI60-05.16846,213676,71.4194,-21.9925,26.214
RGI60-05.16847,213677,71.4481,-22.087,18.795
RGI60-05.16848,213678,71.4659,-22.0084,0.326
RGI60-05.16849,213679,71.4022,-21.9189,15.319
RGI60-05.16850,213680,71.4142,-22.148,13.024
RGI60-05.16851,213681,71.3955,-22.2063,13.282
RGI60-05.16852,213682,71.3331,-22.2237,28.865
RGI60-05.16853,213683,71.347,-22.0146,0.295
RGI60-05.16854,213684,71.3463,-22.0315,0.293
RGI60-05.16855,213685,71.2759,-22.209,1.149
RGI60-05.16856,213686,71.3512,-22.0358,60.797
RGI60-05.16857,213687,71.3546,-21.9358,1.403
RGI60-05.16858,213688,71.3027,-22.0355,0.131
RGI60-05.16859,213689,71.3664,-22.2276,0.402
RGI60-05.16860,213690,71.3584,-21.9133,0.602
RGI60-05.16861,213691,71.3068,-22.0469,0.803
RGI60-05.16862,213692,71.2893,-22.1894,2.452
RGI60-05.16863,213693,71.302,-22.0685,0.33
RGI60-05.16864,213694,71.3779,-22.2207,2.022
RGI60-05.16865,213695,71.5867,-22.8938,0.13
RGI60-05.16866,213696,71.2884,-22.1669,5.851
RGI60-05.16867,213697,71.445,-22.0088,5.231
RGI60-05.16868,213698,71.4748,-22.0246,0.222
RGI60-05.16869,213699,71.5707,-22.744,0.128
RGI60-05.16870,213700,71.4452,-21.8087,0.651
RGI60-05.16871,213701,71.442,-21.7505,0.087
RGI60-05.16872,213702,71.4465,-21.774,0.053
RGI60-05.16873,213703,71.8195,-24.7619,0.265
RGI60-05.16874,213704,71.4485,-21.7593,0.077
RGI60-05.16875,213705,71.5956,-22.8711,0.486
RGI60-05.16876,213706,71.4647,-21.8832,1.109
RGI60-05.16877,213707,71.5992,-22.8509,0.051
RGI60-05.16878,213708,71.8141,-24.7488,0.856
RGI60-05.16879,213709,71.6012,-22.8387,0.178
RGI60-05.16880,,71.9673,-25.7322,0.152
RGI60-05.16881,,71.9242,-25.5608,0.107
RGI60-05.16882,213710,71.8079,-24.6475,9.191
RGI60-05.16883,213711,71.8234,-24.7953,1.514
RGI60-05.16884,213712,71.8229,-24.6292,0.226
RGI60-05.16885,213713,71.8168,-24.5764,0.279
RGI60-05.16886,213714,71.8249,-24.6474,0.299
RGI60-05.16887,213715,71.4788,-21.8891,2.14
RGI60-05.16888,213716,71.8272,-24.6689,0.702
RGI60-05.16889,213717,71.8588,-24.9451,0.792
RGI60-05.16890,213718,71.816,-24.5995,0.336
RGI60-05.16891,213719,71.8322,-24.6532,0.126
RGI60-05.16892,213720,71.6068,-22.7957,0.127
RGI60-05.16893,213721,72.0343,-26.4871,0.276
RGI60-05.16894,213722,71.8544,-24.8952,1.808
RGI60-05.16895,,71.9577,-25.7428,0.176
RGI60-05.16896,213723,71.6065,-22.7635,0.091
RGI60-05.16897,,71.9035,-25.223,0.243
RGI60-05.16898,213724,71.4859,-21.8235,0.595
RGI60-05.16899,,71.9757,-25.7429,0.359
RGI60-05.16900,213725,71.9473,-25.578,0.914
RGI60-05.16901,,71.9668,-25.6993,0.14
RGI60-05.16902,213726,71.6386,-22.9157,0.052
RGI60-05.16903,213727,71.6146,-22.7585,0.505
RGI60-05.16904,213728,71.6367,-22.8921,0.142
RGI60-05.16905,213729,71.5926,-22.5364,0.06
RGI60-05.16906,213730,71.5888,-22.517,0.151
RGI60-05.16907,,71.972,-25.7408,0.195
RGI60-05.16908,,71.9721,-25.7201,0.245
RGI60-05.16909,,71.9668,-25.721,0.272
RGI60-05.16910,,71.9407,-25.7714,1.042
RGI60-05.16911,213731,71.6282,-22.7427,0.109
RGI60-05.16912,213732,71.6463,-22.8701,0.15
RGI60-05.16913,213733,71.8634,-24.6583,0.358
RGI60-05.16914,213734,71.9806,-25.7062,0.119
RGI60-05.16915,213735,71.9569,-25.7653,3.967
RGI60-05.16916,,71.953,-25.7176,0.509
RGI60-05.16917,213736,71.6676,-22.8263,0.072
RGI60-05.16918,213737,71.9771,-25.6977,0.346
RGI60-05.16919,213738,71.6059,-22.5397,0.079
RGI60-05.16920,213739,71.8597,-24.6147,0.62
RGI60-05.16921,213740,71.633,-22.7278,0.09
RGI60-05.16922,213741,71.6525,-22.8656,0.137
RGI60-05.16923,213742,71.8724,-24.6678,0.638
RGI60-05.16924,213743,71.8765,-24.6876,0.19
RGI60-05.16925,213744,71.8706,-24.6249,0.542
RGI60-05.16926,213745,71.885,-24.6939,0.102
RGI60-05.16927,213746,71.6598,-22.8445,1.113
RGI60-05.16928,213747,71.6622,-22.8061,0.221
RGI60-05.16929,213748,71.9861,-25.541,0.321
RGI60-05.16930,213749,71.9812,-25.5297,0.527
RGI60-05.16931,213750,71.884,-24.6222,0.417
RGI60-05.16932,213751,71.875,-24.4546,1.233
RGI60-05.16933,,71.9885,-25.4666,0.2
RGI60-05.16934,,71.9939,-25.4656,0.313
RGI60-05.16935,,71.9915,-25.4566,0.09
RGI60-05.16936,213752,71.6837,-22.8252,0.057
RGI60-05.16937,213753,71.6799,-22.7967,0.139
RGI60-05.16938,213754,71.6757,-22.7643,0.263
RGI60-05.16939,213755,71.6849,-22.8017,0.05
RGI60-05.16940,213756,71.6808,-22.7698,0.116
RGI60-05.16941,213757,71.8535,-24.1642,0.208
RGI60-05.16942,213758,71.885,-24.4341,0.964
RGI60-05.16943,213759,71.6793,-22.7358,0.532
RGI60-05.16944,213760,71.8948,-24.4864,1.197
RGI60-05.16948,213761,72.119,-26.7764,1.583
RGI60-05.16949,213762,72.1155,-26.6985,1.202
RGI60-05.16950,213763,72.1237,-26.734,0.313
RGI60-05.16951,213764,72.1005,-26.6702,4.12
RGI60-05.16955,213765,72.1128,-26.7993,0.428
RGI60-05.16956,213766,72.0783,-26.6288,10.962
RGI60-05.16957,213767,72.0504,-26.5027,0.612
RGI60-05.16958,213768,72.0595,-26.5488,1.924
RGI60-05.16959,213769,72.0436,-26.5484,4.619
RGI60-05.16960,213770,72.0858,-26.7646,26.221
RGI60-05.16964,213771,72.0693,-26.9373,1.783
RGI60-05.16965,213772,72.0644,-26.995,1.422
RGI60-05.16972,213773,72.0649,-27.0255,0.053
RGI60-05.16988,213774,72.0494,-26.6559,21.725
RGI60-05.16989,213775,72.0286,-26.5693,0.152
RGI60-05.16990,213776,72.0413,-26.7885,1.577
RGI60-05.16991,213777,72.0429,-26.7479,4.403
RGI60-05.16992,213778,72.045,-26.9228,1.094
RGI60-05.16993,213779,72.0558,-26.8746,8.529
RGI60-05.16994,213780,72.0506,-26.9602,2.726
RGI60-05.16996,213781,72.0708,-26.8778,2.644
RGI60-05.16999,213782,72.2672,-25.9581,4.849
RGI60-05.17000,213783,72.3164,-26.4897,5.095
RGI60-05.17001,,72.2583,-25.9347,0.069
RGI60-05.17002,213784,72.2322,-25.9161,5.9
RGI60-05.17003,213785,72.293,-26.5343,16.741
RGI60-05.17004,213786,72.2781,-26.6289,0.925
RGI60-05.17006,213787,72.1457,-26.4512,1.928
RGI60-05.17007,213788,72.1823,-26.4826,4.467
RGI60-05.17008,213789,72.1633,-26.2338,51.586
RGI60-05.17009,213790,72.2256,-26.671,9.736
RGI60-05.17010,213791,72.1099,-25.6858,25.329
RGI60-05.17011,,72.1286,-25.762,0.129
RGI60-05.17012,213792,72.1666,-26.4794,2.348
RGI60-05.17013,213793,72.0764,-26.1398,3.388
RGI60-05.17014,213794,72.2817,-26.0135,1.231
RGI60-05.17015,213795,72.2289,-25.893,0.319
RGI60-05.17016,213796,72.2854,-26.5953,3.777
RGI60-05.17017,213797,72.2155,-26.5909,15.318
RGI60-05.17018,,72.0612,-25.6876,0.178
RGI60-05.17019,213798,72.0894,-25.8736,28.376
RGI60-05.17020,213799,72.0447,-25.8261,1.338
RGI60-05.17021,213800,72.3268,-26.391,4.567
RGI60-05.17022,213801,72.2657,-26.5842,9.204
RGI60-05.17023,213802,72.2466,-26.6061,11.816
RGI60-05.17024,213803,72.2086,-26.5056,14.855
RGI60-05.17025,213804,72.1741,-26.3812,33.128
RGI60-05.17026,213805,72.1023,-24.1915,0.125
RGI60-05.17027,213806,72.0236,-25.3827,0.349
RGI60-05.17028,213807,72.1955,-24.6109,0.13
RGI60-05.17029,,72.105,-25.7001,0.108
RGI60-05.17030,213808,72.3722,-26.0606,0.133
RGI60-05.17031,213809,72.1649,-23.9832,0.176
RGI60-05.17032,213810,72.3371,-25.1436,0.122
RGI60-05.17033,213811,72.757,-26.7295,0.419
RGI60-05.17034,213812,72.0885,-26.1014,4.085
RGI60-05.17035,213813,72.0875,-25.9939,23.934
RGI60-05.17036,213814,72.1247,-26.11,45.631
RGI60-05.17037,213815,72.0702,-26.2054,2.262
RGI60-05.17038,213816,72.3057,-24.7949,0.244
RGI60-05.17039,213817,72.045,-25.8604,1.393
RGI60-05.17040,213818,72.0687,-25.637,1.243
RGI60-05.17041,213819,72.1854,-25.808,1.517
RGI60-05.17042,213820,72.192,-25.9764,32.16
RGI60-05.17043,213821,72.3185,-24.8834,0.113
RGI60-05.17044,213822,72.0727,-25.7189,4.948
RGI60-05.17045,213823,72.0834,-25.7029,0.139
RGI60-05.17046,,72.078,-25.6689,0.06
RGI60-05.17047,213824,72.1236,-25.8165,51.533
RGI60-05.17048,213825,71.9195,-23.7539,0.561
RGI60-05.17049,213826,71.9753,-23.9644,43.232
RGI60-05.17050,213827,72.2536,-26.16,1.073
RGI60-05.17051,213828,72.2603,-25.9036,2.493
RGI60-05.17052,213829,72.2569,-26.2651,162.798
RGI60-05.17053,213830,72.2206,-24.6708,124.925
RGI60-05.17054,213831,72.3187,-24.6973,0.605
RGI60-05.17055,213832,72.2786,-25.0984,28.345
RGI60-05.17056,213833,72.0037,-23.8508,4.362
RGI60-05.17057,213834,72.0659,-24.4369,66.918
RGI60-05.17058,213835,71.9063,-26.8217,3.62
RGI60-05.17059,213836,72.1151,-24.5093,5.276
RGI60-05.17060,213837,72.0335,-24.4108,0.065
RGI60-05.17061,213838,71.9434,-24.6202,0.504
RGI60-05.17062,213839,71.9367,-23.7811,4.381
RGI60-05.17063,213840,71.9385,-23.8223,0.053
RGI60-05.17064,213841,71.7354,-24.9523,0.098
RGI60-05.17065,213842,71.9129,-23.8195,6.647
RGI60-05.17066,,72.0384,-25.2201,0.102
RGI60-05.17067,213843,71.8592,-24.0255,9.454
RGI60-05.17068,213844,71.9133,-24.4327,3.849
RGI60-05.17069,213845,71.9252,-24.4452,0.1
RGI60-05.17070,213846,71.9875,-25.3661,19.208
RGI60-05.17071,213847,71.8948,-24.0677,22.58
RGI60-05.17072,213848,71.9825,-26.1074,2.391
RGI60-05.17073,213849,71.9784,-25.4641,5.24
RGI60-05.17074,213850,71.9806,-25.9812,0.256
RGI60-05.17075,,72.0736,-25.2279,0.779
RGI60-05.17076,213851,71.9803,-26.0212,1.35
RGI60-05.17077,213852,71.9744,-26.0399,0.083
RGI60-05.17078,213853,71.9818,-26.1409,1.032
RGI60-05.17079,213854,71.9567,-26.282,2.589
RGI60-05.17080,213855,71.9284,-26.5431,17.697
RGI60-05.17081,213856,71.9368,-26.3019,1.739
RGI60-05.17082,213857,71.959,-26.4866,1.844
RGI60-05.17083,213858,71.9397,-26.6014,0.525
RGI60-05.17084,213859,71.8987,-25.8664,124.075
RGI60-05.17085,213860,71.9771,-25.9787,0.384
RGI60-05.17086,213861,71.932,-26.804,1.56
RGI60-05.17087,213862,71.9423,-26.7321,1.299
RGI60-05.17088,213863,71.8486,-26.7526,58.883
RGI60-05.17089,213864,71.6305,-25.9303,2.05
RGI60-05.17090,213865,74.0872,-26.4792,0.107
RGI60-05.17091,213866,71.786,-26.6365,30.664
RGI60-05.17092,213867,71.4912,-25.2288,0.71
RGI60-05.17093,213868,71.7546,-26.566,14.867
RGI60-05.17094,213869,71.6127,-25.9432,3.818
RGI60-05.17095,,72.0655,-25.2419,0.381
RGI60-05.17096,213870,71.6456,-25.7064,3.613
RGI60-05.17097,213871,71.6271,-25.704,2.519
RGI60-05.17098,213872,71.6546,-26.3119,8.194
RGI60-05.17099,213873,71.4913,-24.9897,2.167
RGI60-05.17100,213874,71.4713,-25.1797,0.705
RGI60-05.17101,213875,71.5049,-24.9923,1.671
RGI60-05.17102,213876,71.6381,-26.2381,4.552
RGI60-05.17103,213877,71.5911,-25.9475,1.64
RGI60-05.17104,213878,71.6213,-26.2944,5.674
RGI60-05.17105,213879,71.6159,-26.2265,2.654
RGI60-05.17106,213880,71.6224,-26.3567,1.216
RGI60-05.17107,213881,71.4982,-25.0935,2.17
RGI60-05.17108,213882,71.4916,-25.262,1.108
RGI60-05.17109,213883,71.596,-25.9827,3.45
RGI60-05.17110,213884,71.6128,-26.3529,0.576
RGI60-05.17111,213885,71.6058,-26.2619,4.311
RGI60-05.17112,213886,71.4839,-25.0386,11.594
RGI60-05.17113,213887,71.684,-22.1684,0.542
RGI60-05.17114,213888,71.4785,-25.2664,2.138
RGI60-05.17115,213889,71.4977,-25.4397,0.931
RGI60-05.17116,213890,72.273,-24.5902,25.593
RGI60-05.17117,213891,72.1696,-25.0698,50.7
RGI60-05.17118,213892,72.09664917,-25.466636658,208.199
RGI60-05.17119,,72.134,-25.1787,0.273
RGI60-05.17120,213893,71.9702,-26.3112,1.596
RGI60-05.17121,213894,71.9763,-26.066,2.329
RGI60-05.17122,213895,71.9008,-26.4569,1.497
RGI60-05.17123,213896,71.9124,-26.078,41.253
RGI60-05.17124,213897,71.9109,-26.461,2.01
RGI60-05.17125,213898,71.9385,-26.7657,1.86
RGI60-05.17126,213899,71.8896,-26.6761,54.95
RGI60-05.17127,213900,71.8057,-26.7493,19.587
RGI60-05.17128,213901,71.697,-26.4046,13.098
RGI60-05.17129,213902,71.7558,-26.3504,92.231
RGI60-05.17130,213903,71.7205,-25.8576,1.929
RGI60-05.17131,213904,71.6364,-26.3265,5.298
RGI60-05.17132,213905,71.6838,-26.1688,60.318
RGI60-05.17133,213906,71.6113,-26.0068,7.823
RGI60-05.17134,213907,71.5116,-25.007,0.526
RGI60-05.17135,213908,71.5237,-25.0463,6.085
RGI60-05.17136,213909,71.5546,-25.0674,13.369
RGI60-05.17137,213910,71.6374,-26.0138,11.665
RGI60-05.17138,213911,71.6469,-25.9388,2.28
RGI60-05.17139,213912,71.5992,-25.0626,26.665
RGI60-05.17140,213913,71.6794,-26.3199,6.09
RGI60-05.17141,213914,71.6083,-25.728,4.476
RGI60-05.17142,213915,71.5715,-25.7207,3.179
RGI60-05.17143,213916,71.517,-25.1558,29.091
RGI60-05.17144,213917,71.5069,-25.4494,2.453
RGI60-05.17145,213918,71.7668,-25.8256,350.853
RGI60-05.17146,213919,71.6387,-25.6239,14.548
RGI60-05.17147,,71.5429,-25.4455,0.097
RGI60-05.17148,213920,71.9885,-24.7408,0.096
RGI60-05.17149,213921,71.5278,-25.4983,5.378
RGI60-05.17150,213922,71.6003,-25.5303,60.182
RGI60-05.17151,213923,71.558,-25.4843,3.186
RGI60-05.17152,213924,71.4961,-25.4181,0.654
RGI60-05.17153,213925,71.5146,-25.2453,2.68
RGI60-05.17154,213926,71.5156,-25.413,4.562
RGI60-05.17155,213927,71.56,-25.3873,16.627
RGI60-05.17156,213928,71.4753,-25.1926,0.988
RGI60-05.17157,213929,71.6102,-24.9666,5.615
RGI60-05.17158,213930,71.6199,-24.9299,0.76
RGI60-05.17159,213931,71.6945,-24.7497,18.649
RGI60-05.17160,213932,71.964,-24.8384,144.343
RGI60-05.17161,213933,71.9585,-24.6673,1.009
RGI60-05.17162,213934,71.9451,-24.4097,3.609
RGI60-05.17163,213935,71.9274,-24.0613,46.355
RGI60-05.17164,213936,71.9332,-23.8873,0.053
RGI60-05.17165,213937,71.9933,-24.1449,10.285
RGI60-05.17166,213938,71.7946,-24.9752,0.057
RGI60-05.17167,213939,72.0133,-24.1316,0.699
RGI60-05.17168,213940,72.0269,-24.1948,6.536
RGI60-05.17169,213941,71.5414,-25.2296,0.444
RGI60-05.17170,213942,72.2183,-24.6027,6.258
RGI60-05.17171,213943,72.1369,-24.7069,114.252
RGI60-05.17172,213944,71.5295,-25.241,1.002
RGI60-05.17173,213945,72.2724,-24.5273,2.781
RGI60-05.17174,213946,72.2511,-24.5639,11.483
RGI60-05.17175,213947,71.9777,-23.8269,8.005
RGI60-05.17176,213948,71.8706,-24.7989,34.972
RGI60-05.17177,213949,71.6664,-24.8763,288.398
RGI60-05.17178,213950,71.7913,-24.9485,181.122
RGI60-05.17179,213951,71.8441,-24.8196,4.652
RGI60-05.17180,213952,71.5117,-25.5159,0.646
RGI60-05.17181,213953,71.5875,-25.6916,6.09
RGI60-05.17182,213954,71.5818,-25.7467,0.693
RGI60-05.17183,213955,71.6935,-22.1023,0.162
RGI60-05.17184,213956,71.9456,-26.4791,2.392
RGI60-05.17185,213957,71.9264,-26.4718,4.065
RGI60-05.17186,213958,71.8593,-26.3201,209.869
RGI60-05.17187,213959,71.9761,-26.2754,1.011
RGI60-05.17188,213960,71.9255,-26.2946,1.812
RGI60-05.17189,213961,71.9636,-26.252,1.581
RGI60-05.17190,213962,71.9292,-25.7664,0.892
RGI60-05.17191,,71.9535,-25.4774,0.558
RGI60-05.17192,213963,71.9145,-25.5134,156.42
RGI60-05.17193,,72.0367,-25.2129,0.104
RGI60-05.17194,213964,72.12,-25.3249,0.141
RGI60-05.17195,213965,72.1239,-25.2408,1.219
RGI60-05.17196,213966,72.2295,-25.1653,19.556
RGI60-05.17197,213967,72.25,-25.1337,0.354
RGI60-05.17198,213968,72.2358,-24.9241,48.502
RGI60-05.17199,213969,72.0063,-24.4872,148.55
RGI60-05.17200,213970,71.5859,-25.2602,52.017
RGI60-05.17201,,71.5647,-25.3309,0.476
RGI60-05.17202,213971,71.653,-25.5817,0.405
RGI60-05.17203,213972,71.651,-25.5695,0.114
RGI60-05.17204,213973,72.1615,-25.6768,0.113
RGI60-05.17205,213974,71.6581,-25.7178,0.488
RGI60-05.17206,213975,71.7268,-25.829,3.001
RGI60-05.17207,213976,71.6919,-25.9912,1.102
RGI60-05.17208,213977,71.6845,-25.9976,1.476
RGI60-05.17209,213978,71.7161,-25.6963,1.255
RGI60-05.17210,213979,72.07,-25.29,1.716
RGI60-05.17211,213980,71.992,-25.1005,0.572
RGI60-05.17212,213981,71.7617,-26.0234,3.619
RGI60-05.17213,,71.8028,-25.9078,0.151
RGI60-05.17214,213982,71.6064,-25.6642,2.112
RGI60-05.17215,213983,71.6021,-25.6203,1.163
RGI60-05.17216,213984,71.6433,-25.5521,1.144
RGI60-05.17217,213985,71.8641,-24.972,0.873
RGI60-05.17218,213986,71.7528,-25.223,0.583
RGI60-05.17219,213987,71.7758,-25.1572,0.14
RGI60-05.17220,213988,71.7444,-24.8947,12.374
RGI60-05.17221,213989,71.738,-24.8548,0.104
RGI60-05.17222,213990,71.7768,-24.7902,0.511
RGI60-05.17223,213991,71.7807,-24.8459,0.222
RGI60-05.17224,213992,71.7166,-22.0156,1.201
RGI60-05.17225,213993,71.8841,-24.6458,0.91
RGI60-05.17226,213994,71.9112,-24.7026,0.697
RGI60-05.17227,213995,71.9029,-24.751,0.212
RGI60-05.17228,213996,71.9677,-24.696,0.819
RGI60-05.17229,213997,71.9629,-24.5824,34.282
RGI60-05.17230,213998,71.9982,-24.5341,0.132
RGI60-05.17231,213999,71.9454,-24.153,0.835
RGI60-05.17232,214000,72.0786,-24.4722,0.634
RGI60-05.17233,214001,72.0775,-24.4127,0.204
RGI60-05.17234,214002,72.0566,-24.416,0.13
RGI60-05.17235,214003,72.01966095,-24.146530151,1.729
RGI60-05.17236,214004,71.987,-24.292,0.698
RGI60-05.17237,214005,71.6929,-22.7429,0.053
RGI60-05.17238,214006,72.007,-23.9473,3.873
RGI60-05.17239,214007,71.6949,-22.707,0.061
RGI60-05.17240,214008,71.6985,-22.6923,0.077
RGI60-05.17241,214009,71.6945,-22.6476,0.159
RGI60-05.17242,214010,72.2782,-24.5082,3.031
RGI60-05.17243,214011,72.2876,-24.69,0.323
RGI60-05.17244,214012,71.6858,-22.772,0.058
RGI60-05.17245,214013,71.6893,-22.7785,0.103
RGI60-05.17246,214014,72.0031,-25.3834,0.143
RGI60-05.17247,214015,71.6897,-22.7581,0.306
RGI60-05.17248,214016,72.0522,-25.6632,1.443
RGI60-05.17249,214017,71.717,-22.7026,0.119
RGI60-05.17250,214018,72.0566,-25.5586,0.286
RGI60-05.17251,214019,71.7207,-22.6731,0.077
RGI60-05.17252,214020,71.8381,-23.5786,0.059
RGI60-05.17253,214021,72.1437,-26.2686,0.187
RGI60-05.17254,214022,71.8487,-23.4588,0.57
RGI60-05.17255,214023,72.077,-25.6131,0.934
RGI60-05.17256,214024,71.9774,-24.7248,0.5
RGI60-05.17257,214025,72.0845,-25.5955,0.203
RGI60-05.17258,214026,72.1952,-26.6626,0.304
RGI60-05.17259,214027,71.6703,-22.1644,0.214
RGI60-05.17260,214028,71.6784,-22.1854,0.071
RGI60-05.17261,214029,71.8533,-23.5538,0.112
RGI60-05.17262,214030,71.6765,-22.1118,0.89
RGI60-05.17263,214031,71.678,-22.1434,0.983
RGI60-05.17264,214032,71.6943,-22.206,0.14
RGI60-05.17265,214033,71.6797,-22.0847,0.059
RGI60-05.17266,214034,71.7103,-22.2733,0.061
RGI60-05.17267,214035,71.8551,-23.3977,0.07
RGI60-05.17268,214036,71.7102,-22.2577,0.139
RGI60-05.17269,214037,71.7142,-22.2802,0.287
RGI60-05.17270,214038,72.0773,-25.3099,0.53
RGI60-05.17271,214039,71.6895,-22.0838,0.393
RGI60-05.17272,214040,71.6947,-22.0831,0.091
RGI60-05.17273,,72.0823,-25.2812,0.125
RGI60-05.17274,214041,71.6968,-22.0702,0.114
RGI60-05.17275,214042,71.6999,-22.0548,0.114
RGI60-05.17276,214043,71.7239,-22.2426,0.301
RGI60-05.17277,214044,71.7208,-22.2058,0.662
RGI60-05.17278,,72.1428,-25.7047,0.246
RGI60-05.17279,214045,71.7065,-22.0716,1.072
RGI60-05.17280,,72.1501,-25.7304,0.145
RGI60-05.17281,214046,71.7334,-22.2337,0.279
RGI60-05.17282,214047,72.1414,-25.6153,0.152
RGI60-05.17283,214048,71.9171,-23.3519,0.168
RGI60-05.17284,214049,72.1394,-25.6583,1.887
RGI60-05.17285,214050,72.1178,-25.3412,0.134
RGI60-05.17286,214051,72.1751,-25.8782,0.51
RGI60-05.17287,214052,71.7371,-22.1969,0.219
RGI60-05.17288,214053,71.7752,-22.4568,0.154
RGI60-05.17289,214054,72.2094,-25.9015,0.132
RGI60-05.17290,214055,72.1517,-25.608,0.942
RGI60-05.17291,,72.1192,-25.271,0.122
RGI60-05.17292,214056,71.7452,-22.2049,0.958
RGI60-05.17293,214057,71.7808,-22.4281,0.229
RGI60-05.17294,214058,72.1643,-25.5965,0.683
RGI60-05.17295,214059,72.1284,-25.1984,0.243
RGI60-05.17296,214060,72.1736,-25.5982,0.634
RGI60-05.17297,214061,72.1701,-25.6496,2.097
RGI60-05.17298,214062,72.2433,-26.136,0.283
RGI60-05.17299,214063,72.158,-25.3258,0.231
RGI60-05.17300,214064,72.1542,-25.3326,0.18
RGI60-05.17301,214065,72.1859,-25.6145,0.733
RGI60-05.17302,214066,72.2217,-25.821,0.142
RGI60-05.17303,214067,72.1677,-25.3015,0.232
RGI60-05.17304,214068,71.9428,-23.3503,0.163
RGI60-05.17305,,72.151,-25.1421,0.325
RGI60-05.17306,214069,72.2365,-25.8722,0.205
RGI60-05.17307,214070,72.2868,-26.3098,0.158
RGI60-05.17308,214071,72.2758,-26.1752,0.571
RGI60-05.17309,214072,72.0996,-24.5202,0.14
RGI60-05.17310,214073,72.0674,-24.1699,0.208
RGI60-05.17311,214074,72.0835,-24.2999,1.022
RGI60-05.17312,214075,72.0786,-24.277,0.123
RGI60-05.17313,214076,72.0982,-24.2292,0.266
RGI60-05.17314,214077,72.2726,-26.1524,2.467
RGI60-05.17315,214078,72.1933,-25.2217,0.159
RGI60-05.17316,214079,72.0785,-24.1799,0.176
RGI60-05.17317,214080,72.0179,-23.6488,0.465
RGI60-05.17318,214081,72.2759,-25.904,0.12
RGI60-05.17319,214082,72.0988,-24.2103,0.069
RGI60-05.17320,214083,72.1008,-24.2054,0.094
RGI60-05.17321,214084,72.2708,-25.8854,0.433
RGI60-05.17322,214085,72.0925,-24.2805,1.479
RGI60-05.17323,214086,72.1923,-25.1691,1.048
RGI60-05.17324,214087,71.948,-23.0493,0.769
RGI60-05.17325,214088,72.2056,-25.2525,0.829
RGI60-05.17326,214089,72.285,-25.9813,0.276
RGI60-05.17327,214090,72.1926,-25.1338,1.117
RGI60-05.17328,214091,72.0292,-23.6454,0.058
RGI60-05.17329,214092,72.3354,-26.4209,0.299
RGI60-05.17330,214093,72.3259,-26.2901,0.137
RGI60-05.17331,214094,72.1523,-24.6976,0.331
RGI60-05.17332,214095,72.0323,-23.6662,1.015
RGI60-05.17333,214096,72.1027,-24.2588,0.902
RGI60-05.17334,214097,72.2209,-25.304,2.072
RGI60-05.17335,214098,72.1451,-24.5832,0.595
RGI60-05.17336,214099,72.1143,-24.2922,0.249
RGI60-05.17337,214100,72.1148,-24.2663,0.273
RGI60-05.17338,214101,72.1514,-24.5635,0.191
RGI60-05.17339,214102,72.1598,-24.6751,0.921
RGI60-05.17340,214103,72.1239,-24.2812,0.133
RGI60-05.17341,214104,72.2362,-25.2556,0.159
RGI60-05.17342,214105,72.3439,-24.715,0.148
RGI60-05.17343,214106,72.1713,-24.6502,0.611
RGI60-05.17344,214107,72.2336,-25.2086,0.252
RGI60-05.17345,214108,72.16,-24.4956,0.601
RGI60-05.17346,214109,72.1351,-24.2724,0.501
RGI60-05.17347,214110,72.253,-25.3062,0.101
RGI60-05.17348,214111,72.1587,-24.4603,0.267
RGI60-05.17349,214112,72.2419,-25.2205,0.293
RGI60-05.17350,214113,72.1924,-24.7094,0.263
RGI60-05.17351,214114,72.2451,-25.2527,0.951
RGI60-05.17352,214115,72.1437,-24.2537,0.578
RGI60-05.17353,214116,72.2717,-25.5481,0.057
RGI60-05.17354,214117,72.2818,-25.5201,0.936
RGI60-05.17355,214118,72.2561,-25.154,0.57
RGI60-05.17356,214119,72.2611,-25.1696,0.621
RGI60-05.17357,214120,72.2014,-24.6055,0.176
RGI60-05.17358,214121,72.2689,-25.1946,0.106
RGI60-05.17359,214122,72.1406,-24.0852,0.196
RGI60-05.17360,214123,72.155,-24.2097,0.44
RGI60-05.17361,214124,72.3182,-25.5141,0.294
RGI60-05.17362,214125,72.0782,-23.4269,0.784
RGI60-05.17363,214126,72.29,-25.2201,0.169
RGI60-05.17364,214127,72.296,-25.1977,0.117
RGI60-05.17365,214128,72.1522,-23.9395,0.139
RGI60-05.17366,214129,72.1581,-23.95,0.167
RGI60-05.17367,214130,72.5628,-27.7644,0.148
RGI60-05.17368,214131,72.0999,-23.4286,0.224
RGI60-05.17369,214132,72.167,-23.9691,0.371
RGI60-05.17370,214133,72.229,-24.4904,0.365
RGI60-05.17371,214134,72.1038,-23.3931,0.193
RGI60-05.17372,214135,72.3747,-25.7473,0.131
RGI60-05.17373,214136,72.1774,-23.9835,0.456
RGI60-05.17374,214137,72.1745,-23.9457,0.134
RGI60-05.17375,214138,72.7596,-28.7255,0.119
RGI60-05.17376,214139,72.3881,-25.8634,0.218
RGI60-05.17377,214140,72.3584,-25.5565,0.275
RGI60-05.17378,214141,72.3525,-25.4679,0.09
RGI60-05.17379,214142,72.3523,-25.4619,0.069
RGI60-05.17380,214143,72.3199,-25.1598,0.425
RGI60-05.17381,214144,72.284,-24.7702,0.36
RGI60-05.17382,214145,72.3088,-24.9882,0.521
RGI60-05.17383,214146,72.2481,-22.6488,0.133
RGI60-05.17384,214147,72.3836,-25.4964,0.254
RGI60-05.17385,214148,72.31,-24.7889,0.126
RGI60-05.17386,214149,72.3843,-25.4657,0.168
RGI60-05.17387,214150,72.3264,-24.9068,0.154
RGI60-05.17388,214151,72.3413,-25.0194,0.109
RGI60-05.17389,214152,72.3235,-24.8106,0.115
RGI60-05.17390,214153,72.332,-24.8573,0.472
RGI60-05.17391,214154,72.3476,-24.914,0.283
RGI60-05.17392,214155,72.2942,-24.4687,1.977
RGI60-05.17393,214156,72.3414,-24.8411,0.279
RGI60-05.17394,214157,72.6169,-27.5108,5.666
RGI60-05.17395,214158,72.3571,-24.8688,0.103
RGI60-05.17396,214159,72.3564,-24.8977,0.731
RGI60-05.17397,214160,72.3081,-24.4311,0.964
RGI60-05.17398,214161,72.3519,-24.713,0.149
RGI60-05.17399,214162,72.372,-24.8835,0.117
RGI60-05.17400,214163,72.4705,-25.762,0.159
RGI60-05.17401,214164,72.3472,-24.6817,1.457
RGI60-05.17402,214165,72.3388,-24.5229,0.906
RGI60-05.17403,214166,72.3499,-24.5283,0.188
RGI60-05.17404,214167,72.3939,-24.7844,0.129
RGI60-05.17405,214168,72.5088,-25.8362,0.359
RGI60-05.17406,214169,72.3909,-24.7486,0.841
RGI60-05.17407,214170,72.6591,-27.1334,0.65
RGI60-05.17408,214171,72.5067,-25.566,0.323
RGI60-05.17409,214172,72.4635,-25.0708,0.109
RGI60-05.17410,214173,72.5273,-25.6739,0.295
RGI60-05.17411,214174,72.6428,-26.7801,0.109
RGI60-05.17412,214175,72.654,-26.8333,0.121
RGI60-05.17413,214176,72.4834,-25.1817,0.426
RGI60-05.17414,214177,72.2874,-22.8646,0.283
RGI60-05.17415,214178,72.19,-22.4895,0.601
RGI60-05.17416,214179,72.4941,-25.1155,0.769
RGI60-05.17417,214180,72.6871,-26.9198,0.123
RGI60-05.17418,214181,72.4968,-25.087,0.336
RGI60-05.17419,214182,72.4963,-25.0937,0.259
RGI60-05.17420,214183,72.1938,-22.462,0.103
RGI60-05.17421,214184,72.254,-22.8957,0.371
RGI60-05.17422,214185,72.6178,-26.1659,0.69
RGI60-05.17423,214186,72.657,-26.4406,0.363
RGI60-05.17424,214187,72.498,-24.8643,0.109
RGI60-05.17425,214188,72.2414,-22.7153,1.772
RGI60-05.17426,214189,72.2625,-22.8297,0.131
RGI60-05.17427,214190,72.254,-22.6166,0.637
RGI60-05.17428,214191,72.306,-22.9898,0.1
RGI60-05.17429,214192,72.2549,-22.5161,0.146
RGI60-05.17430,214193,72.2524,-22.4907,0.702
RGI60-05.17431,214194,72.3109,-22.9287,0.423
RGI60-05.17432,214195,72.7553,-26.7426,0.27
RGI60-05.17433,214196,72.2594,-22.2171,0.31
RGI60-05.17434,214197,72.3749,-23.1011,0.475
RGI60-05.17435,214198,72.3034,-22.4377,0.101
RGI60-05.17436,214199,72.3229,-22.5987,0.32
RGI60-05.17437,214200,72.8725,-27.6696,0.314
RGI60-05.17438,214201,72.3259,-22.5854,0.128
RGI60-05.17439,214202,73.9241,-26.1535,0.318
RGI60-05.17440,214203,72.9163,-27.8501,0.817
RGI60-05.17441,214204,72.5012,-22.5565,0.34
RGI60-05.17442,214205,72.5079,-22.546,0.566
RGI60-05.17443,214206,72.4909,-22.024,0.159
RGI60-05.17444,214207,72.5482,-22.4022,0.378
RGI60-05.17445,214208,72.8039,-22.3639,0.278
RGI60-05.17446,214209,74.0604,-25.5216,0.195
RGI60-05.17447,214210,73.9817,-23.3002,0.144
RGI60-05.17448,214211,73.9783,-23.2822,0.227
RGI60-05.17449,214212,73.9763,-23.2928,0.9
RGI60-05.17450,214213,73.9871,-23.2902,0.285
RGI60-05.17451,214214,73.9789,-23.1662,0.149
RGI60-05.17452,214215,74.0029,-23.1543,0.107
RGI60-05.17453,214216,73.9918,-23.1131,0.891
RGI60-05.17454,214217,73.9889,-23.1422,0.084
RGI60-05.17455,214218,73.9967,-23.1398,0.675
RGI60-05.17456,214219,74.0029,-22.9289,0.364
RGI60-05.17457,214220,73.9961,-22.66,1.016
RGI60-05.17458,214221,74.0185,-22.7418,0.213
RGI60-05.17459,214222,74.0124,-22.7203,1.548
RGI60-05.17460,214223,74.024,-22.7663,0.24
RGI60-05.17461,214224,74.0325,-22.8092,0.718
RGI60-05.17462,214225,74.0185,-22.5845,0.229
RGI60-05.17463,214226,74.0179,-22.5421,0.309
RGI60-05.17464,214227,74.2797,-24.9629,0.142
RGI60-05.17465,214228,74.0361,-22.6148,0.19
RGI60-05.17466,214229,74.0419,-22.5241,0.228
RGI60-05.17467,214230,74.2826,-24.7902,2.856
RGI60-05.17468,214231,74.301,-24.9657,12.235
RGI60-05.17469,214232,74.2765,-24.4226,0.252
RGI60-05.17470,214233,74.2765,-24.4455,0.31
RGI60-05.17471,214234,74.4629,-24.507,0.102
RGI60-05.17472,214235,74.4168,-25.8285,0.951
RGI60-05.17473,214236,74.2031,-23.6371,0.151
RGI60-05.17474,214237,74.2161,-23.695,0.159
RGI60-05.17475,214238,74.3578,-24.8207,0.735
RGI60-05.17476,214239,74.3792,-25.0106,0.379
RGI60-05.17477,214240,74.3721,-24.8748,0.179
RGI60-05.17478,214241,74.3536,-24.73,0.741
RGI60-05.17479,214242,74.3736,-24.8159,0.409
RGI60-05.17480,214243,74.3802,-24.8441,0.366
RGI60-05.17481,214244,74.3813,-24.8842,0.849
RGI60-05.17482,214245,74.2846,-23.6965,0.107
RGI60-05.17483,214246,74.2942,-23.76,0.284
RGI60-05.17484,214247,74.2968,-23.7554,0.057
RGI60-05.17485,214248,74.3137,-23.8813,0.162
RGI60-05.17486,214249,74.3106,-23.8477,0.139
RGI60-05.17487,214250,74.275,-23.5132,0.487
RGI60-05.17488,214251,74.4954,-25.6637,0.434
RGI60-05.17489,214252,74.2876,-23.5244,0.216
RGI60-05.17490,214253,74.2879,-23.546,0.148
RGI60-05.17491,214254,74.2824,-23.4552,0.283
RGI60-05.17492,214255,74.2863,-23.4529,0.158
RGI60-05.17493,214256,74.3031,-23.492,0.153
RGI60-05.17494,214257,74.3451,-23.5174,0.267
RGI60-05.17495,214258,74.4458,-24.4362,0.266
RGI60-05.17496,214259,74.2907,-22.4893,0.603
RGI60-05.17497,214260,74.1657,-21.2053,0.216
RGI60-05.17498,214261,74.3243,-22.3437,0.458
RGI60-05.17499,214262,74.2057,-21.2499,0.298
RGI60-05.17500,214263,74.2142,-21.2608,0.201
RGI60-05.17501,214264,74.3388,-22.3081,0.932
RGI60-05.17502,214265,74.2259,-21.295,1.188
RGI60-05.17503,214266,74.2234,-21.1841,0.101
RGI60-05.17504,214267,74.3928,-22.5251,0.122
RGI60-05.17505,214268,74.387,-22.0833,0.111
RGI60-05.17506,214269,74.4137,-22.2268,0.1
RGI60-05.17507,214270,74.5435,-23.4646,0.162
RGI60-05.17508,214271,74.2756,-21.0542,0.08
RGI60-05.17509,214272,74.5161,-23.1627,0.304
RGI60-05.17510,214273,74.5295,-23.3011,0.514
RGI60-05.17511,214274,74.3108,-21.2932,0.607
RGI60-05.17512,214275,74.537,-23.2624,0.529
RGI60-05.17513,214276,74.4093,-22.056,0.143
RGI60-05.17514,214277,74.2715,-20.7798,0.123
RGI60-05.17515,214278,74.3219,-21.0786,0.254
RGI60-05.17516,214279,74.3184,-21.073,0.36
RGI60-05.17517,214280,74.4528,-22.1325,0.483
RGI60-05.17518,214281,74.5567,-23.0981,0.213
RGI60-05.17519,214282,74.5622,-23.0978,0.36
RGI60-05.17520,214283,74.4616,-22.1507,0.249
RGI60-05.17521,214284,74.6103,-23.5186,0.229
RGI60-05.17522,214285,74.5853,-23.0701,0.113
RGI60-05.17523,214286,74.3169,-20.6343,0.186
RGI60-05.17524,214287,74.6335,-23.4078,0.485
RGI60-05.17525,214288,74.3377,-20.7232,0.108
RGI60-05.17526,214289,74.8876,-20.9896,0.125
RGI60-05.17527,214290,75.0219,-20.9264,0.116
RGI60-05.17528,214291,72.4678,-25.1818,0.08
RGI60-05.17529,214292,74.3303,-20.7328,0.769
RGI60-05.17530,214293,74.3604,-20.8771,0.74
RGI60-05.17531,214294,74.3607,-20.674,0.136
RGI60-05.17532,214295,74.2917,-20.1013,0.111
RGI60-05.17533,214296,74.2999,-20.1168,0.129
RGI60-05.17534,214297,74.3003,-20.1441,0.747
RGI60-05.17535,214298,74.4841,-20.7984,0.233
RGI60-05.17536,214299,74.4167,-21.0618,0.323
RGI60-05.17537,214300,74.4345,-21.2199,0.782
RGI60-05.17538,214301,74.4399,-21.1865,0.119
RGI60-05.17539,214302,74.4052,-20.8453,0.241
RGI60-05.17540,214303,74.5524,-21.5826,0.204
RGI60-05.17541,214304,74.4822,-20.7727,0.131
RGI60-05.17542,214305,74.6698,-22.6694,0.294
RGI60-05.17543,214306,74.5573,-21.5998,0.149
RGI60-05.17544,214307,74.4788,-20.8937,0.115
RGI60-05.17545,214308,74.686,-22.7258,0.108
RGI60-05.17546,214309,74.4709,-20.7917,0.13
RGI60-05.17547,214310,74.4861,-20.8916,0.358
RGI60-05.17548,214311,74.5539,-21.4494,0.127
RGI60-05.17549,214312,74.5645,-21.4759,0.241
RGI60-05.17550,214313,74.5701,-21.4794,0.383
RGI60-05.17551,214314,74.5611,-21.3253,0.25
RGI60-05.17552,214315,74.5855,-21.3885,0.249
RGI60-05.17553,214316,74.7085,-22.2973,0.201
RGI60-05.17554,214317,74.5423,-20.7641,0.172
RGI60-05.17555,214318,74.9672,-20.4345,0.149
RGI60-05.17556,214319,74.4008,-19.9056,4.407
RGI60-05.17557,214320,74.5496,-20.934,0.369
RGI60-05.17558,214321,74.5755,-21.1139,0.141
RGI60-05.17559,214322,74.4784,-19.0442,0.195
RGI60-05.17560,214323,74.5736,-20.8886,0.437
RGI60-05.17561,214324,74.5961,-21.0581,0.268
RGI60-05.17562,214325,74.6375,-21.2726,0.114
RGI60-05.17563,214326,74.5851,-20.7958,0.231
RGI60-05.17564,214327,74.6652,-21.3585,0.193
RGI60-05.17565,214328,74.7647,-22.1994,0.142
RGI60-05.17566,214329,74.8074,-22.427,0.168
RGI60-05.17567,214330,74.4889,-19.1147,0.189
RGI60-05.17568,214331,74.4873,-19.5134,0.229
RGI60-05.17569,214332,74.4601,-19.2643,0.17
RGI60-05.17570,214333,74.4527,-19.2289,0.412
RGI60-05.17571,214334,74.4828,-19.4308,0.394
RGI60-05.17572,214335,74.5031,-19.2562,0.454
RGI60-05.17573,214336,74.7443,-21.5601,0.795
RGI60-05.17574,214337,74.6756,-20.9264,0.225
RGI60-05.17575,214338,74.6722,-20.9075,0.333
RGI60-05.17576,214339,74.8672,-22.6057,0.356
RGI60-05.17577,214340,74.4742,-19.2652,0.168
RGI60-05.17578,214341,74.6044,-19.5246,0.119
RGI60-05.17579,214342,74.4699,-19.1989,0.418
RGI60-05.17580,214343,74.6897,-20.9033,0.133
RGI60-05.17581,214344,74.4823,-19.2443,1.075
RGI60-05.17582,214345,74.4742,-19.1285,0.334
RGI60-05.17583,214346,74.8519,-22.294,0.839
RGI60-05.17584,214347,74.5024,-19.2999,0.169
RGI60-05.17585,214348,74.7206,-21.0487,0.137
RGI60-05.17586,214349,74.71,-20.9827,0.71
RGI60-05.17587,214350,74.477,-19.0779,0.351
RGI60-05.17588,214351,74.7178,-21.0064,0.106
RGI60-05.17589,214352,74.4952,-19.1734,1.487
RGI60-05.17590,214353,74.74,-21.0741,0.126
RGI60-05.17591,214354,74.9098,-22.57,0.181
RGI60-05.17592,214355,74.8191,-21.7358,0.344
RGI60-05.17593,214356,74.6197,-19.4619,0.163
RGI60-05.17594,214357,74.9374,-22.7777,0.221
RGI60-05.17595,214358,74.8331,-21.8065,0.155
RGI60-05.17596,214359,74.7293,-20.8779,0.117
RGI60-05.17597,214360,74.7526,-21.0603,0.127
RGI60-05.17598,214361,74.9204,-22.5693,0.292
RGI60-05.17599,214362,74.8037,-21.5015,0.104
RGI60-05.17600,214363,74.7503,-21.0098,0.497
RGI60-05.17601,214364,74.6008,-19.0492,0.157
RGI60-05.17602,214365,74.5415,-19.2869,0.25
RGI60-05.17603,214366,74.8028,-21.5417,2.62
RGI60-05.17604,214367,74.8622,-21.9109,0.302
RGI60-05.17605,214368,74.856,-21.8597,0.295
RGI60-05.17606,214369,74.7537,-20.925,0.116
RGI60-05.17607,214370,74.9041,-21.1377,0.102
RGI60-05.17608,214371,74.5736,-19.4417,0.247
RGI60-05.17609,214372,74.758,-20.9576,0.294
RGI60-05.17610,214373,74.7619,-20.9624,0.198
RGI60-05.17611,214374,74.869,-21.8912,0.162
RGI60-05.17612,214375,74.7547,-20.8883,0.393
RGI60-05.17613,214376,74.7583,-20.8757,0.115
RGI60-05.17614,214377,74.8664,-21.8455,0.795
RGI60-05.17615,214378,74.9596,-22.6687,0.217
RGI60-05.17616,214379,74.5932,-19.5075,0.151
RGI60-05.17617,214380,74.5841,-19.4286,0.261
RGI60-05.17618,214381,74.573,-19.3125,0.118
RGI60-05.17619,214382,74.8818,-21.8696,0.283
RGI60-05.17620,214383,74.5792,-19.3219,0.29
RGI60-05.17621,214384,74.5962,-19.394,0.206
RGI60-05.17622,214385,74.601,-19.443,0.358
RGI60-05.17623,214386,74.6129,-19.5022,0.189
RGI60-05.17624,214387,74.7905,-20.9742,0.186
RGI60-05.17625,214388,74.604,-19.4058,0.104
RGI60-05.17626,214389,74.840545654,-21.285438538,0.166
RGI60-05.17627,214390,74.6135,-19.3803,0.139
RGI60-05.17628,214391,74.8255,-21.1188,0.116
RGI60-05.17629,214392,74.8366,-21.1854,0.132
RGI60-05.17630,214393,74.9873,-22.5179,0.208
RGI60-05.17631,214394,74.6213,-19.3735,0.151
RGI60-05.17632,214395,74.6275,-19.4173,0.394
RGI60-05.17633,214396,74.9922,-22.5097,0.183
RGI60-05.17634,214397,74.8522,-21.2252,0.553
RGI60-05.17635,214398,74.995,-22.4776,0.419
RGI60-05.17636,214399,74.5893,-19.0258,0.154
RGI60-05.17637,214400,74.8393,-21.0493,0.171
RGI60-05.17638,214401,74.5642,-18.8082,0.398
RGI60-05.17639,214402,74.5776,-18.9156,0.261
RGI60-05.17640,214403,74.6036,-19.0933,0.141
RGI60-05.17641,214404,74.5957,-19.0259,0.184
RGI60-05.17642,214405,74.8927,-21.444,0.157
RGI60-05.17643,214406,74.6444,-19.3827,0.131
RGI60-05.17644,214407,74.9933,-22.3233,0.191
RGI60-05.17645,214408,74.8929,-21.4071,0.169
RGI60-05.17646,214409,74.5732,-18.7906,0.63
RGI60-05.17647,214410,74.6116,-19.0412,0.325
RGI60-05.17648,214411,74.5948,-18.926,0.636
RGI60-05.17649,214412,74.8912,-21.3371,0.257
RGI60-05.17650,214413,75.021,-22.4635,0.172
RGI60-05.17651,214414,74.9779,-22.0509,0.2
RGI60-05.17652,214415,74.6131,-19.0153,0.293
RGI60-05.17653,214416,74.9019,-21.3737,0.317
RGI60-05.17654,214417,74.9004,-21.3364,0.254
RGI60-05.17655,214418,74.6124,-18.9766,0.66
RGI60-05.17656,214419,74.9167,-21.4478,0.12
RGI60-05.17657,214420,74.5902,-18.7932,0.24
RGI60-05.17658,214421,74.5915,-18.7739,0.162
RGI60-05.17659,214422,74.6221,-18.9918,0.231
RGI60-05.17660,214423,74.7726,-20.147,0.127
RGI60-05.17661,214424,74.6138,-18.8546,0.122
RGI60-05.17662,214425,74.9096,-21.3068,0.603
RGI60-05.17663,214426,74.9132,-21.2618,0.209
RGI60-05.17664,214427,75.063,-22.6423,0.976
RGI60-05.17665,214428,74.6315,-18.9394,0.249
RGI60-05.17666,214429,74.6267,-18.8567,0.137
RGI60-05.17667,214430,74.8929,-21.0177,0.504
RGI60-05.17668,214431,74.6354,-18.8866,0.122
RGI60-05.17669,214432,74.6402,-18.9178,0.135
RGI60-05.17670,214433,74.7957,-20.1328,0.129
RGI60-05.17671,214434,74.8486,-20.2323,0.221
RGI60-05.17672,214435,74.799,-20.1603,0.479
RGI60-05.17673,214436,74.6382,-18.8641,0.158
RGI60-05.17674,214437,74.8073,-20.1749,0.105
RGI60-05.17675,214438,75.1083,-22.8316,0.415
RGI60-05.17676,214439,74.9189,-21.0908,0.206
RGI60-05.17677,214440,74.9191,-21.0108,0.133
RGI60-05.17678,214441,74.8972,-20.8313,0.2
RGI60-05.17679,214442,74.9342,-21.1325,0.234
RGI60-05.17680,214443,75.1135,-22.7563,0.509
RGI60-05.17681,214444,74.9247,-21.0573,1.013
RGI60-05.17682,214445,74.9164,-20.9506,0.128
RGI60-05.17683,214446,74.9043,-20.826,0.167
RGI60-05.17684,214447,74.9223,-20.9737,0.139
RGI60-05.17685,214448,74.836,-20.0466,0.124
RGI60-05.17686,214449,74.8112,-20.0782,1.117
RGI60-05.17687,214450,74.9183,-20.9236,0.118
RGI60-05.17688,214451,74.8195,-20.0924,0.132
RGI60-05.17689,214452,74.8204,-20.1047,0.207
RGI60-05.17690,214453,74.9483,-21.1047,0.109
RGI60-05.17691,214454,74.9153,-20.8293,0.141
RGI60-05.17692,214455,75.0553,-22.0864,0.132
RGI60-05.17693,214456,74.8258,-20.0558,1.059
RGI60-05.17694,214457,74.8391,-20.2051,0.56
RGI60-05.17695,214458,74.8061,-19.8516,0.141
RGI60-05.17696,214459,74.8063,-19.8692,0.203
RGI60-05.17697,214460,74.8528,-20.216,0.24
RGI60-05.17698,214461,74.8393,-20.0713,0.562
RGI60-05.17699,214462,74.8597,-20.2156,0.582
RGI60-05.17700,214463,74.8135,-19.8279,0.263
RGI60-05.17701,214464,75.1372,-22.6308,0.27
RGI60-05.17702,214465,75.1943,-23.0725,0.116
RGI60-05.17703,214466,75.1353,-22.5187,0.145
RGI60-05.17704,214467,74.9531,-20.9007,0.209
RGI60-05.17705,214468,74.9678,-21.0065,0.163
RGI60-05.17706,214469,75.1367,-22.478,0.132
RGI60-05.17707,214470,74.8588,-20.0158,0.126
RGI60-05.17708,214471,74.8657,-20.0317,0.227
RGI60-05.17709,214472,74.8744,-20.0051,0.955
RGI60-05.17710,214473,75.215,-23.0287,0.583
RGI60-05.17711,214474,75.0136,-21.1806,0.698
RGI60-05.17712,214475,75.0028,-21.0997,0.861
RGI60-05.17713,214476,74.9406,-20.3055,0.24
RGI60-05.17714,214477,74.9416,-20.3218,0.206
RGI60-05.17715,214478,74.8874,-19.9555,0.596
RGI60-05.17716,214479,75.0252,-21.0777,0.13
RGI60-05.17717,214480,74.8978,-20.0144,1.364
RGI60-05.17718,214481,74.9358,-20.3022,0.174
RGI60-05.17719,214482,74.9357,-20.2767,0.149
RGI60-05.17720,214483,75.0137,-20.914,0.098
RGI60-05.17721,214484,74.9529,-20.3291,0.207
RGI60-05.17722,214485,75.0501,-21.0999,0.183
RGI60-05.17723,214486,74.9563,-20.3126,0.116
RGI60-05.17724,214487,74.9738,-20.4134,0.139
RGI60-05.17725,214488,75.0326,-20.8495,0.102
RGI60-05.17726,214489,74.9563,-20.2164,0.935
RGI60-05.17727,214490,75.0308,-20.8255,0.14
RGI60-05.17728,214491,75.0283,-20.7573,0.334
RGI60-05.17729,214492,74.9665,-20.1389,0.15
RGI60-05.17730,214493,74.9712,-20.1444,0.114
RGI60-05.17731,214494,74.9727,-20.1103,0.384
RGI60-05.17732,214495,74.9943,-20.3121,0.438
RGI60-05.17733,214496,74.9879,-20.2565,0.31
RGI60-05.17734,214497,74.9907,-20.2822,0.596
RGI60-05.17735,214498,74.9797,-20.1038,0.305
RGI60-05.17736,214499,75.0026,-20.3219,0.685
RGI60-05.17737,214500,75.0202,-20.3483,1.388
RGI60-05.17738,214501,74.9939,-20.045,0.141
RGI60-05.17739,214502,75.0139,-20.2223,1.242
RGI60-05.17740,214503,71.9007,-24.4699,0.106
RGI60-05.17741,214504,71.8932,-24.4019,0.195
RGI60-05.17742,214505,71.8605,-24.1139,0.492
RGI60-05.17743,214506,71.8677,-24.1733,3.067
RGI60-05.17744,214507,71.6423,-22.3355,0.649
RGI60-05.17745,214508,71.9085,-24.4899,0.118
RGI60-05.17746,214509,71.9137,-24.4944,0.312
RGI60-05.17747,214510,71.9325,-24.616,0.14
RGI60-05.17748,214511,71.9304,-24.5623,0.108
RGI60-05.17749,214512,72.0492,-25.5956,1.405
RGI60-05.17750,214513,71.9525,-24.6663,0.141
RGI60-05.17751,214514,71.9337,-24.4924,0.238
RGI60-05.17752,214515,71.9407,-24.5717,0.852
RGI60-05.17753,214516,71.926,-24.3912,1.065
RGI60-05.17754,214517,71.8831,-23.9919,0.197
RGI60-05.17755,214518,71.9323,-24.3569,0.142
RGI60-05.17756,214519,71.9371,-24.3828,0.14
RGI60-05.17757,214520,71.8976,-23.8361,0.685
RGI60-05.17758,214521,72.0643,-25.5832,0.996
RGI60-05.17759,214522,71.9387,-24.2211,0.9
RGI60-05.17760,214523,71.6927,-22.2243,0.484
RGI60-05.17761,214524,71.9383,-24.1805,0.296
RGI60-05.17762,214525,71.6812,-22.0613,0.125
RGI60-05.17763,214526,71.9406,-24.128,0.298
RGI60-05.17764,214527,71.9118,-23.7672,0.196
RGI60-05.17765,214528,71.698,-22.1553,6.053
RGI60-05.17766,214529,71.9188,-23.7802,0.172
RGI60-05.17767,214530,71.9804,-24.2896,0.209
RGI60-05.17768,214531,72.156,-25.3062,0.055
RGI60-05.17769,214532,71.977,-24.2528,0.741
RGI60-05.17770,214533,71.9198,-23.7102,0.195
RGI60-05.17771,214534,72.0137,-24.4451,0.153
RGI60-05.17772,214535,71.9262,-23.6627,0.378
RGI60-05.17773,214536,71.9327,-23.635,0.197
RGI60-05.17774,214537,71.932,-23.644,0.157
RGI60-05.17775,214538,71.9544,-23.7282,0.207
RGI60-05.17776,214539,72.0052,-24.1348,0.227
RGI60-05.17777,214540,72.1925,-25.8048,0.258
RGI60-05.17778,214541,72.1305,-25.3058,3.358
RGI60-05.17779,214542,71.9926,-23.9753,0.24
RGI60-05.17780,214543,71.9687,-23.6999,0.102
RGI60-05.17781,214544,72.1538,-25.316,0.069
RGI60-05.17782,214545,71.9623,-23.7621,3.861
RGI60-05.17783,214546,72.0609,-24.4047,0.203
RGI60-05.17784,214547,72.1505,-25.1706,0.194
RGI60-05.17785,214548,72.0657,-24.4058,0.166
RGI60-05.17786,214549,72.153,-25.3047,0.249
RGI60-05.17787,214550,72.1442,-25.3068,1.58
RGI60-05.17788,214551,72.1587,-25.266,1.818
RGI60-05.17789,214552,72.4791,-25.2513,0.13
RGI60-05.17790,214553,72.1603,-25.2895,0.629
RGI60-05.17791,,72.1481,-25.2523,0.266
RGI60-05.17792,214554,72.2233,-25.8436,2.289
RGI60-05.17793,214555,72.0301,-23.7622,0.352
RGI60-05.17794,214556,72.0173,-23.8469,1.656
RGI60-05.17795,214557,72.0484,-24.1784,3.964
RGI60-05.17796,214558,72.0254,-23.9165,3.706
RGI60-05.17797,214559,72.039,-23.9361,0.321
RGI60-05.17798,214560,72.0429,-23.9467,0.15
RGI60-05.17799,214561,72.0692,-24.1965,2.329
RGI60-05.17800,214562,72.0682,-24.2485,3.032
RGI60-05.17801,214563,72.0714,-24.2963,0.937
RGI60-05.17802,214564,72.4791,-25.2381,0.148
RGI60-05.17803,214565,72.0328,-23.8088,2.327
RGI60-05.17804,214566,72.202,-25.2093,1.7
RGI60-05.17805,214567,72.0559,-23.8926,0.574
RGI60-05.17806,214568,72.0551,-23.9241,1.082
RGI60-05.17807,214569,72.0614,-23.9432,0.363
RGI60-05.17808,214570,72.0397,-23.8695,5.163
RGI60-05.17809,214571,72.0498,-23.8045,0.359
RGI60-05.17810,214572,72.0625,-23.8824,0.228
RGI60-05.17811,214573,72.0891,-24.1092,0.547
RGI60-05.17812,214574,72.1499,-24.501,2.258
RGI60-05.17813,214575,72.1342,-24.4982,3.378
RGI60-05.17814,214576,72.133,-24.2356,1.499
RGI60-05.17815,214577,72.3599,-25.7668,0.396
RGI60-05.17816,214578,72.4716,-27.7776,14.254
RGI60-05.17817,214579,72.238,-25.3183,1.417
RGI60-05.17818,214580,72.3537,-25.6611,0.132
RGI60-05.17819,214581,72.1261,-24.2522,0.575
RGI60-05.17820,214582,72.252,-25.2849,0.933
RGI60-05.17821,214583,72.2509,-25.6074,1.086
RGI60-05.17822,214584,72.2926,-25.6984,6.392
RGI60-05.17823,214585,72.2682,-25.6125,7.058
RGI60-05.17824,214586,72.2899,-25.56,2.066
RGI60-05.17825,214587,72.3768,-23.0747,0.485
RGI60-05.17826,214588,72.2862,-25.6227,4.907
RGI60-05.17827,214589,72.17,-24.4856,0.938
RGI60-05.17828,214590,72.1339,-24.0666,0.23
RGI60-05.17829,214591,72.3497,-26.19,2.878
RGI60-05.17830,214592,72.221,-24.523,3.321
RGI60-05.17831,214593,72.5568,-27.8066,7.51
RGI60-05.17832,214594,72.3074,-25.1556,1.771
RGI60-05.17833,214595,72.3057,-25.2051,0.42
RGI60-05.17834,214596,72.1763,-23.9514,0.063
RGI60-05.17835,214597,72.1794,-23.9524,0.52
RGI60-05.17836,214598,72.4381,-23.5533,0.103
RGI60-05.17837,214599,72.366,-25.7427,1.577
RGI60-05.17838,214600,72.3584,-26.1342,1.973
RGI60-05.17839,214601,72.3574,-26.2026,0.19
RGI60-05.17840,214602,72.3375,-26.1788,1.803
RGI60-05.17841,214603,72.3438,-25.9871,7.545
RGI60-05.17842,214604,72.3362,-25.9456,0.057
RGI60-05.17843,214605,72.3239,-25.8784,1.175
RGI60-05.17844,214606,72.3465,-25.9215,8.379
RGI60-05.17845,214607,72.3346,-25.7236,9.637
RGI60-05.17846,214608,72.3727,-25.967,4.47
RGI60-05.17847,214609,72.3579,-26.2248,0.613
RGI60-05.17848,214610,72.3675,-26.0398,2.687
RGI60-05.17849,214611,72.4302,-23.4596,0.104
RGI60-05.17850,214612,72.3362,-26.1547,4.04
RGI60-05.17851,214613,72.3469,-26.0396,9.31
RGI60-05.17852,214614,72.3168,-25.7348,2.325
RGI60-05.17853,214615,72.3339,-25.8327,10.889
RGI60-05.17854,214616,72.3186,-25.6422,1.986
RGI60-05.17855,214617,72.242,-24.4656,0.345
RGI60-05.17856,214618,72.3327,-25.5937,7.485
RGI60-05.17857,214619,72.3526,-25.6262,1.1
RGI60-05.17858,214620,72.2385,-24.4877,0.167
RGI60-05.17859,214621,72.3376,-25.7631,7.809
RGI60-05.17860,214622,72.3866,-25.9275,0.366
RGI60-05.17861,214623,72.3157,-25.0696,0.598
RGI60-05.17862,214624,72.4561,-23.5924,0.189
RGI60-05.17863,214625,72.3652,-25.9095,9.765
RGI60-05.17864,214626,72.3438,-22.6589,0.263
RGI60-05.17865,214627,72.3434,-25.5083,9.581
RGI60-05.17866,214628,72.3618,-25.5343,0.069
RGI60-05.17867,214629,72.2488,-24.4637,0.317
RGI60-05.17868,214630,72.2445,-24.4882,0.682
RGI60-05.17869,214631,72.3465,-25.4563,0.064
RGI60-05.17870,214632,72.3528,-25.433,1.317
RGI60-05.17871,214633,72.3769,-25.592,0.461
RGI60-05.17872,214634,72.4954,-24.8896,0.41
RGI60-05.17873,214635,72.3175,-25.0323,4.559
RGI60-05.17874,214636,72.3472,-24.8658,1.128
RGI60-05.17875,214637,72.4635,-25.2611,0.579
RGI60-05.17876,214638,72.4278,-23.3245,0.102
RGI60-05.17877,214639,72.3143,-24.4737,3.009
RGI60-05.17878,214640,72.3328,-24.4766,1.501
RGI60-05.17879,214641,72.4444,-23.4708,0.205
RGI60-05.17880,214642,72.6532,-27.5021,4.376
RGI60-05.17881,214643,72.7012,-27.9025,1.609
RGI60-05.17882,214644,72.643,-27.1948,3.81
RGI60-05.17883,214645,72.6224,-27.3016,7.151
RGI60-05.17884,214646,72.3915,-24.724,0.682
RGI60-05.17885,214647,72.3926,-24.7025,0.585
RGI60-05.17886,214648,72.4481,-23.4616,0.166
RGI60-05.17887,214649,72.6774,-27.5939,10.391
RGI60-05.17888,214650,72.5295,-25.6279,0.122
RGI60-05.17889,214651,72.4724,-25.0346,1.209
RGI60-05.17890,214652,72.6671,-27.024,12.421
RGI60-05.17891,214653,72.4853,-24.9526,0.218
RGI60-05.17892,214654,72.2973,-22.9779,0.246
RGI60-05.17893,214655,72.2544,-22.8355,2.089
RGI60-05.17894,214656,72.5066,-25.0176,0.693
RGI60-05.17895,214657,72.4929,-25.0413,2.526
RGI60-05.17896,214658,72.4408,-23.3907,0.362
RGI60-05.17897,214659,72.4887,-25.0733,4.948
RGI60-05.17898,214660,72.4666,-25.2094,5.396
RGI60-05.17899,214661,72.4943,-24.9587,7.083
RGI60-05.17900,214662,72.4791,-24.9754,0.492
RGI60-05.17901,214663,72.4812,-25.0006,0.131
RGI60-05.17902,214664,72.4785,-25.1394,9.505
RGI60-05.17903,214665,72.4704,-25.0919,0.063
RGI60-05.17904,214666,72.4701,-25.2703,1.156
RGI60-05.17905,214667,72.2675,-22.7633,3.836
RGI60-05.17906,214668,72.3039,-22.9725,0.118
RGI60-05.17907,214669,72.5448,-25.1581,3.811
RGI60-05.17908,214670,72.4677,-23.5974,0.104
RGI60-05.17909,214671,72.5345,-25.1143,2.035
RGI60-05.17910,214672,72.5453,-25.222,1.602
RGI60-05.17911,214673,72.5333,-25.2361,3.503
RGI60-05.17912,214674,72.5245,-25.1384,1.881
RGI60-05.17913,214675,72.5397,-25.1892,4.98
RGI60-05.17914,214676,72.5182,-25.2418,3.138
RGI60-05.17915,214677,72.5091,-25.2226,2.105
RGI60-05.17916,214678,72.5048,-25.2618,0.647
RGI60-05.17917,214679,72.5157,-25.171,1.751
RGI60-05.17918,214680,72.2949,-22.9066,1.366
RGI60-05.17919,214681,72.3081,-22.9521,0.285
RGI60-05.17920,214682,72.5163,-24.9138,2.736
RGI60-05.17921,214683,72.53,-24.8708,3.146
RGI60-05.17922,214684,72.5348,-24.9137,0.09
RGI60-05.17923,214685,72.5276,-24.9168,2.105
RGI60-05.17924,214686,72.5178,-24.8809,1.543
RGI60-05.17925,214687,72.3201,-22.843,0.621
RGI60-05.17926,214688,72.3241,-22.8071,1.327
RGI60-05.17927,214689,72.4317,-23.5734,0.122
RGI60-05.17928,214690,72.6893,-26.0471,3.375
RGI60-05.17929,214691,72.4493,-23.6891,0.403
RGI60-05.17930,214692,72.6629,-26.1133,1.907
RGI60-05.17931,214693,72.6817,-26.0588,0.114
RGI60-05.17932,214694,72.6717,-26.0711,3.133
RGI60-05.17933,214695,72.2974,-22.4464,0.605
RGI60-05.17934,214696,72.6835,-26.0018,2.27
RGI60-05.17935,214697,72.6635,-26.0503,0.378
RGI60-05.17936,214698,72.6579,-26.1355,0.241
RGI60-05.17937,214699,72.6596,-26.066,0.066
RGI60-05.17938,214700,72.3314,-22.7753,0.534
RGI60-05.17939,214701,72.4148,-23.3947,0.182
RGI60-05.17940,214702,72.3847,-23.0634,0.589
RGI60-05.17941,214703,72.4494,-23.6114,0.441
RGI60-05.17942,214704,72.4649,-23.7037,0.172
RGI60-05.17943,214705,72.7741,-26.6055,2.42
RGI60-05.17944,214706,72.7779,-26.6324,0.068
RGI60-05.17945,214707,72.7726,-26.6404,0.182
RGI60-05.17946,214708,72.4344,-23.4077,0.682
RGI60-05.17947,214709,72.3334,-22.6227,3.161
RGI60-05.17948,214710,72.6248,-25.1251,3.559
RGI60-05.17949,214711,72.6161,-25.0548,0.901
RGI60-05.17950,214712,72.6154,-25.1702,1.093
RGI60-05.17951,214713,72.61,-25.1472,1.765
RGI60-05.17952,214714,72.6116,-25.1013,0.643
RGI60-05.17953,214715,72.6343,-25.0985,1.701
RGI60-05.17954,214716,72.6229,-25.0818,1.229
RGI60-05.17955,214717,72.7117,-25.802,0.995
RGI60-05.17956,214718,72.7132,-25.8309,0.61
RGI60-05.17957,214719,72.7079,-25.8423,0.309
RGI60-05.17958,214720,72.704,-25.7796,0.774
RGI60-05.17959,214721,72.6995,-25.8159,0.06
RGI60-05.17960,214722,72.7051,-25.8178,0.239
RGI60-05.17961,214723,72.8003,-26.8588,3.9
RGI60-05.17962,214724,72.8048,-26.8044,2.923
RGI60-05.17963,214725,72.8024,-26.7691,1.883
RGI60-05.17964,214726,72.8086,-27.4554,1.394
RGI60-05.17965,214727,72.7858,-26.9436,16.61
RGI60-05.17966,214728,72.7857,-26.6627,0.997
RGI60-05.17967,214729,72.7805,-26.6473,0.066
RGI60-05.17968,214730,72.8039,-26.989,0.749
RGI60-05.17969,214731,72.7864,-26.7262,3.649
RGI60-05.17970,214732,72.7885,-27.0246,3.114
RGI60-05.17971,214733,72.778,-26.6795,0.298
RGI60-05.17972,214734,72.7779,-26.6611,0.357
RGI60-05.17973,214735,72.7747,-26.726,0.664
RGI60-05.17974,214736,72.7729,-26.7568,2.342
RGI60-05.17975,214737,72.765,-26.7376,0.425
RGI60-05.17976,214738,72.7906,-27.2138,0.477
RGI60-05.17977,214739,72.7772,-27.0726,1.841
RGI60-05.17978,214740,72.8001,-27.4878,3.018
RGI60-05.17979,214741,72.7857,-27.1976,0.766
RGI60-05.17980,214742,72.7466,-26.9305,8.764
RGI60-05.17981,214743,72.7853,-27.2356,1.086
RGI60-05.17982,214744,72.7724,-26.8451,15.43
RGI60-05.17983,214745,72.8029,-27.412,2.328
RGI60-05.17984,214746,72.7951,-27.4056,0.585
RGI60-05.17985,214747,72.7731,-27.2582,0.858
RGI60-05.17986,214748,72.787,-27.517,5.258
RGI60-05.17987,214749,72.7338,-26.9753,1.184
RGI60-05.17988,214750,72.7763,-27.5611,3.016
RGI60-05.17989,214751,72.73,-27.0632,2.449
RGI60-05.17990,214752,72.7149,-27.1612,5.135
RGI60-05.17991,214753,72.7642,-27.5734,2.538
RGI60-05.17992,214754,72.7517,-27.6183,3.236
RGI60-05.17993,214755,72.7386,-27.6381,2.882
RGI60-05.17994,214756,72.752,-27.1259,44.462
RGI60-05.17995,214757,72.7118,-27.2267,5.538
RGI60-05.17996,214758,72.7083,-27.3091,9.084
RGI60-05.17997,214759,72.7242,-27.6578,4.909
RGI60-05.17998,214760,72.6936,-27.3725,6.203
RGI60-05.17999,214761,72.7422,-27.3973,53.837
RGI60-05.18000,214762,72.7187,-27.5365,13.627
RGI60-05.18001,214763,72.6936,-27.4374,6.107
RGI60-05.18002,214764,72.7884,-27.4391,2.788
RGI60-05.18003,214765,72.7701,-27.4849,4.97
RGI60-05.18004,214766,72.4486,-23.3786,0.416
RGI60-05.18005,214767,72.4754,-23.5739,0.105
RGI60-05.18006,214768,72.7171,-25.6435,0.147
RGI60-05.18007,214769,72.7207,-25.6848,0.215
RGI60-05.18008,214770,72.4789,-23.3915,0.189
RGI60-05.18009,214771,72.4799,-23.3765,0.231
RGI60-05.18010,214772,72.4809,-23.2777,0.172
RGI60-05.18011,214773,72.4789,-23.3604,0.421
RGI60-05.18012,214774,72.4777,-23.5823,0.138
RGI60-05.18013,214775,72.4675,-23.557,2.679
RGI60-05.18014,214776,72.4475,-23.5232,7.151
RGI60-05.18015,214777,72.4382,-23.5843,0.097
RGI60-05.18016,214778,72.4504,-23.346,0.474
RGI60-05.18017,214779,72.4482,-23.2656,0.104
RGI60-05.18018,214780,72.4829,-23.3175,0.869
RGI60-05.18019,214781,72.6173,-24.3242,0.336
RGI60-05.18020,214782,72.7606,-25.5818,0.104
RGI60-05.18021,214783,72.7533,-25.6392,0.057
RGI60-05.18022,214784,72.7598,-25.62,1.215
RGI60-05.18023,214785,72.701,-25.04,1.444
RGI60-05.18024,214786,72.6568,-24.3613,0.363
RGI60-05.18025,214787,72.7874,-25.5373,0.369
RGI60-05.18026,214788,72.8288,-24.09,0.116
RGI60-05.18027,214789,73.2543,-26.6369,0.092
RGI60-05.18028,214790,72.9209,-23.3264,0.107
RGI60-05.18029,214791,72.7133,-24.3564,0.237
RGI60-05.18030,214792,72.7482,-25.2484,1.988
RGI60-05.18031,214793,72.7901,-25.5836,5.622
RGI60-05.18032,214794,72.762,-25.3652,4.921
RGI60-05.18033,214795,72.7372,-25.3118,10.613
RGI60-05.18034,214796,72.7378,-25.2226,0.442
RGI60-05.18035,214797,72.7302,-25.2511,1.056
RGI60-05.18036,214798,72.7436,-25.2137,0.579
RGI60-05.18037,214799,72.7449,-25.6742,6.319
RGI60-05.18038,214800,73.3422,-26.002,0.183
RGI60-05.18039,214801,72.7125,-25.2852,1.192
RGI60-05.18040,214802,72.7498,-25.4283,12.911
RGI60-05.18041,214803,72.7077,-25.4321,1.026
RGI60-05.18042,214804,72.7322,-25.7299,1.598
RGI60-05.18043,214805,72.7028,-25.2984,0.356
RGI60-05.18044,214806,72.7166,-25.373,4.733
RGI60-05.18045,214807,72.7231,-25.7698,1.985
RGI60-05.18046,214808,72.7029,-25.3322,2.152
RGI60-05.18047,214809,72.6679,-24.1344,0.112
RGI60-05.18048,214810,72.7266,-25.4489,10.177
RGI60-05.18049,214811,72.7214,-25.7928,0.066
RGI60-05.18050,214812,72.7149,-25.7697,0.095
RGI60-05.18051,214813,72.7258,-25.6925,0.317
RGI60-05.18052,214814,72.718,-25.7307,1.538
RGI60-05.18053,214815,72.7784,-24.3618,0.363
RGI60-05.18054,214816,72.7298,-25.5852,9.515
RGI60-05.18055,214817,72.7731,-25.4049,1.174
RGI60-05.18056,214818,72.6726,-24.2713,1.865
RGI60-05.18057,214819,72.6639,-24.1167,1.187
RGI60-05.18058,214820,72.6589,-23.9951,0.132
RGI60-05.18059,214821,72.7164,-24.173,0.365
RGI60-05.18060,214822,72.7483,-25.5706,5.465
RGI60-05.18061,214823,72.6717,-24.2345,0.416
RGI60-05.18062,214824,72.6907,-24.2818,0.607
RGI60-05.18063,214825,72.6861,-24.2627,0.068
RGI60-05.18064,214826,72.4354,-22.125,0.451
RGI60-05.18065,214827,72.6734,-24.1333,0.093
RGI60-05.18066,214828,72.676,-24.1588,1.896
RGI60-05.18067,214829,72.4447,-22.1294,0.393
RGI60-05.18068,214830,72.6956,-24.2286,2.072
RGI60-05.18069,214831,72.6832,-24.2232,0.084
RGI60-05.18070,214832,72.6672,-23.9172,0.248
RGI60-05.18071,214833,72.696,-23.9304,0.181
RGI60-05.18072,214834,72.7189,-24.1506,0.184
RGI60-05.18073,214835,72.7853,-24.3776,0.725
RGI60-05.18074,214836,72.442,-22.0564,2.137
RGI60-05.18075,214837,72.7088,-24.2053,1.307
RGI60-05.18076,214838,72.7115,-24.1839,0.195
RGI60-05.18077,214839,72.4694,-22.1851,5.824
RGI60-05.18078,214840,72.4771,-22.1029,0.519
RGI60-05.18079,214841,72.4623,-22.1371,1.885
RGI60-05.18080,214842,72.695,-23.9077,0.231
RGI60-05.18081,214843,72.715,-24.1074,1.077
RGI60-05.18082,214844,72.4821,-22.1138,0.485
RGI60-05.18083,214845,72.7193,-24.1241,0.928
RGI60-05.18084,214846,72.7389,-24.224,0.209
RGI60-05.18085,214847,72.7291,-24.1254,0.39
RGI60-05.18086,214848,72.7265,-24.1155,0.063
RGI60-05.18087,214849,72.7246,-24.1294,0.06
RGI60-05.18088,214850,72.7308,-24.0951,0.412
RGI60-05.18089,214851,72.7281,-24.0944,0.061
RGI60-05.18090,214852,72.7091,-23.8827,0.697
RGI60-05.18091,214853,72.7217,-23.9849,0.202
RGI60-05.18092,214854,72.7235,-23.9911,0.078
RGI60-05.18093,214855,72.4696,-22.0711,1.954
RGI60-05.18094,214856,72.4823,-22.0505,3.348
RGI60-05.18095,214857,72.716,-23.9114,0.757
RGI60-05.18096,214858,72.7185,-23.8537,0.239
RGI60-05.18097,214859,72.7819,-24.343,0.338
RGI60-05.18098,214860,72.796,-24.4325,0.184
RGI60-05.18099,214861,72.5547,-22.4427,1.473
RGI60-05.18100,214862,72.7597,-24.348,2.209
RGI60-05.18101,214863,72.7905,-24.4104,1.017
RGI60-05.18102,214864,72.7534,-24.2565,4.067
RGI60-05.18103,214865,72.739,-24.3075,0.426
RGI60-05.18104,214866,72.7393,-24.3188,1.761
RGI60-05.18105,214867,72.7315,-24.3297,0.284
RGI60-05.18106,214868,72.7693,-24.2884,0.873
RGI60-05.18107,214869,72.7642,-24.2795,0.103
RGI60-05.18108,214870,72.7729,-24.3156,0.95
RGI60-05.18109,214871,72.7717,-24.3395,0.075
RGI60-05.18110,214872,72.7773,-24.3712,0.283
RGI60-05.18111,214873,72.7667,-24.3198,0.364
RGI60-05.18112,214874,72.7619,-24.2916,0.099
RGI60-05.18113,214875,72.9209,-25.5749,0.471
RGI60-05.18114,214876,72.7003,-23.5603,0.103
RGI60-05.18115,214877,72.703,-23.5532,0.189
RGI60-05.18116,214878,72.5579,-22.4962,1.722
RGI60-05.18117,214879,72.5696,-22.4763,1.567
RGI60-05.18118,214880,72.7101,-23.5493,0.193
RGI60-05.18119,214881,72.7807,-24.0536,0.1
RGI60-05.18120,214882,72.7966,-24.185,0.481
RGI60-05.18121,214883,72.9478,-25.5981,1.967
RGI60-05.18122,214884,72.9422,-25.5336,0.277
RGI60-05.18123,214885,72.9416,-25.5536,0.095
RGI60-05.18124,214886,73.467,-26.8771,0.124
RGI60-05.18125,214887,72.9513,-25.6436,3.081
RGI60-05.18126,214888,72.9404,-25.6286,0.796
RGI60-05.18127,214889,72.9387,-25.559,0.555
RGI60-05.18128,214890,72.7813,-23.9869,0.14
RGI60-05.18129,214891,72.8116,-24.2623,0.328
RGI60-05.18130,214892,72.8189,-24.2687,0.315
RGI60-05.18131,214893,72.7857,-24.0118,0.3
RGI60-05.18132,214894,72.9604,-25.6164,0.058
RGI60-05.18133,214895,72.9629,-25.6241,0.169
RGI60-05.18134,214896,73.076,-26.742,0.144
RGI60-05.18135,214897,73.2113,-28.2234,0.111
RGI60-05.18136,214898,72.79,-24.0242,0.32
RGI60-05.18137,214899,72.7918,-24.046,0.348
RGI60-05.18138,214900,73.1657,-27.7021,0.264
RGI60-05.18139,214901,72.8126,-24.2206,2.008
RGI60-05.18140,214902,73.1806,-27.7724,0.122
RGI60-05.18141,214903,72.821,-24.1973,0.456
RGI60-05.18142,214904,73.0764,-26.6165,0.107
RGI60-05.18143,214905,72.9885,-25.666,0.113
RGI60-05.18144,214906,72.7912,-23.8192,0.39
RGI60-05.18145,214907,72.8066,-23.9324,0.13
RGI60-05.18146,214908,72.8129,-23.9248,0.352
RGI60-05.18147,214909,72.8002,-23.8129,0.567
RGI60-05.18148,214910,72.7984,-23.7889,0.167
RGI60-05.18149,214911,72.804,-23.8249,0.255
RGI60-05.18150,214912,72.7488,-23.3153,0.06
RGI60-05.18151,214913,72.8453,-24.1659,0.144
RGI60-05.18152,214914,72.7519,-23.3187,0.051
RGI60-05.18153,214915,72.8308,-24.1343,1.584
RGI60-05.18154,214916,72.8459,-24.1838,0.912
RGI60-05.18155,214917,72.8384,-24.1689,0.487
RGI60-05.18156,214918,72.9725,-25.2601,0.106
RGI60-05.18157,214919,72.9642,-24.2826,0.777
RGI60-05.18158,214920,73.2243,-27.8311,1.525
RGI60-05.18159,214921,73.1125,-26.5397,0.184
RGI60-05.18160,214922,73.0322,-25.6636,0.316
RGI60-05.18161,214923,73.0309,-25.5887,0.124
RGI60-05.18162,214924,72.9586,-24.1656,0.114
RGI60-05.18163,214925,72.9182,-24.4599,0.733
RGI60-05.18164,214926,73.0834,-25.9225,0.11
RGI60-05.18165,214927,72.9349,-24.4354,0.151
RGI60-05.18166,214928,73.0357,-25.348,0.18
RGI60-05.18167,214929,73.0335,-25.3377,0.244
RGI60-05.18168,214930,72.9688,-24.2603,0.204
RGI60-05.18169,214931,72.9512,-24.4488,0.226
RGI60-05.18170,214932,73.2157,-27.1198,1.528
RGI60-05.18171,214933,72.94,-23.7795,0.069
RGI60-05.18172,214934,72.9389,-23.7855,0.095
RGI60-05.18173,214935,73.0717,-25.5779,1.842
RGI60-05.18174,214936,73.0619,-25.5295,1.163
RGI60-05.18175,214937,73.0799,-25.5618,0.327
RGI60-05.18176,214938,72.949,-24.3089,0.376
RGI60-05.18177,214939,72.7798,-22.3981,0.279
RGI60-05.18178,214940,73.1297,-25.9113,0.145
RGI60-05.18179,214941,73.1523,-26.0992,0.085
RGI60-05.18180,214942,72.967,-24.3483,1.031
RGI60-05.18181,214943,73.2589,-26.6379,0.27
RGI60-05.18182,214944,72.9644,-24.2222,0.228
RGI60-05.18183,214945,72.9213,-23.71,0.378
RGI60-05.18184,214946,72.9178,-23.6791,0.225
RGI60-05.18185,214947,72.9198,-23.6873,0.053
RGI60-05.18186,214948,73.2433,-26.8014,0.389
RGI60-05.18187,214949,72.9611,-24.0683,0.198
RGI60-05.18188,214950,72.9426,-23.8189,0.196
RGI60-05.18189,214951,72.9728,-24.0008,0.167
RGI60-05.18190,214952,72.9456,-23.7578,0.303
RGI60-05.18191,214953,72.7871,-22.412,0.306
RGI60-05.18192,214954,72.786,-22.3974,0.236
RGI60-05.18193,214955,72.7813,-22.4172,0.344
RGI60-05.18194,214956,72.7947,-22.393,0.929
RGI60-05.18195,214957,72.9666,-23.762,0.112
RGI60-05.18196,214958,73.2549,-26.5238,0.13
RGI60-05.18197,214959,73.257,-26.5246,0.082
RGI60-05.18198,214960,72.7972,-22.3644,0.233
RGI60-05.18199,214961,72.7942,-22.3533,0.532
RGI60-05.18200,214962,72.789,-22.3628,0.315
RGI60-05.18201,214963,72.7907,-22.3756,0.227
RGI60-05.18202,214964,72.7854,-22.3682,0.185
RGI60-05.18203,214965,73.2564,-26.4884,0.245
RGI60-05.18204,214966,73.3306,-27.2812,0.28
RGI60-05.18205,214967,73.3314,-27.2708,0.148
RGI60-05.18206,214968,72.9293,-23.3582,0.156
RGI60-05.18207,214969,73.3292,-27.1998,0.258
RGI60-05.18208,214970,73.3137,-27.0121,0.054
RGI60-05.18209,214971,72.9441,-23.4468,0.121
RGI60-05.18210,214972,73.3353,-27.195,0.105
RGI60-05.18211,214973,72.9404,-23.3026,0.174
RGI60-05.18212,214974,73.056,-24.3589,0.598
RGI60-05.18213,214975,72.9488,-23.2681,0.56
RGI60-05.18214,214976,72.9543,-23.2758,0.237
RGI60-05.18215,214977,73.0628,-24.3219,0.599
RGI60-05.18216,214978,73.4661,-28.4316,0.226
RGI60-05.18217,214979,73.4851,-28.5888,0.069
RGI60-05.18218,214980,72.8813,-22.6522,0.182
RGI60-05.18219,214981,73.4581,-28.3615,0.403
RGI60-05.18220,214982,72.9547,-23.2632,0.37
RGI60-05.18221,214983,73.2625,-26.1183,0.176
RGI60-05.18222,214984,73.4643,-28.4119,1.014
RGI60-05.18223,214985,73.4479,-28.1137,0.06
RGI60-05.18224,214986,72.9742,-23.3969,0.117
RGI60-05.18225,214987,72.8897,-22.6823,0.122
RGI60-05.18226,214988,73.0709,-24.2648,0.851
RGI60-05.18227,214989,73.2671,-26.1069,0.109
RGI60-05.18228,214990,72.9638,-23.2797,0.259
RGI60-05.18229,214991,73.1333,-23.1709,0.219
RGI60-05.18230,214992,73.4102,-27.6517,0.403
RGI60-05.18231,214993,72.9604,-23.2424,0.231
RGI60-05.18232,214994,73.416,-27.6357,0.1
RGI60-05.18233,214995,72.8836,-22.6138,0.471
RGI60-05.18234,214996,73.4334,-28.0484,0.256
RGI60-05.18235,214997,73.4283,-25.6111,0.216
RGI60-05.18236,214998,73.4416,-28.0296,1.83
RGI60-05.18237,214999,73.4294,-28.0567,0.147
RGI60-05.18238,215000,73.2933,-26.211,0.662
RGI60-05.18239,215001,73.4412,-28.1347,1.216
RGI60-05.18240,215002,73.4293,-28.0983,5.53
RGI60-05.18241,215003,72.9153,-22.6915,0.124
RGI60-05.18242,215004,72.9883,-23.1445,0.145
RGI60-05.18243,215005,73.4434,-28.0648,0.461
RGI60-05.18244,215006,72.96,-23.183,0.138
RGI60-05.18245,215007,73.2878,-26.1944,0.175
RGI60-05.18246,215008,72.8972,-22.6143,0.302
RGI60-05.18247,215009,73.5675,-26.8437,0.122
RGI60-05.18248,215010,72.9037,-22.5996,0.119
RGI60-05.18249,215011,73.5062,-28.4316,0.175
RGI60-05.18251,215012,72.9205,-22.6764,0.106
RGI60-05.18252,215013,73.49,-28.204,0.189
RGI60-05.18253,215014,72.9315,-22.6889,0.056
RGI60-05.18254,215015,72.9287,-22.6876,0.259
RGI60-05.18255,215016,73.1733,-24.8251,0.118
RGI60-05.18256,215017,72.9371,-22.6903,0.163
RGI60-05.18257,215018,72.9366,-22.7178,0.572
RGI60-05.18258,215019,72.9373,-22.7096,0.114
RGI60-05.18259,215020,72.9303,-22.7346,0.492
RGI60-05.18260,215021,72.9262,-22.7144,0.237
RGI60-05.18261,215022,72.9957,-23.1772,0.379
RGI60-05.18262,215023,73.3555,-26.6254,1.855
RGI60-05.18263,215024,73.0044,-23.216,0.19
RGI60-05.18264,215025,73.4986,-28.0694,0.067
RGI60-05.18265,215026,72.9364,-22.5396,0.368
RGI60-05.18266,215027,73.3625,-26.3966,0.109
RGI60-05.18267,215028,73.4937,-28.0516,0.687
RGI60-05.18268,215029,73.4935,-28.0839,0.085
RGI60-05.18269,215030,73.291,-25.8257,0.117
RGI60-05.18270,215031,73.2256,-25.0779,0.77
RGI60-05.18271,215032,73.1623,-24.3765,0.122
RGI60-05.18272,215033,73.5098,-27.9117,0.068
RGI60-05.18273,215034,73.157,-24.3503,0.219
RGI60-05.18274,215035,73.1587,-24.325,0.249
RGI60-05.18275,215036,73.1563,-24.3148,0.061
RGI60-05.18276,215037,73.1033,-23.8029,0.157
RGI60-05.18277,215038,73.1772,-24.4127,0.53
RGI60-05.18278,215039,73.1056,-23.6825,0.175
RGI60-05.18279,215040,73.1145,-23.7719,0.358
RGI60-05.18280,215041,73.4887,-27.4223,0.164
RGI60-05.18281,215042,73.4944,-27.4824,0.122
RGI60-05.18282,215043,73.1332,-23.8849,0.301
RGI60-05.18283,215044,73.5021,-27.4875,0.234
RGI60-05.18284,215045,73.176,-24.2282,0.211
RGI60-05.18285,215046,73.1782,-24.2432,0.209
RGI60-05.18286,215047,73.1817,-24.2338,0.105
RGI60-05.18287,215048,73.2756,-25.0895,0.082
RGI60-05.18288,215049,73.1889,-24.2674,0.199
RGI60-05.18289,215050,73.2408,-24.6895,0.802
RGI60-05.18290,215051,73.1787,-24.299,4.236
RGI60-05.18291,215052,73.2413,-24.7246,0.302
RGI60-05.18292,215053,73.2375,-24.7214,0.052
RGI60-05.18293,215054,73.1883,-24.2219,0.195
RGI60-05.18294,215055,73.1165,-23.593,0.367
RGI60-05.18295,215056,73.1977,-24.2608,1.181
RGI60-05.18296,215057,73.2414,-24.6136,0.468
RGI60-05.18297,215058,73.2354,-24.6603,1.635
RGI60-05.18298,215059,73.2275,-24.6994,0.579
RGI60-05.18299,215060,73.2178,-24.2557,0.162
RGI60-05.18300,215061,73.6506,-28.7924,0.648
RGI60-05.18301,215062,73.6533,-28.7633,0.095
RGI60-05.18302,215063,73.5751,-27.8115,0.052
RGI60-05.18303,215064,73.222,-24.2889,0.626
RGI60-05.18304,215065,73.1321,-23.3169,1.366
RGI60-05.18305,215066,73.5291,-27.023,1.428
RGI60-05.18306,215067,73.413,-25.7728,0.254
RGI60-05.18307,215068,73.4047,-25.7685,0.345
RGI60-05.18308,215069,73.4011,-25.7623,0.119
RGI60-05.18309,215070,73.4123,-25.8048,0.261
RGI60-05.18310,215071,73.4058,-25.7882,0.37
RGI60-05.18311,215072,73.3993,-25.7746,0.129
RGI60-05.18312,215073,73.1381,-23.1928,0.383
RGI60-05.18313,215074,73.1552,-23.2677,0.319
RGI60-05.18314,215075,73.6766,-28.5429,3.948
RGI60-05.18315,215076,73.1484,-23.2338,1.122
RGI60-05.18316,215077,73.4225,-25.6255,0.265
RGI60-05.18317,215078,73.4147,-25.6162,0.841
RGI60-05.18318,215079,73.633,-27.8382,0.302
RGI60-05.18319,215080,73.4542,-25.9348,0.722
RGI60-05.18320,215081,73.545,-26.8519,0.103
RGI60-05.18321,215082,73.5486,-26.8504,0.108
RGI60-05.18322,215083,73.4274,-25.6241,0.096
RGI60-05.18323,215084,73.603,-27.3761,1.842
RGI60-05.18324,215085,73.6121,-27.4048,1.166
RGI60-05.18325,215086,73.6208,-27.4323,0.103
RGI60-05.18326,215087,73.615,-27.43,0.439
RGI60-05.18327,215088,73.5681,-26.85,0.09
RGI60-05.18328,215089,73.5757,-26.8411,0.322
RGI60-05.18329,215090,73.5706,-26.8237,0.552
RGI60-05.18330,215091,73.3995,-25.0331,0.105
RGI60-05.18331,215092,73.3874,-24.8306,0.203
RGI60-05.18332,215093,73.6383,-27.4209,0.552
RGI60-05.18333,215094,73.644,-27.4397,0.522
RGI60-05.18334,215095,73.3919,-24.5275,0.138
RGI60-05.18335,215096,73.3072,-23.9986,0.123
RGI60-05.18336,215097,73.5984,-26.8534,0.112
RGI60-05.18337,215098,73.6477,-27.4008,0.37
RGI60-05.18338,215099,73.2975,-23.8912,0.64
RGI60-05.18339,215100,73.2975,-23.8624,0.197
RGI60-05.18340,215101,73.6078,-26.8845,0.127
RGI60-05.18341,215102,73.3019,-23.6734,0.133
RGI60-05.18342,215103,73.2944,-23.7968,0.266
RGI60-05.18343,215104,73.3013,-23.818,0.363
RGI60-05.18344,215105,73.615,-26.8773,0.362
RGI60-05.18345,215106,73.4807,-25.4586,0.54
RGI60-05.18346,215107,73.3854,-24.5051,0.224
RGI60-05.18347,215108,73.8076,-28.9128,0.123
RGI60-05.18348,215109,73.377,-24.4954,1.214
RGI60-05.18349,215110,73.3648,-24.5028,1.14
RGI60-05.18350,215111,73.3536,-24.5089,0.691
RGI60-05.18351,215112,73.2872,-23.6182,0.53
RGI60-05.18352,215113,73.509,-25.5979,0.436
RGI60-05.18353,215114,73.3519,-24.1134,2.137
RGI60-05.18354,215115,73.5178,-25.5842,0.804
RGI60-05.18355,215116,73.5595,-25.7643,0.228
RGI60-05.18356,215117,73.527,-25.5805,0.348
RGI60-05.18357,215118,73.7993,-28.535,0.057
RGI60-05.18358,215119,73.819,-28.778,0.45
RGI60-05.18359,215120,73.5137,-25.4704,0.63
RGI60-05.18360,215121,73.8014,-28.5146,0.06
RGI60-05.18361,215122,73.8299,-28.7454,0.077
RGI60-05.18362,215123,73.7613,-25.5825,0.143
RGI60-05.18363,215124,73.4943,-25.3848,10.0
RGI60-05.18364,215125,73.5025,-24.9613,0.128
RGI60-05.18365,215126,73.4864,-25.3364,1.824
RGI60-05.18366,215127,73.8251,-28.7554,0.139
RGI60-05.18367,215128,73.5578,-25.8383,0.316
RGI60-05.18368,215129,73.564,-25.8473,0.115
RGI60-05.18369,215130,73.5513,-25.8404,0.554
RGI60-05.18370,215131,73.8231,-28.7095,0.122
RGI60-05.18371,215132,73.5538,-25.6697,0.685
RGI60-05.18372,215133,73.831,-28.6568,0.086
RGI60-05.18373,215134,73.8605,-28.9439,0.072
RGI60-05.18374,215135,73.7555,-27.6797,0.315
RGI60-05.18375,215136,73.6849,-26.8797,0.4
RGI60-05.18376,215137,73.6299,-26.2425,0.372
RGI60-05.18377,215138,73.648,-26.3275,0.388
RGI60-05.18378,215139,73.6586,-26.4085,0.168
RGI60-05.18379,215140,73.5088,-24.8761,0.103
RGI60-05.18380,215141,73.5216,-24.9784,0.13
RGI60-05.18381,215142,73.5097,-24.7894,0.113
RGI60-05.18382,215143,73.6767,-26.4426,0.264
RGI60-05.18383,215144,73.5278,-24.994,0.63
RGI60-05.18384,215145,73.6806,-26.4775,0.613
RGI60-05.18385,215146,73.7946,-27.6507,0.155
RGI60-05.18386,215147,73.6241,-25.7886,0.109
RGI60-05.18387,215148,73.5161,-24.7553,0.158
RGI60-05.18388,215149,73.5531,-25.0702,0.333
RGI60-05.18389,215150,73.5557,-25.0328,0.193
RGI60-05.18390,215151,73.7656,-27.1017,0.091
RGI60-05.18391,215152,73.7665,-27.111,0.098
RGI60-05.18392,215153,73.7407,-26.8244,0.135
RGI60-05.18393,215154,73.57,-25.0454,0.23
RGI60-05.18394,215155,73.3778,-22.8574,0.162
RGI60-05.18395,215156,73.6983,-25.6183,0.104
RGI60-05.18396,215157,73.6839,-25.438,0.17
RGI60-05.18397,215158,73.4067,-22.8873,0.728
RGI60-05.18398,215159,73.4004,-22.8921,0.258
RGI60-05.18399,215160,73.4108,-22.9144,0.642
RGI60-05.18400,215161,73.3715,-22.5413,0.272
RGI60-05.18401,215162,73.7906,-25.867,0.127
RGI60-05.18402,215163,73.4159,-22.8832,0.251
RGI60-05.18403,215164,73.4502,-23.1866,0.662
RGI60-05.18404,215165,73.4535,-23.1618,0.516
RGI60-05.18405,215166,73.44,-23.1862,1.553
RGI60-05.18406,215167,73.4478,-22.8467,0.235
RGI60-05.18407,215168,73.4463,-23.144,1.268
RGI60-05.18408,215169,73.3928,-22.6011,0.252
RGI60-05.18409,215170,73.3884,-22.5851,0.17
RGI60-05.18410,215171,73.4256,-22.8273,0.122
RGI60-05.18411,215172,73.4091,-22.6145,0.104
RGI60-05.18412,215173,73.9957,-28.4851,0.058
RGI60-05.18413,215174,73.9986,-28.4845,0.094
RGI60-05.18414,215175,74.0048,-27.906,0.083
RGI60-05.18415,215176,73.7301,-25.4893,0.132
RGI60-05.18416,215177,73.4711,-23.0374,0.115
RGI60-05.18417,215178,73.4262,-22.6936,1.362
RGI60-05.18418,215179,73.4082,-22.5761,4.467
RGI60-05.18419,215180,73.4619,-22.8175,0.237
RGI60-05.18420,215181,73.7439,-25.5916,0.395
RGI60-05.18421,215182,73.7504,-25.6113,0.531
RGI60-05.18422,215183,73.7772,-25.8447,0.534
RGI60-05.18423,215184,73.7837,-25.8408,0.178
RGI60-05.18424,215185,74.0555,-27.6184,0.127
RGI60-05.18425,215186,73.7574,-25.508,0.257
RGI60-05.18426,215187,73.4915,-23.0441,0.944
RGI60-05.18427,215188,73.4976,-23.0267,0.241
RGI60-05.18428,215189,73.7644,-25.5204,0.155
RGI60-05.18429,215190,73.4592,-22.597,0.206
RGI60-05.18430,215191,73.7234,-23.0038,0.108
RGI60-05.18431,215192,73.7785,-25.5814,0.242
RGI60-05.18432,215193,74.0522,-28.6079,0.153
RGI60-05.18433,215194,73.456,-22.5638,0.431
RGI60-05.18434,215195,73.9982,-27.8445,0.243
RGI60-05.18435,215196,73.4909,-22.8171,0.826
RGI60-05.18436,215197,73.499,-22.9225,1.093
RGI60-05.18437,215198,73.4884,-22.9024,0.549
RGI60-05.18438,215199,73.4894,-22.7826,0.304
RGI60-05.18439,215200,73.4931,-22.9801,3.346
RGI60-05.18440,215201,74.0053,-27.8791,0.326
RGI60-05.18441,215202,74.0095,-27.9488,0.337
RGI60-05.18442,215203,74.0086,-27.833,0.339
RGI60-05.18443,215204,74.0034,-27.7505,0.389
RGI60-05.18444,215205,73.5748,-23.3858,0.147
RGI60-05.18445,215206,73.5706,-23.3218,0.124
RGI60-05.18446,215207,73.692,-22.6784,0.141
RGI60-05.18447,215208,73.4552,-22.2929,0.205
RGI60-05.18448,215209,73.4524,-22.2497,0.103
RGI60-05.18449,215210,74.0091,-27.7341,0.259
RGI60-05.18450,215211,73.6488,-23.9418,0.152
RGI60-05.18451,215212,74.0242,-27.8145,0.102
RGI60-05.18452,215213,73.451,-22.18,0.221
RGI60-05.18453,215214,73.4487,-22.2132,1.236
RGI60-05.18454,215215,73.483,-22.5067,0.435
RGI60-05.18455,215216,74.0322,-27.9077,0.118
RGI60-05.18456,215217,73.5945,-23.3767,0.403
RGI60-05.18457,215218,73.8377,-25.7029,0.233
RGI60-05.18458,215219,74.0335,-27.8062,0.13
RGI60-05.18459,215220,74.0308,-27.7935,0.215
RGI60-05.18460,215221,73.5858,-23.2234,0.179
RGI60-05.18461,215222,73.5852,-23.1941,0.157
RGI60-05.18462,215223,73.6569,-23.8222,0.336
RGI60-05.18463,215224,73.5945,-23.2363,0.315
RGI60-05.18464,215225,73.6518,-23.7216,0.099
RGI60-05.18465,215226,73.6475,-23.6665,0.115
RGI60-05.18466,215227,73.5831,-23.1475,2.595
RGI60-05.18467,215228,74.0609,-27.707,0.118
RGI60-05.18468,215229,74.0576,-27.6654,0.166
RGI60-05.18469,215230,74.0654,-27.7188,0.068
RGI60-05.18470,215231,74.0675,-27.4895,0.614
RGI60-05.18471,215232,74.0721,-27.512,0.773
RGI60-05.18472,215233,73.5299,-22.1171,0.152
RGI60-05.18473,215234,73.6272,-22.853,0.194
RGI60-05.18474,215235,73.6375,-22.9485,0.221
RGI60-05.18475,215236,73.5466,-22.1671,0.278
RGI60-05.18476,215237,73.5463,-22.1359,0.141
RGI60-05.18477,215238,73.6296,-22.82,1.256
RGI60-05.18478,215239,73.6402,-22.8292,0.301
RGI60-05.18479,215240,73.5685,-22.1825,0.156
RGI60-05.18480,215241,74.0936,-27.2121,0.147
RGI60-05.18481,215242,73.695,-23.2079,0.386
RGI60-05.18482,215243,74.0948,-27.1486,0.201
RGI60-05.18483,215244,73.7003,-23.1951,0.421
RGI60-05.18484,215245,74.0845,-26.9498,0.14
RGI60-05.18485,215246,73.7015,-23.1129,0.117
RGI60-05.18486,215247,73.7179,-23.0324,0.352
RGI60-05.18487,215248,73.7208,-23.2943,0.664
RGI60-05.18488,215249,74.108,-27.1314,0.259
RGI60-05.18489,215250,73.8779,-24.728,0.485
RGI60-05.18490,215251,73.887,-24.7444,0.441
RGI60-05.18491,215252,73.6673,-22.6845,0.105
RGI60-05.18492,215253,73.6858,-22.6142,0.552
RGI60-05.18493,215254,73.6829,-22.7012,5.608
RGI60-05.18494,215255,73.6706,-22.6588,0.211
RGI60-05.18495,215256,73.7584,-23.2755,2.447
RGI60-05.18496,215257,73.7654,-23.1644,0.11
RGI60-05.18497,215258,73.7827,-23.3356,1.78
RGI60-05.18498,215259,73.9323,-24.7462,0.09
RGI60-05.18499,215260,73.7958,-23.4312,4.096
RGI60-05.18500,215261,73.7751,-23.1618,1.521
RGI60-05.18501,215262,73.7616,-22.8071,0.17
RGI60-05.18502,215263,73.8091,-23.2332,0.39
RGI60-05.18503,215264,73.8374,-23.4564,0.074
RGI60-05.18504,215265,73.3746,-28.6401,0.258
RGI60-05.18505,215266,73.3801,-28.6713,0.135
RGI60-05.18506,215267,73.6419,-21.4116,0.15
RGI60-05.18507,215268,73.6743,-21.3882,0.139
RGI60-05.18508,215269,73.8299,-22.6919,0.119
RGI60-05.18509,215270,73.6661,-21.4075,0.228
RGI60-05.18510,215271,73.8309,-23.4464,0.405
RGI60-05.18511,215272,73.5883,-21.3065,0.11
RGI60-05.18512,215273,73.8136,-23.2194,0.426
RGI60-05.18513,215274,73.5955,-21.2981,0.218
RGI60-05.18514,215275,73.7527,-22.5564,1.008
RGI60-05.18515,215276,73.6264,-21.4582,0.129
RGI60-05.18516,215277,73.7717,-22.6668,0.094
RGI60-05.18517,215278,73.7751,-22.6633,0.223
RGI60-05.18518,215279,73.7678,-22.605,0.521
RGI60-05.18519,215280,73.7651,-22.6523,1.122
RGI60-05.18520,215281,73.6482,-21.4425,0.484
RGI60-05.18521,215282,73.8515,-23.1435,0.185
RGI60-05.18522,215283,73.8496,-23.0893,0.254
RGI60-05.18523,215284,73.8488,-23.0535,0.3
RGI60-05.18524,215285,73.6668,-21.4458,0.131
RGI60-05.18525,215286,73.7611,-22.2315,0.113
RGI60-05.18526,215287,73.6762,-21.3611,0.304
RGI60-05.18527,215288,73.9079,-23.2804,0.232
RGI60-05.18528,215289,72.6409,-24.2738,0.079
RGI60-05.18529,215290,72.7412,-28.6964,0.543
RGI60-05.18530,215291,72.7493,-28.7069,0.651
RGI60-05.18538,215292,72.0518,-23.4968,0.132
RGI60-05.18539,215293,73.9377,-22.4486,0.103
RGI60-05.18540,215294,73.8724,-21.0099,0.2
RGI60-05.18541,215295,73.6867,-21.2993,0.226
RGI60-05.18542,215296,73.7812,-22.0703,0.409
RGI60-05.18543,215297,73.6747,-21.1709,0.534
RGI60-05.18544,215298,73.9324,-23.3027,0.402
RGI60-05.18545,215299,73.8191,-22.2453,0.103
RGI60-05.18546,215300,73.9082,-22.9693,0.118
RGI60-05.18547,215301,73.8301,-22.2618,0.208
RGI60-05.18548,215302,73.88,-22.6787,0.074
RGI60-05.18549,215303,73.8036,-22.0361,0.44
RGI60-05.18550,215304,73.8073,-22.005,0.255
RGI60-05.18551,215305,73.909,-22.8888,0.144
RGI60-05.18552,215306,73.8875,-22.7486,3.782
RGI60-05.18553,215307,73.9118,-22.7958,0.109
RGI60-05.18554,215308,73.9154,-22.819,0.149
RGI60-05.18555,215309,73.91,-22.827,0.151
RGI60-05.18556,215310,73.9208,-22.8296,0.088
RGI60-05.18557,215311,73.8587,-22.2657,0.123
RGI60-05.18558,215312,73.9066,-22.5595,0.303
RGI60-05.18559,215313,73.7753,-21.4104,0.255
RGI60-05.18560,215314,73.784,-21.4314,0.44
RGI60-05.18561,215315,73.9344,-22.6453,0.107
RGI60-05.18562,215316,73.8194,-21.4924,1.748
RGI60-05.18563,215317,73.8327,-21.4962,0.105
RGI60-05.18564,215318,73.9414,-22.3391,0.138
RGI60-05.18565,215319,73.9503,-22.3699,0.146
RGI60-05.18566,215320,73.8379,-21.4276,0.206
RGI60-05.18567,215321,73.8403,-21.4391,0.248
RGI60-05.18568,215322,73.9779,-22.5989,0.205
RGI60-05.18569,215323,73.8394,-21.4098,0.406
RGI60-05.18570,215324,73.8254,-21.1632,0.353
RGI60-05.18571,215325,73.8638,-21.5426,2.962
RGI60-05.18572,215326,73.8503,-21.5284,4.123
RGI60-05.18573,215327,73.8465,-21.4934,1.719
RGI60-05.18574,215328,73.8448,-21.2982,0.248
RGI60-05.18575,215329,73.851,-21.3118,0.117
RGI60-05.18576,215330,73.8096,-20.9478,0.177
RGI60-05.18577,215331,73.7998,-20.7876,0.333
RGI60-05.18578,215332,73.8035,-20.7638,0.191
RGI60-05.18579,215333,73.8156,-20.7714,0.552
RGI60-05.18580,215334,73.8828,-21.3163,0.671
RGI60-05.18581,215335,73.8585,-20.9986,0.113
RGI60-05.18582,215336,73.8251,-20.7251,0.362
RGI60-05.18583,215337,73.8092,-20.5339,0.531
RGI60-05.18584,215338,73.8794,-21.0119,0.274
RGI60-05.18585,215339,73.8224,-20.5244,0.179
RGI60-05.18586,215340,73.8896,-21.0395,0.184
RGI60-05.18587,215341,73.8131,-20.4641,0.708
RGI60-05.18588,215342,73.8137,-20.5116,0.236
RGI60-05.18589,215343,73.8978,-21.0541,0.193
RGI60-05.18590,215344,74.3528,-24.6303,0.358
RGI60-05.18591,215345,74.3533,-24.5794,0.581
RGI60-05.18592,215346,74.3794,-24.5094,0.331
RGI60-05.18593,215347,74.2934,-23.5607,0.333
RGI60-05.18594,215348,74.2955,-23.4583,0.226
RGI60-05.18595,215349,74.2038,-20.9607,0.538
RGI60-05.18596,215350,74.3229,-20.6595,0.811
RGI60-05.18597,215351,74.4985,-22.0771,0.476
RGI60-05.18598,215352,74.4218,-19.7038,0.811
RGI60-05.18599,215353,74.4232,-19.679,0.321
RGI60-05.18600,215354,74.6259,-21.1568,0.561
RGI60-05.18601,215355,74.4237,-19.5212,3.53
RGI60-05.18602,215356,74.7749,-21.1601,0.278
RGI60-05.18603,215357,74.9574,-22.629,0.552
RGI60-05.18604,215358,74.7793,-21.0485,1.379
RGI60-05.18605,215359,74.7766,-21.0999,1.168
RGI60-05.18606,215360,74.9671,-22.5962,0.817
RGI60-05.18607,215361,74.9707,-22.5103,0.211
RGI60-05.18608,215362,74.8401,-21.1408,0.207
RGI60-05.18609,215363,74.9396,-21.881,0.573
RGI60-05.18610,215364,75.03,-22.7108,0.2
RGI60-05.18611,215365,75.0122,-22.5158,3.415
RGI60-05.18612,215366,75.0297,-22.5571,2.095
RGI60-05.18613,215367,74.9115,-21.39,1.606
RGI60-05.18614,215368,75.0746,-22.6736,0.202
RGI60-05.18615,215369,74.9012,-21.0794,0.151
RGI60-05.18616,215370,75.0813,-22.7032,0.783
RGI60-05.18617,215371,74.7891,-20.087,0.535
RGI60-05.18618,215372,74.899,-20.993,0.115
RGI60-05.18619,215373,74.8294,-20.2219,0.386
RGI60-05.18620,215374,74.8123,-20.1379,3.111
RGI60-05.18621,215375,74.8523,-20.1686,0.366
RGI60-05.18622,215376,74.8414,-20.001,0.472
RGI60-05.18623,215377,74.8652,-20.1628,0.464
RGI60-05.18624,215378,74.8755,-20.2189,0.816
RGI60-05.18625,215379,74.8601,-20.0621,0.134
RGI60-05.18626,215380,74.9447,-20.2506,0.834
RGI60-05.18627,215381,75.0408,-21.0252,0.135
RGI60-05.18628,215382,72.035,-23.3512,0.231
RGI60-05.18629,215383,75.0325,-20.9562,0.282
RGI60-05.18630,215384,75.0347,-20.9864,0.182
RGI60-05.18631,215385,75.0358,-21.002,0.172
RGI60-05.18632,215386,75.0294,-20.9729,0.198
RGI60-05.18633,215387,74.9593,-20.1595,0.633
RGI60-05.18634,215388,73.0082,-27.4745,0.15
RGI60-05.18635,215389,75.0105,-20.3622,0.248
RGI60-05.18636,215390,71.8574,-23.4994,0.168
RGI60-05.18637,215391,71.856,-23.4873,0.096
RGI60-05.18638,215392,72.0211,-23.7857,0.399
RGI60-05.18639,215393,72.0326,-23.4455,0.853
RGI60-05.18640,215394,72.0201,-23.7518,0.953
RGI60-05.18641,215395,72.0345,-23.6959,0.226
RGI60-05.18642,215396,72.0273,-23.6314,0.172
RGI60-05.18643,215397,71.9514,-22.8948,0.853
RGI60-05.18644,215398,72.0479,-23.4743,0.565
RGI60-05.18645,215399,72.0453,-23.4446,0.367
RGI60-05.18646,215400,72.0373,-23.3257,0.312
RGI60-05.18647,215401,72.0658,-23.4299,0.406
RGI60-05.18648,215402,72.0403,-23.4375,1.347
RGI60-05.18649,215403,72.0573,-23.4951,0.154
RGI60-05.18650,215404,72.0467,-23.3617,0.845
RGI60-05.18651,215405,72.0523,-23.3273,0.186
RGI60-05.18652,215406,72.049,-23.2526,0.243
RGI60-05.18653,215407,72.052,-23.291,0.571
RGI60-05.18654,215408,72.062,-23.409,1.234
RGI60-05.18655,215409,72.0449,-23.2254,1.226
RGI60-05.18656,215410,72.0631,-23.3816,1.119
RGI60-05.18657,215411,72.0527,-23.235,0.268
RGI60-05.18658,215412,72.0835,-23.4392,0.49
RGI60-05.18659,215413,72.0573,-23.2091,0.353
RGI60-05.18660,215414,72.297,-25.2255,0.119
RGI60-05.18661,215415,72.2423,-22.4641,0.382
RGI60-05.18662,215416,72.0954,-23.4479,0.806
RGI60-05.18663,215417,72.0843,-23.3721,9.706
RGI60-05.18664,215418,72.369,-25.5582,3.591
RGI60-05.18665,215419,72.2536,-22.7428,0.577
RGI60-05.18666,215420,72.3734,-25.4443,5.958
RGI60-05.18667,215421,72.3543,-25.6071,0.085
RGI60-05.18668,215422,72.269,-22.6795,0.08
RGI60-05.18669,215423,72.164,-22.5303,2.206
RGI60-05.18670,215424,72.1742,-22.4558,0.207
RGI60-05.18671,215425,72.1823,-22.4804,0.122
RGI60-05.18672,215426,72.6829,-26.5603,0.41
RGI60-05.18673,215427,72.1712,-22.4405,0.771
RGI60-05.18674,215428,72.1688,-22.3365,0.199
RGI60-05.18675,215429,72.2245,-22.7344,1.028
RGI60-05.18676,215430,72.1792,-22.3239,0.616
RGI60-05.18677,215431,72.1912,-22.4348,1.899
RGI60-05.18678,215432,72.2266,-22.7024,0.165
RGI60-05.18679,215433,72.2474,-22.8089,0.137
RGI60-05.18680,215434,72.2262,-22.6853,0.798
RGI60-05.18681,215435,72.2422,-22.6438,0.265
RGI60-05.18682,215436,72.2633,-22.6666,7.96
RGI60-05.18683,215437,72.2357,-22.6533,1.289
RGI60-05.18684,215438,72.2577,-22.4553,0.366
RGI60-05.18685,215439,72.2517,-22.4032,3.043
RGI60-05.18686,215440,72.3117,-22.8788,4.166
RGI60-05.18687,215441,72.2649,-22.4031,0.303
RGI60-05.18688,215442,72.2696,-22.4506,2.08
RGI60-05.18689,215443,72.2701,-22.5068,2.518
RGI60-05.18690,215444,72.7138,-26.4058,1.549
RGI60-05.18691,215445,72.7026,-26.4483,0.936
RGI60-05.18692,215446,72.7099,-26.465,3.47
RGI60-05.18693,215447,72.6459,-26.4788,1.715
RGI60-05.18694,215448,72.6926,-26.5755,9.083
RGI60-05.18695,215449,72.6917,-26.5177,0.767
RGI60-05.18696,215450,72.6758,-26.6878,10.259
RGI60-05.18697,215451,72.6667,-26.6288,2.76
RGI60-05.18698,215452,72.6768,-26.583,0.642
RGI60-05.18699,215453,72.675,-26.7653,2.589
RGI60-05.18700,215454,72.655,-26.7002,2.414
RGI60-05.18701,215455,72.6118,-26.6879,48.623
RGI60-05.18702,215456,72.6271,-26.5297,3.55
RGI60-05.18703,215457,72.6564,-26.7662,11.747
RGI60-05.18704,215458,72.6041,-26.9789,41.618
RGI60-05.18705,215459,72.6064,-26.54,5.385
RGI60-05.18706,215460,72.6257,-27.0041,0.404
RGI60-05.18707,215461,72.5796,-26.5836,3.143
RGI60-05.18708,215462,72.6245,-27.0375,0.611
RGI60-05.18709,215463,72.5612,-27.3625,4.797
RGI60-05.18710,215464,72.5786,-26.7264,11.001
RGI60-05.18711,215465,72.6122,-27.1062,8.287
RGI60-05.18712,215466,72.6002,-27.2202,3.329
RGI60-05.18713,215467,72.5686,-26.7857,13.36
RGI60-05.18714,215468,72.6152,-27.1738,8.196
RGI60-05.18715,215469,72.283416748,-22.562324524,0.604
RGI60-05.18716,215470,72.5636,-26.8915,29.549
RGI60-05.18717,215471,72.5459,-26.9992,10.423
RGI60-05.18718,215472,72.6522,-25.4039,1.041
RGI60-05.18719,215473,72.5823,-27.2429,9.862
RGI60-05.18720,215474,72.5631,-27.0889,13.659
RGI60-05.18721,215475,72.3567,-22.9411,1.053
RGI60-05.18722,215476,72.5648,-27.2499,15.2
RGI60-05.18723,215477,72.2863,-22.4543,2.57
RGI60-05.18724,215478,72.3541,-22.9114,0.182
RGI60-05.18725,215479,72.287,-22.6584,0.062
RGI60-05.18726,215480,72.4152,-23.3337,0.637
RGI60-05.18727,215481,72.3209,-22.495,0.189
RGI60-05.18728,215482,72.4241,-23.3598,1.753
RGI60-05.18729,215483,72.3082,-22.7342,28.645
RGI60-05.18730,215484,72.2823,-22.6498,1.402
RGI60-05.18731,215485,72.4331,-23.4365,0.91
RGI60-05.18732,215486,72.3198,-22.6468,0.365
RGI60-05.18733,215487,72.3094,-22.6025,9.595
RGI60-05.18734,215488,72.6251,-26.1371,0.126
RGI60-05.18735,215489,72.2801,-22.842,6.54
RGI60-05.18736,215490,72.3837,-22.9526,0.213
RGI60-05.18737,215491,72.2908,-22.5579,6.456
RGI60-05.18738,215492,72.2877,-22.5942,1.169
RGI60-05.18739,215493,72.3708,-22.8637,0.802
RGI60-05.18740,215494,72.6409,-25.4153,2.593
RGI60-05.18741,215495,72.6847,-25.5618,0.165
RGI60-05.18742,215496,72.3698,-22.9047,2.843
RGI60-05.18743,215497,72.4422,-23.3559,0.262
RGI60-05.18744,215498,72.4404,-23.3636,0.26
RGI60-05.18745,215499,72.604,-25.6703,63.374
RGI60-05.18746,215500,72.6595,-25.7629,52.85
RGI60-05.18747,215501,72.646,-25.8841,0.648
RGI60-05.18748,215502,72.6497,-25.3713,0.827
RGI60-05.18749,215503,72.6949,-25.8586,2.068
RGI60-05.18750,215504,72.6382,-25.3742,0.431
RGI60-05.18751,215505,72.6313,-25.3846,0.167
RGI60-05.18752,215506,72.5091,-25.5445,1.02
RGI60-05.18753,215507,72.6154,-25.405,1.243
RGI60-05.18754,215508,72.6018,-25.4074,0.667
RGI60-05.18755,215509,72.5859,-25.4731,3.271
RGI60-05.18756,215510,72.5733,-25.4493,0.114
RGI60-05.18757,215511,72.4917,-25.6584,17.144
RGI60-05.18758,215512,72.5922,-25.5865,0.377
RGI60-05.18759,215513,72.5769,-25.5926,9.743
RGI60-05.18760,215514,72.5806,-25.494,1.027
RGI60-05.18761,215515,72.6247,-26.191,0.38
RGI60-05.18762,215516,72.521,-25.5985,2.669
RGI60-05.18763,215517,72.5259,-25.517,0.803
RGI60-05.18764,215518,72.5238,-25.5542,1.344
RGI60-05.18765,215519,72.5735,-26.3396,0.493
RGI60-05.18766,215520,72.5641,-25.8342,3.25
RGI60-05.18767,215521,72.5735,-25.8088,0.081
RGI60-05.18768,215522,72.5118,-25.5142,2.419
RGI60-05.18769,215523,72.6233,-26.1296,0.139
RGI60-05.18770,215524,72.5624,-26.2443,39.171
RGI60-05.18771,215525,72.5637,-26.3198,4.874
RGI60-05.18772,215526,72.4711,-25.672,3.196
RGI60-05.18773,215527,72.4888,-26.6778,3.832
RGI60-05.18774,215528,72.5169,-26.2626,47.532
RGI60-05.18775,215529,72.4913,-26.591,12.771
RGI60-05.18776,215530,72.4712,-25.7292,1.429
RGI60-05.18777,215531,72.4721,-25.78,0.058
RGI60-05.18778,215532,72.4995,-26.4393,35.646
RGI60-05.18779,215533,73.0941,-27.561,0.402
RGI60-05.18780,215534,72.4535,-25.9574,5.962
RGI60-05.18781,215535,72.51,-25.97,111.198
RGI60-05.18782,215536,72.5692,-25.8839,1.167
RGI60-05.18783,215537,72.9328,-26.4584,0.173
RGI60-05.18784,215538,72.5671,-25.776,2.684
RGI60-05.18785,215539,72.572,-25.7385,0.303
RGI60-05.18786,215540,72.5645,-25.8576,0.061
RGI60-05.18787,215541,72.5183,-25.6533,2.109
RGI60-05.18788,215542,72.4454,-26.1114,3.665
RGI60-05.18789,215543,72.4809,-26.7278,3.055
RGI60-05.18790,215544,72.4273,-26.1293,0.57
RGI60-05.18791,215545,72.4733,-26.8596,3.772
RGI60-05.18792,215546,72.4505,-26.2363,25.973
RGI60-05.18793,215547,72.4133,-27.0449,5.885
RGI60-05.18794,215548,72.4511,-26.3728,31.487
RGI60-05.18795,215549,72.4549,-26.5102,19.469
RGI60-05.18796,215550,72.4696,-26.9209,1.76
RGI60-05.18797,215551,72.4667,-26.6288,6.157
RGI60-05.18798,215552,72.4873,-27.1999,7.782
RGI60-05.18799,215553,72.7224,-24.3269,0.751
RGI60-05.18800,215554,72.4348,-26.8096,68.066
RGI60-05.18801,215555,72.4639,-26.9582,5.181
RGI60-05.18802,215556,72.4473,-27.0354,27.864
RGI60-05.18803,215557,72.4016,-26.6501,7.192
RGI60-05.18804,215558,72.5148,-22.5327,0.351
RGI60-05.18805,215559,72.3896,-26.497,15.385
RGI60-05.18806,215560,72.4684,-27.1293,11.088
RGI60-05.18807,215561,72.422,-27.1388,7.482
RGI60-05.18808,215562,72.3971,-26.8982,14.484
RGI60-05.18809,215563,72.4494,-27.1978,14.612
RGI60-05.18810,215564,72.3834,-26.6686,14.103
RGI60-05.18811,215565,72.379,-26.7551,5.763
RGI60-05.18812,215566,72.5647,-25.6987,0.202
RGI60-05.18813,215567,72.4676,-25.9025,9.517
RGI60-05.18814,215568,72.4692,-25.8394,0.753
RGI60-05.18815,215569,72.4677,-25.7957,0.211
RGI60-05.18816,215570,72.464,-25.6112,7.927
RGI60-05.18817,215571,72.5667,-25.6027,2.461
RGI60-05.18818,215572,72.6625,-25.5989,0.254
RGI60-05.18819,215573,72.6707,-25.5907,5.717
RGI60-05.18820,215574,72.6791,-25.5958,0.05
RGI60-05.18821,215575,72.5905,-25.9761,45.53
RGI60-05.18822,215576,72.6898,-25.8802,0.055
RGI60-05.18823,215577,72.6791,-25.8911,1.538
RGI60-05.18824,215578,72.6397,-26.1387,12.266
RGI60-05.18825,215579,72.6447,-25.6146,10.947
RGI60-05.18826,215580,72.6295,-25.4495,1.515
RGI60-05.18827,215581,72.5946,-26.1217,3.537
RGI60-05.18828,215582,72.5222,-25.6955,1.386
RGI60-05.18829,215583,72.5495,-26.3,6.365
RGI60-05.18830,215584,72.5345,-25.9369,1.95
RGI60-05.18831,215585,72.4495,-23.3128,0.317
RGI60-05.18832,215586,72.685,-24.9258,0.438
RGI60-05.18833,215587,72.4627,-23.3568,0.893
RGI60-05.18834,215588,72.8883,-27.0322,0.129
RGI60-05.18835,215589,72.853,-26.5604,0.195
RGI60-05.18836,215590,72.9935,-28.0191,0.291
RGI60-05.18839,215591,72.8886,-26.8737,0.164
RGI60-05.18840,215592,72.6933,-25.0354,1.078
RGI60-05.18841,215593,72.6797,-25.0314,5.477
RGI60-05.18842,215594,72.6804,-25.0856,2.215
RGI60-05.18843,215595,72.6346,-24.9383,5.728
RGI60-05.18844,215596,72.6664,-24.0796,0.573
RGI60-05.18845,215597,72.6661,-24.9825,10.485
RGI60-05.18846,215598,72.649,-24.253,0.055
RGI60-05.18847,215599,72.6592,-25.0743,6.206
RGI60-05.18848,215600,72.6338,-24.9794,3.162
RGI60-05.18849,215601,72.6513,-24.9393,3.224
RGI60-05.18850,215602,72.6515,-24.3234,1.254
RGI60-05.18851,215603,72.6606,-24.3296,0.118
RGI60-05.18852,215604,72.6499,-24.2986,0.425
RGI60-05.18853,215605,72.6428,-24.2436,0.815
RGI60-05.18854,215606,72.6346,-24.313,1.776
RGI60-05.18855,215607,72.6432,-24.3066,0.064
RGI60-05.18856,215608,72.6566,-24.2316,1.658
RGI60-05.18857,215609,72.6549,-24.2832,1.636
RGI60-05.18858,215610,72.6599,-24.2576,0.178
RGI60-05.18859,215611,72.6824,-24.1957,0.482
RGI60-05.18860,215612,72.6978,-24.2638,0.214
RGI60-05.18861,215613,72.6944,-24.2658,0.077
RGI60-05.18862,215614,72.9237,-26.3427,0.195
RGI60-05.18863,215615,72.6668,-23.9633,0.45
RGI60-05.18864,215616,72.6627,-23.9743,0.165
RGI60-05.18865,215617,72.4994,-22.5152,0.375
RGI60-05.18866,215618,72.9322,-26.3806,0.122
RGI60-05.18867,215619,72.6688,-23.9346,0.365
RGI60-05.18868,215620,72.9303,-26.3545,0.714
RGI60-05.18869,215621,72.9074,-26.0838,0.108
RGI60-05.18870,215622,73.1082,-28.19,0.191
RGI60-05.18872,215623,72.5053,-22.4883,1.021
RGI60-05.18873,215624,72.662,-24.03,0.371
RGI60-05.18874,215625,72.6866,-24.0708,0.12
RGI60-05.18875,215626,73.1031,-27.9903,0.13
RGI60-05.18876,215627,72.9318,-25.9402,0.586
RGI60-05.18877,215628,72.6798,-23.9996,10.121
RGI60-05.18878,215629,73.0944,-27.5749,0.135
RGI60-05.18879,215630,72.9074,-25.9318,1.39
RGI60-05.18880,215631,72.9024,-25.9448,0.059
RGI60-05.18881,215632,73.0857,-27.7493,1.037
RGI60-05.18882,215633,72.4913,-22.1268,0.629
RGI60-05.18883,215634,73.152,-28.282,0.057
RGI60-05.18885,215635,72.9259,-25.9697,3.474
RGI60-05.18886,215636,72.9243,-26.007,2.839
RGI60-05.18887,215637,72.9202,-25.926,0.333
RGI60-05.18888,215638,72.9293,-26.0374,1.529
RGI60-05.18889,215639,72.914,-25.9503,0.243
RGI60-05.18890,215640,72.918,-26.0623,4.346
RGI60-05.18891,215641,72.9227,-26.0468,0.234
RGI60-05.18892,215642,72.8744,-25.9334,0.659
RGI60-05.18893,215643,72.9322,-26.4227,5.316
RGI60-05.18894,215644,72.9438,-26.653,8.937
RGI60-05.18895,215645,72.9208,-26.5421,27.085
RGI60-05.18896,215646,72.8881,-25.9805,11.653
RGI60-05.18897,215647,72.9434,-26.6054,2.277
RGI60-05.18898,215648,72.8603,-26.0,9.33
RGI60-05.18899,215649,72.9219,-26.7703,0.895
RGI60-05.18900,215650,72.9073,-26.7542,3.758
RGI60-05.18901,215651,72.8946,-26.7348,1.935
RGI60-05.18902,215652,72.8753,-26.5757,2.158
RGI60-05.18903,215653,72.8876,-26.3386,56.484
RGI60-05.18904,215654,72.9055,-26.6765,3.777
RGI60-05.18905,215655,72.8923,-26.7045,0.081
RGI60-05.18906,215656,72.8995,-26.6204,1.973
RGI60-05.18907,215657,72.8864,-26.5841,1.818
RGI60-05.18908,215658,72.8289,-26.0369,8.836
RGI60-05.18909,215659,72.832,-26.2933,12.959
RGI60-05.18910,215660,72.839,-26.1704,16.332
RGI60-05.18911,215661,72.9103,-26.1897,3.068
RGI60-05.18912,215662,72.8682,-26.4992,13.334
RGI60-05.18913,215663,72.8407,-26.4101,9.731
RGI60-05.18914,215664,72.9199,-26.3722,0.756
RGI60-05.18915,215665,72.9106,-26.2247,1.422
RGI60-05.18916,215666,72.884,-26.2007,1.136
RGI60-05.18917,215667,72.8873,-26.1314,31.902
RGI60-05.18918,215668,72.9416,-26.4706,1.081
RGI60-05.18919,215669,72.817,-26.0618,1.398
RGI60-05.18920,215670,72.9658,-26.7048,1.546
RGI60-05.18921,215671,72.9479,-26.714,0.703
RGI60-05.18922,215672,72.9146,-26.4046,0.79
RGI60-05.18923,215673,72.9806,-26.3659,0.404
RGI60-05.18924,215674,72.9251,-26.722,7.496
RGI60-05.18925,215675,72.9419,-26.5762,1.669
RGI60-05.18926,215676,72.9518,-26.6882,1.352
RGI60-05.18927,215677,72.9829,-26.351,0.754
RGI60-05.18928,215678,73.1007,-27.5512,0.61
RGI60-05.18929,215679,73.0988,-27.4922,0.213
RGI60-05.18930,215680,72.7601,-24.1838,1.211
RGI60-05.18931,215681,72.7505,-24.1825,1.817
RGI60-05.18932,215682,73.0945,-27.6448,6.614
RGI60-05.18933,215683,72.7053,-24.0771,12.033
RGI60-05.18934,215684,73.0852,-27.6221,0.165
RGI60-05.18935,215685,73.1029,-27.686,1.028
RGI60-05.18936,215686,73.0928,-27.7165,0.262
RGI60-05.18937,215687,73.0366,-27.5159,4.432
RGI60-05.18938,215688,73.0826,-27.6407,0.253
RGI60-05.18939,215689,73.0592,-27.6467,19.12
RGI60-05.18940,215690,73.0878,-27.5996,0.154
RGI60-05.18941,215691,73.0472,-27.5535,4.25
RGI60-05.18942,215692,73.0546,-27.566,0.153
RGI60-05.18943,215693,73.0811,-27.9867,1.439
RGI60-05.18946,215694,73.0156,-27.504,1.059
RGI60-05.18947,215695,73.0018,-27.6201,40.923
RGI60-05.18948,215696,72.969,-27.6173,0.052
RGI60-05.18949,215697,72.9716,-27.8195,1.244
RGI60-05.18951,215698,72.9518,-27.5825,0.42
RGI60-05.18952,215699,72.9498,-27.6179,2.584
RGI60-05.18953,215700,72.9529,-27.6526,0.354
RGI60-05.18954,215701,72.9038,-27.7851,2.056
RGI60-05.18955,215702,72.9787,-27.7186,20.891
RGI60-05.18956,215703,72.8868,-27.7531,6.515
RGI60-05.18957,215704,72.909,-27.8146,2.077
RGI60-05.18958,215705,72.8886,-27.6703,0.876
RGI60-05.18959,215706,72.8921,-27.7097,2.471
RGI60-05.18960,215707,72.8827,-27.689,0.2
RGI60-05.18961,215708,72.8746,-27.7028,0.741
RGI60-05.18962,215709,72.8634,-27.7012,0.923
RGI60-05.18963,215710,72.8547,-27.7306,12.893
RGI60-05.18964,215711,72.8351,-27.8328,0.915
RGI60-05.18965,215712,72.8186,-27.8668,11.528
RGI60-05.18966,215713,72.8121,-28.0031,45.242
RGI60-05.18972,215714,72.889,-27.8847,6.433
RGI60-05.18974,215715,73.0939,-27.9329,6.298
RGI60-05.18975,215716,73.0865,-27.895,0.174
RGI60-05.18976,215717,73.0758,-27.9171,1.558
RGI60-05.18977,215718,73.0469,-27.8673,53.196
RGI60-05.18980,215719,72.7132,-23.9466,5.444
RGI60-05.18981,215720,72.6987,-23.9354,0.082
RGI60-05.18982,215721,72.6971,-23.9844,0.084
RGI60-05.18983,215722,73.0756,-26.8433,1.759
RGI60-05.18984,215723,72.8218,-24.31,0.405
RGI60-05.18985,215724,73.0726,-27.1113,2.804
RGI60-05.18986,215725,73.1752,-28.0764,0.092
RGI60-05.18987,215726,73.0691,-26.7227,0.451
RGI60-05.18988,215727,73.0609,-27.0648,9.257
RGI60-05.18989,215728,73.0475,-27.0888,0.924
RGI60-05.18990,215729,73.191,-28.1809,0.178
RGI60-05.18991,215730,72.7955,-24.0711,1.275
RGI60-05.18992,215731,72.8312,-24.3638,0.717
RGI60-05.18993,215732,72.8325,-24.39,0.593
RGI60-05.18994,215733,73.107,-27.0803,4.969
RGI60-05.18995,215734,73.0993,-27.0422,1.421
RGI60-05.18996,215735,73.2294,-28.3642,2.936
RGI60-05.18997,215736,72.8068,-24.1299,2.311
RGI60-05.18998,215737,73.1757,-27.7404,2.884
RGI60-05.18999,215738,73.1689,-27.7763,0.206
RGI60-05.19000,215739,73.1924,-28.058,3.188
RGI60-05.19001,215740,73.2013,-28.1678,3.362
RGI60-05.19002,215741,73.1976,-28.109,1.727
RGI60-05.19003,215742,73.1952,-28.0143,2.389
RGI60-05.19004,215743,73.169,-28.1877,17.116
RGI60-05.19005,215744,73.1502,-28.2278,2.96
RGI60-05.19012,215745,73.2571,-28.2721,0.308
RGI60-05.19013,215746,73.2617,-28.3088,0.06
RGI60-05.19014,215747,73.1175,-26.5118,0.189
RGI60-05.19015,215748,73.0225,-25.4689,0.126
RGI60-05.19016,215749,73.1706,-27.9708,3.96
RGI60-05.19017,215750,73.1784,-27.8916,15.655
RGI60-05.19018,215751,73.1833,-28.0982,2.002
RGI60-05.19019,215752,73.182,-28.0644,0.596
RGI60-05.19020,215753,73.1882,-28.1454,1.812
RGI60-05.19021,215754,73.2115,-28.2333,0.453
RGI60-05.19022,215755,73.2535,-28.3188,3.024
RGI60-05.19023,215756,73.2423,-28.3365,5.603
RGI60-05.19024,215757,72.7812,-23.8457,2.078
RGI60-05.19025,215758,72.7984,-23.8759,3.029
RGI60-05.19026,215759,72.7933,-23.8463,0.055
RGI60-05.19027,215760,73.2682,-28.2862,5.118
RGI60-05.19028,215761,73.1042,-26.4928,2.415
RGI60-05.19029,215762,73.1044,-26.54,0.899
RGI60-05.19030,215763,73.0972,-26.5285,0.085
RGI60-05.19031,215764,73.0916,-26.5022,0.185
RGI60-05.19032,215765,73.1166,-26.3434,0.663
RGI60-05.19033,215766,73.0618,-25.5734,0.721
RGI60-05.19034,215767,72.9372,-24.4084,1.074
RGI60-05.19035,215768,73.0134,-25.6604,0.493
RGI60-05.19036,215769,73.0197,-25.5911,14.405
RGI60-05.19037,215770,73.0094,-25.2679,12.231
RGI60-05.19038,215771,73.0159,-25.2102,3.291
RGI60-05.19039,215772,73.0406,-25.4964,11.009
RGI60-05.19040,215773,73.0466,-25.5871,1.188
RGI60-05.19041,215774,73.0122,-25.4838,0.096
RGI60-05.19042,215775,72.9678,-25.1826,2.151
RGI60-05.19043,215776,72.9911,-25.1796,5.877
RGI60-05.19044,215777,72.9772,-25.3069,1.234
RGI60-05.19045,215778,73.0264,-25.4099,10.889
RGI60-05.19046,215779,73.0088,-25.3568,1.257
RGI60-05.19047,215780,72.9913,-25.3198,2.296
RGI60-05.19048,215781,72.997,-25.6452,0.254
RGI60-05.19049,215782,73.0113,-25.4651,2.294
RGI60-05.19050,215783,72.98,-25.2316,5.141
RGI60-05.19051,215784,72.9724,-25.5477,4.37
RGI60-05.19052,215785,72.963,-25.5816,1.23
RGI60-05.19053,215786,72.9931,-25.5251,4.563
RGI60-05.19054,215787,72.9785,-25.5001,0.353
RGI60-05.19055,215788,72.9803,-25.6057,7.49
RGI60-05.19056,215789,73.1999,-24.9896,0.059
RGI60-05.19057,215790,73.204,-24.9889,0.082
RGI60-05.19086,215791,73.5628,-26.2566,0.676
RGI60-05.19087,215792,72.9515,-22.6289,0.158
RGI60-05.19088,215793,72.9542,-22.6045,0.17
RGI60-05.19089,215794,72.9649,-22.6398,0.204
RGI60-05.19090,215795,73.1859,-24.4343,0.595
RGI60-05.19091,215796,73.2652,-25.2976,0.145
RGI60-05.19092,215797,73.2782,-25.3533,0.393
RGI60-05.19093,215798,73.4172,-28.2069,17.199
RGI60-05.19097,215799,72.9771,-26.3807,0.761
RGI60-05.19098,215800,72.997283936,-27.074007034,59.948
RGI60-05.19099,215801,72.9707,-27.221,0.055
RGI60-05.19100,215802,73.1149,-26.3207,0.343
RGI60-05.19101,215803,73.104,-26.2948,0.113
RGI60-05.19102,215804,73.0049,-26.7063,1.203
RGI60-05.19103,215805,73.0505,-26.6175,1.686
RGI60-05.19104,215806,73.1392,-26.3953,0.32
RGI60-05.19105,215807,73.0922,-26.3848,22.482
RGI60-05.19106,215808,72.9668,-25.6241,0.217
RGI60-05.19107,215809,73.0236,-25.3245,2.709
RGI60-05.19108,215810,72.9947,-26.5858,0.36
RGI60-05.19109,215811,73.0312,-25.5407,0.757
RGI60-05.19110,215812,73.0021,-25.477,0.713
RGI60-05.19111,215813,72.9474,-24.3535,1.957
RGI60-05.19112,215814,73.1112,-25.9411,3.176
RGI60-05.19113,215815,72.9557,-24.1922,0.391
RGI60-05.19114,215816,73.1385,-25.9031,1.303
RGI60-05.19115,215817,73.1436,-25.9465,2.334
RGI60-05.19116,215818,73.1392,-25.9712,1.021
RGI60-05.19117,215819,73.1247,-25.9708,0.527
RGI60-05.19118,215820,72.9997,-26.0084,0.862
RGI60-05.19119,215821,73.124,-25.9502,0.961
RGI60-05.19120,215822,73.149,-25.9037,0.198
RGI60-05.19121,215823,73.149,-25.9141,0.078
RGI60-05.19122,215824,73.1448,-25.9142,0.089
RGI60-05.19123,215825,73.1651,-26.108,1.674
RGI60-05.19124,215826,73.1582,-26.2267,5.509
RGI60-05.19125,215827,73.1645,-26.1653,1.454
RGI60-05.19126,215828,73.1688,-26.2782,1.413
RGI60-05.19127,215829,73.1688,-26.3202,1.497
RGI60-05.19128,215830,73.1319,-26.1484,0.948
RGI60-05.19129,215831,73.1285,-26.3897,2.062
RGI60-05.19130,215832,73.0793,-25.9874,5.665
RGI60-05.19131,215833,73.062,-25.9295,8.609
RGI60-05.19132,215834,73.1072,-26.1692,52.578
RGI60-05.19133,215835,73.0839,-26.511,1.176
RGI60-05.19134,215836,73.0356,-26.7185,17.088
RGI60-05.19135,215837,72.9935,-26.0556,0.436
RGI60-05.19136,215838,73.0707,-26.629,0.592
RGI60-05.19137,215839,73.003,-25.9346,0.287
RGI60-05.19138,215840,73.0422,-25.9542,2.334
RGI60-05.19139,215841,73.02,-25.952,8.401
RGI60-05.19140,215842,73.0578,-26.7153,0.84
RGI60-05.19141,215843,73.0513,-26.8155,13.357
RGI60-05.19142,215844,73.0214,-26.9238,1.767
RGI60-05.19143,215845,73.0482,-26.5538,12.008
RGI60-05.19144,215846,73.0593,-26.6039,0.632
RGI60-05.19145,215847,73.0209,-26.6429,5.652
RGI60-05.19146,215848,73.0412,-26.8908,1.18
RGI60-05.19147,215849,73.0086,-26.5819,3.935
RGI60-05.19148,215850,72.9794,-26.4336,1.516
RGI60-05.19149,215851,72.9895,-26.5494,3.097
RGI60-05.19150,215852,73.032,-27.1952,2.095
RGI60-05.19151,215853,72.9177,-23.644,0.555
RGI60-05.19152,215854,73.0198,-27.2255,1.957
RGI60-05.19153,215855,73.0114,-27.1917,0.504
RGI60-05.19154,215856,72.9955,-27.1805,6.155
RGI60-05.19155,215857,72.919,-23.6612,0.327
RGI60-05.19156,215858,72.9255,-23.6821,0.141
RGI60-05.19157,215859,72.9688,-26.8338,30.878
RGI60-05.19158,215860,72.9653,-22.5934,0.545
RGI60-05.19159,215861,72.9448,-26.9166,14.334
RGI60-05.19160,215862,72.9775,-27.1809,3.785
RGI60-05.19161,215863,73.204,-26.7139,1.916
RGI60-05.19162,215864,72.9299,-27.0947,57.826
RGI60-05.19163,215865,72.952,-27.2107,4.291
RGI60-05.19164,215866,72.9326,-27.2408,4.79
RGI60-05.19165,215867,72.9165,-27.2741,4.262
RGI60-05.19166,215868,72.9023,-27.3874,2.363
RGI60-05.19167,215869,72.8848,-27.184,10.922
RGI60-05.19168,215870,72.9075,-27.3362,2.671
RGI60-05.19169,215871,72.8917,-27.4614,1.613
RGI60-05.19170,215872,73.2658,-26.6096,2.451
RGI60-05.19171,215873,72.8972,-27.271,7.622
RGI60-05.19172,215874,72.8843,-27.3295,0.515
RGI60-05.19173,215875,72.8784,-27.4491,1.4
RGI60-05.19174,215876,72.8877,-27.3973,7.853
RGI60-05.19175,215877,73.2615,-26.7621,5.87
RGI60-05.19176,215878,73.1462,-26.1439,4.137
RGI60-05.19177,215879,73.0033,-26.7527,2.019
RGI60-05.19178,215880,73.0016,-26.7847,1.062
RGI60-05.19179,215881,73.2091,-26.7426,1.004
RGI60-05.19180,215882,73.1479,-26.3423,11.547
RGI60-05.19181,215883,73.0229,-26.3781,89.465
RGI60-05.19182,215884,72.9337,-26.9843,3.191
RGI60-05.19183,215885,73.2054,-26.6906,0.241
RGI60-05.19184,215886,72.8804,-27.0867,3.525
RGI60-05.19185,215887,73.0614,-26.5017,1.836
RGI60-05.19186,215888,73.0724,-26.4939,2.35
RGI60-05.19187,215889,72.9528,-26.2202,2.174
RGI60-05.19188,215890,73.0184,-26.1735,2.975
RGI60-05.19189,215891,73.0359,-26.1174,54.961
RGI60-05.19190,215892,72.9242,-23.6671,0.394
RGI60-05.19191,215893,72.9582,-22.592,0.074
RGI60-05.19192,215894,73.3389,-27.8335,4.702
RGI60-05.19193,215895,73.2788,-26.6846,0.843
RGI60-05.19195,215896,73.439,-28.5765,0.802
RGI60-05.19196,215897,73.4465,-28.5702,0.08
RGI60-05.19197,215898,73.2412,-27.0229,0.473
RGI60-05.19198,215899,73.2693,-26.5722,0.753
RGI60-05.19199,215900,73.2682,-26.6633,2.392
RGI60-05.19200,215901,73.257,-26.5799,2.449
RGI60-05.19201,215902,73.2627,-26.5456,0.098
RGI60-05.19202,215903,73.2429,-27.0463,0.184
RGI60-05.19203,215904,73.2525,-26.6534,1.192
RGI60-05.19204,215905,73.2538,-26.6911,1.226
RGI60-05.19205,215906,73.2498,-26.8028,0.156
RGI60-05.19206,215907,73.2485,-26.7844,0.158
RGI60-05.19207,215908,73.2482,-26.7698,0.184
RGI60-05.19208,215909,73.244,-26.7392,1.239
RGI60-05.19209,215910,73.2682,-26.6908,0.92
RGI60-05.19210,215911,73.2362,-27.067,0.289
RGI60-05.19211,215912,73.2589,-27.0328,20.682
RGI60-05.19212,215913,73.3028,-26.9781,1.694
RGI60-05.19213,215914,72.9317,-23.3343,0.514
RGI60-05.19214,215915,72.9511,-23.3057,0.521
RGI60-05.19215,215916,72.9431,-23.3295,1.148
RGI60-05.19216,215917,73.28,-27.0417,0.055
RGI60-05.19217,215918,73.4451,-28.174,6.918
RGI60-05.19218,215919,73.3867,-27.314,6.451
RGI60-05.19219,215920,73.4079,-27.353,0.117
RGI60-05.19220,215921,73.3916,-27.671,2.439
RGI60-05.19221,215922,73.4042,-27.609,5.568
RGI60-05.19222,215923,73.4172,-27.4773,1.117
RGI60-05.19223,215924,73.4153,-27.431,1.232
RGI60-05.19224,215925,73.3341,-27.526,53.996
RGI60-05.19225,215926,73.3195,-27.2861,0.064
RGI60-05.19226,215927,73.318,-27.0997,1.792
RGI60-05.19227,215928,73.3105,-27.1511,7.83
RGI60-05.19228,215929,73.2661,-26.9146,0.669
RGI60-05.19229,215930,73.2896,-27.1657,2.562
RGI60-05.19230,215931,73.2204,-26.8165,9.704
RGI60-05.19231,215932,73.2416,-27.3703,1.733
RGI60-05.19232,215933,73.2389,-26.8876,9.276
RGI60-05.19233,215934,73.218,-27.4021,2.214
RGI60-05.19234,215935,73.2516,-26.924,1.322
RGI60-05.19235,215936,73.2292,-27.0802,0.213
RGI60-05.19236,215937,73.2346,-26.9852,1.521
RGI60-05.19237,215938,73.2147,-26.9446,7.148
RGI60-05.19238,215939,73.195,-26.8149,11.389
RGI60-05.19239,215940,73.2342,-27.1198,3.865
RGI60-05.19240,215941,73.2002,-26.9667,2.015
RGI60-05.19241,215942,73.1671,-26.773,3.536
RGI60-05.19242,215943,73.1948,-26.9072,3.081
RGI60-05.19243,215944,73.2442,-28.1158,0.073
RGI60-05.19244,215945,73.1798,-26.8502,2.503
RGI60-05.19245,215946,73.1677,-26.812,2.788
RGI60-05.19246,215947,73.2208,-27.5746,5.347
RGI60-05.19247,215948,73.2134,-27.4659,18.246
RGI60-05.19248,215949,73.2531,-28.0887,4.103
RGI60-05.19249,215950,73.2038,-27.5453,4.395
RGI60-05.19250,215951,73.2431,-28.0767,0.884
RGI60-05.19251,215952,73.2716,-27.7238,95.787
RGI60-05.19252,215953,73.4166,-27.3863,2.322
RGI60-05.19253,215954,73.2481,-27.9997,5.503
RGI60-05.19254,215955,73.3009,-27.2221,2.517
RGI60-05.19255,215956,72.9686,-22.6199,0.677
RGI60-05.19256,215957,73.3058,-27.2848,3.43
RGI60-05.19257,215958,73.4105,-27.4658,0.207
RGI60-05.19258,215959,73.3208,-27.2433,4.212
RGI60-05.19259,215960,73.2486,-27.1692,4.721
RGI60-05.19260,215961,73.2947,-27.0706,9.18
RGI60-05.19261,215962,73.2911,-27.1332,0.124
RGI60-05.19262,215963,73.2799,-27.4206,57.707
RGI60-05.19263,215964,73.2032,-24.9741,0.972
RGI60-05.19264,215965,72.9477,-22.6173,1.133
RGI60-05.19265,215966,72.9383,-22.638,0.072
RGI60-05.19266,215967,72.9358,-22.6442,0.217
RGI60-05.19267,215968,72.934,-22.6249,1.167
RGI60-05.19268,215969,72.9611,-22.6093,0.256
RGI60-05.19269,215970,72.9211,-22.6283,1.408
RGI60-05.19270,215971,73.3007,-25.7662,3.395
RGI60-05.19271,215972,73.3214,-25.8898,1.602
RGI60-05.19272,215973,72.9493,-22.5557,1.884
RGI60-05.19273,215974,72.9678,-22.6389,0.113
RGI60-05.19274,215975,73.3168,-25.8252,3.199
RGI60-05.19275,215976,73.3269,-25.918,2.613
RGI60-05.19276,215977,73.1905,-24.4523,1.058
RGI60-05.19277,215978,73.3351,-25.9298,0.384
RGI60-05.19278,215979,73.174,-24.3695,2.383
RGI60-05.19279,215980,73.1867,-24.4933,0.869
RGI60-05.19280,215981,73.1781,-24.4998,0.616
RGI60-05.19281,215982,73.18,-24.4344,0.325
RGI60-05.19282,215983,73.1773,-24.4578,0.839
RGI60-05.19283,215984,73.1127,-23.644,0.353
RGI60-05.19284,215985,73.2514,-25.0018,0.724
RGI60-05.19285,215986,73.2428,-24.9747,2.589
RGI60-05.19286,215987,73.266,-25.3344,3.497
RGI60-05.19287,215988,73.2475,-25.0128,0.445
RGI60-05.19288,215989,73.2474,-25.0672,0.758
RGI60-05.19289,215990,73.2681,-25.3757,1.228
RGI60-05.19290,215991,73.2008,-25.502,6.263
RGI60-05.19291,215992,73.2593,-25.0958,10.007
RGI60-05.19292,215993,73.1731,-25.1243,0.254
RGI60-05.19293,215994,73.2409,-25.2582,24.775
RGI60-05.19294,215995,73.237,-25.1358,4.522
RGI60-05.19295,215996,73.2291,-25.1019,0.231
RGI60-05.19296,215997,73.1764,-25.3286,5.476
RGI60-05.19297,215998,73.2484,-25.3742,7.684
RGI60-05.19298,215999,73.2041,-25.0165,0.579
RGI60-05.19299,216000,73.1686,-25.2792,2.29
RGI60-05.19300,216001,73.2164,-25.3833,19.859
RGI60-05.19301,216002,73.1929,-25.0297,2.562
RGI60-05.19302,216003,73.1983,-25.0142,0.059
RGI60-05.19303,216004,73.2055,-25.1446,11.271
RGI60-05.19304,216005,73.2166,-25.4894,4.641
RGI60-05.19305,216006,73.1822,-25.0391,1.084
RGI60-05.19306,216007,73.1844,-25.1355,2.641
RGI60-05.19307,216008,73.1785,-25.0829,4.535
RGI60-05.19308,216009,73.1676,-25.1123,0.743
RGI60-05.19309,216010,73.1656,-25.2517,0.73
RGI60-05.19310,216011,73.1849,-25.3975,8.772
RGI60-05.19311,216012,73.19,-25.2478,11.698
RGI60-05.19312,216013,73.1829,-25.4639,3.156
RGI60-05.19313,216014,73.264,-25.1889,5.56
RGI60-05.19314,216015,73.2219,-25.1393,2.771
RGI60-05.19315,216016,73.1193,-23.7199,0.634
RGI60-05.19316,216017,73.1221,-23.71,0.075
RGI60-05.19317,216018,73.124,-23.6986,0.503
RGI60-05.19318,216019,73.1129,-23.7009,0.457
RGI60-05.19319,216020,73.2362,-24.7977,0.638
RGI60-05.19320,216021,73.2373,-24.7773,0.623
RGI60-05.19321,216022,73.2265,-24.7905,0.718
RGI60-05.19322,216023,73.2305,-24.7703,1.565
RGI60-05.19323,216024,73.2152,-24.7896,0.676
RGI60-05.19324,216025,73.225,-24.7526,0.309
RGI60-05.19325,216026,73.225,-24.7371,0.088
RGI60-05.19326,216027,73.2189,-24.7668,1.215
RGI60-05.19327,216028,73.2112,-24.7707,0.054
RGI60-05.19328,216029,73.1465,-23.8231,0.619
RGI60-05.19329,216030,73.2061,-24.7808,0.585
RGI60-05.19330,216031,73.2861,-25.0445,1.758
RGI60-05.19331,216032,73.2793,-25.1456,0.622
RGI60-05.19332,216033,73.2841,-25.1124,2.017
RGI60-05.19333,216034,73.2773,-25.1043,1.277
RGI60-05.19334,216035,73.2812,-25.063,0.092
RGI60-05.19335,216036,73.2803,-25.0297,0.581
RGI60-05.19336,216037,73.2736,-25.1479,0.081
RGI60-05.19337,216038,73.144,-23.7804,0.301
RGI60-05.19338,216039,73.1533,-23.7607,1.757
RGI60-05.19339,216040,73.163,-23.7911,0.425
RGI60-05.19340,216041,73.1641,-23.8069,0.06
RGI60-05.19341,216042,73.1547,-23.7988,1.13
RGI60-05.19343,216043,73.65,-28.828,0.322
RGI60-05.19344,216044,73.2254,-24.3374,0.859
RGI60-05.19345,216045,73.2185,-24.3193,0.152
RGI60-05.19346,216046,73.216,-24.3321,0.2
RGI60-05.19347,216047,73.5031,-27.0691,1.838
RGI60-05.19348,216048,73.4866,-27.0511,3.39
RGI60-05.19349,216049,73.4977,-27.024,1.118
RGI60-05.19350,216050,73.4797,-26.9766,7.318
RGI60-05.19351,216051,73.4665,-26.9197,3.526
RGI60-05.19352,216052,73.4639,-26.8855,0.095
RGI60-05.19353,216053,73.4402,-26.8344,2.981
RGI60-05.19354,216054,73.4255,-26.8778,15.307
RGI60-05.19355,216055,73.4536,-26.8725,2.428
RGI60-05.19356,216056,73.4322,-26.8039,0.954
RGI60-05.19357,216057,73.4192,-26.7754,3.237
RGI60-05.19358,216058,73.4088,-26.7435,1.437
RGI60-05.19359,216059,73.4059,-26.7704,0.184
RGI60-05.19360,216060,73.3941,-26.7391,2.945
RGI60-05.19361,216061,73.3841,-26.6969,0.056
RGI60-05.19362,216062,73.1418,-23.2856,0.963
RGI60-05.19363,216063,73.3706,-26.7179,4.5
RGI60-05.19364,216064,73.3605,-26.7059,0.511
RGI60-05.19365,216065,73.3802,-26.711,1.289
RGI60-05.19366,216066,73.4025,-26.8092,8.086
RGI60-05.19367,216067,73.4047,-26.8971,1.249
RGI60-05.19368,216068,73.1286,-23.2531,0.821
RGI60-05.19369,216069,73.4411,-25.7787,0.237
RGI60-05.19370,216070,73.4485,-25.7922,0.993
RGI60-05.19371,216071,73.6505,-27.7538,2.633
RGI60-05.19373,216072,73.5845,-26.8372,0.86
RGI60-05.19374,216073,73.5897,-26.8181,2.104
RGI60-05.19375,216074,73.5794,-26.7322,0.449
RGI60-05.19376,216075,73.5683,-26.7647,0.483
RGI60-05.19377,216076,73.5805,-26.7699,2.578
RGI60-05.19378,216077,73.573,-26.7951,1.112
RGI60-05.19379,216078,73.3684,-24.6281,0.724
RGI60-05.19380,216079,73.3447,-24.6228,0.901
RGI60-05.19381,216080,73.3451,-24.5724,1.255
RGI60-05.19382,216081,73.3464,-24.6011,0.145
RGI60-05.19383,216082,73.3469,-24.6711,0.991
RGI60-05.19384,216083,73.4008,-24.7556,1.464
RGI60-05.19385,216084,73.3264,-24.0124,0.458
RGI60-05.19386,216085,73.3585,-24.5819,5.084
RGI60-05.19387,216086,73.3543,-24.6571,1.699
RGI60-05.19388,216087,73.3168,-24.0066,0.239
RGI60-05.19389,216088,73.397,-24.8122,0.984
RGI60-05.19390,216089,73.3959,-24.7696,0.156
RGI60-05.19391,216090,73.3937,-24.7392,0.638
RGI60-05.19392,216091,73.4052,-24.9334,2.519
RGI60-05.19393,216092,73.3325,-24.045,0.083
RGI60-05.19394,216093,73.3965,-24.8682,7.06
RGI60-05.19395,216094,73.4059,-24.7965,0.08
RGI60-05.19396,216095,73.3888,-24.9716,10.194
RGI60-05.19397,216096,73.3703,-24.8938,5.406
RGI60-05.19398,216097,73.3709,-24.972,2.338
RGI60-05.19399,216098,73.3291,-24.0268,0.292
RGI60-05.19400,216099,73.2733,-23.6726,3.194
RGI60-05.19401,216100,73.3368,-24.027,0.836
RGI60-05.19402,216101,73.32,-24.044,1.941
RGI60-05.19403,216102,73.3118,-24.0173,0.324
RGI60-05.19404,216103,73.3157,-23.8115,0.302
RGI60-05.19405,216104,73.315,-23.7977,0.477
RGI60-05.19406,216105,73.3105,-23.8096,0.092
RGI60-05.19407,216106,73.7964,-28.5212,0.118
RGI60-05.19408,216107,73.2999,-23.7355,1.92
RGI60-05.19409,216108,73.2785,-23.6517,0.917
RGI60-05.19410,216109,73.8351,-28.9266,0.075
RGI60-05.19411,216110,73.4931,-25.4826,0.05
RGI60-05.19412,216111,73.5044,-25.4418,4.64
RGI60-05.19413,216112,73.2982,-23.7669,2.363
RGI60-05.19414,216113,73.2921,-23.6636,3.612
RGI60-05.19415,216114,73.2947,-23.7526,0.173
RGI60-05.19416,216115,73.2888,-23.7385,1.085
RGI60-05.19417,216116,73.6277,-26.5047,2.413
RGI60-05.19418,216117,73.6348,-26.5256,0.487
RGI60-05.19419,216118,73.6117,-26.4447,2.002
RGI60-05.19420,216119,73.5466,-25.6448,0.512
RGI60-05.19421,216120,73.6021,-26.5322,18.31
RGI60-05.19422,216121,73.6265,-26.5678,0.832
RGI60-05.19423,216122,73.6064,-26.4007,2.261
RGI60-05.19424,216123,73.6112,-26.4095,0.127
RGI60-05.19425,216124,73.592,-26.3867,3.538
RGI60-05.19426,216125,73.621,-26.5744,0.525
RGI60-05.19427,216126,73.5814,-26.443,3.024
RGI60-05.19428,216127,73.5735,-26.5711,8.079
RGI60-05.19429,216128,73.5676,-26.4414,1.096
RGI60-05.19430,216129,73.5494,-26.5152,15.794
RGI60-05.19431,216130,73.527,-26.6596,3.483
RGI60-05.19432,216131,73.515,-26.583,4.38
RGI60-05.19433,216132,73.5391,-25.5799,1.276
RGI60-05.19434,216133,73.5066,-26.6462,7.089
RGI60-05.19435,216134,73.4983,-26.5952,0.639
RGI60-05.19436,216135,73.5545,-25.9714,8.367
RGI60-05.19437,216136,73.5485,-26.6186,9.059
RGI60-05.19438,216137,73.6142,-26.5883,0.813
RGI60-05.19439,216138,73.8521,-28.8904,0.136
RGI60-05.19440,216139,73.5522,-25.647,0.201
RGI60-05.19441,216140,73.5463,-25.7154,6.898
RGI60-05.19442,216141,73.5415,-25.6221,1.651
RGI60-05.19443,216142,73.551,-25.8036,4.038
RGI60-05.19444,216143,73.5598,-25.9161,2.664
RGI60-05.19445,216144,73.5452,-26.0829,13.157
RGI60-05.19446,216145,73.54,-26.3199,1.481
RGI60-05.19447,216146,73.544,-25.8765,6.178
RGI60-05.19448,216147,73.5663,-26.0267,1.361
RGI60-05.19449,216148,73.4719,-25.4975,1.401
RGI60-05.19450,216149,73.5539,-26.2926,1.841
RGI60-05.19451,216150,73.4748,-25.8999,79.692
RGI60-05.19452,216151,73.4992,-25.6678,0.051
RGI60-05.19453,216152,73.4748,-25.592,25.955
RGI60-05.19454,216153,73.5632,-26.2251,0.911
RGI60-05.19455,216154,73.5441,-26.2181,12.067
RGI60-05.19456,216155,73.5517,-26.269,0.233
RGI60-05.19457,216156,73.4586,-25.5336,2.076
RGI60-05.19458,216157,73.444,-25.5231,0.194
RGI60-05.19459,216158,73.5214,-26.3252,4.297
RGI60-05.19460,216159,73.5214,-26.362,0.11
RGI60-05.19461,216160,73.4394,-25.5261,0.133
RGI60-05.19462,216161,73.5109,-26.3677,1.526
RGI60-05.19463,216162,73.5054,-26.395,0.261
RGI60-05.19464,216163,73.4524,-26.5024,0.186
RGI60-05.19465,216164,73.4577,-25.9059,1.305
RGI60-05.19466,216165,73.4536,-25.6026,8.796
RGI60-05.19467,216166,73.4456,-25.5508,1.703
RGI60-05.19468,216167,73.4275,-25.7867,2.251
RGI60-05.19469,216168,73.4777,-26.4316,12.03
RGI60-05.19470,216169,73.4464,-25.859,0.617
RGI60-05.19471,216170,73.4388,-25.8314,2.881
RGI60-05.19472,216171,73.4227,-25.8229,0.251
RGI60-05.19473,216172,73.4073,-26.0973,96.171
RGI60-05.19474,216173,73.4587,-26.5334,0.569
RGI60-05.19475,216174,73.3881,-25.9534,4.503
RGI60-05.19476,216175,73.4494,-26.5699,1.131
RGI60-05.19477,216176,73.395,-26.3851,49.779
RGI60-05.19478,216177,73.4503,-26.5192,0.453
RGI60-05.19479,216178,73.4451,-26.5605,0.269
RGI60-05.19480,216179,73.3815,-26.0258,10.567
RGI60-05.19481,216180,73.3736,-26.0737,0.31
RGI60-05.19482,216181,73.4967,-26.4293,1.227
RGI60-05.19483,216182,73.4311,-26.4987,1.668
RGI60-05.19484,216183,73.3711,-26.1089,3.969
RGI60-05.19485,216184,73.3693,-26.3329,4.516
RGI60-05.19486,216185,73.5072,-24.9017,0.414
RGI60-05.19487,216186,73.3597,-26.2503,1.098
RGI60-05.19488,216187,73.3564,-26.2987,1.402
RGI60-05.19489,216188,73.3734,-26.1897,23.696
RGI60-05.19490,216189,73.4593,-25.8203,1.897
RGI60-05.19491,216190,73.4385,-26.4654,6.412
RGI60-05.19492,216191,73.5104,-24.929,0.445
RGI60-05.19493,216192,73.508,-24.95,0.23
RGI60-05.19494,216193,73.518,-24.8148,0.379
RGI60-05.19495,216194,73.51,-24.806,0.118
RGI60-05.19496,216195,73.5138,-24.8359,1.082
RGI60-05.19497,216196,73.5163,-24.797,0.383
RGI60-05.19498,216197,73.51,-24.8465,0.583
RGI60-05.19499,216198,73.62,-25.7828,0.214
RGI60-05.19500,216199,73.5263,-24.79,0.382
RGI60-05.19501,216200,73.5551,-25.0061,0.891
RGI60-05.19502,216201,73.8075,-27.7337,0.852
RGI60-05.19503,216202,73.8167,-27.7614,0.515
RGI60-05.19504,216203,73.8128,-27.7396,0.807
RGI60-05.19505,216204,73.7997,-27.7252,2.66
RGI60-05.19506,216205,73.4295,-23.1141,0.168
RGI60-05.19507,216206,73.7777,-27.7089,9.338
RGI60-05.19508,216207,73.7593,-27.0763,0.858
RGI60-05.19509,216208,73.7479,-27.0409,3.336
RGI60-05.19510,216209,73.7358,-27.0019,1.581
RGI60-05.19511,216210,73.7275,-26.9818,2.716
RGI60-05.19512,216211,73.7579,-27.1026,0.504
RGI60-05.19513,216212,73.744,-27.0989,3.354
RGI60-05.19514,216213,73.7249,-27.0653,7.322
RGI60-05.19515,216214,73.4044,-23.0533,0.691
RGI60-05.19516,216215,73.4116,-23.0112,0.23
RGI60-05.19517,216216,73.4282,-23.1438,0.313
RGI60-05.19518,216217,73.3902,-22.8639,2.169
RGI60-05.19519,216218,73.3786,-22.8867,1.462
RGI60-05.19520,216219,73.388,-22.9393,2.152
RGI60-05.19521,216220,73.3809,-22.9751,1.183
RGI60-05.19522,216221,73.378,-22.9216,0.616
RGI60-05.19523,216222,73.3744,-22.9514,0.172
RGI60-05.19524,216223,73.4028,-22.9441,1.332
RGI60-05.19525,216224,73.4557,-23.2953,3.451
RGI60-05.19526,216225,73.4471,-23.3586,0.979
RGI60-05.19527,216226,73.4333,-23.0954,0.203
RGI60-05.19528,216227,73.4389,-23.106,1.482
RGI60-05.19529,216228,73.3744,-22.289,0.211
RGI60-05.19530,216229,73.4274,-22.736,0.167
RGI60-05.19531,216230,73.4678,-23.0068,0.235
RGI60-05.19532,216231,73.4045,-22.497,1.231
RGI60-05.19533,216232,73.4233,-22.62,1.23
RGI60-05.19534,216233,73.4809,-23.0701,2.638
RGI60-05.19535,216234,73.7528,-25.5392,1.03
RGI60-05.19536,216235,73.75,-25.5046,0.297
RGI60-05.19537,216236,73.7418,-25.4931,1.429
RGI60-05.19538,216237,73.7463,-25.5446,0.189
RGI60-05.19539,216238,73.7453,-25.5123,0.303
RGI60-05.19540,216239,73.4491,-22.6163,0.94
RGI60-05.19541,216240,73.7766,-25.624,0.692
RGI60-05.19542,216241,73.7659,-25.6143,1.678
RGI60-05.19543,216242,73.4556,-22.6407,0.748
RGI60-05.19544,216243,73.7673,-25.7196,3.811
RGI60-05.19545,216244,73.7982,-26.1438,1.967
RGI60-05.19546,216245,73.761,-25.8102,8.684
RGI60-05.19547,216246,73.7704,-25.7741,0.53
RGI60-05.19548,216247,73.7596,-25.7521,0.054
RGI60-05.19549,216248,73.7744,-25.7534,1.275
RGI60-05.19550,216249,73.6868,-25.5081,2.55
RGI60-05.19551,216250,73.7521,-25.6657,3.022
RGI60-05.19552,216251,73.7307,-26.1876,36.893
RGI60-05.19553,216252,73.7769,-26.1485,1.251
RGI60-05.19554,216253,73.6466,-25.5207,63.666
RGI60-05.19555,216254,73.6777,-25.4851,0.094
RGI60-05.19556,216255,73.7027,-25.7412,106.67
RGI60-05.19557,216256,73.726,-26.2945,3.499
RGI60-05.19558,216257,73.7153,-26.582,9.444
RGI60-05.19559,216258,73.6184,-25.3465,31.975
RGI60-05.19560,,73.7398,-26.5844,0.345
RGI60-05.19561,216259,73.7047,-26.4803,14.604
RGI60-05.19562,216260,73.7247,-26.5259,0.06
RGI60-05.19563,216261,73.7068,-26.3755,9.421
RGI60-05.19564,216262,73.735,-26.7625,0.11
RGI60-05.19565,216263,73.7338,-26.6052,0.627
RGI60-05.19566,216264,73.7273,-26.3292,0.902
RGI60-05.19567,216265,73.7228,-26.7171,0.922
RGI60-05.19568,216266,73.7256,-26.7466,2.387
RGI60-05.19569,216267,73.7245,-26.6448,3.015
RGI60-05.19570,216268,73.7288,-26.8081,3.192
RGI60-05.19571,216269,73.6054,-25.6201,0.683
RGI60-05.19572,216270,73.6114,-25.6553,0.766
RGI60-05.19573,216271,73.6064,-25.5927,0.367
RGI60-05.19574,216272,73.6766,-26.4242,0.563
RGI60-05.19575,216273,73.7028,-26.75,19.312
RGI60-05.19576,216274,73.595,-25.4492,12.225
RGI60-05.19577,216275,73.6278,-25.6915,4.906
RGI60-05.19605,216276,73.7235,-22.7246,0.341
RGI60-05.19606,216277,73.7223,-22.7365,0.174
RGI60-05.19607,216278,73.4234,-22.8733,0.2
RGI60-05.19608,216279,73.4208,-22.8948,0.143
RGI60-05.19609,216280,73.9329,-23.3353,0.249
RGI60-05.19610,216281,74.4664,-25.4715,0.202
RGI60-05.19611,216282,73.8253,-22.6308,0.305
RGI60-05.19612,216283,73.9917,-22.6831,0.088
RGI60-05.19613,216284,74.2832,-21.0178,0.168
RGI60-05.19614,216285,74.5305,-23.1035,3.506
RGI60-05.19615,216286,74.5922,-23.1044,0.069
RGI60-05.19616,216287,74.3286,-20.8105,0.121
RGI60-05.19617,216288,74.2065,-20.9162,0.493
RGI60-05.19627,216289,73.6675,-26.5891,1.538
RGI60-05.19630,216290,73.6899,-26.8547,0.386
RGI60-05.19631,216291,73.62,-26.0115,0.246
RGI60-05.19632,216292,73.6703,-25.989,62.182
RGI60-05.19633,216293,73.6743,-26.5561,0.782
RGI60-05.19634,216294,73.635,-25.8352,4.093
RGI60-05.19635,216295,73.6833,-26.5714,3.435
RGI60-05.19636,216296,73.6763,-26.541,0.065
RGI60-05.19637,216297,73.6317,-26.0427,2.855
RGI60-05.19638,216298,73.6667,-26.2292,39.235
RGI60-05.19639,216299,73.6294,-26.6911,0.225
RGI60-05.19640,216300,73.6388,-26.9151,2.589
RGI60-05.19641,216301,73.6585,-26.8197,22.8
RGI60-05.19642,216302,73.6236,-26.7225,4.362
RGI60-05.19643,216303,73.6274,-26.8039,8.75
RGI60-05.19644,216304,73.628,-26.8617,2.955
RGI60-05.19645,216305,73.6623,-26.6235,0.463
RGI60-05.19646,216306,73.6724,-26.6667,20.684
RGI60-05.19647,216307,73.766,-26.0053,57.672
RGI60-05.19648,216308,73.6672,-26.3798,5.478
RGI60-05.19649,216309,73.6362,-26.1051,3.246
RGI60-05.19650,216310,73.6371,-25.7661,3.348
RGI60-05.19651,216311,73.63,-25.797,0.532
RGI60-05.19652,216312,73.4388,-22.8623,3.448
RGI60-05.19653,216313,73.4479,-22.8754,0.209
RGI60-05.19654,216314,73.473,-22.8757,8.856
RGI60-05.19655,216315,73.4271,-23.0661,0.494
RGI60-05.19656,216316,73.4179,-22.9519,0.877
RGI60-05.19657,216317,73.4155,-23.0406,1.051
RGI60-05.19658,216318,73.4964,-22.7507,0.565
RGI60-05.19659,216319,73.4344,-22.9798,13.525
RGI60-05.19660,216320,73.458,-22.9616,5.829
RGI60-05.19661,216321,74.0049,-27.8133,0.096
RGI60-05.19662,216322,73.6142,-23.4587,0.668
RGI60-05.19663,216323,73.5905,-23.7155,14.658
RGI60-05.19664,216324,74.0083,-27.754,0.118
RGI60-05.19665,216325,73.5843,-23.3882,0.835
RGI60-05.19666,216326,73.4902,-22.5398,3.157
RGI60-05.19667,216327,73.4786,-22.5564,0.756
RGI60-05.19668,216328,73.5171,-22.7314,0.799
RGI60-05.19669,216329,74.043,-27.7886,0.147
RGI60-05.19670,216330,73.5911,-23.3307,1.054
RGI60-05.19671,216331,73.5936,-23.3088,1.554
RGI60-05.19672,216332,73.5837,-23.2702,2.086
RGI60-05.19673,216333,73.5734,-23.2778,1.215
RGI60-05.19674,216334,73.5797,-23.3341,2.544
RGI60-05.19675,216335,73.5151,-22.5645,0.623
RGI60-05.19676,216336,73.6206,-23.4667,0.302
RGI60-05.19677,216337,73.6157,-23.4993,1.812
RGI60-05.19678,216338,73.5794,-23.4811,3.639
RGI60-05.19679,216339,73.6004,-23.4836,3.146
RGI60-05.19680,216340,73.5926,-23.5272,5.005
RGI60-05.19681,216341,73.5916,-23.2005,0.69
RGI60-05.19682,216342,73.6446,-23.7004,2.092
RGI60-05.19683,216343,73.6479,-23.7433,1.065
RGI60-05.19684,216344,73.6321,-23.7318,1.224
RGI60-05.19685,216345,73.6425,-23.7869,4.535
RGI60-05.19686,216346,73.6245,-23.803,5.796
RGI60-05.19687,216347,73.6345,-23.8943,4.987
RGI60-05.19688,216348,73.6191,-23.8811,4.266
RGI60-05.19689,216349,73.6433,-23.8435,1.718
RGI60-05.19690,216350,73.6065,-23.2809,0.613
RGI60-05.19691,216351,73.598,-23.2672,0.556
RGI60-05.19692,216352,73.6544,-23.6477,0.767
RGI60-05.19693,216353,74.0103,-27.11,0.386
RGI60-05.19694,216354,73.8864,-25.8065,2.77
RGI60-05.19695,216355,73.5296,-22.1431,0.499
RGI60-05.19696,216356,73.6471,-22.9923,0.665
RGI60-05.19697,216357,73.8627,-25.9085,5.02
RGI60-05.19698,216358,73.8284,-22.6684,0.537
RGI60-05.19699,216359,73.8936,-25.9977,2.362
RGI60-05.19700,216360,73.8564,-25.7979,19.085
RGI60-05.19701,216361,73.8667,-25.9931,2.718
RGI60-05.19702,216362,73.8925,-25.9185,17.844
RGI60-05.19703,216363,73.8744,-26.0269,1.474
RGI60-05.19704,216364,73.8005,-24.605,1.43
RGI60-05.19705,216365,73.8019,-24.5318,6.44
RGI60-05.19706,216366,73.7084,-23.089,1.989
RGI60-05.19707,216367,74.0916,-27.2505,1.658
RGI60-05.19708,216368,74.0897,-27.1983,0.412
RGI60-05.19709,216369,74.1217,-27.4544,0.072
RGI60-05.19710,216370,73.5717,-22.1323,1.233
RGI60-05.19711,216371,74.079,-26.874,0.755
RGI60-05.19712,216372,74.1103,-27.1648,0.139
RGI60-05.19713,216373,74.1036,-27.1751,0.964
RGI60-05.19714,216374,73.7114,-23.1401,2.254
RGI60-05.19715,216375,73.7253,-23.2583,2.475
RGI60-05.19716,216376,73.7332,-23.1237,1.092
RGI60-05.19717,216377,73.7334,-23.1851,5.334
RGI60-05.19718,216378,73.7232,-23.0914,4.345
RGI60-05.19719,216379,73.7071,-23.0437,1.403
RGI60-05.19720,216380,73.72,-23.2021,0.975
RGI60-05.19721,216381,73.7135,-22.6418,0.298
RGI60-05.19722,216382,73.7113,-22.7533,2.066
RGI60-05.19723,216383,73.705,-22.7054,2.331
RGI60-05.19724,216384,74.1387,-26.8257,0.317
RGI60-05.19725,216385,73.7715,-23.1937,0.472
RGI60-05.19726,216386,73.7124,-22.651,0.052
RGI60-05.19727,216387,73.7378,-22.7673,3.741
RGI60-05.19728,216388,74.0293,-25.6273,1.874
RGI60-05.19729,216389,74.0296,-25.6021,0.155
RGI60-05.19730,216390,74.0157,-25.5793,8.668
RGI60-05.19731,216391,74.0134,-25.5015,5.902
RGI60-05.19732,216392,74.034,-25.5945,0.542
RGI60-05.19733,216393,74.0288,-25.6486,0.131
RGI60-05.19734,216394,73.9968,-25.434,4.482
RGI60-05.19735,216395,74.0191,-25.6526,1.095
RGI60-05.19736,216396,73.9659,-25.3737,14.351
RGI60-05.19737,216397,74.0049,-25.6501,2.287
RGI60-05.19738,216398,73.9897,-25.6573,3.201
RGI60-05.19739,216399,73.9547,-25.3125,2.305
RGI60-05.19740,216400,73.9423,-25.2869,4.519
RGI60-05.19741,216401,73.9349,-25.2405,0.779
RGI60-05.19742,216402,73.983,-25.6077,4.393
RGI60-05.19743,216403,73.9293,-25.4375,1.712
RGI60-05.19744,216404,73.9034,-25.3309,0.239
RGI60-05.19745,216405,73.9705,-25.4964,27.045
RGI60-05.19746,216406,73.9202,-25.3273,4.062
RGI60-05.19747,216407,73.9175,-25.3861,5.374
RGI60-05.19748,216408,74.1555,-26.6091,0.121
RGI60-05.19749,216409,73.7952,-22.9159,1.717
RGI60-05.19750,216410,73.7518,-22.7064,0.248
RGI60-05.19751,216411,73.8459,-23.6475,14.938
RGI60-05.19752,216412,73.6018,-21.287,0.107
RGI60-05.19753,216413,73.7885,-22.8738,0.805
RGI60-05.19754,216414,73.7577,-22.6248,0.285
RGI60-05.19755,216415,73.7495,-22.6957,0.081
RGI60-05.19756,216416,73.7476,-22.6886,0.056
RGI60-05.19757,216417,73.775,-22.7592,9.278
RGI60-05.19758,216418,73.7639,-22.7915,0.061
RGI60-05.19759,216419,73.7442,-22.6372,3.808
RGI60-05.19760,216420,73.7639,-22.765,0.175
RGI60-05.19761,216421,73.7567,-22.7444,0.534
RGI60-05.19762,216422,73.781,-22.8446,1.117
RGI60-05.19763,216423,73.8797,-23.4278,0.699
RGI60-05.19764,216424,73.9917,-24.8858,1.583
RGI60-05.19765,216425,74.0519,-25.4598,2.505
RGI60-05.19767,216426,74.002,-24.9041,1.35
RGI60-05.19768,216427,74.0287,-25.0588,40.425
RGI60-05.19769,216428,73.9793,-24.8636,1.459
RGI60-05.19770,216429,74.031,-25.3583,3.811
RGI60-05.19771,216430,73.9424,-24.8215,8.42
RGI60-05.19772,216431,73.9318,-24.7767,0.085
RGI60-05.19773,216432,73.9932,-25.209,4.763
RGI60-05.19774,216433,73.9676,-24.8397,1.348
RGI60-05.19775,216434,74.0171,-25.2636,17.417
RGI60-05.19776,216435,73.9854,-25.1013,29.654
RGI60-05.19777,216436,73.9227,-24.7638,5.014
RGI60-05.19778,216437,73.9183,-24.7044,0.105
RGI60-05.19779,216438,73.7574,-22.1762,0.459
RGI60-05.19780,216439,73.912,-24.6985,0.606
RGI60-05.19781,216440,73.9434,-24.9521,46.671
RGI60-05.19782,216441,73.9574,-25.0421,9.642
RGI60-05.19783,216442,73.813,-22.5698,1.441
RGI60-05.19784,216443,73.902,-24.9014,2.389
RGI60-05.19785,216444,73.8834,-24.7301,0.119
RGI60-05.19786,216445,73.9151,-23.2727,0.441
RGI60-05.19787,216446,73.9005,-24.7163,5.689
RGI60-05.19788,216447,73.903,-24.6909,0.155
RGI60-05.19789,216448,73.9184,-23.2458,0.059
RGI60-05.19790,216449,73.9984,-22.4097,0.781
RGI60-05.19791,216450,73.8985,-24.811,12.077
RGI60-05.19792,216451,74.0564,-25.3825,14.722
RGI60-05.19793,216452,74.0693,-25.3165,5.913
RGI60-05.19794,216453,73.8708,-22.7047,1.11
RGI60-05.19795,216454,74.0537,-25.2285,11.041
RGI60-05.19796,216455,73.9486,-23.5023,0.231
RGI60-05.19797,216456,73.8144,-22.6455,2.545
RGI60-05.19798,216457,73.8824,-22.9899,0.08
RGI60-05.19799,216458,73.8733,-23.0175,2.582
RGI60-05.19800,216459,73.8576,-21.9989,1.385
RGI60-05.19801,216460,73.8713,-22.6674,1.019
RGI60-05.19802,216461,73.9772,-23.6453,2.004
RGI60-05.19803,216462,73.9832,-23.4253,0.717
RGI60-05.19804,216463,73.7676,-22.1422,1.096
RGI60-05.19805,216464,73.9754,-23.4587,3.568
RGI60-05.19806,216465,73.9634,-23.4245,0.169
RGI60-05.19807,216466,73.9571,-23.5219,1.244
RGI60-05.19808,216467,73.9643,-23.4935,2.141
RGI60-05.19809,216468,73.9578,-23.4599,1.519
RGI60-05.19810,216469,73.9723,-23.4146,1.09
RGI60-05.19811,216470,73.9555,-23.0742,0.543
RGI60-05.19812,216471,73.8659,-22.2556,0.125
RGI60-05.19813,216472,73.8536,-21.9694,0.923
RGI60-05.19814,216473,73.9127,-22.5328,0.125
RGI60-05.19815,216474,73.8406,-21.9542,1.31
RGI60-05.19816,216475,73.8385,-22.0266,6.581
RGI60-05.19817,216476,73.8249,-22.0775,6.139
RGI60-05.19818,216477,73.8172,-21.9943,1.475
RGI60-05.19819,216478,73.8056,-22.1942,1.749
RGI60-05.19820,216479,73.9875,-23.1722,0.882
RGI60-05.19821,216480,73.812,-22.1343,7.319
RGI60-05.19822,216481,73.7969,-22.0777,4.101
RGI60-05.19823,216482,73.7869,-22.1582,4.831
RGI60-05.19824,216483,73.7691,-22.1819,1.379
RGI60-05.19825,216484,73.7778,-22.1087,2.449
RGI60-05.19826,216485,73.8287,-21.9821,1.556
RGI60-05.19827,216486,73.968,-23.119,4.179
RGI60-05.19828,216487,73.938,-23.3762,0.303
RGI60-05.19829,216488,73.9321,-22.9795,1.974
RGI60-05.19830,216489,73.9693,-23.2371,7.55
RGI60-05.19831,216490,73.8841,-22.7843,12.984
RGI60-05.19832,216491,73.9021,-22.8699,2.416
RGI60-05.19833,216492,73.9231,-23.04,6.155
RGI60-05.19834,216493,73.9577,-23.2787,12.408
RGI60-05.19835,216494,73.8956,-22.9526,6.797
RGI60-05.19836,216495,73.822,-22.5881,1.484
RGI60-05.19837,216496,73.9294,-23.2718,3.416
RGI60-05.19838,216497,73.8352,-22.6499,0.95
RGI60-05.19839,216498,73.8343,-22.6056,1.706
RGI60-05.19840,216499,73.8495,-22.6685,3.63
RGI60-05.19841,216500,73.8569,-22.7108,1.016
RGI60-05.19842,216501,73.8829,-23.0257,0.134
RGI60-05.19843,216502,73.8361,-22.687,0.309
RGI60-05.19844,216503,73.9233,-23.1895,8.36
RGI60-05.19845,216504,73.9383,-23.2241,0.098
RGI60-05.19846,216505,73.8712,-22.9067,7.173
RGI60-05.19847,216506,73.902,-23.0939,22.259
RGI60-05.19848,216507,73.9314,-23.1478,0.129
RGI60-05.19849,216508,73.8665,-22.8249,0.237
RGI60-05.19850,216509,73.8448,-22.7969,11.257
RGI60-05.19851,216510,73.9388,-23.3443,2.917
RGI60-05.19852,216511,73.8319,-22.7703,1.433
RGI60-05.19853,216512,73.9142,-22.9818,1.111
RGI60-05.19854,216513,73.8906,-22.2011,0.312
RGI60-05.19855,216514,73.9034,-22.1894,0.401
RGI60-05.19856,216515,74.0196,-22.9861,0.523
RGI60-05.19857,216516,73.9922,-22.7024,0.476
RGI60-05.19858,216517,74.0041,-22.677,0.636
RGI60-05.19859,216518,73.8084,-20.9759,0.498
RGI60-05.19860,216519,73.9654,-22.3534,2.243
RGI60-05.19861,216520,73.9591,-22.3878,0.24
RGI60-05.19862,216521,73.98,-22.3759,1.381
RGI60-05.19863,216522,74.0146,-22.3994,1.105
RGI60-05.19864,216523,74.0352,-22.4641,0.952
RGI60-05.19865,216524,74.0405,-22.4696,0.325
RGI60-05.19866,216525,74.0384,-22.5958,1.285
RGI60-05.19867,216526,74.0264,-22.5971,0.05
RGI60-05.19868,216527,74.0346,-22.5571,1.836
RGI60-05.19869,216528,74.0271,-22.4421,2.14
RGI60-05.19870,216529,73.987,-22.4245,0.364
RGI60-05.19871,216530,73.9619,-22.4075,0.128
RGI60-05.19872,216531,73.9193,-22.4829,2.097
RGI60-05.19873,216532,73.9329,-22.6284,0.211
RGI60-05.19874,216533,73.9092,-22.4783,0.85
RGI60-05.19875,216534,74.0325,-22.5033,2.154
RGI60-05.19876,216535,73.9486,-22.4918,20.889
RGI60-05.19877,216536,74.0019,-22.553,20.492
RGI60-05.19878,216537,73.9,-22.4944,3.558
RGI60-05.19879,216538,73.9581,-22.6578,21.667
RGI60-05.19880,216539,73.9763,-22.5604,0.556
RGI60-05.19881,216540,73.9125,-21.3826,0.826
RGI60-05.19882,216541,73.9361,-21.502,2.016
RGI60-05.19883,216542,73.9222,-21.419,2.716
RGI60-05.19884,216543,73.9297,-21.468,0.681
RGI60-05.19885,216544,73.9178,-21.4537,0.157
RGI60-05.19886,216545,73.9394,-21.5684,1.009
RGI60-05.19887,216546,73.9149,-21.5151,15.944
RGI60-05.19888,216547,73.9045,-21.394,0.3
RGI60-05.19889,216548,73.889,-21.0821,2.476
RGI60-05.19890,216549,73.8883,-21.3688,3.272
RGI60-05.19891,216550,73.8793,-21.3453,0.24
RGI60-05.19892,216551,73.8703,-21.3576,3.346
RGI60-05.19893,216552,73.8729,-21.4591,12.539
RGI60-05.19894,216553,74.2889,-23.6936,0.303
RGI60-05.19897,216554,73.8575,-21.417,6.588
RGI60-05.19898,216555,73.842,-21.4584,1.115
RGI60-05.19899,216556,73.8999,-21.1018,0.345
RGI60-05.19900,216557,73.8681,-21.0745,5.211
RGI60-05.19901,216558,73.847,-21.0526,1.035
RGI60-05.19902,216559,73.8466,-21.0742,1.368
RGI60-05.19903,216560,73.8354,-21.1054,1.106
RGI60-05.19904,216561,74.0084,-21.6266,1.941
RGI60-05.19905,216562,74.3135,-24.442,4.011
RGI60-05.19906,216563,74.3786,-25.067,3.483
RGI60-05.19907,216564,74.2248,-23.6393,8.465
RGI60-05.19908,216565,74.4647,-25.8499,0.069
RGI60-05.19909,216566,74.3018,-24.4179,2.001
RGI60-05.19910,216567,74.2896,-24.4283,1.432
RGI60-05.19911,216568,74.3004,-24.6227,3.302
RGI60-05.19912,216569,74.3075,-24.5812,0.103
RGI60-05.19913,216570,74.288,-24.6222,0.077
RGI60-05.19914,216571,74.2977,-24.4853,2.744
RGI60-05.19915,216572,74.2936,-24.5554,4.864
RGI60-05.19916,216573,74.2898,-24.4581,0.298
RGI60-05.19917,216574,74.2797,-24.5133,3.469
RGI60-05.19918,216575,74.4439,-25.4931,0.081
RGI60-05.19919,216576,74.3951,-24.8683,0.074
RGI60-05.19921,216577,74.2822,-24.6081,5.597
RGI60-05.19922,216578,74.2602,-24.5301,2.507
RGI60-05.19923,216579,74.3049,-24.6643,1.99
RGI60-05.19924,216580,74.1353,-22.3338,1.045
RGI60-05.19925,216581,74.1373,-22.373,0.71
RGI60-05.19926,216582,74.1138,-22.3764,1.599
RGI60-05.19927,216583,74.1293,-22.3175,0.876
RGI60-05.19928,216584,74.1205,-22.3304,1.002
RGI60-05.19929,216585,74.1264,-22.3955,5.607
RGI60-05.19930,216586,74.3867,-25.3812,6.381
RGI60-05.19931,216587,74.5005,-25.7004,0.114
RGI60-05.19932,216588,74.5034,-25.7408,0.645
RGI60-05.19933,216589,74.3775,-24.419,2.443
RGI60-05.19934,216590,74.3654,-24.4461,0.112
RGI60-05.19935,216591,74.3779,-24.4655,2.408
RGI60-05.19936,216592,74.1814,-21.1685,14.758
RGI60-05.19937,216593,74.1977,-20.9546,0.818
RGI60-05.19938,216594,74.1884,-20.8186,0.513
RGI60-05.19939,216595,74.3858,-22.2671,3.703
RGI60-05.19940,216596,74.377,-22.2183,1.555
RGI60-05.19941,216597,74.3875,-22.3146,0.865
RGI60-05.19942,216598,74.3724,-22.3166,3.81
RGI60-05.19943,216599,74.3522,-22.3873,3.284
RGI60-05.19944,216600,74.3577,-22.3176,5.689
RGI60-05.19945,216601,74.3429,-22.3619,3.064
RGI60-05.19946,216602,74.407,-22.2463,1.129
RGI60-05.19947,216603,74.5174,-23.2368,1.377
RGI60-05.19948,216604,74.3498,-21.2808,0.859
RGI60-05.19949,216605,74.3072,-20.8185,0.152
RGI60-05.19950,216606,74.3052,-20.7902,0.224
RGI60-05.19951,216607,74.5771,-23.072,0.202
RGI60-05.19952,216608,74.5787,-23.0194,0.34
RGI60-05.19953,216609,74.3219,-20.785,1.115
RGI60-05.19954,216610,74.3116,-20.6684,0.395
RGI60-05.19955,216611,74.2987,-20.6559,0.069
RGI60-05.19956,216612,74.2976,-20.7093,2.318
RGI60-05.19957,216613,74.6014,-23.103,0.067
RGI60-05.19958,216614,74.3232,-20.6915,0.153
RGI60-05.19959,216615,74.3209,-20.7166,0.781
RGI60-05.19960,216616,74.3119,-20.7168,1.991
RGI60-05.19961,216617,74.3771,-21.0691,0.635
RGI60-05.19962,216618,74.3764,-21.0595,0.085
RGI60-05.19963,216619,74.3429,-20.7784,1.415
RGI60-05.19964,216620,74.417,-21.226,0.411
RGI60-05.19965,216621,74.4088,-21.1519,0.628
RGI60-05.19966,216622,74.4153,-21.2,0.108
RGI60-05.19967,216623,74.394,-21.1026,0.64
RGI60-05.19968,216624,74.3754,-21.1167,6.588
RGI60-05.19969,216625,74.3871,-21.1664,0.07
RGI60-05.19970,216626,74.3694,-21.1788,0.093
RGI60-05.19971,216627,74.4128,-21.1891,0.25
RGI60-05.19972,216628,74.4052,-21.2137,1.405
RGI60-05.19973,216629,74.3648,-21.0599,1.885
RGI60-05.19974,216630,74.351,-21.1241,1.858
RGI60-05.19975,216631,74.382,-21.2136,5.389
RGI60-05.19976,216632,74.2171,-20.9721,1.326
RGI60-05.19977,216633,74.3118,-20.8504,6.222
RGI60-05.19978,216634,74.3028,-20.8798,0.06
RGI60-05.19979,216635,74.3597,-21.1088,0.465
RGI60-05.19980,216636,74.2158,-21.0797,0.307
RGI60-05.19981,216637,74.3626,-21.2296,6.838
RGI60-05.19982,216638,74.2844,-20.8202,4.745
RGI60-05.19983,216639,74.34,-21.0689,5.788
RGI60-05.19984,216640,74.2584,-20.8767,1.513
RGI60-05.19985,216641,74.3363,-21.2157,10.268
RGI60-05.19986,216642,74.2685,-20.8,0.076
RGI60-05.19987,216643,74.2687,-20.8312,1.348
RGI60-05.19988,216644,74.3227,-21.2682,4.217
RGI60-05.19989,216645,74.2385,-20.7745,0.18
RGI60-05.19990,216646,74.2387,-20.8083,1.361
RGI60-05.19991,216647,74.2261,-20.7853,0.254
RGI60-05.19992,216648,74.2938,-21.2383,20.628
RGI60-05.19993,216649,74.2311,-20.7777,0.112
RGI60-05.19994,216650,74.2098,-20.8156,0.45
RGI60-05.19995,216651,74.2185,-20.8459,6.94
RGI60-05.19996,216652,74.2253,-21.0521,6.88
RGI60-05.19997,216653,74.2568,-21.2395,19.436
RGI60-05.19998,216654,74.2326,-21.1961,4.052
RGI60-05.19999,216655,74.4006,-21.0963,1.295
RGI60-05.20000,216656,74.2976,-20.7869,0.166
RGI60-05.20001,216657,74.3042,-21.1084,4.68
RGI60-05.20002,216658,74.27,-21.0009,59.674
RGI60-05.20003,216659,74.4196,-21.1594,1.103
RGI60-05.20004,216660,74.321,-20.8796,0.695
RGI60-05.20005,216661,74.3156,-20.9087,2.095
RGI60-05.20011,216662,74.4287,-21.1765,0.288
RGI60-05.20012,216663,74.295,-21.088,0.838
RGI60-05.20013,216664,74.6145,-22.7017,0.158
RGI60-05.20014,216665,74.299,-20.905,0.866
RGI60-05.20015,216666,74.4127,-21.042,0.124
RGI60-05.20016,216667,74.433,-21.1776,0.16
RGI60-05.20017,216668,74.43,-21.2395,0.063
RGI60-05.20018,216669,74.548,-21.3228,0.568
RGI60-05.20019,216670,74.5953,-21.4397,0.159
RGI60-05.20020,216671,74.4266,-21.2055,1.036
RGI60-05.20021,216672,74.2291,-21.1505,2.3
RGI60-05.20022,216673,74.3596,-20.7586,5.32
RGI60-05.20023,216674,74.3656,-20.6989,1.398
RGI60-05.20024,216675,74.6961,-22.3174,0.478
RGI60-05.20026,216676,74.3776,-20.8954,1.24
RGI60-05.20027,216677,74.349,-20.8181,1.705
RGI60-05.20028,216678,74.3519,-20.7392,0.066
RGI60-05.20029,216679,74.4182,-21.1102,1.762
RGI60-05.20030,3350,74.3778,-20.8288,6.611
RGI60-05.20031,216680,74.3631,-20.8445,0.134
RGI60-05.20032,216681,74.6147,-22.6699,0.141
RGI60-05.20033,216682,74.6153,-22.6511,0.176
RGI60-05.20035,216683,74.4198,-22.4198,6.665
RGI60-05.20036,216684,74.5966,-21.9584,0.146
RGI60-05.20037,216685,74.6383,-22.3919,5.021
RGI60-05.20038,216686,74.561,-22.4373,90.733
RGI60-05.20039,216687,74.5574,-20.7611,0.488
RGI60-05.20040,216688,74.625,-22.3528,6.457
RGI60-05.20041,216689,74.522,-22.075,7.939
RGI60-05.20042,216690,74.6111,-22.3489,3.707
RGI60-05.20043,216691,74.5487,-22.183,13.39
RGI60-05.20044,216692,74.5707,-22.1892,1.885
RGI60-05.20045,216693,74.5343,-22.7528,12.774
RGI60-05.20046,216694,74.4368,-22.3741,3.762
RGI60-05.20047,216695,74.5464,-20.8003,0.494
RGI60-05.20048,216696,74.4517,-22.2778,12.107
RGI60-05.20049,216697,74.546,-22.0984,2.544
RGI60-05.20050,216698,74.4966,-22.6658,40.293
RGI60-05.20051,216699,74.5001,-22.2736,80.17
RGI60-05.20052,216700,74.4358,-22.6328,12.925
RGI60-05.20053,216701,74.4018,-22.4454,1.592
RGI60-05.20054,216702,74.4415,-22.5104,66.207
RGI60-05.20055,216703,74.5569,-22.7808,8.537
RGI60-05.20056,216704,74.5701,-21.6749,9.732
RGI60-05.20057,216705,74.5094,-21.747,7.074
RGI60-05.20058,216706,74.5228,-21.696,1.644
RGI60-05.20059,216707,74.5444,-21.6715,5.199
RGI60-05.20060,216708,74.5594,-21.7434,8.557
RGI60-05.20061,216709,74.4935,-20.9094,1.279
RGI60-05.20062,216710,74.375,-19.6496,2.866
RGI60-05.20063,216711,74.4164,-19.6058,1.055
RGI60-05.20064,216712,74.6046,-21.0945,3.156
RGI60-05.20065,216713,74.4038,-19.5762,3.801
RGI60-05.20066,216714,74.5598,-20.8679,3.559
RGI60-05.20067,216715,74.4014,-19.6822,8.875
RGI60-05.20068,216716,74.5651,-20.7964,2.453
RGI60-05.20069,216717,74.5865,-20.8478,0.971
RGI60-05.20070,216718,74.5812,-20.8614,0.629
RGI60-05.20071,216719,74.5793,-20.8184,0.388
RGI60-05.20072,216720,74.4405,-19.6998,3.759
RGI60-05.20073,216721,74.5963,-21.143,1.409
RGI60-05.20074,216722,74.4324,-19.6026,4.148
RGI60-05.20075,216723,74.4556,-19.6925,0.844
RGI60-05.20076,216724,74.6115,-21.1584,6.636
RGI60-05.20077,216725,74.6155,-21.0923,0.849
RGI60-05.20078,216726,74.5755,-21.1582,2.028
RGI60-05.20079,216727,74.5908,-21.1983,3.098
RGI60-05.20080,216728,74.6155,-21.0512,1.189
RGI60-05.20081,216729,74.6608,-21.2198,0.455
RGI60-05.20082,216730,74.6848,-21.2344,1.189
RGI60-05.20083,216731,74.5739,-20.5406,5.098
RGI60-05.20084,216732,74.6721,-21.2384,0.763
RGI60-05.20085,216733,74.488,-19.4806,0.521
RGI60-05.20086,216734,74.6516,-21.3,1.372
RGI60-05.20087,216735,74.6421,-21.3047,0.735
RGI60-05.20088,216736,74.4706,-19.3729,2.399
RGI60-05.20089,216737,74.8612,-22.5702,0.328
RGI60-05.20090,216738,74.7059,-21.3541,1.223
RGI60-05.20091,216739,74.6835,-21.3369,13.825
RGI60-05.20092,216740,74.6719,-21.8055,68.582
RGI60-05.20093,216741,74.7353,-21.6198,6.207
RGI60-05.20094,216742,74.7319,-21.7034,5.96
RGI60-05.20095,216743,74.6655,-21.2523,0.36
RGI60-05.20096,216744,74.7027,-21.9948,18.212
RGI60-05.20097,216745,74.6779,-22.078,12.745
RGI60-05.20098,216746,74.6512,-21.5255,35.228
RGI60-05.20099,216747,74.5893,-21.4422,0.313
RGI60-05.20100,216748,74.6077,-21.4832,5.056
RGI60-05.20101,216749,74.5809,-21.4635,2.31
RGI60-05.20102,216750,74.6533,-22.0491,10.46
RGI60-05.20103,216751,74.6078,-21.5608,14.742
RGI60-05.20104,216752,74.628,-21.9736,19.447
RGI60-05.20105,216753,74.6102,-21.697,16.42
RGI60-05.20106,216754,74.6995,-21.5657,35.682
RGI60-05.20107,216755,74.7131,-21.3759,0.404
RGI60-05.20110,216756,70.2494,-29.9023,0.063
RGI60-05.20115,216757,74.611,-19.0627,0.158
RGI60-05.20116,216758,75.0504,-22.7663,0.105
RGI60-05.20118,216759,73.3527,-27.7217,44.348
RGI60-05.20119,216760,73.3253,-27.8615,23.536
RGI60-05.20120,216761,73.3848,-27.552,19.164
RGI60-05.20121,216762,73.2734,-28.0206,8.83
RGI60-05.20122,216763,73.2676,-28.0889,1.633
RGI60-05.20124,216764,70.2541,-29.9444,0.099
RGI60-05.20126,216765,70.2523,-29.9243,0.146
RGI60-05.20128,216766,70.2529,-29.9134,0.162
RGI60-05.20130,,70.9531,-25.8072,0.062
RGI60-05.20132,,70.9552,-25.8159,0.098
RGI60-05.20134,,70.9595,-25.801,0.148
RGI60-05.20136,216767,71.8535,-23.4995,0.095
RGI60-05.20138,216768,71.8547,-23.4829,0.127
RGI60-05.20139,216769,74.9179,-20.8577,0.308
RGI60-05.20141,216770,75.0378,-22.2858,0.86
RGI60-05.20142,216771,75.072,-22.137,0.178
RGI60-05.20143,216772,74.6263,-21.8941,3.222
RGI60-05.20144,216773,74.787,-21.1043,0.478
RGI60-05.20145,216774,74.6753,-21.4014,3.984
RGI60-05.20146,216775,74.4986,-19.2339,0.57
RGI60-05.20147,216776,74.6237,-21.8508,2.118
RGI60-05.20148,216777,74.7321,-21.5369,1.824
RGI60-05.20149,216778,74.9693,-22.5581,0.211
RGI60-05.20150,216779,74.6477,-21.3373,2.885
RGI60-05.20151,216780,74.613,-21.7815,12.357
RGI60-05.20152,216781,74.5937,-21.6219,5.016
RGI60-05.20153,216782,74.4685,-19.2561,0.83
RGI60-05.20154,216783,74.6918,-20.9489,2.611
RGI60-05.20155,216784,74.6923,-20.9222,0.064
RGI60-05.20156,216785,74.6991,-20.9978,0.748
RGI60-05.20157,216786,74.785,-20.9245,1.738
RGI60-05.20158,216787,74.7876,-20.9541,0.095
RGI60-05.20159,216788,74.4752,-19.3121,2.511
RGI60-05.20160,216789,74.4964,-19.3121,1.168
RGI60-05.20161,216790,74.4853,-19.3368,0.894
RGI60-05.20162,216791,74.7815,-20.9626,0.769
RGI60-05.20163,216792,74.4617,-19.107,3.196
RGI60-05.20164,216793,74.6876,-20.8742,1.503
RGI60-05.20165,216794,74.5122,-19.3322,3.093
RGI60-05.20166,216795,74.502,-19.3316,0.066
RGI60-05.20167,216796,74.8386,-21.8127,0.229
RGI60-05.20168,216797,74.8503,-21.8231,1.781
RGI60-05.20169,216798,74.5348,-19.3191,2.608
RGI60-05.20170,216799,74.9324,-22.5662,0.174
RGI60-05.20171,216800,74.7729,-21.0229,0.127
RGI60-05.20172,216801,74.7703,-21.0074,0.205
RGI60-05.20173,216802,74.7637,-21.0378,3.393
RGI60-05.20174,216803,74.8172,-21.6493,3.908
RGI60-05.20175,216804,74.835,-21.7075,6.483
RGI60-05.20176,216805,75.0271,-22.6901,0.258
RGI60-05.20177,216806,74.9546,-22.5907,1.064
RGI60-05.20178,216807,74.7949,-21.1091,1.835
RGI60-05.20179,216808,74.7853,-21.1473,0.585
RGI60-05.20180,216809,74.9918,-22.6658,0.783
RGI60-05.20181,216810,74.846,-21.2666,0.37
RGI60-05.20182,216811,74.9787,-22.5199,0.349
RGI60-05.20183,216812,74.9837,-22.602,3.712
RGI60-05.20184,216813,74.9852,-22.4965,0.752
RGI60-05.20185,216814,74.6517,-19.3875,0.232
RGI60-05.20186,216815,74.8284,-21.1261,2.036
RGI60-05.20187,216816,75.0026,-22.5651,0.615
RGI60-05.20188,216817,74.583,-19.0017,0.575
RGI60-05.20189,216818,74.8449,-21.1145,1.583
RGI60-05.20190,216819,75.0142,-22.6446,0.608
RGI60-05.20191,216820,74.5738,-18.8833,0.82
RGI60-05.20192,216821,74.572,-18.8394,0.337
RGI60-05.20193,216822,74.9557,-22.0134,15.002
RGI60-05.20194,216823,74.8038,-22.1984,14.012
RGI60-05.20195,216824,74.9626,-22.231,40.76
RGI60-05.20196,216825,74.9749,-22.0213,0.075
RGI60-05.20197,216826,74.9264,-21.9489,20.63
RGI60-05.20198,216827,74.9015,-22.0165,45.809
RGI60-05.20199,216828,74.6167,-18.9237,0.739
RGI60-05.20200,216829,74.9475,-22.4074,24.915
RGI60-05.20201,216830,74.8643,-22.2394,13.073
RGI60-05.20202,216831,74.7922,-20.1688,0.07
RGI60-05.20203,216832,74.791,-20.2067,0.092
RGI60-05.20204,216833,74.8005,-21.9174,7.19
RGI60-05.20205,216834,74.7706,-21.9548,19.637
RGI60-05.20206,216835,74.8872,-22.1667,33.35
RGI60-05.20207,216836,74.8412,-22.166,1.105
RGI60-05.20208,216837,74.7505,-22.0397,5.845
RGI60-05.20209,216838,74.767,-22.1231,9.918
RGI60-05.20210,216839,74.789,-20.1839,0.357
RGI60-05.20211,216840,74.7886,-20.1564,0.083
RGI60-05.20212,216841,74.8038,-22.0413,21.383
RGI60-05.20213,216842,74.8229,-22.1581,10.378
RGI60-05.20214,216843,74.7841,-20.1645,0.19
RGI60-05.20215,216844,74.9,-21.122,0.656
RGI60-05.20216,216845,74.8999,-21.1545,0.379
RGI60-05.20217,216846,74.8939,-21.1068,0.767
RGI60-05.20218,216847,74.8138,-20.2055,0.269
RGI60-05.20219,216848,74.8162,-20.2193,0.457
RGI60-05.20220,216849,74.9418,-21.2218,2.459
RGI60-05.20221,216850,74.9286,-21.1349,0.192
RGI60-05.20222,216851,74.9327,-21.1792,3.538
RGI60-05.20223,216852,74.9167,-21.1368,3.41
RGI60-05.20224,216853,74.9358,-21.3139,5.5
RGI60-05.20225,216854,74.9068,-21.1754,0.142
RGI60-05.20226,216855,74.9206,-21.2941,1.148
RGI60-05.20227,216856,74.9466,-21.2689,2.348
RGI60-05.20228,216857,74.9196,-21.2161,3.839
RGI60-05.20229,216858,75.0829,-22.3118,19.426
RGI60-05.20230,216859,75.1133,-22.6076,5.744
RGI60-05.20231,216860,75.0658,-22.1987,4.59
RGI60-05.20232,216861,75.0837,-22.4805,6.053
RGI60-05.20233,216862,75.0493,-22.2452,8.25
RGI60-05.20234,216863,75.0318,-22.2251,1.502
RGI60-05.20235,216864,75.0943,-22.5718,2.504
RGI60-05.20236,216865,75.0646,-22.403,4.212
RGI60-05.20237,216866,75.0529,-22.3272,3.824
RGI60-05.20238,216867,75.0812,-22.1883,1.513
RGI60-05.20239,216868,75.1075,-22.4666,20.077
RGI60-05.20240,216869,75.2097,-23.0702,0.144
RGI60-05.20241,216870,75.2071,-23.104,1.617
RGI60-05.20242,216871,74.9909,-21.0583,1.839
RGI60-05.20243,216872,74.885,-20.0088,0.35
RGI60-05.20244,216873,75.0308,-21.0499,0.877
RGI60-05.20245,216874,75.0397,-21.1215,2.854
RGI60-05.20246,216875,75.037,-21.0387,0.26
RGI60-05.20247,216876,75.0291,-21.0071,0.555
RGI60-05.20248,216877,75.0364,-21.1832,2.594
RGI60-05.20249,216878,75.0261,-21.141,2.986
RGI60-05.20250,216879,75.0301,-21.0872,0.053
RGI60-05.20251,216880,75.0379,-21.0725,1.209
RGI60-05.20252,216881,75.0317,-20.9364,0.192
RGI60-05.20253,216882,75.0293,-20.9302,0.283
RGI60-05.20254,216883,75.0264,-20.9413,0.057
RGI60-05.20255,216884,74.9652,-20.3671,1.07
RGI60-05.20256,216885,74.9724,-20.3827,0.311
RGI60-05.20257,216886,74.9639,-20.3998,0.066
RGI60-05.20258,216887,75.0312,-20.8935,0.353
RGI60-05.20259,216888,75.035,-20.801,0.332
RGI60-05.20260,216889,74.9895,-20.0694,0.373
RGI60-05.20261,216890,74.9886,-20.1096,0.052
RGI60-05.20262,216891,74.9884,-20.0936,0.452
RGI60-05.20263,216892,74.9968,-20.0966,0.108
RGI60-05.20264,216893,75.013,-20.259,2.746
RGI60-05.20265,216894,74.9742,-20.2776,2.498
RGI60-05.20266,216895,74.999,-20.1421,5.599
RGI60-05.20267,216896,74.9592,-20.2854,0.402
RGI60-05.20269,216897,70.2511,-29.886,0.237
RGI60-05.20271,216898,70.2687,-29.8343,0.082
RGI60-05.20273,216899,70.2736,-29.8231,0.189
RGI60-05.20275,216900,70.2707,-29.7831,1.008
RGI60-05.20277,216901,70.2829,-29.7908,0.071
RGI60-05.20278,216902,69.9847,-28.9625,1.459
RGI60-05.20279,,71.2796,-25.5287,0.051
RGI60-05.20280,216903,71.2776,-25.5799,11.59
