outline_id,1949,1950,1951,1952,1953,1954,1955,1956,1957,1958,1959,1960,1961,1962,1963,1964,1965,1966,1967,1968,1969,1970,1971,1972,1973,1974,1975,1976,1977,1978,1979,1980,1981,1982,1983,1984,1985,1986,1987,1988,1989,1990,1991,1992,1993,1994,1995,1996,1997,1998,1999,2000,2001,2002,2003,2004,2005,2006,2007,2008,2009,2010,2011,2012,2013,2014,2015,2016,2017,2018,2019,2020,2021,2022,2023,2024,2025
RGI60-06.00001,0.132,0.132,0.132,0.132,0.132,0.132,0.132,0.132,0.132,0.132,0.132,0.132,0.132,0.132,0.132,0.132,0.132,0.132,0.132,0.132,0.132,0.132,0.132,0.132,0.132,0.132,0.132,0.132,0.132,0.132,0.132,0.132,0.132,0.132,0.132,0.132,0.132,0.132,0.132,0.132,0.132,0.132,0.132,0.132,0.132,0.132,0.132,0.132,0.132,0.132,0.132,0.132,0.132,0.132,0.132,0.132,0.132,0.132,0.132,0.132,0.132,0.132,0.132,0.132,0.132,0.132,0.132,0.132,0.132,0.132,0.132,0.132,0.132,0.132,0.132,0.132,0.132
RGI60-06.00002,0.144,0.144,0.144,0.144,0.144,0.144,0.144,0.144,0.144,0.144,0.144,0.144,0.144,0.144,0.144,0.144,0.144,0.144,0.144,0.144,0.144,0.144,0.144,0.144,0.144,0.144,0.144,0.144,0.144,0.144,0.144,0.144,0.144,0.144,0.144,0.144,0.144,0.144,0.144,0.144,0.144,0.144,0.144,0.144,0.144,0.144,0.144,0.144,0.144,0.144,0.144,0.144,0.144,0.144,0.144,0.144,0.144,0.144,0.144,0.144,0.144,0.144,0.144,0.144,0.144,0.144,0.144,0.144,0.144,0.144,0.144,0.144,0.144,0.144,0.144,0.144,0.144
RGI60-06.00003,0.149,0.149,0.149,0.149,0.149,0.149,0.149,0.149,0.149,0.149,0.149,0.149,0.149,0.149,0.149,0.149,0.149,0.149,0.149,0.149,0.149,0.149,0.149,0.149,0.149,0.149,0.149,0.149,0.149,0.149,0.149,0.149,0.149,0.149,0.149,0.149,0.149,0.149,0.149,0.149,0.149,0.149,0.149,0.149,0.149,0.149,0.149,0.149,0.149,0.149,0.149,0.149,0.149,0.149,0.149,0.149,0.149,0.149,0.149,0.149,0.149,0.149,0.149,0.149,0.149,0.149,0.149,0.149,0.149,0.149,0.149,0.149,0.149,0.149,0.149,0.149,0.149
RGI60-06.00004,0.233,0.233,0.233,0.233,0.233,0.233,0.233,0.233,0.233,0.233,0.233,0.233,0.233,0.233,0.233,0.233,0.233,0.233,0.233,0.233,0.233,0.233,0.233,0.233,0.233,0.233,0.233,0.233,0.233,0.233,0.233,0.233,0.233,0.233,0.233,0.233,0.233,0.233,0.233,0.233,0.233,0.233,0.233,0.233,0.233,0.233,0.233,0.233,0.233,0.233,0.233,0.233,0.233,0.233,0.233,0.233,0.233,0.233,0.233,0.233,0.233,0.233,0.233,0.233,0.233,0.233,0.233,0.233,0.233,0.233,0.233,0.233,0.233,0.233,0.233,0.233,0.233
RGI60-06.00005,0.141,0.141,0.141,0.141,0.141,0.141,0.141,0.141,0.141,0.141,0.141,0.141,0.141,0.141,0.141,0.141,0.141,0.141,0.141,0.141,0.141,0.141,0.141,0.141,0.141,0.141,0.141,0.141,0.141,0.141,0.141,0.141,0.141,0.141,0.141,0.141,0.141,0.141,0.141,0.141,0.141,0.141,0.141,0.141,0.141,0.141,0.141,0.141,0.141,0.141,0.141,0.141,0.141,0.141,0.141,0.141,0.141,0.141,0.141,0.141,0.141,0.141,0.141,0.141,0.141,0.141,0.141,0.141,0.141,0.141,0.141,0.141,0.141,0.141,0.141,0.141,0.141
RGI60-06.00006,0.149,0.149,0.149,0.149,0.149,0.149,0.149,0.149,0.149,0.149,0.149,0.149,0.149,0.149,0.149,0.149,0.149,0.149,0.149,0.149,0.149,0.149,0.149,0.149,0.149,0.149,0.149,0.149,0.149,0.149,0.149,0.149,0.149,0.149,0.149,0.149,0.149,0.149,0.149,0.149,0.149,0.149,0.149,0.149,0.149,0.149,0.149,0.149,0.149,0.149,0.149,0.149,0.149,0.149,0.149,0.149,0.149,0.149,0.149,0.149,0.149,0.149,0.149,0.149,0.149,0.149,0.149,0.149,0.149,0.149,0.149,0.149,0.149,0.149,0.149,0.149,0.149
RGI60-06.00007,0.145,0.145,0.145,0.145,0.145,0.145,0.145,0.145,0.145,0.145,0.145,0.145,0.145,0.145,0.145,0.145,0.145,0.145,0.145,0.145,0.145,0.145,0.145,0.145,0.145,0.145,0.145,0.145,0.145,0.145,0.145,0.145,0.145,0.145,0.145,0.145,0.145,0.145,0.145,0.145,0.145,0.145,0.145,0.145,0.145,0.145,0.145,0.145,0.145,0.145,0.145,0.145,0.145,0.145,0.145,0.145,0.145,0.145,0.145,0.145,0.145,0.145,0.145,0.145,0.145,0.145,0.145,0.145,0.145,0.145,0.145,0.145,0.145,0.145,0.145,0.145,0.145
RGI60-06.00008,0.154,0.154,0.154,0.154,0.154,0.154,0.154,0.154,0.154,0.154,0.154,0.154,0.154,0.154,0.154,0.154,0.154,0.154,0.154,0.154,0.154,0.154,0.154,0.154,0.154,0.154,0.154,0.154,0.154,0.154,0.154,0.154,0.154,0.154,0.154,0.154,0.154,0.154,0.154,0.154,0.154,0.154,0.154,0.154,0.154,0.154,0.154,0.154,0.154,0.154,0.154,0.154,0.154,0.154,0.154,0.154,0.154,0.154,0.154,0.154,0.154,0.154,0.154,0.154,0.154,0.154,0.154,0.154,0.154,0.154,0.154,0.154,0.154,0.154,0.154,0.154,0.154
RGI60-06.00009,0.186,0.186,0.186,0.186,0.186,0.186,0.186,0.186,0.186,0.186,0.186,0.186,0.186,0.186,0.186,0.186,0.186,0.186,0.186,0.186,0.186,0.186,0.186,0.186,0.186,0.186,0.186,0.186,0.186,0.186,0.186,0.186,0.186,0.186,0.186,0.186,0.186,0.186,0.186,0.186,0.186,0.186,0.186,0.186,0.186,0.186,0.186,0.186,0.186,0.186,0.186,0.186,0.186,0.186,0.186,0.186,0.186,0.186,0.186,0.186,0.186,0.186,0.186,0.186,0.186,0.186,0.186,0.186,0.186,0.186,0.186,0.186,0.186,0.186,0.186,0.186,0.186
RGI60-06.00010,0.16,0.16,0.16,0.16,0.16,0.16,0.16,0.16,0.16,0.16,0.16,0.16,0.16,0.16,0.16,0.16,0.16,0.16,0.16,0.16,0.16,0.16,0.16,0.16,0.16,0.16,0.16,0.16,0.16,0.16,0.16,0.16,0.16,0.16,0.16,0.16,0.16,0.16,0.16,0.16,0.16,0.16,0.16,0.16,0.16,0.16,0.16,0.16,0.16,0.16,0.16,0.16,0.16,0.16,0.16,0.16,0.16,0.16,0.16,0.16,0.16,0.16,0.16,0.16,0.16,0.16,0.16,0.16,0.16,0.16,0.16,0.16,0.16,0.16,0.16,0.16,0.16
RGI60-06.00011,0.201,0.201,0.201,0.201,0.201,0.201,0.201,0.201,0.201,0.201,0.201,0.201,0.201,0.201,0.201,0.201,0.201,0.201,0.201,0.201,0.201,0.201,0.201,0.201,0.201,0.201,0.201,0.201,0.201,0.201,0.201,0.201,0.201,0.201,0.201,0.201,0.201,0.201,0.201,0.201,0.201,0.201,0.201,0.201,0.201,0.201,0.201,0.201,0.201,0.201,0.201,0.201,0.201,0.201,0.201,0.201,0.201,0.201,0.201,0.201,0.201,0.201,0.201,0.201,0.201,0.201,0.201,0.201,0.201,0.201,0.201,0.201,0.201,0.201,0.201,0.201,0.201
RGI60-06.00012,0.281,0.281,0.281,0.281,0.281,0.281,0.281,0.281,0.281,0.281,0.281,0.281,0.281,0.281,0.281,0.281,0.281,0.281,0.281,0.281,0.281,0.281,0.281,0.281,0.281,0.281,0.281,0.281,0.281,0.281,0.281,0.281,0.281,0.281,0.281,0.281,0.281,0.281,0.281,0.281,0.281,0.281,0.281,0.281,0.281,0.281,0.281,0.281,0.281,0.281,0.281,0.281,0.281,0.281,0.281,0.281,0.281,0.281,0.281,0.281,0.281,0.281,0.281,0.281,0.281,0.281,0.281,0.281,0.281,0.281,0.281,0.281,0.281,0.281,0.281,0.281,0.281
RGI60-06.00013,0.169,0.169,0.169,0.169,0.169,0.169,0.169,0.169,0.169,0.169,0.169,0.169,0.169,0.169,0.169,0.169,0.169,0.169,0.169,0.169,0.169,0.169,0.169,0.169,0.169,0.169,0.169,0.169,0.169,0.169,0.169,0.169,0.169,0.169,0.169,0.169,0.169,0.169,0.169,0.169,0.169,0.169,0.169,0.169,0.169,0.169,0.169,0.169,0.169,0.169,0.169,0.169,0.169,0.169,0.169,0.169,0.169,0.169,0.169,0.169,0.169,0.169,0.169,0.169,0.169,0.169,0.169,0.169,0.169,0.169,0.169,0.169,0.169,0.169,0.169,0.169,0.169
RGI60-06.00014,0.152,0.152,0.152,0.152,0.152,0.152,0.152,0.152,0.152,0.152,0.152,0.152,0.152,0.152,0.152,0.152,0.152,0.152,0.152,0.152,0.152,0.152,0.152,0.152,0.152,0.152,0.152,0.152,0.152,0.152,0.152,0.152,0.152,0.152,0.152,0.152,0.152,0.152,0.152,0.152,0.152,0.152,0.152,0.152,0.152,0.152,0.152,0.152,0.152,0.152,0.152,0.152,0.152,0.152,0.152,0.152,0.152,0.152,0.152,0.152,0.152,0.152,0.152,0.152,0.152,0.152,0.152,0.152,0.152,0.152,0.152,0.152,0.152,0.152,0.152,0.152,0.152
RGI60-06.00015,0.164,0.164,0.164,0.164,0.164,0.164,0.164,0.164,0.164,0.164,0.164,0.164,0.164,0.164,0.164,0.164,0.164,0.164,0.164,0.164,0.164,0.164,0.164,0.164,0.164,0.164,0.164,0.164,0.164,0.164,0.164,0.164,0.164,0.164,0.164,0.164,0.164,0.164,0.164,0.164,0.164,0.164,0.164,0.164,0.164,0.164,0.164,0.164,0.164,0.164,0.164,0.164,0.164,0.164,0.164,0.164,0.164,0.164,0.164,0.164,0.164,0.164,0.164,0.164,0.164,0.164,0.164,0.164,0.164,0.164,0.164,0.164,0.164,0.164,0.164,0.164,0.164
RGI60-06.00016,0.297,0.297,0.297,0.297,0.297,0.297,0.297,0.297,0.297,0.297,0.297,0.297,0.297,0.297,0.297,0.297,0.297,0.297,0.297,0.297,0.297,0.297,0.297,0.297,0.297,0.297,0.297,0.297,0.297,0.297,0.297,0.297,0.297,0.297,0.297,0.297,0.297,0.297,0.297,0.297,0.297,0.297,0.297,0.297,0.297,0.297,0.297,0.297,0.297,0.297,0.297,0.297,0.297,0.297,0.297,0.297,0.297,0.297,0.297,0.297,0.297,0.297,0.297,0.297,0.297,0.297,0.297,0.297,0.297,0.297,0.297,0.297,0.297,0.297,0.297,0.297,0.297
RGI60-06.00017,0.134,0.134,0.134,0.134,0.134,0.134,0.134,0.134,0.134,0.134,0.134,0.134,0.134,0.134,0.134,0.134,0.134,0.134,0.134,0.134,0.134,0.134,0.134,0.134,0.134,0.134,0.134,0.134,0.134,0.134,0.134,0.134,0.134,0.134,0.134,0.134,0.134,0.134,0.134,0.134,0.134,0.134,0.134,0.134,0.134,0.134,0.134,0.134,0.134,0.134,0.134,0.134,0.134,0.134,0.134,0.134,0.134,0.134,0.134,0.134,0.134,0.134,0.134,0.134,0.134,0.134,0.134,0.134,0.134,0.134,0.134,0.134,0.134,0.134,0.134,0.134,0.134
RGI60-06.00018,0.364,0.364,0.364,0.364,0.364,0.364,0.364,0.364,0.364,0.364,0.364,0.364,0.364,0.364,0.364,0.364,0.364,0.364,0.364,0.364,0.364,0.364,0.364,0.364,0.364,0.364,0.364,0.364,0.364,0.364,0.364,0.364,0.364,0.364,0.364,0.364,0.364,0.364,0.364,0.364,0.364,0.364,0.364,0.364,0.364,0.364,0.364,0.364,0.364,0.364,0.364,0.364,0.364,0.364,0.364,0.364,0.364,0.364,0.364,0.364,0.364,0.364,0.364,0.364,0.364,0.364,0.364,0.364,0.364,0.364,0.364,0.364,0.364,0.364,0.364,0.364,0.364
RGI60-06.00019,0.226,0.226,0.226,0.226,0.226,0.226,0.226,0.226,0.226,0.226,0.226,0.226,0.226,0.226,0.226,0.226,0.226,0.226,0.226,0.226,0.226,0.226,0.226,0.226,0.226,0.226,0.226,0.226,0.226,0.226,0.226,0.226,0.226,0.226,0.226,0.226,0.226,0.226,0.226,0.226,0.226,0.226,0.226,0.226,0.226,0.226,0.226,0.226,0.226,0.226,0.226,0.226,0.226,0.226,0.226,0.226,0.226,0.226,0.226,0.226,0.226,0.226,0.226,0.226,0.226,0.226,0.226,0.226,0.226,0.226,0.226,0.226,0.226,0.226,0.226,0.226,0.226
RGI60-06.00020,0.178,0.178,0.178,0.178,0.178,0.178,0.178,0.178,0.178,0.178,0.178,0.178,0.178,0.178,0.178,0.178,0.178,0.178,0.178,0.178,0.178,0.178,0.178,0.178,0.178,0.178,0.178,0.178,0.178,0.178,0.178,0.178,0.178,0.178,0.178,0.178,0.178,0.178,0.178,0.178,0.178,0.178,0.178,0.178,0.178,0.178,0.178,0.178,0.178,0.178,0.178,0.178,0.178,0.178,0.178,0.178,0.178,0.178,0.178,0.178,0.178,0.178,0.178,0.178,0.178,0.178,0.178,0.178,0.178,0.178,0.178,0.178,0.178,0.178,0.178,0.178,0.178
RGI60-06.00021,0.203,0.203,0.203,0.203,0.203,0.203,0.203,0.203,0.203,0.203,0.203,0.203,0.203,0.203,0.203,0.203,0.203,0.203,0.203,0.203,0.203,0.203,0.203,0.203,0.203,0.203,0.203,0.203,0.203,0.203,0.203,0.203,0.203,0.203,0.203,0.203,0.203,0.203,0.203,0.203,0.203,0.203,0.203,0.203,0.203,0.203,0.203,0.203,0.203,0.203,0.203,0.203,0.203,0.203,0.203,0.203,0.203,0.203,0.203,0.203,0.203,0.203,0.203,0.203,0.203,0.203,0.203,0.203,0.203,0.203,0.203,0.203,0.203,0.203,0.203,0.203,0.203
RGI60-06.00022,0.227,0.227,0.227,0.227,0.227,0.227,0.227,0.227,0.227,0.227,0.227,0.227,0.227,0.227,0.227,0.227,0.227,0.227,0.227,0.227,0.227,0.227,0.227,0.227,0.227,0.227,0.227,0.227,0.227,0.227,0.227,0.227,0.227,0.227,0.227,0.227,0.227,0.227,0.227,0.227,0.227,0.227,0.227,0.227,0.227,0.227,0.227,0.227,0.227,0.227,0.227,0.227,0.227,0.227,0.227,0.227,0.227,0.227,0.227,0.227,0.227,0.227,0.227,0.227,0.227,0.227,0.227,0.227,0.227,0.227,0.227,0.227,0.227,0.227,0.227,0.227,0.227
RGI60-06.00023,0.291,0.291,0.291,0.291,0.291,0.291,0.291,0.291,0.291,0.291,0.291,0.291,0.291,0.291,0.291,0.291,0.291,0.291,0.291,0.291,0.291,0.291,0.291,0.291,0.291,0.291,0.291,0.291,0.291,0.291,0.291,0.291,0.291,0.291,0.291,0.291,0.291,0.291,0.291,0.291,0.291,0.291,0.291,0.291,0.291,0.291,0.291,0.291,0.291,0.291,0.291,0.291,0.291,0.291,0.291,0.291,0.291,0.291,0.291,0.291,0.291,0.291,0.291,0.291,0.291,0.291,0.291,0.291,0.291,0.291,0.291,0.291,0.291,0.291,0.291,0.291,0.291
RGI60-06.00024,0.23,0.23,0.23,0.23,0.23,0.23,0.23,0.23,0.23,0.23,0.23,0.23,0.23,0.23,0.23,0.23,0.23,0.23,0.23,0.23,0.23,0.23,0.23,0.23,0.23,0.23,0.23,0.23,0.23,0.23,0.23,0.23,0.23,0.23,0.23,0.23,0.23,0.23,0.23,0.23,0.23,0.23,0.23,0.23,0.23,0.23,0.23,0.23,0.23,0.23,0.23,0.23,0.23,0.23,0.23,0.23,0.23,0.23,0.23,0.23,0.23,0.23,0.23,0.23,0.23,0.23,0.23,0.23,0.23,0.23,0.23,0.23,0.23,0.23,0.23,0.23,0.23
RGI60-06.00025,0.133,0.133,0.133,0.133,0.133,0.133,0.133,0.133,0.133,0.133,0.133,0.133,0.133,0.133,0.133,0.133,0.133,0.133,0.133,0.133,0.133,0.133,0.133,0.133,0.133,0.133,0.133,0.133,0.133,0.133,0.133,0.133,0.133,0.133,0.133,0.133,0.133,0.133,0.133,0.133,0.133,0.133,0.133,0.133,0.133,0.133,0.133,0.133,0.133,0.133,0.133,0.133,0.133,0.133,0.133,0.133,0.133,0.133,0.133,0.133,0.133,0.133,0.133,0.133,0.133,0.133,0.133,0.133,0.133,0.133,0.133,0.133,0.133,0.133,0.133,0.133,0.133
RGI60-06.00026,0.132,0.132,0.132,0.132,0.132,0.132,0.132,0.132,0.132,0.132,0.132,0.132,0.132,0.132,0.132,0.132,0.132,0.132,0.132,0.132,0.132,0.132,0.132,0.132,0.132,0.132,0.132,0.132,0.132,0.132,0.132,0.132,0.132,0.132,0.132,0.132,0.132,0.132,0.132,0.132,0.132,0.132,0.132,0.132,0.132,0.132,0.132,0.132,0.132,0.132,0.132,0.132,0.132,0.132,0.132,0.132,0.132,0.132,0.132,0.132,0.132,0.132,0.132,0.132,0.132,0.132,0.132,0.132,0.132,0.132,0.132,0.132,0.132,0.132,0.132,0.132,0.132
RGI60-06.00027,0.127,0.127,0.127,0.127,0.127,0.127,0.127,0.127,0.127,0.127,0.127,0.127,0.127,0.127,0.127,0.127,0.127,0.127,0.127,0.127,0.127,0.127,0.127,0.127,0.127,0.127,0.127,0.127,0.127,0.127,0.127,0.127,0.127,0.127,0.127,0.127,0.127,0.127,0.127,0.127,0.127,0.127,0.127,0.127,0.127,0.127,0.127,0.127,0.127,0.127,0.127,0.127,0.127,0.127,0.127,0.127,0.127,0.127,0.127,0.127,0.127,0.127,0.127,0.127,0.127,0.127,0.127,0.127,0.127,0.127,0.127,0.127,0.127,0.127,0.127,0.127,0.127
RGI60-06.00028,0.144,0.144,0.144,0.144,0.144,0.144,0.144,0.144,0.144,0.144,0.144,0.144,0.144,0.144,0.144,0.144,0.144,0.144,0.144,0.144,0.144,0.144,0.144,0.144,0.144,0.144,0.144,0.144,0.144,0.144,0.144,0.144,0.144,0.144,0.144,0.144,0.144,0.144,0.144,0.144,0.144,0.144,0.144,0.144,0.144,0.144,0.144,0.144,0.144,0.144,0.144,0.144,0.144,0.144,0.144,0.144,0.144,0.144,0.144,0.144,0.144,0.144,0.144,0.144,0.144,0.144,0.144,0.144,0.144,0.144,0.144,0.144,0.144,0.144,0.144,0.144,0.144
RGI60-06.00029,0.144,0.144,0.144,0.144,0.144,0.144,0.144,0.144,0.144,0.144,0.144,0.144,0.144,0.144,0.144,0.144,0.144,0.144,0.144,0.144,0.144,0.144,0.144,0.144,0.144,0.144,0.144,0.144,0.144,0.144,0.144,0.144,0.144,0.144,0.144,0.144,0.144,0.144,0.144,0.144,0.144,0.144,0.144,0.144,0.144,0.144,0.144,0.144,0.144,0.144,0.144,0.144,0.144,0.144,0.144,0.144,0.144,0.144,0.144,0.144,0.144,0.144,0.144,0.144,0.144,0.144,0.144,0.144,0.144,0.144,0.144,0.144,0.144,0.144,0.144,0.144,0.144
RGI60-06.00030,0.221,0.221,0.221,0.221,0.221,0.221,0.221,0.221,0.221,0.221,0.221,0.221,0.221,0.221,0.221,0.221,0.221,0.221,0.221,0.221,0.221,0.221,0.221,0.221,0.221,0.221,0.221,0.221,0.221,0.221,0.221,0.221,0.221,0.221,0.221,0.221,0.221,0.221,0.221,0.221,0.221,0.221,0.221,0.221,0.221,0.221,0.221,0.221,0.221,0.221,0.221,0.221,0.221,0.221,0.221,0.221,0.221,0.221,0.221,0.221,0.221,0.221,0.221,0.221,0.221,0.221,0.221,0.221,0.221,0.221,0.221,0.221,0.221,0.221,0.221,0.221,0.221
RGI60-06.00031,0.171,0.171,0.171,0.171,0.171,0.171,0.171,0.171,0.171,0.171,0.171,0.171,0.171,0.171,0.171,0.171,0.171,0.171,0.171,0.171,0.171,0.171,0.171,0.171,0.171,0.171,0.171,0.171,0.171,0.171,0.171,0.171,0.171,0.171,0.171,0.171,0.171,0.171,0.171,0.171,0.171,0.171,0.171,0.171,0.171,0.171,0.171,0.171,0.171,0.171,0.171,0.171,0.171,0.171,0.171,0.171,0.171,0.171,0.171,0.171,0.171,0.171,0.171,0.171,0.171,0.171,0.171,0.171,0.171,0.171,0.171,0.171,0.171,0.171,0.171,0.171,0.171
RGI60-06.00032,0.23,0.23,0.23,0.23,0.23,0.23,0.23,0.23,0.23,0.23,0.23,0.23,0.23,0.23,0.23,0.23,0.23,0.23,0.23,0.23,0.23,0.23,0.23,0.23,0.23,0.23,0.23,0.23,0.23,0.23,0.23,0.23,0.23,0.23,0.23,0.23,0.23,0.23,0.23,0.23,0.23,0.23,0.23,0.23,0.23,0.23,0.23,0.23,0.23,0.23,0.23,0.23,0.23,0.23,0.23,0.23,0.23,0.23,0.23,0.23,0.23,0.23,0.23,0.23,0.23,0.23,0.23,0.23,0.23,0.23,0.23,0.23,0.23,0.23,0.23,0.23,0.23
RGI60-06.00033,0.207,0.207,0.207,0.207,0.207,0.207,0.207,0.207,0.207,0.207,0.207,0.207,0.207,0.207,0.207,0.207,0.207,0.207,0.207,0.207,0.207,0.207,0.207,0.207,0.207,0.207,0.207,0.207,0.207,0.207,0.207,0.207,0.207,0.207,0.207,0.207,0.207,0.207,0.207,0.207,0.207,0.207,0.207,0.207,0.207,0.207,0.207,0.207,0.207,0.207,0.207,0.207,0.207,0.207,0.207,0.207,0.207,0.207,0.207,0.207,0.207,0.207,0.207,0.207,0.207,0.207,0.207,0.207,0.207,0.207,0.207,0.207,0.207,0.207,0.207,0.207,0.207
RGI60-06.00034,0.179,0.179,0.179,0.179,0.179,0.179,0.179,0.179,0.179,0.179,0.179,0.179,0.179,0.179,0.179,0.179,0.179,0.179,0.179,0.179,0.179,0.179,0.179,0.179,0.179,0.179,0.179,0.179,0.179,0.179,0.179,0.179,0.179,0.179,0.179,0.179,0.179,0.179,0.179,0.179,0.179,0.179,0.179,0.179,0.179,0.179,0.179,0.179,0.179,0.179,0.179,0.179,0.179,0.179,0.179,0.179,0.179,0.179,0.179,0.179,0.179,0.179,0.179,0.179,0.179,0.179,0.179,0.179,0.179,0.179,0.179,0.179,0.179,0.179,0.179,0.179,0.179
RGI60-06.00035,0.218,0.218,0.218,0.218,0.218,0.218,0.218,0.218,0.218,0.218,0.218,0.218,0.218,0.218,0.218,0.218,0.218,0.218,0.218,0.218,0.218,0.218,0.218,0.218,0.218,0.218,0.218,0.218,0.218,0.218,0.218,0.218,0.218,0.218,0.218,0.218,0.218,0.218,0.218,0.218,0.218,0.218,0.218,0.218,0.218,0.218,0.218,0.218,0.218,0.218,0.218,0.218,0.218,0.218,0.218,0.218,0.218,0.218,0.218,0.218,0.218,0.218,0.218,0.218,0.218,0.218,0.218,0.218,0.218,0.218,0.218,0.218,0.218,0.218,0.218,0.218,0.218
RGI60-06.00036,0.167,0.167,0.167,0.167,0.167,0.167,0.167,0.167,0.167,0.167,0.167,0.167,0.167,0.167,0.167,0.167,0.167,0.167,0.167,0.167,0.167,0.167,0.167,0.167,0.167,0.167,0.167,0.167,0.167,0.167,0.167,0.167,0.167,0.167,0.167,0.167,0.167,0.167,0.167,0.167,0.167,0.167,0.167,0.167,0.167,0.167,0.167,0.167,0.167,0.167,0.167,0.167,0.167,0.167,0.167,0.167,0.167,0.167,0.167,0.167,0.167,0.167,0.167,0.167,0.167,0.167,0.167,0.167,0.167,0.167,0.167,0.167,0.167,0.167,0.167,0.167,0.167
RGI60-06.00037,0.233,0.233,0.233,0.233,0.233,0.233,0.233,0.233,0.233,0.233,0.233,0.233,0.233,0.233,0.233,0.233,0.233,0.233,0.233,0.233,0.233,0.233,0.233,0.233,0.233,0.233,0.233,0.233,0.233,0.233,0.233,0.233,0.233,0.233,0.233,0.233,0.233,0.233,0.233,0.233,0.233,0.233,0.233,0.233,0.233,0.233,0.233,0.233,0.233,0.233,0.233,0.233,0.233,0.233,0.233,0.233,0.233,0.233,0.233,0.233,0.233,0.233,0.233,0.233,0.233,0.233,0.233,0.233,0.233,0.233,0.233,0.233,0.233,0.233,0.233,0.233,0.233
RGI60-06.00038,0.19,0.19,0.19,0.19,0.19,0.19,0.19,0.19,0.19,0.19,0.19,0.19,0.19,0.19,0.19,0.19,0.19,0.19,0.19,0.19,0.19,0.19,0.19,0.19,0.19,0.19,0.19,0.19,0.19,0.19,0.19,0.19,0.19,0.19,0.19,0.19,0.19,0.19,0.19,0.19,0.19,0.19,0.19,0.19,0.19,0.19,0.19,0.19,0.19,0.19,0.19,0.19,0.19,0.19,0.19,0.19,0.19,0.19,0.19,0.19,0.19,0.19,0.19,0.19,0.19,0.19,0.19,0.19,0.19,0.19,0.19,0.19,0.19,0.19,0.19,0.19,0.19
RGI60-06.00039,0.144,0.144,0.144,0.144,0.144,0.144,0.144,0.144,0.144,0.144,0.144,0.144,0.144,0.144,0.144,0.144,0.144,0.144,0.144,0.144,0.144,0.144,0.144,0.144,0.144,0.144,0.144,0.144,0.144,0.144,0.144,0.144,0.144,0.144,0.144,0.144,0.144,0.144,0.144,0.144,0.144,0.144,0.144,0.144,0.144,0.144,0.144,0.144,0.144,0.144,0.144,0.144,0.144,0.144,0.144,0.144,0.144,0.144,0.144,0.144,0.144,0.144,0.144,0.144,0.144,0.144,0.144,0.144,0.144,0.144,0.144,0.144,0.144,0.144,0.144,0.144,0.144
RGI60-06.00040,0.216,0.216,0.216,0.216,0.216,0.216,0.216,0.216,0.216,0.216,0.216,0.216,0.216,0.216,0.216,0.216,0.216,0.216,0.216,0.216,0.216,0.216,0.216,0.216,0.216,0.216,0.216,0.216,0.216,0.216,0.216,0.216,0.216,0.216,0.216,0.216,0.216,0.216,0.216,0.216,0.216,0.216,0.216,0.216,0.216,0.216,0.216,0.216,0.216,0.216,0.216,0.216,0.216,0.216,0.216,0.216,0.216,0.216,0.216,0.216,0.216,0.216,0.216,0.216,0.216,0.216,0.216,0.216,0.216,0.216,0.216,0.216,0.216,0.216,0.216,0.216,0.216
RGI60-06.00041,0.123,0.123,0.123,0.123,0.123,0.123,0.123,0.123,0.123,0.123,0.123,0.123,0.123,0.123,0.123,0.123,0.123,0.123,0.123,0.123,0.123,0.123,0.123,0.123,0.123,0.123,0.123,0.123,0.123,0.123,0.123,0.123,0.123,0.123,0.123,0.123,0.123,0.123,0.123,0.123,0.123,0.123,0.123,0.123,0.123,0.123,0.123,0.123,0.123,0.123,0.123,0.123,0.123,0.123,0.123,0.123,0.123,0.123,0.123,0.123,0.123,0.123,0.123,0.123,0.123,0.123,0.123,0.123,0.123,0.123,0.123,0.123,0.123,0.123,0.123,0.123,0.123
RGI60-06.00042,0.224,0.224,0.224,0.224,0.224,0.224,0.224,0.224,0.224,0.224,0.224,0.224,0.224,0.224,0.224,0.224,0.224,0.224,0.224,0.224,0.224,0.224,0.224,0.224,0.224,0.224,0.224,0.224,0.224,0.224,0.224,0.224,0.224,0.224,0.224,0.224,0.224,0.224,0.224,0.224,0.224,0.224,0.224,0.224,0.224,0.224,0.224,0.224,0.224,0.224,0.224,0.224,0.224,0.224,0.224,0.224,0.224,0.224,0.224,0.224,0.224,0.224,0.224,0.224,0.224,0.224,0.224,0.224,0.224,0.224,0.224,0.224,0.224,0.224,0.224,0.224,0.224
RGI60-06.00043,0.133,0.133,0.133,0.133,0.133,0.133,0.133,0.133,0.133,0.133,0.133,0.133,0.133,0.133,0.133,0.133,0.133,0.133,0.133,0.133,0.133,0.133,0.133,0.133,0.133,0.133,0.133,0.133,0.133,0.133,0.133,0.133,0.133,0.133,0.133,0.133,0.133,0.133,0.133,0.133,0.133,0.133,0.133,0.133,0.133,0.133,0.133,0.133,0.133,0.133,0.133,0.133,0.133,0.133,0.133,0.133,0.133,0.133,0.133,0.133,0.133,0.133,0.133,0.133,0.133,0.133,0.133,0.133,0.133,0.133,0.133,0.133,0.133,0.133,0.133,0.133,0.133
RGI60-06.00044,0.16,0.16,0.16,0.16,0.16,0.16,0.16,0.16,0.16,0.16,0.16,0.16,0.16,0.16,0.16,0.16,0.16,0.16,0.16,0.16,0.16,0.16,0.16,0.16,0.16,0.16,0.16,0.16,0.16,0.16,0.16,0.16,0.16,0.16,0.16,0.16,0.16,0.16,0.16,0.16,0.16,0.16,0.16,0.16,0.16,0.16,0.16,0.16,0.16,0.16,0.16,0.16,0.16,0.16,0.16,0.16,0.16,0.16,0.16,0.16,0.16,0.16,0.16,0.16,0.16,0.16,0.16,0.16,0.16,0.16,0.16,0.16,0.16,0.16,0.16,0.16,0.16
RGI60-06.00045,0.184,0.184,0.184,0.184,0.184,0.184,0.184,0.184,0.184,0.184,0.184,0.184,0.184,0.184,0.184,0.184,0.184,0.184,0.184,0.184,0.184,0.184,0.184,0.184,0.184,0.184,0.184,0.184,0.184,0.184,0.184,0.184,0.184,0.184,0.184,0.184,0.184,0.184,0.184,0.184,0.184,0.184,0.184,0.184,0.184,0.184,0.184,0.184,0.184,0.184,0.184,0.184,0.184,0.184,0.184,0.184,0.184,0.184,0.184,0.184,0.184,0.184,0.184,0.184,0.184,0.184,0.184,0.184,0.184,0.184,0.184,0.184,0.184,0.184,0.184,0.184,0.184
RGI60-06.00046,0.156,0.156,0.156,0.156,0.156,0.156,0.156,0.156,0.156,0.156,0.156,0.156,0.156,0.156,0.156,0.156,0.156,0.156,0.156,0.156,0.156,0.156,0.156,0.156,0.156,0.156,0.156,0.156,0.156,0.156,0.156,0.156,0.156,0.156,0.156,0.156,0.156,0.156,0.156,0.156,0.156,0.156,0.156,0.156,0.156,0.156,0.156,0.156,0.156,0.156,0.156,0.156,0.156,0.156,0.156,0.156,0.156,0.156,0.156,0.156,0.156,0.156,0.156,0.156,0.156,0.156,0.156,0.156,0.156,0.156,0.156,0.156,0.156,0.156,0.156,0.156,0.156
RGI60-06.00047,0.251,0.251,0.251,0.251,0.251,0.251,0.251,0.251,0.251,0.251,0.251,0.251,0.251,0.251,0.251,0.251,0.251,0.251,0.251,0.251,0.251,0.251,0.251,0.251,0.251,0.251,0.251,0.251,0.251,0.251,0.251,0.251,0.251,0.251,0.251,0.251,0.251,0.251,0.251,0.251,0.251,0.251,0.251,0.251,0.251,0.251,0.251,0.251,0.251,0.251,0.251,0.251,0.251,0.251,0.251,0.251,0.251,0.251,0.251,0.251,0.251,0.251,0.251,0.251,0.251,0.251,0.251,0.251,0.251,0.251,0.251,0.251,0.251,0.251,0.251,0.251,0.251
RGI60-06.00048,0.147,0.147,0.147,0.147,0.147,0.147,0.147,0.147,0.147,0.147,0.147,0.147,0.147,0.147,0.147,0.147,0.147,0.147,0.147,0.147,0.147,0.147,0.147,0.147,0.147,0.147,0.147,0.147,0.147,0.147,0.147,0.147,0.147,0.147,0.147,0.147,0.147,0.147,0.147,0.147,0.147,0.147,0.147,0.147,0.147,0.147,0.147,0.147,0.147,0.147,0.147,0.147,0.147,0.147,0.147,0.147,0.147,0.147,0.147,0.147,0.147,0.147,0.147,0.147,0.147,0.147,0.147,0.147,0.147,0.147,0.147,0.147,0.147,0.147,0.147,0.147,0.147
RGI60-06.00049,0.159,0.159,0.159,0.159,0.159,0.159,0.159,0.159,0.159,0.159,0.159,0.159,0.159,0.159,0.159,0.159,0.159,0.159,0.159,0.159,0.159,0.159,0.159,0.159,0.159,0.159,0.159,0.159,0.159,0.159,0.159,0.159,0.159,0.159,0.159,0.159,0.159,0.159,0.159,0.159,0.159,0.159,0.159,0.159,0.159,0.159,0.159,0.159,0.159,0.159,0.159,0.159,0.159,0.159,0.159,0.159,0.159,0.159,0.159,0.159,0.159,0.159,0.159,0.159,0.159,0.159,0.159,0.159,0.159,0.159,0.159,0.159,0.159,0.159,0.159,0.159,0.159
RGI60-06.00050,0.212,0.212,0.212,0.212,0.212,0.212,0.212,0.212,0.212,0.212,0.212,0.212,0.212,0.212,0.212,0.212,0.212,0.212,0.212,0.212,0.212,0.212,0.212,0.212,0.212,0.212,0.212,0.212,0.212,0.212,0.212,0.212,0.212,0.212,0.212,0.212,0.212,0.212,0.212,0.212,0.212,0.212,0.212,0.212,0.212,0.212,0.212,0.212,0.212,0.212,0.212,0.212,0.212,0.212,0.212,0.212,0.212,0.212,0.212,0.212,0.212,0.212,0.212,0.212,0.212,0.212,0.212,0.212,0.212,0.212,0.212,0.212,0.212,0.212,0.212,0.212,0.212
RGI60-06.00051,0.18,0.18,0.18,0.18,0.18,0.18,0.18,0.18,0.18,0.18,0.18,0.18,0.18,0.18,0.18,0.18,0.18,0.18,0.18,0.18,0.18,0.18,0.18,0.18,0.18,0.18,0.18,0.18,0.18,0.18,0.18,0.18,0.18,0.18,0.18,0.18,0.18,0.18,0.18,0.18,0.18,0.18,0.18,0.18,0.18,0.18,0.18,0.18,0.18,0.18,0.18,0.18,0.18,0.18,0.18,0.18,0.18,0.18,0.18,0.18,0.18,0.18,0.18,0.18,0.18,0.18,0.18,0.18,0.18,0.18,0.18,0.18,0.18,0.18,0.18,0.18,0.18
RGI60-06.00052,0.17,0.17,0.17,0.17,0.17,0.17,0.17,0.17,0.17,0.17,0.17,0.17,0.17,0.17,0.17,0.17,0.17,0.17,0.17,0.17,0.17,0.17,0.17,0.17,0.17,0.17,0.17,0.17,0.17,0.17,0.17,0.17,0.17,0.17,0.17,0.17,0.17,0.17,0.17,0.17,0.17,0.17,0.17,0.17,0.17,0.17,0.17,0.17,0.17,0.17,0.17,0.17,0.17,0.17,0.17,0.17,0.17,0.17,0.17,0.17,0.17,0.17,0.17,0.17,0.17,0.17,0.17,0.17,0.17,0.17,0.17,0.17,0.17,0.17,0.17,0.17,0.17
RGI60-06.00053,0.189,0.189,0.189,0.189,0.189,0.189,0.189,0.189,0.189,0.189,0.189,0.189,0.189,0.189,0.189,0.189,0.189,0.189,0.189,0.189,0.189,0.189,0.189,0.189,0.189,0.189,0.189,0.189,0.189,0.189,0.189,0.189,0.189,0.189,0.189,0.189,0.189,0.189,0.189,0.189,0.189,0.189,0.189,0.189,0.189,0.189,0.189,0.189,0.189,0.189,0.189,0.189,0.189,0.189,0.189,0.189,0.189,0.189,0.189,0.189,0.189,0.189,0.189,0.189,0.189,0.189,0.189,0.189,0.189,0.189,0.189,0.189,0.189,0.189,0.189,0.189,0.189
RGI60-06.00054,0.262,0.262,0.262,0.262,0.262,0.262,0.262,0.262,0.262,0.262,0.262,0.262,0.262,0.262,0.262,0.262,0.262,0.262,0.262,0.262,0.262,0.262,0.262,0.262,0.262,0.262,0.262,0.262,0.262,0.262,0.262,0.262,0.262,0.262,0.262,0.262,0.262,0.262,0.262,0.262,0.262,0.262,0.262,0.262,0.262,0.262,0.262,0.262,0.262,0.262,0.262,0.262,0.262,0.262,0.262,0.262,0.262,0.262,0.262,0.262,0.262,0.262,0.262,0.262,0.262,0.262,0.262,0.262,0.262,0.262,0.262,0.262,0.262,0.262,0.262,0.262,0.262
RGI60-06.00055,0.172,0.172,0.172,0.172,0.172,0.172,0.172,0.172,0.172,0.172,0.172,0.172,0.172,0.172,0.172,0.172,0.172,0.172,0.172,0.172,0.172,0.172,0.172,0.172,0.172,0.172,0.172,0.172,0.172,0.172,0.172,0.172,0.172,0.172,0.172,0.172,0.172,0.172,0.172,0.172,0.172,0.172,0.172,0.172,0.172,0.172,0.172,0.172,0.172,0.172,0.172,0.172,0.172,0.172,0.172,0.172,0.172,0.172,0.172,0.172,0.172,0.172,0.172,0.172,0.172,0.172,0.172,0.172,0.172,0.172,0.172,0.172,0.172,0.172,0.172,0.172,0.172
RGI60-06.00056,0.261,0.261,0.261,0.261,0.261,0.261,0.261,0.261,0.261,0.261,0.261,0.261,0.261,0.261,0.261,0.261,0.261,0.261,0.261,0.261,0.261,0.261,0.261,0.261,0.261,0.261,0.261,0.261,0.261,0.261,0.261,0.261,0.261,0.261,0.261,0.261,0.261,0.261,0.261,0.261,0.261,0.261,0.261,0.261,0.261,0.261,0.261,0.261,0.261,0.261,0.261,0.261,0.261,0.261,0.261,0.261,0.261,0.261,0.261,0.261,0.261,0.261,0.261,0.261,0.261,0.261,0.261,0.261,0.261,0.261,0.261,0.261,0.261,0.261,0.261,0.261,0.261
RGI60-06.00057,0.176,0.176,0.176,0.176,0.176,0.176,0.176,0.176,0.176,0.176,0.176,0.176,0.176,0.176,0.176,0.176,0.176,0.176,0.176,0.176,0.176,0.176,0.176,0.176,0.176,0.176,0.176,0.176,0.176,0.176,0.176,0.176,0.176,0.176,0.176,0.176,0.176,0.176,0.176,0.176,0.176,0.176,0.176,0.176,0.176,0.176,0.176,0.176,0.176,0.176,0.176,0.176,0.176,0.176,0.176,0.176,0.176,0.176,0.176,0.176,0.176,0.176,0.176,0.176,0.176,0.176,0.176,0.176,0.176,0.176,0.176,0.176,0.176,0.176,0.176,0.176,0.176
RGI60-06.00058,0.162,0.162,0.162,0.162,0.162,0.162,0.162,0.162,0.162,0.162,0.162,0.162,0.162,0.162,0.162,0.162,0.162,0.162,0.162,0.162,0.162,0.162,0.162,0.162,0.162,0.162,0.162,0.162,0.162,0.162,0.162,0.162,0.162,0.162,0.162,0.162,0.162,0.162,0.162,0.162,0.162,0.162,0.162,0.162,0.162,0.162,0.162,0.162,0.162,0.162,0.162,0.162,0.162,0.162,0.162,0.162,0.162,0.162,0.162,0.162,0.162,0.162,0.162,0.162,0.162,0.162,0.162,0.162,0.162,0.162,0.162,0.162,0.162,0.162,0.162,0.162,0.162
RGI60-06.00059,0.188,0.188,0.188,0.188,0.188,0.188,0.188,0.188,0.188,0.188,0.188,0.188,0.188,0.188,0.188,0.188,0.188,0.188,0.188,0.188,0.188,0.188,0.188,0.188,0.188,0.188,0.188,0.188,0.188,0.188,0.188,0.188,0.188,0.188,0.188,0.188,0.188,0.188,0.188,0.188,0.188,0.188,0.188,0.188,0.188,0.188,0.188,0.188,0.188,0.188,0.188,0.188,0.188,0.188,0.188,0.188,0.188,0.188,0.188,0.188,0.188,0.188,0.188,0.188,0.188,0.188,0.188,0.188,0.188,0.188,0.188,0.188,0.188,0.188,0.188,0.188,0.188
RGI60-06.00060,0.168,0.168,0.168,0.168,0.168,0.168,0.168,0.168,0.168,0.168,0.168,0.168,0.168,0.168,0.168,0.168,0.168,0.168,0.168,0.168,0.168,0.168,0.168,0.168,0.168,0.168,0.168,0.168,0.168,0.168,0.168,0.168,0.168,0.168,0.168,0.168,0.168,0.168,0.168,0.168,0.168,0.168,0.168,0.168,0.168,0.168,0.168,0.168,0.168,0.168,0.168,0.168,0.168,0.168,0.168,0.168,0.168,0.168,0.168,0.168,0.168,0.168,0.168,0.168,0.168,0.168,0.168,0.168,0.168,0.168,0.168,0.168,0.168,0.168,0.168,0.168,0.168
RGI60-06.00061,0.162,0.162,0.162,0.162,0.162,0.162,0.162,0.162,0.162,0.162,0.162,0.162,0.162,0.162,0.162,0.162,0.162,0.162,0.162,0.162,0.162,0.162,0.162,0.162,0.162,0.162,0.162,0.162,0.162,0.162,0.162,0.162,0.162,0.162,0.162,0.162,0.162,0.162,0.162,0.162,0.162,0.162,0.162,0.162,0.162,0.162,0.162,0.162,0.162,0.162,0.162,0.162,0.162,0.162,0.162,0.162,0.162,0.162,0.162,0.162,0.162,0.162,0.162,0.162,0.162,0.162,0.162,0.162,0.162,0.162,0.162,0.162,0.162,0.162,0.162,0.162,0.162
RGI60-06.00062,0.223,0.223,0.223,0.223,0.223,0.223,0.223,0.223,0.223,0.223,0.223,0.223,0.223,0.223,0.223,0.223,0.223,0.223,0.223,0.223,0.223,0.223,0.223,0.223,0.223,0.223,0.223,0.223,0.223,0.223,0.223,0.223,0.223,0.223,0.223,0.223,0.223,0.223,0.223,0.223,0.223,0.223,0.223,0.223,0.223,0.223,0.223,0.223,0.223,0.223,0.223,0.223,0.223,0.223,0.223,0.223,0.223,0.223,0.223,0.223,0.223,0.223,0.223,0.223,0.223,0.223,0.223,0.223,0.223,0.223,0.223,0.223,0.223,0.223,0.223,0.223,0.223
RGI60-06.00063,0.186,0.186,0.186,0.186,0.186,0.186,0.186,0.186,0.186,0.186,0.186,0.186,0.186,0.186,0.186,0.186,0.186,0.186,0.186,0.186,0.186,0.186,0.186,0.186,0.186,0.186,0.186,0.186,0.186,0.186,0.186,0.186,0.186,0.186,0.186,0.186,0.186,0.186,0.186,0.186,0.186,0.186,0.186,0.186,0.186,0.186,0.186,0.186,0.186,0.186,0.186,0.186,0.186,0.186,0.186,0.186,0.186,0.186,0.186,0.186,0.186,0.186,0.186,0.186,0.186,0.186,0.186,0.186,0.186,0.186,0.186,0.186,0.186,0.186,0.186,0.186,0.186
RGI60-06.00064,0.176,0.176,0.176,0.176,0.176,0.176,0.176,0.176,0.176,0.176,0.176,0.176,0.176,0.176,0.176,0.176,0.176,0.176,0.176,0.176,0.176,0.176,0.176,0.176,0.176,0.176,0.176,0.176,0.176,0.176,0.176,0.176,0.176,0.176,0.176,0.176,0.176,0.176,0.176,0.176,0.176,0.176,0.176,0.176,0.176,0.176,0.176,0.176,0.176,0.176,0.176,0.176,0.176,0.176,0.176,0.176,0.176,0.176,0.176,0.176,0.176,0.176,0.176,0.176,0.176,0.176,0.176,0.176,0.176,0.176,0.176,0.176,0.176,0.176,0.176,0.176,0.176
RGI60-06.00065,0.272,0.272,0.272,0.272,0.272,0.272,0.272,0.272,0.272,0.272,0.272,0.272,0.272,0.272,0.272,0.272,0.272,0.272,0.272,0.272,0.272,0.272,0.272,0.272,0.272,0.272,0.272,0.272,0.272,0.272,0.272,0.272,0.272,0.272,0.272,0.272,0.272,0.272,0.272,0.272,0.272,0.272,0.272,0.272,0.272,0.272,0.272,0.272,0.272,0.272,0.272,0.272,0.272,0.272,0.272,0.272,0.272,0.272,0.272,0.272,0.272,0.272,0.272,0.272,0.272,0.272,0.272,0.272,0.272,0.272,0.272,0.272,0.272,0.272,0.272,0.272,0.272
RGI60-06.00066,0.156,0.156,0.156,0.156,0.156,0.156,0.156,0.156,0.156,0.156,0.156,0.156,0.156,0.156,0.156,0.156,0.156,0.156,0.156,0.156,0.156,0.156,0.156,0.156,0.156,0.156,0.156,0.156,0.156,0.156,0.156,0.156,0.156,0.156,0.156,0.156,0.156,0.156,0.156,0.156,0.156,0.156,0.156,0.156,0.156,0.156,0.156,0.156,0.156,0.156,0.156,0.156,0.156,0.156,0.156,0.156,0.156,0.156,0.156,0.156,0.156,0.156,0.156,0.156,0.156,0.156,0.156,0.156,0.156,0.156,0.156,0.156,0.156,0.156,0.156,0.156,0.156
RGI60-06.00067,0.139,0.139,0.139,0.139,0.139,0.139,0.139,0.139,0.139,0.139,0.139,0.139,0.139,0.139,0.139,0.139,0.139,0.139,0.139,0.139,0.139,0.139,0.139,0.139,0.139,0.139,0.139,0.139,0.139,0.139,0.139,0.139,0.139,0.139,0.139,0.139,0.139,0.139,0.139,0.139,0.139,0.139,0.139,0.139,0.139,0.139,0.139,0.139,0.139,0.139,0.139,0.139,0.139,0.139,0.139,0.139,0.139,0.139,0.139,0.139,0.139,0.139,0.139,0.139,0.139,0.139,0.139,0.139,0.139,0.139,0.139,0.139,0.139,0.139,0.139,0.139,0.139
RGI60-06.00068,0.213,0.213,0.213,0.213,0.213,0.213,0.213,0.213,0.213,0.213,0.213,0.213,0.213,0.213,0.213,0.213,0.213,0.213,0.213,0.213,0.213,0.213,0.213,0.213,0.213,0.213,0.213,0.213,0.213,0.213,0.213,0.213,0.213,0.213,0.213,0.213,0.213,0.213,0.213,0.213,0.213,0.213,0.213,0.213,0.213,0.213,0.213,0.213,0.213,0.213,0.213,0.213,0.213,0.213,0.213,0.213,0.213,0.213,0.213,0.213,0.213,0.213,0.213,0.213,0.213,0.213,0.213,0.213,0.213,0.213,0.213,0.213,0.213,0.213,0.213,0.213,0.213
RGI60-06.00069,0.161,0.161,0.161,0.161,0.161,0.161,0.161,0.161,0.161,0.161,0.161,0.161,0.161,0.161,0.161,0.161,0.161,0.161,0.161,0.161,0.161,0.161,0.161,0.161,0.161,0.161,0.161,0.161,0.161,0.161,0.161,0.161,0.161,0.161,0.161,0.161,0.161,0.161,0.161,0.161,0.161,0.161,0.161,0.161,0.161,0.161,0.161,0.161,0.161,0.161,0.161,0.161,0.161,0.161,0.161,0.161,0.161,0.161,0.161,0.161,0.161,0.161,0.161,0.161,0.161,0.161,0.161,0.161,0.161,0.161,0.161,0.161,0.161,0.161,0.161,0.161,0.161
RGI60-06.00070,0.177,0.177,0.177,0.177,0.177,0.177,0.177,0.177,0.177,0.177,0.177,0.177,0.177,0.177,0.177,0.177,0.177,0.177,0.177,0.177,0.177,0.177,0.177,0.177,0.177,0.177,0.177,0.177,0.177,0.177,0.177,0.177,0.177,0.177,0.177,0.177,0.177,0.177,0.177,0.177,0.177,0.177,0.177,0.177,0.177,0.177,0.177,0.177,0.177,0.177,0.177,0.177,0.177,0.177,0.177,0.177,0.177,0.177,0.177,0.177,0.177,0.177,0.177,0.177,0.177,0.177,0.177,0.177,0.177,0.177,0.177,0.177,0.177,0.177,0.177,0.177,0.177
RGI60-06.00071,0.144,0.144,0.144,0.144,0.144,0.144,0.144,0.144,0.144,0.144,0.144,0.144,0.144,0.144,0.144,0.144,0.144,0.144,0.144,0.144,0.144,0.144,0.144,0.144,0.144,0.144,0.144,0.144,0.144,0.144,0.144,0.144,0.144,0.144,0.144,0.144,0.144,0.144,0.144,0.144,0.144,0.144,0.144,0.144,0.144,0.144,0.144,0.144,0.144,0.144,0.144,0.144,0.144,0.144,0.144,0.144,0.144,0.144,0.144,0.144,0.144,0.144,0.144,0.144,0.144,0.144,0.144,0.144,0.144,0.144,0.144,0.144,0.144,0.144,0.144,0.144,0.144
RGI60-06.00072,0.174,0.174,0.174,0.174,0.174,0.174,0.174,0.174,0.174,0.174,0.174,0.174,0.174,0.174,0.174,0.174,0.174,0.174,0.174,0.174,0.174,0.174,0.174,0.174,0.174,0.174,0.174,0.174,0.174,0.174,0.174,0.174,0.174,0.174,0.174,0.174,0.174,0.174,0.174,0.174,0.174,0.174,0.174,0.174,0.174,0.174,0.174,0.174,0.174,0.174,0.174,0.174,0.174,0.174,0.174,0.174,0.174,0.174,0.174,0.174,0.174,0.174,0.174,0.174,0.174,0.174,0.174,0.174,0.174,0.174,0.174,0.174,0.174,0.174,0.174,0.174,0.174
RGI60-06.00073,0.346,0.346,0.346,0.346,0.346,0.346,0.346,0.346,0.346,0.346,0.346,0.346,0.346,0.346,0.346,0.346,0.346,0.346,0.346,0.346,0.346,0.346,0.346,0.346,0.346,0.346,0.346,0.346,0.346,0.346,0.346,0.346,0.346,0.346,0.346,0.346,0.346,0.346,0.346,0.346,0.346,0.346,0.346,0.346,0.346,0.346,0.346,0.346,0.346,0.346,0.346,0.346,0.346,0.346,0.346,0.346,0.346,0.346,0.346,0.346,0.346,0.346,0.346,0.346,0.346,0.346,0.346,0.346,0.346,0.346,0.346,0.346,0.346,0.346,0.346,0.346,0.346
RGI60-06.00074,0.15,0.15,0.15,0.15,0.15,0.15,0.15,0.15,0.15,0.15,0.15,0.15,0.15,0.15,0.15,0.15,0.15,0.15,0.15,0.15,0.15,0.15,0.15,0.15,0.15,0.15,0.15,0.15,0.15,0.15,0.15,0.15,0.15,0.15,0.15,0.15,0.15,0.15,0.15,0.15,0.15,0.15,0.15,0.15,0.15,0.15,0.15,0.15,0.15,0.15,0.15,0.15,0.15,0.15,0.15,0.15,0.15,0.15,0.15,0.15,0.15,0.15,0.15,0.15,0.15,0.15,0.15,0.15,0.15,0.15,0.15,0.15,0.15,0.15,0.15,0.15,0.15
RGI60-06.00075,0.199,0.199,0.199,0.199,0.199,0.199,0.199,0.199,0.199,0.199,0.199,0.199,0.199,0.199,0.199,0.199,0.199,0.199,0.199,0.199,0.199,0.199,0.199,0.199,0.199,0.199,0.199,0.199,0.199,0.199,0.199,0.199,0.199,0.199,0.199,0.199,0.199,0.199,0.199,0.199,0.199,0.199,0.199,0.199,0.199,0.199,0.199,0.199,0.199,0.199,0.199,0.199,0.199,0.199,0.199,0.199,0.199,0.199,0.199,0.199,0.199,0.199,0.199,0.199,0.199,0.199,0.199,0.199,0.199,0.199,0.199,0.199,0.199,0.199,0.199,0.199,0.199
RGI60-06.00076,0.208,0.208,0.208,0.208,0.208,0.208,0.208,0.208,0.208,0.208,0.208,0.208,0.208,0.208,0.208,0.208,0.208,0.208,0.208,0.208,0.208,0.208,0.208,0.208,0.208,0.208,0.208,0.208,0.208,0.208,0.208,0.208,0.208,0.208,0.208,0.208,0.208,0.208,0.208,0.208,0.208,0.208,0.208,0.208,0.208,0.208,0.208,0.208,0.208,0.208,0.208,0.208,0.208,0.208,0.208,0.208,0.208,0.208,0.208,0.208,0.208,0.208,0.208,0.208,0.208,0.208,0.208,0.208,0.208,0.208,0.208,0.208,0.208,0.208,0.208,0.208,0.208
RGI60-06.00077,0.201,0.201,0.201,0.201,0.201,0.201,0.201,0.201,0.201,0.201,0.201,0.201,0.201,0.201,0.201,0.201,0.201,0.201,0.201,0.201,0.201,0.201,0.201,0.201,0.201,0.201,0.201,0.201,0.201,0.201,0.201,0.201,0.201,0.201,0.201,0.201,0.201,0.201,0.201,0.201,0.201,0.201,0.201,0.201,0.201,0.201,0.201,0.201,0.201,0.201,0.201,0.201,0.201,0.201,0.201,0.201,0.201,0.201,0.201,0.201,0.201,0.201,0.201,0.201,0.201,0.201,0.201,0.201,0.201,0.201,0.201,0.201,0.201,0.201,0.201,0.201,0.201
RGI60-06.00078,0.159,0.159,0.159,0.159,0.159,0.159,0.159,0.159,0.159,0.159,0.159,0.159,0.159,0.159,0.159,0.159,0.159,0.159,0.159,0.159,0.159,0.159,0.159,0.159,0.159,0.159,0.159,0.159,0.159,0.159,0.159,0.159,0.159,0.159,0.159,0.159,0.159,0.159,0.159,0.159,0.159,0.159,0.159,0.159,0.159,0.159,0.159,0.159,0.159,0.159,0.159,0.159,0.159,0.159,0.159,0.159,0.159,0.159,0.159,0.159,0.159,0.159,0.159,0.159,0.159,0.159,0.159,0.159,0.159,0.159,0.159,0.159,0.159,0.159,0.159,0.159,0.159
RGI60-06.00079,0.173,0.173,0.173,0.173,0.173,0.173,0.173,0.173,0.173,0.173,0.173,0.173,0.173,0.173,0.173,0.173,0.173,0.173,0.173,0.173,0.173,0.173,0.173,0.173,0.173,0.173,0.173,0.173,0.173,0.173,0.173,0.173,0.173,0.173,0.173,0.173,0.173,0.173,0.173,0.173,0.173,0.173,0.173,0.173,0.173,0.173,0.173,0.173,0.173,0.173,0.173,0.173,0.173,0.173,0.173,0.173,0.173,0.173,0.173,0.173,0.173,0.173,0.173,0.173,0.173,0.173,0.173,0.173,0.173,0.173,0.173,0.173,0.173,0.173,0.173,0.173,0.173
RGI60-06.00080,0.187,0.187,0.187,0.187,0.187,0.187,0.187,0.187,0.187,0.187,0.187,0.187,0.187,0.187,0.187,0.187,0.187,0.187,0.187,0.187,0.187,0.187,0.187,0.187,0.187,0.187,0.187,0.187,0.187,0.187,0.187,0.187,0.187,0.187,0.187,0.187,0.187,0.187,0.187,0.187,0.187,0.187,0.187,0.187,0.187,0.187,0.187,0.187,0.187,0.187,0.187,0.187,0.187,0.187,0.187,0.187,0.187,0.187,0.187,0.187,0.187,0.187,0.187,0.187,0.187,0.187,0.187,0.187,0.187,0.187,0.187,0.187,0.187,0.187,0.187,0.187,0.187
RGI60-06.00081,0.161,0.161,0.161,0.161,0.161,0.161,0.161,0.161,0.161,0.161,0.161,0.161,0.161,0.161,0.161,0.161,0.161,0.161,0.161,0.161,0.161,0.161,0.161,0.161,0.161,0.161,0.161,0.161,0.161,0.161,0.161,0.161,0.161,0.161,0.161,0.161,0.161,0.161,0.161,0.161,0.161,0.161,0.161,0.161,0.161,0.161,0.161,0.161,0.161,0.161,0.161,0.161,0.161,0.161,0.161,0.161,0.161,0.161,0.161,0.161,0.161,0.161,0.161,0.161,0.161,0.161,0.161,0.161,0.161,0.161,0.161,0.161,0.161,0.161,0.161,0.161,0.161
RGI60-06.00082,0.159,0.159,0.159,0.159,0.159,0.159,0.159,0.159,0.159,0.159,0.159,0.159,0.159,0.159,0.159,0.159,0.159,0.159,0.159,0.159,0.159,0.159,0.159,0.159,0.159,0.159,0.159,0.159,0.159,0.159,0.159,0.159,0.159,0.159,0.159,0.159,0.159,0.159,0.159,0.159,0.159,0.159,0.159,0.159,0.159,0.159,0.159,0.159,0.159,0.159,0.159,0.159,0.159,0.159,0.159,0.159,0.159,0.159,0.159,0.159,0.159,0.159,0.159,0.159,0.159,0.159,0.159,0.159,0.159,0.159,0.159,0.159,0.159,0.159,0.159,0.159,0.159
RGI60-06.00083,0.217,0.217,0.217,0.217,0.217,0.217,0.217,0.217,0.217,0.217,0.217,0.217,0.217,0.217,0.217,0.217,0.217,0.217,0.217,0.217,0.217,0.217,0.217,0.217,0.217,0.217,0.217,0.217,0.217,0.217,0.217,0.217,0.217,0.217,0.217,0.217,0.217,0.217,0.217,0.217,0.217,0.217,0.217,0.217,0.217,0.217,0.217,0.217,0.217,0.217,0.217,0.217,0.217,0.217,0.217,0.217,0.217,0.217,0.217,0.217,0.217,0.217,0.217,0.217,0.217,0.217,0.217,0.217,0.217,0.217,0.217,0.217,0.217,0.217,0.217,0.217,0.217
RGI60-06.00084,0.164,0.164,0.164,0.164,0.164,0.164,0.164,0.164,0.164,0.164,0.164,0.164,0.164,0.164,0.164,0.164,0.164,0.164,0.164,0.164,0.164,0.164,0.164,0.164,0.164,0.164,0.164,0.164,0.164,0.164,0.164,0.164,0.164,0.164,0.164,0.164,0.164,0.164,0.164,0.164,0.164,0.164,0.164,0.164,0.164,0.164,0.164,0.164,0.164,0.164,0.164,0.164,0.164,0.164,0.164,0.164,0.164,0.164,0.164,0.164,0.164,0.164,0.164,0.164,0.164,0.164,0.164,0.164,0.164,0.164,0.164,0.164,0.164,0.164,0.164,0.164,0.164
RGI60-06.00085,0.167,0.167,0.167,0.167,0.167,0.167,0.167,0.167,0.167,0.167,0.167,0.167,0.167,0.167,0.167,0.167,0.167,0.167,0.167,0.167,0.167,0.167,0.167,0.167,0.167,0.167,0.167,0.167,0.167,0.167,0.167,0.167,0.167,0.167,0.167,0.167,0.167,0.167,0.167,0.167,0.167,0.167,0.167,0.167,0.167,0.167,0.167,0.167,0.167,0.167,0.167,0.167,0.167,0.167,0.167,0.167,0.167,0.167,0.167,0.167,0.167,0.167,0.167,0.167,0.167,0.167,0.167,0.167,0.167,0.167,0.167,0.167,0.167,0.167,0.167,0.167,0.167
RGI60-06.00086,0.187,0.187,0.187,0.187,0.187,0.187,0.187,0.187,0.187,0.187,0.187,0.187,0.187,0.187,0.187,0.187,0.187,0.187,0.187,0.187,0.187,0.187,0.187,0.187,0.187,0.187,0.187,0.187,0.187,0.187,0.187,0.187,0.187,0.187,0.187,0.187,0.187,0.187,0.187,0.187,0.187,0.187,0.187,0.187,0.187,0.187,0.187,0.187,0.187,0.187,0.187,0.187,0.187,0.187,0.187,0.187,0.187,0.187,0.187,0.187,0.187,0.187,0.187,0.187,0.187,0.187,0.187,0.187,0.187,0.187,0.187,0.187,0.187,0.187,0.187,0.187,0.187
RGI60-06.00087,0.176,0.176,0.176,0.176,0.176,0.176,0.176,0.176,0.176,0.176,0.176,0.176,0.176,0.176,0.176,0.176,0.176,0.176,0.176,0.176,0.176,0.176,0.176,0.176,0.176,0.176,0.176,0.176,0.176,0.176,0.176,0.176,0.176,0.176,0.176,0.176,0.176,0.176,0.176,0.176,0.176,0.176,0.176,0.176,0.176,0.176,0.176,0.176,0.176,0.176,0.176,0.176,0.176,0.176,0.176,0.176,0.176,0.176,0.176,0.176,0.176,0.176,0.176,0.176,0.176,0.176,0.176,0.176,0.176,0.176,0.176,0.176,0.176,0.176,0.176,0.176,0.176
RGI60-06.00088,0.215,0.215,0.215,0.215,0.215,0.215,0.215,0.215,0.215,0.215,0.215,0.215,0.215,0.215,0.215,0.215,0.215,0.215,0.215,0.215,0.215,0.215,0.215,0.215,0.215,0.215,0.215,0.215,0.215,0.215,0.215,0.215,0.215,0.215,0.215,0.215,0.215,0.215,0.215,0.215,0.215,0.215,0.215,0.215,0.215,0.215,0.215,0.215,0.215,0.215,0.215,0.215,0.215,0.215,0.215,0.215,0.215,0.215,0.215,0.215,0.215,0.215,0.215,0.215,0.215,0.215,0.215,0.215,0.215,0.215,0.215,0.215,0.215,0.215,0.215,0.215,0.215
RGI60-06.00089,0.148,0.148,0.148,0.148,0.148,0.148,0.148,0.148,0.148,0.148,0.148,0.148,0.148,0.148,0.148,0.148,0.148,0.148,0.148,0.148,0.148,0.148,0.148,0.148,0.148,0.148,0.148,0.148,0.148,0.148,0.148,0.148,0.148,0.148,0.148,0.148,0.148,0.148,0.148,0.148,0.148,0.148,0.148,0.148,0.148,0.148,0.148,0.148,0.148,0.148,0.148,0.148,0.148,0.148,0.148,0.148,0.148,0.148,0.148,0.148,0.148,0.148,0.148,0.148,0.148,0.148,0.148,0.148,0.148,0.148,0.148,0.148,0.148,0.148,0.148,0.148,0.148
RGI60-06.00090,0.196,0.196,0.196,0.196,0.196,0.196,0.196,0.196,0.196,0.196,0.196,0.196,0.196,0.196,0.196,0.196,0.196,0.196,0.196,0.196,0.196,0.196,0.196,0.196,0.196,0.196,0.196,0.196,0.196,0.196,0.196,0.196,0.196,0.196,0.196,0.196,0.196,0.196,0.196,0.196,0.196,0.196,0.196,0.196,0.196,0.196,0.196,0.196,0.196,0.196,0.196,0.196,0.196,0.196,0.196,0.196,0.196,0.196,0.196,0.196,0.196,0.196,0.196,0.196,0.196,0.196,0.196,0.196,0.196,0.196,0.196,0.196,0.196,0.196,0.196,0.196,0.196
RGI60-06.00091,0.298,0.298,0.298,0.298,0.298,0.298,0.298,0.298,0.298,0.298,0.298,0.298,0.298,0.298,0.298,0.298,0.298,0.298,0.298,0.298,0.298,0.298,0.298,0.298,0.298,0.298,0.298,0.298,0.298,0.298,0.298,0.298,0.298,0.298,0.298,0.298,0.298,0.298,0.298,0.298,0.298,0.298,0.298,0.298,0.298,0.298,0.298,0.298,0.298,0.298,0.298,0.298,0.298,0.298,0.298,0.298,0.298,0.298,0.298,0.298,0.298,0.298,0.298,0.298,0.298,0.298,0.298,0.298,0.298,0.298,0.298,0.298,0.298,0.298,0.298,0.298,0.298
RGI60-06.00092,0.19,0.19,0.19,0.19,0.19,0.19,0.19,0.19,0.19,0.19,0.19,0.19,0.19,0.19,0.19,0.19,0.19,0.19,0.19,0.19,0.19,0.19,0.19,0.19,0.19,0.19,0.19,0.19,0.19,0.19,0.19,0.19,0.19,0.19,0.19,0.19,0.19,0.19,0.19,0.19,0.19,0.19,0.19,0.19,0.19,0.19,0.19,0.19,0.19,0.19,0.19,0.19,0.19,0.19,0.19,0.19,0.19,0.19,0.19,0.19,0.19,0.19,0.19,0.19,0.19,0.19,0.19,0.19,0.19,0.19,0.19,0.19,0.19,0.19,0.19,0.19,0.19
RGI60-06.00093,0.178,0.178,0.178,0.178,0.178,0.178,0.178,0.178,0.178,0.178,0.178,0.178,0.178,0.178,0.178,0.178,0.178,0.178,0.178,0.178,0.178,0.178,0.178,0.178,0.178,0.178,0.178,0.178,0.178,0.178,0.178,0.178,0.178,0.178,0.178,0.178,0.178,0.178,0.178,0.178,0.178,0.178,0.178,0.178,0.178,0.178,0.178,0.178,0.178,0.178,0.178,0.178,0.178,0.178,0.178,0.178,0.178,0.178,0.178,0.178,0.178,0.178,0.178,0.178,0.178,0.178,0.178,0.178,0.178,0.178,0.178,0.178,0.178,0.178,0.178,0.178,0.178
RGI60-06.00094,0.162,0.162,0.162,0.162,0.162,0.162,0.162,0.162,0.162,0.162,0.162,0.162,0.162,0.162,0.162,0.162,0.162,0.162,0.162,0.162,0.162,0.162,0.162,0.162,0.162,0.162,0.162,0.162,0.162,0.162,0.162,0.162,0.162,0.162,0.162,0.162,0.162,0.162,0.162,0.162,0.162,0.162,0.162,0.162,0.162,0.162,0.162,0.162,0.162,0.162,0.162,0.162,0.162,0.162,0.162,0.162,0.162,0.162,0.162,0.162,0.162,0.162,0.162,0.162,0.162,0.162,0.162,0.162,0.162,0.162,0.162,0.162,0.162,0.162,0.162,0.162,0.162
RGI60-06.00095,0.237,0.237,0.237,0.237,0.237,0.237,0.237,0.237,0.237,0.237,0.237,0.237,0.237,0.237,0.237,0.237,0.237,0.237,0.237,0.237,0.237,0.237,0.237,0.237,0.237,0.237,0.237,0.237,0.237,0.237,0.237,0.237,0.237,0.237,0.237,0.237,0.237,0.237,0.237,0.237,0.237,0.237,0.237,0.237,0.237,0.237,0.237,0.237,0.237,0.237,0.237,0.237,0.237,0.237,0.237,0.237,0.237,0.237,0.237,0.237,0.237,0.237,0.237,0.237,0.237,0.237,0.237,0.237,0.237,0.237,0.237,0.237,0.237,0.237,0.237,0.237,0.237
RGI60-06.00096,0.154,0.154,0.154,0.154,0.154,0.154,0.154,0.154,0.154,0.154,0.154,0.154,0.154,0.154,0.154,0.154,0.154,0.154,0.154,0.154,0.154,0.154,0.154,0.154,0.154,0.154,0.154,0.154,0.154,0.154,0.154,0.154,0.154,0.154,0.154,0.154,0.154,0.154,0.154,0.154,0.154,0.154,0.154,0.154,0.154,0.154,0.154,0.154,0.154,0.154,0.154,0.154,0.154,0.154,0.154,0.154,0.154,0.154,0.154,0.154,0.154,0.154,0.154,0.154,0.154,0.154,0.154,0.154,0.154,0.154,0.154,0.154,0.154,0.154,0.154,0.154,0.154
RGI60-06.00097,0.202,0.202,0.202,0.202,0.202,0.202,0.202,0.202,0.202,0.202,0.202,0.202,0.202,0.202,0.202,0.202,0.202,0.202,0.202,0.202,0.202,0.202,0.202,0.202,0.202,0.202,0.202,0.202,0.202,0.202,0.202,0.202,0.202,0.202,0.202,0.202,0.202,0.202,0.202,0.202,0.202,0.202,0.202,0.202,0.202,0.202,0.202,0.202,0.202,0.202,0.202,0.202,0.202,0.202,0.202,0.202,0.202,0.202,0.202,0.202,0.202,0.202,0.202,0.202,0.202,0.202,0.202,0.202,0.202,0.202,0.202,0.202,0.202,0.202,0.202,0.202,0.202
RGI60-06.00098,0.166,0.166,0.166,0.166,0.166,0.166,0.166,0.166,0.166,0.166,0.166,0.166,0.166,0.166,0.166,0.166,0.166,0.166,0.166,0.166,0.166,0.166,0.166,0.166,0.166,0.166,0.166,0.166,0.166,0.166,0.166,0.166,0.166,0.166,0.166,0.166,0.166,0.166,0.166,0.166,0.166,0.166,0.166,0.166,0.166,0.166,0.166,0.166,0.166,0.166,0.166,0.166,0.166,0.166,0.166,0.166,0.166,0.166,0.166,0.166,0.166,0.166,0.166,0.166,0.166,0.166,0.166,0.166,0.166,0.166,0.166,0.166,0.166,0.166,0.166,0.166,0.166
RGI60-06.00099,0.203,0.203,0.203,0.203,0.203,0.203,0.203,0.203,0.203,0.203,0.203,0.203,0.203,0.203,0.203,0.203,0.203,0.203,0.203,0.203,0.203,0.203,0.203,0.203,0.203,0.203,0.203,0.203,0.203,0.203,0.203,0.203,0.203,0.203,0.203,0.203,0.203,0.203,0.203,0.203,0.203,0.203,0.203,0.203,0.203,0.203,0.203,0.203,0.203,0.203,0.203,0.203,0.203,0.203,0.203,0.203,0.203,0.203,0.203,0.203,0.203,0.203,0.203,0.203,0.203,0.203,0.203,0.203,0.203,0.203,0.203,0.203,0.203,0.203,0.203,0.203,0.203
RGI60-06.00100,0.154,0.154,0.154,0.154,0.154,0.154,0.154,0.154,0.154,0.154,0.154,0.154,0.154,0.154,0.154,0.154,0.154,0.154,0.154,0.154,0.154,0.154,0.154,0.154,0.154,0.154,0.154,0.154,0.154,0.154,0.154,0.154,0.154,0.154,0.154,0.154,0.154,0.154,0.154,0.154,0.154,0.154,0.154,0.154,0.154,0.154,0.154,0.154,0.154,0.154,0.154,0.154,0.154,0.154,0.154,0.154,0.154,0.154,0.154,0.154,0.154,0.154,0.154,0.154,0.154,0.154,0.154,0.154,0.154,0.154,0.154,0.154,0.154,0.154,0.154,0.154,0.154
RGI60-06.00101,0.21,0.21,0.21,0.21,0.21,0.21,0.21,0.21,0.21,0.21,0.21,0.21,0.21,0.21,0.21,0.21,0.21,0.21,0.21,0.21,0.21,0.21,0.21,0.21,0.21,0.21,0.21,0.21,0.21,0.21,0.21,0.21,0.21,0.21,0.21,0.21,0.21,0.21,0.21,0.21,0.21,0.21,0.21,0.21,0.21,0.21,0.21,0.21,0.21,0.21,0.21,0.21,0.21,0.21,0.21,0.21,0.21,0.21,0.21,0.21,0.21,0.21,0.21,0.21,0.21,0.21,0.21,0.21,0.21,0.21,0.21,0.21,0.21,0.21,0.21,0.21,0.21
RGI60-06.00102,0.179,0.179,0.179,0.179,0.179,0.179,0.179,0.179,0.179,0.179,0.179,0.179,0.179,0.179,0.179,0.179,0.179,0.179,0.179,0.179,0.179,0.179,0.179,0.179,0.179,0.179,0.179,0.179,0.179,0.179,0.179,0.179,0.179,0.179,0.179,0.179,0.179,0.179,0.179,0.179,0.179,0.179,0.179,0.179,0.179,0.179,0.179,0.179,0.179,0.179,0.179,0.179,0.179,0.179,0.179,0.179,0.179,0.179,0.179,0.179,0.179,0.179,0.179,0.179,0.179,0.179,0.179,0.179,0.179,0.179,0.179,0.179,0.179,0.179,0.179,0.179,0.179
RGI60-06.00103,0.186,0.186,0.186,0.186,0.186,0.186,0.186,0.186,0.186,0.186,0.186,0.186,0.186,0.186,0.186,0.186,0.186,0.186,0.186,0.186,0.186,0.186,0.186,0.186,0.186,0.186,0.186,0.186,0.186,0.186,0.186,0.186,0.186,0.186,0.186,0.186,0.186,0.186,0.186,0.186,0.186,0.186,0.186,0.186,0.186,0.186,0.186,0.186,0.186,0.186,0.186,0.186,0.186,0.186,0.186,0.186,0.186,0.186,0.186,0.186,0.186,0.186,0.186,0.186,0.186,0.186,0.186,0.186,0.186,0.186,0.186,0.186,0.186,0.186,0.186,0.186,0.186
RGI60-06.00104,0.135,0.135,0.135,0.135,0.135,0.135,0.135,0.135,0.135,0.135,0.135,0.135,0.135,0.135,0.135,0.135,0.135,0.135,0.135,0.135,0.135,0.135,0.135,0.135,0.135,0.135,0.135,0.135,0.135,0.135,0.135,0.135,0.135,0.135,0.135,0.135,0.135,0.135,0.135,0.135,0.135,0.135,0.135,0.135,0.135,0.135,0.135,0.135,0.135,0.135,0.135,0.135,0.135,0.135,0.135,0.135,0.135,0.135,0.135,0.135,0.135,0.135,0.135,0.135,0.135,0.135,0.135,0.135,0.135,0.135,0.135,0.135,0.135,0.135,0.135,0.135,0.135
RGI60-06.00105,0.14,0.14,0.14,0.14,0.14,0.14,0.14,0.14,0.14,0.14,0.14,0.14,0.14,0.14,0.14,0.14,0.14,0.14,0.14,0.14,0.14,0.14,0.14,0.14,0.14,0.14,0.14,0.14,0.14,0.14,0.14,0.14,0.14,0.14,0.14,0.14,0.14,0.14,0.14,0.14,0.14,0.14,0.14,0.14,0.14,0.14,0.14,0.14,0.14,0.14,0.14,0.14,0.14,0.14,0.14,0.14,0.14,0.14,0.14,0.14,0.14,0.14,0.14,0.14,0.14,0.14,0.14,0.14,0.14,0.14,0.14,0.14,0.14,0.14,0.14,0.14,0.14
RGI60-06.00106,0.144,0.144,0.144,0.144,0.144,0.144,0.144,0.144,0.144,0.144,0.144,0.144,0.144,0.144,0.144,0.144,0.144,0.144,0.144,0.144,0.144,0.144,0.144,0.144,0.144,0.144,0.144,0.144,0.144,0.144,0.144,0.144,0.144,0.144,0.144,0.144,0.144,0.144,0.144,0.144,0.144,0.144,0.144,0.144,0.144,0.144,0.144,0.144,0.144,0.144,0.144,0.144,0.144,0.144,0.144,0.144,0.144,0.144,0.144,0.144,0.144,0.144,0.144,0.144,0.144,0.144,0.144,0.144,0.144,0.144,0.144,0.144,0.144,0.144,0.144,0.144,0.144
RGI60-06.00107,0.146,0.146,0.146,0.146,0.146,0.146,0.146,0.146,0.146,0.146,0.146,0.146,0.146,0.146,0.146,0.146,0.146,0.146,0.146,0.146,0.146,0.146,0.146,0.146,0.146,0.146,0.146,0.146,0.146,0.146,0.146,0.146,0.146,0.146,0.146,0.146,0.146,0.146,0.146,0.146,0.146,0.146,0.146,0.146,0.146,0.146,0.146,0.146,0.146,0.146,0.146,0.146,0.146,0.146,0.146,0.146,0.146,0.146,0.146,0.146,0.146,0.146,0.146,0.146,0.146,0.146,0.146,0.146,0.146,0.146,0.146,0.146,0.146,0.146,0.146,0.146,0.146
RGI60-06.00108,0.215,0.215,0.215,0.215,0.215,0.215,0.215,0.215,0.215,0.215,0.215,0.215,0.215,0.215,0.215,0.215,0.215,0.215,0.215,0.215,0.215,0.215,0.215,0.215,0.215,0.215,0.215,0.215,0.215,0.215,0.215,0.215,0.215,0.215,0.215,0.215,0.215,0.215,0.215,0.215,0.215,0.215,0.215,0.215,0.215,0.215,0.215,0.215,0.215,0.215,0.215,0.215,0.215,0.215,0.215,0.215,0.215,0.215,0.215,0.215,0.215,0.215,0.215,0.215,0.215,0.215,0.215,0.215,0.215,0.215,0.215,0.215,0.215,0.215,0.215,0.215,0.215
RGI60-06.00109,0.162,0.162,0.162,0.162,0.162,0.162,0.162,0.162,0.162,0.162,0.162,0.162,0.162,0.162,0.162,0.162,0.162,0.162,0.162,0.162,0.162,0.162,0.162,0.162,0.162,0.162,0.162,0.162,0.162,0.162,0.162,0.162,0.162,0.162,0.162,0.162,0.162,0.162,0.162,0.162,0.162,0.162,0.162,0.162,0.162,0.162,0.162,0.162,0.162,0.162,0.162,0.162,0.162,0.162,0.162,0.162,0.162,0.162,0.162,0.162,0.162,0.162,0.162,0.162,0.162,0.162,0.162,0.162,0.162,0.162,0.162,0.162,0.162,0.162,0.162,0.162,0.162
RGI60-06.00110,0.156,0.156,0.156,0.156,0.156,0.156,0.156,0.156,0.156,0.156,0.156,0.156,0.156,0.156,0.156,0.156,0.156,0.156,0.156,0.156,0.156,0.156,0.156,0.156,0.156,0.156,0.156,0.156,0.156,0.156,0.156,0.156,0.156,0.156,0.156,0.156,0.156,0.156,0.156,0.156,0.156,0.156,0.156,0.156,0.156,0.156,0.156,0.156,0.156,0.156,0.156,0.156,0.156,0.156,0.156,0.156,0.156,0.156,0.156,0.156,0.156,0.156,0.156,0.156,0.156,0.156,0.156,0.156,0.156,0.156,0.156,0.156,0.156,0.156,0.156,0.156,0.156
RGI60-06.00111,0.354,0.354,0.354,0.354,0.354,0.354,0.354,0.354,0.354,0.354,0.354,0.354,0.354,0.354,0.354,0.354,0.354,0.354,0.354,0.354,0.354,0.354,0.354,0.354,0.354,0.354,0.354,0.354,0.354,0.354,0.354,0.354,0.354,0.354,0.354,0.354,0.354,0.354,0.354,0.354,0.354,0.354,0.354,0.354,0.354,0.354,0.354,0.354,0.354,0.354,0.354,0.354,0.354,0.354,0.354,0.354,0.354,0.354,0.354,0.354,0.354,0.354,0.354,0.354,0.354,0.354,0.354,0.354,0.354,0.354,0.354,0.354,0.354,0.354,0.354,0.354,0.354
RGI60-06.00112,0.151,0.151,0.151,0.151,0.151,0.151,0.151,0.151,0.151,0.151,0.151,0.151,0.151,0.151,0.151,0.151,0.151,0.151,0.151,0.151,0.151,0.151,0.151,0.151,0.151,0.151,0.151,0.151,0.151,0.151,0.151,0.151,0.151,0.151,0.151,0.151,0.151,0.151,0.151,0.151,0.151,0.151,0.151,0.151,0.151,0.151,0.151,0.151,0.151,0.151,0.151,0.151,0.151,0.151,0.151,0.151,0.151,0.151,0.151,0.151,0.151,0.151,0.151,0.151,0.151,0.151,0.151,0.151,0.151,0.151,0.151,0.151,0.151,0.151,0.151,0.151,0.151
RGI60-06.00113,0.151,0.151,0.151,0.151,0.151,0.151,0.151,0.151,0.151,0.151,0.151,0.151,0.151,0.151,0.151,0.151,0.151,0.151,0.151,0.151,0.151,0.151,0.151,0.151,0.151,0.151,0.151,0.151,0.151,0.151,0.151,0.151,0.151,0.151,0.151,0.151,0.151,0.151,0.151,0.151,0.151,0.151,0.151,0.151,0.151,0.151,0.151,0.151,0.151,0.151,0.151,0.151,0.151,0.151,0.151,0.151,0.151,0.151,0.151,0.151,0.151,0.151,0.151,0.151,0.151,0.151,0.151,0.151,0.151,0.151,0.151,0.151,0.151,0.151,0.151,0.151,0.151
RGI60-06.00114,0.222,0.222,0.222,0.222,0.222,0.222,0.222,0.222,0.222,0.222,0.222,0.222,0.222,0.222,0.222,0.222,0.222,0.222,0.222,0.222,0.222,0.222,0.222,0.222,0.222,0.222,0.222,0.222,0.222,0.222,0.222,0.222,0.222,0.222,0.222,0.222,0.222,0.222,0.222,0.222,0.222,0.222,0.222,0.222,0.222,0.222,0.222,0.222,0.222,0.222,0.222,0.222,0.222,0.222,0.222,0.222,0.222,0.222,0.222,0.222,0.222,0.222,0.222,0.222,0.222,0.222,0.222,0.222,0.222,0.222,0.222,0.222,0.222,0.222,0.222,0.222,0.222
RGI60-06.00115,0.167,0.167,0.167,0.167,0.167,0.167,0.167,0.167,0.167,0.167,0.167,0.167,0.167,0.167,0.167,0.167,0.167,0.167,0.167,0.167,0.167,0.167,0.167,0.167,0.167,0.167,0.167,0.167,0.167,0.167,0.167,0.167,0.167,0.167,0.167,0.167,0.167,0.167,0.167,0.167,0.167,0.167,0.167,0.167,0.167,0.167,0.167,0.167,0.167,0.167,0.167,0.167,0.167,0.167,0.167,0.167,0.167,0.167,0.167,0.167,0.167,0.167,0.167,0.167,0.167,0.167,0.167,0.167,0.167,0.167,0.167,0.167,0.167,0.167,0.167,0.167,0.167
RGI60-06.00116,0.164,0.164,0.164,0.164,0.164,0.164,0.164,0.164,0.164,0.164,0.164,0.164,0.164,0.164,0.164,0.164,0.164,0.164,0.164,0.164,0.164,0.164,0.164,0.164,0.164,0.164,0.164,0.164,0.164,0.164,0.164,0.164,0.164,0.164,0.164,0.164,0.164,0.164,0.164,0.164,0.164,0.164,0.164,0.164,0.164,0.164,0.164,0.164,0.164,0.164,0.164,0.164,0.164,0.164,0.164,0.164,0.164,0.164,0.164,0.164,0.164,0.164,0.164,0.164,0.164,0.164,0.164,0.164,0.164,0.164,0.164,0.164,0.164,0.164,0.164,0.164,0.164
RGI60-06.00117,0.196,0.196,0.196,0.196,0.196,0.196,0.196,0.196,0.196,0.196,0.196,0.196,0.196,0.196,0.196,0.196,0.196,0.196,0.196,0.196,0.196,0.196,0.196,0.196,0.196,0.196,0.196,0.196,0.196,0.196,0.196,0.196,0.196,0.196,0.196,0.196,0.196,0.196,0.196,0.196,0.196,0.196,0.196,0.196,0.196,0.196,0.196,0.196,0.196,0.196,0.196,0.196,0.196,0.196,0.196,0.196,0.196,0.196,0.196,0.196,0.196,0.196,0.196,0.196,0.196,0.196,0.196,0.196,0.196,0.196,0.196,0.196,0.196,0.196,0.196,0.196,0.196
RGI60-06.00118,0.162,0.162,0.162,0.162,0.162,0.162,0.162,0.162,0.162,0.162,0.162,0.162,0.162,0.162,0.162,0.162,0.162,0.162,0.162,0.162,0.162,0.162,0.162,0.162,0.162,0.162,0.162,0.162,0.162,0.162,0.162,0.162,0.162,0.162,0.162,0.162,0.162,0.162,0.162,0.162,0.162,0.162,0.162,0.162,0.162,0.162,0.162,0.162,0.162,0.162,0.162,0.162,0.162,0.162,0.162,0.162,0.162,0.162,0.162,0.162,0.162,0.162,0.162,0.162,0.162,0.162,0.162,0.162,0.162,0.162,0.162,0.162,0.162,0.162,0.162,0.162,0.162
RGI60-06.00119,0.161,0.161,0.161,0.161,0.161,0.161,0.161,0.161,0.161,0.161,0.161,0.161,0.161,0.161,0.161,0.161,0.161,0.161,0.161,0.161,0.161,0.161,0.161,0.161,0.161,0.161,0.161,0.161,0.161,0.161,0.161,0.161,0.161,0.161,0.161,0.161,0.161,0.161,0.161,0.161,0.161,0.161,0.161,0.161,0.161,0.161,0.161,0.161,0.161,0.161,0.161,0.161,0.161,0.161,0.161,0.161,0.161,0.161,0.161,0.161,0.161,0.161,0.161,0.161,0.161,0.161,0.161,0.161,0.161,0.161,0.161,0.161,0.161,0.161,0.161,0.161,0.161
RGI60-06.00120,0.194,0.194,0.194,0.194,0.194,0.194,0.194,0.194,0.194,0.194,0.194,0.194,0.194,0.194,0.194,0.194,0.194,0.194,0.194,0.194,0.194,0.194,0.194,0.194,0.194,0.194,0.194,0.194,0.194,0.194,0.194,0.194,0.194,0.194,0.194,0.194,0.194,0.194,0.194,0.194,0.194,0.194,0.194,0.194,0.194,0.194,0.194,0.194,0.194,0.194,0.194,0.194,0.194,0.194,0.194,0.194,0.194,0.194,0.194,0.194,0.194,0.194,0.194,0.194,0.194,0.194,0.194,0.194,0.194,0.194,0.194,0.194,0.194,0.194,0.194,0.194,0.194
RGI60-06.00121,0.145,0.145,0.145,0.145,0.145,0.145,0.145,0.145,0.145,0.145,0.145,0.145,0.145,0.145,0.145,0.145,0.145,0.145,0.145,0.145,0.145,0.145,0.145,0.145,0.145,0.145,0.145,0.145,0.145,0.145,0.145,0.145,0.145,0.145,0.145,0.145,0.145,0.145,0.145,0.145,0.145,0.145,0.145,0.145,0.145,0.145,0.145,0.145,0.145,0.145,0.145,0.145,0.145,0.145,0.145,0.145,0.145,0.145,0.145,0.145,0.145,0.145,0.145,0.145,0.145,0.145,0.145,0.145,0.145,0.145,0.145,0.145,0.145,0.145,0.145,0.145,0.145
RGI60-06.00122,0.192,0.192,0.192,0.192,0.192,0.192,0.192,0.192,0.192,0.192,0.192,0.192,0.192,0.192,0.192,0.192,0.192,0.192,0.192,0.192,0.192,0.192,0.192,0.192,0.192,0.192,0.192,0.192,0.192,0.192,0.192,0.192,0.192,0.192,0.192,0.192,0.192,0.192,0.192,0.192,0.192,0.192,0.192,0.192,0.192,0.192,0.192,0.192,0.192,0.192,0.192,0.192,0.192,0.192,0.192,0.192,0.192,0.192,0.192,0.192,0.192,0.192,0.192,0.192,0.192,0.192,0.192,0.192,0.192,0.192,0.192,0.192,0.192,0.192,0.192,0.192,0.192
RGI60-06.00123,0.19,0.19,0.19,0.19,0.19,0.19,0.19,0.19,0.19,0.19,0.19,0.19,0.19,0.19,0.19,0.19,0.19,0.19,0.19,0.19,0.19,0.19,0.19,0.19,0.19,0.19,0.19,0.19,0.19,0.19,0.19,0.19,0.19,0.19,0.19,0.19,0.19,0.19,0.19,0.19,0.19,0.19,0.19,0.19,0.19,0.19,0.19,0.19,0.19,0.19,0.19,0.19,0.19,0.19,0.19,0.19,0.19,0.19,0.19,0.19,0.19,0.19,0.19,0.19,0.19,0.19,0.19,0.19,0.19,0.19,0.19,0.19,0.19,0.19,0.19,0.19,0.19
RGI60-06.00124,0.315,0.315,0.315,0.315,0.315,0.315,0.315,0.315,0.315,0.315,0.315,0.315,0.315,0.315,0.315,0.315,0.315,0.315,0.315,0.315,0.315,0.315,0.315,0.315,0.315,0.315,0.315,0.315,0.315,0.315,0.315,0.315,0.315,0.315,0.315,0.315,0.315,0.315,0.315,0.315,0.315,0.315,0.315,0.315,0.315,0.315,0.315,0.315,0.315,0.315,0.315,0.315,0.315,0.315,0.315,0.315,0.315,0.315,0.315,0.315,0.315,0.315,0.315,0.315,0.315,0.315,0.315,0.315,0.315,0.315,0.315,0.315,0.315,0.315,0.315,0.315,0.315
RGI60-06.00125,0.234,0.234,0.234,0.234,0.234,0.234,0.234,0.234,0.234,0.234,0.234,0.234,0.234,0.234,0.234,0.234,0.234,0.234,0.234,0.234,0.234,0.234,0.234,0.234,0.234,0.234,0.234,0.234,0.234,0.234,0.234,0.234,0.234,0.234,0.234,0.234,0.234,0.234,0.234,0.234,0.234,0.234,0.234,0.234,0.234,0.234,0.234,0.234,0.234,0.234,0.234,0.234,0.234,0.234,0.234,0.234,0.234,0.234,0.234,0.234,0.234,0.234,0.234,0.234,0.234,0.234,0.234,0.234,0.234,0.234,0.234,0.234,0.234,0.234,0.234,0.234,0.234
RGI60-06.00126,0.207,0.207,0.207,0.207,0.207,0.207,0.207,0.207,0.207,0.207,0.207,0.207,0.207,0.207,0.207,0.207,0.207,0.207,0.207,0.207,0.207,0.207,0.207,0.207,0.207,0.207,0.207,0.207,0.207,0.207,0.207,0.207,0.207,0.207,0.207,0.207,0.207,0.207,0.207,0.207,0.207,0.207,0.207,0.207,0.207,0.207,0.207,0.207,0.207,0.207,0.207,0.207,0.207,0.207,0.207,0.207,0.207,0.207,0.207,0.207,0.207,0.207,0.207,0.207,0.207,0.207,0.207,0.207,0.207,0.207,0.207,0.207,0.207,0.207,0.207,0.207,0.207
RGI60-06.00127,0.217,0.217,0.217,0.217,0.217,0.217,0.217,0.217,0.217,0.217,0.217,0.217,0.217,0.217,0.217,0.217,0.217,0.217,0.217,0.217,0.217,0.217,0.217,0.217,0.217,0.217,0.217,0.217,0.217,0.217,0.217,0.217,0.217,0.217,0.217,0.217,0.217,0.217,0.217,0.217,0.217,0.217,0.217,0.217,0.217,0.217,0.217,0.217,0.217,0.217,0.217,0.217,0.217,0.217,0.217,0.217,0.217,0.217,0.217,0.217,0.217,0.217,0.217,0.217,0.217,0.217,0.217,0.217,0.217,0.217,0.217,0.217,0.217,0.217,0.217,0.217,0.217
RGI60-06.00128,0.248,0.248,0.248,0.248,0.248,0.248,0.248,0.248,0.248,0.248,0.248,0.248,0.248,0.248,0.248,0.248,0.248,0.248,0.248,0.248,0.248,0.248,0.248,0.248,0.248,0.248,0.248,0.248,0.248,0.248,0.248,0.248,0.248,0.248,0.248,0.248,0.248,0.248,0.248,0.248,0.248,0.248,0.248,0.248,0.248,0.248,0.248,0.248,0.248,0.248,0.248,0.248,0.248,0.248,0.248,0.248,0.248,0.248,0.248,0.248,0.248,0.248,0.248,0.248,0.248,0.248,0.248,0.248,0.248,0.248,0.248,0.248,0.248,0.248,0.248,0.248,0.248
RGI60-06.00129,0.154,0.154,0.154,0.154,0.154,0.154,0.154,0.154,0.154,0.154,0.154,0.154,0.154,0.154,0.154,0.154,0.154,0.154,0.154,0.154,0.154,0.154,0.154,0.154,0.154,0.154,0.154,0.154,0.154,0.154,0.154,0.154,0.154,0.154,0.154,0.154,0.154,0.154,0.154,0.154,0.154,0.154,0.154,0.154,0.154,0.154,0.154,0.154,0.154,0.154,0.154,0.154,0.154,0.154,0.154,0.154,0.154,0.154,0.154,0.154,0.154,0.154,0.154,0.154,0.154,0.154,0.154,0.154,0.154,0.154,0.154,0.154,0.154,0.154,0.154,0.154,0.154
RGI60-06.00130,0.159,0.159,0.159,0.159,0.159,0.159,0.159,0.159,0.159,0.159,0.159,0.159,0.159,0.159,0.159,0.159,0.159,0.159,0.159,0.159,0.159,0.159,0.159,0.159,0.159,0.159,0.159,0.159,0.159,0.159,0.159,0.159,0.159,0.159,0.159,0.159,0.159,0.159,0.159,0.159,0.159,0.159,0.159,0.159,0.159,0.159,0.159,0.159,0.159,0.159,0.159,0.159,0.159,0.159,0.159,0.159,0.159,0.159,0.159,0.159,0.159,0.159,0.159,0.159,0.159,0.159,0.159,0.159,0.159,0.159,0.159,0.159,0.159,0.159,0.159,0.159,0.159
RGI60-06.00131,0.212,0.212,0.212,0.212,0.212,0.212,0.212,0.212,0.212,0.212,0.212,0.212,0.212,0.212,0.212,0.212,0.212,0.212,0.212,0.212,0.212,0.212,0.212,0.212,0.212,0.212,0.212,0.212,0.212,0.212,0.212,0.212,0.212,0.212,0.212,0.212,0.212,0.212,0.212,0.212,0.212,0.212,0.212,0.212,0.212,0.212,0.212,0.212,0.212,0.212,0.212,0.212,0.212,0.212,0.212,0.212,0.212,0.212,0.212,0.212,0.212,0.212,0.212,0.212,0.212,0.212,0.212,0.212,0.212,0.212,0.212,0.212,0.212,0.212,0.212,0.212,0.212
RGI60-06.00132,0.22,0.22,0.22,0.22,0.22,0.22,0.22,0.22,0.22,0.22,0.22,0.22,0.22,0.22,0.22,0.22,0.22,0.22,0.22,0.22,0.22,0.22,0.22,0.22,0.22,0.22,0.22,0.22,0.22,0.22,0.22,0.22,0.22,0.22,0.22,0.22,0.22,0.22,0.22,0.22,0.22,0.22,0.22,0.22,0.22,0.22,0.22,0.22,0.22,0.22,0.22,0.22,0.22,0.22,0.22,0.22,0.22,0.22,0.22,0.22,0.22,0.22,0.22,0.22,0.22,0.22,0.22,0.22,0.22,0.22,0.22,0.22,0.22,0.22,0.22,0.22,0.22
RGI60-06.00133,0.139,0.139,0.139,0.139,0.139,0.139,0.139,0.139,0.139,0.139,0.139,0.139,0.139,0.139,0.139,0.139,0.139,0.139,0.139,0.139,0.139,0.139,0.139,0.139,0.139,0.139,0.139,0.139,0.139,0.139,0.139,0.139,0.139,0.139,0.139,0.139,0.139,0.139,0.139,0.139,0.139,0.139,0.139,0.139,0.139,0.139,0.139,0.139,0.139,0.139,0.139,0.139,0.139,0.139,0.139,0.139,0.139,0.139,0.139,0.139,0.139,0.139,0.139,0.139,0.139,0.139,0.139,0.139,0.139,0.139,0.139,0.139,0.139,0.139,0.139,0.139,0.139
RGI60-06.00134,0.171,0.171,0.171,0.171,0.171,0.171,0.171,0.171,0.171,0.171,0.171,0.171,0.171,0.171,0.171,0.171,0.171,0.171,0.171,0.171,0.171,0.171,0.171,0.171,0.171,0.171,0.171,0.171,0.171,0.171,0.171,0.171,0.171,0.171,0.171,0.171,0.171,0.171,0.171,0.171,0.171,0.171,0.171,0.171,0.171,0.171,0.171,0.171,0.171,0.171,0.171,0.171,0.171,0.171,0.171,0.171,0.171,0.171,0.171,0.171,0.171,0.171,0.171,0.171,0.171,0.171,0.171,0.171,0.171,0.171,0.171,0.171,0.171,0.171,0.171,0.171,0.171
RGI60-06.00135,0.217,0.217,0.217,0.217,0.217,0.217,0.217,0.217,0.217,0.217,0.217,0.217,0.217,0.217,0.217,0.217,0.217,0.217,0.217,0.217,0.217,0.217,0.217,0.217,0.217,0.217,0.217,0.217,0.217,0.217,0.217,0.217,0.217,0.217,0.217,0.217,0.217,0.217,0.217,0.217,0.217,0.217,0.217,0.217,0.217,0.217,0.217,0.217,0.217,0.217,0.217,0.217,0.217,0.217,0.217,0.217,0.217,0.217,0.217,0.217,0.217,0.217,0.217,0.217,0.217,0.217,0.217,0.217,0.217,0.217,0.217,0.217,0.217,0.217,0.217,0.217,0.217
RGI60-06.00136,0.253,0.253,0.253,0.253,0.253,0.253,0.253,0.253,0.253,0.253,0.253,0.253,0.253,0.253,0.253,0.253,0.253,0.253,0.253,0.253,0.253,0.253,0.253,0.253,0.253,0.253,0.253,0.253,0.253,0.253,0.253,0.253,0.253,0.253,0.253,0.253,0.253,0.253,0.253,0.253,0.253,0.253,0.253,0.253,0.253,0.253,0.253,0.253,0.253,0.253,0.253,0.253,0.253,0.253,0.253,0.253,0.253,0.253,0.253,0.253,0.253,0.253,0.253,0.253,0.253,0.253,0.253,0.253,0.253,0.253,0.253,0.253,0.253,0.253,0.253,0.253,0.253
RGI60-06.00137,0.128,0.128,0.128,0.128,0.128,0.128,0.128,0.128,0.128,0.128,0.128,0.128,0.128,0.128,0.128,0.128,0.128,0.128,0.128,0.128,0.128,0.128,0.128,0.128,0.128,0.128,0.128,0.128,0.128,0.128,0.128,0.128,0.128,0.128,0.128,0.128,0.128,0.128,0.128,0.128,0.128,0.128,0.128,0.128,0.128,0.128,0.128,0.128,0.128,0.128,0.128,0.128,0.128,0.128,0.128,0.128,0.128,0.128,0.128,0.128,0.128,0.128,0.128,0.128,0.128,0.128,0.128,0.128,0.128,0.128,0.128,0.128,0.128,0.128,0.128,0.128,0.128
RGI60-06.00138,0.178,0.178,0.178,0.178,0.178,0.178,0.178,0.178,0.178,0.178,0.178,0.178,0.178,0.178,0.178,0.178,0.178,0.178,0.178,0.178,0.178,0.178,0.178,0.178,0.178,0.178,0.178,0.178,0.178,0.178,0.178,0.178,0.178,0.178,0.178,0.178,0.178,0.178,0.178,0.178,0.178,0.178,0.178,0.178,0.178,0.178,0.178,0.178,0.178,0.178,0.178,0.178,0.178,0.178,0.178,0.178,0.178,0.178,0.178,0.178,0.178,0.178,0.178,0.178,0.178,0.178,0.178,0.178,0.178,0.178,0.178,0.178,0.178,0.178,0.178,0.178,0.178
RGI60-06.00139,0.2,0.2,0.2,0.2,0.2,0.2,0.2,0.2,0.2,0.2,0.2,0.2,0.2,0.2,0.2,0.2,0.2,0.2,0.2,0.2,0.2,0.2,0.2,0.2,0.2,0.2,0.2,0.2,0.2,0.2,0.2,0.2,0.2,0.2,0.2,0.2,0.2,0.2,0.2,0.2,0.2,0.2,0.2,0.2,0.2,0.2,0.2,0.2,0.2,0.2,0.2,0.2,0.2,0.2,0.2,0.2,0.2,0.2,0.2,0.2,0.2,0.2,0.2,0.2,0.2,0.2,0.2,0.2,0.2,0.2,0.2,0.2,0.2,0.2,0.2,0.2,0.2
RGI60-06.00140,0.137,0.137,0.137,0.137,0.137,0.137,0.137,0.137,0.137,0.137,0.137,0.137,0.137,0.137,0.137,0.137,0.137,0.137,0.137,0.137,0.137,0.137,0.137,0.137,0.137,0.137,0.137,0.137,0.137,0.137,0.137,0.137,0.137,0.137,0.137,0.137,0.137,0.137,0.137,0.137,0.137,0.137,0.137,0.137,0.137,0.137,0.137,0.137,0.137,0.137,0.137,0.137,0.137,0.137,0.137,0.137,0.137,0.137,0.137,0.137,0.137,0.137,0.137,0.137,0.137,0.137,0.137,0.137,0.137,0.137,0.137,0.137,0.137,0.137,0.137,0.137,0.137
RGI60-06.00141,0.144,0.144,0.144,0.144,0.144,0.144,0.144,0.144,0.144,0.144,0.144,0.144,0.144,0.144,0.144,0.144,0.144,0.144,0.144,0.144,0.144,0.144,0.144,0.144,0.144,0.144,0.144,0.144,0.144,0.144,0.144,0.144,0.144,0.144,0.144,0.144,0.144,0.144,0.144,0.144,0.144,0.144,0.144,0.144,0.144,0.144,0.144,0.144,0.144,0.144,0.144,0.144,0.144,0.144,0.144,0.144,0.144,0.144,0.144,0.144,0.144,0.144,0.144,0.144,0.144,0.144,0.144,0.144,0.144,0.144,0.144,0.144,0.144,0.144,0.144,0.144,0.144
RGI60-06.00142,0.185,0.185,0.185,0.185,0.185,0.185,0.185,0.185,0.185,0.185,0.185,0.185,0.185,0.185,0.185,0.185,0.185,0.185,0.185,0.185,0.185,0.185,0.185,0.185,0.185,0.185,0.185,0.185,0.185,0.185,0.185,0.185,0.185,0.185,0.185,0.185,0.185,0.185,0.185,0.185,0.185,0.185,0.185,0.185,0.185,0.185,0.185,0.185,0.185,0.185,0.185,0.185,0.185,0.185,0.185,0.185,0.185,0.185,0.185,0.185,0.185,0.185,0.185,0.185,0.185,0.185,0.185,0.185,0.185,0.185,0.185,0.185,0.185,0.185,0.185,0.185,0.185
RGI60-06.00143,0.176,0.176,0.176,0.176,0.176,0.176,0.176,0.176,0.176,0.176,0.176,0.176,0.176,0.176,0.176,0.176,0.176,0.176,0.176,0.176,0.176,0.176,0.176,0.176,0.176,0.176,0.176,0.176,0.176,0.176,0.176,0.176,0.176,0.176,0.176,0.176,0.176,0.176,0.176,0.176,0.176,0.176,0.176,0.176,0.176,0.176,0.176,0.176,0.176,0.176,0.176,0.176,0.176,0.176,0.176,0.176,0.176,0.176,0.176,0.176,0.176,0.176,0.176,0.176,0.176,0.176,0.176,0.176,0.176,0.176,0.176,0.176,0.176,0.176,0.176,0.176,0.176
RGI60-06.00144,0.218,0.218,0.218,0.218,0.218,0.218,0.218,0.218,0.218,0.218,0.218,0.218,0.218,0.218,0.218,0.218,0.218,0.218,0.218,0.218,0.218,0.218,0.218,0.218,0.218,0.218,0.218,0.218,0.218,0.218,0.218,0.218,0.218,0.218,0.218,0.218,0.218,0.218,0.218,0.218,0.218,0.218,0.218,0.218,0.218,0.218,0.218,0.218,0.218,0.218,0.218,0.218,0.218,0.218,0.218,0.218,0.218,0.218,0.218,0.218,0.218,0.218,0.218,0.218,0.218,0.218,0.218,0.218,0.218,0.218,0.218,0.218,0.218,0.218,0.218,0.218,0.218
RGI60-06.00145,0.252,0.252,0.252,0.252,0.252,0.252,0.252,0.252,0.252,0.252,0.252,0.252,0.252,0.252,0.252,0.252,0.252,0.252,0.252,0.252,0.252,0.252,0.252,0.252,0.252,0.252,0.252,0.252,0.252,0.252,0.252,0.252,0.252,0.252,0.252,0.252,0.252,0.252,0.252,0.252,0.252,0.252,0.252,0.252,0.252,0.252,0.252,0.252,0.252,0.252,0.252,0.252,0.252,0.252,0.252,0.252,0.252,0.252,0.252,0.252,0.252,0.252,0.252,0.252,0.252,0.252,0.252,0.252,0.252,0.252,0.252,0.252,0.252,0.252,0.252,0.252,0.252
RGI60-06.00146,0.197,0.197,0.197,0.197,0.197,0.197,0.197,0.197,0.197,0.197,0.197,0.197,0.197,0.197,0.197,0.197,0.197,0.197,0.197,0.197,0.197,0.197,0.197,0.197,0.197,0.197,0.197,0.197,0.197,0.197,0.197,0.197,0.197,0.197,0.197,0.197,0.197,0.197,0.197,0.197,0.197,0.197,0.197,0.197,0.197,0.197,0.197,0.197,0.197,0.197,0.197,0.197,0.197,0.197,0.197,0.197,0.197,0.197,0.197,0.197,0.197,0.197,0.197,0.197,0.197,0.197,0.197,0.197,0.197,0.197,0.197,0.197,0.197,0.197,0.197,0.197,0.197
RGI60-06.00147,0.164,0.164,0.164,0.164,0.164,0.164,0.164,0.164,0.164,0.164,0.164,0.164,0.164,0.164,0.164,0.164,0.164,0.164,0.164,0.164,0.164,0.164,0.164,0.164,0.164,0.164,0.164,0.164,0.164,0.164,0.164,0.164,0.164,0.164,0.164,0.164,0.164,0.164,0.164,0.164,0.164,0.164,0.164,0.164,0.164,0.164,0.164,0.164,0.164,0.164,0.164,0.164,0.164,0.164,0.164,0.164,0.164,0.164,0.164,0.164,0.164,0.164,0.164,0.164,0.164,0.164,0.164,0.164,0.164,0.164,0.164,0.164,0.164,0.164,0.164,0.164,0.164
RGI60-06.00148,0.244,0.244,0.244,0.244,0.244,0.244,0.244,0.244,0.244,0.244,0.244,0.244,0.244,0.244,0.244,0.244,0.244,0.244,0.244,0.244,0.244,0.244,0.244,0.244,0.244,0.244,0.244,0.244,0.244,0.244,0.244,0.244,0.244,0.244,0.244,0.244,0.244,0.244,0.244,0.244,0.244,0.244,0.244,0.244,0.244,0.244,0.244,0.244,0.244,0.244,0.244,0.244,0.244,0.244,0.244,0.244,0.244,0.244,0.244,0.244,0.244,0.244,0.244,0.244,0.244,0.244,0.244,0.244,0.244,0.244,0.244,0.244,0.244,0.244,0.244,0.244,0.244
RGI60-06.00149,0.212,0.212,0.212,0.212,0.212,0.212,0.212,0.212,0.212,0.212,0.212,0.212,0.212,0.212,0.212,0.212,0.212,0.212,0.212,0.212,0.212,0.212,0.212,0.212,0.212,0.212,0.212,0.212,0.212,0.212,0.212,0.212,0.212,0.212,0.212,0.212,0.212,0.212,0.212,0.212,0.212,0.212,0.212,0.212,0.212,0.212,0.212,0.212,0.212,0.212,0.212,0.212,0.212,0.212,0.212,0.212,0.212,0.212,0.212,0.212,0.212,0.212,0.212,0.212,0.212,0.212,0.212,0.212,0.212,0.212,0.212,0.212,0.212,0.212,0.212,0.212,0.212
RGI60-06.00150,0.187,0.187,0.187,0.187,0.187,0.187,0.187,0.187,0.187,0.187,0.187,0.187,0.187,0.187,0.187,0.187,0.187,0.187,0.187,0.187,0.187,0.187,0.187,0.187,0.187,0.187,0.187,0.187,0.187,0.187,0.187,0.187,0.187,0.187,0.187,0.187,0.187,0.187,0.187,0.187,0.187,0.187,0.187,0.187,0.187,0.187,0.187,0.187,0.187,0.187,0.187,0.187,0.187,0.187,0.187,0.187,0.187,0.187,0.187,0.187,0.187,0.187,0.187,0.187,0.187,0.187,0.187,0.187,0.187,0.187,0.187,0.187,0.187,0.187,0.187,0.187,0.187
RGI60-06.00151,0.151,0.151,0.151,0.151,0.151,0.151,0.151,0.151,0.151,0.151,0.151,0.151,0.151,0.151,0.151,0.151,0.151,0.151,0.151,0.151,0.151,0.151,0.151,0.151,0.151,0.151,0.151,0.151,0.151,0.151,0.151,0.151,0.151,0.151,0.151,0.151,0.151,0.151,0.151,0.151,0.151,0.151,0.151,0.151,0.151,0.151,0.151,0.151,0.151,0.151,0.151,0.151,0.151,0.151,0.151,0.151,0.151,0.151,0.151,0.151,0.151,0.151,0.151,0.151,0.151,0.151,0.151,0.151,0.151,0.151,0.151,0.151,0.151,0.151,0.151,0.151,0.151
RGI60-06.00152,0.382,0.382,0.382,0.382,0.382,0.382,0.382,0.382,0.382,0.382,0.382,0.382,0.382,0.382,0.382,0.382,0.382,0.382,0.382,0.382,0.382,0.382,0.382,0.382,0.382,0.382,0.382,0.382,0.382,0.382,0.382,0.382,0.382,0.382,0.382,0.382,0.382,0.382,0.382,0.382,0.382,0.382,0.382,0.382,0.382,0.382,0.382,0.382,0.382,0.382,0.382,0.382,0.382,0.382,0.382,0.382,0.382,0.382,0.382,0.382,0.382,0.382,0.382,0.382,0.382,0.382,0.382,0.382,0.382,0.382,0.382,0.382,0.382,0.382,0.382,0.382,0.382
RGI60-06.00153,0.29,0.29,0.29,0.29,0.29,0.29,0.29,0.29,0.29,0.29,0.29,0.29,0.29,0.29,0.29,0.29,0.29,0.29,0.29,0.29,0.29,0.29,0.29,0.29,0.29,0.29,0.29,0.29,0.29,0.29,0.29,0.29,0.29,0.29,0.29,0.29,0.29,0.29,0.29,0.29,0.29,0.29,0.29,0.29,0.29,0.29,0.29,0.29,0.29,0.29,0.29,0.29,0.29,0.29,0.29,0.29,0.29,0.29,0.29,0.29,0.29,0.29,0.29,0.29,0.29,0.29,0.29,0.29,0.29,0.29,0.29,0.29,0.29,0.29,0.29,0.29,0.29
RGI60-06.00154,0.23,0.23,0.23,0.23,0.23,0.23,0.23,0.23,0.23,0.23,0.23,0.23,0.23,0.23,0.23,0.23,0.23,0.23,0.23,0.23,0.23,0.23,0.23,0.23,0.23,0.23,0.23,0.23,0.23,0.23,0.23,0.23,0.23,0.23,0.23,0.23,0.23,0.23,0.23,0.23,0.23,0.23,0.23,0.23,0.23,0.23,0.23,0.23,0.23,0.23,0.23,0.23,0.23,0.23,0.23,0.23,0.23,0.23,0.23,0.23,0.23,0.23,0.23,0.23,0.23,0.23,0.23,0.23,0.23,0.23,0.23,0.23,0.23,0.23,0.23,0.23,0.23
RGI60-06.00155,0.229,0.229,0.229,0.229,0.229,0.229,0.229,0.229,0.229,0.229,0.229,0.229,0.229,0.229,0.229,0.229,0.229,0.229,0.229,0.229,0.229,0.229,0.229,0.229,0.229,0.229,0.229,0.229,0.229,0.229,0.229,0.229,0.229,0.229,0.229,0.229,0.229,0.229,0.229,0.229,0.229,0.229,0.229,0.229,0.229,0.229,0.229,0.229,0.229,0.229,0.229,0.229,0.229,0.229,0.229,0.229,0.229,0.229,0.229,0.229,0.229,0.229,0.229,0.229,0.229,0.229,0.229,0.229,0.229,0.229,0.229,0.229,0.229,0.229,0.229,0.229,0.229
RGI60-06.00156,0.199,0.199,0.199,0.199,0.199,0.199,0.199,0.199,0.199,0.199,0.199,0.199,0.199,0.199,0.199,0.199,0.199,0.199,0.199,0.199,0.199,0.199,0.199,0.199,0.199,0.199,0.199,0.199,0.199,0.199,0.199,0.199,0.199,0.199,0.199,0.199,0.199,0.199,0.199,0.199,0.199,0.199,0.199,0.199,0.199,0.199,0.199,0.199,0.199,0.199,0.199,0.199,0.199,0.199,0.199,0.199,0.199,0.199,0.199,0.199,0.199,0.199,0.199,0.199,0.199,0.199,0.199,0.199,0.199,0.199,0.199,0.199,0.199,0.199,0.199,0.199,0.199
RGI60-06.00157,0.343,0.343,0.343,0.343,0.343,0.343,0.343,0.343,0.343,0.343,0.343,0.343,0.343,0.343,0.343,0.343,0.343,0.343,0.343,0.343,0.343,0.343,0.343,0.343,0.343,0.343,0.343,0.343,0.343,0.343,0.343,0.343,0.343,0.343,0.343,0.343,0.343,0.343,0.343,0.343,0.343,0.343,0.343,0.343,0.343,0.343,0.343,0.343,0.343,0.343,0.343,0.343,0.343,0.343,0.343,0.343,0.343,0.343,0.343,0.343,0.343,0.343,0.343,0.343,0.343,0.343,0.343,0.343,0.343,0.343,0.343,0.343,0.343,0.343,0.343,0.343,0.343
RGI60-06.00158,0.251,0.251,0.251,0.251,0.251,0.251,0.251,0.251,0.251,0.251,0.251,0.251,0.251,0.251,0.251,0.251,0.251,0.251,0.251,0.251,0.251,0.251,0.251,0.251,0.251,0.251,0.251,0.251,0.251,0.251,0.251,0.251,0.251,0.251,0.251,0.251,0.251,0.251,0.251,0.251,0.251,0.251,0.251,0.251,0.251,0.251,0.251,0.251,0.251,0.251,0.251,0.251,0.251,0.251,0.251,0.251,0.251,0.251,0.251,0.251,0.251,0.251,0.251,0.251,0.251,0.251,0.251,0.251,0.251,0.251,0.251,0.251,0.251,0.251,0.251,0.251,0.251
RGI60-06.00159,0.229,0.229,0.229,0.229,0.229,0.229,0.229,0.229,0.229,0.229,0.229,0.229,0.229,0.229,0.229,0.229,0.229,0.229,0.229,0.229,0.229,0.229,0.229,0.229,0.229,0.229,0.229,0.229,0.229,0.229,0.229,0.229,0.229,0.229,0.229,0.229,0.229,0.229,0.229,0.229,0.229,0.229,0.229,0.229,0.229,0.229,0.229,0.229,0.229,0.229,0.229,0.229,0.229,0.229,0.229,0.229,0.229,0.229,0.229,0.229,0.229,0.229,0.229,0.229,0.229,0.229,0.229,0.229,0.229,0.229,0.229,0.229,0.229,0.229,0.229,0.229,0.229
RGI60-06.00160,0.187,0.187,0.187,0.187,0.187,0.187,0.187,0.187,0.187,0.187,0.187,0.187,0.187,0.187,0.187,0.187,0.187,0.187,0.187,0.187,0.187,0.187,0.187,0.187,0.187,0.187,0.187,0.187,0.187,0.187,0.187,0.187,0.187,0.187,0.187,0.187,0.187,0.187,0.187,0.187,0.187,0.187,0.187,0.187,0.187,0.187,0.187,0.187,0.187,0.187,0.187,0.187,0.187,0.187,0.187,0.187,0.187,0.187,0.187,0.187,0.187,0.187,0.187,0.187,0.187,0.187,0.187,0.187,0.187,0.187,0.187,0.187,0.187,0.187,0.187,0.187,0.187
RGI60-06.00161,0.199,0.199,0.199,0.199,0.199,0.199,0.199,0.199,0.199,0.199,0.199,0.199,0.199,0.199,0.199,0.199,0.199,0.199,0.199,0.199,0.199,0.199,0.199,0.199,0.199,0.199,0.199,0.199,0.199,0.199,0.199,0.199,0.199,0.199,0.199,0.199,0.199,0.199,0.199,0.199,0.199,0.199,0.199,0.199,0.199,0.199,0.199,0.199,0.199,0.199,0.199,0.199,0.199,0.199,0.199,0.199,0.199,0.199,0.199,0.199,0.199,0.199,0.199,0.199,0.199,0.199,0.199,0.199,0.199,0.199,0.199,0.199,0.199,0.199,0.199,0.199,0.199
RGI60-06.00162,0.206,0.206,0.206,0.206,0.206,0.206,0.206,0.206,0.206,0.206,0.206,0.206,0.206,0.206,0.206,0.206,0.206,0.206,0.206,0.206,0.206,0.206,0.206,0.206,0.206,0.206,0.206,0.206,0.206,0.206,0.206,0.206,0.206,0.206,0.206,0.206,0.206,0.206,0.206,0.206,0.206,0.206,0.206,0.206,0.206,0.206,0.206,0.206,0.206,0.206,0.206,0.206,0.206,0.206,0.206,0.206,0.206,0.206,0.206,0.206,0.206,0.206,0.206,0.206,0.206,0.206,0.206,0.206,0.206,0.206,0.206,0.206,0.206,0.206,0.206,0.206,0.206
RGI60-06.00163,0.275,0.275,0.275,0.275,0.275,0.275,0.275,0.275,0.275,0.275,0.275,0.275,0.275,0.275,0.275,0.275,0.275,0.275,0.275,0.275,0.275,0.275,0.275,0.275,0.275,0.275,0.275,0.275,0.275,0.275,0.275,0.275,0.275,0.275,0.275,0.275,0.275,0.275,0.275,0.275,0.275,0.275,0.275,0.275,0.275,0.275,0.275,0.275,0.275,0.275,0.275,0.275,0.275,0.275,0.275,0.275,0.275,0.275,0.275,0.275,0.275,0.275,0.275,0.275,0.275,0.275,0.275,0.275,0.275,0.275,0.275,0.275,0.275,0.275,0.275,0.275,0.275
RGI60-06.00164,0.275,0.275,0.275,0.275,0.275,0.275,0.275,0.275,0.275,0.275,0.275,0.275,0.275,0.275,0.275,0.275,0.275,0.275,0.275,0.275,0.275,0.275,0.275,0.275,0.275,0.275,0.275,0.275,0.275,0.275,0.275,0.275,0.275,0.275,0.275,0.275,0.275,0.275,0.275,0.275,0.275,0.275,0.275,0.275,0.275,0.275,0.275,0.275,0.275,0.275,0.275,0.275,0.275,0.275,0.275,0.275,0.275,0.275,0.275,0.275,0.275,0.275,0.275,0.275,0.275,0.275,0.275,0.275,0.275,0.275,0.275,0.275,0.275,0.275,0.275,0.275,0.275
RGI60-06.00165,0.173,0.173,0.173,0.173,0.173,0.173,0.173,0.173,0.173,0.173,0.173,0.173,0.173,0.173,0.173,0.173,0.173,0.173,0.173,0.173,0.173,0.173,0.173,0.173,0.173,0.173,0.173,0.173,0.173,0.173,0.173,0.173,0.173,0.173,0.173,0.173,0.173,0.173,0.173,0.173,0.173,0.173,0.173,0.173,0.173,0.173,0.173,0.173,0.173,0.173,0.173,0.173,0.173,0.173,0.173,0.173,0.173,0.173,0.173,0.173,0.173,0.173,0.173,0.173,0.173,0.173,0.173,0.173,0.173,0.173,0.173,0.173,0.173,0.173,0.173,0.173,0.173
RGI60-06.00166,0.154,0.154,0.154,0.154,0.154,0.154,0.154,0.154,0.154,0.154,0.154,0.154,0.154,0.154,0.154,0.154,0.154,0.154,0.154,0.154,0.154,0.154,0.154,0.154,0.154,0.154,0.154,0.154,0.154,0.154,0.154,0.154,0.154,0.154,0.154,0.154,0.154,0.154,0.154,0.154,0.154,0.154,0.154,0.154,0.154,0.154,0.154,0.154,0.154,0.154,0.154,0.154,0.154,0.154,0.154,0.154,0.154,0.154,0.154,0.154,0.154,0.154,0.154,0.154,0.154,0.154,0.154,0.154,0.154,0.154,0.154,0.154,0.154,0.154,0.154,0.154,0.154
RGI60-06.00167,0.188,0.188,0.188,0.188,0.188,0.188,0.188,0.188,0.188,0.188,0.188,0.188,0.188,0.188,0.188,0.188,0.188,0.188,0.188,0.188,0.188,0.188,0.188,0.188,0.188,0.188,0.188,0.188,0.188,0.188,0.188,0.188,0.188,0.188,0.188,0.188,0.188,0.188,0.188,0.188,0.188,0.188,0.188,0.188,0.188,0.188,0.188,0.188,0.188,0.188,0.188,0.188,0.188,0.188,0.188,0.188,0.188,0.188,0.188,0.188,0.188,0.188,0.188,0.188,0.188,0.188,0.188,0.188,0.188,0.188,0.188,0.188,0.188,0.188,0.188,0.188,0.188
RGI60-06.00168,0.205,0.205,0.205,0.205,0.205,0.205,0.205,0.205,0.205,0.205,0.205,0.205,0.205,0.205,0.205,0.205,0.205,0.205,0.205,0.205,0.205,0.205,0.205,0.205,0.205,0.205,0.205,0.205,0.205,0.205,0.205,0.205,0.205,0.205,0.205,0.205,0.205,0.205,0.205,0.205,0.205,0.205,0.205,0.205,0.205,0.205,0.205,0.205,0.205,0.205,0.205,0.205,0.205,0.205,0.205,0.205,0.205,0.205,0.205,0.205,0.205,0.205,0.205,0.205,0.205,0.205,0.205,0.205,0.205,0.205,0.205,0.205,0.205,0.205,0.205,0.205,0.205
RGI60-06.00169,0.17,0.17,0.17,0.17,0.17,0.17,0.17,0.17,0.17,0.17,0.17,0.17,0.17,0.17,0.17,0.17,0.17,0.17,0.17,0.17,0.17,0.17,0.17,0.17,0.17,0.17,0.17,0.17,0.17,0.17,0.17,0.17,0.17,0.17,0.17,0.17,0.17,0.17,0.17,0.17,0.17,0.17,0.17,0.17,0.17,0.17,0.17,0.17,0.17,0.17,0.17,0.17,0.17,0.17,0.17,0.17,0.17,0.17,0.17,0.17,0.17,0.17,0.17,0.17,0.17,0.17,0.17,0.17,0.17,0.17,0.17,0.17,0.17,0.17,0.17,0.17,0.17
RGI60-06.00170,0.217,0.217,0.217,0.217,0.217,0.217,0.217,0.217,0.217,0.217,0.217,0.217,0.217,0.217,0.217,0.217,0.217,0.217,0.217,0.217,0.217,0.217,0.217,0.217,0.217,0.217,0.217,0.217,0.217,0.217,0.217,0.217,0.217,0.217,0.217,0.217,0.217,0.217,0.217,0.217,0.217,0.217,0.217,0.217,0.217,0.217,0.217,0.217,0.217,0.217,0.217,0.217,0.217,0.217,0.217,0.217,0.217,0.217,0.217,0.217,0.217,0.217,0.217,0.217,0.217,0.217,0.217,0.217,0.217,0.217,0.217,0.217,0.217,0.217,0.217,0.217,0.217
RGI60-06.00171,0.276,0.276,0.276,0.276,0.276,0.276,0.276,0.276,0.276,0.276,0.276,0.276,0.276,0.276,0.276,0.276,0.276,0.276,0.276,0.276,0.276,0.276,0.276,0.276,0.276,0.276,0.276,0.276,0.276,0.276,0.276,0.276,0.276,0.276,0.276,0.276,0.276,0.276,0.276,0.276,0.276,0.276,0.276,0.276,0.276,0.276,0.276,0.276,0.276,0.276,0.276,0.276,0.276,0.276,0.276,0.276,0.276,0.276,0.276,0.276,0.276,0.276,0.276,0.276,0.276,0.276,0.276,0.276,0.276,0.276,0.276,0.276,0.276,0.276,0.276,0.276,0.276
RGI60-06.00172,0.196,0.196,0.196,0.196,0.196,0.196,0.196,0.196,0.196,0.196,0.196,0.196,0.196,0.196,0.196,0.196,0.196,0.196,0.196,0.196,0.196,0.196,0.196,0.196,0.196,0.196,0.196,0.196,0.196,0.196,0.196,0.196,0.196,0.196,0.196,0.196,0.196,0.196,0.196,0.196,0.196,0.196,0.196,0.196,0.196,0.196,0.196,0.196,0.196,0.196,0.196,0.196,0.196,0.196,0.196,0.196,0.196,0.196,0.196,0.196,0.196,0.196,0.196,0.196,0.196,0.196,0.196,0.196,0.196,0.196,0.196,0.196,0.196,0.196,0.196,0.196,0.196
RGI60-06.00173,0.169,0.169,0.169,0.169,0.169,0.169,0.169,0.169,0.169,0.169,0.169,0.169,0.169,0.169,0.169,0.169,0.169,0.169,0.169,0.169,0.169,0.169,0.169,0.169,0.169,0.169,0.169,0.169,0.169,0.169,0.169,0.169,0.169,0.169,0.169,0.169,0.169,0.169,0.169,0.169,0.169,0.169,0.169,0.169,0.169,0.169,0.169,0.169,0.169,0.169,0.169,0.169,0.169,0.169,0.169,0.169,0.169,0.169,0.169,0.169,0.169,0.169,0.169,0.169,0.169,0.169,0.169,0.169,0.169,0.169,0.169,0.169,0.169,0.169,0.169,0.169,0.169
RGI60-06.00174,0.182,0.182,0.182,0.182,0.182,0.182,0.182,0.182,0.182,0.182,0.182,0.182,0.182,0.182,0.182,0.182,0.182,0.182,0.182,0.182,0.182,0.182,0.182,0.182,0.182,0.182,0.182,0.182,0.182,0.182,0.182,0.182,0.182,0.182,0.182,0.182,0.182,0.182,0.182,0.182,0.182,0.182,0.182,0.182,0.182,0.182,0.182,0.182,0.182,0.182,0.182,0.182,0.182,0.182,0.182,0.182,0.182,0.182,0.182,0.182,0.182,0.182,0.182,0.182,0.182,0.182,0.182,0.182,0.182,0.182,0.182,0.182,0.182,0.182,0.182,0.182,0.182
RGI60-06.00175,0.163,0.163,0.163,0.163,0.163,0.163,0.163,0.163,0.163,0.163,0.163,0.163,0.163,0.163,0.163,0.163,0.163,0.163,0.163,0.163,0.163,0.163,0.163,0.163,0.163,0.163,0.163,0.163,0.163,0.163,0.163,0.163,0.163,0.163,0.163,0.163,0.163,0.163,0.163,0.163,0.163,0.163,0.163,0.163,0.163,0.163,0.163,0.163,0.163,0.163,0.163,0.163,0.163,0.163,0.163,0.163,0.163,0.163,0.163,0.163,0.163,0.163,0.163,0.163,0.163,0.163,0.163,0.163,0.163,0.163,0.163,0.163,0.163,0.163,0.163,0.163,0.163
RGI60-06.00176,0.234,0.234,0.234,0.234,0.234,0.234,0.234,0.234,0.234,0.234,0.234,0.234,0.234,0.234,0.234,0.234,0.234,0.234,0.234,0.234,0.234,0.234,0.234,0.234,0.234,0.234,0.234,0.234,0.234,0.234,0.234,0.234,0.234,0.234,0.234,0.234,0.234,0.234,0.234,0.234,0.234,0.234,0.234,0.234,0.234,0.234,0.234,0.234,0.234,0.234,0.234,0.234,0.234,0.234,0.234,0.234,0.234,0.234,0.234,0.234,0.234,0.234,0.234,0.234,0.234,0.234,0.234,0.234,0.234,0.234,0.234,0.234,0.234,0.234,0.234,0.234,0.234
RGI60-06.00177,0.159,0.159,0.159,0.159,0.159,0.159,0.159,0.159,0.159,0.159,0.159,0.159,0.159,0.159,0.159,0.159,0.159,0.159,0.159,0.159,0.159,0.159,0.159,0.159,0.159,0.159,0.159,0.159,0.159,0.159,0.159,0.159,0.159,0.159,0.159,0.159,0.159,0.159,0.159,0.159,0.159,0.159,0.159,0.159,0.159,0.159,0.159,0.159,0.159,0.159,0.159,0.159,0.159,0.159,0.159,0.159,0.159,0.159,0.159,0.159,0.159,0.159,0.159,0.159,0.159,0.159,0.159,0.159,0.159,0.159,0.159,0.159,0.159,0.159,0.159,0.159,0.159
RGI60-06.00178,0.296,0.296,0.296,0.296,0.296,0.296,0.296,0.296,0.296,0.296,0.296,0.296,0.296,0.296,0.296,0.296,0.296,0.296,0.296,0.296,0.296,0.296,0.296,0.296,0.296,0.296,0.296,0.296,0.296,0.296,0.296,0.296,0.296,0.296,0.296,0.296,0.296,0.296,0.296,0.296,0.296,0.296,0.296,0.296,0.296,0.296,0.296,0.296,0.296,0.296,0.296,0.296,0.296,0.296,0.296,0.296,0.296,0.296,0.296,0.296,0.296,0.296,0.296,0.296,0.296,0.296,0.296,0.296,0.296,0.296,0.296,0.296,0.296,0.296,0.296,0.296,0.296
RGI60-06.00179,0.215,0.215,0.215,0.215,0.215,0.215,0.215,0.215,0.215,0.215,0.215,0.215,0.215,0.215,0.215,0.215,0.215,0.215,0.215,0.215,0.215,0.215,0.215,0.215,0.215,0.215,0.215,0.215,0.215,0.215,0.215,0.215,0.215,0.215,0.215,0.215,0.215,0.215,0.215,0.215,0.215,0.215,0.215,0.215,0.215,0.215,0.215,0.215,0.215,0.215,0.215,0.215,0.215,0.215,0.215,0.215,0.215,0.215,0.215,0.215,0.215,0.215,0.215,0.215,0.215,0.215,0.215,0.215,0.215,0.215,0.215,0.215,0.215,0.215,0.215,0.215,0.215
RGI60-06.00180,0.221,0.221,0.221,0.221,0.221,0.221,0.221,0.221,0.221,0.221,0.221,0.221,0.221,0.221,0.221,0.221,0.221,0.221,0.221,0.221,0.221,0.221,0.221,0.221,0.221,0.221,0.221,0.221,0.221,0.221,0.221,0.221,0.221,0.221,0.221,0.221,0.221,0.221,0.221,0.221,0.221,0.221,0.221,0.221,0.221,0.221,0.221,0.221,0.221,0.221,0.221,0.221,0.221,0.221,0.221,0.221,0.221,0.221,0.221,0.221,0.221,0.221,0.221,0.221,0.221,0.221,0.221,0.221,0.221,0.221,0.221,0.221,0.221,0.221,0.221,0.221,0.221
RGI60-06.00181,0.221,0.221,0.221,0.221,0.221,0.221,0.221,0.221,0.221,0.221,0.221,0.221,0.221,0.221,0.221,0.221,0.221,0.221,0.221,0.221,0.221,0.221,0.221,0.221,0.221,0.221,0.221,0.221,0.221,0.221,0.221,0.221,0.221,0.221,0.221,0.221,0.221,0.221,0.221,0.221,0.221,0.221,0.221,0.221,0.221,0.221,0.221,0.221,0.221,0.221,0.221,0.221,0.221,0.221,0.221,0.221,0.221,0.221,0.221,0.221,0.221,0.221,0.221,0.221,0.221,0.221,0.221,0.221,0.221,0.221,0.221,0.221,0.221,0.221,0.221,0.221,0.221
RGI60-06.00182,0.212,0.212,0.212,0.212,0.212,0.212,0.212,0.212,0.212,0.212,0.212,0.212,0.212,0.212,0.212,0.212,0.212,0.212,0.212,0.212,0.212,0.212,0.212,0.212,0.212,0.212,0.212,0.212,0.212,0.212,0.212,0.212,0.212,0.212,0.212,0.212,0.212,0.212,0.212,0.212,0.212,0.212,0.212,0.212,0.212,0.212,0.212,0.212,0.212,0.212,0.212,0.212,0.212,0.212,0.212,0.212,0.212,0.212,0.212,0.212,0.212,0.212,0.212,0.212,0.212,0.212,0.212,0.212,0.212,0.212,0.212,0.212,0.212,0.212,0.212,0.212,0.212
RGI60-06.00183,0.189,0.189,0.189,0.189,0.189,0.189,0.189,0.189,0.189,0.189,0.189,0.189,0.189,0.189,0.189,0.189,0.189,0.189,0.189,0.189,0.189,0.189,0.189,0.189,0.189,0.189,0.189,0.189,0.189,0.189,0.189,0.189,0.189,0.189,0.189,0.189,0.189,0.189,0.189,0.189,0.189,0.189,0.189,0.189,0.189,0.189,0.189,0.189,0.189,0.189,0.189,0.189,0.189,0.189,0.189,0.189,0.189,0.189,0.189,0.189,0.189,0.189,0.189,0.189,0.189,0.189,0.189,0.189,0.189,0.189,0.189,0.189,0.189,0.189,0.189,0.189,0.189
RGI60-06.00184,0.234,0.234,0.234,0.234,0.234,0.234,0.234,0.234,0.234,0.234,0.234,0.234,0.234,0.234,0.234,0.234,0.234,0.234,0.234,0.234,0.234,0.234,0.234,0.234,0.234,0.234,0.234,0.234,0.234,0.234,0.234,0.234,0.234,0.234,0.234,0.234,0.234,0.234,0.234,0.234,0.234,0.234,0.234,0.234,0.234,0.234,0.234,0.234,0.234,0.234,0.234,0.234,0.234,0.234,0.234,0.234,0.234,0.234,0.234,0.234,0.234,0.234,0.234,0.234,0.234,0.234,0.234,0.234,0.234,0.234,0.234,0.234,0.234,0.234,0.234,0.234,0.234
RGI60-06.00185,0.349,0.349,0.349,0.349,0.349,0.349,0.349,0.349,0.349,0.349,0.349,0.349,0.349,0.349,0.349,0.349,0.349,0.349,0.349,0.349,0.349,0.349,0.349,0.349,0.349,0.349,0.349,0.349,0.349,0.349,0.349,0.349,0.349,0.349,0.349,0.349,0.349,0.349,0.349,0.349,0.349,0.349,0.349,0.349,0.349,0.349,0.349,0.349,0.349,0.349,0.349,0.349,0.349,0.349,0.349,0.349,0.349,0.349,0.349,0.349,0.349,0.349,0.349,0.349,0.349,0.349,0.349,0.349,0.349,0.349,0.349,0.349,0.349,0.349,0.349,0.349,0.349
RGI60-06.00186,0.158,0.158,0.158,0.158,0.158,0.158,0.158,0.158,0.158,0.158,0.158,0.158,0.158,0.158,0.158,0.158,0.158,0.158,0.158,0.158,0.158,0.158,0.158,0.158,0.158,0.158,0.158,0.158,0.158,0.158,0.158,0.158,0.158,0.158,0.158,0.158,0.158,0.158,0.158,0.158,0.158,0.158,0.158,0.158,0.158,0.158,0.158,0.158,0.158,0.158,0.158,0.158,0.158,0.158,0.158,0.158,0.158,0.158,0.158,0.158,0.158,0.158,0.158,0.158,0.158,0.158,0.158,0.158,0.158,0.158,0.158,0.158,0.158,0.158,0.158,0.158,0.158
RGI60-06.00187,0.214,0.214,0.214,0.214,0.214,0.214,0.214,0.214,0.214,0.214,0.214,0.214,0.214,0.214,0.214,0.214,0.214,0.214,0.214,0.214,0.214,0.214,0.214,0.214,0.214,0.214,0.214,0.214,0.214,0.214,0.214,0.214,0.214,0.214,0.214,0.214,0.214,0.214,0.214,0.214,0.214,0.214,0.214,0.214,0.214,0.214,0.214,0.214,0.214,0.214,0.214,0.214,0.214,0.214,0.214,0.214,0.214,0.214,0.214,0.214,0.214,0.214,0.214,0.214,0.214,0.214,0.214,0.214,0.214,0.214,0.214,0.214,0.214,0.214,0.214,0.214,0.214
RGI60-06.00188,0.181,0.181,0.181,0.181,0.181,0.181,0.181,0.181,0.181,0.181,0.181,0.181,0.181,0.181,0.181,0.181,0.181,0.181,0.181,0.181,0.181,0.181,0.181,0.181,0.181,0.181,0.181,0.181,0.181,0.181,0.181,0.181,0.181,0.181,0.181,0.181,0.181,0.181,0.181,0.181,0.181,0.181,0.181,0.181,0.181,0.181,0.181,0.181,0.181,0.181,0.181,0.181,0.181,0.181,0.181,0.181,0.181,0.181,0.181,0.181,0.181,0.181,0.181,0.181,0.181,0.181,0.181,0.181,0.181,0.181,0.181,0.181,0.181,0.181,0.181,0.181,0.181
RGI60-06.00189,0.158,0.158,0.158,0.158,0.158,0.158,0.158,0.158,0.158,0.158,0.158,0.158,0.158,0.158,0.158,0.158,0.158,0.158,0.158,0.158,0.158,0.158,0.158,0.158,0.158,0.158,0.158,0.158,0.158,0.158,0.158,0.158,0.158,0.158,0.158,0.158,0.158,0.158,0.158,0.158,0.158,0.158,0.158,0.158,0.158,0.158,0.158,0.158,0.158,0.158,0.158,0.158,0.158,0.158,0.158,0.158,0.158,0.158,0.158,0.158,0.158,0.158,0.158,0.158,0.158,0.158,0.158,0.158,0.158,0.158,0.158,0.158,0.158,0.158,0.158,0.158,0.158
RGI60-06.00190,0.172,0.172,0.172,0.172,0.172,0.172,0.172,0.172,0.172,0.172,0.172,0.172,0.172,0.172,0.172,0.172,0.172,0.172,0.172,0.172,0.172,0.172,0.172,0.172,0.172,0.172,0.172,0.172,0.172,0.172,0.172,0.172,0.172,0.172,0.172,0.172,0.172,0.172,0.172,0.172,0.172,0.172,0.172,0.172,0.172,0.172,0.172,0.172,0.172,0.172,0.172,0.172,0.172,0.172,0.172,0.172,0.172,0.172,0.172,0.172,0.172,0.172,0.172,0.172,0.172,0.172,0.172,0.172,0.172,0.172,0.172,0.172,0.172,0.172,0.172,0.172,0.172
RGI60-06.00191,0.157,0.157,0.157,0.157,0.157,0.157,0.157,0.157,0.157,0.157,0.157,0.157,0.157,0.157,0.157,0.157,0.157,0.157,0.157,0.157,0.157,0.157,0.157,0.157,0.157,0.157,0.157,0.157,0.157,0.157,0.157,0.157,0.157,0.157,0.157,0.157,0.157,0.157,0.157,0.157,0.157,0.157,0.157,0.157,0.157,0.157,0.157,0.157,0.157,0.157,0.157,0.157,0.157,0.157,0.157,0.157,0.157,0.157,0.157,0.157,0.157,0.157,0.157,0.157,0.157,0.157,0.157,0.157,0.157,0.157,0.157,0.157,0.157,0.157,0.157,0.157,0.157
RGI60-06.00192,0.193,0.193,0.193,0.193,0.193,0.193,0.193,0.193,0.193,0.193,0.193,0.193,0.193,0.193,0.193,0.193,0.193,0.193,0.193,0.193,0.193,0.193,0.193,0.193,0.193,0.193,0.193,0.193,0.193,0.193,0.193,0.193,0.193,0.193,0.193,0.193,0.193,0.193,0.193,0.193,0.193,0.193,0.193,0.193,0.193,0.193,0.193,0.193,0.193,0.193,0.193,0.193,0.193,0.193,0.193,0.193,0.193,0.193,0.193,0.193,0.193,0.193,0.193,0.193,0.193,0.193,0.193,0.193,0.193,0.193,0.193,0.193,0.193,0.193,0.193,0.193,0.193
RGI60-06.00193,0.154,0.154,0.154,0.154,0.154,0.154,0.154,0.154,0.154,0.154,0.154,0.154,0.154,0.154,0.154,0.154,0.154,0.154,0.154,0.154,0.154,0.154,0.154,0.154,0.154,0.154,0.154,0.154,0.154,0.154,0.154,0.154,0.154,0.154,0.154,0.154,0.154,0.154,0.154,0.154,0.154,0.154,0.154,0.154,0.154,0.154,0.154,0.154,0.154,0.154,0.154,0.154,0.154,0.154,0.154,0.154,0.154,0.154,0.154,0.154,0.154,0.154,0.154,0.154,0.154,0.154,0.154,0.154,0.154,0.154,0.154,0.154,0.154,0.154,0.154,0.154,0.154
RGI60-06.00194,0.176,0.176,0.176,0.176,0.176,0.176,0.176,0.176,0.176,0.176,0.176,0.176,0.176,0.176,0.176,0.176,0.176,0.176,0.176,0.176,0.176,0.176,0.176,0.176,0.176,0.176,0.176,0.176,0.176,0.176,0.176,0.176,0.176,0.176,0.176,0.176,0.176,0.176,0.176,0.176,0.176,0.176,0.176,0.176,0.176,0.176,0.176,0.176,0.176,0.176,0.176,0.176,0.176,0.176,0.176,0.176,0.176,0.176,0.176,0.176,0.176,0.176,0.176,0.176,0.176,0.176,0.176,0.176,0.176,0.176,0.176,0.176,0.176,0.176,0.176,0.176,0.176
RGI60-06.00195,0.167,0.167,0.167,0.167,0.167,0.167,0.167,0.167,0.167,0.167,0.167,0.167,0.167,0.167,0.167,0.167,0.167,0.167,0.167,0.167,0.167,0.167,0.167,0.167,0.167,0.167,0.167,0.167,0.167,0.167,0.167,0.167,0.167,0.167,0.167,0.167,0.167,0.167,0.167,0.167,0.167,0.167,0.167,0.167,0.167,0.167,0.167,0.167,0.167,0.167,0.167,0.167,0.167,0.167,0.167,0.167,0.167,0.167,0.167,0.167,0.167,0.167,0.167,0.167,0.167,0.167,0.167,0.167,0.167,0.167,0.167,0.167,0.167,0.167,0.167,0.167,0.167
RGI60-06.00196,0.179,0.179,0.179,0.179,0.179,0.179,0.179,0.179,0.179,0.179,0.179,0.179,0.179,0.179,0.179,0.179,0.179,0.179,0.179,0.179,0.179,0.179,0.179,0.179,0.179,0.179,0.179,0.179,0.179,0.179,0.179,0.179,0.179,0.179,0.179,0.179,0.179,0.179,0.179,0.179,0.179,0.179,0.179,0.179,0.179,0.179,0.179,0.179,0.179,0.179,0.179,0.179,0.179,0.179,0.179,0.179,0.179,0.179,0.179,0.179,0.179,0.179,0.179,0.179,0.179,0.179,0.179,0.179,0.179,0.179,0.179,0.179,0.179,0.179,0.179,0.179,0.179
RGI60-06.00197,0.13,0.13,0.13,0.13,0.13,0.13,0.13,0.13,0.13,0.13,0.13,0.13,0.13,0.13,0.13,0.13,0.13,0.13,0.13,0.13,0.13,0.13,0.13,0.13,0.13,0.13,0.13,0.13,0.13,0.13,0.13,0.13,0.13,0.13,0.13,0.13,0.13,0.13,0.13,0.13,0.13,0.13,0.13,0.13,0.13,0.13,0.13,0.13,0.13,0.13,0.13,0.13,0.13,0.13,0.13,0.13,0.13,0.13,0.13,0.13,0.13,0.13,0.13,0.13,0.13,0.13,0.13,0.13,0.13,0.13,0.13,0.13,0.13,0.13,0.13,0.13,0.13
RGI60-06.00198,0.127,0.127,0.127,0.127,0.127,0.127,0.127,0.127,0.127,0.127,0.127,0.127,0.127,0.127,0.127,0.127,0.127,0.127,0.127,0.127,0.127,0.127,0.127,0.127,0.127,0.127,0.127,0.127,0.127,0.127,0.127,0.127,0.127,0.127,0.127,0.127,0.127,0.127,0.127,0.127,0.127,0.127,0.127,0.127,0.127,0.127,0.127,0.127,0.127,0.127,0.127,0.127,0.127,0.127,0.127,0.127,0.127,0.127,0.127,0.127,0.127,0.127,0.127,0.127,0.127,0.127,0.127,0.127,0.127,0.127,0.127,0.127,0.127,0.127,0.127,0.127,0.127
RGI60-06.00199,0.184,0.184,0.184,0.184,0.184,0.184,0.184,0.184,0.184,0.184,0.184,0.184,0.184,0.184,0.184,0.184,0.184,0.184,0.184,0.184,0.184,0.184,0.184,0.184,0.184,0.184,0.184,0.184,0.184,0.184,0.184,0.184,0.184,0.184,0.184,0.184,0.184,0.184,0.184,0.184,0.184,0.184,0.184,0.184,0.184,0.184,0.184,0.184,0.184,0.184,0.184,0.184,0.184,0.184,0.184,0.184,0.184,0.184,0.184,0.184,0.184,0.184,0.184,0.184,0.184,0.184,0.184,0.184,0.184,0.184,0.184,0.184,0.184,0.184,0.184,0.184,0.184
RGI60-06.00200,0.171,0.171,0.171,0.171,0.171,0.171,0.171,0.171,0.171,0.171,0.171,0.171,0.171,0.171,0.171,0.171,0.171,0.171,0.171,0.171,0.171,0.171,0.171,0.171,0.171,0.171,0.171,0.171,0.171,0.171,0.171,0.171,0.171,0.171,0.171,0.171,0.171,0.171,0.171,0.171,0.171,0.171,0.171,0.171,0.171,0.171,0.171,0.171,0.171,0.171,0.171,0.171,0.171,0.171,0.171,0.171,0.171,0.171,0.171,0.171,0.171,0.171,0.171,0.171,0.171,0.171,0.171,0.171,0.171,0.171,0.171,0.171,0.171,0.171,0.171,0.171,0.171
RGI60-06.00201,0.16,0.16,0.16,0.16,0.16,0.16,0.16,0.16,0.16,0.16,0.16,0.16,0.16,0.16,0.16,0.16,0.16,0.16,0.16,0.16,0.16,0.16,0.16,0.16,0.16,0.16,0.16,0.16,0.16,0.16,0.16,0.16,0.16,0.16,0.16,0.16,0.16,0.16,0.16,0.16,0.16,0.16,0.16,0.16,0.16,0.16,0.16,0.16,0.16,0.16,0.16,0.16,0.16,0.16,0.16,0.16,0.16,0.16,0.16,0.16,0.16,0.16,0.16,0.16,0.16,0.16,0.16,0.16,0.16,0.16,0.16,0.16,0.16,0.16,0.16,0.16,0.16
RGI60-06.00202,0.139,0.139,0.139,0.139,0.139,0.139,0.139,0.139,0.139,0.139,0.139,0.139,0.139,0.139,0.139,0.139,0.139,0.139,0.139,0.139,0.139,0.139,0.139,0.139,0.139,0.139,0.139,0.139,0.139,0.139,0.139,0.139,0.139,0.139,0.139,0.139,0.139,0.139,0.139,0.139,0.139,0.139,0.139,0.139,0.139,0.139,0.139,0.139,0.139,0.139,0.139,0.139,0.139,0.139,0.139,0.139,0.139,0.139,0.139,0.139,0.139,0.139,0.139,0.139,0.139,0.139,0.139,0.139,0.139,0.139,0.139,0.139,0.139,0.139,0.139,0.139,0.139
RGI60-06.00203,0.158,0.158,0.158,0.158,0.158,0.158,0.158,0.158,0.158,0.158,0.158,0.158,0.158,0.158,0.158,0.158,0.158,0.158,0.158,0.158,0.158,0.158,0.158,0.158,0.158,0.158,0.158,0.158,0.158,0.158,0.158,0.158,0.158,0.158,0.158,0.158,0.158,0.158,0.158,0.158,0.158,0.158,0.158,0.158,0.158,0.158,0.158,0.158,0.158,0.158,0.158,0.158,0.158,0.158,0.158,0.158,0.158,0.158,0.158,0.158,0.158,0.158,0.158,0.158,0.158,0.158,0.158,0.158,0.158,0.158,0.158,0.158,0.158,0.158,0.158,0.158,0.158
RGI60-06.00204,0.224,0.224,0.224,0.224,0.224,0.224,0.224,0.224,0.224,0.224,0.224,0.224,0.224,0.224,0.224,0.224,0.224,0.224,0.224,0.224,0.224,0.224,0.224,0.224,0.224,0.224,0.224,0.224,0.224,0.224,0.224,0.224,0.224,0.224,0.224,0.224,0.224,0.224,0.224,0.224,0.224,0.224,0.224,0.224,0.224,0.224,0.224,0.224,0.224,0.224,0.224,0.224,0.224,0.224,0.224,0.224,0.224,0.224,0.224,0.224,0.224,0.224,0.224,0.224,0.224,0.224,0.224,0.224,0.224,0.224,0.224,0.224,0.224,0.224,0.224,0.224,0.224
RGI60-06.00205,0.167,0.167,0.167,0.167,0.167,0.167,0.167,0.167,0.167,0.167,0.167,0.167,0.167,0.167,0.167,0.167,0.167,0.167,0.167,0.167,0.167,0.167,0.167,0.167,0.167,0.167,0.167,0.167,0.167,0.167,0.167,0.167,0.167,0.167,0.167,0.167,0.167,0.167,0.167,0.167,0.167,0.167,0.167,0.167,0.167,0.167,0.167,0.167,0.167,0.167,0.167,0.167,0.167,0.167,0.167,0.167,0.167,0.167,0.167,0.167,0.167,0.167,0.167,0.167,0.167,0.167,0.167,0.167,0.167,0.167,0.167,0.167,0.167,0.167,0.167,0.167,0.167
RGI60-06.00206,0.167,0.167,0.167,0.167,0.167,0.167,0.167,0.167,0.167,0.167,0.167,0.167,0.167,0.167,0.167,0.167,0.167,0.167,0.167,0.167,0.167,0.167,0.167,0.167,0.167,0.167,0.167,0.167,0.167,0.167,0.167,0.167,0.167,0.167,0.167,0.167,0.167,0.167,0.167,0.167,0.167,0.167,0.167,0.167,0.167,0.167,0.167,0.167,0.167,0.167,0.167,0.167,0.167,0.167,0.167,0.167,0.167,0.167,0.167,0.167,0.167,0.167,0.167,0.167,0.167,0.167,0.167,0.167,0.167,0.167,0.167,0.167,0.167,0.167,0.167,0.167,0.167
RGI60-06.00207,0.132,0.132,0.132,0.132,0.132,0.132,0.132,0.132,0.132,0.132,0.132,0.132,0.132,0.132,0.132,0.132,0.132,0.132,0.132,0.132,0.132,0.132,0.132,0.132,0.132,0.132,0.132,0.132,0.132,0.132,0.132,0.132,0.132,0.132,0.132,0.132,0.132,0.132,0.132,0.132,0.132,0.132,0.132,0.132,0.132,0.132,0.132,0.132,0.132,0.132,0.132,0.132,0.132,0.132,0.132,0.132,0.132,0.132,0.132,0.132,0.132,0.132,0.132,0.132,0.132,0.132,0.132,0.132,0.132,0.132,0.132,0.132,0.132,0.132,0.132,0.132,0.132
RGI60-06.00208,0.133,0.133,0.133,0.133,0.133,0.133,0.133,0.133,0.133,0.133,0.133,0.133,0.133,0.133,0.133,0.133,0.133,0.133,0.133,0.133,0.133,0.133,0.133,0.133,0.133,0.133,0.133,0.133,0.133,0.133,0.133,0.133,0.133,0.133,0.133,0.133,0.133,0.133,0.133,0.133,0.133,0.133,0.133,0.133,0.133,0.133,0.133,0.133,0.133,0.133,0.133,0.133,0.133,0.133,0.133,0.133,0.133,0.133,0.133,0.133,0.133,0.133,0.133,0.133,0.133,0.133,0.133,0.133,0.133,0.133,0.133,0.133,0.133,0.133,0.133,0.133,0.133
RGI60-06.00209,0.258,0.258,0.258,0.258,0.258,0.258,0.258,0.258,0.258,0.258,0.258,0.258,0.258,0.258,0.258,0.258,0.258,0.258,0.258,0.258,0.258,0.258,0.258,0.258,0.258,0.258,0.258,0.258,0.258,0.258,0.258,0.258,0.258,0.258,0.258,0.258,0.258,0.258,0.258,0.258,0.258,0.258,0.258,0.258,0.258,0.258,0.258,0.258,0.258,0.258,0.258,0.258,0.258,0.258,0.258,0.258,0.258,0.258,0.258,0.258,0.258,0.258,0.258,0.258,0.258,0.258,0.258,0.258,0.258,0.258,0.258,0.258,0.258,0.258,0.258,0.258,0.258
RGI60-06.00210,0.198,0.198,0.198,0.198,0.198,0.198,0.198,0.198,0.198,0.198,0.198,0.198,0.198,0.198,0.198,0.198,0.198,0.198,0.198,0.198,0.198,0.198,0.198,0.198,0.198,0.198,0.198,0.198,0.198,0.198,0.198,0.198,0.198,0.198,0.198,0.198,0.198,0.198,0.198,0.198,0.198,0.198,0.198,0.198,0.198,0.198,0.198,0.198,0.198,0.198,0.198,0.198,0.198,0.198,0.198,0.198,0.198,0.198,0.198,0.198,0.198,0.198,0.198,0.198,0.198,0.198,0.198,0.198,0.198,0.198,0.198,0.198,0.198,0.198,0.198,0.198,0.198
RGI60-06.00211,0.15,0.15,0.15,0.15,0.15,0.15,0.15,0.15,0.15,0.15,0.15,0.15,0.15,0.15,0.15,0.15,0.15,0.15,0.15,0.15,0.15,0.15,0.15,0.15,0.15,0.15,0.15,0.15,0.15,0.15,0.15,0.15,0.15,0.15,0.15,0.15,0.15,0.15,0.15,0.15,0.15,0.15,0.15,0.15,0.15,0.15,0.15,0.15,0.15,0.15,0.15,0.15,0.15,0.15,0.15,0.15,0.15,0.15,0.15,0.15,0.15,0.15,0.15,0.15,0.15,0.15,0.15,0.15,0.15,0.15,0.15,0.15,0.15,0.15,0.15,0.15,0.15
RGI60-06.00212,0.168,0.168,0.168,0.168,0.168,0.168,0.168,0.168,0.168,0.168,0.168,0.168,0.168,0.168,0.168,0.168,0.168,0.168,0.168,0.168,0.168,0.168,0.168,0.168,0.168,0.168,0.168,0.168,0.168,0.168,0.168,0.168,0.168,0.168,0.168,0.168,0.168,0.168,0.168,0.168,0.168,0.168,0.168,0.168,0.168,0.168,0.168,0.168,0.168,0.168,0.168,0.168,0.168,0.168,0.168,0.168,0.168,0.168,0.168,0.168,0.168,0.168,0.168,0.168,0.168,0.168,0.168,0.168,0.168,0.168,0.168,0.168,0.168,0.168,0.168,0.168,0.168
RGI60-06.00213,0.158,0.158,0.158,0.158,0.158,0.158,0.158,0.158,0.158,0.158,0.158,0.158,0.158,0.158,0.158,0.158,0.158,0.158,0.158,0.158,0.158,0.158,0.158,0.158,0.158,0.158,0.158,0.158,0.158,0.158,0.158,0.158,0.158,0.158,0.158,0.158,0.158,0.158,0.158,0.158,0.158,0.158,0.158,0.158,0.158,0.158,0.158,0.158,0.158,0.158,0.158,0.158,0.158,0.158,0.158,0.158,0.158,0.158,0.158,0.158,0.158,0.158,0.158,0.158,0.158,0.158,0.158,0.158,0.158,0.158,0.158,0.158,0.158,0.158,0.158,0.158,0.158
RGI60-06.00214,0.139,0.139,0.139,0.139,0.139,0.139,0.139,0.139,0.139,0.139,0.139,0.139,0.139,0.139,0.139,0.139,0.139,0.139,0.139,0.139,0.139,0.139,0.139,0.139,0.139,0.139,0.139,0.139,0.139,0.139,0.139,0.139,0.139,0.139,0.139,0.139,0.139,0.139,0.139,0.139,0.139,0.139,0.139,0.139,0.139,0.139,0.139,0.139,0.139,0.139,0.139,0.139,0.139,0.139,0.139,0.139,0.139,0.139,0.139,0.139,0.139,0.139,0.139,0.139,0.139,0.139,0.139,0.139,0.139,0.139,0.139,0.139,0.139,0.139,0.139,0.139,0.139
RGI60-06.00215,0.138,0.138,0.138,0.138,0.138,0.138,0.138,0.138,0.138,0.138,0.138,0.138,0.138,0.138,0.138,0.138,0.138,0.138,0.138,0.138,0.138,0.138,0.138,0.138,0.138,0.138,0.138,0.138,0.138,0.138,0.138,0.138,0.138,0.138,0.138,0.138,0.138,0.138,0.138,0.138,0.138,0.138,0.138,0.138,0.138,0.138,0.138,0.138,0.138,0.138,0.138,0.138,0.138,0.138,0.138,0.138,0.138,0.138,0.138,0.138,0.138,0.138,0.138,0.138,0.138,0.138,0.138,0.138,0.138,0.138,0.138,0.138,0.138,0.138,0.138,0.138,0.138
RGI60-06.00216,0.182,0.182,0.182,0.182,0.182,0.182,0.182,0.182,0.182,0.182,0.182,0.182,0.182,0.182,0.182,0.182,0.182,0.182,0.182,0.182,0.182,0.182,0.182,0.182,0.182,0.182,0.182,0.182,0.182,0.182,0.182,0.182,0.182,0.182,0.182,0.182,0.182,0.182,0.182,0.182,0.182,0.182,0.182,0.182,0.182,0.182,0.182,0.182,0.182,0.182,0.182,0.182,0.182,0.182,0.182,0.182,0.182,0.182,0.182,0.182,0.182,0.182,0.182,0.182,0.182,0.182,0.182,0.182,0.182,0.182,0.182,0.182,0.182,0.182,0.182,0.182,0.182
RGI60-06.00217,0.224,0.224,0.224,0.224,0.224,0.224,0.224,0.224,0.224,0.224,0.224,0.224,0.224,0.224,0.224,0.224,0.224,0.224,0.224,0.224,0.224,0.224,0.224,0.224,0.224,0.224,0.224,0.224,0.224,0.224,0.224,0.224,0.224,0.224,0.224,0.224,0.224,0.224,0.224,0.224,0.224,0.224,0.224,0.224,0.224,0.224,0.224,0.224,0.224,0.224,0.224,0.224,0.224,0.224,0.224,0.224,0.224,0.224,0.224,0.224,0.224,0.224,0.224,0.224,0.224,0.224,0.224,0.224,0.224,0.224,0.224,0.224,0.224,0.224,0.224,0.224,0.224
RGI60-06.00218,0.246,0.246,0.246,0.246,0.246,0.246,0.246,0.246,0.246,0.246,0.246,0.246,0.246,0.246,0.246,0.246,0.246,0.246,0.246,0.246,0.246,0.246,0.246,0.246,0.246,0.246,0.246,0.246,0.246,0.246,0.246,0.246,0.246,0.246,0.246,0.246,0.246,0.246,0.246,0.246,0.246,0.246,0.246,0.246,0.246,0.246,0.246,0.246,0.246,0.246,0.246,0.246,0.246,0.246,0.246,0.246,0.246,0.246,0.246,0.246,0.246,0.246,0.246,0.246,0.246,0.246,0.246,0.246,0.246,0.246,0.246,0.246,0.246,0.246,0.246,0.246,0.246
RGI60-06.00219,0.241,0.241,0.241,0.241,0.241,0.241,0.241,0.241,0.241,0.241,0.241,0.241,0.241,0.241,0.241,0.241,0.241,0.241,0.241,0.241,0.241,0.241,0.241,0.241,0.241,0.241,0.241,0.241,0.241,0.241,0.241,0.241,0.241,0.241,0.241,0.241,0.241,0.241,0.241,0.241,0.241,0.241,0.241,0.241,0.241,0.241,0.241,0.241,0.241,0.241,0.241,0.241,0.241,0.241,0.241,0.241,0.241,0.241,0.241,0.241,0.241,0.241,0.241,0.241,0.241,0.241,0.241,0.241,0.241,0.241,0.241,0.241,0.241,0.241,0.241,0.241,0.241
RGI60-06.00220,0.119,0.119,0.119,0.119,0.119,0.119,0.119,0.119,0.119,0.119,0.119,0.119,0.119,0.119,0.119,0.119,0.119,0.119,0.119,0.119,0.119,0.119,0.119,0.119,0.119,0.119,0.119,0.119,0.119,0.119,0.119,0.119,0.119,0.119,0.119,0.119,0.119,0.119,0.119,0.119,0.119,0.119,0.119,0.119,0.119,0.119,0.119,0.119,0.119,0.119,0.119,0.119,0.119,0.119,0.119,0.119,0.119,0.119,0.119,0.119,0.119,0.119,0.119,0.119,0.119,0.119,0.119,0.119,0.119,0.119,0.119,0.119,0.119,0.119,0.119,0.119,0.119
RGI60-06.00221,0.127,0.127,0.127,0.127,0.127,0.127,0.127,0.127,0.127,0.127,0.127,0.127,0.127,0.127,0.127,0.127,0.127,0.127,0.127,0.127,0.127,0.127,0.127,0.127,0.127,0.127,0.127,0.127,0.127,0.127,0.127,0.127,0.127,0.127,0.127,0.127,0.127,0.127,0.127,0.127,0.127,0.127,0.127,0.127,0.127,0.127,0.127,0.127,0.127,0.127,0.127,0.127,0.127,0.127,0.127,0.127,0.127,0.127,0.127,0.127,0.127,0.127,0.127,0.127,0.127,0.127,0.127,0.127,0.127,0.127,0.127,0.127,0.127,0.127,0.127,0.127,0.127
RGI60-06.00222,0.168,0.168,0.168,0.168,0.168,0.168,0.168,0.168,0.168,0.168,0.168,0.168,0.168,0.168,0.168,0.168,0.168,0.168,0.168,0.168,0.168,0.168,0.168,0.168,0.168,0.168,0.168,0.168,0.168,0.168,0.168,0.168,0.168,0.168,0.168,0.168,0.168,0.168,0.168,0.168,0.168,0.168,0.168,0.168,0.168,0.168,0.168,0.168,0.168,0.168,0.168,0.168,0.168,0.168,0.168,0.168,0.168,0.168,0.168,0.168,0.168,0.168,0.168,0.168,0.168,0.168,0.168,0.168,0.168,0.168,0.168,0.168,0.168,0.168,0.168,0.168,0.168
RGI60-06.00223,0.231,0.231,0.231,0.231,0.231,0.231,0.231,0.231,0.231,0.231,0.231,0.231,0.231,0.231,0.231,0.231,0.231,0.231,0.231,0.231,0.231,0.231,0.231,0.231,0.231,0.231,0.231,0.231,0.231,0.231,0.231,0.231,0.231,0.231,0.231,0.231,0.231,0.231,0.231,0.231,0.231,0.231,0.231,0.231,0.231,0.231,0.231,0.231,0.231,0.231,0.231,0.231,0.231,0.231,0.231,0.231,0.231,0.231,0.231,0.231,0.231,0.231,0.231,0.231,0.231,0.231,0.231,0.231,0.231,0.231,0.231,0.231,0.231,0.231,0.231,0.231,0.231
RGI60-06.00224,0.141,0.141,0.141,0.141,0.141,0.141,0.141,0.141,0.141,0.141,0.141,0.141,0.141,0.141,0.141,0.141,0.141,0.141,0.141,0.141,0.141,0.141,0.141,0.141,0.141,0.141,0.141,0.141,0.141,0.141,0.141,0.141,0.141,0.141,0.141,0.141,0.141,0.141,0.141,0.141,0.141,0.141,0.141,0.141,0.141,0.141,0.141,0.141,0.141,0.141,0.141,0.141,0.141,0.141,0.141,0.141,0.141,0.141,0.141,0.141,0.141,0.141,0.141,0.141,0.141,0.141,0.141,0.141,0.141,0.141,0.141,0.141,0.141,0.141,0.141,0.141,0.141
RGI60-06.00225,0.157,0.157,0.157,0.157,0.157,0.157,0.157,0.157,0.157,0.157,0.157,0.157,0.157,0.157,0.157,0.157,0.157,0.157,0.157,0.157,0.157,0.157,0.157,0.157,0.157,0.157,0.157,0.157,0.157,0.157,0.157,0.157,0.157,0.157,0.157,0.157,0.157,0.157,0.157,0.157,0.157,0.157,0.157,0.157,0.157,0.157,0.157,0.157,0.157,0.157,0.157,0.157,0.157,0.157,0.157,0.157,0.157,0.157,0.157,0.157,0.157,0.157,0.157,0.157,0.157,0.157,0.157,0.157,0.157,0.157,0.157,0.157,0.157,0.157,0.157,0.157,0.157
RGI60-06.00226,0.19,0.19,0.19,0.19,0.19,0.19,0.19,0.19,0.19,0.19,0.19,0.19,0.19,0.19,0.19,0.19,0.19,0.19,0.19,0.19,0.19,0.19,0.19,0.19,0.19,0.19,0.19,0.19,0.19,0.19,0.19,0.19,0.19,0.19,0.19,0.19,0.19,0.19,0.19,0.19,0.19,0.19,0.19,0.19,0.19,0.19,0.19,0.19,0.19,0.19,0.19,0.19,0.19,0.19,0.19,0.19,0.19,0.19,0.19,0.19,0.19,0.19,0.19,0.19,0.19,0.19,0.19,0.19,0.19,0.19,0.19,0.19,0.19,0.19,0.19,0.19,0.19
RGI60-06.00227,0.18,0.18,0.18,0.18,0.18,0.18,0.18,0.18,0.18,0.18,0.18,0.18,0.18,0.18,0.18,0.18,0.18,0.18,0.18,0.18,0.18,0.18,0.18,0.18,0.18,0.18,0.18,0.18,0.18,0.18,0.18,0.18,0.18,0.18,0.18,0.18,0.18,0.18,0.18,0.18,0.18,0.18,0.18,0.18,0.18,0.18,0.18,0.18,0.18,0.18,0.18,0.18,0.18,0.18,0.18,0.18,0.18,0.18,0.18,0.18,0.18,0.18,0.18,0.18,0.18,0.18,0.18,0.18,0.18,0.18,0.18,0.18,0.18,0.18,0.18,0.18,0.18
RGI60-06.00228,0.107,0.107,0.107,0.107,0.107,0.107,0.107,0.107,0.107,0.107,0.107,0.107,0.107,0.107,0.107,0.107,0.107,0.107,0.107,0.107,0.107,0.107,0.107,0.107,0.107,0.107,0.107,0.107,0.107,0.107,0.107,0.107,0.107,0.107,0.107,0.107,0.107,0.107,0.107,0.107,0.107,0.107,0.107,0.107,0.107,0.107,0.107,0.107,0.107,0.107,0.107,0.107,0.107,0.107,0.107,0.107,0.107,0.107,0.107,0.107,0.107,0.107,0.107,0.107,0.107,0.107,0.107,0.107,0.107,0.107,0.107,0.107,0.107,0.107,0.107,0.107,0.107
RGI60-06.00229,0.114,0.114,0.114,0.114,0.114,0.114,0.114,0.114,0.114,0.114,0.114,0.114,0.114,0.114,0.114,0.114,0.114,0.114,0.114,0.114,0.114,0.114,0.114,0.114,0.114,0.114,0.114,0.114,0.114,0.114,0.114,0.114,0.114,0.114,0.114,0.114,0.114,0.114,0.114,0.114,0.114,0.114,0.114,0.114,0.114,0.114,0.114,0.114,0.114,0.114,0.114,0.114,0.114,0.114,0.114,0.114,0.114,0.114,0.114,0.114,0.114,0.114,0.114,0.114,0.114,0.114,0.114,0.114,0.114,0.114,0.114,0.114,0.114,0.114,0.114,0.114,0.114
RGI60-06.00230,0.144,0.144,0.144,0.144,0.144,0.144,0.144,0.144,0.144,0.144,0.144,0.144,0.144,0.144,0.144,0.144,0.144,0.144,0.144,0.144,0.144,0.144,0.144,0.144,0.144,0.144,0.144,0.144,0.144,0.144,0.144,0.144,0.144,0.144,0.144,0.144,0.144,0.144,0.144,0.144,0.144,0.144,0.144,0.144,0.144,0.144,0.144,0.144,0.144,0.144,0.144,0.144,0.144,0.144,0.144,0.144,0.144,0.144,0.144,0.144,0.144,0.144,0.144,0.144,0.144,0.144,0.144,0.144,0.144,0.144,0.144,0.144,0.144,0.144,0.144,0.144,0.144
RGI60-06.00231,0.139,0.139,0.139,0.139,0.139,0.139,0.139,0.139,0.139,0.139,0.139,0.139,0.139,0.139,0.139,0.139,0.139,0.139,0.139,0.139,0.139,0.139,0.139,0.139,0.139,0.139,0.139,0.139,0.139,0.139,0.139,0.139,0.139,0.139,0.139,0.139,0.139,0.139,0.139,0.139,0.139,0.139,0.139,0.139,0.139,0.139,0.139,0.139,0.139,0.139,0.139,0.139,0.139,0.139,0.139,0.139,0.139,0.139,0.139,0.139,0.139,0.139,0.139,0.139,0.139,0.139,0.139,0.139,0.139,0.139,0.139,0.139,0.139,0.139,0.139,0.139,0.139
RGI60-06.00232,0.094,0.094,0.094,0.094,0.094,0.094,0.094,0.094,0.094,0.094,0.094,0.094,0.094,0.094,0.094,0.094,0.094,0.094,0.094,0.094,0.094,0.094,0.094,0.094,0.094,0.094,0.094,0.094,0.094,0.094,0.094,0.094,0.094,0.094,0.094,0.094,0.094,0.094,0.094,0.094,0.094,0.094,0.094,0.094,0.094,0.094,0.094,0.094,0.094,0.094,0.094,0.094,0.094,0.094,0.094,0.094,0.094,0.094,0.094,0.094,0.094,0.094,0.094,0.094,0.094,0.094,0.094,0.094,0.094,0.094,0.094,0.094,0.094,0.094,0.094,0.094,0.094
RGI60-06.00233,0.09,0.09,0.09,0.09,0.09,0.09,0.09,0.09,0.09,0.09,0.09,0.09,0.09,0.09,0.09,0.09,0.09,0.09,0.09,0.09,0.09,0.09,0.09,0.09,0.09,0.09,0.09,0.09,0.09,0.09,0.09,0.09,0.09,0.09,0.09,0.09,0.09,0.09,0.09,0.09,0.09,0.09,0.09,0.09,0.09,0.09,0.09,0.09,0.09,0.09,0.09,0.09,0.09,0.09,0.09,0.09,0.09,0.09,0.09,0.09,0.09,0.09,0.09,0.09,0.09,0.09,0.09,0.09,0.09,0.09,0.09,0.09,0.09,0.09,0.09,0.09,0.09
RGI60-06.00234,0.305,0.305,0.305,0.305,0.305,0.305,0.305,0.305,0.305,0.305,0.305,0.305,0.305,0.305,0.305,0.305,0.305,0.305,0.305,0.305,0.305,0.305,0.305,0.305,0.305,0.305,0.305,0.305,0.305,0.305,0.305,0.305,0.305,0.305,0.305,0.305,0.305,0.305,0.305,0.305,0.305,0.305,0.305,0.305,0.305,0.305,0.305,0.305,0.305,0.305,0.305,0.305,0.305,0.305,0.305,0.305,0.305,0.305,0.305,0.305,0.305,0.305,0.305,0.305,0.305,0.305,0.305,0.305,0.305,0.305,0.305,0.305,0.305,0.305,0.305,0.305,0.305
RGI60-06.00235,0.089,0.089,0.089,0.089,0.089,0.089,0.089,0.089,0.089,0.089,0.089,0.089,0.089,0.089,0.089,0.089,0.089,0.089,0.089,0.089,0.089,0.089,0.089,0.089,0.089,0.089,0.089,0.089,0.089,0.089,0.089,0.089,0.089,0.089,0.089,0.089,0.089,0.089,0.089,0.089,0.089,0.089,0.089,0.089,0.089,0.089,0.089,0.089,0.089,0.089,0.089,0.089,0.089,0.089,0.089,0.089,0.089,0.089,0.089,0.089,0.089,0.089,0.089,0.089,0.089,0.089,0.089,0.089,0.089,0.089,0.089,0.089,0.089,0.089,0.089,0.089,0.089
RGI60-06.00236,0.099,0.099,0.099,0.099,0.099,0.099,0.099,0.099,0.099,0.099,0.099,0.099,0.099,0.099,0.099,0.099,0.099,0.099,0.099,0.099,0.099,0.099,0.099,0.099,0.099,0.099,0.099,0.099,0.099,0.099,0.099,0.099,0.099,0.099,0.099,0.099,0.099,0.099,0.099,0.099,0.099,0.099,0.099,0.099,0.099,0.099,0.099,0.099,0.099,0.099,0.099,0.099,0.099,0.099,0.099,0.099,0.099,0.099,0.099,0.099,0.099,0.099,0.099,0.099,0.099,0.099,0.099,0.099,0.099,0.099,0.099,0.099,0.099,0.099,0.099,0.099,0.099
RGI60-06.00237,0.093,0.093,0.093,0.093,0.093,0.093,0.093,0.093,0.093,0.093,0.093,0.093,0.093,0.093,0.093,0.093,0.093,0.093,0.093,0.093,0.093,0.093,0.093,0.093,0.093,0.093,0.093,0.093,0.093,0.093,0.093,0.093,0.093,0.093,0.093,0.093,0.093,0.093,0.093,0.093,0.093,0.093,0.093,0.093,0.093,0.093,0.093,0.093,0.093,0.093,0.093,0.093,0.093,0.093,0.093,0.093,0.093,0.093,0.093,0.093,0.093,0.093,0.093,0.093,0.093,0.093,0.093,0.093,0.093,0.093,0.093,0.093,0.093,0.093,0.093,0.093,0.093
RGI60-06.00238,0.085,0.085,0.085,0.085,0.085,0.085,0.085,0.085,0.085,0.085,0.085,0.085,0.085,0.085,0.085,0.085,0.085,0.085,0.085,0.085,0.085,0.085,0.085,0.085,0.085,0.085,0.085,0.085,0.085,0.085,0.085,0.085,0.085,0.085,0.085,0.085,0.085,0.085,0.085,0.085,0.085,0.085,0.085,0.085,0.085,0.085,0.085,0.085,0.085,0.085,0.085,0.085,0.085,0.085,0.085,0.085,0.085,0.085,0.085,0.085,0.085,0.085,0.085,0.085,0.085,0.085,0.085,0.085,0.085,0.085,0.085,0.085,0.085,0.085,0.085,0.085,0.085
RGI60-06.00239,0.224,0.224,0.224,0.224,0.224,0.224,0.224,0.224,0.224,0.224,0.224,0.224,0.224,0.224,0.224,0.224,0.224,0.224,0.224,0.224,0.224,0.224,0.224,0.224,0.224,0.224,0.224,0.224,0.224,0.224,0.224,0.224,0.224,0.224,0.224,0.224,0.224,0.224,0.224,0.224,0.224,0.224,0.224,0.224,0.224,0.224,0.224,0.224,0.224,0.224,0.224,0.224,0.224,0.224,0.224,0.224,0.224,0.224,0.224,0.224,0.224,0.224,0.224,0.224,0.224,0.224,0.224,0.224,0.224,0.224,0.224,0.224,0.224,0.224,0.224,0.224,0.224
RGI60-06.00240,0.115,0.115,0.115,0.115,0.115,0.115,0.115,0.115,0.115,0.115,0.115,0.115,0.115,0.115,0.115,0.115,0.115,0.115,0.115,0.115,0.115,0.115,0.115,0.115,0.115,0.115,0.115,0.115,0.115,0.115,0.115,0.115,0.115,0.115,0.115,0.115,0.115,0.115,0.115,0.115,0.115,0.115,0.115,0.115,0.115,0.115,0.115,0.115,0.115,0.115,0.115,0.115,0.115,0.115,0.115,0.115,0.115,0.115,0.115,0.115,0.115,0.115,0.115,0.115,0.115,0.115,0.115,0.115,0.115,0.115,0.115,0.115,0.115,0.115,0.115,0.115,0.115
RGI60-06.00241,0.121,0.121,0.121,0.121,0.121,0.121,0.121,0.121,0.121,0.121,0.121,0.121,0.121,0.121,0.121,0.121,0.121,0.121,0.121,0.121,0.121,0.121,0.121,0.121,0.121,0.121,0.121,0.121,0.121,0.121,0.121,0.121,0.121,0.121,0.121,0.121,0.121,0.121,0.121,0.121,0.121,0.121,0.121,0.121,0.121,0.121,0.121,0.121,0.121,0.121,0.121,0.121,0.121,0.121,0.121,0.121,0.121,0.121,0.121,0.121,0.121,0.121,0.121,0.121,0.121,0.121,0.121,0.121,0.121,0.121,0.121,0.121,0.121,0.121,0.121,0.121,0.121
RGI60-06.00242,0.12,0.12,0.12,0.12,0.12,0.12,0.12,0.12,0.12,0.12,0.12,0.12,0.12,0.12,0.12,0.12,0.12,0.12,0.12,0.12,0.12,0.12,0.12,0.12,0.12,0.12,0.12,0.12,0.12,0.12,0.12,0.12,0.12,0.12,0.12,0.12,0.12,0.12,0.12,0.12,0.12,0.12,0.12,0.12,0.12,0.12,0.12,0.12,0.12,0.12,0.12,0.12,0.12,0.12,0.12,0.12,0.12,0.12,0.12,0.12,0.12,0.12,0.12,0.12,0.12,0.12,0.12,0.12,0.12,0.12,0.12,0.12,0.12,0.12,0.12,0.12,0.12
RGI60-06.00243,0.128,0.128,0.128,0.128,0.128,0.128,0.128,0.128,0.128,0.128,0.128,0.128,0.128,0.128,0.128,0.128,0.128,0.128,0.128,0.128,0.128,0.128,0.128,0.128,0.128,0.128,0.128,0.128,0.128,0.128,0.128,0.128,0.128,0.128,0.128,0.128,0.128,0.128,0.128,0.128,0.128,0.128,0.128,0.128,0.128,0.128,0.128,0.128,0.128,0.128,0.128,0.128,0.128,0.128,0.128,0.128,0.128,0.128,0.128,0.128,0.128,0.128,0.128,0.128,0.128,0.128,0.128,0.128,0.128,0.128,0.128,0.128,0.128,0.128,0.128,0.128,0.128
RGI60-06.00244,0.127,0.127,0.127,0.127,0.127,0.127,0.127,0.127,0.127,0.127,0.127,0.127,0.127,0.127,0.127,0.127,0.127,0.127,0.127,0.127,0.127,0.127,0.127,0.127,0.127,0.127,0.127,0.127,0.127,0.127,0.127,0.127,0.127,0.127,0.127,0.127,0.127,0.127,0.127,0.127,0.127,0.127,0.127,0.127,0.127,0.127,0.127,0.127,0.127,0.127,0.127,0.127,0.127,0.127,0.127,0.127,0.127,0.127,0.127,0.127,0.127,0.127,0.127,0.127,0.127,0.127,0.127,0.127,0.127,0.127,0.127,0.127,0.127,0.127,0.127,0.127,0.127
RGI60-06.00245,0.128,0.128,0.128,0.128,0.128,0.128,0.128,0.128,0.128,0.128,0.128,0.128,0.128,0.128,0.128,0.128,0.128,0.128,0.128,0.128,0.128,0.128,0.128,0.128,0.128,0.128,0.128,0.128,0.128,0.128,0.128,0.128,0.128,0.128,0.128,0.128,0.128,0.128,0.128,0.128,0.128,0.128,0.128,0.128,0.128,0.128,0.128,0.128,0.128,0.128,0.128,0.128,0.128,0.128,0.128,0.128,0.128,0.128,0.128,0.128,0.128,0.128,0.128,0.128,0.128,0.128,0.128,0.128,0.128,0.128,0.128,0.128,0.128,0.128,0.128,0.128,0.128
RGI60-06.00246,0.132,0.132,0.132,0.132,0.132,0.132,0.132,0.132,0.132,0.132,0.132,0.132,0.132,0.132,0.132,0.132,0.132,0.132,0.132,0.132,0.132,0.132,0.132,0.132,0.132,0.132,0.132,0.132,0.132,0.132,0.132,0.132,0.132,0.132,0.132,0.132,0.132,0.132,0.132,0.132,0.132,0.132,0.132,0.132,0.132,0.132,0.132,0.132,0.132,0.132,0.132,0.132,0.132,0.132,0.132,0.132,0.132,0.132,0.132,0.132,0.132,0.132,0.132,0.132,0.132,0.132,0.132,0.132,0.132,0.132,0.132,0.132,0.132,0.132,0.132,0.132,0.132
RGI60-06.00247,0.133,0.133,0.133,0.133,0.133,0.133,0.133,0.133,0.133,0.133,0.133,0.133,0.133,0.133,0.133,0.133,0.133,0.133,0.133,0.133,0.133,0.133,0.133,0.133,0.133,0.133,0.133,0.133,0.133,0.133,0.133,0.133,0.133,0.133,0.133,0.133,0.133,0.133,0.133,0.133,0.133,0.133,0.133,0.133,0.133,0.133,0.133,0.133,0.133,0.133,0.133,0.133,0.133,0.133,0.133,0.133,0.133,0.133,0.133,0.133,0.133,0.133,0.133,0.133,0.133,0.133,0.133,0.133,0.133,0.133,0.133,0.133,0.133,0.133,0.133,0.133,0.133
RGI60-06.00248,0.141,0.141,0.141,0.141,0.141,0.141,0.141,0.141,0.141,0.141,0.141,0.141,0.141,0.141,0.141,0.141,0.141,0.141,0.141,0.141,0.141,0.141,0.141,0.141,0.141,0.141,0.141,0.141,0.141,0.141,0.141,0.141,0.141,0.141,0.141,0.141,0.141,0.141,0.141,0.141,0.141,0.141,0.141,0.141,0.141,0.141,0.141,0.141,0.141,0.141,0.141,0.141,0.141,0.141,0.141,0.141,0.141,0.141,0.141,0.141,0.141,0.141,0.141,0.141,0.141,0.141,0.141,0.141,0.141,0.141,0.141,0.141,0.141,0.141,0.141,0.141,0.141
RGI60-06.00249,0.166,0.166,0.166,0.166,0.166,0.166,0.166,0.166,0.166,0.166,0.166,0.166,0.166,0.166,0.166,0.166,0.166,0.166,0.166,0.166,0.166,0.166,0.166,0.166,0.166,0.166,0.166,0.166,0.166,0.166,0.166,0.166,0.166,0.166,0.166,0.166,0.166,0.166,0.166,0.166,0.166,0.166,0.166,0.166,0.166,0.166,0.166,0.166,0.166,0.166,0.166,0.166,0.166,0.166,0.166,0.166,0.166,0.166,0.166,0.166,0.166,0.166,0.166,0.166,0.166,0.166,0.166,0.166,0.166,0.166,0.166,0.166,0.166,0.166,0.166,0.166,0.166
RGI60-06.00250,0.224,0.224,0.224,0.224,0.224,0.224,0.224,0.224,0.224,0.224,0.224,0.224,0.224,0.224,0.224,0.224,0.224,0.224,0.224,0.224,0.224,0.224,0.224,0.224,0.224,0.224,0.224,0.224,0.224,0.224,0.224,0.224,0.224,0.224,0.224,0.224,0.224,0.224,0.224,0.224,0.224,0.224,0.224,0.224,0.224,0.224,0.224,0.224,0.224,0.224,0.224,0.224,0.224,0.224,0.224,0.224,0.224,0.224,0.224,0.224,0.224,0.224,0.224,0.224,0.224,0.224,0.224,0.224,0.224,0.224,0.224,0.224,0.224,0.224,0.224,0.224,0.224
RGI60-06.00251,0.159,0.159,0.159,0.159,0.159,0.159,0.159,0.159,0.159,0.159,0.159,0.159,0.159,0.159,0.159,0.159,0.159,0.159,0.159,0.159,0.159,0.159,0.159,0.159,0.159,0.159,0.159,0.159,0.159,0.159,0.159,0.159,0.159,0.159,0.159,0.159,0.159,0.159,0.159,0.159,0.159,0.159,0.159,0.159,0.159,0.159,0.159,0.159,0.159,0.159,0.159,0.159,0.159,0.159,0.159,0.159,0.159,0.159,0.159,0.159,0.159,0.159,0.159,0.159,0.159,0.159,0.159,0.159,0.159,0.159,0.159,0.159,0.159,0.159,0.159,0.159,0.159
RGI60-06.00252,0.119,0.119,0.119,0.119,0.119,0.119,0.119,0.119,0.119,0.119,0.119,0.119,0.119,0.119,0.119,0.119,0.119,0.119,0.119,0.119,0.119,0.119,0.119,0.119,0.119,0.119,0.119,0.119,0.119,0.119,0.119,0.119,0.119,0.119,0.119,0.119,0.119,0.119,0.119,0.119,0.119,0.119,0.119,0.119,0.119,0.119,0.119,0.119,0.119,0.119,0.119,0.119,0.119,0.119,0.119,0.119,0.119,0.119,0.119,0.119,0.119,0.119,0.119,0.119,0.119,0.119,0.119,0.119,0.119,0.119,0.119,0.119,0.119,0.119,0.119,0.119,0.119
RGI60-06.00253,0.162,0.162,0.162,0.162,0.162,0.162,0.162,0.162,0.162,0.162,0.162,0.162,0.162,0.162,0.162,0.162,0.162,0.162,0.162,0.162,0.162,0.162,0.162,0.162,0.162,0.162,0.162,0.162,0.162,0.162,0.162,0.162,0.162,0.162,0.162,0.162,0.162,0.162,0.162,0.162,0.162,0.162,0.162,0.162,0.162,0.162,0.162,0.162,0.162,0.162,0.162,0.162,0.162,0.162,0.162,0.162,0.162,0.162,0.162,0.162,0.162,0.162,0.162,0.162,0.162,0.162,0.162,0.162,0.162,0.162,0.162,0.162,0.162,0.162,0.162,0.162,0.162
RGI60-06.00254,0.161,0.161,0.161,0.161,0.161,0.161,0.161,0.161,0.161,0.161,0.161,0.161,0.161,0.161,0.161,0.161,0.161,0.161,0.161,0.161,0.161,0.161,0.161,0.161,0.161,0.161,0.161,0.161,0.161,0.161,0.161,0.161,0.161,0.161,0.161,0.161,0.161,0.161,0.161,0.161,0.161,0.161,0.161,0.161,0.161,0.161,0.161,0.161,0.161,0.161,0.161,0.161,0.161,0.161,0.161,0.161,0.161,0.161,0.161,0.161,0.161,0.161,0.161,0.161,0.161,0.161,0.161,0.161,0.161,0.161,0.161,0.161,0.161,0.161,0.161,0.161,0.161
RGI60-06.00255,0.207,0.207,0.207,0.207,0.207,0.207,0.207,0.207,0.207,0.207,0.207,0.207,0.207,0.207,0.207,0.207,0.207,0.207,0.207,0.207,0.207,0.207,0.207,0.207,0.207,0.207,0.207,0.207,0.207,0.207,0.207,0.207,0.207,0.207,0.207,0.207,0.207,0.207,0.207,0.207,0.207,0.207,0.207,0.207,0.207,0.207,0.207,0.207,0.207,0.207,0.207,0.207,0.207,0.207,0.207,0.207,0.207,0.207,0.207,0.207,0.207,0.207,0.207,0.207,0.207,0.207,0.207,0.207,0.207,0.207,0.207,0.207,0.207,0.207,0.207,0.207,0.207
RGI60-06.00256,0.162,0.162,0.162,0.162,0.162,0.162,0.162,0.162,0.162,0.162,0.162,0.162,0.162,0.162,0.162,0.162,0.162,0.162,0.162,0.162,0.162,0.162,0.162,0.162,0.162,0.162,0.162,0.162,0.162,0.162,0.162,0.162,0.162,0.162,0.162,0.162,0.162,0.162,0.162,0.162,0.162,0.162,0.162,0.162,0.162,0.162,0.162,0.162,0.162,0.162,0.162,0.162,0.162,0.162,0.162,0.162,0.162,0.162,0.162,0.162,0.162,0.162,0.162,0.162,0.162,0.162,0.162,0.162,0.162,0.162,0.162,0.162,0.162,0.162,0.162,0.162,0.162
RGI60-06.00257,0.164,0.164,0.164,0.164,0.164,0.164,0.164,0.164,0.164,0.164,0.164,0.164,0.164,0.164,0.164,0.164,0.164,0.164,0.164,0.164,0.164,0.164,0.164,0.164,0.164,0.164,0.164,0.164,0.164,0.164,0.164,0.164,0.164,0.164,0.164,0.164,0.164,0.164,0.164,0.164,0.164,0.164,0.164,0.164,0.164,0.164,0.164,0.164,0.164,0.164,0.164,0.164,0.164,0.164,0.164,0.164,0.164,0.164,0.164,0.164,0.164,0.164,0.164,0.164,0.164,0.164,0.164,0.164,0.164,0.164,0.164,0.164,0.164,0.164,0.164,0.164,0.164
RGI60-06.00258,0.191,0.191,0.191,0.191,0.191,0.191,0.191,0.191,0.191,0.191,0.191,0.191,0.191,0.191,0.191,0.191,0.191,0.191,0.191,0.191,0.191,0.191,0.191,0.191,0.191,0.191,0.191,0.191,0.191,0.191,0.191,0.191,0.191,0.191,0.191,0.191,0.191,0.191,0.191,0.191,0.191,0.191,0.191,0.191,0.191,0.191,0.191,0.191,0.191,0.191,0.191,0.191,0.191,0.191,0.191,0.191,0.191,0.191,0.191,0.191,0.191,0.191,0.191,0.191,0.191,0.191,0.191,0.191,0.191,0.191,0.191,0.191,0.191,0.191,0.191,0.191,0.191
RGI60-06.00259,0.196,0.196,0.196,0.196,0.196,0.196,0.196,0.196,0.196,0.196,0.196,0.196,0.196,0.196,0.196,0.196,0.196,0.196,0.196,0.196,0.196,0.196,0.196,0.196,0.196,0.196,0.196,0.196,0.196,0.196,0.196,0.196,0.196,0.196,0.196,0.196,0.196,0.196,0.196,0.196,0.196,0.196,0.196,0.196,0.196,0.196,0.196,0.196,0.196,0.196,0.196,0.196,0.196,0.196,0.196,0.196,0.196,0.196,0.196,0.196,0.196,0.196,0.196,0.196,0.196,0.196,0.196,0.196,0.196,0.196,0.196,0.196,0.196,0.196,0.196,0.196,0.196
RGI60-06.00260,0.26,0.26,0.26,0.26,0.26,0.26,0.26,0.26,0.26,0.26,0.26,0.26,0.26,0.26,0.26,0.26,0.26,0.26,0.26,0.26,0.26,0.26,0.26,0.26,0.26,0.26,0.26,0.26,0.26,0.26,0.26,0.26,0.26,0.26,0.26,0.26,0.26,0.26,0.26,0.26,0.26,0.26,0.26,0.26,0.26,0.26,0.26,0.26,0.26,0.26,0.26,0.26,0.26,0.26,0.26,0.26,0.26,0.26,0.26,0.26,0.26,0.26,0.26,0.26,0.26,0.26,0.26,0.26,0.26,0.26,0.26,0.26,0.26,0.26,0.26,0.26,0.26
RGI60-06.00261,0.141,0.141,0.141,0.141,0.141,0.141,0.141,0.141,0.141,0.141,0.141,0.141,0.141,0.141,0.141,0.141,0.141,0.141,0.141,0.141,0.141,0.141,0.141,0.141,0.141,0.141,0.141,0.141,0.141,0.141,0.141,0.141,0.141,0.141,0.141,0.141,0.141,0.141,0.141,0.141,0.141,0.141,0.141,0.141,0.141,0.141,0.141,0.141,0.141,0.141,0.141,0.141,0.141,0.141,0.141,0.141,0.141,0.141,0.141,0.141,0.141,0.141,0.141,0.141,0.141,0.141,0.141,0.141,0.141,0.141,0.141,0.141,0.141,0.141,0.141,0.141,0.141
RGI60-06.00262,0.219,0.219,0.219,0.219,0.219,0.219,0.219,0.219,0.219,0.219,0.219,0.219,0.219,0.219,0.219,0.219,0.219,0.219,0.219,0.219,0.219,0.219,0.219,0.219,0.219,0.219,0.219,0.219,0.219,0.219,0.219,0.219,0.219,0.219,0.219,0.219,0.219,0.219,0.219,0.219,0.219,0.219,0.219,0.219,0.219,0.219,0.219,0.219,0.219,0.219,0.219,0.219,0.219,0.219,0.219,0.219,0.219,0.219,0.219,0.219,0.219,0.219,0.219,0.219,0.219,0.219,0.219,0.219,0.219,0.219,0.219,0.219,0.219,0.219,0.219,0.219,0.219
RGI60-06.00263,0.207,0.207,0.207,0.207,0.207,0.207,0.207,0.207,0.207,0.207,0.207,0.207,0.207,0.207,0.207,0.207,0.207,0.207,0.207,0.207,0.207,0.207,0.207,0.207,0.207,0.207,0.207,0.207,0.207,0.207,0.207,0.207,0.207,0.207,0.207,0.207,0.207,0.207,0.207,0.207,0.207,0.207,0.207,0.207,0.207,0.207,0.207,0.207,0.207,0.207,0.207,0.207,0.207,0.207,0.207,0.207,0.207,0.207,0.207,0.207,0.207,0.207,0.207,0.207,0.207,0.207,0.207,0.207,0.207,0.207,0.207,0.207,0.207,0.207,0.207,0.207,0.207
RGI60-06.00264,0.271,0.271,0.271,0.271,0.271,0.271,0.271,0.271,0.271,0.271,0.271,0.271,0.271,0.271,0.271,0.271,0.271,0.271,0.271,0.271,0.271,0.271,0.271,0.271,0.271,0.271,0.271,0.271,0.271,0.271,0.271,0.271,0.271,0.271,0.271,0.271,0.271,0.271,0.271,0.271,0.271,0.271,0.271,0.271,0.271,0.271,0.271,0.271,0.271,0.271,0.271,0.271,0.271,0.271,0.271,0.271,0.271,0.271,0.271,0.271,0.271,0.271,0.271,0.271,0.271,0.271,0.271,0.271,0.271,0.271,0.271,0.271,0.271,0.271,0.271,0.271,0.271
RGI60-06.00265,0.203,0.203,0.203,0.203,0.203,0.203,0.203,0.203,0.203,0.203,0.203,0.203,0.203,0.203,0.203,0.203,0.203,0.203,0.203,0.203,0.203,0.203,0.203,0.203,0.203,0.203,0.203,0.203,0.203,0.203,0.203,0.203,0.203,0.203,0.203,0.203,0.203,0.203,0.203,0.203,0.203,0.203,0.203,0.203,0.203,0.203,0.203,0.203,0.203,0.203,0.203,0.203,0.203,0.203,0.203,0.203,0.203,0.203,0.203,0.203,0.203,0.203,0.203,0.203,0.203,0.203,0.203,0.203,0.203,0.203,0.203,0.203,0.203,0.203,0.203,0.203,0.203
RGI60-06.00266,0.165,0.165,0.165,0.165,0.165,0.165,0.165,0.165,0.165,0.165,0.165,0.165,0.165,0.165,0.165,0.165,0.165,0.165,0.165,0.165,0.165,0.165,0.165,0.165,0.165,0.165,0.165,0.165,0.165,0.165,0.165,0.165,0.165,0.165,0.165,0.165,0.165,0.165,0.165,0.165,0.165,0.165,0.165,0.165,0.165,0.165,0.165,0.165,0.165,0.165,0.165,0.165,0.165,0.165,0.165,0.165,0.165,0.165,0.165,0.165,0.165,0.165,0.165,0.165,0.165,0.165,0.165,0.165,0.165,0.165,0.165,0.165,0.165,0.165,0.165,0.165,0.165
RGI60-06.00267,0.162,0.162,0.162,0.162,0.162,0.162,0.162,0.162,0.162,0.162,0.162,0.162,0.162,0.162,0.162,0.162,0.162,0.162,0.162,0.162,0.162,0.162,0.162,0.162,0.162,0.162,0.162,0.162,0.162,0.162,0.162,0.162,0.162,0.162,0.162,0.162,0.162,0.162,0.162,0.162,0.162,0.162,0.162,0.162,0.162,0.162,0.162,0.162,0.162,0.162,0.162,0.162,0.162,0.162,0.162,0.162,0.162,0.162,0.162,0.162,0.162,0.162,0.162,0.162,0.162,0.162,0.162,0.162,0.162,0.162,0.162,0.162,0.162,0.162,0.162,0.162,0.162
RGI60-06.00268,0.16,0.16,0.16,0.16,0.16,0.16,0.16,0.16,0.16,0.16,0.16,0.16,0.16,0.16,0.16,0.16,0.16,0.16,0.16,0.16,0.16,0.16,0.16,0.16,0.16,0.16,0.16,0.16,0.16,0.16,0.16,0.16,0.16,0.16,0.16,0.16,0.16,0.16,0.16,0.16,0.16,0.16,0.16,0.16,0.16,0.16,0.16,0.16,0.16,0.16,0.16,0.16,0.16,0.16,0.16,0.16,0.16,0.16,0.16,0.16,0.16,0.16,0.16,0.16,0.16,0.16,0.16,0.16,0.16,0.16,0.16,0.16,0.16,0.16,0.16,0.16,0.16
RGI60-06.00269,0.146,0.146,0.146,0.146,0.146,0.146,0.146,0.146,0.146,0.146,0.146,0.146,0.146,0.146,0.146,0.146,0.146,0.146,0.146,0.146,0.146,0.146,0.146,0.146,0.146,0.146,0.146,0.146,0.146,0.146,0.146,0.146,0.146,0.146,0.146,0.146,0.146,0.146,0.146,0.146,0.146,0.146,0.146,0.146,0.146,0.146,0.146,0.146,0.146,0.146,0.146,0.146,0.146,0.146,0.146,0.146,0.146,0.146,0.146,0.146,0.146,0.146,0.146,0.146,0.146,0.146,0.146,0.146,0.146,0.146,0.146,0.146,0.146,0.146,0.146,0.146,0.146
RGI60-06.00270,0.126,0.126,0.126,0.126,0.126,0.126,0.126,0.126,0.126,0.126,0.126,0.126,0.126,0.126,0.126,0.126,0.126,0.126,0.126,0.126,0.126,0.126,0.126,0.126,0.126,0.126,0.126,0.126,0.126,0.126,0.126,0.126,0.126,0.126,0.126,0.126,0.126,0.126,0.126,0.126,0.126,0.126,0.126,0.126,0.126,0.126,0.126,0.126,0.126,0.126,0.126,0.126,0.126,0.126,0.126,0.126,0.126,0.126,0.126,0.126,0.126,0.126,0.126,0.126,0.126,0.126,0.126,0.126,0.126,0.126,0.126,0.126,0.126,0.126,0.126,0.126,0.126
RGI60-06.00271,0.157,0.157,0.157,0.157,0.157,0.157,0.157,0.157,0.157,0.157,0.157,0.157,0.157,0.157,0.157,0.157,0.157,0.157,0.157,0.157,0.157,0.157,0.157,0.157,0.157,0.157,0.157,0.157,0.157,0.157,0.157,0.157,0.157,0.157,0.157,0.157,0.157,0.157,0.157,0.157,0.157,0.157,0.157,0.157,0.157,0.157,0.157,0.157,0.157,0.157,0.157,0.157,0.157,0.157,0.157,0.157,0.157,0.157,0.157,0.157,0.157,0.157,0.157,0.157,0.157,0.157,0.157,0.157,0.157,0.157,0.157,0.157,0.157,0.157,0.157,0.157,0.157
RGI60-06.00272,0.169,0.169,0.169,0.169,0.169,0.169,0.169,0.169,0.169,0.169,0.169,0.169,0.169,0.169,0.169,0.169,0.169,0.169,0.169,0.169,0.169,0.169,0.169,0.169,0.169,0.169,0.169,0.169,0.169,0.169,0.169,0.169,0.169,0.169,0.169,0.169,0.169,0.169,0.169,0.169,0.169,0.169,0.169,0.169,0.169,0.169,0.169,0.169,0.169,0.169,0.169,0.169,0.169,0.169,0.169,0.169,0.169,0.169,0.169,0.169,0.169,0.169,0.169,0.169,0.169,0.169,0.169,0.169,0.169,0.169,0.169,0.169,0.169,0.169,0.169,0.169,0.169
RGI60-06.00273,0.173,0.173,0.173,0.173,0.173,0.173,0.173,0.173,0.173,0.173,0.173,0.173,0.173,0.173,0.173,0.173,0.173,0.173,0.173,0.173,0.173,0.173,0.173,0.173,0.173,0.173,0.173,0.173,0.173,0.173,0.173,0.173,0.173,0.173,0.173,0.173,0.173,0.173,0.173,0.173,0.173,0.173,0.173,0.173,0.173,0.173,0.173,0.173,0.173,0.173,0.173,0.173,0.173,0.173,0.173,0.173,0.173,0.173,0.173,0.173,0.173,0.173,0.173,0.173,0.173,0.173,0.173,0.173,0.173,0.173,0.173,0.173,0.173,0.173,0.173,0.173,0.173
RGI60-06.00274,0.218,0.218,0.218,0.218,0.218,0.218,0.218,0.218,0.218,0.218,0.218,0.218,0.218,0.218,0.218,0.218,0.218,0.218,0.218,0.218,0.218,0.218,0.218,0.218,0.218,0.218,0.218,0.218,0.218,0.218,0.218,0.218,0.218,0.218,0.218,0.218,0.218,0.218,0.218,0.218,0.218,0.218,0.218,0.218,0.218,0.218,0.218,0.218,0.218,0.218,0.218,0.218,0.218,0.218,0.218,0.218,0.218,0.218,0.218,0.218,0.218,0.218,0.218,0.218,0.218,0.218,0.218,0.218,0.218,0.218,0.218,0.218,0.218,0.218,0.218,0.218,0.218
RGI60-06.00275,0.141,0.141,0.141,0.141,0.141,0.141,0.141,0.141,0.141,0.141,0.141,0.141,0.141,0.141,0.141,0.141,0.141,0.141,0.141,0.141,0.141,0.141,0.141,0.141,0.141,0.141,0.141,0.141,0.141,0.141,0.141,0.141,0.141,0.141,0.141,0.141,0.141,0.141,0.141,0.141,0.141,0.141,0.141,0.141,0.141,0.141,0.141,0.141,0.141,0.141,0.141,0.141,0.141,0.141,0.141,0.141,0.141,0.141,0.141,0.141,0.141,0.141,0.141,0.141,0.141,0.141,0.141,0.141,0.141,0.141,0.141,0.141,0.141,0.141,0.141,0.141,0.141
RGI60-06.00276,0.119,0.119,0.119,0.119,0.119,0.119,0.119,0.119,0.119,0.119,0.119,0.119,0.119,0.119,0.119,0.119,0.119,0.119,0.119,0.119,0.119,0.119,0.119,0.119,0.119,0.119,0.119,0.119,0.119,0.119,0.119,0.119,0.119,0.119,0.119,0.119,0.119,0.119,0.119,0.119,0.119,0.119,0.119,0.119,0.119,0.119,0.119,0.119,0.119,0.119,0.119,0.119,0.119,0.119,0.119,0.119,0.119,0.119,0.119,0.119,0.119,0.119,0.119,0.119,0.119,0.119,0.119,0.119,0.119,0.119,0.119,0.119,0.119,0.119,0.119,0.119,0.119
RGI60-06.00277,0.12,0.12,0.12,0.12,0.12,0.12,0.12,0.12,0.12,0.12,0.12,0.12,0.12,0.12,0.12,0.12,0.12,0.12,0.12,0.12,0.12,0.12,0.12,0.12,0.12,0.12,0.12,0.12,0.12,0.12,0.12,0.12,0.12,0.12,0.12,0.12,0.12,0.12,0.12,0.12,0.12,0.12,0.12,0.12,0.12,0.12,0.12,0.12,0.12,0.12,0.12,0.12,0.12,0.12,0.12,0.12,0.12,0.12,0.12,0.12,0.12,0.12,0.12,0.12,0.12,0.12,0.12,0.12,0.12,0.12,0.12,0.12,0.12,0.12,0.12,0.12,0.12
RGI60-06.00278,0.125,0.125,0.125,0.125,0.125,0.125,0.125,0.125,0.125,0.125,0.125,0.125,0.125,0.125,0.125,0.125,0.125,0.125,0.125,0.125,0.125,0.125,0.125,0.125,0.125,0.125,0.125,0.125,0.125,0.125,0.125,0.125,0.125,0.125,0.125,0.125,0.125,0.125,0.125,0.125,0.125,0.125,0.125,0.125,0.125,0.125,0.125,0.125,0.125,0.125,0.125,0.125,0.125,0.125,0.125,0.125,0.125,0.125,0.125,0.125,0.125,0.125,0.125,0.125,0.125,0.125,0.125,0.125,0.125,0.125,0.125,0.125,0.125,0.125,0.125,0.125,0.125
RGI60-06.00279,0.148,0.148,0.148,0.148,0.148,0.148,0.148,0.148,0.148,0.148,0.148,0.148,0.148,0.148,0.148,0.148,0.148,0.148,0.148,0.148,0.148,0.148,0.148,0.148,0.148,0.148,0.148,0.148,0.148,0.148,0.148,0.148,0.148,0.148,0.148,0.148,0.148,0.148,0.148,0.148,0.148,0.148,0.148,0.148,0.148,0.148,0.148,0.148,0.148,0.148,0.148,0.148,0.148,0.148,0.148,0.148,0.148,0.148,0.148,0.148,0.148,0.148,0.148,0.148,0.148,0.148,0.148,0.148,0.148,0.148,0.148,0.148,0.148,0.148,0.148,0.148,0.148
RGI60-06.00280,0.178,0.178,0.178,0.178,0.178,0.178,0.178,0.178,0.178,0.178,0.178,0.178,0.178,0.178,0.178,0.178,0.178,0.178,0.178,0.178,0.178,0.178,0.178,0.178,0.178,0.178,0.178,0.178,0.178,0.178,0.178,0.178,0.178,0.178,0.178,0.178,0.178,0.178,0.178,0.178,0.178,0.178,0.178,0.178,0.178,0.178,0.178,0.178,0.178,0.178,0.178,0.178,0.178,0.178,0.178,0.178,0.178,0.178,0.178,0.178,0.178,0.178,0.178,0.178,0.178,0.178,0.178,0.178,0.178,0.178,0.178,0.178,0.178,0.178,0.178,0.178,0.178
RGI60-06.00281,0.141,0.141,0.141,0.141,0.141,0.141,0.141,0.141,0.141,0.141,0.141,0.141,0.141,0.141,0.141,0.141,0.141,0.141,0.141,0.141,0.141,0.141,0.141,0.141,0.141,0.141,0.141,0.141,0.141,0.141,0.141,0.141,0.141,0.141,0.141,0.141,0.141,0.141,0.141,0.141,0.141,0.141,0.141,0.141,0.141,0.141,0.141,0.141,0.141,0.141,0.141,0.141,0.141,0.141,0.141,0.141,0.141,0.141,0.141,0.141,0.141,0.141,0.141,0.141,0.141,0.141,0.141,0.141,0.141,0.141,0.141,0.141,0.141,0.141,0.141,0.141,0.141
RGI60-06.00282,0.361,0.361,0.361,0.361,0.361,0.361,0.361,0.361,0.361,0.361,0.361,0.361,0.361,0.361,0.361,0.361,0.361,0.361,0.361,0.361,0.361,0.361,0.361,0.361,0.361,0.361,0.361,0.361,0.361,0.361,0.361,0.361,0.361,0.361,0.361,0.361,0.361,0.361,0.361,0.361,0.361,0.361,0.361,0.361,0.361,0.361,0.361,0.361,0.361,0.361,0.361,0.361,0.361,0.361,0.361,0.361,0.361,0.361,0.361,0.361,0.361,0.361,0.361,0.361,0.361,0.361,0.361,0.361,0.361,0.361,0.361,0.361,0.361,0.361,0.361,0.361,0.361
RGI60-06.00283,0.128,0.128,0.128,0.128,0.128,0.128,0.128,0.128,0.128,0.128,0.128,0.128,0.128,0.128,0.128,0.128,0.128,0.128,0.128,0.128,0.128,0.128,0.128,0.128,0.128,0.128,0.128,0.128,0.128,0.128,0.128,0.128,0.128,0.128,0.128,0.128,0.128,0.128,0.128,0.128,0.128,0.128,0.128,0.128,0.128,0.128,0.128,0.128,0.128,0.128,0.128,0.128,0.128,0.128,0.128,0.128,0.128,0.128,0.128,0.128,0.128,0.128,0.128,0.128,0.128,0.128,0.128,0.128,0.128,0.128,0.128,0.128,0.128,0.128,0.128,0.128,0.128
RGI60-06.00284,0.117,0.117,0.117,0.117,0.117,0.117,0.117,0.117,0.117,0.117,0.117,0.117,0.117,0.117,0.117,0.117,0.117,0.117,0.117,0.117,0.117,0.117,0.117,0.117,0.117,0.117,0.117,0.117,0.117,0.117,0.117,0.117,0.117,0.117,0.117,0.117,0.117,0.117,0.117,0.117,0.117,0.117,0.117,0.117,0.117,0.117,0.117,0.117,0.117,0.117,0.117,0.117,0.117,0.117,0.117,0.117,0.117,0.117,0.117,0.117,0.117,0.117,0.117,0.117,0.117,0.117,0.117,0.117,0.117,0.117,0.117,0.117,0.117,0.117,0.117,0.117,0.117
RGI60-06.00285,0.12,0.12,0.12,0.12,0.12,0.12,0.12,0.12,0.12,0.12,0.12,0.12,0.12,0.12,0.12,0.12,0.12,0.12,0.12,0.12,0.12,0.12,0.12,0.12,0.12,0.12,0.12,0.12,0.12,0.12,0.12,0.12,0.12,0.12,0.12,0.12,0.12,0.12,0.12,0.12,0.12,0.12,0.12,0.12,0.12,0.12,0.12,0.12,0.12,0.12,0.12,0.12,0.12,0.12,0.12,0.12,0.12,0.12,0.12,0.12,0.12,0.12,0.12,0.12,0.12,0.12,0.12,0.12,0.12,0.12,0.12,0.12,0.12,0.12,0.12,0.12,0.12
RGI60-06.00286,0.121,0.121,0.121,0.121,0.121,0.121,0.121,0.121,0.121,0.121,0.121,0.121,0.121,0.121,0.121,0.121,0.121,0.121,0.121,0.121,0.121,0.121,0.121,0.121,0.121,0.121,0.121,0.121,0.121,0.121,0.121,0.121,0.121,0.121,0.121,0.121,0.121,0.121,0.121,0.121,0.121,0.121,0.121,0.121,0.121,0.121,0.121,0.121,0.121,0.121,0.121,0.121,0.121,0.121,0.121,0.121,0.121,0.121,0.121,0.121,0.121,0.121,0.121,0.121,0.121,0.121,0.121,0.121,0.121,0.121,0.121,0.121,0.121,0.121,0.121,0.121,0.121
RGI60-06.00287,0.136,0.136,0.136,0.136,0.136,0.136,0.136,0.136,0.136,0.136,0.136,0.136,0.136,0.136,0.136,0.136,0.136,0.136,0.136,0.136,0.136,0.136,0.136,0.136,0.136,0.136,0.136,0.136,0.136,0.136,0.136,0.136,0.136,0.136,0.136,0.136,0.136,0.136,0.136,0.136,0.136,0.136,0.136,0.136,0.136,0.136,0.136,0.136,0.136,0.136,0.136,0.136,0.136,0.136,0.136,0.136,0.136,0.136,0.136,0.136,0.136,0.136,0.136,0.136,0.136,0.136,0.136,0.136,0.136,0.136,0.136,0.136,0.136,0.136,0.136,0.136,0.136
RGI60-06.00288,0.139,0.139,0.139,0.139,0.139,0.139,0.139,0.139,0.139,0.139,0.139,0.139,0.139,0.139,0.139,0.139,0.139,0.139,0.139,0.139,0.139,0.139,0.139,0.139,0.139,0.139,0.139,0.139,0.139,0.139,0.139,0.139,0.139,0.139,0.139,0.139,0.139,0.139,0.139,0.139,0.139,0.139,0.139,0.139,0.139,0.139,0.139,0.139,0.139,0.139,0.139,0.139,0.139,0.139,0.139,0.139,0.139,0.139,0.139,0.139,0.139,0.139,0.139,0.139,0.139,0.139,0.139,0.139,0.139,0.139,0.139,0.139,0.139,0.139,0.139,0.139,0.139
RGI60-06.00289,0.148,0.148,0.148,0.148,0.148,0.148,0.148,0.148,0.148,0.148,0.148,0.148,0.148,0.148,0.148,0.148,0.148,0.148,0.148,0.148,0.148,0.148,0.148,0.148,0.148,0.148,0.148,0.148,0.148,0.148,0.148,0.148,0.148,0.148,0.148,0.148,0.148,0.148,0.148,0.148,0.148,0.148,0.148,0.148,0.148,0.148,0.148,0.148,0.148,0.148,0.148,0.148,0.148,0.148,0.148,0.148,0.148,0.148,0.148,0.148,0.148,0.148,0.148,0.148,0.148,0.148,0.148,0.148,0.148,0.148,0.148,0.148,0.148,0.148,0.148,0.148,0.148
RGI60-06.00290,0.116,0.116,0.116,0.116,0.116,0.116,0.116,0.116,0.116,0.116,0.116,0.116,0.116,0.116,0.116,0.116,0.116,0.116,0.116,0.116,0.116,0.116,0.116,0.116,0.116,0.116,0.116,0.116,0.116,0.116,0.116,0.116,0.116,0.116,0.116,0.116,0.116,0.116,0.116,0.116,0.116,0.116,0.116,0.116,0.116,0.116,0.116,0.116,0.116,0.116,0.116,0.116,0.116,0.116,0.116,0.116,0.116,0.116,0.116,0.116,0.116,0.116,0.116,0.116,0.116,0.116,0.116,0.116,0.116,0.116,0.116,0.116,0.116,0.116,0.116,0.116,0.116
RGI60-06.00291,0.036,0.036,0.036,0.036,0.036,0.036,0.036,0.036,0.036,0.036,0.036,0.036,0.036,0.036,0.036,0.036,0.036,0.036,0.036,0.036,0.036,0.036,0.036,0.036,0.036,0.036,0.036,0.036,0.036,0.036,0.036,0.036,0.036,0.036,0.036,0.036,0.036,0.036,0.036,0.036,0.036,0.036,0.036,0.036,0.036,0.036,0.036,0.036,0.036,0.036,0.036,0.036,0.036,0.036,0.036,0.036,0.036,0.036,0.036,0.036,0.036,0.036,0.036,0.036,0.036,0.036,0.036,0.036,0.036,0.036,0.036,0.036,0.036,0.036,0.036,0.036,0.036
RGI60-06.00292,0.093,0.093,0.093,0.093,0.093,0.093,0.093,0.093,0.093,0.093,0.093,0.093,0.093,0.093,0.093,0.093,0.093,0.093,0.093,0.093,0.093,0.093,0.093,0.093,0.093,0.093,0.093,0.093,0.093,0.093,0.093,0.093,0.093,0.093,0.093,0.093,0.093,0.093,0.093,0.093,0.093,0.093,0.093,0.093,0.093,0.093,0.093,0.093,0.093,0.093,0.093,0.093,0.093,0.093,0.093,0.093,0.093,0.093,0.093,0.093,0.093,0.093,0.093,0.093,0.093,0.093,0.093,0.093,0.093,0.093,0.093,0.093,0.093,0.093,0.093,0.093,0.093
RGI60-06.00293,0.049,0.049,0.049,0.049,0.049,0.049,0.049,0.049,0.049,0.049,0.049,0.049,0.049,0.049,0.049,0.049,0.049,0.049,0.049,0.049,0.049,0.049,0.049,0.049,0.049,0.049,0.049,0.049,0.049,0.049,0.049,0.049,0.049,0.049,0.049,0.049,0.049,0.049,0.049,0.049,0.049,0.049,0.049,0.049,0.049,0.049,0.049,0.049,0.049,0.049,0.049,0.049,0.049,0.049,0.049,0.049,0.049,0.049,0.049,0.049,0.049,0.049,0.049,0.049,0.049,0.049,0.049,0.049,0.049,0.049,0.049,0.049,0.049,0.049,0.049,0.049,0.049
RGI60-06.00294,0.049,0.049,0.049,0.049,0.049,0.049,0.049,0.049,0.049,0.049,0.049,0.049,0.049,0.049,0.049,0.049,0.049,0.049,0.049,0.049,0.049,0.049,0.049,0.049,0.049,0.049,0.049,0.049,0.049,0.049,0.049,0.049,0.049,0.049,0.049,0.049,0.049,0.049,0.049,0.049,0.049,0.049,0.049,0.049,0.049,0.049,0.049,0.049,0.049,0.049,0.049,0.049,0.049,0.049,0.049,0.049,0.049,0.049,0.049,0.049,0.049,0.049,0.049,0.049,0.049,0.049,0.049,0.049,0.049,0.049,0.049,0.049,0.049,0.049,0.049,0.049,0.049
RGI60-06.00295,0.108,0.108,0.108,0.108,0.108,0.108,0.108,0.108,0.108,0.108,0.108,0.108,0.108,0.108,0.108,0.108,0.108,0.108,0.108,0.108,0.108,0.108,0.108,0.108,0.108,0.108,0.108,0.108,0.108,0.108,0.108,0.108,0.108,0.108,0.108,0.108,0.108,0.108,0.108,0.108,0.108,0.108,0.108,0.108,0.108,0.108,0.108,0.108,0.108,0.108,0.108,0.108,0.108,0.108,0.108,0.108,0.108,0.108,0.108,0.108,0.108,0.108,0.108,0.108,0.108,0.108,0.108,0.108,0.108,0.108,0.108,0.108,0.108,0.108,0.108,0.108,0.108
RGI60-06.00296,0.112,0.112,0.112,0.112,0.112,0.112,0.112,0.112,0.112,0.112,0.112,0.112,0.112,0.112,0.112,0.112,0.112,0.112,0.112,0.112,0.112,0.112,0.112,0.112,0.112,0.112,0.112,0.112,0.112,0.112,0.112,0.112,0.112,0.112,0.112,0.112,0.112,0.112,0.112,0.112,0.112,0.112,0.112,0.112,0.112,0.112,0.112,0.112,0.112,0.112,0.112,0.112,0.112,0.112,0.112,0.112,0.112,0.112,0.112,0.112,0.112,0.112,0.112,0.112,0.112,0.112,0.112,0.112,0.112,0.112,0.112,0.112,0.112,0.112,0.112,0.112,0.112
RGI60-06.00297,0.071,0.071,0.071,0.071,0.071,0.071,0.071,0.071,0.071,0.071,0.071,0.071,0.071,0.071,0.071,0.071,0.071,0.071,0.071,0.071,0.071,0.071,0.071,0.071,0.071,0.071,0.071,0.071,0.071,0.071,0.071,0.071,0.071,0.071,0.071,0.071,0.071,0.071,0.071,0.071,0.071,0.071,0.071,0.071,0.071,0.071,0.071,0.071,0.071,0.071,0.071,0.071,0.071,0.071,0.071,0.071,0.071,0.071,0.071,0.071,0.071,0.071,0.071,0.071,0.071,0.071,0.071,0.071,0.071,0.071,0.071,0.071,0.071,0.071,0.071,0.071,0.071
RGI60-06.00298,0.14,0.14,0.14,0.14,0.14,0.14,0.14,0.14,0.14,0.14,0.14,0.14,0.14,0.14,0.14,0.14,0.14,0.14,0.14,0.14,0.14,0.14,0.14,0.14,0.14,0.14,0.14,0.14,0.14,0.14,0.14,0.14,0.14,0.14,0.14,0.14,0.14,0.14,0.14,0.14,0.14,0.14,0.14,0.14,0.14,0.14,0.14,0.14,0.14,0.14,0.14,0.14,0.14,0.14,0.14,0.14,0.14,0.14,0.14,0.14,0.14,0.14,0.14,0.14,0.14,0.14,0.14,0.14,0.14,0.14,0.14,0.14,0.14,0.14,0.14,0.14,0.14
RGI60-06.00299,0.15,0.15,0.15,0.15,0.15,0.15,0.15,0.15,0.15,0.15,0.15,0.15,0.15,0.15,0.15,0.15,0.15,0.15,0.15,0.15,0.15,0.15,0.15,0.15,0.15,0.15,0.15,0.15,0.15,0.15,0.15,0.15,0.15,0.15,0.15,0.15,0.15,0.15,0.15,0.15,0.15,0.15,0.15,0.15,0.15,0.15,0.15,0.15,0.15,0.15,0.15,0.15,0.15,0.15,0.15,0.15,0.15,0.15,0.15,0.15,0.15,0.15,0.15,0.15,0.15,0.15,0.15,0.15,0.15,0.15,0.15,0.15,0.15,0.15,0.15,0.15,0.15
RGI60-06.00300,0.161,0.161,0.161,0.161,0.161,0.161,0.161,0.161,0.161,0.161,0.161,0.161,0.161,0.161,0.161,0.161,0.161,0.161,0.161,0.161,0.161,0.161,0.161,0.161,0.161,0.161,0.161,0.161,0.161,0.161,0.161,0.161,0.161,0.161,0.161,0.161,0.161,0.161,0.161,0.161,0.161,0.161,0.161,0.161,0.161,0.161,0.161,0.161,0.161,0.161,0.161,0.161,0.161,0.161,0.161,0.161,0.161,0.161,0.161,0.161,0.161,0.161,0.161,0.161,0.161,0.161,0.161,0.161,0.161,0.161,0.161,0.161,0.161,0.161,0.161,0.161,0.161
RGI60-06.00301,0.045,0.045,0.045,0.045,0.045,0.045,0.045,0.045,0.045,0.045,0.045,0.045,0.045,0.045,0.045,0.045,0.045,0.045,0.045,0.045,0.045,0.045,0.045,0.045,0.045,0.045,0.045,0.045,0.045,0.045,0.045,0.045,0.045,0.045,0.045,0.045,0.045,0.045,0.045,0.045,0.045,0.045,0.045,0.045,0.045,0.045,0.045,0.045,0.045,0.045,0.045,0.045,0.045,0.045,0.045,0.045,0.045,0.045,0.045,0.045,0.045,0.045,0.045,0.045,0.045,0.045,0.045,0.045,0.045,0.045,0.045,0.045,0.045,0.045,0.045,0.045,0.045
RGI60-06.00302,0.037,0.037,0.037,0.037,0.037,0.037,0.037,0.037,0.037,0.037,0.037,0.037,0.037,0.037,0.037,0.037,0.037,0.037,0.037,0.037,0.037,0.037,0.037,0.037,0.037,0.037,0.037,0.037,0.037,0.037,0.037,0.037,0.037,0.037,0.037,0.037,0.037,0.037,0.037,0.037,0.037,0.037,0.037,0.037,0.037,0.037,0.037,0.037,0.037,0.037,0.037,0.037,0.037,0.037,0.037,0.037,0.037,0.037,0.037,0.037,0.037,0.037,0.037,0.037,0.037,0.037,0.037,0.037,0.037,0.037,0.037,0.037,0.037,0.037,0.037,0.037,0.037
RGI60-06.00303,0.039,0.039,0.039,0.039,0.039,0.039,0.039,0.039,0.039,0.039,0.039,0.039,0.039,0.039,0.039,0.039,0.039,0.039,0.039,0.039,0.039,0.039,0.039,0.039,0.039,0.039,0.039,0.039,0.039,0.039,0.039,0.039,0.039,0.039,0.039,0.039,0.039,0.039,0.039,0.039,0.039,0.039,0.039,0.039,0.039,0.039,0.039,0.039,0.039,0.039,0.039,0.039,0.039,0.039,0.039,0.039,0.039,0.039,0.039,0.039,0.039,0.039,0.039,0.039,0.039,0.039,0.039,0.039,0.039,0.039,0.039,0.039,0.039,0.039,0.039,0.039,0.039
RGI60-06.00304,0.048,0.048,0.048,0.048,0.048,0.048,0.048,0.048,0.048,0.048,0.048,0.048,0.048,0.048,0.048,0.048,0.048,0.048,0.048,0.048,0.048,0.048,0.048,0.048,0.048,0.048,0.048,0.048,0.048,0.048,0.048,0.048,0.048,0.048,0.048,0.048,0.048,0.048,0.048,0.048,0.048,0.048,0.048,0.048,0.048,0.048,0.048,0.048,0.048,0.048,0.048,0.048,0.048,0.048,0.048,0.048,0.048,0.048,0.048,0.048,0.048,0.048,0.048,0.048,0.048,0.048,0.048,0.048,0.048,0.048,0.048,0.048,0.048,0.048,0.048,0.048,0.048
RGI60-06.00305,0.039,0.039,0.039,0.039,0.039,0.039,0.039,0.039,0.039,0.039,0.039,0.039,0.039,0.039,0.039,0.039,0.039,0.039,0.039,0.039,0.039,0.039,0.039,0.039,0.039,0.039,0.039,0.039,0.039,0.039,0.039,0.039,0.039,0.039,0.039,0.039,0.039,0.039,0.039,0.039,0.039,0.039,0.039,0.039,0.039,0.039,0.039,0.039,0.039,0.039,0.039,0.039,0.039,0.039,0.039,0.039,0.039,0.039,0.039,0.039,0.039,0.039,0.039,0.039,0.039,0.039,0.039,0.039,0.039,0.039,0.039,0.039,0.039,0.039,0.039,0.039,0.039
RGI60-06.00306,0.059,0.059,0.059,0.059,0.059,0.059,0.059,0.059,0.059,0.059,0.059,0.059,0.059,0.059,0.059,0.059,0.059,0.059,0.059,0.059,0.059,0.059,0.059,0.059,0.059,0.059,0.059,0.059,0.059,0.059,0.059,0.059,0.059,0.059,0.059,0.059,0.059,0.059,0.059,0.059,0.059,0.059,0.059,0.059,0.059,0.059,0.059,0.059,0.059,0.059,0.059,0.059,0.059,0.059,0.059,0.059,0.059,0.059,0.059,0.059,0.059,0.059,0.059,0.059,0.059,0.059,0.059,0.059,0.059,0.059,0.059,0.059,0.059,0.059,0.059,0.059,0.059
RGI60-06.00307,0.125,0.125,0.125,0.125,0.125,0.125,0.125,0.125,0.125,0.125,0.125,0.125,0.125,0.125,0.125,0.125,0.125,0.125,0.125,0.125,0.125,0.125,0.125,0.125,0.125,0.125,0.125,0.125,0.125,0.125,0.125,0.125,0.125,0.125,0.125,0.125,0.125,0.125,0.125,0.125,0.125,0.125,0.125,0.125,0.125,0.125,0.125,0.125,0.125,0.125,0.125,0.125,0.125,0.125,0.125,0.125,0.125,0.125,0.125,0.125,0.125,0.125,0.125,0.125,0.125,0.125,0.125,0.125,0.125,0.125,0.125,0.125,0.125,0.125,0.125,0.125,0.125
RGI60-06.00308,0.131,0.131,0.131,0.131,0.131,0.131,0.131,0.131,0.131,0.131,0.131,0.131,0.131,0.131,0.131,0.131,0.131,0.131,0.131,0.131,0.131,0.131,0.131,0.131,0.131,0.131,0.131,0.131,0.131,0.131,0.131,0.131,0.131,0.131,0.131,0.131,0.131,0.131,0.131,0.131,0.131,0.131,0.131,0.131,0.131,0.131,0.131,0.131,0.131,0.131,0.131,0.131,0.131,0.131,0.131,0.131,0.131,0.131,0.131,0.131,0.131,0.131,0.131,0.131,0.131,0.131,0.131,0.131,0.131,0.131,0.131,0.131,0.131,0.131,0.131,0.131,0.131
RGI60-06.00309,0.036,0.036,0.036,0.036,0.036,0.036,0.036,0.036,0.036,0.036,0.036,0.036,0.036,0.036,0.036,0.036,0.036,0.036,0.036,0.036,0.036,0.036,0.036,0.036,0.036,0.036,0.036,0.036,0.036,0.036,0.036,0.036,0.036,0.036,0.036,0.036,0.036,0.036,0.036,0.036,0.036,0.036,0.036,0.036,0.036,0.036,0.036,0.036,0.036,0.036,0.036,0.036,0.036,0.036,0.036,0.036,0.036,0.036,0.036,0.036,0.036,0.036,0.036,0.036,0.036,0.036,0.036,0.036,0.036,0.036,0.036,0.036,0.036,0.036,0.036,0.036,0.036
RGI60-06.00310,0.073,0.073,0.073,0.073,0.073,0.073,0.073,0.073,0.073,0.073,0.073,0.073,0.073,0.073,0.073,0.073,0.073,0.073,0.073,0.073,0.073,0.073,0.073,0.073,0.073,0.073,0.073,0.073,0.073,0.073,0.073,0.073,0.073,0.073,0.073,0.073,0.073,0.073,0.073,0.073,0.073,0.073,0.073,0.073,0.073,0.073,0.073,0.073,0.073,0.073,0.073,0.073,0.073,0.073,0.073,0.073,0.073,0.073,0.073,0.073,0.073,0.073,0.073,0.073,0.073,0.073,0.073,0.073,0.073,0.073,0.073,0.073,0.073,0.073,0.073,0.073,0.073
RGI60-06.00311,0.045,0.045,0.045,0.045,0.045,0.045,0.045,0.045,0.045,0.045,0.045,0.045,0.045,0.045,0.045,0.045,0.045,0.045,0.045,0.045,0.045,0.045,0.045,0.045,0.045,0.045,0.045,0.045,0.045,0.045,0.045,0.045,0.045,0.045,0.045,0.045,0.045,0.045,0.045,0.045,0.045,0.045,0.045,0.045,0.045,0.045,0.045,0.045,0.045,0.045,0.045,0.045,0.045,0.045,0.045,0.045,0.045,0.045,0.045,0.045,0.045,0.045,0.045,0.045,0.045,0.045,0.045,0.045,0.045,0.045,0.045,0.045,0.045,0.045,0.045,0.045,0.045
RGI60-06.00312,0.185,0.185,0.185,0.185,0.185,0.185,0.185,0.185,0.185,0.185,0.185,0.185,0.185,0.185,0.185,0.185,0.185,0.185,0.185,0.185,0.185,0.185,0.185,0.185,0.185,0.185,0.185,0.185,0.185,0.185,0.185,0.185,0.185,0.185,0.185,0.185,0.185,0.185,0.185,0.185,0.185,0.185,0.185,0.185,0.185,0.185,0.185,0.185,0.185,0.185,0.185,0.185,0.185,0.185,0.185,0.185,0.185,0.185,0.185,0.185,0.185,0.185,0.185,0.185,0.185,0.185,0.185,0.185,0.185,0.185,0.185,0.185,0.185,0.185,0.185,0.185,0.185
RGI60-06.00313,0.115,0.115,0.115,0.115,0.115,0.115,0.115,0.115,0.115,0.115,0.115,0.115,0.115,0.115,0.115,0.115,0.115,0.115,0.115,0.115,0.115,0.115,0.115,0.115,0.115,0.115,0.115,0.115,0.115,0.115,0.115,0.115,0.115,0.115,0.115,0.115,0.115,0.115,0.115,0.115,0.115,0.115,0.115,0.115,0.115,0.115,0.115,0.115,0.115,0.115,0.115,0.115,0.115,0.115,0.115,0.115,0.115,0.115,0.115,0.115,0.115,0.115,0.115,0.115,0.115,0.115,0.115,0.115,0.115,0.115,0.115,0.115,0.115,0.115,0.115,0.115,0.115
RGI60-06.00314,0.136,0.136,0.136,0.136,0.136,0.136,0.136,0.136,0.136,0.136,0.136,0.136,0.136,0.136,0.136,0.136,0.136,0.136,0.136,0.136,0.136,0.136,0.136,0.136,0.136,0.136,0.136,0.136,0.136,0.136,0.136,0.136,0.136,0.136,0.136,0.136,0.136,0.136,0.136,0.136,0.136,0.136,0.136,0.136,0.136,0.136,0.136,0.136,0.136,0.136,0.136,0.136,0.136,0.136,0.136,0.136,0.136,0.136,0.136,0.136,0.136,0.136,0.136,0.136,0.136,0.136,0.136,0.136,0.136,0.136,0.136,0.136,0.136,0.136,0.136,0.136,0.136
RGI60-06.00315,0.139,0.139,0.139,0.139,0.139,0.139,0.139,0.139,0.139,0.139,0.139,0.139,0.139,0.139,0.139,0.139,0.139,0.139,0.139,0.139,0.139,0.139,0.139,0.139,0.139,0.139,0.139,0.139,0.139,0.139,0.139,0.139,0.139,0.139,0.139,0.139,0.139,0.139,0.139,0.139,0.139,0.139,0.139,0.139,0.139,0.139,0.139,0.139,0.139,0.139,0.139,0.139,0.139,0.139,0.139,0.139,0.139,0.139,0.139,0.139,0.139,0.139,0.139,0.139,0.139,0.139,0.139,0.139,0.139,0.139,0.139,0.139,0.139,0.139,0.139,0.139,0.139
RGI60-06.00316,0.149,0.149,0.149,0.149,0.149,0.149,0.149,0.149,0.149,0.149,0.149,0.149,0.149,0.149,0.149,0.149,0.149,0.149,0.149,0.149,0.149,0.149,0.149,0.149,0.149,0.149,0.149,0.149,0.149,0.149,0.149,0.149,0.149,0.149,0.149,0.149,0.149,0.149,0.149,0.149,0.149,0.149,0.149,0.149,0.149,0.149,0.149,0.149,0.149,0.149,0.149,0.149,0.149,0.149,0.149,0.149,0.149,0.149,0.149,0.149,0.149,0.149,0.149,0.149,0.149,0.149,0.149,0.149,0.149,0.149,0.149,0.149,0.149,0.149,0.149,0.149,0.149
RGI60-06.00317,0.129,0.129,0.129,0.129,0.129,0.129,0.129,0.129,0.129,0.129,0.129,0.129,0.129,0.129,0.129,0.129,0.129,0.129,0.129,0.129,0.129,0.129,0.129,0.129,0.129,0.129,0.129,0.129,0.129,0.129,0.129,0.129,0.129,0.129,0.129,0.129,0.129,0.129,0.129,0.129,0.129,0.129,0.129,0.129,0.129,0.129,0.129,0.129,0.129,0.129,0.129,0.129,0.129,0.129,0.129,0.129,0.129,0.129,0.129,0.129,0.129,0.129,0.129,0.129,0.129,0.129,0.129,0.129,0.129,0.129,0.129,0.129,0.129,0.129,0.129,0.129,0.129
RGI60-06.00318,0.136,0.136,0.136,0.136,0.136,0.136,0.136,0.136,0.136,0.136,0.136,0.136,0.136,0.136,0.136,0.136,0.136,0.136,0.136,0.136,0.136,0.136,0.136,0.136,0.136,0.136,0.136,0.136,0.136,0.136,0.136,0.136,0.136,0.136,0.136,0.136,0.136,0.136,0.136,0.136,0.136,0.136,0.136,0.136,0.136,0.136,0.136,0.136,0.136,0.136,0.136,0.136,0.136,0.136,0.136,0.136,0.136,0.136,0.136,0.136,0.136,0.136,0.136,0.136,0.136,0.136,0.136,0.136,0.136,0.136,0.136,0.136,0.136,0.136,0.136,0.136,0.136
RGI60-06.00319,0.121,0.121,0.121,0.121,0.121,0.121,0.121,0.121,0.121,0.121,0.121,0.121,0.121,0.121,0.121,0.121,0.121,0.121,0.121,0.121,0.121,0.121,0.121,0.121,0.121,0.121,0.121,0.121,0.121,0.121,0.121,0.121,0.121,0.121,0.121,0.121,0.121,0.121,0.121,0.121,0.121,0.121,0.121,0.121,0.121,0.121,0.121,0.121,0.121,0.121,0.121,0.121,0.121,0.121,0.121,0.121,0.121,0.121,0.121,0.121,0.121,0.121,0.121,0.121,0.121,0.121,0.121,0.121,0.121,0.121,0.121,0.121,0.121,0.121,0.121,0.121,0.121
RGI60-06.00320,0.122,0.122,0.122,0.122,0.122,0.122,0.122,0.122,0.122,0.122,0.122,0.122,0.122,0.122,0.122,0.122,0.122,0.122,0.122,0.122,0.122,0.122,0.122,0.122,0.122,0.122,0.122,0.122,0.122,0.122,0.122,0.122,0.122,0.122,0.122,0.122,0.122,0.122,0.122,0.122,0.122,0.122,0.122,0.122,0.122,0.122,0.122,0.122,0.122,0.122,0.122,0.122,0.122,0.122,0.122,0.122,0.122,0.122,0.122,0.122,0.122,0.122,0.122,0.122,0.122,0.122,0.122,0.122,0.122,0.122,0.122,0.122,0.122,0.122,0.122,0.122,0.122
RGI60-06.00321,0.129,0.129,0.129,0.129,0.129,0.129,0.129,0.129,0.129,0.129,0.129,0.129,0.129,0.129,0.129,0.129,0.129,0.129,0.129,0.129,0.129,0.129,0.129,0.129,0.129,0.129,0.129,0.129,0.129,0.129,0.129,0.129,0.129,0.129,0.129,0.129,0.129,0.129,0.129,0.129,0.129,0.129,0.129,0.129,0.129,0.129,0.129,0.129,0.129,0.129,0.129,0.129,0.129,0.129,0.129,0.129,0.129,0.129,0.129,0.129,0.129,0.129,0.129,0.129,0.129,0.129,0.129,0.129,0.129,0.129,0.129,0.129,0.129,0.129,0.129,0.129,0.129
RGI60-06.00322,0.135,0.135,0.135,0.135,0.135,0.135,0.135,0.135,0.135,0.135,0.135,0.135,0.135,0.135,0.135,0.135,0.135,0.135,0.135,0.135,0.135,0.135,0.135,0.135,0.135,0.135,0.135,0.135,0.135,0.135,0.135,0.135,0.135,0.135,0.135,0.135,0.135,0.135,0.135,0.135,0.135,0.135,0.135,0.135,0.135,0.135,0.135,0.135,0.135,0.135,0.135,0.135,0.135,0.135,0.135,0.135,0.135,0.135,0.135,0.135,0.135,0.135,0.135,0.135,0.135,0.135,0.135,0.135,0.135,0.135,0.135,0.135,0.135,0.135,0.135,0.135,0.135
RGI60-06.00323,0.133,0.133,0.133,0.133,0.133,0.133,0.133,0.133,0.133,0.133,0.133,0.133,0.133,0.133,0.133,0.133,0.133,0.133,0.133,0.133,0.133,0.133,0.133,0.133,0.133,0.133,0.133,0.133,0.133,0.133,0.133,0.133,0.133,0.133,0.133,0.133,0.133,0.133,0.133,0.133,0.133,0.133,0.133,0.133,0.133,0.133,0.133,0.133,0.133,0.133,0.133,0.133,0.133,0.133,0.133,0.133,0.133,0.133,0.133,0.133,0.133,0.133,0.133,0.133,0.133,0.133,0.133,0.133,0.133,0.133,0.133,0.133,0.133,0.133,0.133,0.133,0.133
RGI60-06.00324,0.131,0.131,0.131,0.131,0.131,0.131,0.131,0.131,0.131,0.131,0.131,0.131,0.131,0.131,0.131,0.131,0.131,0.131,0.131,0.131,0.131,0.131,0.131,0.131,0.131,0.131,0.131,0.131,0.131,0.131,0.131,0.131,0.131,0.131,0.131,0.131,0.131,0.131,0.131,0.131,0.131,0.131,0.131,0.131,0.131,0.131,0.131,0.131,0.131,0.131,0.131,0.131,0.131,0.131,0.131,0.131,0.131,0.131,0.131,0.131,0.131,0.131,0.131,0.131,0.131,0.131,0.131,0.131,0.131,0.131,0.131,0.131,0.131,0.131,0.131,0.131,0.131
RGI60-06.00325,0.122,0.122,0.122,0.122,0.122,0.122,0.122,0.122,0.122,0.122,0.122,0.122,0.122,0.122,0.122,0.122,0.122,0.122,0.122,0.122,0.122,0.122,0.122,0.122,0.122,0.122,0.122,0.122,0.122,0.122,0.122,0.122,0.122,0.122,0.122,0.122,0.122,0.122,0.122,0.122,0.122,0.122,0.122,0.122,0.122,0.122,0.122,0.122,0.122,0.122,0.122,0.122,0.122,0.122,0.122,0.122,0.122,0.122,0.122,0.122,0.122,0.122,0.122,0.122,0.122,0.122,0.122,0.122,0.122,0.122,0.122,0.122,0.122,0.122,0.122,0.122,0.122
RGI60-06.00326,0.116,0.116,0.116,0.116,0.116,0.116,0.116,0.116,0.116,0.116,0.116,0.116,0.116,0.116,0.116,0.116,0.116,0.116,0.116,0.116,0.116,0.116,0.116,0.116,0.116,0.116,0.116,0.116,0.116,0.116,0.116,0.116,0.116,0.116,0.116,0.116,0.116,0.116,0.116,0.116,0.116,0.116,0.116,0.116,0.116,0.116,0.116,0.116,0.116,0.116,0.116,0.116,0.116,0.116,0.116,0.116,0.116,0.116,0.116,0.116,0.116,0.116,0.116,0.116,0.116,0.116,0.116,0.116,0.116,0.116,0.116,0.116,0.116,0.116,0.116,0.116,0.116
RGI60-06.00327,0.239,0.239,0.239,0.239,0.239,0.239,0.239,0.239,0.239,0.239,0.239,0.239,0.239,0.239,0.239,0.239,0.239,0.239,0.239,0.239,0.239,0.239,0.239,0.239,0.239,0.239,0.239,0.239,0.239,0.239,0.239,0.239,0.239,0.239,0.239,0.239,0.239,0.239,0.239,0.239,0.239,0.239,0.239,0.239,0.239,0.239,0.239,0.239,0.239,0.239,0.239,0.239,0.239,0.239,0.239,0.239,0.239,0.239,0.239,0.239,0.239,0.239,0.239,0.239,0.239,0.239,0.239,0.239,0.239,0.239,0.239,0.239,0.239,0.239,0.239,0.239,0.239
RGI60-06.00328,0.088,0.088,0.088,0.088,0.088,0.088,0.088,0.088,0.088,0.088,0.088,0.088,0.088,0.088,0.088,0.088,0.088,0.088,0.088,0.088,0.088,0.088,0.088,0.088,0.088,0.088,0.088,0.088,0.088,0.088,0.088,0.088,0.088,0.088,0.088,0.088,0.088,0.088,0.088,0.088,0.088,0.088,0.088,0.088,0.088,0.088,0.088,0.088,0.088,0.088,0.088,0.088,0.088,0.088,0.088,0.088,0.088,0.088,0.088,0.088,0.088,0.088,0.088,0.088,0.088,0.088,0.088,0.088,0.088,0.088,0.088,0.088,0.088,0.088,0.088,0.088,0.088
RGI60-06.00329,0.107,0.107,0.107,0.107,0.107,0.107,0.107,0.107,0.107,0.107,0.107,0.107,0.107,0.107,0.107,0.107,0.107,0.107,0.107,0.107,0.107,0.107,0.107,0.107,0.107,0.107,0.107,0.107,0.107,0.107,0.107,0.107,0.107,0.107,0.107,0.107,0.107,0.107,0.107,0.107,0.107,0.107,0.107,0.107,0.107,0.107,0.107,0.107,0.107,0.107,0.107,0.107,0.107,0.107,0.107,0.107,0.107,0.107,0.107,0.107,0.107,0.107,0.107,0.107,0.107,0.107,0.107,0.107,0.107,0.107,0.107,0.107,0.107,0.107,0.107,0.107,0.107
RGI60-06.00330,0.123,0.123,0.123,0.123,0.123,0.123,0.123,0.123,0.123,0.123,0.123,0.123,0.123,0.123,0.123,0.123,0.123,0.123,0.123,0.123,0.123,0.123,0.123,0.123,0.123,0.123,0.123,0.123,0.123,0.123,0.123,0.123,0.123,0.123,0.123,0.123,0.123,0.123,0.123,0.123,0.123,0.123,0.123,0.123,0.123,0.123,0.123,0.123,0.123,0.123,0.123,0.123,0.123,0.123,0.123,0.123,0.123,0.123,0.123,0.123,0.123,0.123,0.123,0.123,0.123,0.123,0.123,0.123,0.123,0.123,0.123,0.123,0.123,0.123,0.123,0.123,0.123
RGI60-06.00331,0.127,0.127,0.127,0.127,0.127,0.127,0.127,0.127,0.127,0.127,0.127,0.127,0.127,0.127,0.127,0.127,0.127,0.127,0.127,0.127,0.127,0.127,0.127,0.127,0.127,0.127,0.127,0.127,0.127,0.127,0.127,0.127,0.127,0.127,0.127,0.127,0.127,0.127,0.127,0.127,0.127,0.127,0.127,0.127,0.127,0.127,0.127,0.127,0.127,0.127,0.127,0.127,0.127,0.127,0.127,0.127,0.127,0.127,0.127,0.127,0.127,0.127,0.127,0.127,0.127,0.127,0.127,0.127,0.127,0.127,0.127,0.127,0.127,0.127,0.127,0.127,0.127
RGI60-06.00332,0.131,0.131,0.131,0.131,0.131,0.131,0.131,0.131,0.131,0.131,0.131,0.131,0.131,0.131,0.131,0.131,0.131,0.131,0.131,0.131,0.131,0.131,0.131,0.131,0.131,0.131,0.131,0.131,0.131,0.131,0.131,0.131,0.131,0.131,0.131,0.131,0.131,0.131,0.131,0.131,0.131,0.131,0.131,0.131,0.131,0.131,0.131,0.131,0.131,0.131,0.131,0.131,0.131,0.131,0.131,0.131,0.131,0.131,0.131,0.131,0.131,0.131,0.131,0.131,0.131,0.131,0.131,0.131,0.131,0.131,0.131,0.131,0.131,0.131,0.131,0.131,0.131
RGI60-06.00333,0.14,0.14,0.14,0.14,0.14,0.14,0.14,0.14,0.14,0.14,0.14,0.14,0.14,0.14,0.14,0.14,0.14,0.14,0.14,0.14,0.14,0.14,0.14,0.14,0.14,0.14,0.14,0.14,0.14,0.14,0.14,0.14,0.14,0.14,0.14,0.14,0.14,0.14,0.14,0.14,0.14,0.14,0.14,0.14,0.14,0.14,0.14,0.14,0.14,0.14,0.14,0.14,0.14,0.14,0.14,0.14,0.14,0.14,0.14,0.14,0.14,0.14,0.14,0.14,0.14,0.14,0.14,0.14,0.14,0.14,0.14,0.14,0.14,0.14,0.14,0.14,0.14
RGI60-06.00334,0.141,0.141,0.141,0.141,0.141,0.141,0.141,0.141,0.141,0.141,0.141,0.141,0.141,0.141,0.141,0.141,0.141,0.141,0.141,0.141,0.141,0.141,0.141,0.141,0.141,0.141,0.141,0.141,0.141,0.141,0.141,0.141,0.141,0.141,0.141,0.141,0.141,0.141,0.141,0.141,0.141,0.141,0.141,0.141,0.141,0.141,0.141,0.141,0.141,0.141,0.141,0.141,0.141,0.141,0.141,0.141,0.141,0.141,0.141,0.141,0.141,0.141,0.141,0.141,0.141,0.141,0.141,0.141,0.141,0.141,0.141,0.141,0.141,0.141,0.141,0.141,0.141
RGI60-06.00335,0.132,0.132,0.132,0.132,0.132,0.132,0.132,0.132,0.132,0.132,0.132,0.132,0.132,0.132,0.132,0.132,0.132,0.132,0.132,0.132,0.132,0.132,0.132,0.132,0.132,0.132,0.132,0.132,0.132,0.132,0.132,0.132,0.132,0.132,0.132,0.132,0.132,0.132,0.132,0.132,0.132,0.132,0.132,0.132,0.132,0.132,0.132,0.132,0.132,0.132,0.132,0.132,0.132,0.132,0.132,0.132,0.132,0.132,0.132,0.132,0.132,0.132,0.132,0.132,0.132,0.132,0.132,0.132,0.132,0.132,0.132,0.132,0.132,0.132,0.132,0.132,0.132
RGI60-06.00336,0.084,0.084,0.084,0.084,0.084,0.084,0.084,0.084,0.084,0.084,0.084,0.084,0.084,0.084,0.084,0.084,0.084,0.084,0.084,0.084,0.084,0.084,0.084,0.084,0.084,0.084,0.084,0.084,0.084,0.084,0.084,0.084,0.084,0.084,0.084,0.084,0.084,0.084,0.084,0.084,0.084,0.084,0.084,0.084,0.084,0.084,0.084,0.084,0.084,0.084,0.084,0.084,0.084,0.084,0.084,0.084,0.084,0.084,0.084,0.084,0.084,0.084,0.084,0.084,0.084,0.084,0.084,0.084,0.084,0.084,0.084,0.084,0.084,0.084,0.084,0.084,0.084
RGI60-06.00337,0.132,0.132,0.132,0.132,0.132,0.132,0.132,0.132,0.132,0.132,0.132,0.132,0.132,0.132,0.132,0.132,0.132,0.132,0.132,0.132,0.132,0.132,0.132,0.132,0.132,0.132,0.132,0.132,0.132,0.132,0.132,0.132,0.132,0.132,0.132,0.132,0.132,0.132,0.132,0.132,0.132,0.132,0.132,0.132,0.132,0.132,0.132,0.132,0.132,0.132,0.132,0.132,0.132,0.132,0.132,0.132,0.132,0.132,0.132,0.132,0.132,0.132,0.132,0.132,0.132,0.132,0.132,0.132,0.132,0.132,0.132,0.132,0.132,0.132,0.132,0.132,0.132
RGI60-06.00338,0.138,0.138,0.138,0.138,0.138,0.138,0.138,0.138,0.138,0.138,0.138,0.138,0.138,0.138,0.138,0.138,0.138,0.138,0.138,0.138,0.138,0.138,0.138,0.138,0.138,0.138,0.138,0.138,0.138,0.138,0.138,0.138,0.138,0.138,0.138,0.138,0.138,0.138,0.138,0.138,0.138,0.138,0.138,0.138,0.138,0.138,0.138,0.138,0.138,0.138,0.138,0.138,0.138,0.138,0.138,0.138,0.138,0.138,0.138,0.138,0.138,0.138,0.138,0.138,0.138,0.138,0.138,0.138,0.138,0.138,0.138,0.138,0.138,0.138,0.138,0.138,0.138
RGI60-06.00339,0.085,0.085,0.085,0.085,0.085,0.085,0.085,0.085,0.085,0.085,0.085,0.085,0.085,0.085,0.085,0.085,0.085,0.085,0.085,0.085,0.085,0.085,0.085,0.085,0.085,0.085,0.085,0.085,0.085,0.085,0.085,0.085,0.085,0.085,0.085,0.085,0.085,0.085,0.085,0.085,0.085,0.085,0.085,0.085,0.085,0.085,0.085,0.085,0.085,0.085,0.085,0.085,0.085,0.085,0.085,0.085,0.085,0.085,0.085,0.085,0.085,0.085,0.085,0.085,0.085,0.085,0.085,0.085,0.085,0.085,0.085,0.085,0.085,0.085,0.085,0.085,0.085
RGI60-06.00340,0.095,0.095,0.095,0.095,0.095,0.095,0.095,0.095,0.095,0.095,0.095,0.095,0.095,0.095,0.095,0.095,0.095,0.095,0.095,0.095,0.095,0.095,0.095,0.095,0.095,0.095,0.095,0.095,0.095,0.095,0.095,0.095,0.095,0.095,0.095,0.095,0.095,0.095,0.095,0.095,0.095,0.095,0.095,0.095,0.095,0.095,0.095,0.095,0.095,0.095,0.095,0.095,0.095,0.095,0.095,0.095,0.095,0.095,0.095,0.095,0.095,0.095,0.095,0.095,0.095,0.095,0.095,0.095,0.095,0.095,0.095,0.095,0.095,0.095,0.095,0.095,0.095
RGI60-06.00341,0.096,0.096,0.096,0.096,0.096,0.096,0.096,0.096,0.096,0.096,0.096,0.096,0.096,0.096,0.096,0.096,0.096,0.096,0.096,0.096,0.096,0.096,0.096,0.096,0.096,0.096,0.096,0.096,0.096,0.096,0.096,0.096,0.096,0.096,0.096,0.096,0.096,0.096,0.096,0.096,0.096,0.096,0.096,0.096,0.096,0.096,0.096,0.096,0.096,0.096,0.096,0.096,0.096,0.096,0.096,0.096,0.096,0.096,0.096,0.096,0.096,0.096,0.096,0.096,0.096,0.096,0.096,0.096,0.096,0.096,0.096,0.096,0.096,0.096,0.096,0.096,0.096
RGI60-06.00342,0.104,0.104,0.104,0.104,0.104,0.104,0.104,0.104,0.104,0.104,0.104,0.104,0.104,0.104,0.104,0.104,0.104,0.104,0.104,0.104,0.104,0.104,0.104,0.104,0.104,0.104,0.104,0.104,0.104,0.104,0.104,0.104,0.104,0.104,0.104,0.104,0.104,0.104,0.104,0.104,0.104,0.104,0.104,0.104,0.104,0.104,0.104,0.104,0.104,0.104,0.104,0.104,0.104,0.104,0.104,0.104,0.104,0.104,0.104,0.104,0.104,0.104,0.104,0.104,0.104,0.104,0.104,0.104,0.104,0.104,0.104,0.104,0.104,0.104,0.104,0.104,0.104
RGI60-06.00343,0.108,0.108,0.108,0.108,0.108,0.108,0.108,0.108,0.108,0.108,0.108,0.108,0.108,0.108,0.108,0.108,0.108,0.108,0.108,0.108,0.108,0.108,0.108,0.108,0.108,0.108,0.108,0.108,0.108,0.108,0.108,0.108,0.108,0.108,0.108,0.108,0.108,0.108,0.108,0.108,0.108,0.108,0.108,0.108,0.108,0.108,0.108,0.108,0.108,0.108,0.108,0.108,0.108,0.108,0.108,0.108,0.108,0.108,0.108,0.108,0.108,0.108,0.108,0.108,0.108,0.108,0.108,0.108,0.108,0.108,0.108,0.108,0.108,0.108,0.108,0.108,0.108
RGI60-06.00344,0.114,0.114,0.114,0.114,0.114,0.114,0.114,0.114,0.114,0.114,0.114,0.114,0.114,0.114,0.114,0.114,0.114,0.114,0.114,0.114,0.114,0.114,0.114,0.114,0.114,0.114,0.114,0.114,0.114,0.114,0.114,0.114,0.114,0.114,0.114,0.114,0.114,0.114,0.114,0.114,0.114,0.114,0.114,0.114,0.114,0.114,0.114,0.114,0.114,0.114,0.114,0.114,0.114,0.114,0.114,0.114,0.114,0.114,0.114,0.114,0.114,0.114,0.114,0.114,0.114,0.114,0.114,0.114,0.114,0.114,0.114,0.114,0.114,0.114,0.114,0.114,0.114
RGI60-06.00345,0.116,0.116,0.116,0.116,0.116,0.116,0.116,0.116,0.116,0.116,0.116,0.116,0.116,0.116,0.116,0.116,0.116,0.116,0.116,0.116,0.116,0.116,0.116,0.116,0.116,0.116,0.116,0.116,0.116,0.116,0.116,0.116,0.116,0.116,0.116,0.116,0.116,0.116,0.116,0.116,0.116,0.116,0.116,0.116,0.116,0.116,0.116,0.116,0.116,0.116,0.116,0.116,0.116,0.116,0.116,0.116,0.116,0.116,0.116,0.116,0.116,0.116,0.116,0.116,0.116,0.116,0.116,0.116,0.116,0.116,0.116,0.116,0.116,0.116,0.116,0.116,0.116
RGI60-06.00346,0.119,0.119,0.119,0.119,0.119,0.119,0.119,0.119,0.119,0.119,0.119,0.119,0.119,0.119,0.119,0.119,0.119,0.119,0.119,0.119,0.119,0.119,0.119,0.119,0.119,0.119,0.119,0.119,0.119,0.119,0.119,0.119,0.119,0.119,0.119,0.119,0.119,0.119,0.119,0.119,0.119,0.119,0.119,0.119,0.119,0.119,0.119,0.119,0.119,0.119,0.119,0.119,0.119,0.119,0.119,0.119,0.119,0.119,0.119,0.119,0.119,0.119,0.119,0.119,0.119,0.119,0.119,0.119,0.119,0.119,0.119,0.119,0.119,0.119,0.119,0.119,0.119
RGI60-06.00347,0.11,0.11,0.11,0.11,0.11,0.11,0.11,0.11,0.11,0.11,0.11,0.11,0.11,0.11,0.11,0.11,0.11,0.11,0.11,0.11,0.11,0.11,0.11,0.11,0.11,0.11,0.11,0.11,0.11,0.11,0.11,0.11,0.11,0.11,0.11,0.11,0.11,0.11,0.11,0.11,0.11,0.11,0.11,0.11,0.11,0.11,0.11,0.11,0.11,0.11,0.11,0.11,0.11,0.11,0.11,0.11,0.11,0.11,0.11,0.11,0.11,0.11,0.11,0.11,0.11,0.11,0.11,0.11,0.11,0.11,0.11,0.11,0.11,0.11,0.11,0.11,0.11
RGI60-06.00348,0.281,0.281,0.281,0.281,0.281,0.281,0.281,0.281,0.281,0.281,0.281,0.281,0.281,0.281,0.281,0.281,0.281,0.281,0.281,0.281,0.281,0.281,0.281,0.281,0.281,0.281,0.281,0.281,0.281,0.281,0.281,0.281,0.281,0.281,0.281,0.281,0.281,0.281,0.281,0.281,0.281,0.281,0.281,0.281,0.281,0.281,0.281,0.281,0.281,0.281,0.281,0.281,0.281,0.281,0.281,0.281,0.281,0.281,0.281,0.281,0.281,0.281,0.281,0.281,0.281,0.281,0.281,0.281,0.281,0.281,0.281,0.281,0.281,0.281,0.281,0.281,0.281
RGI60-06.00349,0.128,0.128,0.128,0.128,0.128,0.128,0.128,0.128,0.128,0.128,0.128,0.128,0.128,0.128,0.128,0.128,0.128,0.128,0.128,0.128,0.128,0.128,0.128,0.128,0.128,0.128,0.128,0.128,0.128,0.128,0.128,0.128,0.128,0.128,0.128,0.128,0.128,0.128,0.128,0.128,0.128,0.128,0.128,0.128,0.128,0.128,0.128,0.128,0.128,0.128,0.128,0.128,0.128,0.128,0.128,0.128,0.128,0.128,0.128,0.128,0.128,0.128,0.128,0.128,0.128,0.128,0.128,0.128,0.128,0.128,0.128,0.128,0.128,0.128,0.128,0.128,0.128
RGI60-06.00350,0.137,0.137,0.137,0.137,0.137,0.137,0.137,0.137,0.137,0.137,0.137,0.137,0.137,0.137,0.137,0.137,0.137,0.137,0.137,0.137,0.137,0.137,0.137,0.137,0.137,0.137,0.137,0.137,0.137,0.137,0.137,0.137,0.137,0.137,0.137,0.137,0.137,0.137,0.137,0.137,0.137,0.137,0.137,0.137,0.137,0.137,0.137,0.137,0.137,0.137,0.137,0.137,0.137,0.137,0.137,0.137,0.137,0.137,0.137,0.137,0.137,0.137,0.137,0.137,0.137,0.137,0.137,0.137,0.137,0.137,0.137,0.137,0.137,0.137,0.137,0.137,0.137
RGI60-06.00351,0.149,0.149,0.149,0.149,0.149,0.149,0.149,0.149,0.149,0.149,0.149,0.149,0.149,0.149,0.149,0.149,0.149,0.149,0.149,0.149,0.149,0.149,0.149,0.149,0.149,0.149,0.149,0.149,0.149,0.149,0.149,0.149,0.149,0.149,0.149,0.149,0.149,0.149,0.149,0.149,0.149,0.149,0.149,0.149,0.149,0.149,0.149,0.149,0.149,0.149,0.149,0.149,0.149,0.149,0.149,0.149,0.149,0.149,0.149,0.149,0.149,0.149,0.149,0.149,0.149,0.149,0.149,0.149,0.149,0.149,0.149,0.149,0.149,0.149,0.149,0.149,0.149
RGI60-06.00352,0.147,0.147,0.147,0.147,0.147,0.147,0.147,0.147,0.147,0.147,0.147,0.147,0.147,0.147,0.147,0.147,0.147,0.147,0.147,0.147,0.147,0.147,0.147,0.147,0.147,0.147,0.147,0.147,0.147,0.147,0.147,0.147,0.147,0.147,0.147,0.147,0.147,0.147,0.147,0.147,0.147,0.147,0.147,0.147,0.147,0.147,0.147,0.147,0.147,0.147,0.147,0.147,0.147,0.147,0.147,0.147,0.147,0.147,0.147,0.147,0.147,0.147,0.147,0.147,0.147,0.147,0.147,0.147,0.147,0.147,0.147,0.147,0.147,0.147,0.147,0.147,0.147
RGI60-06.00353,0.187,0.187,0.187,0.187,0.187,0.187,0.187,0.187,0.187,0.187,0.187,0.187,0.187,0.187,0.187,0.187,0.187,0.187,0.187,0.187,0.187,0.187,0.187,0.187,0.187,0.187,0.187,0.187,0.187,0.187,0.187,0.187,0.187,0.187,0.187,0.187,0.187,0.187,0.187,0.187,0.187,0.187,0.187,0.187,0.187,0.187,0.187,0.187,0.187,0.187,0.187,0.187,0.187,0.187,0.187,0.187,0.187,0.187,0.187,0.187,0.187,0.187,0.187,0.187,0.187,0.187,0.187,0.187,0.187,0.187,0.187,0.187,0.187,0.187,0.187,0.187,0.187
RGI60-06.00354,0.15,0.15,0.15,0.15,0.15,0.15,0.15,0.15,0.15,0.15,0.15,0.15,0.15,0.15,0.15,0.15,0.15,0.15,0.15,0.15,0.15,0.15,0.15,0.15,0.15,0.15,0.15,0.15,0.15,0.15,0.15,0.15,0.15,0.15,0.15,0.15,0.15,0.15,0.15,0.15,0.15,0.15,0.15,0.15,0.15,0.15,0.15,0.15,0.15,0.15,0.15,0.15,0.15,0.15,0.15,0.15,0.15,0.15,0.15,0.15,0.15,0.15,0.15,0.15,0.15,0.15,0.15,0.15,0.15,0.15,0.15,0.15,0.15,0.15,0.15,0.15,0.15
RGI60-06.00355,0.149,0.149,0.149,0.149,0.149,0.149,0.149,0.149,0.149,0.149,0.149,0.149,0.149,0.149,0.149,0.149,0.149,0.149,0.149,0.149,0.149,0.149,0.149,0.149,0.149,0.149,0.149,0.149,0.149,0.149,0.149,0.149,0.149,0.149,0.149,0.149,0.149,0.149,0.149,0.149,0.149,0.149,0.149,0.149,0.149,0.149,0.149,0.149,0.149,0.149,0.149,0.149,0.149,0.149,0.149,0.149,0.149,0.149,0.149,0.149,0.149,0.149,0.149,0.149,0.149,0.149,0.149,0.149,0.149,0.149,0.149,0.149,0.149,0.149,0.149,0.149,0.149
RGI60-06.00356,0.156,0.156,0.156,0.156,0.156,0.156,0.156,0.156,0.156,0.156,0.156,0.156,0.156,0.156,0.156,0.156,0.156,0.156,0.156,0.156,0.156,0.156,0.156,0.156,0.156,0.156,0.156,0.156,0.156,0.156,0.156,0.156,0.156,0.156,0.156,0.156,0.156,0.156,0.156,0.156,0.156,0.156,0.156,0.156,0.156,0.156,0.156,0.156,0.156,0.156,0.156,0.156,0.156,0.156,0.156,0.156,0.156,0.156,0.156,0.156,0.156,0.156,0.156,0.156,0.156,0.156,0.156,0.156,0.156,0.156,0.156,0.156,0.156,0.156,0.156,0.156,0.156
RGI60-06.00357,0.228,0.228,0.228,0.228,0.228,0.228,0.228,0.228,0.228,0.228,0.228,0.228,0.228,0.228,0.228,0.228,0.228,0.228,0.228,0.228,0.228,0.228,0.228,0.228,0.228,0.228,0.228,0.228,0.228,0.228,0.228,0.228,0.228,0.228,0.228,0.228,0.228,0.228,0.228,0.228,0.228,0.228,0.228,0.228,0.228,0.228,0.228,0.228,0.228,0.228,0.228,0.228,0.228,0.228,0.228,0.228,0.228,0.228,0.228,0.228,0.228,0.228,0.228,0.228,0.228,0.228,0.228,0.228,0.228,0.228,0.228,0.228,0.228,0.228,0.228,0.228,0.228
RGI60-06.00358,0.239,0.239,0.239,0.239,0.239,0.239,0.239,0.239,0.239,0.239,0.239,0.239,0.239,0.239,0.239,0.239,0.239,0.239,0.239,0.239,0.239,0.239,0.239,0.239,0.239,0.239,0.239,0.239,0.239,0.239,0.239,0.239,0.239,0.239,0.239,0.239,0.239,0.239,0.239,0.239,0.239,0.239,0.239,0.239,0.239,0.239,0.239,0.239,0.239,0.239,0.239,0.239,0.239,0.239,0.239,0.239,0.239,0.239,0.239,0.239,0.239,0.239,0.239,0.239,0.239,0.239,0.239,0.239,0.239,0.239,0.239,0.239,0.239,0.239,0.239,0.239,0.239
RGI60-06.00359,0.135,0.135,0.135,0.135,0.135,0.135,0.135,0.135,0.135,0.135,0.135,0.135,0.135,0.135,0.135,0.135,0.135,0.135,0.135,0.135,0.135,0.135,0.135,0.135,0.135,0.135,0.135,0.135,0.135,0.135,0.135,0.135,0.135,0.135,0.135,0.135,0.135,0.135,0.135,0.135,0.135,0.135,0.135,0.135,0.135,0.135,0.135,0.135,0.135,0.135,0.135,0.135,0.135,0.135,0.135,0.135,0.135,0.135,0.135,0.135,0.135,0.135,0.135,0.135,0.135,0.135,0.135,0.135,0.135,0.135,0.135,0.135,0.135,0.135,0.135,0.135,0.135
RGI60-06.00360,0.174,0.174,0.174,0.174,0.174,0.174,0.174,0.174,0.174,0.174,0.174,0.174,0.174,0.174,0.174,0.174,0.174,0.174,0.174,0.174,0.174,0.174,0.174,0.174,0.174,0.174,0.174,0.174,0.174,0.174,0.174,0.174,0.174,0.174,0.174,0.174,0.174,0.174,0.174,0.174,0.174,0.174,0.174,0.174,0.174,0.174,0.174,0.174,0.174,0.174,0.174,0.174,0.174,0.174,0.174,0.174,0.174,0.174,0.174,0.174,0.174,0.174,0.174,0.174,0.174,0.174,0.174,0.174,0.174,0.174,0.174,0.174,0.174,0.174,0.174,0.174,0.174
RGI60-06.00361,0.302,0.302,0.302,0.302,0.302,0.302,0.302,0.302,0.302,0.302,0.302,0.302,0.302,0.302,0.302,0.302,0.302,0.302,0.302,0.302,0.302,0.302,0.302,0.302,0.302,0.302,0.302,0.302,0.302,0.302,0.302,0.302,0.302,0.302,0.302,0.302,0.302,0.302,0.302,0.302,0.302,0.302,0.302,0.302,0.302,0.302,0.302,0.302,0.302,0.302,0.302,0.302,0.302,0.302,0.302,0.302,0.302,0.302,0.302,0.302,0.302,0.302,0.302,0.302,0.302,0.302,0.302,0.302,0.302,0.302,0.302,0.302,0.302,0.302,0.302,0.302,0.302
RGI60-06.00362,0.134,0.134,0.134,0.134,0.134,0.134,0.134,0.134,0.134,0.134,0.134,0.134,0.134,0.134,0.134,0.134,0.134,0.134,0.134,0.134,0.134,0.134,0.134,0.134,0.134,0.134,0.134,0.134,0.134,0.134,0.134,0.134,0.134,0.134,0.134,0.134,0.134,0.134,0.134,0.134,0.134,0.134,0.134,0.134,0.134,0.134,0.134,0.134,0.134,0.134,0.134,0.134,0.134,0.134,0.134,0.134,0.134,0.134,0.134,0.134,0.134,0.134,0.134,0.134,0.134,0.134,0.134,0.134,0.134,0.134,0.134,0.134,0.134,0.134,0.134,0.134,0.134
RGI60-06.00363,0.164,0.164,0.164,0.164,0.164,0.164,0.164,0.164,0.164,0.164,0.164,0.164,0.164,0.164,0.164,0.164,0.164,0.164,0.164,0.164,0.164,0.164,0.164,0.164,0.164,0.164,0.164,0.164,0.164,0.164,0.164,0.164,0.164,0.164,0.164,0.164,0.164,0.164,0.164,0.164,0.164,0.164,0.164,0.164,0.164,0.164,0.164,0.164,0.164,0.164,0.164,0.164,0.164,0.164,0.164,0.164,0.164,0.164,0.164,0.164,0.164,0.164,0.164,0.164,0.164,0.164,0.164,0.164,0.164,0.164,0.164,0.164,0.164,0.164,0.164,0.164,0.164
RGI60-06.00364,0.155,0.155,0.155,0.155,0.155,0.155,0.155,0.155,0.155,0.155,0.155,0.155,0.155,0.155,0.155,0.155,0.155,0.155,0.155,0.155,0.155,0.155,0.155,0.155,0.155,0.155,0.155,0.155,0.155,0.155,0.155,0.155,0.155,0.155,0.155,0.155,0.155,0.155,0.155,0.155,0.155,0.155,0.155,0.155,0.155,0.155,0.155,0.155,0.155,0.155,0.155,0.155,0.155,0.155,0.155,0.155,0.155,0.155,0.155,0.155,0.155,0.155,0.155,0.155,0.155,0.155,0.155,0.155,0.155,0.155,0.155,0.155,0.155,0.155,0.155,0.155,0.155
RGI60-06.00365,0.133,0.133,0.133,0.133,0.133,0.133,0.133,0.133,0.133,0.133,0.133,0.133,0.133,0.133,0.133,0.133,0.133,0.133,0.133,0.133,0.133,0.133,0.133,0.133,0.133,0.133,0.133,0.133,0.133,0.133,0.133,0.133,0.133,0.133,0.133,0.133,0.133,0.133,0.133,0.133,0.133,0.133,0.133,0.133,0.133,0.133,0.133,0.133,0.133,0.133,0.133,0.133,0.133,0.133,0.133,0.133,0.133,0.133,0.133,0.133,0.133,0.133,0.133,0.133,0.133,0.133,0.133,0.133,0.133,0.133,0.133,0.133,0.133,0.133,0.133,0.133,0.133
RGI60-06.00366,0.15,0.15,0.15,0.15,0.15,0.15,0.15,0.15,0.15,0.15,0.15,0.15,0.15,0.15,0.15,0.15,0.15,0.15,0.15,0.15,0.15,0.15,0.15,0.15,0.15,0.15,0.15,0.15,0.15,0.15,0.15,0.15,0.15,0.15,0.15,0.15,0.15,0.15,0.15,0.15,0.15,0.15,0.15,0.15,0.15,0.15,0.15,0.15,0.15,0.15,0.15,0.15,0.15,0.15,0.15,0.15,0.15,0.15,0.15,0.15,0.15,0.15,0.15,0.15,0.15,0.15,0.15,0.15,0.15,0.15,0.15,0.15,0.15,0.15,0.15,0.15,0.15
RGI60-06.00367,0.208,0.208,0.208,0.208,0.208,0.208,0.208,0.208,0.208,0.208,0.208,0.208,0.208,0.208,0.208,0.208,0.208,0.208,0.208,0.208,0.208,0.208,0.208,0.208,0.208,0.208,0.208,0.208,0.208,0.208,0.208,0.208,0.208,0.208,0.208,0.208,0.208,0.208,0.208,0.208,0.208,0.208,0.208,0.208,0.208,0.208,0.208,0.208,0.208,0.208,0.208,0.208,0.208,0.208,0.208,0.208,0.208,0.208,0.208,0.208,0.208,0.208,0.208,0.208,0.208,0.208,0.208,0.208,0.208,0.208,0.208,0.208,0.208,0.208,0.208,0.208,0.208
RGI60-06.00368,0.152,0.152,0.152,0.152,0.152,0.152,0.152,0.152,0.152,0.152,0.152,0.152,0.152,0.152,0.152,0.152,0.152,0.152,0.152,0.152,0.152,0.152,0.152,0.152,0.152,0.152,0.152,0.152,0.152,0.152,0.152,0.152,0.152,0.152,0.152,0.152,0.152,0.152,0.152,0.152,0.152,0.152,0.152,0.152,0.152,0.152,0.152,0.152,0.152,0.152,0.152,0.152,0.152,0.152,0.152,0.152,0.152,0.152,0.152,0.152,0.152,0.152,0.152,0.152,0.152,0.152,0.152,0.152,0.152,0.152,0.152,0.152,0.152,0.152,0.152,0.152,0.152
RGI60-06.00369,0.133,0.133,0.133,0.133,0.133,0.133,0.133,0.133,0.133,0.133,0.133,0.133,0.133,0.133,0.133,0.133,0.133,0.133,0.133,0.133,0.133,0.133,0.133,0.133,0.133,0.133,0.133,0.133,0.133,0.133,0.133,0.133,0.133,0.133,0.133,0.133,0.133,0.133,0.133,0.133,0.133,0.133,0.133,0.133,0.133,0.133,0.133,0.133,0.133,0.133,0.133,0.133,0.133,0.133,0.133,0.133,0.133,0.133,0.133,0.133,0.133,0.133,0.133,0.133,0.133,0.133,0.133,0.133,0.133,0.133,0.133,0.133,0.133,0.133,0.133,0.133,0.133
RGI60-06.00370,0.222,0.222,0.222,0.222,0.222,0.222,0.222,0.222,0.222,0.222,0.222,0.222,0.222,0.222,0.222,0.222,0.222,0.222,0.222,0.222,0.222,0.222,0.222,0.222,0.222,0.222,0.222,0.222,0.222,0.222,0.222,0.222,0.222,0.222,0.222,0.222,0.222,0.222,0.222,0.222,0.222,0.222,0.222,0.222,0.222,0.222,0.222,0.222,0.222,0.222,0.222,0.222,0.222,0.222,0.222,0.222,0.222,0.222,0.222,0.222,0.222,0.222,0.222,0.222,0.222,0.222,0.222,0.222,0.222,0.222,0.222,0.222,0.222,0.222,0.222,0.222,0.222
RGI60-06.00371,0.246,0.246,0.246,0.246,0.246,0.246,0.246,0.246,0.246,0.246,0.246,0.246,0.246,0.246,0.246,0.246,0.246,0.246,0.246,0.246,0.246,0.246,0.246,0.246,0.246,0.246,0.246,0.246,0.246,0.246,0.246,0.246,0.246,0.246,0.246,0.246,0.246,0.246,0.246,0.246,0.246,0.246,0.246,0.246,0.246,0.246,0.246,0.246,0.246,0.246,0.246,0.246,0.246,0.246,0.246,0.246,0.246,0.246,0.246,0.246,0.246,0.246,0.246,0.246,0.246,0.246,0.246,0.246,0.246,0.246,0.246,0.246,0.246,0.246,0.246,0.246,0.246
RGI60-06.00372,0.194,0.194,0.194,0.194,0.194,0.194,0.194,0.194,0.194,0.194,0.194,0.194,0.194,0.194,0.194,0.194,0.194,0.194,0.194,0.194,0.194,0.194,0.194,0.194,0.194,0.194,0.194,0.194,0.194,0.194,0.194,0.194,0.194,0.194,0.194,0.194,0.194,0.194,0.194,0.194,0.194,0.194,0.194,0.194,0.194,0.194,0.194,0.194,0.194,0.194,0.194,0.194,0.194,0.194,0.194,0.194,0.194,0.194,0.194,0.194,0.194,0.194,0.194,0.194,0.194,0.194,0.194,0.194,0.194,0.194,0.194,0.194,0.194,0.194,0.194,0.194,0.194
RGI60-06.00373,0.194,0.194,0.194,0.194,0.194,0.194,0.194,0.194,0.194,0.194,0.194,0.194,0.194,0.194,0.194,0.194,0.194,0.194,0.194,0.194,0.194,0.194,0.194,0.194,0.194,0.194,0.194,0.194,0.194,0.194,0.194,0.194,0.194,0.194,0.194,0.194,0.194,0.194,0.194,0.194,0.194,0.194,0.194,0.194,0.194,0.194,0.194,0.194,0.194,0.194,0.194,0.194,0.194,0.194,0.194,0.194,0.194,0.194,0.194,0.194,0.194,0.194,0.194,0.194,0.194,0.194,0.194,0.194,0.194,0.194,0.194,0.194,0.194,0.194,0.194,0.194,0.194
RGI60-06.00374,0.166,0.166,0.166,0.166,0.166,0.166,0.166,0.166,0.166,0.166,0.166,0.166,0.166,0.166,0.166,0.166,0.166,0.166,0.166,0.166,0.166,0.166,0.166,0.166,0.166,0.166,0.166,0.166,0.166,0.166,0.166,0.166,0.166,0.166,0.166,0.166,0.166,0.166,0.166,0.166,0.166,0.166,0.166,0.166,0.166,0.166,0.166,0.166,0.166,0.166,0.166,0.166,0.166,0.166,0.166,0.166,0.166,0.166,0.166,0.166,0.166,0.166,0.166,0.166,0.166,0.166,0.166,0.166,0.166,0.166,0.166,0.166,0.166,0.166,0.166,0.166,0.166
RGI60-06.00375,0.198,0.198,0.198,0.198,0.198,0.198,0.198,0.198,0.198,0.198,0.198,0.198,0.198,0.198,0.198,0.198,0.198,0.198,0.198,0.198,0.198,0.198,0.198,0.198,0.198,0.198,0.198,0.198,0.198,0.198,0.198,0.198,0.198,0.198,0.198,0.198,0.198,0.198,0.198,0.198,0.198,0.198,0.198,0.198,0.198,0.198,0.198,0.198,0.198,0.198,0.198,0.198,0.198,0.198,0.198,0.198,0.198,0.198,0.198,0.198,0.198,0.198,0.198,0.198,0.198,0.198,0.198,0.198,0.198,0.198,0.198,0.198,0.198,0.198,0.198,0.198,0.198
RGI60-06.00376,0.314,0.314,0.314,0.314,0.314,0.314,0.314,0.314,0.314,0.314,0.314,0.314,0.314,0.314,0.314,0.314,0.314,0.314,0.314,0.314,0.314,0.314,0.314,0.314,0.314,0.314,0.314,0.314,0.314,0.314,0.314,0.314,0.314,0.314,0.314,0.314,0.314,0.314,0.314,0.314,0.314,0.314,0.314,0.314,0.314,0.314,0.314,0.314,0.314,0.314,0.314,0.314,0.314,0.314,0.314,0.314,0.314,0.314,0.314,0.314,0.314,0.314,0.314,0.314,0.314,0.314,0.314,0.314,0.314,0.314,0.314,0.314,0.314,0.314,0.314,0.314,0.314
RGI60-06.00377,0.05,0.05,0.05,0.05,0.05,0.05,0.05,0.05,0.05,0.05,0.05,0.05,0.05,0.05,0.05,0.05,0.05,0.05,0.05,0.05,0.05,0.05,0.05,0.05,0.05,0.05,0.05,0.05,0.05,0.05,0.05,0.05,0.05,0.05,0.05,0.05,0.05,0.05,0.05,0.05,0.05,0.05,0.05,0.05,0.05,0.05,0.05,0.05,0.05,0.05,0.05,0.05,0.05,0.05,0.05,0.05,0.05,0.05,0.05,0.05,0.05,0.05,0.05,0.05,0.05,0.05,0.05,0.05,0.05,0.05,0.05,0.05,0.05,0.05,0.05,0.05,0.05
RGI60-06.00378,0.155,0.155,0.155,0.155,0.155,0.155,0.155,0.155,0.155,0.155,0.155,0.155,0.155,0.155,0.155,0.155,0.155,0.155,0.155,0.155,0.155,0.155,0.155,0.155,0.155,0.155,0.155,0.155,0.155,0.155,0.155,0.155,0.155,0.155,0.155,0.155,0.155,0.155,0.155,0.155,0.155,0.155,0.155,0.155,0.155,0.155,0.155,0.155,0.155,0.155,0.155,0.155,0.155,0.155,0.155,0.155,0.155,0.155,0.155,0.155,0.155,0.155,0.155,0.155,0.155,0.155,0.155,0.155,0.155,0.155,0.155,0.155,0.155,0.155,0.155,0.155,0.155
RGI60-06.00379,0.171,0.171,0.171,0.171,0.171,0.171,0.171,0.171,0.171,0.171,0.171,0.171,0.171,0.171,0.171,0.171,0.171,0.171,0.171,0.171,0.171,0.171,0.171,0.171,0.171,0.171,0.171,0.171,0.171,0.171,0.171,0.171,0.171,0.171,0.171,0.171,0.171,0.171,0.171,0.171,0.171,0.171,0.171,0.171,0.171,0.171,0.171,0.171,0.171,0.171,0.171,0.171,0.171,0.171,0.171,0.171,0.171,0.171,0.171,0.171,0.171,0.171,0.171,0.171,0.171,0.171,0.171,0.171,0.171,0.171,0.171,0.171,0.171,0.171,0.171,0.171,0.171
RGI60-06.00380,0.147,0.147,0.147,0.147,0.147,0.147,0.147,0.147,0.147,0.147,0.147,0.147,0.147,0.147,0.147,0.147,0.147,0.147,0.147,0.147,0.147,0.147,0.147,0.147,0.147,0.147,0.147,0.147,0.147,0.147,0.147,0.147,0.147,0.147,0.147,0.147,0.147,0.147,0.147,0.147,0.147,0.147,0.147,0.147,0.147,0.147,0.147,0.147,0.147,0.147,0.147,0.147,0.147,0.147,0.147,0.147,0.147,0.147,0.147,0.147,0.147,0.147,0.147,0.147,0.147,0.147,0.147,0.147,0.147,0.147,0.147,0.147,0.147,0.147,0.147,0.147,0.147
RGI60-06.00381,0.258,0.258,0.258,0.258,0.258,0.258,0.258,0.258,0.258,0.258,0.258,0.258,0.258,0.258,0.258,0.258,0.258,0.258,0.258,0.258,0.258,0.258,0.258,0.258,0.258,0.258,0.258,0.258,0.258,0.258,0.258,0.258,0.258,0.258,0.258,0.258,0.258,0.258,0.258,0.258,0.258,0.258,0.258,0.258,0.258,0.258,0.258,0.258,0.258,0.258,0.258,0.258,0.258,0.258,0.258,0.258,0.258,0.258,0.258,0.258,0.258,0.258,0.258,0.258,0.258,0.258,0.258,0.258,0.258,0.258,0.258,0.258,0.258,0.258,0.258,0.258,0.258
RGI60-06.00382,0.171,0.171,0.171,0.171,0.171,0.171,0.171,0.171,0.171,0.171,0.171,0.171,0.171,0.171,0.171,0.171,0.171,0.171,0.171,0.171,0.171,0.171,0.171,0.171,0.171,0.171,0.171,0.171,0.171,0.171,0.171,0.171,0.171,0.171,0.171,0.171,0.171,0.171,0.171,0.171,0.171,0.171,0.171,0.171,0.171,0.171,0.171,0.171,0.171,0.171,0.171,0.171,0.171,0.171,0.171,0.171,0.171,0.171,0.171,0.171,0.171,0.171,0.171,0.171,0.171,0.171,0.171,0.171,0.171,0.171,0.171,0.171,0.171,0.171,0.171,0.171,0.171
RGI60-06.00383,0.163,0.163,0.163,0.163,0.163,0.163,0.163,0.163,0.163,0.163,0.163,0.163,0.163,0.163,0.163,0.163,0.163,0.163,0.163,0.163,0.163,0.163,0.163,0.163,0.163,0.163,0.163,0.163,0.163,0.163,0.163,0.163,0.163,0.163,0.163,0.163,0.163,0.163,0.163,0.163,0.163,0.163,0.163,0.163,0.163,0.163,0.163,0.163,0.163,0.163,0.163,0.163,0.163,0.163,0.163,0.163,0.163,0.163,0.163,0.163,0.163,0.163,0.163,0.163,0.163,0.163,0.163,0.163,0.163,0.163,0.163,0.163,0.163,0.163,0.163,0.163,0.163
RGI60-06.00384,0.18,0.18,0.18,0.18,0.18,0.18,0.18,0.18,0.18,0.18,0.18,0.18,0.18,0.18,0.18,0.18,0.18,0.18,0.18,0.18,0.18,0.18,0.18,0.18,0.18,0.18,0.18,0.18,0.18,0.18,0.18,0.18,0.18,0.18,0.18,0.18,0.18,0.18,0.18,0.18,0.18,0.18,0.18,0.18,0.18,0.18,0.18,0.18,0.18,0.18,0.18,0.18,0.18,0.18,0.18,0.18,0.18,0.18,0.18,0.18,0.18,0.18,0.18,0.18,0.18,0.18,0.18,0.18,0.18,0.18,0.18,0.18,0.18,0.18,0.18,0.18,0.18
RGI60-06.00385,0.167,0.167,0.167,0.167,0.167,0.167,0.167,0.167,0.167,0.167,0.167,0.167,0.167,0.167,0.167,0.167,0.167,0.167,0.167,0.167,0.167,0.167,0.167,0.167,0.167,0.167,0.167,0.167,0.167,0.167,0.167,0.167,0.167,0.167,0.167,0.167,0.167,0.167,0.167,0.167,0.167,0.167,0.167,0.167,0.167,0.167,0.167,0.167,0.167,0.167,0.167,0.167,0.167,0.167,0.167,0.167,0.167,0.167,0.167,0.167,0.167,0.167,0.167,0.167,0.167,0.167,0.167,0.167,0.167,0.167,0.167,0.167,0.167,0.167,0.167,0.167,0.167
RGI60-06.00386,0.205,0.205,0.205,0.205,0.205,0.205,0.205,0.205,0.205,0.205,0.205,0.205,0.205,0.205,0.205,0.205,0.205,0.205,0.205,0.205,0.205,0.205,0.205,0.205,0.205,0.205,0.205,0.205,0.205,0.205,0.205,0.205,0.205,0.205,0.205,0.205,0.205,0.205,0.205,0.205,0.205,0.205,0.205,0.205,0.205,0.205,0.205,0.205,0.205,0.205,0.205,0.205,0.205,0.205,0.205,0.205,0.205,0.205,0.205,0.205,0.205,0.205,0.205,0.205,0.205,0.205,0.205,0.205,0.205,0.205,0.205,0.205,0.205,0.205,0.205,0.205,0.205
RGI60-06.00387,0.205,0.205,0.205,0.205,0.205,0.205,0.205,0.205,0.205,0.205,0.205,0.205,0.205,0.205,0.205,0.205,0.205,0.205,0.205,0.205,0.205,0.205,0.205,0.205,0.205,0.205,0.205,0.205,0.205,0.205,0.205,0.205,0.205,0.205,0.205,0.205,0.205,0.205,0.205,0.205,0.205,0.205,0.205,0.205,0.205,0.205,0.205,0.205,0.205,0.205,0.205,0.205,0.205,0.205,0.205,0.205,0.205,0.205,0.205,0.205,0.205,0.205,0.205,0.205,0.205,0.205,0.205,0.205,0.205,0.205,0.205,0.205,0.205,0.205,0.205,0.205,0.205
RGI60-06.00388,0.153,0.153,0.153,0.153,0.153,0.153,0.153,0.153,0.153,0.153,0.153,0.153,0.153,0.153,0.153,0.153,0.153,0.153,0.153,0.153,0.153,0.153,0.153,0.153,0.153,0.153,0.153,0.153,0.153,0.153,0.153,0.153,0.153,0.153,0.153,0.153,0.153,0.153,0.153,0.153,0.153,0.153,0.153,0.153,0.153,0.153,0.153,0.153,0.153,0.153,0.153,0.153,0.153,0.153,0.153,0.153,0.153,0.153,0.153,0.153,0.153,0.153,0.153,0.153,0.153,0.153,0.153,0.153,0.153,0.153,0.153,0.153,0.153,0.153,0.153,0.153,0.153
RGI60-06.00389,0.16,0.16,0.16,0.16,0.16,0.16,0.16,0.16,0.16,0.16,0.16,0.16,0.16,0.16,0.16,0.16,0.16,0.16,0.16,0.16,0.16,0.16,0.16,0.16,0.16,0.16,0.16,0.16,0.16,0.16,0.16,0.16,0.16,0.16,0.16,0.16,0.16,0.16,0.16,0.16,0.16,0.16,0.16,0.16,0.16,0.16,0.16,0.16,0.16,0.16,0.16,0.16,0.16,0.16,0.16,0.16,0.16,0.16,0.16,0.16,0.16,0.16,0.16,0.16,0.16,0.16,0.16,0.16,0.16,0.16,0.16,0.16,0.16,0.16,0.16,0.16,0.16
RGI60-06.00390,0.214,0.214,0.214,0.214,0.214,0.214,0.214,0.214,0.214,0.214,0.214,0.214,0.214,0.214,0.214,0.214,0.214,0.214,0.214,0.214,0.214,0.214,0.214,0.214,0.214,0.214,0.214,0.214,0.214,0.214,0.214,0.214,0.214,0.214,0.214,0.214,0.214,0.214,0.214,0.214,0.214,0.214,0.214,0.214,0.214,0.214,0.214,0.214,0.214,0.214,0.214,0.214,0.214,0.214,0.214,0.214,0.214,0.214,0.214,0.214,0.214,0.214,0.214,0.214,0.214,0.214,0.214,0.214,0.214,0.214,0.214,0.214,0.214,0.214,0.214,0.214,0.214
RGI60-06.00391,0.201,0.201,0.201,0.201,0.201,0.201,0.201,0.201,0.201,0.201,0.201,0.201,0.201,0.201,0.201,0.201,0.201,0.201,0.201,0.201,0.201,0.201,0.201,0.201,0.201,0.201,0.201,0.201,0.201,0.201,0.201,0.201,0.201,0.201,0.201,0.201,0.201,0.201,0.201,0.201,0.201,0.201,0.201,0.201,0.201,0.201,0.201,0.201,0.201,0.201,0.201,0.201,0.201,0.201,0.201,0.201,0.201,0.201,0.201,0.201,0.201,0.201,0.201,0.201,0.201,0.201,0.201,0.201,0.201,0.201,0.201,0.201,0.201,0.201,0.201,0.201,0.201
RGI60-06.00392,0.196,0.196,0.196,0.196,0.196,0.196,0.196,0.196,0.196,0.196,0.196,0.196,0.196,0.196,0.196,0.196,0.196,0.196,0.196,0.196,0.196,0.196,0.196,0.196,0.196,0.196,0.196,0.196,0.196,0.196,0.196,0.196,0.196,0.196,0.196,0.196,0.196,0.196,0.196,0.196,0.196,0.196,0.196,0.196,0.196,0.196,0.196,0.196,0.196,0.196,0.196,0.196,0.196,0.196,0.196,0.196,0.196,0.196,0.196,0.196,0.196,0.196,0.196,0.196,0.196,0.196,0.196,0.196,0.196,0.196,0.196,0.196,0.196,0.196,0.196,0.196,0.196
RGI60-06.00393,0.187,0.187,0.187,0.187,0.187,0.187,0.187,0.187,0.187,0.187,0.187,0.187,0.187,0.187,0.187,0.187,0.187,0.187,0.187,0.187,0.187,0.187,0.187,0.187,0.187,0.187,0.187,0.187,0.187,0.187,0.187,0.187,0.187,0.187,0.187,0.187,0.187,0.187,0.187,0.187,0.187,0.187,0.187,0.187,0.187,0.187,0.187,0.187,0.187,0.187,0.187,0.187,0.187,0.187,0.187,0.187,0.187,0.187,0.187,0.187,0.187,0.187,0.187,0.187,0.187,0.187,0.187,0.187,0.187,0.187,0.187,0.187,0.187,0.187,0.187,0.187,0.187
RGI60-06.00394,0.187,0.187,0.187,0.187,0.187,0.187,0.187,0.187,0.187,0.187,0.187,0.187,0.187,0.187,0.187,0.187,0.187,0.187,0.187,0.187,0.187,0.187,0.187,0.187,0.187,0.187,0.187,0.187,0.187,0.187,0.187,0.187,0.187,0.187,0.187,0.187,0.187,0.187,0.187,0.187,0.187,0.187,0.187,0.187,0.187,0.187,0.187,0.187,0.187,0.187,0.187,0.187,0.187,0.187,0.187,0.187,0.187,0.187,0.187,0.187,0.187,0.187,0.187,0.187,0.187,0.187,0.187,0.187,0.187,0.187,0.187,0.187,0.187,0.187,0.187,0.187,0.187
RGI60-06.00395,0.176,0.176,0.176,0.176,0.176,0.176,0.176,0.176,0.176,0.176,0.176,0.176,0.176,0.176,0.176,0.176,0.176,0.176,0.176,0.176,0.176,0.176,0.176,0.176,0.176,0.176,0.176,0.176,0.176,0.176,0.176,0.176,0.176,0.176,0.176,0.176,0.176,0.176,0.176,0.176,0.176,0.176,0.176,0.176,0.176,0.176,0.176,0.176,0.176,0.176,0.176,0.176,0.176,0.176,0.176,0.176,0.176,0.176,0.176,0.176,0.176,0.176,0.176,0.176,0.176,0.176,0.176,0.176,0.176,0.176,0.176,0.176,0.176,0.176,0.176,0.176,0.176
RGI60-06.00396,0.177,0.177,0.177,0.177,0.177,0.177,0.177,0.177,0.177,0.177,0.177,0.177,0.177,0.177,0.177,0.177,0.177,0.177,0.177,0.177,0.177,0.177,0.177,0.177,0.177,0.177,0.177,0.177,0.177,0.177,0.177,0.177,0.177,0.177,0.177,0.177,0.177,0.177,0.177,0.177,0.177,0.177,0.177,0.177,0.177,0.177,0.177,0.177,0.177,0.177,0.177,0.177,0.177,0.177,0.177,0.177,0.177,0.177,0.177,0.177,0.177,0.177,0.177,0.177,0.177,0.177,0.177,0.177,0.177,0.177,0.177,0.177,0.177,0.177,0.177,0.177,0.177
RGI60-06.00397,0.17,0.17,0.17,0.17,0.17,0.17,0.17,0.17,0.17,0.17,0.17,0.17,0.17,0.17,0.17,0.17,0.17,0.17,0.17,0.17,0.17,0.17,0.17,0.17,0.17,0.17,0.17,0.17,0.17,0.17,0.17,0.17,0.17,0.17,0.17,0.17,0.17,0.17,0.17,0.17,0.17,0.17,0.17,0.17,0.17,0.17,0.17,0.17,0.17,0.17,0.17,0.17,0.17,0.17,0.17,0.17,0.17,0.17,0.17,0.17,0.17,0.17,0.17,0.17,0.17,0.17,0.17,0.17,0.17,0.17,0.17,0.17,0.17,0.17,0.17,0.17,0.17
RGI60-06.00398,0.217,0.217,0.217,0.217,0.217,0.217,0.217,0.217,0.217,0.217,0.217,0.217,0.217,0.217,0.217,0.217,0.217,0.217,0.217,0.217,0.217,0.217,0.217,0.217,0.217,0.217,0.217,0.217,0.217,0.217,0.217,0.217,0.217,0.217,0.217,0.217,0.217,0.217,0.217,0.217,0.217,0.217,0.217,0.217,0.217,0.217,0.217,0.217,0.217,0.217,0.217,0.217,0.217,0.217,0.217,0.217,0.217,0.217,0.217,0.217,0.217,0.217,0.217,0.217,0.217,0.217,0.217,0.217,0.217,0.217,0.217,0.217,0.217,0.217,0.217,0.217,0.217
RGI60-06.00399,0.191,0.191,0.191,0.191,0.191,0.191,0.191,0.191,0.191,0.191,0.191,0.191,0.191,0.191,0.191,0.191,0.191,0.191,0.191,0.191,0.191,0.191,0.191,0.191,0.191,0.191,0.191,0.191,0.191,0.191,0.191,0.191,0.191,0.191,0.191,0.191,0.191,0.191,0.191,0.191,0.191,0.191,0.191,0.191,0.191,0.191,0.191,0.191,0.191,0.191,0.191,0.191,0.191,0.191,0.191,0.191,0.191,0.191,0.191,0.191,0.191,0.191,0.191,0.191,0.191,0.191,0.191,0.191,0.191,0.191,0.191,0.191,0.191,0.191,0.191,0.191,0.191
RGI60-06.00400,0.196,0.196,0.196,0.196,0.196,0.196,0.196,0.196,0.196,0.196,0.196,0.196,0.196,0.196,0.196,0.196,0.196,0.196,0.196,0.196,0.196,0.196,0.196,0.196,0.196,0.196,0.196,0.196,0.196,0.196,0.196,0.196,0.196,0.196,0.196,0.196,0.196,0.196,0.196,0.196,0.196,0.196,0.196,0.196,0.196,0.196,0.196,0.196,0.196,0.196,0.196,0.196,0.196,0.196,0.196,0.196,0.196,0.196,0.196,0.196,0.196,0.196,0.196,0.196,0.196,0.196,0.196,0.196,0.196,0.196,0.196,0.196,0.196,0.196,0.196,0.196,0.196
RGI60-06.00401,0.323,0.323,0.323,0.323,0.323,0.323,0.323,0.323,0.323,0.323,0.323,0.323,0.323,0.323,0.323,0.323,0.323,0.323,0.323,0.323,0.323,0.323,0.323,0.323,0.323,0.323,0.323,0.323,0.323,0.323,0.323,0.323,0.323,0.323,0.323,0.323,0.323,0.323,0.323,0.323,0.323,0.323,0.323,0.323,0.323,0.323,0.323,0.323,0.323,0.323,0.323,0.323,0.323,0.323,0.323,0.323,0.323,0.323,0.323,0.323,0.323,0.323,0.323,0.323,0.323,0.323,0.323,0.323,0.323,0.323,0.323,0.323,0.323,0.323,0.323,0.323,0.323
RGI60-06.00402,0.2,0.2,0.2,0.2,0.2,0.2,0.2,0.2,0.2,0.2,0.2,0.2,0.2,0.2,0.2,0.2,0.2,0.2,0.2,0.2,0.2,0.2,0.2,0.2,0.2,0.2,0.2,0.2,0.2,0.2,0.2,0.2,0.2,0.2,0.2,0.2,0.2,0.2,0.2,0.2,0.2,0.2,0.2,0.2,0.2,0.2,0.2,0.2,0.2,0.2,0.2,0.2,0.2,0.2,0.2,0.2,0.2,0.2,0.2,0.2,0.2,0.2,0.2,0.2,0.2,0.2,0.2,0.2,0.2,0.2,0.2,0.2,0.2,0.2,0.2,0.2,0.2
RGI60-06.00403,0.151,0.151,0.151,0.151,0.151,0.151,0.151,0.151,0.151,0.151,0.151,0.151,0.151,0.151,0.151,0.151,0.151,0.151,0.151,0.151,0.151,0.151,0.151,0.151,0.151,0.151,0.151,0.151,0.151,0.151,0.151,0.151,0.151,0.151,0.151,0.151,0.151,0.151,0.151,0.151,0.151,0.151,0.151,0.151,0.151,0.151,0.151,0.151,0.151,0.151,0.151,0.151,0.151,0.151,0.151,0.151,0.151,0.151,0.151,0.151,0.151,0.151,0.151,0.151,0.151,0.151,0.151,0.151,0.151,0.151,0.151,0.151,0.151,0.151,0.151,0.151,0.151
RGI60-06.00404,0.166,0.166,0.166,0.166,0.166,0.166,0.166,0.166,0.166,0.166,0.166,0.166,0.166,0.166,0.166,0.166,0.166,0.166,0.166,0.166,0.166,0.166,0.166,0.166,0.166,0.166,0.166,0.166,0.166,0.166,0.166,0.166,0.166,0.166,0.166,0.166,0.166,0.166,0.166,0.166,0.166,0.166,0.166,0.166,0.166,0.166,0.166,0.166,0.166,0.166,0.166,0.166,0.166,0.166,0.166,0.166,0.166,0.166,0.166,0.166,0.166,0.166,0.166,0.166,0.166,0.166,0.166,0.166,0.166,0.166,0.166,0.166,0.166,0.166,0.166,0.166,0.166
RGI60-06.00405,0.225,0.225,0.225,0.225,0.225,0.225,0.225,0.225,0.225,0.225,0.225,0.225,0.225,0.225,0.225,0.225,0.225,0.225,0.225,0.225,0.225,0.225,0.225,0.225,0.225,0.225,0.225,0.225,0.225,0.225,0.225,0.225,0.225,0.225,0.225,0.225,0.225,0.225,0.225,0.225,0.225,0.225,0.225,0.225,0.225,0.225,0.225,0.225,0.225,0.225,0.225,0.225,0.225,0.225,0.225,0.225,0.225,0.225,0.225,0.225,0.225,0.225,0.225,0.225,0.225,0.225,0.225,0.225,0.225,0.225,0.225,0.225,0.225,0.225,0.225,0.225,0.225
RGI60-06.00406,0.136,0.136,0.136,0.136,0.136,0.136,0.136,0.136,0.136,0.136,0.136,0.136,0.136,0.136,0.136,0.136,0.136,0.136,0.136,0.136,0.136,0.136,0.136,0.136,0.136,0.136,0.136,0.136,0.136,0.136,0.136,0.136,0.136,0.136,0.136,0.136,0.136,0.136,0.136,0.136,0.136,0.136,0.136,0.136,0.136,0.136,0.136,0.136,0.136,0.136,0.136,0.136,0.136,0.136,0.136,0.136,0.136,0.136,0.136,0.136,0.136,0.136,0.136,0.136,0.136,0.136,0.136,0.136,0.136,0.136,0.136,0.136,0.136,0.136,0.136,0.136,0.136
RGI60-06.00407,0.049,0.049,0.049,0.049,0.049,0.049,0.049,0.049,0.049,0.049,0.049,0.049,0.049,0.049,0.049,0.049,0.049,0.049,0.049,0.049,0.049,0.049,0.049,0.049,0.049,0.049,0.049,0.049,0.049,0.049,0.049,0.049,0.049,0.049,0.049,0.049,0.049,0.049,0.049,0.049,0.049,0.049,0.049,0.049,0.049,0.049,0.049,0.049,0.049,0.049,0.049,0.049,0.049,0.049,0.049,0.049,0.049,0.049,0.049,0.049,0.049,0.049,0.049,0.049,0.049,0.049,0.049,0.049,0.049,0.049,0.049,0.049,0.049,0.049,0.049,0.049,0.049
RGI60-06.00408,0.103,0.103,0.103,0.103,0.103,0.103,0.103,0.103,0.103,0.103,0.103,0.103,0.103,0.103,0.103,0.103,0.103,0.103,0.103,0.103,0.103,0.103,0.103,0.103,0.103,0.103,0.103,0.103,0.103,0.103,0.103,0.103,0.103,0.103,0.103,0.103,0.103,0.103,0.103,0.103,0.103,0.103,0.103,0.103,0.103,0.103,0.103,0.103,0.103,0.103,0.103,0.103,0.103,0.103,0.103,0.103,0.103,0.103,0.103,0.103,0.103,0.103,0.103,0.103,0.103,0.103,0.103,0.103,0.103,0.103,0.103,0.103,0.103,0.103,0.103,0.103,0.103
RGI60-06.00409,0.092,0.092,0.092,0.092,0.092,0.092,0.092,0.092,0.092,0.092,0.092,0.092,0.092,0.092,0.092,0.092,0.092,0.092,0.092,0.092,0.092,0.092,0.092,0.092,0.092,0.092,0.092,0.092,0.092,0.092,0.092,0.092,0.092,0.092,0.092,0.092,0.092,0.092,0.092,0.092,0.092,0.092,0.092,0.092,0.092,0.092,0.092,0.092,0.092,0.092,0.092,0.092,0.092,0.092,0.092,0.092,0.092,0.092,0.092,0.092,0.092,0.092,0.092,0.092,0.092,0.092,0.092,0.092,0.092,0.092,0.092,0.092,0.092,0.092,0.092,0.092,0.092
RGI60-06.00410,0.094,0.094,0.094,0.094,0.094,0.094,0.094,0.094,0.094,0.094,0.094,0.094,0.094,0.094,0.094,0.094,0.094,0.094,0.094,0.094,0.094,0.094,0.094,0.094,0.094,0.094,0.094,0.094,0.094,0.094,0.094,0.094,0.094,0.094,0.094,0.094,0.094,0.094,0.094,0.094,0.094,0.094,0.094,0.094,0.094,0.094,0.094,0.094,0.094,0.094,0.094,0.094,0.094,0.094,0.094,0.094,0.094,0.094,0.094,0.094,0.094,0.094,0.094,0.094,0.094,0.094,0.094,0.094,0.094,0.094,0.094,0.094,0.094,0.094,0.094,0.094,0.094
RGI60-06.00411,0.11,0.11,0.11,0.11,0.11,0.11,0.11,0.11,0.11,0.11,0.11,0.11,0.11,0.11,0.11,0.11,0.11,0.11,0.11,0.11,0.11,0.11,0.11,0.11,0.11,0.11,0.11,0.11,0.11,0.11,0.11,0.11,0.11,0.11,0.11,0.11,0.11,0.11,0.11,0.11,0.11,0.11,0.11,0.11,0.11,0.11,0.11,0.11,0.11,0.11,0.11,0.11,0.11,0.11,0.11,0.11,0.11,0.11,0.11,0.11,0.11,0.11,0.11,0.11,0.11,0.11,0.11,0.11,0.11,0.11,0.11,0.11,0.11,0.11,0.11,0.11,0.11
RGI60-06.00412,0.109,0.109,0.109,0.109,0.109,0.109,0.109,0.109,0.109,0.109,0.109,0.109,0.109,0.109,0.109,0.109,0.109,0.109,0.109,0.109,0.109,0.109,0.109,0.109,0.109,0.109,0.109,0.109,0.109,0.109,0.109,0.109,0.109,0.109,0.109,0.109,0.109,0.109,0.109,0.109,0.109,0.109,0.109,0.109,0.109,0.109,0.109,0.109,0.109,0.109,0.109,0.109,0.109,0.109,0.109,0.109,0.109,0.109,0.109,0.109,0.109,0.109,0.109,0.109,0.109,0.109,0.109,0.109,0.109,0.109,0.109,0.109,0.109,0.109,0.109,0.109,0.109
RGI60-06.00413,0.117,0.117,0.117,0.117,0.117,0.117,0.117,0.117,0.117,0.117,0.117,0.117,0.117,0.117,0.117,0.117,0.117,0.117,0.117,0.117,0.117,0.117,0.117,0.117,0.117,0.117,0.117,0.117,0.117,0.117,0.117,0.117,0.117,0.117,0.117,0.117,0.117,0.117,0.117,0.117,0.117,0.117,0.117,0.117,0.117,0.117,0.117,0.117,0.117,0.117,0.117,0.117,0.117,0.117,0.117,0.117,0.117,0.117,0.117,0.117,0.117,0.117,0.117,0.117,0.117,0.117,0.117,0.117,0.117,0.117,0.117,0.117,0.117,0.117,0.117,0.117,0.117
RGI60-06.00414,0.113,0.113,0.113,0.113,0.113,0.113,0.113,0.113,0.113,0.113,0.113,0.113,0.113,0.113,0.113,0.113,0.113,0.113,0.113,0.113,0.113,0.113,0.113,0.113,0.113,0.113,0.113,0.113,0.113,0.113,0.113,0.113,0.113,0.113,0.113,0.113,0.113,0.113,0.113,0.113,0.113,0.113,0.113,0.113,0.113,0.113,0.113,0.113,0.113,0.113,0.113,0.113,0.113,0.113,0.113,0.113,0.113,0.113,0.113,0.113,0.113,0.113,0.113,0.113,0.113,0.113,0.113,0.113,0.113,0.113,0.113,0.113,0.113,0.113,0.113,0.113,0.113
RGI60-06.00415,0.114,0.114,0.114,0.114,0.114,0.114,0.114,0.114,0.114,0.114,0.114,0.114,0.114,0.114,0.114,0.114,0.114,0.114,0.114,0.114,0.114,0.114,0.114,0.114,0.114,0.114,0.114,0.114,0.114,0.114,0.114,0.114,0.114,0.114,0.114,0.114,0.114,0.114,0.114,0.114,0.114,0.114,0.114,0.114,0.114,0.114,0.114,0.114,0.114,0.114,0.114,0.114,0.114,0.114,0.114,0.114,0.114,0.114,0.114,0.114,0.114,0.114,0.114,0.114,0.114,0.114,0.114,0.114,0.114,0.114,0.114,0.114,0.114,0.114,0.114,0.114,0.114
RGI60-06.00416,0.057,0.057,0.057,0.057,0.057,0.057,0.057,0.057,0.057,0.057,0.057,0.057,0.057,0.057,0.057,0.057,0.057,0.057,0.057,0.057,0.057,0.057,0.057,0.057,0.057,0.057,0.057,0.057,0.057,0.057,0.057,0.057,0.057,0.057,0.057,0.057,0.057,0.057,0.057,0.057,0.057,0.057,0.057,0.057,0.057,0.057,0.057,0.057,0.057,0.057,0.057,0.057,0.057,0.057,0.057,0.057,0.057,0.057,0.057,0.057,0.057,0.057,0.057,0.057,0.057,0.057,0.057,0.057,0.057,0.057,0.057,0.057,0.057,0.057,0.057,0.057,0.057
RGI60-06.00417,0.204,0.204,0.204,0.204,0.204,0.204,0.204,0.204,0.204,0.204,0.204,0.204,0.204,0.204,0.204,0.204,0.204,0.204,0.204,0.204,0.204,0.204,0.204,0.204,0.204,0.204,0.204,0.204,0.204,0.204,0.204,0.204,0.204,0.204,0.204,0.204,0.204,0.204,0.204,0.204,0.204,0.204,0.204,0.204,0.204,0.204,0.204,0.204,0.204,0.204,0.204,0.204,0.204,0.204,0.204,0.204,0.204,0.204,0.204,0.204,0.204,0.204,0.204,0.204,0.204,0.204,0.204,0.204,0.204,0.204,0.204,0.204,0.204,0.204,0.204,0.204,0.204
RGI60-06.00418,0.125,0.125,0.125,0.125,0.125,0.125,0.125,0.125,0.125,0.125,0.125,0.125,0.125,0.125,0.125,0.125,0.125,0.125,0.125,0.125,0.125,0.125,0.125,0.125,0.125,0.125,0.125,0.125,0.125,0.125,0.125,0.125,0.125,0.125,0.125,0.125,0.125,0.125,0.125,0.125,0.125,0.125,0.125,0.125,0.125,0.125,0.125,0.125,0.125,0.125,0.125,0.125,0.125,0.125,0.125,0.125,0.125,0.125,0.125,0.125,0.125,0.125,0.125,0.125,0.125,0.125,0.125,0.125,0.125,0.125,0.125,0.125,0.125,0.125,0.125,0.125,0.125
RGI60-06.00419,0.19,0.19,0.19,0.19,0.19,0.19,0.19,0.19,0.19,0.19,0.19,0.19,0.19,0.19,0.19,0.19,0.19,0.19,0.19,0.19,0.19,0.19,0.19,0.19,0.19,0.19,0.19,0.19,0.19,0.19,0.19,0.19,0.19,0.19,0.19,0.19,0.19,0.19,0.19,0.19,0.19,0.19,0.19,0.19,0.19,0.19,0.19,0.19,0.19,0.19,0.19,0.19,0.19,0.19,0.19,0.19,0.19,0.19,0.19,0.19,0.19,0.19,0.19,0.19,0.19,0.19,0.19,0.19,0.19,0.19,0.19,0.19,0.19,0.19,0.19,0.19,0.19
RGI60-06.00420,0.158,0.158,0.158,0.158,0.158,0.158,0.158,0.158,0.158,0.158,0.158,0.158,0.158,0.158,0.158,0.158,0.158,0.158,0.158,0.158,0.158,0.158,0.158,0.158,0.158,0.158,0.158,0.158,0.158,0.158,0.158,0.158,0.158,0.158,0.158,0.158,0.158,0.158,0.158,0.158,0.158,0.158,0.158,0.158,0.158,0.158,0.158,0.158,0.158,0.158,0.158,0.158,0.158,0.158,0.158,0.158,0.158,0.158,0.158,0.158,0.158,0.158,0.158,0.158,0.158,0.158,0.158,0.158,0.158,0.158,0.158,0.158,0.158,0.158,0.158,0.158,0.158
RGI60-06.00421,0.122,0.122,0.122,0.122,0.122,0.122,0.122,0.122,0.122,0.122,0.122,0.122,0.122,0.122,0.122,0.122,0.122,0.122,0.122,0.122,0.122,0.122,0.122,0.122,0.122,0.122,0.122,0.122,0.122,0.122,0.122,0.122,0.122,0.122,0.122,0.122,0.122,0.122,0.122,0.122,0.122,0.122,0.122,0.122,0.122,0.122,0.122,0.122,0.122,0.122,0.122,0.122,0.122,0.122,0.122,0.122,0.122,0.122,0.122,0.122,0.122,0.122,0.122,0.122,0.122,0.122,0.122,0.122,0.122,0.122,0.122,0.122,0.122,0.122,0.122,0.122,0.122
RGI60-06.00422,0.128,0.128,0.128,0.128,0.128,0.128,0.128,0.128,0.128,0.128,0.128,0.128,0.128,0.128,0.128,0.128,0.128,0.128,0.128,0.128,0.128,0.128,0.128,0.128,0.128,0.128,0.128,0.128,0.128,0.128,0.128,0.128,0.128,0.128,0.128,0.128,0.128,0.128,0.128,0.128,0.128,0.128,0.128,0.128,0.128,0.128,0.128,0.128,0.128,0.128,0.128,0.128,0.128,0.128,0.128,0.128,0.128,0.128,0.128,0.128,0.128,0.128,0.128,0.128,0.128,0.128,0.128,0.128,0.128,0.128,0.128,0.128,0.128,0.128,0.128,0.128,0.128
RGI60-06.00423,0.133,0.133,0.133,0.133,0.133,0.133,0.133,0.133,0.133,0.133,0.133,0.133,0.133,0.133,0.133,0.133,0.133,0.133,0.133,0.133,0.133,0.133,0.133,0.133,0.133,0.133,0.133,0.133,0.133,0.133,0.133,0.133,0.133,0.133,0.133,0.133,0.133,0.133,0.133,0.133,0.133,0.133,0.133,0.133,0.133,0.133,0.133,0.133,0.133,0.133,0.133,0.133,0.133,0.133,0.133,0.133,0.133,0.133,0.133,0.133,0.133,0.133,0.133,0.133,0.133,0.133,0.133,0.133,0.133,0.133,0.133,0.133,0.133,0.133,0.133,0.133,0.133
RGI60-06.00424,0.071,0.071,0.071,0.071,0.071,0.071,0.071,0.071,0.071,0.071,0.071,0.071,0.071,0.071,0.071,0.071,0.071,0.071,0.071,0.071,0.071,0.071,0.071,0.071,0.071,0.071,0.071,0.071,0.071,0.071,0.071,0.071,0.071,0.071,0.071,0.071,0.071,0.071,0.071,0.071,0.071,0.071,0.071,0.071,0.071,0.071,0.071,0.071,0.071,0.071,0.071,0.071,0.071,0.071,0.071,0.071,0.071,0.071,0.071,0.071,0.071,0.071,0.071,0.071,0.071,0.071,0.071,0.071,0.071,0.071,0.071,0.071,0.071,0.071,0.071,0.071,0.071
RGI60-06.00425,0.132,0.132,0.132,0.132,0.132,0.132,0.132,0.132,0.132,0.132,0.132,0.132,0.132,0.132,0.132,0.132,0.132,0.132,0.132,0.132,0.132,0.132,0.132,0.132,0.132,0.132,0.132,0.132,0.132,0.132,0.132,0.132,0.132,0.132,0.132,0.132,0.132,0.132,0.132,0.132,0.132,0.132,0.132,0.132,0.132,0.132,0.132,0.132,0.132,0.132,0.132,0.132,0.132,0.132,0.132,0.132,0.132,0.132,0.132,0.132,0.132,0.132,0.132,0.132,0.132,0.132,0.132,0.132,0.132,0.132,0.132,0.132,0.132,0.132,0.132,0.132,0.132
RGI60-06.00426,0.23,0.23,0.23,0.23,0.23,0.23,0.23,0.23,0.23,0.23,0.23,0.23,0.23,0.23,0.23,0.23,0.23,0.23,0.23,0.23,0.23,0.23,0.23,0.23,0.23,0.23,0.23,0.23,0.23,0.23,0.23,0.23,0.23,0.23,0.23,0.23,0.23,0.23,0.23,0.23,0.23,0.23,0.23,0.23,0.23,0.23,0.23,0.23,0.23,0.23,0.23,0.23,0.23,0.23,0.23,0.23,0.23,0.23,0.23,0.23,0.23,0.23,0.23,0.23,0.23,0.23,0.23,0.23,0.23,0.23,0.23,0.23,0.23,0.23,0.23,0.23,0.23
RGI60-06.00427,0.135,0.135,0.135,0.135,0.135,0.135,0.135,0.135,0.135,0.135,0.135,0.135,0.135,0.135,0.135,0.135,0.135,0.135,0.135,0.135,0.135,0.135,0.135,0.135,0.135,0.135,0.135,0.135,0.135,0.135,0.135,0.135,0.135,0.135,0.135,0.135,0.135,0.135,0.135,0.135,0.135,0.135,0.135,0.135,0.135,0.135,0.135,0.135,0.135,0.135,0.135,0.135,0.135,0.135,0.135,0.135,0.135,0.135,0.135,0.135,0.135,0.135,0.135,0.135,0.135,0.135,0.135,0.135,0.135,0.135,0.135,0.135,0.135,0.135,0.135,0.135,0.135
RGI60-06.00428,0.138,0.138,0.138,0.138,0.138,0.138,0.138,0.138,0.138,0.138,0.138,0.138,0.138,0.138,0.138,0.138,0.138,0.138,0.138,0.138,0.138,0.138,0.138,0.138,0.138,0.138,0.138,0.138,0.138,0.138,0.138,0.138,0.138,0.138,0.138,0.138,0.138,0.138,0.138,0.138,0.138,0.138,0.138,0.138,0.138,0.138,0.138,0.138,0.138,0.138,0.138,0.138,0.138,0.138,0.138,0.138,0.138,0.138,0.138,0.138,0.138,0.138,0.138,0.138,0.138,0.138,0.138,0.138,0.138,0.138,0.138,0.138,0.138,0.138,0.138,0.138,0.138
RGI60-06.00429,0.135,0.135,0.135,0.135,0.135,0.135,0.135,0.135,0.135,0.135,0.135,0.135,0.135,0.135,0.135,0.135,0.135,0.135,0.135,0.135,0.135,0.135,0.135,0.135,0.135,0.135,0.135,0.135,0.135,0.135,0.135,0.135,0.135,0.135,0.135,0.135,0.135,0.135,0.135,0.135,0.135,0.135,0.135,0.135,0.135,0.135,0.135,0.135,0.135,0.135,0.135,0.135,0.135,0.135,0.135,0.135,0.135,0.135,0.135,0.135,0.135,0.135,0.135,0.135,0.135,0.135,0.135,0.135,0.135,0.135,0.135,0.135,0.135,0.135,0.135,0.135,0.135
RGI60-06.00430,0.133,0.133,0.133,0.133,0.133,0.133,0.133,0.133,0.133,0.133,0.133,0.133,0.133,0.133,0.133,0.133,0.133,0.133,0.133,0.133,0.133,0.133,0.133,0.133,0.133,0.133,0.133,0.133,0.133,0.133,0.133,0.133,0.133,0.133,0.133,0.133,0.133,0.133,0.133,0.133,0.133,0.133,0.133,0.133,0.133,0.133,0.133,0.133,0.133,0.133,0.133,0.133,0.133,0.133,0.133,0.133,0.133,0.133,0.133,0.133,0.133,0.133,0.133,0.133,0.133,0.133,0.133,0.133,0.133,0.133,0.133,0.133,0.133,0.133,0.133,0.133,0.133
RGI60-06.00431,0.138,0.138,0.138,0.138,0.138,0.138,0.138,0.138,0.138,0.138,0.138,0.138,0.138,0.138,0.138,0.138,0.138,0.138,0.138,0.138,0.138,0.138,0.138,0.138,0.138,0.138,0.138,0.138,0.138,0.138,0.138,0.138,0.138,0.138,0.138,0.138,0.138,0.138,0.138,0.138,0.138,0.138,0.138,0.138,0.138,0.138,0.138,0.138,0.138,0.138,0.138,0.138,0.138,0.138,0.138,0.138,0.138,0.138,0.138,0.138,0.138,0.138,0.138,0.138,0.138,0.138,0.138,0.138,0.138,0.138,0.138,0.138,0.138,0.138,0.138,0.138,0.138
RGI60-06.00432,0.218,0.218,0.218,0.218,0.218,0.218,0.218,0.218,0.218,0.218,0.218,0.218,0.218,0.218,0.218,0.218,0.218,0.218,0.218,0.218,0.218,0.218,0.218,0.218,0.218,0.218,0.218,0.218,0.218,0.218,0.218,0.218,0.218,0.218,0.218,0.218,0.218,0.218,0.218,0.218,0.218,0.218,0.218,0.218,0.218,0.218,0.218,0.218,0.218,0.218,0.218,0.218,0.218,0.218,0.218,0.218,0.218,0.218,0.218,0.218,0.218,0.218,0.218,0.218,0.218,0.218,0.218,0.218,0.218,0.218,0.218,0.218,0.218,0.218,0.218,0.218,0.218
RGI60-06.00433,0.183,0.183,0.183,0.183,0.183,0.183,0.183,0.183,0.183,0.183,0.183,0.183,0.183,0.183,0.183,0.183,0.183,0.183,0.183,0.183,0.183,0.183,0.183,0.183,0.183,0.183,0.183,0.183,0.183,0.183,0.183,0.183,0.183,0.183,0.183,0.183,0.183,0.183,0.183,0.183,0.183,0.183,0.183,0.183,0.183,0.183,0.183,0.183,0.183,0.183,0.183,0.183,0.183,0.183,0.183,0.183,0.183,0.183,0.183,0.183,0.183,0.183,0.183,0.183,0.183,0.183,0.183,0.183,0.183,0.183,0.183,0.183,0.183,0.183,0.183,0.183,0.183
RGI60-06.00434,0.158,0.158,0.158,0.158,0.158,0.158,0.158,0.158,0.158,0.158,0.158,0.158,0.158,0.158,0.158,0.158,0.158,0.158,0.158,0.158,0.158,0.158,0.158,0.158,0.158,0.158,0.158,0.158,0.158,0.158,0.158,0.158,0.158,0.158,0.158,0.158,0.158,0.158,0.158,0.158,0.158,0.158,0.158,0.158,0.158,0.158,0.158,0.158,0.158,0.158,0.158,0.158,0.158,0.158,0.158,0.158,0.158,0.158,0.158,0.158,0.158,0.158,0.158,0.158,0.158,0.158,0.158,0.158,0.158,0.158,0.158,0.158,0.158,0.158,0.158,0.158,0.158
RGI60-06.00435,0.134,0.134,0.134,0.134,0.134,0.134,0.134,0.134,0.134,0.134,0.134,0.134,0.134,0.134,0.134,0.134,0.134,0.134,0.134,0.134,0.134,0.134,0.134,0.134,0.134,0.134,0.134,0.134,0.134,0.134,0.134,0.134,0.134,0.134,0.134,0.134,0.134,0.134,0.134,0.134,0.134,0.134,0.134,0.134,0.134,0.134,0.134,0.134,0.134,0.134,0.134,0.134,0.134,0.134,0.134,0.134,0.134,0.134,0.134,0.134,0.134,0.134,0.134,0.134,0.134,0.134,0.134,0.134,0.134,0.134,0.134,0.134,0.134,0.134,0.134,0.134,0.134
RGI60-06.00436,0.149,0.149,0.149,0.149,0.149,0.149,0.149,0.149,0.149,0.149,0.149,0.149,0.149,0.149,0.149,0.149,0.149,0.149,0.149,0.149,0.149,0.149,0.149,0.149,0.149,0.149,0.149,0.149,0.149,0.149,0.149,0.149,0.149,0.149,0.149,0.149,0.149,0.149,0.149,0.149,0.149,0.149,0.149,0.149,0.149,0.149,0.149,0.149,0.149,0.149,0.149,0.149,0.149,0.149,0.149,0.149,0.149,0.149,0.149,0.149,0.149,0.149,0.149,0.149,0.149,0.149,0.149,0.149,0.149,0.149,0.149,0.149,0.149,0.149,0.149,0.149,0.149
RGI60-06.00437,0.128,0.128,0.128,0.128,0.128,0.128,0.128,0.128,0.128,0.128,0.128,0.128,0.128,0.128,0.128,0.128,0.128,0.128,0.128,0.128,0.128,0.128,0.128,0.128,0.128,0.128,0.128,0.128,0.128,0.128,0.128,0.128,0.128,0.128,0.128,0.128,0.128,0.128,0.128,0.128,0.128,0.128,0.128,0.128,0.128,0.128,0.128,0.128,0.128,0.128,0.128,0.128,0.128,0.128,0.128,0.128,0.128,0.128,0.128,0.128,0.128,0.128,0.128,0.128,0.128,0.128,0.128,0.128,0.128,0.128,0.128,0.128,0.128,0.128,0.128,0.128,0.128
RGI60-06.00438,0.208,0.208,0.208,0.208,0.208,0.208,0.208,0.208,0.208,0.208,0.208,0.208,0.208,0.208,0.208,0.208,0.208,0.208,0.208,0.208,0.208,0.208,0.208,0.208,0.208,0.208,0.208,0.208,0.208,0.208,0.208,0.208,0.208,0.208,0.208,0.208,0.208,0.208,0.208,0.208,0.208,0.208,0.208,0.208,0.208,0.208,0.208,0.208,0.208,0.208,0.208,0.208,0.208,0.208,0.208,0.208,0.208,0.208,0.208,0.208,0.208,0.208,0.208,0.208,0.208,0.208,0.208,0.208,0.208,0.208,0.208,0.208,0.208,0.208,0.208,0.208,0.208
RGI60-06.00439,0.134,0.134,0.134,0.134,0.134,0.134,0.134,0.134,0.134,0.134,0.134,0.134,0.134,0.134,0.134,0.134,0.134,0.134,0.134,0.134,0.134,0.134,0.134,0.134,0.134,0.134,0.134,0.134,0.134,0.134,0.134,0.134,0.134,0.134,0.134,0.134,0.134,0.134,0.134,0.134,0.134,0.134,0.134,0.134,0.134,0.134,0.134,0.134,0.134,0.134,0.134,0.134,0.134,0.134,0.134,0.134,0.134,0.134,0.134,0.134,0.134,0.134,0.134,0.134,0.134,0.134,0.134,0.134,0.134,0.134,0.134,0.134,0.134,0.134,0.134,0.134,0.134
RGI60-06.00440,0.13,0.13,0.13,0.13,0.13,0.13,0.13,0.13,0.13,0.13,0.13,0.13,0.13,0.13,0.13,0.13,0.13,0.13,0.13,0.13,0.13,0.13,0.13,0.13,0.13,0.13,0.13,0.13,0.13,0.13,0.13,0.13,0.13,0.13,0.13,0.13,0.13,0.13,0.13,0.13,0.13,0.13,0.13,0.13,0.13,0.13,0.13,0.13,0.13,0.13,0.13,0.13,0.13,0.13,0.13,0.13,0.13,0.13,0.13,0.13,0.13,0.13,0.13,0.13,0.13,0.13,0.13,0.13,0.13,0.13,0.13,0.13,0.13,0.13,0.13,0.13,0.13
RGI60-06.00441,0.152,0.152,0.152,0.152,0.152,0.152,0.152,0.152,0.152,0.152,0.152,0.152,0.152,0.152,0.152,0.152,0.152,0.152,0.152,0.152,0.152,0.152,0.152,0.152,0.152,0.152,0.152,0.152,0.152,0.152,0.152,0.152,0.152,0.152,0.152,0.152,0.152,0.152,0.152,0.152,0.152,0.152,0.152,0.152,0.152,0.152,0.152,0.152,0.152,0.152,0.152,0.152,0.152,0.152,0.152,0.152,0.152,0.152,0.152,0.152,0.152,0.152,0.152,0.152,0.152,0.152,0.152,0.152,0.152,0.152,0.152,0.152,0.152,0.152,0.152,0.152,0.152
RGI60-06.00442,0.15,0.15,0.15,0.15,0.15,0.15,0.15,0.15,0.15,0.15,0.15,0.15,0.15,0.15,0.15,0.15,0.15,0.15,0.15,0.15,0.15,0.15,0.15,0.15,0.15,0.15,0.15,0.15,0.15,0.15,0.15,0.15,0.15,0.15,0.15,0.15,0.15,0.15,0.15,0.15,0.15,0.15,0.15,0.15,0.15,0.15,0.15,0.15,0.15,0.15,0.15,0.15,0.15,0.15,0.15,0.15,0.15,0.15,0.15,0.15,0.15,0.15,0.15,0.15,0.15,0.15,0.15,0.15,0.15,0.15,0.15,0.15,0.15,0.15,0.15,0.15,0.15
RGI60-06.00443,0.076,0.076,0.076,0.076,0.076,0.076,0.076,0.076,0.076,0.076,0.076,0.076,0.076,0.076,0.076,0.076,0.076,0.076,0.076,0.076,0.076,0.076,0.076,0.076,0.076,0.076,0.076,0.076,0.076,0.076,0.076,0.076,0.076,0.076,0.076,0.076,0.076,0.076,0.076,0.076,0.076,0.076,0.076,0.076,0.076,0.076,0.076,0.076,0.076,0.076,0.076,0.076,0.076,0.076,0.076,0.076,0.076,0.076,0.076,0.076,0.076,0.076,0.076,0.076,0.076,0.076,0.076,0.076,0.076,0.076,0.076,0.076,0.076,0.076,0.076,0.076,0.076
RGI60-06.00444,0.136,0.136,0.136,0.136,0.136,0.136,0.136,0.136,0.136,0.136,0.136,0.136,0.136,0.136,0.136,0.136,0.136,0.136,0.136,0.136,0.136,0.136,0.136,0.136,0.136,0.136,0.136,0.136,0.136,0.136,0.136,0.136,0.136,0.136,0.136,0.136,0.136,0.136,0.136,0.136,0.136,0.136,0.136,0.136,0.136,0.136,0.136,0.136,0.136,0.136,0.136,0.136,0.136,0.136,0.136,0.136,0.136,0.136,0.136,0.136,0.136,0.136,0.136,0.136,0.136,0.136,0.136,0.136,0.136,0.136,0.136,0.136,0.136,0.136,0.136,0.136,0.136
RGI60-06.00445,0.115,0.115,0.115,0.115,0.115,0.115,0.115,0.115,0.115,0.115,0.115,0.115,0.115,0.115,0.115,0.115,0.115,0.115,0.115,0.115,0.115,0.115,0.115,0.115,0.115,0.115,0.115,0.115,0.115,0.115,0.115,0.115,0.115,0.115,0.115,0.115,0.115,0.115,0.115,0.115,0.115,0.115,0.115,0.115,0.115,0.115,0.115,0.115,0.115,0.115,0.115,0.115,0.115,0.115,0.115,0.115,0.115,0.115,0.115,0.115,0.115,0.115,0.115,0.115,0.115,0.115,0.115,0.115,0.115,0.115,0.115,0.115,0.115,0.115,0.115,0.115,0.115
RGI60-06.00446,0.128,0.128,0.128,0.128,0.128,0.128,0.128,0.128,0.128,0.128,0.128,0.128,0.128,0.128,0.128,0.128,0.128,0.128,0.128,0.128,0.128,0.128,0.128,0.128,0.128,0.128,0.128,0.128,0.128,0.128,0.128,0.128,0.128,0.128,0.128,0.128,0.128,0.128,0.128,0.128,0.128,0.128,0.128,0.128,0.128,0.128,0.128,0.128,0.128,0.128,0.128,0.128,0.128,0.128,0.128,0.128,0.128,0.128,0.128,0.128,0.128,0.128,0.128,0.128,0.128,0.128,0.128,0.128,0.128,0.128,0.128,0.128,0.128,0.128,0.128,0.128,0.128
RGI60-06.00447,0.15,0.15,0.15,0.15,0.15,0.15,0.15,0.15,0.15,0.15,0.15,0.15,0.15,0.15,0.15,0.15,0.15,0.15,0.15,0.15,0.15,0.15,0.15,0.15,0.15,0.15,0.15,0.15,0.15,0.15,0.15,0.15,0.15,0.15,0.15,0.15,0.15,0.15,0.15,0.15,0.15,0.15,0.15,0.15,0.15,0.15,0.15,0.15,0.15,0.15,0.15,0.15,0.15,0.15,0.15,0.15,0.15,0.15,0.15,0.15,0.15,0.15,0.15,0.15,0.15,0.15,0.15,0.15,0.15,0.15,0.15,0.15,0.15,0.15,0.15,0.15,0.15
RGI60-06.00448,0.144,0.144,0.144,0.144,0.144,0.144,0.144,0.144,0.144,0.144,0.144,0.144,0.144,0.144,0.144,0.144,0.144,0.144,0.144,0.144,0.144,0.144,0.144,0.144,0.144,0.144,0.144,0.144,0.144,0.144,0.144,0.144,0.144,0.144,0.144,0.144,0.144,0.144,0.144,0.144,0.144,0.144,0.144,0.144,0.144,0.144,0.144,0.144,0.144,0.144,0.144,0.144,0.144,0.144,0.144,0.144,0.144,0.144,0.144,0.144,0.144,0.144,0.144,0.144,0.144,0.144,0.144,0.144,0.144,0.144,0.144,0.144,0.144,0.144,0.144,0.144,0.144
RGI60-06.00449,0.243,0.243,0.243,0.243,0.243,0.243,0.243,0.243,0.243,0.243,0.243,0.243,0.243,0.243,0.243,0.243,0.243,0.243,0.243,0.243,0.243,0.243,0.243,0.243,0.243,0.243,0.243,0.243,0.243,0.243,0.243,0.243,0.243,0.243,0.243,0.243,0.243,0.243,0.243,0.243,0.243,0.243,0.243,0.243,0.243,0.243,0.243,0.243,0.243,0.243,0.243,0.243,0.243,0.243,0.243,0.243,0.243,0.243,0.243,0.243,0.243,0.243,0.243,0.243,0.243,0.243,0.243,0.243,0.243,0.243,0.243,0.243,0.243,0.243,0.243,0.243,0.243
RGI60-06.00450,0.139,0.139,0.139,0.139,0.139,0.139,0.139,0.139,0.139,0.139,0.139,0.139,0.139,0.139,0.139,0.139,0.139,0.139,0.139,0.139,0.139,0.139,0.139,0.139,0.139,0.139,0.139,0.139,0.139,0.139,0.139,0.139,0.139,0.139,0.139,0.139,0.139,0.139,0.139,0.139,0.139,0.139,0.139,0.139,0.139,0.139,0.139,0.139,0.139,0.139,0.139,0.139,0.139,0.139,0.139,0.139,0.139,0.139,0.139,0.139,0.139,0.139,0.139,0.139,0.139,0.139,0.139,0.139,0.139,0.139,0.139,0.139,0.139,0.139,0.139,0.139,0.139
RGI60-06.00451,0.158,0.158,0.158,0.158,0.158,0.158,0.158,0.158,0.158,0.158,0.158,0.158,0.158,0.158,0.158,0.158,0.158,0.158,0.158,0.158,0.158,0.158,0.158,0.158,0.158,0.158,0.158,0.158,0.158,0.158,0.158,0.158,0.158,0.158,0.158,0.158,0.158,0.158,0.158,0.158,0.158,0.158,0.158,0.158,0.158,0.158,0.158,0.158,0.158,0.158,0.158,0.158,0.158,0.158,0.158,0.158,0.158,0.158,0.158,0.158,0.158,0.158,0.158,0.158,0.158,0.158,0.158,0.158,0.158,0.158,0.158,0.158,0.158,0.158,0.158,0.158,0.158
RGI60-06.00452,0.176,0.176,0.176,0.176,0.176,0.176,0.176,0.176,0.176,0.176,0.176,0.176,0.176,0.176,0.176,0.176,0.176,0.176,0.176,0.176,0.176,0.176,0.176,0.176,0.176,0.176,0.176,0.176,0.176,0.176,0.176,0.176,0.176,0.176,0.176,0.176,0.176,0.176,0.176,0.176,0.176,0.176,0.176,0.176,0.176,0.176,0.176,0.176,0.176,0.176,0.176,0.176,0.176,0.176,0.176,0.176,0.176,0.176,0.176,0.176,0.176,0.176,0.176,0.176,0.176,0.176,0.176,0.176,0.176,0.176,0.176,0.176,0.176,0.176,0.176,0.176,0.176
RGI60-06.00453,0.139,0.139,0.139,0.139,0.139,0.139,0.139,0.139,0.139,0.139,0.139,0.139,0.139,0.139,0.139,0.139,0.139,0.139,0.139,0.139,0.139,0.139,0.139,0.139,0.139,0.139,0.139,0.139,0.139,0.139,0.139,0.139,0.139,0.139,0.139,0.139,0.139,0.139,0.139,0.139,0.139,0.139,0.139,0.139,0.139,0.139,0.139,0.139,0.139,0.139,0.139,0.139,0.139,0.139,0.139,0.139,0.139,0.139,0.139,0.139,0.139,0.139,0.139,0.139,0.139,0.139,0.139,0.139,0.139,0.139,0.139,0.139,0.139,0.139,0.139,0.139,0.139
RGI60-06.00454,0.139,0.139,0.139,0.139,0.139,0.139,0.139,0.139,0.139,0.139,0.139,0.139,0.139,0.139,0.139,0.139,0.139,0.139,0.139,0.139,0.139,0.139,0.139,0.139,0.139,0.139,0.139,0.139,0.139,0.139,0.139,0.139,0.139,0.139,0.139,0.139,0.139,0.139,0.139,0.139,0.139,0.139,0.139,0.139,0.139,0.139,0.139,0.139,0.139,0.139,0.139,0.139,0.139,0.139,0.139,0.139,0.139,0.139,0.139,0.139,0.139,0.139,0.139,0.139,0.139,0.139,0.139,0.139,0.139,0.139,0.139,0.139,0.139,0.139,0.139,0.139,0.139
RGI60-06.00455,0.145,0.145,0.145,0.145,0.145,0.145,0.145,0.145,0.145,0.145,0.145,0.145,0.145,0.145,0.145,0.145,0.145,0.145,0.145,0.145,0.145,0.145,0.145,0.145,0.145,0.145,0.145,0.145,0.145,0.145,0.145,0.145,0.145,0.145,0.145,0.145,0.145,0.145,0.145,0.145,0.145,0.145,0.145,0.145,0.145,0.145,0.145,0.145,0.145,0.145,0.145,0.145,0.145,0.145,0.145,0.145,0.145,0.145,0.145,0.145,0.145,0.145,0.145,0.145,0.145,0.145,0.145,0.145,0.145,0.145,0.145,0.145,0.145,0.145,0.145,0.145,0.145
RGI60-06.00456,0.155,0.155,0.155,0.155,0.155,0.155,0.155,0.155,0.155,0.155,0.155,0.155,0.155,0.155,0.155,0.155,0.155,0.155,0.155,0.155,0.155,0.155,0.155,0.155,0.155,0.155,0.155,0.155,0.155,0.155,0.155,0.155,0.155,0.155,0.155,0.155,0.155,0.155,0.155,0.155,0.155,0.155,0.155,0.155,0.155,0.155,0.155,0.155,0.155,0.155,0.155,0.155,0.155,0.155,0.155,0.155,0.155,0.155,0.155,0.155,0.155,0.155,0.155,0.155,0.155,0.155,0.155,0.155,0.155,0.155,0.155,0.155,0.155,0.155,0.155,0.155,0.155
RGI60-06.00457,0.139,0.139,0.139,0.139,0.139,0.139,0.139,0.139,0.139,0.139,0.139,0.139,0.139,0.139,0.139,0.139,0.139,0.139,0.139,0.139,0.139,0.139,0.139,0.139,0.139,0.139,0.139,0.139,0.139,0.139,0.139,0.139,0.139,0.139,0.139,0.139,0.139,0.139,0.139,0.139,0.139,0.139,0.139,0.139,0.139,0.139,0.139,0.139,0.139,0.139,0.139,0.139,0.139,0.139,0.139,0.139,0.139,0.139,0.139,0.139,0.139,0.139,0.139,0.139,0.139,0.139,0.139,0.139,0.139,0.139,0.139,0.139,0.139,0.139,0.139,0.139,0.139
RGI60-06.00458,0.152,0.152,0.152,0.152,0.152,0.152,0.152,0.152,0.152,0.152,0.152,0.152,0.152,0.152,0.152,0.152,0.152,0.152,0.152,0.152,0.152,0.152,0.152,0.152,0.152,0.152,0.152,0.152,0.152,0.152,0.152,0.152,0.152,0.152,0.152,0.152,0.152,0.152,0.152,0.152,0.152,0.152,0.152,0.152,0.152,0.152,0.152,0.152,0.152,0.152,0.152,0.152,0.152,0.152,0.152,0.152,0.152,0.152,0.152,0.152,0.152,0.152,0.152,0.152,0.152,0.152,0.152,0.152,0.152,0.152,0.152,0.152,0.152,0.152,0.152,0.152,0.152
RGI60-06.00459,0.23,0.23,0.23,0.23,0.23,0.23,0.23,0.23,0.23,0.23,0.23,0.23,0.23,0.23,0.23,0.23,0.23,0.23,0.23,0.23,0.23,0.23,0.23,0.23,0.23,0.23,0.23,0.23,0.23,0.23,0.23,0.23,0.23,0.23,0.23,0.23,0.23,0.23,0.23,0.23,0.23,0.23,0.23,0.23,0.23,0.23,0.23,0.23,0.23,0.23,0.23,0.23,0.23,0.23,0.23,0.23,0.23,0.23,0.23,0.23,0.23,0.23,0.23,0.23,0.23,0.23,0.23,0.23,0.23,0.23,0.23,0.23,0.23,0.23,0.23,0.23,0.23
RGI60-06.00460,0.144,0.144,0.144,0.144,0.144,0.144,0.144,0.144,0.144,0.144,0.144,0.144,0.144,0.144,0.144,0.144,0.144,0.144,0.144,0.144,0.144,0.144,0.144,0.144,0.144,0.144,0.144,0.144,0.144,0.144,0.144,0.144,0.144,0.144,0.144,0.144,0.144,0.144,0.144,0.144,0.144,0.144,0.144,0.144,0.144,0.144,0.144,0.144,0.144,0.144,0.144,0.144,0.144,0.144,0.144,0.144,0.144,0.144,0.144,0.144,0.144,0.144,0.144,0.144,0.144,0.144,0.144,0.144,0.144,0.144,0.144,0.144,0.144,0.144,0.144,0.144,0.144
RGI60-06.00461,0.142,0.142,0.142,0.142,0.142,0.142,0.142,0.142,0.142,0.142,0.142,0.142,0.142,0.142,0.142,0.142,0.142,0.142,0.142,0.142,0.142,0.142,0.142,0.142,0.142,0.142,0.142,0.142,0.142,0.142,0.142,0.142,0.142,0.142,0.142,0.142,0.142,0.142,0.142,0.142,0.142,0.142,0.142,0.142,0.142,0.142,0.142,0.142,0.142,0.142,0.142,0.142,0.142,0.142,0.142,0.142,0.142,0.142,0.142,0.142,0.142,0.142,0.142,0.142,0.142,0.142,0.142,0.142,0.142,0.142,0.142,0.142,0.142,0.142,0.142,0.142,0.142
RGI60-06.00462,0.154,0.154,0.154,0.154,0.154,0.154,0.154,0.154,0.154,0.154,0.154,0.154,0.154,0.154,0.154,0.154,0.154,0.154,0.154,0.154,0.154,0.154,0.154,0.154,0.154,0.154,0.154,0.154,0.154,0.154,0.154,0.154,0.154,0.154,0.154,0.154,0.154,0.154,0.154,0.154,0.154,0.154,0.154,0.154,0.154,0.154,0.154,0.154,0.154,0.154,0.154,0.154,0.154,0.154,0.154,0.154,0.154,0.154,0.154,0.154,0.154,0.154,0.154,0.154,0.154,0.154,0.154,0.154,0.154,0.154,0.154,0.154,0.154,0.154,0.154,0.154,0.154
RGI60-06.00463,0.247,0.247,0.247,0.247,0.247,0.247,0.247,0.247,0.247,0.247,0.247,0.247,0.247,0.247,0.247,0.247,0.247,0.247,0.247,0.247,0.247,0.247,0.247,0.247,0.247,0.247,0.247,0.247,0.247,0.247,0.247,0.247,0.247,0.247,0.247,0.247,0.247,0.247,0.247,0.247,0.247,0.247,0.247,0.247,0.247,0.247,0.247,0.247,0.247,0.247,0.247,0.247,0.247,0.247,0.247,0.247,0.247,0.247,0.247,0.247,0.247,0.247,0.247,0.247,0.247,0.247,0.247,0.247,0.247,0.247,0.247,0.247,0.247,0.247,0.247,0.247,0.247
RGI60-06.00464,0.156,0.156,0.156,0.156,0.156,0.156,0.156,0.156,0.156,0.156,0.156,0.156,0.156,0.156,0.156,0.156,0.156,0.156,0.156,0.156,0.156,0.156,0.156,0.156,0.156,0.156,0.156,0.156,0.156,0.156,0.156,0.156,0.156,0.156,0.156,0.156,0.156,0.156,0.156,0.156,0.156,0.156,0.156,0.156,0.156,0.156,0.156,0.156,0.156,0.156,0.156,0.156,0.156,0.156,0.156,0.156,0.156,0.156,0.156,0.156,0.156,0.156,0.156,0.156,0.156,0.156,0.156,0.156,0.156,0.156,0.156,0.156,0.156,0.156,0.156,0.156,0.156
RGI60-06.00465,0.027,0.027,0.027,0.027,0.027,0.027,0.027,0.027,0.027,0.027,0.027,0.027,0.027,0.027,0.027,0.027,0.027,0.027,0.027,0.027,0.027,0.027,0.027,0.027,0.027,0.027,0.027,0.027,0.027,0.027,0.027,0.027,0.027,0.027,0.027,0.027,0.027,0.027,0.027,0.027,0.027,0.027,0.027,0.027,0.027,0.027,0.027,0.027,0.027,0.027,0.027,0.027,0.027,0.027,0.027,0.027,0.027,0.027,0.027,0.027,0.027,0.027,0.027,0.027,0.027,0.027,0.027,0.027,0.027,0.027,0.027,0.027,0.027,0.027,0.027,0.027,0.027
RGI60-06.00466,0.027,0.027,0.027,0.027,0.027,0.027,0.027,0.027,0.027,0.027,0.027,0.027,0.027,0.027,0.027,0.027,0.027,0.027,0.027,0.027,0.027,0.027,0.027,0.027,0.027,0.027,0.027,0.027,0.027,0.027,0.027,0.027,0.027,0.027,0.027,0.027,0.027,0.027,0.027,0.027,0.027,0.027,0.027,0.027,0.027,0.027,0.027,0.027,0.027,0.027,0.027,0.027,0.027,0.027,0.027,0.027,0.027,0.027,0.027,0.027,0.027,0.027,0.027,0.027,0.027,0.027,0.027,0.027,0.027,0.027,0.027,0.027,0.027,0.027,0.027,0.027,0.027
RGI60-06.00467,0.163,0.163,0.163,0.163,0.163,0.163,0.163,0.163,0.163,0.163,0.163,0.163,0.163,0.163,0.163,0.163,0.163,0.163,0.163,0.163,0.163,0.163,0.163,0.163,0.163,0.163,0.163,0.163,0.163,0.163,0.163,0.163,0.163,0.163,0.163,0.163,0.163,0.163,0.163,0.163,0.163,0.163,0.163,0.163,0.163,0.163,0.163,0.163,0.163,0.163,0.163,0.163,0.163,0.163,0.163,0.163,0.163,0.163,0.163,0.163,0.163,0.163,0.163,0.163,0.163,0.163,0.163,0.163,0.163,0.163,0.163,0.163,0.163,0.163,0.163,0.163,0.163
RGI60-06.00468,0.12,0.12,0.12,0.12,0.12,0.12,0.12,0.12,0.12,0.12,0.12,0.12,0.12,0.12,0.12,0.12,0.12,0.12,0.12,0.12,0.12,0.12,0.12,0.12,0.12,0.12,0.12,0.12,0.12,0.12,0.12,0.12,0.12,0.12,0.12,0.12,0.12,0.12,0.12,0.12,0.12,0.12,0.12,0.12,0.12,0.12,0.12,0.12,0.12,0.12,0.12,0.12,0.12,0.12,0.12,0.12,0.12,0.12,0.12,0.12,0.12,0.12,0.12,0.12,0.12,0.12,0.12,0.12,0.12,0.12,0.12,0.12,0.12,0.12,0.12,0.12,0.12
RGI60-06.00469,0.163,0.163,0.163,0.163,0.163,0.163,0.163,0.163,0.163,0.163,0.163,0.163,0.163,0.163,0.163,0.163,0.163,0.163,0.163,0.163,0.163,0.163,0.163,0.163,0.163,0.163,0.163,0.163,0.163,0.163,0.163,0.163,0.163,0.163,0.163,0.163,0.163,0.163,0.163,0.163,0.163,0.163,0.163,0.163,0.163,0.163,0.163,0.163,0.163,0.163,0.163,0.163,0.163,0.163,0.163,0.163,0.163,0.163,0.163,0.163,0.163,0.163,0.163,0.163,0.163,0.163,0.163,0.163,0.163,0.163,0.163,0.163,0.163,0.163,0.163,0.163,0.163
RGI60-06.00470,0.033,0.033,0.033,0.033,0.033,0.033,0.033,0.033,0.033,0.033,0.033,0.033,0.033,0.033,0.033,0.033,0.033,0.033,0.033,0.033,0.033,0.033,0.033,0.033,0.033,0.033,0.033,0.033,0.033,0.033,0.033,0.033,0.033,0.033,0.033,0.033,0.033,0.033,0.033,0.033,0.033,0.033,0.033,0.033,0.033,0.033,0.033,0.033,0.033,0.033,0.033,0.033,0.033,0.033,0.033,0.033,0.033,0.033,0.033,0.033,0.033,0.033,0.033,0.033,0.033,0.033,0.033,0.033,0.033,0.033,0.033,0.033,0.033,0.033,0.033,0.033,0.033
RGI60-06.00471,0.032,0.032,0.032,0.032,0.032,0.032,0.032,0.032,0.032,0.032,0.032,0.032,0.032,0.032,0.032,0.032,0.032,0.032,0.032,0.032,0.032,0.032,0.032,0.032,0.032,0.032,0.032,0.032,0.032,0.032,0.032,0.032,0.032,0.032,0.032,0.032,0.032,0.032,0.032,0.032,0.032,0.032,0.032,0.032,0.032,0.032,0.032,0.032,0.032,0.032,0.032,0.032,0.032,0.032,0.032,0.032,0.032,0.032,0.032,0.032,0.032,0.032,0.032,0.032,0.032,0.032,0.032,0.032,0.032,0.032,0.032,0.032,0.032,0.032,0.032,0.032,0.032
RGI60-06.00472,0.09,0.09,0.09,0.09,0.09,0.09,0.09,0.09,0.09,0.09,0.09,0.09,0.09,0.09,0.09,0.09,0.09,0.09,0.09,0.09,0.09,0.09,0.09,0.09,0.09,0.09,0.09,0.09,0.09,0.09,0.09,0.09,0.09,0.09,0.09,0.09,0.09,0.09,0.09,0.09,0.09,0.09,0.09,0.09,0.09,0.09,0.09,0.09,0.09,0.09,0.09,0.09,0.09,0.09,0.09,0.09,0.09,0.09,0.09,0.09,0.09,0.09,0.09,0.09,0.09,0.09,0.09,0.09,0.09,0.09,0.09,0.09,0.09,0.09,0.09,0.09,0.09
RGI60-06.00473,0.077,0.077,0.077,0.077,0.077,0.077,0.077,0.077,0.077,0.077,0.077,0.077,0.077,0.077,0.077,0.077,0.077,0.077,0.077,0.077,0.077,0.077,0.077,0.077,0.077,0.077,0.077,0.077,0.077,0.077,0.077,0.077,0.077,0.077,0.077,0.077,0.077,0.077,0.077,0.077,0.077,0.077,0.077,0.077,0.077,0.077,0.077,0.077,0.077,0.077,0.077,0.077,0.077,0.077,0.077,0.077,0.077,0.077,0.077,0.077,0.077,0.077,0.077,0.077,0.077,0.077,0.077,0.077,0.077,0.077,0.077,0.077,0.077,0.077,0.077,0.077,0.077
RGI60-06.00474,0.05,0.05,0.05,0.05,0.05,0.05,0.05,0.05,0.05,0.05,0.05,0.05,0.05,0.05,0.05,0.05,0.05,0.05,0.05,0.05,0.05,0.05,0.05,0.05,0.05,0.05,0.05,0.05,0.05,0.05,0.05,0.05,0.05,0.05,0.05,0.05,0.05,0.05,0.05,0.05,0.05,0.05,0.05,0.05,0.05,0.05,0.05,0.05,0.05,0.05,0.05,0.05,0.05,0.05,0.05,0.05,0.05,0.05,0.05,0.05,0.05,0.05,0.05,0.05,0.05,0.05,0.05,0.05,0.05,0.05,0.05,0.05,0.05,0.05,0.05,0.05,0.05
RGI60-06.00475,0.043,0.043,0.043,0.043,0.043,0.043,0.043,0.043,0.043,0.043,0.043,0.043,0.043,0.043,0.043,0.043,0.043,0.043,0.043,0.043,0.043,0.043,0.043,0.043,0.043,0.043,0.043,0.043,0.043,0.043,0.043,0.043,0.043,0.043,0.043,0.043,0.043,0.043,0.043,0.043,0.043,0.043,0.043,0.043,0.043,0.043,0.043,0.043,0.043,0.043,0.043,0.043,0.043,0.043,0.043,0.043,0.043,0.043,0.043,0.043,0.043,0.043,0.043,0.043,0.043,0.043,0.043,0.043,0.043,0.043,0.043,0.043,0.043,0.043,0.043,0.043,0.043
RGI60-06.00476,0.056,0.056,0.056,0.056,0.056,0.056,0.056,0.056,0.056,0.056,0.056,0.056,0.056,0.056,0.056,0.056,0.056,0.056,0.056,0.056,0.056,0.056,0.056,0.056,0.056,0.056,0.056,0.056,0.056,0.056,0.056,0.056,0.056,0.056,0.056,0.056,0.056,0.056,0.056,0.056,0.056,0.056,0.056,0.056,0.056,0.056,0.056,0.056,0.056,0.056,0.056,0.056,0.056,0.056,0.056,0.056,0.056,0.056,0.056,0.056,0.056,0.056,0.056,0.056,0.056,0.056,0.056,0.056,0.056,0.056,0.056,0.056,0.056,0.056,0.056,0.056,0.056
RGI60-06.00477,0.048,0.048,0.048,0.048,0.048,0.048,0.048,0.048,0.048,0.048,0.048,0.048,0.048,0.048,0.048,0.048,0.048,0.048,0.048,0.048,0.048,0.048,0.048,0.048,0.048,0.048,0.048,0.048,0.048,0.048,0.048,0.048,0.048,0.048,0.048,0.048,0.048,0.048,0.048,0.048,0.048,0.048,0.048,0.048,0.048,0.048,0.048,0.048,0.048,0.048,0.048,0.048,0.048,0.048,0.048,0.048,0.048,0.048,0.048,0.048,0.048,0.048,0.048,0.048,0.048,0.048,0.048,0.048,0.048,0.048,0.048,0.048,0.048,0.048,0.048,0.048,0.048
RGI60-06.00478,0.031,0.031,0.031,0.031,0.031,0.031,0.031,0.031,0.031,0.031,0.031,0.031,0.031,0.031,0.031,0.031,0.031,0.031,0.031,0.031,0.031,0.031,0.031,0.031,0.031,0.031,0.031,0.031,0.031,0.031,0.031,0.031,0.031,0.031,0.031,0.031,0.031,0.031,0.031,0.031,0.031,0.031,0.031,0.031,0.031,0.031,0.031,0.031,0.031,0.031,0.031,0.031,0.031,0.031,0.031,0.031,0.031,0.031,0.031,0.031,0.031,0.031,0.031,0.031,0.031,0.031,0.031,0.031,0.031,0.031,0.031,0.031,0.031,0.031,0.031,0.031,0.031
RGI60-06.00479,0.039,0.039,0.039,0.039,0.039,0.039,0.039,0.039,0.039,0.039,0.039,0.039,0.039,0.039,0.039,0.039,0.039,0.039,0.039,0.039,0.039,0.039,0.039,0.039,0.039,0.039,0.039,0.039,0.039,0.039,0.039,0.039,0.039,0.039,0.039,0.039,0.039,0.039,0.039,0.039,0.039,0.039,0.039,0.039,0.039,0.039,0.039,0.039,0.039,0.039,0.039,0.039,0.039,0.039,0.039,0.039,0.039,0.039,0.039,0.039,0.039,0.039,0.039,0.039,0.039,0.039,0.039,0.039,0.039,0.039,0.039,0.039,0.039,0.039,0.039,0.039,0.039
RGI60-06.00480,0.11,0.11,0.11,0.11,0.11,0.11,0.11,0.11,0.11,0.11,0.11,0.11,0.11,0.11,0.11,0.11,0.11,0.11,0.11,0.11,0.11,0.11,0.11,0.11,0.11,0.11,0.11,0.11,0.11,0.11,0.11,0.11,0.11,0.11,0.11,0.11,0.11,0.11,0.11,0.11,0.11,0.11,0.11,0.11,0.11,0.11,0.11,0.11,0.11,0.11,0.11,0.11,0.11,0.11,0.11,0.11,0.11,0.11,0.11,0.11,0.11,0.11,0.11,0.11,0.11,0.11,0.11,0.11,0.11,0.11,0.11,0.11,0.11,0.11,0.11,0.11,0.11
RGI60-06.00481,0.046,0.046,0.046,0.046,0.046,0.046,0.046,0.046,0.046,0.046,0.046,0.046,0.046,0.046,0.046,0.046,0.046,0.046,0.046,0.046,0.046,0.046,0.046,0.046,0.046,0.046,0.046,0.046,0.046,0.046,0.046,0.046,0.046,0.046,0.046,0.046,0.046,0.046,0.046,0.046,0.046,0.046,0.046,0.046,0.046,0.046,0.046,0.046,0.046,0.046,0.046,0.046,0.046,0.046,0.046,0.046,0.046,0.046,0.046,0.046,0.046,0.046,0.046,0.046,0.046,0.046,0.046,0.046,0.046,0.046,0.046,0.046,0.046,0.046,0.046,0.046,0.046
RGI60-06.00482,0.137,0.137,0.137,0.137,0.137,0.137,0.137,0.137,0.137,0.137,0.137,0.137,0.137,0.137,0.137,0.137,0.137,0.137,0.137,0.137,0.137,0.137,0.137,0.137,0.137,0.137,0.137,0.137,0.137,0.137,0.137,0.137,0.137,0.137,0.137,0.137,0.137,0.137,0.137,0.137,0.137,0.137,0.137,0.137,0.137,0.137,0.137,0.137,0.137,0.137,0.137,0.137,0.137,0.137,0.137,0.137,0.137,0.137,0.137,0.137,0.137,0.137,0.137,0.137,0.137,0.137,0.137,0.137,0.137,0.137,0.137,0.137,0.137,0.137,0.137,0.137,0.137
RGI60-06.00483,0.058,0.058,0.058,0.058,0.058,0.058,0.058,0.058,0.058,0.058,0.058,0.058,0.058,0.058,0.058,0.058,0.058,0.058,0.058,0.058,0.058,0.058,0.058,0.058,0.058,0.058,0.058,0.058,0.058,0.058,0.058,0.058,0.058,0.058,0.058,0.058,0.058,0.058,0.058,0.058,0.058,0.058,0.058,0.058,0.058,0.058,0.058,0.058,0.058,0.058,0.058,0.058,0.058,0.058,0.058,0.058,0.058,0.058,0.058,0.058,0.058,0.058,0.058,0.058,0.058,0.058,0.058,0.058,0.058,0.058,0.058,0.058,0.058,0.058,0.058,0.058,0.058
RGI60-06.00484,0.169,0.169,0.169,0.169,0.169,0.169,0.169,0.169,0.169,0.169,0.169,0.169,0.169,0.169,0.169,0.169,0.169,0.169,0.169,0.169,0.169,0.169,0.169,0.169,0.169,0.169,0.169,0.169,0.169,0.169,0.169,0.169,0.169,0.169,0.169,0.169,0.169,0.169,0.169,0.169,0.169,0.169,0.169,0.169,0.169,0.169,0.169,0.169,0.169,0.169,0.169,0.169,0.169,0.169,0.169,0.169,0.169,0.169,0.169,0.169,0.169,0.169,0.169,0.169,0.169,0.169,0.169,0.169,0.169,0.169,0.169,0.169,0.169,0.169,0.169,0.169,0.169
RGI60-06.00485,0.255,0.255,0.255,0.255,0.255,0.255,0.255,0.255,0.255,0.255,0.255,0.255,0.255,0.255,0.255,0.255,0.255,0.255,0.255,0.255,0.255,0.255,0.255,0.255,0.255,0.255,0.255,0.255,0.255,0.255,0.255,0.255,0.255,0.255,0.255,0.255,0.255,0.255,0.255,0.255,0.255,0.255,0.255,0.255,0.255,0.255,0.255,0.255,0.255,0.255,0.255,0.255,0.255,0.255,0.255,0.255,0.255,0.255,0.255,0.255,0.255,0.255,0.255,0.255,0.255,0.255,0.255,0.255,0.255,0.255,0.255,0.255,0.255,0.255,0.255,0.255,0.255
RGI60-06.00486,0.255,0.255,0.255,0.255,0.255,0.255,0.255,0.255,0.255,0.255,0.255,0.255,0.255,0.255,0.255,0.255,0.255,0.255,0.255,0.255,0.255,0.255,0.255,0.255,0.255,0.255,0.255,0.255,0.255,0.255,0.255,0.255,0.255,0.255,0.255,0.255,0.255,0.255,0.255,0.255,0.255,0.255,0.255,0.255,0.255,0.255,0.255,0.255,0.255,0.255,0.255,0.255,0.255,0.255,0.255,0.255,0.255,0.255,0.255,0.255,0.255,0.255,0.255,0.255,0.255,0.255,0.255,0.255,0.255,0.255,0.255,0.255,0.255,0.255,0.255,0.255,0.255
RGI60-06.00487,0.144,0.144,0.144,0.144,0.144,0.144,0.144,0.144,0.144,0.144,0.144,0.144,0.144,0.144,0.144,0.144,0.144,0.144,0.144,0.144,0.144,0.144,0.144,0.144,0.144,0.144,0.144,0.144,0.144,0.144,0.144,0.144,0.144,0.144,0.144,0.144,0.144,0.144,0.144,0.144,0.144,0.144,0.144,0.144,0.144,0.144,0.144,0.144,0.144,0.144,0.144,0.144,0.144,0.144,0.144,0.144,0.144,0.144,0.144,0.144,0.144,0.144,0.144,0.144,0.144,0.144,0.144,0.144,0.144,0.144,0.144,0.144,0.144,0.144,0.144,0.144,0.144
RGI60-06.00488,0.237,0.237,0.237,0.237,0.237,0.237,0.237,0.237,0.237,0.237,0.237,0.237,0.237,0.237,0.237,0.237,0.237,0.237,0.237,0.237,0.237,0.237,0.237,0.237,0.237,0.237,0.237,0.237,0.237,0.237,0.237,0.237,0.237,0.237,0.237,0.237,0.237,0.237,0.237,0.237,0.237,0.237,0.237,0.237,0.237,0.237,0.237,0.237,0.237,0.237,0.237,0.237,0.237,0.237,0.237,0.237,0.237,0.237,0.237,0.237,0.237,0.237,0.237,0.237,0.237,0.237,0.237,0.237,0.237,0.237,0.237,0.237,0.237,0.237,0.237,0.237,0.237
RGI60-06.00489,0.251,0.251,0.251,0.251,0.251,0.251,0.251,0.251,0.251,0.251,0.251,0.251,0.251,0.251,0.251,0.251,0.251,0.251,0.251,0.251,0.251,0.251,0.251,0.251,0.251,0.251,0.251,0.251,0.251,0.251,0.251,0.251,0.251,0.251,0.251,0.251,0.251,0.251,0.251,0.251,0.251,0.251,0.251,0.251,0.251,0.251,0.251,0.251,0.251,0.251,0.251,0.251,0.251,0.251,0.251,0.251,0.251,0.251,0.251,0.251,0.251,0.251,0.251,0.251,0.251,0.251,0.251,0.251,0.251,0.251,0.251,0.251,0.251,0.251,0.251,0.251,0.251
RGI60-06.00490,0.269,0.269,0.269,0.269,0.269,0.269,0.269,0.269,0.269,0.269,0.269,0.269,0.269,0.269,0.269,0.269,0.269,0.269,0.269,0.269,0.269,0.269,0.269,0.269,0.269,0.269,0.269,0.269,0.269,0.269,0.269,0.269,0.269,0.269,0.269,0.269,0.269,0.269,0.269,0.269,0.269,0.269,0.269,0.269,0.269,0.269,0.269,0.269,0.269,0.269,0.269,0.269,0.269,0.269,0.269,0.269,0.269,0.269,0.269,0.269,0.269,0.269,0.269,0.269,0.269,0.269,0.269,0.269,0.269,0.269,0.269,0.269,0.269,0.269,0.269,0.269,0.269
RGI60-06.00491,0.182,0.182,0.182,0.182,0.182,0.182,0.182,0.182,0.182,0.182,0.182,0.182,0.182,0.182,0.182,0.182,0.182,0.182,0.182,0.182,0.182,0.182,0.182,0.182,0.182,0.182,0.182,0.182,0.182,0.182,0.182,0.182,0.182,0.182,0.182,0.182,0.182,0.182,0.182,0.182,0.182,0.182,0.182,0.182,0.182,0.182,0.182,0.182,0.182,0.182,0.182,0.182,0.182,0.182,0.182,0.182,0.182,0.182,0.182,0.182,0.182,0.182,0.182,0.182,0.182,0.182,0.182,0.182,0.182,0.182,0.182,0.182,0.182,0.182,0.182,0.182,0.182
RGI60-06.00492,0.173,0.173,0.173,0.173,0.173,0.173,0.173,0.173,0.173,0.173,0.173,0.173,0.173,0.173,0.173,0.173,0.173,0.173,0.173,0.173,0.173,0.173,0.173,0.173,0.173,0.173,0.173,0.173,0.173,0.173,0.173,0.173,0.173,0.173,0.173,0.173,0.173,0.173,0.173,0.173,0.173,0.173,0.173,0.173,0.173,0.173,0.173,0.173,0.173,0.173,0.173,0.173,0.173,0.173,0.173,0.173,0.173,0.173,0.173,0.173,0.173,0.173,0.173,0.173,0.173,0.173,0.173,0.173,0.173,0.173,0.173,0.173,0.173,0.173,0.173,0.173,0.173
RGI60-06.00493,0.306,0.306,0.306,0.306,0.306,0.306,0.306,0.306,0.306,0.306,0.306,0.306,0.306,0.306,0.306,0.306,0.306,0.306,0.306,0.306,0.306,0.306,0.306,0.306,0.306,0.306,0.306,0.306,0.306,0.306,0.306,0.306,0.306,0.306,0.306,0.306,0.306,0.306,0.306,0.306,0.306,0.306,0.306,0.306,0.306,0.306,0.306,0.306,0.306,0.306,0.306,0.306,0.306,0.306,0.306,0.306,0.306,0.306,0.306,0.306,0.306,0.306,0.306,0.306,0.306,0.306,0.306,0.306,0.306,0.306,0.306,0.306,0.306,0.306,0.306,0.306,0.306
RGI60-06.00494,0.285,0.285,0.285,0.285,0.285,0.285,0.285,0.285,0.285,0.285,0.285,0.285,0.285,0.285,0.285,0.285,0.285,0.285,0.285,0.285,0.285,0.285,0.285,0.285,0.285,0.285,0.285,0.285,0.285,0.285,0.285,0.285,0.285,0.285,0.285,0.285,0.285,0.285,0.285,0.285,0.285,0.285,0.285,0.285,0.285,0.285,0.285,0.285,0.285,0.285,0.285,0.285,0.285,0.285,0.285,0.285,0.285,0.285,0.285,0.285,0.285,0.285,0.285,0.285,0.285,0.285,0.285,0.285,0.285,0.285,0.285,0.285,0.285,0.285,0.285,0.285,0.285
RGI60-06.00495,0.366,0.366,0.366,0.366,0.366,0.366,0.366,0.366,0.366,0.366,0.366,0.366,0.366,0.366,0.366,0.366,0.366,0.366,0.366,0.366,0.366,0.366,0.366,0.366,0.366,0.366,0.366,0.366,0.366,0.366,0.366,0.366,0.366,0.366,0.366,0.366,0.366,0.366,0.366,0.366,0.366,0.366,0.366,0.366,0.366,0.366,0.366,0.366,0.366,0.366,0.366,0.366,0.366,0.366,0.366,0.366,0.366,0.366,0.366,0.366,0.366,0.366,0.366,0.366,0.366,0.366,0.366,0.366,0.366,0.366,0.366,0.366,0.366,0.366,0.366,0.366,0.366
RGI60-06.00496,0.234,0.234,0.234,0.234,0.234,0.234,0.234,0.234,0.234,0.234,0.234,0.234,0.234,0.234,0.234,0.234,0.234,0.234,0.234,0.234,0.234,0.234,0.234,0.234,0.234,0.234,0.234,0.234,0.234,0.234,0.234,0.234,0.234,0.234,0.234,0.234,0.234,0.234,0.234,0.234,0.234,0.234,0.234,0.234,0.234,0.234,0.234,0.234,0.234,0.234,0.234,0.234,0.234,0.234,0.234,0.234,0.234,0.234,0.234,0.234,0.234,0.234,0.234,0.234,0.234,0.234,0.234,0.234,0.234,0.234,0.234,0.234,0.234,0.234,0.234,0.234,0.234
RGI60-06.00497,0.158,0.158,0.158,0.158,0.158,0.158,0.158,0.158,0.158,0.158,0.158,0.158,0.158,0.158,0.158,0.158,0.158,0.158,0.158,0.158,0.158,0.158,0.158,0.158,0.158,0.158,0.158,0.158,0.158,0.158,0.158,0.158,0.158,0.158,0.158,0.158,0.158,0.158,0.158,0.158,0.158,0.158,0.158,0.158,0.158,0.158,0.158,0.158,0.158,0.158,0.158,0.158,0.158,0.158,0.158,0.158,0.158,0.158,0.158,0.158,0.158,0.158,0.158,0.158,0.158,0.158,0.158,0.158,0.158,0.158,0.158,0.158,0.158,0.158,0.158,0.158,0.158
RGI60-06.00498,0.181,0.181,0.181,0.181,0.181,0.181,0.181,0.181,0.181,0.181,0.181,0.181,0.181,0.181,0.181,0.181,0.181,0.181,0.181,0.181,0.181,0.181,0.181,0.181,0.181,0.181,0.181,0.181,0.181,0.181,0.181,0.181,0.181,0.181,0.181,0.181,0.181,0.181,0.181,0.181,0.181,0.181,0.181,0.181,0.181,0.181,0.181,0.181,0.181,0.181,0.181,0.181,0.181,0.181,0.181,0.181,0.181,0.181,0.181,0.181,0.181,0.181,0.181,0.181,0.181,0.181,0.181,0.181,0.181,0.181,0.181,0.181,0.181,0.181,0.181,0.181,0.181
RGI60-06.00499,0.186,0.186,0.186,0.186,0.186,0.186,0.186,0.186,0.186,0.186,0.186,0.186,0.186,0.186,0.186,0.186,0.186,0.186,0.186,0.186,0.186,0.186,0.186,0.186,0.186,0.186,0.186,0.186,0.186,0.186,0.186,0.186,0.186,0.186,0.186,0.186,0.186,0.186,0.186,0.186,0.186,0.186,0.186,0.186,0.186,0.186,0.186,0.186,0.186,0.186,0.186,0.186,0.186,0.186,0.186,0.186,0.186,0.186,0.186,0.186,0.186,0.186,0.186,0.186,0.186,0.186,0.186,0.186,0.186,0.186,0.186,0.186,0.186,0.186,0.186,0.186,0.186
RGI60-06.00500,0.201,0.201,0.201,0.201,0.201,0.201,0.201,0.201,0.201,0.201,0.201,0.201,0.201,0.201,0.201,0.201,0.201,0.201,0.201,0.201,0.201,0.201,0.201,0.201,0.201,0.201,0.201,0.201,0.201,0.201,0.201,0.201,0.201,0.201,0.201,0.201,0.201,0.201,0.201,0.201,0.201,0.201,0.201,0.201,0.201,0.201,0.201,0.201,0.201,0.201,0.201,0.201,0.201,0.201,0.201,0.201,0.201,0.201,0.201,0.201,0.201,0.201,0.201,0.201,0.201,0.201,0.201,0.201,0.201,0.201,0.201,0.201,0.201,0.201,0.201,0.201,0.201
RGI60-06.00501,0.327,0.327,0.327,0.327,0.327,0.327,0.327,0.327,0.327,0.327,0.327,0.327,0.327,0.327,0.327,0.327,0.327,0.327,0.327,0.327,0.327,0.327,0.327,0.327,0.327,0.327,0.327,0.327,0.327,0.327,0.327,0.327,0.327,0.327,0.327,0.327,0.327,0.327,0.327,0.327,0.327,0.327,0.327,0.327,0.327,0.327,0.327,0.327,0.327,0.327,0.327,0.327,0.327,0.327,0.327,0.327,0.327,0.327,0.327,0.327,0.327,0.327,0.327,0.327,0.327,0.327,0.327,0.327,0.327,0.327,0.327,0.327,0.327,0.327,0.327,0.327,0.327
RGI60-06.00502,0.714,0.714,0.714,0.714,0.714,0.714,0.714,0.714,0.714,0.714,0.714,0.714,0.714,0.714,0.714,0.714,0.714,0.714,0.714,0.714,0.714,0.714,0.714,0.714,0.714,0.714,0.714,0.714,0.714,0.714,0.714,0.714,0.714,0.714,0.714,0.714,0.714,0.714,0.714,0.714,0.714,0.714,0.714,0.714,0.714,0.714,0.714,0.714,0.714,0.714,0.714,0.714,0.714,0.714,0.714,0.714,0.714,0.714,0.714,0.714,0.714,0.714,0.714,0.714,0.714,0.714,0.714,0.714,0.714,0.714,0.714,0.714,0.714,0.714,0.714,0.714,0.714
RGI60-06.00503,0.196,0.196,0.196,0.196,0.196,0.196,0.196,0.196,0.196,0.196,0.196,0.196,0.196,0.196,0.196,0.196,0.196,0.196,0.196,0.196,0.196,0.196,0.196,0.196,0.196,0.196,0.196,0.196,0.196,0.196,0.196,0.196,0.196,0.196,0.196,0.196,0.196,0.196,0.196,0.196,0.196,0.196,0.196,0.196,0.196,0.196,0.196,0.196,0.196,0.196,0.196,0.196,0.196,0.196,0.196,0.196,0.196,0.196,0.196,0.196,0.196,0.196,0.196,0.196,0.196,0.196,0.196,0.196,0.196,0.196,0.196,0.196,0.196,0.196,0.196,0.196,0.196
RGI60-06.00504,0.158,0.158,0.158,0.158,0.158,0.158,0.158,0.158,0.158,0.158,0.158,0.158,0.158,0.158,0.158,0.158,0.158,0.158,0.158,0.158,0.158,0.158,0.158,0.158,0.158,0.158,0.158,0.158,0.158,0.158,0.158,0.158,0.158,0.158,0.158,0.158,0.158,0.158,0.158,0.158,0.158,0.158,0.158,0.158,0.158,0.158,0.158,0.158,0.158,0.158,0.158,0.158,0.158,0.158,0.158,0.158,0.158,0.158,0.158,0.158,0.158,0.158,0.158,0.158,0.158,0.158,0.158,0.158,0.158,0.158,0.158,0.158,0.158,0.158,0.158,0.158,0.158
RGI60-06.00505,0.206,0.206,0.206,0.206,0.206,0.206,0.206,0.206,0.206,0.206,0.206,0.206,0.206,0.206,0.206,0.206,0.206,0.206,0.206,0.206,0.206,0.206,0.206,0.206,0.206,0.206,0.206,0.206,0.206,0.206,0.206,0.206,0.206,0.206,0.206,0.206,0.206,0.206,0.206,0.206,0.206,0.206,0.206,0.206,0.206,0.206,0.206,0.206,0.206,0.206,0.206,0.206,0.206,0.206,0.206,0.206,0.206,0.206,0.206,0.206,0.206,0.206,0.206,0.206,0.206,0.206,0.206,0.206,0.206,0.206,0.206,0.206,0.206,0.206,0.206,0.206,0.206
RGI60-06.00506,0.221,0.221,0.221,0.221,0.221,0.221,0.221,0.221,0.221,0.221,0.221,0.221,0.221,0.221,0.221,0.221,0.221,0.221,0.221,0.221,0.221,0.221,0.221,0.221,0.221,0.221,0.221,0.221,0.221,0.221,0.221,0.221,0.221,0.221,0.221,0.221,0.221,0.221,0.221,0.221,0.221,0.221,0.221,0.221,0.221,0.221,0.221,0.221,0.221,0.221,0.221,0.221,0.221,0.221,0.221,0.221,0.221,0.221,0.221,0.221,0.221,0.221,0.221,0.221,0.221,0.221,0.221,0.221,0.221,0.221,0.221,0.221,0.221,0.221,0.221,0.221,0.221
RGI60-06.00507,0.184,0.184,0.184,0.184,0.184,0.184,0.184,0.184,0.184,0.184,0.184,0.184,0.184,0.184,0.184,0.184,0.184,0.184,0.184,0.184,0.184,0.184,0.184,0.184,0.184,0.184,0.184,0.184,0.184,0.184,0.184,0.184,0.184,0.184,0.184,0.184,0.184,0.184,0.184,0.184,0.184,0.184,0.184,0.184,0.184,0.184,0.184,0.184,0.184,0.184,0.184,0.184,0.184,0.184,0.184,0.184,0.184,0.184,0.184,0.184,0.184,0.184,0.184,0.184,0.184,0.184,0.184,0.184,0.184,0.184,0.184,0.184,0.184,0.184,0.184,0.184,0.184
RGI60-06.00508,0.286,0.286,0.286,0.286,0.286,0.286,0.286,0.286,0.286,0.286,0.286,0.286,0.286,0.286,0.286,0.286,0.286,0.286,0.286,0.286,0.286,0.286,0.286,0.286,0.286,0.286,0.286,0.286,0.286,0.286,0.286,0.286,0.286,0.286,0.286,0.286,0.286,0.286,0.286,0.286,0.286,0.286,0.286,0.286,0.286,0.286,0.286,0.286,0.286,0.286,0.286,0.286,0.286,0.286,0.286,0.286,0.286,0.286,0.286,0.286,0.286,0.286,0.286,0.286,0.286,0.286,0.286,0.286,0.286,0.286,0.286,0.286,0.286,0.286,0.286,0.286,0.286
RGI60-06.00509,0.189,0.189,0.189,0.189,0.189,0.189,0.189,0.189,0.189,0.189,0.189,0.189,0.189,0.189,0.189,0.189,0.189,0.189,0.189,0.189,0.189,0.189,0.189,0.189,0.189,0.189,0.189,0.189,0.189,0.189,0.189,0.189,0.189,0.189,0.189,0.189,0.189,0.189,0.189,0.189,0.189,0.189,0.189,0.189,0.189,0.189,0.189,0.189,0.189,0.189,0.189,0.189,0.189,0.189,0.189,0.189,0.189,0.189,0.189,0.189,0.189,0.189,0.189,0.189,0.189,0.189,0.189,0.189,0.189,0.189,0.189,0.189,0.189,0.189,0.189,0.189,0.189
RGI60-06.00510,0.162,0.162,0.162,0.162,0.162,0.162,0.162,0.162,0.162,0.162,0.162,0.162,0.162,0.162,0.162,0.162,0.162,0.162,0.162,0.162,0.162,0.162,0.162,0.162,0.162,0.162,0.162,0.162,0.162,0.162,0.162,0.162,0.162,0.162,0.162,0.162,0.162,0.162,0.162,0.162,0.162,0.162,0.162,0.162,0.162,0.162,0.162,0.162,0.162,0.162,0.162,0.162,0.162,0.162,0.162,0.162,0.162,0.162,0.162,0.162,0.162,0.162,0.162,0.162,0.162,0.162,0.162,0.162,0.162,0.162,0.162,0.162,0.162,0.162,0.162,0.162,0.162
RGI60-06.00511,0.164,0.164,0.164,0.164,0.164,0.164,0.164,0.164,0.164,0.164,0.164,0.164,0.164,0.164,0.164,0.164,0.164,0.164,0.164,0.164,0.164,0.164,0.164,0.164,0.164,0.164,0.164,0.164,0.164,0.164,0.164,0.164,0.164,0.164,0.164,0.164,0.164,0.164,0.164,0.164,0.164,0.164,0.164,0.164,0.164,0.164,0.164,0.164,0.164,0.164,0.164,0.164,0.164,0.164,0.164,0.164,0.164,0.164,0.164,0.164,0.164,0.164,0.164,0.164,0.164,0.164,0.164,0.164,0.164,0.164,0.164,0.164,0.164,0.164,0.164,0.164,0.164
RGI60-06.00512,0.138,0.138,0.138,0.138,0.138,0.138,0.138,0.138,0.138,0.138,0.138,0.138,0.138,0.138,0.138,0.138,0.138,0.138,0.138,0.138,0.138,0.138,0.138,0.138,0.138,0.138,0.138,0.138,0.138,0.138,0.138,0.138,0.138,0.138,0.138,0.138,0.138,0.138,0.138,0.138,0.138,0.138,0.138,0.138,0.138,0.138,0.138,0.138,0.138,0.138,0.138,0.138,0.138,0.138,0.138,0.138,0.138,0.138,0.138,0.138,0.138,0.138,0.138,0.138,0.138,0.138,0.138,0.138,0.138,0.138,0.138,0.138,0.138,0.138,0.138,0.138,0.138
RGI60-06.00513,0.129,0.129,0.129,0.129,0.129,0.129,0.129,0.129,0.129,0.129,0.129,0.129,0.129,0.129,0.129,0.129,0.129,0.129,0.129,0.129,0.129,0.129,0.129,0.129,0.129,0.129,0.129,0.129,0.129,0.129,0.129,0.129,0.129,0.129,0.129,0.129,0.129,0.129,0.129,0.129,0.129,0.129,0.129,0.129,0.129,0.129,0.129,0.129,0.129,0.129,0.129,0.129,0.129,0.129,0.129,0.129,0.129,0.129,0.129,0.129,0.129,0.129,0.129,0.129,0.129,0.129,0.129,0.129,0.129,0.129,0.129,0.129,0.129,0.129,0.129,0.129,0.129
RGI60-06.00514,0.142,0.142,0.142,0.142,0.142,0.142,0.142,0.142,0.142,0.142,0.142,0.142,0.142,0.142,0.142,0.142,0.142,0.142,0.142,0.142,0.142,0.142,0.142,0.142,0.142,0.142,0.142,0.142,0.142,0.142,0.142,0.142,0.142,0.142,0.142,0.142,0.142,0.142,0.142,0.142,0.142,0.142,0.142,0.142,0.142,0.142,0.142,0.142,0.142,0.142,0.142,0.142,0.142,0.142,0.142,0.142,0.142,0.142,0.142,0.142,0.142,0.142,0.142,0.142,0.142,0.142,0.142,0.142,0.142,0.142,0.142,0.142,0.142,0.142,0.142,0.142,0.142
RGI60-06.00515,0.283,0.283,0.283,0.283,0.283,0.283,0.283,0.283,0.283,0.283,0.283,0.283,0.283,0.283,0.283,0.283,0.283,0.283,0.283,0.283,0.283,0.283,0.283,0.283,0.283,0.283,0.283,0.283,0.283,0.283,0.283,0.283,0.283,0.283,0.283,0.283,0.283,0.283,0.283,0.283,0.283,0.283,0.283,0.283,0.283,0.283,0.283,0.283,0.283,0.283,0.283,0.283,0.283,0.283,0.283,0.283,0.283,0.283,0.283,0.283,0.283,0.283,0.283,0.283,0.283,0.283,0.283,0.283,0.283,0.283,0.283,0.283,0.283,0.283,0.283,0.283,0.283
RGI60-06.00516,0.162,0.162,0.162,0.162,0.162,0.162,0.162,0.162,0.162,0.162,0.162,0.162,0.162,0.162,0.162,0.162,0.162,0.162,0.162,0.162,0.162,0.162,0.162,0.162,0.162,0.162,0.162,0.162,0.162,0.162,0.162,0.162,0.162,0.162,0.162,0.162,0.162,0.162,0.162,0.162,0.162,0.162,0.162,0.162,0.162,0.162,0.162,0.162,0.162,0.162,0.162,0.162,0.162,0.162,0.162,0.162,0.162,0.162,0.162,0.162,0.162,0.162,0.162,0.162,0.162,0.162,0.162,0.162,0.162,0.162,0.162,0.162,0.162,0.162,0.162,0.162,0.162
RGI60-06.00517,0.167,0.167,0.167,0.167,0.167,0.167,0.167,0.167,0.167,0.167,0.167,0.167,0.167,0.167,0.167,0.167,0.167,0.167,0.167,0.167,0.167,0.167,0.167,0.167,0.167,0.167,0.167,0.167,0.167,0.167,0.167,0.167,0.167,0.167,0.167,0.167,0.167,0.167,0.167,0.167,0.167,0.167,0.167,0.167,0.167,0.167,0.167,0.167,0.167,0.167,0.167,0.167,0.167,0.167,0.167,0.167,0.167,0.167,0.167,0.167,0.167,0.167,0.167,0.167,0.167,0.167,0.167,0.167,0.167,0.167,0.167,0.167,0.167,0.167,0.167,0.167,0.167
RGI60-06.00518,0.151,0.151,0.151,0.151,0.151,0.151,0.151,0.151,0.151,0.151,0.151,0.151,0.151,0.151,0.151,0.151,0.151,0.151,0.151,0.151,0.151,0.151,0.151,0.151,0.151,0.151,0.151,0.151,0.151,0.151,0.151,0.151,0.151,0.151,0.151,0.151,0.151,0.151,0.151,0.151,0.151,0.151,0.151,0.151,0.151,0.151,0.151,0.151,0.151,0.151,0.151,0.151,0.151,0.151,0.151,0.151,0.151,0.151,0.151,0.151,0.151,0.151,0.151,0.151,0.151,0.151,0.151,0.151,0.151,0.151,0.151,0.151,0.151,0.151,0.151,0.151,0.151
RGI60-06.00519,0.184,0.184,0.184,0.184,0.184,0.184,0.184,0.184,0.184,0.184,0.184,0.184,0.184,0.184,0.184,0.184,0.184,0.184,0.184,0.184,0.184,0.184,0.184,0.184,0.184,0.184,0.184,0.184,0.184,0.184,0.184,0.184,0.184,0.184,0.184,0.184,0.184,0.184,0.184,0.184,0.184,0.184,0.184,0.184,0.184,0.184,0.184,0.184,0.184,0.184,0.184,0.184,0.184,0.184,0.184,0.184,0.184,0.184,0.184,0.184,0.184,0.184,0.184,0.184,0.184,0.184,0.184,0.184,0.184,0.184,0.184,0.184,0.184,0.184,0.184,0.184,0.184
RGI60-06.00520,0.164,0.164,0.164,0.164,0.164,0.164,0.164,0.164,0.164,0.164,0.164,0.164,0.164,0.164,0.164,0.164,0.164,0.164,0.164,0.164,0.164,0.164,0.164,0.164,0.164,0.164,0.164,0.164,0.164,0.164,0.164,0.164,0.164,0.164,0.164,0.164,0.164,0.164,0.164,0.164,0.164,0.164,0.164,0.164,0.164,0.164,0.164,0.164,0.164,0.164,0.164,0.164,0.164,0.164,0.164,0.164,0.164,0.164,0.164,0.164,0.164,0.164,0.164,0.164,0.164,0.164,0.164,0.164,0.164,0.164,0.164,0.164,0.164,0.164,0.164,0.164,0.164
RGI60-06.00521,0.156,0.156,0.156,0.156,0.156,0.156,0.156,0.156,0.156,0.156,0.156,0.156,0.156,0.156,0.156,0.156,0.156,0.156,0.156,0.156,0.156,0.156,0.156,0.156,0.156,0.156,0.156,0.156,0.156,0.156,0.156,0.156,0.156,0.156,0.156,0.156,0.156,0.156,0.156,0.156,0.156,0.156,0.156,0.156,0.156,0.156,0.156,0.156,0.156,0.156,0.156,0.156,0.156,0.156,0.156,0.156,0.156,0.156,0.156,0.156,0.156,0.156,0.156,0.156,0.156,0.156,0.156,0.156,0.156,0.156,0.156,0.156,0.156,0.156,0.156,0.156,0.156
RGI60-06.00522,0.163,0.163,0.163,0.163,0.163,0.163,0.163,0.163,0.163,0.163,0.163,0.163,0.163,0.163,0.163,0.163,0.163,0.163,0.163,0.163,0.163,0.163,0.163,0.163,0.163,0.163,0.163,0.163,0.163,0.163,0.163,0.163,0.163,0.163,0.163,0.163,0.163,0.163,0.163,0.163,0.163,0.163,0.163,0.163,0.163,0.163,0.163,0.163,0.163,0.163,0.163,0.163,0.163,0.163,0.163,0.163,0.163,0.163,0.163,0.163,0.163,0.163,0.163,0.163,0.163,0.163,0.163,0.163,0.163,0.163,0.163,0.163,0.163,0.163,0.163,0.163,0.163
RGI60-06.00523,0.165,0.165,0.165,0.165,0.165,0.165,0.165,0.165,0.165,0.165,0.165,0.165,0.165,0.165,0.165,0.165,0.165,0.165,0.165,0.165,0.165,0.165,0.165,0.165,0.165,0.165,0.165,0.165,0.165,0.165,0.165,0.165,0.165,0.165,0.165,0.165,0.165,0.165,0.165,0.165,0.165,0.165,0.165,0.165,0.165,0.165,0.165,0.165,0.165,0.165,0.165,0.165,0.165,0.165,0.165,0.165,0.165,0.165,0.165,0.165,0.165,0.165,0.165,0.165,0.165,0.165,0.165,0.165,0.165,0.165,0.165,0.165,0.165,0.165,0.165,0.165,0.165
RGI60-06.00524,0.346,0.346,0.346,0.346,0.346,0.346,0.346,0.346,0.346,0.346,0.346,0.346,0.346,0.346,0.346,0.346,0.346,0.346,0.346,0.346,0.346,0.346,0.346,0.346,0.346,0.346,0.346,0.346,0.346,0.346,0.346,0.346,0.346,0.346,0.346,0.346,0.346,0.346,0.346,0.346,0.346,0.346,0.346,0.346,0.346,0.346,0.346,0.346,0.346,0.346,0.346,0.346,0.346,0.346,0.346,0.346,0.346,0.346,0.346,0.346,0.346,0.346,0.346,0.346,0.346,0.346,0.346,0.346,0.346,0.346,0.346,0.346,0.346,0.346,0.346,0.346,0.346
RGI60-06.00525,0.275,0.275,0.275,0.275,0.275,0.275,0.275,0.275,0.275,0.275,0.275,0.275,0.275,0.275,0.275,0.275,0.275,0.275,0.275,0.275,0.275,0.275,0.275,0.275,0.275,0.275,0.275,0.275,0.275,0.275,0.275,0.275,0.275,0.275,0.275,0.275,0.275,0.275,0.275,0.275,0.275,0.275,0.275,0.275,0.275,0.275,0.275,0.275,0.275,0.275,0.275,0.275,0.275,0.275,0.275,0.275,0.275,0.275,0.275,0.275,0.275,0.275,0.275,0.275,0.275,0.275,0.275,0.275,0.275,0.275,0.275,0.275,0.275,0.275,0.275,0.275,0.275
RGI60-06.00526,0.263,0.263,0.263,0.263,0.263,0.263,0.263,0.263,0.263,0.263,0.263,0.263,0.263,0.263,0.263,0.263,0.263,0.263,0.263,0.263,0.263,0.263,0.263,0.263,0.263,0.263,0.263,0.263,0.263,0.263,0.263,0.263,0.263,0.263,0.263,0.263,0.263,0.263,0.263,0.263,0.263,0.263,0.263,0.263,0.263,0.263,0.263,0.263,0.263,0.263,0.263,0.263,0.263,0.263,0.263,0.263,0.263,0.263,0.263,0.263,0.263,0.263,0.263,0.263,0.263,0.263,0.263,0.263,0.263,0.263,0.263,0.263,0.263,0.263,0.263,0.263,0.263
RGI60-06.00527,0.232,0.232,0.232,0.232,0.232,0.232,0.232,0.232,0.232,0.232,0.232,0.232,0.232,0.232,0.232,0.232,0.232,0.232,0.232,0.232,0.232,0.232,0.232,0.232,0.232,0.232,0.232,0.232,0.232,0.232,0.232,0.232,0.232,0.232,0.232,0.232,0.232,0.232,0.232,0.232,0.232,0.232,0.232,0.232,0.232,0.232,0.232,0.232,0.232,0.232,0.232,0.232,0.232,0.232,0.232,0.232,0.232,0.232,0.232,0.232,0.232,0.232,0.232,0.232,0.232,0.232,0.232,0.232,0.232,0.232,0.232,0.232,0.232,0.232,0.232,0.232,0.232
RGI60-06.00528,0.298,0.298,0.298,0.298,0.298,0.298,0.298,0.298,0.298,0.298,0.298,0.298,0.298,0.298,0.298,0.298,0.298,0.298,0.298,0.298,0.298,0.298,0.298,0.298,0.298,0.298,0.298,0.298,0.298,0.298,0.298,0.298,0.298,0.298,0.298,0.298,0.298,0.298,0.298,0.298,0.298,0.298,0.298,0.298,0.298,0.298,0.298,0.298,0.298,0.298,0.298,0.298,0.298,0.298,0.298,0.298,0.298,0.298,0.298,0.298,0.298,0.298,0.298,0.298,0.298,0.298,0.298,0.298,0.298,0.298,0.298,0.298,0.298,0.298,0.298,0.298,0.298
RGI60-06.00529,0.212,0.212,0.212,0.212,0.212,0.212,0.212,0.212,0.212,0.212,0.212,0.212,0.212,0.212,0.212,0.212,0.212,0.212,0.212,0.212,0.212,0.212,0.212,0.212,0.212,0.212,0.212,0.212,0.212,0.212,0.212,0.212,0.212,0.212,0.212,0.212,0.212,0.212,0.212,0.212,0.212,0.212,0.212,0.212,0.212,0.212,0.212,0.212,0.212,0.212,0.212,0.212,0.212,0.212,0.212,0.212,0.212,0.212,0.212,0.212,0.212,0.212,0.212,0.212,0.212,0.212,0.212,0.212,0.212,0.212,0.212,0.212,0.212,0.212,0.212,0.212,0.212
RGI60-06.00530,0.207,0.207,0.207,0.207,0.207,0.207,0.207,0.207,0.207,0.207,0.207,0.207,0.207,0.207,0.207,0.207,0.207,0.207,0.207,0.207,0.207,0.207,0.207,0.207,0.207,0.207,0.207,0.207,0.207,0.207,0.207,0.207,0.207,0.207,0.207,0.207,0.207,0.207,0.207,0.207,0.207,0.207,0.207,0.207,0.207,0.207,0.207,0.207,0.207,0.207,0.207,0.207,0.207,0.207,0.207,0.207,0.207,0.207,0.207,0.207,0.207,0.207,0.207,0.207,0.207,0.207,0.207,0.207,0.207,0.207,0.207,0.207,0.207,0.207,0.207,0.207,0.207
RGI60-06.00531,0.34,0.34,0.34,0.34,0.34,0.34,0.34,0.34,0.34,0.34,0.34,0.34,0.34,0.34,0.34,0.34,0.34,0.34,0.34,0.34,0.34,0.34,0.34,0.34,0.34,0.34,0.34,0.34,0.34,0.34,0.34,0.34,0.34,0.34,0.34,0.34,0.34,0.34,0.34,0.34,0.34,0.34,0.34,0.34,0.34,0.34,0.34,0.34,0.34,0.34,0.34,0.34,0.34,0.34,0.34,0.34,0.34,0.34,0.34,0.34,0.34,0.34,0.34,0.34,0.34,0.34,0.34,0.34,0.34,0.34,0.34,0.34,0.34,0.34,0.34,0.34,0.34
RGI60-06.00532,0.286,0.286,0.286,0.286,0.286,0.286,0.286,0.286,0.286,0.286,0.286,0.286,0.286,0.286,0.286,0.286,0.286,0.286,0.286,0.286,0.286,0.286,0.286,0.286,0.286,0.286,0.286,0.286,0.286,0.286,0.286,0.286,0.286,0.286,0.286,0.286,0.286,0.286,0.286,0.286,0.286,0.286,0.286,0.286,0.286,0.286,0.286,0.286,0.286,0.286,0.286,0.286,0.286,0.286,0.286,0.286,0.286,0.286,0.286,0.286,0.286,0.286,0.286,0.286,0.286,0.286,0.286,0.286,0.286,0.286,0.286,0.286,0.286,0.286,0.286,0.286,0.286
RGI60-06.00533,0.337,0.337,0.337,0.337,0.337,0.337,0.337,0.337,0.337,0.337,0.337,0.337,0.337,0.337,0.337,0.337,0.337,0.337,0.337,0.337,0.337,0.337,0.337,0.337,0.337,0.337,0.337,0.337,0.337,0.337,0.337,0.337,0.337,0.337,0.337,0.337,0.337,0.337,0.337,0.337,0.337,0.337,0.337,0.337,0.337,0.337,0.337,0.337,0.337,0.337,0.337,0.337,0.337,0.337,0.337,0.337,0.337,0.337,0.337,0.337,0.337,0.337,0.337,0.337,0.337,0.337,0.337,0.337,0.337,0.337,0.337,0.337,0.337,0.337,0.337,0.337,0.337
RGI60-06.00534,0.234,0.234,0.234,0.234,0.234,0.234,0.234,0.234,0.234,0.234,0.234,0.234,0.234,0.234,0.234,0.234,0.234,0.234,0.234,0.234,0.234,0.234,0.234,0.234,0.234,0.234,0.234,0.234,0.234,0.234,0.234,0.234,0.234,0.234,0.234,0.234,0.234,0.234,0.234,0.234,0.234,0.234,0.234,0.234,0.234,0.234,0.234,0.234,0.234,0.234,0.234,0.234,0.234,0.234,0.234,0.234,0.234,0.234,0.234,0.234,0.234,0.234,0.234,0.234,0.234,0.234,0.234,0.234,0.234,0.234,0.234,0.234,0.234,0.234,0.234,0.234,0.234
RGI60-06.00535,0.188,0.188,0.188,0.188,0.188,0.188,0.188,0.188,0.188,0.188,0.188,0.188,0.188,0.188,0.188,0.188,0.188,0.188,0.188,0.188,0.188,0.188,0.188,0.188,0.188,0.188,0.188,0.188,0.188,0.188,0.188,0.188,0.188,0.188,0.188,0.188,0.188,0.188,0.188,0.188,0.188,0.188,0.188,0.188,0.188,0.188,0.188,0.188,0.188,0.188,0.188,0.188,0.188,0.188,0.188,0.188,0.188,0.188,0.188,0.188,0.188,0.188,0.188,0.188,0.188,0.188,0.188,0.188,0.188,0.188,0.188,0.188,0.188,0.188,0.188,0.188,0.188
RGI60-06.00536,0.198,0.198,0.198,0.198,0.198,0.198,0.198,0.198,0.198,0.198,0.198,0.198,0.198,0.198,0.198,0.198,0.198,0.198,0.198,0.198,0.198,0.198,0.198,0.198,0.198,0.198,0.198,0.198,0.198,0.198,0.198,0.198,0.198,0.198,0.198,0.198,0.198,0.198,0.198,0.198,0.198,0.198,0.198,0.198,0.198,0.198,0.198,0.198,0.198,0.198,0.198,0.198,0.198,0.198,0.198,0.198,0.198,0.198,0.198,0.198,0.198,0.198,0.198,0.198,0.198,0.198,0.198,0.198,0.198,0.198,0.198,0.198,0.198,0.198,0.198,0.198,0.198
RGI60-06.00537,0.222,0.222,0.222,0.222,0.222,0.222,0.222,0.222,0.222,0.222,0.222,0.222,0.222,0.222,0.222,0.222,0.222,0.222,0.222,0.222,0.222,0.222,0.222,0.222,0.222,0.222,0.222,0.222,0.222,0.222,0.222,0.222,0.222,0.222,0.222,0.222,0.222,0.222,0.222,0.222,0.222,0.222,0.222,0.222,0.222,0.222,0.222,0.222,0.222,0.222,0.222,0.222,0.222,0.222,0.222,0.222,0.222,0.222,0.222,0.222,0.222,0.222,0.222,0.222,0.222,0.222,0.222,0.222,0.222,0.222,0.222,0.222,0.222,0.222,0.222,0.222,0.222
RGI60-06.00538,0.41,0.41,0.41,0.41,0.41,0.41,0.41,0.41,0.41,0.41,0.41,0.41,0.41,0.41,0.41,0.41,0.41,0.41,0.41,0.41,0.41,0.41,0.41,0.41,0.41,0.41,0.41,0.41,0.41,0.41,0.41,0.41,0.41,0.41,0.41,0.41,0.41,0.41,0.41,0.41,0.41,0.41,0.41,0.41,0.41,0.41,0.41,0.41,0.41,0.41,0.41,0.41,0.41,0.41,0.41,0.41,0.41,0.41,0.41,0.41,0.41,0.41,0.41,0.41,0.41,0.41,0.41,0.41,0.41,0.41,0.41,0.41,0.41,0.41,0.41,0.41,0.41
RGI60-06.00539,0.101,0.101,0.101,0.101,0.101,0.101,0.101,0.101,0.101,0.101,0.101,0.101,0.101,0.101,0.101,0.101,0.101,0.101,0.101,0.101,0.101,0.101,0.101,0.101,0.101,0.101,0.101,0.101,0.101,0.101,0.101,0.101,0.101,0.101,0.101,0.101,0.101,0.101,0.101,0.101,0.101,0.101,0.101,0.101,0.101,0.101,0.101,0.101,0.101,0.101,0.101,0.101,0.101,0.101,0.101,0.101,0.101,0.101,0.101,0.101,0.101,0.101,0.101,0.101,0.101,0.101,0.101,0.101,0.101,0.101,0.101,0.101,0.101,0.101,0.101,0.101,0.101
RGI60-06.00540,0.112,0.112,0.112,0.112,0.112,0.112,0.112,0.112,0.112,0.112,0.112,0.112,0.112,0.112,0.112,0.112,0.112,0.112,0.112,0.112,0.112,0.112,0.112,0.112,0.112,0.112,0.112,0.112,0.112,0.112,0.112,0.112,0.112,0.112,0.112,0.112,0.112,0.112,0.112,0.112,0.112,0.112,0.112,0.112,0.112,0.112,0.112,0.112,0.112,0.112,0.112,0.112,0.112,0.112,0.112,0.112,0.112,0.112,0.112,0.112,0.112,0.112,0.112,0.112,0.112,0.112,0.112,0.112,0.112,0.112,0.112,0.112,0.112,0.112,0.112,0.112,0.112
RGI60-06.00541,0.116,0.116,0.116,0.116,0.116,0.116,0.116,0.116,0.116,0.116,0.116,0.116,0.116,0.116,0.116,0.116,0.116,0.116,0.116,0.116,0.116,0.116,0.116,0.116,0.116,0.116,0.116,0.116,0.116,0.116,0.116,0.116,0.116,0.116,0.116,0.116,0.116,0.116,0.116,0.116,0.116,0.116,0.116,0.116,0.116,0.116,0.116,0.116,0.116,0.116,0.116,0.116,0.116,0.116,0.116,0.116,0.116,0.116,0.116,0.116,0.116,0.116,0.116,0.116,0.116,0.116,0.116,0.116,0.116,0.116,0.116,0.116,0.116,0.116,0.116,0.116,0.116
RGI60-06.00542,0.157,0.157,0.157,0.157,0.157,0.157,0.157,0.157,0.157,0.157,0.157,0.157,0.157,0.157,0.157,0.157,0.157,0.157,0.157,0.157,0.157,0.157,0.157,0.157,0.157,0.157,0.157,0.157,0.157,0.157,0.157,0.157,0.157,0.157,0.157,0.157,0.157,0.157,0.157,0.157,0.157,0.157,0.157,0.157,0.157,0.157,0.157,0.157,0.157,0.157,0.157,0.157,0.157,0.157,0.157,0.157,0.157,0.157,0.157,0.157,0.157,0.157,0.157,0.157,0.157,0.157,0.157,0.157,0.157,0.157,0.157,0.157,0.157,0.157,0.157,0.157,0.157
RGI60-06.00543,0.15,0.15,0.15,0.15,0.15,0.15,0.15,0.15,0.15,0.15,0.15,0.15,0.15,0.15,0.15,0.15,0.15,0.15,0.15,0.15,0.15,0.15,0.15,0.15,0.15,0.15,0.15,0.15,0.15,0.15,0.15,0.15,0.15,0.15,0.15,0.15,0.15,0.15,0.15,0.15,0.15,0.15,0.15,0.15,0.15,0.15,0.15,0.15,0.15,0.15,0.15,0.15,0.15,0.15,0.15,0.15,0.15,0.15,0.15,0.15,0.15,0.15,0.15,0.15,0.15,0.15,0.15,0.15,0.15,0.15,0.15,0.15,0.15,0.15,0.15,0.15,0.15
RGI60-06.00544,0.104,0.104,0.104,0.104,0.104,0.104,0.104,0.104,0.104,0.104,0.104,0.104,0.104,0.104,0.104,0.104,0.104,0.104,0.104,0.104,0.104,0.104,0.104,0.104,0.104,0.104,0.104,0.104,0.104,0.104,0.104,0.104,0.104,0.104,0.104,0.104,0.104,0.104,0.104,0.104,0.104,0.104,0.104,0.104,0.104,0.104,0.104,0.104,0.104,0.104,0.104,0.104,0.104,0.104,0.104,0.104,0.104,0.104,0.104,0.104,0.104,0.104,0.104,0.104,0.104,0.104,0.104,0.104,0.104,0.104,0.104,0.104,0.104,0.104,0.104,0.104,0.104
RGI60-06.00545,0.118,0.118,0.118,0.118,0.118,0.118,0.118,0.118,0.118,0.118,0.118,0.118,0.118,0.118,0.118,0.118,0.118,0.118,0.118,0.118,0.118,0.118,0.118,0.118,0.118,0.118,0.118,0.118,0.118,0.118,0.118,0.118,0.118,0.118,0.118,0.118,0.118,0.118,0.118,0.118,0.118,0.118,0.118,0.118,0.118,0.118,0.118,0.118,0.118,0.118,0.118,0.118,0.118,0.118,0.118,0.118,0.118,0.118,0.118,0.118,0.118,0.118,0.118,0.118,0.118,0.118,0.118,0.118,0.118,0.118,0.118,0.118,0.118,0.118,0.118,0.118,0.118
RGI60-06.00546,0.202,0.202,0.202,0.202,0.202,0.202,0.202,0.202,0.202,0.202,0.202,0.202,0.202,0.202,0.202,0.202,0.202,0.202,0.202,0.202,0.202,0.202,0.202,0.202,0.202,0.202,0.202,0.202,0.202,0.202,0.202,0.202,0.202,0.202,0.202,0.202,0.202,0.202,0.202,0.202,0.202,0.202,0.202,0.202,0.202,0.202,0.202,0.202,0.202,0.202,0.202,0.202,0.202,0.202,0.202,0.202,0.202,0.202,0.202,0.202,0.202,0.202,0.202,0.202,0.202,0.202,0.202,0.202,0.202,0.202,0.202,0.202,0.202,0.202,0.202,0.202,0.202
RGI60-06.00547,0.205,0.205,0.205,0.205,0.205,0.205,0.205,0.205,0.205,0.205,0.205,0.205,0.205,0.205,0.205,0.205,0.205,0.205,0.205,0.205,0.205,0.205,0.205,0.205,0.205,0.205,0.205,0.205,0.205,0.205,0.205,0.205,0.205,0.205,0.205,0.205,0.205,0.205,0.205,0.205,0.205,0.205,0.205,0.205,0.205,0.205,0.205,0.205,0.205,0.205,0.205,0.205,0.205,0.205,0.205,0.205,0.205,0.205,0.205,0.205,0.205,0.205,0.205,0.205,0.205,0.205,0.205,0.205,0.205,0.205,0.205,0.205,0.205,0.205,0.205,0.205,0.205
RGI60-06.00548,0.173,0.173,0.173,0.173,0.173,0.173,0.173,0.173,0.173,0.173,0.173,0.173,0.173,0.173,0.173,0.173,0.173,0.173,0.173,0.173,0.173,0.173,0.173,0.173,0.173,0.173,0.173,0.173,0.173,0.173,0.173,0.173,0.173,0.173,0.173,0.173,0.173,0.173,0.173,0.173,0.173,0.173,0.173,0.173,0.173,0.173,0.173,0.173,0.173,0.173,0.173,0.173,0.173,0.173,0.173,0.173,0.173,0.173,0.173,0.173,0.173,0.173,0.173,0.173,0.173,0.173,0.173,0.173,0.173,0.173,0.173,0.173,0.173,0.173,0.173,0.173,0.173
RGI60-06.00549,0.145,0.145,0.145,0.145,0.145,0.145,0.145,0.145,0.145,0.145,0.145,0.145,0.145,0.145,0.145,0.145,0.145,0.145,0.145,0.145,0.145,0.145,0.145,0.145,0.145,0.145,0.145,0.145,0.145,0.145,0.145,0.145,0.145,0.145,0.145,0.145,0.145,0.145,0.145,0.145,0.145,0.145,0.145,0.145,0.145,0.145,0.145,0.145,0.145,0.145,0.145,0.145,0.145,0.145,0.145,0.145,0.145,0.145,0.145,0.145,0.145,0.145,0.145,0.145,0.145,0.145,0.145,0.145,0.145,0.145,0.145,0.145,0.145,0.145,0.145,0.145,0.145
RGI60-06.00550,0.187,0.187,0.187,0.187,0.187,0.187,0.187,0.187,0.187,0.187,0.187,0.187,0.187,0.187,0.187,0.187,0.187,0.187,0.187,0.187,0.187,0.187,0.187,0.187,0.187,0.187,0.187,0.187,0.187,0.187,0.187,0.187,0.187,0.187,0.187,0.187,0.187,0.187,0.187,0.187,0.187,0.187,0.187,0.187,0.187,0.187,0.187,0.187,0.187,0.187,0.187,0.187,0.187,0.187,0.187,0.187,0.187,0.187,0.187,0.187,0.187,0.187,0.187,0.187,0.187,0.187,0.187,0.187,0.187,0.187,0.187,0.187,0.187,0.187,0.187,0.187,0.187
RGI60-06.00551,0.175,0.175,0.175,0.175,0.175,0.175,0.175,0.175,0.175,0.175,0.175,0.175,0.175,0.175,0.175,0.175,0.175,0.175,0.175,0.175,0.175,0.175,0.175,0.175,0.175,0.175,0.175,0.175,0.175,0.175,0.175,0.175,0.175,0.175,0.175,0.175,0.175,0.175,0.175,0.175,0.175,0.175,0.175,0.175,0.175,0.175,0.175,0.175,0.175,0.175,0.175,0.175,0.175,0.175,0.175,0.175,0.175,0.175,0.175,0.175,0.175,0.175,0.175,0.175,0.175,0.175,0.175,0.175,0.175,0.175,0.175,0.175,0.175,0.175,0.175,0.175,0.175
RGI60-06.00552,0.201,0.201,0.201,0.201,0.201,0.201,0.201,0.201,0.201,0.201,0.201,0.201,0.201,0.201,0.201,0.201,0.201,0.201,0.201,0.201,0.201,0.201,0.201,0.201,0.201,0.201,0.201,0.201,0.201,0.201,0.201,0.201,0.201,0.201,0.201,0.201,0.201,0.201,0.201,0.201,0.201,0.201,0.201,0.201,0.201,0.201,0.201,0.201,0.201,0.201,0.201,0.201,0.201,0.201,0.201,0.201,0.201,0.201,0.201,0.201,0.201,0.201,0.201,0.201,0.201,0.201,0.201,0.201,0.201,0.201,0.201,0.201,0.201,0.201,0.201,0.201,0.201
RGI60-06.00553,0.132,0.132,0.132,0.132,0.132,0.132,0.132,0.132,0.132,0.132,0.132,0.132,0.132,0.132,0.132,0.132,0.132,0.132,0.132,0.132,0.132,0.132,0.132,0.132,0.132,0.132,0.132,0.132,0.132,0.132,0.132,0.132,0.132,0.132,0.132,0.132,0.132,0.132,0.132,0.132,0.132,0.132,0.132,0.132,0.132,0.132,0.132,0.132,0.132,0.132,0.132,0.132,0.132,0.132,0.132,0.132,0.132,0.132,0.132,0.132,0.132,0.132,0.132,0.132,0.132,0.132,0.132,0.132,0.132,0.132,0.132,0.132,0.132,0.132,0.132,0.132,0.132
RGI60-06.00554,0.139,0.139,0.139,0.139,0.139,0.139,0.139,0.139,0.139,0.139,0.139,0.139,0.139,0.139,0.139,0.139,0.139,0.139,0.139,0.139,0.139,0.139,0.139,0.139,0.139,0.139,0.139,0.139,0.139,0.139,0.139,0.139,0.139,0.139,0.139,0.139,0.139,0.139,0.139,0.139,0.139,0.139,0.139,0.139,0.139,0.139,0.139,0.139,0.139,0.139,0.139,0.139,0.139,0.139,0.139,0.139,0.139,0.139,0.139,0.139,0.139,0.139,0.139,0.139,0.139,0.139,0.139,0.139,0.139,0.139,0.139,0.139,0.139,0.139,0.139,0.139,0.139
RGI60-06.00555,0.139,0.139,0.139,0.139,0.139,0.139,0.139,0.139,0.139,0.139,0.139,0.139,0.139,0.139,0.139,0.139,0.139,0.139,0.139,0.139,0.139,0.139,0.139,0.139,0.139,0.139,0.139,0.139,0.139,0.139,0.139,0.139,0.139,0.139,0.139,0.139,0.139,0.139,0.139,0.139,0.139,0.139,0.139,0.139,0.139,0.139,0.139,0.139,0.139,0.139,0.139,0.139,0.139,0.139,0.139,0.139,0.139,0.139,0.139,0.139,0.139,0.139,0.139,0.139,0.139,0.139,0.139,0.139,0.139,0.139,0.139,0.139,0.139,0.139,0.139,0.139,0.139
RGI60-06.00556,0.167,0.167,0.167,0.167,0.167,0.167,0.167,0.167,0.167,0.167,0.167,0.167,0.167,0.167,0.167,0.167,0.167,0.167,0.167,0.167,0.167,0.167,0.167,0.167,0.167,0.167,0.167,0.167,0.167,0.167,0.167,0.167,0.167,0.167,0.167,0.167,0.167,0.167,0.167,0.167,0.167,0.167,0.167,0.167,0.167,0.167,0.167,0.167,0.167,0.167,0.167,0.167,0.167,0.167,0.167,0.167,0.167,0.167,0.167,0.167,0.167,0.167,0.167,0.167,0.167,0.167,0.167,0.167,0.167,0.167,0.167,0.167,0.167,0.167,0.167,0.167,0.167
RGI60-06.00557,0.167,0.167,0.167,0.167,0.167,0.167,0.167,0.167,0.167,0.167,0.167,0.167,0.167,0.167,0.167,0.167,0.167,0.167,0.167,0.167,0.167,0.167,0.167,0.167,0.167,0.167,0.167,0.167,0.167,0.167,0.167,0.167,0.167,0.167,0.167,0.167,0.167,0.167,0.167,0.167,0.167,0.167,0.167,0.167,0.167,0.167,0.167,0.167,0.167,0.167,0.167,0.167,0.167,0.167,0.167,0.167,0.167,0.167,0.167,0.167,0.167,0.167,0.167,0.167,0.167,0.167,0.167,0.167,0.167,0.167,0.167,0.167,0.167,0.167,0.167,0.167,0.167
RGI60-06.00558,0.106,0.106,0.106,0.106,0.106,0.106,0.106,0.106,0.106,0.106,0.106,0.106,0.106,0.106,0.106,0.106,0.106,0.106,0.106,0.106,0.106,0.106,0.106,0.106,0.106,0.106,0.106,0.106,0.106,0.106,0.106,0.106,0.106,0.106,0.106,0.106,0.106,0.106,0.106,0.106,0.106,0.106,0.106,0.106,0.106,0.106,0.106,0.106,0.106,0.106,0.106,0.106,0.106,0.106,0.106,0.106,0.106,0.106,0.106,0.106,0.106,0.106,0.106,0.106,0.106,0.106,0.106,0.106,0.106,0.106,0.106,0.106,0.106,0.106,0.106,0.106,0.106
RGI60-06.00559,0.155,0.155,0.155,0.155,0.155,0.155,0.155,0.155,0.155,0.155,0.155,0.155,0.155,0.155,0.155,0.155,0.155,0.155,0.155,0.155,0.155,0.155,0.155,0.155,0.155,0.155,0.155,0.155,0.155,0.155,0.155,0.155,0.155,0.155,0.155,0.155,0.155,0.155,0.155,0.155,0.155,0.155,0.155,0.155,0.155,0.155,0.155,0.155,0.155,0.155,0.155,0.155,0.155,0.155,0.155,0.155,0.155,0.155,0.155,0.155,0.155,0.155,0.155,0.155,0.155,0.155,0.155,0.155,0.155,0.155,0.155,0.155,0.155,0.155,0.155,0.155,0.155
RGI60-06.00560,0.177,0.177,0.177,0.177,0.177,0.177,0.177,0.177,0.177,0.177,0.177,0.177,0.177,0.177,0.177,0.177,0.177,0.177,0.177,0.177,0.177,0.177,0.177,0.177,0.177,0.177,0.177,0.177,0.177,0.177,0.177,0.177,0.177,0.177,0.177,0.177,0.177,0.177,0.177,0.177,0.177,0.177,0.177,0.177,0.177,0.177,0.177,0.177,0.177,0.177,0.177,0.177,0.177,0.177,0.177,0.177,0.177,0.177,0.177,0.177,0.177,0.177,0.177,0.177,0.177,0.177,0.177,0.177,0.177,0.177,0.177,0.177,0.177,0.177,0.177,0.177,0.177
RGI60-06.00561,0.119,0.119,0.119,0.119,0.119,0.119,0.119,0.119,0.119,0.119,0.119,0.119,0.119,0.119,0.119,0.119,0.119,0.119,0.119,0.119,0.119,0.119,0.119,0.119,0.119,0.119,0.119,0.119,0.119,0.119,0.119,0.119,0.119,0.119,0.119,0.119,0.119,0.119,0.119,0.119,0.119,0.119,0.119,0.119,0.119,0.119,0.119,0.119,0.119,0.119,0.119,0.119,0.119,0.119,0.119,0.119,0.119,0.119,0.119,0.119,0.119,0.119,0.119,0.119,0.119,0.119,0.119,0.119,0.119,0.119,0.119,0.119,0.119,0.119,0.119,0.119,0.119
RGI60-06.00562,0.112,0.112,0.112,0.112,0.112,0.112,0.112,0.112,0.112,0.112,0.112,0.112,0.112,0.112,0.112,0.112,0.112,0.112,0.112,0.112,0.112,0.112,0.112,0.112,0.112,0.112,0.112,0.112,0.112,0.112,0.112,0.112,0.112,0.112,0.112,0.112,0.112,0.112,0.112,0.112,0.112,0.112,0.112,0.112,0.112,0.112,0.112,0.112,0.112,0.112,0.112,0.112,0.112,0.112,0.112,0.112,0.112,0.112,0.112,0.112,0.112,0.112,0.112,0.112,0.112,0.112,0.112,0.112,0.112,0.112,0.112,0.112,0.112,0.112,0.112,0.112,0.112
RGI60-06.00563,0.122,0.122,0.122,0.122,0.122,0.122,0.122,0.122,0.122,0.122,0.122,0.122,0.122,0.122,0.122,0.122,0.122,0.122,0.122,0.122,0.122,0.122,0.122,0.122,0.122,0.122,0.122,0.122,0.122,0.122,0.122,0.122,0.122,0.122,0.122,0.122,0.122,0.122,0.122,0.122,0.122,0.122,0.122,0.122,0.122,0.122,0.122,0.122,0.122,0.122,0.122,0.122,0.122,0.122,0.122,0.122,0.122,0.122,0.122,0.122,0.122,0.122,0.122,0.122,0.122,0.122,0.122,0.122,0.122,0.122,0.122,0.122,0.122,0.122,0.122,0.122,0.122
RGI60-06.00564,0.151,0.151,0.151,0.151,0.151,0.151,0.151,0.151,0.151,0.151,0.151,0.151,0.151,0.151,0.151,0.151,0.151,0.151,0.151,0.151,0.151,0.151,0.151,0.151,0.151,0.151,0.151,0.151,0.151,0.151,0.151,0.151,0.151,0.151,0.151,0.151,0.151,0.151,0.151,0.151,0.151,0.151,0.151,0.151,0.151,0.151,0.151,0.151,0.151,0.151,0.151,0.151,0.151,0.151,0.151,0.151,0.151,0.151,0.151,0.151,0.151,0.151,0.151,0.151,0.151,0.151,0.151,0.151,0.151,0.151,0.151,0.151,0.151,0.151,0.151,0.151,0.151
RGI60-06.00565,0.168,0.168,0.168,0.168,0.168,0.168,0.168,0.168,0.168,0.168,0.168,0.168,0.168,0.168,0.168,0.168,0.168,0.168,0.168,0.168,0.168,0.168,0.168,0.168,0.168,0.168,0.168,0.168,0.168,0.168,0.168,0.168,0.168,0.168,0.168,0.168,0.168,0.168,0.168,0.168,0.168,0.168,0.168,0.168,0.168,0.168,0.168,0.168,0.168,0.168,0.168,0.168,0.168,0.168,0.168,0.168,0.168,0.168,0.168,0.168,0.168,0.168,0.168,0.168,0.168,0.168,0.168,0.168,0.168,0.168,0.168,0.168,0.168,0.168,0.168,0.168,0.168
RGI60-06.00566,0.128,0.128,0.128,0.128,0.128,0.128,0.128,0.128,0.128,0.128,0.128,0.128,0.128,0.128,0.128,0.128,0.128,0.128,0.128,0.128,0.128,0.128,0.128,0.128,0.128,0.128,0.128,0.128,0.128,0.128,0.128,0.128,0.128,0.128,0.128,0.128,0.128,0.128,0.128,0.128,0.128,0.128,0.128,0.128,0.128,0.128,0.128,0.128,0.128,0.128,0.128,0.128,0.128,0.128,0.128,0.128,0.128,0.128,0.128,0.128,0.128,0.128,0.128,0.128,0.128,0.128,0.128,0.128,0.128,0.128,0.128,0.128,0.128,0.128,0.128,0.128,0.128
RGI60-06.00567,0.16,0.16,0.16,0.16,0.16,0.16,0.16,0.16,0.16,0.16,0.16,0.16,0.16,0.16,0.16,0.16,0.16,0.16,0.16,0.16,0.16,0.16,0.16,0.16,0.16,0.16,0.16,0.16,0.16,0.16,0.16,0.16,0.16,0.16,0.16,0.16,0.16,0.16,0.16,0.16,0.16,0.16,0.16,0.16,0.16,0.16,0.16,0.16,0.16,0.16,0.16,0.16,0.16,0.16,0.16,0.16,0.16,0.16,0.16,0.16,0.16,0.16,0.16,0.16,0.16,0.16,0.16,0.16,0.16,0.16,0.16,0.16,0.16,0.16,0.16,0.16,0.16
RGI60-06.00568,0.12,0.12,0.12,0.12,0.12,0.12,0.12,0.12,0.12,0.12,0.12,0.12,0.12,0.12,0.12,0.12,0.12,0.12,0.12,0.12,0.12,0.12,0.12,0.12,0.12,0.12,0.12,0.12,0.12,0.12,0.12,0.12,0.12,0.12,0.12,0.12,0.12,0.12,0.12,0.12,0.12,0.12,0.12,0.12,0.12,0.12,0.12,0.12,0.12,0.12,0.12,0.12,0.12,0.12,0.12,0.12,0.12,0.12,0.12,0.12,0.12,0.12,0.12,0.12,0.12,0.12,0.12,0.12,0.12,0.12,0.12,0.12,0.12,0.12,0.12,0.12,0.12
