outline_id,1976,1977,1978,1979,1980,1981,1982,1983,1984,1985,1986,1987,1988,1989,1990,1991,1992,1993,1994,1995,1996,1997,1998,1999,2000,2001,2002,2003,2004,2005,2006,2007,2008,2009,2010,2011,2012,2013,2014,2015,2016,2017,2018,2019,2020,2021,2022,2023,2024,2025
RGI60-16.00001,1.321,1.321,1.321,1.321,1.321,1.321,1.321,1.321,1.321,1.321,1.321,1.321,1.321,1.321,1.321,1.321,0.646,0.646,0.646,0.827,0.827,0.827,0.827,0.827,0.827,0.827,0.827,0.818,0.818,0.794,0.79,0.79,0.79,0.787,0.787,0.787,0.787,0.787,0.787,0.787,0.787,0.787,0.787,0.787,0.79,0.787,0.787,0.787,0.789,1.011
RGI60-16.00002,1.317,1.317,1.317,1.317,1.317,1.317,1.317,1.317,1.317,1.317,1.317,1.317,1.317,1.317,1.317,1.317,0.638,0.638,0.638,0.821,0.821,0.821,0.821,0.821,0.821,0.821,0.821,0.812,0.812,0.788,0.783,0.783,0.783,0.781,0.781,0.781,0.781,0.781,0.781,0.781,0.781,0.781,0.781,0.781,0.783,0.781,0.781,0.781,0.782,1.005
RGI60-16.00003,1.32,1.32,1.32,1.32,1.32,1.32,1.32,1.32,1.32,1.32,1.32,1.32,1.32,1.32,1.32,1.32,0.646,0.646,0.646,0.828,0.828,0.828,0.828,0.828,0.828,0.828,0.828,0.818,0.818,0.795,0.79,0.79,0.79,0.788,0.788,0.788,0.788,0.788,0.788,0.788,0.788,0.788,0.788,0.788,0.79,0.788,0.788,0.788,0.789,1.01
RGI60-16.00004,1.331,1.331,1.331,1.331,1.331,1.331,1.331,1.331,1.331,1.331,1.331,1.331,1.331,1.331,1.331,1.331,0.607,0.607,0.607,0.778,0.778,0.778,0.778,0.778,0.778,0.778,0.778,0.767,0.767,0.752,0.748,0.748,0.748,0.747,0.747,0.747,0.747,0.747,0.747,0.747,0.747,0.747,0.747,0.747,0.748,0.747,0.747,0.747,0.748,1.024
RGI60-16.00005,1.356,1.356,1.356,1.356,1.356,1.356,1.356,1.356,1.356,1.356,1.356,1.356,1.356,1.356,1.356,1.356,0.659,0.659,0.659,0.819,0.819,0.819,0.819,0.819,0.819,0.819,0.819,0.809,0.809,0.795,0.791,0.791,0.791,0.79,0.79,0.79,0.79,0.79,0.79,0.79,0.79,0.79,0.79,0.79,0.791,0.79,0.79,0.79,0.791,1.056
RGI60-16.00006,1.311,1.311,1.311,1.311,1.311,1.311,1.311,1.311,1.311,1.311,1.311,1.311,1.311,1.311,1.311,1.311,0.626,0.626,0.626,0.811,0.811,0.811,0.811,0.811,0.811,0.811,0.811,0.802,0.802,0.778,0.773,0.773,0.773,0.771,0.771,0.771,0.771,0.771,0.771,0.771,0.771,0.771,0.771,0.771,0.773,0.771,0.771,0.771,0.772,0.998
RGI60-16.00007,1.311,1.311,1.311,1.311,1.311,1.311,1.311,1.311,1.311,1.311,1.311,1.311,1.311,1.311,1.311,1.311,0.626,0.626,0.626,0.811,0.811,0.811,0.811,0.811,0.811,0.811,0.811,0.802,0.802,0.778,0.773,0.773,0.773,0.771,0.771,0.771,0.771,0.771,0.771,0.771,0.771,0.771,0.771,0.771,0.773,0.771,0.771,0.771,0.772,0.998
RGI60-16.00008,1.325,1.325,1.325,1.325,1.325,1.325,1.325,1.325,1.325,1.325,1.325,1.325,1.325,1.325,1.325,1.325,0.654,0.654,0.654,0.833,0.833,0.833,0.833,0.833,0.833,0.833,0.833,0.824,0.824,0.801,0.796,0.796,0.796,0.794,0.794,0.794,0.794,0.794,0.794,0.794,0.794,0.794,0.794,0.794,0.796,0.794,0.794,0.794,0.795,1.016
RGI60-16.00009,1.315,1.315,1.315,1.315,1.315,1.315,1.315,1.315,1.315,1.315,1.315,1.315,1.315,1.315,1.315,1.315,0.634,0.634,0.634,0.817,0.817,0.817,0.817,0.817,0.817,0.817,0.817,0.808,0.808,0.784,0.779,0.779,0.779,0.777,0.777,0.777,0.777,0.777,0.777,0.777,0.777,0.777,0.777,0.777,0.779,0.777,0.777,0.777,0.779,1.004
RGI60-16.00010,1.305,1.305,1.305,1.305,1.305,1.305,1.305,1.305,1.305,1.305,1.305,1.305,1.305,1.305,1.305,1.305,0.647,0.647,0.647,0.834,0.834,0.834,0.834,0.834,0.834,0.834,0.834,0.825,0.825,0.796,0.791,0.791,0.791,0.788,0.788,0.788,0.788,0.788,0.788,0.788,0.788,0.788,0.788,0.788,0.791,0.788,0.788,0.788,0.79,0.99
RGI60-16.00011,1.309,1.309,1.309,1.309,1.309,1.309,1.309,1.309,1.309,1.309,1.309,1.309,1.309,1.309,1.309,1.309,0.655,0.655,0.655,0.841,0.841,0.841,0.841,0.841,0.841,0.841,0.841,0.832,0.832,0.803,0.798,0.798,0.798,0.795,0.795,0.795,0.795,0.795,0.795,0.795,0.795,0.795,0.795,0.795,0.798,0.795,0.795,0.795,0.797,0.996
RGI60-16.00012,1.34,1.34,1.34,1.34,1.34,1.34,1.34,1.34,1.34,1.34,1.34,1.34,1.34,1.34,1.34,1.34,0.629,0.629,0.629,0.796,0.796,0.796,0.796,0.796,0.796,0.796,0.796,0.785,0.785,0.77,0.767,0.767,0.767,0.765,0.765,0.765,0.765,0.765,0.765,0.765,0.765,0.765,0.765,0.765,0.767,0.765,0.765,0.765,0.766,1.036
RGI60-16.00013,1.391,1.391,1.391,1.391,1.391,1.391,1.391,1.391,1.391,1.391,1.391,1.391,1.391,1.391,1.391,1.391,0.806,0.806,0.806,0.963,0.963,0.963,0.963,0.963,0.963,0.963,0.963,0.955,0.955,0.93,0.925,0.925,0.925,0.923,0.923,0.923,0.923,0.923,0.923,0.923,0.923,0.923,0.923,0.923,0.925,0.923,0.923,0.923,0.925,1.1
RGI60-16.00014,1.322,1.322,1.322,1.322,1.322,1.322,1.322,1.322,1.322,1.322,1.322,1.322,1.322,1.322,1.322,1.322,0.68,0.68,0.68,0.86,0.86,0.86,0.86,0.86,0.86,0.86,0.86,0.852,0.852,0.823,0.818,0.818,0.818,0.816,0.816,0.816,0.816,0.816,0.816,0.816,0.816,0.816,0.816,0.816,0.818,0.816,0.816,0.816,0.817,1.012
RGI60-16.00015,1.341,1.341,1.341,1.341,1.341,1.341,1.341,1.341,1.341,1.341,1.341,1.341,1.341,1.341,1.341,1.341,0.716,0.716,0.716,0.889,0.889,0.889,0.889,0.889,0.889,0.889,0.889,0.881,0.881,0.853,0.848,0.848,0.848,0.846,0.846,0.846,0.846,0.846,0.846,0.846,0.846,0.846,0.846,0.846,0.848,0.846,0.846,0.846,0.847,1.037
RGI60-16.00016,1.377,1.377,1.377,1.377,1.377,1.377,1.377,1.377,1.377,1.377,1.377,1.377,1.377,1.377,1.377,1.377,0.781,0.781,0.781,0.942,0.942,0.942,0.942,0.942,0.942,0.942,0.942,0.934,0.934,0.908,0.904,0.904,0.904,0.902,0.902,0.902,0.902,0.902,0.902,0.902,0.902,0.902,0.902,0.902,0.904,0.902,0.902,0.902,0.903,1.083
RGI60-16.00017,1.419,1.419,1.419,1.419,1.419,1.419,1.419,1.419,1.419,1.419,1.419,1.419,1.419,1.419,1.419,1.419,0.854,0.854,0.854,1.003,1.003,1.003,1.003,1.003,1.003,1.003,1.003,0.996,0.996,0.972,0.968,0.968,0.968,0.965,0.965,0.965,0.965,0.965,0.965,0.965,0.965,0.965,0.965,0.965,0.968,0.965,0.965,0.965,0.967,1.136
RGI60-16.00018,1.306,1.306,1.306,1.306,1.306,1.306,1.306,1.306,1.306,1.306,1.306,1.306,1.306,1.306,1.306,1.306,0.647,0.647,0.647,0.834,0.834,0.834,0.834,0.834,0.834,0.834,0.834,0.826,0.826,0.796,0.791,0.791,0.791,0.789,0.789,0.789,0.789,0.789,0.789,0.789,0.789,0.789,0.789,0.789,0.791,0.789,0.789,0.789,0.79,0.991
RGI60-16.00019,1.328,1.328,1.328,1.328,1.328,1.328,1.328,1.328,1.328,1.328,1.328,1.328,1.328,1.328,1.328,1.328,0.602,0.602,0.602,0.774,0.774,0.774,0.774,0.774,0.774,0.774,0.774,0.764,0.764,0.748,0.745,0.745,0.745,0.743,0.743,0.743,0.743,0.743,0.743,0.743,0.743,0.743,0.743,0.743,0.745,0.743,0.743,0.743,0.744,1.02
RGI60-16.00020,1.33,1.33,1.33,1.33,1.33,1.33,1.33,1.33,1.33,1.33,1.33,1.33,1.33,1.33,1.33,1.33,0.636,0.636,0.636,0.826,0.826,0.826,0.826,0.826,0.826,0.826,0.826,0.815,0.815,0.796,0.791,0.791,0.791,0.788,0.788,0.788,0.788,0.788,0.788,0.788,0.788,0.788,0.788,0.788,0.791,0.788,0.788,0.788,0.79,1.022
RGI60-16.00021,1.337,1.337,1.337,1.337,1.337,1.337,1.337,1.337,1.337,1.337,1.337,1.337,1.337,1.337,1.337,1.337,0.651,0.651,0.651,0.838,0.838,0.838,0.838,0.838,0.838,0.838,0.838,0.827,0.827,0.808,0.803,0.803,0.803,0.8,0.8,0.8,0.8,0.8,0.8,0.8,0.8,0.8,0.8,0.8,0.803,0.8,0.8,0.8,0.802,1.031
RGI60-16.00022,1.327,1.327,1.327,1.327,1.327,1.327,1.327,1.327,1.327,1.327,1.327,1.327,1.327,1.327,1.327,1.327,0.63,0.63,0.63,0.822,0.822,0.822,0.822,0.822,0.822,0.822,0.822,0.811,0.811,0.791,0.786,0.786,0.786,0.784,0.784,0.784,0.784,0.784,0.784,0.784,0.784,0.784,0.784,0.784,0.786,0.784,0.784,0.784,0.785,1.019
RGI60-16.00023,1.33,1.33,1.33,1.33,1.33,1.33,1.33,1.33,1.33,1.33,1.33,1.33,1.33,1.33,1.33,1.33,0.689,0.689,0.689,0.866,0.866,0.866,0.866,0.866,0.866,0.866,0.866,0.857,0.857,0.83,0.826,0.826,0.826,0.823,0.823,0.823,0.823,0.823,0.823,0.823,0.823,0.823,0.823,0.823,0.826,0.823,0.823,0.823,0.825,1.023
RGI60-16.00024,1.313,1.313,1.313,1.313,1.313,1.313,1.313,1.313,1.313,1.313,1.313,1.313,1.313,1.313,1.313,1.313,0.656,0.656,0.656,0.84,0.84,0.84,0.84,0.84,0.84,0.84,0.84,0.831,0.831,0.803,0.798,0.798,0.798,0.796,0.796,0.796,0.796,0.796,0.796,0.796,0.796,0.796,0.796,0.796,0.798,0.796,0.796,0.796,0.797,1.001
RGI60-16.00025,1.363,1.363,1.363,1.363,1.363,1.363,1.363,1.363,1.363,1.363,1.363,1.363,1.363,1.363,1.363,1.363,0.751,0.751,0.751,0.916,0.916,0.916,0.916,0.916,0.916,0.916,0.916,0.908,0.908,0.882,0.878,0.878,0.878,0.875,0.875,0.875,0.875,0.875,0.875,0.875,0.875,0.875,0.875,0.875,0.878,0.875,0.875,0.875,0.877,1.065
RGI60-16.00026,1.316,1.316,1.316,1.316,1.316,1.316,1.316,1.316,1.316,1.316,1.316,1.316,1.316,1.316,1.316,1.316,0.662,0.662,0.662,0.844,0.844,0.844,0.844,0.844,0.844,0.844,0.844,0.836,0.836,0.808,0.803,0.803,0.803,0.8,0.8,0.8,0.8,0.8,0.8,0.8,0.8,0.8,0.8,0.8,0.803,0.8,0.8,0.8,0.802,1.004
RGI60-16.00027,1.314,1.314,1.314,1.314,1.314,1.314,1.314,1.314,1.314,1.314,1.314,1.314,1.314,1.314,1.314,1.314,0.658,0.658,0.658,0.841,0.841,0.841,0.841,0.841,0.841,0.841,0.841,0.832,0.832,0.805,0.8,0.8,0.8,0.797,0.797,0.797,0.797,0.797,0.797,0.797,0.797,0.797,0.797,0.797,0.8,0.797,0.797,0.797,0.799,1.002
RGI60-16.00028,1.306,1.306,1.306,1.306,1.306,1.306,1.306,1.306,1.306,1.306,1.306,1.306,1.306,1.306,1.306,1.306,0.641,0.641,0.641,0.827,0.827,0.827,0.827,0.827,0.827,0.827,0.827,0.819,0.819,0.791,0.786,0.786,0.786,0.783,0.783,0.783,0.783,0.783,0.783,0.783,0.783,0.783,0.783,0.783,0.786,0.783,0.783,0.783,0.785,0.991
RGI60-16.00029,1.33,1.33,1.33,1.33,1.33,1.33,1.33,1.33,1.33,1.33,1.33,1.33,1.33,1.33,1.33,1.33,0.688,0.688,0.688,0.864,0.864,0.864,0.864,0.864,0.864,0.864,0.864,0.855,0.855,0.829,0.824,0.824,0.824,0.822,0.822,0.822,0.822,0.822,0.822,0.822,0.822,0.822,0.822,0.822,0.824,0.822,0.822,0.822,0.823,1.023
RGI60-16.00030,1.386,1.386,1.386,1.386,1.386,1.386,1.386,1.386,1.386,1.386,1.386,1.386,1.386,1.386,1.386,1.386,0.791,0.791,0.791,0.948,0.948,0.948,0.948,0.948,0.948,0.948,0.948,0.941,0.941,0.916,0.912,0.912,0.912,0.91,0.91,0.91,0.91,0.91,0.91,0.91,0.91,0.91,0.91,0.91,0.912,0.91,0.91,0.91,0.911,1.094
RGI60-16.00031,1.307,1.307,1.307,1.307,1.307,1.307,1.307,1.307,1.307,1.307,1.307,1.307,1.307,1.307,1.307,1.307,0.642,0.642,0.642,0.828,0.828,0.828,0.828,0.828,0.828,0.828,0.828,0.819,0.819,0.791,0.786,0.786,0.786,0.784,0.784,0.784,0.784,0.784,0.784,0.784,0.784,0.784,0.784,0.784,0.786,0.784,0.784,0.784,0.785,0.992
RGI60-16.00032,1.313,1.313,1.313,1.313,1.313,1.313,1.313,1.313,1.313,1.313,1.313,1.313,1.313,1.313,1.313,1.313,0.655,0.655,0.655,0.839,0.839,0.839,0.839,0.839,0.839,0.839,0.839,0.83,0.83,0.802,0.797,0.797,0.797,0.795,0.795,0.795,0.795,0.795,0.795,0.795,0.795,0.795,0.795,0.795,0.797,0.795,0.795,0.795,0.796,1.0
RGI60-16.00033,1.303,1.303,1.303,1.303,1.303,1.303,1.303,1.303,1.303,1.303,1.303,1.303,1.303,1.303,1.303,1.303,0.635,0.635,0.635,0.823,0.823,0.823,0.823,0.823,0.823,0.823,0.823,0.814,0.814,0.786,0.781,0.781,0.781,0.779,0.779,0.779,0.779,0.779,0.779,0.779,0.779,0.779,0.779,0.779,0.781,0.779,0.779,0.779,0.78,0.987
RGI60-16.00034,1.31,1.31,1.31,1.31,1.31,1.31,1.31,1.31,1.31,1.31,1.31,1.31,1.31,1.31,1.31,1.31,0.65,0.65,0.65,0.834,0.834,0.834,0.834,0.834,0.834,0.834,0.834,0.825,0.825,0.797,0.792,0.792,0.792,0.79,0.79,0.79,0.79,0.79,0.79,0.79,0.79,0.79,0.79,0.79,0.792,0.79,0.79,0.79,0.792,0.997
RGI60-16.00035,1.308,1.308,1.308,1.308,1.308,1.308,1.308,1.308,1.308,1.308,1.308,1.308,1.308,1.308,1.308,1.308,0.646,0.646,0.646,0.832,0.832,0.832,0.832,0.832,0.832,0.832,0.832,0.823,0.823,0.795,0.79,0.79,0.79,0.787,0.787,0.787,0.787,0.787,0.787,0.787,0.787,0.787,0.787,0.787,0.79,0.787,0.787,0.787,0.789,0.993
RGI60-16.00036,1.32,1.32,1.32,1.32,1.32,1.32,1.32,1.32,1.32,1.32,1.32,1.32,1.32,1.32,1.32,1.32,0.671,0.671,0.671,0.851,0.851,0.851,0.851,0.851,0.851,0.851,0.851,0.842,0.842,0.815,0.81,0.81,0.81,0.807,0.807,0.807,0.807,0.807,0.807,0.807,0.807,0.807,0.807,0.807,0.81,0.807,0.807,0.807,0.809,1.009
RGI60-16.00037,1.304,1.304,1.304,1.304,1.304,1.304,1.304,1.304,1.304,1.304,1.304,1.304,1.304,1.304,1.304,1.304,0.637,0.637,0.637,0.824,0.824,0.824,0.824,0.824,0.824,0.824,0.824,0.815,0.815,0.787,0.782,0.782,0.782,0.779,0.779,0.779,0.779,0.779,0.779,0.779,0.779,0.779,0.779,0.779,0.782,0.779,0.779,0.779,0.781,0.989
RGI60-16.00038,1.317,1.317,1.317,1.317,1.317,1.317,1.317,1.317,1.317,1.317,1.317,1.317,1.317,1.317,1.317,1.317,0.663,0.663,0.663,0.845,0.845,0.845,0.845,0.845,0.845,0.845,0.845,0.836,0.836,0.808,0.804,0.804,0.804,0.801,0.801,0.801,0.801,0.801,0.801,0.801,0.801,0.801,0.801,0.801,0.804,0.801,0.801,0.801,0.803,1.006
RGI60-16.00039,1.317,1.317,1.317,1.317,1.317,1.317,1.317,1.317,1.317,1.317,1.317,1.317,1.317,1.317,1.317,1.317,0.663,0.663,0.663,0.844,0.844,0.844,0.844,0.844,0.844,0.844,0.844,0.836,0.836,0.808,0.803,0.803,0.803,0.801,0.801,0.801,0.801,0.801,0.801,0.801,0.801,0.801,0.801,0.801,0.803,0.801,0.801,0.801,0.802,1.005
RGI60-16.00040,1.305,1.305,1.305,1.305,1.305,1.305,1.305,1.305,1.305,1.305,1.305,1.305,1.305,1.305,1.305,1.305,0.639,0.639,0.639,0.826,0.826,0.826,0.826,0.826,0.826,0.826,0.826,0.817,0.817,0.789,0.784,0.784,0.784,0.781,0.781,0.781,0.781,0.781,0.781,0.781,0.781,0.781,0.781,0.781,0.784,0.781,0.781,0.781,0.783,0.99
RGI60-16.00041,1.332,1.332,1.332,1.332,1.332,1.332,1.332,1.332,1.332,1.332,1.332,1.332,1.332,1.332,1.332,1.332,0.692,0.692,0.692,0.868,0.868,0.868,0.868,0.868,0.868,0.868,0.868,0.859,0.859,0.833,0.828,0.828,0.828,0.825,0.825,0.825,0.825,0.825,0.825,0.825,0.825,0.825,0.825,0.825,0.828,0.825,0.825,0.825,0.827,1.025
RGI60-16.00042,1.307,1.307,1.307,1.307,1.307,1.307,1.307,1.307,1.307,1.307,1.307,1.307,1.307,1.307,1.307,1.307,0.643,0.643,0.643,0.829,0.829,0.829,0.829,0.829,0.829,0.829,0.829,0.82,0.82,0.792,0.787,0.787,0.787,0.784,0.784,0.784,0.784,0.784,0.784,0.784,0.784,0.784,0.784,0.784,0.787,0.784,0.784,0.784,0.786,0.992
RGI60-16.00043,1.304,1.304,1.304,1.304,1.304,1.304,1.304,1.304,1.304,1.304,1.304,1.304,1.304,1.304,1.304,1.304,0.637,0.637,0.637,0.825,0.825,0.825,0.825,0.825,0.825,0.825,0.825,0.816,0.816,0.787,0.782,0.782,0.782,0.78,0.78,0.78,0.78,0.78,0.78,0.78,0.78,0.78,0.78,0.78,0.782,0.78,0.78,0.78,0.781,0.988
RGI60-16.00044,1.303,1.303,1.303,1.303,1.303,1.303,1.303,1.303,1.303,1.303,1.303,1.303,1.303,1.303,1.303,1.303,0.636,0.636,0.636,0.824,0.824,0.824,0.824,0.824,0.824,0.824,0.824,0.815,0.815,0.786,0.781,0.781,0.781,0.779,0.779,0.779,0.779,0.779,0.779,0.779,0.779,0.779,0.779,0.779,0.781,0.779,0.779,0.779,0.78,0.987
RGI60-16.00045,1.306,1.306,1.306,1.306,1.306,1.306,1.306,1.306,1.306,1.306,1.306,1.306,1.306,1.306,1.306,1.306,0.641,0.641,0.641,0.827,0.827,0.827,0.827,0.827,0.827,0.827,0.827,0.818,0.818,0.79,0.785,0.785,0.785,0.783,0.783,0.783,0.783,0.783,0.783,0.783,0.783,0.783,0.783,0.783,0.785,0.783,0.783,0.783,0.784,0.991
RGI60-16.00046,1.325,1.325,1.325,1.325,1.325,1.325,1.325,1.325,1.325,1.325,1.325,1.325,1.325,1.325,1.325,1.325,0.678,0.678,0.678,0.856,0.856,0.856,0.856,0.856,0.856,0.856,0.856,0.848,0.848,0.821,0.816,0.816,0.816,0.814,0.814,0.814,0.814,0.814,0.814,0.814,0.814,0.814,0.814,0.814,0.816,0.814,0.814,0.814,0.815,1.016
RGI60-16.00047,1.312,1.312,1.312,1.312,1.312,1.312,1.312,1.312,1.312,1.312,1.312,1.312,1.312,1.312,1.312,1.312,0.653,0.653,0.653,0.836,0.836,0.836,0.836,0.836,0.836,0.836,0.836,0.828,0.828,0.8,0.795,0.795,0.795,0.792,0.792,0.792,0.792,0.792,0.792,0.792,0.792,0.792,0.792,0.792,0.795,0.792,0.792,0.792,0.794,0.999
RGI60-16.00048,1.321,1.321,1.321,1.321,1.321,1.321,1.321,1.321,1.321,1.321,1.321,1.321,1.321,1.321,1.321,1.321,0.672,0.672,0.672,0.852,0.852,0.852,0.852,0.852,0.852,0.852,0.852,0.843,0.843,0.816,0.811,0.811,0.811,0.808,0.808,0.808,0.808,0.808,0.808,0.808,0.808,0.808,0.808,0.808,0.811,0.808,0.808,0.808,0.81,1.01
RGI60-16.00049,1.308,1.308,1.308,1.308,1.308,1.308,1.308,1.308,1.308,1.308,1.308,1.308,1.308,1.308,1.308,1.308,0.645,0.645,0.645,0.83,0.83,0.83,0.83,0.83,0.83,0.83,0.83,0.821,0.821,0.794,0.788,0.788,0.788,0.786,0.786,0.786,0.786,0.786,0.786,0.786,0.786,0.786,0.786,0.786,0.788,0.786,0.786,0.786,0.788,0.994
RGI60-16.00050,1.316,1.316,1.316,1.316,1.316,1.316,1.316,1.316,1.316,1.316,1.316,1.316,1.316,1.316,1.316,1.316,0.663,0.663,0.663,0.845,0.845,0.845,0.845,0.845,0.845,0.845,0.845,0.836,0.836,0.808,0.803,0.803,0.803,0.801,0.801,0.801,0.801,0.801,0.801,0.801,0.801,0.801,0.801,0.801,0.803,0.801,0.801,0.801,0.802,1.004
RGI60-16.00051,1.311,1.311,1.311,1.311,1.311,1.311,1.311,1.311,1.311,1.311,1.311,1.311,1.311,1.311,1.311,1.311,0.652,0.652,0.652,0.836,0.836,0.836,0.836,0.836,0.836,0.836,0.836,0.828,0.828,0.8,0.794,0.794,0.794,0.792,0.792,0.792,0.792,0.792,0.792,0.792,0.792,0.792,0.792,0.792,0.794,0.792,0.792,0.792,0.794,0.998
RGI60-16.00052,1.302,1.302,1.302,1.302,1.302,1.302,1.302,1.302,1.302,1.302,1.302,1.302,1.302,1.302,1.302,1.302,0.634,0.634,0.634,0.822,0.822,0.822,0.822,0.822,0.822,0.822,0.822,0.813,0.813,0.784,0.779,0.779,0.779,0.777,0.777,0.777,0.777,0.777,0.777,0.777,0.777,0.777,0.777,0.777,0.779,0.777,0.777,0.777,0.778,0.986
RGI60-16.00053,1.45,1.45,1.45,1.45,1.45,1.45,1.45,1.45,1.45,1.45,1.45,1.45,1.45,1.45,1.45,1.45,0.9,0.9,0.9,1.041,1.041,1.041,1.041,1.041,1.041,1.041,1.041,1.034,1.034,1.011,1.007,1.007,1.007,1.005,1.005,1.005,1.005,1.005,1.005,1.005,1.005,1.005,1.005,1.005,1.007,1.005,1.005,1.005,1.007,1.174
RGI60-16.00054,1.307,1.307,1.307,1.307,1.307,1.307,1.307,1.307,1.307,1.307,1.307,1.307,1.307,1.307,1.307,1.307,0.644,0.644,0.644,0.83,0.83,0.83,0.83,0.83,0.83,0.83,0.83,0.821,0.821,0.793,0.788,0.788,0.788,0.785,0.785,0.785,0.785,0.785,0.785,0.785,0.785,0.785,0.785,0.785,0.788,0.785,0.785,0.785,0.787,0.992
RGI60-16.00055,1.376,1.376,1.376,1.376,1.376,1.376,1.376,1.376,1.376,1.376,1.376,1.376,1.376,1.376,1.376,1.376,0.774,0.774,0.774,0.934,0.934,0.934,0.934,0.934,0.934,0.934,0.934,0.926,0.926,0.901,0.897,0.897,0.897,0.895,0.895,0.895,0.895,0.895,0.895,0.895,0.895,0.895,0.895,0.895,0.897,0.895,0.895,0.895,0.896,1.081
RGI60-16.00056,1.319,1.319,1.319,1.319,1.319,1.319,1.319,1.319,1.319,1.319,1.319,1.319,1.319,1.319,1.319,1.319,0.668,0.668,0.668,0.848,0.848,0.848,0.848,0.848,0.848,0.848,0.848,0.84,0.84,0.812,0.807,0.807,0.807,0.805,0.805,0.805,0.805,0.805,0.805,0.805,0.805,0.805,0.805,0.805,0.807,0.805,0.805,0.805,0.806,1.008
RGI60-16.00057,1.499,1.499,1.499,1.499,1.499,1.499,1.499,1.499,1.499,1.499,1.499,1.499,1.499,1.499,1.499,1.499,0.975,0.975,0.975,1.106,1.106,1.106,1.106,1.106,1.106,1.106,1.106,1.1,1.1,1.079,1.075,1.075,1.075,1.074,1.074,1.074,1.074,1.074,1.074,1.074,1.074,1.074,1.074,1.074,1.075,1.074,1.074,1.074,1.075,1.234
RGI60-16.00058,1.352,1.352,1.352,1.352,1.352,1.352,1.352,1.352,1.352,1.352,1.352,1.352,1.352,1.352,1.352,1.352,0.729,0.729,0.729,0.896,0.896,0.896,0.896,0.896,0.896,0.896,0.896,0.888,0.888,0.863,0.858,0.858,0.858,0.856,0.856,0.856,0.856,0.856,0.856,0.856,0.856,0.856,0.856,0.856,0.858,0.856,0.856,0.856,0.857,1.051
RGI60-16.00059,1.322,1.322,1.322,1.322,1.322,1.322,1.322,1.322,1.322,1.322,1.322,1.322,1.322,1.322,1.322,1.322,0.672,0.672,0.672,0.851,0.851,0.851,0.851,0.851,0.851,0.851,0.851,0.842,0.842,0.815,0.81,0.81,0.81,0.808,0.808,0.808,0.808,0.808,0.808,0.808,0.808,0.808,0.808,0.808,0.81,0.808,0.808,0.808,0.809,1.012
RGI60-16.00060,1.317,1.317,1.317,1.317,1.317,1.317,1.317,1.317,1.317,1.317,1.317,1.317,1.317,1.317,1.317,1.317,0.662,0.662,0.662,0.843,0.843,0.843,0.843,0.843,0.843,0.843,0.843,0.834,0.834,0.807,0.802,0.802,0.802,0.8,0.8,0.8,0.8,0.8,0.8,0.8,0.8,0.8,0.8,0.8,0.802,0.8,0.8,0.8,0.801,1.006
RGI60-16.00061,1.396,1.396,1.396,1.396,1.396,1.396,1.396,1.396,1.396,1.396,1.396,1.396,1.396,1.396,1.396,1.396,0.808,0.808,0.808,0.961,0.961,0.961,0.961,0.961,0.961,0.961,0.961,0.954,0.954,0.93,0.926,0.926,0.926,0.924,0.924,0.924,0.924,0.924,0.924,0.924,0.924,0.924,0.924,0.924,0.926,0.924,0.924,0.924,0.925,1.107
RGI60-16.00062,1.326,1.326,1.326,1.326,1.326,1.326,1.326,1.326,1.326,1.326,1.326,1.326,1.326,1.326,1.326,1.326,0.68,0.68,0.68,0.857,0.857,0.857,0.857,0.857,0.857,0.857,0.857,0.849,0.849,0.822,0.817,0.817,0.817,0.815,0.815,0.815,0.815,0.815,0.815,0.815,0.815,0.815,0.815,0.815,0.817,0.815,0.815,0.815,0.816,1.018
RGI60-16.00063,1.344,1.344,1.344,1.344,1.344,1.344,1.344,1.344,1.344,1.344,1.344,1.344,1.344,1.344,1.344,1.344,0.713,0.713,0.713,0.883,0.883,0.883,0.883,0.883,0.883,0.883,0.883,0.875,0.875,0.849,0.845,0.845,0.845,0.842,0.842,0.842,0.842,0.842,0.842,0.842,0.842,0.842,0.842,0.842,0.845,0.842,0.842,0.842,0.844,1.04
RGI60-16.00064,1.305,1.305,1.305,1.305,1.305,1.305,1.305,1.305,1.305,1.305,1.305,1.305,1.305,1.305,1.305,1.305,0.638,0.638,0.638,0.824,0.824,0.824,0.824,0.824,0.824,0.824,0.824,0.815,0.815,0.787,0.782,0.782,0.782,0.78,0.78,0.78,0.78,0.78,0.78,0.78,0.78,0.78,0.78,0.78,0.782,0.78,0.78,0.78,0.781,0.99
RGI60-16.00065,1.328,1.328,1.328,1.328,1.328,1.328,1.328,1.328,1.328,1.328,1.328,1.328,1.328,1.328,1.328,1.328,0.684,0.684,0.684,0.86,0.86,0.86,0.86,0.86,0.86,0.86,0.86,0.851,0.851,0.825,0.82,0.82,0.82,0.818,0.818,0.818,0.818,0.818,0.818,0.818,0.818,0.818,0.818,0.818,0.82,0.818,0.818,0.818,0.819,1.02
RGI60-16.00066,1.323,1.323,1.323,1.323,1.323,1.323,1.323,1.323,1.323,1.323,1.323,1.323,1.323,1.323,1.323,1.323,0.675,0.675,0.675,0.853,0.853,0.853,0.853,0.853,0.853,0.853,0.853,0.844,0.844,0.817,0.813,0.813,0.813,0.81,0.81,0.81,0.81,0.81,0.81,0.81,0.81,0.81,0.81,0.81,0.813,0.81,0.81,0.81,0.812,1.013
RGI60-16.00067,1.321,1.321,1.321,1.321,1.321,1.321,1.321,1.321,1.321,1.321,1.321,1.321,1.321,1.321,1.321,1.321,0.67,0.67,0.67,0.849,0.849,0.849,0.849,0.849,0.849,0.849,0.849,0.841,0.841,0.814,0.809,0.809,0.809,0.806,0.806,0.806,0.806,0.806,0.806,0.806,0.806,0.806,0.806,0.806,0.809,0.806,0.806,0.806,0.808,1.011
RGI60-16.00068,1.307,1.307,1.307,1.307,1.307,1.307,1.307,1.307,1.307,1.307,1.307,1.307,1.307,1.307,1.307,1.307,0.643,0.643,0.643,0.828,0.828,0.828,0.828,0.828,0.828,0.828,0.828,0.819,0.819,0.792,0.787,0.787,0.787,0.784,0.784,0.784,0.784,0.784,0.784,0.784,0.784,0.784,0.784,0.784,0.787,0.784,0.784,0.784,0.786,0.993
RGI60-16.00069,1.376,1.376,1.376,1.376,1.376,1.376,1.376,1.376,1.376,1.376,1.376,1.376,1.376,1.376,1.376,1.376,0.776,0.776,0.776,0.935,0.935,0.935,0.935,0.935,0.935,0.935,0.935,0.927,0.927,0.902,0.898,0.898,0.898,0.896,0.896,0.896,0.896,0.896,0.896,0.896,0.896,0.896,0.896,0.896,0.898,0.896,0.896,0.896,0.897,1.082
RGI60-16.00070,1.351,1.351,1.351,1.351,1.351,1.351,1.351,1.351,1.351,1.351,1.351,1.351,1.351,1.351,1.351,1.351,0.729,0.729,0.729,0.896,0.896,0.896,0.896,0.896,0.896,0.896,0.896,0.888,0.888,0.863,0.858,0.858,0.858,0.856,0.856,0.856,0.856,0.856,0.856,0.856,0.856,0.856,0.856,0.856,0.858,0.856,0.856,0.856,0.857,1.049
RGI60-16.00071,1.302,1.302,1.302,1.302,1.302,1.302,1.302,1.302,1.302,1.302,1.302,1.302,1.302,1.302,1.302,1.302,0.633,0.633,0.633,0.82,0.82,0.82,0.82,0.82,0.82,0.82,0.82,0.811,0.811,0.783,0.778,0.778,0.778,0.775,0.775,0.775,0.775,0.775,0.775,0.775,0.775,0.775,0.775,0.775,0.778,0.775,0.775,0.775,0.777,0.985
RGI60-16.00072,1.347,1.347,1.347,1.347,1.347,1.347,1.347,1.347,1.347,1.347,1.347,1.347,1.347,1.347,1.347,1.347,0.72,0.72,0.72,0.889,0.889,0.889,0.889,0.889,0.889,0.889,0.889,0.881,0.881,0.855,0.851,0.851,0.851,0.848,0.848,0.848,0.848,0.848,0.848,0.848,0.848,0.848,0.848,0.848,0.851,0.848,0.848,0.848,0.85,1.045
RGI60-16.00073,1.364,1.364,1.364,1.364,1.364,1.364,1.364,1.364,1.364,1.364,1.364,1.364,1.364,1.364,1.364,1.364,0.752,0.752,0.752,0.916,0.916,0.916,0.916,0.916,0.916,0.916,0.916,0.908,0.908,0.882,0.878,0.878,0.878,0.876,0.876,0.876,0.876,0.876,0.876,0.876,0.876,0.876,0.876,0.876,0.878,0.876,0.876,0.876,0.877,1.066
RGI60-16.00074,1.319,1.319,1.319,1.319,1.319,1.319,1.319,1.319,1.319,1.319,1.319,1.319,1.319,1.319,1.319,1.319,0.667,0.667,0.667,0.847,0.847,0.847,0.847,0.847,0.847,0.847,0.847,0.838,0.838,0.811,0.806,0.806,0.806,0.804,0.804,0.804,0.804,0.804,0.804,0.804,0.804,0.804,0.804,0.804,0.806,0.804,0.804,0.804,0.805,1.008
RGI60-16.00075,1.388,1.388,1.388,1.388,1.388,1.388,1.388,1.388,1.388,1.388,1.388,1.388,1.388,1.388,1.388,1.388,0.821,0.821,0.821,0.975,0.975,0.975,0.975,0.975,0.975,0.975,0.975,0.968,0.968,0.939,0.935,0.935,0.935,0.932,0.932,0.932,0.932,0.932,0.932,0.932,0.932,0.932,0.932,0.932,0.935,0.932,0.932,0.932,0.934,1.097
RGI60-16.00076,1.986,1.986,1.986,1.986,1.986,1.986,1.986,1.986,1.986,1.986,1.986,1.986,1.986,1.986,1.986,1.986,1.641,1.641,1.641,1.723,1.723,1.723,1.723,1.723,1.723,1.723,1.723,1.719,1.719,1.703,1.701,1.701,1.701,1.699,1.699,1.699,1.699,1.699,1.699,1.699,1.699,1.699,1.699,1.699,1.701,1.699,1.699,1.699,1.7,1.795
RGI60-16.00077,1.378,1.378,1.378,1.378,1.378,1.378,1.378,1.378,1.378,1.378,1.378,1.378,1.378,1.378,1.378,1.378,0.802,0.802,0.802,0.959,0.959,0.959,0.959,0.959,0.959,0.959,0.959,0.952,0.952,0.923,0.919,0.919,0.919,0.916,0.916,0.916,0.916,0.916,0.916,0.916,0.916,0.916,0.916,0.916,0.919,0.916,0.916,0.916,0.918,1.084
RGI60-16.00078,1.314,1.314,1.314,1.314,1.314,1.314,1.314,1.314,1.314,1.314,1.314,1.314,1.314,1.314,1.314,1.314,0.687,0.687,0.687,0.865,0.865,0.865,0.865,0.865,0.865,0.865,0.865,0.857,0.857,0.825,0.82,0.82,0.82,0.817,0.817,0.817,0.817,0.817,0.817,0.817,0.817,0.817,0.817,0.817,0.82,0.817,0.817,0.817,0.819,1.002
RGI60-16.00079,1.334,1.334,1.334,1.334,1.334,1.334,1.334,1.334,1.334,1.334,1.334,1.334,1.334,1.334,1.334,1.334,0.726,0.726,0.726,0.896,0.896,0.896,0.896,0.896,0.896,0.896,0.896,0.889,0.889,0.858,0.853,0.853,0.853,0.85,0.85,0.85,0.85,0.85,0.85,0.85,0.85,0.85,0.85,0.85,0.853,0.85,0.85,0.85,0.852,1.028
RGI60-16.00080,1.294,1.294,1.294,1.294,1.294,1.294,1.294,1.294,1.294,1.294,1.294,1.294,1.294,1.294,1.294,1.294,0.65,0.65,0.65,0.836,0.836,0.836,0.836,0.836,0.836,0.836,0.836,0.828,0.828,0.794,0.789,0.789,0.789,0.786,0.786,0.786,0.786,0.786,0.786,0.786,0.786,0.786,0.786,0.786,0.789,0.786,0.786,0.786,0.788,0.975
RGI60-16.00081,1.908,1.908,1.908,1.908,1.908,1.908,1.908,1.908,1.908,1.908,1.908,1.908,1.908,1.908,1.908,1.908,1.546,1.546,1.546,1.633,1.633,1.633,1.633,1.633,1.633,1.633,1.633,1.629,1.629,1.612,1.609,1.609,1.609,1.608,1.608,1.608,1.608,1.608,1.608,1.608,1.608,1.608,1.608,1.608,1.609,1.608,1.608,1.608,1.609,1.708
RGI60-16.00082,1.351,1.351,1.351,1.351,1.351,1.351,1.351,1.351,1.351,1.351,1.351,1.351,1.351,1.351,1.351,1.351,0.757,0.757,0.757,0.922,0.922,0.922,0.922,0.922,0.922,0.922,0.922,0.914,0.914,0.884,0.879,0.879,0.879,0.877,0.877,0.877,0.877,0.877,0.877,0.877,0.877,0.877,0.877,0.877,0.879,0.877,0.877,0.877,0.878,1.05
RGI60-16.00083,1.311,1.311,1.311,1.311,1.311,1.311,1.311,1.311,1.311,1.311,1.311,1.311,1.311,1.311,1.311,1.311,0.684,0.684,0.684,0.863,0.863,0.863,0.863,0.863,0.863,0.863,0.863,0.855,0.855,0.822,0.817,0.817,0.817,0.814,0.814,0.814,0.814,0.814,0.814,0.814,0.814,0.814,0.814,0.814,0.817,0.814,0.814,0.814,0.816,0.998
RGI60-16.00084,1.306,1.306,1.306,1.306,1.306,1.306,1.306,1.306,1.306,1.306,1.306,1.306,1.306,1.306,1.306,1.306,0.675,0.675,0.675,0.856,0.856,0.856,0.856,0.856,0.856,0.856,0.856,0.848,0.848,0.815,0.809,0.809,0.809,0.807,0.807,0.807,0.807,0.807,0.807,0.807,0.807,0.807,0.807,0.807,0.809,0.807,0.807,0.807,0.808,0.991
RGI60-16.00085,1.473,1.473,1.473,1.473,1.473,1.473,1.473,1.473,1.473,1.473,1.473,1.473,1.473,1.473,1.473,1.473,0.959,0.959,0.959,1.094,1.094,1.094,1.094,1.094,1.094,1.094,1.094,1.088,1.088,1.062,1.058,1.058,1.058,1.056,1.056,1.056,1.056,1.056,1.056,1.056,1.056,1.056,1.056,1.056,1.058,1.056,1.056,1.056,1.057,1.203
RGI60-16.00086,1.297,1.297,1.297,1.297,1.297,1.297,1.297,1.297,1.297,1.297,1.297,1.297,1.297,1.297,1.297,1.297,0.657,0.657,0.657,0.841,0.841,0.841,0.841,0.841,0.841,0.841,0.841,0.833,0.833,0.8,0.794,0.794,0.794,0.792,0.792,0.792,0.792,0.792,0.792,0.792,0.792,0.792,0.792,0.792,0.794,0.792,0.792,0.792,0.793,0.979
RGI60-16.00087,1.349,1.349,1.349,1.349,1.349,1.349,1.349,1.349,1.349,1.349,1.349,1.349,1.349,1.349,1.349,1.349,0.754,0.754,0.754,0.919,0.919,0.919,0.919,0.919,0.919,0.919,0.919,0.912,0.912,0.881,0.876,0.876,0.876,0.874,0.874,0.874,0.874,0.874,0.874,0.874,0.874,0.874,0.874,0.874,0.876,0.874,0.874,0.874,0.876,1.047
RGI60-16.00088,1.383,1.383,1.383,1.383,1.383,1.383,1.383,1.383,1.383,1.383,1.383,1.383,1.383,1.383,1.383,1.383,0.815,0.815,0.815,0.97,0.97,0.97,0.97,0.97,0.97,0.97,0.97,0.963,0.963,0.934,0.929,0.929,0.929,0.927,0.927,0.927,0.927,0.927,0.927,0.927,0.927,0.927,0.927,0.927,0.929,0.927,0.927,0.927,0.928,1.091
RGI60-16.00089,1.58,1.58,1.58,1.58,1.58,1.58,1.58,1.58,1.58,1.58,1.58,1.58,1.58,1.58,1.58,1.58,1.116,1.116,1.116,1.234,1.234,1.234,1.234,1.234,1.234,1.234,1.234,1.228,1.228,1.206,1.202,1.202,1.202,1.201,1.201,1.201,1.201,1.201,1.201,1.201,1.201,1.201,1.201,1.201,1.202,1.201,1.201,1.201,1.202,1.332
RGI60-16.00090,1.296,1.296,1.296,1.296,1.296,1.296,1.296,1.296,1.296,1.296,1.296,1.296,1.296,1.296,1.296,1.296,0.655,0.655,0.655,0.84,0.84,0.84,0.84,0.84,0.84,0.84,0.84,0.832,0.832,0.798,0.793,0.793,0.793,0.79,0.79,0.79,0.79,0.79,0.79,0.79,0.79,0.79,0.79,0.79,0.793,0.79,0.79,0.79,0.792,0.978
RGI60-16.00091,1.31,1.31,1.31,1.31,1.31,1.31,1.31,1.31,1.31,1.31,1.31,1.31,1.31,1.31,1.31,1.31,0.683,0.683,0.683,0.862,0.862,0.862,0.862,0.862,0.862,0.862,0.862,0.854,0.854,0.822,0.816,0.816,0.816,0.814,0.814,0.814,0.814,0.814,0.814,0.814,0.814,0.814,0.814,0.814,0.816,0.814,0.814,0.814,0.815,0.997
RGI60-16.00092,1.339,1.339,1.339,1.339,1.339,1.339,1.339,1.339,1.339,1.339,1.339,1.339,1.339,1.339,1.339,1.339,0.736,0.736,0.736,0.905,0.905,0.905,0.905,0.905,0.905,0.905,0.905,0.897,0.897,0.866,0.861,0.861,0.861,0.859,0.859,0.859,0.859,0.859,0.859,0.859,0.859,0.859,0.859,0.859,0.861,0.859,0.859,0.859,0.86,1.034
RGI60-16.00093,1.399,1.399,1.399,1.399,1.399,1.399,1.399,1.399,1.399,1.399,1.399,1.399,1.399,1.399,1.399,1.399,0.84,0.84,0.84,0.991,0.991,0.991,0.991,0.991,0.991,0.991,0.991,0.985,0.985,0.956,0.952,0.952,0.952,0.949,0.949,0.949,0.949,0.949,0.949,0.949,0.949,0.949,0.949,0.949,0.952,0.949,0.949,0.949,0.951,1.11
RGI60-16.00094,1.304,1.304,1.304,1.304,1.304,1.304,1.304,1.304,1.304,1.304,1.304,1.304,1.304,1.304,1.304,1.304,0.67,0.67,0.67,0.852,0.852,0.852,0.852,0.852,0.852,0.852,0.852,0.844,0.844,0.811,0.805,0.805,0.805,0.803,0.803,0.803,0.803,0.803,0.803,0.803,0.803,0.803,0.803,0.803,0.805,0.803,0.803,0.803,0.804,0.988
RGI60-16.00095,1.305,1.305,1.305,1.305,1.305,1.305,1.305,1.305,1.305,1.305,1.305,1.305,1.305,1.305,1.305,1.305,0.672,0.672,0.672,0.854,0.854,0.854,0.854,0.854,0.854,0.854,0.854,0.846,0.846,0.812,0.807,0.807,0.807,0.804,0.804,0.804,0.804,0.804,0.804,0.804,0.804,0.804,0.804,0.804,0.807,0.804,0.804,0.804,0.806,0.989
RGI60-16.00096,1.327,1.327,1.327,1.327,1.327,1.327,1.327,1.327,1.327,1.327,1.327,1.327,1.327,1.327,1.327,1.327,0.719,0.719,0.719,0.891,0.891,0.891,0.891,0.891,0.891,0.891,0.891,0.883,0.883,0.851,0.846,0.846,0.846,0.843,0.843,0.843,0.843,0.843,0.843,0.843,0.843,0.843,0.843,0.843,0.846,0.843,0.843,0.843,0.845,1.019
RGI60-16.00097,1.409,1.409,1.409,1.409,1.409,1.409,1.409,1.409,1.409,1.409,1.409,1.409,1.409,1.409,1.409,1.409,0.86,0.86,0.86,1.008,1.008,1.008,1.008,1.008,1.008,1.008,1.008,1.001,1.001,0.973,0.968,0.968,0.968,0.966,0.966,0.966,0.966,0.966,0.966,0.966,0.966,0.966,0.966,0.966,0.968,0.966,0.966,0.966,0.968,1.124
RGI60-16.00098,1.366,1.366,1.366,1.366,1.366,1.366,1.366,1.366,1.366,1.366,1.366,1.366,1.366,1.366,1.366,1.366,0.788,0.788,0.788,0.947,0.947,0.947,0.947,0.947,0.947,0.947,0.947,0.94,0.94,0.91,0.905,0.905,0.905,0.903,0.903,0.903,0.903,0.903,0.903,0.903,0.903,0.903,0.903,0.903,0.905,0.903,0.903,0.903,0.904,1.069
RGI60-16.00099,1.313,1.313,1.313,1.313,1.313,1.313,1.313,1.313,1.313,1.313,1.313,1.313,1.313,1.313,1.313,1.313,0.692,0.692,0.692,0.869,0.869,0.869,0.869,0.869,0.869,0.869,0.869,0.861,0.861,0.828,0.823,0.823,0.823,0.82,0.82,0.82,0.82,0.82,0.82,0.82,0.82,0.82,0.82,0.82,0.823,0.82,0.82,0.82,0.822,1.0
RGI60-16.00100,1.313,1.313,1.313,1.313,1.313,1.313,1.313,1.313,1.313,1.313,1.313,1.313,1.313,1.313,1.313,1.313,0.691,0.691,0.691,0.868,0.868,0.868,0.868,0.868,0.868,0.868,0.868,0.86,0.86,0.827,0.822,0.822,0.822,0.819,0.819,0.819,0.819,0.819,0.819,0.819,0.819,0.819,0.819,0.819,0.822,0.819,0.819,0.819,0.821,1.0
RGI60-16.00101,1.296,1.296,1.296,1.296,1.296,1.296,1.296,1.296,1.296,1.296,1.296,1.296,1.296,1.296,1.296,1.296,0.659,0.659,0.659,0.843,0.843,0.843,0.843,0.843,0.843,0.843,0.843,0.835,0.835,0.801,0.795,0.795,0.795,0.793,0.793,0.793,0.793,0.793,0.793,0.793,0.793,0.793,0.793,0.793,0.795,0.793,0.793,0.793,0.794,0.978
RGI60-16.00102,1.539,1.539,1.539,1.539,1.539,1.539,1.539,1.539,1.539,1.539,1.539,1.539,1.539,1.539,1.539,1.539,1.061,1.061,1.061,1.184,1.184,1.184,1.184,1.184,1.184,1.184,1.184,1.178,1.178,1.154,1.15,1.15,1.15,1.148,1.148,1.148,1.148,1.148,1.148,1.148,1.148,1.148,1.148,1.148,1.15,1.148,1.148,1.148,1.15,1.283
RGI60-16.00103,1.337,1.337,1.337,1.337,1.337,1.337,1.337,1.337,1.337,1.337,1.337,1.337,1.337,1.337,1.337,1.337,0.737,0.737,0.737,0.905,0.905,0.905,0.905,0.905,0.905,0.905,0.905,0.898,0.898,0.866,0.861,0.861,0.861,0.858,0.858,0.858,0.858,0.858,0.858,0.858,0.858,0.858,0.858,0.858,0.861,0.858,0.858,0.858,0.86,1.032
RGI60-16.00104,1.44,1.44,1.44,1.44,1.44,1.44,1.44,1.44,1.44,1.44,1.44,1.44,1.44,1.44,1.44,1.44,0.905,0.905,0.905,1.046,1.046,1.046,1.046,1.046,1.046,1.046,1.046,1.04,1.04,1.013,1.009,1.009,1.009,1.007,1.007,1.007,1.007,1.007,1.007,1.007,1.007,1.007,1.007,1.007,1.009,1.007,1.007,1.007,1.008,1.162
RGI60-16.00105,1.402,1.402,1.402,1.402,1.402,1.402,1.402,1.402,1.402,1.402,1.402,1.402,1.402,1.402,1.402,1.402,0.843,0.843,0.843,0.993,0.993,0.993,0.993,0.993,0.993,0.993,0.993,0.986,0.986,0.959,0.954,0.954,0.954,0.952,0.952,0.952,0.952,0.952,0.952,0.952,0.952,0.952,0.952,0.952,0.954,0.952,0.952,0.952,0.953,1.114
RGI60-16.00106,1.913,1.913,1.913,1.913,1.913,1.913,1.913,1.913,1.913,1.913,1.913,1.913,1.913,1.913,1.913,1.913,1.551,1.551,1.551,1.637,1.637,1.637,1.637,1.637,1.637,1.637,1.637,1.633,1.633,1.616,1.614,1.614,1.614,1.612,1.612,1.612,1.612,1.612,1.612,1.612,1.612,1.612,1.612,1.612,1.614,1.612,1.612,1.612,1.613,1.713
RGI60-16.00107,1.308,1.308,1.308,1.308,1.308,1.308,1.308,1.308,1.308,1.308,1.308,1.308,1.308,1.308,1.308,1.308,0.675,0.675,0.675,0.855,0.855,0.855,0.855,0.855,0.855,0.855,0.855,0.847,0.847,0.815,0.809,0.809,0.809,0.807,0.807,0.807,0.807,0.807,0.807,0.807,0.807,0.807,0.807,0.807,0.809,0.807,0.807,0.807,0.808,0.993
RGI60-16.00108,1.359,1.359,1.359,1.359,1.359,1.359,1.359,1.359,1.359,1.359,1.359,1.359,1.359,1.359,1.359,1.359,0.77,0.77,0.77,0.932,0.932,0.932,0.932,0.932,0.932,0.932,0.932,0.924,0.924,0.895,0.89,0.89,0.89,0.888,0.888,0.888,0.888,0.888,0.888,0.888,0.888,0.888,0.888,0.888,0.89,0.888,0.888,0.888,0.889,1.06
RGI60-16.00109,1.349,1.349,1.349,1.349,1.349,1.349,1.349,1.349,1.349,1.349,1.349,1.349,1.349,1.349,1.349,1.349,0.753,0.753,0.753,0.918,0.918,0.918,0.918,0.918,0.918,0.918,0.918,0.91,0.91,0.88,0.875,0.875,0.875,0.873,0.873,0.873,0.873,0.873,0.873,0.873,0.873,0.873,0.873,0.873,0.875,0.873,0.873,0.873,0.874,1.047
RGI60-16.00110,1.34,1.34,1.34,1.34,1.34,1.34,1.34,1.34,1.34,1.34,1.34,1.34,1.34,1.34,1.34,1.34,0.736,0.736,0.736,0.904,0.904,0.904,0.904,0.904,0.904,0.904,0.904,0.896,0.896,0.865,0.86,0.86,0.86,0.858,0.858,0.858,0.858,0.858,0.858,0.858,0.858,0.858,0.858,0.858,0.86,0.858,0.858,0.858,0.86,1.035
RGI60-16.00111,1.309,1.309,1.309,1.309,1.309,1.309,1.309,1.309,1.309,1.309,1.309,1.309,1.309,1.309,1.309,1.309,0.678,0.678,0.678,0.857,0.857,0.857,0.857,0.857,0.857,0.857,0.857,0.849,0.849,0.817,0.811,0.811,0.811,0.809,0.809,0.809,0.809,0.809,0.809,0.809,0.809,0.809,0.809,0.809,0.811,0.809,0.809,0.809,0.81,0.995
RGI60-16.00112,1.299,1.299,1.299,1.299,1.299,1.299,1.299,1.299,1.299,1.299,1.299,1.299,1.299,1.299,1.299,1.299,0.664,0.664,0.664,0.846,0.846,0.846,0.846,0.846,0.846,0.846,0.846,0.838,0.838,0.804,0.799,0.799,0.799,0.796,0.796,0.796,0.796,0.796,0.796,0.796,0.796,0.796,0.796,0.796,0.799,0.796,0.796,0.796,0.798,0.982
RGI60-16.00113,1.301,1.301,1.301,1.301,1.301,1.301,1.301,1.301,1.301,1.301,1.301,1.301,1.301,1.301,1.301,1.301,0.673,0.673,0.673,0.855,0.855,0.855,0.855,0.855,0.855,0.855,0.855,0.847,0.847,0.812,0.807,0.807,0.807,0.804,0.804,0.804,0.804,0.804,0.804,0.804,0.804,0.804,0.804,0.804,0.807,0.804,0.804,0.804,0.806,0.984
RGI60-16.00114,1.303,1.303,1.303,1.303,1.303,1.303,1.303,1.303,1.303,1.303,1.303,1.303,1.303,1.303,1.303,1.303,0.668,0.668,0.668,0.849,0.849,0.849,0.849,0.849,0.849,0.849,0.849,0.841,0.841,0.808,0.803,0.803,0.803,0.8,0.8,0.8,0.8,0.8,0.8,0.8,0.8,0.8,0.8,0.8,0.803,0.8,0.8,0.8,0.802,0.988
RGI60-16.00115,1.361,1.361,1.361,1.361,1.361,1.361,1.361,1.361,1.361,1.361,1.361,1.361,1.361,1.361,1.361,1.361,0.775,0.775,0.775,0.935,0.935,0.935,0.935,0.935,0.935,0.935,0.935,0.928,0.928,0.899,0.894,0.894,0.894,0.891,0.891,0.891,0.891,0.891,0.891,0.891,0.891,0.891,0.891,0.891,0.894,0.891,0.891,0.891,0.893,1.063
RGI60-16.00116,1.619,1.619,1.619,1.619,1.619,1.619,1.619,1.619,1.619,1.619,1.619,1.619,1.619,1.619,1.619,1.619,1.173,1.173,1.173,1.285,1.285,1.285,1.285,1.285,1.285,1.285,1.285,1.28,1.28,1.258,1.255,1.255,1.255,1.253,1.253,1.253,1.253,1.253,1.253,1.253,1.253,1.253,1.253,1.253,1.255,1.253,1.253,1.253,1.254,1.378
RGI60-16.00117,1.303,1.303,1.303,1.303,1.303,1.303,1.303,1.303,1.303,1.303,1.303,1.303,1.303,1.303,1.303,1.303,0.672,0.672,0.672,0.853,0.853,0.853,0.853,0.853,0.853,0.853,0.853,0.845,0.845,0.811,0.806,0.806,0.806,0.803,0.803,0.803,0.803,0.803,0.803,0.803,0.803,0.803,0.803,0.803,0.806,0.803,0.803,0.803,0.805,0.987
RGI60-16.00118,1.707,1.707,1.707,1.707,1.707,1.707,1.707,1.707,1.707,1.707,1.707,1.707,1.707,1.707,1.707,1.707,1.291,1.291,1.291,1.394,1.394,1.394,1.394,1.394,1.394,1.394,1.394,1.389,1.389,1.369,1.366,1.366,1.366,1.364,1.364,1.364,1.364,1.364,1.364,1.364,1.364,1.364,1.364,1.364,1.366,1.364,1.364,1.364,1.365,1.48
RGI60-16.00119,1.37,1.37,1.37,1.37,1.37,1.37,1.37,1.37,1.37,1.37,1.37,1.37,1.37,1.37,1.37,1.37,0.789,0.789,0.789,0.947,0.947,0.947,0.947,0.947,0.947,0.947,0.947,0.94,0.94,0.911,0.906,0.906,0.906,0.904,0.904,0.904,0.904,0.904,0.904,0.904,0.904,0.904,0.904,0.904,0.906,0.904,0.904,0.904,0.905,1.074
RGI60-16.00120,1.356,1.356,1.356,1.356,1.356,1.356,1.356,1.356,1.356,1.356,1.356,1.356,1.356,1.356,1.356,1.356,0.766,0.766,0.766,0.928,0.928,0.928,0.928,0.928,0.928,0.928,0.928,0.921,0.921,0.891,0.886,0.886,0.886,0.884,0.884,0.884,0.884,0.884,0.884,0.884,0.884,0.884,0.884,0.884,0.886,0.884,0.884,0.884,0.885,1.056
RGI60-16.00121,1.32,1.32,1.32,1.32,1.32,1.32,1.32,1.32,1.32,1.32,1.32,1.32,1.32,1.32,1.32,1.32,0.701,0.701,0.701,0.875,0.875,0.875,0.875,0.875,0.875,0.875,0.875,0.867,0.867,0.835,0.83,0.83,0.83,0.828,0.828,0.828,0.828,0.828,0.828,0.828,0.828,0.828,0.828,0.828,0.83,0.828,0.828,0.828,0.829,1.01
RGI60-16.00122,1.32,1.32,1.32,1.32,1.32,1.32,1.32,1.32,1.32,1.32,1.32,1.32,1.32,1.32,1.32,1.32,0.711,0.711,0.711,0.885,0.885,0.885,0.885,0.885,0.885,0.885,0.885,0.877,0.877,0.844,0.838,0.838,0.838,0.836,0.836,0.836,0.836,0.836,0.836,0.836,0.836,0.836,0.836,0.836,0.838,0.836,0.836,0.836,0.838,1.01
RGI60-16.00123,1.295,1.295,1.295,1.295,1.295,1.295,1.295,1.295,1.295,1.295,1.295,1.295,1.295,1.295,1.295,1.295,0.663,0.663,0.663,0.846,0.846,0.846,0.846,0.846,0.846,0.846,0.846,0.838,0.838,0.803,0.797,0.797,0.797,0.795,0.795,0.795,0.795,0.795,0.795,0.795,0.795,0.795,0.795,0.795,0.797,0.795,0.795,0.795,0.796,0.976
RGI60-16.00124,1.31,1.31,1.31,1.31,1.31,1.31,1.31,1.31,1.31,1.31,1.31,1.31,1.31,1.31,1.31,1.31,0.686,0.686,0.686,0.863,0.863,0.863,0.863,0.863,0.863,0.863,0.863,0.856,0.856,0.822,0.817,0.817,0.817,0.814,0.814,0.814,0.814,0.814,0.814,0.814,0.814,0.814,0.814,0.814,0.817,0.814,0.814,0.814,0.816,0.996
RGI60-16.00125,1.298,1.298,1.298,1.298,1.298,1.298,1.298,1.298,1.298,1.298,1.298,1.298,1.298,1.298,1.298,1.298,0.663,0.663,0.663,0.846,0.846,0.846,0.846,0.846,0.846,0.846,0.846,0.838,0.838,0.804,0.798,0.798,0.798,0.796,0.796,0.796,0.796,0.796,0.796,0.796,0.796,0.796,0.796,0.796,0.798,0.796,0.796,0.796,0.797,0.981
RGI60-16.00126,1.575,1.575,1.575,1.575,1.575,1.575,1.575,1.575,1.575,1.575,1.575,1.575,1.575,1.575,1.575,1.575,1.111,1.111,1.111,1.229,1.229,1.229,1.229,1.229,1.229,1.229,1.229,1.224,1.224,1.201,1.197,1.197,1.197,1.195,1.195,1.195,1.195,1.195,1.195,1.195,1.195,1.195,1.195,1.195,1.197,1.195,1.195,1.195,1.196,1.326
RGI60-16.00127,1.419,1.419,1.419,1.419,1.419,1.419,1.419,1.419,1.419,1.419,1.419,1.419,1.419,1.419,1.419,1.419,0.877,0.877,0.877,1.022,1.022,1.022,1.022,1.022,1.022,1.022,1.022,1.016,1.016,0.988,0.983,0.983,0.983,0.981,0.981,0.981,0.981,0.981,0.981,0.981,0.981,0.981,0.981,0.981,0.983,0.981,0.981,0.981,0.983,1.136
RGI60-16.00128,1.304,1.304,1.304,1.304,1.304,1.304,1.304,1.304,1.304,1.304,1.304,1.304,1.304,1.304,1.304,1.304,0.674,0.674,0.674,0.855,0.855,0.855,0.855,0.855,0.855,0.855,0.855,0.847,0.847,0.813,0.808,0.808,0.808,0.805,0.805,0.805,0.805,0.805,0.805,0.805,0.805,0.805,0.805,0.805,0.808,0.805,0.805,0.805,0.807,0.988
RGI60-16.00129,1.297,1.297,1.297,1.297,1.297,1.297,1.297,1.297,1.297,1.297,1.297,1.297,1.297,1.297,1.297,1.297,0.661,0.661,0.661,0.844,0.844,0.844,0.844,0.844,0.844,0.844,0.844,0.836,0.836,0.802,0.796,0.796,0.796,0.794,0.794,0.794,0.794,0.794,0.794,0.794,0.794,0.794,0.794,0.794,0.796,0.794,0.794,0.794,0.795,0.979
RGI60-16.00130,1.48,1.48,1.48,1.48,1.48,1.48,1.48,1.48,1.48,1.48,1.48,1.48,1.48,1.48,1.48,1.48,0.972,0.972,0.972,1.105,1.105,1.105,1.105,1.105,1.105,1.105,1.105,1.099,1.099,1.073,1.069,1.069,1.069,1.067,1.067,1.067,1.067,1.067,1.067,1.067,1.067,1.067,1.067,1.067,1.069,1.067,1.067,1.067,1.068,1.211
RGI60-16.00131,1.383,1.383,1.383,1.383,1.383,1.383,1.383,1.383,1.383,1.383,1.383,1.383,1.383,1.383,1.383,1.383,0.823,0.823,0.823,0.977,0.977,0.977,0.977,0.977,0.977,0.977,0.977,0.97,0.97,0.939,0.935,0.935,0.935,0.932,0.932,0.932,0.932,0.932,0.932,0.932,0.932,0.932,0.932,0.932,0.935,0.932,0.932,0.932,0.934,1.091
RGI60-16.00132,1.312,1.312,1.312,1.312,1.312,1.312,1.312,1.312,1.312,1.312,1.312,1.312,1.312,1.312,1.312,1.312,0.696,0.696,0.696,0.873,0.873,0.873,0.873,0.873,0.873,0.873,0.873,0.865,0.865,0.831,0.825,0.825,0.825,0.823,0.823,0.823,0.823,0.823,0.823,0.823,0.823,0.823,0.823,0.823,0.825,0.823,0.823,0.823,0.825,0.999
RGI60-16.00133,1.376,1.376,1.376,1.376,1.376,1.376,1.376,1.376,1.376,1.376,1.376,1.376,1.376,1.376,1.376,1.376,0.805,0.805,0.805,0.961,0.961,0.961,0.961,0.961,0.961,0.961,0.961,0.954,0.954,0.924,0.919,0.919,0.919,0.917,0.917,0.917,0.917,0.917,0.917,0.917,0.917,0.917,0.917,0.917,0.919,0.917,0.917,0.917,0.918,1.081
RGI60-16.00134,1.338,1.338,1.338,1.338,1.338,1.338,1.338,1.338,1.338,1.338,1.338,1.338,1.338,1.338,1.338,1.338,0.738,0.738,0.738,0.906,0.906,0.906,0.906,0.906,0.906,0.906,0.906,0.899,0.899,0.867,0.862,0.862,0.862,0.859,0.859,0.859,0.859,0.859,0.859,0.859,0.859,0.859,0.859,0.859,0.862,0.859,0.859,0.859,0.861,1.032
RGI60-16.00135,1.362,1.362,1.362,1.362,1.362,1.362,1.362,1.362,1.362,1.362,1.362,1.362,1.362,1.362,1.362,1.362,0.781,0.781,0.781,0.941,0.941,0.941,0.941,0.941,0.941,0.941,0.941,0.934,0.934,0.903,0.898,0.898,0.898,0.896,0.896,0.896,0.896,0.896,0.896,0.896,0.896,0.896,0.896,0.896,0.898,0.896,0.896,0.896,0.898,1.063
RGI60-16.00136,1.342,1.342,1.342,1.342,1.342,1.342,1.342,1.342,1.342,1.342,1.342,1.342,1.342,1.342,1.342,1.342,0.745,0.745,0.745,0.912,0.912,0.912,0.912,0.912,0.912,0.912,0.912,0.904,0.904,0.873,0.868,0.868,0.868,0.865,0.865,0.865,0.865,0.865,0.865,0.865,0.865,0.865,0.865,0.865,0.868,0.865,0.865,0.865,0.867,1.038
RGI60-16.00137,1.316,1.316,1.316,1.316,1.316,1.316,1.316,1.316,1.316,1.316,1.316,1.316,1.316,1.316,1.316,1.316,0.699,0.699,0.699,0.874,0.874,0.874,0.874,0.874,0.874,0.874,0.874,0.866,0.866,0.833,0.828,0.828,0.828,0.825,0.825,0.825,0.825,0.825,0.825,0.825,0.825,0.825,0.825,0.825,0.828,0.825,0.825,0.825,0.827,1.005
RGI60-16.00138,1.325,1.325,1.325,1.325,1.325,1.325,1.325,1.325,1.325,1.325,1.325,1.325,1.325,1.325,1.325,1.325,0.722,0.722,0.722,0.893,0.893,0.893,0.893,0.893,0.893,0.893,0.893,0.886,0.886,0.852,0.847,0.847,0.847,0.844,0.844,0.844,0.844,0.844,0.844,0.844,0.844,0.844,0.844,0.844,0.847,0.844,0.844,0.844,0.846,1.016
RGI60-16.00139,1.311,1.311,1.311,1.311,1.311,1.311,1.311,1.311,1.311,1.311,1.311,1.311,1.311,1.311,1.311,1.311,0.696,0.696,0.696,0.872,0.872,0.872,0.872,0.872,0.872,0.872,0.872,0.864,0.864,0.83,0.825,0.825,0.825,0.822,0.822,0.822,0.822,0.822,0.822,0.822,0.822,0.822,0.822,0.822,0.825,0.822,0.822,0.822,0.824,0.998
RGI60-16.00140,1.362,1.362,1.362,1.362,1.362,1.362,1.362,1.362,1.362,1.362,1.362,1.362,1.362,1.362,1.362,1.362,0.781,0.781,0.781,0.941,0.941,0.941,0.941,0.941,0.941,0.941,0.941,0.933,0.933,0.903,0.898,0.898,0.898,0.896,0.896,0.896,0.896,0.896,0.896,0.896,0.896,0.896,0.896,0.896,0.898,0.896,0.896,0.896,0.897,1.064
RGI60-16.00141,1.292,1.292,1.292,1.292,1.292,1.292,1.292,1.292,1.292,1.292,1.292,1.292,1.292,1.292,1.292,1.292,0.651,0.651,0.651,0.836,0.836,0.836,0.836,0.836,0.836,0.836,0.836,0.828,0.828,0.794,0.789,0.789,0.789,0.786,0.786,0.786,0.786,0.786,0.786,0.786,0.786,0.786,0.786,0.786,0.789,0.786,0.786,0.786,0.788,0.973
RGI60-16.00142,1.349,1.349,1.349,1.349,1.349,1.349,1.349,1.349,1.349,1.349,1.349,1.349,1.349,1.349,1.349,1.349,0.753,0.753,0.753,0.918,0.918,0.918,0.918,0.918,0.918,0.918,0.918,0.911,0.911,0.88,0.875,0.875,0.875,0.873,0.873,0.873,0.873,0.873,0.873,0.873,0.873,0.873,0.873,0.873,0.875,0.873,0.873,0.873,0.874,1.047
RGI60-16.00143,1.399,1.399,1.399,1.399,1.399,1.399,1.399,1.399,1.399,1.399,1.399,1.399,1.399,1.399,1.399,1.399,0.841,0.841,0.841,0.991,0.991,0.991,0.991,0.991,0.991,0.991,0.991,0.984,0.984,0.956,0.951,0.951,0.951,0.949,0.949,0.949,0.949,0.949,0.949,0.949,0.949,0.949,0.949,0.949,0.951,0.949,0.949,0.949,0.951,1.111
RGI60-16.00144,1.297,1.297,1.297,1.297,1.297,1.297,1.297,1.297,1.297,1.297,1.297,1.297,1.297,1.297,1.297,1.297,0.657,0.657,0.657,0.84,0.84,0.84,0.84,0.84,0.84,0.84,0.84,0.832,0.832,0.799,0.793,0.793,0.793,0.791,0.791,0.791,0.791,0.791,0.791,0.791,0.791,0.791,0.791,0.791,0.793,0.791,0.791,0.791,0.792,0.979
RGI60-16.00145,1.297,1.297,1.297,1.297,1.297,1.297,1.297,1.297,1.297,1.297,1.297,1.297,1.297,1.297,1.297,1.297,0.661,0.661,0.661,0.844,0.844,0.844,0.844,0.844,0.844,0.844,0.844,0.836,0.836,0.802,0.796,0.796,0.796,0.794,0.794,0.794,0.794,0.794,0.794,0.794,0.794,0.794,0.794,0.794,0.796,0.794,0.794,0.794,0.795,0.979
RGI60-16.00146,1.298,1.298,1.298,1.298,1.298,1.298,1.298,1.298,1.298,1.298,1.298,1.298,1.298,1.298,1.298,1.298,0.663,0.663,0.663,0.845,0.845,0.845,0.845,0.845,0.845,0.845,0.845,0.837,0.837,0.804,0.798,0.798,0.798,0.795,0.795,0.795,0.795,0.795,0.795,0.795,0.795,0.795,0.795,0.795,0.798,0.795,0.795,0.795,0.797,0.98
RGI60-16.00147,1.362,1.362,1.362,1.362,1.362,1.362,1.362,1.362,1.362,1.362,1.362,1.362,1.362,1.362,1.362,1.362,0.78,0.78,0.78,0.94,0.94,0.94,0.94,0.94,0.94,0.94,0.94,0.933,0.933,0.903,0.898,0.898,0.898,0.895,0.895,0.895,0.895,0.895,0.895,0.895,0.895,0.895,0.895,0.895,0.898,0.895,0.895,0.895,0.897,1.063
RGI60-16.00148,1.456,1.456,1.456,1.456,1.456,1.456,1.456,1.456,1.456,1.456,1.456,1.456,1.456,1.456,1.456,1.456,0.935,0.935,0.935,1.072,1.072,1.072,1.072,1.072,1.072,1.072,1.072,1.066,1.066,1.039,1.035,1.035,1.035,1.033,1.033,1.033,1.033,1.033,1.033,1.033,1.033,1.033,1.033,1.033,1.035,1.033,1.033,1.033,1.034,1.181
RGI60-16.00149,1.35,1.35,1.35,1.35,1.35,1.35,1.35,1.35,1.35,1.35,1.35,1.35,1.35,1.35,1.35,1.35,0.76,0.76,0.76,0.923,0.923,0.923,0.923,0.923,0.923,0.923,0.923,0.916,0.916,0.885,0.88,0.88,0.88,0.878,0.878,0.878,0.878,0.878,0.878,0.878,0.878,0.878,0.878,0.878,0.88,0.878,0.878,0.878,0.879,1.048
RGI60-16.00150,1.3,1.3,1.3,1.3,1.3,1.3,1.3,1.3,1.3,1.3,1.3,1.3,1.3,1.3,1.3,1.3,0.662,0.662,0.662,0.845,0.845,0.845,0.845,0.845,0.845,0.845,0.845,0.837,0.837,0.804,0.798,0.798,0.798,0.796,0.796,0.796,0.796,0.796,0.796,0.796,0.796,0.796,0.796,0.796,0.798,0.796,0.796,0.796,0.797,0.984
RGI60-16.00151,1.297,1.297,1.297,1.297,1.297,1.297,1.297,1.297,1.297,1.297,1.297,1.297,1.297,1.297,1.297,1.297,0.656,0.656,0.656,0.839,0.839,0.839,0.839,0.839,0.839,0.839,0.839,0.831,0.831,0.798,0.793,0.793,0.793,0.79,0.79,0.79,0.79,0.79,0.79,0.79,0.79,0.79,0.79,0.79,0.793,0.79,0.79,0.79,0.792,0.98
RGI60-16.00152,1.295,1.295,1.295,1.295,1.295,1.295,1.295,1.295,1.295,1.295,1.295,1.295,1.295,1.295,1.295,1.295,0.652,0.652,0.652,0.837,0.837,0.837,0.837,0.837,0.837,0.837,0.837,0.829,0.829,0.795,0.79,0.79,0.79,0.787,0.787,0.787,0.787,0.787,0.787,0.787,0.787,0.787,0.787,0.787,0.79,0.787,0.787,0.787,0.789,0.976
RGI60-16.00153,1.325,1.325,1.325,1.325,1.325,1.325,1.325,1.325,1.325,1.325,1.325,1.325,1.325,1.325,1.325,1.325,0.715,0.715,0.715,0.887,0.887,0.887,0.887,0.887,0.887,0.887,0.887,0.879,0.879,0.847,0.842,0.842,0.842,0.839,0.839,0.839,0.839,0.839,0.839,0.839,0.839,0.839,0.839,0.839,0.842,0.839,0.839,0.839,0.841,1.016
RGI60-16.00154,1.522,1.522,1.522,1.522,1.522,1.522,1.522,1.522,1.522,1.522,1.522,1.522,1.522,1.522,1.522,1.522,1.036,1.036,1.036,1.161,1.161,1.161,1.161,1.161,1.161,1.161,1.161,1.155,1.155,1.131,1.127,1.127,1.127,1.125,1.125,1.125,1.125,1.125,1.125,1.125,1.125,1.125,1.125,1.125,1.127,1.125,1.125,1.125,1.126,1.263
RGI60-16.00155,1.308,1.308,1.308,1.308,1.308,1.308,1.308,1.308,1.308,1.308,1.308,1.308,1.308,1.308,1.308,1.308,0.679,0.679,0.679,0.858,0.858,0.858,0.858,0.858,0.858,0.858,0.858,0.85,0.85,0.817,0.812,0.812,0.812,0.81,0.81,0.81,0.81,0.81,0.81,0.81,0.81,0.81,0.81,0.81,0.812,0.81,0.81,0.81,0.811,0.994
RGI60-16.00156,1.295,1.295,1.295,1.295,1.295,1.295,1.295,1.295,1.295,1.295,1.295,1.295,1.295,1.295,1.295,1.295,0.654,0.654,0.654,0.838,0.838,0.838,0.838,0.838,0.838,0.838,0.838,0.83,0.83,0.797,0.791,0.791,0.791,0.788,0.788,0.788,0.788,0.788,0.788,0.788,0.788,0.788,0.788,0.788,0.791,0.788,0.788,0.788,0.79,0.976
RGI60-16.00157,1.299,1.299,1.299,1.299,1.299,1.299,1.299,1.299,1.299,1.299,1.299,1.299,1.299,1.299,1.299,1.299,0.659,0.659,0.659,0.842,0.842,0.842,0.842,0.842,0.842,0.842,0.842,0.834,0.834,0.801,0.796,0.796,0.796,0.793,0.793,0.793,0.793,0.793,0.793,0.793,0.793,0.793,0.793,0.793,0.796,0.793,0.793,0.793,0.795,0.982
RGI60-16.00158,1.3,1.3,1.3,1.3,1.3,1.3,1.3,1.3,1.3,1.3,1.3,1.3,1.3,1.3,1.3,1.3,0.661,0.661,0.661,0.843,0.843,0.843,0.843,0.843,0.843,0.843,0.843,0.835,0.835,0.802,0.797,0.797,0.797,0.794,0.794,0.794,0.794,0.794,0.794,0.794,0.794,0.794,0.794,0.794,0.797,0.794,0.794,0.794,0.796,0.983
RGI60-16.00159,1.295,1.295,1.295,1.295,1.295,1.295,1.295,1.295,1.295,1.295,1.295,1.295,1.295,1.295,1.295,1.295,0.654,0.654,0.654,0.838,0.838,0.838,0.838,0.838,0.838,0.838,0.838,0.83,0.83,0.796,0.791,0.791,0.791,0.788,0.788,0.788,0.788,0.788,0.788,0.788,0.788,0.788,0.788,0.788,0.791,0.788,0.788,0.788,0.79,0.976
RGI60-16.00160,1.579,1.579,1.579,1.579,1.579,1.579,1.579,1.579,1.579,1.579,1.579,1.579,1.579,1.579,1.579,1.579,1.116,1.116,1.116,1.233,1.233,1.233,1.233,1.233,1.233,1.233,1.233,1.227,1.227,1.205,1.201,1.201,1.201,1.199,1.199,1.199,1.199,1.199,1.199,1.199,1.199,1.199,1.199,1.199,1.201,1.199,1.199,1.199,1.2,1.331
RGI60-16.00161,1.294,1.294,1.294,1.294,1.294,1.294,1.294,1.294,1.294,1.294,1.294,1.294,1.294,1.294,1.294,1.294,0.653,0.653,0.653,0.837,0.837,0.837,0.837,0.837,0.837,0.837,0.837,0.829,0.829,0.795,0.79,0.79,0.79,0.787,0.787,0.787,0.787,0.787,0.787,0.787,0.787,0.787,0.787,0.787,0.79,0.787,0.787,0.787,0.789,0.975
RGI60-16.00162,1.304,1.304,1.304,1.304,1.304,1.304,1.304,1.304,1.304,1.304,1.304,1.304,1.304,1.304,1.304,1.304,0.673,0.673,0.673,0.853,0.853,0.853,0.853,0.853,0.853,0.853,0.853,0.845,0.845,0.812,0.807,0.807,0.807,0.804,0.804,0.804,0.804,0.804,0.804,0.804,0.804,0.804,0.804,0.804,0.807,0.804,0.804,0.804,0.806,0.988
RGI60-16.00163,1.293,1.293,1.293,1.293,1.293,1.293,1.293,1.293,1.293,1.293,1.293,1.293,1.293,1.293,1.293,1.293,0.649,0.649,0.649,0.835,0.835,0.835,0.835,0.835,0.835,0.835,0.835,0.827,0.827,0.793,0.787,0.787,0.787,0.785,0.785,0.785,0.785,0.785,0.785,0.785,0.785,0.785,0.785,0.785,0.787,0.785,0.785,0.785,0.786,0.974
RGI60-16.00164,1.316,1.316,1.316,1.316,1.316,1.316,1.316,1.316,1.316,1.316,1.316,1.316,1.316,1.316,1.316,1.316,0.694,0.694,0.694,0.87,0.87,0.87,0.87,0.87,0.87,0.87,0.87,0.862,0.862,0.83,0.824,0.824,0.824,0.822,0.822,0.822,0.822,0.822,0.822,0.822,0.822,0.822,0.822,0.822,0.824,0.822,0.822,0.822,0.823,1.004
RGI60-16.00165,1.3,1.3,1.3,1.3,1.3,1.3,1.3,1.3,1.3,1.3,1.3,1.3,1.3,1.3,1.3,1.3,0.664,0.664,0.664,0.846,0.846,0.846,0.846,0.846,0.846,0.846,0.846,0.838,0.838,0.805,0.799,0.799,0.799,0.797,0.797,0.797,0.797,0.797,0.797,0.797,0.797,0.797,0.797,0.797,0.799,0.797,0.797,0.797,0.798,0.984
RGI60-16.00166,1.295,1.295,1.295,1.295,1.295,1.295,1.295,1.295,1.295,1.295,1.295,1.295,1.295,1.295,1.295,1.295,0.653,0.653,0.653,0.838,0.838,0.838,0.838,0.838,0.838,0.838,0.838,0.83,0.83,0.796,0.79,0.79,0.79,0.788,0.788,0.788,0.788,0.788,0.788,0.788,0.788,0.788,0.788,0.788,0.79,0.788,0.788,0.788,0.79,0.976
RGI60-16.00167,1.294,1.294,1.294,1.294,1.294,1.294,1.294,1.294,1.294,1.294,1.294,1.294,1.294,1.294,1.294,1.294,0.651,0.651,0.651,0.835,0.835,0.835,0.835,0.835,0.835,0.835,0.835,0.827,0.827,0.794,0.789,0.789,0.789,0.786,0.786,0.786,0.786,0.786,0.786,0.786,0.786,0.786,0.786,0.786,0.789,0.786,0.786,0.786,0.788,0.976
RGI60-16.00168,1.294,1.294,1.294,1.294,1.294,1.294,1.294,1.294,1.294,1.294,1.294,1.294,1.294,1.294,1.294,1.294,0.649,0.649,0.649,0.834,0.834,0.834,0.834,0.834,0.834,0.834,0.834,0.826,0.826,0.793,0.787,0.787,0.787,0.784,0.784,0.784,0.784,0.784,0.784,0.784,0.784,0.784,0.784,0.784,0.787,0.784,0.784,0.784,0.786,0.975
RGI60-16.00169,1.296,1.296,1.296,1.296,1.296,1.296,1.296,1.296,1.296,1.296,1.296,1.296,1.296,1.296,1.296,1.296,0.654,0.654,0.654,0.838,0.838,0.838,0.838,0.838,0.838,0.838,0.838,0.83,0.83,0.796,0.791,0.791,0.791,0.788,0.788,0.788,0.788,0.788,0.788,0.788,0.788,0.788,0.788,0.788,0.791,0.788,0.788,0.788,0.79,0.978
RGI60-16.00170,1.297,1.297,1.297,1.297,1.297,1.297,1.297,1.297,1.297,1.297,1.297,1.297,1.297,1.297,1.297,1.297,0.655,0.655,0.655,0.839,0.839,0.839,0.839,0.839,0.839,0.839,0.839,0.831,0.831,0.798,0.792,0.792,0.792,0.79,0.79,0.79,0.79,0.79,0.79,0.79,0.79,0.79,0.79,0.79,0.792,0.79,0.79,0.79,0.791,0.979
RGI60-16.00171,1.299,1.299,1.299,1.299,1.299,1.299,1.299,1.299,1.299,1.299,1.299,1.299,1.299,1.299,1.299,1.299,0.66,0.66,0.66,0.843,0.843,0.843,0.843,0.843,0.843,0.843,0.843,0.835,0.835,0.802,0.796,0.796,0.796,0.794,0.794,0.794,0.794,0.794,0.794,0.794,0.794,0.794,0.794,0.794,0.796,0.794,0.794,0.794,0.795,0.982
RGI60-16.00172,1.308,1.308,1.308,1.308,1.308,1.308,1.308,1.308,1.308,1.308,1.308,1.308,1.308,1.308,1.308,1.308,0.679,0.679,0.679,0.858,0.858,0.858,0.858,0.858,0.858,0.858,0.858,0.85,0.85,0.817,0.812,0.812,0.812,0.809,0.809,0.809,0.809,0.809,0.809,0.809,0.809,0.809,0.809,0.809,0.812,0.809,0.809,0.809,0.811,0.993
RGI60-16.00173,1.293,1.293,1.293,1.293,1.293,1.293,1.293,1.293,1.293,1.293,1.293,1.293,1.293,1.293,1.293,1.293,0.65,0.65,0.65,0.835,0.835,0.835,0.835,0.835,0.835,0.835,0.835,0.827,0.827,0.794,0.788,0.788,0.788,0.785,0.785,0.785,0.785,0.785,0.785,0.785,0.785,0.785,0.785,0.785,0.788,0.785,0.785,0.785,0.787,0.974
RGI60-16.00174,1.546,1.546,1.546,1.546,1.546,1.546,1.546,1.546,1.546,1.546,1.546,1.546,1.546,1.546,1.546,1.546,1.069,1.069,1.069,1.191,1.191,1.191,1.191,1.191,1.191,1.191,1.191,1.185,1.185,1.162,1.158,1.158,1.158,1.156,1.156,1.156,1.156,1.156,1.156,1.156,1.156,1.156,1.156,1.156,1.158,1.156,1.156,1.156,1.158,1.292
RGI60-16.00175,1.32,1.32,1.32,1.32,1.32,1.32,1.32,1.32,1.32,1.32,1.32,1.32,1.32,1.32,1.32,1.32,0.703,0.703,0.703,0.877,0.877,0.877,0.877,0.877,0.877,0.877,0.877,0.87,0.87,0.838,0.832,0.832,0.832,0.83,0.83,0.83,0.83,0.83,0.83,0.83,0.83,0.83,0.83,0.83,0.832,0.83,0.83,0.83,0.831,1.01
RGI60-16.00176,1.292,1.292,1.292,1.292,1.292,1.292,1.292,1.292,1.292,1.292,1.292,1.292,1.292,1.292,1.292,1.292,0.649,0.649,0.649,0.835,0.835,0.835,0.835,0.835,0.835,0.835,0.835,0.827,0.827,0.793,0.787,0.787,0.787,0.785,0.785,0.785,0.785,0.785,0.785,0.785,0.785,0.785,0.785,0.785,0.787,0.785,0.785,0.785,0.786,0.973
RGI60-16.00177,1.293,1.293,1.293,1.293,1.293,1.293,1.293,1.293,1.293,1.293,1.293,1.293,1.293,1.293,1.293,1.293,0.651,0.651,0.651,0.836,0.836,0.836,0.836,0.836,0.836,0.836,0.836,0.828,0.828,0.794,0.788,0.788,0.788,0.786,0.786,0.786,0.786,0.786,0.786,0.786,0.786,0.786,0.786,0.786,0.788,0.786,0.786,0.786,0.787,0.974
RGI60-16.00178,1.293,1.293,1.293,1.293,1.293,1.293,1.293,1.293,1.293,1.293,1.293,1.293,1.293,1.293,1.293,1.293,0.654,0.654,0.654,0.838,0.838,0.838,0.838,0.838,0.838,0.838,0.838,0.83,0.83,0.796,0.79,0.79,0.79,0.788,0.788,0.788,0.788,0.788,0.788,0.788,0.788,0.788,0.788,0.788,0.79,0.788,0.788,0.788,0.789,0.974
RGI60-16.00179,1.307,1.307,1.307,1.307,1.307,1.307,1.307,1.307,1.307,1.307,1.307,1.307,1.307,1.307,1.307,1.307,0.692,0.692,0.692,0.87,0.87,0.87,0.87,0.87,0.87,0.87,0.87,0.862,0.862,0.827,0.821,0.821,0.821,0.819,0.819,0.819,0.819,0.819,0.819,0.819,0.819,0.819,0.819,0.819,0.821,0.819,0.819,0.819,0.82,0.993
RGI60-16.00180,1.295,1.295,1.295,1.295,1.295,1.295,1.295,1.295,1.295,1.295,1.295,1.295,1.295,1.295,1.295,1.295,0.668,0.668,0.668,0.851,0.851,0.851,0.851,0.851,0.851,0.851,0.851,0.843,0.843,0.807,0.801,0.801,0.801,0.799,0.799,0.799,0.799,0.799,0.799,0.799,0.799,0.799,0.799,0.799,0.801,0.799,0.799,0.799,0.8,0.977
RGI60-16.00181,1.331,1.331,1.331,1.331,1.331,1.331,1.331,1.331,1.331,1.331,1.331,1.331,1.331,1.331,1.331,1.331,0.734,0.734,0.734,0.903,0.903,0.903,0.903,0.903,0.903,0.903,0.903,0.896,0.896,0.862,0.857,0.857,0.857,0.855,0.855,0.855,0.855,0.855,0.855,0.855,0.855,0.855,0.855,0.855,0.857,0.855,0.855,0.855,0.856,1.024
RGI60-16.00182,1.319,1.319,1.319,1.319,1.319,1.319,1.319,1.319,1.319,1.319,1.319,1.319,1.319,1.319,1.319,1.319,0.712,0.712,0.712,0.885,0.885,0.885,0.885,0.885,0.885,0.885,0.885,0.878,0.878,0.844,0.838,0.838,0.838,0.836,0.836,0.836,0.836,0.836,0.836,0.836,0.836,0.836,0.836,0.836,0.838,0.836,0.836,0.836,0.838,1.009
RGI60-16.00183,1.3,1.3,1.3,1.3,1.3,1.3,1.3,1.3,1.3,1.3,1.3,1.3,1.3,1.3,1.3,1.3,0.676,0.676,0.676,0.857,0.857,0.857,0.857,0.857,0.857,0.857,0.857,0.849,0.849,0.814,0.808,0.808,0.808,0.805,0.805,0.805,0.805,0.805,0.805,0.805,0.805,0.805,0.805,0.805,0.808,0.805,0.805,0.805,0.807,0.983
RGI60-16.00184,1.3,1.3,1.3,1.3,1.3,1.3,1.3,1.3,1.3,1.3,1.3,1.3,1.3,1.3,1.3,1.3,0.684,0.684,0.684,0.864,0.864,0.864,0.864,0.864,0.864,0.864,0.864,0.856,0.856,0.819,0.814,0.814,0.814,0.811,0.811,0.811,0.811,0.811,0.811,0.811,0.811,0.811,0.811,0.811,0.814,0.811,0.811,0.811,0.813,0.983
RGI60-16.00185,1.319,1.319,1.319,1.319,1.319,1.319,1.319,1.319,1.319,1.319,1.319,1.319,1.319,1.319,1.319,1.319,0.714,0.714,0.714,0.887,0.887,0.887,0.887,0.887,0.887,0.887,0.887,0.88,0.88,0.845,0.84,0.84,0.84,0.837,0.837,0.837,0.837,0.837,0.837,0.837,0.837,0.837,0.837,0.837,0.84,0.837,0.837,0.837,0.839,1.008
RGI60-16.00186,1.296,1.296,1.296,1.296,1.296,1.296,1.296,1.296,1.296,1.296,1.296,1.296,1.296,1.296,1.296,1.296,0.67,0.67,0.67,0.853,0.853,0.853,0.853,0.853,0.853,0.853,0.853,0.845,0.845,0.809,0.803,0.803,0.803,0.8,0.8,0.8,0.8,0.8,0.8,0.8,0.8,0.8,0.8,0.8,0.803,0.8,0.8,0.8,0.802,0.978
RGI60-16.00187,1.378,1.378,1.378,1.378,1.378,1.378,1.378,1.378,1.378,1.378,1.378,1.378,1.378,1.378,1.378,1.378,0.811,0.811,0.811,0.966,0.966,0.966,0.966,0.966,0.966,0.966,0.966,0.959,0.959,0.929,0.924,0.924,0.924,0.922,0.922,0.922,0.922,0.922,0.922,0.922,0.922,0.922,0.922,0.922,0.924,0.922,0.922,0.922,0.924,1.084
RGI60-16.00188,1.336,1.336,1.336,1.336,1.336,1.336,1.336,1.336,1.336,1.336,1.336,1.336,1.336,1.336,1.336,1.336,0.737,0.737,0.737,0.905,0.905,0.905,0.905,0.905,0.905,0.905,0.905,0.897,0.897,0.865,0.86,0.86,0.86,0.858,0.858,0.858,0.858,0.858,0.858,0.858,0.858,0.858,0.858,0.858,0.86,0.858,0.858,0.858,0.859,1.03
RGI60-16.00189,1.574,1.574,1.574,1.574,1.574,1.574,1.574,1.574,1.574,1.574,1.574,1.574,1.574,1.574,1.574,1.574,1.112,1.112,1.112,1.23,1.23,1.23,1.23,1.23,1.23,1.23,1.23,1.225,1.225,1.201,1.198,1.198,1.198,1.196,1.196,1.196,1.196,1.196,1.196,1.196,1.196,1.196,1.196,1.196,1.198,1.196,1.196,1.196,1.197,1.325
RGI60-16.00190,1.314,1.314,1.314,1.314,1.314,1.314,1.314,1.314,1.314,1.314,1.314,1.314,1.314,1.314,1.314,1.314,0.709,0.709,0.709,0.884,0.884,0.884,0.884,0.884,0.884,0.884,0.884,0.877,0.877,0.841,0.835,0.835,0.835,0.833,0.833,0.833,0.833,0.833,0.833,0.833,0.833,0.833,0.833,0.833,0.835,0.833,0.833,0.833,0.834,1.002
RGI60-16.00191,1.411,1.411,1.411,1.411,1.411,1.411,1.411,1.411,1.411,1.411,1.411,1.411,1.411,1.411,1.411,1.411,0.877,0.877,0.877,1.023,1.023,1.023,1.023,1.023,1.023,1.023,1.023,1.017,1.017,0.986,0.982,0.982,0.982,0.979,0.979,0.979,0.979,0.979,0.979,0.979,0.979,0.979,0.979,0.979,0.982,0.979,0.979,0.979,0.981,1.126
RGI60-16.00192,1.294,1.294,1.294,1.294,1.294,1.294,1.294,1.294,1.294,1.294,1.294,1.294,1.294,1.294,1.294,1.294,0.672,0.672,0.672,0.854,0.854,0.854,0.854,0.854,0.854,0.854,0.854,0.847,0.847,0.809,0.804,0.804,0.804,0.801,0.801,0.801,0.801,0.801,0.801,0.801,0.801,0.801,0.801,0.801,0.804,0.801,0.801,0.801,0.803,0.975
RGI60-16.00193,1.332,1.332,1.332,1.332,1.332,1.332,1.332,1.332,1.332,1.332,1.332,1.332,1.332,1.332,1.332,1.332,0.739,0.739,0.739,0.907,0.907,0.907,0.907,0.907,0.907,0.907,0.907,0.9,0.9,0.866,0.861,0.861,0.861,0.858,0.858,0.858,0.858,0.858,0.858,0.858,0.858,0.858,0.858,0.858,0.861,0.858,0.858,0.858,0.86,1.026
RGI60-16.00194,1.296,1.296,1.296,1.296,1.296,1.296,1.296,1.296,1.296,1.296,1.296,1.296,1.296,1.296,1.296,1.296,0.671,0.671,0.671,0.853,0.853,0.853,0.853,0.853,0.853,0.853,0.853,0.845,0.845,0.809,0.803,0.803,0.803,0.801,0.801,0.801,0.801,0.801,0.801,0.801,0.801,0.801,0.801,0.801,0.803,0.801,0.801,0.801,0.802,0.978
RGI60-16.00195,1.301,1.301,1.301,1.301,1.301,1.301,1.301,1.301,1.301,1.301,1.301,1.301,1.301,1.301,1.301,1.301,0.68,0.68,0.68,0.86,0.86,0.86,0.86,0.86,0.86,0.86,0.86,0.852,0.852,0.817,0.811,0.811,0.811,0.809,0.809,0.809,0.809,0.809,0.809,0.809,0.809,0.809,0.809,0.809,0.811,0.809,0.809,0.809,0.81,0.985
RGI60-16.00196,1.317,1.317,1.317,1.317,1.317,1.317,1.317,1.317,1.317,1.317,1.317,1.317,1.317,1.317,1.317,1.317,0.71,0.71,0.71,0.884,0.884,0.884,0.884,0.884,0.884,0.884,0.884,0.877,0.877,0.842,0.837,0.837,0.837,0.834,0.834,0.834,0.834,0.834,0.834,0.834,0.834,0.834,0.834,0.834,0.837,0.834,0.834,0.834,0.836,1.005
RGI60-16.00197,1.298,1.298,1.298,1.298,1.298,1.298,1.298,1.298,1.298,1.298,1.298,1.298,1.298,1.298,1.298,1.298,0.681,0.681,0.681,0.861,0.861,0.861,0.861,0.861,0.861,0.861,0.861,0.854,0.854,0.817,0.811,0.811,0.811,0.808,0.808,0.808,0.808,0.808,0.808,0.808,0.808,0.808,0.808,0.808,0.811,0.808,0.808,0.808,0.81,0.981
RGI60-16.00198,1.302,1.302,1.302,1.302,1.302,1.302,1.302,1.302,1.302,1.302,1.302,1.302,1.302,1.302,1.302,1.302,0.687,0.687,0.687,0.866,0.866,0.866,0.866,0.866,0.866,0.866,0.866,0.859,0.859,0.822,0.816,0.816,0.816,0.814,0.814,0.814,0.814,0.814,0.814,0.814,0.814,0.814,0.814,0.814,0.816,0.814,0.814,0.814,0.815,0.986
RGI60-16.00199,1.305,1.305,1.305,1.305,1.305,1.305,1.305,1.305,1.305,1.305,1.305,1.305,1.305,1.305,1.305,1.305,0.688,0.688,0.688,0.866,0.866,0.866,0.866,0.866,0.866,0.866,0.866,0.859,0.859,0.823,0.818,0.818,0.818,0.815,0.815,0.815,0.815,0.815,0.815,0.815,0.815,0.815,0.815,0.815,0.818,0.815,0.815,0.815,0.817,0.99
RGI60-16.00200,1.295,1.295,1.295,1.295,1.295,1.295,1.295,1.295,1.295,1.295,1.295,1.295,1.295,1.295,1.295,1.295,0.661,0.661,0.661,0.844,0.844,0.844,0.844,0.844,0.844,0.844,0.844,0.836,0.836,0.801,0.796,0.796,0.796,0.793,0.793,0.793,0.793,0.793,0.793,0.793,0.793,0.793,0.793,0.793,0.796,0.793,0.793,0.793,0.795,0.977
RGI60-16.00201,1.298,1.298,1.298,1.298,1.298,1.298,1.298,1.298,1.298,1.298,1.298,1.298,1.298,1.298,1.298,1.298,0.68,0.68,0.68,0.86,0.86,0.86,0.86,0.86,0.86,0.86,0.86,0.853,0.853,0.816,0.81,0.81,0.81,0.807,0.807,0.807,0.807,0.807,0.807,0.807,0.807,0.807,0.807,0.807,0.81,0.807,0.807,0.807,0.809,0.98
RGI60-16.00202,1.295,1.295,1.295,1.295,1.295,1.295,1.295,1.295,1.295,1.295,1.295,1.295,1.295,1.295,1.295,1.295,0.669,0.669,0.669,0.852,0.852,0.852,0.852,0.852,0.852,0.852,0.852,0.844,0.844,0.808,0.802,0.802,0.802,0.799,0.799,0.799,0.799,0.799,0.799,0.799,0.799,0.799,0.799,0.799,0.802,0.799,0.799,0.799,0.801,0.976
RGI60-16.00203,1.314,1.314,1.314,1.314,1.314,1.314,1.314,1.314,1.314,1.314,1.314,1.314,1.314,1.314,1.314,1.314,0.698,0.698,0.698,0.874,0.874,0.874,0.874,0.874,0.874,0.874,0.874,0.866,0.866,0.832,0.827,0.827,0.827,0.824,0.824,0.824,0.824,0.824,0.824,0.824,0.824,0.824,0.824,0.824,0.827,0.824,0.824,0.824,0.826,1.002
RGI60-16.00204,1.323,1.323,1.323,1.323,1.323,1.323,1.323,1.323,1.323,1.323,1.323,1.323,1.323,1.323,1.323,1.323,0.716,0.716,0.716,0.888,0.888,0.888,0.888,0.888,0.888,0.888,0.888,0.88,0.88,0.847,0.842,0.842,0.842,0.839,0.839,0.839,0.839,0.839,0.839,0.839,0.839,0.839,0.839,0.839,0.842,0.839,0.839,0.839,0.841,1.014
RGI60-16.00205,1.292,1.292,1.292,1.292,1.292,1.292,1.292,1.292,1.292,1.292,1.292,1.292,1.292,1.292,1.292,1.292,0.655,0.655,0.655,0.839,0.839,0.839,0.839,0.839,0.839,0.839,0.839,0.831,0.831,0.796,0.791,0.791,0.791,0.788,0.788,0.788,0.788,0.788,0.788,0.788,0.788,0.788,0.788,0.788,0.791,0.788,0.788,0.788,0.79,0.972
RGI60-16.00206,1.403,1.403,1.403,1.403,1.403,1.403,1.403,1.403,1.403,1.403,1.403,1.403,1.403,1.403,1.403,1.403,0.855,0.855,0.855,1.003,1.003,1.003,1.003,1.003,1.003,1.003,1.003,0.997,0.997,0.968,0.963,0.963,0.963,0.961,0.961,0.961,0.961,0.961,0.961,0.961,0.961,0.961,0.961,0.961,0.963,0.961,0.961,0.961,0.962,1.116
RGI60-16.00207,1.308,1.308,1.308,1.308,1.308,1.308,1.308,1.308,1.308,1.308,1.308,1.308,1.308,1.308,1.308,1.308,0.686,0.686,0.686,0.864,0.864,0.864,0.864,0.864,0.864,0.864,0.864,0.856,0.856,0.822,0.817,0.817,0.817,0.814,0.814,0.814,0.814,0.814,0.814,0.814,0.814,0.814,0.814,0.814,0.817,0.814,0.814,0.814,0.816,0.993
RGI60-16.00208,1.326,1.326,1.326,1.326,1.326,1.326,1.326,1.326,1.326,1.326,1.326,1.326,1.326,1.326,1.326,1.326,0.721,0.721,0.721,0.892,0.892,0.892,0.892,0.892,0.892,0.892,0.892,0.884,0.884,0.851,0.846,0.846,0.846,0.843,0.843,0.843,0.843,0.843,0.843,0.843,0.843,0.843,0.843,0.843,0.846,0.843,0.843,0.843,0.845,1.017
RGI60-16.00209,1.307,1.307,1.307,1.307,1.307,1.307,1.307,1.307,1.307,1.307,1.307,1.307,1.307,1.307,1.307,1.307,0.685,0.685,0.685,0.863,0.863,0.863,0.863,0.863,0.863,0.863,0.863,0.856,0.856,0.821,0.816,0.816,0.816,0.813,0.813,0.813,0.813,0.813,0.813,0.813,0.813,0.813,0.813,0.813,0.816,0.813,0.813,0.813,0.815,0.992
RGI60-16.00210,1.292,1.292,1.292,1.292,1.292,1.292,1.292,1.292,1.292,1.292,1.292,1.292,1.292,1.292,1.292,1.292,0.676,0.676,0.676,0.857,0.857,0.857,0.857,0.857,0.857,0.857,0.857,0.85,0.85,0.811,0.805,0.805,0.805,0.803,0.803,0.803,0.803,0.803,0.803,0.803,0.803,0.803,0.803,0.803,0.805,0.803,0.803,0.803,0.805,0.972
RGI60-16.00211,1.272,1.272,1.272,1.272,1.272,1.272,1.272,1.272,1.272,1.272,1.272,1.272,1.272,1.272,1.272,1.272,0.718,0.718,0.718,0.894,0.894,0.894,0.894,0.894,0.894,0.894,0.894,0.888,0.888,0.831,0.825,0.825,0.825,0.822,0.822,0.822,0.822,0.822,0.822,0.822,0.822,0.822,0.822,0.822,0.825,0.822,0.822,0.822,0.824,0.947
RGI60-16.00212,1.274,1.274,1.274,1.274,1.274,1.274,1.274,1.274,1.274,1.274,1.274,1.274,1.274,1.274,1.274,1.274,0.72,0.72,0.72,0.895,0.895,0.895,0.895,0.895,0.895,0.895,0.895,0.89,0.89,0.833,0.826,0.826,0.826,0.824,0.824,0.824,0.824,0.824,0.824,0.824,0.824,0.824,0.824,0.824,0.826,0.824,0.824,0.824,0.826,0.948
RGI60-16.00213,1.271,1.271,1.271,1.271,1.271,1.271,1.271,1.271,1.271,1.271,1.271,1.271,1.271,1.271,1.271,1.271,0.715,0.715,0.715,0.892,0.892,0.892,0.892,0.892,0.892,0.892,0.892,0.886,0.886,0.828,0.822,0.822,0.822,0.819,0.819,0.819,0.819,0.819,0.819,0.819,0.819,0.819,0.819,0.819,0.822,0.819,0.819,0.819,0.821,0.944
RGI60-16.00214,1.267,1.267,1.267,1.267,1.267,1.267,1.267,1.267,1.267,1.267,1.267,1.267,1.267,1.267,1.267,1.267,0.72,0.72,0.72,0.894,0.894,0.894,0.894,0.894,0.894,0.894,0.894,0.888,0.888,0.828,0.822,0.822,0.822,0.819,0.819,0.819,0.819,0.819,0.819,0.819,0.819,0.819,0.819,0.819,0.822,0.819,0.819,0.819,0.821,0.94
RGI60-16.00215,1.268,1.268,1.268,1.268,1.268,1.268,1.268,1.268,1.268,1.268,1.268,1.268,1.268,1.268,1.268,1.268,0.722,0.722,0.722,0.895,0.895,0.895,0.895,0.895,0.895,0.895,0.895,0.89,0.89,0.83,0.823,0.823,0.823,0.821,0.821,0.821,0.821,0.821,0.821,0.821,0.821,0.821,0.821,0.821,0.823,0.821,0.821,0.821,0.823,0.94
RGI60-16.00216,1.262,1.262,1.262,1.262,1.262,1.262,1.262,1.262,1.262,1.262,1.262,1.262,1.262,1.262,1.262,1.262,0.708,0.708,0.708,0.881,0.881,0.881,0.881,0.881,0.881,0.881,0.881,0.875,0.875,0.816,0.81,0.81,0.81,0.807,0.807,0.807,0.807,0.807,0.807,0.807,0.807,0.807,0.807,0.807,0.81,0.807,0.807,0.807,0.809,0.932
RGI60-16.00217,1.325,1.325,1.325,1.325,1.325,1.325,1.325,1.325,1.325,1.325,1.325,1.325,1.325,1.325,1.325,1.325,0.811,0.811,0.811,0.965,0.965,0.965,0.965,0.965,0.965,0.965,0.965,0.959,0.959,0.909,0.903,0.903,0.903,0.9,0.9,0.9,0.9,0.9,0.9,0.9,0.9,0.9,0.9,0.9,0.903,0.9,0.9,0.9,0.902,1.017
RGI60-16.00218,1.264,1.264,1.264,1.264,1.264,1.264,1.264,1.264,1.264,1.264,1.264,1.264,1.264,1.264,1.264,1.264,0.708,0.708,0.708,0.88,0.88,0.88,0.88,0.88,0.88,0.88,0.88,0.874,0.874,0.817,0.811,0.811,0.811,0.808,0.808,0.808,0.808,0.808,0.808,0.808,0.808,0.808,0.808,0.808,0.811,0.808,0.808,0.808,0.81,0.934
RGI60-16.00219,1.296,1.296,1.296,1.296,1.296,1.296,1.296,1.296,1.296,1.296,1.296,1.296,1.296,1.296,1.296,1.296,0.764,0.764,0.764,0.926,0.926,0.926,0.926,0.926,0.926,0.926,0.926,0.921,0.921,0.867,0.861,0.861,0.861,0.858,0.858,0.858,0.858,0.858,0.858,0.858,0.858,0.858,0.858,0.858,0.861,0.858,0.858,0.858,0.86,0.978
RGI60-16.00220,1.367,1.367,1.367,1.367,1.367,1.367,1.367,1.367,1.367,1.367,1.367,1.367,1.367,1.367,1.367,1.367,0.878,0.878,0.878,1.022,1.022,1.022,1.022,1.022,1.022,1.022,1.022,1.017,1.017,0.969,0.963,0.963,0.963,0.961,0.961,0.961,0.961,0.961,0.961,0.961,0.961,0.961,0.961,0.961,0.963,0.961,0.961,0.961,0.963,1.07
RGI60-16.00221,1.285,1.285,1.285,1.285,1.285,1.285,1.285,1.285,1.285,1.285,1.285,1.285,1.285,1.285,1.285,1.285,0.746,0.746,0.746,0.911,0.911,0.911,0.911,0.911,0.911,0.911,0.911,0.905,0.905,0.851,0.844,0.844,0.844,0.841,0.841,0.841,0.841,0.841,0.841,0.841,0.841,0.841,0.841,0.841,0.844,0.841,0.841,0.841,0.843,0.964
RGI60-16.00222,1.277,1.277,1.277,1.277,1.277,1.277,1.277,1.277,1.277,1.277,1.277,1.277,1.277,1.277,1.277,1.277,0.733,0.733,0.733,0.9,0.9,0.9,0.9,0.9,0.9,0.9,0.9,0.895,0.895,0.839,0.833,0.833,0.833,0.83,0.83,0.83,0.83,0.83,0.83,0.83,0.83,0.83,0.83,0.83,0.833,0.83,0.83,0.83,0.832,0.953
RGI60-16.00223,1.352,1.352,1.352,1.352,1.352,1.352,1.352,1.352,1.352,1.352,1.352,1.352,1.352,1.352,1.352,1.352,0.852,0.852,0.852,1.0,1.0,1.0,1.0,1.0,1.0,1.0,1.0,0.995,0.995,0.946,0.941,0.941,0.941,0.938,0.938,0.938,0.938,0.938,0.938,0.938,0.938,0.938,0.938,0.938,0.941,0.938,0.938,0.938,0.94,1.051
RGI60-16.00224,1.961,1.961,1.961,1.961,1.961,1.961,1.961,1.961,1.961,1.961,1.961,1.961,1.961,1.961,1.961,1.961,1.657,1.657,1.657,1.738,1.738,1.738,1.738,1.738,1.738,1.738,1.738,1.735,1.735,1.707,1.704,1.704,1.704,1.703,1.703,1.703,1.703,1.703,1.703,1.703,1.703,1.703,1.703,1.703,1.704,1.703,1.703,1.703,1.704,1.767
RGI60-16.00225,1.447,1.447,1.447,1.447,1.447,1.447,1.447,1.447,1.447,1.447,1.447,1.447,1.447,1.447,1.447,1.447,0.997,0.997,0.997,1.126,1.126,1.126,1.126,1.126,1.126,1.126,1.126,1.121,1.121,1.078,1.073,1.073,1.073,1.071,1.071,1.071,1.071,1.071,1.071,1.071,1.071,1.071,1.071,1.071,1.073,1.071,1.071,1.071,1.072,1.171
RGI60-16.00226,1.274,1.274,1.274,1.274,1.274,1.274,1.274,1.274,1.274,1.274,1.274,1.274,1.274,1.274,1.274,1.274,0.726,0.726,0.726,0.895,0.895,0.895,0.895,0.895,0.895,0.895,0.895,0.889,0.889,0.833,0.827,0.827,0.827,0.824,0.824,0.824,0.824,0.824,0.824,0.824,0.824,0.824,0.824,0.824,0.827,0.824,0.824,0.824,0.826,0.949
RGI60-16.00227,1.315,1.315,1.315,1.315,1.315,1.315,1.315,1.315,1.315,1.315,1.315,1.315,1.315,1.315,1.315,1.315,0.796,0.796,0.796,0.952,0.952,0.952,0.952,0.952,0.952,0.952,0.952,0.947,0.947,0.895,0.889,0.889,0.889,0.886,0.886,0.886,0.886,0.886,0.886,0.886,0.886,0.886,0.886,0.886,0.889,0.886,0.886,0.886,0.888,1.003
RGI60-16.00228,1.263,1.263,1.263,1.263,1.263,1.263,1.263,1.263,1.263,1.263,1.263,1.263,1.263,1.263,1.263,1.263,0.707,0.707,0.707,0.879,0.879,0.879,0.879,0.879,0.879,0.879,0.879,0.873,0.873,0.816,0.81,0.81,0.81,0.807,0.807,0.807,0.807,0.807,0.807,0.807,0.807,0.807,0.807,0.807,0.81,0.807,0.807,0.807,0.809,0.934
RGI60-16.00229,1.284,1.284,1.284,1.284,1.284,1.284,1.284,1.284,1.284,1.284,1.284,1.284,1.284,1.284,1.284,1.284,0.742,0.742,0.742,0.908,0.908,0.908,0.908,0.908,0.908,0.908,0.908,0.902,0.902,0.848,0.841,0.841,0.841,0.839,0.839,0.839,0.839,0.839,0.839,0.839,0.839,0.839,0.839,0.839,0.841,0.839,0.839,0.839,0.841,0.962
RGI60-16.00230,1.27,1.27,1.27,1.27,1.27,1.27,1.27,1.27,1.27,1.27,1.27,1.27,1.27,1.27,1.27,1.27,0.717,0.717,0.717,0.888,0.888,0.888,0.888,0.888,0.888,0.888,0.888,0.882,0.882,0.826,0.819,0.819,0.819,0.816,0.816,0.816,0.816,0.816,0.816,0.816,0.816,0.816,0.816,0.816,0.819,0.816,0.816,0.816,0.818,0.943
RGI60-16.00231,1.27,1.27,1.27,1.27,1.27,1.27,1.27,1.27,1.27,1.27,1.27,1.27,1.27,1.27,1.27,1.27,0.718,0.718,0.718,0.888,0.888,0.888,0.888,0.888,0.888,0.888,0.888,0.882,0.882,0.827,0.82,0.82,0.82,0.817,0.817,0.817,0.817,0.817,0.817,0.817,0.817,0.817,0.817,0.817,0.82,0.817,0.817,0.817,0.819,0.943
RGI60-16.00232,1.348,1.348,1.348,1.348,1.348,1.348,1.348,1.348,1.348,1.348,1.348,1.348,1.348,1.348,1.348,1.348,0.847,0.847,0.847,0.996,0.996,0.996,0.996,0.996,0.996,0.996,0.996,0.99,0.99,0.941,0.936,0.936,0.936,0.933,0.933,0.933,0.933,0.933,0.933,0.933,0.933,0.933,0.933,0.933,0.936,0.933,0.933,0.933,0.935,1.046
RGI60-16.00233,1.35,1.35,1.35,1.35,1.35,1.35,1.35,1.35,1.35,1.35,1.35,1.35,1.35,1.35,1.35,1.35,0.85,0.85,0.85,0.998,0.998,0.998,0.998,0.998,0.998,0.998,0.998,0.992,0.992,0.944,0.938,0.938,0.938,0.935,0.935,0.935,0.935,0.935,0.935,0.935,0.935,0.935,0.935,0.935,0.938,0.935,0.935,0.935,0.937,1.048
RGI60-16.00234,1.378,1.378,1.378,1.378,1.378,1.378,1.378,1.378,1.378,1.378,1.378,1.378,1.378,1.378,1.378,1.378,0.894,0.894,0.894,1.035,1.035,1.035,1.035,1.035,1.035,1.035,1.035,1.03,1.03,0.983,0.978,0.978,0.978,0.975,0.975,0.975,0.975,0.975,0.975,0.975,0.975,0.975,0.975,0.975,0.978,0.975,0.975,0.975,0.977,1.084
RGI60-16.00235,1.388,1.388,1.388,1.388,1.388,1.388,1.388,1.388,1.388,1.388,1.388,1.388,1.388,1.388,1.388,1.388,0.91,0.91,0.91,1.049,1.049,1.049,1.049,1.049,1.049,1.049,1.049,1.044,1.044,0.998,0.993,0.993,0.993,0.99,0.99,0.99,0.99,0.99,0.99,0.99,0.99,0.99,0.99,0.99,0.993,0.99,0.99,0.99,0.992,1.097
RGI60-16.00236,1.28,1.28,1.28,1.28,1.28,1.28,1.28,1.28,1.28,1.28,1.28,1.28,1.28,1.28,1.28,1.28,0.734,0.734,0.734,0.901,0.901,0.901,0.901,0.901,0.901,0.901,0.901,0.896,0.896,0.841,0.835,0.835,0.835,0.832,0.832,0.832,0.832,0.832,0.832,0.832,0.832,0.832,0.832,0.832,0.835,0.832,0.832,0.832,0.834,0.957
RGI60-16.00237,1.273,1.273,1.273,1.273,1.273,1.273,1.273,1.273,1.273,1.273,1.273,1.273,1.273,1.273,1.273,1.273,0.716,0.716,0.716,0.887,0.887,0.887,0.887,0.887,0.887,0.887,0.887,0.881,0.881,0.827,0.82,0.82,0.82,0.817,0.817,0.817,0.817,0.817,0.817,0.817,0.817,0.817,0.817,0.817,0.82,0.817,0.817,0.817,0.819,0.947
RGI60-16.00238,1.3,1.3,1.3,1.3,1.3,1.3,1.3,1.3,1.3,1.3,1.3,1.3,1.3,1.3,1.3,1.3,0.765,0.765,0.765,0.926,0.926,0.926,0.926,0.926,0.926,0.926,0.926,0.921,0.921,0.869,0.863,0.863,0.863,0.86,0.86,0.86,0.86,0.86,0.86,0.86,0.86,0.86,0.86,0.86,0.863,0.86,0.86,0.86,0.862,0.983
RGI60-16.00239,1.289,1.289,1.289,1.289,1.289,1.289,1.289,1.289,1.289,1.289,1.289,1.289,1.289,1.289,1.289,1.289,0.752,0.752,0.752,0.916,0.916,0.916,0.916,0.916,0.916,0.916,0.916,0.91,0.91,0.856,0.85,0.85,0.85,0.847,0.847,0.847,0.847,0.847,0.847,0.847,0.847,0.847,0.847,0.847,0.85,0.847,0.847,0.847,0.849,0.969
RGI60-16.00240,1.281,1.281,1.281,1.281,1.281,1.281,1.281,1.281,1.281,1.281,1.281,1.281,1.281,1.281,1.281,1.281,0.738,0.738,0.738,0.905,0.905,0.905,0.905,0.905,0.905,0.905,0.905,0.899,0.899,0.844,0.838,0.838,0.838,0.835,0.835,0.835,0.835,0.835,0.835,0.835,0.835,0.835,0.835,0.835,0.838,0.835,0.835,0.835,0.837,0.958
RGI60-16.00241,1.278,1.278,1.278,1.278,1.278,1.278,1.278,1.278,1.278,1.278,1.278,1.278,1.278,1.278,1.278,1.278,0.732,0.732,0.732,0.9,0.9,0.9,0.9,0.9,0.9,0.9,0.9,0.894,0.894,0.839,0.832,0.832,0.832,0.829,0.829,0.829,0.829,0.829,0.829,0.829,0.829,0.829,0.829,0.829,0.832,0.829,0.829,0.829,0.831,0.954
RGI60-16.00242,1.355,1.355,1.355,1.355,1.355,1.355,1.355,1.355,1.355,1.355,1.355,1.355,1.355,1.355,1.355,1.355,0.859,0.859,0.859,1.006,1.006,1.006,1.006,1.006,1.006,1.006,1.006,1.001,1.001,0.952,0.946,0.946,0.946,0.944,0.944,0.944,0.944,0.944,0.944,0.944,0.944,0.944,0.944,0.944,0.946,0.944,0.944,0.944,0.946,1.055
RGI60-16.00243,1.276,1.276,1.276,1.276,1.276,1.276,1.276,1.276,1.276,1.276,1.276,1.276,1.276,1.276,1.276,1.276,0.729,0.729,0.729,0.897,0.897,0.897,0.897,0.897,0.897,0.897,0.897,0.892,0.892,0.836,0.83,0.83,0.83,0.827,0.827,0.827,0.827,0.827,0.827,0.827,0.827,0.827,0.827,0.827,0.83,0.827,0.827,0.827,0.829,0.952
RGI60-16.00244,1.268,1.268,1.268,1.268,1.268,1.268,1.268,1.268,1.268,1.268,1.268,1.268,1.268,1.268,1.268,1.268,0.714,0.714,0.714,0.885,0.885,0.885,0.885,0.885,0.885,0.885,0.885,0.879,0.879,0.823,0.817,0.817,0.817,0.814,0.814,0.814,0.814,0.814,0.814,0.814,0.814,0.814,0.814,0.814,0.817,0.814,0.814,0.814,0.816,0.94
RGI60-16.00245,1.281,1.281,1.281,1.281,1.281,1.281,1.281,1.281,1.281,1.281,1.281,1.281,1.281,1.281,1.281,1.281,0.738,0.738,0.738,0.904,0.904,0.904,0.904,0.904,0.904,0.904,0.904,0.898,0.898,0.843,0.837,0.837,0.837,0.834,0.834,0.834,0.834,0.834,0.834,0.834,0.834,0.834,0.834,0.834,0.837,0.834,0.834,0.834,0.836,0.958
RGI60-16.00246,1.27,1.27,1.27,1.27,1.27,1.27,1.27,1.27,1.27,1.27,1.27,1.27,1.27,1.27,1.27,1.27,0.718,0.718,0.718,0.889,0.889,0.889,0.889,0.889,0.889,0.889,0.889,0.883,0.883,0.827,0.82,0.82,0.82,0.817,0.817,0.817,0.817,0.817,0.817,0.817,0.817,0.817,0.817,0.817,0.82,0.817,0.817,0.817,0.819,0.943
RGI60-16.00247,1.272,1.272,1.272,1.272,1.272,1.272,1.272,1.272,1.272,1.272,1.272,1.272,1.272,1.272,1.272,1.272,0.721,0.721,0.721,0.891,0.891,0.891,0.891,0.891,0.891,0.891,0.891,0.885,0.885,0.829,0.823,0.823,0.823,0.82,0.82,0.82,0.82,0.82,0.82,0.82,0.82,0.82,0.82,0.82,0.823,0.82,0.82,0.82,0.822,0.946
RGI60-16.00248,1.266,1.266,1.266,1.266,1.266,1.266,1.266,1.266,1.266,1.266,1.266,1.266,1.266,1.266,1.266,1.266,0.711,0.711,0.711,0.882,0.882,0.882,0.882,0.882,0.882,0.882,0.882,0.876,0.876,0.82,0.813,0.813,0.813,0.81,0.81,0.81,0.81,0.81,0.81,0.81,0.81,0.81,0.81,0.81,0.813,0.81,0.81,0.81,0.812,0.937
RGI60-16.00249,1.317,1.317,1.317,1.317,1.317,1.317,1.317,1.317,1.317,1.317,1.317,1.317,1.317,1.317,1.317,1.317,0.794,0.794,0.794,0.951,0.951,0.951,0.951,0.951,0.951,0.951,0.951,0.945,0.945,0.895,0.889,0.889,0.889,0.886,0.886,0.886,0.886,0.886,0.886,0.886,0.886,0.886,0.886,0.886,0.889,0.886,0.886,0.886,0.888,1.005
RGI60-16.00250,1.298,1.298,1.298,1.298,1.298,1.298,1.298,1.298,1.298,1.298,1.298,1.298,1.298,1.298,1.298,1.298,0.763,0.763,0.763,0.925,0.925,0.925,0.925,0.925,0.925,0.925,0.925,0.919,0.919,0.867,0.86,0.86,0.86,0.858,0.858,0.858,0.858,0.858,0.858,0.858,0.858,0.858,0.858,0.858,0.86,0.858,0.858,0.858,0.86,0.98
RGI60-16.00251,1.304,1.304,1.304,1.304,1.304,1.304,1.304,1.304,1.304,1.304,1.304,1.304,1.304,1.304,1.304,1.304,0.773,0.773,0.773,0.933,0.933,0.933,0.933,0.933,0.933,0.933,0.933,0.928,0.928,0.876,0.87,0.87,0.87,0.867,0.867,0.867,0.867,0.867,0.867,0.867,0.867,0.867,0.867,0.867,0.87,0.867,0.867,0.867,0.869,0.988
RGI60-16.00252,1.331,1.331,1.331,1.331,1.331,1.331,1.331,1.331,1.331,1.331,1.331,1.331,1.331,1.331,1.331,1.331,0.826,0.826,0.826,0.978,0.978,0.978,0.978,0.978,0.978,0.978,0.978,0.973,0.973,0.921,0.915,0.915,0.915,0.912,0.912,0.912,0.912,0.912,0.912,0.912,0.912,0.912,0.912,0.912,0.915,0.912,0.912,0.912,0.914,1.024
RGI60-16.00253,1.292,1.292,1.292,1.292,1.292,1.292,1.292,1.292,1.292,1.292,1.292,1.292,1.292,1.292,1.292,1.292,0.761,0.761,0.761,0.924,0.924,0.924,0.924,0.924,0.924,0.924,0.924,0.918,0.918,0.863,0.857,0.857,0.857,0.854,0.854,0.854,0.854,0.854,0.854,0.854,0.854,0.854,0.854,0.854,0.857,0.854,0.854,0.854,0.856,0.973
RGI60-16.00254,1.304,1.304,1.304,1.304,1.304,1.304,1.304,1.304,1.304,1.304,1.304,1.304,1.304,1.304,1.304,1.304,0.78,0.78,0.78,0.939,0.939,0.939,0.939,0.939,0.939,0.939,0.939,0.933,0.933,0.88,0.874,0.874,0.874,0.871,0.871,0.871,0.871,0.871,0.871,0.871,0.871,0.871,0.871,0.871,0.874,0.871,0.871,0.871,0.873,0.989
RGI60-16.00255,1.382,1.382,1.382,1.382,1.382,1.382,1.382,1.382,1.382,1.382,1.382,1.382,1.382,1.382,1.382,1.382,0.904,0.904,0.904,1.045,1.045,1.045,1.045,1.045,1.045,1.045,1.045,1.039,1.039,0.992,0.986,0.986,0.986,0.984,0.984,0.984,0.984,0.984,0.984,0.984,0.984,0.984,0.984,0.984,0.986,0.984,0.984,0.984,0.986,1.09
RGI60-16.00256,1.259,1.259,1.259,1.259,1.259,1.259,1.259,1.259,1.259,1.259,1.259,1.259,1.259,1.259,1.259,1.259,0.703,0.703,0.703,0.876,0.876,0.876,0.876,0.876,0.876,0.876,0.876,0.87,0.87,0.812,0.806,0.806,0.806,0.803,0.803,0.803,0.803,0.803,0.803,0.803,0.803,0.803,0.803,0.803,0.806,0.803,0.803,0.803,0.805,0.929
RGI60-16.00257,1.27,1.27,1.27,1.27,1.27,1.27,1.27,1.27,1.27,1.27,1.27,1.27,1.27,1.27,1.27,1.27,0.722,0.722,0.722,0.892,0.892,0.892,0.892,0.892,0.892,0.892,0.892,0.886,0.886,0.829,0.823,0.823,0.823,0.82,0.82,0.82,0.82,0.82,0.82,0.82,0.82,0.82,0.82,0.82,0.823,0.82,0.82,0.82,0.822,0.944
RGI60-16.00258,1.274,1.274,1.274,1.274,1.274,1.274,1.274,1.274,1.274,1.274,1.274,1.274,1.274,1.274,1.274,1.274,0.73,0.73,0.73,0.898,0.898,0.898,0.898,0.898,0.898,0.898,0.898,0.892,0.892,0.836,0.829,0.829,0.829,0.826,0.826,0.826,0.826,0.826,0.826,0.826,0.826,0.826,0.826,0.826,0.829,0.826,0.826,0.826,0.828,0.949
RGI60-16.00259,1.282,1.282,1.282,1.282,1.282,1.282,1.282,1.282,1.282,1.282,1.282,1.282,1.282,1.282,1.282,1.282,0.745,0.745,0.745,0.91,0.91,0.91,0.91,0.91,0.91,0.91,0.91,0.904,0.904,0.848,0.842,0.842,0.842,0.839,0.839,0.839,0.839,0.839,0.839,0.839,0.839,0.839,0.839,0.839,0.842,0.839,0.839,0.839,0.841,0.96
RGI60-16.00260,1.275,1.275,1.275,1.275,1.275,1.275,1.275,1.275,1.275,1.275,1.275,1.275,1.275,1.275,1.275,1.275,0.73,0.73,0.73,0.898,0.898,0.898,0.898,0.898,0.898,0.898,0.898,0.892,0.892,0.836,0.829,0.829,0.829,0.827,0.827,0.827,0.827,0.827,0.827,0.827,0.827,0.827,0.827,0.827,0.829,0.827,0.827,0.827,0.829,0.95
RGI60-16.00261,1.261,1.261,1.261,1.261,1.261,1.261,1.261,1.261,1.261,1.261,1.261,1.261,1.261,1.261,1.261,1.261,0.707,0.707,0.707,0.879,0.879,0.879,0.879,0.879,0.879,0.879,0.879,0.873,0.873,0.815,0.809,0.809,0.809,0.806,0.806,0.806,0.806,0.806,0.806,0.806,0.806,0.806,0.806,0.806,0.809,0.806,0.806,0.806,0.808,0.931
RGI60-16.00262,1.261,1.261,1.261,1.261,1.261,1.261,1.261,1.261,1.261,1.261,1.261,1.261,1.261,1.261,1.261,1.261,0.707,0.707,0.707,0.879,0.879,0.879,0.879,0.879,0.879,0.879,0.879,0.873,0.873,0.816,0.809,0.809,0.809,0.806,0.806,0.806,0.806,0.806,0.806,0.806,0.806,0.806,0.806,0.806,0.809,0.806,0.806,0.806,0.808,0.932
RGI60-16.00263,1.265,1.265,1.265,1.265,1.265,1.265,1.265,1.265,1.265,1.265,1.265,1.265,1.265,1.265,1.265,1.265,0.713,0.713,0.713,0.884,0.884,0.884,0.884,0.884,0.884,0.884,0.884,0.878,0.878,0.821,0.814,0.814,0.814,0.811,0.811,0.811,0.811,0.811,0.811,0.811,0.811,0.811,0.811,0.811,0.814,0.811,0.811,0.811,0.813,0.936
RGI60-16.00264,1.265,1.265,1.265,1.265,1.265,1.265,1.265,1.265,1.265,1.265,1.265,1.265,1.265,1.265,1.265,1.265,0.714,0.714,0.714,0.885,0.885,0.885,0.885,0.885,0.885,0.885,0.885,0.879,0.879,0.821,0.815,0.815,0.815,0.812,0.812,0.812,0.812,0.812,0.812,0.812,0.812,0.812,0.812,0.812,0.815,0.812,0.812,0.812,0.814,0.937
RGI60-16.00265,1.266,1.266,1.266,1.266,1.266,1.266,1.266,1.266,1.266,1.266,1.266,1.266,1.266,1.266,1.266,1.266,0.714,0.714,0.714,0.885,0.885,0.885,0.885,0.885,0.885,0.885,0.885,0.879,0.879,0.822,0.815,0.815,0.815,0.813,0.813,0.813,0.813,0.813,0.813,0.813,0.813,0.813,0.813,0.813,0.815,0.813,0.813,0.813,0.815,0.937
RGI60-16.00266,1.269,1.269,1.269,1.269,1.269,1.269,1.269,1.269,1.269,1.269,1.269,1.269,1.269,1.269,1.269,1.269,0.721,0.721,0.721,0.891,0.891,0.891,0.891,0.891,0.891,0.891,0.891,0.885,0.885,0.828,0.821,0.821,0.821,0.819,0.819,0.819,0.819,0.819,0.819,0.819,0.819,0.819,0.819,0.819,0.821,0.819,0.819,0.819,0.821,0.942
RGI60-16.00267,1.265,1.265,1.265,1.265,1.265,1.265,1.265,1.265,1.265,1.265,1.265,1.265,1.265,1.265,1.265,1.265,0.713,0.713,0.713,0.885,0.885,0.885,0.885,0.885,0.885,0.885,0.885,0.879,0.879,0.821,0.815,0.815,0.815,0.812,0.812,0.812,0.812,0.812,0.812,0.812,0.812,0.812,0.812,0.812,0.815,0.812,0.812,0.812,0.814,0.937
RGI60-16.00268,1.316,1.316,1.316,1.316,1.316,1.316,1.316,1.316,1.316,1.316,1.316,1.316,1.316,1.316,1.316,1.316,0.798,0.798,0.798,0.954,0.954,0.954,0.954,0.954,0.954,0.954,0.954,0.949,0.949,0.896,0.89,0.89,0.89,0.888,0.888,0.888,0.888,0.888,0.888,0.888,0.888,0.888,0.888,0.888,0.89,0.888,0.888,0.888,0.89,1.004
RGI60-16.00269,1.264,1.264,1.264,1.264,1.264,1.264,1.264,1.264,1.264,1.264,1.264,1.264,1.264,1.264,1.264,1.264,0.711,0.711,0.711,0.883,0.883,0.883,0.883,0.883,0.883,0.883,0.883,0.877,0.877,0.819,0.813,0.813,0.813,0.81,0.81,0.81,0.81,0.81,0.81,0.81,0.81,0.81,0.81,0.81,0.813,0.81,0.81,0.81,0.812,0.935
RGI60-16.00270,1.318,1.318,1.318,1.318,1.318,1.318,1.318,1.318,1.318,1.318,1.318,1.318,1.318,1.318,1.318,1.318,0.805,0.805,0.805,0.96,0.96,0.96,0.96,0.96,0.96,0.96,0.96,0.954,0.954,0.901,0.895,0.895,0.895,0.893,0.893,0.893,0.893,0.893,0.893,0.893,0.893,0.893,0.893,0.893,0.895,0.893,0.893,0.893,0.894,1.006
RGI60-16.00271,1.365,1.365,1.365,1.365,1.365,1.365,1.365,1.365,1.365,1.365,1.365,1.365,1.365,1.365,1.365,1.365,0.881,0.881,0.881,1.024,1.024,1.024,1.024,1.024,1.024,1.024,1.024,1.019,1.019,0.969,0.964,0.964,0.964,0.961,0.961,0.961,0.961,0.961,0.961,0.961,0.961,0.961,0.961,0.961,0.964,0.961,0.961,0.961,0.963,1.068
RGI60-16.00272,1.268,1.268,1.268,1.268,1.268,1.268,1.268,1.268,1.268,1.268,1.268,1.268,1.268,1.268,1.268,1.268,0.72,0.72,0.72,0.89,0.89,0.89,0.89,0.89,0.89,0.89,0.89,0.884,0.884,0.826,0.82,0.82,0.82,0.817,0.817,0.817,0.817,0.817,0.817,0.817,0.817,0.817,0.817,0.817,0.82,0.817,0.817,0.817,0.819,0.94
RGI60-16.00273,1.284,1.284,1.284,1.284,1.284,1.284,1.284,1.284,1.284,1.284,1.284,1.284,1.284,1.284,1.284,1.284,0.748,0.748,0.748,0.913,0.913,0.913,0.913,0.913,0.913,0.913,0.913,0.907,0.907,0.851,0.845,0.845,0.845,0.842,0.842,0.842,0.842,0.842,0.842,0.842,0.842,0.842,0.842,0.842,0.845,0.842,0.842,0.842,0.844,0.962
RGI60-16.00274,1.26,1.26,1.26,1.26,1.26,1.26,1.26,1.26,1.26,1.26,1.26,1.26,1.26,1.26,1.26,1.26,0.707,0.707,0.707,0.879,0.879,0.879,0.879,0.879,0.879,0.879,0.879,0.873,0.873,0.815,0.808,0.808,0.808,0.805,0.805,0.805,0.805,0.805,0.805,0.805,0.805,0.805,0.805,0.805,0.808,0.805,0.805,0.805,0.807,0.929
RGI60-16.00275,1.272,1.272,1.272,1.272,1.272,1.272,1.272,1.272,1.272,1.272,1.272,1.272,1.272,1.272,1.272,1.272,0.728,0.728,0.728,0.897,0.897,0.897,0.897,0.897,0.897,0.897,0.897,0.891,0.891,0.833,0.827,0.827,0.827,0.824,0.824,0.824,0.824,0.824,0.824,0.824,0.824,0.824,0.824,0.824,0.827,0.824,0.824,0.824,0.826,0.946
RGI60-16.00276,1.263,1.263,1.263,1.263,1.263,1.263,1.263,1.263,1.263,1.263,1.263,1.263,1.263,1.263,1.263,1.263,0.719,0.719,0.719,0.889,0.889,0.889,0.889,0.889,0.889,0.889,0.889,0.884,0.884,0.823,0.817,0.817,0.817,0.814,0.814,0.814,0.814,0.814,0.814,0.814,0.814,0.814,0.814,0.814,0.817,0.814,0.814,0.814,0.816,0.934
RGI60-16.00277,1.313,1.313,1.313,1.313,1.313,1.313,1.313,1.313,1.313,1.313,1.313,1.313,1.313,1.313,1.313,1.313,0.798,0.798,0.798,0.954,0.954,0.954,0.954,0.954,0.954,0.954,0.954,0.948,0.948,0.895,0.889,0.889,0.889,0.886,0.886,0.886,0.886,0.886,0.886,0.886,0.886,0.886,0.886,0.886,0.889,0.886,0.886,0.886,0.888,1.001
RGI60-16.00278,1.278,1.278,1.278,1.278,1.278,1.278,1.278,1.278,1.278,1.278,1.278,1.278,1.278,1.278,1.278,1.278,0.747,0.747,0.747,0.912,0.912,0.912,0.912,0.912,0.912,0.912,0.912,0.906,0.906,0.847,0.841,0.841,0.841,0.838,0.838,0.838,0.838,0.838,0.838,0.838,0.838,0.838,0.838,0.838,0.841,0.838,0.838,0.838,0.84,0.954
RGI60-16.00279,1.307,1.307,1.307,1.307,1.307,1.307,1.307,1.307,1.307,1.307,1.307,1.307,1.307,1.307,1.307,1.307,0.795,0.795,0.795,0.952,0.952,0.952,0.952,0.952,0.952,0.952,0.952,0.946,0.946,0.89,0.884,0.884,0.884,0.881,0.881,0.881,0.881,0.881,0.881,0.881,0.881,0.881,0.881,0.881,0.884,0.881,0.881,0.881,0.883,0.992
RGI60-16.00280,1.292,1.292,1.292,1.292,1.292,1.292,1.292,1.292,1.292,1.292,1.292,1.292,1.292,1.292,1.292,1.292,0.77,0.77,0.77,0.93,0.93,0.93,0.93,0.93,0.93,0.93,0.93,0.925,0.925,0.867,0.861,0.861,0.861,0.858,0.858,0.858,0.858,0.858,0.858,0.858,0.858,0.858,0.858,0.858,0.861,0.858,0.858,0.858,0.86,0.972
RGI60-16.00281,1.279,1.279,1.279,1.279,1.279,1.279,1.279,1.279,1.279,1.279,1.279,1.279,1.279,1.279,1.279,1.279,0.749,0.749,0.749,0.914,0.914,0.914,0.914,0.914,0.914,0.914,0.914,0.908,0.908,0.849,0.843,0.843,0.843,0.84,0.84,0.84,0.84,0.84,0.84,0.84,0.84,0.84,0.84,0.84,0.843,0.84,0.84,0.84,0.842,0.956
RGI60-16.00282,1.296,1.296,1.296,1.296,1.296,1.296,1.296,1.296,1.296,1.296,1.296,1.296,1.296,1.296,1.296,1.296,0.778,0.778,0.778,0.937,0.937,0.937,0.937,0.937,0.937,0.937,0.937,0.931,0.931,0.874,0.868,0.868,0.868,0.865,0.865,0.865,0.865,0.865,0.865,0.865,0.865,0.865,0.865,0.865,0.868,0.865,0.865,0.865,0.867,0.978
RGI60-16.00283,1.282,1.282,1.282,1.282,1.282,1.282,1.282,1.282,1.282,1.282,1.282,1.282,1.282,1.282,1.282,1.282,0.74,0.74,0.74,0.906,0.906,0.906,0.906,0.906,0.906,0.906,0.906,0.9,0.9,0.845,0.839,0.839,0.839,0.836,0.836,0.836,0.836,0.836,0.836,0.836,0.836,0.836,0.836,0.836,0.839,0.836,0.836,0.836,0.838,0.96
RGI60-16.00284,1.307,1.307,1.307,1.307,1.307,1.307,1.307,1.307,1.307,1.307,1.307,1.307,1.307,1.307,1.307,1.307,0.781,0.781,0.781,0.94,0.94,0.94,0.94,0.94,0.94,0.94,0.94,0.934,0.934,0.882,0.875,0.875,0.875,0.873,0.873,0.873,0.873,0.873,0.873,0.873,0.873,0.873,0.873,0.873,0.875,0.873,0.873,0.873,0.875,0.992
RGI60-16.00285,1.263,1.263,1.263,1.263,1.263,1.263,1.263,1.263,1.263,1.263,1.263,1.263,1.263,1.263,1.263,1.263,0.708,0.708,0.708,0.88,0.88,0.88,0.88,0.88,0.88,0.88,0.88,0.874,0.874,0.817,0.81,0.81,0.81,0.807,0.807,0.807,0.807,0.807,0.807,0.807,0.807,0.807,0.807,0.807,0.81,0.807,0.807,0.807,0.809,0.934
RGI60-16.00286,1.398,1.398,1.398,1.398,1.398,1.398,1.398,1.398,1.398,1.398,1.398,1.398,1.398,1.398,1.398,1.398,0.926,0.926,0.926,1.063,1.063,1.063,1.063,1.063,1.063,1.063,1.063,1.058,1.058,1.012,1.007,1.007,1.007,1.004,1.004,1.004,1.004,1.004,1.004,1.004,1.004,1.004,1.004,1.004,1.007,1.004,1.004,1.004,1.006,1.11
RGI60-16.00287,1.268,1.268,1.268,1.268,1.268,1.268,1.268,1.268,1.268,1.268,1.268,1.268,1.268,1.268,1.268,1.268,0.715,0.715,0.715,0.886,0.886,0.886,0.886,0.886,0.886,0.886,0.886,0.88,0.88,0.824,0.817,0.817,0.817,0.814,0.814,0.814,0.814,0.814,0.814,0.814,0.814,0.814,0.814,0.814,0.817,0.814,0.814,0.814,0.816,0.941
RGI60-16.00288,1.265,1.265,1.265,1.265,1.265,1.265,1.265,1.265,1.265,1.265,1.265,1.265,1.265,1.265,1.265,1.265,0.709,0.709,0.709,0.881,0.881,0.881,0.881,0.881,0.881,0.881,0.881,0.875,0.875,0.819,0.812,0.812,0.812,0.809,0.809,0.809,0.809,0.809,0.809,0.809,0.809,0.809,0.809,0.809,0.812,0.809,0.809,0.809,0.811,0.937
RGI60-16.00289,1.26,1.26,1.26,1.26,1.26,1.26,1.26,1.26,1.26,1.26,1.26,1.26,1.26,1.26,1.26,1.26,0.701,0.701,0.701,0.874,0.874,0.874,0.874,0.874,0.874,0.874,0.874,0.868,0.868,0.811,0.805,0.805,0.805,0.802,0.802,0.802,0.802,0.802,0.802,0.802,0.802,0.802,0.802,0.802,0.805,0.802,0.802,0.802,0.804,0.93
RGI60-16.00290,1.275,1.275,1.275,1.275,1.275,1.275,1.275,1.275,1.275,1.275,1.275,1.275,1.275,1.275,1.275,1.275,0.728,0.728,0.728,0.896,0.896,0.896,0.896,0.896,0.896,0.896,0.896,0.89,0.89,0.834,0.828,0.828,0.828,0.825,0.825,0.825,0.825,0.825,0.825,0.825,0.825,0.825,0.825,0.825,0.828,0.825,0.825,0.825,0.827,0.949
RGI60-16.00291,1.366,1.366,1.366,1.366,1.366,1.366,1.366,1.366,1.366,1.366,1.366,1.366,1.366,1.366,1.366,1.366,0.878,0.878,0.878,1.022,1.022,1.022,1.022,1.022,1.022,1.022,1.022,1.017,1.017,0.968,0.963,0.963,0.963,0.96,0.96,0.96,0.96,0.96,0.96,0.96,0.96,0.96,0.96,0.96,0.963,0.96,0.96,0.96,0.962,1.069
RGI60-16.00292,1.277,1.277,1.277,1.277,1.277,1.277,1.277,1.277,1.277,1.277,1.277,1.277,1.277,1.277,1.277,1.277,0.732,0.732,0.732,0.899,0.899,0.899,0.899,0.899,0.899,0.899,0.899,0.894,0.894,0.838,0.832,0.832,0.832,0.829,0.829,0.829,0.829,0.829,0.829,0.829,0.829,0.829,0.829,0.829,0.832,0.829,0.829,0.829,0.831,0.953
RGI60-16.00293,1.275,1.275,1.275,1.275,1.275,1.275,1.275,1.275,1.275,1.275,1.275,1.275,1.275,1.275,1.275,1.275,0.722,0.722,0.722,0.891,0.891,0.891,0.891,0.891,0.891,0.891,0.891,0.885,0.885,0.831,0.825,0.825,0.825,0.822,0.822,0.822,0.822,0.822,0.822,0.822,0.822,0.822,0.822,0.822,0.825,0.822,0.822,0.822,0.824,0.95
RGI60-16.00294,1.274,1.274,1.274,1.274,1.274,1.274,1.274,1.274,1.274,1.274,1.274,1.274,1.274,1.274,1.274,1.274,0.72,0.72,0.72,0.889,0.889,0.889,0.889,0.889,0.889,0.889,0.889,0.883,0.883,0.829,0.823,0.823,0.823,0.82,0.82,0.82,0.82,0.82,0.82,0.82,0.82,0.82,0.82,0.82,0.823,0.82,0.82,0.82,0.822,0.948
RGI60-16.00295,1.285,1.285,1.285,1.285,1.285,1.285,1.285,1.285,1.285,1.285,1.285,1.285,1.285,1.285,1.285,1.285,0.741,0.741,0.741,0.907,0.907,0.907,0.907,0.907,0.907,0.907,0.907,0.901,0.901,0.848,0.841,0.841,0.841,0.838,0.838,0.838,0.838,0.838,0.838,0.838,0.838,0.838,0.838,0.838,0.841,0.838,0.838,0.838,0.84,0.963
RGI60-16.00296,1.284,1.284,1.284,1.284,1.284,1.284,1.284,1.284,1.284,1.284,1.284,1.284,1.284,1.284,1.284,1.284,0.738,0.738,0.738,0.904,0.904,0.904,0.904,0.904,0.904,0.904,0.904,0.898,0.898,0.845,0.839,0.839,0.839,0.836,0.836,0.836,0.836,0.836,0.836,0.836,0.836,0.836,0.836,0.836,0.839,0.836,0.836,0.836,0.838,0.961
RGI60-16.00297,1.29,1.29,1.29,1.29,1.29,1.29,1.29,1.29,1.29,1.29,1.29,1.29,1.29,1.29,1.29,1.29,0.748,0.748,0.748,0.913,0.913,0.913,0.913,0.913,0.913,0.913,0.913,0.907,0.907,0.854,0.848,0.848,0.848,0.845,0.845,0.845,0.845,0.845,0.845,0.845,0.845,0.845,0.845,0.845,0.848,0.845,0.845,0.845,0.847,0.97
RGI60-16.00298,1.316,1.316,1.316,1.316,1.316,1.316,1.316,1.316,1.316,1.316,1.316,1.316,1.316,1.316,1.316,1.316,0.792,0.792,0.792,0.949,0.949,0.949,0.949,0.949,0.949,0.949,0.949,0.943,0.943,0.893,0.887,0.887,0.887,0.884,0.884,0.884,0.884,0.884,0.884,0.884,0.884,0.884,0.884,0.884,0.887,0.884,0.884,0.884,0.886,1.004
RGI60-16.00299,1.291,1.291,1.291,1.291,1.291,1.291,1.291,1.291,1.291,1.291,1.291,1.291,1.291,1.291,1.291,1.291,0.75,0.75,0.75,0.914,0.914,0.914,0.914,0.914,0.914,0.914,0.914,0.908,0.908,0.856,0.849,0.849,0.849,0.846,0.846,0.846,0.846,0.846,0.846,0.846,0.846,0.846,0.846,0.846,0.849,0.846,0.846,0.846,0.848,0.971
RGI60-16.00300,1.275,1.275,1.275,1.275,1.275,1.275,1.275,1.275,1.275,1.275,1.275,1.275,1.275,1.275,1.275,1.275,0.722,0.722,0.722,0.891,0.891,0.891,0.891,0.891,0.891,0.891,0.891,0.885,0.885,0.831,0.825,0.825,0.825,0.822,0.822,0.822,0.822,0.822,0.822,0.822,0.822,0.822,0.822,0.822,0.825,0.822,0.822,0.822,0.824,0.949
RGI60-16.00301,1.306,1.306,1.306,1.306,1.306,1.306,1.306,1.306,1.306,1.306,1.306,1.306,1.306,1.306,1.306,1.306,0.776,0.776,0.776,0.936,0.936,0.936,0.936,0.936,0.936,0.936,0.936,0.93,0.93,0.879,0.873,0.873,0.873,0.87,0.87,0.87,0.87,0.87,0.87,0.87,0.87,0.87,0.87,0.87,0.873,0.87,0.87,0.87,0.872,0.991
RGI60-16.00302,1.286,1.286,1.286,1.286,1.286,1.286,1.286,1.286,1.286,1.286,1.286,1.286,1.286,1.286,1.286,1.286,0.743,0.743,0.743,0.908,0.908,0.908,0.908,0.908,0.908,0.908,0.908,0.902,0.902,0.849,0.843,0.843,0.843,0.84,0.84,0.84,0.84,0.84,0.84,0.84,0.84,0.84,0.84,0.84,0.843,0.84,0.84,0.84,0.842,0.965
RGI60-16.00303,1.381,1.381,1.381,1.381,1.381,1.381,1.381,1.381,1.381,1.381,1.381,1.381,1.381,1.381,1.381,1.381,0.898,0.898,0.898,1.039,1.039,1.039,1.039,1.039,1.039,1.039,1.039,1.034,1.034,0.988,0.982,0.982,0.982,0.98,0.98,0.98,0.98,0.98,0.98,0.98,0.98,0.98,0.98,0.98,0.982,0.98,0.98,0.98,0.981,1.088
RGI60-16.00304,1.272,1.272,1.272,1.272,1.272,1.272,1.272,1.272,1.272,1.272,1.272,1.272,1.272,1.272,1.272,1.272,0.72,0.72,0.72,0.89,0.89,0.89,0.89,0.89,0.89,0.89,0.89,0.884,0.884,0.829,0.822,0.822,0.822,0.819,0.819,0.819,0.819,0.819,0.819,0.819,0.819,0.819,0.819,0.819,0.822,0.819,0.819,0.819,0.821,0.945
RGI60-16.00305,1.287,1.287,1.287,1.287,1.287,1.287,1.287,1.287,1.287,1.287,1.287,1.287,1.287,1.287,1.287,1.287,0.746,0.746,0.746,0.911,0.911,0.911,0.911,0.911,0.911,0.911,0.911,0.905,0.905,0.851,0.845,0.845,0.845,0.842,0.842,0.842,0.842,0.842,0.842,0.842,0.842,0.842,0.842,0.842,0.845,0.842,0.842,0.842,0.844,0.966
RGI60-16.00306,1.303,1.303,1.303,1.303,1.303,1.303,1.303,1.303,1.303,1.303,1.303,1.303,1.303,1.303,1.303,1.303,0.774,0.774,0.774,0.934,0.934,0.934,0.934,0.934,0.934,0.934,0.934,0.928,0.928,0.876,0.87,0.87,0.87,0.867,0.867,0.867,0.867,0.867,0.867,0.867,0.867,0.867,0.867,0.867,0.87,0.867,0.867,0.867,0.869,0.987
RGI60-16.00307,1.278,1.278,1.278,1.278,1.278,1.278,1.278,1.278,1.278,1.278,1.278,1.278,1.278,1.278,1.278,1.278,0.731,0.731,0.731,0.898,0.898,0.898,0.898,0.898,0.898,0.898,0.898,0.892,0.892,0.838,0.831,0.831,0.831,0.828,0.828,0.828,0.828,0.828,0.828,0.828,0.828,0.828,0.828,0.828,0.831,0.828,0.828,0.828,0.83,0.953
RGI60-16.00308,1.284,1.284,1.284,1.284,1.284,1.284,1.284,1.284,1.284,1.284,1.284,1.284,1.284,1.284,1.284,1.284,0.742,0.742,0.742,0.907,0.907,0.907,0.907,0.907,0.907,0.907,0.907,0.901,0.901,0.847,0.841,0.841,0.841,0.838,0.838,0.838,0.838,0.838,0.838,0.838,0.838,0.838,0.838,0.838,0.841,0.838,0.838,0.838,0.84,0.962
RGI60-16.00309,1.275,1.275,1.275,1.275,1.275,1.275,1.275,1.275,1.275,1.275,1.275,1.275,1.275,1.275,1.275,1.275,0.727,0.727,0.727,0.895,0.895,0.895,0.895,0.895,0.895,0.895,0.895,0.889,0.889,0.834,0.828,0.828,0.828,0.825,0.825,0.825,0.825,0.825,0.825,0.825,0.825,0.825,0.825,0.825,0.828,0.825,0.825,0.825,0.827,0.95
RGI60-16.00310,1.27,1.27,1.27,1.27,1.27,1.27,1.27,1.27,1.27,1.27,1.27,1.27,1.27,1.27,1.27,1.27,0.717,0.717,0.717,0.887,0.887,0.887,0.887,0.887,0.887,0.887,0.887,0.881,0.881,0.826,0.819,0.819,0.819,0.816,0.816,0.816,0.816,0.816,0.816,0.816,0.816,0.816,0.816,0.816,0.819,0.816,0.816,0.816,0.818,0.943
RGI60-16.00311,1.427,1.427,1.427,1.427,1.427,1.427,1.427,1.427,1.427,1.427,1.427,1.427,1.427,1.427,1.427,1.427,0.97,0.97,0.97,1.101,1.101,1.101,1.101,1.101,1.101,1.101,1.101,1.097,1.097,1.052,1.047,1.047,1.047,1.045,1.045,1.045,1.045,1.045,1.045,1.045,1.045,1.045,1.045,1.045,1.047,1.045,1.045,1.045,1.047,1.146
RGI60-16.00312,1.33,1.33,1.33,1.33,1.33,1.33,1.33,1.33,1.33,1.33,1.33,1.33,1.33,1.33,1.33,1.33,0.817,0.817,0.817,0.97,0.97,0.97,0.97,0.97,0.97,0.97,0.97,0.964,0.964,0.915,0.909,0.909,0.909,0.906,0.906,0.906,0.906,0.906,0.906,0.906,0.906,0.906,0.906,0.906,0.909,0.906,0.906,0.906,0.908,1.023
RGI60-16.00313,1.477,1.477,1.477,1.477,1.477,1.477,1.477,1.477,1.477,1.477,1.477,1.477,1.477,1.477,1.477,1.477,1.042,1.042,1.042,1.166,1.166,1.166,1.166,1.166,1.166,1.166,1.166,1.161,1.161,1.119,1.115,1.115,1.115,1.113,1.113,1.113,1.113,1.113,1.113,1.113,1.113,1.113,1.113,1.113,1.115,1.113,1.113,1.113,1.114,1.208
RGI60-16.00314,1.577,1.577,1.577,1.577,1.577,1.577,1.577,1.577,1.577,1.577,1.577,1.577,1.577,1.577,1.577,1.577,1.179,1.179,1.179,1.289,1.289,1.289,1.289,1.289,1.289,1.289,1.289,1.285,1.285,1.248,1.243,1.243,1.243,1.241,1.241,1.241,1.241,1.241,1.241,1.241,1.241,1.241,1.241,1.241,1.243,1.241,1.241,1.241,1.243,1.328
RGI60-16.00315,1.303,1.303,1.303,1.303,1.303,1.303,1.303,1.303,1.303,1.303,1.303,1.303,1.303,1.303,1.303,1.303,0.776,0.776,0.776,0.935,0.935,0.935,0.935,0.935,0.935,0.935,0.935,0.93,0.93,0.877,0.871,0.871,0.871,0.868,0.868,0.868,0.868,0.868,0.868,0.868,0.868,0.868,0.868,0.868,0.871,0.868,0.868,0.868,0.87,0.988
RGI60-16.00316,1.282,1.282,1.282,1.282,1.282,1.282,1.282,1.282,1.282,1.282,1.282,1.282,1.282,1.282,1.282,1.282,0.735,0.735,0.735,0.902,0.902,0.902,0.902,0.902,0.902,0.902,0.902,0.896,0.896,0.842,0.836,0.836,0.836,0.833,0.833,0.833,0.833,0.833,0.833,0.833,0.833,0.833,0.833,0.833,0.836,0.833,0.833,0.833,0.835,0.959
RGI60-16.00317,1.33,1.33,1.33,1.33,1.33,1.33,1.33,1.33,1.33,1.33,1.33,1.33,1.33,1.33,1.33,1.33,0.834,0.834,0.834,0.984,0.984,0.984,0.984,0.984,0.984,0.984,0.984,0.979,0.979,0.924,0.919,0.919,0.919,0.916,0.916,0.916,0.916,0.916,0.916,0.916,0.916,0.916,0.916,0.916,0.919,0.916,0.916,0.916,0.918,1.023
RGI60-16.00318,1.312,1.312,1.312,1.312,1.312,1.312,1.312,1.312,1.312,1.312,1.312,1.312,1.312,1.312,1.312,1.312,0.801,0.801,0.801,0.957,0.957,0.957,0.957,0.957,0.957,0.957,0.957,0.951,0.951,0.896,0.89,0.89,0.89,0.887,0.887,0.887,0.887,0.887,0.887,0.887,0.887,0.887,0.887,0.887,0.89,0.887,0.887,0.887,0.889,0.999
RGI60-16.00319,1.269,1.269,1.269,1.269,1.269,1.269,1.269,1.269,1.269,1.269,1.269,1.269,1.269,1.269,1.269,1.269,0.729,0.729,0.729,0.897,0.897,0.897,0.897,0.897,0.897,0.897,0.897,0.891,0.891,0.832,0.825,0.825,0.825,0.822,0.822,0.822,0.822,0.822,0.822,0.822,0.822,0.822,0.822,0.822,0.825,0.822,0.822,0.822,0.825,0.942
RGI60-16.00320,1.297,1.297,1.297,1.297,1.297,1.297,1.297,1.297,1.297,1.297,1.297,1.297,1.297,1.297,1.297,1.297,0.777,0.777,0.777,0.936,0.936,0.936,0.936,0.936,0.936,0.936,0.936,0.931,0.931,0.874,0.868,0.868,0.868,0.866,0.866,0.866,0.866,0.866,0.866,0.866,0.866,0.866,0.866,0.866,0.868,0.866,0.866,0.866,0.868,0.979
RGI60-16.00321,1.29,1.29,1.29,1.29,1.29,1.29,1.29,1.29,1.29,1.29,1.29,1.29,1.29,1.29,1.29,1.29,0.764,0.764,0.764,0.925,0.925,0.925,0.925,0.925,0.925,0.925,0.925,0.92,0.92,0.863,0.857,0.857,0.857,0.854,0.854,0.854,0.854,0.854,0.854,0.854,0.854,0.854,0.854,0.854,0.857,0.854,0.854,0.854,0.856,0.97
RGI60-16.00322,1.286,1.286,1.286,1.286,1.286,1.286,1.286,1.286,1.286,1.286,1.286,1.286,1.286,1.286,1.286,1.286,0.757,0.757,0.757,0.92,0.92,0.92,0.92,0.92,0.92,0.92,0.92,0.914,0.914,0.857,0.851,0.851,0.851,0.848,0.848,0.848,0.848,0.848,0.848,0.848,0.848,0.848,0.848,0.848,0.851,0.848,0.848,0.848,0.85,0.965
RGI60-16.00323,1.286,1.286,1.286,1.286,1.286,1.286,1.286,1.286,1.286,1.286,1.286,1.286,1.286,1.286,1.286,1.286,0.757,0.757,0.757,0.92,0.92,0.92,0.92,0.92,0.92,0.92,0.92,0.914,0.914,0.857,0.851,0.851,0.851,0.848,0.848,0.848,0.848,0.848,0.848,0.848,0.848,0.848,0.848,0.848,0.851,0.848,0.848,0.848,0.85,0.964
RGI60-16.00324,1.296,1.296,1.296,1.296,1.296,1.296,1.296,1.296,1.296,1.296,1.296,1.296,1.296,1.296,1.296,1.296,0.775,0.775,0.775,0.934,0.934,0.934,0.934,0.934,0.934,0.934,0.934,0.929,0.929,0.873,0.866,0.866,0.866,0.864,0.864,0.864,0.864,0.864,0.864,0.864,0.864,0.864,0.864,0.864,0.866,0.864,0.864,0.864,0.866,0.978
RGI60-16.00325,1.292,1.292,1.292,1.292,1.292,1.292,1.292,1.292,1.292,1.292,1.292,1.292,1.292,1.292,1.292,1.292,0.769,0.769,0.769,0.929,0.929,0.929,0.929,0.929,0.929,0.929,0.929,0.924,0.924,0.867,0.861,0.861,0.861,0.858,0.858,0.858,0.858,0.858,0.858,0.858,0.858,0.858,0.858,0.858,0.861,0.858,0.858,0.858,0.86,0.973
RGI60-16.00326,1.381,1.381,1.381,1.381,1.381,1.381,1.381,1.381,1.381,1.381,1.381,1.381,1.381,1.381,1.381,1.381,0.91,0.91,0.91,1.049,1.049,1.049,1.049,1.049,1.049,1.049,1.049,1.045,1.045,0.995,0.989,0.989,0.989,0.987,0.987,0.987,0.987,0.987,0.987,0.987,0.987,0.987,0.987,0.987,0.989,0.987,0.987,0.987,0.989,1.088
RGI60-16.00327,1.285,1.285,1.285,1.285,1.285,1.285,1.285,1.285,1.285,1.285,1.285,1.285,1.285,1.285,1.285,1.285,0.758,0.758,0.758,0.921,0.921,0.921,0.921,0.921,0.921,0.921,0.921,0.915,0.915,0.857,0.851,0.851,0.851,0.848,0.848,0.848,0.848,0.848,0.848,0.848,0.848,0.848,0.848,0.848,0.851,0.848,0.848,0.848,0.85,0.964
RGI60-16.00328,1.276,1.276,1.276,1.276,1.276,1.276,1.276,1.276,1.276,1.276,1.276,1.276,1.276,1.276,1.276,1.276,0.74,0.74,0.74,0.906,0.906,0.906,0.906,0.906,0.906,0.906,0.906,0.9,0.9,0.842,0.836,0.836,0.836,0.833,0.833,0.833,0.833,0.833,0.833,0.833,0.833,0.833,0.833,0.833,0.836,0.833,0.833,0.833,0.835,0.951
RGI60-16.00329,1.3,1.3,1.3,1.3,1.3,1.3,1.3,1.3,1.3,1.3,1.3,1.3,1.3,1.3,1.3,1.3,0.784,0.784,0.784,0.942,0.942,0.942,0.942,0.942,0.942,0.942,0.942,0.936,0.936,0.879,0.873,0.873,0.873,0.871,0.871,0.871,0.871,0.871,0.871,0.871,0.871,0.871,0.871,0.871,0.873,0.871,0.871,0.871,0.873,0.983
RGI60-16.00330,1.29,1.29,1.29,1.29,1.29,1.29,1.29,1.29,1.29,1.29,1.29,1.29,1.29,1.29,1.29,1.29,0.767,0.767,0.767,0.928,0.928,0.928,0.928,0.928,0.928,0.928,0.928,0.922,0.922,0.864,0.858,0.858,0.858,0.855,0.855,0.855,0.855,0.855,0.855,0.855,0.855,0.855,0.855,0.855,0.858,0.855,0.855,0.855,0.857,0.969
RGI60-16.00331,1.27,1.27,1.27,1.27,1.27,1.27,1.27,1.27,1.27,1.27,1.27,1.27,1.27,1.27,1.27,1.27,0.707,0.707,0.707,0.879,0.879,0.879,0.879,0.879,0.879,0.879,0.879,0.872,0.872,0.82,0.813,0.813,0.813,0.81,0.81,0.81,0.81,0.81,0.81,0.81,0.81,0.81,0.81,0.81,0.813,0.81,0.81,0.81,0.812,0.944
RGI60-16.00332,1.268,1.268,1.268,1.268,1.268,1.268,1.268,1.268,1.268,1.268,1.268,1.268,1.268,1.268,1.268,1.268,0.702,0.702,0.702,0.875,0.875,0.875,0.875,0.875,0.875,0.875,0.875,0.869,0.869,0.816,0.809,0.809,0.809,0.806,0.806,0.806,0.806,0.806,0.806,0.806,0.806,0.806,0.806,0.806,0.809,0.806,0.806,0.806,0.808,0.94
RGI60-16.00333,1.291,1.291,1.291,1.291,1.291,1.291,1.291,1.291,1.291,1.291,1.291,1.291,1.291,1.291,1.291,1.291,0.744,0.744,0.744,0.909,0.909,0.909,0.909,0.909,0.909,0.909,0.909,0.903,0.903,0.852,0.845,0.845,0.845,0.842,0.842,0.842,0.842,0.842,0.842,0.842,0.842,0.842,0.842,0.842,0.845,0.842,0.842,0.842,0.845,0.971
RGI60-16.00334,1.309,1.309,1.309,1.309,1.309,1.309,1.309,1.309,1.309,1.309,1.309,1.309,1.309,1.309,1.309,1.309,0.776,0.776,0.776,0.935,0.935,0.935,0.935,0.935,0.935,0.935,0.935,0.929,0.929,0.88,0.874,0.874,0.874,0.871,0.871,0.871,0.871,0.871,0.871,0.871,0.871,0.871,0.871,0.871,0.874,0.871,0.871,0.871,0.873,0.995
RGI60-16.00335,1.273,1.273,1.273,1.273,1.273,1.273,1.273,1.273,1.273,1.273,1.273,1.273,1.273,1.273,1.273,1.273,0.735,0.735,0.735,0.901,0.901,0.901,0.901,0.901,0.901,0.901,0.901,0.896,0.896,0.838,0.831,0.831,0.831,0.828,0.828,0.828,0.828,0.828,0.828,0.828,0.828,0.828,0.828,0.828,0.831,0.828,0.828,0.828,0.83,0.948
RGI60-16.00336,1.304,1.304,1.304,1.304,1.304,1.304,1.304,1.304,1.304,1.304,1.304,1.304,1.304,1.304,1.304,1.304,0.783,0.783,0.783,0.941,0.941,0.941,0.941,0.941,0.941,0.941,0.941,0.936,0.936,0.881,0.875,0.875,0.875,0.873,0.873,0.873,0.873,0.873,0.873,0.873,0.873,0.873,0.873,0.873,0.875,0.873,0.873,0.873,0.875,0.988
RGI60-16.00337,1.257,1.257,1.257,1.257,1.257,1.257,1.257,1.257,1.257,1.257,1.257,1.257,1.257,1.257,1.257,1.257,0.705,0.705,0.705,0.878,0.878,0.878,0.878,0.878,0.878,0.878,0.878,0.872,0.872,0.812,0.806,0.806,0.806,0.803,0.803,0.803,0.803,0.803,0.803,0.803,0.803,0.803,0.803,0.803,0.806,0.803,0.803,0.803,0.805,0.926
RGI60-16.00338,1.263,1.263,1.263,1.263,1.263,1.263,1.263,1.263,1.263,1.263,1.263,1.263,1.263,1.263,1.263,1.263,0.713,0.713,0.713,0.884,0.884,0.884,0.884,0.884,0.884,0.884,0.884,0.878,0.878,0.82,0.813,0.813,0.813,0.81,0.81,0.81,0.81,0.81,0.81,0.81,0.81,0.81,0.81,0.81,0.813,0.81,0.81,0.81,0.812,0.934
RGI60-16.00339,1.404,1.404,1.404,1.404,1.404,1.404,1.404,1.404,1.404,1.404,1.404,1.404,1.404,1.404,1.404,1.404,0.942,0.942,0.942,1.077,1.077,1.077,1.077,1.077,1.077,1.077,1.077,1.072,1.072,1.025,1.019,1.019,1.019,1.017,1.017,1.017,1.017,1.017,1.017,1.017,1.017,1.017,1.017,1.017,1.019,1.017,1.017,1.017,1.019,1.117
RGI60-16.00340,1.263,1.263,1.263,1.263,1.263,1.263,1.263,1.263,1.263,1.263,1.263,1.263,1.263,1.263,1.263,1.263,0.717,0.717,0.717,0.887,0.887,0.887,0.887,0.887,0.887,0.887,0.887,0.881,0.881,0.822,0.816,0.816,0.816,0.813,0.813,0.813,0.813,0.813,0.813,0.813,0.813,0.813,0.813,0.813,0.816,0.813,0.813,0.813,0.815,0.934
RGI60-16.00341,1.262,1.262,1.262,1.262,1.262,1.262,1.262,1.262,1.262,1.262,1.262,1.262,1.262,1.262,1.262,1.262,0.715,0.715,0.715,0.885,0.885,0.885,0.885,0.885,0.885,0.885,0.885,0.879,0.879,0.82,0.814,0.814,0.814,0.811,0.811,0.811,0.811,0.811,0.811,0.811,0.811,0.811,0.811,0.811,0.814,0.811,0.811,0.811,0.813,0.932
RGI60-16.00342,1.267,1.267,1.267,1.267,1.267,1.267,1.267,1.267,1.267,1.267,1.267,1.267,1.267,1.267,1.267,1.267,0.723,0.723,0.723,0.892,0.892,0.892,0.892,0.892,0.892,0.892,0.892,0.886,0.886,0.827,0.821,0.821,0.821,0.818,0.818,0.818,0.818,0.818,0.818,0.818,0.818,0.818,0.818,0.818,0.821,0.818,0.818,0.818,0.82,0.939
RGI60-16.00343,1.267,1.267,1.267,1.267,1.267,1.267,1.267,1.267,1.267,1.267,1.267,1.267,1.267,1.267,1.267,1.267,0.719,0.719,0.719,0.889,0.889,0.889,0.889,0.889,0.889,0.889,0.889,0.883,0.883,0.826,0.819,0.819,0.819,0.816,0.816,0.816,0.816,0.816,0.816,0.816,0.816,0.816,0.816,0.816,0.819,0.816,0.816,0.816,0.818,0.939
RGI60-16.00344,1.263,1.263,1.263,1.263,1.263,1.263,1.263,1.263,1.263,1.263,1.263,1.263,1.263,1.263,1.263,1.263,0.716,0.716,0.716,0.886,0.886,0.886,0.886,0.886,0.886,0.886,0.886,0.88,0.88,0.821,0.815,0.815,0.815,0.812,0.812,0.812,0.812,0.812,0.812,0.812,0.812,0.812,0.812,0.812,0.815,0.812,0.812,0.812,0.814,0.933
RGI60-16.00345,1.265,1.265,1.265,1.265,1.265,1.265,1.265,1.265,1.265,1.265,1.265,1.265,1.265,1.265,1.265,1.265,0.717,0.717,0.717,0.887,0.887,0.887,0.887,0.887,0.887,0.887,0.887,0.881,0.881,0.823,0.817,0.817,0.817,0.814,0.814,0.814,0.814,0.814,0.814,0.814,0.814,0.814,0.814,0.814,0.817,0.814,0.814,0.814,0.816,0.937
RGI60-16.00346,1.262,1.262,1.262,1.262,1.262,1.262,1.262,1.262,1.262,1.262,1.262,1.262,1.262,1.262,1.262,1.262,0.711,0.711,0.711,0.883,0.883,0.883,0.883,0.883,0.883,0.883,0.883,0.877,0.877,0.818,0.812,0.812,0.812,0.809,0.809,0.809,0.809,0.809,0.809,0.809,0.809,0.809,0.809,0.809,0.812,0.809,0.809,0.809,0.811,0.932
RGI60-16.00347,1.329,1.329,1.329,1.329,1.329,1.329,1.329,1.329,1.329,1.329,1.329,1.329,1.329,1.329,1.329,1.329,0.823,0.823,0.823,0.975,0.975,0.975,0.975,0.975,0.975,0.975,0.975,0.97,0.97,0.918,0.912,0.912,0.912,0.909,0.909,0.909,0.909,0.909,0.909,0.909,0.909,0.909,0.909,0.909,0.912,0.909,0.909,0.909,0.911,1.021
RGI60-16.00348,1.338,1.338,1.338,1.338,1.338,1.338,1.338,1.338,1.338,1.338,1.338,1.338,1.338,1.338,1.338,1.338,0.839,0.839,0.839,0.988,0.988,0.988,0.988,0.988,0.988,0.988,0.988,0.983,0.983,0.931,0.926,0.926,0.926,0.923,0.923,0.923,0.923,0.923,0.923,0.923,0.923,0.923,0.923,0.923,0.926,0.923,0.923,0.923,0.925,1.033
RGI60-16.00349,1.272,1.272,1.272,1.272,1.272,1.272,1.272,1.272,1.272,1.272,1.272,1.272,1.272,1.272,1.272,1.272,0.728,0.728,0.728,0.896,0.896,0.896,0.896,0.896,0.896,0.896,0.896,0.89,0.89,0.833,0.826,0.826,0.826,0.823,0.823,0.823,0.823,0.823,0.823,0.823,0.823,0.823,0.823,0.823,0.826,0.823,0.823,0.823,0.825,0.945
RGI60-16.00350,1.27,1.27,1.27,1.27,1.27,1.27,1.27,1.27,1.27,1.27,1.27,1.27,1.27,1.27,1.27,1.27,0.725,0.725,0.725,0.894,0.894,0.894,0.894,0.894,0.894,0.894,0.894,0.888,0.888,0.83,0.824,0.824,0.824,0.821,0.821,0.821,0.821,0.821,0.821,0.821,0.821,0.821,0.821,0.821,0.824,0.821,0.821,0.821,0.823,0.943
RGI60-16.00351,1.276,1.276,1.276,1.276,1.276,1.276,1.276,1.276,1.276,1.276,1.276,1.276,1.276,1.276,1.276,1.276,0.74,0.74,0.74,0.906,0.906,0.906,0.906,0.906,0.906,0.906,0.906,0.9,0.9,0.842,0.836,0.836,0.836,0.833,0.833,0.833,0.833,0.833,0.833,0.833,0.833,0.833,0.833,0.833,0.836,0.833,0.833,0.833,0.835,0.952
RGI60-16.00352,1.314,1.314,1.314,1.314,1.314,1.314,1.314,1.314,1.314,1.314,1.314,1.314,1.314,1.314,1.314,1.314,0.804,0.804,0.804,0.958,0.958,0.958,0.958,0.958,0.958,0.958,0.958,0.953,0.953,0.899,0.893,0.893,0.893,0.89,0.89,0.89,0.89,0.89,0.89,0.89,0.89,0.89,0.89,0.89,0.893,0.89,0.89,0.89,0.892,1.002
RGI60-16.00353,1.275,1.275,1.275,1.275,1.275,1.275,1.275,1.275,1.275,1.275,1.275,1.275,1.275,1.275,1.275,1.275,0.738,0.738,0.738,0.904,0.904,0.904,0.904,0.904,0.904,0.904,0.904,0.898,0.898,0.84,0.834,0.834,0.834,0.831,0.831,0.831,0.831,0.831,0.831,0.831,0.831,0.831,0.831,0.831,0.834,0.831,0.831,0.831,0.833,0.95
RGI60-16.00354,1.258,1.258,1.258,1.258,1.258,1.258,1.258,1.258,1.258,1.258,1.258,1.258,1.258,1.258,1.258,1.258,0.706,0.706,0.706,0.878,0.878,0.878,0.878,0.878,0.878,0.878,0.878,0.872,0.872,0.813,0.807,0.807,0.807,0.804,0.804,0.804,0.804,0.804,0.804,0.804,0.804,0.804,0.804,0.804,0.807,0.804,0.804,0.804,0.806,0.927
RGI60-16.00355,1.262,1.262,1.262,1.262,1.262,1.262,1.262,1.262,1.262,1.262,1.262,1.262,1.262,1.262,1.262,1.262,0.714,0.714,0.714,0.885,0.885,0.885,0.885,0.885,0.885,0.885,0.885,0.879,0.879,0.82,0.813,0.813,0.813,0.811,0.811,0.811,0.811,0.811,0.811,0.811,0.811,0.811,0.811,0.811,0.813,0.811,0.811,0.811,0.813,0.932
RGI60-16.00356,1.264,1.264,1.264,1.264,1.264,1.264,1.264,1.264,1.264,1.264,1.264,1.264,1.264,1.264,1.264,1.264,0.717,0.717,0.717,0.887,0.887,0.887,0.887,0.887,0.887,0.887,0.887,0.881,0.881,0.823,0.816,0.816,0.816,0.813,0.813,0.813,0.813,0.813,0.813,0.813,0.813,0.813,0.813,0.813,0.816,0.813,0.813,0.813,0.815,0.935
RGI60-16.00357,1.264,1.264,1.264,1.264,1.264,1.264,1.264,1.264,1.264,1.264,1.264,1.264,1.264,1.264,1.264,1.264,0.717,0.717,0.717,0.887,0.887,0.887,0.887,0.887,0.887,0.887,0.887,0.881,0.881,0.822,0.816,0.816,0.816,0.813,0.813,0.813,0.813,0.813,0.813,0.813,0.813,0.813,0.813,0.813,0.816,0.813,0.813,0.813,0.815,0.935
RGI60-16.00358,1.256,1.256,1.256,1.256,1.256,1.256,1.256,1.256,1.256,1.256,1.256,1.256,1.256,1.256,1.256,1.256,0.702,0.702,0.702,0.875,0.875,0.875,0.875,0.875,0.875,0.875,0.875,0.869,0.869,0.809,0.803,0.803,0.803,0.8,0.8,0.8,0.8,0.8,0.8,0.8,0.8,0.8,0.8,0.8,0.803,0.8,0.8,0.8,0.802,0.924
RGI60-16.00359,1.262,1.262,1.262,1.262,1.262,1.262,1.262,1.262,1.262,1.262,1.262,1.262,1.262,1.262,1.262,1.262,0.711,0.711,0.711,0.882,0.882,0.882,0.882,0.882,0.882,0.882,0.882,0.876,0.876,0.818,0.811,0.811,0.811,0.808,0.808,0.808,0.808,0.808,0.808,0.808,0.808,0.808,0.808,0.808,0.811,0.808,0.808,0.808,0.81,0.932
RGI60-16.00360,1.261,1.261,1.261,1.261,1.261,1.261,1.261,1.261,1.261,1.261,1.261,1.261,1.261,1.261,1.261,1.261,0.709,0.709,0.709,0.881,0.881,0.881,0.881,0.881,0.881,0.881,0.881,0.875,0.875,0.816,0.81,0.81,0.81,0.807,0.807,0.807,0.807,0.807,0.807,0.807,0.807,0.807,0.807,0.807,0.81,0.807,0.807,0.807,0.809,0.931
RGI60-16.00361,1.257,1.257,1.257,1.257,1.257,1.257,1.257,1.257,1.257,1.257,1.257,1.257,1.257,1.257,1.257,1.257,0.703,0.703,0.703,0.876,0.876,0.876,0.876,0.876,0.876,0.876,0.876,0.87,0.87,0.811,0.805,0.805,0.805,0.802,0.802,0.802,0.802,0.802,0.802,0.802,0.802,0.802,0.802,0.802,0.805,0.802,0.802,0.802,0.804,0.926
RGI60-16.00362,1.259,1.259,1.259,1.259,1.259,1.259,1.259,1.259,1.259,1.259,1.259,1.259,1.259,1.259,1.259,1.259,0.707,0.707,0.707,0.879,0.879,0.879,0.879,0.879,0.879,0.879,0.879,0.873,0.873,0.814,0.808,0.808,0.808,0.805,0.805,0.805,0.805,0.805,0.805,0.805,0.805,0.805,0.805,0.805,0.808,0.805,0.805,0.805,0.807,0.929
RGI60-16.00363,1.257,1.257,1.257,1.257,1.257,1.257,1.257,1.257,1.257,1.257,1.257,1.257,1.257,1.257,1.257,1.257,0.704,0.704,0.704,0.876,0.876,0.876,0.876,0.876,0.876,0.876,0.876,0.871,0.871,0.811,0.805,0.805,0.805,0.802,0.802,0.802,0.802,0.802,0.802,0.802,0.802,0.802,0.802,0.802,0.805,0.802,0.802,0.802,0.804,0.926
RGI60-16.00364,1.282,1.282,1.282,1.282,1.282,1.282,1.282,1.282,1.282,1.282,1.282,1.282,1.282,1.282,1.282,1.282,0.749,0.749,0.749,0.913,0.913,0.913,0.913,0.913,0.913,0.913,0.913,0.908,0.908,0.851,0.844,0.844,0.844,0.841,0.841,0.841,0.841,0.841,0.841,0.841,0.841,0.841,0.841,0.841,0.844,0.841,0.841,0.841,0.843,0.96
RGI60-16.00365,1.474,1.474,1.474,1.474,1.474,1.474,1.474,1.474,1.474,1.474,1.474,1.474,1.474,1.474,1.474,1.474,1.044,1.044,1.044,1.168,1.168,1.168,1.168,1.168,1.168,1.168,1.168,1.163,1.163,1.119,1.115,1.115,1.115,1.113,1.113,1.113,1.113,1.113,1.113,1.113,1.113,1.113,1.113,1.113,1.115,1.113,1.113,1.113,1.114,1.204
RGI60-16.00366,1.261,1.261,1.261,1.261,1.261,1.261,1.261,1.261,1.261,1.261,1.261,1.261,1.261,1.261,1.261,1.261,0.713,0.713,0.713,0.884,0.884,0.884,0.884,0.884,0.884,0.884,0.884,0.878,0.878,0.819,0.812,0.812,0.812,0.809,0.809,0.809,0.809,0.809,0.809,0.809,0.809,0.809,0.809,0.809,0.812,0.809,0.809,0.809,0.811,0.931
RGI60-16.00367,1.292,1.292,1.292,1.292,1.292,1.292,1.292,1.292,1.292,1.292,1.292,1.292,1.292,1.292,1.292,1.292,0.765,0.765,0.765,0.927,0.927,0.927,0.927,0.927,0.927,0.927,0.927,0.921,0.921,0.865,0.859,0.859,0.859,0.856,0.856,0.856,0.856,0.856,0.856,0.856,0.856,0.856,0.856,0.856,0.859,0.856,0.856,0.856,0.858,0.972
RGI60-16.00368,1.258,1.258,1.258,1.258,1.258,1.258,1.258,1.258,1.258,1.258,1.258,1.258,1.258,1.258,1.258,1.258,0.708,0.708,0.708,0.879,0.879,0.879,0.879,0.879,0.879,0.879,0.879,0.873,0.873,0.814,0.807,0.807,0.807,0.804,0.804,0.804,0.804,0.804,0.804,0.804,0.804,0.804,0.804,0.804,0.807,0.804,0.804,0.804,0.806,0.927
RGI60-16.00369,1.385,1.385,1.385,1.385,1.385,1.385,1.385,1.385,1.385,1.385,1.385,1.385,1.385,1.385,1.385,1.385,0.895,0.895,0.895,1.036,1.036,1.036,1.036,1.036,1.036,1.036,1.036,1.031,1.031,0.987,0.982,0.982,0.982,0.979,0.979,0.979,0.979,0.979,0.979,0.979,0.979,0.979,0.979,0.979,0.982,0.979,0.979,0.979,0.981,1.093
RGI60-16.00370,1.27,1.27,1.27,1.27,1.27,1.27,1.27,1.27,1.27,1.27,1.27,1.27,1.27,1.27,1.27,1.27,0.705,0.705,0.705,0.877,0.877,0.877,0.877,0.877,0.877,0.877,0.877,0.871,0.871,0.819,0.812,0.812,0.812,0.809,0.809,0.809,0.809,0.809,0.809,0.809,0.809,0.809,0.809,0.809,0.812,0.809,0.809,0.809,0.811,0.943
RGI60-16.00371,1.277,1.277,1.277,1.277,1.277,1.277,1.277,1.277,1.277,1.277,1.277,1.277,1.277,1.277,1.277,1.277,0.718,0.718,0.718,0.888,0.888,0.888,0.888,0.888,0.888,0.888,0.888,0.881,0.881,0.83,0.824,0.824,0.824,0.82,0.82,0.82,0.82,0.82,0.82,0.82,0.82,0.82,0.82,0.82,0.824,0.82,0.82,0.82,0.823,0.953
RGI60-16.00372,1.269,1.269,1.269,1.269,1.269,1.269,1.269,1.269,1.269,1.269,1.269,1.269,1.269,1.269,1.269,1.269,0.703,0.703,0.703,0.875,0.875,0.875,0.875,0.875,0.875,0.875,0.875,0.869,0.869,0.817,0.81,0.81,0.81,0.807,0.807,0.807,0.807,0.807,0.807,0.807,0.807,0.807,0.807,0.807,0.81,0.807,0.807,0.807,0.809,0.942
RGI60-16.00373,1.268,1.268,1.268,1.268,1.268,1.268,1.268,1.268,1.268,1.268,1.268,1.268,1.268,1.268,1.268,1.268,0.7,0.7,0.7,0.874,0.874,0.874,0.874,0.874,0.874,0.874,0.874,0.867,0.867,0.815,0.808,0.808,0.808,0.805,0.805,0.805,0.805,0.805,0.805,0.805,0.805,0.805,0.805,0.805,0.808,0.805,0.805,0.805,0.807,0.94
RGI60-16.00374,1.271,1.271,1.271,1.271,1.271,1.271,1.271,1.271,1.271,1.271,1.271,1.271,1.271,1.271,1.271,1.271,0.707,0.707,0.707,0.879,0.879,0.879,0.879,0.879,0.879,0.879,0.879,0.873,0.873,0.821,0.814,0.814,0.814,0.811,0.811,0.811,0.811,0.811,0.811,0.811,0.811,0.811,0.811,0.811,0.814,0.811,0.811,0.811,0.813,0.945
RGI60-16.00375,1.272,1.272,1.272,1.272,1.272,1.272,1.272,1.272,1.272,1.272,1.272,1.272,1.272,1.272,1.272,1.272,0.714,0.714,0.714,0.884,0.884,0.884,0.884,0.884,0.884,0.884,0.884,0.878,0.878,0.825,0.818,0.818,0.818,0.815,0.815,0.815,0.815,0.815,0.815,0.815,0.815,0.815,0.815,0.815,0.818,0.815,0.815,0.815,0.817,0.946
RGI60-16.00376,1.321,1.321,1.321,1.321,1.321,1.321,1.321,1.321,1.321,1.321,1.321,1.321,1.321,1.321,1.321,1.321,0.797,0.797,0.797,0.952,0.952,0.952,0.952,0.952,0.952,0.952,0.952,0.947,0.947,0.898,0.892,0.892,0.892,0.889,0.889,0.889,0.889,0.889,0.889,0.889,0.889,0.889,0.889,0.889,0.892,0.889,0.889,0.889,0.891,1.011
RGI60-16.00377,1.353,1.353,1.353,1.353,1.353,1.353,1.353,1.353,1.353,1.353,1.353,1.353,1.353,1.353,1.353,1.353,0.849,0.849,0.849,0.996,0.996,0.996,0.996,0.996,0.996,0.996,0.996,0.991,0.991,0.944,0.939,0.939,0.939,0.936,0.936,0.936,0.936,0.936,0.936,0.936,0.936,0.936,0.936,0.936,0.939,0.936,0.936,0.936,0.938,1.052
RGI60-16.00378,1.28,1.28,1.28,1.28,1.28,1.28,1.28,1.28,1.28,1.28,1.28,1.28,1.28,1.28,1.28,1.28,0.727,0.727,0.727,0.895,0.895,0.895,0.895,0.895,0.895,0.895,0.895,0.889,0.889,0.837,0.831,0.831,0.831,0.828,0.828,0.828,0.828,0.828,0.828,0.828,0.828,0.828,0.828,0.828,0.831,0.828,0.828,0.828,0.83,0.957
RGI60-16.00379,1.31,1.31,1.31,1.31,1.31,1.31,1.31,1.31,1.31,1.31,1.31,1.31,1.31,1.31,1.31,1.31,0.779,0.779,0.779,0.937,0.937,0.937,0.937,0.937,0.937,0.937,0.937,0.932,0.932,0.882,0.876,0.876,0.876,0.873,0.873,0.873,0.873,0.873,0.873,0.873,0.873,0.873,0.873,0.873,0.876,0.873,0.873,0.873,0.875,0.997
RGI60-16.00380,1.317,1.317,1.317,1.317,1.317,1.317,1.317,1.317,1.317,1.317,1.317,1.317,1.317,1.317,1.317,1.317,0.809,0.809,0.809,0.963,0.963,0.963,0.963,0.963,0.963,0.963,0.963,0.957,0.957,0.903,0.897,0.897,0.897,0.894,0.894,0.894,0.894,0.894,0.894,0.894,0.894,0.894,0.894,0.894,0.897,0.894,0.894,0.894,0.896,1.006
RGI60-16.00381,1.322,1.322,1.322,1.322,1.322,1.322,1.322,1.322,1.322,1.322,1.322,1.322,1.322,1.322,1.322,1.322,0.821,0.821,0.821,0.973,0.973,0.973,0.973,0.973,0.973,0.973,0.973,0.968,0.968,0.913,0.907,0.907,0.907,0.904,0.904,0.904,0.904,0.904,0.904,0.904,0.904,0.904,0.904,0.904,0.907,0.904,0.904,0.904,0.906,1.012
RGI60-16.00382,1.291,1.291,1.291,1.291,1.291,1.291,1.291,1.291,1.291,1.291,1.291,1.291,1.291,1.291,1.291,1.291,0.771,0.771,0.771,0.931,0.931,0.931,0.931,0.931,0.931,0.931,0.931,0.926,0.926,0.868,0.862,0.862,0.862,0.859,0.859,0.859,0.859,0.859,0.859,0.859,0.859,0.859,0.859,0.859,0.862,0.859,0.859,0.859,0.861,0.971
RGI60-16.00383,1.263,1.263,1.263,1.263,1.263,1.263,1.263,1.263,1.263,1.263,1.263,1.263,1.263,1.263,1.263,1.263,0.723,0.723,0.723,0.892,0.892,0.892,0.892,0.892,0.892,0.892,0.892,0.886,0.886,0.825,0.818,0.818,0.818,0.815,0.815,0.815,0.815,0.815,0.815,0.815,0.815,0.815,0.815,0.815,0.818,0.815,0.815,0.815,0.818,0.933
RGI60-16.00384,1.276,1.276,1.276,1.276,1.276,1.276,1.276,1.276,1.276,1.276,1.276,1.276,1.276,1.276,1.276,1.276,0.746,0.746,0.746,0.911,0.911,0.911,0.911,0.911,0.911,0.911,0.911,0.905,0.905,0.845,0.839,0.839,0.839,0.836,0.836,0.836,0.836,0.836,0.836,0.836,0.836,0.836,0.836,0.836,0.839,0.836,0.836,0.836,0.838,0.951
RGI60-16.00385,1.268,1.268,1.268,1.268,1.268,1.268,1.268,1.268,1.268,1.268,1.268,1.268,1.268,1.268,1.268,1.268,0.732,0.732,0.732,0.899,0.899,0.899,0.899,0.899,0.899,0.899,0.899,0.893,0.893,0.833,0.826,0.826,0.826,0.824,0.824,0.824,0.824,0.824,0.824,0.824,0.824,0.824,0.824,0.824,0.826,0.824,0.824,0.824,0.826,0.94
RGI60-16.00386,1.317,1.317,1.317,1.317,1.317,1.317,1.317,1.317,1.317,1.317,1.317,1.317,1.317,1.317,1.317,1.317,0.816,0.816,0.816,0.968,0.968,0.968,0.968,0.968,0.968,0.968,0.968,0.963,0.963,0.907,0.901,0.901,0.901,0.899,0.899,0.899,0.899,0.899,0.899,0.899,0.899,0.899,0.899,0.899,0.901,0.899,0.899,0.899,0.9,1.006
RGI60-16.00387,1.296,1.296,1.296,1.296,1.296,1.296,1.296,1.296,1.296,1.296,1.296,1.296,1.296,1.296,1.296,1.296,0.779,0.779,0.779,0.938,0.938,0.938,0.938,0.938,0.938,0.938,0.938,0.932,0.932,0.875,0.869,0.869,0.869,0.866,0.866,0.866,0.866,0.866,0.866,0.866,0.866,0.866,0.866,0.866,0.869,0.866,0.866,0.866,0.868,0.978
RGI60-16.00388,1.379,1.379,1.379,1.379,1.379,1.379,1.379,1.379,1.379,1.379,1.379,1.379,1.379,1.379,1.379,1.379,0.91,0.91,0.91,1.049,1.049,1.049,1.049,1.049,1.049,1.049,1.049,1.044,1.044,0.993,0.988,0.988,0.988,0.986,0.986,0.986,0.986,0.986,0.986,0.986,0.986,0.986,0.986,0.986,0.988,0.986,0.986,0.986,0.987,1.085
RGI60-16.00389,1.259,1.259,1.259,1.259,1.259,1.259,1.259,1.259,1.259,1.259,1.259,1.259,1.259,1.259,1.259,1.259,0.715,0.715,0.715,0.885,0.885,0.885,0.885,0.885,0.885,0.885,0.885,0.88,0.88,0.818,0.812,0.812,0.812,0.809,0.809,0.809,0.809,0.809,0.809,0.809,0.809,0.809,0.809,0.809,0.812,0.809,0.809,0.809,0.811,0.928
RGI60-16.00390,1.274,1.274,1.274,1.274,1.274,1.274,1.274,1.274,1.274,1.274,1.274,1.274,1.274,1.274,1.274,1.274,0.743,0.743,0.743,0.908,0.908,0.908,0.908,0.908,0.908,0.908,0.908,0.902,0.902,0.843,0.836,0.836,0.836,0.833,0.833,0.833,0.833,0.833,0.833,0.833,0.833,0.833,0.833,0.833,0.836,0.833,0.833,0.833,0.835,0.949
RGI60-16.00391,1.282,1.282,1.282,1.282,1.282,1.282,1.282,1.282,1.282,1.282,1.282,1.282,1.282,1.282,1.282,1.282,0.755,0.755,0.755,0.918,0.918,0.918,0.918,0.918,0.918,0.918,0.918,0.912,0.912,0.853,0.847,0.847,0.847,0.844,0.844,0.844,0.844,0.844,0.844,0.844,0.844,0.844,0.844,0.844,0.847,0.844,0.844,0.844,0.846,0.959
RGI60-16.00392,1.304,1.304,1.304,1.304,1.304,1.304,1.304,1.304,1.304,1.304,1.304,1.304,1.304,1.304,1.304,1.304,0.792,0.792,0.792,0.948,0.948,0.948,0.948,0.948,0.948,0.948,0.948,0.943,0.943,0.886,0.88,0.88,0.88,0.877,0.877,0.877,0.877,0.877,0.877,0.877,0.877,0.877,0.877,0.877,0.88,0.877,0.877,0.877,0.879,0.988
RGI60-16.00393,1.293,1.293,1.293,1.293,1.293,1.293,1.293,1.293,1.293,1.293,1.293,1.293,1.293,1.293,1.293,1.293,0.775,0.775,0.775,0.934,0.934,0.934,0.934,0.934,0.934,0.934,0.934,0.929,0.929,0.871,0.865,0.865,0.865,0.862,0.862,0.862,0.862,0.862,0.862,0.862,0.862,0.862,0.862,0.862,0.865,0.862,0.862,0.862,0.864,0.975
RGI60-16.00394,1.272,1.272,1.272,1.272,1.272,1.272,1.272,1.272,1.272,1.272,1.272,1.272,1.272,1.272,1.272,1.272,0.737,0.737,0.737,0.903,0.903,0.903,0.903,0.903,0.903,0.903,0.903,0.898,0.898,0.838,0.832,0.832,0.832,0.829,0.829,0.829,0.829,0.829,0.829,0.829,0.829,0.829,0.829,0.829,0.832,0.829,0.829,0.829,0.831,0.945
RGI60-16.00395,1.269,1.269,1.269,1.269,1.269,1.269,1.269,1.269,1.269,1.269,1.269,1.269,1.269,1.269,1.269,1.269,0.733,0.733,0.733,0.9,0.9,0.9,0.9,0.9,0.9,0.9,0.9,0.894,0.894,0.834,0.828,0.828,0.828,0.825,0.825,0.825,0.825,0.825,0.825,0.825,0.825,0.825,0.825,0.825,0.828,0.825,0.825,0.825,0.827,0.942
RGI60-16.00396,1.262,1.262,1.262,1.262,1.262,1.262,1.262,1.262,1.262,1.262,1.262,1.262,1.262,1.262,1.262,1.262,0.72,0.72,0.72,0.89,0.89,0.89,0.89,0.89,0.89,0.89,0.89,0.884,0.884,0.823,0.817,0.817,0.817,0.814,0.814,0.814,0.814,0.814,0.814,0.814,0.814,0.814,0.814,0.814,0.817,0.814,0.814,0.814,0.816,0.932
RGI60-16.00397,1.261,1.261,1.261,1.261,1.261,1.261,1.261,1.261,1.261,1.261,1.261,1.261,1.261,1.261,1.261,1.261,0.72,0.72,0.72,0.889,0.889,0.889,0.889,0.889,0.889,0.889,0.889,0.884,0.884,0.823,0.816,0.816,0.816,0.813,0.813,0.813,0.813,0.813,0.813,0.813,0.813,0.813,0.813,0.813,0.816,0.813,0.813,0.813,0.815,0.932
RGI60-16.00398,1.268,1.268,1.268,1.268,1.268,1.268,1.268,1.268,1.268,1.268,1.268,1.268,1.268,1.268,1.268,1.268,0.732,0.732,0.732,0.899,0.899,0.899,0.899,0.899,0.899,0.899,0.899,0.893,0.893,0.833,0.827,0.827,0.827,0.824,0.824,0.824,0.824,0.824,0.824,0.824,0.824,0.824,0.824,0.824,0.827,0.824,0.824,0.824,0.826,0.941
RGI60-16.00399,1.27,1.27,1.27,1.27,1.27,1.27,1.27,1.27,1.27,1.27,1.27,1.27,1.27,1.27,1.27,1.27,0.734,0.734,0.734,0.901,0.901,0.901,0.901,0.901,0.901,0.901,0.901,0.895,0.895,0.835,0.829,0.829,0.829,0.826,0.826,0.826,0.826,0.826,0.826,0.826,0.826,0.826,0.826,0.826,0.829,0.826,0.826,0.826,0.828,0.943
RGI60-16.00400,1.261,1.261,1.261,1.261,1.261,1.261,1.261,1.261,1.261,1.261,1.261,1.261,1.261,1.261,1.261,1.261,0.721,0.721,0.721,0.89,0.89,0.89,0.89,0.89,0.89,0.89,0.89,0.885,0.885,0.823,0.817,0.817,0.817,0.814,0.814,0.814,0.814,0.814,0.814,0.814,0.814,0.814,0.814,0.814,0.817,0.814,0.814,0.814,0.816,0.932
RGI60-16.00401,1.275,1.275,1.275,1.275,1.275,1.275,1.275,1.275,1.275,1.275,1.275,1.275,1.275,1.275,1.275,1.275,0.743,0.743,0.743,0.908,0.908,0.908,0.908,0.908,0.908,0.908,0.908,0.903,0.903,0.843,0.837,0.837,0.837,0.834,0.834,0.834,0.834,0.834,0.834,0.834,0.834,0.834,0.834,0.834,0.837,0.834,0.834,0.834,0.836,0.949
RGI60-16.00402,1.279,1.279,1.279,1.279,1.279,1.279,1.279,1.279,1.279,1.279,1.279,1.279,1.279,1.279,1.279,1.279,0.752,0.752,0.752,0.915,0.915,0.915,0.915,0.915,0.915,0.915,0.915,0.91,0.91,0.851,0.844,0.844,0.844,0.842,0.842,0.842,0.842,0.842,0.842,0.842,0.842,0.842,0.842,0.842,0.844,0.842,0.842,0.842,0.844,0.956
RGI60-16.00403,1.271,1.271,1.271,1.271,1.271,1.271,1.271,1.271,1.271,1.271,1.271,1.271,1.271,1.271,1.271,1.271,0.737,0.737,0.737,0.903,0.903,0.903,0.903,0.903,0.903,0.903,0.903,0.898,0.898,0.837,0.831,0.831,0.831,0.828,0.828,0.828,0.828,0.828,0.828,0.828,0.828,0.828,0.828,0.828,0.831,0.828,0.828,0.828,0.83,0.944
RGI60-16.00404,1.262,1.262,1.262,1.262,1.262,1.262,1.262,1.262,1.262,1.262,1.262,1.262,1.262,1.262,1.262,1.262,0.721,0.721,0.721,0.89,0.89,0.89,0.89,0.89,0.89,0.89,0.89,0.885,0.885,0.824,0.817,0.817,0.817,0.814,0.814,0.814,0.814,0.814,0.814,0.814,0.814,0.814,0.814,0.814,0.817,0.814,0.814,0.814,0.816,0.932
RGI60-16.00405,1.292,1.292,1.292,1.292,1.292,1.292,1.292,1.292,1.292,1.292,1.292,1.292,1.292,1.292,1.292,1.292,0.766,0.766,0.766,0.927,0.927,0.927,0.927,0.927,0.927,0.927,0.927,0.921,0.921,0.865,0.859,0.859,0.859,0.856,0.856,0.856,0.856,0.856,0.856,0.856,0.856,0.856,0.856,0.856,0.859,0.856,0.856,0.856,0.858,0.972
RGI60-16.00406,1.305,1.305,1.305,1.305,1.305,1.305,1.305,1.305,1.305,1.305,1.305,1.305,1.305,1.305,1.305,1.305,0.788,0.788,0.788,0.945,0.945,0.945,0.945,0.945,0.945,0.945,0.945,0.939,0.939,0.885,0.879,0.879,0.879,0.876,0.876,0.876,0.876,0.876,0.876,0.876,0.876,0.876,0.876,0.876,0.879,0.876,0.876,0.876,0.878,0.99
RGI60-16.00407,1.274,1.274,1.274,1.274,1.274,1.274,1.274,1.274,1.274,1.274,1.274,1.274,1.274,1.274,1.274,1.274,0.735,0.735,0.735,0.901,0.901,0.901,0.901,0.901,0.901,0.901,0.901,0.896,0.896,0.838,0.831,0.831,0.831,0.829,0.829,0.829,0.829,0.829,0.829,0.829,0.829,0.829,0.829,0.829,0.831,0.829,0.829,0.829,0.831,0.948
RGI60-16.00408,1.299,1.299,1.299,1.299,1.299,1.299,1.299,1.299,1.299,1.299,1.299,1.299,1.299,1.299,1.299,1.299,0.778,0.778,0.778,0.937,0.937,0.937,0.937,0.937,0.937,0.937,0.937,0.931,0.931,0.876,0.87,0.87,0.87,0.867,0.867,0.867,0.867,0.867,0.867,0.867,0.867,0.867,0.867,0.867,0.87,0.867,0.867,0.867,0.869,0.982
RGI60-16.00409,1.27,1.27,1.27,1.27,1.27,1.27,1.27,1.27,1.27,1.27,1.27,1.27,1.27,1.27,1.27,1.27,0.728,0.728,0.728,0.896,0.896,0.896,0.896,0.896,0.896,0.896,0.896,0.89,0.89,0.832,0.826,0.826,0.826,0.823,0.823,0.823,0.823,0.823,0.823,0.823,0.823,0.823,0.823,0.823,0.826,0.823,0.823,0.823,0.825,0.943
RGI60-16.00410,1.257,1.257,1.257,1.257,1.257,1.257,1.257,1.257,1.257,1.257,1.257,1.257,1.257,1.257,1.257,1.257,0.706,0.706,0.706,0.878,0.878,0.878,0.878,0.878,0.878,0.878,0.878,0.872,0.872,0.812,0.806,0.806,0.806,0.803,0.803,0.803,0.803,0.803,0.803,0.803,0.803,0.803,0.803,0.803,0.806,0.803,0.803,0.803,0.805,0.926
RGI60-16.00411,1.296,1.296,1.296,1.296,1.296,1.296,1.296,1.296,1.296,1.296,1.296,1.296,1.296,1.296,1.296,1.296,0.759,0.759,0.759,0.921,0.921,0.921,0.921,0.921,0.921,0.921,0.921,0.915,0.915,0.863,0.857,0.857,0.857,0.854,0.854,0.854,0.854,0.854,0.854,0.854,0.854,0.854,0.854,0.854,0.857,0.854,0.854,0.854,0.856,0.978
RGI60-16.00412,1.302,1.302,1.302,1.302,1.302,1.302,1.302,1.302,1.302,1.302,1.302,1.302,1.302,1.302,1.302,1.302,0.769,0.769,0.769,0.929,0.929,0.929,0.929,0.929,0.929,0.929,0.929,0.923,0.923,0.872,0.866,0.866,0.866,0.863,0.863,0.863,0.863,0.863,0.863,0.863,0.863,0.863,0.863,0.863,0.866,0.863,0.863,0.863,0.865,0.986
RGI60-16.00413,1.267,1.267,1.267,1.267,1.267,1.267,1.267,1.267,1.267,1.267,1.267,1.267,1.267,1.267,1.267,1.267,0.708,0.708,0.708,0.88,0.88,0.88,0.88,0.88,0.88,0.88,0.88,0.874,0.874,0.819,0.813,0.813,0.813,0.81,0.81,0.81,0.81,0.81,0.81,0.81,0.81,0.81,0.81,0.81,0.813,0.81,0.81,0.81,0.812,0.939
RGI60-16.00414,1.277,1.277,1.277,1.277,1.277,1.277,1.277,1.277,1.277,1.277,1.277,1.277,1.277,1.277,1.277,1.277,0.725,0.725,0.725,0.893,0.893,0.893,0.893,0.893,0.893,0.893,0.893,0.887,0.887,0.834,0.827,0.827,0.827,0.824,0.824,0.824,0.824,0.824,0.824,0.824,0.824,0.824,0.824,0.824,0.827,0.824,0.824,0.824,0.826,0.952
RGI60-16.00415,1.284,1.284,1.284,1.284,1.284,1.284,1.284,1.284,1.284,1.284,1.284,1.284,1.284,1.284,1.284,1.284,0.739,0.739,0.739,0.905,0.905,0.905,0.905,0.905,0.905,0.905,0.905,0.899,0.899,0.846,0.839,0.839,0.839,0.836,0.836,0.836,0.836,0.836,0.836,0.836,0.836,0.836,0.836,0.836,0.839,0.836,0.836,0.836,0.838,0.962
RGI60-16.00416,1.384,1.384,1.384,1.384,1.384,1.384,1.384,1.384,1.384,1.384,1.384,1.384,1.384,1.384,1.384,1.384,0.902,0.902,0.902,1.042,1.042,1.042,1.042,1.042,1.042,1.042,1.042,1.037,1.037,0.991,0.986,0.986,0.986,0.983,0.983,0.983,0.983,0.983,0.983,0.983,0.983,0.983,0.983,0.983,0.986,0.983,0.983,0.983,0.985,1.092
RGI60-16.00417,1.268,1.268,1.268,1.268,1.268,1.268,1.268,1.268,1.268,1.268,1.268,1.268,1.268,1.268,1.268,1.268,0.712,0.712,0.712,0.883,0.883,0.883,0.883,0.883,0.883,0.883,0.883,0.877,0.877,0.822,0.815,0.815,0.815,0.812,0.812,0.812,0.812,0.812,0.812,0.812,0.812,0.812,0.812,0.812,0.815,0.812,0.812,0.812,0.814,0.94
RGI60-16.00418,1.314,1.314,1.314,1.314,1.314,1.314,1.314,1.314,1.314,1.314,1.314,1.314,1.314,1.314,1.314,1.314,0.794,0.794,0.794,0.95,0.95,0.95,0.95,0.95,0.95,0.95,0.95,0.944,0.944,0.893,0.887,0.887,0.887,0.884,0.884,0.884,0.884,0.884,0.884,0.884,0.884,0.884,0.884,0.884,0.887,0.884,0.884,0.884,0.886,1.001
RGI60-16.00419,1.341,1.341,1.341,1.341,1.341,1.341,1.341,1.341,1.341,1.341,1.341,1.341,1.341,1.341,1.341,1.341,0.839,0.839,0.839,0.988,0.988,0.988,0.988,0.988,0.988,0.988,0.988,0.982,0.982,0.933,0.927,0.927,0.927,0.924,0.924,0.924,0.924,0.924,0.924,0.924,0.924,0.924,0.924,0.924,0.927,0.924,0.924,0.924,0.926,1.037
RGI60-16.00420,1.314,1.314,1.314,1.314,1.314,1.314,1.314,1.314,1.314,1.314,1.314,1.314,1.314,1.314,1.314,1.314,0.795,0.795,0.795,0.951,0.951,0.951,0.951,0.951,0.951,0.951,0.951,0.945,0.945,0.893,0.887,0.887,0.887,0.885,0.885,0.885,0.885,0.885,0.885,0.885,0.885,0.885,0.885,0.885,0.887,0.885,0.885,0.885,0.887,1.002
RGI60-16.00421,1.415,1.415,1.415,1.415,1.415,1.415,1.415,1.415,1.415,1.415,1.415,1.415,1.415,1.415,1.415,1.415,0.952,0.952,0.952,1.086,1.086,1.086,1.086,1.086,1.086,1.086,1.086,1.081,1.081,1.036,1.031,1.031,1.031,1.029,1.029,1.029,1.029,1.029,1.029,1.029,1.029,1.029,1.029,1.029,1.031,1.029,1.029,1.029,1.03,1.131
RGI60-16.00422,1.511,1.511,1.511,1.511,1.511,1.511,1.511,1.511,1.511,1.511,1.511,1.511,1.511,1.511,1.511,1.511,1.089,1.089,1.089,1.208,1.208,1.208,1.208,1.208,1.208,1.208,1.208,1.203,1.203,1.163,1.159,1.159,1.159,1.156,1.156,1.156,1.156,1.156,1.156,1.156,1.156,1.156,1.156,1.156,1.159,1.156,1.156,1.156,1.158,1.248
RGI60-16.00423,1.309,1.309,1.309,1.309,1.309,1.309,1.309,1.309,1.309,1.309,1.309,1.309,1.309,1.309,1.309,1.309,0.783,0.783,0.783,0.941,0.941,0.941,0.941,0.941,0.941,0.941,0.941,0.935,0.935,0.883,0.877,0.877,0.877,0.874,0.874,0.874,0.874,0.874,0.874,0.874,0.874,0.874,0.874,0.874,0.877,0.874,0.874,0.874,0.876,0.994
RGI60-16.00424,1.313,1.313,1.313,1.313,1.313,1.313,1.313,1.313,1.313,1.313,1.313,1.313,1.313,1.313,1.313,1.313,0.792,0.792,0.792,0.948,0.948,0.948,0.948,0.948,0.948,0.948,0.948,0.942,0.942,0.891,0.885,0.885,0.885,0.882,0.882,0.882,0.882,0.882,0.882,0.882,0.882,0.882,0.882,0.882,0.885,0.882,0.882,0.882,0.884,1.001
RGI60-16.00425,1.289,1.289,1.289,1.289,1.289,1.289,1.289,1.289,1.289,1.289,1.289,1.289,1.289,1.289,1.289,1.289,0.75,0.75,0.75,0.913,0.913,0.913,0.913,0.913,0.913,0.913,0.913,0.907,0.907,0.854,0.848,0.848,0.848,0.845,0.845,0.845,0.845,0.845,0.845,0.845,0.845,0.845,0.845,0.845,0.848,0.845,0.845,0.845,0.847,0.969
RGI60-16.00426,1.341,1.341,1.341,1.341,1.341,1.341,1.341,1.341,1.341,1.341,1.341,1.341,1.341,1.341,1.341,1.341,0.836,0.836,0.836,0.985,0.985,0.985,0.985,0.985,0.985,0.985,0.985,0.98,0.98,0.931,0.925,0.925,0.925,0.923,0.923,0.923,0.923,0.923,0.923,0.923,0.923,0.923,0.923,0.923,0.925,0.923,0.923,0.923,0.924,1.037
RGI60-16.00427,1.262,1.262,1.262,1.262,1.262,1.262,1.262,1.262,1.262,1.262,1.262,1.262,1.262,1.262,1.262,1.262,0.702,0.702,0.702,0.875,0.875,0.875,0.875,0.875,0.875,0.875,0.875,0.869,0.869,0.813,0.806,0.806,0.806,0.803,0.803,0.803,0.803,0.803,0.803,0.803,0.803,0.803,0.803,0.803,0.806,0.803,0.803,0.803,0.806,0.932
RGI60-16.00428,1.276,1.276,1.276,1.276,1.276,1.276,1.276,1.276,1.276,1.276,1.276,1.276,1.276,1.276,1.276,1.276,0.729,0.729,0.729,0.896,0.896,0.896,0.896,0.896,0.896,0.896,0.896,0.89,0.89,0.836,0.829,0.829,0.829,0.826,0.826,0.826,0.826,0.826,0.826,0.826,0.826,0.826,0.826,0.826,0.829,0.826,0.826,0.826,0.828,0.952
RGI60-16.00429,1.307,1.307,1.307,1.307,1.307,1.307,1.307,1.307,1.307,1.307,1.307,1.307,1.307,1.307,1.307,1.307,0.777,0.777,0.777,0.936,0.936,0.936,0.936,0.936,0.936,0.936,0.936,0.93,0.93,0.879,0.873,0.873,0.873,0.87,0.87,0.87,0.87,0.87,0.87,0.87,0.87,0.87,0.87,0.87,0.873,0.87,0.87,0.87,0.872,0.992
RGI60-16.00430,1.275,1.275,1.275,1.275,1.275,1.275,1.275,1.275,1.275,1.275,1.275,1.275,1.275,1.275,1.275,1.275,0.723,0.723,0.723,0.892,0.892,0.892,0.892,0.892,0.892,0.892,0.892,0.886,0.886,0.832,0.826,0.826,0.826,0.823,0.823,0.823,0.823,0.823,0.823,0.823,0.823,0.823,0.823,0.823,0.826,0.823,0.823,0.823,0.825,0.951
RGI60-16.00431,1.305,1.305,1.305,1.305,1.305,1.305,1.305,1.305,1.305,1.305,1.305,1.305,1.305,1.305,1.305,1.305,0.774,0.774,0.774,0.934,0.934,0.934,0.934,0.934,0.934,0.934,0.934,0.928,0.928,0.877,0.871,0.871,0.871,0.868,0.868,0.868,0.868,0.868,0.868,0.868,0.868,0.868,0.868,0.868,0.871,0.868,0.868,0.868,0.87,0.99
RGI60-16.00432,1.447,1.447,1.447,1.447,1.447,1.447,1.447,1.447,1.447,1.447,1.447,1.447,1.447,1.447,1.447,1.447,0.996,0.996,0.996,1.124,1.124,1.124,1.124,1.124,1.124,1.124,1.124,1.119,1.119,1.077,1.072,1.072,1.072,1.07,1.07,1.07,1.07,1.07,1.07,1.07,1.07,1.07,1.07,1.07,1.072,1.07,1.07,1.07,1.071,1.171
RGI60-16.00433,1.267,1.267,1.267,1.267,1.267,1.267,1.267,1.267,1.267,1.267,1.267,1.267,1.267,1.267,1.267,1.267,0.71,0.71,0.71,0.881,0.881,0.881,0.881,0.881,0.881,0.881,0.881,0.875,0.875,0.82,0.813,0.813,0.813,0.81,0.81,0.81,0.81,0.81,0.81,0.81,0.81,0.81,0.81,0.81,0.813,0.81,0.81,0.81,0.812,0.939
RGI60-16.00434,1.431,1.431,1.431,1.431,1.431,1.431,1.431,1.431,1.431,1.431,1.431,1.431,1.431,1.431,1.431,1.431,0.975,0.975,0.975,1.106,1.106,1.106,1.106,1.106,1.106,1.106,1.106,1.101,1.101,1.057,1.052,1.052,1.052,1.05,1.05,1.05,1.05,1.05,1.05,1.05,1.05,1.05,1.05,1.05,1.052,1.05,1.05,1.05,1.052,1.151
RGI60-16.00435,1.344,1.344,1.344,1.344,1.344,1.344,1.344,1.344,1.344,1.344,1.344,1.344,1.344,1.344,1.344,1.344,0.842,0.842,0.842,0.991,0.991,0.991,0.991,0.991,0.991,0.991,0.991,0.985,0.985,0.936,0.931,0.931,0.931,0.928,0.928,0.928,0.928,0.928,0.928,0.928,0.928,0.928,0.928,0.928,0.931,0.928,0.928,0.928,0.93,1.041
RGI60-16.00436,1.685,1.685,1.685,1.685,1.685,1.685,1.685,1.685,1.685,1.685,1.685,1.685,1.685,1.685,1.685,1.685,1.32,1.32,1.32,1.419,1.419,1.419,1.419,1.419,1.419,1.419,1.419,1.415,1.415,1.382,1.378,1.378,1.378,1.376,1.376,1.376,1.376,1.376,1.376,1.376,1.376,1.376,1.376,1.376,1.378,1.376,1.376,1.376,1.377,1.455
RGI60-16.00437,1.301,1.301,1.301,1.301,1.301,1.301,1.301,1.301,1.301,1.301,1.301,1.301,1.301,1.301,1.301,1.301,0.772,0.772,0.772,0.931,0.931,0.931,0.931,0.931,0.931,0.931,0.931,0.926,0.926,0.873,0.867,0.867,0.867,0.864,0.864,0.864,0.864,0.864,0.864,0.864,0.864,0.864,0.864,0.864,0.867,0.864,0.864,0.864,0.866,0.985
RGI60-16.00438,1.435,1.435,1.435,1.435,1.435,1.435,1.435,1.435,1.435,1.435,1.435,1.435,1.435,1.435,1.435,1.435,0.981,0.981,0.981,1.111,1.111,1.111,1.111,1.111,1.111,1.111,1.111,1.106,1.106,1.063,1.058,1.058,1.058,1.055,1.055,1.055,1.055,1.055,1.055,1.055,1.055,1.055,1.055,1.055,1.058,1.055,1.055,1.055,1.057,1.156
RGI60-16.00439,1.294,1.294,1.294,1.294,1.294,1.294,1.294,1.294,1.294,1.294,1.294,1.294,1.294,1.294,1.294,1.294,0.759,0.759,0.759,0.92,0.92,0.92,0.92,0.92,0.92,0.92,0.92,0.914,0.914,0.862,0.856,0.856,0.856,0.853,0.853,0.853,0.853,0.853,0.853,0.853,0.853,0.853,0.853,0.853,0.856,0.853,0.853,0.853,0.855,0.975
RGI60-16.00440,1.303,1.303,1.303,1.303,1.303,1.303,1.303,1.303,1.303,1.303,1.303,1.303,1.303,1.303,1.303,1.303,0.774,0.774,0.774,0.933,0.933,0.933,0.933,0.933,0.933,0.933,0.933,0.928,0.928,0.876,0.87,0.87,0.87,0.867,0.867,0.867,0.867,0.867,0.867,0.867,0.867,0.867,0.867,0.867,0.87,0.867,0.867,0.867,0.869,0.987
RGI60-16.00441,1.296,1.296,1.296,1.296,1.296,1.296,1.296,1.296,1.296,1.296,1.296,1.296,1.296,1.296,1.296,1.296,0.762,0.762,0.762,0.923,0.923,0.923,0.923,0.923,0.923,0.923,0.923,0.917,0.917,0.865,0.859,0.859,0.859,0.856,0.856,0.856,0.856,0.856,0.856,0.856,0.856,0.856,0.856,0.856,0.859,0.856,0.856,0.856,0.858,0.978
RGI60-16.00442,1.363,1.363,1.363,1.363,1.363,1.363,1.363,1.363,1.363,1.363,1.363,1.363,1.363,1.363,1.363,1.363,0.871,0.871,0.871,1.015,1.015,1.015,1.015,1.015,1.015,1.015,1.015,1.01,1.01,0.962,0.957,0.957,0.957,0.954,0.954,0.954,0.954,0.954,0.954,0.954,0.954,0.954,0.954,0.954,0.957,0.954,0.954,0.954,0.956,1.065
RGI60-16.00443,1.367,1.367,1.367,1.367,1.367,1.367,1.367,1.367,1.367,1.367,1.367,1.367,1.367,1.367,1.367,1.367,0.744,0.744,0.744,0.958,0.958,0.958,0.958,0.958,0.958,0.958,0.958,0.951,0.951,0.926,0.916,0.916,0.916,0.911,0.911,0.911,0.911,0.911,0.911,0.911,0.911,0.911,0.911,0.911,0.916,0.911,0.911,0.911,0.914,1.07
RGI60-16.00444,1.367,1.367,1.367,1.367,1.367,1.367,1.367,1.367,1.367,1.367,1.367,1.367,1.367,1.367,1.367,1.367,0.744,0.744,0.744,0.958,0.958,0.958,0.958,0.958,0.958,0.958,0.958,0.951,0.951,0.926,0.916,0.916,0.916,0.911,0.911,0.911,0.911,0.911,0.911,0.911,0.911,0.911,0.911,0.911,0.916,0.911,0.911,0.911,0.914,1.07
RGI60-16.00445,1.364,1.364,1.364,1.364,1.364,1.364,1.364,1.364,1.364,1.364,1.364,1.364,1.364,1.364,1.364,1.364,0.723,0.723,0.723,0.932,0.932,0.932,0.932,0.932,0.932,0.932,0.932,0.923,0.923,0.902,0.893,0.893,0.893,0.888,0.888,0.888,0.888,0.888,0.888,0.888,0.888,0.888,0.888,0.888,0.893,0.888,0.888,0.888,0.891,1.066
RGI60-16.00446,1.377,1.377,1.377,1.377,1.377,1.377,1.377,1.377,1.377,1.377,1.377,1.377,1.377,1.377,1.377,1.377,0.748,0.748,0.748,0.951,0.951,0.951,0.951,0.951,0.951,0.951,0.951,0.943,0.943,0.921,0.913,0.913,0.913,0.908,0.908,0.908,0.908,0.908,0.908,0.908,0.908,0.908,0.908,0.908,0.913,0.908,0.908,0.908,0.911,1.083
RGI60-16.00447,1.363,1.363,1.363,1.363,1.363,1.363,1.363,1.363,1.363,1.363,1.363,1.363,1.363,1.363,1.363,1.363,0.721,0.721,0.721,0.93,0.93,0.93,0.93,0.93,0.93,0.93,0.93,0.921,0.921,0.9,0.891,0.891,0.891,0.886,0.886,0.886,0.886,0.886,0.886,0.886,0.886,0.886,0.886,0.886,0.891,0.886,0.886,0.886,0.889,1.064
RGI60-16.00448,1.393,1.393,1.393,1.393,1.393,1.393,1.393,1.393,1.393,1.393,1.393,1.393,1.393,1.393,1.393,1.393,0.795,0.795,0.795,1.0,1.0,1.0,1.0,1.0,1.0,1.0,1.0,0.993,0.993,0.969,0.959,0.959,0.959,0.954,0.954,0.954,0.954,0.954,0.954,0.954,0.954,0.954,0.954,0.954,0.959,0.954,0.954,0.954,0.957,1.104
RGI60-16.00449,1.368,1.368,1.368,1.368,1.368,1.368,1.368,1.368,1.368,1.368,1.368,1.368,1.368,1.368,1.368,1.368,0.751,0.751,0.751,0.965,0.965,0.965,0.965,0.965,0.965,0.965,0.965,0.958,0.958,0.933,0.922,0.922,0.922,0.917,0.917,0.917,0.917,0.917,0.917,0.917,0.917,0.917,0.917,0.917,0.922,0.917,0.917,0.917,0.92,1.072
RGI60-16.00450,1.376,1.376,1.376,1.376,1.376,1.376,1.376,1.376,1.376,1.376,1.376,1.376,1.376,1.376,1.376,1.376,0.765,0.765,0.765,0.977,0.977,0.977,0.977,0.977,0.977,0.977,0.977,0.97,0.97,0.945,0.934,0.934,0.934,0.929,0.929,0.929,0.929,0.929,0.929,0.929,0.929,0.929,0.929,0.929,0.934,0.929,0.929,0.929,0.932,1.082
RGI60-16.00451,1.371,1.371,1.371,1.371,1.371,1.371,1.371,1.371,1.371,1.371,1.371,1.371,1.371,1.371,1.371,1.371,0.755,0.755,0.755,0.969,0.969,0.969,0.969,0.969,0.969,0.969,0.969,0.962,0.962,0.937,0.926,0.926,0.926,0.921,0.921,0.921,0.921,0.921,0.921,0.921,0.921,0.921,0.921,0.921,0.926,0.921,0.921,0.921,0.924,1.075
RGI60-16.00452,1.367,1.367,1.367,1.367,1.367,1.367,1.367,1.367,1.367,1.367,1.367,1.367,1.367,1.367,1.367,1.367,0.749,0.749,0.749,0.964,0.964,0.964,0.964,0.964,0.964,0.964,0.964,0.957,0.957,0.931,0.921,0.921,0.921,0.916,0.916,0.916,0.916,0.916,0.916,0.916,0.916,0.916,0.916,0.916,0.921,0.916,0.916,0.916,0.919,1.071
RGI60-16.00453,1.389,1.389,1.389,1.389,1.389,1.389,1.389,1.389,1.389,1.389,1.389,1.389,1.389,1.389,1.389,1.389,0.775,0.775,0.775,0.978,0.978,0.978,0.978,0.978,0.978,0.978,0.978,0.97,0.97,0.948,0.939,0.939,0.939,0.934,0.934,0.934,0.934,0.934,0.934,0.934,0.934,0.934,0.934,0.934,0.939,0.934,0.934,0.934,0.937,1.099
RGI60-16.00454,1.375,1.375,1.375,1.375,1.375,1.375,1.375,1.375,1.375,1.375,1.375,1.375,1.375,1.375,1.375,1.375,0.75,0.75,0.75,0.958,0.958,0.958,0.958,0.958,0.958,0.958,0.958,0.95,0.95,0.928,0.918,0.918,0.918,0.913,0.913,0.913,0.913,0.913,0.913,0.913,0.913,0.913,0.913,0.913,0.918,0.913,0.913,0.913,0.916,1.081
RGI60-16.00455,1.367,1.367,1.367,1.367,1.367,1.367,1.367,1.367,1.367,1.367,1.367,1.367,1.367,1.367,1.367,1.367,0.744,0.744,0.744,0.958,0.958,0.958,0.958,0.958,0.958,0.958,0.958,0.951,0.951,0.926,0.916,0.916,0.916,0.911,0.911,0.911,0.911,0.911,0.911,0.911,0.911,0.911,0.911,0.911,0.916,0.911,0.911,0.911,0.914,1.07
RGI60-16.00456,1.385,1.385,1.385,1.385,1.385,1.385,1.385,1.385,1.385,1.385,1.385,1.385,1.385,1.385,1.385,1.385,0.765,0.765,0.765,0.967,0.967,0.967,0.967,0.967,0.967,0.967,0.967,0.959,0.959,0.938,0.929,0.929,0.929,0.924,0.924,0.924,0.924,0.924,0.924,0.924,0.924,0.924,0.924,0.924,0.929,0.924,0.924,0.924,0.927,1.093
RGI60-16.00457,1.372,1.372,1.372,1.372,1.372,1.372,1.372,1.372,1.372,1.372,1.372,1.372,1.372,1.372,1.372,1.372,0.742,0.742,0.742,0.949,0.949,0.949,0.949,0.949,0.949,0.949,0.949,0.941,0.941,0.919,0.91,0.91,0.91,0.905,0.905,0.905,0.905,0.905,0.905,0.905,0.905,0.905,0.905,0.905,0.91,0.905,0.905,0.905,0.908,1.077
RGI60-16.00458,1.363,1.363,1.363,1.363,1.363,1.363,1.363,1.363,1.363,1.363,1.363,1.363,1.363,1.363,1.363,1.363,0.726,0.726,0.726,0.937,0.937,0.937,0.937,0.937,0.937,0.937,0.937,0.929,0.929,0.906,0.897,0.897,0.897,0.892,0.892,0.892,0.892,0.892,0.892,0.892,0.892,0.892,0.892,0.892,0.897,0.892,0.892,0.892,0.895,1.066
RGI60-16.00459,1.374,1.374,1.374,1.374,1.374,1.374,1.374,1.374,1.374,1.374,1.374,1.374,1.374,1.374,1.374,1.374,0.761,0.761,0.761,0.973,0.973,0.973,0.973,0.973,0.973,0.973,0.973,0.966,0.966,0.941,0.931,0.931,0.931,0.925,0.925,0.925,0.925,0.925,0.925,0.925,0.925,0.925,0.925,0.925,0.931,0.925,0.925,0.925,0.929,1.079
RGI60-16.00460,1.553,1.553,1.553,1.553,1.553,1.553,1.553,1.553,1.553,1.553,1.553,1.553,1.553,1.553,1.553,1.553,0.986,0.986,0.986,1.102,1.102,1.102,1.102,1.102,1.102,1.102,1.102,1.09,1.09,1.083,1.08,1.08,1.08,1.079,1.079,1.079,1.079,1.079,1.079,1.079,1.079,1.079,1.079,1.079,1.08,1.079,1.079,1.079,1.079,1.3
RGI60-16.00461,2.412,2.412,2.412,2.412,2.412,2.412,2.412,2.412,2.412,2.412,2.412,2.412,2.412,2.412,2.412,2.412,2.09,2.09,2.09,2.146,2.146,2.146,2.146,2.146,2.146,2.146,2.146,2.14,2.14,2.137,2.135,2.135,2.135,2.135,2.135,2.135,2.135,2.135,2.135,2.135,2.135,2.135,2.135,2.135,2.135,2.135,2.135,2.135,2.135,2.257
RGI60-16.00462,1.327,1.327,1.327,1.327,1.327,1.327,1.327,1.327,1.327,1.327,1.327,1.327,1.327,1.327,1.327,1.327,0.422,0.422,0.422,0.548,0.548,0.548,0.548,0.548,0.548,0.548,0.548,0.536,0.536,0.533,0.532,0.532,0.532,0.532,0.532,0.532,0.532,0.532,0.532,0.532,0.532,0.532,0.532,0.532,0.532,0.532,0.532,0.532,0.532,1.019
RGI60-16.00463,1.441,1.441,1.441,1.441,1.441,1.441,1.441,1.441,1.441,1.441,1.441,1.441,1.441,1.441,1.441,1.441,0.912,0.912,0.912,1.05,1.05,1.05,1.05,1.05,1.05,1.05,1.05,1.043,1.043,1.018,1.013,1.013,1.013,1.011,1.011,1.011,1.011,1.011,1.011,1.011,1.011,1.011,1.011,1.011,1.013,1.011,1.011,1.011,1.012,1.163
RGI60-16.00464,1.322,1.322,1.322,1.322,1.322,1.322,1.322,1.322,1.322,1.322,1.322,1.322,1.322,1.322,1.322,1.322,0.709,0.709,0.709,0.879,0.879,0.879,0.879,0.879,0.879,0.879,0.879,0.872,0.872,0.841,0.835,0.835,0.835,0.833,0.833,0.833,0.833,0.833,0.833,0.833,0.833,0.833,0.833,0.833,0.835,0.833,0.833,0.833,0.834,1.012
RGI60-16.00465,1.322,1.322,1.322,1.322,1.322,1.322,1.322,1.322,1.322,1.322,1.322,1.322,1.322,1.322,1.322,1.322,0.707,0.707,0.707,0.878,0.878,0.878,0.878,0.878,0.878,0.878,0.878,0.87,0.87,0.84,0.834,0.834,0.834,0.831,0.831,0.831,0.831,0.831,0.831,0.831,0.831,0.831,0.831,0.831,0.834,0.831,0.831,0.831,0.833,1.012
RGI60-16.00466,1.778,1.778,1.778,1.778,1.778,1.778,1.778,1.778,1.778,1.778,1.778,1.778,1.778,1.778,1.778,1.778,1.383,1.383,1.383,1.478,1.478,1.478,1.478,1.478,1.478,1.478,1.478,1.473,1.473,1.456,1.452,1.452,1.452,1.451,1.451,1.451,1.451,1.451,1.451,1.451,1.451,1.451,1.451,1.451,1.452,1.451,1.451,1.451,1.452,1.562
RGI60-16.00467,1.311,1.311,1.311,1.311,1.311,1.311,1.311,1.311,1.311,1.311,1.311,1.311,1.311,1.311,1.311,1.311,0.687,0.687,0.687,0.862,0.862,0.862,0.862,0.862,0.862,0.862,0.862,0.854,0.854,0.823,0.817,0.817,0.817,0.814,0.814,0.814,0.814,0.814,0.814,0.814,0.814,0.814,0.814,0.814,0.817,0.814,0.814,0.814,0.816,0.998
RGI60-16.00468,1.359,1.359,1.359,1.359,1.359,1.359,1.359,1.359,1.359,1.359,1.359,1.359,1.359,1.359,1.359,1.359,0.774,0.774,0.774,0.932,0.932,0.932,0.932,0.932,0.932,0.932,0.932,0.925,0.925,0.896,0.891,0.891,0.891,0.888,0.888,0.888,0.888,0.888,0.888,0.888,0.888,0.888,0.888,0.888,0.891,0.888,0.888,0.888,0.89,1.06
RGI60-16.00469,1.307,1.307,1.307,1.307,1.307,1.307,1.307,1.307,1.307,1.307,1.307,1.307,1.307,1.307,1.307,1.307,0.679,0.679,0.679,0.856,0.856,0.856,0.856,0.856,0.856,0.856,0.856,0.848,0.848,0.816,0.811,0.811,0.811,0.808,0.808,0.808,0.808,0.808,0.808,0.808,0.808,0.808,0.808,0.808,0.811,0.808,0.808,0.808,0.809,0.993
RGI60-16.00470,1.307,1.307,1.307,1.307,1.307,1.307,1.307,1.307,1.307,1.307,1.307,1.307,1.307,1.307,1.307,1.307,0.679,0.679,0.679,0.855,0.855,0.855,0.855,0.855,0.855,0.855,0.855,0.847,0.847,0.816,0.81,0.81,0.81,0.807,0.807,0.807,0.807,0.807,0.807,0.807,0.807,0.807,0.807,0.807,0.81,0.807,0.807,0.807,0.809,0.992
RGI60-16.00471,1.306,1.306,1.306,1.306,1.306,1.306,1.306,1.306,1.306,1.306,1.306,1.306,1.306,1.306,1.306,1.306,0.677,0.677,0.677,0.854,0.854,0.854,0.854,0.854,0.854,0.854,0.854,0.846,0.846,0.814,0.809,0.809,0.809,0.806,0.806,0.806,0.806,0.806,0.806,0.806,0.806,0.806,0.806,0.806,0.809,0.806,0.806,0.806,0.807,0.991
RGI60-16.00472,1.298,1.298,1.298,1.298,1.298,1.298,1.298,1.298,1.298,1.298,1.298,1.298,1.298,1.298,1.298,1.298,0.662,0.662,0.662,0.842,0.842,0.842,0.842,0.842,0.842,0.842,0.842,0.834,0.834,0.802,0.796,0.796,0.796,0.793,0.793,0.793,0.793,0.793,0.793,0.793,0.793,0.793,0.793,0.793,0.796,0.793,0.793,0.793,0.795,0.981
RGI60-16.00473,1.349,1.349,1.349,1.349,1.349,1.349,1.349,1.349,1.349,1.349,1.349,1.349,1.349,1.349,1.349,1.349,0.551,0.551,0.551,0.701,0.701,0.701,0.701,0.701,0.701,0.701,0.701,0.676,0.676,0.67,0.669,0.669,0.669,0.668,0.668,0.668,0.668,0.668,0.668,0.668,0.668,0.668,0.668,0.668,0.669,0.668,0.668,0.668,0.668,1.047
RGI60-16.00474,1.365,1.365,1.365,1.365,1.365,1.365,1.365,1.365,1.365,1.365,1.365,1.365,1.365,1.365,1.365,1.365,0.596,0.596,0.596,0.741,0.741,0.741,0.741,0.741,0.741,0.741,0.741,0.719,0.719,0.713,0.711,0.711,0.711,0.71,0.71,0.71,0.71,0.71,0.71,0.71,0.71,0.71,0.71,0.71,0.711,0.71,0.71,0.71,0.711,1.068
RGI60-16.00475,1.344,1.344,1.344,1.344,1.344,1.344,1.344,1.344,1.344,1.344,1.344,1.344,1.344,1.344,1.344,1.344,0.538,0.538,0.538,0.69,0.69,0.69,0.69,0.69,0.69,0.69,0.69,0.665,0.665,0.659,0.658,0.658,0.658,0.657,0.657,0.657,0.657,0.657,0.657,0.657,0.657,0.657,0.657,0.657,0.658,0.657,0.657,0.657,0.657,1.041
RGI60-16.00476,1.323,1.323,1.323,1.323,1.323,1.323,1.323,1.323,1.323,1.323,1.323,1.323,1.323,1.323,1.323,1.323,0.483,0.483,0.483,0.649,0.649,0.649,0.649,0.649,0.649,0.649,0.649,0.622,0.622,0.616,0.614,0.614,0.614,0.613,0.613,0.613,0.613,0.613,0.613,0.613,0.613,0.613,0.613,0.613,0.614,0.613,0.613,0.613,0.613,1.014
RGI60-16.00477,1.342,1.342,1.342,1.342,1.342,1.342,1.342,1.342,1.342,1.342,1.342,1.342,1.342,1.342,1.342,1.342,0.539,0.539,0.539,0.695,0.695,0.695,0.695,0.695,0.695,0.695,0.695,0.671,0.671,0.665,0.663,0.663,0.663,0.662,0.662,0.662,0.662,0.662,0.662,0.662,0.662,0.662,0.662,0.662,0.663,0.662,0.662,0.662,0.662,1.038
RGI60-16.00478,1.326,1.326,1.326,1.326,1.326,1.326,1.326,1.326,1.326,1.326,1.326,1.326,1.326,1.326,1.326,1.326,0.494,0.494,0.494,0.658,0.658,0.658,0.658,0.658,0.658,0.658,0.658,0.632,0.632,0.626,0.624,0.624,0.624,0.623,0.623,0.623,0.623,0.623,0.623,0.623,0.623,0.623,0.623,0.623,0.624,0.623,0.623,0.623,0.623,1.018
RGI60-16.00479,1.325,1.325,1.325,1.325,1.325,1.325,1.325,1.325,1.325,1.325,1.325,1.325,1.325,1.325,1.325,1.325,0.486,0.486,0.486,0.648,0.648,0.648,0.648,0.648,0.648,0.648,0.648,0.621,0.621,0.615,0.613,0.613,0.613,0.612,0.612,0.612,0.612,0.612,0.612,0.612,0.612,0.612,0.612,0.612,0.613,0.612,0.612,0.612,0.613,1.016
RGI60-16.00480,1.33,1.33,1.33,1.33,1.33,1.33,1.33,1.33,1.33,1.33,1.33,1.33,1.33,1.33,1.33,1.33,0.499,0.499,0.499,0.659,0.659,0.659,0.659,0.659,0.659,0.659,0.659,0.632,0.632,0.626,0.624,0.624,0.624,0.623,0.623,0.623,0.623,0.623,0.623,0.623,0.623,0.623,0.623,0.623,0.624,0.623,0.623,0.623,0.624,1.022
RGI60-16.00481,1.325,1.325,1.325,1.325,1.325,1.325,1.325,1.325,1.325,1.325,1.325,1.325,1.325,1.325,1.325,1.325,0.499,0.499,0.499,0.666,0.666,0.666,0.666,0.666,0.666,0.666,0.666,0.64,0.64,0.634,0.632,0.632,0.632,0.63,0.63,0.63,0.63,0.63,0.63,0.63,0.63,0.63,0.63,0.63,0.632,0.63,0.63,0.63,0.631,1.016
RGI60-16.00482,1.33,1.33,1.33,1.33,1.33,1.33,1.33,1.33,1.33,1.33,1.33,1.33,1.33,1.33,1.33,1.33,0.513,0.513,0.513,0.677,0.677,0.677,0.677,0.677,0.677,0.677,0.677,0.653,0.653,0.646,0.644,0.644,0.644,0.643,0.643,0.643,0.643,0.643,0.643,0.643,0.643,0.643,0.643,0.643,0.644,0.643,0.643,0.643,0.643,1.023
RGI60-16.00483,1.338,1.338,1.338,1.338,1.338,1.338,1.338,1.338,1.338,1.338,1.338,1.338,1.338,1.338,1.338,1.338,0.522,0.522,0.522,0.677,0.677,0.677,0.677,0.677,0.677,0.677,0.677,0.651,0.651,0.646,0.644,0.644,0.644,0.643,0.643,0.643,0.643,0.643,0.643,0.643,0.643,0.643,0.643,0.643,0.644,0.643,0.643,0.643,0.643,1.033
RGI60-16.00484,1.338,1.338,1.338,1.338,1.338,1.338,1.338,1.338,1.338,1.338,1.338,1.338,1.338,1.338,1.338,1.338,0.519,0.519,0.519,0.672,0.672,0.672,0.672,0.672,0.672,0.672,0.672,0.645,0.645,0.64,0.639,0.639,0.639,0.638,0.638,0.638,0.638,0.638,0.638,0.638,0.638,0.638,0.638,0.638,0.639,0.638,0.638,0.638,0.638,1.033
RGI60-16.00485,1.349,1.349,1.349,1.349,1.349,1.349,1.349,1.349,1.349,1.349,1.349,1.349,1.349,1.349,1.349,1.349,0.555,0.555,0.555,0.706,0.706,0.706,0.706,0.706,0.706,0.706,0.706,0.682,0.682,0.676,0.674,0.674,0.674,0.673,0.673,0.673,0.673,0.673,0.673,0.673,0.673,0.673,0.673,0.673,0.674,0.673,0.673,0.673,0.674,1.047
RGI60-16.00486,1.324,1.324,1.324,1.324,1.324,1.324,1.324,1.324,1.324,1.324,1.324,1.324,1.324,1.324,1.324,1.324,0.491,0.491,0.491,0.657,0.657,0.657,0.657,0.657,0.657,0.657,0.657,0.631,0.631,0.625,0.623,0.623,0.623,0.622,0.622,0.622,0.622,0.622,0.622,0.622,0.622,0.622,0.622,0.622,0.623,0.622,0.622,0.622,0.622,1.014
RGI60-16.00487,1.329,1.329,1.329,1.329,1.329,1.329,1.329,1.329,1.329,1.329,1.329,1.329,1.329,1.329,1.329,1.329,0.504,0.504,0.504,0.666,0.666,0.666,0.666,0.666,0.666,0.666,0.666,0.64,0.64,0.634,0.632,0.632,0.632,0.631,0.631,0.631,0.631,0.631,0.631,0.631,0.631,0.631,0.631,0.631,0.632,0.631,0.631,0.631,0.632,1.021
RGI60-16.00488,1.336,1.336,1.336,1.336,1.336,1.336,1.336,1.336,1.336,1.336,1.336,1.336,1.336,1.336,1.336,1.336,0.509,0.509,0.509,0.664,0.664,0.664,0.664,0.664,0.664,0.664,0.664,0.637,0.637,0.632,0.63,0.63,0.63,0.629,0.629,0.629,0.629,0.629,0.629,0.629,0.629,0.629,0.629,0.629,0.63,0.629,0.629,0.629,0.629,1.03
RGI60-16.00489,1.4,1.4,1.4,1.4,1.4,1.4,1.4,1.4,1.4,1.4,1.4,1.4,1.4,1.4,1.4,1.4,0.725,0.725,0.725,0.879,0.879,0.879,0.879,0.879,0.879,0.879,0.879,0.865,0.865,0.855,0.851,0.851,0.851,0.849,0.849,0.849,0.849,0.849,0.849,0.849,0.849,0.849,0.849,0.849,0.851,0.849,0.849,0.849,0.851,1.112
RGI60-16.00490,1.463,1.463,1.463,1.463,1.463,1.463,1.463,1.463,1.463,1.463,1.463,1.463,1.463,1.463,1.463,1.463,0.778,0.778,0.778,0.883,0.883,0.883,0.883,0.883,0.883,0.883,0.883,0.862,0.862,0.859,0.858,0.858,0.858,0.857,0.857,0.857,0.857,0.857,0.857,0.857,0.857,0.857,0.857,0.857,0.858,0.857,0.857,0.857,0.857,1.19
RGI60-16.00491,1.339,1.339,1.339,1.339,1.339,1.339,1.339,1.339,1.339,1.339,1.339,1.339,1.339,1.339,1.339,1.339,0.509,0.509,0.509,0.658,0.658,0.658,0.658,0.658,0.658,0.658,0.658,0.629,0.629,0.625,0.623,0.623,0.623,0.622,0.622,0.622,0.622,0.622,0.622,0.622,0.622,0.622,0.622,0.622,0.623,0.622,0.622,0.622,0.623,1.034
RGI60-16.00492,1.455,1.455,1.455,1.455,1.455,1.455,1.455,1.455,1.455,1.455,1.455,1.455,1.455,1.455,1.455,1.455,0.765,0.765,0.765,0.873,0.873,0.873,0.873,0.873,0.873,0.873,0.873,0.852,0.852,0.848,0.847,0.847,0.847,0.847,0.847,0.847,0.847,0.847,0.847,0.847,0.847,0.847,0.847,0.847,0.847,0.847,0.847,0.847,0.847,1.18
RGI60-16.00493,1.324,1.324,1.324,1.324,1.324,1.324,1.324,1.324,1.324,1.324,1.324,1.324,1.324,1.324,1.324,1.324,0.473,0.473,0.473,0.633,0.633,0.633,0.633,0.633,0.633,0.633,0.633,0.604,0.604,0.599,0.597,0.597,0.597,0.596,0.596,0.596,0.596,0.596,0.596,0.596,0.596,0.596,0.596,0.596,0.597,0.596,0.596,0.596,0.597,1.015
RGI60-16.00494,1.426,1.426,1.426,1.426,1.426,1.426,1.426,1.426,1.426,1.426,1.426,1.426,1.426,1.426,1.426,1.426,0.771,0.771,0.771,0.916,0.916,0.916,0.916,0.916,0.916,0.916,0.916,0.902,0.902,0.893,0.889,0.889,0.889,0.888,0.888,0.888,0.888,0.888,0.888,0.888,0.888,0.888,0.888,0.888,0.889,0.888,0.888,0.888,0.889,1.145
RGI60-16.00495,1.418,1.418,1.418,1.418,1.418,1.418,1.418,1.418,1.418,1.418,1.418,1.418,1.418,1.418,1.418,1.418,0.677,0.677,0.677,0.786,0.786,0.786,0.786,0.786,0.786,0.786,0.786,0.761,0.761,0.758,0.757,0.757,0.757,0.757,0.757,0.757,0.757,0.757,0.757,0.757,0.757,0.757,0.757,0.757,0.757,0.757,0.757,0.757,0.757,1.134
RGI60-16.00496,1.324,1.324,1.324,1.324,1.324,1.324,1.324,1.324,1.324,1.324,1.324,1.324,1.324,1.324,1.324,1.324,0.456,0.456,0.456,0.611,0.611,0.611,0.611,0.611,0.611,0.611,0.611,0.579,0.579,0.575,0.573,0.573,0.573,0.572,0.572,0.572,0.572,0.572,0.572,0.572,0.572,0.572,0.572,0.572,0.573,0.572,0.572,0.572,0.573,1.014
RGI60-16.00497,1.372,1.372,1.372,1.372,1.372,1.372,1.372,1.372,1.372,1.372,1.372,1.372,1.372,1.372,1.372,1.372,0.577,0.577,0.577,0.703,0.703,0.703,0.703,0.703,0.703,0.703,0.703,0.675,0.675,0.672,0.671,0.671,0.671,0.67,0.67,0.67,0.67,0.67,0.67,0.67,0.67,0.67,0.67,0.67,0.671,0.67,0.67,0.67,0.671,1.076
RGI60-16.00498,1.327,1.327,1.327,1.327,1.327,1.327,1.327,1.327,1.327,1.327,1.327,1.327,1.327,1.327,1.327,1.327,0.463,0.463,0.463,0.615,0.615,0.615,0.615,0.615,0.615,0.615,0.615,0.583,0.583,0.579,0.577,0.577,0.577,0.577,0.577,0.577,0.577,0.577,0.577,0.577,0.577,0.577,0.577,0.577,0.577,0.577,0.577,0.577,0.577,1.019
RGI60-16.00499,1.334,1.334,1.334,1.334,1.334,1.334,1.334,1.334,1.334,1.334,1.334,1.334,1.334,1.334,1.334,1.334,0.49,0.49,0.49,0.64,0.64,0.64,0.64,0.64,0.64,0.64,0.64,0.61,0.61,0.606,0.604,0.604,0.604,0.603,0.603,0.603,0.603,0.603,0.603,0.603,0.603,0.603,0.603,0.603,0.604,0.603,0.603,0.603,0.604,1.028
RGI60-16.00500,1.325,1.325,1.325,1.325,1.325,1.325,1.325,1.325,1.325,1.325,1.325,1.325,1.325,1.325,1.325,1.325,0.465,0.465,0.465,0.621,0.621,0.621,0.621,0.621,0.621,0.621,0.621,0.59,0.59,0.586,0.584,0.584,0.584,0.583,0.583,0.583,0.583,0.583,0.583,0.583,0.583,0.583,0.583,0.583,0.584,0.583,0.583,0.583,0.584,1.016
RGI60-16.00501,1.325,1.325,1.325,1.325,1.325,1.325,1.325,1.325,1.325,1.325,1.325,1.325,1.325,1.325,1.325,1.325,0.456,0.456,0.456,0.608,0.608,0.608,0.608,0.608,0.608,0.608,0.608,0.575,0.575,0.572,0.57,0.57,0.57,0.569,0.569,0.569,0.569,0.569,0.569,0.569,0.569,0.569,0.569,0.569,0.57,0.569,0.569,0.569,0.57,1.016
RGI60-16.00502,1.332,1.332,1.332,1.332,1.332,1.332,1.332,1.332,1.332,1.332,1.332,1.332,1.332,1.332,1.332,1.332,0.475,0.475,0.475,0.624,0.624,0.624,0.624,0.624,0.624,0.624,0.624,0.592,0.592,0.588,0.587,0.587,0.587,0.586,0.586,0.586,0.586,0.586,0.586,0.586,0.586,0.586,0.586,0.586,0.587,0.586,0.586,0.586,0.587,1.025
RGI60-16.00503,1.327,1.327,1.327,1.327,1.327,1.327,1.327,1.327,1.327,1.327,1.327,1.327,1.327,1.327,1.327,1.327,0.466,0.466,0.466,0.619,0.619,0.619,0.619,0.619,0.619,0.619,0.619,0.588,0.588,0.584,0.582,0.582,0.582,0.582,0.582,0.582,0.582,0.582,0.582,0.582,0.582,0.582,0.582,0.582,0.582,0.582,0.582,0.582,0.582,1.018
RGI60-16.00504,1.339,1.339,1.339,1.339,1.339,1.339,1.339,1.339,1.339,1.339,1.339,1.339,1.339,1.339,1.339,1.339,0.501,0.501,0.501,0.646,0.646,0.646,0.646,0.646,0.646,0.646,0.646,0.616,0.616,0.612,0.611,0.611,0.611,0.61,0.61,0.61,0.61,0.61,0.61,0.61,0.61,0.61,0.61,0.61,0.611,0.61,0.61,0.61,0.611,1.035
RGI60-16.00505,1.353,1.353,1.353,1.353,1.353,1.353,1.353,1.353,1.353,1.353,1.353,1.353,1.353,1.353,1.353,1.353,0.51,0.51,0.51,0.635,0.635,0.635,0.635,0.635,0.635,0.635,0.635,0.602,0.602,0.6,0.599,0.599,0.599,0.598,0.598,0.598,0.598,0.598,0.598,0.598,0.598,0.598,0.598,0.598,0.599,0.598,0.598,0.598,0.598,1.052
RGI60-16.00506,1.339,1.339,1.339,1.339,1.339,1.339,1.339,1.339,1.339,1.339,1.339,1.339,1.339,1.339,1.339,1.339,0.457,0.457,0.457,0.584,0.584,0.584,0.584,0.584,0.584,0.584,0.584,0.546,0.546,0.544,0.543,0.543,0.543,0.543,0.543,0.543,0.543,0.543,0.543,0.543,0.543,0.543,0.543,0.543,0.543,0.543,0.543,0.543,0.543,1.034
RGI60-16.00507,1.445,1.445,1.445,1.445,1.445,1.445,1.445,1.445,1.445,1.445,1.445,1.445,1.445,1.445,1.445,1.445,0.709,0.709,0.709,0.797,0.797,0.797,0.797,0.797,0.797,0.797,0.797,0.769,0.769,0.768,0.767,0.767,0.767,0.767,0.767,0.767,0.767,0.767,0.767,0.767,0.767,0.767,0.767,0.767,0.767,0.767,0.767,0.767,0.767,1.168
RGI60-16.00508,1.34,1.34,1.34,1.34,1.34,1.34,1.34,1.34,1.34,1.34,1.34,1.34,1.34,1.34,1.34,1.34,0.458,0.458,0.458,0.584,0.584,0.584,0.584,0.584,0.584,0.584,0.584,0.546,0.546,0.544,0.543,0.543,0.543,0.543,0.543,0.543,0.543,0.543,0.543,0.543,0.543,0.543,0.543,0.543,0.543,0.543,0.543,0.543,0.543,1.035
RGI60-16.00509,1.346,1.346,1.346,1.346,1.346,1.346,1.346,1.346,1.346,1.346,1.346,1.346,1.346,1.346,1.346,1.346,0.476,0.476,0.476,0.598,0.598,0.598,0.598,0.598,0.598,0.598,0.598,0.561,0.561,0.559,0.558,0.558,0.558,0.558,0.558,0.558,0.558,0.558,0.558,0.558,0.558,0.558,0.558,0.558,0.558,0.558,0.558,0.558,0.558,1.044
RGI60-16.00510,1.345,1.345,1.345,1.345,1.345,1.345,1.345,1.345,1.345,1.345,1.345,1.345,1.345,1.345,1.345,1.345,0.484,0.484,0.484,0.613,0.613,0.613,0.613,0.613,0.613,0.613,0.613,0.578,0.578,0.575,0.574,0.574,0.574,0.574,0.574,0.574,0.574,0.574,0.574,0.574,0.574,0.574,0.574,0.574,0.574,0.574,0.574,0.574,0.574,1.042
RGI60-16.00511,1.328,1.328,1.328,1.328,1.328,1.328,1.328,1.328,1.328,1.328,1.328,1.328,1.328,1.328,1.328,1.328,0.43,0.43,0.43,0.567,0.567,0.567,0.567,0.567,0.567,0.567,0.567,0.528,0.528,0.526,0.525,0.525,0.525,0.524,0.524,0.524,0.524,0.524,0.524,0.524,0.524,0.524,0.524,0.524,0.525,0.524,0.524,0.524,0.525,1.02
RGI60-16.00512,1.46,1.46,1.46,1.46,1.46,1.46,1.46,1.46,1.46,1.46,1.46,1.46,1.46,1.46,1.46,1.46,0.835,0.835,0.835,0.971,0.971,0.971,0.971,0.971,0.971,0.971,0.971,0.959,0.959,0.95,0.946,0.946,0.946,0.945,0.945,0.945,0.945,0.945,0.945,0.945,0.945,0.945,0.945,0.945,0.946,0.945,0.945,0.945,0.946,1.187
RGI60-16.00513,1.366,1.366,1.366,1.366,1.366,1.366,1.366,1.366,1.366,1.366,1.366,1.366,1.366,1.366,1.366,1.366,0.517,0.517,0.517,0.622,0.622,0.622,0.622,0.622,0.622,0.622,0.622,0.585,0.585,0.584,0.583,0.583,0.583,0.583,0.583,0.583,0.583,0.583,0.583,0.583,0.583,0.583,0.583,0.583,0.583,0.583,0.583,0.583,0.583,1.069
RGI60-16.00514,1.36,1.36,1.36,1.36,1.36,1.36,1.36,1.36,1.36,1.36,1.36,1.36,1.36,1.36,1.36,1.36,0.502,0.502,0.502,0.603,0.603,0.603,0.603,0.603,0.603,0.603,0.603,0.592,0.592,0.59,0.59,0.59,0.59,0.59,0.59,0.59,0.59,0.59,0.59,0.59,0.59,0.59,0.59,0.59,0.59,0.59,0.59,0.59,0.59,1.061
RGI60-16.00515,1.39,1.39,1.39,1.39,1.39,1.39,1.39,1.39,1.39,1.39,1.39,1.39,1.39,1.39,1.39,1.39,0.583,0.583,0.583,0.682,0.682,0.682,0.682,0.682,0.682,0.682,0.682,0.649,0.649,0.648,0.647,0.647,0.647,0.647,0.647,0.647,0.647,0.647,0.647,0.647,0.647,0.647,0.647,0.647,0.647,0.647,0.647,0.647,0.647,1.099
RGI60-16.00516,1.323,1.323,1.323,1.323,1.323,1.323,1.323,1.323,1.323,1.323,1.323,1.323,1.323,1.323,1.323,1.323,0.397,0.397,0.397,0.533,0.533,0.533,0.533,0.533,0.533,0.533,0.533,0.489,0.489,0.488,0.487,0.487,0.487,0.486,0.486,0.486,0.486,0.486,0.486,0.486,0.486,0.486,0.486,0.486,0.487,0.486,0.486,0.486,0.487,1.013
RGI60-16.00517,1.382,1.382,1.382,1.382,1.382,1.382,1.382,1.382,1.382,1.382,1.382,1.382,1.382,1.382,1.382,1.382,0.564,0.564,0.564,0.667,0.667,0.667,0.667,0.667,0.667,0.667,0.667,0.633,0.633,0.632,0.631,0.631,0.631,0.631,0.631,0.631,0.631,0.631,0.631,0.631,0.631,0.631,0.631,0.631,0.631,0.631,0.631,0.631,0.631,1.089
RGI60-16.00518,1.346,1.346,1.346,1.346,1.346,1.346,1.346,1.346,1.346,1.346,1.346,1.346,1.346,1.346,1.346,1.346,0.469,0.469,0.469,0.587,0.587,0.587,0.587,0.587,0.587,0.587,0.587,0.548,0.548,0.547,0.546,0.546,0.546,0.546,0.546,0.546,0.546,0.546,0.546,0.546,0.546,0.546,0.546,0.546,0.546,0.546,0.546,0.546,0.546,1.044
RGI60-16.00519,1.352,1.352,1.352,1.352,1.352,1.352,1.352,1.352,1.352,1.352,1.352,1.352,1.352,1.352,1.352,1.352,0.486,0.486,0.486,0.6,0.6,0.6,0.6,0.6,0.6,0.6,0.6,0.562,0.562,0.561,0.56,0.56,0.56,0.56,0.56,0.56,0.56,0.56,0.56,0.56,0.56,0.56,0.56,0.56,0.56,0.56,0.56,0.56,0.56,1.052
RGI60-16.00520,1.46,1.46,1.46,1.46,1.46,1.46,1.46,1.46,1.46,1.46,1.46,1.46,1.46,1.46,1.46,1.46,0.733,0.733,0.733,0.812,0.812,0.812,0.812,0.812,0.812,0.812,0.812,0.785,0.785,0.784,0.783,0.783,0.783,0.783,0.783,0.783,0.783,0.783,0.783,0.783,0.783,0.783,0.783,0.783,0.783,0.783,0.783,0.783,0.783,1.187
RGI60-16.00521,1.521,1.521,1.521,1.521,1.521,1.521,1.521,1.521,1.521,1.521,1.521,1.521,1.521,1.521,1.521,1.521,0.849,0.849,0.849,0.919,0.919,0.919,0.919,0.919,0.919,0.919,0.919,0.895,0.895,0.894,0.893,0.893,0.893,0.893,0.893,0.893,0.893,0.893,0.893,0.893,0.893,0.893,0.893,0.893,0.893,0.893,0.893,0.893,0.893,1.261
RGI60-16.00522,1.348,1.348,1.348,1.348,1.348,1.348,1.348,1.348,1.348,1.348,1.348,1.348,1.348,1.348,1.348,1.348,0.47,0.47,0.47,0.586,0.586,0.586,0.586,0.586,0.586,0.586,0.586,0.547,0.547,0.546,0.545,0.545,0.545,0.545,0.545,0.545,0.545,0.545,0.545,0.545,0.545,0.545,0.545,0.545,0.545,0.545,0.545,0.545,0.545,1.046
RGI60-16.00523,1.325,1.325,1.325,1.325,1.325,1.325,1.325,1.325,1.325,1.325,1.325,1.325,1.325,1.325,1.325,1.325,0.404,0.404,0.404,0.538,0.538,0.538,0.538,0.538,0.538,0.538,0.538,0.495,0.495,0.493,0.493,0.493,0.493,0.492,0.492,0.492,0.492,0.492,0.492,0.492,0.492,0.492,0.492,0.492,0.493,0.492,0.492,0.492,0.492,1.015
RGI60-16.00524,1.35,1.35,1.35,1.35,1.35,1.35,1.35,1.35,1.35,1.35,1.35,1.35,1.35,1.35,1.35,1.35,0.482,0.482,0.482,0.598,0.598,0.598,0.598,0.598,0.598,0.598,0.598,0.56,0.56,0.559,0.558,0.558,0.558,0.557,0.557,0.557,0.557,0.557,0.557,0.557,0.557,0.557,0.557,0.557,0.558,0.557,0.557,0.557,0.558,1.049
RGI60-16.00525,1.381,1.381,1.381,1.381,1.381,1.381,1.381,1.381,1.381,1.381,1.381,1.381,1.381,1.381,1.381,1.381,0.683,0.683,0.683,0.842,0.842,0.842,0.842,0.842,0.842,0.842,0.842,0.826,0.826,0.816,0.813,0.813,0.813,0.811,0.811,0.811,0.811,0.811,0.811,0.811,0.811,0.811,0.811,0.811,0.813,0.811,0.811,0.811,0.812,1.089
RGI60-16.00526,1.342,1.342,1.342,1.342,1.342,1.342,1.342,1.342,1.342,1.342,1.342,1.342,1.342,1.342,1.342,1.342,0.379,0.379,0.379,0.458,0.458,0.458,0.458,0.458,0.458,0.458,0.458,0.396,0.396,0.396,0.396,0.396,0.396,0.396,0.396,0.396,0.396,0.396,0.396,0.396,0.396,0.396,0.396,0.396,0.396,0.396,0.396,0.396,0.396,1.038
RGI60-16.00527,1.337,1.337,1.337,1.337,1.337,1.337,1.337,1.337,1.337,1.337,1.337,1.337,1.337,1.337,1.337,1.337,0.35,0.35,0.35,0.424,0.424,0.424,0.424,0.424,0.424,0.424,0.424,0.362,0.362,0.362,0.362,0.362,0.362,0.362,0.362,0.362,0.362,0.362,0.362,0.362,0.362,0.362,0.362,0.362,0.362,0.362,0.362,0.362,0.362,1.032
RGI60-16.00528,1.332,1.332,1.332,1.332,1.332,1.332,1.332,1.332,1.332,1.332,1.332,1.332,1.332,1.332,1.332,1.332,0.338,0.338,0.338,0.42,0.42,0.42,0.42,0.42,0.42,0.42,0.42,0.351,0.351,0.35,0.35,0.35,0.35,0.35,0.35,0.35,0.35,0.35,0.35,0.35,0.35,0.35,0.35,0.35,0.35,0.35,0.35,0.35,0.35,1.025
RGI60-16.00529,1.364,1.364,1.364,1.364,1.364,1.364,1.364,1.364,1.364,1.364,1.364,1.364,1.364,1.364,1.364,1.364,0.454,0.454,0.454,0.525,0.525,0.525,0.525,0.525,0.525,0.525,0.525,0.473,0.473,0.473,0.473,0.473,0.473,0.472,0.472,0.472,0.472,0.472,0.472,0.472,0.472,0.472,0.472,0.472,0.473,0.472,0.472,0.472,0.473,1.066
RGI60-16.00530,1.34,1.34,1.34,1.34,1.34,1.34,1.34,1.34,1.34,1.34,1.34,1.34,1.34,1.34,1.34,1.34,0.378,0.378,0.378,0.461,0.461,0.461,0.461,0.461,0.461,0.461,0.461,0.4,0.4,0.4,0.399,0.399,0.399,0.399,0.399,0.399,0.399,0.399,0.399,0.399,0.399,0.399,0.399,0.399,0.399,0.399,0.399,0.399,0.399,1.036
RGI60-16.00531,1.328,1.328,1.328,1.328,1.328,1.328,1.328,1.328,1.328,1.328,1.328,1.328,1.328,1.328,1.328,1.328,0.318,0.318,0.318,0.4,0.4,0.4,0.4,0.4,0.4,0.4,0.4,0.327,0.327,0.327,0.327,0.327,0.327,0.327,0.327,0.327,0.327,0.327,0.327,0.327,0.327,0.327,0.327,0.327,0.327,0.327,0.327,0.327,0.327,1.02
RGI60-16.00532,1.327,1.327,1.327,1.327,1.327,1.327,1.327,1.327,1.327,1.327,1.327,1.327,1.327,1.327,1.327,1.327,0.307,0.307,0.307,0.389,0.389,0.389,0.389,0.389,0.389,0.389,0.389,0.309,0.309,0.309,0.309,0.309,0.309,0.309,0.309,0.309,0.309,0.309,0.309,0.309,0.309,0.309,0.309,0.309,0.309,0.309,0.309,0.309,0.309,1.018
RGI60-16.00533,1.328,1.328,1.328,1.328,1.328,1.328,1.328,1.328,1.328,1.328,1.328,1.328,1.328,1.328,1.328,1.328,0.32,0.32,0.32,0.404,0.404,0.404,0.404,0.404,0.404,0.404,0.404,0.365,0.365,0.365,0.364,0.364,0.364,0.364,0.364,0.364,0.364,0.364,0.364,0.364,0.364,0.364,0.364,0.364,0.364,0.364,0.364,0.364,0.364,1.02
RGI60-16.00534,1.347,1.347,1.347,1.347,1.347,1.347,1.347,1.347,1.347,1.347,1.347,1.347,1.347,1.347,1.347,1.347,0.397,0.397,0.397,0.473,0.473,0.473,0.473,0.473,0.473,0.473,0.473,0.435,0.435,0.435,0.435,0.435,0.435,0.435,0.435,0.435,0.435,0.435,0.435,0.435,0.435,0.435,0.435,0.435,0.435,0.435,0.435,0.435,0.435,1.044
RGI60-16.00535,1.34,1.34,1.34,1.34,1.34,1.34,1.34,1.34,1.34,1.34,1.34,1.34,1.34,1.34,1.34,1.34,0.371,0.371,0.371,0.449,0.449,0.449,0.449,0.449,0.449,0.449,0.449,0.41,0.41,0.41,0.41,0.41,0.41,0.41,0.41,0.41,0.41,0.41,0.41,0.41,0.41,0.41,0.41,0.41,0.41,0.41,0.41,0.41,0.41,1.036
RGI60-16.00536,1.741,1.741,1.741,1.741,1.741,1.741,1.741,1.741,1.741,1.741,1.741,1.741,1.741,1.741,1.741,1.741,1.167,1.167,1.167,1.189,1.189,1.189,1.189,1.189,1.189,1.189,1.189,1.184,1.184,1.184,1.184,1.184,1.184,1.184,1.184,1.184,1.184,1.184,1.184,1.184,1.184,1.184,1.184,1.184,1.184,1.184,1.184,1.184,1.184,1.519
RGI60-16.00537,1.581,1.581,1.581,1.581,1.581,1.581,1.581,1.581,1.581,1.581,1.581,1.581,1.581,1.581,1.581,1.581,1.03,1.03,1.03,1.143,1.143,1.143,1.143,1.143,1.143,1.143,1.143,1.132,1.132,1.125,1.122,1.122,1.122,1.121,1.121,1.121,1.121,1.121,1.121,1.121,1.121,1.121,1.121,1.121,1.122,1.121,1.121,1.121,1.121,1.332
RGI60-16.00538,1.337,1.337,1.337,1.337,1.337,1.337,1.337,1.337,1.337,1.337,1.337,1.337,1.337,1.337,1.337,1.337,0.591,0.591,0.591,0.771,0.771,0.771,0.771,0.771,0.771,0.771,0.771,0.755,0.755,0.743,0.739,0.739,0.739,0.737,0.737,0.737,0.737,0.737,0.737,0.737,0.737,0.737,0.737,0.737,0.739,0.737,0.737,0.737,0.739,1.032
RGI60-16.00539,1.33,1.33,1.33,1.33,1.33,1.33,1.33,1.33,1.33,1.33,1.33,1.33,1.33,1.33,1.33,1.33,0.315,0.315,0.315,0.388,0.388,0.388,0.388,0.388,0.388,0.388,0.388,0.373,0.373,0.373,0.372,0.372,0.372,0.372,0.372,0.372,0.372,0.372,0.372,0.372,0.372,0.372,0.372,0.372,0.372,0.372,0.372,0.372,0.372,1.023
RGI60-16.00540,1.321,1.321,1.321,1.321,1.321,1.321,1.321,1.321,1.321,1.321,1.321,1.321,1.321,1.321,1.321,1.321,0.261,0.261,0.261,0.337,0.337,0.337,0.337,0.337,0.337,0.337,0.337,0.321,0.321,0.321,0.321,0.321,0.321,0.321,0.321,0.321,0.321,0.321,0.321,0.321,0.321,0.321,0.321,0.321,0.321,0.321,0.321,0.321,0.321,1.011
RGI60-16.00541,1.322,1.322,1.322,1.322,1.322,1.322,1.322,1.322,1.322,1.322,1.322,1.322,1.322,1.322,1.322,1.322,0.259,0.259,0.259,0.331,0.331,0.331,0.331,0.331,0.331,0.331,0.331,0.312,0.312,0.312,0.312,0.312,0.312,0.312,0.312,0.312,0.312,0.312,0.312,0.312,0.312,0.312,0.312,0.312,0.312,0.312,0.312,0.312,0.312,1.012
RGI60-16.00542,1.324,1.324,1.324,1.324,1.324,1.324,1.324,1.324,1.324,1.324,1.324,1.324,1.324,1.324,1.324,1.324,0.275,0.275,0.275,0.348,0.348,0.348,0.348,0.348,0.348,0.348,0.348,0.331,0.331,0.331,0.331,0.331,0.331,0.331,0.331,0.331,0.331,0.331,0.331,0.331,0.331,0.331,0.331,0.331,0.331,0.331,0.331,0.331,0.331,1.014
RGI60-16.00543,1.401,1.401,1.401,1.401,1.401,1.401,1.401,1.401,1.401,1.401,1.401,1.401,1.401,1.401,1.401,1.401,0.489,0.489,0.489,0.489,0.489,0.489,0.489,0.489,0.489,0.489,0.489,0.489,0.489,0.489,0.489,0.489,0.489,0.489,0.489,0.489,0.489,0.489,0.489,0.489,0.489,0.489,0.489,0.489,0.489,0.489,0.489,0.489,0.489,1.113
RGI60-16.00544,1.371,1.371,1.371,1.371,1.371,1.371,1.371,1.371,1.371,1.371,1.371,1.371,1.371,1.371,1.371,1.371,0.444,0.444,0.444,0.489,0.489,0.489,0.489,0.489,0.489,0.489,0.489,0.471,0.471,0.471,0.471,0.471,0.471,0.471,0.471,0.471,0.471,0.471,0.471,0.471,0.471,0.471,0.471,0.471,0.471,0.471,0.471,0.471,0.471,1.075
RGI60-16.00545,1.324,1.324,1.324,1.324,1.324,1.324,1.324,1.324,1.324,1.324,1.324,1.324,1.324,1.324,1.324,1.324,0.278,0.278,0.278,0.352,0.352,0.352,0.352,0.352,0.352,0.352,0.352,0.332,0.332,0.332,0.332,0.332,0.332,0.332,0.332,0.332,0.332,0.332,0.332,0.332,0.332,0.332,0.332,0.332,0.332,0.332,0.332,0.332,0.332,1.015
RGI60-16.00546,1.32,1.32,1.32,1.32,1.32,1.32,1.32,1.32,1.32,1.32,1.32,1.32,1.32,1.32,1.32,1.32,0.246,0.246,0.246,0.318,0.318,0.318,0.318,0.318,0.318,0.318,0.318,0.298,0.298,0.298,0.298,0.298,0.298,0.298,0.298,0.298,0.298,0.298,0.298,0.298,0.298,0.298,0.298,0.298,0.298,0.298,0.298,0.298,0.298,1.01
RGI60-16.00547,1.343,1.343,1.343,1.343,1.343,1.343,1.343,1.343,1.343,1.343,1.343,1.343,1.343,1.343,1.343,1.343,0.364,0.364,0.364,0.429,0.429,0.429,0.429,0.429,0.429,0.429,0.429,0.415,0.415,0.415,0.415,0.415,0.415,0.415,0.415,0.415,0.415,0.415,0.415,0.415,0.415,0.415,0.415,0.415,0.415,0.415,0.415,0.415,0.415,1.039
RGI60-16.00548,1.329,1.329,1.329,1.329,1.329,1.329,1.329,1.329,1.329,1.329,1.329,1.329,1.329,1.329,1.329,1.329,0.3,0.3,0.3,0.368,0.368,0.368,0.368,0.368,0.368,0.368,0.368,0.353,0.353,0.353,0.353,0.353,0.353,0.353,0.353,0.353,0.353,0.353,0.353,0.353,0.353,0.353,0.353,0.353,0.353,0.353,0.353,0.353,0.353,1.021
RGI60-16.00549,1.322,1.322,1.322,1.322,1.322,1.322,1.322,1.322,1.322,1.322,1.322,1.322,1.322,1.322,1.322,1.322,0.292,0.292,0.292,0.378,0.378,0.378,0.378,0.378,0.378,0.378,0.378,0.363,0.363,0.363,0.362,0.362,0.362,0.362,0.362,0.362,0.362,0.362,0.362,0.362,0.362,0.362,0.362,0.362,0.362,0.362,0.362,0.362,0.362,1.013
RGI60-16.00550,1.327,1.327,1.327,1.327,1.327,1.327,1.327,1.327,1.327,1.327,1.327,1.327,1.327,1.327,1.327,1.327,0.323,0.323,0.323,0.411,0.411,0.411,0.411,0.411,0.411,0.411,0.411,0.397,0.397,0.396,0.396,0.396,0.396,0.396,0.396,0.396,0.396,0.396,0.396,0.396,0.396,0.396,0.396,0.396,0.396,0.396,0.396,0.396,0.396,1.018
RGI60-16.00551,1.419,1.419,1.419,1.419,1.419,1.419,1.419,1.419,1.419,1.419,1.419,1.419,1.419,1.419,1.419,1.419,0.607,0.607,0.607,0.667,0.667,0.667,0.667,0.667,0.667,0.667,0.667,0.65,0.65,0.65,0.65,0.65,0.65,0.649,0.649,0.649,0.649,0.649,0.649,0.649,0.649,0.649,0.649,0.649,0.65,0.649,0.649,0.649,0.65,1.136
RGI60-16.00552,1.36,1.36,1.36,1.36,1.36,1.36,1.36,1.36,1.36,1.36,1.36,1.36,1.36,1.36,1.36,1.36,0.457,0.457,0.457,0.535,0.535,0.535,0.535,0.535,0.535,0.535,0.535,0.513,0.513,0.513,0.513,0.513,0.513,0.512,0.512,0.512,0.512,0.512,0.512,0.512,0.512,0.512,0.512,0.512,0.513,0.512,0.512,0.512,0.512,1.062
RGI60-16.00553,1.332,1.332,1.332,1.332,1.332,1.332,1.332,1.332,1.332,1.332,1.332,1.332,1.332,1.332,1.332,1.332,0.424,0.424,0.424,0.544,0.544,0.544,0.544,0.544,0.544,0.544,0.544,0.531,0.531,0.528,0.528,0.528,0.528,0.527,0.527,0.527,0.527,0.527,0.527,0.527,0.527,0.527,0.527,0.527,0.528,0.527,0.527,0.527,0.527,1.025
RGI60-16.00554,1.354,1.354,1.354,1.354,1.354,1.354,1.354,1.354,1.354,1.354,1.354,1.354,1.354,1.354,1.354,1.354,0.625,0.625,0.625,0.794,0.794,0.794,0.794,0.794,0.794,0.794,0.794,0.778,0.778,0.768,0.764,0.764,0.764,0.762,0.762,0.762,0.762,0.762,0.762,0.762,0.762,0.762,0.762,0.762,0.764,0.762,0.762,0.762,0.763,1.054
RGI60-16.00555,1.462,1.462,1.462,1.462,1.462,1.462,1.462,1.462,1.462,1.462,1.462,1.462,1.462,1.462,1.462,1.462,0.832,0.832,0.832,0.966,0.966,0.966,0.966,0.966,0.966,0.966,0.966,0.952,0.952,0.944,0.941,0.941,0.941,0.939,0.939,0.939,0.939,0.939,0.939,0.939,0.939,0.939,0.939,0.939,0.941,0.939,0.939,0.939,0.94,1.189
RGI60-16.00556,1.56,1.56,1.56,1.56,1.56,1.56,1.56,1.56,1.56,1.56,1.56,1.56,1.56,1.56,1.56,1.56,0.995,0.995,0.995,1.11,1.11,1.11,1.11,1.11,1.11,1.11,1.11,1.099,1.099,1.091,1.089,1.089,1.089,1.087,1.087,1.087,1.087,1.087,1.087,1.087,1.087,1.087,1.087,1.087,1.089,1.087,1.087,1.087,1.088,1.307
RGI60-16.00557,1.331,1.331,1.331,1.331,1.331,1.331,1.331,1.331,1.331,1.331,1.331,1.331,1.331,1.331,1.331,1.331,0.574,0.574,0.574,0.756,0.756,0.756,0.756,0.756,0.756,0.756,0.756,0.739,0.739,0.727,0.724,0.724,0.724,0.722,0.722,0.722,0.722,0.722,0.722,0.722,0.722,0.722,0.722,0.722,0.724,0.722,0.722,0.722,0.723,1.024
RGI60-16.00558,1.334,1.334,1.334,1.334,1.334,1.334,1.334,1.334,1.334,1.334,1.334,1.334,1.334,1.334,1.334,1.334,0.581,0.581,0.581,0.761,0.761,0.761,0.761,0.761,0.761,0.761,0.761,0.744,0.744,0.733,0.729,0.729,0.729,0.727,0.727,0.727,0.727,0.727,0.727,0.727,0.727,0.727,0.727,0.727,0.729,0.727,0.727,0.727,0.728,1.027
RGI60-16.00559,1.408,1.408,1.408,1.408,1.408,1.408,1.408,1.408,1.408,1.408,1.408,1.408,1.408,1.408,1.408,1.408,0.736,0.736,0.736,0.886,0.886,0.886,0.886,0.886,0.886,0.886,0.886,0.871,0.871,0.862,0.858,0.858,0.858,0.857,0.857,0.857,0.857,0.857,0.857,0.857,0.857,0.857,0.857,0.857,0.858,0.857,0.857,0.857,0.858,1.122
RGI60-16.00560,1.328,1.328,1.328,1.328,1.328,1.328,1.328,1.328,1.328,1.328,1.328,1.328,1.328,1.328,1.328,1.328,0.567,0.567,0.567,0.75,0.75,0.75,0.75,0.75,0.75,0.75,0.75,0.733,0.733,0.722,0.718,0.718,0.718,0.716,0.716,0.716,0.716,0.716,0.716,0.716,0.716,0.716,0.716,0.716,0.718,0.716,0.716,0.716,0.717,1.02
RGI60-16.00561,1.389,1.389,1.389,1.389,1.389,1.389,1.389,1.389,1.389,1.389,1.389,1.389,1.389,1.389,1.389,1.389,0.583,0.583,0.583,0.676,0.676,0.676,0.676,0.676,0.676,0.676,0.676,0.665,0.665,0.664,0.663,0.663,0.663,0.663,0.663,0.663,0.663,0.663,0.663,0.663,0.663,0.663,0.663,0.663,0.663,0.663,0.663,0.663,0.663,1.098
RGI60-16.00562,1.36,1.36,1.36,1.36,1.36,1.36,1.36,1.36,1.36,1.36,1.36,1.36,1.36,1.36,1.36,1.36,0.518,0.518,0.518,0.627,0.627,0.627,0.627,0.627,0.627,0.627,0.627,0.616,0.616,0.614,0.613,0.613,0.613,0.613,0.613,0.613,0.613,0.613,0.613,0.613,0.613,0.613,0.613,0.613,0.613,0.613,0.613,0.613,0.613,1.061
RGI60-16.00563,1.363,1.363,1.363,1.363,1.363,1.363,1.363,1.363,1.363,1.363,1.363,1.363,1.363,1.363,1.363,1.363,0.528,0.528,0.528,0.635,0.635,0.635,0.635,0.635,0.635,0.635,0.635,0.625,0.625,0.622,0.621,0.621,0.621,0.621,0.621,0.621,0.621,0.621,0.621,0.621,0.621,0.621,0.621,0.621,0.621,0.621,0.621,0.621,0.621,1.066
RGI60-16.00564,1.325,1.325,1.325,1.325,1.325,1.325,1.325,1.325,1.325,1.325,1.325,1.325,1.325,1.325,1.325,1.325,0.349,0.349,0.349,0.453,0.453,0.453,0.453,0.453,0.453,0.453,0.453,0.44,0.44,0.439,0.438,0.438,0.438,0.438,0.438,0.438,0.438,0.438,0.438,0.438,0.438,0.438,0.438,0.438,0.438,0.438,0.438,0.438,0.438,1.016
RGI60-16.00565,1.523,1.523,1.523,1.523,1.523,1.523,1.523,1.523,1.523,1.523,1.523,1.523,1.523,1.523,1.523,1.523,0.832,0.832,0.832,0.883,0.883,0.883,0.883,0.883,0.883,0.883,0.883,0.876,0.876,0.875,0.875,0.875,0.875,0.875,0.875,0.875,0.875,0.875,0.875,0.875,0.875,0.875,0.875,0.875,0.875,0.875,0.875,0.875,0.875,1.264
RGI60-16.00566,1.318,1.318,1.318,1.318,1.318,1.318,1.318,1.318,1.318,1.318,1.318,1.318,1.318,1.318,1.318,1.318,0.336,0.336,0.336,0.451,0.451,0.451,0.451,0.451,0.451,0.451,0.451,0.437,0.437,0.436,0.436,0.436,0.436,0.435,0.435,0.435,0.435,0.435,0.435,0.435,0.435,0.435,0.435,0.435,0.436,0.435,0.435,0.435,0.436,1.007
RGI60-16.00567,1.633,1.633,1.633,1.633,1.633,1.633,1.633,1.633,1.633,1.633,1.633,1.633,1.633,1.633,1.633,1.633,1.019,1.019,1.019,1.062,1.062,1.062,1.062,1.062,1.062,1.062,1.062,1.056,1.056,1.056,1.056,1.056,1.056,1.055,1.055,1.055,1.055,1.055,1.055,1.055,1.055,1.055,1.055,1.055,1.056,1.055,1.055,1.055,1.055,1.393
RGI60-16.00568,1.344,1.344,1.344,1.344,1.344,1.344,1.344,1.344,1.344,1.344,1.344,1.344,1.344,1.344,1.344,1.344,0.423,0.423,0.423,0.518,0.518,0.518,0.518,0.518,0.518,0.518,0.518,0.506,0.506,0.505,0.504,0.504,0.504,0.504,0.504,0.504,0.504,0.504,0.504,0.504,0.504,0.504,0.504,0.504,0.504,0.504,0.504,0.504,0.504,1.04
RGI60-16.00569,2.324,2.324,2.324,2.324,2.324,2.324,2.324,2.324,2.324,2.324,2.324,2.324,2.324,2.324,2.324,2.324,1.948,1.948,1.948,1.974,1.974,1.974,1.974,1.974,1.974,1.974,1.974,1.971,1.971,1.971,1.97,1.97,1.97,1.97,1.97,1.97,1.97,1.97,1.97,1.97,1.97,1.97,1.97,1.97,1.97,1.97,1.97,1.97,1.97,2.163
RGI60-16.00570,1.353,1.353,1.353,1.353,1.353,1.353,1.353,1.353,1.353,1.353,1.353,1.353,1.353,1.353,1.353,1.353,0.47,0.47,0.47,0.568,0.568,0.568,0.568,0.568,0.568,0.568,0.568,0.557,0.557,0.556,0.555,0.555,0.555,0.555,0.555,0.555,0.555,0.555,0.555,0.555,0.555,0.555,0.555,0.555,0.555,0.555,0.555,0.555,0.555,1.052
RGI60-16.00571,2.092,2.092,2.092,2.092,2.092,2.092,2.092,2.092,2.092,2.092,2.092,2.092,2.092,2.092,2.092,2.092,1.665,1.665,1.665,1.696,1.696,1.696,1.696,1.696,1.696,1.696,1.696,1.692,1.692,1.691,1.691,1.691,1.691,1.691,1.691,1.691,1.691,1.691,1.691,1.691,1.691,1.691,1.691,1.691,1.691,1.691,1.691,1.691,1.691,1.912
RGI60-16.00572,1.355,1.355,1.355,1.355,1.355,1.355,1.355,1.355,1.355,1.355,1.355,1.355,1.355,1.355,1.355,1.355,0.485,0.485,0.485,0.587,0.587,0.587,0.587,0.587,0.587,0.587,0.587,0.576,0.576,0.574,0.574,0.574,0.574,0.573,0.573,0.573,0.573,0.573,0.573,0.573,0.573,0.573,0.573,0.573,0.574,0.573,0.573,0.573,0.574,1.055
RGI60-16.00573,1.323,1.323,1.323,1.323,1.323,1.323,1.323,1.323,1.323,1.323,1.323,1.323,1.323,1.323,1.323,1.323,0.388,0.388,0.388,0.51,0.51,0.51,0.51,0.51,0.51,0.51,0.51,0.497,0.497,0.495,0.495,0.495,0.495,0.494,0.494,0.494,0.494,0.494,0.494,0.494,0.494,0.494,0.494,0.494,0.495,0.494,0.494,0.494,0.494,1.014
RGI60-16.00574,1.783,1.783,1.783,1.783,1.783,1.783,1.783,1.783,1.783,1.783,1.783,1.783,1.783,1.783,1.783,1.783,1.262,1.262,1.262,1.309,1.309,1.309,1.309,1.309,1.309,1.309,1.309,1.304,1.304,1.303,1.302,1.302,1.302,1.302,1.302,1.302,1.302,1.302,1.302,1.302,1.302,1.302,1.302,1.302,1.302,1.302,1.302,1.302,1.302,1.567
RGI60-16.00575,1.529,1.529,1.529,1.529,1.529,1.529,1.529,1.529,1.529,1.529,1.529,1.529,1.529,1.529,1.529,1.529,0.868,0.868,0.868,0.935,0.935,0.935,0.935,0.935,0.935,0.935,0.935,0.928,0.928,0.926,0.926,0.926,0.926,0.925,0.925,0.925,0.925,0.925,0.925,0.925,0.925,0.925,0.925,0.925,0.926,0.925,0.925,0.925,0.926,1.271
RGI60-16.00576,1.35,1.35,1.35,1.35,1.35,1.35,1.35,1.35,1.35,1.35,1.35,1.35,1.35,1.35,1.35,1.35,0.486,0.486,0.486,0.597,0.597,0.597,0.597,0.597,0.597,0.597,0.597,0.586,0.586,0.584,0.583,0.583,0.583,0.583,0.583,0.583,0.583,0.583,0.583,0.583,0.583,0.583,0.583,0.583,0.583,0.583,0.583,0.583,0.583,1.048
RGI60-16.00577,1.331,1.331,1.331,1.331,1.331,1.331,1.331,1.331,1.331,1.331,1.331,1.331,1.331,1.331,1.331,1.331,0.435,0.435,0.435,0.558,0.558,0.558,0.558,0.558,0.558,0.558,0.558,0.546,0.546,0.543,0.542,0.542,0.542,0.542,0.542,0.542,0.542,0.542,0.542,0.542,0.542,0.542,0.542,0.542,0.542,0.542,0.542,0.542,0.542,1.024
RGI60-16.00578,1.43,1.43,1.43,1.43,1.43,1.43,1.43,1.43,1.43,1.43,1.43,1.43,1.43,1.43,1.43,1.43,0.674,0.674,0.674,0.755,0.755,0.755,0.755,0.755,0.755,0.755,0.755,0.747,0.747,0.745,0.744,0.744,0.744,0.744,0.744,0.744,0.744,0.744,0.744,0.744,0.744,0.744,0.744,0.744,0.744,0.744,0.744,0.744,0.744,1.15
RGI60-16.00579,1.335,1.335,1.335,1.335,1.335,1.335,1.335,1.335,1.335,1.335,1.335,1.335,1.335,1.335,1.335,1.335,0.438,0.438,0.438,0.556,0.556,0.556,0.556,0.556,0.556,0.556,0.556,0.544,0.544,0.542,0.541,0.541,0.541,0.54,0.54,0.54,0.54,0.54,0.54,0.54,0.54,0.54,0.54,0.54,0.541,0.54,0.54,0.54,0.541,1.029
RGI60-16.00580,1.322,1.322,1.322,1.322,1.322,1.322,1.322,1.322,1.322,1.322,1.322,1.322,1.322,1.322,1.322,1.322,0.407,0.407,0.407,0.537,0.537,0.537,0.537,0.537,0.537,0.537,0.537,0.525,0.525,0.522,0.521,0.521,0.521,0.521,0.521,0.521,0.521,0.521,0.521,0.521,0.521,0.521,0.521,0.521,0.521,0.521,0.521,0.521,0.521,1.012
RGI60-16.00581,1.328,1.328,1.328,1.328,1.328,1.328,1.328,1.328,1.328,1.328,1.328,1.328,1.328,1.328,1.328,1.328,0.371,0.371,0.371,0.477,0.477,0.477,0.477,0.477,0.477,0.477,0.477,0.464,0.464,0.463,0.463,0.463,0.463,0.462,0.462,0.462,0.462,0.462,0.462,0.462,0.462,0.462,0.462,0.462,0.463,0.462,0.462,0.462,0.462,1.019
RGI60-16.00582,1.319,1.319,1.319,1.319,1.319,1.319,1.319,1.319,1.319,1.319,1.319,1.319,1.319,1.319,1.319,1.319,0.395,0.395,0.395,0.527,0.527,0.527,0.527,0.527,0.527,0.527,0.527,0.514,0.514,0.511,0.511,0.511,0.511,0.51,0.51,0.51,0.51,0.51,0.51,0.51,0.51,0.51,0.51,0.51,0.511,0.51,0.51,0.51,0.51,1.008
RGI60-16.00583,1.328,1.328,1.328,1.328,1.328,1.328,1.328,1.328,1.328,1.328,1.328,1.328,1.328,1.328,1.328,1.328,0.39,0.39,0.39,0.503,0.503,0.503,0.503,0.503,0.503,0.503,0.503,0.491,0.491,0.489,0.489,0.489,0.489,0.488,0.488,0.488,0.488,0.488,0.488,0.488,0.488,0.488,0.488,0.488,0.489,0.488,0.488,0.488,0.488,1.02
RGI60-16.00584,1.335,1.335,1.335,1.335,1.335,1.335,1.335,1.335,1.335,1.335,1.335,1.335,1.335,1.335,1.335,1.335,0.434,0.434,0.434,0.551,0.551,0.551,0.551,0.551,0.551,0.551,0.551,0.539,0.539,0.537,0.536,0.536,0.536,0.536,0.536,0.536,0.536,0.536,0.536,0.536,0.536,0.536,0.536,0.536,0.536,0.536,0.536,0.536,0.536,1.029
RGI60-16.00585,1.342,1.342,1.342,1.342,1.342,1.342,1.342,1.342,1.342,1.342,1.342,1.342,1.342,1.342,1.342,1.342,0.449,0.449,0.449,0.558,0.558,0.558,0.558,0.558,0.558,0.558,0.558,0.547,0.547,0.545,0.544,0.544,0.544,0.544,0.544,0.544,0.544,0.544,0.544,0.544,0.544,0.544,0.544,0.544,0.544,0.544,0.544,0.544,0.544,1.038
RGI60-16.00586,1.442,1.442,1.442,1.442,1.442,1.442,1.442,1.442,1.442,1.442,1.442,1.442,1.442,1.442,1.442,1.442,0.694,0.694,0.694,0.77,0.77,0.77,0.77,0.77,0.77,0.77,0.77,0.762,0.762,0.76,0.76,0.76,0.76,0.76,0.76,0.76,0.76,0.76,0.76,0.76,0.76,0.76,0.76,0.76,0.76,0.76,0.76,0.76,0.76,1.164
RGI60-16.00587,1.331,1.331,1.331,1.331,1.331,1.331,1.331,1.331,1.331,1.331,1.331,1.331,1.331,1.331,1.331,1.331,0.42,0.42,0.42,0.539,0.539,0.539,0.539,0.539,0.539,0.539,0.539,0.527,0.527,0.524,0.524,0.524,0.524,0.523,0.523,0.523,0.523,0.523,0.523,0.523,0.523,0.523,0.523,0.523,0.524,0.523,0.523,0.523,0.524,1.024
RGI60-16.00588,1.344,1.344,1.344,1.344,1.344,1.344,1.344,1.344,1.344,1.344,1.344,1.344,1.344,1.344,1.344,1.344,0.455,0.455,0.455,0.563,0.563,0.563,0.563,0.563,0.563,0.563,0.563,0.552,0.552,0.55,0.549,0.549,0.549,0.549,0.549,0.549,0.549,0.549,0.549,0.549,0.549,0.549,0.549,0.549,0.549,0.549,0.549,0.549,0.549,1.04
RGI60-16.00589,1.352,1.352,1.352,1.352,1.352,1.352,1.352,1.352,1.352,1.352,1.352,1.352,1.352,1.352,1.352,1.352,0.499,0.499,0.499,0.611,0.611,0.611,0.611,0.611,0.611,0.611,0.611,0.6,0.6,0.598,0.597,0.597,0.597,0.596,0.596,0.596,0.596,0.596,0.596,0.596,0.596,0.596,0.596,0.596,0.597,0.596,0.596,0.596,0.597,1.052
RGI60-16.00590,1.343,1.343,1.343,1.343,1.343,1.343,1.343,1.343,1.343,1.343,1.343,1.343,1.343,1.343,1.343,1.343,0.473,0.473,0.473,0.59,0.59,0.59,0.59,0.59,0.59,0.59,0.59,0.579,0.579,0.577,0.576,0.576,0.576,0.575,0.575,0.575,0.575,0.575,0.575,0.575,0.575,0.575,0.575,0.575,0.576,0.575,0.575,0.575,0.576,1.04
RGI60-16.00591,1.321,1.321,1.321,1.321,1.321,1.321,1.321,1.321,1.321,1.321,1.321,1.321,1.321,1.321,1.321,1.321,0.359,0.359,0.359,0.476,0.476,0.476,0.476,0.476,0.476,0.476,0.476,0.463,0.463,0.461,0.461,0.461,0.461,0.46,0.46,0.46,0.46,0.46,0.46,0.46,0.46,0.46,0.46,0.46,0.461,0.46,0.46,0.46,0.461,1.01
RGI60-16.00592,1.342,1.342,1.342,1.342,1.342,1.342,1.342,1.342,1.342,1.342,1.342,1.342,1.342,1.342,1.342,1.342,0.457,0.457,0.457,0.57,0.57,0.57,0.57,0.57,0.57,0.57,0.57,0.559,0.559,0.557,0.556,0.556,0.556,0.556,0.556,0.556,0.556,0.556,0.556,0.556,0.556,0.556,0.556,0.556,0.556,0.556,0.556,0.556,0.556,1.038
RGI60-16.00593,1.35,1.35,1.35,1.35,1.35,1.35,1.35,1.35,1.35,1.35,1.35,1.35,1.35,1.35,1.35,1.35,0.471,0.471,0.471,0.575,0.575,0.575,0.575,0.575,0.575,0.575,0.575,0.564,0.564,0.562,0.562,0.562,0.562,0.561,0.561,0.561,0.561,0.561,0.561,0.561,0.561,0.561,0.561,0.561,0.562,0.561,0.561,0.561,0.561,1.049
RGI60-16.00594,1.422,1.422,1.422,1.422,1.422,1.422,1.422,1.422,1.422,1.422,1.422,1.422,1.422,1.422,1.422,1.422,0.649,0.649,0.649,0.728,0.728,0.728,0.728,0.728,0.728,0.728,0.728,0.719,0.719,0.718,0.717,0.717,0.717,0.717,0.717,0.717,0.717,0.717,0.717,0.717,0.717,0.717,0.717,0.717,0.717,0.717,0.717,0.717,0.717,1.14
RGI60-16.00595,1.362,1.362,1.362,1.362,1.362,1.362,1.362,1.362,1.362,1.362,1.362,1.362,1.362,1.362,1.362,1.362,0.481,0.481,0.481,0.567,0.567,0.567,0.567,0.567,0.567,0.567,0.567,0.557,0.557,0.556,0.555,0.555,0.555,0.555,0.555,0.555,0.555,0.555,0.555,0.555,0.555,0.555,0.555,0.555,0.555,0.555,0.555,0.555,0.555,1.064
RGI60-16.00596,1.346,1.346,1.346,1.346,1.346,1.346,1.346,1.346,1.346,1.346,1.346,1.346,1.346,1.346,1.346,1.346,0.428,0.428,0.428,0.521,0.521,0.521,0.521,0.521,0.521,0.521,0.521,0.509,0.509,0.508,0.508,0.508,0.508,0.507,0.507,0.507,0.507,0.507,0.507,0.507,0.507,0.507,0.507,0.507,0.508,0.507,0.507,0.507,0.508,1.043
RGI60-16.00597,1.368,1.368,1.368,1.368,1.368,1.368,1.368,1.368,1.368,1.368,1.368,1.368,1.368,1.368,1.368,1.368,0.522,0.522,0.522,0.619,0.619,0.619,0.619,0.619,0.619,0.619,0.619,0.608,0.608,0.607,0.606,0.606,0.606,0.606,0.606,0.606,0.606,0.606,0.606,0.606,0.606,0.606,0.606,0.606,0.606,0.606,0.606,0.606,0.606,1.071
RGI60-16.00598,1.32,1.32,1.32,1.32,1.32,1.32,1.32,1.32,1.32,1.32,1.32,1.32,1.32,1.32,1.32,1.32,0.39,0.39,0.39,0.519,0.519,0.519,0.519,0.519,0.519,0.519,0.519,0.506,0.506,0.504,0.503,0.503,0.503,0.503,0.503,0.503,0.503,0.503,0.503,0.503,0.503,0.503,0.503,0.503,0.503,0.503,0.503,0.503,0.503,1.01
RGI60-16.00599,1.322,1.322,1.322,1.322,1.322,1.322,1.322,1.322,1.322,1.322,1.322,1.322,1.322,1.322,1.322,1.322,0.398,0.398,0.398,0.527,0.527,0.527,0.527,0.527,0.527,0.527,0.527,0.514,0.514,0.511,0.511,0.511,0.511,0.51,0.51,0.51,0.51,0.51,0.51,0.51,0.51,0.51,0.51,0.51,0.511,0.51,0.51,0.51,0.51,1.012
RGI60-16.00600,1.321,1.321,1.321,1.321,1.321,1.321,1.321,1.321,1.321,1.321,1.321,1.321,1.321,1.321,1.321,1.321,0.402,0.402,0.402,0.533,0.533,0.533,0.533,0.533,0.533,0.533,0.533,0.521,0.521,0.518,0.517,0.517,0.517,0.516,0.516,0.516,0.516,0.516,0.516,0.516,0.516,0.516,0.516,0.516,0.517,0.516,0.516,0.516,0.517,1.011
RGI60-16.00601,1.339,1.339,1.339,1.339,1.339,1.339,1.339,1.339,1.339,1.339,1.339,1.339,1.339,1.339,1.339,1.339,0.446,0.446,0.446,0.56,0.56,0.56,0.56,0.56,0.56,0.56,0.56,0.548,0.548,0.546,0.545,0.545,0.545,0.545,0.545,0.545,0.545,0.545,0.545,0.545,0.545,0.545,0.545,0.545,0.545,0.545,0.545,0.545,0.545,1.034
RGI60-16.00602,1.325,1.325,1.325,1.325,1.325,1.325,1.325,1.325,1.325,1.325,1.325,1.325,1.325,1.325,1.325,1.325,0.399,0.399,0.399,0.522,0.522,0.522,0.522,0.522,0.522,0.522,0.522,0.509,0.509,0.507,0.506,0.506,0.506,0.506,0.506,0.506,0.506,0.506,0.506,0.506,0.506,0.506,0.506,0.506,0.506,0.506,0.506,0.506,0.506,1.016
RGI60-16.00603,1.322,1.322,1.322,1.322,1.322,1.322,1.322,1.322,1.322,1.322,1.322,1.322,1.322,1.322,1.322,1.322,0.377,0.377,0.377,0.497,0.497,0.497,0.497,0.497,0.497,0.497,0.497,0.484,0.484,0.483,0.482,0.482,0.482,0.482,0.482,0.482,0.482,0.482,0.482,0.482,0.482,0.482,0.482,0.482,0.482,0.482,0.482,0.482,0.482,1.013
RGI60-16.00604,1.383,1.383,1.383,1.383,1.383,1.383,1.383,1.383,1.383,1.383,1.383,1.383,1.383,1.383,1.383,1.383,0.581,0.581,0.581,0.682,0.682,0.682,0.682,0.682,0.682,0.682,0.682,0.672,0.672,0.67,0.669,0.669,0.669,0.668,0.668,0.668,0.668,0.668,0.668,0.668,0.668,0.668,0.668,0.668,0.669,0.668,0.668,0.668,0.669,1.091
RGI60-16.00605,1.364,1.364,1.364,1.364,1.364,1.364,1.364,1.364,1.364,1.364,1.364,1.364,1.364,1.364,1.364,1.364,0.534,0.534,0.534,0.643,0.643,0.643,0.643,0.643,0.643,0.643,0.643,0.633,0.633,0.63,0.629,0.629,0.629,0.629,0.629,0.629,0.629,0.629,0.629,0.629,0.629,0.629,0.629,0.629,0.629,0.629,0.629,0.629,0.629,1.066
RGI60-16.00606,1.32,1.32,1.32,1.32,1.32,1.32,1.32,1.32,1.32,1.32,1.32,1.32,1.32,1.32,1.32,1.32,0.41,0.41,0.41,0.545,0.545,0.545,0.545,0.545,0.545,0.545,0.545,0.532,0.532,0.529,0.528,0.528,0.528,0.528,0.528,0.528,0.528,0.528,0.528,0.528,0.528,0.528,0.528,0.528,0.528,0.528,0.528,0.528,0.528,1.009
RGI60-16.00607,1.347,1.347,1.347,1.347,1.347,1.347,1.347,1.347,1.347,1.347,1.347,1.347,1.347,1.347,1.347,1.347,0.483,0.483,0.483,0.598,0.598,0.598,0.598,0.598,0.598,0.598,0.598,0.587,0.587,0.585,0.584,0.584,0.584,0.583,0.583,0.583,0.583,0.583,0.583,0.583,0.583,0.583,0.583,0.583,0.584,0.583,0.583,0.583,0.584,1.045
RGI60-16.00608,1.327,1.327,1.327,1.327,1.327,1.327,1.327,1.327,1.327,1.327,1.327,1.327,1.327,1.327,1.327,1.327,0.429,0.429,0.429,0.558,0.558,0.558,0.558,0.558,0.558,0.558,0.558,0.546,0.546,0.543,0.542,0.542,0.542,0.541,0.541,0.541,0.541,0.541,0.541,0.541,0.541,0.541,0.541,0.541,0.542,0.541,0.541,0.541,0.542,1.019
RGI60-16.00609,1.355,1.355,1.355,1.355,1.355,1.355,1.355,1.355,1.355,1.355,1.355,1.355,1.355,1.355,1.355,1.355,0.462,0.462,0.462,0.552,0.552,0.552,0.552,0.552,0.552,0.552,0.552,0.54,0.54,0.539,0.539,0.539,0.539,0.539,0.539,0.539,0.539,0.539,0.539,0.539,0.539,0.539,0.539,0.539,0.539,0.539,0.539,0.539,0.539,1.055
RGI60-16.00610,1.327,1.327,1.327,1.327,1.327,1.327,1.327,1.327,1.327,1.327,1.327,1.327,1.327,1.327,1.327,1.327,0.347,0.347,0.347,0.446,0.446,0.446,0.446,0.446,0.446,0.446,0.446,0.432,0.432,0.431,0.431,0.431,0.431,0.431,0.431,0.431,0.431,0.431,0.431,0.431,0.431,0.431,0.431,0.431,0.431,0.431,0.431,0.431,0.431,1.018
RGI60-16.00611,1.321,1.321,1.321,1.321,1.321,1.321,1.321,1.321,1.321,1.321,1.321,1.321,1.321,1.321,1.321,1.321,0.361,0.361,0.361,0.477,0.477,0.477,0.477,0.477,0.477,0.477,0.477,0.464,0.464,0.463,0.462,0.462,0.462,0.462,0.462,0.462,0.462,0.462,0.462,0.462,0.462,0.462,0.462,0.462,0.462,0.462,0.462,0.462,0.462,1.011
RGI60-16.00612,1.337,1.337,1.337,1.337,1.337,1.337,1.337,1.337,1.337,1.337,1.337,1.337,1.337,1.337,1.337,1.337,0.417,0.417,0.417,0.522,0.522,0.522,0.522,0.522,0.522,0.522,0.522,0.511,0.511,0.509,0.509,0.509,0.509,0.508,0.508,0.508,0.508,0.508,0.508,0.508,0.508,0.508,0.508,0.508,0.509,0.508,0.508,0.508,0.508,1.032
RGI60-16.00613,1.328,1.328,1.328,1.328,1.328,1.328,1.328,1.328,1.328,1.328,1.328,1.328,1.328,1.328,1.328,1.328,0.385,0.385,0.385,0.496,0.496,0.496,0.496,0.496,0.496,0.496,0.496,0.483,0.483,0.482,0.481,0.481,0.481,0.481,0.481,0.481,0.481,0.481,0.481,0.481,0.481,0.481,0.481,0.481,0.481,0.481,0.481,0.481,0.481,1.02
RGI60-16.00614,1.342,1.342,1.342,1.342,1.342,1.342,1.342,1.342,1.342,1.342,1.342,1.342,1.342,1.342,1.342,1.342,0.434,0.434,0.434,0.538,0.538,0.538,0.538,0.538,0.538,0.538,0.538,0.526,0.526,0.525,0.524,0.524,0.524,0.524,0.524,0.524,0.524,0.524,0.524,0.524,0.524,0.524,0.524,0.524,0.524,0.524,0.524,0.524,0.524,1.038
RGI60-16.00615,1.323,1.323,1.323,1.323,1.323,1.323,1.323,1.323,1.323,1.323,1.323,1.323,1.323,1.323,1.323,1.323,0.417,0.417,0.417,0.549,0.549,0.549,0.549,0.549,0.549,0.549,0.549,0.537,0.537,0.534,0.533,0.533,0.533,0.532,0.532,0.532,0.532,0.532,0.532,0.532,0.532,0.532,0.532,0.532,0.533,0.532,0.532,0.532,0.533,1.014
RGI60-16.00616,1.321,1.321,1.321,1.321,1.321,1.321,1.321,1.321,1.321,1.321,1.321,1.321,1.321,1.321,1.321,1.321,0.41,0.41,0.41,0.545,0.545,0.545,0.545,0.545,0.545,0.545,0.545,0.533,0.533,0.529,0.528,0.528,0.528,0.528,0.528,0.528,0.528,0.528,0.528,0.528,0.528,0.528,0.528,0.528,0.528,0.528,0.528,0.528,0.528,1.01
RGI60-16.00617,1.366,1.366,1.366,1.366,1.366,1.366,1.366,1.366,1.366,1.366,1.366,1.366,1.366,1.366,1.366,1.366,0.542,0.542,0.542,0.651,0.651,0.651,0.651,0.651,0.651,0.651,0.651,0.641,0.641,0.638,0.637,0.637,0.637,0.637,0.637,0.637,0.637,0.637,0.637,0.637,0.637,0.637,0.637,0.637,0.637,0.637,0.637,0.637,0.637,1.069
RGI60-16.00618,1.332,1.332,1.332,1.332,1.332,1.332,1.332,1.332,1.332,1.332,1.332,1.332,1.332,1.332,1.332,1.332,0.455,0.455,0.455,0.584,0.584,0.584,0.584,0.584,0.584,0.584,0.584,0.572,0.572,0.569,0.568,0.568,0.568,0.567,0.567,0.567,0.567,0.567,0.567,0.567,0.567,0.567,0.567,0.567,0.568,0.567,0.567,0.567,0.567,1.025
RGI60-16.00619,1.349,1.349,1.349,1.349,1.349,1.349,1.349,1.349,1.349,1.349,1.349,1.349,1.349,1.349,1.349,1.349,0.631,0.631,0.631,0.808,0.808,0.808,0.808,0.808,0.808,0.808,0.808,0.794,0.794,0.781,0.777,0.777,0.777,0.775,0.775,0.775,0.775,0.775,0.775,0.775,0.775,0.775,0.775,0.775,0.777,0.775,0.775,0.775,0.776,1.048
RGI60-16.00620,1.501,1.501,1.501,1.501,1.501,1.501,1.501,1.501,1.501,1.501,1.501,1.501,1.501,1.501,1.501,1.501,0.827,0.827,0.827,0.905,0.905,0.905,0.905,0.905,0.905,0.905,0.905,0.897,0.897,0.895,0.894,0.894,0.894,0.894,0.894,0.894,0.894,0.894,0.894,0.894,0.894,0.894,0.894,0.894,0.894,0.894,0.894,0.894,0.894,1.237
RGI60-16.00621,1.34,1.34,1.34,1.34,1.34,1.34,1.34,1.34,1.34,1.34,1.34,1.34,1.34,1.34,1.34,1.34,0.48,0.48,0.48,0.606,0.606,0.606,0.606,0.606,0.606,0.606,0.606,0.594,0.594,0.591,0.59,0.59,0.59,0.589,0.589,0.589,0.589,0.589,0.589,0.589,0.589,0.589,0.589,0.589,0.59,0.589,0.589,0.589,0.59,1.035
RGI60-16.00622,1.392,1.392,1.392,1.392,1.392,1.392,1.392,1.392,1.392,1.392,1.392,1.392,1.392,1.392,1.392,1.392,0.697,0.697,0.697,0.849,0.849,0.849,0.849,0.849,0.849,0.849,0.849,0.833,0.833,0.824,0.821,0.821,0.821,0.819,0.819,0.819,0.819,0.819,0.819,0.819,0.819,0.819,0.819,0.819,0.821,0.819,0.819,0.819,0.82,1.102
RGI60-16.00623,1.489,1.489,1.489,1.489,1.489,1.489,1.489,1.489,1.489,1.489,1.489,1.489,1.489,1.489,1.489,1.489,0.877,0.877,0.877,1.003,1.003,1.003,1.003,1.003,1.003,1.003,1.003,0.989,0.989,0.982,0.979,0.979,0.979,0.978,0.978,0.978,0.978,0.978,0.978,0.978,0.978,0.978,0.978,0.978,0.979,0.978,0.978,0.978,0.978,1.223
RGI60-16.00624,1.41,1.41,1.41,1.41,1.41,1.41,1.41,1.41,1.41,1.41,1.41,1.41,1.41,1.41,1.41,1.41,0.733,0.733,0.733,0.879,0.879,0.879,0.879,0.879,0.879,0.879,0.879,0.864,0.864,0.855,0.852,0.852,0.852,0.851,0.851,0.851,0.851,0.851,0.851,0.851,0.851,0.851,0.851,0.851,0.852,0.851,0.851,0.851,0.851,1.124
RGI60-16.00625,1.453,1.453,1.453,1.453,1.453,1.453,1.453,1.453,1.453,1.453,1.453,1.453,1.453,1.453,1.453,1.453,0.813,0.813,0.813,0.946,0.946,0.946,0.946,0.946,0.946,0.946,0.946,0.932,0.932,0.924,0.921,0.921,0.921,0.92,0.92,0.92,0.92,0.92,0.92,0.92,0.92,0.92,0.92,0.92,0.921,0.92,0.92,0.92,0.921,1.178
RGI60-16.00626,1.374,1.374,1.374,1.374,1.374,1.374,1.374,1.374,1.374,1.374,1.374,1.374,1.374,1.374,1.374,1.374,0.662,0.662,0.662,0.821,0.821,0.821,0.821,0.821,0.821,0.821,0.821,0.805,0.805,0.795,0.792,0.792,0.792,0.79,0.79,0.79,0.79,0.79,0.79,0.79,0.79,0.79,0.79,0.79,0.792,0.79,0.79,0.79,0.791,1.079
RGI60-16.00627,1.369,1.369,1.369,1.369,1.369,1.369,1.369,1.369,1.369,1.369,1.369,1.369,1.369,1.369,1.369,1.369,0.651,0.651,0.651,0.812,0.812,0.812,0.812,0.812,0.812,0.812,0.812,0.796,0.796,0.786,0.783,0.783,0.783,0.781,0.781,0.781,0.781,0.781,0.781,0.781,0.781,0.781,0.781,0.781,0.783,0.781,0.781,0.781,0.782,1.072
RGI60-16.00628,1.384,1.384,1.384,1.384,1.384,1.384,1.384,1.384,1.384,1.384,1.384,1.384,1.384,1.384,1.384,1.384,0.594,0.594,0.594,0.701,0.701,0.701,0.701,0.701,0.701,0.701,0.701,0.691,0.691,0.688,0.687,0.687,0.687,0.686,0.686,0.686,0.686,0.686,0.686,0.686,0.686,0.686,0.686,0.686,0.687,0.686,0.686,0.686,0.686,1.091
RGI60-16.00629,1.319,1.319,1.319,1.319,1.319,1.319,1.319,1.319,1.319,1.319,1.319,1.319,1.319,1.319,1.319,1.319,0.43,0.43,0.43,0.573,0.573,0.573,0.573,0.573,0.573,0.573,0.573,0.561,0.561,0.557,0.556,0.556,0.556,0.555,0.555,0.555,0.555,0.555,0.555,0.555,0.555,0.555,0.555,0.555,0.556,0.555,0.555,0.555,0.555,1.008
RGI60-16.00630,1.316,1.316,1.316,1.316,1.316,1.316,1.316,1.316,1.316,1.316,1.316,1.316,1.316,1.316,1.316,1.316,0.445,0.445,0.445,0.596,0.596,0.596,0.596,0.596,0.596,0.596,0.596,0.584,0.584,0.578,0.577,0.577,0.577,0.576,0.576,0.576,0.576,0.576,0.576,0.576,0.576,0.576,0.576,0.576,0.577,0.576,0.576,0.576,0.576,1.004
RGI60-16.00631,1.335,1.335,1.335,1.335,1.335,1.335,1.335,1.335,1.335,1.335,1.335,1.335,1.335,1.335,1.335,1.335,0.501,0.501,0.501,0.641,0.641,0.641,0.641,0.641,0.641,0.641,0.641,0.63,0.63,0.625,0.623,0.623,0.623,0.623,0.623,0.623,0.623,0.623,0.623,0.623,0.623,0.623,0.623,0.623,0.623,0.623,0.623,0.623,0.623,1.029
RGI60-16.00632,1.321,1.321,1.321,1.321,1.321,1.321,1.321,1.321,1.321,1.321,1.321,1.321,1.321,1.321,1.321,1.321,0.497,0.497,0.497,0.654,0.654,0.654,0.654,0.654,0.654,0.654,0.654,0.643,0.643,0.635,0.633,0.633,0.633,0.632,0.632,0.632,0.632,0.632,0.632,0.632,0.632,0.632,0.632,0.632,0.633,0.632,0.632,0.632,0.633,1.011
RGI60-16.00633,1.411,1.411,1.411,1.411,1.411,1.411,1.411,1.411,1.411,1.411,1.411,1.411,1.411,1.411,1.411,1.411,0.693,0.693,0.693,0.807,0.807,0.807,0.807,0.807,0.807,0.807,0.807,0.798,0.798,0.793,0.791,0.791,0.791,0.791,0.791,0.791,0.791,0.791,0.791,0.791,0.791,0.791,0.791,0.791,0.791,0.791,0.791,0.791,0.791,1.126
RGI60-16.00634,1.345,1.345,1.345,1.345,1.345,1.345,1.345,1.345,1.345,1.345,1.345,1.345,1.345,1.345,1.345,1.345,0.508,0.508,0.508,0.635,0.635,0.635,0.635,0.635,0.635,0.635,0.635,0.624,0.624,0.62,0.619,0.619,0.619,0.618,0.618,0.618,0.618,0.618,0.618,0.618,0.618,0.618,0.618,0.618,0.619,0.618,0.618,0.618,0.618,1.042
RGI60-16.00635,1.369,1.369,1.369,1.369,1.369,1.369,1.369,1.369,1.369,1.369,1.369,1.369,1.369,1.369,1.369,1.369,0.593,0.593,0.593,0.72,0.72,0.72,0.72,0.72,0.72,0.72,0.72,0.71,0.71,0.705,0.703,0.703,0.703,0.702,0.702,0.702,0.702,0.702,0.702,0.702,0.702,0.702,0.702,0.702,0.703,0.702,0.702,0.702,0.703,1.073
RGI60-16.00636,1.316,1.316,1.316,1.316,1.316,1.316,1.316,1.316,1.316,1.316,1.316,1.316,1.316,1.316,1.316,1.316,0.454,0.454,0.454,0.608,0.608,0.608,0.608,0.608,0.608,0.608,0.608,0.597,0.597,0.59,0.589,0.589,0.589,0.588,0.588,0.588,0.588,0.588,0.588,0.588,0.588,0.588,0.588,0.588,0.589,0.588,0.588,0.588,0.588,1.004
RGI60-16.00637,1.318,1.318,1.318,1.318,1.318,1.318,1.318,1.318,1.318,1.318,1.318,1.318,1.318,1.318,1.318,1.318,0.425,0.425,0.425,0.568,0.568,0.568,0.568,0.568,0.568,0.568,0.568,0.556,0.556,0.552,0.551,0.551,0.551,0.55,0.55,0.55,0.55,0.55,0.55,0.55,0.55,0.55,0.55,0.55,0.551,0.55,0.55,0.55,0.551,1.007
RGI60-16.00638,1.371,1.371,1.371,1.371,1.371,1.371,1.371,1.371,1.371,1.371,1.371,1.371,1.371,1.371,1.371,1.371,0.56,0.56,0.56,0.669,0.669,0.669,0.669,0.669,0.669,0.669,0.669,0.66,0.66,0.656,0.656,0.656,0.656,0.655,0.655,0.655,0.655,0.655,0.655,0.655,0.655,0.655,0.655,0.655,0.656,0.655,0.655,0.655,0.655,1.075
RGI60-16.00639,1.319,1.319,1.319,1.319,1.319,1.319,1.319,1.319,1.319,1.319,1.319,1.319,1.319,1.319,1.319,1.319,0.417,0.417,0.417,0.556,0.556,0.556,0.556,0.556,0.556,0.556,0.556,0.544,0.544,0.541,0.539,0.539,0.539,0.539,0.539,0.539,0.539,0.539,0.539,0.539,0.539,0.539,0.539,0.539,0.539,0.539,0.539,0.539,0.539,1.008
RGI60-16.00640,1.32,1.32,1.32,1.32,1.32,1.32,1.32,1.32,1.32,1.32,1.32,1.32,1.32,1.32,1.32,1.32,0.444,0.444,0.444,0.589,0.589,0.589,0.589,0.589,0.589,0.589,0.589,0.578,0.578,0.573,0.572,0.572,0.572,0.571,0.571,0.571,0.571,0.571,0.571,0.571,0.571,0.571,0.571,0.571,0.572,0.571,0.571,0.571,0.571,1.01
RGI60-16.00641,1.33,1.33,1.33,1.33,1.33,1.33,1.33,1.33,1.33,1.33,1.33,1.33,1.33,1.33,1.33,1.33,0.497,0.497,0.497,0.642,0.642,0.642,0.642,0.642,0.642,0.642,0.642,0.631,0.631,0.625,0.623,0.623,0.623,0.623,0.623,0.623,0.623,0.623,0.623,0.623,0.623,0.623,0.623,0.623,0.623,0.623,0.623,0.623,0.623,1.023
RGI60-16.00642,1.34,1.34,1.34,1.34,1.34,1.34,1.34,1.34,1.34,1.34,1.34,1.34,1.34,1.34,1.34,1.34,0.523,0.523,0.523,0.664,0.664,0.664,0.664,0.664,0.664,0.664,0.664,0.653,0.653,0.647,0.645,0.645,0.645,0.644,0.644,0.644,0.644,0.644,0.644,0.644,0.644,0.644,0.644,0.644,0.645,0.644,0.644,0.644,0.645,1.035
RGI60-16.00643,1.317,1.317,1.317,1.317,1.317,1.317,1.317,1.317,1.317,1.317,1.317,1.317,1.317,1.317,1.317,1.317,0.478,0.478,0.478,0.635,0.635,0.635,0.635,0.635,0.635,0.635,0.635,0.624,0.624,0.617,0.615,0.615,0.615,0.614,0.614,0.614,0.614,0.614,0.614,0.614,0.614,0.614,0.614,0.614,0.615,0.614,0.614,0.614,0.615,1.006
RGI60-16.00644,1.321,1.321,1.321,1.321,1.321,1.321,1.321,1.321,1.321,1.321,1.321,1.321,1.321,1.321,1.321,1.321,0.482,0.482,0.482,0.636,0.636,0.636,0.636,0.636,0.636,0.636,0.636,0.625,0.625,0.618,0.616,0.616,0.616,0.615,0.615,0.615,0.615,0.615,0.615,0.615,0.615,0.615,0.615,0.615,0.616,0.615,0.615,0.615,0.616,1.011
RGI60-16.00645,1.314,1.314,1.314,1.314,1.314,1.314,1.314,1.314,1.314,1.314,1.314,1.314,1.314,1.314,1.314,1.314,0.44,0.44,0.44,0.593,0.593,0.593,0.593,0.593,0.593,0.593,0.593,0.582,0.582,0.576,0.574,0.574,0.574,0.574,0.574,0.574,0.574,0.574,0.574,0.574,0.574,0.574,0.574,0.574,0.574,0.574,0.574,0.574,0.574,1.002
RGI60-16.00646,1.321,1.321,1.321,1.321,1.321,1.321,1.321,1.321,1.321,1.321,1.321,1.321,1.321,1.321,1.321,1.321,0.435,0.435,0.435,0.577,0.577,0.577,0.577,0.577,0.577,0.577,0.577,0.565,0.565,0.561,0.56,0.56,0.56,0.559,0.559,0.559,0.559,0.559,0.559,0.559,0.559,0.559,0.559,0.559,0.56,0.559,0.559,0.559,0.56,1.01
RGI60-16.00647,1.326,1.326,1.326,1.326,1.326,1.326,1.326,1.326,1.326,1.326,1.326,1.326,1.326,1.326,1.326,1.326,0.476,0.476,0.476,0.622,0.622,0.622,0.622,0.622,0.622,0.622,0.622,0.611,0.611,0.605,0.604,0.604,0.604,0.603,0.603,0.603,0.603,0.603,0.603,0.603,0.603,0.603,0.603,0.603,0.604,0.603,0.603,0.603,0.603,1.017
RGI60-16.00648,1.322,1.322,1.322,1.322,1.322,1.322,1.322,1.322,1.322,1.322,1.322,1.322,1.322,1.322,1.322,1.322,0.462,0.462,0.462,0.61,0.61,0.61,0.61,0.61,0.61,0.61,0.61,0.599,0.599,0.593,0.592,0.592,0.592,0.591,0.591,0.591,0.591,0.591,0.591,0.591,0.591,0.591,0.591,0.591,0.592,0.591,0.591,0.591,0.591,1.012
RGI60-16.00649,1.354,1.354,1.354,1.354,1.354,1.354,1.354,1.354,1.354,1.354,1.354,1.354,1.354,1.354,1.354,1.354,0.522,0.522,0.522,0.642,0.642,0.642,0.642,0.642,0.642,0.642,0.642,0.632,0.632,0.628,0.627,0.627,0.627,0.627,0.627,0.627,0.627,0.627,0.627,0.627,0.627,0.627,0.627,0.627,0.627,0.627,0.627,0.627,0.627,1.053
RGI60-16.00650,1.324,1.324,1.324,1.324,1.324,1.324,1.324,1.324,1.324,1.324,1.324,1.324,1.324,1.324,1.324,1.324,0.442,0.442,0.442,0.58,0.58,0.58,0.58,0.58,0.58,0.58,0.58,0.568,0.568,0.564,0.563,0.563,0.563,0.562,0.562,0.562,0.562,0.562,0.562,0.562,0.562,0.562,0.562,0.562,0.563,0.562,0.562,0.562,0.563,1.015
RGI60-16.00651,1.32,1.32,1.32,1.32,1.32,1.32,1.32,1.32,1.32,1.32,1.32,1.32,1.32,1.32,1.32,1.32,0.483,0.483,0.483,0.638,0.638,0.638,0.638,0.638,0.638,0.638,0.638,0.627,0.627,0.62,0.618,0.618,0.618,0.617,0.617,0.617,0.617,0.617,0.617,0.617,0.617,0.617,0.617,0.617,0.618,0.617,0.617,0.617,0.617,1.009
RGI60-16.00652,1.324,1.324,1.324,1.324,1.324,1.324,1.324,1.324,1.324,1.324,1.324,1.324,1.324,1.324,1.324,1.324,0.446,0.446,0.446,0.587,0.587,0.587,0.587,0.587,0.587,0.587,0.587,0.575,0.575,0.571,0.569,0.569,0.569,0.569,0.569,0.569,0.569,0.569,0.569,0.569,0.569,0.569,0.569,0.569,0.569,0.569,0.569,0.569,0.569,1.014
RGI60-16.00653,1.327,1.327,1.327,1.327,1.327,1.327,1.327,1.327,1.327,1.327,1.327,1.327,1.327,1.327,1.327,1.327,0.493,0.493,0.493,0.641,0.641,0.641,0.641,0.641,0.641,0.641,0.641,0.63,0.63,0.624,0.622,0.622,0.622,0.621,0.621,0.621,0.621,0.621,0.621,0.621,0.621,0.621,0.621,0.621,0.622,0.621,0.621,0.621,0.622,1.019
RGI60-16.00654,1.32,1.32,1.32,1.32,1.32,1.32,1.32,1.32,1.32,1.32,1.32,1.32,1.32,1.32,1.32,1.32,0.43,0.43,0.43,0.572,0.572,0.572,0.572,0.572,0.572,0.572,0.572,0.56,0.56,0.556,0.555,0.555,0.555,0.554,0.554,0.554,0.554,0.554,0.554,0.554,0.554,0.554,0.554,0.554,0.555,0.554,0.554,0.554,0.554,1.009
RGI60-16.00655,1.33,1.33,1.33,1.33,1.33,1.33,1.33,1.33,1.33,1.33,1.33,1.33,1.33,1.33,1.33,1.33,0.464,0.464,0.464,0.6,0.6,0.6,0.6,0.6,0.6,0.6,0.6,0.588,0.588,0.584,0.583,0.583,0.583,0.582,0.582,0.582,0.582,0.582,0.582,0.582,0.582,0.582,0.582,0.582,0.583,0.582,0.582,0.582,0.583,1.023
RGI60-16.00656,1.326,1.326,1.326,1.326,1.326,1.326,1.326,1.326,1.326,1.326,1.326,1.326,1.326,1.326,1.326,1.326,0.455,0.455,0.455,0.595,0.595,0.595,0.595,0.595,0.595,0.595,0.595,0.583,0.583,0.579,0.577,0.577,0.577,0.577,0.577,0.577,0.577,0.577,0.577,0.577,0.577,0.577,0.577,0.577,0.577,0.577,0.577,0.577,0.577,1.017
RGI60-16.00657,1.316,1.316,1.316,1.316,1.316,1.316,1.316,1.316,1.316,1.316,1.316,1.316,1.316,1.316,1.316,1.316,0.41,0.41,0.41,0.553,0.553,0.553,0.553,0.553,0.553,0.553,0.553,0.541,0.541,0.537,0.536,0.536,0.536,0.536,0.536,0.536,0.536,0.536,0.536,0.536,0.536,0.536,0.536,0.536,0.536,0.536,0.536,0.536,0.536,1.004
RGI60-16.00658,1.335,1.335,1.335,1.335,1.335,1.335,1.335,1.335,1.335,1.335,1.335,1.335,1.335,1.335,1.335,1.335,0.502,0.502,0.502,0.642,0.642,0.642,0.642,0.642,0.642,0.642,0.642,0.631,0.631,0.626,0.624,0.624,0.624,0.623,0.623,0.623,0.623,0.623,0.623,0.623,0.623,0.623,0.623,0.623,0.624,0.623,0.623,0.623,0.624,1.029
RGI60-16.00659,1.325,1.325,1.325,1.325,1.325,1.325,1.325,1.325,1.325,1.325,1.325,1.325,1.325,1.325,1.325,1.325,0.455,0.455,0.455,0.597,0.597,0.597,0.597,0.597,0.597,0.597,0.597,0.585,0.585,0.581,0.579,0.579,0.579,0.579,0.579,0.579,0.579,0.579,0.579,0.579,0.579,0.579,0.579,0.579,0.579,0.579,0.579,0.579,0.579,1.016
RGI60-16.00660,1.322,1.322,1.322,1.322,1.322,1.322,1.322,1.322,1.322,1.322,1.322,1.322,1.322,1.322,1.322,1.322,0.465,0.465,0.465,0.613,0.613,0.613,0.613,0.613,0.613,0.613,0.613,0.602,0.602,0.596,0.594,0.594,0.594,0.594,0.594,0.594,0.594,0.594,0.594,0.594,0.594,0.594,0.594,0.594,0.594,0.594,0.594,0.594,0.594,1.012
RGI60-16.00661,1.338,1.338,1.338,1.338,1.338,1.338,1.338,1.338,1.338,1.338,1.338,1.338,1.338,1.338,1.338,1.338,0.535,0.535,0.535,0.68,0.68,0.68,0.68,0.68,0.68,0.68,0.68,0.67,0.67,0.663,0.661,0.661,0.661,0.66,0.66,0.66,0.66,0.66,0.66,0.66,0.66,0.66,0.66,0.66,0.661,0.66,0.66,0.66,0.66,1.033
RGI60-16.00662,1.327,1.327,1.327,1.327,1.327,1.327,1.327,1.327,1.327,1.327,1.327,1.327,1.327,1.327,1.327,1.327,0.463,0.463,0.463,0.603,0.603,0.603,0.603,0.603,0.603,0.603,0.603,0.592,0.592,0.587,0.586,0.586,0.586,0.585,0.585,0.585,0.585,0.585,0.585,0.585,0.585,0.585,0.585,0.585,0.586,0.585,0.585,0.585,0.585,1.019
RGI60-16.00663,1.32,1.32,1.32,1.32,1.32,1.32,1.32,1.32,1.32,1.32,1.32,1.32,1.32,1.32,1.32,1.32,0.483,0.483,0.483,0.638,0.638,0.638,0.638,0.638,0.638,0.638,0.638,0.627,0.627,0.62,0.618,0.618,0.618,0.617,0.617,0.617,0.617,0.617,0.617,0.617,0.617,0.617,0.617,0.617,0.618,0.617,0.617,0.617,0.618,1.009
RGI60-16.00664,1.353,1.353,1.353,1.353,1.353,1.353,1.353,1.353,1.353,1.353,1.353,1.353,1.353,1.353,1.353,1.353,0.56,0.56,0.56,0.694,0.694,0.694,0.694,0.694,0.694,0.694,0.694,0.684,0.684,0.678,0.676,0.676,0.676,0.675,0.675,0.675,0.675,0.675,0.675,0.675,0.675,0.675,0.675,0.675,0.676,0.675,0.675,0.675,0.676,1.053
RGI60-16.00665,1.336,1.336,1.336,1.336,1.336,1.336,1.336,1.336,1.336,1.336,1.336,1.336,1.336,1.336,1.336,1.336,0.516,0.516,0.516,0.659,0.659,0.659,0.659,0.659,0.659,0.659,0.659,0.648,0.648,0.642,0.641,0.641,0.641,0.64,0.64,0.64,0.64,0.64,0.64,0.64,0.64,0.64,0.64,0.64,0.641,0.64,0.64,0.64,0.64,1.031
RGI60-16.00666,1.355,1.355,1.355,1.355,1.355,1.355,1.355,1.355,1.355,1.355,1.355,1.355,1.355,1.355,1.355,1.355,0.555,0.555,0.555,0.685,0.685,0.685,0.685,0.685,0.685,0.685,0.685,0.675,0.675,0.67,0.668,0.668,0.668,0.667,0.667,0.667,0.667,0.667,0.667,0.667,0.667,0.667,0.667,0.667,0.668,0.667,0.667,0.667,0.668,1.055
RGI60-16.00667,1.315,1.315,1.315,1.315,1.315,1.315,1.315,1.315,1.315,1.315,1.315,1.315,1.315,1.315,1.315,1.315,0.463,0.463,0.463,0.619,0.619,0.619,0.619,0.619,0.619,0.619,0.619,0.608,0.608,0.601,0.599,0.599,0.599,0.598,0.598,0.598,0.598,0.598,0.598,0.598,0.598,0.598,0.598,0.598,0.599,0.598,0.598,0.598,0.599,1.003
RGI60-16.00668,1.346,1.346,1.346,1.346,1.346,1.346,1.346,1.346,1.346,1.346,1.346,1.346,1.346,1.346,1.346,1.346,0.519,0.519,0.519,0.648,0.648,0.648,0.648,0.648,0.648,0.648,0.648,0.638,0.638,0.633,0.632,0.632,0.632,0.631,0.631,0.631,0.631,0.631,0.631,0.631,0.631,0.631,0.631,0.631,0.632,0.631,0.631,0.631,0.632,1.044
RGI60-16.00669,1.325,1.325,1.325,1.325,1.325,1.325,1.325,1.325,1.325,1.325,1.325,1.325,1.325,1.325,1.325,1.325,0.489,0.489,0.489,0.639,0.639,0.639,0.639,0.639,0.639,0.639,0.639,0.628,0.628,0.622,0.62,0.62,0.62,0.619,0.619,0.619,0.619,0.619,0.619,0.619,0.619,0.619,0.619,0.619,0.62,0.619,0.619,0.619,0.62,1.016
RGI60-16.00670,1.317,1.317,1.317,1.317,1.317,1.317,1.317,1.317,1.317,1.317,1.317,1.317,1.317,1.317,1.317,1.317,0.474,0.474,0.474,0.63,0.63,0.63,0.63,0.63,0.63,0.63,0.63,0.619,0.619,0.612,0.61,0.61,0.61,0.609,0.609,0.609,0.609,0.609,0.609,0.609,0.609,0.609,0.609,0.609,0.61,0.609,0.609,0.609,0.61,1.006
RGI60-16.00671,1.353,1.353,1.353,1.353,1.353,1.353,1.353,1.353,1.353,1.353,1.353,1.353,1.353,1.353,1.353,1.353,0.535,0.535,0.535,0.66,0.66,0.66,0.66,0.66,0.66,0.66,0.66,0.649,0.649,0.645,0.644,0.644,0.644,0.643,0.643,0.643,0.643,0.643,0.643,0.643,0.643,0.643,0.643,0.643,0.644,0.643,0.643,0.643,0.644,1.053
RGI60-16.00672,1.318,1.318,1.318,1.318,1.318,1.318,1.318,1.318,1.318,1.318,1.318,1.318,1.318,1.318,1.318,1.318,0.421,0.421,0.421,0.562,0.562,0.562,0.562,0.562,0.562,0.562,0.562,0.55,0.55,0.546,0.545,0.545,0.545,0.544,0.544,0.544,0.544,0.544,0.544,0.544,0.544,0.544,0.544,0.544,0.545,0.544,0.544,0.544,0.545,1.007
RGI60-16.00673,1.318,1.318,1.318,1.318,1.318,1.318,1.318,1.318,1.318,1.318,1.318,1.318,1.318,1.318,1.318,1.318,0.471,0.471,0.471,0.627,0.627,0.627,0.627,0.627,0.627,0.627,0.627,0.615,0.615,0.608,0.607,0.607,0.607,0.606,0.606,0.606,0.606,0.606,0.606,0.606,0.606,0.606,0.606,0.606,0.607,0.606,0.606,0.606,0.606,1.007
RGI60-16.00674,1.398,1.398,1.398,1.398,1.398,1.398,1.398,1.398,1.398,1.398,1.398,1.398,1.398,1.398,1.398,1.398,0.66,0.66,0.66,0.776,0.776,0.776,0.776,0.776,0.776,0.776,0.776,0.767,0.767,0.762,0.761,0.761,0.761,0.76,0.76,0.76,0.76,0.76,0.76,0.76,0.76,0.76,0.76,0.76,0.761,0.76,0.76,0.76,0.76,1.11
RGI60-16.00675,1.316,1.316,1.316,1.316,1.316,1.316,1.316,1.316,1.316,1.316,1.316,1.316,1.316,1.316,1.316,1.316,0.461,0.461,0.461,0.617,0.617,0.617,0.617,0.617,0.617,0.617,0.617,0.605,0.605,0.599,0.597,0.597,0.597,0.596,0.596,0.596,0.596,0.596,0.596,0.596,0.596,0.596,0.596,0.596,0.597,0.596,0.596,0.596,0.597,1.004
RGI60-16.00676,1.315,1.315,1.315,1.315,1.315,1.315,1.315,1.315,1.315,1.315,1.315,1.315,1.315,1.315,1.315,1.315,0.449,0.449,0.449,0.603,0.603,0.603,0.603,0.603,0.603,0.603,0.603,0.592,0.592,0.586,0.584,0.584,0.584,0.583,0.583,0.583,0.583,0.583,0.583,0.583,0.583,0.583,0.583,0.583,0.584,0.583,0.583,0.583,0.584,1.002
RGI60-16.00677,1.413,1.413,1.413,1.413,1.413,1.413,1.413,1.413,1.413,1.413,1.413,1.413,1.413,1.413,1.413,1.413,0.675,0.675,0.675,0.78,0.78,0.78,0.78,0.78,0.78,0.78,0.78,0.771,0.771,0.767,0.766,0.766,0.766,0.766,0.766,0.766,0.766,0.766,0.766,0.766,0.766,0.766,0.766,0.766,0.766,0.766,0.766,0.766,0.766,1.128
RGI60-16.00678,1.316,1.316,1.316,1.316,1.316,1.316,1.316,1.316,1.316,1.316,1.316,1.316,1.316,1.316,1.316,1.316,0.44,0.44,0.44,0.591,0.591,0.591,0.591,0.591,0.591,0.591,0.591,0.579,0.579,0.574,0.573,0.573,0.573,0.572,0.572,0.572,0.572,0.572,0.572,0.572,0.572,0.572,0.572,0.572,0.573,0.572,0.572,0.572,0.572,1.004
RGI60-16.00679,1.323,1.323,1.323,1.323,1.323,1.323,1.323,1.323,1.323,1.323,1.323,1.323,1.323,1.323,1.323,1.323,0.431,0.431,0.431,0.569,0.569,0.569,0.569,0.569,0.569,0.569,0.569,0.557,0.557,0.553,0.552,0.552,0.552,0.551,0.551,0.551,0.551,0.551,0.551,0.551,0.551,0.551,0.551,0.551,0.552,0.551,0.551,0.551,0.552,1.013
RGI60-16.00680,1.369,1.369,1.369,1.369,1.369,1.369,1.369,1.369,1.369,1.369,1.369,1.369,1.369,1.369,1.369,1.369,0.555,0.555,0.555,0.666,0.666,0.666,0.666,0.666,0.666,0.666,0.666,0.656,0.656,0.653,0.652,0.652,0.652,0.651,0.651,0.651,0.651,0.651,0.651,0.651,0.651,0.651,0.651,0.651,0.652,0.651,0.651,0.651,0.652,1.073
RGI60-16.00681,1.344,1.344,1.344,1.344,1.344,1.344,1.344,1.344,1.344,1.344,1.344,1.344,1.344,1.344,1.344,1.344,0.493,0.493,0.493,0.616,0.616,0.616,0.616,0.616,0.616,0.616,0.616,0.605,0.605,0.602,0.601,0.601,0.601,0.6,0.6,0.6,0.6,0.6,0.6,0.6,0.6,0.6,0.6,0.6,0.601,0.6,0.6,0.6,0.601,1.041
RGI60-16.00682,1.346,1.346,1.346,1.346,1.346,1.346,1.346,1.346,1.346,1.346,1.346,1.346,1.346,1.346,1.346,1.346,0.5,0.5,0.5,0.623,0.623,0.623,0.623,0.623,0.623,0.623,0.623,0.612,0.612,0.609,0.608,0.608,0.608,0.607,0.607,0.607,0.607,0.607,0.607,0.607,0.607,0.607,0.607,0.607,0.608,0.607,0.607,0.607,0.608,1.043
RGI60-16.00683,1.32,1.32,1.32,1.32,1.32,1.32,1.32,1.32,1.32,1.32,1.32,1.32,1.32,1.32,1.32,1.32,0.419,0.419,0.419,0.556,0.556,0.556,0.556,0.556,0.556,0.556,0.556,0.544,0.544,0.541,0.54,0.54,0.54,0.539,0.539,0.539,0.539,0.539,0.539,0.539,0.539,0.539,0.539,0.539,0.54,0.539,0.539,0.539,0.539,1.01
RGI60-16.00684,1.342,1.342,1.342,1.342,1.342,1.342,1.342,1.342,1.342,1.342,1.342,1.342,1.342,1.342,1.342,1.342,0.495,0.495,0.495,0.622,0.622,0.622,0.622,0.622,0.622,0.622,0.622,0.612,0.612,0.608,0.607,0.607,0.607,0.606,0.606,0.606,0.606,0.606,0.606,0.606,0.606,0.606,0.606,0.606,0.607,0.606,0.606,0.606,0.606,1.038
RGI60-16.00685,1.317,1.317,1.317,1.317,1.317,1.317,1.317,1.317,1.317,1.317,1.317,1.317,1.317,1.317,1.317,1.317,0.426,0.426,0.426,0.572,0.572,0.572,0.572,0.572,0.572,0.572,0.572,0.56,0.56,0.555,0.554,0.554,0.554,0.553,0.553,0.553,0.553,0.553,0.553,0.553,0.553,0.553,0.553,0.553,0.554,0.553,0.553,0.553,0.554,1.005
RGI60-16.00686,1.334,1.334,1.334,1.334,1.334,1.334,1.334,1.334,1.334,1.334,1.334,1.334,1.334,1.334,1.334,1.334,0.499,0.499,0.499,0.64,0.64,0.64,0.64,0.64,0.64,0.64,0.64,0.629,0.629,0.624,0.622,0.622,0.622,0.622,0.622,0.622,0.622,0.622,0.622,0.622,0.622,0.622,0.622,0.622,0.622,0.622,0.622,0.622,0.622,1.027
RGI60-16.00687,1.32,1.32,1.32,1.32,1.32,1.32,1.32,1.32,1.32,1.32,1.32,1.32,1.32,1.32,1.32,1.32,0.458,0.458,0.458,0.607,0.607,0.607,0.607,0.607,0.607,0.607,0.607,0.595,0.595,0.59,0.588,0.588,0.588,0.587,0.587,0.587,0.587,0.587,0.587,0.587,0.587,0.587,0.587,0.587,0.588,0.587,0.587,0.587,0.588,1.009
RGI60-16.00688,1.357,1.357,1.357,1.357,1.357,1.357,1.357,1.357,1.357,1.357,1.357,1.357,1.357,1.357,1.357,1.357,0.568,0.568,0.568,0.7,0.7,0.7,0.7,0.7,0.7,0.7,0.7,0.69,0.69,0.685,0.683,0.683,0.683,0.682,0.682,0.682,0.682,0.682,0.682,0.682,0.682,0.682,0.682,0.682,0.683,0.682,0.682,0.682,0.683,1.057
RGI60-16.00689,1.325,1.325,1.325,1.325,1.325,1.325,1.325,1.325,1.325,1.325,1.325,1.325,1.325,1.325,1.325,1.325,0.485,0.485,0.485,0.634,0.634,0.634,0.634,0.634,0.634,0.634,0.634,0.623,0.623,0.617,0.615,0.615,0.615,0.614,0.614,0.614,0.614,0.614,0.614,0.614,0.614,0.614,0.614,0.614,0.615,0.614,0.614,0.614,0.615,1.016
RGI60-16.00690,1.324,1.324,1.324,1.324,1.324,1.324,1.324,1.324,1.324,1.324,1.324,1.324,1.324,1.324,1.324,1.324,0.484,0.484,0.484,0.634,0.634,0.634,0.634,0.634,0.634,0.634,0.634,0.622,0.622,0.616,0.614,0.614,0.614,0.614,0.614,0.614,0.614,0.614,0.614,0.614,0.614,0.614,0.614,0.614,0.614,0.614,0.614,0.614,0.614,1.015
RGI60-16.00691,1.315,1.315,1.315,1.315,1.315,1.315,1.315,1.315,1.315,1.315,1.315,1.315,1.315,1.315,1.315,1.315,0.461,0.461,0.461,0.617,0.617,0.617,0.617,0.617,0.617,0.617,0.617,0.606,0.606,0.599,0.597,0.597,0.597,0.596,0.596,0.596,0.596,0.596,0.596,0.596,0.596,0.596,0.596,0.596,0.597,0.596,0.596,0.596,0.597,1.003
RGI60-16.00692,1.326,1.326,1.326,1.326,1.326,1.326,1.326,1.326,1.326,1.326,1.326,1.326,1.326,1.326,1.326,1.326,0.503,0.503,0.503,0.654,0.654,0.654,0.654,0.654,0.654,0.654,0.654,0.643,0.643,0.636,0.635,0.635,0.635,0.634,0.634,0.634,0.634,0.634,0.634,0.634,0.634,0.634,0.634,0.634,0.635,0.634,0.634,0.634,0.634,1.018
RGI60-16.00693,1.318,1.318,1.318,1.318,1.318,1.318,1.318,1.318,1.318,1.318,1.318,1.318,1.318,1.318,1.318,1.318,0.476,0.476,0.476,0.631,0.631,0.631,0.631,0.631,0.631,0.631,0.631,0.62,0.62,0.613,0.611,0.611,0.611,0.61,0.61,0.61,0.61,0.61,0.61,0.61,0.61,0.61,0.61,0.61,0.611,0.61,0.61,0.61,0.611,1.007
RGI60-16.00694,1.369,1.369,1.369,1.369,1.369,1.369,1.369,1.369,1.369,1.369,1.369,1.369,1.369,1.369,1.369,1.369,0.483,0.483,0.483,0.558,0.558,0.558,0.558,0.558,0.558,0.558,0.558,0.547,0.547,0.547,0.547,0.547,0.547,0.546,0.546,0.546,0.546,0.546,0.546,0.546,0.546,0.546,0.546,0.546,0.547,0.546,0.546,0.546,0.547,1.072
RGI60-16.00695,1.439,1.439,1.439,1.439,1.439,1.439,1.439,1.439,1.439,1.439,1.439,1.439,1.439,1.439,1.439,1.439,0.785,0.785,0.785,0.922,0.922,0.922,0.922,0.922,0.922,0.922,0.922,0.908,0.908,0.899,0.897,0.897,0.897,0.895,0.895,0.895,0.895,0.895,0.895,0.895,0.895,0.895,0.895,0.895,0.897,0.895,0.895,0.895,0.896,1.16
RGI60-16.00696,1.36,1.36,1.36,1.36,1.36,1.36,1.36,1.36,1.36,1.36,1.36,1.36,1.36,1.36,1.36,1.36,0.572,0.572,0.572,0.703,0.703,0.703,0.703,0.703,0.703,0.703,0.703,0.692,0.692,0.687,0.685,0.685,0.685,0.685,0.685,0.685,0.685,0.685,0.685,0.685,0.685,0.685,0.685,0.685,0.685,0.685,0.685,0.685,0.685,1.061
RGI60-16.00697,2.18,2.18,2.18,2.18,2.18,2.18,2.18,2.18,2.18,2.18,2.18,2.18,2.18,2.18,2.18,2.18,1.798,1.798,1.798,1.845,1.845,1.845,1.845,1.845,1.845,1.845,1.845,1.841,1.841,1.839,1.838,1.838,1.838,1.838,1.838,1.838,1.838,1.838,1.838,1.838,1.838,1.838,1.838,1.838,1.838,1.838,1.838,1.838,1.838,2.007
RGI60-16.00698,1.328,1.328,1.328,1.328,1.328,1.328,1.328,1.328,1.328,1.328,1.328,1.328,1.328,1.328,1.328,1.328,0.497,0.497,0.497,0.646,0.646,0.646,0.646,0.646,0.646,0.646,0.646,0.634,0.634,0.628,0.626,0.626,0.626,0.625,0.625,0.625,0.625,0.625,0.625,0.625,0.625,0.625,0.625,0.625,0.626,0.625,0.625,0.625,0.626,1.019
RGI60-16.00699,1.379,1.379,1.379,1.379,1.379,1.379,1.379,1.379,1.379,1.379,1.379,1.379,1.379,1.379,1.379,1.379,0.622,0.622,0.622,0.747,0.747,0.747,0.747,0.747,0.747,0.747,0.747,0.737,0.737,0.731,0.73,0.73,0.73,0.729,0.729,0.729,0.729,0.729,0.729,0.729,0.729,0.729,0.729,0.729,0.73,0.729,0.729,0.729,0.73,1.086
RGI60-16.00700,1.334,1.334,1.334,1.334,1.334,1.334,1.334,1.334,1.334,1.334,1.334,1.334,1.334,1.334,1.334,1.334,0.509,0.509,0.509,0.652,0.652,0.652,0.652,0.652,0.652,0.652,0.652,0.641,0.641,0.635,0.633,0.633,0.633,0.632,0.632,0.632,0.632,0.632,0.632,0.632,0.632,0.632,0.632,0.632,0.633,0.632,0.632,0.632,0.633,1.028
RGI60-16.00701,1.326,1.326,1.326,1.326,1.326,1.326,1.326,1.326,1.326,1.326,1.326,1.326,1.326,1.326,1.326,1.326,0.485,0.485,0.485,0.633,0.633,0.633,0.633,0.633,0.633,0.633,0.633,0.622,0.622,0.616,0.614,0.614,0.614,0.613,0.613,0.613,0.613,0.613,0.613,0.613,0.613,0.613,0.613,0.613,0.614,0.613,0.613,0.613,0.614,1.017
RGI60-16.00702,1.409,1.409,1.409,1.409,1.409,1.409,1.409,1.409,1.409,1.409,1.409,1.409,1.409,1.409,1.409,1.409,0.682,0.682,0.682,0.795,0.795,0.795,0.795,0.795,0.795,0.795,0.795,0.786,0.786,0.781,0.779,0.779,0.779,0.779,0.779,0.779,0.779,0.779,0.779,0.779,0.779,0.779,0.779,0.779,0.779,0.779,0.779,0.779,0.779,1.123
RGI60-16.00703,1.339,1.339,1.339,1.339,1.339,1.339,1.339,1.339,1.339,1.339,1.339,1.339,1.339,1.339,1.339,1.339,0.52,0.52,0.52,0.66,0.66,0.66,0.66,0.66,0.66,0.66,0.66,0.649,0.649,0.643,0.642,0.642,0.642,0.641,0.641,0.641,0.641,0.641,0.641,0.641,0.641,0.641,0.641,0.641,0.642,0.641,0.641,0.641,0.641,1.035
RGI60-16.00704,1.324,1.324,1.324,1.324,1.324,1.324,1.324,1.324,1.324,1.324,1.324,1.324,1.324,1.324,1.324,1.324,0.483,0.483,0.483,0.632,0.632,0.632,0.632,0.632,0.632,0.632,0.632,0.621,0.621,0.615,0.613,0.613,0.613,0.612,0.612,0.612,0.612,0.612,0.612,0.612,0.612,0.612,0.612,0.612,0.613,0.612,0.612,0.612,0.613,1.015
RGI60-16.00705,1.32,1.32,1.32,1.32,1.32,1.32,1.32,1.32,1.32,1.32,1.32,1.32,1.32,1.32,1.32,1.32,0.473,0.473,0.473,0.627,0.627,0.627,0.627,0.627,0.627,0.627,0.627,0.615,0.615,0.609,0.607,0.607,0.607,0.606,0.606,0.606,0.606,0.606,0.606,0.606,0.606,0.606,0.606,0.606,0.607,0.606,0.606,0.606,0.606,1.009
RGI60-16.00706,1.335,1.335,1.335,1.335,1.335,1.335,1.335,1.335,1.335,1.335,1.335,1.335,1.335,1.335,1.335,1.335,0.525,0.525,0.525,0.671,0.671,0.671,0.671,0.671,0.671,0.671,0.671,0.66,0.66,0.653,0.652,0.652,0.652,0.651,0.651,0.651,0.651,0.651,0.651,0.651,0.651,0.651,0.651,0.651,0.652,0.651,0.651,0.651,0.651,1.029
RGI60-16.00707,1.773,1.773,1.773,1.773,1.773,1.773,1.773,1.773,1.773,1.773,1.773,1.773,1.773,1.773,1.773,1.773,1.279,1.279,1.279,1.345,1.345,1.345,1.345,1.345,1.345,1.345,1.345,1.34,1.34,1.336,1.336,1.336,1.336,1.335,1.335,1.335,1.335,1.335,1.335,1.335,1.335,1.335,1.335,1.335,1.336,1.335,1.335,1.335,1.335,1.555
RGI60-16.00708,1.346,1.346,1.346,1.346,1.346,1.346,1.346,1.346,1.346,1.346,1.346,1.346,1.346,1.346,1.346,1.346,0.552,0.552,0.552,0.692,0.692,0.692,0.692,0.692,0.692,0.692,0.692,0.682,0.682,0.675,0.674,0.674,0.674,0.673,0.673,0.673,0.673,0.673,0.673,0.673,0.673,0.673,0.673,0.673,0.674,0.673,0.673,0.673,0.673,1.044
RGI60-16.00709,1.343,1.343,1.343,1.343,1.343,1.343,1.343,1.343,1.343,1.343,1.343,1.343,1.343,1.343,1.343,1.343,0.542,0.542,0.542,0.683,0.683,0.683,0.683,0.683,0.683,0.683,0.683,0.673,0.673,0.666,0.664,0.664,0.664,0.663,0.663,0.663,0.663,0.663,0.663,0.663,0.663,0.663,0.663,0.663,0.664,0.663,0.663,0.663,0.664,1.039
RGI60-16.00710,1.36,1.36,1.36,1.36,1.36,1.36,1.36,1.36,1.36,1.36,1.36,1.36,1.36,1.36,1.36,1.36,0.623,0.623,0.623,0.768,0.768,0.768,0.768,0.768,0.768,0.768,0.768,0.758,0.758,0.749,0.746,0.746,0.746,0.745,0.745,0.745,0.745,0.745,0.745,0.745,0.745,0.745,0.745,0.745,0.746,0.745,0.745,0.745,0.746,1.061
RGI60-16.00711,1.336,1.336,1.336,1.336,1.336,1.336,1.336,1.336,1.336,1.336,1.336,1.336,1.336,1.336,1.336,1.336,0.551,0.551,0.551,0.703,0.703,0.703,0.703,0.703,0.703,0.703,0.703,0.693,0.693,0.684,0.682,0.682,0.682,0.681,0.681,0.681,0.681,0.681,0.681,0.681,0.681,0.681,0.681,0.681,0.682,0.681,0.681,0.681,0.682,1.03
RGI60-16.00712,1.314,1.314,1.314,1.314,1.314,1.314,1.314,1.314,1.314,1.314,1.314,1.314,1.314,1.314,1.314,1.314,0.509,0.509,0.509,0.677,0.677,0.677,0.677,0.677,0.677,0.677,0.677,0.666,0.666,0.656,0.653,0.653,0.653,0.652,0.652,0.652,0.652,0.652,0.652,0.652,0.652,0.652,0.652,0.652,0.653,0.652,0.652,0.652,0.653,1.002
RGI60-16.00713,1.42,1.42,1.42,1.42,1.42,1.42,1.42,1.42,1.42,1.42,1.42,1.42,1.42,1.42,1.42,1.42,0.744,0.744,0.744,0.868,0.868,0.868,0.868,0.868,0.868,0.868,0.868,0.86,0.86,0.852,0.85,0.85,0.85,0.849,0.849,0.849,0.849,0.849,0.849,0.849,0.849,0.849,0.849,0.849,0.85,0.849,0.849,0.849,0.849,1.137
RGI60-16.00714,1.316,1.316,1.316,1.316,1.316,1.316,1.316,1.316,1.316,1.316,1.316,1.316,1.316,1.316,1.316,1.316,0.516,0.516,0.516,0.682,0.682,0.682,0.682,0.682,0.682,0.682,0.682,0.672,0.672,0.661,0.659,0.659,0.659,0.657,0.657,0.657,0.657,0.657,0.657,0.657,0.657,0.657,0.657,0.657,0.659,0.657,0.657,0.657,0.658,1.004
RGI60-16.00715,1.376,1.376,1.376,1.376,1.376,1.376,1.376,1.376,1.376,1.376,1.376,1.376,1.376,1.376,1.376,1.376,0.644,0.644,0.644,0.779,0.779,0.779,0.779,0.779,0.779,0.779,0.779,0.77,0.77,0.762,0.76,0.76,0.76,0.759,0.759,0.759,0.759,0.759,0.759,0.759,0.759,0.759,0.759,0.759,0.76,0.759,0.759,0.759,0.759,1.081
RGI60-16.00716,1.315,1.315,1.315,1.315,1.315,1.315,1.315,1.315,1.315,1.315,1.315,1.315,1.315,1.315,1.315,1.315,0.5,0.5,0.5,0.665,0.665,0.665,0.665,0.665,0.665,0.665,0.665,0.654,0.654,0.645,0.642,0.642,0.642,0.641,0.641,0.641,0.641,0.641,0.641,0.641,0.641,0.641,0.641,0.641,0.642,0.641,0.641,0.641,0.642,1.003
RGI60-16.00717,1.314,1.314,1.314,1.314,1.314,1.314,1.314,1.314,1.314,1.314,1.314,1.314,1.314,1.314,1.314,1.314,0.49,0.49,0.49,0.653,0.653,0.653,0.653,0.653,0.653,0.653,0.653,0.642,0.642,0.633,0.631,0.631,0.631,0.63,0.63,0.63,0.63,0.63,0.63,0.63,0.63,0.63,0.63,0.63,0.631,0.63,0.63,0.63,0.631,1.002
RGI60-16.00718,1.319,1.319,1.319,1.319,1.319,1.319,1.319,1.319,1.319,1.319,1.319,1.319,1.319,1.319,1.319,1.319,0.522,0.522,0.522,0.687,0.687,0.687,0.687,0.687,0.687,0.687,0.687,0.676,0.676,0.666,0.663,0.663,0.663,0.662,0.662,0.662,0.662,0.662,0.662,0.662,0.662,0.662,0.662,0.662,0.663,0.662,0.662,0.662,0.663,1.008
RGI60-16.00719,1.318,1.318,1.318,1.318,1.318,1.318,1.318,1.318,1.318,1.318,1.318,1.318,1.318,1.318,1.318,1.318,0.495,0.495,0.495,0.656,0.656,0.656,0.656,0.656,0.656,0.656,0.656,0.645,0.645,0.637,0.635,0.635,0.635,0.634,0.634,0.634,0.634,0.634,0.634,0.634,0.634,0.634,0.634,0.634,0.635,0.634,0.634,0.634,0.634,1.006
RGI60-16.00720,1.341,1.341,1.341,1.341,1.341,1.341,1.341,1.341,1.341,1.341,1.341,1.341,1.341,1.341,1.341,1.341,0.559,0.559,0.559,0.707,0.707,0.707,0.707,0.707,0.707,0.707,0.707,0.697,0.697,0.689,0.687,0.687,0.687,0.685,0.685,0.685,0.685,0.685,0.685,0.685,0.685,0.685,0.685,0.685,0.687,0.685,0.685,0.685,0.686,1.037
RGI60-16.00721,1.312,1.312,1.312,1.312,1.312,1.312,1.312,1.312,1.312,1.312,1.312,1.312,1.312,1.312,1.312,1.312,0.491,0.491,0.491,0.657,0.657,0.657,0.657,0.657,0.657,0.657,0.657,0.646,0.646,0.637,0.634,0.634,0.634,0.633,0.633,0.633,0.633,0.633,0.633,0.633,0.633,0.633,0.633,0.633,0.634,0.633,0.633,0.633,0.634,0.999
RGI60-16.00722,1.319,1.319,1.319,1.319,1.319,1.319,1.319,1.319,1.319,1.319,1.319,1.319,1.319,1.319,1.319,1.319,0.506,0.506,0.506,0.668,0.668,0.668,0.668,0.668,0.668,0.668,0.668,0.657,0.657,0.648,0.646,0.646,0.646,0.644,0.644,0.644,0.644,0.644,0.644,0.644,0.644,0.644,0.644,0.644,0.646,0.644,0.644,0.644,0.645,1.008
RGI60-16.00723,1.316,1.316,1.316,1.316,1.316,1.316,1.316,1.316,1.316,1.316,1.316,1.316,1.316,1.316,1.316,1.316,0.496,0.496,0.496,0.66,0.66,0.66,0.66,0.66,0.66,0.66,0.66,0.649,0.649,0.64,0.638,0.638,0.638,0.636,0.636,0.636,0.636,0.636,0.636,0.636,0.636,0.636,0.636,0.636,0.638,0.636,0.636,0.636,0.637,1.004
RGI60-16.00724,1.319,1.319,1.319,1.319,1.319,1.319,1.319,1.319,1.319,1.319,1.319,1.319,1.319,1.319,1.319,1.319,0.513,0.513,0.513,0.676,0.676,0.676,0.676,0.676,0.676,0.676,0.676,0.665,0.665,0.656,0.654,0.654,0.654,0.652,0.652,0.652,0.652,0.652,0.652,0.652,0.652,0.652,0.652,0.652,0.654,0.652,0.652,0.652,0.653,1.008
RGI60-16.00725,1.317,1.317,1.317,1.317,1.317,1.317,1.317,1.317,1.317,1.317,1.317,1.317,1.317,1.317,1.317,1.317,0.492,0.492,0.492,0.653,0.653,0.653,0.653,0.653,0.653,0.653,0.653,0.642,0.642,0.634,0.631,0.631,0.631,0.63,0.63,0.63,0.63,0.63,0.63,0.63,0.63,0.63,0.63,0.63,0.631,0.63,0.63,0.63,0.631,1.006
RGI60-16.00726,1.312,1.312,1.312,1.312,1.312,1.312,1.312,1.312,1.312,1.312,1.312,1.312,1.312,1.312,1.312,1.312,0.491,0.491,0.491,0.658,0.658,0.658,0.658,0.658,0.658,0.658,0.658,0.647,0.647,0.638,0.635,0.635,0.635,0.634,0.634,0.634,0.634,0.634,0.634,0.634,0.634,0.634,0.634,0.634,0.635,0.634,0.634,0.634,0.635,0.999
RGI60-16.00727,1.32,1.32,1.32,1.32,1.32,1.32,1.32,1.32,1.32,1.32,1.32,1.32,1.32,1.32,1.32,1.32,0.498,0.498,0.498,0.656,0.656,0.656,0.656,0.656,0.656,0.656,0.656,0.645,0.645,0.637,0.635,0.635,0.635,0.634,0.634,0.634,0.634,0.634,0.634,0.634,0.634,0.634,0.634,0.634,0.635,0.634,0.634,0.634,0.634,1.01
RGI60-16.00728,1.32,1.32,1.32,1.32,1.32,1.32,1.32,1.32,1.32,1.32,1.32,1.32,1.32,1.32,1.32,1.32,0.512,0.512,0.512,0.673,0.673,0.673,0.673,0.673,0.673,0.673,0.673,0.662,0.662,0.653,0.651,0.651,0.651,0.65,0.65,0.65,0.65,0.65,0.65,0.65,0.65,0.65,0.65,0.65,0.651,0.65,0.65,0.65,0.65,1.01
RGI60-16.00729,1.313,1.313,1.313,1.313,1.313,1.313,1.313,1.313,1.313,1.313,1.313,1.313,1.313,1.313,1.313,1.313,0.505,0.505,0.505,0.673,0.673,0.673,0.673,0.673,0.673,0.673,0.673,0.662,0.662,0.652,0.649,0.649,0.649,0.648,0.648,0.648,0.648,0.648,0.648,0.648,0.648,0.648,0.648,0.648,0.649,0.648,0.648,0.648,0.649,1.0
RGI60-16.00730,1.324,1.324,1.324,1.324,1.324,1.324,1.324,1.324,1.324,1.324,1.324,1.324,1.324,1.324,1.324,1.324,0.518,0.518,0.518,0.676,0.676,0.676,0.676,0.676,0.676,0.676,0.676,0.665,0.665,0.656,0.654,0.654,0.654,0.653,0.653,0.653,0.653,0.653,0.653,0.653,0.653,0.653,0.653,0.653,0.654,0.653,0.653,0.653,0.654,1.014
RGI60-16.00731,1.35,1.35,1.35,1.35,1.35,1.35,1.35,1.35,1.35,1.35,1.35,1.35,1.35,1.35,1.35,1.35,0.581,0.581,0.581,0.725,0.725,0.725,0.725,0.725,0.725,0.725,0.725,0.715,0.715,0.707,0.705,0.705,0.705,0.704,0.704,0.704,0.704,0.704,0.704,0.704,0.704,0.704,0.704,0.704,0.705,0.704,0.704,0.704,0.704,1.049
RGI60-16.00732,1.337,1.337,1.337,1.337,1.337,1.337,1.337,1.337,1.337,1.337,1.337,1.337,1.337,1.337,1.337,1.337,0.549,0.549,0.549,0.699,0.699,0.699,0.699,0.699,0.699,0.699,0.699,0.688,0.688,0.68,0.678,0.678,0.678,0.677,0.677,0.677,0.677,0.677,0.677,0.677,0.677,0.677,0.677,0.677,0.678,0.677,0.677,0.677,0.678,1.032
RGI60-16.00733,1.313,1.313,1.313,1.313,1.313,1.313,1.313,1.313,1.313,1.313,1.313,1.313,1.313,1.313,1.313,1.313,0.502,0.502,0.502,0.67,0.67,0.67,0.67,0.67,0.67,0.67,0.67,0.659,0.659,0.649,0.646,0.646,0.646,0.645,0.645,0.645,0.645,0.645,0.645,0.645,0.645,0.645,0.645,0.645,0.646,0.645,0.645,0.645,0.646,1.0
RGI60-16.00734,1.316,1.316,1.316,1.316,1.316,1.316,1.316,1.316,1.316,1.316,1.316,1.316,1.316,1.316,1.316,1.316,0.515,0.515,0.515,0.681,0.681,0.681,0.681,0.681,0.681,0.681,0.681,0.671,0.671,0.66,0.658,0.658,0.658,0.657,0.657,0.657,0.657,0.657,0.657,0.657,0.657,0.657,0.657,0.657,0.658,0.657,0.657,0.657,0.657,1.004
RGI60-16.00735,1.312,1.312,1.312,1.312,1.312,1.312,1.312,1.312,1.312,1.312,1.312,1.312,1.312,1.312,1.312,1.312,0.496,0.496,0.496,0.664,0.664,0.664,0.664,0.664,0.664,0.664,0.664,0.653,0.653,0.643,0.641,0.641,0.641,0.64,0.64,0.64,0.64,0.64,0.64,0.64,0.64,0.64,0.64,0.64,0.641,0.64,0.64,0.64,0.641,0.999
RGI60-16.00736,1.314,1.314,1.314,1.314,1.314,1.314,1.314,1.314,1.314,1.314,1.314,1.314,1.314,1.314,1.314,1.314,0.497,0.497,0.497,0.662,0.662,0.662,0.662,0.662,0.662,0.662,0.662,0.651,0.651,0.641,0.639,0.639,0.639,0.638,0.638,0.638,0.638,0.638,0.638,0.638,0.638,0.638,0.638,0.638,0.639,0.638,0.638,0.638,0.639,1.002
RGI60-16.00737,1.328,1.328,1.328,1.328,1.328,1.328,1.328,1.328,1.328,1.328,1.328,1.328,1.328,1.328,1.328,1.328,0.535,0.535,0.535,0.692,0.692,0.692,0.692,0.692,0.692,0.692,0.692,0.682,0.682,0.672,0.67,0.67,0.67,0.669,0.669,0.669,0.669,0.669,0.669,0.669,0.669,0.669,0.669,0.669,0.67,0.669,0.669,0.669,0.67,1.019
RGI60-16.00738,1.319,1.319,1.319,1.319,1.319,1.319,1.319,1.319,1.319,1.319,1.319,1.319,1.319,1.319,1.319,1.319,0.501,0.501,0.501,0.661,0.661,0.661,0.661,0.661,0.661,0.661,0.661,0.65,0.65,0.642,0.639,0.639,0.639,0.638,0.638,0.638,0.638,0.638,0.638,0.638,0.638,0.638,0.638,0.638,0.639,0.638,0.638,0.638,0.639,1.008
RGI60-16.00739,1.318,1.318,1.318,1.318,1.318,1.318,1.318,1.318,1.318,1.318,1.318,1.318,1.318,1.318,1.318,1.318,0.503,0.503,0.503,0.665,0.665,0.665,0.665,0.665,0.665,0.665,0.665,0.654,0.654,0.645,0.643,0.643,0.643,0.642,0.642,0.642,0.642,0.642,0.642,0.642,0.642,0.642,0.642,0.642,0.643,0.642,0.642,0.642,0.643,1.006
RGI60-16.00740,1.334,1.334,1.334,1.334,1.334,1.334,1.334,1.334,1.334,1.334,1.334,1.334,1.334,1.334,1.334,1.334,0.546,0.546,0.546,0.7,0.7,0.7,0.7,0.7,0.7,0.7,0.7,0.689,0.689,0.681,0.678,0.678,0.678,0.677,0.677,0.677,0.677,0.677,0.677,0.677,0.677,0.677,0.677,0.677,0.678,0.677,0.677,0.677,0.678,1.027
RGI60-16.00741,1.339,1.339,1.339,1.339,1.339,1.339,1.339,1.339,1.339,1.339,1.339,1.339,1.339,1.339,1.339,1.339,0.558,0.558,0.558,0.709,0.709,0.709,0.709,0.709,0.709,0.709,0.709,0.699,0.699,0.69,0.688,0.688,0.688,0.687,0.687,0.687,0.687,0.687,0.687,0.687,0.687,0.687,0.687,0.687,0.688,0.687,0.687,0.687,0.687,1.034
RGI60-16.00742,1.337,1.337,1.337,1.337,1.337,1.337,1.337,1.337,1.337,1.337,1.337,1.337,1.337,1.337,1.337,1.337,0.555,0.555,0.555,0.707,0.707,0.707,0.707,0.707,0.707,0.707,0.707,0.697,0.697,0.688,0.686,0.686,0.686,0.685,0.685,0.685,0.685,0.685,0.685,0.685,0.685,0.685,0.685,0.685,0.686,0.685,0.685,0.685,0.685,1.031
RGI60-16.00743,1.339,1.339,1.339,1.339,1.339,1.339,1.339,1.339,1.339,1.339,1.339,1.339,1.339,1.339,1.339,1.339,0.557,0.557,0.557,0.708,0.708,0.708,0.708,0.708,0.708,0.708,0.708,0.697,0.697,0.689,0.687,0.687,0.687,0.686,0.686,0.686,0.686,0.686,0.686,0.686,0.686,0.686,0.686,0.686,0.687,0.686,0.686,0.686,0.686,1.034
RGI60-16.00744,1.348,1.348,1.348,1.348,1.348,1.348,1.348,1.348,1.348,1.348,1.348,1.348,1.348,1.348,1.348,1.348,0.577,0.577,0.577,0.723,0.723,0.723,0.723,0.723,0.723,0.723,0.723,0.713,0.713,0.705,0.703,0.703,0.703,0.702,0.702,0.702,0.702,0.702,0.702,0.702,0.702,0.702,0.702,0.702,0.703,0.702,0.702,0.702,0.702,1.046
RGI60-16.00745,1.326,1.326,1.326,1.326,1.326,1.326,1.326,1.326,1.326,1.326,1.326,1.326,1.326,1.326,1.326,1.326,0.526,0.526,0.526,0.683,0.683,0.683,0.683,0.683,0.683,0.683,0.683,0.672,0.672,0.664,0.661,0.661,0.661,0.66,0.66,0.66,0.66,0.66,0.66,0.66,0.66,0.66,0.66,0.66,0.661,0.66,0.66,0.66,0.661,1.017
RGI60-16.00746,1.317,1.317,1.317,1.317,1.317,1.317,1.317,1.317,1.317,1.317,1.317,1.317,1.317,1.317,1.317,1.317,0.493,0.493,0.493,0.653,0.653,0.653,0.653,0.653,0.653,0.653,0.653,0.642,0.642,0.634,0.632,0.632,0.632,0.631,0.631,0.631,0.631,0.631,0.631,0.631,0.631,0.631,0.631,0.631,0.632,0.631,0.631,0.631,0.631,1.006
RGI60-16.00747,1.317,1.317,1.317,1.317,1.317,1.317,1.317,1.317,1.317,1.317,1.317,1.317,1.317,1.317,1.317,1.317,0.496,0.496,0.496,0.658,0.658,0.658,0.658,0.658,0.658,0.658,0.658,0.647,0.647,0.638,0.636,0.636,0.636,0.635,0.635,0.635,0.635,0.635,0.635,0.635,0.635,0.635,0.635,0.635,0.636,0.635,0.635,0.635,0.635,1.005
RGI60-16.00748,1.343,1.343,1.343,1.343,1.343,1.343,1.343,1.343,1.343,1.343,1.343,1.343,1.343,1.343,1.343,1.343,0.558,0.558,0.558,0.703,0.703,0.703,0.703,0.703,0.703,0.703,0.703,0.693,0.693,0.685,0.683,0.683,0.683,0.682,0.682,0.682,0.682,0.682,0.682,0.682,0.682,0.682,0.682,0.682,0.683,0.682,0.682,0.682,0.683,1.04
RGI60-16.00749,1.315,1.315,1.315,1.315,1.315,1.315,1.315,1.315,1.315,1.315,1.315,1.315,1.315,1.315,1.315,1.315,0.484,0.484,0.484,0.645,0.645,0.645,0.645,0.645,0.645,0.645,0.645,0.634,0.634,0.626,0.624,0.624,0.624,0.622,0.622,0.622,0.622,0.622,0.622,0.622,0.622,0.622,0.622,0.622,0.624,0.622,0.622,0.622,0.623,1.003
RGI60-16.00750,1.331,1.331,1.331,1.331,1.331,1.331,1.331,1.331,1.331,1.331,1.331,1.331,1.331,1.331,1.331,1.331,0.525,0.525,0.525,0.676,0.676,0.676,0.676,0.676,0.676,0.676,0.676,0.665,0.665,0.658,0.656,0.656,0.656,0.655,0.655,0.655,0.655,0.655,0.655,0.655,0.655,0.655,0.655,0.655,0.656,0.655,0.655,0.655,0.655,1.024
RGI60-16.00751,1.314,1.314,1.314,1.314,1.314,1.314,1.314,1.314,1.314,1.314,1.314,1.314,1.314,1.314,1.314,1.314,0.484,0.484,0.484,0.646,0.646,0.646,0.646,0.646,0.646,0.646,0.646,0.635,0.635,0.627,0.625,0.625,0.625,0.624,0.624,0.624,0.624,0.624,0.624,0.624,0.624,0.624,0.624,0.624,0.625,0.624,0.624,0.624,0.624,1.002
RGI60-16.00752,1.318,1.318,1.318,1.318,1.318,1.318,1.318,1.318,1.318,1.318,1.318,1.318,1.318,1.318,1.318,1.318,0.491,0.491,0.491,0.651,0.651,0.651,0.651,0.651,0.651,0.651,0.651,0.64,0.64,0.632,0.63,0.63,0.63,0.629,0.629,0.629,0.629,0.629,0.629,0.629,0.629,0.629,0.629,0.629,0.63,0.629,0.629,0.629,0.629,1.006
RGI60-16.00753,1.317,1.317,1.317,1.317,1.317,1.317,1.317,1.317,1.317,1.317,1.317,1.317,1.317,1.317,1.317,1.317,0.486,0.486,0.486,0.645,0.645,0.645,0.645,0.645,0.645,0.645,0.645,0.634,0.634,0.626,0.624,0.624,0.624,0.623,0.623,0.623,0.623,0.623,0.623,0.623,0.623,0.623,0.623,0.623,0.624,0.623,0.623,0.623,0.623,1.006
RGI60-16.00754,1.349,1.349,1.349,1.349,1.349,1.349,1.349,1.349,1.349,1.349,1.349,1.349,1.349,1.349,1.349,1.349,0.572,0.572,0.572,0.715,0.715,0.715,0.715,0.715,0.715,0.715,0.715,0.705,0.705,0.697,0.695,0.695,0.695,0.694,0.694,0.694,0.694,0.694,0.694,0.694,0.694,0.694,0.694,0.694,0.695,0.694,0.694,0.694,0.695,1.047
RGI60-16.00755,1.315,1.315,1.315,1.315,1.315,1.315,1.315,1.315,1.315,1.315,1.315,1.315,1.315,1.315,1.315,1.315,0.483,0.483,0.483,0.645,0.645,0.645,0.645,0.645,0.645,0.645,0.645,0.634,0.634,0.625,0.623,0.623,0.623,0.622,0.622,0.622,0.622,0.622,0.622,0.622,0.622,0.622,0.622,0.622,0.623,0.622,0.622,0.622,0.623,1.003
RGI60-16.00756,1.317,1.317,1.317,1.317,1.317,1.317,1.317,1.317,1.317,1.317,1.317,1.317,1.317,1.317,1.317,1.317,0.492,0.492,0.492,0.653,0.653,0.653,0.653,0.653,0.653,0.653,0.653,0.642,0.642,0.634,0.632,0.632,0.632,0.631,0.631,0.631,0.631,0.631,0.631,0.631,0.631,0.631,0.631,0.631,0.632,0.631,0.631,0.631,0.631,1.005
RGI60-16.00757,1.318,1.318,1.318,1.318,1.318,1.318,1.318,1.318,1.318,1.318,1.318,1.318,1.318,1.318,1.318,1.318,0.501,0.501,0.501,0.663,0.663,0.663,0.663,0.663,0.663,0.663,0.663,0.652,0.652,0.643,0.641,0.641,0.641,0.64,0.64,0.64,0.64,0.64,0.64,0.64,0.64,0.64,0.64,0.64,0.641,0.64,0.64,0.64,0.64,1.007
RGI60-16.00758,1.315,1.315,1.315,1.315,1.315,1.315,1.315,1.315,1.315,1.315,1.315,1.315,1.315,1.315,1.315,1.315,0.503,0.503,0.503,0.668,0.668,0.668,0.668,0.668,0.668,0.668,0.668,0.657,0.657,0.647,0.645,0.645,0.645,0.644,0.644,0.644,0.644,0.644,0.644,0.644,0.644,0.644,0.644,0.644,0.645,0.644,0.644,0.644,0.645,1.004
RGI60-16.00759,1.311,1.311,1.311,1.311,1.311,1.311,1.311,1.311,1.311,1.311,1.311,1.311,1.311,1.311,1.311,1.311,0.496,0.496,0.496,0.665,0.665,0.665,0.665,0.665,0.665,0.665,0.665,0.654,0.654,0.644,0.641,0.641,0.641,0.64,0.64,0.64,0.64,0.64,0.64,0.64,0.64,0.64,0.64,0.64,0.641,0.64,0.64,0.64,0.641,0.997
RGI60-16.00760,1.345,1.345,1.345,1.345,1.345,1.345,1.345,1.345,1.345,1.345,1.345,1.345,1.345,1.345,1.345,1.345,0.595,0.595,0.595,0.766,0.766,0.766,0.766,0.766,0.766,0.766,0.766,0.748,0.748,0.738,0.735,0.735,0.735,0.733,0.733,0.733,0.733,0.733,0.733,0.733,0.733,0.733,0.733,0.733,0.735,0.733,0.733,0.733,0.734,1.042
RGI60-16.00761,1.38,1.38,1.38,1.38,1.38,1.38,1.38,1.38,1.38,1.38,1.38,1.38,1.38,1.38,1.38,1.38,0.671,0.671,0.671,0.826,0.826,0.826,0.826,0.826,0.826,0.826,0.826,0.81,0.81,0.801,0.797,0.797,0.797,0.796,0.796,0.796,0.796,0.796,0.796,0.796,0.796,0.796,0.796,0.796,0.797,0.796,0.796,0.796,0.797,1.087
RGI60-16.00762,1.375,1.375,1.375,1.375,1.375,1.375,1.375,1.375,1.375,1.375,1.375,1.375,1.375,1.375,1.375,1.375,0.502,0.502,0.502,0.575,0.575,0.575,0.575,0.575,0.575,0.575,0.575,0.564,0.564,0.563,0.563,0.563,0.563,0.563,0.563,0.563,0.563,0.563,0.563,0.563,0.563,0.563,0.563,0.563,0.563,0.563,0.563,0.563,0.563,1.08
RGI60-16.00763,1.412,1.412,1.412,1.412,1.412,1.412,1.412,1.412,1.412,1.412,1.412,1.412,1.412,1.412,1.412,1.412,0.735,0.735,0.735,0.879,0.879,0.879,0.879,0.879,0.879,0.879,0.879,0.864,0.864,0.856,0.853,0.853,0.853,0.851,0.851,0.851,0.851,0.851,0.851,0.851,0.851,0.851,0.851,0.851,0.853,0.851,0.851,0.851,0.852,1.127
RGI60-16.00764,1.28,1.28,1.28,1.28,1.28,1.28,1.28,1.28,1.28,1.28,1.28,1.28,1.28,1.28,1.28,1.28,0.699,0.699,0.699,0.838,0.838,0.838,0.838,0.838,0.838,0.838,0.838,0.831,0.831,0.723,0.712,0.712,0.712,0.706,0.706,0.706,0.706,0.706,0.706,0.706,0.706,0.706,0.706,0.706,0.712,0.706,0.706,0.706,0.711,0.866
RGI60-16.00765,1.415,1.415,1.415,1.415,1.415,1.415,1.415,1.415,1.415,1.415,1.415,1.415,1.415,1.415,1.415,1.415,0.739,0.739,0.739,0.882,0.882,0.882,0.882,0.882,0.882,0.882,0.882,0.866,0.866,0.858,0.855,0.855,0.855,0.854,0.854,0.854,0.854,0.854,0.854,0.854,0.854,0.854,0.854,0.854,0.855,0.854,0.854,0.854,0.855,1.131
RGI60-16.00766,1.4,1.4,1.4,1.4,1.4,1.4,1.4,1.4,1.4,1.4,1.4,1.4,1.4,1.4,1.4,1.4,0.568,0.568,0.568,0.635,0.635,0.635,0.635,0.635,0.635,0.635,0.635,0.619,0.619,0.619,0.618,0.618,0.618,0.618,0.618,0.618,0.618,0.618,0.618,0.618,0.618,0.618,0.618,0.618,0.618,0.618,0.618,0.618,0.618,1.113
RGI60-16.00767,1.363,1.363,1.363,1.363,1.363,1.363,1.363,1.363,1.363,1.363,1.363,1.363,1.363,1.363,1.363,1.363,0.654,0.654,0.654,0.824,0.824,0.824,0.824,0.824,0.824,0.824,0.824,0.809,0.809,0.797,0.793,0.793,0.793,0.791,0.791,0.791,0.791,0.791,0.791,0.791,0.791,0.791,0.791,0.791,0.793,0.791,0.791,0.791,0.793,1.066
RGI60-16.00768,1.343,1.343,1.343,1.343,1.343,1.343,1.343,1.343,1.343,1.343,1.343,1.343,1.343,1.343,1.343,1.343,0.61,0.61,0.61,0.789,0.789,0.789,0.789,0.789,0.789,0.789,0.789,0.773,0.773,0.761,0.757,0.757,0.757,0.755,0.755,0.755,0.755,0.755,0.755,0.755,0.755,0.755,0.755,0.755,0.757,0.755,0.755,0.755,0.756,1.039
RGI60-16.00769,1.678,1.678,1.678,1.678,1.678,1.678,1.678,1.678,1.678,1.678,1.678,1.678,1.678,1.678,1.678,1.678,1.167,1.167,1.167,1.263,1.263,1.263,1.263,1.263,1.263,1.263,1.263,1.252,1.252,1.246,1.244,1.244,1.244,1.243,1.243,1.243,1.243,1.243,1.243,1.243,1.243,1.243,1.243,1.243,1.244,1.243,1.243,1.243,1.244,1.447
RGI60-16.00770,1.477,1.477,1.477,1.477,1.477,1.477,1.477,1.477,1.477,1.477,1.477,1.477,1.477,1.477,1.477,1.477,0.906,0.906,0.906,1.033,1.033,1.033,1.033,1.033,1.033,1.033,1.033,1.026,1.026,1.012,1.009,1.009,1.009,1.007,1.007,1.007,1.007,1.007,1.007,1.007,1.007,1.007,1.007,1.007,1.009,1.007,1.007,1.007,1.008,1.208
RGI60-16.00771,1.375,1.375,1.375,1.375,1.375,1.375,1.375,1.375,1.375,1.375,1.375,1.375,1.375,1.375,1.375,1.375,0.728,0.728,0.728,0.881,0.881,0.881,0.881,0.881,0.881,0.881,0.881,0.873,0.873,0.856,0.852,0.852,0.852,0.85,0.85,0.85,0.85,0.85,0.85,0.85,0.85,0.85,0.85,0.85,0.852,0.85,0.85,0.85,0.851,1.081
RGI60-16.00772,1.414,1.414,1.414,1.414,1.414,1.414,1.414,1.414,1.414,1.414,1.414,1.414,1.414,1.414,1.414,1.414,0.799,0.799,0.799,0.94,0.94,0.94,0.94,0.94,0.94,0.94,0.94,0.932,0.932,0.917,0.913,0.913,0.913,0.911,0.911,0.911,0.911,0.911,0.911,0.911,0.911,0.911,0.911,0.911,0.913,0.911,0.911,0.911,0.912,1.13
RGI60-16.00773,1.341,1.341,1.341,1.341,1.341,1.341,1.341,1.341,1.341,1.341,1.341,1.341,1.341,1.341,1.341,1.341,0.66,0.66,0.66,0.825,0.825,0.825,0.825,0.825,0.825,0.825,0.825,0.816,0.816,0.798,0.794,0.794,0.794,0.792,0.792,0.792,0.792,0.792,0.792,0.792,0.792,0.792,0.792,0.792,0.794,0.792,0.792,0.792,0.794,1.037
RGI60-16.00774,1.31,1.31,1.31,1.31,1.31,1.31,1.31,1.31,1.31,1.31,1.31,1.31,1.31,1.31,1.31,1.31,0.624,0.624,0.624,0.804,0.804,0.804,0.804,0.804,0.804,0.804,0.804,0.795,0.795,0.772,0.767,0.767,0.767,0.765,0.765,0.765,0.765,0.765,0.765,0.765,0.765,0.765,0.765,0.765,0.767,0.765,0.765,0.765,0.766,0.996
RGI60-16.00775,1.323,1.323,1.323,1.323,1.323,1.323,1.323,1.323,1.323,1.323,1.323,1.323,1.323,1.323,1.323,1.323,0.649,0.649,0.649,0.823,0.823,0.823,0.823,0.823,0.823,0.823,0.823,0.814,0.814,0.792,0.788,0.788,0.788,0.785,0.785,0.785,0.785,0.785,0.785,0.785,0.785,0.785,0.785,0.785,0.788,0.785,0.785,0.785,0.787,1.014
RGI60-16.00776,1.303,1.303,1.303,1.303,1.303,1.303,1.303,1.303,1.303,1.303,1.303,1.303,1.303,1.303,1.303,1.303,0.613,0.613,0.613,0.796,0.796,0.796,0.796,0.796,0.796,0.796,0.796,0.787,0.787,0.763,0.758,0.758,0.758,0.756,0.756,0.756,0.756,0.756,0.756,0.756,0.756,0.756,0.756,0.756,0.758,0.756,0.756,0.756,0.757,0.987
RGI60-16.00777,1.31,1.31,1.31,1.31,1.31,1.31,1.31,1.31,1.31,1.31,1.31,1.31,1.31,1.31,1.31,1.31,0.627,0.627,0.627,0.807,0.807,0.807,0.807,0.807,0.807,0.807,0.807,0.798,0.798,0.775,0.77,0.77,0.77,0.767,0.767,0.767,0.767,0.767,0.767,0.767,0.767,0.767,0.767,0.767,0.77,0.767,0.767,0.767,0.769,0.997
RGI60-16.00778,1.321,1.321,1.321,1.321,1.321,1.321,1.321,1.321,1.321,1.321,1.321,1.321,1.321,1.321,1.321,1.321,0.649,0.649,0.649,0.825,0.825,0.825,0.825,0.825,0.825,0.825,0.825,0.816,0.816,0.793,0.788,0.788,0.788,0.786,0.786,0.786,0.786,0.786,0.786,0.786,0.786,0.786,0.786,0.786,0.788,0.786,0.786,0.786,0.787,1.01
RGI60-16.00779,1.304,1.304,1.304,1.304,1.304,1.304,1.304,1.304,1.304,1.304,1.304,1.304,1.304,1.304,1.304,1.304,0.615,0.615,0.615,0.798,0.798,0.798,0.798,0.798,0.798,0.798,0.798,0.788,0.788,0.765,0.76,0.76,0.76,0.757,0.757,0.757,0.757,0.757,0.757,0.757,0.757,0.757,0.757,0.757,0.76,0.757,0.757,0.757,0.759,0.989
RGI60-16.00780,1.319,1.319,1.319,1.319,1.319,1.319,1.319,1.319,1.319,1.319,1.319,1.319,1.319,1.319,1.319,1.319,0.647,0.647,0.647,0.823,0.823,0.823,0.823,0.823,0.823,0.823,0.823,0.814,0.814,0.791,0.786,0.786,0.786,0.784,0.784,0.784,0.784,0.784,0.784,0.784,0.784,0.784,0.784,0.784,0.786,0.784,0.784,0.784,0.785,1.008
RGI60-16.00781,1.309,1.309,1.309,1.309,1.309,1.309,1.309,1.309,1.309,1.309,1.309,1.309,1.309,1.309,1.309,1.309,0.626,0.626,0.626,0.806,0.806,0.806,0.806,0.806,0.806,0.806,0.806,0.797,0.797,0.774,0.769,0.769,0.769,0.767,0.767,0.767,0.767,0.767,0.767,0.767,0.767,0.767,0.767,0.767,0.769,0.767,0.767,0.767,0.768,0.996
RGI60-16.00782,1.304,1.304,1.304,1.304,1.304,1.304,1.304,1.304,1.304,1.304,1.304,1.304,1.304,1.304,1.304,1.304,0.614,0.614,0.614,0.797,0.797,0.797,0.797,0.797,0.797,0.797,0.797,0.787,0.787,0.764,0.759,0.759,0.759,0.757,0.757,0.757,0.757,0.757,0.757,0.757,0.757,0.757,0.757,0.757,0.759,0.757,0.757,0.757,0.758,0.989
RGI60-16.00783,1.305,1.305,1.305,1.305,1.305,1.305,1.305,1.305,1.305,1.305,1.305,1.305,1.305,1.305,1.305,1.305,0.614,0.614,0.614,0.796,0.796,0.796,0.796,0.796,0.796,0.796,0.796,0.787,0.787,0.764,0.759,0.759,0.759,0.757,0.757,0.757,0.757,0.757,0.757,0.757,0.757,0.757,0.757,0.757,0.759,0.757,0.757,0.757,0.758,0.99
RGI60-16.00784,1.303,1.303,1.303,1.303,1.303,1.303,1.303,1.303,1.303,1.303,1.303,1.303,1.303,1.303,1.303,1.303,0.608,0.608,0.608,0.792,0.792,0.792,0.792,0.792,0.792,0.792,0.792,0.783,0.783,0.76,0.755,0.755,0.755,0.752,0.752,0.752,0.752,0.752,0.752,0.752,0.752,0.752,0.752,0.752,0.755,0.752,0.752,0.752,0.754,0.987
RGI60-16.00785,1.311,1.311,1.311,1.311,1.311,1.311,1.311,1.311,1.311,1.311,1.311,1.311,1.311,1.311,1.311,1.311,0.625,0.625,0.625,0.805,0.805,0.805,0.805,0.805,0.805,0.805,0.805,0.796,0.796,0.773,0.768,0.768,0.768,0.766,0.766,0.766,0.766,0.766,0.766,0.766,0.766,0.766,0.766,0.766,0.768,0.766,0.766,0.766,0.767,0.997
RGI60-16.00786,1.31,1.31,1.31,1.31,1.31,1.31,1.31,1.31,1.31,1.31,1.31,1.31,1.31,1.31,1.31,1.31,0.623,0.623,0.623,0.804,0.804,0.804,0.804,0.804,0.804,0.804,0.804,0.795,0.795,0.772,0.767,0.767,0.767,0.764,0.764,0.764,0.764,0.764,0.764,0.764,0.764,0.764,0.764,0.764,0.767,0.764,0.764,0.764,0.766,0.996
RGI60-16.00787,1.305,1.305,1.305,1.305,1.305,1.305,1.305,1.305,1.305,1.305,1.305,1.305,1.305,1.305,1.305,1.305,0.611,0.611,0.611,0.794,0.794,0.794,0.794,0.794,0.794,0.794,0.794,0.785,0.785,0.762,0.757,0.757,0.757,0.754,0.754,0.754,0.754,0.754,0.754,0.754,0.754,0.754,0.754,0.754,0.757,0.754,0.754,0.754,0.756,0.99
RGI60-16.00788,1.308,1.308,1.308,1.308,1.308,1.308,1.308,1.308,1.308,1.308,1.308,1.308,1.308,1.308,1.308,1.308,0.617,0.617,0.617,0.799,0.799,0.799,0.799,0.799,0.799,0.799,0.799,0.79,0.79,0.767,0.762,0.762,0.762,0.76,0.76,0.76,0.76,0.76,0.76,0.76,0.76,0.76,0.76,0.76,0.762,0.76,0.76,0.76,0.761,0.993
RGI60-16.00789,1.316,1.316,1.316,1.316,1.316,1.316,1.316,1.316,1.316,1.316,1.316,1.316,1.316,1.316,1.316,1.316,0.636,0.636,0.636,0.813,0.813,0.813,0.813,0.813,0.813,0.813,0.813,0.804,0.804,0.782,0.777,0.777,0.777,0.775,0.775,0.775,0.775,0.775,0.775,0.775,0.775,0.775,0.775,0.775,0.777,0.775,0.775,0.775,0.776,1.004
RGI60-16.00790,1.309,1.309,1.309,1.309,1.309,1.309,1.309,1.309,1.309,1.309,1.309,1.309,1.309,1.309,1.309,1.309,0.62,0.62,0.62,0.8,0.8,0.8,0.8,0.8,0.8,0.8,0.8,0.791,0.791,0.769,0.764,0.764,0.764,0.761,0.761,0.761,0.761,0.761,0.761,0.761,0.761,0.761,0.761,0.761,0.764,0.761,0.761,0.761,0.763,0.996
RGI60-16.00791,1.308,1.308,1.308,1.308,1.308,1.308,1.308,1.308,1.308,1.308,1.308,1.308,1.308,1.308,1.308,1.308,0.617,0.617,0.617,0.798,0.798,0.798,0.798,0.798,0.798,0.798,0.798,0.789,0.789,0.766,0.761,0.761,0.761,0.759,0.759,0.759,0.759,0.759,0.759,0.759,0.759,0.759,0.759,0.759,0.761,0.759,0.759,0.759,0.761,0.994
RGI60-16.00792,1.303,1.303,1.303,1.303,1.303,1.303,1.303,1.303,1.303,1.303,1.303,1.303,1.303,1.303,1.303,1.303,0.609,0.609,0.609,0.792,0.792,0.792,0.792,0.792,0.792,0.792,0.792,0.783,0.783,0.76,0.755,0.755,0.755,0.752,0.752,0.752,0.752,0.752,0.752,0.752,0.752,0.752,0.752,0.752,0.755,0.752,0.752,0.752,0.754,0.988
RGI60-16.00793,1.304,1.304,1.304,1.304,1.304,1.304,1.304,1.304,1.304,1.304,1.304,1.304,1.304,1.304,1.304,1.304,0.612,0.612,0.612,0.795,0.795,0.795,0.795,0.795,0.795,0.795,0.795,0.785,0.785,0.762,0.757,0.757,0.757,0.755,0.755,0.755,0.755,0.755,0.755,0.755,0.755,0.755,0.755,0.755,0.757,0.755,0.755,0.755,0.756,0.988
RGI60-16.00794,1.303,1.303,1.303,1.303,1.303,1.303,1.303,1.303,1.303,1.303,1.303,1.303,1.303,1.303,1.303,1.303,0.614,0.614,0.614,0.797,0.797,0.797,0.797,0.797,0.797,0.797,0.797,0.788,0.788,0.764,0.759,0.759,0.759,0.757,0.757,0.757,0.757,0.757,0.757,0.757,0.757,0.757,0.757,0.757,0.759,0.757,0.757,0.757,0.758,0.987
RGI60-16.00795,1.315,1.315,1.315,1.315,1.315,1.315,1.315,1.315,1.315,1.315,1.315,1.315,1.315,1.315,1.315,1.315,0.641,0.641,0.641,0.819,0.819,0.819,0.819,0.819,0.819,0.819,0.819,0.81,0.81,0.786,0.782,0.782,0.782,0.779,0.779,0.779,0.779,0.779,0.779,0.779,0.779,0.779,0.779,0.779,0.782,0.779,0.779,0.779,0.781,1.004
RGI60-16.00796,1.307,1.307,1.307,1.307,1.307,1.307,1.307,1.307,1.307,1.307,1.307,1.307,1.307,1.307,1.307,1.307,0.622,0.622,0.622,0.804,0.804,0.804,0.804,0.804,0.804,0.804,0.804,0.795,0.795,0.771,0.766,0.766,0.766,0.764,0.764,0.764,0.764,0.764,0.764,0.764,0.764,0.764,0.764,0.764,0.766,0.764,0.764,0.764,0.765,0.992
RGI60-16.00797,1.327,1.327,1.327,1.327,1.327,1.327,1.327,1.327,1.327,1.327,1.327,1.327,1.327,1.327,1.327,1.327,0.665,0.665,0.665,0.837,0.837,0.837,0.837,0.837,0.837,0.837,0.837,0.828,0.828,0.806,0.801,0.801,0.801,0.798,0.798,0.798,0.798,0.798,0.798,0.798,0.798,0.798,0.798,0.798,0.801,0.798,0.798,0.798,0.8,1.019
RGI60-16.00798,1.327,1.327,1.327,1.327,1.327,1.327,1.327,1.327,1.327,1.327,1.327,1.327,1.327,1.327,1.327,1.327,0.671,0.671,0.671,0.844,0.844,0.844,0.844,0.844,0.844,0.844,0.844,0.835,0.835,0.812,0.807,0.807,0.807,0.804,0.804,0.804,0.804,0.804,0.804,0.804,0.804,0.804,0.804,0.804,0.807,0.804,0.804,0.804,0.806,1.018
RGI60-16.00799,1.306,1.306,1.306,1.306,1.306,1.306,1.306,1.306,1.306,1.306,1.306,1.306,1.306,1.306,1.306,1.306,0.625,0.625,0.625,0.807,0.807,0.807,0.807,0.807,0.807,0.807,0.807,0.797,0.797,0.773,0.768,0.768,0.768,0.766,0.766,0.766,0.766,0.766,0.766,0.766,0.766,0.766,0.766,0.766,0.768,0.766,0.766,0.766,0.767,0.991
RGI60-16.00800,1.307,1.307,1.307,1.307,1.307,1.307,1.307,1.307,1.307,1.307,1.307,1.307,1.307,1.307,1.307,1.307,0.63,0.63,0.63,0.812,0.812,0.812,0.812,0.812,0.812,0.812,0.812,0.803,0.803,0.778,0.773,0.773,0.773,0.77,0.77,0.77,0.77,0.77,0.77,0.77,0.77,0.77,0.77,0.77,0.773,0.77,0.77,0.77,0.772,0.992
RGI60-16.00801,1.308,1.308,1.308,1.308,1.308,1.308,1.308,1.308,1.308,1.308,1.308,1.308,1.308,1.308,1.308,1.308,0.637,0.637,0.637,0.817,0.817,0.817,0.817,0.817,0.817,0.817,0.817,0.808,0.808,0.783,0.778,0.778,0.778,0.776,0.776,0.776,0.776,0.776,0.776,0.776,0.776,0.776,0.776,0.776,0.778,0.776,0.776,0.776,0.777,0.994
RGI60-16.00802,1.314,1.314,1.314,1.314,1.314,1.314,1.314,1.314,1.314,1.314,1.314,1.314,1.314,1.314,1.314,1.314,0.64,0.64,0.64,0.819,0.819,0.819,0.819,0.819,0.819,0.819,0.819,0.81,0.81,0.786,0.781,0.781,0.781,0.778,0.778,0.778,0.778,0.778,0.778,0.778,0.778,0.778,0.778,0.778,0.781,0.778,0.778,0.778,0.78,1.001
RGI60-16.00803,1.327,1.327,1.327,1.327,1.327,1.327,1.327,1.327,1.327,1.327,1.327,1.327,1.327,1.327,1.327,1.327,0.667,0.667,0.667,0.84,0.84,0.84,0.84,0.84,0.84,0.84,0.84,0.831,0.831,0.808,0.803,0.803,0.803,0.8,0.8,0.8,0.8,0.8,0.8,0.8,0.8,0.8,0.8,0.8,0.803,0.8,0.8,0.8,0.802,1.018
RGI60-16.00804,1.308,1.308,1.308,1.308,1.308,1.308,1.308,1.308,1.308,1.308,1.308,1.308,1.308,1.308,1.308,1.308,0.634,0.634,0.634,0.815,0.815,0.815,0.815,0.815,0.815,0.815,0.815,0.806,0.806,0.781,0.776,0.776,0.776,0.774,0.774,0.774,0.774,0.774,0.774,0.774,0.774,0.774,0.774,0.774,0.776,0.774,0.774,0.774,0.775,0.994
RGI60-16.00805,1.302,1.302,1.302,1.302,1.302,1.302,1.302,1.302,1.302,1.302,1.302,1.302,1.302,1.302,1.302,1.302,0.617,0.617,0.617,0.801,0.801,0.801,0.801,0.801,0.801,0.801,0.801,0.792,0.792,0.767,0.762,0.762,0.762,0.76,0.76,0.76,0.76,0.76,0.76,0.76,0.76,0.76,0.76,0.76,0.762,0.76,0.76,0.76,0.761,0.986
RGI60-16.00806,1.316,1.316,1.316,1.316,1.316,1.316,1.316,1.316,1.316,1.316,1.316,1.316,1.316,1.316,1.316,1.316,0.651,0.651,0.651,0.828,0.828,0.828,0.828,0.828,0.828,0.828,0.828,0.819,0.819,0.795,0.79,0.79,0.79,0.787,0.787,0.787,0.787,0.787,0.787,0.787,0.787,0.787,0.787,0.787,0.79,0.787,0.787,0.787,0.789,1.005
RGI60-16.00807,1.304,1.304,1.304,1.304,1.304,1.304,1.304,1.304,1.304,1.304,1.304,1.304,1.304,1.304,1.304,1.304,0.626,0.626,0.626,0.809,0.809,0.809,0.809,0.809,0.809,0.809,0.809,0.8,0.8,0.775,0.77,0.77,0.77,0.767,0.767,0.767,0.767,0.767,0.767,0.767,0.767,0.767,0.767,0.767,0.77,0.767,0.767,0.767,0.769,0.988
RGI60-16.00808,1.306,1.306,1.306,1.306,1.306,1.306,1.306,1.306,1.306,1.306,1.306,1.306,1.306,1.306,1.306,1.306,0.629,0.629,0.629,0.81,0.81,0.81,0.81,0.81,0.81,0.81,0.81,0.801,0.801,0.777,0.772,0.772,0.772,0.769,0.769,0.769,0.769,0.769,0.769,0.769,0.769,0.769,0.769,0.769,0.772,0.769,0.769,0.769,0.771,0.992
RGI60-16.00809,1.304,1.304,1.304,1.304,1.304,1.304,1.304,1.304,1.304,1.304,1.304,1.304,1.304,1.304,1.304,1.304,0.624,0.624,0.624,0.806,0.806,0.806,0.806,0.806,0.806,0.806,0.806,0.797,0.797,0.772,0.767,0.767,0.767,0.765,0.765,0.765,0.765,0.765,0.765,0.765,0.765,0.765,0.765,0.765,0.767,0.765,0.765,0.765,0.766,0.989
RGI60-16.00810,1.306,1.306,1.306,1.306,1.306,1.306,1.306,1.306,1.306,1.306,1.306,1.306,1.306,1.306,1.306,1.306,0.629,0.629,0.629,0.81,0.81,0.81,0.81,0.81,0.81,0.81,0.81,0.801,0.801,0.777,0.772,0.772,0.772,0.769,0.769,0.769,0.769,0.769,0.769,0.769,0.769,0.769,0.769,0.769,0.772,0.769,0.769,0.769,0.771,0.991
RGI60-16.00811,1.308,1.308,1.308,1.308,1.308,1.308,1.308,1.308,1.308,1.308,1.308,1.308,1.308,1.308,1.308,1.308,0.628,0.628,0.628,0.809,0.809,0.809,0.809,0.809,0.809,0.809,0.809,0.8,0.8,0.776,0.771,0.771,0.771,0.769,0.769,0.769,0.769,0.769,0.769,0.769,0.769,0.769,0.769,0.769,0.771,0.769,0.769,0.769,0.77,0.994
RGI60-16.00812,1.305,1.305,1.305,1.305,1.305,1.305,1.305,1.305,1.305,1.305,1.305,1.305,1.305,1.305,1.305,1.305,0.629,0.629,0.629,0.811,0.811,0.811,0.811,0.811,0.811,0.811,0.811,0.802,0.802,0.777,0.771,0.771,0.771,0.769,0.769,0.769,0.769,0.769,0.769,0.769,0.769,0.769,0.769,0.769,0.771,0.769,0.769,0.769,0.77,0.989
RGI60-16.00813,1.307,1.307,1.307,1.307,1.307,1.307,1.307,1.307,1.307,1.307,1.307,1.307,1.307,1.307,1.307,1.307,0.631,0.631,0.631,0.812,0.812,0.812,0.812,0.812,0.812,0.812,0.812,0.804,0.804,0.779,0.774,0.774,0.774,0.771,0.771,0.771,0.771,0.771,0.771,0.771,0.771,0.771,0.771,0.771,0.774,0.771,0.771,0.771,0.773,0.992
RGI60-16.00814,1.304,1.304,1.304,1.304,1.304,1.304,1.304,1.304,1.304,1.304,1.304,1.304,1.304,1.304,1.304,1.304,0.623,0.623,0.623,0.806,0.806,0.806,0.806,0.806,0.806,0.806,0.806,0.797,0.797,0.772,0.767,0.767,0.767,0.764,0.764,0.764,0.764,0.764,0.764,0.764,0.764,0.764,0.764,0.764,0.767,0.764,0.764,0.764,0.766,0.988
RGI60-16.00815,1.302,1.302,1.302,1.302,1.302,1.302,1.302,1.302,1.302,1.302,1.302,1.302,1.302,1.302,1.302,1.302,0.618,0.618,0.618,0.802,0.802,0.802,0.802,0.802,0.802,0.802,0.802,0.793,0.793,0.768,0.763,0.763,0.763,0.761,0.761,0.761,0.761,0.761,0.761,0.761,0.761,0.761,0.761,0.761,0.763,0.761,0.761,0.761,0.762,0.986
RGI60-16.00816,1.302,1.302,1.302,1.302,1.302,1.302,1.302,1.302,1.302,1.302,1.302,1.302,1.302,1.302,1.302,1.302,0.616,0.616,0.616,0.8,0.8,0.8,0.8,0.8,0.8,0.8,0.8,0.791,0.791,0.767,0.762,0.762,0.762,0.759,0.759,0.759,0.759,0.759,0.759,0.759,0.759,0.759,0.759,0.759,0.762,0.759,0.759,0.759,0.761,0.986
RGI60-16.00817,1.305,1.305,1.305,1.305,1.305,1.305,1.305,1.305,1.305,1.305,1.305,1.305,1.305,1.305,1.305,1.305,0.626,0.626,0.626,0.808,0.808,0.808,0.808,0.808,0.808,0.808,0.808,0.799,0.799,0.774,0.769,0.769,0.769,0.767,0.767,0.767,0.767,0.767,0.767,0.767,0.767,0.767,0.767,0.767,0.769,0.767,0.767,0.767,0.768,0.99
RGI60-16.00818,1.409,1.409,1.409,1.409,1.409,1.409,1.409,1.409,1.409,1.409,1.409,1.409,1.409,1.409,1.409,1.409,0.741,0.741,0.741,0.892,0.892,0.892,0.892,0.892,0.892,0.892,0.892,0.878,0.878,0.868,0.865,0.865,0.865,0.863,0.863,0.863,0.863,0.863,0.863,0.863,0.863,0.863,0.863,0.863,0.865,0.863,0.863,0.863,0.864,1.124
RGI60-16.00819,1.467,1.467,1.467,1.467,1.467,1.467,1.467,1.467,1.467,1.467,1.467,1.467,1.467,1.467,1.467,1.467,0.849,0.849,0.849,0.985,0.985,0.985,0.985,0.985,0.985,0.985,0.985,0.972,0.972,0.963,0.96,0.96,0.96,0.958,0.958,0.958,0.958,0.958,0.958,0.958,0.958,0.958,0.958,0.958,0.96,0.958,0.958,0.958,0.959,1.195
RGI60-16.00820,1.344,1.344,1.344,1.344,1.344,1.344,1.344,1.344,1.344,1.344,1.344,1.344,1.344,1.344,1.344,1.344,0.597,0.597,0.597,0.771,0.771,0.771,0.771,0.771,0.771,0.771,0.771,0.753,0.753,0.743,0.739,0.739,0.739,0.738,0.738,0.738,0.738,0.738,0.738,0.738,0.738,0.738,0.738,0.738,0.739,0.738,0.738,0.738,0.739,1.041
RGI60-16.00821,1.346,1.346,1.346,1.346,1.346,1.346,1.346,1.346,1.346,1.346,1.346,1.346,1.346,1.346,1.346,1.346,0.61,0.61,0.61,0.785,0.785,0.785,0.785,0.785,0.785,0.785,0.785,0.769,0.769,0.758,0.754,0.754,0.754,0.752,0.752,0.752,0.752,0.752,0.752,0.752,0.752,0.752,0.752,0.752,0.754,0.752,0.752,0.752,0.754,1.043
RGI60-16.00822,1.559,1.559,1.559,1.559,1.559,1.559,1.559,1.559,1.559,1.559,1.559,1.559,1.559,1.559,1.559,1.559,0.999,0.999,0.999,1.116,1.116,1.116,1.116,1.116,1.116,1.116,1.116,1.105,1.105,1.097,1.094,1.094,1.094,1.093,1.093,1.093,1.093,1.093,1.093,1.093,1.093,1.093,1.093,1.093,1.094,1.093,1.093,1.093,1.094,1.306
RGI60-16.00823,1.572,1.572,1.572,1.572,1.572,1.572,1.572,1.572,1.572,1.572,1.572,1.572,1.572,1.572,1.572,1.572,1.02,1.02,1.02,1.135,1.135,1.135,1.135,1.135,1.135,1.135,1.135,1.124,1.124,1.116,1.114,1.114,1.114,1.112,1.112,1.112,1.112,1.112,1.112,1.112,1.112,1.112,1.112,1.112,1.114,1.112,1.112,1.112,1.113,1.322
RGI60-16.00824,1.352,1.352,1.352,1.352,1.352,1.352,1.352,1.352,1.352,1.352,1.352,1.352,1.352,1.352,1.352,1.352,0.628,0.628,0.628,0.802,0.802,0.802,0.802,0.802,0.802,0.802,0.802,0.787,0.787,0.775,0.771,0.771,0.771,0.769,0.769,0.769,0.769,0.769,0.769,0.769,0.769,0.769,0.769,0.769,0.771,0.769,0.769,0.769,0.77,1.051
RGI60-16.00825,1.343,1.343,1.343,1.343,1.343,1.343,1.343,1.343,1.343,1.343,1.343,1.343,1.343,1.343,1.343,1.343,0.596,0.596,0.596,0.769,0.769,0.769,0.769,0.769,0.769,0.769,0.769,0.752,0.752,0.741,0.738,0.738,0.738,0.736,0.736,0.736,0.736,0.736,0.736,0.736,0.736,0.736,0.736,0.736,0.738,0.736,0.736,0.736,0.737,1.04
RGI60-16.00826,1.403,1.403,1.403,1.403,1.403,1.403,1.403,1.403,1.403,1.403,1.403,1.403,1.403,1.403,1.403,1.403,0.728,0.728,0.728,0.881,0.881,0.881,0.881,0.881,0.881,0.881,0.881,0.867,0.867,0.857,0.853,0.853,0.853,0.851,0.851,0.851,0.851,0.851,0.851,0.851,0.851,0.851,0.851,0.851,0.853,0.851,0.851,0.851,0.852,1.116
RGI60-16.00827,1.33,1.33,1.33,1.33,1.33,1.33,1.33,1.33,1.33,1.33,1.33,1.33,1.33,1.33,1.33,1.33,0.576,0.576,0.576,0.759,0.759,0.759,0.759,0.759,0.759,0.759,0.759,0.742,0.742,0.731,0.727,0.727,0.727,0.725,0.725,0.725,0.725,0.725,0.725,0.725,0.725,0.725,0.725,0.725,0.727,0.725,0.725,0.725,0.726,1.023
RGI60-16.00828,1.44,1.44,1.44,1.44,1.44,1.44,1.44,1.44,1.44,1.44,1.44,1.44,1.44,1.44,1.44,1.44,0.796,0.796,0.796,0.937,0.937,0.937,0.937,0.937,0.937,0.937,0.937,0.923,0.923,0.914,0.911,0.911,0.911,0.909,0.909,0.909,0.909,0.909,0.909,0.909,0.909,0.909,0.909,0.909,0.911,0.909,0.909,0.909,0.91,1.162
RGI60-16.00829,1.33,1.33,1.33,1.33,1.33,1.33,1.33,1.33,1.33,1.33,1.33,1.33,1.33,1.33,1.33,1.33,0.568,0.568,0.568,0.749,0.749,0.749,0.749,0.749,0.749,0.749,0.749,0.731,0.731,0.72,0.716,0.716,0.716,0.715,0.715,0.715,0.715,0.715,0.715,0.715,0.715,0.715,0.715,0.715,0.716,0.715,0.715,0.715,0.716,1.023
RGI60-16.00830,1.33,1.33,1.33,1.33,1.33,1.33,1.33,1.33,1.33,1.33,1.33,1.33,1.33,1.33,1.33,1.33,0.574,0.574,0.574,0.757,0.757,0.757,0.757,0.757,0.757,0.757,0.757,0.74,0.74,0.729,0.725,0.725,0.725,0.723,0.723,0.723,0.723,0.723,0.723,0.723,0.723,0.723,0.723,0.723,0.725,0.723,0.723,0.723,0.724,1.023
RGI60-16.00831,1.332,1.332,1.332,1.332,1.332,1.332,1.332,1.332,1.332,1.332,1.332,1.332,1.332,1.332,1.332,1.332,0.583,0.583,0.583,0.767,0.767,0.767,0.767,0.767,0.767,0.767,0.767,0.751,0.751,0.739,0.735,0.735,0.735,0.733,0.733,0.733,0.733,0.733,0.733,0.733,0.733,0.733,0.733,0.733,0.735,0.733,0.733,0.733,0.734,1.025
RGI60-16.00832,1.331,1.331,1.331,1.331,1.331,1.331,1.331,1.331,1.331,1.331,1.331,1.331,1.331,1.331,1.331,1.331,0.574,0.574,0.574,0.756,0.756,0.756,0.756,0.756,0.756,0.756,0.756,0.738,0.738,0.727,0.724,0.724,0.724,0.722,0.722,0.722,0.722,0.722,0.722,0.722,0.722,0.722,0.722,0.722,0.724,0.722,0.722,0.722,0.723,1.024
RGI60-16.00833,1.376,1.376,1.376,1.376,1.376,1.376,1.376,1.376,1.376,1.376,1.376,1.376,1.376,1.376,1.376,1.376,0.67,0.67,0.67,0.83,0.83,0.83,0.83,0.83,0.83,0.83,0.83,0.814,0.814,0.804,0.801,0.801,0.801,0.799,0.799,0.799,0.799,0.799,0.799,0.799,0.799,0.799,0.799,0.799,0.801,0.799,0.799,0.799,0.8,1.082
RGI60-16.00834,1.345,1.345,1.345,1.345,1.345,1.345,1.345,1.345,1.345,1.345,1.345,1.345,1.345,1.345,1.345,1.345,0.603,0.603,0.603,0.776,0.776,0.776,0.776,0.776,0.776,0.776,0.776,0.76,0.76,0.749,0.745,0.745,0.745,0.744,0.744,0.744,0.744,0.744,0.744,0.744,0.744,0.744,0.744,0.744,0.745,0.744,0.744,0.744,0.745,1.042
RGI60-16.00835,1.548,1.548,1.548,1.548,1.548,1.548,1.548,1.548,1.548,1.548,1.548,1.548,1.548,1.548,1.548,1.548,0.973,0.973,0.973,1.088,1.088,1.088,1.088,1.088,1.088,1.088,1.088,1.076,1.076,1.069,1.066,1.066,1.066,1.065,1.065,1.065,1.065,1.065,1.065,1.065,1.065,1.065,1.065,1.065,1.066,1.065,1.065,1.065,1.066,1.293
RGI60-16.00836,1.342,1.342,1.342,1.342,1.342,1.342,1.342,1.342,1.342,1.342,1.342,1.342,1.342,1.342,1.342,1.342,0.592,0.592,0.592,0.766,0.766,0.766,0.766,0.766,0.766,0.766,0.766,0.749,0.749,0.739,0.735,0.735,0.735,0.733,0.733,0.733,0.733,0.733,0.733,0.733,0.733,0.733,0.733,0.733,0.735,0.733,0.733,0.733,0.734,1.037
RGI60-16.00837,2.036,2.036,2.036,2.036,2.036,2.036,2.036,2.036,2.036,2.036,2.036,2.036,2.036,2.036,2.036,2.036,1.643,1.643,1.643,1.714,1.714,1.714,1.714,1.714,1.714,1.714,1.714,1.706,1.706,1.701,1.7,1.7,1.7,1.699,1.699,1.699,1.699,1.699,1.699,1.699,1.699,1.699,1.699,1.699,1.7,1.699,1.699,1.699,1.699,1.85
RGI60-16.00838,1.359,1.359,1.359,1.359,1.359,1.359,1.359,1.359,1.359,1.359,1.359,1.359,1.359,1.359,1.359,1.359,0.632,0.632,0.632,0.799,0.799,0.799,0.799,0.799,0.799,0.799,0.799,0.782,0.782,0.772,0.768,0.768,0.768,0.767,0.767,0.767,0.767,0.767,0.767,0.767,0.767,0.767,0.767,0.767,0.768,0.767,0.767,0.767,0.768,1.06
RGI60-16.00839,1.365,1.365,1.365,1.365,1.365,1.365,1.365,1.365,1.365,1.365,1.365,1.365,1.365,1.365,1.365,1.365,0.643,0.643,0.643,0.807,0.807,0.807,0.807,0.807,0.807,0.807,0.807,0.791,0.791,0.781,0.778,0.778,0.778,0.776,0.776,0.776,0.776,0.776,0.776,0.776,0.776,0.776,0.776,0.776,0.778,0.776,0.776,0.776,0.777,1.067
RGI60-16.00840,1.574,1.574,1.574,1.574,1.574,1.574,1.574,1.574,1.574,1.574,1.574,1.574,1.574,1.574,1.574,1.574,1.018,1.018,1.018,1.13,1.13,1.13,1.13,1.13,1.13,1.13,1.13,1.119,1.119,1.112,1.109,1.109,1.109,1.108,1.108,1.108,1.108,1.108,1.108,1.108,1.108,1.108,1.108,1.108,1.109,1.108,1.108,1.108,1.108,1.325
RGI60-16.00841,1.333,1.333,1.333,1.333,1.333,1.333,1.333,1.333,1.333,1.333,1.333,1.333,1.333,1.333,1.333,1.333,0.578,0.578,0.578,0.758,0.758,0.758,0.758,0.758,0.758,0.758,0.758,0.741,0.741,0.73,0.726,0.726,0.726,0.724,0.724,0.724,0.724,0.724,0.724,0.724,0.724,0.724,0.724,0.724,0.726,0.724,0.724,0.724,0.725,1.026
RGI60-16.00842,1.333,1.333,1.333,1.333,1.333,1.333,1.333,1.333,1.333,1.333,1.333,1.333,1.333,1.333,1.333,1.333,0.58,0.58,0.58,0.761,0.761,0.761,0.761,0.761,0.761,0.761,0.761,0.744,0.744,0.733,0.729,0.729,0.729,0.727,0.727,0.727,0.727,0.727,0.727,0.727,0.727,0.727,0.727,0.727,0.729,0.727,0.727,0.727,0.728,1.026
RGI60-16.00843,1.365,1.365,1.365,1.365,1.365,1.365,1.365,1.365,1.365,1.365,1.365,1.365,1.365,1.365,1.365,1.365,0.651,0.651,0.651,0.817,0.817,0.817,0.817,0.817,0.817,0.817,0.817,0.801,0.801,0.791,0.787,0.787,0.787,0.785,0.785,0.785,0.785,0.785,0.785,0.785,0.785,0.785,0.785,0.785,0.787,0.785,0.785,0.785,0.786,1.068
RGI60-16.00844,1.333,1.333,1.333,1.333,1.333,1.333,1.333,1.333,1.333,1.333,1.333,1.333,1.333,1.333,1.333,1.333,0.581,0.581,0.581,0.763,0.763,0.763,0.763,0.763,0.763,0.763,0.763,0.746,0.746,0.735,0.731,0.731,0.731,0.729,0.729,0.729,0.729,0.729,0.729,0.729,0.729,0.729,0.729,0.729,0.731,0.729,0.729,0.729,0.73,1.026
RGI60-16.00845,1.34,1.34,1.34,1.34,1.34,1.34,1.34,1.34,1.34,1.34,1.34,1.34,1.34,1.34,1.34,1.34,0.598,0.598,0.598,0.777,0.777,0.777,0.777,0.777,0.777,0.777,0.777,0.761,0.761,0.749,0.745,0.745,0.745,0.743,0.743,0.743,0.743,0.743,0.743,0.743,0.743,0.743,0.743,0.743,0.745,0.743,0.743,0.743,0.744,1.035
RGI60-16.00846,1.33,1.33,1.33,1.33,1.33,1.33,1.33,1.33,1.33,1.33,1.33,1.33,1.33,1.33,1.33,1.33,0.576,0.576,0.576,0.76,0.76,0.76,0.76,0.76,0.76,0.76,0.76,0.744,0.744,0.732,0.728,0.728,0.728,0.726,0.726,0.726,0.726,0.726,0.726,0.726,0.726,0.726,0.726,0.726,0.728,0.726,0.726,0.726,0.727,1.023
RGI60-16.00847,1.349,1.349,1.349,1.349,1.349,1.349,1.349,1.349,1.349,1.349,1.349,1.349,1.349,1.349,1.349,1.349,0.619,0.619,0.619,0.793,0.793,0.793,0.793,0.793,0.793,0.793,0.793,0.777,0.777,0.766,0.762,0.762,0.762,0.76,0.76,0.76,0.76,0.76,0.76,0.76,0.76,0.76,0.76,0.76,0.762,0.76,0.76,0.76,0.761,1.047
RGI60-16.00848,1.617,1.617,1.617,1.617,1.617,1.617,1.617,1.617,1.617,1.617,1.617,1.617,1.617,1.617,1.617,1.617,1.086,1.086,1.086,1.195,1.195,1.195,1.195,1.195,1.195,1.195,1.195,1.185,1.185,1.177,1.175,1.175,1.175,1.173,1.173,1.173,1.173,1.173,1.173,1.173,1.173,1.173,1.173,1.173,1.175,1.173,1.173,1.173,1.174,1.375
RGI60-16.00849,2.316,2.316,2.316,2.316,2.316,2.316,2.316,2.316,2.316,2.316,2.316,2.316,2.316,2.316,2.316,2.316,1.982,1.982,1.982,2.044,2.044,2.044,2.044,2.044,2.044,2.044,2.044,2.038,2.038,2.033,2.032,2.032,2.032,2.031,2.031,2.031,2.031,2.031,2.031,2.031,2.031,2.031,2.031,2.031,2.032,2.031,2.031,2.031,2.032,2.154
RGI60-16.00850,1.329,1.329,1.329,1.329,1.329,1.329,1.329,1.329,1.329,1.329,1.329,1.329,1.329,1.329,1.329,1.329,0.575,0.575,0.575,0.759,0.759,0.759,0.759,0.759,0.759,0.759,0.759,0.743,0.743,0.731,0.727,0.727,0.727,0.725,0.725,0.725,0.725,0.725,0.725,0.725,0.725,0.725,0.725,0.725,0.727,0.725,0.725,0.725,0.726,1.021
RGI60-16.00851,1.338,1.338,1.338,1.338,1.338,1.338,1.338,1.338,1.338,1.338,1.338,1.338,1.338,1.338,1.338,1.338,0.597,0.597,0.597,0.777,0.777,0.777,0.777,0.777,0.777,0.777,0.777,0.761,0.761,0.749,0.745,0.745,0.745,0.743,0.743,0.743,0.743,0.743,0.743,0.743,0.743,0.743,0.743,0.743,0.745,0.743,0.743,0.743,0.744,1.033
RGI60-16.00852,1.504,1.504,1.504,1.504,1.504,1.504,1.504,1.504,1.504,1.504,1.504,1.504,1.504,1.504,1.504,1.504,0.911,0.911,0.911,1.038,1.038,1.038,1.038,1.038,1.038,1.038,1.038,1.026,1.026,1.017,1.014,1.014,1.014,1.013,1.013,1.013,1.013,1.013,1.013,1.013,1.013,1.013,1.013,1.013,1.014,1.013,1.013,1.013,1.014,1.241
RGI60-16.00853,1.36,1.36,1.36,1.36,1.36,1.36,1.36,1.36,1.36,1.36,1.36,1.36,1.36,1.36,1.36,1.36,0.646,0.646,0.646,0.817,0.817,0.817,0.817,0.817,0.817,0.817,0.817,0.802,0.802,0.791,0.787,0.787,0.787,0.785,0.785,0.785,0.785,0.785,0.785,0.785,0.785,0.785,0.785,0.785,0.787,0.785,0.785,0.785,0.786,1.061
RGI60-16.00854,1.332,1.332,1.332,1.332,1.332,1.332,1.332,1.332,1.332,1.332,1.332,1.332,1.332,1.332,1.332,1.332,0.586,0.586,0.586,0.77,0.77,0.77,0.77,0.77,0.77,0.77,0.77,0.754,0.754,0.742,0.738,0.738,0.738,0.736,0.736,0.736,0.736,0.736,0.736,0.736,0.736,0.736,0.736,0.736,0.738,0.736,0.736,0.736,0.737,1.025
RGI60-16.00855,1.33,1.33,1.33,1.33,1.33,1.33,1.33,1.33,1.33,1.33,1.33,1.33,1.33,1.33,1.33,1.33,0.573,0.573,0.573,0.755,0.755,0.755,0.755,0.755,0.755,0.755,0.755,0.738,0.738,0.727,0.723,0.723,0.723,0.721,0.721,0.721,0.721,0.721,0.721,0.721,0.721,0.721,0.721,0.721,0.723,0.721,0.721,0.721,0.722,1.023
RGI60-16.00856,1.33,1.33,1.33,1.33,1.33,1.33,1.33,1.33,1.33,1.33,1.33,1.33,1.33,1.33,1.33,1.33,0.569,0.569,0.569,0.751,0.751,0.751,0.751,0.751,0.751,0.751,0.751,0.734,0.734,0.723,0.719,0.719,0.719,0.717,0.717,0.717,0.717,0.717,0.717,0.717,0.717,0.717,0.717,0.717,0.719,0.717,0.717,0.717,0.718,1.022
RGI60-16.00857,1.307,1.307,1.307,1.307,1.307,1.307,1.307,1.307,1.307,1.307,1.307,1.307,1.307,1.307,1.307,1.307,0.642,0.642,0.642,0.822,0.822,0.822,0.822,0.822,0.822,0.822,0.822,0.813,0.813,0.787,0.782,0.782,0.782,0.779,0.779,0.779,0.779,0.779,0.779,0.779,0.779,0.779,0.779,0.779,0.782,0.779,0.779,0.779,0.781,0.992
RGI60-16.00858,1.345,1.345,1.345,1.345,1.345,1.345,1.345,1.345,1.345,1.345,1.345,1.345,1.345,1.345,1.345,1.345,0.717,0.717,0.717,0.882,0.882,0.882,0.882,0.882,0.882,0.882,0.882,0.874,0.874,0.85,0.845,0.845,0.845,0.842,0.842,0.842,0.842,0.842,0.842,0.842,0.842,0.842,0.842,0.842,0.845,0.842,0.842,0.842,0.844,1.042
RGI60-16.00859,1.329,1.329,1.329,1.329,1.329,1.329,1.329,1.329,1.329,1.329,1.329,1.329,1.329,1.329,1.329,1.329,0.686,0.686,0.686,0.857,0.857,0.857,0.857,0.857,0.857,0.857,0.857,0.849,0.849,0.824,0.819,0.819,0.819,0.816,0.816,0.816,0.816,0.816,0.816,0.816,0.816,0.816,0.816,0.816,0.819,0.816,0.816,0.816,0.818,1.021
RGI60-16.00860,1.388,1.388,1.388,1.388,1.388,1.388,1.388,1.388,1.388,1.388,1.388,1.388,1.388,1.388,1.388,1.388,0.795,0.795,0.795,0.947,0.947,0.947,0.947,0.947,0.947,0.947,0.947,0.939,0.939,0.917,0.912,0.912,0.912,0.91,0.91,0.91,0.91,0.91,0.91,0.91,0.91,0.91,0.91,0.91,0.912,0.91,0.91,0.91,0.911,1.097
RGI60-16.00861,1.325,1.325,1.325,1.325,1.325,1.325,1.325,1.325,1.325,1.325,1.325,1.325,1.325,1.325,1.325,1.325,0.676,0.676,0.676,0.849,0.849,0.849,0.849,0.849,0.849,0.849,0.849,0.841,0.841,0.816,0.811,0.811,0.811,0.808,0.808,0.808,0.808,0.808,0.808,0.808,0.808,0.808,0.808,0.808,0.811,0.808,0.808,0.808,0.809,1.015
RGI60-16.00862,1.401,1.401,1.401,1.401,1.401,1.401,1.401,1.401,1.401,1.401,1.401,1.401,1.401,1.401,1.401,1.401,0.82,0.82,0.82,0.969,0.969,0.969,0.969,0.969,0.969,0.969,0.969,0.961,0.961,0.939,0.934,0.934,0.934,0.932,0.932,0.932,0.932,0.932,0.932,0.932,0.932,0.932,0.932,0.932,0.934,0.932,0.932,0.932,0.933,1.113
RGI60-16.00863,1.359,1.359,1.359,1.359,1.359,1.359,1.359,1.359,1.359,1.359,1.359,1.359,1.359,1.359,1.359,1.359,0.744,0.744,0.744,0.904,0.904,0.904,0.904,0.904,0.904,0.904,0.904,0.896,0.896,0.873,0.868,0.868,0.868,0.865,0.865,0.865,0.865,0.865,0.865,0.865,0.865,0.865,0.865,0.865,0.868,0.865,0.865,0.865,0.867,1.06
RGI60-16.00864,1.347,1.347,1.347,1.347,1.347,1.347,1.347,1.347,1.347,1.347,1.347,1.347,1.347,1.347,1.347,1.347,0.725,0.725,0.725,0.89,0.89,0.89,0.89,0.89,0.89,0.89,0.89,0.882,0.882,0.857,0.852,0.852,0.852,0.849,0.849,0.849,0.849,0.849,0.849,0.849,0.849,0.849,0.849,0.849,0.852,0.849,0.849,0.849,0.851,1.045
RGI60-16.00865,1.362,1.362,1.362,1.362,1.362,1.362,1.362,1.362,1.362,1.362,1.362,1.362,1.362,1.362,1.362,1.362,0.741,0.741,0.741,0.901,0.901,0.901,0.901,0.901,0.901,0.901,0.901,0.893,0.893,0.87,0.866,0.866,0.866,0.863,0.863,0.863,0.863,0.863,0.863,0.863,0.863,0.863,0.863,0.863,0.866,0.863,0.863,0.863,0.865,1.064
RGI60-16.00866,1.301,1.301,1.301,1.301,1.301,1.301,1.301,1.301,1.301,1.301,1.301,1.301,1.301,1.301,1.301,1.301,0.632,0.632,0.632,0.815,0.815,0.815,0.815,0.815,0.815,0.815,0.815,0.806,0.806,0.78,0.774,0.774,0.774,0.771,0.771,0.771,0.771,0.771,0.771,0.771,0.771,0.771,0.771,0.771,0.774,0.771,0.771,0.771,0.773,0.985
RGI60-16.00867,1.302,1.302,1.302,1.302,1.302,1.302,1.302,1.302,1.302,1.302,1.302,1.302,1.302,1.302,1.302,1.302,0.635,0.635,0.635,0.818,0.818,0.818,0.818,0.818,0.818,0.818,0.818,0.809,0.809,0.782,0.777,0.777,0.777,0.774,0.774,0.774,0.774,0.774,0.774,0.774,0.774,0.774,0.774,0.774,0.777,0.774,0.774,0.774,0.776,0.986
RGI60-16.00868,1.33,1.33,1.33,1.33,1.33,1.33,1.33,1.33,1.33,1.33,1.33,1.33,1.33,1.33,1.33,1.33,0.693,0.693,0.693,0.864,0.864,0.864,0.864,0.864,0.864,0.864,0.864,0.856,0.856,0.83,0.825,0.825,0.825,0.822,0.822,0.822,0.822,0.822,0.822,0.822,0.822,0.822,0.822,0.822,0.825,0.822,0.822,0.822,0.824,1.023
RGI60-16.00869,1.305,1.305,1.305,1.305,1.305,1.305,1.305,1.305,1.305,1.305,1.305,1.305,1.305,1.305,1.305,1.305,0.642,0.642,0.642,0.823,0.823,0.823,0.823,0.823,0.823,0.823,0.823,0.814,0.814,0.787,0.782,0.782,0.782,0.779,0.779,0.779,0.779,0.779,0.779,0.779,0.779,0.779,0.779,0.779,0.782,0.779,0.779,0.779,0.781,0.989
RGI60-16.00870,1.305,1.305,1.305,1.305,1.305,1.305,1.305,1.305,1.305,1.305,1.305,1.305,1.305,1.305,1.305,1.305,0.64,0.64,0.64,0.821,0.821,0.821,0.821,0.821,0.821,0.821,0.821,0.813,0.813,0.786,0.781,0.781,0.781,0.778,0.778,0.778,0.778,0.778,0.778,0.778,0.778,0.778,0.778,0.778,0.781,0.778,0.778,0.778,0.78,0.99
RGI60-16.00871,1.304,1.304,1.304,1.304,1.304,1.304,1.304,1.304,1.304,1.304,1.304,1.304,1.304,1.304,1.304,1.304,0.635,0.635,0.635,0.817,0.817,0.817,0.817,0.817,0.817,0.817,0.817,0.808,0.808,0.782,0.777,0.777,0.777,0.774,0.774,0.774,0.774,0.774,0.774,0.774,0.774,0.774,0.774,0.774,0.777,0.774,0.774,0.774,0.776,0.988
RGI60-16.00872,1.299,1.299,1.299,1.299,1.299,1.299,1.299,1.299,1.299,1.299,1.299,1.299,1.299,1.299,1.299,1.299,0.628,0.628,0.628,0.812,0.812,0.812,0.812,0.812,0.812,0.812,0.812,0.803,0.803,0.776,0.771,0.771,0.771,0.768,0.768,0.768,0.768,0.768,0.768,0.768,0.768,0.768,0.768,0.768,0.771,0.768,0.768,0.768,0.77,0.982
RGI60-16.00873,1.324,1.324,1.324,1.324,1.324,1.324,1.324,1.324,1.324,1.324,1.324,1.324,1.324,1.324,1.324,1.324,0.676,0.676,0.676,0.849,0.849,0.849,0.849,0.849,0.849,0.849,0.849,0.841,0.841,0.815,0.81,0.81,0.81,0.808,0.808,0.808,0.808,0.808,0.808,0.808,0.808,0.808,0.808,0.808,0.81,0.808,0.808,0.808,0.809,1.014
RGI60-16.00874,1.301,1.301,1.301,1.301,1.301,1.301,1.301,1.301,1.301,1.301,1.301,1.301,1.301,1.301,1.301,1.301,0.632,0.632,0.632,0.815,0.815,0.815,0.815,0.815,0.815,0.815,0.815,0.806,0.806,0.779,0.774,0.774,0.774,0.771,0.771,0.771,0.771,0.771,0.771,0.771,0.771,0.771,0.771,0.771,0.774,0.771,0.771,0.771,0.773,0.985
RGI60-16.00875,1.307,1.307,1.307,1.307,1.307,1.307,1.307,1.307,1.307,1.307,1.307,1.307,1.307,1.307,1.307,1.307,0.646,0.646,0.646,0.826,0.826,0.826,0.826,0.826,0.826,0.826,0.826,0.818,0.818,0.791,0.786,0.786,0.786,0.783,0.783,0.783,0.783,0.783,0.783,0.783,0.783,0.783,0.783,0.783,0.786,0.783,0.783,0.783,0.785,0.993
RGI60-16.00876,1.311,1.311,1.311,1.311,1.311,1.311,1.311,1.311,1.311,1.311,1.311,1.311,1.311,1.311,1.311,1.311,0.652,0.652,0.652,0.831,0.831,0.831,0.831,0.831,0.831,0.831,0.831,0.822,0.822,0.796,0.791,0.791,0.791,0.788,0.788,0.788,0.788,0.788,0.788,0.788,0.788,0.788,0.788,0.788,0.791,0.788,0.788,0.788,0.79,0.998
RGI60-16.00877,1.306,1.306,1.306,1.306,1.306,1.306,1.306,1.306,1.306,1.306,1.306,1.306,1.306,1.306,1.306,1.306,0.633,0.633,0.633,0.815,0.815,0.815,0.815,0.815,0.815,0.815,0.815,0.806,0.806,0.78,0.775,0.775,0.775,0.773,0.773,0.773,0.773,0.773,0.773,0.773,0.773,0.773,0.773,0.773,0.775,0.773,0.773,0.773,0.774,0.991
RGI60-16.00878,1.306,1.306,1.306,1.306,1.306,1.306,1.306,1.306,1.306,1.306,1.306,1.306,1.306,1.306,1.306,1.306,0.642,0.642,0.642,0.823,0.823,0.823,0.823,0.823,0.823,0.823,0.823,0.814,0.814,0.788,0.783,0.783,0.783,0.78,0.78,0.78,0.78,0.78,0.78,0.78,0.78,0.78,0.78,0.78,0.783,0.78,0.78,0.78,0.781,0.991
RGI60-16.00879,1.313,1.313,1.313,1.313,1.313,1.313,1.313,1.313,1.313,1.313,1.313,1.313,1.313,1.313,1.313,1.313,0.646,0.646,0.646,0.824,0.824,0.824,0.824,0.824,0.824,0.824,0.824,0.816,0.816,0.791,0.786,0.786,0.786,0.783,0.783,0.783,0.783,0.783,0.783,0.783,0.783,0.783,0.783,0.783,0.786,0.783,0.783,0.783,0.785,1.0
RGI60-16.00880,1.331,1.331,1.331,1.331,1.331,1.331,1.331,1.331,1.331,1.331,1.331,1.331,1.331,1.331,1.331,1.331,0.683,0.683,0.683,0.854,0.854,0.854,0.854,0.854,0.854,0.854,0.854,0.845,0.845,0.821,0.816,0.816,0.816,0.814,0.814,0.814,0.814,0.814,0.814,0.814,0.814,0.814,0.814,0.814,0.816,0.814,0.814,0.814,0.815,1.024
RGI60-16.00881,1.302,1.302,1.302,1.302,1.302,1.302,1.302,1.302,1.302,1.302,1.302,1.302,1.302,1.302,1.302,1.302,0.631,0.631,0.631,0.814,0.814,0.814,0.814,0.814,0.814,0.814,0.814,0.805,0.805,0.779,0.774,0.774,0.774,0.771,0.771,0.771,0.771,0.771,0.771,0.771,0.771,0.771,0.771,0.771,0.774,0.771,0.771,0.771,0.773,0.986
RGI60-16.00882,1.305,1.305,1.305,1.305,1.305,1.305,1.305,1.305,1.305,1.305,1.305,1.305,1.305,1.305,1.305,1.305,0.64,0.64,0.64,0.821,0.821,0.821,0.821,0.821,0.821,0.821,0.821,0.812,0.812,0.786,0.78,0.78,0.78,0.778,0.778,0.778,0.778,0.778,0.778,0.778,0.778,0.778,0.778,0.778,0.78,0.778,0.778,0.778,0.779,0.99
RGI60-16.00883,1.307,1.307,1.307,1.307,1.307,1.307,1.307,1.307,1.307,1.307,1.307,1.307,1.307,1.307,1.307,1.307,0.646,0.646,0.646,0.826,0.826,0.826,0.826,0.826,0.826,0.826,0.826,0.818,0.818,0.791,0.785,0.785,0.785,0.783,0.783,0.783,0.783,0.783,0.783,0.783,0.783,0.783,0.783,0.783,0.785,0.783,0.783,0.783,0.784,0.992
RGI60-16.00884,1.309,1.309,1.309,1.309,1.309,1.309,1.309,1.309,1.309,1.309,1.309,1.309,1.309,1.309,1.309,1.309,0.644,0.644,0.644,0.824,0.824,0.824,0.824,0.824,0.824,0.824,0.824,0.815,0.815,0.789,0.784,0.784,0.784,0.781,0.781,0.781,0.781,0.781,0.781,0.781,0.781,0.781,0.781,0.781,0.784,0.781,0.781,0.781,0.783,0.995
RGI60-16.00885,1.312,1.312,1.312,1.312,1.312,1.312,1.312,1.312,1.312,1.312,1.312,1.312,1.312,1.312,1.312,1.312,0.653,0.653,0.653,0.831,0.831,0.831,0.831,0.831,0.831,0.831,0.831,0.822,0.822,0.796,0.791,0.791,0.791,0.788,0.788,0.788,0.788,0.788,0.788,0.788,0.788,0.788,0.788,0.788,0.791,0.788,0.788,0.788,0.79,0.999
RGI60-16.00886,1.301,1.301,1.301,1.301,1.301,1.301,1.301,1.301,1.301,1.301,1.301,1.301,1.301,1.301,1.301,1.301,0.633,0.633,0.633,0.816,0.816,0.816,0.816,0.816,0.816,0.816,0.816,0.807,0.807,0.78,0.775,0.775,0.775,0.772,0.772,0.772,0.772,0.772,0.772,0.772,0.772,0.772,0.772,0.772,0.775,0.772,0.772,0.772,0.774,0.985
RGI60-16.00887,1.334,1.334,1.334,1.334,1.334,1.334,1.334,1.334,1.334,1.334,1.334,1.334,1.334,1.334,1.334,1.334,0.698,0.698,0.698,0.868,0.868,0.868,0.868,0.868,0.868,0.868,0.868,0.859,0.859,0.834,0.829,0.829,0.829,0.827,0.827,0.827,0.827,0.827,0.827,0.827,0.827,0.827,0.827,0.827,0.829,0.827,0.827,0.827,0.828,1.028
RGI60-16.00888,1.349,1.349,1.349,1.349,1.349,1.349,1.349,1.349,1.349,1.349,1.349,1.349,1.349,1.349,1.349,1.349,0.727,0.727,0.727,0.891,0.891,0.891,0.891,0.891,0.891,0.891,0.891,0.883,0.883,0.858,0.853,0.853,0.853,0.851,0.851,0.851,0.851,0.851,0.851,0.851,0.851,0.851,0.851,0.851,0.853,0.851,0.851,0.851,0.852,1.047
RGI60-16.00889,1.313,1.313,1.313,1.313,1.313,1.313,1.313,1.313,1.313,1.313,1.313,1.313,1.313,1.313,1.313,1.313,0.653,0.653,0.653,0.831,0.831,0.831,0.831,0.831,0.831,0.831,0.831,0.822,0.822,0.796,0.791,0.791,0.791,0.788,0.788,0.788,0.788,0.788,0.788,0.788,0.788,0.788,0.788,0.788,0.791,0.788,0.788,0.788,0.79,1.0
RGI60-16.00890,1.328,1.328,1.328,1.328,1.328,1.328,1.328,1.328,1.328,1.328,1.328,1.328,1.328,1.328,1.328,1.328,0.68,0.68,0.68,0.852,0.852,0.852,0.852,0.852,0.852,0.852,0.852,0.844,0.844,0.819,0.814,0.814,0.814,0.812,0.812,0.812,0.812,0.812,0.812,0.812,0.812,0.812,0.812,0.812,0.814,0.812,0.812,0.812,0.813,1.02
RGI60-16.00891,1.301,1.301,1.301,1.301,1.301,1.301,1.301,1.301,1.301,1.301,1.301,1.301,1.301,1.301,1.301,1.301,0.624,0.624,0.624,0.807,0.807,0.807,0.807,0.807,0.807,0.807,0.807,0.798,0.798,0.773,0.767,0.767,0.767,0.765,0.765,0.765,0.765,0.765,0.765,0.765,0.765,0.765,0.765,0.765,0.767,0.765,0.765,0.765,0.766,0.984
RGI60-16.00892,1.325,1.325,1.325,1.325,1.325,1.325,1.325,1.325,1.325,1.325,1.325,1.325,1.325,1.325,1.325,1.325,0.677,0.677,0.677,0.85,0.85,0.85,0.85,0.85,0.85,0.85,0.85,0.842,0.842,0.817,0.812,0.812,0.812,0.809,0.809,0.809,0.809,0.809,0.809,0.809,0.809,0.809,0.809,0.809,0.812,0.809,0.809,0.809,0.811,1.016
RGI60-16.00893,1.302,1.302,1.302,1.302,1.302,1.302,1.302,1.302,1.302,1.302,1.302,1.302,1.302,1.302,1.302,1.302,0.634,0.634,0.634,0.817,0.817,0.817,0.817,0.817,0.817,0.817,0.817,0.808,0.808,0.781,0.776,0.776,0.776,0.773,0.773,0.773,0.773,0.773,0.773,0.773,0.773,0.773,0.773,0.773,0.776,0.773,0.773,0.773,0.775,0.985
RGI60-16.00894,1.302,1.302,1.302,1.302,1.302,1.302,1.302,1.302,1.302,1.302,1.302,1.302,1.302,1.302,1.302,1.302,0.626,0.626,0.626,0.809,0.809,0.809,0.809,0.809,0.809,0.809,0.809,0.8,0.8,0.774,0.769,0.769,0.769,0.766,0.766,0.766,0.766,0.766,0.766,0.766,0.766,0.766,0.766,0.766,0.769,0.766,0.766,0.766,0.768,0.986
RGI60-16.00895,1.3,1.3,1.3,1.3,1.3,1.3,1.3,1.3,1.3,1.3,1.3,1.3,1.3,1.3,1.3,1.3,0.632,0.632,0.632,0.815,0.815,0.815,0.815,0.815,0.815,0.815,0.815,0.806,0.806,0.779,0.774,0.774,0.774,0.771,0.771,0.771,0.771,0.771,0.771,0.771,0.771,0.771,0.771,0.771,0.774,0.771,0.771,0.771,0.773,0.984
RGI60-16.00896,1.303,1.303,1.303,1.303,1.303,1.303,1.303,1.303,1.303,1.303,1.303,1.303,1.303,1.303,1.303,1.303,0.636,0.636,0.636,0.818,0.818,0.818,0.818,0.818,0.818,0.818,0.818,0.809,0.809,0.783,0.777,0.777,0.777,0.774,0.774,0.774,0.774,0.774,0.774,0.774,0.774,0.774,0.774,0.774,0.777,0.774,0.774,0.774,0.776,0.988
RGI60-16.00897,1.299,1.299,1.299,1.299,1.299,1.299,1.299,1.299,1.299,1.299,1.299,1.299,1.299,1.299,1.299,1.299,0.623,0.623,0.623,0.807,0.807,0.807,0.807,0.807,0.807,0.807,0.807,0.798,0.798,0.772,0.767,0.767,0.767,0.764,0.764,0.764,0.764,0.764,0.764,0.764,0.764,0.764,0.764,0.764,0.767,0.764,0.764,0.764,0.766,0.982
RGI60-16.00898,1.302,1.302,1.302,1.302,1.302,1.302,1.302,1.302,1.302,1.302,1.302,1.302,1.302,1.302,1.302,1.302,0.626,0.626,0.626,0.809,0.809,0.809,0.809,0.809,0.809,0.809,0.809,0.8,0.8,0.775,0.769,0.769,0.769,0.767,0.767,0.767,0.767,0.767,0.767,0.767,0.767,0.767,0.767,0.767,0.769,0.767,0.767,0.767,0.768,0.986
RGI60-16.00899,1.304,1.304,1.304,1.304,1.304,1.304,1.304,1.304,1.304,1.304,1.304,1.304,1.304,1.304,1.304,1.304,0.628,0.628,0.628,0.811,0.811,0.811,0.811,0.811,0.811,0.811,0.811,0.802,0.802,0.777,0.771,0.771,0.771,0.769,0.769,0.769,0.769,0.769,0.769,0.769,0.769,0.769,0.769,0.769,0.771,0.769,0.769,0.769,0.77,0.988
RGI60-16.00900,1.324,1.324,1.324,1.324,1.324,1.324,1.324,1.324,1.324,1.324,1.324,1.324,1.324,1.324,1.324,1.324,0.668,0.668,0.668,0.842,0.842,0.842,0.842,0.842,0.842,0.842,0.842,0.833,0.833,0.809,0.804,0.804,0.804,0.801,0.801,0.801,0.801,0.801,0.801,0.801,0.801,0.801,0.801,0.801,0.804,0.801,0.801,0.801,0.803,1.014
RGI60-16.00901,1.314,1.314,1.314,1.314,1.314,1.314,1.314,1.314,1.314,1.314,1.314,1.314,1.314,1.314,1.314,1.314,0.648,0.648,0.648,0.826,0.826,0.826,0.826,0.826,0.826,0.826,0.826,0.817,0.817,0.793,0.788,0.788,0.788,0.785,0.785,0.785,0.785,0.785,0.785,0.785,0.785,0.785,0.785,0.785,0.788,0.785,0.785,0.785,0.787,1.001
RGI60-16.00902,1.305,1.305,1.305,1.305,1.305,1.305,1.305,1.305,1.305,1.305,1.305,1.305,1.305,1.305,1.305,1.305,0.633,0.633,0.633,0.814,0.814,0.814,0.814,0.814,0.814,0.814,0.814,0.805,0.805,0.78,0.775,0.775,0.775,0.772,0.772,0.772,0.772,0.772,0.772,0.772,0.772,0.772,0.772,0.772,0.775,0.772,0.772,0.772,0.774,0.99
RGI60-16.00903,1.302,1.302,1.302,1.302,1.302,1.302,1.302,1.302,1.302,1.302,1.302,1.302,1.302,1.302,1.302,1.302,0.627,0.627,0.627,0.81,0.81,0.81,0.81,0.81,0.81,0.81,0.81,0.801,0.801,0.775,0.77,0.77,0.77,0.767,0.767,0.767,0.767,0.767,0.767,0.767,0.767,0.767,0.767,0.767,0.77,0.767,0.767,0.767,0.769,0.986
RGI60-16.00904,1.303,1.303,1.303,1.303,1.303,1.303,1.303,1.303,1.303,1.303,1.303,1.303,1.303,1.303,1.303,1.303,0.629,0.629,0.629,0.812,0.812,0.812,0.812,0.812,0.812,0.812,0.812,0.803,0.803,0.777,0.772,0.772,0.772,0.769,0.769,0.769,0.769,0.769,0.769,0.769,0.769,0.769,0.769,0.769,0.772,0.769,0.769,0.769,0.771,0.987
RGI60-16.00905,1.305,1.305,1.305,1.305,1.305,1.305,1.305,1.305,1.305,1.305,1.305,1.305,1.305,1.305,1.305,1.305,0.633,0.633,0.633,0.815,0.815,0.815,0.815,0.815,0.815,0.815,0.815,0.806,0.806,0.781,0.775,0.775,0.775,0.773,0.773,0.773,0.773,0.773,0.773,0.773,0.773,0.773,0.773,0.773,0.775,0.773,0.773,0.773,0.774,0.989
RGI60-16.00906,1.3,1.3,1.3,1.3,1.3,1.3,1.3,1.3,1.3,1.3,1.3,1.3,1.3,1.3,1.3,1.3,0.628,0.628,0.628,0.811,0.811,0.811,0.811,0.811,0.811,0.811,0.811,0.802,0.802,0.776,0.771,0.771,0.771,0.768,0.768,0.768,0.768,0.768,0.768,0.768,0.768,0.768,0.768,0.768,0.771,0.768,0.768,0.768,0.77,0.984
RGI60-16.00907,1.34,1.34,1.34,1.34,1.34,1.34,1.34,1.34,1.34,1.34,1.34,1.34,1.34,1.34,1.34,1.34,0.707,0.707,0.707,0.874,0.874,0.874,0.874,0.874,0.874,0.874,0.874,0.866,0.866,0.841,0.836,0.836,0.836,0.834,0.834,0.834,0.834,0.834,0.834,0.834,0.834,0.834,0.834,0.834,0.836,0.834,0.834,0.834,0.835,1.035
RGI60-16.00908,1.314,1.314,1.314,1.314,1.314,1.314,1.314,1.314,1.314,1.314,1.314,1.314,1.314,1.314,1.314,1.314,0.657,0.657,0.657,0.834,0.834,0.834,0.834,0.834,0.834,0.834,0.834,0.825,0.825,0.8,0.794,0.794,0.794,0.792,0.792,0.792,0.792,0.792,0.792,0.792,0.792,0.792,0.792,0.792,0.794,0.792,0.792,0.792,0.793,1.001
RGI60-16.00909,1.302,1.302,1.302,1.302,1.302,1.302,1.302,1.302,1.302,1.302,1.302,1.302,1.302,1.302,1.302,1.302,0.632,0.632,0.632,0.815,0.815,0.815,0.815,0.815,0.815,0.815,0.815,0.806,0.806,0.78,0.774,0.774,0.774,0.772,0.772,0.772,0.772,0.772,0.772,0.772,0.772,0.772,0.772,0.772,0.774,0.772,0.772,0.772,0.773,0.986
RGI60-16.00910,1.307,1.307,1.307,1.307,1.307,1.307,1.307,1.307,1.307,1.307,1.307,1.307,1.307,1.307,1.307,1.307,0.648,0.648,0.648,0.828,0.828,0.828,0.828,0.828,0.828,0.828,0.828,0.819,0.819,0.792,0.787,0.787,0.787,0.784,0.784,0.784,0.784,0.784,0.784,0.784,0.784,0.784,0.784,0.784,0.787,0.784,0.784,0.784,0.786,0.992
RGI60-16.00911,1.32,1.32,1.32,1.32,1.32,1.32,1.32,1.32,1.32,1.32,1.32,1.32,1.32,1.32,1.32,1.32,0.672,0.672,0.672,0.847,0.847,0.847,0.847,0.847,0.847,0.847,0.847,0.839,0.839,0.813,0.807,0.807,0.807,0.805,0.805,0.805,0.805,0.805,0.805,0.805,0.805,0.805,0.805,0.805,0.807,0.805,0.805,0.805,0.806,1.009
RGI60-16.00912,1.3,1.3,1.3,1.3,1.3,1.3,1.3,1.3,1.3,1.3,1.3,1.3,1.3,1.3,1.3,1.3,0.632,0.632,0.632,0.815,0.815,0.815,0.815,0.815,0.815,0.815,0.815,0.806,0.806,0.78,0.774,0.774,0.774,0.771,0.771,0.771,0.771,0.771,0.771,0.771,0.771,0.771,0.771,0.771,0.774,0.771,0.771,0.771,0.773,0.984
RGI60-16.00913,1.301,1.301,1.301,1.301,1.301,1.301,1.301,1.301,1.301,1.301,1.301,1.301,1.301,1.301,1.301,1.301,0.633,0.633,0.633,0.816,0.816,0.816,0.816,0.816,0.816,0.816,0.816,0.807,0.807,0.78,0.775,0.775,0.775,0.772,0.772,0.772,0.772,0.772,0.772,0.772,0.772,0.772,0.772,0.772,0.775,0.772,0.772,0.772,0.774,0.984
RGI60-16.00914,1.304,1.304,1.304,1.304,1.304,1.304,1.304,1.304,1.304,1.304,1.304,1.304,1.304,1.304,1.304,1.304,0.65,0.65,0.65,0.831,0.831,0.831,0.831,0.831,0.831,0.831,0.831,0.822,0.822,0.794,0.789,0.789,0.789,0.786,0.786,0.786,0.786,0.786,0.786,0.786,0.786,0.786,0.786,0.786,0.789,0.786,0.786,0.786,0.788,0.989
RGI60-16.00915,1.303,1.303,1.303,1.303,1.303,1.303,1.303,1.303,1.303,1.303,1.303,1.303,1.303,1.303,1.303,1.303,0.648,0.648,0.648,0.829,0.829,0.829,0.829,0.829,0.829,0.829,0.829,0.82,0.82,0.792,0.786,0.786,0.786,0.783,0.783,0.783,0.783,0.783,0.783,0.783,0.783,0.783,0.783,0.783,0.786,0.783,0.783,0.783,0.785,0.986
RGI60-16.00916,1.321,1.321,1.321,1.321,1.321,1.321,1.321,1.321,1.321,1.321,1.321,1.321,1.321,1.321,1.321,1.321,0.684,0.684,0.684,0.858,0.858,0.858,0.858,0.858,0.858,0.858,0.858,0.849,0.849,0.822,0.817,0.817,0.817,0.814,0.814,0.814,0.814,0.814,0.814,0.814,0.814,0.814,0.814,0.814,0.817,0.814,0.814,0.814,0.816,1.011
RGI60-16.00917,1.301,1.301,1.301,1.301,1.301,1.301,1.301,1.301,1.301,1.301,1.301,1.301,1.301,1.301,1.301,1.301,0.643,0.643,0.643,0.825,0.825,0.825,0.825,0.825,0.825,0.825,0.825,0.817,0.817,0.788,0.783,0.783,0.783,0.78,0.78,0.78,0.78,0.78,0.78,0.78,0.78,0.78,0.78,0.78,0.783,0.78,0.78,0.78,0.781,0.984
RGI60-16.00918,1.315,1.315,1.315,1.315,1.315,1.315,1.315,1.315,1.315,1.315,1.315,1.315,1.315,1.315,1.315,1.315,0.664,0.664,0.664,0.841,0.841,0.841,0.841,0.841,0.841,0.841,0.841,0.832,0.832,0.806,0.8,0.8,0.8,0.798,0.798,0.798,0.798,0.798,0.798,0.798,0.798,0.798,0.798,0.798,0.8,0.798,0.798,0.798,0.799,1.004
RGI60-16.00919,1.307,1.307,1.307,1.307,1.307,1.307,1.307,1.307,1.307,1.307,1.307,1.307,1.307,1.307,1.307,1.307,0.647,0.647,0.647,0.827,0.827,0.827,0.827,0.827,0.827,0.827,0.827,0.819,0.819,0.792,0.787,0.787,0.787,0.784,0.784,0.784,0.784,0.784,0.784,0.784,0.784,0.784,0.784,0.784,0.787,0.784,0.784,0.784,0.785,0.992
RGI60-16.00920,1.312,1.312,1.312,1.312,1.312,1.312,1.312,1.312,1.312,1.312,1.312,1.312,1.312,1.312,1.312,1.312,0.657,0.657,0.657,0.835,0.835,0.835,0.835,0.835,0.835,0.835,0.835,0.827,0.827,0.8,0.795,0.795,0.795,0.792,0.792,0.792,0.792,0.792,0.792,0.792,0.792,0.792,0.792,0.792,0.795,0.792,0.792,0.792,0.794,0.999
RGI60-16.00921,1.301,1.301,1.301,1.301,1.301,1.301,1.301,1.301,1.301,1.301,1.301,1.301,1.301,1.301,1.301,1.301,0.635,0.635,0.635,0.818,0.818,0.818,0.818,0.818,0.818,0.818,0.818,0.809,0.809,0.782,0.777,0.777,0.777,0.774,0.774,0.774,0.774,0.774,0.774,0.774,0.774,0.774,0.774,0.774,0.777,0.774,0.774,0.774,0.775,0.984
RGI60-16.00922,1.305,1.305,1.305,1.305,1.305,1.305,1.305,1.305,1.305,1.305,1.305,1.305,1.305,1.305,1.305,1.305,0.644,0.644,0.644,0.825,0.825,0.825,0.825,0.825,0.825,0.825,0.825,0.816,0.816,0.789,0.784,0.784,0.784,0.781,0.781,0.781,0.781,0.781,0.781,0.781,0.781,0.781,0.781,0.781,0.784,0.781,0.781,0.781,0.783,0.99
RGI60-16.00923,1.314,1.314,1.314,1.314,1.314,1.314,1.314,1.314,1.314,1.314,1.314,1.314,1.314,1.314,1.314,1.314,0.665,0.665,0.665,0.841,0.841,0.841,0.841,0.841,0.841,0.841,0.841,0.833,0.833,0.806,0.801,0.801,0.801,0.798,0.798,0.798,0.798,0.798,0.798,0.798,0.798,0.798,0.798,0.798,0.801,0.798,0.798,0.798,0.8,1.002
RGI60-16.00924,1.315,1.315,1.315,1.315,1.315,1.315,1.315,1.315,1.315,1.315,1.315,1.315,1.315,1.315,1.315,1.315,0.666,0.666,0.666,0.843,0.843,0.843,0.843,0.843,0.843,0.843,0.843,0.834,0.834,0.808,0.802,0.802,0.802,0.799,0.799,0.799,0.799,0.799,0.799,0.799,0.799,0.799,0.799,0.799,0.802,0.799,0.799,0.799,0.801,1.003
RGI60-16.00925,1.306,1.306,1.306,1.306,1.306,1.306,1.306,1.306,1.306,1.306,1.306,1.306,1.306,1.306,1.306,1.306,0.647,0.647,0.647,0.828,0.828,0.828,0.828,0.828,0.828,0.828,0.828,0.819,0.819,0.792,0.786,0.786,0.786,0.784,0.784,0.784,0.784,0.784,0.784,0.784,0.784,0.784,0.784,0.784,0.786,0.784,0.784,0.784,0.785,0.991
RGI60-16.00926,1.304,1.304,1.304,1.304,1.304,1.304,1.304,1.304,1.304,1.304,1.304,1.304,1.304,1.304,1.304,1.304,0.648,0.648,0.648,0.829,0.829,0.829,0.829,0.829,0.829,0.829,0.829,0.82,0.82,0.792,0.787,0.787,0.787,0.784,0.784,0.784,0.784,0.784,0.784,0.784,0.784,0.784,0.784,0.784,0.787,0.784,0.784,0.784,0.785,0.988
RGI60-16.00927,1.304,1.304,1.304,1.304,1.304,1.304,1.304,1.304,1.304,1.304,1.304,1.304,1.304,1.304,1.304,1.304,0.647,0.647,0.647,0.828,0.828,0.828,0.828,0.828,0.828,0.828,0.828,0.819,0.819,0.792,0.786,0.786,0.786,0.783,0.783,0.783,0.783,0.783,0.783,0.783,0.783,0.783,0.783,0.783,0.786,0.783,0.783,0.783,0.785,0.989
RGI60-16.00928,1.302,1.302,1.302,1.302,1.302,1.302,1.302,1.302,1.302,1.302,1.302,1.302,1.302,1.302,1.302,1.302,0.643,0.643,0.643,0.825,0.825,0.825,0.825,0.825,0.825,0.825,0.825,0.816,0.816,0.789,0.783,0.783,0.783,0.78,0.78,0.78,0.78,0.78,0.78,0.78,0.78,0.78,0.78,0.78,0.783,0.78,0.78,0.78,0.782,0.986
RGI60-16.00929,1.299,1.299,1.299,1.299,1.299,1.299,1.299,1.299,1.299,1.299,1.299,1.299,1.299,1.299,1.299,1.299,0.637,0.637,0.637,0.82,0.82,0.82,0.82,0.82,0.82,0.82,0.82,0.812,0.812,0.784,0.778,0.778,0.778,0.775,0.775,0.775,0.775,0.775,0.775,0.775,0.775,0.775,0.775,0.775,0.778,0.775,0.775,0.775,0.777,0.983
RGI60-16.00930,1.301,1.301,1.301,1.301,1.301,1.301,1.301,1.301,1.301,1.301,1.301,1.301,1.301,1.301,1.301,1.301,0.642,0.642,0.642,0.825,0.825,0.825,0.825,0.825,0.825,0.825,0.825,0.816,0.816,0.788,0.782,0.782,0.782,0.779,0.779,0.779,0.779,0.779,0.779,0.779,0.779,0.779,0.779,0.779,0.782,0.779,0.779,0.779,0.781,0.984
RGI60-16.00931,1.308,1.308,1.308,1.308,1.308,1.308,1.308,1.308,1.308,1.308,1.308,1.308,1.308,1.308,1.308,1.308,0.656,0.656,0.656,0.835,0.835,0.835,0.835,0.835,0.835,0.835,0.835,0.827,0.827,0.799,0.793,0.793,0.793,0.79,0.79,0.79,0.79,0.79,0.79,0.79,0.79,0.79,0.79,0.79,0.793,0.79,0.79,0.79,0.792,0.993
RGI60-16.00932,1.301,1.301,1.301,1.301,1.301,1.301,1.301,1.301,1.301,1.301,1.301,1.301,1.301,1.301,1.301,1.301,0.643,0.643,0.643,0.824,0.824,0.824,0.824,0.824,0.824,0.824,0.824,0.816,0.816,0.788,0.782,0.782,0.782,0.779,0.779,0.779,0.779,0.779,0.779,0.779,0.779,0.779,0.779,0.779,0.782,0.779,0.779,0.779,0.781,0.985
RGI60-16.00933,1.3,1.3,1.3,1.3,1.3,1.3,1.3,1.3,1.3,1.3,1.3,1.3,1.3,1.3,1.3,1.3,0.638,0.638,0.638,0.821,0.821,0.821,0.821,0.821,0.821,0.821,0.821,0.812,0.812,0.785,0.779,0.779,0.779,0.776,0.776,0.776,0.776,0.776,0.776,0.776,0.776,0.776,0.776,0.776,0.779,0.776,0.776,0.776,0.778,0.983
RGI60-16.00934,1.318,1.318,1.318,1.318,1.318,1.318,1.318,1.318,1.318,1.318,1.318,1.318,1.318,1.318,1.318,1.318,0.671,0.671,0.671,0.847,0.847,0.847,0.847,0.847,0.847,0.847,0.847,0.838,0.838,0.812,0.806,0.806,0.806,0.804,0.804,0.804,0.804,0.804,0.804,0.804,0.804,0.804,0.804,0.804,0.806,0.804,0.804,0.804,0.805,1.007
RGI60-16.00935,1.301,1.301,1.301,1.301,1.301,1.301,1.301,1.301,1.301,1.301,1.301,1.301,1.301,1.301,1.301,1.301,0.64,0.64,0.64,0.822,0.822,0.822,0.822,0.822,0.822,0.822,0.822,0.813,0.813,0.786,0.78,0.78,0.78,0.777,0.777,0.777,0.777,0.777,0.777,0.777,0.777,0.777,0.777,0.777,0.78,0.777,0.777,0.777,0.779,0.985
RGI60-16.00936,1.299,1.299,1.299,1.299,1.299,1.299,1.299,1.299,1.299,1.299,1.299,1.299,1.299,1.299,1.299,1.299,0.637,0.637,0.637,0.82,0.82,0.82,0.82,0.82,0.82,0.82,0.82,0.811,0.811,0.783,0.777,0.777,0.777,0.775,0.775,0.775,0.775,0.775,0.775,0.775,0.775,0.775,0.775,0.775,0.777,0.775,0.775,0.775,0.776,0.982
RGI60-16.00937,1.3,1.3,1.3,1.3,1.3,1.3,1.3,1.3,1.3,1.3,1.3,1.3,1.3,1.3,1.3,1.3,0.638,0.638,0.638,0.821,0.821,0.821,0.821,0.821,0.821,0.821,0.821,0.812,0.812,0.784,0.779,0.779,0.779,0.776,0.776,0.776,0.776,0.776,0.776,0.776,0.776,0.776,0.776,0.776,0.779,0.776,0.776,0.776,0.777,0.984
RGI60-16.00938,1.299,1.299,1.299,1.299,1.299,1.299,1.299,1.299,1.299,1.299,1.299,1.299,1.299,1.299,1.299,1.299,0.638,0.638,0.638,0.821,0.821,0.821,0.821,0.821,0.821,0.821,0.821,0.812,0.812,0.784,0.779,0.779,0.779,0.776,0.776,0.776,0.776,0.776,0.776,0.776,0.776,0.776,0.776,0.776,0.779,0.776,0.776,0.776,0.778,0.982
RGI60-16.00939,1.425,1.425,1.425,1.425,1.425,1.425,1.425,1.425,1.425,1.425,1.425,1.425,1.425,1.425,1.425,1.425,0.648,0.648,0.648,0.723,0.723,0.723,0.723,0.723,0.723,0.723,0.723,0.714,0.714,0.712,0.712,0.712,0.712,0.712,0.712,0.712,0.712,0.712,0.712,0.712,0.712,0.712,0.712,0.712,0.712,0.712,0.712,0.712,0.712,1.143
RGI60-16.00940,1.319,1.319,1.319,1.319,1.319,1.319,1.319,1.319,1.319,1.319,1.319,1.319,1.319,1.319,1.319,1.319,0.68,0.68,0.68,0.854,0.854,0.854,0.854,0.854,0.854,0.854,0.854,0.846,0.846,0.819,0.813,0.813,0.813,0.811,0.811,0.811,0.811,0.811,0.811,0.811,0.811,0.811,0.811,0.811,0.813,0.811,0.811,0.811,0.812,1.008
RGI60-16.00941,1.351,1.351,1.351,1.351,1.351,1.351,1.351,1.351,1.351,1.351,1.351,1.351,1.351,1.351,1.351,1.351,0.75,0.75,0.75,0.912,0.912,0.912,0.912,0.912,0.912,0.912,0.912,0.904,0.904,0.877,0.871,0.871,0.871,0.869,0.869,0.869,0.869,0.869,0.869,0.869,0.869,0.869,0.869,0.869,0.871,0.869,0.869,0.869,0.87,1.049
RGI60-16.00942,1.394,1.394,1.394,1.394,1.394,1.394,1.394,1.394,1.394,1.394,1.394,1.394,1.394,1.394,1.394,1.394,0.825,0.825,0.825,0.975,0.975,0.975,0.975,0.975,0.975,0.975,0.975,0.968,0.968,0.942,0.937,0.937,0.937,0.935,0.935,0.935,0.935,0.935,0.935,0.935,0.935,0.935,0.935,0.935,0.937,0.935,0.935,0.935,0.937,1.105
RGI60-16.00943,1.37,1.37,1.37,1.37,1.37,1.37,1.37,1.37,1.37,1.37,1.37,1.37,1.37,1.37,1.37,1.37,0.789,0.789,0.789,0.945,0.945,0.945,0.945,0.945,0.945,0.945,0.945,0.938,0.938,0.91,0.905,0.905,0.905,0.903,0.903,0.903,0.903,0.903,0.903,0.903,0.903,0.903,0.903,0.903,0.905,0.903,0.903,0.903,0.904,1.075
RGI60-16.00944,1.339,1.339,1.339,1.339,1.339,1.339,1.339,1.339,1.339,1.339,1.339,1.339,1.339,1.339,1.339,1.339,0.733,0.733,0.733,0.898,0.898,0.898,0.898,0.898,0.898,0.898,0.898,0.891,0.891,0.862,0.856,0.856,0.856,0.854,0.854,0.854,0.854,0.854,0.854,0.854,0.854,0.854,0.854,0.854,0.856,0.854,0.854,0.854,0.855,1.034
RGI60-16.00945,1.321,1.321,1.321,1.321,1.321,1.321,1.321,1.321,1.321,1.321,1.321,1.321,1.321,1.321,1.321,1.321,0.702,0.702,0.702,0.874,0.874,0.874,0.874,0.874,0.874,0.874,0.874,0.866,0.866,0.836,0.83,0.83,0.83,0.827,0.827,0.827,0.827,0.827,0.827,0.827,0.827,0.827,0.827,0.827,0.83,0.827,0.827,0.827,0.829,1.011
RGI60-16.00946,1.321,1.321,1.321,1.321,1.321,1.321,1.321,1.321,1.321,1.321,1.321,1.321,1.321,1.321,1.321,1.321,0.701,0.701,0.701,0.872,0.872,0.872,0.872,0.872,0.872,0.872,0.872,0.865,0.865,0.835,0.829,0.829,0.829,0.826,0.826,0.826,0.826,0.826,0.826,0.826,0.826,0.826,0.826,0.826,0.829,0.826,0.826,0.826,0.828,1.01
RGI60-16.00947,1.303,1.303,1.303,1.303,1.303,1.303,1.303,1.303,1.303,1.303,1.303,1.303,1.303,1.303,1.303,1.303,0.667,0.667,0.667,0.845,0.845,0.845,0.845,0.845,0.845,0.845,0.845,0.837,0.837,0.806,0.801,0.801,0.801,0.798,0.798,0.798,0.798,0.798,0.798,0.798,0.798,0.798,0.798,0.798,0.801,0.798,0.798,0.798,0.8,0.988
RGI60-16.00948,1.297,1.297,1.297,1.297,1.297,1.297,1.297,1.297,1.297,1.297,1.297,1.297,1.297,1.297,1.297,1.297,0.656,0.656,0.656,0.837,0.837,0.837,0.837,0.837,0.837,0.837,0.837,0.829,0.829,0.797,0.791,0.791,0.791,0.788,0.788,0.788,0.788,0.788,0.788,0.788,0.788,0.788,0.788,0.788,0.791,0.788,0.788,0.788,0.79,0.98
RGI60-16.00949,1.408,1.408,1.408,1.408,1.408,1.408,1.408,1.408,1.408,1.408,1.408,1.408,1.408,1.408,1.408,1.408,0.855,0.855,0.855,1.0,1.0,1.0,1.0,1.0,1.0,1.0,1.0,0.993,0.993,0.967,0.963,0.963,0.963,0.96,0.96,0.96,0.96,0.96,0.96,0.96,0.96,0.96,0.96,0.96,0.963,0.96,0.96,0.96,0.962,1.123
RGI60-16.00950,1.296,1.296,1.296,1.296,1.296,1.296,1.296,1.296,1.296,1.296,1.296,1.296,1.296,1.296,1.296,1.296,0.654,0.654,0.654,0.835,0.835,0.835,0.835,0.835,0.835,0.835,0.835,0.827,0.827,0.796,0.79,0.79,0.79,0.787,0.787,0.787,0.787,0.787,0.787,0.787,0.787,0.787,0.787,0.787,0.79,0.787,0.787,0.787,0.788,0.978
RGI60-16.00951,1.3,1.3,1.3,1.3,1.3,1.3,1.3,1.3,1.3,1.3,1.3,1.3,1.3,1.3,1.3,1.3,0.66,0.66,0.66,0.84,0.84,0.84,0.84,0.84,0.84,0.84,0.84,0.832,0.832,0.801,0.795,0.795,0.795,0.792,0.792,0.792,0.792,0.792,0.792,0.792,0.792,0.792,0.792,0.792,0.795,0.792,0.792,0.792,0.794,0.983
RGI60-16.00952,1.301,1.301,1.301,1.301,1.301,1.301,1.301,1.301,1.301,1.301,1.301,1.301,1.301,1.301,1.301,1.301,0.664,0.664,0.664,0.844,0.844,0.844,0.844,0.844,0.844,0.844,0.844,0.836,0.836,0.804,0.798,0.798,0.798,0.795,0.795,0.795,0.795,0.795,0.795,0.795,0.795,0.795,0.795,0.795,0.798,0.795,0.795,0.795,0.797,0.984
RGI60-16.00953,1.326,1.326,1.326,1.326,1.326,1.326,1.326,1.326,1.326,1.326,1.326,1.326,1.326,1.326,1.326,1.326,0.712,0.712,0.712,0.882,0.882,0.882,0.882,0.882,0.882,0.882,0.882,0.874,0.874,0.844,0.838,0.838,0.838,0.836,0.836,0.836,0.836,0.836,0.836,0.836,0.836,0.836,0.836,0.836,0.838,0.836,0.836,0.836,0.837,1.017
RGI60-16.00954,1.312,1.312,1.312,1.312,1.312,1.312,1.312,1.312,1.312,1.312,1.312,1.312,1.312,1.312,1.312,1.312,0.686,0.686,0.686,0.861,0.861,0.861,0.861,0.861,0.861,0.861,0.861,0.853,0.853,0.822,0.816,0.816,0.816,0.814,0.814,0.814,0.814,0.814,0.814,0.814,0.814,0.814,0.814,0.814,0.816,0.814,0.814,0.814,0.815,0.999
RGI60-16.00955,1.327,1.327,1.327,1.327,1.327,1.327,1.327,1.327,1.327,1.327,1.327,1.327,1.327,1.327,1.327,1.327,0.714,0.714,0.714,0.883,0.883,0.883,0.883,0.883,0.883,0.883,0.883,0.875,0.875,0.845,0.84,0.84,0.84,0.837,0.837,0.837,0.837,0.837,0.837,0.837,0.837,0.837,0.837,0.837,0.84,0.837,0.837,0.837,0.839,1.018
RGI60-16.00956,1.476,1.476,1.476,1.476,1.476,1.476,1.476,1.476,1.476,1.476,1.476,1.476,1.476,1.476,1.476,1.476,0.964,0.964,0.964,1.095,1.095,1.095,1.095,1.095,1.095,1.095,1.095,1.089,1.089,1.065,1.061,1.061,1.061,1.058,1.058,1.058,1.058,1.058,1.058,1.058,1.058,1.058,1.058,1.058,1.061,1.058,1.058,1.058,1.06,1.206
RGI60-16.00957,1.389,1.389,1.389,1.389,1.389,1.389,1.389,1.389,1.389,1.389,1.389,1.389,1.389,1.389,1.389,1.389,0.825,0.825,0.825,0.976,0.976,0.976,0.976,0.976,0.976,0.976,0.976,0.969,0.969,0.942,0.937,0.937,0.937,0.934,0.934,0.934,0.934,0.934,0.934,0.934,0.934,0.934,0.934,0.934,0.937,0.934,0.934,0.934,0.936,1.099
RGI60-16.00958,1.55,1.55,1.55,1.55,1.55,1.55,1.55,1.55,1.55,1.55,1.55,1.55,1.55,1.55,1.55,1.55,1.075,1.075,1.075,1.194,1.194,1.194,1.194,1.194,1.194,1.194,1.194,1.189,1.189,1.166,1.162,1.162,1.162,1.16,1.16,1.16,1.16,1.16,1.16,1.16,1.16,1.16,1.16,1.16,1.162,1.16,1.16,1.16,1.162,1.296
RGI60-16.00959,1.407,1.407,1.407,1.407,1.407,1.407,1.407,1.407,1.407,1.407,1.407,1.407,1.407,1.407,1.407,1.407,0.855,0.855,0.855,1.001,1.001,1.001,1.001,1.001,1.001,1.001,1.001,0.994,0.994,0.968,0.963,0.963,0.963,0.96,0.96,0.96,0.96,0.96,0.96,0.96,0.96,0.96,0.96,0.96,0.963,0.96,0.96,0.96,0.962,1.121
RGI60-16.00960,1.422,1.422,1.422,1.422,1.422,1.422,1.422,1.422,1.422,1.422,1.422,1.422,1.422,1.422,1.422,1.422,0.879,0.879,0.879,1.022,1.022,1.022,1.022,1.022,1.022,1.022,1.022,1.015,1.015,0.989,0.984,0.984,0.984,0.982,0.982,0.982,0.982,0.982,0.982,0.982,0.982,0.982,0.982,0.982,0.984,0.982,0.982,0.982,0.983,1.139
RGI60-16.00961,1.343,1.343,1.343,1.343,1.343,1.343,1.343,1.343,1.343,1.343,1.343,1.343,1.343,1.343,1.343,1.343,0.745,0.745,0.745,0.909,0.909,0.909,0.909,0.909,0.909,0.909,0.909,0.902,0.902,0.872,0.867,0.867,0.867,0.864,0.864,0.864,0.864,0.864,0.864,0.864,0.864,0.864,0.864,0.864,0.867,0.864,0.864,0.864,0.866,1.039
RGI60-16.00962,1.309,1.309,1.309,1.309,1.309,1.309,1.309,1.309,1.309,1.309,1.309,1.309,1.309,1.309,1.309,1.309,0.682,0.682,0.682,0.857,0.857,0.857,0.857,0.857,0.857,0.857,0.857,0.85,0.85,0.818,0.812,0.812,0.812,0.81,0.81,0.81,0.81,0.81,0.81,0.81,0.81,0.81,0.81,0.81,0.812,0.81,0.81,0.81,0.811,0.995
RGI60-16.00963,1.367,1.367,1.367,1.367,1.367,1.367,1.367,1.367,1.367,1.367,1.367,1.367,1.367,1.367,1.367,1.367,0.669,0.669,0.669,0.838,0.838,0.838,0.838,0.838,0.838,0.838,0.838,0.824,0.824,0.812,0.808,0.808,0.808,0.806,0.806,0.806,0.806,0.806,0.806,0.806,0.806,0.806,0.806,0.806,0.808,0.806,0.806,0.806,0.807,1.071
RGI60-16.00964,1.338,1.338,1.338,1.338,1.338,1.338,1.338,1.338,1.338,1.338,1.338,1.338,1.338,1.338,1.338,1.338,0.606,0.606,0.606,0.789,0.789,0.789,0.789,0.789,0.789,0.789,0.789,0.775,0.775,0.762,0.757,0.757,0.757,0.755,0.755,0.755,0.755,0.755,0.755,0.755,0.755,0.755,0.755,0.755,0.757,0.755,0.755,0.755,0.756,1.033
RGI60-16.00965,1.351,1.351,1.351,1.351,1.351,1.351,1.351,1.351,1.351,1.351,1.351,1.351,1.351,1.351,1.351,1.351,0.635,0.635,0.635,0.811,0.811,0.811,0.811,0.811,0.811,0.811,0.811,0.797,0.797,0.785,0.78,0.78,0.78,0.778,0.778,0.778,0.778,0.778,0.778,0.778,0.778,0.778,0.778,0.778,0.78,0.778,0.778,0.778,0.779,1.05
RGI60-16.00966,1.339,1.339,1.339,1.339,1.339,1.339,1.339,1.339,1.339,1.339,1.339,1.339,1.339,1.339,1.339,1.339,0.609,0.609,0.609,0.791,0.791,0.791,0.791,0.791,0.791,0.791,0.791,0.777,0.777,0.764,0.759,0.759,0.759,0.757,0.757,0.757,0.757,0.757,0.757,0.757,0.757,0.757,0.757,0.757,0.759,0.757,0.757,0.757,0.758,1.034
RGI60-16.00967,1.307,1.307,1.307,1.307,1.307,1.307,1.307,1.307,1.307,1.307,1.307,1.307,1.307,1.307,1.307,1.307,0.731,0.731,0.731,0.899,0.899,0.899,0.899,0.899,0.899,0.899,0.899,0.892,0.892,0.851,0.845,0.845,0.845,0.842,0.842,0.842,0.842,0.842,0.842,0.842,0.842,0.842,0.842,0.842,0.845,0.842,0.842,0.842,0.844,0.992
RGI60-16.00968,1.34,1.34,1.34,1.34,1.34,1.34,1.34,1.34,1.34,1.34,1.34,1.34,1.34,1.34,1.34,1.34,0.788,0.788,0.788,0.946,0.946,0.946,0.946,0.946,0.946,0.946,0.946,0.94,0.94,0.901,0.895,0.895,0.895,0.893,0.893,0.893,0.893,0.893,0.893,0.893,0.893,0.893,0.893,0.893,0.895,0.893,0.893,0.893,0.894,1.036
RGI60-16.00969,1.306,1.306,1.306,1.306,1.306,1.306,1.306,1.306,1.306,1.306,1.306,1.306,1.306,1.306,1.306,1.306,0.728,0.728,0.728,0.897,0.897,0.897,0.897,0.897,0.897,0.897,0.897,0.89,0.89,0.849,0.843,0.843,0.843,0.84,0.84,0.84,0.84,0.84,0.84,0.84,0.84,0.84,0.84,0.84,0.843,0.84,0.84,0.84,0.842,0.991
RGI60-16.00970,1.301,1.301,1.301,1.301,1.301,1.301,1.301,1.301,1.301,1.301,1.301,1.301,1.301,1.301,1.301,1.301,0.719,0.719,0.719,0.889,0.889,0.889,0.889,0.889,0.889,0.889,0.889,0.882,0.882,0.841,0.835,0.835,0.835,0.832,0.832,0.832,0.832,0.832,0.832,0.832,0.832,0.832,0.832,0.832,0.835,0.832,0.832,0.832,0.834,0.984
RGI60-16.00971,1.285,1.285,1.285,1.285,1.285,1.285,1.285,1.285,1.285,1.285,1.285,1.285,1.285,1.285,1.285,1.285,0.69,0.69,0.69,0.866,0.866,0.866,0.866,0.866,0.866,0.866,0.866,0.859,0.859,0.817,0.811,0.811,0.811,0.808,0.808,0.808,0.808,0.808,0.808,0.808,0.808,0.808,0.808,0.808,0.811,0.808,0.808,0.808,0.81,0.963
RGI60-16.00972,1.351,1.351,1.351,1.351,1.351,1.351,1.351,1.351,1.351,1.351,1.351,1.351,1.351,1.351,1.351,1.351,0.793,0.793,0.793,0.95,0.95,0.95,0.95,0.95,0.95,0.95,0.95,0.943,0.943,0.908,0.902,0.902,0.902,0.9,0.9,0.9,0.9,0.9,0.9,0.9,0.9,0.9,0.9,0.9,0.902,0.9,0.9,0.9,0.901,1.049
RGI60-16.00973,1.286,1.286,1.286,1.286,1.286,1.286,1.286,1.286,1.286,1.286,1.286,1.286,1.286,1.286,1.286,1.286,0.673,0.673,0.673,0.852,0.852,0.852,0.852,0.852,0.852,0.852,0.852,0.845,0.845,0.806,0.8,0.8,0.8,0.797,0.797,0.797,0.797,0.797,0.797,0.797,0.797,0.797,0.797,0.797,0.8,0.797,0.797,0.797,0.798,0.964
RGI60-16.00974,1.369,1.369,1.369,1.369,1.369,1.369,1.369,1.369,1.369,1.369,1.369,1.369,1.369,1.369,1.369,1.369,0.828,0.828,0.828,0.979,0.979,0.979,0.979,0.979,0.979,0.979,0.979,0.973,0.973,0.938,0.932,0.932,0.932,0.93,0.93,0.93,0.93,0.93,0.93,0.93,0.93,0.93,0.93,0.93,0.932,0.93,0.93,0.93,0.931,1.073
RGI60-16.00975,1.306,1.306,1.306,1.306,1.306,1.306,1.306,1.306,1.306,1.306,1.306,1.306,1.306,1.306,1.306,1.306,0.715,0.715,0.715,0.885,0.885,0.885,0.885,0.885,0.885,0.885,0.885,0.878,0.878,0.84,0.834,0.834,0.834,0.831,0.831,0.831,0.831,0.831,0.831,0.831,0.831,0.831,0.831,0.831,0.834,0.831,0.831,0.831,0.833,0.991
RGI60-16.00976,1.317,1.317,1.317,1.317,1.317,1.317,1.317,1.317,1.317,1.317,1.317,1.317,1.317,1.317,1.317,1.317,0.735,0.735,0.735,0.902,0.902,0.902,0.902,0.902,0.902,0.902,0.902,0.895,0.895,0.858,0.852,0.852,0.852,0.849,0.849,0.849,0.849,0.849,0.849,0.849,0.849,0.849,0.849,0.849,0.852,0.849,0.849,0.849,0.851,1.006
RGI60-16.00977,1.296,1.296,1.296,1.296,1.296,1.296,1.296,1.296,1.296,1.296,1.296,1.296,1.296,1.296,1.296,1.296,0.715,0.715,0.715,0.886,0.886,0.886,0.886,0.886,0.886,0.886,0.886,0.879,0.879,0.836,0.83,0.83,0.83,0.827,0.827,0.827,0.827,0.827,0.827,0.827,0.827,0.827,0.827,0.827,0.83,0.827,0.827,0.827,0.829,0.977
RGI60-16.00978,1.313,1.313,1.313,1.313,1.313,1.313,1.313,1.313,1.313,1.313,1.313,1.313,1.313,1.313,1.313,1.313,0.743,0.743,0.743,0.909,0.909,0.909,0.909,0.909,0.909,0.909,0.909,0.903,0.903,0.862,0.856,0.856,0.856,0.853,0.853,0.853,0.853,0.853,0.853,0.853,0.853,0.853,0.853,0.853,0.856,0.853,0.853,0.853,0.855,1.0
RGI60-16.00979,1.278,1.278,1.278,1.278,1.278,1.278,1.278,1.278,1.278,1.278,1.278,1.278,1.278,1.278,1.278,1.278,0.681,0.681,0.681,0.859,0.859,0.859,0.859,0.859,0.859,0.859,0.859,0.852,0.852,0.808,0.802,0.802,0.802,0.799,0.799,0.799,0.799,0.799,0.799,0.799,0.799,0.799,0.799,0.799,0.802,0.799,0.799,0.799,0.801,0.954
RGI60-16.00980,1.283,1.283,1.283,1.283,1.283,1.283,1.283,1.283,1.283,1.283,1.283,1.283,1.283,1.283,1.283,1.283,0.691,0.691,0.691,0.867,0.867,0.867,0.867,0.867,0.867,0.867,0.867,0.86,0.86,0.816,0.81,0.81,0.81,0.807,0.807,0.807,0.807,0.807,0.807,0.807,0.807,0.807,0.807,0.807,0.81,0.807,0.807,0.807,0.809,0.961
RGI60-16.00981,1.283,1.283,1.283,1.283,1.283,1.283,1.283,1.283,1.283,1.283,1.283,1.283,1.283,1.283,1.283,1.283,0.69,0.69,0.69,0.867,0.867,0.867,0.867,0.867,0.867,0.867,0.867,0.86,0.86,0.816,0.81,0.81,0.81,0.807,0.807,0.807,0.807,0.807,0.807,0.807,0.807,0.807,0.807,0.807,0.81,0.807,0.807,0.807,0.809,0.961
RGI60-16.00982,1.278,1.278,1.278,1.278,1.278,1.278,1.278,1.278,1.278,1.278,1.278,1.278,1.278,1.278,1.278,1.278,0.68,0.68,0.68,0.858,0.858,0.858,0.858,0.858,0.858,0.858,0.858,0.851,0.851,0.807,0.801,0.801,0.801,0.798,0.798,0.798,0.798,0.798,0.798,0.798,0.798,0.798,0.798,0.798,0.801,0.798,0.798,0.798,0.8,0.954
RGI60-16.00983,1.278,1.278,1.278,1.278,1.278,1.278,1.278,1.278,1.278,1.278,1.278,1.278,1.278,1.278,1.278,1.278,0.68,0.68,0.68,0.858,0.858,0.858,0.858,0.858,0.858,0.858,0.858,0.851,0.851,0.808,0.801,0.801,0.801,0.798,0.798,0.798,0.798,0.798,0.798,0.798,0.798,0.798,0.798,0.798,0.801,0.798,0.798,0.798,0.8,0.954
RGI60-16.00984,1.276,1.276,1.276,1.276,1.276,1.276,1.276,1.276,1.276,1.276,1.276,1.276,1.276,1.276,1.276,1.276,0.676,0.676,0.676,0.856,0.856,0.856,0.856,0.856,0.856,0.856,0.856,0.848,0.848,0.804,0.798,0.798,0.798,0.795,0.795,0.795,0.795,0.795,0.795,0.795,0.795,0.795,0.795,0.795,0.798,0.795,0.795,0.795,0.797,0.951
RGI60-16.00985,1.28,1.28,1.28,1.28,1.28,1.28,1.28,1.28,1.28,1.28,1.28,1.28,1.28,1.28,1.28,1.28,0.685,0.685,0.685,0.862,0.862,0.862,0.862,0.862,0.862,0.862,0.862,0.855,0.855,0.812,0.805,0.805,0.805,0.802,0.802,0.802,0.802,0.802,0.802,0.802,0.802,0.802,0.802,0.802,0.805,0.802,0.802,0.802,0.804,0.957
RGI60-16.00986,1.275,1.275,1.275,1.275,1.275,1.275,1.275,1.275,1.275,1.275,1.275,1.275,1.275,1.275,1.275,1.275,0.676,0.676,0.676,0.855,0.855,0.855,0.855,0.855,0.855,0.855,0.855,0.848,0.848,0.804,0.797,0.797,0.797,0.794,0.794,0.794,0.794,0.794,0.794,0.794,0.794,0.794,0.794,0.794,0.797,0.794,0.794,0.794,0.796,0.95
RGI60-16.00987,1.276,1.276,1.276,1.276,1.276,1.276,1.276,1.276,1.276,1.276,1.276,1.276,1.276,1.276,1.276,1.276,0.678,0.678,0.678,0.857,0.857,0.857,0.857,0.857,0.857,0.857,0.857,0.85,0.85,0.806,0.799,0.799,0.799,0.796,0.796,0.796,0.796,0.796,0.796,0.796,0.796,0.796,0.796,0.796,0.799,0.796,0.796,0.796,0.798,0.951
RGI60-16.00988,1.325,1.325,1.325,1.325,1.325,1.325,1.325,1.325,1.325,1.325,1.325,1.325,1.325,1.325,1.325,1.325,0.751,0.751,0.751,0.915,0.915,0.915,0.915,0.915,0.915,0.915,0.915,0.909,0.909,0.871,0.865,0.865,0.865,0.862,0.862,0.862,0.862,0.862,0.862,0.862,0.862,0.862,0.862,0.862,0.865,0.862,0.862,0.862,0.864,1.015
RGI60-16.00989,1.424,1.424,1.424,1.424,1.424,1.424,1.424,1.424,1.424,1.424,1.424,1.424,1.424,1.424,1.424,1.424,0.916,0.916,0.916,1.054,1.054,1.054,1.054,1.054,1.054,1.054,1.054,1.049,1.049,1.016,1.011,1.011,1.011,1.009,1.009,1.009,1.009,1.009,1.009,1.009,1.009,1.009,1.009,1.009,1.011,1.009,1.009,1.009,1.01,1.142
RGI60-16.00990,1.407,1.407,1.407,1.407,1.407,1.407,1.407,1.407,1.407,1.407,1.407,1.407,1.407,1.407,1.407,1.407,0.889,0.889,0.889,1.031,1.031,1.031,1.031,1.031,1.031,1.031,1.031,1.025,1.025,0.992,0.987,0.987,0.987,0.984,0.984,0.984,0.984,0.984,0.984,0.984,0.984,0.984,0.984,0.984,0.987,0.984,0.984,0.984,0.986,1.121
RGI60-16.00991,1.314,1.314,1.314,1.314,1.314,1.314,1.314,1.314,1.314,1.314,1.314,1.314,1.314,1.314,1.314,1.314,0.733,0.733,0.733,0.9,0.9,0.9,0.9,0.9,0.9,0.9,0.9,0.894,0.894,0.855,0.849,0.849,0.849,0.846,0.846,0.846,0.846,0.846,0.846,0.846,0.846,0.846,0.846,0.846,0.849,0.846,0.846,0.846,0.848,1.002
RGI60-16.00992,1.39,1.39,1.39,1.39,1.39,1.39,1.39,1.39,1.39,1.39,1.39,1.39,1.39,1.39,1.39,1.39,0.865,0.865,0.865,1.011,1.011,1.011,1.011,1.011,1.011,1.011,1.011,1.005,1.005,0.97,0.965,0.965,0.965,0.962,0.962,0.962,0.962,0.962,0.962,0.962,0.962,0.962,0.962,0.962,0.965,0.962,0.962,0.962,0.964,1.1
RGI60-16.00993,1.356,1.356,1.356,1.356,1.356,1.356,1.356,1.356,1.356,1.356,1.356,1.356,1.356,1.356,1.356,1.356,0.805,0.805,0.805,0.96,0.96,0.96,0.96,0.96,0.96,0.96,0.96,0.953,0.953,0.918,0.912,0.912,0.912,0.91,0.91,0.91,0.91,0.91,0.91,0.91,0.91,0.91,0.91,0.91,0.912,0.91,0.91,0.91,0.911,1.056
RGI60-16.00994,1.302,1.302,1.302,1.302,1.302,1.302,1.302,1.302,1.302,1.302,1.302,1.302,1.302,1.302,1.302,1.302,0.712,0.712,0.712,0.883,0.883,0.883,0.883,0.883,0.883,0.883,0.883,0.876,0.876,0.837,0.831,0.831,0.831,0.828,0.828,0.828,0.828,0.828,0.828,0.828,0.828,0.828,0.828,0.828,0.831,0.828,0.828,0.828,0.83,0.986
RGI60-16.00995,1.424,1.424,1.424,1.424,1.424,1.424,1.424,1.424,1.424,1.424,1.424,1.424,1.424,1.424,1.424,1.424,0.916,0.916,0.916,1.055,1.055,1.055,1.055,1.055,1.055,1.055,1.055,1.049,1.049,1.017,1.012,1.012,1.012,1.009,1.009,1.009,1.009,1.009,1.009,1.009,1.009,1.009,1.009,1.009,1.012,1.009,1.009,1.009,1.011,1.142
RGI60-16.00996,1.316,1.316,1.316,1.316,1.316,1.316,1.316,1.316,1.316,1.316,1.316,1.316,1.316,1.316,1.316,1.316,0.714,0.714,0.714,0.884,0.884,0.884,0.884,0.884,0.884,0.884,0.884,0.877,0.877,0.843,0.837,0.837,0.837,0.834,0.834,0.834,0.834,0.834,0.834,0.834,0.834,0.834,0.834,0.834,0.837,0.834,0.834,0.834,0.836,1.004
RGI60-16.00997,1.327,1.327,1.327,1.327,1.327,1.327,1.327,1.327,1.327,1.327,1.327,1.327,1.327,1.327,1.327,1.327,0.783,0.783,0.783,0.942,0.942,0.942,0.942,0.942,0.942,0.942,0.942,0.936,0.936,0.893,0.887,0.887,0.887,0.884,0.884,0.884,0.884,0.884,0.884,0.884,0.884,0.884,0.884,0.884,0.887,0.884,0.884,0.884,0.886,1.019
RGI60-16.00998,1.356,1.356,1.356,1.356,1.356,1.356,1.356,1.356,1.356,1.356,1.356,1.356,1.356,1.356,1.356,1.356,0.83,0.83,0.83,0.981,0.981,0.981,0.981,0.981,0.981,0.981,0.981,0.975,0.975,0.934,0.928,0.928,0.928,0.926,0.926,0.926,0.926,0.926,0.926,0.926,0.926,0.926,0.926,0.926,0.928,0.926,0.926,0.926,0.928,1.056
RGI60-16.00999,1.476,1.476,1.476,1.476,1.476,1.476,1.476,1.476,1.476,1.476,1.476,1.476,1.476,1.476,1.476,1.476,0.995,0.995,0.995,1.124,1.124,1.124,1.124,1.124,1.124,1.124,1.124,1.118,1.118,1.088,1.083,1.083,1.083,1.081,1.081,1.081,1.081,1.081,1.081,1.081,1.081,1.081,1.081,1.081,1.083,1.081,1.081,1.081,1.083,1.206
RGI60-16.01000,1.298,1.298,1.298,1.298,1.298,1.298,1.298,1.298,1.298,1.298,1.298,1.298,1.298,1.298,1.298,1.298,0.704,0.704,0.704,0.877,0.877,0.877,0.877,0.877,0.877,0.877,0.877,0.87,0.87,0.831,0.824,0.824,0.824,0.821,0.821,0.821,0.821,0.821,0.821,0.821,0.821,0.821,0.821,0.821,0.824,0.821,0.821,0.821,0.823,0.98
RGI60-16.01001,1.294,1.294,1.294,1.294,1.294,1.294,1.294,1.294,1.294,1.294,1.294,1.294,1.294,1.294,1.294,1.294,0.697,0.697,0.697,0.871,0.871,0.871,0.871,0.871,0.871,0.871,0.871,0.864,0.864,0.825,0.818,0.818,0.818,0.815,0.815,0.815,0.815,0.815,0.815,0.815,0.815,0.815,0.815,0.815,0.818,0.815,0.815,0.815,0.817,0.975
RGI60-16.01002,1.311,1.311,1.311,1.311,1.311,1.311,1.311,1.311,1.311,1.311,1.311,1.311,1.311,1.311,1.311,1.311,0.729,0.729,0.729,0.897,0.897,0.897,0.897,0.897,0.897,0.897,0.897,0.89,0.89,0.852,0.846,0.846,0.846,0.843,0.843,0.843,0.843,0.843,0.843,0.843,0.843,0.843,0.843,0.843,0.846,0.843,0.843,0.843,0.845,0.998
RGI60-16.01003,1.308,1.308,1.308,1.308,1.308,1.308,1.308,1.308,1.308,1.308,1.308,1.308,1.308,1.308,1.308,1.308,0.723,0.723,0.723,0.893,0.893,0.893,0.893,0.893,0.893,0.893,0.893,0.886,0.886,0.847,0.841,0.841,0.841,0.838,0.838,0.838,0.838,0.838,0.838,0.838,0.838,0.838,0.838,0.838,0.841,0.838,0.838,0.838,0.84,0.994
RGI60-16.01004,1.298,1.298,1.298,1.298,1.298,1.298,1.298,1.298,1.298,1.298,1.298,1.298,1.298,1.298,1.298,1.298,0.708,0.708,0.708,0.881,0.881,0.881,0.881,0.881,0.881,0.881,0.881,0.874,0.874,0.833,0.827,0.827,0.827,0.824,0.824,0.824,0.824,0.824,0.824,0.824,0.824,0.824,0.824,0.824,0.827,0.824,0.824,0.824,0.826,0.981
RGI60-16.01005,1.296,1.296,1.296,1.296,1.296,1.296,1.296,1.296,1.296,1.296,1.296,1.296,1.296,1.296,1.296,1.296,0.7,0.7,0.7,0.874,0.874,0.874,0.874,0.874,0.874,0.874,0.874,0.867,0.867,0.827,0.821,0.821,0.821,0.818,0.818,0.818,0.818,0.818,0.818,0.818,0.818,0.818,0.818,0.818,0.821,0.818,0.818,0.818,0.82,0.977
RGI60-16.01006,1.376,1.376,1.376,1.376,1.376,1.376,1.376,1.376,1.376,1.376,1.376,1.376,1.376,1.376,1.376,1.376,0.84,0.84,0.84,0.99,0.99,0.99,0.99,0.99,0.99,0.99,0.99,0.984,0.984,0.949,0.943,0.943,0.943,0.94,0.94,0.94,0.94,0.94,0.94,0.94,0.94,0.94,0.94,0.94,0.943,0.94,0.94,0.94,0.942,1.081
RGI60-16.01007,1.546,1.546,1.546,1.546,1.546,1.546,1.546,1.546,1.546,1.546,1.546,1.546,1.546,1.546,1.546,1.546,1.098,1.098,1.098,1.217,1.217,1.217,1.217,1.217,1.217,1.217,1.217,1.212,1.212,1.183,1.178,1.178,1.178,1.176,1.176,1.176,1.176,1.176,1.176,1.176,1.176,1.176,1.176,1.176,1.178,1.176,1.176,1.176,1.178,1.291
RGI60-16.01008,1.302,1.302,1.302,1.302,1.302,1.302,1.302,1.302,1.302,1.302,1.302,1.302,1.302,1.302,1.302,1.302,0.688,0.688,0.688,0.864,0.864,0.864,0.864,0.864,0.864,0.864,0.864,0.856,0.856,0.821,0.815,0.815,0.815,0.812,0.812,0.812,0.812,0.812,0.812,0.812,0.812,0.812,0.812,0.812,0.815,0.812,0.812,0.812,0.814,0.986
RGI60-16.01009,1.314,1.314,1.314,1.314,1.314,1.314,1.314,1.314,1.314,1.314,1.314,1.314,1.314,1.314,1.314,1.314,0.746,0.746,0.746,0.912,0.912,0.912,0.912,0.912,0.912,0.912,0.912,0.905,0.905,0.864,0.858,0.858,0.858,0.855,0.855,0.855,0.855,0.855,0.855,0.855,0.855,0.855,0.855,0.855,0.858,0.855,0.855,0.855,0.857,1.002
RGI60-16.01010,1.322,1.322,1.322,1.322,1.322,1.322,1.322,1.322,1.322,1.322,1.322,1.322,1.322,1.322,1.322,1.322,0.761,0.761,0.761,0.924,0.924,0.924,0.924,0.924,0.924,0.924,0.924,0.917,0.917,0.877,0.871,0.871,0.871,0.868,0.868,0.868,0.868,0.868,0.868,0.868,0.868,0.868,0.868,0.868,0.871,0.868,0.868,0.868,0.87,1.013
RGI60-16.01011,1.332,1.332,1.332,1.332,1.332,1.332,1.332,1.332,1.332,1.332,1.332,1.332,1.332,1.332,1.332,1.332,0.772,0.772,0.772,0.933,0.933,0.933,0.933,0.933,0.933,0.933,0.933,0.927,0.927,0.888,0.882,0.882,0.882,0.879,0.879,0.879,0.879,0.879,0.879,0.879,0.879,0.879,0.879,0.879,0.882,0.879,0.879,0.879,0.881,1.025
RGI60-16.01012,1.312,1.312,1.312,1.312,1.312,1.312,1.312,1.312,1.312,1.312,1.312,1.312,1.312,1.312,1.312,1.312,0.735,0.735,0.735,0.902,0.902,0.902,0.902,0.902,0.902,0.902,0.902,0.895,0.895,0.856,0.85,0.85,0.85,0.847,0.847,0.847,0.847,0.847,0.847,0.847,0.847,0.847,0.847,0.847,0.85,0.847,0.847,0.847,0.849,0.999
RGI60-16.01013,1.291,1.291,1.291,1.291,1.291,1.291,1.291,1.291,1.291,1.291,1.291,1.291,1.291,1.291,1.291,1.291,0.697,0.697,0.697,0.871,0.871,0.871,0.871,0.871,0.871,0.871,0.871,0.864,0.864,0.823,0.817,0.817,0.817,0.814,0.814,0.814,0.814,0.814,0.814,0.814,0.814,0.814,0.814,0.814,0.817,0.814,0.814,0.814,0.816,0.971
RGI60-16.01014,1.281,1.281,1.281,1.281,1.281,1.281,1.281,1.281,1.281,1.281,1.281,1.281,1.281,1.281,1.281,1.281,0.677,0.677,0.677,0.856,0.856,0.856,0.856,0.856,0.856,0.856,0.856,0.849,0.849,0.807,0.801,0.801,0.801,0.798,0.798,0.798,0.798,0.798,0.798,0.798,0.798,0.798,0.798,0.798,0.801,0.798,0.798,0.798,0.8,0.958
RGI60-16.01015,1.28,1.28,1.28,1.28,1.28,1.28,1.28,1.28,1.28,1.28,1.28,1.28,1.28,1.28,1.28,1.28,0.675,0.675,0.675,0.854,0.854,0.854,0.854,0.854,0.854,0.854,0.854,0.846,0.846,0.805,0.799,0.799,0.799,0.796,0.796,0.796,0.796,0.796,0.796,0.796,0.796,0.796,0.796,0.796,0.799,0.796,0.796,0.796,0.798,0.957
RGI60-16.01016,1.279,1.279,1.279,1.279,1.279,1.279,1.279,1.279,1.279,1.279,1.279,1.279,1.279,1.279,1.279,1.279,0.673,0.673,0.673,0.853,0.853,0.853,0.853,0.853,0.853,0.853,0.853,0.846,0.846,0.804,0.798,0.798,0.798,0.794,0.794,0.794,0.794,0.794,0.794,0.794,0.794,0.794,0.794,0.794,0.798,0.794,0.794,0.794,0.796,0.956
RGI60-16.01017,1.365,1.365,1.365,1.365,1.365,1.365,1.365,1.365,1.365,1.365,1.365,1.365,1.365,1.365,1.365,1.365,0.827,0.827,0.827,0.979,0.979,0.979,0.979,0.979,0.979,0.979,0.979,0.973,0.973,0.936,0.931,0.931,0.931,0.928,0.928,0.928,0.928,0.928,0.928,0.928,0.928,0.928,0.928,0.928,0.931,0.928,0.928,0.928,0.93,1.068
RGI60-16.01018,1.28,1.28,1.28,1.28,1.28,1.28,1.28,1.28,1.28,1.28,1.28,1.28,1.28,1.28,1.28,1.28,0.677,0.677,0.677,0.855,0.855,0.855,0.855,0.855,0.855,0.855,0.855,0.848,0.848,0.806,0.8,0.8,0.8,0.797,0.797,0.797,0.797,0.797,0.797,0.797,0.797,0.797,0.797,0.797,0.8,0.797,0.797,0.797,0.799,0.956
RGI60-16.01019,1.296,1.296,1.296,1.296,1.296,1.296,1.296,1.296,1.296,1.296,1.296,1.296,1.296,1.296,1.296,1.296,0.708,0.708,0.708,0.88,0.88,0.88,0.88,0.88,0.88,0.88,0.88,0.873,0.873,0.832,0.826,0.826,0.826,0.823,0.823,0.823,0.823,0.823,0.823,0.823,0.823,0.823,0.823,0.823,0.826,0.823,0.823,0.823,0.825,0.978
RGI60-16.01020,1.33,1.33,1.33,1.33,1.33,1.33,1.33,1.33,1.33,1.33,1.33,1.33,1.33,1.33,1.33,1.33,0.772,0.772,0.772,0.932,0.932,0.932,0.932,0.932,0.932,0.932,0.932,0.926,0.926,0.887,0.881,0.881,0.881,0.878,0.878,0.878,0.878,0.878,0.878,0.878,0.878,0.878,0.878,0.878,0.881,0.878,0.878,0.878,0.88,1.023
RGI60-16.01021,1.277,1.277,1.277,1.277,1.277,1.277,1.277,1.277,1.277,1.277,1.277,1.277,1.277,1.277,1.277,1.277,0.677,0.677,0.677,0.856,0.856,0.856,0.856,0.856,0.856,0.856,0.856,0.849,0.849,0.805,0.799,0.799,0.799,0.796,0.796,0.796,0.796,0.796,0.796,0.796,0.796,0.796,0.796,0.796,0.799,0.796,0.796,0.796,0.798,0.953
RGI60-16.01022,1.277,1.277,1.277,1.277,1.277,1.277,1.277,1.277,1.277,1.277,1.277,1.277,1.277,1.277,1.277,1.277,0.676,0.676,0.676,0.855,0.855,0.855,0.855,0.855,0.855,0.855,0.855,0.848,0.848,0.804,0.798,0.798,0.798,0.795,0.795,0.795,0.795,0.795,0.795,0.795,0.795,0.795,0.795,0.795,0.798,0.795,0.795,0.795,0.797,0.952
RGI60-16.01023,1.28,1.28,1.28,1.28,1.28,1.28,1.28,1.28,1.28,1.28,1.28,1.28,1.28,1.28,1.28,1.28,0.684,0.684,0.684,0.862,0.862,0.862,0.862,0.862,0.862,0.862,0.862,0.855,0.855,0.811,0.805,0.805,0.805,0.802,0.802,0.802,0.802,0.802,0.802,0.802,0.802,0.802,0.802,0.802,0.805,0.802,0.802,0.802,0.804,0.957
RGI60-16.01024,1.279,1.279,1.279,1.279,1.279,1.279,1.279,1.279,1.279,1.279,1.279,1.279,1.279,1.279,1.279,1.279,0.677,0.677,0.677,0.856,0.856,0.856,0.856,0.856,0.856,0.856,0.856,0.849,0.849,0.806,0.8,0.8,0.8,0.797,0.797,0.797,0.797,0.797,0.797,0.797,0.797,0.797,0.797,0.797,0.8,0.797,0.797,0.797,0.799,0.955
RGI60-16.01025,1.282,1.282,1.282,1.282,1.282,1.282,1.282,1.282,1.282,1.282,1.282,1.282,1.282,1.282,1.282,1.282,0.677,0.677,0.677,0.856,0.856,0.856,0.856,0.856,0.856,0.856,0.856,0.849,0.849,0.808,0.801,0.801,0.801,0.798,0.798,0.798,0.798,0.798,0.798,0.798,0.798,0.798,0.798,0.798,0.801,0.798,0.798,0.798,0.8,0.96
RGI60-16.01026,1.281,1.281,1.281,1.281,1.281,1.281,1.281,1.281,1.281,1.281,1.281,1.281,1.281,1.281,1.281,1.281,0.677,0.677,0.677,0.856,0.856,0.856,0.856,0.856,0.856,0.856,0.856,0.849,0.849,0.807,0.801,0.801,0.801,0.798,0.798,0.798,0.798,0.798,0.798,0.798,0.798,0.798,0.798,0.798,0.801,0.798,0.798,0.798,0.8,0.959
RGI60-16.01027,1.281,1.281,1.281,1.281,1.281,1.281,1.281,1.281,1.281,1.281,1.281,1.281,1.281,1.281,1.281,1.281,0.675,0.675,0.675,0.854,0.854,0.854,0.854,0.854,0.854,0.854,0.854,0.847,0.847,0.805,0.799,0.799,0.799,0.796,0.796,0.796,0.796,0.796,0.796,0.796,0.796,0.796,0.796,0.796,0.799,0.796,0.796,0.796,0.798,0.957
RGI60-16.01028,1.28,1.28,1.28,1.28,1.28,1.28,1.28,1.28,1.28,1.28,1.28,1.28,1.28,1.28,1.28,1.28,0.678,0.678,0.678,0.857,0.857,0.857,0.857,0.857,0.857,0.857,0.857,0.85,0.85,0.807,0.801,0.801,0.801,0.798,0.798,0.798,0.798,0.798,0.798,0.798,0.798,0.798,0.798,0.798,0.801,0.798,0.798,0.798,0.8,0.957
RGI60-16.01029,1.284,1.284,1.284,1.284,1.284,1.284,1.284,1.284,1.284,1.284,1.284,1.284,1.284,1.284,1.284,1.284,0.683,0.683,0.683,0.86,0.86,0.86,0.86,0.86,0.86,0.86,0.86,0.853,0.853,0.812,0.805,0.805,0.805,0.802,0.802,0.802,0.802,0.802,0.802,0.802,0.802,0.802,0.802,0.802,0.805,0.802,0.802,0.802,0.804,0.962
RGI60-16.01030,1.344,1.344,1.344,1.344,1.344,1.344,1.344,1.344,1.344,1.344,1.344,1.344,1.344,1.344,1.344,1.344,0.787,0.787,0.787,0.945,0.945,0.945,0.945,0.945,0.945,0.945,0.945,0.939,0.939,0.902,0.896,0.896,0.896,0.894,0.894,0.894,0.894,0.894,0.894,0.894,0.894,0.894,0.894,0.894,0.896,0.894,0.894,0.894,0.895,1.041
RGI60-16.01031,1.287,1.287,1.287,1.287,1.287,1.287,1.287,1.287,1.287,1.287,1.287,1.287,1.287,1.287,1.287,1.287,0.687,0.687,0.687,0.863,0.863,0.863,0.863,0.863,0.863,0.863,0.863,0.856,0.856,0.815,0.809,0.809,0.809,0.806,0.806,0.806,0.806,0.806,0.806,0.806,0.806,0.806,0.806,0.806,0.809,0.806,0.806,0.806,0.808,0.966
RGI60-16.01032,1.282,1.282,1.282,1.282,1.282,1.282,1.282,1.282,1.282,1.282,1.282,1.282,1.282,1.282,1.282,1.282,0.683,0.683,0.683,0.86,0.86,0.86,0.86,0.86,0.86,0.86,0.86,0.853,0.853,0.811,0.805,0.805,0.805,0.802,0.802,0.802,0.802,0.802,0.802,0.802,0.802,0.802,0.802,0.802,0.805,0.802,0.802,0.802,0.804,0.96
RGI60-16.01033,1.293,1.293,1.293,1.293,1.293,1.293,1.293,1.293,1.293,1.293,1.293,1.293,1.293,1.293,1.293,1.293,0.698,0.698,0.698,0.872,0.872,0.872,0.872,0.872,0.872,0.872,0.872,0.865,0.865,0.825,0.819,0.819,0.819,0.816,0.816,0.816,0.816,0.816,0.816,0.816,0.816,0.816,0.816,0.816,0.819,0.816,0.816,0.816,0.817,0.974
RGI60-16.01034,1.282,1.282,1.282,1.282,1.282,1.282,1.282,1.282,1.282,1.282,1.282,1.282,1.282,1.282,1.282,1.282,0.678,0.678,0.678,0.856,0.856,0.856,0.856,0.856,0.856,0.856,0.856,0.849,0.849,0.808,0.801,0.801,0.801,0.798,0.798,0.798,0.798,0.798,0.798,0.798,0.798,0.798,0.798,0.798,0.801,0.798,0.798,0.798,0.8,0.96
RGI60-16.01035,1.283,1.283,1.283,1.283,1.283,1.283,1.283,1.283,1.283,1.283,1.283,1.283,1.283,1.283,1.283,1.283,0.689,0.689,0.689,0.865,0.865,0.865,0.865,0.865,0.865,0.865,0.865,0.858,0.858,0.815,0.809,0.809,0.809,0.806,0.806,0.806,0.806,0.806,0.806,0.806,0.806,0.806,0.806,0.806,0.809,0.806,0.806,0.806,0.808,0.961
RGI60-16.01036,1.287,1.287,1.287,1.287,1.287,1.287,1.287,1.287,1.287,1.287,1.287,1.287,1.287,1.287,1.287,1.287,0.697,0.697,0.697,0.872,0.872,0.872,0.872,0.872,0.872,0.872,0.872,0.865,0.865,0.822,0.816,0.816,0.816,0.813,0.813,0.813,0.813,0.813,0.813,0.813,0.813,0.813,0.813,0.813,0.816,0.813,0.813,0.813,0.815,0.966
RGI60-16.01037,1.282,1.282,1.282,1.282,1.282,1.282,1.282,1.282,1.282,1.282,1.282,1.282,1.282,1.282,1.282,1.282,0.679,0.679,0.679,0.857,0.857,0.857,0.857,0.857,0.857,0.857,0.857,0.85,0.85,0.808,0.802,0.802,0.802,0.799,0.799,0.799,0.799,0.799,0.799,0.799,0.799,0.799,0.799,0.799,0.802,0.799,0.799,0.799,0.801,0.959
RGI60-16.01038,1.29,1.29,1.29,1.29,1.29,1.29,1.29,1.29,1.29,1.29,1.29,1.29,1.29,1.29,1.29,1.29,0.702,0.702,0.702,0.875,0.875,0.875,0.875,0.875,0.875,0.875,0.875,0.869,0.869,0.826,0.82,0.82,0.82,0.817,0.817,0.817,0.817,0.817,0.817,0.817,0.817,0.817,0.817,0.817,0.82,0.817,0.817,0.817,0.819,0.97
RGI60-16.01039,1.293,1.293,1.293,1.293,1.293,1.293,1.293,1.293,1.293,1.293,1.293,1.293,1.293,1.293,1.293,1.293,0.697,0.697,0.697,0.871,0.871,0.871,0.871,0.871,0.871,0.871,0.871,0.864,0.864,0.824,0.818,0.818,0.818,0.815,0.815,0.815,0.815,0.815,0.815,0.815,0.815,0.815,0.815,0.815,0.818,0.815,0.815,0.815,0.816,0.973
RGI60-16.01040,1.277,1.277,1.277,1.277,1.277,1.277,1.277,1.277,1.277,1.277,1.277,1.277,1.277,1.277,1.277,1.277,0.673,0.673,0.673,0.853,0.853,0.853,0.853,0.853,0.853,0.853,0.853,0.846,0.846,0.803,0.797,0.797,0.797,0.793,0.793,0.793,0.793,0.793,0.793,0.793,0.793,0.793,0.793,0.793,0.797,0.793,0.793,0.793,0.795,0.952
RGI60-16.01041,1.302,1.302,1.302,1.302,1.302,1.302,1.302,1.302,1.302,1.302,1.302,1.302,1.302,1.302,1.302,1.302,0.714,0.714,0.714,0.885,0.885,0.885,0.885,0.885,0.885,0.885,0.885,0.878,0.878,0.839,0.832,0.832,0.832,0.83,0.83,0.83,0.83,0.83,0.83,0.83,0.83,0.83,0.83,0.83,0.832,0.83,0.83,0.83,0.831,0.986
RGI60-16.01042,1.306,1.306,1.306,1.306,1.306,1.306,1.306,1.306,1.306,1.306,1.306,1.306,1.306,1.306,1.306,1.306,0.723,0.723,0.723,0.893,0.893,0.893,0.893,0.893,0.893,0.893,0.893,0.886,0.886,0.846,0.84,0.84,0.84,0.837,0.837,0.837,0.837,0.837,0.837,0.837,0.837,0.837,0.837,0.837,0.84,0.837,0.837,0.837,0.839,0.992
RGI60-16.01043,1.321,1.321,1.321,1.321,1.321,1.321,1.321,1.321,1.321,1.321,1.321,1.321,1.321,1.321,1.321,1.321,0.75,0.75,0.75,0.914,0.914,0.914,0.914,0.914,0.914,0.914,0.914,0.907,0.907,0.869,0.863,0.863,0.863,0.86,0.86,0.86,0.86,0.86,0.86,0.86,0.86,0.86,0.86,0.86,0.863,0.86,0.86,0.86,0.862,1.011
RGI60-16.01044,1.331,1.331,1.331,1.331,1.331,1.331,1.331,1.331,1.331,1.331,1.331,1.331,1.331,1.331,1.331,1.331,0.77,0.77,0.77,0.931,0.931,0.931,0.931,0.931,0.931,0.931,0.931,0.924,0.924,0.886,0.88,0.88,0.88,0.877,0.877,0.877,0.877,0.877,0.877,0.877,0.877,0.877,0.877,0.877,0.88,0.877,0.877,0.877,0.879,1.024
RGI60-16.01045,1.343,1.343,1.343,1.343,1.343,1.343,1.343,1.343,1.343,1.343,1.343,1.343,1.343,1.343,1.343,1.343,0.79,0.79,0.79,0.948,0.948,0.948,0.948,0.948,0.948,0.948,0.948,0.941,0.941,0.904,0.898,0.898,0.898,0.895,0.895,0.895,0.895,0.895,0.895,0.895,0.895,0.895,0.895,0.895,0.898,0.895,0.895,0.895,0.897,1.04
RGI60-16.01046,1.278,1.278,1.278,1.278,1.278,1.278,1.278,1.278,1.278,1.278,1.278,1.278,1.278,1.278,1.278,1.278,0.675,0.675,0.675,0.854,0.854,0.854,0.854,0.854,0.854,0.854,0.854,0.847,0.847,0.805,0.798,0.798,0.798,0.795,0.795,0.795,0.795,0.795,0.795,0.795,0.795,0.795,0.795,0.795,0.798,0.795,0.795,0.795,0.797,0.955
RGI60-16.01047,1.304,1.304,1.304,1.304,1.304,1.304,1.304,1.304,1.304,1.304,1.304,1.304,1.304,1.304,1.304,1.304,0.728,0.728,0.728,0.896,0.896,0.896,0.896,0.896,0.896,0.896,0.896,0.89,0.89,0.848,0.842,0.842,0.842,0.839,0.839,0.839,0.839,0.839,0.839,0.839,0.839,0.839,0.839,0.839,0.842,0.839,0.839,0.839,0.841,0.989
RGI60-16.01048,1.281,1.281,1.281,1.281,1.281,1.281,1.281,1.281,1.281,1.281,1.281,1.281,1.281,1.281,1.281,1.281,0.684,0.684,0.684,0.861,0.861,0.861,0.861,0.861,0.861,0.861,0.861,0.854,0.854,0.811,0.805,0.805,0.805,0.802,0.802,0.802,0.802,0.802,0.802,0.802,0.802,0.802,0.802,0.802,0.805,0.802,0.802,0.802,0.804,0.957
RGI60-16.01049,1.901,1.901,1.901,1.901,1.901,1.901,1.901,1.901,1.901,1.901,1.901,1.901,1.901,1.901,1.901,1.901,1.562,1.562,1.562,1.648,1.648,1.648,1.648,1.648,1.648,1.648,1.648,1.644,1.644,1.622,1.619,1.619,1.619,1.617,1.617,1.617,1.617,1.617,1.617,1.617,1.617,1.617,1.617,1.617,1.619,1.617,1.617,1.617,1.618,1.7
RGI60-16.01050,1.311,1.311,1.311,1.311,1.311,1.311,1.311,1.311,1.311,1.311,1.311,1.311,1.311,1.311,1.311,1.311,0.74,0.74,0.74,0.906,0.906,0.906,0.906,0.906,0.906,0.906,0.906,0.899,0.899,0.859,0.853,0.853,0.853,0.85,0.85,0.85,0.85,0.85,0.85,0.85,0.85,0.85,0.85,0.85,0.853,0.85,0.85,0.85,0.852,0.998
RGI60-16.01051,1.278,1.278,1.278,1.278,1.278,1.278,1.278,1.278,1.278,1.278,1.278,1.278,1.278,1.278,1.278,1.278,0.678,0.678,0.678,0.857,0.857,0.857,0.857,0.857,0.857,0.857,0.857,0.85,0.85,0.806,0.8,0.8,0.8,0.797,0.797,0.797,0.797,0.797,0.797,0.797,0.797,0.797,0.797,0.797,0.8,0.797,0.797,0.797,0.799,0.953
RGI60-16.01052,1.278,1.278,1.278,1.278,1.278,1.278,1.278,1.278,1.278,1.278,1.278,1.278,1.278,1.278,1.278,1.278,0.676,0.676,0.676,0.855,0.855,0.855,0.855,0.855,0.855,0.855,0.855,0.848,0.848,0.805,0.799,0.799,0.799,0.796,0.796,0.796,0.796,0.796,0.796,0.796,0.796,0.796,0.796,0.796,0.799,0.796,0.796,0.796,0.798,0.953
RGI60-16.01053,1.276,1.276,1.276,1.276,1.276,1.276,1.276,1.276,1.276,1.276,1.276,1.276,1.276,1.276,1.276,1.276,0.672,0.672,0.672,0.852,0.852,0.852,0.852,0.852,0.852,0.852,0.852,0.844,0.844,0.802,0.795,0.795,0.795,0.792,0.792,0.792,0.792,0.792,0.792,0.792,0.792,0.792,0.792,0.792,0.795,0.792,0.792,0.792,0.794,0.951
RGI60-16.01054,1.28,1.28,1.28,1.28,1.28,1.28,1.28,1.28,1.28,1.28,1.28,1.28,1.28,1.28,1.28,1.28,0.678,0.678,0.678,0.856,0.856,0.856,0.856,0.856,0.856,0.856,0.856,0.849,0.849,0.807,0.801,0.801,0.801,0.798,0.798,0.798,0.798,0.798,0.798,0.798,0.798,0.798,0.798,0.798,0.801,0.798,0.798,0.798,0.8,0.956
RGI60-16.01055,1.286,1.286,1.286,1.286,1.286,1.286,1.286,1.286,1.286,1.286,1.286,1.286,1.286,1.286,1.286,1.286,0.688,0.688,0.688,0.865,0.865,0.865,0.865,0.865,0.865,0.865,0.865,0.858,0.858,0.816,0.81,0.81,0.81,0.807,0.807,0.807,0.807,0.807,0.807,0.807,0.807,0.807,0.807,0.807,0.81,0.807,0.807,0.807,0.809,0.965
RGI60-16.01056,1.368,1.368,1.368,1.368,1.368,1.368,1.368,1.368,1.368,1.368,1.368,1.368,1.368,1.368,1.368,1.368,0.832,0.832,0.832,0.983,0.983,0.983,0.983,0.983,0.983,0.983,0.983,0.976,0.976,0.94,0.935,0.935,0.935,0.932,0.932,0.932,0.932,0.932,0.932,0.932,0.932,0.932,0.932,0.932,0.935,0.932,0.932,0.932,0.934,1.072
RGI60-16.01057,1.279,1.279,1.279,1.279,1.279,1.279,1.279,1.279,1.279,1.279,1.279,1.279,1.279,1.279,1.279,1.279,0.674,0.674,0.674,0.854,0.854,0.854,0.854,0.854,0.854,0.854,0.854,0.846,0.846,0.804,0.798,0.798,0.798,0.795,0.795,0.795,0.795,0.795,0.795,0.795,0.795,0.795,0.795,0.795,0.798,0.795,0.795,0.795,0.797,0.955
RGI60-16.01058,1.281,1.281,1.281,1.281,1.281,1.281,1.281,1.281,1.281,1.281,1.281,1.281,1.281,1.281,1.281,1.281,0.676,0.676,0.676,0.855,0.855,0.855,0.855,0.855,0.855,0.855,0.855,0.848,0.848,0.806,0.8,0.8,0.8,0.797,0.797,0.797,0.797,0.797,0.797,0.797,0.797,0.797,0.797,0.797,0.8,0.797,0.797,0.797,0.799,0.957
RGI60-16.01059,1.278,1.278,1.278,1.278,1.278,1.278,1.278,1.278,1.278,1.278,1.278,1.278,1.278,1.278,1.278,1.278,0.673,0.673,0.673,0.852,0.852,0.852,0.852,0.852,0.852,0.852,0.852,0.845,0.845,0.803,0.797,0.797,0.797,0.793,0.793,0.793,0.793,0.793,0.793,0.793,0.793,0.793,0.793,0.793,0.797,0.793,0.793,0.793,0.795,0.954
RGI60-16.01060,1.283,1.283,1.283,1.283,1.283,1.283,1.283,1.283,1.283,1.283,1.283,1.283,1.283,1.283,1.283,1.283,0.683,0.683,0.683,0.861,0.861,0.861,0.861,0.861,0.861,0.861,0.861,0.854,0.854,0.812,0.805,0.805,0.805,0.802,0.802,0.802,0.802,0.802,0.802,0.802,0.802,0.802,0.802,0.802,0.805,0.802,0.802,0.802,0.804,0.961
RGI60-16.01061,1.281,1.281,1.281,1.281,1.281,1.281,1.281,1.281,1.281,1.281,1.281,1.281,1.281,1.281,1.281,1.281,0.68,0.68,0.68,0.858,0.858,0.858,0.858,0.858,0.858,0.858,0.858,0.85,0.85,0.809,0.802,0.802,0.802,0.799,0.799,0.799,0.799,0.799,0.799,0.799,0.799,0.799,0.799,0.799,0.802,0.799,0.799,0.799,0.801,0.958
RGI60-16.01062,1.283,1.283,1.283,1.283,1.283,1.283,1.283,1.283,1.283,1.283,1.283,1.283,1.283,1.283,1.283,1.283,0.681,0.681,0.681,0.859,0.859,0.859,0.859,0.859,0.859,0.859,0.859,0.852,0.852,0.81,0.804,0.804,0.804,0.801,0.801,0.801,0.801,0.801,0.801,0.801,0.801,0.801,0.801,0.801,0.804,0.801,0.801,0.801,0.803,0.96
RGI60-16.01063,1.28,1.28,1.28,1.28,1.28,1.28,1.28,1.28,1.28,1.28,1.28,1.28,1.28,1.28,1.28,1.28,0.674,0.674,0.674,0.853,0.853,0.853,0.853,0.853,0.853,0.853,0.853,0.846,0.846,0.804,0.798,0.798,0.798,0.795,0.795,0.795,0.795,0.795,0.795,0.795,0.795,0.795,0.795,0.795,0.798,0.795,0.795,0.795,0.797,0.956
RGI60-16.01064,1.282,1.282,1.282,1.282,1.282,1.282,1.282,1.282,1.282,1.282,1.282,1.282,1.282,1.282,1.282,1.282,0.678,0.678,0.678,0.856,0.856,0.856,0.856,0.856,0.856,0.856,0.856,0.849,0.849,0.808,0.801,0.801,0.801,0.798,0.798,0.798,0.798,0.798,0.798,0.798,0.798,0.798,0.798,0.798,0.801,0.798,0.798,0.798,0.8,0.96
RGI60-16.01065,1.292,1.292,1.292,1.292,1.292,1.292,1.292,1.292,1.292,1.292,1.292,1.292,1.292,1.292,1.292,1.292,0.695,0.695,0.695,0.87,0.87,0.87,0.87,0.87,0.87,0.87,0.87,0.863,0.863,0.822,0.816,0.816,0.816,0.813,0.813,0.813,0.813,0.813,0.813,0.813,0.813,0.813,0.813,0.813,0.816,0.813,0.813,0.813,0.815,0.972
RGI60-16.01066,1.283,1.283,1.283,1.283,1.283,1.283,1.283,1.283,1.283,1.283,1.283,1.283,1.283,1.283,1.283,1.283,0.68,0.68,0.68,0.858,0.858,0.858,0.858,0.858,0.858,0.858,0.858,0.851,0.851,0.81,0.803,0.803,0.803,0.8,0.8,0.8,0.8,0.8,0.8,0.8,0.8,0.8,0.8,0.8,0.803,0.8,0.8,0.8,0.802,0.961
RGI60-16.01067,1.293,1.293,1.293,1.293,1.293,1.293,1.293,1.293,1.293,1.293,1.293,1.293,1.293,1.293,1.293,1.293,0.697,0.697,0.697,0.872,0.872,0.872,0.872,0.872,0.872,0.872,0.872,0.864,0.864,0.824,0.818,0.818,0.818,0.815,0.815,0.815,0.815,0.815,0.815,0.815,0.815,0.815,0.815,0.815,0.818,0.815,0.815,0.815,0.817,0.974
RGI60-16.01068,1.289,1.289,1.289,1.289,1.289,1.289,1.289,1.289,1.289,1.289,1.289,1.289,1.289,1.289,1.289,1.289,0.691,0.691,0.691,0.866,0.866,0.866,0.866,0.866,0.866,0.866,0.866,0.859,0.859,0.819,0.812,0.812,0.812,0.809,0.809,0.809,0.809,0.809,0.809,0.809,0.809,0.809,0.809,0.809,0.812,0.809,0.809,0.809,0.811,0.969
RGI60-16.01069,1.35,1.35,1.35,1.35,1.35,1.35,1.35,1.35,1.35,1.35,1.35,1.35,1.35,1.35,1.35,1.35,0.798,0.798,0.798,0.954,0.954,0.954,0.954,0.954,0.954,0.954,0.954,0.948,0.948,0.911,0.906,0.906,0.906,0.903,0.903,0.903,0.903,0.903,0.903,0.903,0.903,0.903,0.903,0.903,0.906,0.903,0.903,0.903,0.905,1.049
RGI60-16.01070,1.286,1.286,1.286,1.286,1.286,1.286,1.286,1.286,1.286,1.286,1.286,1.286,1.286,1.286,1.286,1.286,0.684,0.684,0.684,0.861,0.861,0.861,0.861,0.861,0.861,0.861,0.861,0.854,0.854,0.813,0.807,0.807,0.807,0.804,0.804,0.804,0.804,0.804,0.804,0.804,0.804,0.804,0.804,0.804,0.807,0.804,0.804,0.804,0.806,0.964
RGI60-16.01071,1.28,1.28,1.28,1.28,1.28,1.28,1.28,1.28,1.28,1.28,1.28,1.28,1.28,1.28,1.28,1.28,0.673,0.673,0.673,0.853,0.853,0.853,0.853,0.853,0.853,0.853,0.853,0.845,0.845,0.804,0.798,0.798,0.798,0.794,0.794,0.794,0.794,0.794,0.794,0.794,0.794,0.794,0.794,0.794,0.798,0.794,0.794,0.794,0.796,0.957
RGI60-16.01072,1.281,1.281,1.281,1.281,1.281,1.281,1.281,1.281,1.281,1.281,1.281,1.281,1.281,1.281,1.281,1.281,0.675,0.675,0.675,0.854,0.854,0.854,0.854,0.854,0.854,0.854,0.854,0.847,0.847,0.806,0.799,0.799,0.799,0.796,0.796,0.796,0.796,0.796,0.796,0.796,0.796,0.796,0.796,0.796,0.799,0.796,0.796,0.796,0.798,0.958
RGI60-16.01073,1.283,1.283,1.283,1.283,1.283,1.283,1.283,1.283,1.283,1.283,1.283,1.283,1.283,1.283,1.283,1.283,0.681,0.681,0.681,0.859,0.859,0.859,0.859,0.859,0.859,0.859,0.859,0.851,0.851,0.81,0.804,0.804,0.804,0.801,0.801,0.801,0.801,0.801,0.801,0.801,0.801,0.801,0.801,0.801,0.804,0.801,0.801,0.801,0.803,0.961
RGI60-16.01074,1.277,1.277,1.277,1.277,1.277,1.277,1.277,1.277,1.277,1.277,1.277,1.277,1.277,1.277,1.277,1.277,0.67,0.67,0.67,0.851,0.851,0.851,0.851,0.851,0.851,0.851,0.851,0.843,0.843,0.801,0.795,0.795,0.795,0.792,0.792,0.792,0.792,0.792,0.792,0.792,0.792,0.792,0.792,0.792,0.795,0.792,0.792,0.792,0.794,0.953
RGI60-16.01075,1.28,1.28,1.28,1.28,1.28,1.28,1.28,1.28,1.28,1.28,1.28,1.28,1.28,1.28,1.28,1.28,0.681,0.681,0.681,0.859,0.859,0.859,0.859,0.859,0.859,0.859,0.859,0.852,0.852,0.809,0.803,0.803,0.803,0.799,0.799,0.799,0.799,0.799,0.799,0.799,0.799,0.799,0.799,0.799,0.803,0.799,0.799,0.799,0.801,0.957
RGI60-16.01076,1.305,1.305,1.305,1.305,1.305,1.305,1.305,1.305,1.305,1.305,1.305,1.305,1.305,1.305,1.305,1.305,0.727,0.727,0.727,0.896,0.896,0.896,0.896,0.896,0.896,0.896,0.896,0.889,0.889,0.848,0.842,0.842,0.842,0.839,0.839,0.839,0.839,0.839,0.839,0.839,0.839,0.839,0.839,0.839,0.842,0.839,0.839,0.839,0.841,0.99
RGI60-16.01077,1.277,1.277,1.277,1.277,1.277,1.277,1.277,1.277,1.277,1.277,1.277,1.277,1.277,1.277,1.277,1.277,0.674,0.674,0.674,0.853,0.853,0.853,0.853,0.853,0.853,0.853,0.853,0.846,0.846,0.803,0.797,0.797,0.797,0.794,0.794,0.794,0.794,0.794,0.794,0.794,0.794,0.794,0.794,0.794,0.797,0.794,0.794,0.794,0.796,0.952
RGI60-16.01078,1.278,1.278,1.278,1.278,1.278,1.278,1.278,1.278,1.278,1.278,1.278,1.278,1.278,1.278,1.278,1.278,0.678,0.678,0.678,0.857,0.857,0.857,0.857,0.857,0.857,0.857,0.857,0.85,0.85,0.806,0.8,0.8,0.8,0.797,0.797,0.797,0.797,0.797,0.797,0.797,0.797,0.797,0.797,0.797,0.8,0.797,0.797,0.797,0.799,0.954
RGI60-16.01079,1.275,1.275,1.275,1.275,1.275,1.275,1.275,1.275,1.275,1.275,1.275,1.275,1.275,1.275,1.275,1.275,0.675,0.675,0.675,0.854,0.854,0.854,0.854,0.854,0.854,0.854,0.854,0.847,0.847,0.803,0.797,0.797,0.797,0.794,0.794,0.794,0.794,0.794,0.794,0.794,0.794,0.794,0.794,0.794,0.797,0.794,0.794,0.794,0.796,0.95
RGI60-16.01080,1.282,1.282,1.282,1.282,1.282,1.282,1.282,1.282,1.282,1.282,1.282,1.282,1.282,1.282,1.282,1.282,0.689,0.689,0.689,0.865,0.865,0.865,0.865,0.865,0.865,0.865,0.865,0.858,0.858,0.815,0.809,0.809,0.809,0.806,0.806,0.806,0.806,0.806,0.806,0.806,0.806,0.806,0.806,0.806,0.809,0.806,0.806,0.806,0.808,0.96
RGI60-16.01081,1.289,1.289,1.289,1.289,1.289,1.289,1.289,1.289,1.289,1.289,1.289,1.289,1.289,1.289,1.289,1.289,0.702,0.702,0.702,0.876,0.876,0.876,0.876,0.876,0.876,0.876,0.876,0.869,0.869,0.826,0.819,0.819,0.819,0.816,0.816,0.816,0.816,0.816,0.816,0.816,0.816,0.816,0.816,0.816,0.819,0.816,0.816,0.816,0.818,0.969
RGI60-16.01082,1.306,1.306,1.306,1.306,1.306,1.306,1.306,1.306,1.306,1.306,1.306,1.306,1.306,1.306,1.306,1.306,0.732,0.732,0.732,0.9,0.9,0.9,0.9,0.9,0.9,0.9,0.9,0.893,0.893,0.851,0.845,0.845,0.845,0.842,0.842,0.842,0.842,0.842,0.842,0.842,0.842,0.842,0.842,0.842,0.845,0.842,0.842,0.842,0.844,0.991
RGI60-16.01083,1.28,1.28,1.28,1.28,1.28,1.28,1.28,1.28,1.28,1.28,1.28,1.28,1.28,1.28,1.28,1.28,0.685,0.685,0.685,0.862,0.862,0.862,0.862,0.862,0.862,0.862,0.862,0.855,0.855,0.812,0.805,0.805,0.805,0.802,0.802,0.802,0.802,0.802,0.802,0.802,0.802,0.802,0.802,0.802,0.805,0.802,0.802,0.802,0.804,0.957
RGI60-16.01084,1.277,1.277,1.277,1.277,1.277,1.277,1.277,1.277,1.277,1.277,1.277,1.277,1.277,1.277,1.277,1.277,0.678,0.678,0.678,0.856,0.856,0.856,0.856,0.856,0.856,0.856,0.856,0.849,0.849,0.806,0.799,0.799,0.799,0.796,0.796,0.796,0.796,0.796,0.796,0.796,0.796,0.796,0.796,0.796,0.799,0.796,0.796,0.796,0.798,0.953
RGI60-16.01085,1.281,1.281,1.281,1.281,1.281,1.281,1.281,1.281,1.281,1.281,1.281,1.281,1.281,1.281,1.281,1.281,0.685,0.685,0.685,0.862,0.862,0.862,0.862,0.862,0.862,0.862,0.862,0.855,0.855,0.812,0.805,0.805,0.805,0.802,0.802,0.802,0.802,0.802,0.802,0.802,0.802,0.802,0.802,0.802,0.805,0.802,0.802,0.802,0.804,0.957
RGI60-16.01086,1.315,1.315,1.315,1.315,1.315,1.315,1.315,1.315,1.315,1.315,1.315,1.315,1.315,1.315,1.315,1.315,0.748,0.748,0.748,0.913,0.913,0.913,0.913,0.913,0.913,0.913,0.913,0.906,0.906,0.865,0.859,0.859,0.859,0.857,0.857,0.857,0.857,0.857,0.857,0.857,0.857,0.857,0.857,0.857,0.859,0.857,0.857,0.857,0.858,1.003
RGI60-16.01087,1.33,1.33,1.33,1.33,1.33,1.33,1.33,1.33,1.33,1.33,1.33,1.33,1.33,1.33,1.33,1.33,0.765,0.765,0.765,0.926,0.926,0.926,0.926,0.926,0.926,0.926,0.926,0.92,0.92,0.882,0.876,0.876,0.876,0.873,0.873,0.873,0.873,0.873,0.873,0.873,0.873,0.873,0.873,0.873,0.876,0.873,0.873,0.873,0.875,1.022
RGI60-16.01088,1.362,1.362,1.362,1.362,1.362,1.362,1.362,1.362,1.362,1.362,1.362,1.362,1.362,1.362,1.362,1.362,0.827,0.827,0.827,0.979,0.979,0.979,0.979,0.979,0.979,0.979,0.979,0.973,0.973,0.935,0.929,0.929,0.929,0.927,0.927,0.927,0.927,0.927,0.927,0.927,0.927,0.927,0.927,0.927,0.929,0.927,0.927,0.927,0.928,1.064
RGI60-16.01089,1.407,1.407,1.407,1.407,1.407,1.407,1.407,1.407,1.407,1.407,1.407,1.407,1.407,1.407,1.407,1.407,0.9,0.9,0.9,1.041,1.041,1.041,1.041,1.041,1.041,1.041,1.041,1.035,1.035,1.0,0.995,0.995,0.995,0.992,0.992,0.992,0.992,0.992,0.992,0.992,0.992,0.992,0.992,0.992,0.995,0.992,0.992,0.992,0.994,1.121
RGI60-16.01090,1.473,1.473,1.473,1.473,1.473,1.473,1.473,1.473,1.473,1.473,1.473,1.473,1.473,1.473,1.473,1.473,0.994,0.994,0.994,1.123,1.123,1.123,1.123,1.123,1.123,1.123,1.123,1.117,1.117,1.086,1.081,1.081,1.081,1.079,1.079,1.079,1.079,1.079,1.079,1.079,1.079,1.079,1.079,1.079,1.081,1.079,1.079,1.079,1.081,1.202
RGI60-16.01091,1.344,1.344,1.344,1.344,1.344,1.344,1.344,1.344,1.344,1.344,1.344,1.344,1.344,1.344,1.344,1.344,0.791,0.791,0.791,0.948,0.948,0.948,0.948,0.948,0.948,0.948,0.948,0.941,0.941,0.904,0.898,0.898,0.898,0.896,0.896,0.896,0.896,0.896,0.896,0.896,0.896,0.896,0.896,0.896,0.898,0.896,0.896,0.896,0.897,1.041
RGI60-16.01092,1.309,1.309,1.309,1.309,1.309,1.309,1.309,1.309,1.309,1.309,1.309,1.309,1.309,1.309,1.309,1.309,0.73,0.73,0.73,0.898,0.898,0.898,0.898,0.898,0.898,0.898,0.898,0.891,0.891,0.851,0.845,0.845,0.845,0.842,0.842,0.842,0.842,0.842,0.842,0.842,0.842,0.842,0.842,0.842,0.845,0.842,0.842,0.842,0.844,0.995
RGI60-16.01093,1.302,1.302,1.302,1.302,1.302,1.302,1.302,1.302,1.302,1.302,1.302,1.302,1.302,1.302,1.302,1.302,0.703,0.703,0.703,0.877,0.877,0.877,0.877,0.877,0.877,0.877,0.877,0.869,0.869,0.831,0.825,0.825,0.825,0.822,0.822,0.822,0.822,0.822,0.822,0.822,0.822,0.822,0.822,0.822,0.825,0.822,0.822,0.822,0.824,0.986
RGI60-16.01094,1.309,1.309,1.309,1.309,1.309,1.309,1.309,1.309,1.309,1.309,1.309,1.309,1.309,1.309,1.309,1.309,0.716,0.716,0.716,0.887,0.887,0.887,0.887,0.887,0.887,0.887,0.887,0.88,0.88,0.843,0.837,0.837,0.837,0.834,0.834,0.834,0.834,0.834,0.834,0.834,0.834,0.834,0.834,0.834,0.837,0.834,0.834,0.834,0.836,0.995
RGI60-16.01095,1.342,1.342,1.342,1.342,1.342,1.342,1.342,1.342,1.342,1.342,1.342,1.342,1.342,1.342,1.342,1.342,0.786,0.786,0.786,0.944,0.944,0.944,0.944,0.944,0.944,0.944,0.944,0.938,0.938,0.9,0.895,0.895,0.895,0.892,0.892,0.892,0.892,0.892,0.892,0.892,0.892,0.892,0.892,0.892,0.895,0.892,0.892,0.892,0.894,1.038
RGI60-16.01096,1.318,1.318,1.318,1.318,1.318,1.318,1.318,1.318,1.318,1.318,1.318,1.318,1.318,1.318,1.318,1.318,0.746,0.746,0.746,0.911,0.911,0.911,0.911,0.911,0.911,0.911,0.911,0.904,0.904,0.865,0.859,0.859,0.859,0.856,0.856,0.856,0.856,0.856,0.856,0.856,0.856,0.856,0.856,0.856,0.859,0.856,0.856,0.856,0.858,1.007
RGI60-16.01097,1.311,1.311,1.311,1.311,1.311,1.311,1.311,1.311,1.311,1.311,1.311,1.311,1.311,1.311,1.311,1.311,0.733,0.733,0.733,0.901,0.901,0.901,0.901,0.901,0.901,0.901,0.901,0.894,0.894,0.854,0.848,0.848,0.848,0.845,0.845,0.845,0.845,0.845,0.845,0.845,0.845,0.845,0.845,0.845,0.848,0.845,0.845,0.845,0.847,0.997
RGI60-16.01098,1.309,1.309,1.309,1.309,1.309,1.309,1.309,1.309,1.309,1.309,1.309,1.309,1.309,1.309,1.309,1.309,0.729,0.729,0.729,0.897,0.897,0.897,0.897,0.897,0.897,0.897,0.897,0.89,0.89,0.851,0.845,0.845,0.845,0.842,0.842,0.842,0.842,0.842,0.842,0.842,0.842,0.842,0.842,0.842,0.845,0.842,0.842,0.842,0.844,0.995
RGI60-16.01099,1.281,1.281,1.281,1.281,1.281,1.281,1.281,1.281,1.281,1.281,1.281,1.281,1.281,1.281,1.281,1.281,0.678,0.678,0.678,0.857,0.857,0.857,0.857,0.857,0.857,0.857,0.857,0.849,0.849,0.808,0.801,0.801,0.801,0.798,0.798,0.798,0.798,0.798,0.798,0.798,0.798,0.798,0.798,0.798,0.801,0.798,0.798,0.798,0.8,0.958
RGI60-16.01100,1.339,1.339,1.339,1.339,1.339,1.339,1.339,1.339,1.339,1.339,1.339,1.339,1.339,1.339,1.339,1.339,0.782,0.782,0.782,0.941,0.941,0.941,0.941,0.941,0.941,0.941,0.941,0.934,0.934,0.897,0.891,0.891,0.891,0.888,0.888,0.888,0.888,0.888,0.888,0.888,0.888,0.888,0.888,0.888,0.891,0.888,0.888,0.888,0.89,1.034
RGI60-16.01101,1.291,1.291,1.291,1.291,1.291,1.291,1.291,1.291,1.291,1.291,1.291,1.291,1.291,1.291,1.291,1.291,0.697,0.697,0.697,0.872,0.872,0.872,0.872,0.872,0.872,0.872,0.872,0.865,0.865,0.824,0.818,0.818,0.818,0.814,0.814,0.814,0.814,0.814,0.814,0.814,0.814,0.814,0.814,0.814,0.818,0.814,0.814,0.814,0.816,0.971
RGI60-16.01102,1.342,1.342,1.342,1.342,1.342,1.342,1.342,1.342,1.342,1.342,1.342,1.342,1.342,1.342,1.342,1.342,0.788,0.788,0.788,0.945,0.945,0.945,0.945,0.945,0.945,0.945,0.945,0.939,0.939,0.901,0.896,0.896,0.896,0.893,0.893,0.893,0.893,0.893,0.893,0.893,0.893,0.893,0.893,0.893,0.896,0.893,0.893,0.893,0.895,1.038
RGI60-16.01103,1.281,1.281,1.281,1.281,1.281,1.281,1.281,1.281,1.281,1.281,1.281,1.281,1.281,1.281,1.281,1.281,0.679,0.679,0.679,0.857,0.857,0.857,0.857,0.857,0.857,0.857,0.857,0.85,0.85,0.808,0.802,0.802,0.802,0.799,0.799,0.799,0.799,0.799,0.799,0.799,0.799,0.799,0.799,0.799,0.802,0.799,0.799,0.799,0.801,0.958
RGI60-16.01104,1.296,1.296,1.296,1.296,1.296,1.296,1.296,1.296,1.296,1.296,1.296,1.296,1.296,1.296,1.296,1.296,0.707,0.707,0.707,0.88,0.88,0.88,0.88,0.88,0.88,0.88,0.88,0.873,0.873,0.832,0.826,0.826,0.826,0.823,0.823,0.823,0.823,0.823,0.823,0.823,0.823,0.823,0.823,0.823,0.826,0.823,0.823,0.823,0.825,0.978
RGI60-16.01105,1.287,1.287,1.287,1.287,1.287,1.287,1.287,1.287,1.287,1.287,1.287,1.287,1.287,1.287,1.287,1.287,0.689,0.689,0.689,0.865,0.865,0.865,0.865,0.865,0.865,0.865,0.865,0.858,0.858,0.817,0.81,0.81,0.81,0.807,0.807,0.807,0.807,0.807,0.807,0.807,0.807,0.807,0.807,0.807,0.81,0.807,0.807,0.807,0.809,0.965
RGI60-16.01106,1.282,1.282,1.282,1.282,1.282,1.282,1.282,1.282,1.282,1.282,1.282,1.282,1.282,1.282,1.282,1.282,0.668,0.668,0.668,0.849,0.849,0.849,0.849,0.849,0.849,0.849,0.849,0.841,0.841,0.801,0.795,0.795,0.795,0.792,0.792,0.792,0.792,0.792,0.792,0.792,0.792,0.792,0.792,0.792,0.795,0.792,0.792,0.792,0.794,0.959
RGI60-16.01107,1.336,1.336,1.336,1.336,1.336,1.336,1.336,1.336,1.336,1.336,1.336,1.336,1.336,1.336,1.336,1.336,0.777,0.777,0.777,0.937,0.937,0.937,0.937,0.937,0.937,0.937,0.937,0.93,0.93,0.892,0.887,0.887,0.887,0.884,0.884,0.884,0.884,0.884,0.884,0.884,0.884,0.884,0.884,0.884,0.887,0.884,0.884,0.884,0.885,1.03
RGI60-16.01108,1.388,1.388,1.388,1.388,1.388,1.388,1.388,1.388,1.388,1.388,1.388,1.388,1.388,1.388,1.388,1.388,0.864,0.864,0.864,1.009,1.009,1.009,1.009,1.009,1.009,1.009,1.009,1.003,1.003,0.969,0.963,0.963,0.963,0.96,0.96,0.96,0.96,0.96,0.96,0.96,0.96,0.96,0.96,0.96,0.963,0.96,0.96,0.96,0.962,1.097
RGI60-16.01109,1.374,1.374,1.374,1.374,1.374,1.374,1.374,1.374,1.374,1.374,1.374,1.374,1.374,1.374,1.374,1.374,0.842,0.842,0.842,0.991,0.991,0.991,0.991,0.991,0.991,0.991,0.991,0.985,0.985,0.949,0.944,0.944,0.944,0.941,0.941,0.941,0.941,0.941,0.941,0.941,0.941,0.941,0.941,0.941,0.944,0.941,0.941,0.941,0.943,1.08
RGI60-16.01110,1.301,1.301,1.301,1.301,1.301,1.301,1.301,1.301,1.301,1.301,1.301,1.301,1.301,1.301,1.301,1.301,0.727,0.727,0.727,0.896,0.896,0.896,0.896,0.896,0.896,0.896,0.896,0.889,0.889,0.847,0.84,0.84,0.84,0.837,0.837,0.837,0.837,0.837,0.837,0.837,0.837,0.837,0.837,0.837,0.84,0.837,0.837,0.837,0.839,0.984
RGI60-16.01111,1.377,1.377,1.377,1.377,1.377,1.377,1.377,1.377,1.377,1.377,1.377,1.377,1.377,1.377,1.377,1.377,0.856,0.856,0.856,1.003,1.003,1.003,1.003,1.003,1.003,1.003,1.003,0.997,0.997,0.959,0.954,0.954,0.954,0.951,0.951,0.951,0.951,0.951,0.951,0.951,0.951,0.951,0.951,0.951,0.954,0.951,0.951,0.951,0.953,1.082
RGI60-16.01112,1.334,1.334,1.334,1.334,1.334,1.334,1.334,1.334,1.334,1.334,1.334,1.334,1.334,1.334,1.334,1.334,0.786,0.786,0.786,0.944,0.944,0.944,0.944,0.944,0.944,0.944,0.944,0.938,0.938,0.897,0.891,0.891,0.891,0.889,0.889,0.889,0.889,0.889,0.889,0.889,0.889,0.889,0.889,0.889,0.891,0.889,0.889,0.889,0.89,1.027
RGI60-16.01113,1.388,1.388,1.388,1.388,1.388,1.388,1.388,1.388,1.388,1.388,1.388,1.388,1.388,1.388,1.388,1.388,0.874,0.874,0.874,1.019,1.019,1.019,1.019,1.019,1.019,1.019,1.019,1.013,1.013,0.975,0.97,0.97,0.97,0.967,0.967,0.967,0.967,0.967,0.967,0.967,0.967,0.967,0.967,0.967,0.97,0.967,0.967,0.967,0.969,1.097
RGI60-16.01114,1.427,1.427,1.427,1.427,1.427,1.427,1.427,1.427,1.427,1.427,1.427,1.427,1.427,1.427,1.427,1.427,0.936,0.936,0.936,1.072,1.072,1.072,1.072,1.072,1.072,1.072,1.072,1.067,1.067,1.031,1.026,1.026,1.026,1.024,1.024,1.024,1.024,1.024,1.024,1.024,1.024,1.024,1.024,1.024,1.026,1.024,1.024,1.024,1.025,1.146
RGI60-16.01115,1.29,1.29,1.29,1.29,1.29,1.29,1.29,1.29,1.29,1.29,1.29,1.29,1.29,1.29,1.29,1.29,0.68,0.68,0.68,0.858,0.858,0.858,0.858,0.858,0.858,0.858,0.858,0.851,0.851,0.812,0.806,0.806,0.806,0.803,0.803,0.803,0.803,0.803,0.803,0.803,0.803,0.803,0.803,0.803,0.806,0.803,0.803,0.803,0.805,0.97
RGI60-16.01116,1.424,1.424,1.424,1.424,1.424,1.424,1.424,1.424,1.424,1.424,1.424,1.424,1.424,1.424,1.424,1.424,0.931,0.931,0.931,1.068,1.068,1.068,1.068,1.068,1.068,1.068,1.068,1.062,1.062,1.027,1.022,1.022,1.022,1.019,1.019,1.019,1.019,1.019,1.019,1.019,1.019,1.019,1.019,1.019,1.022,1.019,1.019,1.019,1.021,1.143
RGI60-16.01117,2.045,2.045,2.045,2.045,2.045,2.045,2.045,2.045,2.045,2.045,2.045,2.045,2.045,2.045,2.045,2.045,1.738,1.738,1.738,1.815,1.815,1.815,1.815,1.815,1.815,1.815,1.815,1.811,1.811,1.791,1.788,1.788,1.788,1.786,1.786,1.786,1.786,1.786,1.786,1.786,1.786,1.786,1.786,1.786,1.788,1.786,1.786,1.786,1.787,1.86
RGI60-16.01118,1.283,1.283,1.283,1.283,1.283,1.283,1.283,1.283,1.283,1.283,1.283,1.283,1.283,1.283,1.283,1.283,0.694,0.694,0.694,0.869,0.869,0.869,0.869,0.869,0.869,0.869,0.869,0.862,0.862,0.819,0.812,0.812,0.812,0.809,0.809,0.809,0.809,0.809,0.809,0.809,0.809,0.809,0.809,0.809,0.812,0.809,0.809,0.809,0.811,0.96
RGI60-16.01119,1.289,1.289,1.289,1.289,1.289,1.289,1.289,1.289,1.289,1.289,1.289,1.289,1.289,1.289,1.289,1.289,0.708,0.708,0.708,0.88,0.88,0.88,0.88,0.88,0.88,0.88,0.88,0.874,0.874,0.83,0.824,0.824,0.824,0.82,0.82,0.82,0.82,0.82,0.82,0.82,0.82,0.82,0.82,0.82,0.824,0.82,0.82,0.82,0.822,0.969
RGI60-16.01120,1.338,1.338,1.338,1.338,1.338,1.338,1.338,1.338,1.338,1.338,1.338,1.338,1.338,1.338,1.338,1.338,0.793,0.793,0.793,0.95,0.95,0.95,0.95,0.95,0.95,0.95,0.95,0.944,0.944,0.903,0.898,0.898,0.898,0.895,0.895,0.895,0.895,0.895,0.895,0.895,0.895,0.895,0.895,0.895,0.898,0.895,0.895,0.895,0.897,1.032
RGI60-16.01121,1.292,1.292,1.292,1.292,1.292,1.292,1.292,1.292,1.292,1.292,1.292,1.292,1.292,1.292,1.292,1.292,0.713,0.713,0.713,0.884,0.884,0.884,0.884,0.884,0.884,0.884,0.884,0.877,0.877,0.834,0.827,0.827,0.827,0.824,0.824,0.824,0.824,0.824,0.824,0.824,0.824,0.824,0.824,0.824,0.827,0.824,0.824,0.824,0.826,0.972
RGI60-16.01122,1.334,1.334,1.334,1.334,1.334,1.334,1.334,1.334,1.334,1.334,1.334,1.334,1.334,1.334,1.334,1.334,0.787,0.787,0.787,0.945,0.945,0.945,0.945,0.945,0.945,0.945,0.945,0.939,0.939,0.898,0.892,0.892,0.892,0.889,0.889,0.889,0.889,0.889,0.889,0.889,0.889,0.889,0.889,0.889,0.892,0.889,0.889,0.889,0.891,1.028
RGI60-16.01123,1.29,1.29,1.29,1.29,1.29,1.29,1.29,1.29,1.29,1.29,1.29,1.29,1.29,1.29,1.29,1.29,0.678,0.678,0.678,0.857,0.857,0.857,0.857,0.857,0.857,0.857,0.857,0.849,0.849,0.811,0.805,0.805,0.805,0.802,0.802,0.802,0.802,0.802,0.802,0.802,0.802,0.802,0.802,0.802,0.805,0.802,0.802,0.802,0.804,0.97
RGI60-16.01124,1.813,1.813,1.813,1.813,1.813,1.813,1.813,1.813,1.813,1.813,1.813,1.813,1.813,1.813,1.813,1.813,1.459,1.459,1.459,1.55,1.55,1.55,1.55,1.55,1.55,1.55,1.55,1.546,1.546,1.521,1.518,1.518,1.518,1.516,1.516,1.516,1.516,1.516,1.516,1.516,1.516,1.516,1.516,1.516,1.518,1.516,1.516,1.516,1.517,1.602
RGI60-16.01125,1.28,1.28,1.28,1.28,1.28,1.28,1.28,1.28,1.28,1.28,1.28,1.28,1.28,1.28,1.28,1.28,0.699,0.699,0.699,0.838,0.838,0.838,0.838,0.838,0.838,0.838,0.838,0.831,0.831,0.723,0.712,0.712,0.712,0.706,0.706,0.706,0.706,0.706,0.706,0.706,0.706,0.706,0.706,0.706,0.712,0.706,0.706,0.706,0.711,0.866
RGI60-16.01126,1.309,1.309,1.309,1.309,1.309,1.309,1.309,1.309,1.309,1.309,1.309,1.309,1.309,1.309,1.309,1.309,0.744,0.744,0.744,0.909,0.909,0.909,0.909,0.909,0.909,0.909,0.909,0.903,0.903,0.86,0.854,0.854,0.854,0.851,0.851,0.851,0.851,0.851,0.851,0.851,0.851,0.851,0.851,0.851,0.854,0.851,0.851,0.851,0.853,0.995
RGI60-16.01127,1.309,1.309,1.309,1.309,1.309,1.309,1.309,1.309,1.309,1.309,1.309,1.309,1.309,1.309,1.309,1.309,0.744,0.744,0.744,0.91,0.91,0.91,0.91,0.91,0.91,0.91,0.91,0.903,0.903,0.86,0.854,0.854,0.854,0.851,0.851,0.851,0.851,0.851,0.851,0.851,0.851,0.851,0.851,0.851,0.854,0.851,0.851,0.851,0.853,0.995
RGI60-16.01128,1.274,1.274,1.274,1.274,1.274,1.274,1.274,1.274,1.274,1.274,1.274,1.274,1.274,1.274,1.274,1.274,0.681,0.681,0.681,0.859,0.859,0.859,0.859,0.859,0.859,0.859,0.859,0.852,0.852,0.807,0.8,0.8,0.8,0.797,0.797,0.797,0.797,0.797,0.797,0.797,0.797,0.797,0.797,0.797,0.8,0.797,0.797,0.797,0.799,0.949
RGI60-16.01129,1.284,1.284,1.284,1.284,1.284,1.284,1.284,1.284,1.284,1.284,1.284,1.284,1.284,1.284,1.284,1.284,0.697,0.697,0.697,0.871,0.871,0.871,0.871,0.871,0.871,0.871,0.871,0.864,0.864,0.82,0.814,0.814,0.814,0.811,0.811,0.811,0.811,0.811,0.811,0.811,0.811,0.811,0.811,0.811,0.814,0.811,0.811,0.811,0.813,0.962
RGI60-16.01130,1.364,1.364,1.364,1.364,1.364,1.364,1.364,1.364,1.364,1.364,1.364,1.364,1.364,1.364,1.364,1.364,0.838,0.838,0.838,0.988,0.988,0.988,0.988,0.988,0.988,0.988,0.988,0.982,0.982,0.943,0.937,0.937,0.937,0.935,0.935,0.935,0.935,0.935,0.935,0.935,0.935,0.935,0.935,0.935,0.937,0.935,0.935,0.935,0.937,1.067
RGI60-16.01131,1.355,1.355,1.355,1.355,1.355,1.355,1.355,1.355,1.355,1.355,1.355,1.355,1.355,1.355,1.355,1.355,0.823,0.823,0.823,0.975,0.975,0.975,0.975,0.975,0.975,0.975,0.975,0.969,0.969,0.929,0.924,0.924,0.924,0.921,0.921,0.921,0.921,0.921,0.921,0.921,0.921,0.921,0.921,0.921,0.924,0.921,0.921,0.921,0.923,1.054
RGI60-16.01132,1.274,1.274,1.274,1.274,1.274,1.274,1.274,1.274,1.274,1.274,1.274,1.274,1.274,1.274,1.274,1.274,0.682,0.682,0.682,0.859,0.859,0.859,0.859,0.859,0.859,0.859,0.859,0.853,0.853,0.807,0.801,0.801,0.801,0.797,0.797,0.797,0.797,0.797,0.797,0.797,0.797,0.797,0.797,0.797,0.801,0.797,0.797,0.797,0.8,0.949
RGI60-16.01133,1.285,1.285,1.285,1.285,1.285,1.285,1.285,1.285,1.285,1.285,1.285,1.285,1.285,1.285,1.285,1.285,0.7,0.7,0.7,0.874,0.874,0.874,0.874,0.874,0.874,0.874,0.874,0.867,0.867,0.823,0.817,0.817,0.817,0.814,0.814,0.814,0.814,0.814,0.814,0.814,0.814,0.814,0.814,0.814,0.817,0.814,0.814,0.814,0.816,0.963
RGI60-16.01134,1.295,1.295,1.295,1.295,1.295,1.295,1.295,1.295,1.295,1.295,1.295,1.295,1.295,1.295,1.295,1.295,0.72,0.72,0.72,0.89,0.89,0.89,0.89,0.89,0.89,0.89,0.89,0.883,0.883,0.84,0.833,0.833,0.833,0.83,0.83,0.83,0.83,0.83,0.83,0.83,0.83,0.83,0.83,0.83,0.833,0.83,0.83,0.83,0.832,0.977
RGI60-16.01135,1.276,1.276,1.276,1.276,1.276,1.276,1.276,1.276,1.276,1.276,1.276,1.276,1.276,1.276,1.276,1.276,0.684,0.684,0.684,0.861,0.861,0.861,0.861,0.861,0.861,0.861,0.861,0.854,0.854,0.809,0.803,0.803,0.803,0.8,0.8,0.8,0.8,0.8,0.8,0.8,0.8,0.8,0.8,0.8,0.803,0.8,0.8,0.8,0.802,0.951
RGI60-16.01136,1.398,1.398,1.398,1.398,1.398,1.398,1.398,1.398,1.398,1.398,1.398,1.398,1.398,1.398,1.398,1.398,0.892,0.892,0.892,1.034,1.034,1.034,1.034,1.034,1.034,1.034,1.034,1.028,1.028,0.991,0.986,0.986,0.986,0.983,0.983,0.983,0.983,0.983,0.983,0.983,0.983,0.983,0.983,0.983,0.986,0.983,0.983,0.983,0.985,1.11
RGI60-16.01137,1.279,1.279,1.279,1.279,1.279,1.279,1.279,1.279,1.279,1.279,1.279,1.279,1.279,1.279,1.279,1.279,0.69,0.69,0.69,0.866,0.866,0.866,0.866,0.866,0.866,0.866,0.866,0.859,0.859,0.814,0.808,0.808,0.808,0.805,0.805,0.805,0.805,0.805,0.805,0.805,0.805,0.805,0.805,0.805,0.808,0.805,0.805,0.805,0.807,0.955
RGI60-16.01138,1.319,1.319,1.319,1.319,1.319,1.319,1.319,1.319,1.319,1.319,1.319,1.319,1.319,1.319,1.319,1.319,0.761,0.761,0.761,0.923,0.923,0.923,0.923,0.923,0.923,0.923,0.923,0.917,0.917,0.875,0.869,0.869,0.869,0.867,0.867,0.867,0.867,0.867,0.867,0.867,0.867,0.867,0.867,0.867,0.869,0.867,0.867,0.867,0.868,1.008
RGI60-16.01139,1.324,1.324,1.324,1.324,1.324,1.324,1.324,1.324,1.324,1.324,1.324,1.324,1.324,1.324,1.324,1.324,0.769,0.769,0.769,0.93,0.93,0.93,0.93,0.93,0.93,0.93,0.93,0.924,0.924,0.883,0.877,0.877,0.877,0.874,0.874,0.874,0.874,0.874,0.874,0.874,0.874,0.874,0.874,0.874,0.877,0.874,0.874,0.874,0.876,1.015
RGI60-16.01140,1.281,1.281,1.281,1.281,1.281,1.281,1.281,1.281,1.281,1.281,1.281,1.281,1.281,1.281,1.281,1.281,0.693,0.693,0.693,0.869,0.869,0.869,0.869,0.869,0.869,0.869,0.869,0.862,0.862,0.817,0.811,0.811,0.811,0.808,0.808,0.808,0.808,0.808,0.808,0.808,0.808,0.808,0.808,0.808,0.811,0.808,0.808,0.808,0.81,0.958
RGI60-16.01141,1.276,1.276,1.276,1.276,1.276,1.276,1.276,1.276,1.276,1.276,1.276,1.276,1.276,1.276,1.276,1.276,0.685,0.685,0.685,0.862,0.862,0.862,0.862,0.862,0.862,0.862,0.862,0.855,0.855,0.81,0.803,0.803,0.803,0.8,0.8,0.8,0.8,0.8,0.8,0.8,0.8,0.8,0.8,0.8,0.803,0.8,0.8,0.8,0.802,0.951
RGI60-16.01142,1.537,1.537,1.537,1.537,1.537,1.537,1.537,1.537,1.537,1.537,1.537,1.537,1.537,1.537,1.537,1.537,1.098,1.098,1.098,1.216,1.216,1.216,1.216,1.216,1.216,1.216,1.216,1.211,1.211,1.18,1.175,1.175,1.175,1.173,1.173,1.173,1.173,1.173,1.173,1.173,1.173,1.173,1.173,1.173,1.175,1.173,1.173,1.173,1.175,1.28
RGI60-16.01143,1.307,1.307,1.307,1.307,1.307,1.307,1.307,1.307,1.307,1.307,1.307,1.307,1.307,1.307,1.307,1.307,0.743,0.743,0.743,0.909,0.909,0.909,0.909,0.909,0.909,0.909,0.909,0.902,0.902,0.859,0.853,0.853,0.853,0.85,0.85,0.85,0.85,0.85,0.85,0.85,0.85,0.85,0.85,0.85,0.853,0.85,0.85,0.85,0.852,0.993
RGI60-16.01144,1.307,1.307,1.307,1.307,1.307,1.307,1.307,1.307,1.307,1.307,1.307,1.307,1.307,1.307,1.307,1.307,0.743,0.743,0.743,0.909,0.909,0.909,0.909,0.909,0.909,0.909,0.909,0.902,0.902,0.859,0.853,0.853,0.853,0.85,0.85,0.85,0.85,0.85,0.85,0.85,0.85,0.85,0.85,0.85,0.853,0.85,0.85,0.85,0.852,0.993
RGI60-16.01145,1.303,1.303,1.303,1.303,1.303,1.303,1.303,1.303,1.303,1.303,1.303,1.303,1.303,1.303,1.303,1.303,0.731,0.731,0.731,0.899,0.899,0.899,0.899,0.899,0.899,0.899,0.899,0.892,0.892,0.85,0.844,0.844,0.844,0.841,0.841,0.841,0.841,0.841,0.841,0.841,0.841,0.841,0.841,0.841,0.844,0.841,0.841,0.841,0.843,0.987
RGI60-16.01146,1.274,1.274,1.274,1.274,1.274,1.274,1.274,1.274,1.274,1.274,1.274,1.274,1.274,1.274,1.274,1.274,0.681,0.681,0.681,0.859,0.859,0.859,0.859,0.859,0.859,0.859,0.859,0.852,0.852,0.807,0.8,0.8,0.8,0.797,0.797,0.797,0.797,0.797,0.797,0.797,0.797,0.797,0.797,0.797,0.8,0.797,0.797,0.797,0.799,0.949
RGI60-16.01147,1.275,1.275,1.275,1.275,1.275,1.275,1.275,1.275,1.275,1.275,1.275,1.275,1.275,1.275,1.275,1.275,0.682,0.682,0.682,0.86,0.86,0.86,0.86,0.86,0.86,0.86,0.86,0.853,0.853,0.808,0.801,0.801,0.801,0.798,0.798,0.798,0.798,0.798,0.798,0.798,0.798,0.798,0.798,0.798,0.801,0.798,0.798,0.798,0.8,0.95
RGI60-16.01148,1.328,1.328,1.328,1.328,1.328,1.328,1.328,1.328,1.328,1.328,1.328,1.328,1.328,1.328,1.328,1.328,0.776,0.776,0.776,0.936,0.936,0.936,0.936,0.936,0.936,0.936,0.936,0.93,0.93,0.889,0.883,0.883,0.883,0.88,0.88,0.88,0.88,0.88,0.88,0.88,0.88,0.88,0.88,0.88,0.883,0.88,0.88,0.88,0.882,1.02
RGI60-16.01149,1.28,1.28,1.28,1.28,1.28,1.28,1.28,1.28,1.28,1.28,1.28,1.28,1.28,1.28,1.28,1.28,0.691,0.691,0.691,0.867,0.867,0.867,0.867,0.867,0.867,0.867,0.867,0.86,0.86,0.816,0.809,0.809,0.809,0.806,0.806,0.806,0.806,0.806,0.806,0.806,0.806,0.806,0.806,0.806,0.809,0.806,0.806,0.806,0.808,0.957
RGI60-16.01150,1.276,1.276,1.276,1.276,1.276,1.276,1.276,1.276,1.276,1.276,1.276,1.276,1.276,1.276,1.276,1.276,0.685,0.685,0.685,0.862,0.862,0.862,0.862,0.862,0.862,0.862,0.862,0.855,0.855,0.81,0.803,0.803,0.803,0.8,0.8,0.8,0.8,0.8,0.8,0.8,0.8,0.8,0.8,0.8,0.803,0.8,0.8,0.8,0.802,0.951
RGI60-16.01151,1.276,1.276,1.276,1.276,1.276,1.276,1.276,1.276,1.276,1.276,1.276,1.276,1.276,1.276,1.276,1.276,0.688,0.688,0.688,0.864,0.864,0.864,0.864,0.864,0.864,0.864,0.864,0.857,0.857,0.812,0.805,0.805,0.805,0.802,0.802,0.802,0.802,0.802,0.802,0.802,0.802,0.802,0.802,0.802,0.805,0.802,0.802,0.802,0.804,0.952
RGI60-16.01152,1.279,1.279,1.279,1.279,1.279,1.279,1.279,1.279,1.279,1.279,1.279,1.279,1.279,1.279,1.279,1.279,0.694,0.694,0.694,0.869,0.869,0.869,0.869,0.869,0.869,0.869,0.869,0.862,0.862,0.817,0.81,0.81,0.81,0.807,0.807,0.807,0.807,0.807,0.807,0.807,0.807,0.807,0.807,0.807,0.81,0.807,0.807,0.807,0.809,0.956
RGI60-16.01153,1.296,1.296,1.296,1.296,1.296,1.296,1.296,1.296,1.296,1.296,1.296,1.296,1.296,1.296,1.296,1.296,0.694,0.694,0.694,0.869,0.869,0.869,0.869,0.869,0.869,0.869,0.869,0.862,0.862,0.823,0.817,0.817,0.817,0.814,0.814,0.814,0.814,0.814,0.814,0.814,0.814,0.814,0.814,0.814,0.817,0.814,0.814,0.814,0.816,0.978
RGI60-16.01154,1.316,1.316,1.316,1.316,1.316,1.316,1.316,1.316,1.316,1.316,1.316,1.316,1.316,1.316,1.316,1.316,0.73,0.73,0.73,0.899,0.899,0.899,0.899,0.899,0.899,0.899,0.899,0.891,0.891,0.854,0.848,0.848,0.848,0.845,0.845,0.845,0.845,0.845,0.845,0.845,0.845,0.845,0.845,0.845,0.848,0.845,0.845,0.845,0.847,1.004
RGI60-16.01155,1.288,1.288,1.288,1.288,1.288,1.288,1.288,1.288,1.288,1.288,1.288,1.288,1.288,1.288,1.288,1.288,0.679,0.679,0.679,0.858,0.858,0.858,0.858,0.858,0.858,0.858,0.858,0.85,0.85,0.811,0.805,0.805,0.805,0.802,0.802,0.802,0.802,0.802,0.802,0.802,0.802,0.802,0.802,0.802,0.805,0.802,0.802,0.802,0.804,0.968
RGI60-16.01156,1.328,1.328,1.328,1.328,1.328,1.328,1.328,1.328,1.328,1.328,1.328,1.328,1.328,1.328,1.328,1.328,0.752,0.752,0.752,0.916,0.916,0.916,0.916,0.916,0.916,0.916,0.916,0.909,0.909,0.873,0.867,0.867,0.867,0.864,0.864,0.864,0.864,0.864,0.864,0.864,0.864,0.864,0.864,0.864,0.867,0.864,0.864,0.864,0.866,1.02
RGI60-16.01157,1.296,1.296,1.296,1.296,1.296,1.296,1.296,1.296,1.296,1.296,1.296,1.296,1.296,1.296,1.296,1.296,0.693,0.693,0.693,0.868,0.868,0.868,0.868,0.868,0.868,0.868,0.868,0.861,0.861,0.822,0.816,0.816,0.816,0.813,0.813,0.813,0.813,0.813,0.813,0.813,0.813,0.813,0.813,0.813,0.816,0.813,0.813,0.813,0.815,0.977
RGI60-16.01158,1.288,1.288,1.288,1.288,1.288,1.288,1.288,1.288,1.288,1.288,1.288,1.288,1.288,1.288,1.288,1.288,0.678,0.678,0.678,0.857,0.857,0.857,0.857,0.857,0.857,0.857,0.857,0.85,0.85,0.81,0.804,0.804,0.804,0.801,0.801,0.801,0.801,0.801,0.801,0.801,0.801,0.801,0.801,0.801,0.804,0.801,0.801,0.801,0.803,0.967
RGI60-16.01159,1.281,1.281,1.281,1.281,1.281,1.281,1.281,1.281,1.281,1.281,1.281,1.281,1.281,1.281,1.281,1.281,0.666,0.666,0.666,0.847,0.847,0.847,0.847,0.847,0.847,0.847,0.847,0.84,0.84,0.8,0.794,0.794,0.794,0.791,0.791,0.791,0.791,0.791,0.791,0.791,0.791,0.791,0.791,0.791,0.794,0.791,0.791,0.791,0.793,0.959
RGI60-16.01160,1.284,1.284,1.284,1.284,1.284,1.284,1.284,1.284,1.284,1.284,1.284,1.284,1.284,1.284,1.284,1.284,0.672,0.672,0.672,0.852,0.852,0.852,0.852,0.852,0.852,0.852,0.852,0.845,0.845,0.805,0.799,0.799,0.799,0.796,0.796,0.796,0.796,0.796,0.796,0.796,0.796,0.796,0.796,0.796,0.799,0.796,0.796,0.796,0.798,0.963
RGI60-16.01161,1.41,1.41,1.41,1.41,1.41,1.41,1.41,1.41,1.41,1.41,1.41,1.41,1.41,1.41,1.41,1.41,0.876,0.876,0.876,1.02,1.02,1.02,1.02,1.02,1.02,1.02,1.02,1.013,1.013,0.984,0.979,0.979,0.979,0.977,0.977,0.977,0.977,0.977,0.977,0.977,0.977,0.977,0.977,0.977,0.979,0.977,0.977,0.977,0.978,1.125
RGI60-16.01162,1.309,1.309,1.309,1.309,1.309,1.309,1.309,1.309,1.309,1.309,1.309,1.309,1.309,1.309,1.309,1.309,0.7,0.7,0.7,0.873,0.873,0.873,0.873,0.873,0.873,0.873,0.873,0.866,0.866,0.832,0.826,0.826,0.826,0.823,0.823,0.823,0.823,0.823,0.823,0.823,0.823,0.823,0.823,0.823,0.826,0.823,0.823,0.823,0.825,0.995
RGI60-16.01163,1.297,1.297,1.297,1.297,1.297,1.297,1.297,1.297,1.297,1.297,1.297,1.297,1.297,1.297,1.297,1.297,0.679,0.679,0.679,0.856,0.856,0.856,0.856,0.856,0.856,0.856,0.856,0.848,0.848,0.813,0.807,0.807,0.807,0.804,0.804,0.804,0.804,0.804,0.804,0.804,0.804,0.804,0.804,0.804,0.807,0.804,0.804,0.804,0.806,0.979
RGI60-16.01164,1.319,1.319,1.319,1.319,1.319,1.319,1.319,1.319,1.319,1.319,1.319,1.319,1.319,1.319,1.319,1.319,0.756,0.756,0.756,0.92,0.92,0.92,0.92,0.92,0.92,0.92,0.92,0.913,0.913,0.872,0.866,0.866,0.866,0.864,0.864,0.864,0.864,0.864,0.864,0.864,0.864,0.864,0.864,0.864,0.866,0.864,0.864,0.864,0.865,1.008
RGI60-16.01165,1.302,1.302,1.302,1.302,1.302,1.302,1.302,1.302,1.302,1.302,1.302,1.302,1.302,1.302,1.302,1.302,0.688,0.688,0.688,0.864,0.864,0.864,0.864,0.864,0.864,0.864,0.864,0.856,0.856,0.821,0.815,0.815,0.815,0.812,0.812,0.812,0.812,0.812,0.812,0.812,0.812,0.812,0.812,0.812,0.815,0.812,0.812,0.812,0.814,0.985
RGI60-16.01166,1.4,1.4,1.4,1.4,1.4,1.4,1.4,1.4,1.4,1.4,1.4,1.4,1.4,1.4,1.4,1.4,0.86,0.86,0.86,1.006,1.006,1.006,1.006,1.006,1.006,1.006,1.006,1.0,1.0,0.97,0.965,0.965,0.965,0.962,0.962,0.962,0.962,0.962,0.962,0.962,0.962,0.962,0.962,0.962,0.965,0.962,0.962,0.962,0.964,1.112
RGI60-16.01167,1.298,1.298,1.298,1.298,1.298,1.298,1.298,1.298,1.298,1.298,1.298,1.298,1.298,1.298,1.298,1.298,0.681,0.681,0.681,0.858,0.858,0.858,0.858,0.858,0.858,0.858,0.858,0.85,0.85,0.815,0.809,0.809,0.809,0.806,0.806,0.806,0.806,0.806,0.806,0.806,0.806,0.806,0.806,0.806,0.809,0.806,0.806,0.806,0.808,0.981
RGI60-16.01168,1.293,1.293,1.293,1.293,1.293,1.293,1.293,1.293,1.293,1.293,1.293,1.293,1.293,1.293,1.293,1.293,0.672,0.672,0.672,0.851,0.851,0.851,0.851,0.851,0.851,0.851,0.851,0.843,0.843,0.807,0.801,0.801,0.801,0.798,0.798,0.798,0.798,0.798,0.798,0.798,0.798,0.798,0.798,0.798,0.801,0.798,0.798,0.798,0.8,0.974
RGI60-16.01169,1.946,1.946,1.946,1.946,1.946,1.946,1.946,1.946,1.946,1.946,1.946,1.946,1.946,1.946,1.946,1.946,1.609,1.609,1.609,1.692,1.692,1.692,1.692,1.692,1.692,1.692,1.692,1.688,1.688,1.669,1.666,1.666,1.666,1.664,1.664,1.664,1.664,1.664,1.664,1.664,1.664,1.664,1.664,1.664,1.666,1.664,1.664,1.664,1.665,1.75
RGI60-16.01170,1.327,1.327,1.327,1.327,1.327,1.327,1.327,1.327,1.327,1.327,1.327,1.327,1.327,1.327,1.327,1.327,0.75,0.75,0.75,0.914,0.914,0.914,0.914,0.914,0.914,0.914,0.914,0.908,0.908,0.871,0.865,0.865,0.865,0.862,0.862,0.862,0.862,0.862,0.862,0.862,0.862,0.862,0.862,0.862,0.865,0.862,0.862,0.862,0.864,1.018
RGI60-16.01171,1.307,1.307,1.307,1.307,1.307,1.307,1.307,1.307,1.307,1.307,1.307,1.307,1.307,1.307,1.307,1.307,0.713,0.713,0.713,0.885,0.885,0.885,0.885,0.885,0.885,0.885,0.885,0.877,0.877,0.84,0.834,0.834,0.834,0.831,0.831,0.831,0.831,0.831,0.831,0.831,0.831,0.831,0.831,0.831,0.834,0.831,0.831,0.831,0.833,0.992
RGI60-16.01172,1.302,1.302,1.302,1.302,1.302,1.302,1.302,1.302,1.302,1.302,1.302,1.302,1.302,1.302,1.302,1.302,0.688,0.688,0.688,0.864,0.864,0.864,0.864,0.864,0.864,0.864,0.864,0.856,0.856,0.821,0.815,0.815,0.815,0.812,0.812,0.812,0.812,0.812,0.812,0.812,0.812,0.812,0.812,0.812,0.815,0.812,0.812,0.812,0.814,0.986
RGI60-16.01173,1.294,1.294,1.294,1.294,1.294,1.294,1.294,1.294,1.294,1.294,1.294,1.294,1.294,1.294,1.294,1.294,0.691,0.691,0.691,0.867,0.867,0.867,0.867,0.867,0.867,0.867,0.867,0.859,0.859,0.82,0.814,0.814,0.814,0.811,0.811,0.811,0.811,0.811,0.811,0.811,0.811,0.811,0.811,0.811,0.814,0.811,0.811,0.811,0.813,0.975
RGI60-16.01174,1.297,1.297,1.297,1.297,1.297,1.297,1.297,1.297,1.297,1.297,1.297,1.297,1.297,1.297,1.297,1.297,0.679,0.679,0.679,0.856,0.856,0.856,0.856,0.856,0.856,0.856,0.856,0.849,0.849,0.813,0.807,0.807,0.807,0.804,0.804,0.804,0.804,0.804,0.804,0.804,0.804,0.804,0.804,0.804,0.807,0.804,0.804,0.804,0.806,0.979
RGI60-16.01175,1.285,1.285,1.285,1.285,1.285,1.285,1.285,1.285,1.285,1.285,1.285,1.285,1.285,1.285,1.285,1.285,0.675,0.675,0.675,0.854,0.854,0.854,0.854,0.854,0.854,0.854,0.854,0.847,0.847,0.807,0.801,0.801,0.801,0.798,0.798,0.798,0.798,0.798,0.798,0.798,0.798,0.798,0.798,0.798,0.801,0.798,0.798,0.798,0.8,0.963
RGI60-16.01176,1.331,1.331,1.331,1.331,1.331,1.331,1.331,1.331,1.331,1.331,1.331,1.331,1.331,1.331,1.331,1.331,0.761,0.761,0.761,0.924,0.924,0.924,0.924,0.924,0.924,0.924,0.924,0.917,0.917,0.88,0.874,0.874,0.874,0.872,0.872,0.872,0.872,0.872,0.872,0.872,0.872,0.872,0.872,0.872,0.874,0.872,0.872,0.872,0.873,1.024
RGI60-16.01177,1.299,1.299,1.299,1.299,1.299,1.299,1.299,1.299,1.299,1.299,1.299,1.299,1.299,1.299,1.299,1.299,0.703,0.703,0.703,0.876,0.876,0.876,0.876,0.876,0.876,0.876,0.876,0.869,0.869,0.83,0.824,0.824,0.824,0.821,0.821,0.821,0.821,0.821,0.821,0.821,0.821,0.821,0.821,0.821,0.824,0.821,0.821,0.821,0.823,0.982
RGI60-16.01178,1.621,1.621,1.621,1.621,1.621,1.621,1.621,1.621,1.621,1.621,1.621,1.621,1.621,1.621,1.621,1.621,1.198,1.198,1.198,1.307,1.307,1.307,1.307,1.307,1.307,1.307,1.307,1.302,1.302,1.276,1.273,1.273,1.273,1.271,1.271,1.271,1.271,1.271,1.271,1.271,1.271,1.271,1.271,1.271,1.273,1.271,1.271,1.271,1.272,1.38
RGI60-16.01179,1.299,1.299,1.299,1.299,1.299,1.299,1.299,1.299,1.299,1.299,1.299,1.299,1.299,1.299,1.299,1.299,0.704,0.704,0.704,0.877,0.877,0.877,0.877,0.877,0.877,0.877,0.877,0.87,0.87,0.831,0.825,0.825,0.825,0.822,0.822,0.822,0.822,0.822,0.822,0.822,0.822,0.822,0.822,0.822,0.825,0.822,0.822,0.822,0.824,0.982
RGI60-16.01180,1.327,1.327,1.327,1.327,1.327,1.327,1.327,1.327,1.327,1.327,1.327,1.327,1.327,1.327,1.327,1.327,0.753,0.753,0.753,0.917,0.917,0.917,0.917,0.917,0.917,0.917,0.917,0.91,0.91,0.873,0.867,0.867,0.867,0.864,0.864,0.864,0.864,0.864,0.864,0.864,0.864,0.864,0.864,0.864,0.867,0.864,0.864,0.864,0.866,1.018
RGI60-16.01181,1.299,1.299,1.299,1.299,1.299,1.299,1.299,1.299,1.299,1.299,1.299,1.299,1.299,1.299,1.299,1.299,0.684,0.684,0.684,0.86,0.86,0.86,0.86,0.86,0.86,0.86,0.86,0.853,0.853,0.818,0.811,0.811,0.811,0.808,0.808,0.808,0.808,0.808,0.808,0.808,0.808,0.808,0.808,0.808,0.811,0.808,0.808,0.808,0.81,0.982
RGI60-16.01182,1.288,1.288,1.288,1.288,1.288,1.288,1.288,1.288,1.288,1.288,1.288,1.288,1.288,1.288,1.288,1.288,0.681,0.681,0.681,0.859,0.859,0.859,0.859,0.859,0.859,0.859,0.859,0.852,0.852,0.812,0.806,0.806,0.806,0.803,0.803,0.803,0.803,0.803,0.803,0.803,0.803,0.803,0.803,0.803,0.806,0.803,0.803,0.803,0.805,0.967
RGI60-16.01183,1.3,1.3,1.3,1.3,1.3,1.3,1.3,1.3,1.3,1.3,1.3,1.3,1.3,1.3,1.3,1.3,0.705,0.705,0.705,0.878,0.878,0.878,0.878,0.878,0.878,0.878,0.878,0.871,0.871,0.832,0.826,0.826,0.826,0.823,0.823,0.823,0.823,0.823,0.823,0.823,0.823,0.823,0.823,0.823,0.826,0.823,0.823,0.823,0.825,0.983
RGI60-16.01184,1.294,1.294,1.294,1.294,1.294,1.294,1.294,1.294,1.294,1.294,1.294,1.294,1.294,1.294,1.294,1.294,0.682,0.682,0.682,0.859,0.859,0.859,0.859,0.859,0.859,0.859,0.859,0.851,0.851,0.815,0.808,0.808,0.808,0.805,0.805,0.805,0.805,0.805,0.805,0.805,0.805,0.805,0.805,0.805,0.808,0.805,0.805,0.805,0.807,0.976
RGI60-16.01185,1.317,1.317,1.317,1.317,1.317,1.317,1.317,1.317,1.317,1.317,1.317,1.317,1.317,1.317,1.317,1.317,0.725,0.725,0.725,0.893,0.893,0.893,0.893,0.893,0.893,0.893,0.893,0.886,0.886,0.851,0.845,0.845,0.845,0.842,0.842,0.842,0.842,0.842,0.842,0.842,0.842,0.842,0.842,0.842,0.845,0.842,0.842,0.842,0.844,1.006
RGI60-16.01186,1.29,1.29,1.29,1.29,1.29,1.29,1.29,1.29,1.29,1.29,1.29,1.29,1.29,1.29,1.29,1.29,0.673,0.673,0.673,0.852,0.852,0.852,0.852,0.852,0.852,0.852,0.852,0.845,0.845,0.808,0.801,0.801,0.801,0.798,0.798,0.798,0.798,0.798,0.798,0.798,0.798,0.798,0.798,0.798,0.801,0.798,0.798,0.798,0.8,0.97
RGI60-16.01187,1.32,1.32,1.32,1.32,1.32,1.32,1.32,1.32,1.32,1.32,1.32,1.32,1.32,1.32,1.32,1.32,0.745,0.745,0.745,0.91,0.91,0.91,0.91,0.91,0.91,0.91,0.91,0.904,0.904,0.865,0.859,0.859,0.859,0.856,0.856,0.856,0.856,0.856,0.856,0.856,0.856,0.856,0.856,0.856,0.859,0.856,0.856,0.856,0.858,1.009
RGI60-16.01188,1.287,1.287,1.287,1.287,1.287,1.287,1.287,1.287,1.287,1.287,1.287,1.287,1.287,1.287,1.287,1.287,0.684,0.684,0.684,0.861,0.861,0.861,0.861,0.861,0.861,0.861,0.861,0.854,0.854,0.813,0.807,0.807,0.807,0.804,0.804,0.804,0.804,0.804,0.804,0.804,0.804,0.804,0.804,0.804,0.807,0.804,0.804,0.804,0.806,0.965
RGI60-16.01189,1.288,1.288,1.288,1.288,1.288,1.288,1.288,1.288,1.288,1.288,1.288,1.288,1.288,1.288,1.288,1.288,0.686,0.686,0.686,0.863,0.863,0.863,0.863,0.863,0.863,0.863,0.863,0.856,0.856,0.816,0.809,0.809,0.809,0.806,0.806,0.806,0.806,0.806,0.806,0.806,0.806,0.806,0.806,0.806,0.809,0.806,0.806,0.806,0.808,0.967
RGI60-16.01190,1.288,1.288,1.288,1.288,1.288,1.288,1.288,1.288,1.288,1.288,1.288,1.288,1.288,1.288,1.288,1.288,0.687,0.687,0.687,0.864,0.864,0.864,0.864,0.864,0.864,0.864,0.864,0.857,0.857,0.816,0.81,0.81,0.81,0.807,0.807,0.807,0.807,0.807,0.807,0.807,0.807,0.807,0.807,0.807,0.81,0.807,0.807,0.807,0.809,0.967
RGI60-16.01191,1.286,1.286,1.286,1.286,1.286,1.286,1.286,1.286,1.286,1.286,1.286,1.286,1.286,1.286,1.286,1.286,0.684,0.684,0.684,0.861,0.861,0.861,0.861,0.861,0.861,0.861,0.861,0.854,0.854,0.813,0.807,0.807,0.807,0.804,0.804,0.804,0.804,0.804,0.804,0.804,0.804,0.804,0.804,0.804,0.807,0.804,0.804,0.804,0.806,0.965
RGI60-16.01192,1.292,1.292,1.292,1.292,1.292,1.292,1.292,1.292,1.292,1.292,1.292,1.292,1.292,1.292,1.292,1.292,0.694,0.694,0.694,0.869,0.869,0.869,0.869,0.869,0.869,0.869,0.869,0.862,0.862,0.822,0.816,0.816,0.816,0.812,0.812,0.812,0.812,0.812,0.812,0.812,0.812,0.812,0.812,0.812,0.816,0.812,0.812,0.812,0.814,0.972
RGI60-16.01193,1.297,1.297,1.297,1.297,1.297,1.297,1.297,1.297,1.297,1.297,1.297,1.297,1.297,1.297,1.297,1.297,0.704,0.704,0.704,0.877,0.877,0.877,0.877,0.877,0.877,0.877,0.877,0.87,0.87,0.831,0.824,0.824,0.824,0.821,0.821,0.821,0.821,0.821,0.821,0.821,0.821,0.821,0.821,0.821,0.824,0.821,0.821,0.821,0.823,0.98
RGI60-16.01194,1.312,1.312,1.312,1.312,1.312,1.312,1.312,1.312,1.312,1.312,1.312,1.312,1.312,1.312,1.312,1.312,0.732,0.732,0.732,0.9,0.9,0.9,0.9,0.9,0.9,0.9,0.9,0.893,0.893,0.854,0.848,0.848,0.848,0.845,0.845,0.845,0.845,0.845,0.845,0.845,0.845,0.845,0.845,0.845,0.848,0.845,0.845,0.845,0.847,1.0
RGI60-16.01195,1.315,1.315,1.315,1.315,1.315,1.315,1.315,1.315,1.315,1.315,1.315,1.315,1.315,1.315,1.315,1.315,0.737,0.737,0.737,0.904,0.904,0.904,0.904,0.904,0.904,0.904,0.904,0.897,0.897,0.858,0.852,0.852,0.852,0.849,0.849,0.849,0.849,0.849,0.849,0.849,0.849,0.849,0.849,0.849,0.852,0.849,0.849,0.849,0.851,1.003
RGI60-16.01196,1.284,1.284,1.284,1.284,1.284,1.284,1.284,1.284,1.284,1.284,1.284,1.284,1.284,1.284,1.284,1.284,0.68,0.68,0.68,0.858,0.858,0.858,0.858,0.858,0.858,0.858,0.858,0.851,0.851,0.81,0.804,0.804,0.804,0.8,0.8,0.8,0.8,0.8,0.8,0.8,0.8,0.8,0.8,0.8,0.804,0.8,0.8,0.8,0.802,0.962
RGI60-16.01197,1.304,1.304,1.304,1.304,1.304,1.304,1.304,1.304,1.304,1.304,1.304,1.304,1.304,1.304,1.304,1.304,0.7,0.7,0.7,0.874,0.874,0.874,0.874,0.874,0.874,0.874,0.874,0.866,0.866,0.83,0.824,0.824,0.824,0.821,0.821,0.821,0.821,0.821,0.821,0.821,0.821,0.821,0.821,0.821,0.824,0.821,0.821,0.821,0.823,0.989
RGI60-16.01198,1.329,1.329,1.329,1.329,1.329,1.329,1.329,1.329,1.329,1.329,1.329,1.329,1.329,1.329,1.329,1.329,0.752,0.752,0.752,0.916,0.916,0.916,0.916,0.916,0.916,0.916,0.916,0.909,0.909,0.873,0.867,0.867,0.867,0.865,0.865,0.865,0.865,0.865,0.865,0.865,0.865,0.865,0.865,0.865,0.867,0.865,0.865,0.865,0.866,1.021
RGI60-16.01199,1.281,1.281,1.281,1.281,1.281,1.281,1.281,1.281,1.281,1.281,1.281,1.281,1.281,1.281,1.281,1.281,0.665,0.665,0.665,0.847,0.847,0.847,0.847,0.847,0.847,0.847,0.847,0.839,0.839,0.799,0.793,0.793,0.793,0.79,0.79,0.79,0.79,0.79,0.79,0.79,0.79,0.79,0.79,0.79,0.793,0.79,0.79,0.79,0.792,0.959
RGI60-16.01200,1.338,1.338,1.338,1.338,1.338,1.338,1.338,1.338,1.338,1.338,1.338,1.338,1.338,1.338,1.338,1.338,0.762,0.762,0.762,0.924,0.924,0.924,0.924,0.924,0.924,0.924,0.924,0.917,0.917,0.883,0.877,0.877,0.877,0.875,0.875,0.875,0.875,0.875,0.875,0.875,0.875,0.875,0.875,0.875,0.877,0.875,0.875,0.875,0.876,1.033
RGI60-16.01201,1.433,1.433,1.433,1.433,1.433,1.433,1.433,1.433,1.433,1.433,1.433,1.433,1.433,1.433,1.433,1.433,0.919,0.919,0.919,1.057,1.057,1.057,1.057,1.057,1.057,1.057,1.057,1.051,1.051,1.022,1.017,1.017,1.017,1.014,1.014,1.014,1.014,1.014,1.014,1.014,1.014,1.014,1.014,1.014,1.017,1.014,1.014,1.014,1.016,1.154
RGI60-16.01202,1.346,1.346,1.346,1.346,1.346,1.346,1.346,1.346,1.346,1.346,1.346,1.346,1.346,1.346,1.346,1.346,0.779,0.779,0.779,0.938,0.938,0.938,0.938,0.938,0.938,0.938,0.938,0.931,0.931,0.897,0.891,0.891,0.891,0.889,0.889,0.889,0.889,0.889,0.889,0.889,0.889,0.889,0.889,0.889,0.891,0.889,0.889,0.889,0.89,1.043
RGI60-16.01203,1.298,1.298,1.298,1.298,1.298,1.298,1.298,1.298,1.298,1.298,1.298,1.298,1.298,1.298,1.298,1.298,0.693,0.693,0.693,0.868,0.868,0.868,0.868,0.868,0.868,0.868,0.868,0.861,0.861,0.824,0.817,0.817,0.817,0.814,0.814,0.814,0.814,0.814,0.814,0.814,0.814,0.814,0.814,0.814,0.817,0.814,0.814,0.814,0.816,0.981
RGI60-16.01204,1.295,1.295,1.295,1.295,1.295,1.295,1.295,1.295,1.295,1.295,1.295,1.295,1.295,1.295,1.295,1.295,0.687,0.687,0.687,0.863,0.863,0.863,0.863,0.863,0.863,0.863,0.863,0.856,0.856,0.819,0.812,0.812,0.812,0.809,0.809,0.809,0.809,0.809,0.809,0.809,0.809,0.809,0.809,0.809,0.812,0.809,0.809,0.809,0.811,0.977
RGI60-16.01205,1.462,1.462,1.462,1.462,1.462,1.462,1.462,1.462,1.462,1.462,1.462,1.462,1.462,1.462,1.462,1.462,0.977,0.977,0.977,1.108,1.108,1.108,1.108,1.108,1.108,1.108,1.108,1.103,1.103,1.071,1.066,1.066,1.066,1.064,1.064,1.064,1.064,1.064,1.064,1.064,1.064,1.064,1.064,1.064,1.066,1.064,1.064,1.064,1.065,1.189
RGI60-16.01206,1.309,1.309,1.309,1.309,1.309,1.309,1.309,1.309,1.309,1.309,1.309,1.309,1.309,1.309,1.309,1.309,0.729,0.729,0.729,0.897,0.897,0.897,0.897,0.897,0.897,0.897,0.897,0.891,0.891,0.851,0.845,0.845,0.845,0.842,0.842,0.842,0.842,0.842,0.842,0.842,0.842,0.842,0.842,0.842,0.845,0.842,0.842,0.842,0.844,0.995
RGI60-16.01207,1.296,1.296,1.296,1.296,1.296,1.296,1.296,1.296,1.296,1.296,1.296,1.296,1.296,1.296,1.296,1.296,0.706,0.706,0.706,0.879,0.879,0.879,0.879,0.879,0.879,0.879,0.879,0.872,0.872,0.831,0.825,0.825,0.825,0.822,0.822,0.822,0.822,0.822,0.822,0.822,0.822,0.822,0.822,0.822,0.825,0.822,0.822,0.822,0.824,0.978
RGI60-16.01208,1.289,1.289,1.289,1.289,1.289,1.289,1.289,1.289,1.289,1.289,1.289,1.289,1.289,1.289,1.289,1.289,0.693,0.693,0.693,0.868,0.868,0.868,0.868,0.868,0.868,0.868,0.868,0.861,0.861,0.82,0.814,0.814,0.814,0.811,0.811,0.811,0.811,0.811,0.811,0.811,0.811,0.811,0.811,0.811,0.814,0.811,0.811,0.811,0.813,0.969
RGI60-16.01209,1.302,1.302,1.302,1.302,1.302,1.302,1.302,1.302,1.302,1.302,1.302,1.302,1.302,1.302,1.302,1.302,0.717,0.717,0.717,0.887,0.887,0.887,0.887,0.887,0.887,0.887,0.887,0.88,0.88,0.84,0.834,0.834,0.834,0.831,0.831,0.831,0.831,0.831,0.831,0.831,0.831,0.831,0.831,0.831,0.834,0.831,0.831,0.831,0.833,0.986
RGI60-16.01210,1.332,1.332,1.332,1.332,1.332,1.332,1.332,1.332,1.332,1.332,1.332,1.332,1.332,1.332,1.332,1.332,0.753,0.753,0.753,0.917,0.917,0.917,0.917,0.917,0.917,0.917,0.917,0.91,0.91,0.875,0.869,0.869,0.869,0.866,0.866,0.866,0.866,0.866,0.866,0.866,0.866,0.866,0.866,0.866,0.869,0.866,0.866,0.866,0.868,1.026
RGI60-16.01211,1.308,1.308,1.308,1.308,1.308,1.308,1.308,1.308,1.308,1.308,1.308,1.308,1.308,1.308,1.308,1.308,0.698,0.698,0.698,0.872,0.872,0.872,0.872,0.872,0.872,0.872,0.872,0.864,0.864,0.83,0.824,0.824,0.824,0.821,0.821,0.821,0.821,0.821,0.821,0.821,0.821,0.821,0.821,0.821,0.824,0.821,0.821,0.821,0.823,0.993
RGI60-16.01212,1.343,1.343,1.343,1.343,1.343,1.343,1.343,1.343,1.343,1.343,1.343,1.343,1.343,1.343,1.343,1.343,0.762,0.762,0.762,0.923,0.923,0.923,0.923,0.923,0.923,0.923,0.923,0.916,0.916,0.884,0.878,0.878,0.878,0.876,0.876,0.876,0.876,0.876,0.876,0.876,0.876,0.876,0.876,0.876,0.878,0.876,0.876,0.876,0.877,1.039
RGI60-16.01213,1.285,1.285,1.285,1.285,1.285,1.285,1.285,1.285,1.285,1.285,1.285,1.285,1.285,1.285,1.285,1.285,0.679,0.679,0.679,0.857,0.857,0.857,0.857,0.857,0.857,0.857,0.857,0.85,0.85,0.81,0.803,0.803,0.803,0.8,0.8,0.8,0.8,0.8,0.8,0.8,0.8,0.8,0.8,0.8,0.803,0.8,0.8,0.8,0.802,0.964
RGI60-16.01214,1.332,1.332,1.332,1.332,1.332,1.332,1.332,1.332,1.332,1.332,1.332,1.332,1.332,1.332,1.332,1.332,0.753,0.753,0.753,0.917,0.917,0.917,0.917,0.917,0.917,0.917,0.917,0.91,0.91,0.875,0.869,0.869,0.869,0.866,0.866,0.866,0.866,0.866,0.866,0.866,0.866,0.866,0.866,0.866,0.869,0.866,0.866,0.866,0.868,1.026
RGI60-16.01215,1.3,1.3,1.3,1.3,1.3,1.3,1.3,1.3,1.3,1.3,1.3,1.3,1.3,1.3,1.3,1.3,0.694,0.694,0.694,0.869,0.869,0.869,0.869,0.869,0.869,0.869,0.869,0.862,0.862,0.825,0.819,0.819,0.819,0.816,0.816,0.816,0.816,0.816,0.816,0.816,0.816,0.816,0.816,0.816,0.819,0.816,0.816,0.816,0.818,0.983
RGI60-16.01216,1.3,1.3,1.3,1.3,1.3,1.3,1.3,1.3,1.3,1.3,1.3,1.3,1.3,1.3,1.3,1.3,0.695,0.695,0.695,0.869,0.869,0.869,0.869,0.869,0.869,0.869,0.869,0.862,0.862,0.825,0.819,0.819,0.819,0.816,0.816,0.816,0.816,0.816,0.816,0.816,0.816,0.816,0.816,0.816,0.819,0.816,0.816,0.816,0.818,0.983
RGI60-16.01217,1.292,1.292,1.292,1.292,1.292,1.292,1.292,1.292,1.292,1.292,1.292,1.292,1.292,1.292,1.292,1.292,0.68,0.68,0.68,0.858,0.858,0.858,0.858,0.858,0.858,0.858,0.858,0.851,0.851,0.813,0.807,0.807,0.807,0.804,0.804,0.804,0.804,0.804,0.804,0.804,0.804,0.804,0.804,0.804,0.807,0.804,0.804,0.804,0.806,0.972
RGI60-16.01218,1.29,1.29,1.29,1.29,1.29,1.29,1.29,1.29,1.29,1.29,1.29,1.29,1.29,1.29,1.29,1.29,0.676,0.676,0.676,0.854,0.854,0.854,0.854,0.854,0.854,0.854,0.854,0.847,0.847,0.809,0.803,0.803,0.803,0.8,0.8,0.8,0.8,0.8,0.8,0.8,0.8,0.8,0.8,0.8,0.803,0.8,0.8,0.8,0.802,0.97
RGI60-16.01219,1.295,1.295,1.295,1.295,1.295,1.295,1.295,1.295,1.295,1.295,1.295,1.295,1.295,1.295,1.295,1.295,0.685,0.685,0.685,0.861,0.861,0.861,0.861,0.861,0.861,0.861,0.861,0.854,0.854,0.817,0.811,0.811,0.811,0.808,0.808,0.808,0.808,0.808,0.808,0.808,0.808,0.808,0.808,0.808,0.811,0.808,0.808,0.808,0.809,0.976
RGI60-16.01220,1.295,1.295,1.295,1.295,1.295,1.295,1.295,1.295,1.295,1.295,1.295,1.295,1.295,1.295,1.295,1.295,0.685,0.685,0.685,0.862,0.862,0.862,0.862,0.862,0.862,0.862,0.862,0.855,0.855,0.817,0.811,0.811,0.811,0.808,0.808,0.808,0.808,0.808,0.808,0.808,0.808,0.808,0.808,0.808,0.811,0.808,0.808,0.808,0.81,0.977
RGI60-16.01221,1.29,1.29,1.29,1.29,1.29,1.29,1.29,1.29,1.29,1.29,1.29,1.29,1.29,1.29,1.29,1.29,0.676,0.676,0.676,0.854,0.854,0.854,0.854,0.854,0.854,0.854,0.854,0.847,0.847,0.809,0.803,0.803,0.803,0.8,0.8,0.8,0.8,0.8,0.8,0.8,0.8,0.8,0.8,0.8,0.803,0.8,0.8,0.8,0.802,0.97
RGI60-16.01222,1.302,1.302,1.302,1.302,1.302,1.302,1.302,1.302,1.302,1.302,1.302,1.302,1.302,1.302,1.302,1.302,0.699,0.699,0.699,0.873,0.873,0.873,0.873,0.873,0.873,0.873,0.873,0.865,0.865,0.829,0.822,0.822,0.822,0.819,0.819,0.819,0.819,0.819,0.819,0.819,0.819,0.819,0.819,0.819,0.822,0.819,0.819,0.819,0.821,0.986
RGI60-16.01223,1.296,1.296,1.296,1.296,1.296,1.296,1.296,1.296,1.296,1.296,1.296,1.296,1.296,1.296,1.296,1.296,0.688,0.688,0.688,0.864,0.864,0.864,0.864,0.864,0.864,0.864,0.864,0.857,0.857,0.819,0.813,0.813,0.813,0.81,0.81,0.81,0.81,0.81,0.81,0.81,0.81,0.81,0.81,0.81,0.813,0.81,0.81,0.81,0.812,0.978
RGI60-16.01224,1.288,1.288,1.288,1.288,1.288,1.288,1.288,1.288,1.288,1.288,1.288,1.288,1.288,1.288,1.288,1.288,0.673,0.673,0.673,0.852,0.852,0.852,0.852,0.852,0.852,0.852,0.852,0.844,0.844,0.807,0.801,0.801,0.801,0.797,0.797,0.797,0.797,0.797,0.797,0.797,0.797,0.797,0.797,0.797,0.801,0.797,0.797,0.797,0.799,0.968
RGI60-16.01225,1.291,1.291,1.291,1.291,1.291,1.291,1.291,1.291,1.291,1.291,1.291,1.291,1.291,1.291,1.291,1.291,0.678,0.678,0.678,0.856,0.856,0.856,0.856,0.856,0.856,0.856,0.856,0.848,0.848,0.811,0.805,0.805,0.805,0.802,0.802,0.802,0.802,0.802,0.802,0.802,0.802,0.802,0.802,0.802,0.805,0.802,0.802,0.802,0.804,0.971
RGI60-16.01226,1.293,1.293,1.293,1.293,1.293,1.293,1.293,1.293,1.293,1.293,1.293,1.293,1.293,1.293,1.293,1.293,0.681,0.681,0.681,0.859,0.859,0.859,0.859,0.859,0.859,0.859,0.859,0.851,0.851,0.814,0.808,0.808,0.808,0.805,0.805,0.805,0.805,0.805,0.805,0.805,0.805,0.805,0.805,0.805,0.808,0.805,0.805,0.805,0.807,0.974
RGI60-16.01227,1.298,1.298,1.298,1.298,1.298,1.298,1.298,1.298,1.298,1.298,1.298,1.298,1.298,1.298,1.298,1.298,0.692,0.692,0.692,0.867,0.867,0.867,0.867,0.867,0.867,0.867,0.867,0.86,0.86,0.823,0.817,0.817,0.817,0.814,0.814,0.814,0.814,0.814,0.814,0.814,0.814,0.814,0.814,0.814,0.817,0.814,0.814,0.814,0.816,0.981
RGI60-16.01228,1.286,1.286,1.286,1.286,1.286,1.286,1.286,1.286,1.286,1.286,1.286,1.286,1.286,1.286,1.286,1.286,0.668,0.668,0.668,0.848,0.848,0.848,0.848,0.848,0.848,0.848,0.848,0.841,0.841,0.803,0.797,0.797,0.797,0.794,0.794,0.794,0.794,0.794,0.794,0.794,0.794,0.794,0.794,0.794,0.797,0.794,0.794,0.794,0.796,0.964
RGI60-16.01229,1.322,1.322,1.322,1.322,1.322,1.322,1.322,1.322,1.322,1.322,1.322,1.322,1.322,1.322,1.322,1.322,0.738,0.738,0.738,0.904,0.904,0.904,0.904,0.904,0.904,0.904,0.904,0.897,0.897,0.861,0.856,0.856,0.856,0.853,0.853,0.853,0.853,0.853,0.853,0.853,0.853,0.853,0.853,0.853,0.856,0.853,0.853,0.853,0.855,1.013
RGI60-16.01230,1.33,1.33,1.33,1.33,1.33,1.33,1.33,1.33,1.33,1.33,1.33,1.33,1.33,1.33,1.33,1.33,0.752,0.752,0.752,0.916,0.916,0.916,0.916,0.916,0.916,0.916,0.916,0.909,0.909,0.874,0.868,0.868,0.868,0.865,0.865,0.865,0.865,0.865,0.865,0.865,0.865,0.865,0.865,0.865,0.868,0.865,0.865,0.865,0.867,1.023
RGI60-16.01231,1.341,1.341,1.341,1.341,1.341,1.341,1.341,1.341,1.341,1.341,1.341,1.341,1.341,1.341,1.341,1.341,0.77,0.77,0.77,0.93,0.93,0.93,0.93,0.93,0.93,0.93,0.93,0.924,0.924,0.889,0.883,0.883,0.883,0.88,0.88,0.88,0.88,0.88,0.88,0.88,0.88,0.88,0.88,0.88,0.883,0.88,0.88,0.88,0.882,1.036
RGI60-16.01232,1.359,1.359,1.359,1.359,1.359,1.359,1.359,1.359,1.359,1.359,1.359,1.359,1.359,1.359,1.359,1.359,0.815,0.815,0.815,0.969,0.969,0.969,0.969,0.969,0.969,0.969,0.969,0.962,0.962,0.926,0.92,0.92,0.92,0.918,0.918,0.918,0.918,0.918,0.918,0.918,0.918,0.918,0.918,0.918,0.92,0.918,0.918,0.918,0.919,1.06
RGI60-16.01233,1.286,1.286,1.286,1.286,1.286,1.286,1.286,1.286,1.286,1.286,1.286,1.286,1.286,1.286,1.286,1.286,0.69,0.69,0.69,0.866,0.866,0.866,0.866,0.866,0.866,0.866,0.866,0.859,0.859,0.817,0.811,0.811,0.811,0.808,0.808,0.808,0.808,0.808,0.808,0.808,0.808,0.808,0.808,0.808,0.811,0.808,0.808,0.808,0.81,0.964
RGI60-16.01234,1.321,1.321,1.321,1.321,1.321,1.321,1.321,1.321,1.321,1.321,1.321,1.321,1.321,1.321,1.321,1.321,0.734,0.734,0.734,0.901,0.901,0.901,0.901,0.901,0.901,0.901,0.901,0.894,0.894,0.858,0.852,0.852,0.852,0.849,0.849,0.849,0.849,0.849,0.849,0.849,0.849,0.849,0.849,0.849,0.852,0.849,0.849,0.849,0.851,1.011
RGI60-16.01235,1.341,1.341,1.341,1.341,1.341,1.341,1.341,1.341,1.341,1.341,1.341,1.341,1.341,1.341,1.341,1.341,0.768,0.768,0.768,0.929,0.929,0.929,0.929,0.929,0.929,0.929,0.929,0.922,0.922,0.888,0.882,0.882,0.882,0.879,0.879,0.879,0.879,0.879,0.879,0.879,0.879,0.879,0.879,0.879,0.882,0.879,0.879,0.879,0.881,1.036
RGI60-16.01236,1.301,1.301,1.301,1.301,1.301,1.301,1.301,1.301,1.301,1.301,1.301,1.301,1.301,1.301,1.301,1.301,0.695,0.695,0.695,0.87,0.87,0.87,0.87,0.87,0.87,0.87,0.87,0.862,0.862,0.826,0.82,0.82,0.82,0.817,0.817,0.817,0.817,0.817,0.817,0.817,0.817,0.817,0.817,0.817,0.82,0.817,0.817,0.817,0.819,0.984
RGI60-16.01237,1.591,1.591,1.591,1.591,1.591,1.591,1.591,1.591,1.591,1.591,1.591,1.591,1.591,1.591,1.591,1.591,1.151,1.151,1.151,1.264,1.264,1.264,1.264,1.264,1.264,1.264,1.264,1.259,1.259,1.234,1.23,1.23,1.23,1.228,1.228,1.228,1.228,1.228,1.228,1.228,1.228,1.228,1.228,1.228,1.23,1.228,1.228,1.228,1.229,1.345
RGI60-16.01238,1.365,1.365,1.365,1.365,1.365,1.365,1.365,1.365,1.365,1.365,1.365,1.365,1.365,1.365,1.365,1.365,0.81,0.81,0.81,0.964,0.964,0.964,0.964,0.964,0.964,0.964,0.964,0.957,0.957,0.924,0.919,0.919,0.919,0.916,0.916,0.916,0.916,0.916,0.916,0.916,0.916,0.916,0.916,0.916,0.919,0.916,0.916,0.916,0.918,1.068
RGI60-16.01239,1.335,1.335,1.335,1.335,1.335,1.335,1.335,1.335,1.335,1.335,1.335,1.335,1.335,1.335,1.335,1.335,0.768,0.768,0.768,0.929,0.929,0.929,0.929,0.929,0.929,0.929,0.929,0.923,0.923,0.886,0.88,0.88,0.88,0.877,0.877,0.877,0.877,0.877,0.877,0.877,0.877,0.877,0.877,0.877,0.88,0.877,0.877,0.877,0.879,1.029
RGI60-16.01240,1.286,1.286,1.286,1.286,1.286,1.286,1.286,1.286,1.286,1.286,1.286,1.286,1.286,1.286,1.286,1.286,0.68,0.68,0.68,0.858,0.858,0.858,0.858,0.858,0.858,0.858,0.858,0.851,0.851,0.811,0.805,0.805,0.805,0.802,0.802,0.802,0.802,0.802,0.802,0.802,0.802,0.802,0.802,0.802,0.805,0.802,0.802,0.802,0.803,0.965
RGI60-16.01241,1.284,1.284,1.284,1.284,1.284,1.284,1.284,1.284,1.284,1.284,1.284,1.284,1.284,1.284,1.284,1.284,0.676,0.676,0.676,0.855,0.855,0.855,0.855,0.855,0.855,0.855,0.855,0.848,0.848,0.808,0.801,0.801,0.801,0.798,0.798,0.798,0.798,0.798,0.798,0.798,0.798,0.798,0.798,0.798,0.801,0.798,0.798,0.798,0.8,0.962
RGI60-16.01242,1.285,1.285,1.285,1.285,1.285,1.285,1.285,1.285,1.285,1.285,1.285,1.285,1.285,1.285,1.285,1.285,0.677,0.677,0.677,0.856,0.856,0.856,0.856,0.856,0.856,0.856,0.856,0.849,0.849,0.808,0.802,0.802,0.802,0.799,0.799,0.799,0.799,0.799,0.799,0.799,0.799,0.799,0.799,0.799,0.802,0.799,0.799,0.799,0.801,0.963
RGI60-16.01243,1.281,1.281,1.281,1.281,1.281,1.281,1.281,1.281,1.281,1.281,1.281,1.281,1.281,1.281,1.281,1.281,0.671,0.671,0.671,0.851,0.851,0.851,0.851,0.851,0.851,0.851,0.851,0.843,0.843,0.803,0.797,0.797,0.797,0.794,0.794,0.794,0.794,0.794,0.794,0.794,0.794,0.794,0.794,0.794,0.797,0.794,0.794,0.794,0.795,0.958
RGI60-16.01244,1.283,1.283,1.283,1.283,1.283,1.283,1.283,1.283,1.283,1.283,1.283,1.283,1.283,1.283,1.283,1.283,0.674,0.674,0.674,0.853,0.853,0.853,0.853,0.853,0.853,0.853,0.853,0.846,0.846,0.806,0.799,0.799,0.799,0.796,0.796,0.796,0.796,0.796,0.796,0.796,0.796,0.796,0.796,0.796,0.799,0.796,0.796,0.796,0.798,0.961
RGI60-16.01245,1.297,1.297,1.297,1.297,1.297,1.297,1.297,1.297,1.297,1.297,1.297,1.297,1.297,1.297,1.297,1.297,0.698,0.698,0.698,0.873,0.873,0.873,0.873,0.873,0.873,0.873,0.873,0.865,0.865,0.826,0.82,0.82,0.82,0.817,0.817,0.817,0.817,0.817,0.817,0.817,0.817,0.817,0.817,0.817,0.82,0.817,0.817,0.817,0.819,0.979
RGI60-16.01246,1.284,1.284,1.284,1.284,1.284,1.284,1.284,1.284,1.284,1.284,1.284,1.284,1.284,1.284,1.284,1.284,0.675,0.675,0.675,0.854,0.854,0.854,0.854,0.854,0.854,0.854,0.854,0.847,0.847,0.807,0.801,0.801,0.801,0.797,0.797,0.797,0.797,0.797,0.797,0.797,0.797,0.797,0.797,0.797,0.801,0.797,0.797,0.797,0.799,0.962
RGI60-16.01247,1.284,1.284,1.284,1.284,1.284,1.284,1.284,1.284,1.284,1.284,1.284,1.284,1.284,1.284,1.284,1.284,0.675,0.675,0.675,0.854,0.854,0.854,0.854,0.854,0.854,0.854,0.854,0.847,0.847,0.806,0.8,0.8,0.8,0.797,0.797,0.797,0.797,0.797,0.797,0.797,0.797,0.797,0.797,0.797,0.8,0.797,0.797,0.797,0.799,0.962
RGI60-16.01248,1.284,1.284,1.284,1.284,1.284,1.284,1.284,1.284,1.284,1.284,1.284,1.284,1.284,1.284,1.284,1.284,0.675,0.675,0.675,0.854,0.854,0.854,0.854,0.854,0.854,0.854,0.854,0.846,0.846,0.806,0.8,0.8,0.8,0.797,0.797,0.797,0.797,0.797,0.797,0.797,0.797,0.797,0.797,0.797,0.8,0.797,0.797,0.797,0.799,0.961
RGI60-16.01249,1.283,1.283,1.283,1.283,1.283,1.283,1.283,1.283,1.283,1.283,1.283,1.283,1.283,1.283,1.283,1.283,0.674,0.674,0.674,0.853,0.853,0.853,0.853,0.853,0.853,0.853,0.853,0.846,0.846,0.805,0.799,0.799,0.799,0.796,0.796,0.796,0.796,0.796,0.796,0.796,0.796,0.796,0.796,0.796,0.799,0.796,0.796,0.796,0.798,0.961
RGI60-16.01250,1.284,1.284,1.284,1.284,1.284,1.284,1.284,1.284,1.284,1.284,1.284,1.284,1.284,1.284,1.284,1.284,0.677,0.677,0.677,0.855,0.855,0.855,0.855,0.855,0.855,0.855,0.855,0.848,0.848,0.808,0.802,0.802,0.802,0.799,0.799,0.799,0.799,0.799,0.799,0.799,0.799,0.799,0.799,0.799,0.802,0.799,0.799,0.799,0.8,0.962
RGI60-16.01251,1.282,1.282,1.282,1.282,1.282,1.282,1.282,1.282,1.282,1.282,1.282,1.282,1.282,1.282,1.282,1.282,0.672,0.672,0.672,0.852,0.852,0.852,0.852,0.852,0.852,0.852,0.852,0.844,0.844,0.804,0.797,0.797,0.797,0.794,0.794,0.794,0.794,0.794,0.794,0.794,0.794,0.794,0.794,0.794,0.797,0.794,0.794,0.794,0.796,0.959
RGI60-16.01252,1.28,1.28,1.28,1.28,1.28,1.28,1.28,1.28,1.28,1.28,1.28,1.28,1.28,1.28,1.28,1.28,0.67,0.67,0.67,0.85,0.85,0.85,0.85,0.85,0.85,0.85,0.85,0.843,0.843,0.802,0.795,0.795,0.795,0.792,0.792,0.792,0.792,0.792,0.792,0.792,0.792,0.792,0.792,0.792,0.795,0.792,0.792,0.792,0.794,0.957
RGI60-16.01253,1.281,1.281,1.281,1.281,1.281,1.281,1.281,1.281,1.281,1.281,1.281,1.281,1.281,1.281,1.281,1.281,0.671,0.671,0.671,0.851,0.851,0.851,0.851,0.851,0.851,0.851,0.851,0.844,0.844,0.803,0.797,0.797,0.797,0.794,0.794,0.794,0.794,0.794,0.794,0.794,0.794,0.794,0.794,0.794,0.797,0.794,0.794,0.794,0.796,0.958
RGI60-16.01254,1.296,1.296,1.296,1.296,1.296,1.296,1.296,1.296,1.296,1.296,1.296,1.296,1.296,1.296,1.296,1.296,0.692,0.692,0.692,0.867,0.867,0.867,0.867,0.867,0.867,0.867,0.867,0.86,0.86,0.822,0.816,0.816,0.816,0.813,0.813,0.813,0.813,0.813,0.813,0.813,0.813,0.813,0.813,0.813,0.816,0.813,0.813,0.813,0.815,0.978
RGI60-16.01255,1.308,1.308,1.308,1.308,1.308,1.308,1.308,1.308,1.308,1.308,1.308,1.308,1.308,1.308,1.308,1.308,0.714,0.714,0.714,0.885,0.885,0.885,0.885,0.885,0.885,0.885,0.885,0.878,0.878,0.84,0.835,0.835,0.835,0.832,0.832,0.832,0.832,0.832,0.832,0.832,0.832,0.832,0.832,0.832,0.835,0.832,0.832,0.832,0.834,0.994
RGI60-16.01256,1.327,1.327,1.327,1.327,1.327,1.327,1.327,1.327,1.327,1.327,1.327,1.327,1.327,1.327,1.327,1.327,0.765,0.765,0.765,0.927,0.927,0.927,0.927,0.927,0.927,0.927,0.927,0.921,0.921,0.881,0.875,0.875,0.875,0.872,0.872,0.872,0.872,0.872,0.872,0.872,0.872,0.872,0.872,0.872,0.875,0.872,0.872,0.872,0.874,1.019
RGI60-16.01257,1.298,1.298,1.298,1.298,1.298,1.298,1.298,1.298,1.298,1.298,1.298,1.298,1.298,1.298,1.298,1.298,0.713,0.713,0.713,0.885,0.885,0.885,0.885,0.885,0.885,0.885,0.885,0.878,0.878,0.837,0.831,0.831,0.831,0.828,0.828,0.828,0.828,0.828,0.828,0.828,0.828,0.828,0.828,0.828,0.831,0.828,0.828,0.828,0.83,0.981
RGI60-16.01258,1.306,1.306,1.306,1.306,1.306,1.306,1.306,1.306,1.306,1.306,1.306,1.306,1.306,1.306,1.306,1.306,0.707,0.707,0.707,0.879,0.879,0.879,0.879,0.879,0.879,0.879,0.879,0.872,0.872,0.835,0.829,0.829,0.829,0.826,0.826,0.826,0.826,0.826,0.826,0.826,0.826,0.826,0.826,0.826,0.829,0.826,0.826,0.826,0.828,0.991
RGI60-16.01259,1.279,1.279,1.279,1.279,1.279,1.279,1.279,1.279,1.279,1.279,1.279,1.279,1.279,1.279,1.279,1.279,0.671,0.671,0.671,0.851,0.851,0.851,0.851,0.851,0.851,0.851,0.851,0.843,0.843,0.802,0.796,0.796,0.796,0.793,0.793,0.793,0.793,0.793,0.793,0.793,0.793,0.793,0.793,0.793,0.796,0.793,0.793,0.793,0.795,0.956
RGI60-16.01260,1.418,1.418,1.418,1.418,1.418,1.418,1.418,1.418,1.418,1.418,1.418,1.418,1.418,1.418,1.418,1.418,0.919,0.919,0.919,1.057,1.057,1.057,1.057,1.057,1.057,1.057,1.057,1.052,1.052,1.016,1.011,1.011,1.011,1.009,1.009,1.009,1.009,1.009,1.009,1.009,1.009,1.009,1.009,1.009,1.011,1.009,1.009,1.009,1.01,1.135
RGI60-16.01261,1.328,1.328,1.328,1.328,1.328,1.328,1.328,1.328,1.328,1.328,1.328,1.328,1.328,1.328,1.328,1.328,0.771,0.771,0.771,0.932,0.932,0.932,0.932,0.932,0.932,0.932,0.932,0.925,0.925,0.885,0.879,0.879,0.879,0.876,0.876,0.876,0.876,0.876,0.876,0.876,0.876,0.876,0.876,0.876,0.879,0.876,0.876,0.876,0.878,1.02
RGI60-16.01262,1.311,1.311,1.311,1.311,1.311,1.311,1.311,1.311,1.311,1.311,1.311,1.311,1.311,1.311,1.311,1.311,0.741,0.741,0.741,0.908,0.908,0.908,0.908,0.908,0.908,0.908,0.908,0.901,0.901,0.86,0.854,0.854,0.854,0.851,0.851,0.851,0.851,0.851,0.851,0.851,0.851,0.851,0.851,0.851,0.854,0.851,0.851,0.851,0.853,0.998
RGI60-16.01263,1.321,1.321,1.321,1.321,1.321,1.321,1.321,1.321,1.321,1.321,1.321,1.321,1.321,1.321,1.321,1.321,0.758,0.758,0.758,0.921,0.921,0.921,0.921,0.921,0.921,0.921,0.921,0.915,0.915,0.874,0.868,0.868,0.868,0.866,0.866,0.866,0.866,0.866,0.866,0.866,0.866,0.866,0.866,0.866,0.868,0.866,0.866,0.866,0.867,1.01
RGI60-16.01264,1.278,1.278,1.278,1.278,1.278,1.278,1.278,1.278,1.278,1.278,1.278,1.278,1.278,1.278,1.278,1.278,0.68,0.68,0.68,0.858,0.858,0.858,0.858,0.858,0.858,0.858,0.858,0.851,0.851,0.807,0.801,0.801,0.801,0.798,0.798,0.798,0.798,0.798,0.798,0.798,0.798,0.798,0.798,0.798,0.801,0.798,0.798,0.798,0.8,0.954
RGI60-16.01265,1.281,1.281,1.281,1.281,1.281,1.281,1.281,1.281,1.281,1.281,1.281,1.281,1.281,1.281,1.281,1.281,0.684,0.684,0.684,0.861,0.861,0.861,0.861,0.861,0.861,0.861,0.861,0.854,0.854,0.811,0.805,0.805,0.805,0.802,0.802,0.802,0.802,0.802,0.802,0.802,0.802,0.802,0.802,0.802,0.805,0.802,0.802,0.802,0.804,0.958
RGI60-16.01266,1.282,1.282,1.282,1.282,1.282,1.282,1.282,1.282,1.282,1.282,1.282,1.282,1.282,1.282,1.282,1.282,0.686,0.686,0.686,0.863,0.863,0.863,0.863,0.863,0.863,0.863,0.863,0.856,0.856,0.813,0.807,0.807,0.807,0.804,0.804,0.804,0.804,0.804,0.804,0.804,0.804,0.804,0.804,0.804,0.807,0.804,0.804,0.804,0.806,0.96
RGI60-16.01267,1.292,1.292,1.292,1.292,1.292,1.292,1.292,1.292,1.292,1.292,1.292,1.292,1.292,1.292,1.292,1.292,0.709,0.709,0.709,0.881,0.881,0.881,0.881,0.881,0.881,0.881,0.881,0.874,0.874,0.831,0.825,0.825,0.825,0.822,0.822,0.822,0.822,0.822,0.822,0.822,0.822,0.822,0.822,0.822,0.825,0.822,0.822,0.822,0.824,0.973
RGI60-16.01268,1.356,1.356,1.356,1.356,1.356,1.356,1.356,1.356,1.356,1.356,1.356,1.356,1.356,1.356,1.356,1.356,0.815,0.815,0.815,0.969,0.969,0.969,0.969,0.969,0.969,0.969,0.969,0.962,0.962,0.925,0.919,0.919,0.919,0.916,0.916,0.916,0.916,0.916,0.916,0.916,0.916,0.916,0.916,0.916,0.919,0.916,0.916,0.916,0.918,1.056
RGI60-16.01269,1.285,1.285,1.285,1.285,1.285,1.285,1.285,1.285,1.285,1.285,1.285,1.285,1.285,1.285,1.285,1.285,0.689,0.689,0.689,0.866,0.866,0.866,0.866,0.866,0.866,0.866,0.866,0.859,0.859,0.816,0.81,0.81,0.81,0.807,0.807,0.807,0.807,0.807,0.807,0.807,0.807,0.807,0.807,0.807,0.81,0.807,0.807,0.807,0.809,0.963
RGI60-16.01270,1.295,1.295,1.295,1.295,1.295,1.295,1.295,1.295,1.295,1.295,1.295,1.295,1.295,1.295,1.295,1.295,0.713,0.713,0.713,0.884,0.884,0.884,0.884,0.884,0.884,0.884,0.884,0.878,0.878,0.835,0.829,0.829,0.829,0.826,0.826,0.826,0.826,0.826,0.826,0.826,0.826,0.826,0.826,0.826,0.829,0.826,0.826,0.826,0.828,0.977
RGI60-16.01271,1.293,1.293,1.293,1.293,1.293,1.293,1.293,1.293,1.293,1.293,1.293,1.293,1.293,1.293,1.293,1.293,0.709,0.709,0.709,0.881,0.881,0.881,0.881,0.881,0.881,0.881,0.881,0.874,0.874,0.832,0.825,0.825,0.825,0.822,0.822,0.822,0.822,0.822,0.822,0.822,0.822,0.822,0.822,0.822,0.825,0.822,0.822,0.822,0.824,0.974
RGI60-16.01272,1.277,1.277,1.277,1.277,1.277,1.277,1.277,1.277,1.277,1.277,1.277,1.277,1.277,1.277,1.277,1.277,0.676,0.676,0.676,0.855,0.855,0.855,0.855,0.855,0.855,0.855,0.855,0.848,0.848,0.805,0.798,0.798,0.798,0.795,0.795,0.795,0.795,0.795,0.795,0.795,0.795,0.795,0.795,0.795,0.798,0.795,0.795,0.795,0.797,0.952
RGI60-16.01273,1.277,1.277,1.277,1.277,1.277,1.277,1.277,1.277,1.277,1.277,1.277,1.277,1.277,1.277,1.277,1.277,0.679,0.679,0.679,0.858,0.858,0.858,0.858,0.858,0.858,0.858,0.858,0.851,0.851,0.807,0.8,0.8,0.8,0.797,0.797,0.797,0.797,0.797,0.797,0.797,0.797,0.797,0.797,0.797,0.8,0.797,0.797,0.797,0.799,0.953
RGI60-16.01274,1.282,1.282,1.282,1.282,1.282,1.282,1.282,1.282,1.282,1.282,1.282,1.282,1.282,1.282,1.282,1.282,0.689,0.689,0.689,0.866,0.866,0.866,0.866,0.866,0.866,0.866,0.866,0.859,0.859,0.815,0.809,0.809,0.809,0.806,0.806,0.806,0.806,0.806,0.806,0.806,0.806,0.806,0.806,0.806,0.809,0.806,0.806,0.806,0.808,0.96
RGI60-16.01275,1.281,1.281,1.281,1.281,1.281,1.281,1.281,1.281,1.281,1.281,1.281,1.281,1.281,1.281,1.281,1.281,0.685,0.685,0.685,0.863,0.863,0.863,0.863,0.863,0.863,0.863,0.863,0.856,0.856,0.812,0.806,0.806,0.806,0.803,0.803,0.803,0.803,0.803,0.803,0.803,0.803,0.803,0.803,0.803,0.806,0.803,0.803,0.803,0.805,0.957
RGI60-16.01276,1.399,1.399,1.399,1.399,1.399,1.399,1.399,1.399,1.399,1.399,1.399,1.399,1.399,1.399,1.399,1.399,0.884,0.884,0.884,1.028,1.028,1.028,1.028,1.028,1.028,1.028,1.028,1.022,1.022,0.986,0.981,0.981,0.981,0.978,0.978,0.978,0.978,0.978,0.978,0.978,0.978,0.978,0.978,0.978,0.981,0.978,0.978,0.978,0.98,1.11
RGI60-16.01277,1.289,1.289,1.289,1.289,1.289,1.289,1.289,1.289,1.289,1.289,1.289,1.289,1.289,1.289,1.289,1.289,0.699,0.699,0.699,0.873,0.873,0.873,0.873,0.873,0.873,0.873,0.873,0.867,0.867,0.824,0.818,0.818,0.818,0.815,0.815,0.815,0.815,0.815,0.815,0.815,0.815,0.815,0.815,0.815,0.818,0.815,0.815,0.815,0.817,0.969
RGI60-16.01278,1.283,1.283,1.283,1.283,1.283,1.283,1.283,1.283,1.283,1.283,1.283,1.283,1.283,1.283,1.283,1.283,0.686,0.686,0.686,0.863,0.863,0.863,0.863,0.863,0.863,0.863,0.863,0.856,0.856,0.813,0.807,0.807,0.807,0.804,0.804,0.804,0.804,0.804,0.804,0.804,0.804,0.804,0.804,0.804,0.807,0.804,0.804,0.804,0.806,0.96
RGI60-16.01279,1.282,1.282,1.282,1.282,1.282,1.282,1.282,1.282,1.282,1.282,1.282,1.282,1.282,1.282,1.282,1.282,0.69,0.69,0.69,0.866,0.866,0.866,0.866,0.866,0.866,0.866,0.866,0.859,0.859,0.815,0.809,0.809,0.809,0.806,0.806,0.806,0.806,0.806,0.806,0.806,0.806,0.806,0.806,0.806,0.809,0.806,0.806,0.806,0.808,0.96
RGI60-16.01280,1.29,1.29,1.29,1.29,1.29,1.29,1.29,1.29,1.29,1.29,1.29,1.29,1.29,1.29,1.29,1.29,0.704,0.704,0.704,0.877,0.877,0.877,0.877,0.877,0.877,0.877,0.877,0.87,0.87,0.828,0.821,0.821,0.821,0.818,0.818,0.818,0.818,0.818,0.818,0.818,0.818,0.818,0.818,0.818,0.821,0.818,0.818,0.818,0.82,0.97
RGI60-16.01281,1.279,1.279,1.279,1.279,1.279,1.279,1.279,1.279,1.279,1.279,1.279,1.279,1.279,1.279,1.279,1.279,0.682,0.682,0.682,0.86,0.86,0.86,0.86,0.86,0.86,0.86,0.86,0.853,0.853,0.809,0.803,0.803,0.803,0.8,0.8,0.8,0.8,0.8,0.8,0.8,0.8,0.8,0.8,0.8,0.803,0.8,0.8,0.8,0.802,0.955
RGI60-16.01282,1.278,1.278,1.278,1.278,1.278,1.278,1.278,1.278,1.278,1.278,1.278,1.278,1.278,1.278,1.278,1.278,0.677,0.677,0.677,0.856,0.856,0.856,0.856,0.856,0.856,0.856,0.856,0.849,0.849,0.806,0.799,0.799,0.799,0.796,0.796,0.796,0.796,0.796,0.796,0.796,0.796,0.796,0.796,0.796,0.799,0.796,0.796,0.796,0.798,0.953
RGI60-16.01283,1.278,1.278,1.278,1.278,1.278,1.278,1.278,1.278,1.278,1.278,1.278,1.278,1.278,1.278,1.278,1.278,0.678,0.678,0.678,0.856,0.856,0.856,0.856,0.856,0.856,0.856,0.856,0.849,0.849,0.806,0.8,0.8,0.8,0.797,0.797,0.797,0.797,0.797,0.797,0.797,0.797,0.797,0.797,0.797,0.8,0.797,0.797,0.797,0.799,0.954
RGI60-16.01284,1.302,1.302,1.302,1.302,1.302,1.302,1.302,1.302,1.302,1.302,1.302,1.302,1.302,1.302,1.302,1.302,0.721,0.721,0.721,0.891,0.891,0.891,0.891,0.891,0.891,0.891,0.891,0.885,0.885,0.843,0.837,0.837,0.837,0.834,0.834,0.834,0.834,0.834,0.834,0.834,0.834,0.834,0.834,0.834,0.837,0.834,0.834,0.834,0.836,0.985
RGI60-16.01285,1.314,1.314,1.314,1.314,1.314,1.314,1.314,1.314,1.314,1.314,1.314,1.314,1.314,1.314,1.314,1.314,0.744,0.744,0.744,0.91,0.91,0.91,0.91,0.91,0.91,0.91,0.91,0.903,0.903,0.862,0.856,0.856,0.856,0.854,0.854,0.854,0.854,0.854,0.854,0.854,0.854,0.854,0.854,0.854,0.856,0.854,0.854,0.854,0.855,1.002
RGI60-16.01286,1.276,1.276,1.276,1.276,1.276,1.276,1.276,1.276,1.276,1.276,1.276,1.276,1.276,1.276,1.276,1.276,0.676,0.676,0.676,0.855,0.855,0.855,0.855,0.855,0.855,0.855,0.855,0.848,0.848,0.804,0.798,0.798,0.798,0.795,0.795,0.795,0.795,0.795,0.795,0.795,0.795,0.795,0.795,0.795,0.798,0.795,0.795,0.795,0.797,0.951
RGI60-16.01287,1.283,1.283,1.283,1.283,1.283,1.283,1.283,1.283,1.283,1.283,1.283,1.283,1.283,1.283,1.283,1.283,0.691,0.691,0.691,0.867,0.867,0.867,0.867,0.867,0.867,0.867,0.867,0.86,0.86,0.816,0.81,0.81,0.81,0.807,0.807,0.807,0.807,0.807,0.807,0.807,0.807,0.807,0.807,0.807,0.81,0.807,0.807,0.807,0.809,0.961
RGI60-16.01288,1.289,1.289,1.289,1.289,1.289,1.289,1.289,1.289,1.289,1.289,1.289,1.289,1.289,1.289,1.289,1.289,0.697,0.697,0.697,0.872,0.872,0.872,0.872,0.872,0.872,0.872,0.872,0.865,0.865,0.822,0.816,0.816,0.816,0.813,0.813,0.813,0.813,0.813,0.813,0.813,0.813,0.813,0.813,0.813,0.816,0.813,0.813,0.813,0.815,0.969
RGI60-16.01289,1.279,1.279,1.279,1.279,1.279,1.279,1.279,1.279,1.279,1.279,1.279,1.279,1.279,1.279,1.279,1.279,0.678,0.678,0.678,0.857,0.857,0.857,0.857,0.857,0.857,0.857,0.857,0.85,0.85,0.807,0.8,0.8,0.8,0.797,0.797,0.797,0.797,0.797,0.797,0.797,0.797,0.797,0.797,0.797,0.8,0.797,0.797,0.797,0.799,0.955
RGI60-16.01290,1.286,1.286,1.286,1.286,1.286,1.286,1.286,1.286,1.286,1.286,1.286,1.286,1.286,1.286,1.286,1.286,0.697,0.697,0.697,0.872,0.872,0.872,0.872,0.872,0.872,0.872,0.872,0.865,0.865,0.822,0.815,0.815,0.815,0.812,0.812,0.812,0.812,0.812,0.812,0.812,0.812,0.812,0.812,0.812,0.815,0.812,0.812,0.812,0.814,0.965
RGI60-16.01291,1.322,1.322,1.322,1.322,1.322,1.322,1.322,1.322,1.322,1.322,1.322,1.322,1.322,1.322,1.322,1.322,0.762,0.762,0.762,0.925,0.925,0.925,0.925,0.925,0.925,0.925,0.925,0.918,0.918,0.877,0.872,0.872,0.872,0.869,0.869,0.869,0.869,0.869,0.869,0.869,0.869,0.869,0.869,0.869,0.872,0.869,0.869,0.869,0.871,1.013
RGI60-16.01292,1.281,1.281,1.281,1.281,1.281,1.281,1.281,1.281,1.281,1.281,1.281,1.281,1.281,1.281,1.281,1.281,0.688,0.688,0.688,0.865,0.865,0.865,0.865,0.865,0.865,0.865,0.865,0.858,0.858,0.814,0.807,0.807,0.807,0.804,0.804,0.804,0.804,0.804,0.804,0.804,0.804,0.804,0.804,0.804,0.807,0.804,0.804,0.804,0.806,0.958
RGI60-16.01293,1.282,1.282,1.282,1.282,1.282,1.282,1.282,1.282,1.282,1.282,1.282,1.282,1.282,1.282,1.282,1.282,0.689,0.689,0.689,0.866,0.866,0.866,0.866,0.866,0.866,0.866,0.866,0.859,0.859,0.815,0.808,0.808,0.808,0.805,0.805,0.805,0.805,0.805,0.805,0.805,0.805,0.805,0.805,0.805,0.808,0.805,0.805,0.805,0.807,0.959
RGI60-16.01294,1.288,1.288,1.288,1.288,1.288,1.288,1.288,1.288,1.288,1.288,1.288,1.288,1.288,1.288,1.288,1.288,0.701,0.701,0.701,0.876,0.876,0.876,0.876,0.876,0.876,0.876,0.876,0.869,0.869,0.825,0.819,0.819,0.819,0.816,0.816,0.816,0.816,0.816,0.816,0.816,0.816,0.816,0.816,0.816,0.819,0.816,0.816,0.816,0.818,0.967
RGI60-16.01295,1.287,1.287,1.287,1.287,1.287,1.287,1.287,1.287,1.287,1.287,1.287,1.287,1.287,1.287,1.287,1.287,0.701,0.701,0.701,0.875,0.875,0.875,0.875,0.875,0.875,0.875,0.875,0.868,0.868,0.824,0.818,0.818,0.818,0.815,0.815,0.815,0.815,0.815,0.815,0.815,0.815,0.815,0.815,0.815,0.818,0.815,0.815,0.815,0.817,0.966
RGI60-16.01296,1.294,1.294,1.294,1.294,1.294,1.294,1.294,1.294,1.294,1.294,1.294,1.294,1.294,1.294,1.294,1.294,0.673,0.673,0.673,0.851,0.851,0.851,0.851,0.851,0.851,0.851,0.851,0.844,0.844,0.808,0.802,0.802,0.802,0.799,0.799,0.799,0.799,0.799,0.799,0.799,0.799,0.799,0.799,0.799,0.802,0.799,0.799,0.799,0.801,0.975
RGI60-16.01297,1.296,1.296,1.296,1.296,1.296,1.296,1.296,1.296,1.296,1.296,1.296,1.296,1.296,1.296,1.296,1.296,0.706,0.706,0.706,0.879,0.879,0.879,0.879,0.879,0.879,0.879,0.879,0.872,0.872,0.831,0.825,0.825,0.825,0.822,0.822,0.822,0.822,0.822,0.822,0.822,0.822,0.822,0.822,0.822,0.825,0.822,0.822,0.822,0.824,0.978
RGI60-16.01298,1.334,1.334,1.334,1.334,1.334,1.334,1.334,1.334,1.334,1.334,1.334,1.334,1.334,1.334,1.334,1.334,0.764,0.764,0.764,0.926,0.926,0.926,0.926,0.926,0.926,0.926,0.926,0.919,0.919,0.883,0.877,0.877,0.877,0.874,0.874,0.874,0.874,0.874,0.874,0.874,0.874,0.874,0.874,0.874,0.877,0.874,0.874,0.874,0.876,1.028
RGI60-16.01299,1.303,1.303,1.303,1.303,1.303,1.303,1.303,1.303,1.303,1.303,1.303,1.303,1.303,1.303,1.303,1.303,0.728,0.728,0.728,0.897,0.897,0.897,0.897,0.897,0.897,0.897,0.897,0.89,0.89,0.848,0.842,0.842,0.842,0.839,0.839,0.839,0.839,0.839,0.839,0.839,0.839,0.839,0.839,0.839,0.842,0.839,0.839,0.839,0.841,0.987
RGI60-16.01300,1.279,1.279,1.279,1.279,1.279,1.279,1.279,1.279,1.279,1.279,1.279,1.279,1.279,1.279,1.279,1.279,0.684,0.684,0.684,0.862,0.862,0.862,0.862,0.862,0.862,0.862,0.862,0.855,0.855,0.811,0.805,0.805,0.805,0.802,0.802,0.802,0.802,0.802,0.802,0.802,0.802,0.802,0.802,0.802,0.805,0.802,0.802,0.802,0.804,0.956
RGI60-16.01301,1.419,1.419,1.419,1.419,1.419,1.419,1.419,1.419,1.419,1.419,1.419,1.419,1.419,1.419,1.419,1.419,0.902,0.902,0.902,1.043,1.043,1.043,1.043,1.043,1.043,1.043,1.043,1.037,1.037,1.005,1.0,1.0,1.0,0.998,0.998,0.998,0.998,0.998,0.998,0.998,0.998,0.998,0.998,0.998,1.0,0.998,0.998,0.998,0.999,1.136
RGI60-16.01302,1.522,1.522,1.522,1.522,1.522,1.522,1.522,1.522,1.522,1.522,1.522,1.522,1.522,1.522,1.522,1.522,1.056,1.056,1.056,1.179,1.179,1.179,1.179,1.179,1.179,1.179,1.179,1.173,1.173,1.145,1.141,1.141,1.141,1.139,1.139,1.139,1.139,1.139,1.139,1.139,1.139,1.139,1.139,1.139,1.141,1.139,1.139,1.139,1.14,1.262
RGI60-16.01303,1.317,1.317,1.317,1.317,1.317,1.317,1.317,1.317,1.317,1.317,1.317,1.317,1.317,1.317,1.317,1.317,0.735,0.735,0.735,0.902,0.902,0.902,0.902,0.902,0.902,0.902,0.902,0.895,0.895,0.857,0.851,0.851,0.851,0.849,0.849,0.849,0.849,0.849,0.849,0.849,0.849,0.849,0.849,0.849,0.851,0.849,0.849,0.849,0.85,1.005
RGI60-16.01304,1.288,1.288,1.288,1.288,1.288,1.288,1.288,1.288,1.288,1.288,1.288,1.288,1.288,1.288,1.288,1.288,0.682,0.682,0.682,0.859,0.859,0.859,0.859,0.859,0.859,0.859,0.859,0.852,0.852,0.813,0.806,0.806,0.806,0.803,0.803,0.803,0.803,0.803,0.803,0.803,0.803,0.803,0.803,0.803,0.806,0.803,0.803,0.803,0.805,0.967
RGI60-16.01305,1.312,1.312,1.312,1.312,1.312,1.312,1.312,1.312,1.312,1.312,1.312,1.312,1.312,1.312,1.312,1.312,0.721,0.721,0.721,0.891,0.891,0.891,0.891,0.891,0.891,0.891,0.891,0.884,0.884,0.847,0.841,0.841,0.841,0.838,0.838,0.838,0.838,0.838,0.838,0.838,0.838,0.838,0.838,0.838,0.841,0.838,0.838,0.838,0.84,1.0
RGI60-16.01306,1.313,1.313,1.313,1.313,1.313,1.313,1.313,1.313,1.313,1.313,1.313,1.313,1.313,1.313,1.313,1.313,1.0,1.0,1.0,0.938,0.938,0.938,0.938,0.938,0.938,0.938,0.938,0.939,0.939,0.915,0.902,0.902,0.902,0.899,0.899,0.899,0.899,0.899,0.899,0.899,0.899,0.899,0.899,0.899,0.902,0.899,0.899,0.899,0.905,0.925
RGI60-16.01307,1.2,1.2,1.2,1.2,1.2,1.2,1.2,1.2,1.2,1.2,1.2,1.2,1.2,1.2,1.2,1.2,0.847,0.847,0.847,0.773,0.773,0.773,0.773,0.773,0.773,0.773,0.773,0.773,0.773,0.745,0.728,0.728,0.728,0.725,0.725,0.725,0.725,0.725,0.725,0.725,0.725,0.725,0.725,0.725,0.728,0.725,0.725,0.725,0.732,0.756
RGI60-16.01308,1.203,1.203,1.203,1.203,1.203,1.203,1.203,1.203,1.203,1.203,1.203,1.203,1.203,1.203,1.203,1.203,0.851,0.851,0.851,0.791,0.791,0.791,0.791,0.791,0.791,0.791,0.791,0.792,0.792,0.761,0.744,0.744,0.744,0.74,0.74,0.74,0.74,0.74,0.74,0.74,0.74,0.74,0.74,0.74,0.744,0.74,0.74,0.74,0.748,0.774
RGI60-16.01309,1.196,1.196,1.196,1.196,1.196,1.196,1.196,1.196,1.196,1.196,1.196,1.196,1.196,1.196,1.196,1.196,0.84,0.84,0.84,0.783,0.783,0.783,0.783,0.783,0.783,0.783,0.783,0.783,0.783,0.751,0.734,0.734,0.734,0.73,0.73,0.73,0.73,0.73,0.73,0.73,0.73,0.73,0.73,0.73,0.734,0.73,0.73,0.73,0.738,0.764
RGI60-16.01310,1.214,1.214,1.214,1.214,1.214,1.214,1.214,1.214,1.214,1.214,1.214,1.214,1.214,1.214,1.214,1.214,0.866,0.866,0.866,0.808,0.808,0.808,0.808,0.808,0.808,0.808,0.808,0.808,0.808,0.778,0.761,0.761,0.761,0.757,0.757,0.757,0.757,0.757,0.757,0.757,0.757,0.757,0.757,0.757,0.761,0.757,0.757,0.757,0.765,0.79
RGI60-16.01311,1.194,1.194,1.194,1.194,1.194,1.194,1.194,1.194,1.194,1.194,1.194,1.194,1.194,1.194,1.194,1.194,0.838,0.838,0.838,0.778,0.778,0.778,0.778,0.778,0.778,0.778,0.778,0.778,0.778,0.747,0.729,0.729,0.729,0.726,0.726,0.726,0.726,0.726,0.726,0.726,0.726,0.726,0.726,0.726,0.729,0.726,0.726,0.726,0.733,0.76
RGI60-16.01312,1.191,1.191,1.191,1.191,1.191,1.191,1.191,1.191,1.191,1.191,1.191,1.191,1.191,1.191,1.191,1.191,0.833,0.833,0.833,0.774,0.774,0.774,0.774,0.774,0.774,0.774,0.774,0.775,0.775,0.743,0.725,0.725,0.725,0.721,0.721,0.721,0.721,0.721,0.721,0.721,0.721,0.721,0.721,0.721,0.725,0.721,0.721,0.721,0.729,0.756
RGI60-16.01313,1.193,1.193,1.193,1.193,1.193,1.193,1.193,1.193,1.193,1.193,1.193,1.193,1.193,1.193,1.193,1.193,0.836,0.836,0.836,0.779,0.779,0.779,0.779,0.779,0.779,0.779,0.779,0.779,0.779,0.748,0.73,0.73,0.73,0.726,0.726,0.726,0.726,0.726,0.726,0.726,0.726,0.726,0.726,0.726,0.73,0.726,0.726,0.726,0.734,0.76
RGI60-16.01314,2.712,2.712,2.712,2.712,2.712,2.712,2.712,2.712,2.712,2.712,2.712,2.712,2.712,2.712,2.712,2.712,2.575,2.575,2.575,2.557,2.557,2.557,2.557,2.557,2.557,2.557,2.557,2.557,2.557,2.548,2.542,2.542,2.542,2.541,2.541,2.541,2.541,2.541,2.541,2.541,2.541,2.541,2.541,2.541,2.542,2.541,2.541,2.541,2.544,2.551
RGI60-16.01315,2.53,2.53,2.53,2.53,2.53,2.53,2.53,2.53,2.53,2.53,2.53,2.53,2.53,2.53,2.53,2.53,2.383,2.383,2.383,2.363,2.363,2.363,2.363,2.363,2.363,2.363,2.363,2.363,2.363,2.353,2.347,2.347,2.347,2.346,2.346,2.346,2.346,2.346,2.346,2.346,2.346,2.346,2.346,2.346,2.347,2.346,2.346,2.346,2.349,2.357
RGI60-16.01316,1.608,1.608,1.608,1.608,1.608,1.608,1.608,1.608,1.608,1.608,1.608,1.608,1.608,1.608,1.608,1.608,1.365,1.365,1.365,1.33,1.33,1.33,1.33,1.33,1.33,1.33,1.33,1.33,1.33,1.312,1.302,1.302,1.302,1.299,1.299,1.299,1.299,1.299,1.299,1.299,1.299,1.299,1.299,1.299,1.302,1.299,1.299,1.299,1.304,1.319
RGI60-16.01317,1.188,1.188,1.188,1.188,1.188,1.188,1.188,1.188,1.188,1.188,1.188,1.188,1.188,1.188,1.188,1.188,0.829,0.829,0.829,0.77,0.77,0.77,0.77,0.77,0.77,0.77,0.77,0.771,0.771,0.739,0.721,0.721,0.721,0.717,0.717,0.717,0.717,0.717,0.717,0.717,0.717,0.717,0.717,0.717,0.721,0.717,0.717,0.717,0.725,0.752
RGI60-16.01318,1.284,1.284,1.284,1.284,1.284,1.284,1.284,1.284,1.284,1.284,1.284,1.284,1.284,1.284,1.284,1.284,0.963,0.963,0.963,0.904,0.904,0.904,0.904,0.904,0.904,0.904,0.904,0.905,0.905,0.879,0.865,0.865,0.865,0.862,0.862,0.862,0.862,0.862,0.862,0.862,0.862,0.862,0.862,0.862,0.865,0.862,0.862,0.862,0.868,0.89
RGI60-16.01319,1.212,1.212,1.212,1.212,1.212,1.212,1.212,1.212,1.212,1.212,1.212,1.212,1.212,1.212,1.212,1.212,0.863,0.863,0.863,0.798,0.798,0.798,0.798,0.798,0.798,0.798,0.798,0.798,0.798,0.769,0.753,0.753,0.753,0.749,0.749,0.749,0.749,0.749,0.749,0.749,0.749,0.749,0.749,0.749,0.753,0.749,0.749,0.749,0.757,0.781
RGI60-16.01320,2.417,2.417,2.417,2.417,2.417,2.417,2.417,2.417,2.417,2.417,2.417,2.417,2.417,2.417,2.417,2.417,2.263,2.263,2.263,2.238,2.238,2.238,2.238,2.238,2.238,2.238,2.238,2.238,2.238,2.228,2.223,2.223,2.223,2.222,2.222,2.222,2.222,2.222,2.222,2.222,2.222,2.222,2.222,2.222,2.223,2.222,2.222,2.222,2.224,2.232
RGI60-16.01321,1.213,1.213,1.213,1.213,1.213,1.213,1.213,1.213,1.213,1.213,1.213,1.213,1.213,1.213,1.213,1.213,0.865,0.865,0.865,0.799,0.799,0.799,0.799,0.799,0.799,0.799,0.799,0.8,0.8,0.771,0.754,0.754,0.754,0.751,0.751,0.751,0.751,0.751,0.751,0.751,0.751,0.751,0.751,0.751,0.754,0.751,0.751,0.751,0.758,0.783
RGI60-16.01322,1.201,1.201,1.201,1.201,1.201,1.201,1.201,1.201,1.201,1.201,1.201,1.201,1.201,1.201,1.201,1.201,0.849,0.849,0.849,0.782,0.782,0.782,0.782,0.782,0.782,0.782,0.782,0.783,0.783,0.753,0.736,0.736,0.736,0.732,0.732,0.732,0.732,0.732,0.732,0.732,0.732,0.732,0.732,0.732,0.736,0.732,0.732,0.732,0.74,0.765
RGI60-16.01323,1.28,1.28,1.28,1.28,1.28,1.28,1.28,1.28,1.28,1.28,1.28,1.28,1.28,1.28,1.28,1.28,0.699,0.699,0.699,0.838,0.838,0.838,0.838,0.838,0.838,0.838,0.838,0.831,0.831,0.723,0.712,0.712,0.712,0.706,0.706,0.706,0.706,0.706,0.706,0.706,0.706,0.706,0.706,0.706,0.712,0.706,0.706,0.706,0.711,0.866
RGI60-16.01324,1.316,1.316,1.316,1.316,1.316,1.316,1.316,1.316,1.316,1.316,1.316,1.316,1.316,1.316,1.316,1.316,1.004,1.004,1.004,0.806,0.806,0.806,0.806,0.806,0.806,0.806,0.806,0.807,0.807,0.798,0.793,0.793,0.793,0.792,0.792,0.792,0.792,0.792,0.792,0.792,0.792,0.792,0.792,0.792,0.793,0.792,0.792,0.792,0.794,0.802
RGI60-16.01325,1.28,1.28,1.28,1.28,1.28,1.28,1.28,1.28,1.28,1.28,1.28,1.28,1.28,1.28,1.28,1.28,0.699,0.699,0.699,0.838,0.838,0.838,0.838,0.838,0.838,0.838,0.838,0.831,0.831,0.723,0.712,0.712,0.712,0.706,0.706,0.706,0.706,0.706,0.706,0.706,0.706,0.706,0.706,0.706,0.712,0.706,0.706,0.706,0.711,0.866
RGI60-16.01326,1.301,1.301,1.301,1.301,1.301,1.301,1.301,1.301,1.301,1.301,1.301,1.301,1.301,1.301,1.301,1.301,0.984,0.984,0.984,0.778,0.778,0.778,0.778,0.778,0.778,0.778,0.778,0.779,0.779,0.771,0.766,0.766,0.766,0.765,0.765,0.765,0.765,0.765,0.765,0.765,0.765,0.765,0.765,0.765,0.766,0.765,0.765,0.765,0.767,0.774
RGI60-16.01327,1.509,1.509,1.509,1.509,1.509,1.509,1.509,1.509,1.509,1.509,1.509,1.509,1.509,1.509,1.509,1.509,1.246,1.246,1.246,1.092,1.092,1.092,1.092,1.092,1.092,1.092,1.092,1.092,1.092,1.086,1.083,1.083,1.083,1.082,1.082,1.082,1.082,1.082,1.082,1.082,1.082,1.082,1.082,1.082,1.083,1.082,1.082,1.082,1.083,1.089
RGI60-16.01328,1.37,1.37,1.37,1.37,1.37,1.37,1.37,1.37,1.37,1.37,1.37,1.37,1.37,1.37,1.37,1.37,1.074,1.074,1.074,0.888,0.888,0.888,0.888,0.888,0.888,0.888,0.888,0.889,0.889,0.881,0.877,0.877,0.877,0.876,0.876,0.876,0.876,0.876,0.876,0.876,0.876,0.876,0.876,0.876,0.877,0.876,0.876,0.876,0.878,0.884
RGI60-16.01329,1.355,1.355,1.355,1.355,1.355,1.355,1.355,1.355,1.355,1.355,1.355,1.355,1.355,1.355,1.355,1.355,1.055,1.055,1.055,0.88,0.88,0.88,0.88,0.88,0.88,0.88,0.88,0.881,0.881,0.872,0.867,0.867,0.867,0.865,0.865,0.865,0.865,0.865,0.865,0.865,0.865,0.865,0.865,0.865,0.867,0.865,0.865,0.865,0.868,0.875
RGI60-16.01330,1.248,1.248,1.248,1.248,1.248,1.248,1.248,1.248,1.248,1.248,1.248,1.248,1.248,1.248,1.248,1.248,0.913,0.913,0.913,0.701,0.701,0.701,0.701,0.701,0.701,0.701,0.701,0.702,0.702,0.691,0.685,0.685,0.685,0.683,0.683,0.683,0.683,0.683,0.683,0.683,0.683,0.683,0.683,0.683,0.685,0.683,0.683,0.683,0.686,0.696
RGI60-16.01336,1.193,1.193,1.193,1.193,1.193,1.193,1.193,1.193,1.193,1.193,1.193,1.193,1.193,1.193,1.193,1.193,0.836,0.836,0.836,0.678,0.678,0.678,0.678,0.678,0.678,0.678,0.678,0.68,0.68,0.662,0.648,0.648,0.648,0.645,0.645,0.645,0.645,0.645,0.645,0.645,0.645,0.645,0.645,0.645,0.648,0.645,0.645,0.645,0.652,0.669
RGI60-16.01337,1.188,1.188,1.188,1.188,1.188,1.188,1.188,1.188,1.188,1.188,1.188,1.188,1.188,1.188,1.188,1.188,0.829,0.829,0.829,0.327,0.327,0.327,0.327,0.327,0.327,0.327,0.327,0.327,0.327,0.326,0.324,0.324,0.324,0.324,0.324,0.324,0.324,0.324,0.324,0.324,0.324,0.324,0.324,0.324,0.324,0.324,0.324,0.324,0.325,0.326
RGI60-16.01338,1.198,1.198,1.198,1.198,1.198,1.198,1.198,1.198,1.198,1.198,1.198,1.198,1.198,1.198,1.198,1.198,0.844,0.844,0.844,0.377,0.377,0.377,0.377,0.377,0.377,0.377,0.377,0.377,0.377,0.375,0.374,0.374,0.374,0.373,0.373,0.373,0.373,0.373,0.373,0.373,0.373,0.373,0.373,0.373,0.374,0.373,0.373,0.373,0.374,0.376
RGI60-16.01339,1.186,1.186,1.186,1.186,1.186,1.186,1.186,1.186,1.186,1.186,1.186,1.186,1.186,1.186,1.186,1.186,0.827,0.827,0.827,0.311,0.311,0.311,0.311,0.311,0.311,0.311,0.311,0.311,0.311,0.31,0.309,0.309,0.309,0.308,0.308,0.308,0.308,0.308,0.308,0.308,0.308,0.308,0.308,0.308,0.309,0.308,0.308,0.308,0.309,0.31
RGI60-16.01340,1.294,1.294,1.294,1.294,1.294,1.294,1.294,1.294,1.294,1.294,1.294,1.294,1.294,1.294,1.294,1.294,0.976,0.976,0.976,0.801,0.801,0.801,0.801,0.801,0.801,0.801,0.801,0.802,0.802,0.793,0.782,0.782,0.782,0.78,0.78,0.78,0.78,0.78,0.78,0.78,0.78,0.78,0.78,0.78,0.782,0.78,0.78,0.78,0.785,0.798
RGI60-16.01341,1.281,1.281,1.281,1.281,1.281,1.281,1.281,1.281,1.281,1.281,1.281,1.281,1.281,1.281,1.281,1.281,0.958,0.958,0.958,0.808,0.808,0.808,0.808,0.808,0.808,0.808,0.808,0.809,0.809,0.797,0.783,0.783,0.783,0.78,0.78,0.78,0.78,0.78,0.78,0.78,0.78,0.78,0.78,0.78,0.783,0.78,0.78,0.78,0.786,0.803
RGI60-16.01342,1.205,1.205,1.205,1.205,1.205,1.205,1.205,1.205,1.205,1.205,1.205,1.205,1.205,1.205,1.205,1.205,0.854,0.854,0.854,0.678,0.678,0.678,0.678,0.678,0.678,0.678,0.678,0.679,0.679,0.666,0.649,0.649,0.649,0.645,0.645,0.645,0.645,0.645,0.645,0.645,0.645,0.645,0.645,0.645,0.649,0.645,0.645,0.645,0.653,0.673
RGI60-16.01343,1.204,1.204,1.204,1.204,1.204,1.204,1.204,1.204,1.204,1.204,1.204,1.204,1.204,1.204,1.204,1.204,0.852,0.852,0.852,0.677,0.677,0.677,0.677,0.677,0.677,0.677,0.677,0.678,0.678,0.664,0.647,0.647,0.647,0.644,0.644,0.644,0.644,0.644,0.644,0.644,0.644,0.644,0.644,0.644,0.647,0.644,0.644,0.644,0.652,0.672
RGI60-16.01344,1.192,1.192,1.192,1.192,1.192,1.192,1.192,1.192,1.192,1.192,1.192,1.192,1.192,1.192,1.192,1.192,0.836,0.836,0.836,0.656,0.656,0.656,0.656,0.656,0.656,0.656,0.656,0.657,0.657,0.643,0.626,0.626,0.626,0.622,0.622,0.622,0.622,0.622,0.622,0.622,0.622,0.622,0.622,0.622,0.626,0.622,0.622,0.622,0.63,0.651
RGI60-16.01345,1.193,1.193,1.193,1.193,1.193,1.193,1.193,1.193,1.193,1.193,1.193,1.193,1.193,1.193,1.193,1.193,0.836,0.836,0.836,0.651,0.651,0.651,0.651,0.651,0.651,0.651,0.651,0.652,0.652,0.638,0.621,0.621,0.621,0.618,0.618,0.618,0.618,0.618,0.618,0.618,0.618,0.618,0.618,0.618,0.621,0.618,0.618,0.618,0.626,0.646
RGI60-16.01346,1.196,1.196,1.196,1.196,1.196,1.196,1.196,1.196,1.196,1.196,1.196,1.196,1.196,1.196,1.196,1.196,0.841,0.841,0.841,0.664,0.664,0.664,0.664,0.664,0.664,0.664,0.664,0.666,0.666,0.652,0.634,0.634,0.634,0.631,0.631,0.631,0.631,0.631,0.631,0.631,0.631,0.631,0.631,0.631,0.634,0.631,0.631,0.631,0.639,0.659
RGI60-16.01347,1.309,1.309,1.309,1.309,1.309,1.309,1.309,1.309,1.309,1.309,1.309,1.309,1.309,1.309,1.309,1.309,0.961,0.961,0.961,0.995,0.995,0.995,0.995,0.995,0.995,0.995,0.995,0.994,0.994,0.97,0.879,0.879,0.879,0.864,0.864,0.864,0.864,0.864,0.864,0.864,0.864,0.864,0.864,0.864,0.879,0.864,0.864,0.864,0.91,0.992
RGI60-16.01348,1.28,1.28,1.28,1.28,1.28,1.28,1.28,1.28,1.28,1.28,1.28,1.28,1.28,1.28,1.28,1.28,0.699,0.699,0.699,0.838,0.838,0.838,0.838,0.838,0.838,0.838,0.838,0.831,0.831,0.723,0.712,0.712,0.712,0.706,0.706,0.706,0.706,0.706,0.706,0.706,0.706,0.706,0.706,0.706,0.712,0.706,0.706,0.706,0.711,0.866
RGI60-16.01349,1.28,1.28,1.28,1.28,1.28,1.28,1.28,1.28,1.28,1.28,1.28,1.28,1.28,1.28,1.28,1.28,0.699,0.699,0.699,0.838,0.838,0.838,0.838,0.838,0.838,0.838,0.838,0.831,0.831,0.723,0.712,0.712,0.712,0.706,0.706,0.706,0.706,0.706,0.706,0.706,0.706,0.706,0.706,0.706,0.712,0.706,0.706,0.706,0.711,0.866
RGI60-16.01350,1.346,1.346,1.346,1.346,1.346,1.346,1.346,1.346,1.346,1.346,1.346,1.346,1.346,1.346,1.346,1.346,1.011,1.011,1.011,1.043,1.043,1.043,1.043,1.043,1.043,1.043,1.043,1.042,1.042,1.019,0.934,0.934,0.934,0.919,0.919,0.919,0.919,0.919,0.919,0.919,0.919,0.919,0.919,0.919,0.934,0.919,0.919,0.919,0.962,1.041
RGI60-16.01351,1.273,1.273,1.273,1.273,1.273,1.273,1.273,1.273,1.273,1.273,1.273,1.273,1.273,1.273,1.273,1.273,0.911,0.911,0.911,0.947,0.947,0.947,0.947,0.947,0.947,0.947,0.947,0.946,0.946,0.92,0.824,0.824,0.824,0.807,0.807,0.807,0.807,0.807,0.807,0.807,0.807,0.807,0.807,0.807,0.824,0.807,0.807,0.807,0.857,0.944
RGI60-16.01352,1.324,1.324,1.324,1.324,1.324,1.324,1.324,1.324,1.324,1.324,1.324,1.324,1.324,1.324,1.324,1.324,0.953,0.953,0.953,1.014,1.014,1.014,1.014,1.014,1.014,1.014,1.014,1.013,1.013,0.988,0.635,0.635,0.635,0.632,0.632,0.632,0.632,0.632,0.632,0.632,0.632,0.632,0.632,0.632,0.635,0.632,0.632,0.632,0.899,1.015
RGI60-16.01353,1.347,1.347,1.347,1.347,1.347,1.347,1.347,1.347,1.347,1.347,1.347,1.347,1.347,1.347,1.347,1.347,0.984,0.984,0.984,1.043,1.043,1.043,1.043,1.043,1.043,1.043,1.043,1.042,1.042,1.019,0.683,0.683,0.683,0.68,0.68,0.68,0.68,0.68,0.68,0.68,0.68,0.68,0.68,0.68,0.683,0.68,0.68,0.68,0.932,1.045
RGI60-16.01354,1.265,1.265,1.265,1.265,1.265,1.265,1.265,1.265,1.265,1.265,1.265,1.265,1.265,1.265,1.265,1.265,0.868,0.868,0.868,0.935,0.935,0.935,0.935,0.935,0.935,0.935,0.935,0.933,0.933,0.907,0.502,0.502,0.502,0.497,0.497,0.497,0.497,0.497,0.497,0.497,0.497,0.497,0.497,0.497,0.502,0.497,0.497,0.497,0.809,0.936
RGI60-16.01355,1.263,1.263,1.263,1.263,1.263,1.263,1.263,1.263,1.263,1.263,1.263,1.263,1.263,1.263,1.263,1.263,0.863,0.863,0.863,0.932,0.932,0.932,0.932,0.932,0.932,0.932,0.932,0.93,0.93,0.904,0.343,0.343,0.343,0.342,0.342,0.342,0.342,0.342,0.342,0.342,0.342,0.342,0.342,0.342,0.343,0.342,0.342,0.342,0.804,0.933
RGI60-16.01356,1.264,1.264,1.264,1.264,1.264,1.264,1.264,1.264,1.264,1.264,1.264,1.264,1.264,1.264,1.264,1.264,0.863,0.863,0.863,0.933,0.933,0.933,0.933,0.933,0.933,0.933,0.933,0.932,0.932,0.905,0.44,0.44,0.44,0.437,0.437,0.437,0.437,0.437,0.437,0.437,0.437,0.437,0.437,0.437,0.44,0.437,0.437,0.437,0.803,0.935
RGI60-16.01357,1.284,1.284,1.284,1.284,1.284,1.284,1.284,1.284,1.284,1.284,1.284,1.284,1.284,1.284,1.284,1.284,0.893,0.893,0.893,0.96,0.96,0.96,0.96,0.96,0.96,0.96,0.96,0.959,0.959,0.933,0.5,0.5,0.5,0.496,0.496,0.496,0.496,0.496,0.496,0.496,0.496,0.496,0.496,0.496,0.5,0.496,0.496,0.496,0.834,0.962
RGI60-16.01358,1.356,1.356,1.356,1.356,1.356,1.356,1.356,1.356,1.356,1.356,1.356,1.356,1.356,1.356,1.356,1.356,0.993,0.993,0.993,1.054,1.054,1.054,1.054,1.054,1.054,1.054,1.054,1.053,1.053,1.03,0.66,0.66,0.66,0.658,0.658,0.658,0.658,0.658,0.658,0.658,0.658,0.658,0.658,0.658,0.66,0.658,0.658,0.658,0.941,1.056
RGI60-16.01359,1.255,1.255,1.255,1.255,1.255,1.255,1.255,1.255,1.255,1.255,1.255,1.255,1.255,1.255,1.255,1.255,0.851,0.851,0.851,0.921,0.921,0.921,0.921,0.921,0.921,0.921,0.921,0.92,0.92,0.893,0.404,0.404,0.404,0.401,0.401,0.401,0.401,0.401,0.401,0.401,0.401,0.401,0.401,0.401,0.404,0.401,0.401,0.401,0.79,0.924
RGI60-16.01360,1.335,1.335,1.335,1.335,1.335,1.335,1.335,1.335,1.335,1.335,1.335,1.335,1.335,1.335,1.335,1.335,0.92,0.92,0.92,1.021,1.021,1.021,1.021,1.021,1.021,1.021,1.021,1.019,1.019,0.994,0.894,0.894,0.894,0.563,0.563,0.563,0.563,0.563,0.563,0.563,0.563,0.563,0.563,0.563,0.894,0.563,0.563,0.563,0.566,1.03
RGI60-16.01361,1.298,1.298,1.298,1.298,1.298,1.298,1.298,1.298,1.298,1.298,1.298,1.298,1.298,1.298,1.298,1.298,0.865,0.865,0.865,0.972,0.972,0.972,0.972,0.972,0.972,0.972,0.972,0.97,0.97,0.944,0.838,0.838,0.838,0.461,0.461,0.461,0.461,0.461,0.461,0.461,0.461,0.461,0.461,0.461,0.838,0.461,0.461,0.461,0.465,0.981
RGI60-16.01362,1.34,1.34,1.34,1.34,1.34,1.34,1.34,1.34,1.34,1.34,1.34,1.34,1.34,1.34,1.34,1.34,0.927,0.927,0.927,1.028,1.028,1.028,1.028,1.028,1.028,1.028,1.028,1.026,1.026,1.001,0.902,0.902,0.902,0.568,0.568,0.568,0.568,0.568,0.568,0.568,0.568,0.568,0.568,0.568,0.902,0.568,0.568,0.568,0.57,1.036
RGI60-16.01363,1.289,1.289,1.289,1.289,1.289,1.289,1.289,1.289,1.289,1.289,1.289,1.289,1.289,1.289,1.289,1.289,0.852,0.852,0.852,0.96,0.96,0.96,0.96,0.96,0.96,0.96,0.96,0.958,0.958,0.931,0.824,0.824,0.824,0.429,0.429,0.429,0.429,0.429,0.429,0.429,0.429,0.429,0.429,0.429,0.824,0.429,0.429,0.429,0.433,0.969
RGI60-16.01364,1.224,1.224,1.224,1.224,1.224,1.224,1.224,1.224,1.224,1.224,1.224,1.224,1.224,1.224,1.224,1.224,0.88,0.88,0.88,0.84,0.84,0.84,0.84,0.84,0.84,0.84,0.84,0.84,0.84,0.806,0.789,0.789,0.789,0.786,0.786,0.786,0.786,0.786,0.786,0.786,0.786,0.786,0.786,0.786,0.789,0.786,0.786,0.786,0.793,0.819
RGI60-16.01365,1.293,1.293,1.293,1.293,1.293,1.293,1.293,1.293,1.293,1.293,1.293,1.293,1.293,1.293,1.293,1.293,0.856,0.856,0.856,0.965,0.965,0.965,0.965,0.965,0.965,0.965,0.965,0.963,0.963,0.936,0.829,0.829,0.829,0.413,0.413,0.413,0.413,0.413,0.413,0.413,0.413,0.413,0.413,0.413,0.829,0.413,0.413,0.413,0.416,0.973
RGI60-16.01366,1.297,1.297,1.297,1.297,1.297,1.297,1.297,1.297,1.297,1.297,1.297,1.297,1.297,1.297,1.297,1.297,0.863,0.863,0.863,0.971,0.971,0.971,0.971,0.971,0.971,0.971,0.971,0.969,0.969,0.942,0.836,0.836,0.836,0.42,0.42,0.42,0.42,0.42,0.42,0.42,0.42,0.42,0.42,0.42,0.836,0.42,0.42,0.42,0.423,0.98
RGI60-16.01367,1.293,1.293,1.293,1.293,1.293,1.293,1.293,1.293,1.293,1.293,1.293,1.293,1.293,1.293,1.293,1.293,0.856,0.856,0.856,0.965,0.965,0.965,0.965,0.965,0.965,0.965,0.965,0.963,0.963,0.936,0.829,0.829,0.829,0.392,0.392,0.392,0.392,0.392,0.392,0.392,0.392,0.392,0.392,0.392,0.829,0.392,0.392,0.392,0.394,0.974
RGI60-16.01368,1.299,1.299,1.299,1.299,1.299,1.299,1.299,1.299,1.299,1.299,1.299,1.299,1.299,1.299,1.299,1.299,0.865,0.865,0.865,0.973,0.973,0.973,0.973,0.973,0.973,0.973,0.973,0.971,0.971,0.944,0.839,0.839,0.839,0.406,0.406,0.406,0.406,0.406,0.406,0.406,0.406,0.406,0.406,0.406,0.839,0.406,0.406,0.406,0.408,0.982
RGI60-16.01369,1.303,1.303,1.303,1.303,1.303,1.303,1.303,1.303,1.303,1.303,1.303,1.303,1.303,1.303,1.303,1.303,0.871,0.871,0.871,0.979,0.979,0.979,0.979,0.979,0.979,0.979,0.979,0.977,0.977,0.95,0.845,0.845,0.845,0.421,0.421,0.421,0.421,0.421,0.421,0.421,0.421,0.421,0.421,0.421,0.845,0.421,0.421,0.421,0.422,0.987
RGI60-16.01370,1.35,1.35,1.35,1.35,1.35,1.35,1.35,1.35,1.35,1.35,1.35,1.35,1.35,1.35,1.35,1.35,0.941,0.941,0.941,1.041,1.041,1.041,1.041,1.041,1.041,1.041,1.041,1.039,1.039,1.014,0.917,0.917,0.917,0.544,0.544,0.544,0.544,0.544,0.544,0.544,0.544,0.544,0.544,0.544,0.917,0.544,0.544,0.544,0.545,1.049
RGI60-16.01371,1.318,1.318,1.318,1.318,1.318,1.318,1.318,1.318,1.318,1.318,1.318,1.318,1.318,1.318,1.318,1.318,0.893,0.893,0.893,0.998,0.998,0.998,0.998,0.998,0.998,0.998,0.998,0.996,0.996,0.97,0.867,0.867,0.867,0.419,0.419,0.419,0.419,0.419,0.419,0.419,0.419,0.419,0.419,0.419,0.867,0.419,0.419,0.419,0.42,1.006
RGI60-16.01372,1.329,1.329,1.329,1.329,1.329,1.329,1.329,1.329,1.329,1.329,1.329,1.329,1.329,1.329,1.329,1.329,0.91,0.91,0.91,1.013,1.013,1.013,1.013,1.013,1.013,1.013,1.013,1.011,1.011,0.986,0.885,0.885,0.885,0.497,0.497,0.497,0.497,0.497,0.497,0.497,0.497,0.497,0.497,0.497,0.885,0.497,0.497,0.497,0.499,1.022
RGI60-16.01373,1.298,1.298,1.298,1.298,1.298,1.298,1.298,1.298,1.298,1.298,1.298,1.298,1.298,1.298,1.298,1.298,0.864,0.864,0.864,0.972,0.972,0.972,0.972,0.972,0.972,0.972,0.972,0.969,0.969,0.943,0.837,0.837,0.837,0.415,0.415,0.415,0.415,0.415,0.415,0.415,0.415,0.415,0.415,0.415,0.837,0.415,0.415,0.415,0.417,0.98
RGI60-16.01374,1.292,1.292,1.292,1.292,1.292,1.292,1.292,1.292,1.292,1.292,1.292,1.292,1.292,1.292,1.292,1.292,0.856,0.856,0.856,0.964,0.964,0.964,0.964,0.964,0.964,0.964,0.964,0.962,0.962,0.935,0.829,0.829,0.829,0.383,0.383,0.383,0.383,0.383,0.383,0.383,0.383,0.383,0.383,0.383,0.829,0.383,0.383,0.383,0.385,0.973
RGI60-16.01375,1.311,1.311,1.311,1.311,1.311,1.311,1.311,1.311,1.311,1.311,1.311,1.311,1.311,1.311,1.311,1.311,0.884,0.884,0.884,0.989,0.989,0.989,0.989,0.989,0.989,0.989,0.989,0.987,0.987,0.961,0.858,0.858,0.858,0.428,0.428,0.428,0.428,0.428,0.428,0.428,0.428,0.428,0.428,0.428,0.858,0.428,0.428,0.428,0.429,0.998
RGI60-16.01376,1.343,1.343,1.343,1.343,1.343,1.343,1.343,1.343,1.343,1.343,1.343,1.343,1.343,1.343,1.343,1.343,0.93,0.93,0.93,1.032,1.032,1.032,1.032,1.032,1.032,1.032,1.032,1.03,1.03,1.004,0.906,0.906,0.906,0.504,0.504,0.504,0.504,0.504,0.504,0.504,0.504,0.504,0.504,0.504,0.906,0.504,0.504,0.504,0.504,1.04
RGI60-16.01377,1.29,1.29,1.29,1.29,1.29,1.29,1.29,1.29,1.29,1.29,1.29,1.29,1.29,1.29,1.29,1.29,0.853,0.853,0.853,0.962,0.962,0.962,0.962,0.962,0.962,0.962,0.962,0.96,0.96,0.933,0.826,0.826,0.826,0.366,0.366,0.366,0.366,0.366,0.366,0.366,0.366,0.366,0.366,0.366,0.826,0.366,0.366,0.366,0.368,0.971
RGI60-16.01378,1.336,1.336,1.336,1.336,1.336,1.336,1.336,1.336,1.336,1.336,1.336,1.336,1.336,1.336,1.336,1.336,0.919,0.919,0.919,1.022,1.022,1.022,1.022,1.022,1.022,1.022,1.022,1.02,1.02,0.994,0.895,0.895,0.895,0.458,0.458,0.458,0.458,0.458,0.458,0.458,0.458,0.458,0.458,0.458,0.895,0.458,0.458,0.458,0.459,1.03
RGI60-16.01379,1.33,1.33,1.33,1.33,1.33,1.33,1.33,1.33,1.33,1.33,1.33,1.33,1.33,1.33,1.33,1.33,0.911,0.911,0.911,1.014,1.014,1.014,1.014,1.014,1.014,1.014,1.014,1.013,1.013,0.987,0.886,0.886,0.886,0.449,0.449,0.449,0.449,0.449,0.449,0.449,0.449,0.449,0.449,0.449,0.886,0.449,0.449,0.449,0.45,1.023
RGI60-16.01380,1.314,1.314,1.314,1.314,1.314,1.314,1.314,1.314,1.314,1.314,1.314,1.314,1.314,1.314,1.314,1.314,0.888,0.888,0.888,0.993,0.993,0.993,0.993,0.993,0.993,0.993,0.993,0.991,0.991,0.965,0.862,0.862,0.862,0.448,0.448,0.448,0.448,0.448,0.448,0.448,0.448,0.448,0.448,0.448,0.862,0.448,0.448,0.448,0.449,1.002
RGI60-16.01381,1.291,1.291,1.291,1.291,1.291,1.291,1.291,1.291,1.291,1.291,1.291,1.291,1.291,1.291,1.291,1.291,0.854,0.854,0.854,0.963,0.963,0.963,0.963,0.963,0.963,0.963,0.963,0.961,0.961,0.934,0.827,0.827,0.827,0.354,0.354,0.354,0.354,0.354,0.354,0.354,0.354,0.354,0.354,0.354,0.827,0.354,0.354,0.354,0.355,0.972
RGI60-16.01382,1.29,1.29,1.29,1.29,1.29,1.29,1.29,1.29,1.29,1.29,1.29,1.29,1.29,1.29,1.29,1.29,0.852,0.852,0.852,0.962,0.962,0.962,0.962,0.962,0.962,0.962,0.962,0.959,0.959,0.932,0.825,0.825,0.825,0.306,0.306,0.306,0.306,0.306,0.306,0.306,0.306,0.306,0.306,0.306,0.825,0.306,0.306,0.306,0.307,0.97
RGI60-16.01383,1.29,1.29,1.29,1.29,1.29,1.29,1.29,1.29,1.29,1.29,1.29,1.29,1.29,1.29,1.29,1.29,0.851,0.851,0.851,0.961,0.961,0.961,0.961,0.961,0.961,0.961,0.961,0.959,0.959,0.931,0.824,0.824,0.824,0.3,0.3,0.3,0.3,0.3,0.3,0.3,0.3,0.3,0.3,0.3,0.824,0.3,0.3,0.3,0.301,0.969
RGI60-16.01384,1.299,1.299,1.299,1.299,1.299,1.299,1.299,1.299,1.299,1.299,1.299,1.299,1.299,1.299,1.299,1.299,0.866,0.866,0.866,0.974,0.974,0.974,0.974,0.974,0.974,0.974,0.974,0.972,0.972,0.945,0.839,0.839,0.839,0.364,0.364,0.364,0.364,0.364,0.364,0.364,0.364,0.364,0.364,0.364,0.839,0.364,0.364,0.364,0.365,0.982
RGI60-16.01385,1.303,1.303,1.303,1.303,1.303,1.303,1.303,1.303,1.303,1.303,1.303,1.303,1.303,1.303,1.303,1.303,0.871,0.871,0.871,0.979,0.979,0.979,0.979,0.979,0.979,0.979,0.979,0.977,0.977,0.95,0.846,0.846,0.846,0.395,0.395,0.395,0.395,0.395,0.395,0.395,0.395,0.395,0.395,0.395,0.846,0.395,0.395,0.395,0.396,0.988
RGI60-16.01386,1.293,1.293,1.293,1.293,1.293,1.293,1.293,1.293,1.293,1.293,1.293,1.293,1.293,1.293,1.293,1.293,0.856,0.856,0.856,0.965,0.965,0.965,0.965,0.965,0.965,0.965,0.965,0.963,0.963,0.936,0.83,0.83,0.83,0.347,0.347,0.347,0.347,0.347,0.347,0.347,0.347,0.347,0.347,0.347,0.83,0.347,0.347,0.347,0.348,0.974
RGI60-16.01387,1.269,1.269,1.269,1.269,1.269,1.269,1.269,1.269,1.269,1.269,1.269,1.269,1.269,1.269,1.269,1.269,0.942,0.942,0.942,0.929,0.929,0.929,0.929,0.929,0.929,0.929,0.929,0.929,0.929,0.892,0.876,0.876,0.876,0.872,0.872,0.872,0.872,0.872,0.872,0.872,0.872,0.872,0.872,0.872,0.876,0.872,0.872,0.872,0.879,0.906
RGI60-16.01388,1.396,1.396,1.396,1.396,1.396,1.396,1.396,1.396,1.396,1.396,1.396,1.396,1.396,1.396,1.396,1.396,0.979,0.979,0.979,1.096,1.096,1.096,1.096,1.096,1.096,1.096,1.096,1.094,1.094,1.07,0.99,0.99,0.99,0.916,0.916,0.916,0.916,0.916,0.916,0.916,0.916,0.916,0.916,0.916,0.99,0.916,0.916,0.916,0.935,1.108
RGI60-16.01389,1.39,1.39,1.39,1.39,1.39,1.39,1.39,1.39,1.39,1.39,1.39,1.39,1.39,1.39,1.39,1.39,0.971,0.971,0.971,1.088,1.088,1.088,1.088,1.088,1.088,1.088,1.088,1.086,1.086,1.062,0.981,0.981,0.981,0.907,0.907,0.907,0.907,0.907,0.907,0.907,0.907,0.907,0.907,0.907,0.981,0.907,0.907,0.907,0.925,1.1
RGI60-16.01390,1.34,1.34,1.34,1.34,1.34,1.34,1.34,1.34,1.34,1.34,1.34,1.34,1.34,1.34,1.34,1.34,0.896,0.896,0.896,1.023,1.023,1.023,1.023,1.023,1.023,1.023,1.023,1.02,1.02,0.994,0.908,0.908,0.908,0.828,0.828,0.828,0.828,0.828,0.828,0.828,0.828,0.828,0.828,0.828,0.908,0.828,0.828,0.828,0.848,1.035
RGI60-16.01391,1.329,1.329,1.329,1.329,1.329,1.329,1.329,1.329,1.329,1.329,1.329,1.329,1.329,1.329,1.329,1.329,0.88,0.88,0.88,1.009,1.009,1.009,1.009,1.009,1.009,1.009,1.009,1.007,1.007,0.98,0.892,0.892,0.892,0.811,0.811,0.811,0.811,0.811,0.811,0.811,0.811,0.811,0.811,0.811,0.892,0.811,0.811,0.811,0.831,1.022
RGI60-16.01392,1.39,1.39,1.39,1.39,1.39,1.39,1.39,1.39,1.39,1.39,1.39,1.39,1.39,1.39,1.39,1.39,0.967,0.967,0.967,1.089,1.089,1.089,1.089,1.089,1.089,1.089,1.089,1.087,1.087,1.063,0.982,0.982,0.982,0.929,0.929,0.929,0.929,0.929,0.929,0.929,0.929,0.929,0.929,0.929,0.982,0.929,0.929,0.929,0.953,1.1
RGI60-16.01393,1.341,1.341,1.341,1.341,1.341,1.341,1.341,1.341,1.341,1.341,1.341,1.341,1.341,1.341,1.341,1.341,0.895,0.895,0.895,1.025,1.025,1.025,1.025,1.025,1.025,1.025,1.025,1.023,1.023,0.997,0.91,0.91,0.91,0.854,0.854,0.854,0.854,0.854,0.854,0.854,0.854,0.854,0.854,0.854,0.91,0.854,0.854,0.854,0.88,1.037
RGI60-16.01394,1.193,1.193,1.193,1.193,1.193,1.193,1.193,1.193,1.193,1.193,1.193,1.193,1.193,1.193,1.193,1.193,0.836,0.836,0.836,0.79,0.79,0.79,0.79,0.79,0.79,0.79,0.79,0.79,0.79,0.756,0.738,0.738,0.738,0.734,0.734,0.734,0.734,0.734,0.734,0.734,0.734,0.734,0.734,0.734,0.738,0.734,0.734,0.734,0.742,0.769
RGI60-16.01395,1.219,1.219,1.219,1.219,1.219,1.219,1.219,1.219,1.219,1.219,1.219,1.219,1.219,1.219,1.219,1.219,0.874,0.874,0.874,0.829,0.829,0.829,0.829,0.829,0.829,0.829,0.829,0.829,0.829,0.796,0.779,0.779,0.779,0.776,0.776,0.776,0.776,0.776,0.776,0.776,0.776,0.776,0.776,0.776,0.779,0.776,0.776,0.776,0.783,0.809
RGI60-16.01396,1.538,1.538,1.538,1.538,1.538,1.538,1.538,1.538,1.538,1.538,1.538,1.538,1.538,1.538,1.538,1.538,1.169,1.169,1.169,1.272,1.272,1.272,1.272,1.272,1.272,1.272,1.272,1.271,1.271,1.25,1.182,1.182,1.182,1.139,1.139,1.139,1.139,1.139,1.139,1.139,1.139,1.139,1.139,1.139,1.182,1.139,1.139,1.139,1.158,1.282
RGI60-16.01397,1.374,1.374,1.374,1.374,1.374,1.374,1.374,1.374,1.374,1.374,1.374,1.374,1.374,1.374,1.374,1.374,0.943,0.943,0.943,1.068,1.068,1.068,1.068,1.068,1.068,1.068,1.068,1.067,1.067,1.042,0.959,0.959,0.959,0.906,0.906,0.906,0.906,0.906,0.906,0.906,0.906,0.906,0.906,0.906,0.959,0.906,0.906,0.906,0.93,1.08
RGI60-16.01398,1.343,1.343,1.343,1.343,1.343,1.343,1.343,1.343,1.343,1.343,1.343,1.343,1.343,1.343,1.343,1.343,0.897,0.897,0.897,1.028,1.028,1.028,1.028,1.028,1.028,1.028,1.028,1.026,1.026,1.0,0.913,0.913,0.913,0.857,0.857,0.857,0.857,0.857,0.857,0.857,0.857,0.857,0.857,0.857,0.913,0.857,0.857,0.857,0.883,1.039
RGI60-16.01399,1.352,1.352,1.352,1.352,1.352,1.352,1.352,1.352,1.352,1.352,1.352,1.352,1.352,1.352,1.352,1.352,0.91,0.91,0.91,1.039,1.039,1.039,1.039,1.039,1.039,1.039,1.039,1.037,1.037,1.011,0.926,0.926,0.926,0.871,0.871,0.871,0.871,0.871,0.871,0.871,0.871,0.871,0.871,0.871,0.926,0.871,0.871,0.871,0.896,1.051
RGI60-16.01400,1.342,1.342,1.342,1.342,1.342,1.342,1.342,1.342,1.342,1.342,1.342,1.342,1.342,1.342,1.342,1.342,0.895,0.895,0.895,1.026,1.026,1.026,1.026,1.026,1.026,1.026,1.026,1.024,1.024,0.998,0.911,0.911,0.911,0.855,0.855,0.855,0.855,0.855,0.855,0.855,0.855,0.855,0.855,0.855,0.911,0.855,0.855,0.855,0.881,1.038
RGI60-16.01401,1.343,1.343,1.343,1.343,1.343,1.343,1.343,1.343,1.343,1.343,1.343,1.343,1.343,1.343,1.343,1.343,0.898,0.898,0.898,1.028,1.028,1.028,1.028,1.028,1.028,1.028,1.028,1.026,1.026,1.0,0.914,0.914,0.914,0.858,0.858,0.858,0.858,0.858,0.858,0.858,0.858,0.858,0.858,0.858,0.914,0.858,0.858,0.858,0.883,1.04
RGI60-16.01402,1.342,1.342,1.342,1.342,1.342,1.342,1.342,1.342,1.342,1.342,1.342,1.342,1.342,1.342,1.342,1.342,0.896,0.896,0.896,1.027,1.027,1.027,1.027,1.027,1.027,1.027,1.027,1.025,1.025,0.999,0.912,0.912,0.912,0.856,0.856,0.856,0.856,0.856,0.856,0.856,0.856,0.856,0.856,0.856,0.912,0.856,0.856,0.856,0.882,1.039
RGI60-16.01403,1.327,1.327,1.327,1.327,1.327,1.327,1.327,1.327,1.327,1.327,1.327,1.327,1.327,1.327,1.327,1.327,0.873,0.873,0.873,1.006,1.006,1.006,1.006,1.006,1.006,1.006,1.006,1.005,1.005,0.978,0.89,0.89,0.89,0.832,0.832,0.832,0.832,0.832,0.832,0.832,0.832,0.832,0.832,0.832,0.89,0.832,0.832,0.832,0.858,1.018
RGI60-16.01404,1.328,1.328,1.328,1.328,1.328,1.328,1.328,1.328,1.328,1.328,1.328,1.328,1.328,1.328,1.328,1.328,0.875,0.875,0.875,1.008,1.008,1.008,1.008,1.008,1.008,1.008,1.008,1.006,1.006,0.98,0.892,0.892,0.892,0.834,0.834,0.834,0.834,0.834,0.834,0.834,0.834,0.834,0.834,0.834,0.892,0.834,0.834,0.834,0.86,1.02
RGI60-16.01405,1.229,1.229,1.229,1.229,1.229,1.229,1.229,1.229,1.229,1.229,1.229,1.229,1.229,1.229,1.229,1.229,0.888,0.888,0.888,0.873,0.873,0.873,0.873,0.873,0.873,0.873,0.873,0.873,0.873,0.834,0.816,0.816,0.816,0.812,0.812,0.812,0.812,0.812,0.812,0.812,0.812,0.812,0.812,0.812,0.816,0.812,0.812,0.812,0.82,0.848
RGI60-16.01406,1.222,1.222,1.222,1.222,1.222,1.222,1.222,1.222,1.222,1.222,1.222,1.222,1.222,1.222,1.222,1.222,0.877,0.877,0.877,0.863,0.863,0.863,0.863,0.863,0.863,0.863,0.863,0.862,0.862,0.823,0.805,0.805,0.805,0.801,0.801,0.801,0.801,0.801,0.801,0.801,0.801,0.801,0.801,0.801,0.805,0.801,0.801,0.801,0.809,0.838
RGI60-16.01407,1.438,1.438,1.438,1.438,1.438,1.438,1.438,1.438,1.438,1.438,1.438,1.438,1.438,1.438,1.438,1.438,1.034,1.034,1.034,1.149,1.149,1.149,1.149,1.149,1.149,1.149,1.149,1.148,1.148,1.125,1.049,1.049,1.049,1.0,1.0,1.0,1.0,1.0,1.0,1.0,1.0,1.0,1.0,1.0,1.049,1.0,1.0,1.0,1.023,1.16
RGI60-16.01408,1.334,1.334,1.334,1.334,1.334,1.334,1.334,1.334,1.334,1.334,1.334,1.334,1.334,1.334,1.334,1.334,0.883,0.883,0.883,1.015,1.015,1.015,1.015,1.015,1.015,1.015,1.015,1.014,1.014,0.987,0.9,0.9,0.9,0.843,0.843,0.843,0.843,0.843,0.843,0.843,0.843,0.843,0.843,0.843,0.9,0.843,0.843,0.843,0.869,1.027
RGI60-16.01409,1.336,1.336,1.336,1.336,1.336,1.336,1.336,1.336,1.336,1.336,1.336,1.336,1.336,1.336,1.336,1.336,0.886,0.886,0.886,1.018,1.018,1.018,1.018,1.018,1.018,1.018,1.018,1.016,1.016,0.99,0.903,0.903,0.903,0.846,0.846,0.846,0.846,0.846,0.846,0.846,0.846,0.846,0.846,0.846,0.903,0.846,0.846,0.846,0.873,1.03
RGI60-16.01410,1.326,1.326,1.326,1.326,1.326,1.326,1.326,1.326,1.326,1.326,1.326,1.326,1.326,1.326,1.326,1.326,0.872,0.872,0.872,1.005,1.005,1.005,1.005,1.005,1.005,1.005,1.005,1.003,1.003,0.977,0.888,0.888,0.888,0.831,0.831,0.831,0.831,0.831,0.831,0.831,0.831,0.831,0.831,0.831,0.888,0.831,0.831,0.831,0.857,1.017
RGI60-16.01411,1.324,1.324,1.324,1.324,1.324,1.324,1.324,1.324,1.324,1.324,1.324,1.324,1.324,1.324,1.324,1.324,0.869,0.869,0.869,1.003,1.003,1.003,1.003,1.003,1.003,1.003,1.003,1.001,1.001,0.974,0.885,0.885,0.885,0.828,0.828,0.828,0.828,0.828,0.828,0.828,0.828,0.828,0.828,0.828,0.885,0.828,0.828,0.828,0.854,1.015
RGI60-16.01412,1.342,1.342,1.342,1.342,1.342,1.342,1.342,1.342,1.342,1.342,1.342,1.342,1.342,1.342,1.342,1.342,0.896,0.896,0.896,1.027,1.027,1.027,1.027,1.027,1.027,1.027,1.027,1.025,1.025,0.999,0.912,0.912,0.912,0.856,0.856,0.856,0.856,0.856,0.856,0.856,0.856,0.856,0.856,0.856,0.912,0.856,0.856,0.856,0.882,1.038
RGI60-16.01413,1.329,1.329,1.329,1.329,1.329,1.329,1.329,1.329,1.329,1.329,1.329,1.329,1.329,1.329,1.329,1.329,0.877,0.877,0.877,1.01,1.01,1.01,1.01,1.01,1.01,1.01,1.01,1.008,1.008,0.982,0.893,0.893,0.893,0.836,0.836,0.836,0.836,0.836,0.836,0.836,0.836,0.836,0.836,0.836,0.893,0.836,0.836,0.836,0.863,1.022
RGI60-16.01414,1.324,1.324,1.324,1.324,1.324,1.324,1.324,1.324,1.324,1.324,1.324,1.324,1.324,1.324,1.324,1.324,0.869,0.869,0.869,1.003,1.003,1.003,1.003,1.003,1.003,1.003,1.003,1.001,1.001,0.974,0.885,0.885,0.885,0.828,0.828,0.828,0.828,0.828,0.828,0.828,0.828,0.828,0.828,0.828,0.885,0.828,0.828,0.828,0.854,1.015
RGI60-16.01415,1.438,1.438,1.438,1.438,1.438,1.438,1.438,1.438,1.438,1.438,1.438,1.438,1.438,1.438,1.438,1.438,1.035,1.035,1.035,1.15,1.15,1.15,1.15,1.15,1.15,1.15,1.15,1.148,1.148,1.125,1.049,1.049,1.049,1.001,1.001,1.001,1.001,1.001,1.001,1.001,1.001,1.001,1.001,1.001,1.049,1.001,1.001,1.001,1.023,1.16
RGI60-16.01416,1.327,1.327,1.327,1.327,1.327,1.327,1.327,1.327,1.327,1.327,1.327,1.327,1.327,1.327,1.327,1.327,0.874,0.874,0.874,1.007,1.007,1.007,1.007,1.007,1.007,1.007,1.007,1.005,1.005,0.978,0.89,0.89,0.89,0.833,0.833,0.833,0.833,0.833,0.833,0.833,0.833,0.833,0.833,0.833,0.89,0.833,0.833,0.833,0.859,1.019
RGI60-16.01417,1.341,1.341,1.341,1.341,1.341,1.341,1.341,1.341,1.341,1.341,1.341,1.341,1.341,1.341,1.341,1.341,0.895,0.895,0.895,1.025,1.025,1.025,1.025,1.025,1.025,1.025,1.025,1.023,1.023,0.997,0.911,0.911,0.911,0.855,0.855,0.855,0.855,0.855,0.855,0.855,0.855,0.855,0.855,0.855,0.911,0.855,0.855,0.855,0.881,1.037
RGI60-16.01418,1.436,1.436,1.436,1.436,1.436,1.436,1.436,1.436,1.436,1.436,1.436,1.436,1.436,1.436,1.436,1.436,1.031,1.031,1.031,1.146,1.146,1.146,1.146,1.146,1.146,1.146,1.146,1.145,1.145,1.121,1.045,1.045,1.045,0.997,0.997,0.997,0.997,0.997,0.997,0.997,0.997,0.997,0.997,0.997,1.045,0.997,0.997,0.997,1.019,1.157
RGI60-16.01419,1.323,1.323,1.323,1.323,1.323,1.323,1.323,1.323,1.323,1.323,1.323,1.323,1.323,1.323,1.323,1.323,0.867,0.867,0.867,1.001,1.001,1.001,1.001,1.001,1.001,1.001,1.001,0.999,0.999,0.973,0.884,0.884,0.884,0.826,0.826,0.826,0.826,0.826,0.826,0.826,0.826,0.826,0.826,0.826,0.884,0.826,0.826,0.826,0.853,1.013
RGI60-16.01420,1.325,1.325,1.325,1.325,1.325,1.325,1.325,1.325,1.325,1.325,1.325,1.325,1.325,1.325,1.325,1.325,0.87,0.87,0.87,1.004,1.004,1.004,1.004,1.004,1.004,1.004,1.004,1.002,1.002,0.976,0.887,0.887,0.887,0.83,0.83,0.83,0.83,0.83,0.83,0.83,0.83,0.83,0.83,0.83,0.887,0.83,0.83,0.83,0.856,1.016
RGI60-16.01421,1.377,1.377,1.377,1.377,1.377,1.377,1.377,1.377,1.377,1.377,1.377,1.377,1.377,1.377,1.377,1.377,0.948,0.948,0.948,1.072,1.072,1.072,1.072,1.072,1.072,1.072,1.072,1.07,1.07,1.045,0.963,0.963,0.963,0.91,0.91,0.91,0.91,0.91,0.91,0.91,0.91,0.91,0.91,0.91,0.963,0.91,0.91,0.91,0.935,1.083
RGI60-16.01422,1.405,1.405,1.405,1.405,1.405,1.405,1.405,1.405,1.405,1.405,1.405,1.405,1.405,1.405,1.405,1.405,0.988,0.988,0.988,1.108,1.108,1.108,1.108,1.108,1.108,1.108,1.108,1.106,1.106,1.082,1.003,1.003,1.003,0.953,0.953,0.953,0.953,0.953,0.953,0.953,0.953,0.953,0.953,0.953,1.003,0.953,0.953,0.953,0.976,1.119
RGI60-16.01423,1.229,1.229,1.229,1.229,1.229,1.229,1.229,1.229,1.229,1.229,1.229,1.229,1.229,1.229,1.229,1.229,0.888,0.888,0.888,0.841,0.841,0.841,0.841,0.841,0.841,0.841,0.841,0.842,0.842,0.81,0.793,0.793,0.793,0.79,0.79,0.79,0.79,0.79,0.79,0.79,0.79,0.79,0.79,0.79,0.793,0.79,0.79,0.79,0.797,0.823
RGI60-16.01424,1.349,1.349,1.349,1.349,1.349,1.349,1.349,1.349,1.349,1.349,1.349,1.349,1.349,1.349,1.349,1.349,1.047,1.047,1.047,1.008,1.008,1.008,1.008,1.008,1.008,1.008,1.008,1.008,1.008,0.982,0.968,0.968,0.968,0.965,0.965,0.965,0.965,0.965,0.965,0.965,0.965,0.965,0.965,0.965,0.968,0.965,0.965,0.965,0.971,0.992
RGI60-16.01425,1.344,1.344,1.344,1.344,1.344,1.344,1.344,1.344,1.344,1.344,1.344,1.344,1.344,1.344,1.344,1.344,0.899,0.899,0.899,1.029,1.029,1.029,1.029,1.029,1.029,1.029,1.029,1.028,1.028,1.002,0.916,0.916,0.916,0.86,0.86,0.86,0.86,0.86,0.86,0.86,0.86,0.86,0.86,0.86,0.916,0.86,0.86,0.86,0.886,1.041
RGI60-16.01426,1.335,1.335,1.335,1.335,1.335,1.335,1.335,1.335,1.335,1.335,1.335,1.335,1.335,1.335,1.335,1.335,0.885,0.885,0.885,1.017,1.017,1.017,1.017,1.017,1.017,1.017,1.017,1.015,1.015,0.989,0.902,0.902,0.902,0.845,0.845,0.845,0.845,0.845,0.845,0.845,0.845,0.845,0.845,0.845,0.902,0.845,0.845,0.845,0.872,1.029
RGI60-16.01427,1.35,1.35,1.35,1.35,1.35,1.35,1.35,1.35,1.35,1.35,1.35,1.35,1.35,1.35,1.35,1.35,0.908,0.908,0.908,1.037,1.037,1.037,1.037,1.037,1.037,1.037,1.037,1.035,1.035,1.009,0.924,0.924,0.924,0.869,0.869,0.869,0.869,0.869,0.869,0.869,0.869,0.869,0.869,0.869,0.924,0.869,0.869,0.869,0.895,1.049
RGI60-16.01428,1.468,1.468,1.468,1.468,1.468,1.468,1.468,1.468,1.468,1.468,1.468,1.468,1.468,1.468,1.468,1.468,1.075,1.075,1.075,1.186,1.186,1.186,1.186,1.186,1.186,1.186,1.186,1.185,1.185,1.162,1.089,1.089,1.089,1.043,1.043,1.043,1.043,1.043,1.043,1.043,1.043,1.043,1.043,1.043,1.089,1.043,1.043,1.043,1.065,1.197
RGI60-16.01429,1.48,1.48,1.48,1.48,1.48,1.48,1.48,1.48,1.48,1.48,1.48,1.48,1.48,1.48,1.48,1.48,1.092,1.092,1.092,1.202,1.202,1.202,1.202,1.202,1.202,1.202,1.202,1.2,1.2,1.178,1.106,1.106,1.106,1.061,1.061,1.061,1.061,1.061,1.061,1.061,1.061,1.061,1.061,1.061,1.106,1.061,1.061,1.061,1.082,1.212
RGI60-16.01430,1.255,1.255,1.255,1.255,1.255,1.255,1.255,1.255,1.255,1.255,1.255,1.255,1.255,1.255,1.255,1.255,0.923,0.923,0.923,0.909,0.909,0.909,0.909,0.909,0.909,0.909,0.909,0.908,0.908,0.871,0.854,0.854,0.854,0.85,0.85,0.85,0.85,0.85,0.85,0.85,0.85,0.85,0.85,0.85,0.854,0.85,0.85,0.85,0.858,0.885
RGI60-16.01431,1.205,1.205,1.205,1.205,1.205,1.205,1.205,1.205,1.205,1.205,1.205,1.205,1.205,1.205,1.205,1.205,0.854,0.854,0.854,0.839,0.839,0.839,0.839,0.839,0.839,0.839,0.839,0.838,0.838,0.798,0.779,0.779,0.779,0.775,0.775,0.775,0.775,0.775,0.775,0.775,0.775,0.775,0.775,0.775,0.779,0.775,0.775,0.775,0.783,0.813
RGI60-16.01432,1.199,1.199,1.199,1.199,1.199,1.199,1.199,1.199,1.199,1.199,1.199,1.199,1.199,1.199,1.199,1.199,0.846,0.846,0.846,0.817,0.817,0.817,0.817,0.817,0.817,0.817,0.817,0.816,0.816,0.779,0.761,0.761,0.761,0.756,0.756,0.756,0.756,0.756,0.756,0.756,0.756,0.756,0.756,0.756,0.761,0.756,0.756,0.756,0.764,0.793
RGI60-16.01433,1.201,1.201,1.201,1.201,1.201,1.201,1.201,1.201,1.201,1.201,1.201,1.201,1.201,1.201,1.201,1.201,0.848,0.848,0.848,0.819,0.819,0.819,0.819,0.819,0.819,0.819,0.819,0.818,0.818,0.781,0.763,0.763,0.763,0.759,0.759,0.759,0.759,0.759,0.759,0.759,0.759,0.759,0.759,0.759,0.763,0.759,0.759,0.759,0.767,0.796
RGI60-16.01434,1.198,1.198,1.198,1.198,1.198,1.198,1.198,1.198,1.198,1.198,1.198,1.198,1.198,1.198,1.198,1.198,0.844,0.844,0.844,0.814,0.814,0.814,0.814,0.814,0.814,0.814,0.814,0.813,0.813,0.776,0.758,0.758,0.758,0.753,0.753,0.753,0.753,0.753,0.753,0.753,0.753,0.753,0.753,0.753,0.758,0.753,0.753,0.753,0.761,0.791
RGI60-16.01435,1.191,1.191,1.191,1.191,1.191,1.191,1.191,1.191,1.191,1.191,1.191,1.191,1.191,1.191,1.191,1.191,0.834,0.834,0.834,0.803,0.803,0.803,0.803,0.803,0.803,0.803,0.803,0.803,0.803,0.765,0.747,0.747,0.747,0.742,0.742,0.742,0.742,0.742,0.742,0.742,0.742,0.742,0.742,0.742,0.747,0.742,0.742,0.742,0.751,0.78
RGI60-16.01436,1.198,1.198,1.198,1.198,1.198,1.198,1.198,1.198,1.198,1.198,1.198,1.198,1.198,1.198,1.198,1.198,0.844,0.844,0.844,0.815,0.815,0.815,0.815,0.815,0.815,0.815,0.815,0.814,0.814,0.777,0.758,0.758,0.758,0.754,0.754,0.754,0.754,0.754,0.754,0.754,0.754,0.754,0.754,0.754,0.758,0.754,0.754,0.754,0.762,0.791
RGI60-16.01437,1.229,1.229,1.229,1.229,1.229,1.229,1.229,1.229,1.229,1.229,1.229,1.229,1.229,1.229,1.229,1.229,0.887,0.887,0.887,0.839,0.839,0.839,0.839,0.839,0.839,0.839,0.839,0.839,0.839,0.808,0.792,0.792,0.792,0.788,0.788,0.788,0.788,0.788,0.788,0.788,0.788,0.788,0.788,0.788,0.792,0.788,0.788,0.788,0.795,0.821
RGI60-16.01438,1.384,1.384,1.384,1.384,1.384,1.384,1.384,1.384,1.384,1.384,1.384,1.384,1.384,1.384,1.384,1.384,1.092,1.092,1.092,1.054,1.054,1.054,1.054,1.054,1.054,1.054,1.054,1.054,1.054,1.03,1.017,1.017,1.017,1.014,1.014,1.014,1.014,1.014,1.014,1.014,1.014,1.014,1.014,1.014,1.017,1.014,1.014,1.014,1.019,1.039
RGI60-16.01439,1.22,1.22,1.22,1.22,1.22,1.22,1.22,1.22,1.22,1.22,1.22,1.22,1.22,1.22,1.22,1.22,0.874,0.874,0.874,0.822,0.822,0.822,0.822,0.822,0.822,0.822,0.822,0.822,0.822,0.791,0.775,0.775,0.775,0.771,0.771,0.771,0.771,0.771,0.771,0.771,0.771,0.771,0.771,0.771,0.775,0.771,0.771,0.771,0.778,0.804
RGI60-16.01440,1.28,1.28,1.28,1.28,1.28,1.28,1.28,1.28,1.28,1.28,1.28,1.28,1.28,1.28,1.28,1.28,0.957,0.957,0.957,0.911,0.911,0.911,0.911,0.911,0.911,0.911,0.911,0.911,0.911,0.883,0.868,0.868,0.868,0.865,0.865,0.865,0.865,0.865,0.865,0.865,0.865,0.865,0.865,0.865,0.868,0.865,0.865,0.865,0.871,0.894
RGI60-16.01441,1.352,1.352,1.352,1.352,1.352,1.352,1.352,1.352,1.352,1.352,1.352,1.352,1.352,1.352,1.352,1.352,1.052,1.052,1.052,1.01,1.01,1.01,1.01,1.01,1.01,1.01,1.01,1.01,1.01,0.985,0.971,0.971,0.971,0.968,0.968,0.968,0.968,0.968,0.968,0.968,0.968,0.968,0.968,0.968,0.971,0.968,0.968,0.968,0.974,0.995
RGI60-16.01442,1.19,1.19,1.19,1.19,1.19,1.19,1.19,1.19,1.19,1.19,1.19,1.19,1.19,1.19,1.19,1.19,0.832,0.832,0.832,0.777,0.777,0.777,0.777,0.777,0.777,0.777,0.777,0.777,0.777,0.744,0.726,0.726,0.726,0.722,0.722,0.722,0.722,0.722,0.722,0.722,0.722,0.722,0.722,0.722,0.726,0.722,0.722,0.722,0.73,0.757
RGI60-16.01443,1.189,1.189,1.189,1.189,1.189,1.189,1.189,1.189,1.189,1.189,1.189,1.189,1.189,1.189,1.189,1.189,0.831,0.831,0.831,0.778,0.778,0.778,0.778,0.778,0.778,0.778,0.778,0.778,0.778,0.744,0.727,0.727,0.727,0.723,0.723,0.723,0.723,0.723,0.723,0.723,0.723,0.723,0.723,0.723,0.727,0.723,0.723,0.723,0.73,0.758
RGI60-16.01444,1.202,1.202,1.202,1.202,1.202,1.202,1.202,1.202,1.202,1.202,1.202,1.202,1.202,1.202,1.202,1.202,0.85,0.85,0.85,0.795,0.795,0.795,0.795,0.795,0.795,0.795,0.795,0.795,0.795,0.763,0.746,0.746,0.746,0.742,0.742,0.742,0.742,0.742,0.742,0.742,0.742,0.742,0.742,0.742,0.746,0.742,0.742,0.742,0.75,0.776
RGI60-16.01445,1.219,1.219,1.219,1.219,1.219,1.219,1.219,1.219,1.219,1.219,1.219,1.219,1.219,1.219,1.219,1.219,0.873,0.873,0.873,0.863,0.863,0.863,0.863,0.863,0.863,0.863,0.863,0.862,0.862,0.821,0.804,0.804,0.804,0.799,0.799,0.799,0.799,0.799,0.799,0.799,0.799,0.799,0.799,0.799,0.804,0.799,0.799,0.799,0.807,0.836
RGI60-16.01446,1.377,1.377,1.377,1.377,1.377,1.377,1.377,1.377,1.377,1.377,1.377,1.377,1.377,1.377,1.377,1.377,0.762,0.762,0.762,0.972,0.972,0.972,0.972,0.972,0.972,0.972,0.972,0.965,0.965,0.941,0.931,0.931,0.931,0.926,0.926,0.926,0.926,0.926,0.926,0.926,0.926,0.926,0.926,0.926,0.931,0.926,0.926,0.926,0.929,1.083
RGI60-16.01447,1.341,1.341,1.341,1.341,1.341,1.341,1.341,1.341,1.341,1.341,1.341,1.341,1.341,1.341,1.341,1.341,0.385,0.385,0.385,0.469,0.469,0.469,0.469,0.469,0.469,0.469,0.469,0.424,0.424,0.423,0.423,0.423,0.423,0.423,0.423,0.423,0.423,0.423,0.423,0.423,0.423,0.423,0.423,0.423,0.423,0.423,0.423,0.423,0.423,1.037
RGI60-16.01448,1.364,1.364,1.364,1.364,1.364,1.364,1.364,1.364,1.364,1.364,1.364,1.364,1.364,1.364,1.364,1.364,0.456,0.456,0.456,0.526,0.526,0.526,0.526,0.526,0.526,0.526,0.526,0.482,0.482,0.482,0.482,0.482,0.482,0.482,0.482,0.482,0.482,0.482,0.482,0.482,0.482,0.482,0.482,0.482,0.482,0.482,0.482,0.482,0.482,1.067
RGI60-16.01449,1.344,1.344,1.344,1.344,1.344,1.344,1.344,1.344,1.344,1.344,1.344,1.344,1.344,1.344,1.344,1.344,0.443,0.443,0.443,0.545,0.545,0.545,0.545,0.545,0.545,0.545,0.545,0.534,0.534,0.533,0.532,0.532,0.532,0.532,0.532,0.532,0.532,0.532,0.532,0.532,0.532,0.532,0.532,0.532,0.532,0.532,0.532,0.532,0.532,1.041
RGI60-16.01450,1.321,1.321,1.321,1.321,1.321,1.321,1.321,1.321,1.321,1.321,1.321,1.321,1.321,1.321,1.321,1.321,0.613,0.613,0.613,0.787,0.787,0.787,0.787,0.787,0.787,0.787,0.787,0.778,0.778,0.759,0.755,0.755,0.755,0.753,0.753,0.753,0.753,0.753,0.753,0.753,0.753,0.753,0.753,0.753,0.755,0.753,0.753,0.753,0.755,1.011
RGI60-16.01451,1.33,1.33,1.33,1.33,1.33,1.33,1.33,1.33,1.33,1.33,1.33,1.33,1.33,1.33,1.33,1.33,0.641,0.641,0.641,0.811,0.811,0.811,0.811,0.811,0.811,0.811,0.811,0.802,0.802,0.783,0.779,0.779,0.779,0.777,0.777,0.777,0.777,0.777,0.777,0.777,0.777,0.777,0.777,0.777,0.779,0.777,0.777,0.777,0.778,1.022
RGI60-16.01452,1.389,1.389,1.389,1.389,1.389,1.389,1.389,1.389,1.389,1.389,1.389,1.389,1.389,1.389,1.389,1.389,0.754,0.754,0.754,0.903,0.903,0.903,0.903,0.903,0.903,0.903,0.903,0.895,0.895,0.878,0.874,0.874,0.874,0.872,0.872,0.872,0.872,0.872,0.872,0.872,0.872,0.872,0.872,0.872,0.874,0.872,0.872,0.872,0.874,1.098
RGI60-16.01453,1.584,1.584,1.584,1.584,1.584,1.584,1.584,1.584,1.584,1.584,1.584,1.584,1.584,1.584,1.584,1.584,1.072,1.072,1.072,1.181,1.181,1.181,1.181,1.181,1.181,1.181,1.181,1.175,1.175,1.162,1.16,1.16,1.16,1.158,1.158,1.158,1.158,1.158,1.158,1.158,1.158,1.158,1.158,1.158,1.16,1.158,1.158,1.158,1.159,1.337
RGI60-16.01454,1.339,1.339,1.339,1.339,1.339,1.339,1.339,1.339,1.339,1.339,1.339,1.339,1.339,1.339,1.339,1.339,0.66,0.66,0.66,0.827,0.827,0.827,0.827,0.827,0.827,0.827,0.827,0.817,0.817,0.799,0.795,0.795,0.795,0.793,0.793,0.793,0.793,0.793,0.793,0.793,0.793,0.793,0.793,0.793,0.795,0.793,0.793,0.793,0.794,1.034
RGI60-16.01455,1.349,1.349,1.349,1.349,1.349,1.349,1.349,1.349,1.349,1.349,1.349,1.349,1.349,1.349,1.349,1.349,0.679,0.679,0.679,0.842,0.842,0.842,0.842,0.842,0.842,0.842,0.842,0.833,0.833,0.815,0.811,0.811,0.811,0.809,0.809,0.809,0.809,0.809,0.809,0.809,0.809,0.809,0.809,0.809,0.811,0.809,0.809,0.809,0.81,1.047
RGI60-16.01456,1.359,1.359,1.359,1.359,1.359,1.359,1.359,1.359,1.359,1.359,1.359,1.359,1.359,1.359,1.359,1.359,0.721,0.721,0.721,0.929,0.929,0.929,0.929,0.929,0.929,0.929,0.929,0.921,0.921,0.897,0.889,0.889,0.889,0.884,0.884,0.884,0.884,0.884,0.884,0.884,0.884,0.884,0.884,0.884,0.889,0.884,0.884,0.884,0.887,1.059
RGI60-16.01457,1.29,1.29,1.29,1.29,1.29,1.29,1.29,1.29,1.29,1.29,1.29,1.29,1.29,1.29,1.29,1.29,0.675,0.675,0.675,0.86,0.86,0.86,0.86,0.86,0.86,0.86,0.86,0.852,0.852,0.812,0.806,0.806,0.806,0.804,0.804,0.804,0.804,0.804,0.804,0.804,0.804,0.804,0.804,0.804,0.806,0.804,0.804,0.804,0.805,0.969
RGI60-16.01458,1.433,1.433,1.433,1.433,1.433,1.433,1.433,1.433,1.433,1.433,1.433,1.433,1.433,1.433,1.433,1.433,0.919,0.919,0.919,1.063,1.063,1.063,1.063,1.063,1.063,1.063,1.063,1.057,1.057,1.024,1.02,1.02,1.02,1.018,1.018,1.018,1.018,1.018,1.018,1.018,1.018,1.018,1.018,1.018,1.02,1.018,1.018,1.018,1.019,1.153
RGI60-16.01459,1.39,1.39,1.39,1.39,1.39,1.39,1.39,1.39,1.39,1.39,1.39,1.39,1.39,1.39,1.39,1.39,0.851,0.851,0.851,1.004,1.004,1.004,1.004,1.004,1.004,1.004,1.004,0.998,0.998,0.964,0.959,0.959,0.959,0.957,0.957,0.957,0.957,0.957,0.957,0.957,0.957,0.957,0.957,0.957,0.959,0.957,0.957,0.957,0.958,1.1
RGI60-16.01460,1.289,1.289,1.289,1.289,1.289,1.289,1.289,1.289,1.289,1.289,1.289,1.289,1.289,1.289,1.289,1.289,0.674,0.674,0.674,0.859,0.859,0.859,0.859,0.859,0.859,0.859,0.859,0.852,0.852,0.812,0.806,0.806,0.806,0.803,0.803,0.803,0.803,0.803,0.803,0.803,0.803,0.803,0.803,0.803,0.806,0.803,0.803,0.803,0.805,0.969
RGI60-16.01461,1.291,1.291,1.291,1.291,1.291,1.291,1.291,1.291,1.291,1.291,1.291,1.291,1.291,1.291,1.291,1.291,0.678,0.678,0.678,0.863,0.863,0.863,0.863,0.863,0.863,0.863,0.863,0.855,0.855,0.815,0.809,0.809,0.809,0.807,0.807,0.807,0.807,0.807,0.807,0.807,0.807,0.807,0.807,0.807,0.809,0.807,0.807,0.807,0.808,0.972
RGI60-16.01462,1.32,1.32,1.32,1.32,1.32,1.32,1.32,1.32,1.32,1.32,1.32,1.32,1.32,1.32,1.32,1.32,0.731,0.731,0.731,0.905,0.905,0.905,0.905,0.905,0.905,0.905,0.905,0.898,0.898,0.86,0.854,0.854,0.854,0.852,0.852,0.852,0.852,0.852,0.852,0.852,0.852,0.852,0.852,0.852,0.854,0.852,0.852,0.852,0.853,1.009
RGI60-16.01463,1.293,1.293,1.293,1.293,1.293,1.293,1.293,1.293,1.293,1.293,1.293,1.293,1.293,1.293,1.293,1.293,0.681,0.681,0.681,0.865,0.865,0.865,0.865,0.865,0.865,0.865,0.865,0.858,0.858,0.817,0.812,0.812,0.812,0.809,0.809,0.809,0.809,0.809,0.809,0.809,0.809,0.809,0.809,0.809,0.812,0.809,0.809,0.809,0.811,0.974
RGI60-16.01464,1.294,1.294,1.294,1.294,1.294,1.294,1.294,1.294,1.294,1.294,1.294,1.294,1.294,1.294,1.294,1.294,0.684,0.684,0.684,0.867,0.867,0.867,0.867,0.867,0.867,0.867,0.867,0.86,0.86,0.82,0.814,0.814,0.814,0.811,0.811,0.811,0.811,0.811,0.811,0.811,0.811,0.811,0.811,0.811,0.814,0.811,0.811,0.811,0.813,0.976
RGI60-16.01465,1.307,1.307,1.307,1.307,1.307,1.307,1.307,1.307,1.307,1.307,1.307,1.307,1.307,1.307,1.307,1.307,0.707,0.707,0.707,0.885,0.885,0.885,0.885,0.885,0.885,0.885,0.885,0.878,0.878,0.839,0.834,0.834,0.834,0.831,0.831,0.831,0.831,0.831,0.831,0.831,0.831,0.831,0.831,0.831,0.834,0.831,0.831,0.831,0.833,0.992
RGI60-16.01466,1.302,1.302,1.302,1.302,1.302,1.302,1.302,1.302,1.302,1.302,1.302,1.302,1.302,1.302,1.302,1.302,0.698,0.698,0.698,0.878,0.878,0.878,0.878,0.878,0.878,0.878,0.878,0.871,0.871,0.831,0.826,0.826,0.826,0.823,0.823,0.823,0.823,0.823,0.823,0.823,0.823,0.823,0.823,0.823,0.826,0.823,0.823,0.823,0.825,0.985
RGI60-16.01467,1.294,1.294,1.294,1.294,1.294,1.294,1.294,1.294,1.294,1.294,1.294,1.294,1.294,1.294,1.294,1.294,0.682,0.682,0.682,0.866,0.866,0.866,0.866,0.866,0.866,0.866,0.866,0.858,0.858,0.818,0.813,0.813,0.813,0.81,0.81,0.81,0.81,0.81,0.81,0.81,0.81,0.81,0.81,0.81,0.813,0.81,0.81,0.81,0.812,0.975
RGI60-16.01468,1.294,1.294,1.294,1.294,1.294,1.294,1.294,1.294,1.294,1.294,1.294,1.294,1.294,1.294,1.294,1.294,0.682,0.682,0.682,0.866,0.866,0.866,0.866,0.866,0.866,0.866,0.866,0.858,0.858,0.819,0.813,0.813,0.813,0.81,0.81,0.81,0.81,0.81,0.81,0.81,0.81,0.81,0.81,0.81,0.813,0.81,0.81,0.81,0.812,0.975
RGI60-16.01469,1.328,1.328,1.328,1.328,1.328,1.328,1.328,1.328,1.328,1.328,1.328,1.328,1.328,1.328,1.328,1.328,0.768,0.768,0.768,0.936,0.936,0.936,0.936,0.936,0.936,0.936,0.936,0.93,0.93,0.887,0.882,0.882,0.882,0.879,0.879,0.879,0.879,0.879,0.879,0.879,0.879,0.879,0.879,0.879,0.882,0.879,0.879,0.879,0.881,1.02
RGI60-16.01470,1.35,1.35,1.35,1.35,1.35,1.35,1.35,1.35,1.35,1.35,1.35,1.35,1.35,1.35,1.35,1.35,0.702,0.702,0.702,0.909,0.909,0.909,0.909,0.909,0.909,0.909,0.909,0.9,0.9,0.877,0.869,0.869,0.869,0.865,0.865,0.865,0.865,0.865,0.865,0.865,0.865,0.865,0.865,0.865,0.869,0.865,0.865,0.865,0.867,1.048
RGI60-16.01471,1.311,1.311,1.311,1.311,1.311,1.311,1.311,1.311,1.311,1.311,1.311,1.311,1.311,1.311,1.311,1.311,0.737,0.737,0.737,0.911,0.911,0.911,0.911,0.911,0.911,0.911,0.911,0.904,0.904,0.861,0.855,0.855,0.855,0.852,0.852,0.852,0.852,0.852,0.852,0.852,0.852,0.852,0.852,0.852,0.855,0.852,0.852,0.852,0.854,0.997
RGI60-16.01472,1.317,1.317,1.317,1.317,1.317,1.317,1.317,1.317,1.317,1.317,1.317,1.317,1.317,1.317,1.317,1.317,0.748,0.748,0.748,0.919,0.919,0.919,0.919,0.919,0.919,0.919,0.919,0.913,0.913,0.87,0.864,0.864,0.864,0.862,0.862,0.862,0.862,0.862,0.862,0.862,0.862,0.862,0.862,0.862,0.864,0.862,0.862,0.862,0.863,1.005
RGI60-16.01473,1.282,1.282,1.282,1.282,1.282,1.282,1.282,1.282,1.282,1.282,1.282,1.282,1.282,1.282,1.282,1.282,0.686,0.686,0.686,0.87,0.87,0.87,0.87,0.87,0.87,0.87,0.87,0.863,0.863,0.817,0.811,0.811,0.811,0.808,0.808,0.808,0.808,0.808,0.808,0.808,0.808,0.808,0.808,0.808,0.811,0.808,0.808,0.808,0.81,0.959
RGI60-16.01474,1.282,1.282,1.282,1.282,1.282,1.282,1.282,1.282,1.282,1.282,1.282,1.282,1.282,1.282,1.282,1.282,0.686,0.686,0.686,0.87,0.87,0.87,0.87,0.87,0.87,0.87,0.87,0.863,0.863,0.817,0.811,0.811,0.811,0.809,0.809,0.809,0.809,0.809,0.809,0.809,0.809,0.809,0.809,0.809,0.811,0.809,0.809,0.809,0.81,0.96
RGI60-16.01475,1.285,1.285,1.285,1.285,1.285,1.285,1.285,1.285,1.285,1.285,1.285,1.285,1.285,1.285,1.285,1.285,0.692,0.692,0.692,0.875,0.875,0.875,0.875,0.875,0.875,0.875,0.875,0.868,0.868,0.822,0.816,0.816,0.816,0.813,0.813,0.813,0.813,0.813,0.813,0.813,0.813,0.813,0.813,0.813,0.816,0.813,0.813,0.813,0.815,0.964
RGI60-16.01476,1.284,1.284,1.284,1.284,1.284,1.284,1.284,1.284,1.284,1.284,1.284,1.284,1.284,1.284,1.284,1.284,0.69,0.69,0.69,0.873,0.873,0.873,0.873,0.873,0.873,0.873,0.873,0.866,0.866,0.821,0.815,0.815,0.815,0.812,0.812,0.812,0.812,0.812,0.812,0.812,0.812,0.812,0.812,0.812,0.815,0.812,0.812,0.812,0.814,0.962
RGI60-16.01477,1.284,1.284,1.284,1.284,1.284,1.284,1.284,1.284,1.284,1.284,1.284,1.284,1.284,1.284,1.284,1.284,0.689,0.689,0.689,0.872,0.872,0.872,0.872,0.872,0.872,0.872,0.872,0.865,0.865,0.82,0.814,0.814,0.814,0.811,0.811,0.811,0.811,0.811,0.811,0.811,0.811,0.811,0.811,0.811,0.814,0.811,0.811,0.811,0.813,0.962
RGI60-16.01478,1.284,1.284,1.284,1.284,1.284,1.284,1.284,1.284,1.284,1.284,1.284,1.284,1.284,1.284,1.284,1.284,0.691,0.691,0.691,0.874,0.874,0.874,0.874,0.874,0.874,0.874,0.874,0.867,0.867,0.821,0.815,0.815,0.815,0.812,0.812,0.812,0.812,0.812,0.812,0.812,0.812,0.812,0.812,0.812,0.815,0.812,0.812,0.812,0.814,0.962
RGI60-16.01479,1.284,1.284,1.284,1.284,1.284,1.284,1.284,1.284,1.284,1.284,1.284,1.284,1.284,1.284,1.284,1.284,0.689,0.689,0.689,0.872,0.872,0.872,0.872,0.872,0.872,0.872,0.872,0.865,0.865,0.82,0.814,0.814,0.814,0.811,0.811,0.811,0.811,0.811,0.811,0.811,0.811,0.811,0.811,0.811,0.814,0.811,0.811,0.811,0.813,0.962
RGI60-16.01480,1.285,1.285,1.285,1.285,1.285,1.285,1.285,1.285,1.285,1.285,1.285,1.285,1.285,1.285,1.285,1.285,0.691,0.691,0.691,0.874,0.874,0.874,0.874,0.874,0.874,0.874,0.874,0.868,0.868,0.822,0.816,0.816,0.816,0.813,0.813,0.813,0.813,0.813,0.813,0.813,0.813,0.813,0.813,0.813,0.816,0.813,0.813,0.813,0.815,0.963
RGI60-16.01481,1.285,1.285,1.285,1.285,1.285,1.285,1.285,1.285,1.285,1.285,1.285,1.285,1.285,1.285,1.285,1.285,0.694,0.694,0.694,0.876,0.876,0.876,0.876,0.876,0.876,0.876,0.876,0.87,0.87,0.824,0.818,0.818,0.818,0.815,0.815,0.815,0.815,0.815,0.815,0.815,0.815,0.815,0.815,0.815,0.818,0.815,0.815,0.815,0.817,0.964
RGI60-16.01482,1.289,1.289,1.289,1.289,1.289,1.289,1.289,1.289,1.289,1.289,1.289,1.289,1.289,1.289,1.289,1.289,0.699,0.699,0.699,0.88,0.88,0.88,0.88,0.88,0.88,0.88,0.88,0.873,0.873,0.828,0.822,0.822,0.822,0.819,0.819,0.819,0.819,0.819,0.819,0.819,0.819,0.819,0.819,0.819,0.822,0.819,0.819,0.819,0.821,0.969
RGI60-16.01483,1.282,1.282,1.282,1.282,1.282,1.282,1.282,1.282,1.282,1.282,1.282,1.282,1.282,1.282,1.282,1.282,0.686,0.686,0.686,0.87,0.87,0.87,0.87,0.87,0.87,0.87,0.87,0.863,0.863,0.817,0.811,0.811,0.811,0.808,0.808,0.808,0.808,0.808,0.808,0.808,0.808,0.808,0.808,0.808,0.811,0.808,0.808,0.808,0.81,0.959
RGI60-16.01484,1.299,1.299,1.299,1.299,1.299,1.299,1.299,1.299,1.299,1.299,1.299,1.299,1.299,1.299,1.299,1.299,0.72,0.72,0.72,0.897,0.897,0.897,0.897,0.897,0.897,0.897,0.897,0.891,0.891,0.846,0.84,0.84,0.84,0.837,0.837,0.837,0.837,0.837,0.837,0.837,0.837,0.837,0.837,0.837,0.84,0.837,0.837,0.837,0.839,0.982
RGI60-16.01485,1.281,1.281,1.281,1.281,1.281,1.281,1.281,1.281,1.281,1.281,1.281,1.281,1.281,1.281,1.281,1.281,0.685,0.685,0.685,0.869,0.869,0.869,0.869,0.869,0.869,0.869,0.869,0.863,0.863,0.816,0.81,0.81,0.81,0.807,0.807,0.807,0.807,0.807,0.807,0.807,0.807,0.807,0.807,0.807,0.81,0.807,0.807,0.807,0.809,0.958
RGI60-16.01486,1.281,1.281,1.281,1.281,1.281,1.281,1.281,1.281,1.281,1.281,1.281,1.281,1.281,1.281,1.281,1.281,0.685,0.685,0.685,0.869,0.869,0.869,0.869,0.869,0.869,0.869,0.869,0.863,0.863,0.816,0.81,0.81,0.81,0.807,0.807,0.807,0.807,0.807,0.807,0.807,0.807,0.807,0.807,0.807,0.81,0.807,0.807,0.807,0.809,0.957
RGI60-16.01487,1.281,1.281,1.281,1.281,1.281,1.281,1.281,1.281,1.281,1.281,1.281,1.281,1.281,1.281,1.281,1.281,0.685,0.685,0.685,0.869,0.869,0.869,0.869,0.869,0.869,0.869,0.869,0.863,0.863,0.816,0.81,0.81,0.81,0.808,0.808,0.808,0.808,0.808,0.808,0.808,0.808,0.808,0.808,0.808,0.81,0.808,0.808,0.808,0.81,0.958
RGI60-16.01488,1.306,1.306,1.306,1.306,1.306,1.306,1.306,1.306,1.306,1.306,1.306,1.306,1.306,1.306,1.306,1.306,0.729,0.729,0.729,0.905,0.905,0.905,0.905,0.905,0.905,0.905,0.905,0.898,0.898,0.854,0.848,0.848,0.848,0.845,0.845,0.845,0.845,0.845,0.845,0.845,0.845,0.845,0.845,0.845,0.848,0.845,0.845,0.845,0.847,0.991
RGI60-16.01489,1.282,1.282,1.282,1.282,1.282,1.282,1.282,1.282,1.282,1.282,1.282,1.282,1.282,1.282,1.282,1.282,0.686,0.686,0.686,0.87,0.87,0.87,0.87,0.87,0.87,0.87,0.87,0.863,0.863,0.817,0.811,0.811,0.811,0.808,0.808,0.808,0.808,0.808,0.808,0.808,0.808,0.808,0.808,0.808,0.811,0.808,0.808,0.808,0.81,0.959
RGI60-16.01490,1.281,1.281,1.281,1.281,1.281,1.281,1.281,1.281,1.281,1.281,1.281,1.281,1.281,1.281,1.281,1.281,0.687,0.687,0.687,0.871,0.871,0.871,0.871,0.871,0.871,0.871,0.871,0.864,0.864,0.818,0.812,0.812,0.812,0.809,0.809,0.809,0.809,0.809,0.809,0.809,0.809,0.809,0.809,0.809,0.812,0.809,0.809,0.809,0.811,0.959
RGI60-16.01491,1.283,1.283,1.283,1.283,1.283,1.283,1.283,1.283,1.283,1.283,1.283,1.283,1.283,1.283,1.283,1.283,0.689,0.689,0.689,0.872,0.872,0.872,0.872,0.872,0.872,0.872,0.872,0.866,0.866,0.819,0.813,0.813,0.813,0.81,0.81,0.81,0.81,0.81,0.81,0.81,0.81,0.81,0.81,0.81,0.813,0.81,0.81,0.81,0.812,0.96
RGI60-16.01492,1.282,1.282,1.282,1.282,1.282,1.282,1.282,1.282,1.282,1.282,1.282,1.282,1.282,1.282,1.282,1.282,0.688,0.688,0.688,0.871,0.871,0.871,0.871,0.871,0.871,0.871,0.871,0.865,0.865,0.818,0.812,0.812,0.812,0.809,0.809,0.809,0.809,0.809,0.809,0.809,0.809,0.809,0.809,0.809,0.812,0.809,0.809,0.809,0.811,0.959
RGI60-16.01493,1.295,1.295,1.295,1.295,1.295,1.295,1.295,1.295,1.295,1.295,1.295,1.295,1.295,1.295,1.295,1.295,0.711,0.711,0.711,0.89,0.89,0.89,0.89,0.89,0.89,0.89,0.89,0.883,0.883,0.838,0.832,0.832,0.832,0.829,0.829,0.829,0.829,0.829,0.829,0.829,0.829,0.829,0.829,0.829,0.832,0.829,0.829,0.829,0.831,0.976
RGI60-16.01494,1.283,1.283,1.283,1.283,1.283,1.283,1.283,1.283,1.283,1.283,1.283,1.283,1.283,1.283,1.283,1.283,0.686,0.686,0.686,0.87,0.87,0.87,0.87,0.87,0.87,0.87,0.87,0.863,0.863,0.818,0.812,0.812,0.812,0.809,0.809,0.809,0.809,0.809,0.809,0.809,0.809,0.809,0.809,0.809,0.812,0.809,0.809,0.809,0.811,0.96
RGI60-16.01495,1.298,1.298,1.298,1.298,1.298,1.298,1.298,1.298,1.298,1.298,1.298,1.298,1.298,1.298,1.298,1.298,0.695,0.695,0.695,0.875,0.875,0.875,0.875,0.875,0.875,0.875,0.875,0.868,0.868,0.828,0.822,0.822,0.822,0.819,0.819,0.819,0.819,0.819,0.819,0.819,0.819,0.819,0.819,0.819,0.822,0.819,0.819,0.819,0.821,0.98
RGI60-16.01496,1.314,1.314,1.314,1.314,1.314,1.314,1.314,1.314,1.314,1.314,1.314,1.314,1.314,1.314,1.314,1.314,0.734,0.734,0.734,0.907,0.907,0.907,0.907,0.907,0.907,0.907,0.907,0.9,0.9,0.859,0.854,0.854,0.854,0.851,0.851,0.851,0.851,0.851,0.851,0.851,0.851,0.851,0.851,0.851,0.854,0.851,0.851,0.851,0.853,1.002
RGI60-16.01497,1.299,1.299,1.299,1.299,1.299,1.299,1.299,1.299,1.299,1.299,1.299,1.299,1.299,1.299,1.299,1.299,0.706,0.706,0.706,0.885,0.885,0.885,0.885,0.885,0.885,0.885,0.885,0.878,0.878,0.836,0.83,0.83,0.83,0.827,0.827,0.827,0.827,0.827,0.827,0.827,0.827,0.827,0.827,0.827,0.83,0.827,0.827,0.827,0.829,0.982
RGI60-16.01498,1.357,1.357,1.357,1.357,1.357,1.357,1.357,1.357,1.357,1.357,1.357,1.357,1.357,1.357,1.357,1.357,0.718,0.718,0.718,0.925,0.925,0.925,0.925,0.925,0.925,0.925,0.925,0.917,0.917,0.894,0.885,0.885,0.885,0.881,0.881,0.881,0.881,0.881,0.881,0.881,0.881,0.881,0.881,0.881,0.885,0.881,0.881,0.881,0.884,1.058
RGI60-16.01499,1.34,1.34,1.34,1.34,1.34,1.34,1.34,1.34,1.34,1.34,1.34,1.34,1.34,1.34,1.34,1.34,0.772,0.772,0.772,0.937,0.937,0.937,0.937,0.937,0.937,0.937,0.937,0.931,0.931,0.893,0.888,0.888,0.888,0.885,0.885,0.885,0.885,0.885,0.885,0.885,0.885,0.885,0.885,0.885,0.888,0.885,0.885,0.885,0.887,1.036
RGI60-16.01500,1.298,1.298,1.298,1.298,1.298,1.298,1.298,1.298,1.298,1.298,1.298,1.298,1.298,1.298,1.298,1.298,0.706,0.706,0.706,0.885,0.885,0.885,0.885,0.885,0.885,0.885,0.885,0.878,0.878,0.835,0.83,0.83,0.83,0.827,0.827,0.827,0.827,0.827,0.827,0.827,0.827,0.827,0.827,0.827,0.83,0.827,0.827,0.827,0.829,0.981
RGI60-16.01501,1.339,1.339,1.339,1.339,1.339,1.339,1.339,1.339,1.339,1.339,1.339,1.339,1.339,1.339,1.339,1.339,0.797,0.797,0.797,0.96,0.96,0.96,0.96,0.96,0.96,0.96,0.96,0.954,0.954,0.91,0.904,0.904,0.904,0.902,0.902,0.902,0.902,0.902,0.902,0.902,0.902,0.902,0.902,0.902,0.904,0.902,0.902,0.902,0.904,1.034
RGI60-16.01502,1.299,1.299,1.299,1.299,1.299,1.299,1.299,1.299,1.299,1.299,1.299,1.299,1.299,1.299,1.299,1.299,0.728,0.728,0.728,0.904,0.904,0.904,0.904,0.904,0.904,0.904,0.904,0.897,0.897,0.85,0.845,0.845,0.845,0.842,0.842,0.842,0.842,0.842,0.842,0.842,0.842,0.842,0.842,0.842,0.845,0.842,0.842,0.842,0.844,0.982
RGI60-16.01503,1.328,1.328,1.328,1.328,1.328,1.328,1.328,1.328,1.328,1.328,1.328,1.328,1.328,1.328,1.328,1.328,0.647,0.647,0.647,0.842,0.842,0.842,0.842,0.842,0.842,0.842,0.842,0.832,0.832,0.81,0.804,0.804,0.804,0.802,0.802,0.802,0.802,0.802,0.802,0.802,0.802,0.802,0.802,0.802,0.804,0.802,0.802,0.802,0.803,1.021
RGI60-16.01504,1.328,1.328,1.328,1.328,1.328,1.328,1.328,1.328,1.328,1.328,1.328,1.328,1.328,1.328,1.328,1.328,0.647,0.647,0.647,0.842,0.842,0.842,0.842,0.842,0.842,0.842,0.842,0.832,0.832,0.81,0.805,0.805,0.805,0.802,0.802,0.802,0.802,0.802,0.802,0.802,0.802,0.802,0.802,0.802,0.805,0.802,0.802,0.802,0.803,1.02
RGI60-16.01505,1.336,1.336,1.336,1.336,1.336,1.336,1.336,1.336,1.336,1.336,1.336,1.336,1.336,1.336,1.336,1.336,0.662,0.662,0.662,0.854,0.854,0.854,0.854,0.854,0.854,0.854,0.854,0.844,0.844,0.822,0.817,0.817,0.817,0.814,0.814,0.814,0.814,0.814,0.814,0.814,0.814,0.814,0.814,0.814,0.817,0.814,0.814,0.814,0.816,1.03
RGI60-16.01506,1.333,1.333,1.333,1.333,1.333,1.333,1.333,1.333,1.333,1.333,1.333,1.333,1.333,1.333,1.333,1.333,0.656,0.656,0.656,0.849,0.849,0.849,0.849,0.849,0.849,0.849,0.849,0.839,0.839,0.817,0.812,0.812,0.812,0.809,0.809,0.809,0.809,0.809,0.809,0.809,0.809,0.809,0.809,0.809,0.812,0.809,0.809,0.809,0.811,1.026
RGI60-16.01507,1.335,1.335,1.335,1.335,1.335,1.335,1.335,1.335,1.335,1.335,1.335,1.335,1.335,1.335,1.335,1.335,0.661,0.661,0.661,0.853,0.853,0.853,0.853,0.853,0.853,0.853,0.853,0.843,0.843,0.822,0.816,0.816,0.816,0.813,0.813,0.813,0.813,0.813,0.813,0.813,0.813,0.813,0.813,0.813,0.816,0.813,0.813,0.813,0.815,1.029
RGI60-16.01508,1.329,1.329,1.329,1.329,1.329,1.329,1.329,1.329,1.329,1.329,1.329,1.329,1.329,1.329,1.329,1.329,0.648,0.648,0.648,0.843,0.843,0.843,0.843,0.843,0.843,0.843,0.843,0.833,0.833,0.811,0.805,0.805,0.805,0.802,0.802,0.802,0.802,0.802,0.802,0.802,0.802,0.802,0.802,0.802,0.805,0.802,0.802,0.802,0.804,1.021
RGI60-16.01509,1.342,1.342,1.342,1.342,1.342,1.342,1.342,1.342,1.342,1.342,1.342,1.342,1.342,1.342,1.342,1.342,0.674,0.674,0.674,0.863,0.863,0.863,0.863,0.863,0.863,0.863,0.863,0.853,0.853,0.832,0.827,0.827,0.827,0.824,0.824,0.824,0.824,0.824,0.824,0.824,0.824,0.824,0.824,0.824,0.827,0.824,0.824,0.824,0.826,1.038
RGI60-16.01510,1.329,1.329,1.329,1.329,1.329,1.329,1.329,1.329,1.329,1.329,1.329,1.329,1.329,1.329,1.329,1.329,0.648,0.648,0.648,0.843,0.843,0.843,0.843,0.843,0.843,0.843,0.843,0.833,0.833,0.812,0.806,0.806,0.806,0.803,0.803,0.803,0.803,0.803,0.803,0.803,0.803,0.803,0.803,0.803,0.806,0.803,0.803,0.803,0.805,1.022
RGI60-16.01511,1.302,1.302,1.302,1.302,1.302,1.302,1.302,1.302,1.302,1.302,1.302,1.302,1.302,1.302,1.302,1.302,0.713,0.713,0.713,0.89,0.89,0.89,0.89,0.89,0.89,0.89,0.89,0.883,0.883,0.841,0.835,0.835,0.835,0.833,0.833,0.833,0.833,0.833,0.833,0.833,0.833,0.833,0.833,0.833,0.835,0.833,0.833,0.833,0.835,0.986
RGI60-16.01512,1.349,1.349,1.349,1.349,1.349,1.349,1.349,1.349,1.349,1.349,1.349,1.349,1.349,1.349,1.349,1.349,0.796,0.796,0.796,0.958,0.958,0.958,0.958,0.958,0.958,0.958,0.958,0.951,0.951,0.912,0.907,0.907,0.907,0.904,0.904,0.904,0.904,0.904,0.904,0.904,0.904,0.904,0.904,0.904,0.907,0.904,0.904,0.904,0.906,1.047
RGI60-16.01513,1.317,1.317,1.317,1.317,1.317,1.317,1.317,1.317,1.317,1.317,1.317,1.317,1.317,1.317,1.317,1.317,0.74,0.74,0.74,0.912,0.912,0.912,0.912,0.912,0.912,0.912,0.912,0.905,0.905,0.864,0.859,0.859,0.859,0.856,0.856,0.856,0.856,0.856,0.856,0.856,0.856,0.856,0.856,0.856,0.859,0.856,0.856,0.856,0.858,1.006
RGI60-16.01514,1.295,1.295,1.295,1.295,1.295,1.295,1.295,1.295,1.295,1.295,1.295,1.295,1.295,1.295,1.295,1.295,0.701,0.701,0.701,0.88,0.88,0.88,0.88,0.88,0.88,0.88,0.88,0.873,0.873,0.831,0.825,0.825,0.825,0.822,0.822,0.822,0.822,0.822,0.822,0.822,0.822,0.822,0.822,0.822,0.825,0.822,0.822,0.822,0.824,0.977
RGI60-16.01515,1.329,1.329,1.329,1.329,1.329,1.329,1.329,1.329,1.329,1.329,1.329,1.329,1.329,1.329,1.329,1.329,0.762,0.762,0.762,0.93,0.93,0.93,0.93,0.93,0.93,0.93,0.93,0.923,0.923,0.883,0.878,0.878,0.878,0.875,0.875,0.875,0.875,0.875,0.875,0.875,0.875,0.875,0.875,0.875,0.878,0.875,0.875,0.875,0.877,1.022
RGI60-16.01516,1.345,1.345,1.345,1.345,1.345,1.345,1.345,1.345,1.345,1.345,1.345,1.345,1.345,1.345,1.345,1.345,0.79,0.79,0.79,0.953,0.953,0.953,0.953,0.953,0.953,0.953,0.953,0.946,0.946,0.907,0.901,0.901,0.901,0.899,0.899,0.899,0.899,0.899,0.899,0.899,0.899,0.899,0.899,0.899,0.901,0.899,0.899,0.899,0.901,1.042
RGI60-16.01517,1.307,1.307,1.307,1.307,1.307,1.307,1.307,1.307,1.307,1.307,1.307,1.307,1.307,1.307,1.307,1.307,0.742,0.742,0.742,0.915,0.915,0.915,0.915,0.915,0.915,0.915,0.915,0.909,0.909,0.863,0.857,0.857,0.857,0.854,0.854,0.854,0.854,0.854,0.854,0.854,0.854,0.854,0.854,0.854,0.857,0.854,0.854,0.854,0.856,0.993
RGI60-16.01518,1.287,1.287,1.287,1.287,1.287,1.287,1.287,1.287,1.287,1.287,1.287,1.287,1.287,1.287,1.287,1.287,0.705,0.705,0.705,0.885,0.885,0.885,0.885,0.885,0.885,0.885,0.885,0.879,0.879,0.831,0.825,0.825,0.825,0.822,0.822,0.822,0.822,0.822,0.822,0.822,0.822,0.822,0.822,0.822,0.825,0.822,0.822,0.822,0.824,0.965
RGI60-16.01519,1.345,1.345,1.345,1.345,1.345,1.345,1.345,1.345,1.345,1.345,1.345,1.345,1.345,1.345,1.345,1.345,0.807,0.807,0.807,0.969,0.969,0.969,0.969,0.969,0.969,0.969,0.969,0.963,0.963,0.919,0.914,0.914,0.914,0.911,0.911,0.911,0.911,0.911,0.911,0.911,0.911,0.911,0.911,0.911,0.914,0.911,0.911,0.911,0.913,1.042
RGI60-16.01520,1.385,1.385,1.385,1.385,1.385,1.385,1.385,1.385,1.385,1.385,1.385,1.385,1.385,1.385,1.385,1.385,0.751,0.751,0.751,0.92,0.92,0.92,0.92,0.92,0.92,0.92,0.92,0.911,0.911,0.892,0.888,0.888,0.888,0.885,0.885,0.885,0.885,0.885,0.885,0.885,0.885,0.885,0.885,0.885,0.888,0.885,0.885,0.885,0.887,1.094
RGI60-16.01521,1.337,1.337,1.337,1.337,1.337,1.337,1.337,1.337,1.337,1.337,1.337,1.337,1.337,1.337,1.337,1.337,0.657,0.657,0.657,0.845,0.845,0.845,0.845,0.845,0.845,0.845,0.845,0.835,0.835,0.815,0.81,0.81,0.81,0.807,0.807,0.807,0.807,0.807,0.807,0.807,0.807,0.807,0.807,0.807,0.81,0.807,0.807,0.807,0.809,1.031
RGI60-16.01522,1.35,1.35,1.35,1.35,1.35,1.35,1.35,1.35,1.35,1.35,1.35,1.35,1.35,1.35,1.35,1.35,0.684,0.684,0.684,0.866,0.866,0.866,0.866,0.866,0.866,0.866,0.866,0.856,0.856,0.836,0.831,0.831,0.831,0.828,0.828,0.828,0.828,0.828,0.828,0.828,0.828,0.828,0.828,0.828,0.831,0.828,0.828,0.828,0.83,1.048
RGI60-16.01523,1.335,1.335,1.335,1.335,1.335,1.335,1.335,1.335,1.335,1.335,1.335,1.335,1.335,1.335,1.335,1.335,0.654,0.654,0.654,0.843,0.843,0.843,0.843,0.843,0.843,0.843,0.843,0.833,0.833,0.812,0.807,0.807,0.807,0.804,0.804,0.804,0.804,0.804,0.804,0.804,0.804,0.804,0.804,0.804,0.807,0.804,0.804,0.804,0.806,1.029
RGI60-16.01524,1.282,1.282,1.282,1.282,1.282,1.282,1.282,1.282,1.282,1.282,1.282,1.282,1.282,1.282,1.282,1.282,0.697,0.697,0.697,0.878,0.878,0.878,0.878,0.878,0.878,0.878,0.878,0.872,0.872,0.823,0.817,0.817,0.817,0.815,0.815,0.815,0.815,0.815,0.815,0.815,0.815,0.815,0.815,0.815,0.817,0.815,0.815,0.815,0.816,0.959
RGI60-16.01525,1.287,1.287,1.287,1.287,1.287,1.287,1.287,1.287,1.287,1.287,1.287,1.287,1.287,1.287,1.287,1.287,0.706,0.706,0.706,0.886,0.886,0.886,0.886,0.886,0.886,0.886,0.886,0.879,0.879,0.831,0.825,0.825,0.825,0.823,0.823,0.823,0.823,0.823,0.823,0.823,0.823,0.823,0.823,0.823,0.825,0.823,0.823,0.823,0.824,0.965
RGI60-16.01526,1.29,1.29,1.29,1.29,1.29,1.29,1.29,1.29,1.29,1.29,1.29,1.29,1.29,1.29,1.29,1.29,0.712,0.712,0.712,0.891,0.891,0.891,0.891,0.891,0.891,0.891,0.891,0.884,0.884,0.836,0.831,0.831,0.831,0.828,0.828,0.828,0.828,0.828,0.828,0.828,0.828,0.828,0.828,0.828,0.831,0.828,0.828,0.828,0.83,0.97
RGI60-16.01527,1.285,1.285,1.285,1.285,1.285,1.285,1.285,1.285,1.285,1.285,1.285,1.285,1.285,1.285,1.285,1.285,0.703,0.703,0.703,0.883,0.883,0.883,0.883,0.883,0.883,0.883,0.883,0.877,0.877,0.829,0.823,0.823,0.823,0.82,0.82,0.82,0.82,0.82,0.82,0.82,0.82,0.82,0.82,0.82,0.823,0.82,0.82,0.82,0.822,0.963
RGI60-16.01528,1.346,1.346,1.346,1.346,1.346,1.346,1.346,1.346,1.346,1.346,1.346,1.346,1.346,1.346,1.346,1.346,0.809,0.809,0.809,0.97,0.97,0.97,0.97,0.97,0.97,0.97,0.97,0.964,0.964,0.921,0.915,0.915,0.915,0.913,0.913,0.913,0.913,0.913,0.913,0.913,0.913,0.913,0.913,0.913,0.915,0.913,0.913,0.913,0.915,1.043
RGI60-16.01529,1.283,1.283,1.283,1.283,1.283,1.283,1.283,1.283,1.283,1.283,1.283,1.283,1.283,1.283,1.283,1.283,0.7,0.7,0.7,0.881,0.881,0.881,0.881,0.881,0.881,0.881,0.881,0.875,0.875,0.827,0.821,0.821,0.821,0.818,0.818,0.818,0.818,0.818,0.818,0.818,0.818,0.818,0.818,0.818,0.821,0.818,0.818,0.818,0.82,0.961
RGI60-16.01530,1.29,1.29,1.29,1.29,1.29,1.29,1.29,1.29,1.29,1.29,1.29,1.29,1.29,1.29,1.29,1.29,0.713,0.713,0.713,0.892,0.892,0.892,0.892,0.892,0.892,0.892,0.892,0.885,0.885,0.837,0.831,0.831,0.831,0.829,0.829,0.829,0.829,0.829,0.829,0.829,0.829,0.829,0.829,0.829,0.831,0.829,0.829,0.829,0.831,0.97
RGI60-16.01531,1.283,1.283,1.283,1.283,1.283,1.283,1.283,1.283,1.283,1.283,1.283,1.283,1.283,1.283,1.283,1.283,0.695,0.695,0.695,0.876,0.876,0.876,0.876,0.876,0.876,0.876,0.876,0.87,0.87,0.822,0.816,0.816,0.816,0.814,0.814,0.814,0.814,0.814,0.814,0.814,0.814,0.814,0.814,0.814,0.816,0.814,0.814,0.814,0.815,0.96
RGI60-16.01532,1.29,1.29,1.29,1.29,1.29,1.29,1.29,1.29,1.29,1.29,1.29,1.29,1.29,1.29,1.29,1.29,0.71,0.71,0.71,0.888,0.888,0.888,0.888,0.888,0.888,0.888,0.888,0.881,0.881,0.834,0.829,0.829,0.829,0.826,0.826,0.826,0.826,0.826,0.826,0.826,0.826,0.826,0.826,0.826,0.829,0.826,0.826,0.826,0.828,0.971
RGI60-16.01533,1.284,1.284,1.284,1.284,1.284,1.284,1.284,1.284,1.284,1.284,1.284,1.284,1.284,1.284,1.284,1.284,0.697,0.697,0.697,0.878,0.878,0.878,0.878,0.878,0.878,0.878,0.878,0.871,0.871,0.824,0.818,0.818,0.818,0.815,0.815,0.815,0.815,0.815,0.815,0.815,0.815,0.815,0.815,0.815,0.818,0.815,0.815,0.815,0.817,0.962
RGI60-16.01534,1.284,1.284,1.284,1.284,1.284,1.284,1.284,1.284,1.284,1.284,1.284,1.284,1.284,1.284,1.284,1.284,0.692,0.692,0.692,0.872,0.872,0.872,0.872,0.872,0.872,0.872,0.872,0.865,0.865,0.82,0.814,0.814,0.814,0.811,0.811,0.811,0.811,0.811,0.811,0.811,0.811,0.811,0.811,0.811,0.814,0.811,0.811,0.811,0.813,0.962
RGI60-16.01534,1.28,1.28,1.28,1.28,1.28,1.28,1.28,1.28,1.28,1.28,1.28,1.28,1.28,1.28,1.28,1.28,0.699,0.699,0.699,0.838,0.838,0.838,0.838,0.838,0.838,0.838,0.838,0.831,0.831,0.723,0.712,0.712,0.712,0.706,0.706,0.706,0.706,0.706,0.706,0.706,0.706,0.706,0.706,0.706,0.712,0.706,0.706,0.706,0.711,0.866
RGI60-16.01535,1.295,1.295,1.295,1.295,1.295,1.295,1.295,1.295,1.295,1.295,1.295,1.295,1.295,1.295,1.295,1.295,0.711,0.711,0.711,0.887,0.887,0.887,0.887,0.887,0.887,0.887,0.887,0.88,0.88,0.836,0.83,0.83,0.83,0.827,0.827,0.827,0.827,0.827,0.827,0.827,0.827,0.827,0.827,0.827,0.83,0.827,0.827,0.827,0.829,0.976
RGI60-16.01536,1.33,1.33,1.33,1.33,1.33,1.33,1.33,1.33,1.33,1.33,1.33,1.33,1.33,1.33,1.33,1.33,0.649,0.649,0.649,0.844,0.844,0.844,0.844,0.844,0.844,0.844,0.844,0.834,0.834,0.812,0.806,0.806,0.806,0.803,0.803,0.803,0.803,0.803,0.803,0.803,0.803,0.803,0.803,0.803,0.806,0.803,0.803,0.803,0.805,1.023
RGI60-16.01537,1.337,1.337,1.337,1.337,1.337,1.337,1.337,1.337,1.337,1.337,1.337,1.337,1.337,1.337,1.337,1.337,0.662,0.662,0.662,0.854,0.854,0.854,0.854,0.854,0.854,0.854,0.854,0.844,0.844,0.822,0.817,0.817,0.817,0.814,0.814,0.814,0.814,0.814,0.814,0.814,0.814,0.814,0.814,0.814,0.817,0.814,0.814,0.814,0.816,1.031
RGI60-16.01538,1.333,1.333,1.333,1.333,1.333,1.333,1.333,1.333,1.333,1.333,1.333,1.333,1.333,1.333,1.333,1.333,0.655,0.655,0.655,0.848,0.848,0.848,0.848,0.848,0.848,0.848,0.848,0.838,0.838,0.817,0.811,0.811,0.811,0.809,0.809,0.809,0.809,0.809,0.809,0.809,0.809,0.809,0.809,0.809,0.811,0.809,0.809,0.809,0.81,1.027
RGI60-16.01539,1.352,1.352,1.352,1.352,1.352,1.352,1.352,1.352,1.352,1.352,1.352,1.352,1.352,1.352,1.352,1.352,0.693,0.693,0.693,0.877,0.877,0.877,0.877,0.877,0.877,0.877,0.877,0.868,0.868,0.847,0.842,0.842,0.842,0.839,0.839,0.839,0.839,0.839,0.839,0.839,0.839,0.839,0.839,0.839,0.842,0.839,0.839,0.839,0.841,1.051
RGI60-16.01540,1.341,1.341,1.341,1.341,1.341,1.341,1.341,1.341,1.341,1.341,1.341,1.341,1.341,1.341,1.341,1.341,0.67,0.67,0.67,0.86,0.86,0.86,0.86,0.86,0.86,0.86,0.86,0.85,0.85,0.829,0.823,0.823,0.823,0.821,0.821,0.821,0.821,0.821,0.821,0.821,0.821,0.821,0.821,0.821,0.823,0.821,0.821,0.821,0.822,1.036
RGI60-16.01541,1.334,1.334,1.334,1.334,1.334,1.334,1.334,1.334,1.334,1.334,1.334,1.334,1.334,1.334,1.334,1.334,0.657,0.657,0.657,0.85,0.85,0.85,0.85,0.85,0.85,0.85,0.85,0.84,0.84,0.818,0.813,0.813,0.813,0.81,0.81,0.81,0.81,0.81,0.81,0.81,0.81,0.81,0.81,0.81,0.813,0.81,0.81,0.81,0.812,1.028
RGI60-16.01542,1.281,1.281,1.281,1.281,1.281,1.281,1.281,1.281,1.281,1.281,1.281,1.281,1.281,1.281,1.281,1.281,0.693,0.693,0.693,0.872,0.872,0.872,0.872,0.872,0.872,0.872,0.872,0.866,0.866,0.819,0.813,0.813,0.813,0.81,0.81,0.81,0.81,0.81,0.81,0.81,0.81,0.81,0.81,0.81,0.813,0.81,0.81,0.81,0.812,0.958
RGI60-16.01542,1.28,1.28,1.28,1.28,1.28,1.28,1.28,1.28,1.28,1.28,1.28,1.28,1.28,1.28,1.28,1.28,0.699,0.699,0.699,0.838,0.838,0.838,0.838,0.838,0.838,0.838,0.838,0.831,0.831,0.723,0.712,0.712,0.712,0.706,0.706,0.706,0.706,0.706,0.706,0.706,0.706,0.706,0.706,0.706,0.712,0.706,0.706,0.706,0.711,0.866
RGI60-16.01543,1.285,1.285,1.285,1.285,1.285,1.285,1.285,1.285,1.285,1.285,1.285,1.285,1.285,1.285,1.285,1.285,0.7,0.7,0.7,0.878,0.878,0.878,0.878,0.878,0.878,0.878,0.878,0.871,0.871,0.825,0.819,0.819,0.819,0.816,0.816,0.816,0.816,0.816,0.816,0.816,0.816,0.816,0.816,0.816,0.819,0.816,0.816,0.816,0.818,0.964
RGI60-16.01543,1.28,1.28,1.28,1.28,1.28,1.28,1.28,1.28,1.28,1.28,1.28,1.28,1.28,1.28,1.28,1.28,0.699,0.699,0.699,0.838,0.838,0.838,0.838,0.838,0.838,0.838,0.838,0.831,0.831,0.723,0.712,0.712,0.712,0.706,0.706,0.706,0.706,0.706,0.706,0.706,0.706,0.706,0.706,0.706,0.712,0.706,0.706,0.706,0.711,0.866
RGI60-16.01544,1.284,1.284,1.284,1.284,1.284,1.284,1.284,1.284,1.284,1.284,1.284,1.284,1.284,1.284,1.284,1.284,0.701,0.701,0.701,0.879,0.879,0.879,0.879,0.879,0.879,0.879,0.879,0.873,0.873,0.825,0.819,0.819,0.819,0.817,0.817,0.817,0.817,0.817,0.817,0.817,0.817,0.817,0.817,0.817,0.819,0.817,0.817,0.817,0.818,0.962
RGI60-16.01545,1.285,1.285,1.285,1.285,1.285,1.285,1.285,1.285,1.285,1.285,1.285,1.285,1.285,1.285,1.285,1.285,0.708,0.708,0.708,0.884,0.884,0.884,0.884,0.884,0.884,0.884,0.884,0.878,0.878,0.829,0.823,0.823,0.823,0.821,0.821,0.821,0.821,0.821,0.821,0.821,0.821,0.821,0.821,0.821,0.823,0.821,0.821,0.821,0.823,0.963
RGI60-16.01545,1.28,1.28,1.28,1.28,1.28,1.28,1.28,1.28,1.28,1.28,1.28,1.28,1.28,1.28,1.28,1.28,0.699,0.699,0.699,0.838,0.838,0.838,0.838,0.838,0.838,0.838,0.838,0.831,0.831,0.723,0.712,0.712,0.712,0.706,0.706,0.706,0.706,0.706,0.706,0.706,0.706,0.706,0.706,0.706,0.712,0.706,0.706,0.706,0.711,0.866
RGI60-16.01546,1.347,1.347,1.347,1.347,1.347,1.347,1.347,1.347,1.347,1.347,1.347,1.347,1.347,1.347,1.347,1.347,0.679,0.679,0.679,0.862,0.862,0.862,0.862,0.862,0.862,0.862,0.862,0.852,0.852,0.832,0.827,0.827,0.827,0.824,0.824,0.824,0.824,0.824,0.824,0.824,0.824,0.824,0.824,0.824,0.827,0.824,0.824,0.824,0.826,1.045
RGI60-16.01547,1.283,1.283,1.283,1.283,1.283,1.283,1.283,1.283,1.283,1.283,1.283,1.283,1.283,1.283,1.283,1.283,0.705,0.705,0.705,0.882,0.882,0.882,0.882,0.882,0.882,0.882,0.882,0.875,0.875,0.827,0.821,0.821,0.821,0.818,0.818,0.818,0.818,0.818,0.818,0.818,0.818,0.818,0.818,0.818,0.821,0.818,0.818,0.818,0.82,0.961
RGI60-16.01548,1.285,1.285,1.285,1.285,1.285,1.285,1.285,1.285,1.285,1.285,1.285,1.285,1.285,1.285,1.285,1.285,0.709,0.709,0.709,0.885,0.885,0.885,0.885,0.885,0.885,0.885,0.885,0.878,0.878,0.83,0.824,0.824,0.824,0.821,0.821,0.821,0.821,0.821,0.821,0.821,0.821,0.821,0.821,0.821,0.824,0.821,0.821,0.821,0.823,0.964
RGI60-16.01549,1.281,1.281,1.281,1.281,1.281,1.281,1.281,1.281,1.281,1.281,1.281,1.281,1.281,1.281,1.281,1.281,0.702,0.702,0.702,0.88,0.88,0.88,0.88,0.88,0.88,0.88,0.88,0.873,0.873,0.824,0.818,0.818,0.818,0.816,0.816,0.816,0.816,0.816,0.816,0.816,0.816,0.816,0.816,0.816,0.818,0.816,0.816,0.816,0.818,0.959
RGI60-16.01550,1.28,1.28,1.28,1.28,1.28,1.28,1.28,1.28,1.28,1.28,1.28,1.28,1.28,1.28,1.28,1.28,0.699,0.699,0.699,0.838,0.838,0.838,0.838,0.838,0.838,0.838,0.838,0.831,0.831,0.723,0.712,0.712,0.712,0.706,0.706,0.706,0.706,0.706,0.706,0.706,0.706,0.706,0.706,0.706,0.712,0.706,0.706,0.706,0.711,0.866
RGI60-16.01550,1.285,1.285,1.285,1.285,1.285,1.285,1.285,1.285,1.285,1.285,1.285,1.285,1.285,1.285,1.285,1.285,0.71,0.71,0.71,0.886,0.886,0.886,0.886,0.886,0.886,0.886,0.886,0.879,0.879,0.831,0.825,0.825,0.825,0.822,0.822,0.822,0.822,0.822,0.822,0.822,0.822,0.822,0.822,0.822,0.825,0.822,0.822,0.822,0.824,0.964
RGI60-16.01551,1.28,1.28,1.28,1.28,1.28,1.28,1.28,1.28,1.28,1.28,1.28,1.28,1.28,1.28,1.28,1.28,0.699,0.699,0.699,0.838,0.838,0.838,0.838,0.838,0.838,0.838,0.838,0.831,0.831,0.723,0.712,0.712,0.712,0.706,0.706,0.706,0.706,0.706,0.706,0.706,0.706,0.706,0.706,0.706,0.712,0.706,0.706,0.706,0.711,0.866
RGI60-16.01551,1.278,1.278,1.278,1.278,1.278,1.278,1.278,1.278,1.278,1.278,1.278,1.278,1.278,1.278,1.278,1.278,0.698,0.698,0.698,0.876,0.876,0.876,0.876,0.876,0.876,0.876,0.876,0.87,0.87,0.82,0.814,0.814,0.814,0.812,0.812,0.812,0.812,0.812,0.812,0.812,0.812,0.812,0.812,0.812,0.814,0.812,0.812,0.812,0.814,0.954
RGI60-16.01552,1.28,1.28,1.28,1.28,1.28,1.28,1.28,1.28,1.28,1.28,1.28,1.28,1.28,1.28,1.28,1.28,0.7,0.7,0.7,0.878,0.878,0.878,0.878,0.878,0.878,0.878,0.878,0.871,0.871,0.823,0.817,0.817,0.817,0.814,0.814,0.814,0.814,0.814,0.814,0.814,0.814,0.814,0.814,0.814,0.817,0.814,0.814,0.814,0.816,0.957
RGI60-16.01552,1.28,1.28,1.28,1.28,1.28,1.28,1.28,1.28,1.28,1.28,1.28,1.28,1.28,1.28,1.28,1.28,0.699,0.699,0.699,0.838,0.838,0.838,0.838,0.838,0.838,0.838,0.838,0.831,0.831,0.723,0.712,0.712,0.712,0.706,0.706,0.706,0.706,0.706,0.706,0.706,0.706,0.706,0.706,0.706,0.712,0.706,0.706,0.706,0.711,0.866
RGI60-16.01553,1.293,1.293,1.293,1.293,1.293,1.293,1.293,1.293,1.293,1.293,1.293,1.293,1.293,1.293,1.293,1.293,0.723,0.723,0.723,0.896,0.896,0.896,0.896,0.896,0.896,0.896,0.896,0.89,0.89,0.842,0.836,0.836,0.836,0.834,0.834,0.834,0.834,0.834,0.834,0.834,0.834,0.834,0.834,0.834,0.836,0.834,0.834,0.834,0.835,0.973
RGI60-16.01554,1.278,1.278,1.278,1.278,1.278,1.278,1.278,1.278,1.278,1.278,1.278,1.278,1.278,1.278,1.278,1.278,0.697,0.697,0.697,0.875,0.875,0.875,0.875,0.875,0.875,0.875,0.875,0.868,0.868,0.82,0.813,0.813,0.813,0.811,0.811,0.811,0.811,0.811,0.811,0.811,0.811,0.811,0.811,0.811,0.813,0.811,0.811,0.811,0.813,0.954
RGI60-16.01555,1.278,1.278,1.278,1.278,1.278,1.278,1.278,1.278,1.278,1.278,1.278,1.278,1.278,1.278,1.278,1.278,0.696,0.696,0.696,0.875,0.875,0.875,0.875,0.875,0.875,0.875,0.875,0.868,0.868,0.819,0.813,0.813,0.813,0.81,0.81,0.81,0.81,0.81,0.81,0.81,0.81,0.81,0.81,0.81,0.813,0.81,0.81,0.81,0.812,0.954
RGI60-16.01556,1.328,1.328,1.328,1.328,1.328,1.328,1.328,1.328,1.328,1.328,1.328,1.328,1.328,1.328,1.328,1.328,0.645,0.645,0.645,0.84,0.84,0.84,0.84,0.84,0.84,0.84,0.84,0.83,0.83,0.809,0.803,0.803,0.803,0.8,0.8,0.8,0.8,0.8,0.8,0.8,0.8,0.8,0.8,0.8,0.803,0.8,0.8,0.8,0.802,1.02
RGI60-16.01557,1.331,1.331,1.331,1.331,1.331,1.331,1.331,1.331,1.331,1.331,1.331,1.331,1.331,1.331,1.331,1.331,0.651,0.651,0.651,0.844,0.844,0.844,0.844,0.844,0.844,0.844,0.844,0.834,0.834,0.813,0.807,0.807,0.807,0.804,0.804,0.804,0.804,0.804,0.804,0.804,0.804,0.804,0.804,0.804,0.807,0.804,0.804,0.804,0.806,1.024
RGI60-16.01558,1.336,1.336,1.336,1.336,1.336,1.336,1.336,1.336,1.336,1.336,1.336,1.336,1.336,1.336,1.336,1.336,0.662,0.662,0.662,0.853,0.853,0.853,0.853,0.853,0.853,0.853,0.853,0.843,0.843,0.822,0.816,0.816,0.816,0.813,0.813,0.813,0.813,0.813,0.813,0.813,0.813,0.813,0.813,0.813,0.816,0.813,0.813,0.813,0.815,1.031
RGI60-16.01559,1.329,1.329,1.329,1.329,1.329,1.329,1.329,1.329,1.329,1.329,1.329,1.329,1.329,1.329,1.329,1.329,0.647,0.647,0.647,0.842,0.842,0.842,0.842,0.842,0.842,0.842,0.842,0.832,0.832,0.81,0.805,0.805,0.805,0.802,0.802,0.802,0.802,0.802,0.802,0.802,0.802,0.802,0.802,0.802,0.805,0.802,0.802,0.802,0.803,1.022
RGI60-16.01560,1.337,1.337,1.337,1.337,1.337,1.337,1.337,1.337,1.337,1.337,1.337,1.337,1.337,1.337,1.337,1.337,0.662,0.662,0.662,0.853,0.853,0.853,0.853,0.853,0.853,0.853,0.853,0.844,0.844,0.822,0.817,0.817,0.817,0.814,0.814,0.814,0.814,0.814,0.814,0.814,0.814,0.814,0.814,0.814,0.817,0.814,0.814,0.814,0.816,1.031
RGI60-16.01561,1.331,1.331,1.331,1.331,1.331,1.331,1.331,1.331,1.331,1.331,1.331,1.331,1.331,1.331,1.331,1.331,0.651,0.651,0.651,0.844,0.844,0.844,0.844,0.844,0.844,0.844,0.844,0.834,0.834,0.813,0.807,0.807,0.807,0.805,0.805,0.805,0.805,0.805,0.805,0.805,0.805,0.805,0.805,0.805,0.807,0.805,0.805,0.805,0.806,1.024
RGI60-16.01562,1.34,1.34,1.34,1.34,1.34,1.34,1.34,1.34,1.34,1.34,1.34,1.34,1.34,1.34,1.34,1.34,0.669,0.669,0.669,0.859,0.859,0.859,0.859,0.859,0.859,0.859,0.859,0.849,0.849,0.828,0.822,0.822,0.822,0.819,0.819,0.819,0.819,0.819,0.819,0.819,0.819,0.819,0.819,0.819,0.822,0.819,0.819,0.819,0.821,1.036
RGI60-16.01563,1.287,1.287,1.287,1.287,1.287,1.287,1.287,1.287,1.287,1.287,1.287,1.287,1.287,1.287,1.287,1.287,0.723,0.723,0.723,0.895,0.895,0.895,0.895,0.895,0.895,0.895,0.895,0.889,0.889,0.839,0.833,0.833,0.833,0.83,0.83,0.83,0.83,0.83,0.83,0.83,0.83,0.83,0.83,0.83,0.833,0.83,0.83,0.83,0.832,0.966
RGI60-16.01564,1.337,1.337,1.337,1.337,1.337,1.337,1.337,1.337,1.337,1.337,1.337,1.337,1.337,1.337,1.337,1.337,0.663,0.663,0.663,0.853,0.853,0.853,0.853,0.853,0.853,0.853,0.853,0.843,0.843,0.822,0.817,0.817,0.817,0.814,0.814,0.814,0.814,0.814,0.814,0.814,0.814,0.814,0.814,0.814,0.817,0.814,0.814,0.814,0.816,1.032
RGI60-16.01565,1.324,1.324,1.324,1.324,1.324,1.324,1.324,1.324,1.324,1.324,1.324,1.324,1.324,1.324,1.324,1.324,0.634,0.634,0.634,0.829,0.829,0.829,0.829,0.829,0.829,0.829,0.829,0.819,0.819,0.798,0.792,0.792,0.792,0.789,0.789,0.789,0.789,0.789,0.789,0.789,0.789,0.789,0.789,0.789,0.792,0.789,0.789,0.789,0.791,1.014
RGI60-16.01566,1.325,1.325,1.325,1.325,1.325,1.325,1.325,1.325,1.325,1.325,1.325,1.325,1.325,1.325,1.325,1.325,0.638,0.638,0.638,0.832,0.832,0.832,0.832,0.832,0.832,0.832,0.832,0.822,0.822,0.8,0.795,0.795,0.795,0.792,0.792,0.792,0.792,0.792,0.792,0.792,0.792,0.792,0.792,0.792,0.795,0.792,0.792,0.792,0.794,1.016
RGI60-16.01567,1.338,1.338,1.338,1.338,1.338,1.338,1.338,1.338,1.338,1.338,1.338,1.338,1.338,1.338,1.338,1.338,0.663,0.663,0.663,0.851,0.851,0.851,0.851,0.851,0.851,0.851,0.851,0.841,0.841,0.82,0.815,0.815,0.815,0.812,0.812,0.812,0.812,0.812,0.812,0.812,0.812,0.812,0.812,0.812,0.815,0.812,0.812,0.812,0.814,1.032
RGI60-16.01568,1.332,1.332,1.332,1.332,1.332,1.332,1.332,1.332,1.332,1.332,1.332,1.332,1.332,1.332,1.332,1.332,0.651,0.651,0.651,0.842,0.842,0.842,0.842,0.842,0.842,0.842,0.842,0.832,0.832,0.811,0.806,0.806,0.806,0.803,0.803,0.803,0.803,0.803,0.803,0.803,0.803,0.803,0.803,0.803,0.806,0.803,0.803,0.803,0.805,1.025
RGI60-16.01569,1.329,1.329,1.329,1.329,1.329,1.329,1.329,1.329,1.329,1.329,1.329,1.329,1.329,1.329,1.329,1.329,0.645,0.645,0.645,0.838,0.838,0.838,0.838,0.838,0.838,0.838,0.838,0.828,0.828,0.806,0.801,0.801,0.801,0.798,0.798,0.798,0.798,0.798,0.798,0.798,0.798,0.798,0.798,0.798,0.801,0.798,0.798,0.798,0.8,1.021
RGI60-16.01570,1.329,1.329,1.329,1.329,1.329,1.329,1.329,1.329,1.329,1.329,1.329,1.329,1.329,1.329,1.329,1.329,0.645,0.645,0.645,0.837,0.837,0.837,0.837,0.837,0.837,0.837,0.837,0.827,0.827,0.806,0.801,0.801,0.801,0.798,0.798,0.798,0.798,0.798,0.798,0.798,0.798,0.798,0.798,0.798,0.801,0.798,0.798,0.798,0.8,1.021
RGI60-16.01571,1.381,1.381,1.381,1.381,1.381,1.381,1.381,1.381,1.381,1.381,1.381,1.381,1.381,1.381,1.381,1.381,0.747,0.747,0.747,0.918,0.918,0.918,0.918,0.918,0.918,0.918,0.918,0.909,0.909,0.889,0.884,0.884,0.884,0.882,0.882,0.882,0.882,0.882,0.882,0.882,0.882,0.882,0.882,0.882,0.884,0.882,0.882,0.882,0.883,1.088
RGI60-16.01572,1.326,1.326,1.326,1.326,1.326,1.326,1.326,1.326,1.326,1.326,1.326,1.326,1.326,1.326,1.326,1.326,0.639,0.639,0.639,0.833,0.833,0.833,0.833,0.833,0.833,0.833,0.833,0.823,0.823,0.801,0.796,0.796,0.796,0.793,0.793,0.793,0.793,0.793,0.793,0.793,0.793,0.793,0.793,0.793,0.796,0.793,0.793,0.793,0.795,1.017
RGI60-16.01573,1.335,1.335,1.335,1.335,1.335,1.335,1.335,1.335,1.335,1.335,1.335,1.335,1.335,1.335,1.335,1.335,0.654,0.654,0.654,0.842,0.842,0.842,0.842,0.842,0.842,0.842,0.842,0.832,0.832,0.812,0.807,0.807,0.807,0.804,0.804,0.804,0.804,0.804,0.804,0.804,0.804,0.804,0.804,0.804,0.807,0.804,0.804,0.804,0.806,1.029
RGI60-16.01574,1.349,1.349,1.349,1.349,1.349,1.349,1.349,1.349,1.349,1.349,1.349,1.349,1.349,1.349,1.349,1.349,0.684,0.684,0.684,0.868,0.868,0.868,0.868,0.868,0.868,0.868,0.868,0.858,0.858,0.837,0.832,0.832,0.832,0.83,0.83,0.83,0.83,0.83,0.83,0.83,0.83,0.83,0.83,0.83,0.832,0.83,0.83,0.83,0.831,1.047
RGI60-16.01575,1.327,1.327,1.327,1.327,1.327,1.327,1.327,1.327,1.327,1.327,1.327,1.327,1.327,1.327,1.327,1.327,0.639,0.639,0.639,0.832,0.832,0.832,0.832,0.832,0.832,0.832,0.832,0.822,0.822,0.801,0.795,0.795,0.795,0.793,0.793,0.793,0.793,0.793,0.793,0.793,0.793,0.793,0.793,0.793,0.795,0.793,0.793,0.793,0.794,1.018
RGI60-16.01576,1.33,1.33,1.33,1.33,1.33,1.33,1.33,1.33,1.33,1.33,1.33,1.33,1.33,1.33,1.33,1.33,0.646,0.646,0.646,0.838,0.838,0.838,0.838,0.838,0.838,0.838,0.838,0.828,0.828,0.807,0.801,0.801,0.801,0.798,0.798,0.798,0.798,0.798,0.798,0.798,0.798,0.798,0.798,0.798,0.801,0.798,0.798,0.798,0.8,1.022
RGI60-16.01577,1.327,1.327,1.327,1.327,1.327,1.327,1.327,1.327,1.327,1.327,1.327,1.327,1.327,1.327,1.327,1.327,0.641,0.641,0.641,0.834,0.834,0.834,0.834,0.834,0.834,0.834,0.834,0.824,0.824,0.802,0.797,0.797,0.797,0.794,0.794,0.794,0.794,0.794,0.794,0.794,0.794,0.794,0.794,0.794,0.797,0.794,0.794,0.794,0.796,1.019
RGI60-16.01578,1.331,1.331,1.331,1.331,1.331,1.331,1.331,1.331,1.331,1.331,1.331,1.331,1.331,1.331,1.331,1.331,0.649,0.649,0.649,0.84,0.84,0.84,0.84,0.84,0.84,0.84,0.84,0.83,0.83,0.809,0.804,0.804,0.804,0.801,0.801,0.801,0.801,0.801,0.801,0.801,0.801,0.801,0.801,0.801,0.804,0.801,0.801,0.801,0.803,1.024
RGI60-16.01579,1.347,1.347,1.347,1.347,1.347,1.347,1.347,1.347,1.347,1.347,1.347,1.347,1.347,1.347,1.347,1.347,0.681,0.681,0.681,0.865,0.865,0.865,0.865,0.865,0.865,0.865,0.865,0.855,0.855,0.835,0.83,0.83,0.83,0.827,0.827,0.827,0.827,0.827,0.827,0.827,0.827,0.827,0.827,0.827,0.83,0.827,0.827,0.827,0.829,1.045
RGI60-16.01580,1.326,1.326,1.326,1.326,1.326,1.326,1.326,1.326,1.326,1.326,1.326,1.326,1.326,1.326,1.326,1.326,0.639,0.639,0.639,0.832,0.832,0.832,0.832,0.832,0.832,0.832,0.832,0.822,0.822,0.801,0.795,0.795,0.795,0.793,0.793,0.793,0.793,0.793,0.793,0.793,0.793,0.793,0.793,0.793,0.795,0.793,0.793,0.793,0.794,1.018
RGI60-16.01581,1.393,1.393,1.393,1.393,1.393,1.393,1.393,1.393,1.393,1.393,1.393,1.393,1.393,1.393,1.393,1.393,0.767,0.767,0.767,0.934,0.934,0.934,0.934,0.934,0.934,0.934,0.934,0.925,0.925,0.907,0.902,0.902,0.902,0.899,0.899,0.899,0.899,0.899,0.899,0.899,0.899,0.899,0.899,0.899,0.902,0.899,0.899,0.899,0.901,1.103
RGI60-16.01582,1.337,1.337,1.337,1.337,1.337,1.337,1.337,1.337,1.337,1.337,1.337,1.337,1.337,1.337,1.337,1.337,0.655,0.655,0.655,0.844,0.844,0.844,0.844,0.844,0.844,0.844,0.844,0.834,0.834,0.814,0.808,0.808,0.808,0.806,0.806,0.806,0.806,0.806,0.806,0.806,0.806,0.806,0.806,0.806,0.808,0.806,0.806,0.806,0.807,1.032
RGI60-16.01583,1.331,1.331,1.331,1.331,1.331,1.331,1.331,1.331,1.331,1.331,1.331,1.331,1.331,1.331,1.331,1.331,0.643,0.643,0.643,0.834,0.834,0.834,0.834,0.834,0.834,0.834,0.834,0.824,0.824,0.803,0.798,0.798,0.798,0.795,0.795,0.795,0.795,0.795,0.795,0.795,0.795,0.795,0.795,0.795,0.798,0.795,0.795,0.795,0.797,1.024
RGI60-16.01584,1.33,1.33,1.33,1.33,1.33,1.33,1.33,1.33,1.33,1.33,1.33,1.33,1.33,1.33,1.33,1.33,0.64,0.64,0.64,0.832,0.832,0.832,0.832,0.832,0.832,0.832,0.832,0.822,0.822,0.802,0.796,0.796,0.796,0.794,0.794,0.794,0.794,0.794,0.794,0.794,0.794,0.794,0.794,0.794,0.796,0.794,0.794,0.794,0.795,1.023
RGI60-16.01585,1.332,1.332,1.332,1.332,1.332,1.332,1.332,1.332,1.332,1.332,1.332,1.332,1.332,1.332,1.332,1.332,0.643,0.643,0.643,0.835,0.835,0.835,0.835,0.835,0.835,0.835,0.835,0.824,0.824,0.804,0.799,0.799,0.799,0.796,0.796,0.796,0.796,0.796,0.796,0.796,0.796,0.796,0.796,0.796,0.799,0.796,0.796,0.796,0.798,1.024
RGI60-16.01586,1.339,1.339,1.339,1.339,1.339,1.339,1.339,1.339,1.339,1.339,1.339,1.339,1.339,1.339,1.339,1.339,0.659,0.659,0.659,0.847,0.847,0.847,0.847,0.847,0.847,0.847,0.847,0.836,0.836,0.817,0.811,0.811,0.811,0.809,0.809,0.809,0.809,0.809,0.809,0.809,0.809,0.809,0.809,0.809,0.811,0.809,0.809,0.809,0.81,1.035
RGI60-16.01587,1.332,1.332,1.332,1.332,1.332,1.332,1.332,1.332,1.332,1.332,1.332,1.332,1.332,1.332,1.332,1.332,0.643,0.643,0.643,0.835,0.835,0.835,0.835,0.835,0.835,0.835,0.835,0.824,0.824,0.804,0.799,0.799,0.799,0.796,0.796,0.796,0.796,0.796,0.796,0.796,0.796,0.796,0.796,0.796,0.799,0.796,0.796,0.796,0.798,1.025
RGI60-16.01588,1.333,1.333,1.333,1.333,1.333,1.333,1.333,1.333,1.333,1.333,1.333,1.333,1.333,1.333,1.333,1.333,0.646,0.646,0.646,0.837,0.837,0.837,0.837,0.837,0.837,0.837,0.837,0.826,0.826,0.806,0.801,0.801,0.801,0.798,0.798,0.798,0.798,0.798,0.798,0.798,0.798,0.798,0.798,0.798,0.801,0.798,0.798,0.798,0.8,1.026
RGI60-16.01589,1.34,1.34,1.34,1.34,1.34,1.34,1.34,1.34,1.34,1.34,1.34,1.34,1.34,1.34,1.34,1.34,0.661,0.661,0.661,0.848,0.848,0.848,0.848,0.848,0.848,0.848,0.848,0.838,0.838,0.818,0.813,0.813,0.813,0.811,0.811,0.811,0.811,0.811,0.811,0.811,0.811,0.811,0.811,0.811,0.813,0.811,0.811,0.811,0.812,1.036
RGI60-16.01590,1.34,1.34,1.34,1.34,1.34,1.34,1.34,1.34,1.34,1.34,1.34,1.34,1.34,1.34,1.34,1.34,0.661,0.661,0.661,0.849,0.849,0.849,0.849,0.849,0.849,0.849,0.849,0.838,0.838,0.818,0.813,0.813,0.813,0.811,0.811,0.811,0.811,0.811,0.811,0.811,0.811,0.811,0.811,0.811,0.813,0.811,0.811,0.811,0.812,1.036
RGI60-16.01591,1.345,1.345,1.345,1.345,1.345,1.345,1.345,1.345,1.345,1.345,1.345,1.345,1.345,1.345,1.345,1.345,0.674,0.674,0.674,0.858,0.858,0.858,0.858,0.858,0.858,0.858,0.858,0.848,0.848,0.828,0.823,0.823,0.823,0.82,0.82,0.82,0.82,0.82,0.82,0.82,0.82,0.82,0.82,0.82,0.823,0.82,0.82,0.82,0.822,1.042
RGI60-16.01592,1.431,1.431,1.431,1.431,1.431,1.431,1.431,1.431,1.431,1.431,1.431,1.431,1.431,1.431,1.431,1.431,0.916,0.916,0.916,1.06,1.06,1.06,1.06,1.06,1.06,1.06,1.06,1.054,1.054,1.022,1.017,1.017,1.017,1.015,1.015,1.015,1.015,1.015,1.015,1.015,1.015,1.015,1.015,1.015,1.017,1.015,1.015,1.015,1.016,1.151
RGI60-16.01593,1.291,1.291,1.291,1.291,1.291,1.291,1.291,1.291,1.291,1.291,1.291,1.291,1.291,1.291,1.291,1.291,0.675,0.675,0.675,0.861,0.861,0.861,0.861,0.861,0.861,0.861,0.861,0.853,0.853,0.813,0.808,0.808,0.808,0.805,0.805,0.805,0.805,0.805,0.805,0.805,0.805,0.805,0.805,0.805,0.808,0.805,0.805,0.805,0.807,0.971
RGI60-16.01594,1.292,1.292,1.292,1.292,1.292,1.292,1.292,1.292,1.292,1.292,1.292,1.292,1.292,1.292,1.292,1.292,0.678,0.678,0.678,0.863,0.863,0.863,0.863,0.863,0.863,0.863,0.863,0.855,0.855,0.816,0.81,0.81,0.81,0.807,0.807,0.807,0.807,0.807,0.807,0.807,0.807,0.807,0.807,0.807,0.81,0.807,0.807,0.807,0.809,0.973
RGI60-16.01595,1.294,1.294,1.294,1.294,1.294,1.294,1.294,1.294,1.294,1.294,1.294,1.294,1.294,1.294,1.294,1.294,0.681,0.681,0.681,0.865,0.865,0.865,0.865,0.865,0.865,0.865,0.865,0.857,0.857,0.817,0.812,0.812,0.812,0.809,0.809,0.809,0.809,0.809,0.809,0.809,0.809,0.809,0.809,0.809,0.812,0.809,0.809,0.809,0.811,0.975
RGI60-16.01596,1.294,1.294,1.294,1.294,1.294,1.294,1.294,1.294,1.294,1.294,1.294,1.294,1.294,1.294,1.294,1.294,0.682,0.682,0.682,0.866,0.866,0.866,0.866,0.866,0.866,0.866,0.866,0.859,0.859,0.819,0.813,0.813,0.813,0.81,0.81,0.81,0.81,0.81,0.81,0.81,0.81,0.81,0.81,0.81,0.813,0.81,0.81,0.81,0.812,0.976
RGI60-16.01597,1.376,1.376,1.376,1.376,1.376,1.376,1.376,1.376,1.376,1.376,1.376,1.376,1.376,1.376,1.376,1.376,0.827,0.827,0.827,0.984,0.984,0.984,0.984,0.984,0.984,0.984,0.984,0.978,0.978,0.943,0.938,0.938,0.938,0.936,0.936,0.936,0.936,0.936,0.936,0.936,0.936,0.936,0.936,0.936,0.938,0.936,0.936,0.936,0.937,1.082
RGI60-16.01598,1.298,1.298,1.298,1.298,1.298,1.298,1.298,1.298,1.298,1.298,1.298,1.298,1.298,1.298,1.298,1.298,0.689,0.689,0.689,0.871,0.871,0.871,0.871,0.871,0.871,0.871,0.871,0.864,0.864,0.824,0.818,0.818,0.818,0.816,0.816,0.816,0.816,0.816,0.816,0.816,0.816,0.816,0.816,0.816,0.818,0.816,0.816,0.816,0.818,0.98
RGI60-16.01599,1.304,1.304,1.304,1.304,1.304,1.304,1.304,1.304,1.304,1.304,1.304,1.304,1.304,1.304,1.304,1.304,0.7,0.7,0.7,0.88,0.88,0.88,0.88,0.88,0.88,0.88,0.88,0.873,0.873,0.833,0.828,0.828,0.828,0.825,0.825,0.825,0.825,0.825,0.825,0.825,0.825,0.825,0.825,0.825,0.828,0.825,0.825,0.825,0.827,0.988
RGI60-16.01600,1.291,1.291,1.291,1.291,1.291,1.291,1.291,1.291,1.291,1.291,1.291,1.291,1.291,1.291,1.291,1.291,0.676,0.676,0.676,0.861,0.861,0.861,0.861,0.861,0.861,0.861,0.861,0.854,0.854,0.814,0.808,0.808,0.808,0.805,0.805,0.805,0.805,0.805,0.805,0.805,0.805,0.805,0.805,0.805,0.808,0.805,0.805,0.805,0.807,0.971
RGI60-16.01601,1.53,1.53,1.53,1.53,1.53,1.53,1.53,1.53,1.53,1.53,1.53,1.53,1.53,1.53,1.53,1.53,1.064,1.064,1.064,1.19,1.19,1.19,1.19,1.19,1.19,1.19,1.19,1.184,1.184,1.156,1.152,1.152,1.152,1.15,1.15,1.15,1.15,1.15,1.15,1.15,1.15,1.15,1.15,1.15,1.152,1.15,1.15,1.15,1.151,1.272
RGI60-16.01602,1.296,1.296,1.296,1.296,1.296,1.296,1.296,1.296,1.296,1.296,1.296,1.296,1.296,1.296,1.296,1.296,0.685,0.685,0.685,0.868,0.868,0.868,0.868,0.868,0.868,0.868,0.868,0.861,0.861,0.821,0.815,0.815,0.815,0.813,0.813,0.813,0.813,0.813,0.813,0.813,0.813,0.813,0.813,0.813,0.815,0.813,0.813,0.813,0.814,0.978
RGI60-16.01603,1.299,1.299,1.299,1.299,1.299,1.299,1.299,1.299,1.299,1.299,1.299,1.299,1.299,1.299,1.299,1.299,0.693,0.693,0.693,0.875,0.875,0.875,0.875,0.875,0.875,0.875,0.875,0.867,0.867,0.828,0.822,0.822,0.822,0.819,0.819,0.819,0.819,0.819,0.819,0.819,0.819,0.819,0.819,0.819,0.822,0.819,0.819,0.819,0.821,0.982
RGI60-16.01604,1.341,1.341,1.341,1.341,1.341,1.341,1.341,1.341,1.341,1.341,1.341,1.341,1.341,1.341,1.341,1.341,0.77,0.77,0.77,0.936,0.936,0.936,0.936,0.936,0.936,0.936,0.936,0.929,0.929,0.892,0.887,0.887,0.887,0.884,0.884,0.884,0.884,0.884,0.884,0.884,0.884,0.884,0.884,0.884,0.887,0.884,0.884,0.884,0.886,1.037
RGI60-16.01605,1.286,1.286,1.286,1.286,1.286,1.286,1.286,1.286,1.286,1.286,1.286,1.286,1.286,1.286,1.286,1.286,0.711,0.711,0.711,0.887,0.887,0.887,0.887,0.887,0.887,0.887,0.887,0.88,0.88,0.832,0.826,0.826,0.826,0.823,0.823,0.823,0.823,0.823,0.823,0.823,0.823,0.823,0.823,0.823,0.826,0.823,0.823,0.823,0.825,0.965
RGI60-16.01606,1.282,1.282,1.282,1.282,1.282,1.282,1.282,1.282,1.282,1.282,1.282,1.282,1.282,1.282,1.282,1.282,0.704,0.704,0.704,0.881,0.881,0.881,0.881,0.881,0.881,0.881,0.881,0.874,0.874,0.826,0.82,0.82,0.82,0.817,0.817,0.817,0.817,0.817,0.817,0.817,0.817,0.817,0.817,0.817,0.82,0.817,0.817,0.817,0.819,0.959
RGI60-16.01607,1.284,1.284,1.284,1.284,1.284,1.284,1.284,1.284,1.284,1.284,1.284,1.284,1.284,1.284,1.284,1.284,0.692,0.692,0.692,0.875,0.875,0.875,0.875,0.875,0.875,0.875,0.875,0.868,0.868,0.822,0.816,0.816,0.816,0.813,0.813,0.813,0.813,0.813,0.813,0.813,0.813,0.813,0.813,0.813,0.816,0.813,0.813,0.813,0.815,0.962
RGI60-16.01608,1.284,1.284,1.284,1.284,1.284,1.284,1.284,1.284,1.284,1.284,1.284,1.284,1.284,1.284,1.284,1.284,0.69,0.69,0.69,0.873,0.873,0.873,0.873,0.873,0.873,0.873,0.873,0.867,0.867,0.821,0.815,0.815,0.815,0.812,0.812,0.812,0.812,0.812,0.812,0.812,0.812,0.812,0.812,0.812,0.815,0.812,0.812,0.812,0.814,0.962
RGI60-16.01609,1.283,1.283,1.283,1.283,1.283,1.283,1.283,1.283,1.283,1.283,1.283,1.283,1.283,1.283,1.283,1.283,0.69,0.69,0.69,0.873,0.873,0.873,0.873,0.873,0.873,0.873,0.873,0.866,0.866,0.82,0.814,0.814,0.814,0.811,0.811,0.811,0.811,0.811,0.811,0.811,0.811,0.811,0.811,0.811,0.814,0.811,0.811,0.811,0.813,0.961
RGI60-16.01610,1.333,1.333,1.333,1.333,1.333,1.333,1.333,1.333,1.333,1.333,1.333,1.333,1.333,1.333,1.333,1.333,0.657,0.657,0.657,0.85,0.85,0.85,0.85,0.85,0.85,0.85,0.85,0.84,0.84,0.818,0.813,0.813,0.813,0.81,0.81,0.81,0.81,0.81,0.81,0.81,0.81,0.81,0.81,0.81,0.813,0.81,0.81,0.81,0.811,1.027
RGI60-16.01611,1.33,1.33,1.33,1.33,1.33,1.33,1.33,1.33,1.33,1.33,1.33,1.33,1.33,1.33,1.33,1.33,0.65,0.65,0.65,0.844,0.844,0.844,0.844,0.844,0.844,0.844,0.844,0.834,0.834,0.812,0.807,0.807,0.807,0.804,0.804,0.804,0.804,0.804,0.804,0.804,0.804,0.804,0.804,0.804,0.807,0.804,0.804,0.804,0.806,1.022
RGI60-16.01612,1.341,1.341,1.341,1.341,1.341,1.341,1.341,1.341,1.341,1.341,1.341,1.341,1.341,1.341,1.341,1.341,0.67,0.67,0.67,0.86,0.86,0.86,0.86,0.86,0.86,0.86,0.86,0.85,0.85,0.829,0.824,0.824,0.824,0.821,0.821,0.821,0.821,0.821,0.821,0.821,0.821,0.821,0.821,0.821,0.824,0.821,0.821,0.821,0.823,1.036
RGI60-16.01613,1.282,1.282,1.282,1.282,1.282,1.282,1.282,1.282,1.282,1.282,1.282,1.282,1.282,1.282,1.282,1.282,0.686,0.686,0.686,0.87,0.87,0.87,0.87,0.87,0.87,0.87,0.87,0.863,0.863,0.817,0.811,0.811,0.811,0.809,0.809,0.809,0.809,0.809,0.809,0.809,0.809,0.809,0.809,0.809,0.811,0.809,0.809,0.809,0.811,0.96
RGI60-16.01614,1.331,1.331,1.331,1.331,1.331,1.331,1.331,1.331,1.331,1.331,1.331,1.331,1.331,1.331,1.331,1.331,0.651,0.651,0.651,0.844,0.844,0.844,0.844,0.844,0.844,0.844,0.844,0.834,0.834,0.813,0.807,0.807,0.807,0.805,0.805,0.805,0.805,0.805,0.805,0.805,0.805,0.805,0.805,0.805,0.807,0.805,0.805,0.805,0.806,1.024
RGI60-16.01615,1.417,1.417,1.417,1.417,1.417,1.417,1.417,1.417,1.417,1.417,1.417,1.417,1.417,1.417,1.417,1.417,0.912,0.912,0.912,1.113,1.113,1.113,1.113,1.113,1.113,1.113,1.113,1.112,1.112,1.081,1.05,1.05,1.05,1.036,1.036,1.036,1.036,1.036,1.036,1.036,1.036,1.036,1.036,1.036,1.05,1.036,1.036,1.036,1.047,1.133
RGI60-16.01616,1.417,1.417,1.417,1.417,1.417,1.417,1.417,1.417,1.417,1.417,1.417,1.417,1.417,1.417,1.417,1.417,0.913,0.913,0.913,1.114,1.114,1.114,1.114,1.114,1.114,1.114,1.114,1.113,1.113,1.082,1.051,1.051,1.051,1.037,1.037,1.037,1.037,1.037,1.037,1.037,1.037,1.037,1.037,1.037,1.051,1.037,1.037,1.037,1.047,1.133
RGI60-16.01617,1.28,1.28,1.28,1.28,1.28,1.28,1.28,1.28,1.28,1.28,1.28,1.28,1.28,1.28,1.28,1.28,0.699,0.699,0.699,0.838,0.838,0.838,0.838,0.838,0.838,0.838,0.838,0.831,0.831,0.723,0.712,0.712,0.712,0.706,0.706,0.706,0.706,0.706,0.706,0.706,0.706,0.706,0.706,0.706,0.712,0.706,0.706,0.706,0.711,0.866
RGI60-16.01618,1.411,1.411,1.411,1.411,1.411,1.411,1.411,1.411,1.411,1.411,1.411,1.411,1.411,1.411,1.411,1.411,0.908,0.908,0.908,1.106,1.106,1.106,1.106,1.106,1.106,1.106,1.106,1.105,1.105,1.075,1.043,1.043,1.043,1.028,1.028,1.028,1.028,1.028,1.028,1.028,1.028,1.028,1.028,1.028,1.043,1.028,1.028,1.028,1.039,1.126
RGI60-16.01619,1.415,1.415,1.415,1.415,1.415,1.415,1.415,1.415,1.415,1.415,1.415,1.415,1.415,1.415,1.415,1.415,0.914,0.914,0.914,1.111,1.111,1.111,1.111,1.111,1.111,1.111,1.111,1.111,1.111,1.08,1.048,1.048,1.048,1.034,1.034,1.034,1.034,1.034,1.034,1.034,1.034,1.034,1.034,1.034,1.048,1.034,1.034,1.034,1.044,1.131
RGI60-16.01620,1.422,1.422,1.422,1.422,1.422,1.422,1.422,1.422,1.422,1.422,1.422,1.422,1.422,1.422,1.422,1.422,0.925,0.925,0.925,1.121,1.121,1.121,1.121,1.121,1.121,1.121,1.121,1.12,1.12,1.09,1.058,1.058,1.058,1.044,1.044,1.044,1.044,1.044,1.044,1.044,1.044,1.044,1.044,1.044,1.058,1.044,1.044,1.044,1.055,1.14
RGI60-16.01621,1.426,1.426,1.426,1.426,1.426,1.426,1.426,1.426,1.426,1.426,1.426,1.426,1.426,1.426,1.426,1.426,0.931,0.931,0.931,1.125,1.125,1.125,1.125,1.125,1.125,1.125,1.125,1.125,1.125,1.094,1.063,1.063,1.063,1.049,1.049,1.049,1.049,1.049,1.049,1.049,1.049,1.049,1.049,1.049,1.063,1.049,1.049,1.049,1.059,1.145
RGI60-16.01622,1.593,1.593,1.593,1.593,1.593,1.593,1.593,1.593,1.593,1.593,1.593,1.593,1.593,1.593,1.593,1.593,1.127,1.127,1.127,1.322,1.322,1.322,1.322,1.322,1.322,1.322,1.322,1.593,1.593,1.295,1.274,1.274,1.274,1.264,1.264,1.264,1.264,1.264,1.264,1.264,1.264,1.264,1.264,1.264,1.274,1.264,1.264,1.264,1.27,1.347
RGI60-16.01623,1.559,1.559,1.559,1.559,1.559,1.559,1.559,1.559,1.559,1.559,1.559,1.559,1.559,1.559,1.559,1.559,1.078,1.078,1.078,1.281,1.281,1.281,1.281,1.281,1.281,1.281,1.281,1.559,1.559,1.252,1.231,1.231,1.231,1.22,1.22,1.22,1.22,1.22,1.22,1.22,1.22,1.22,1.22,1.22,1.231,1.22,1.22,1.22,1.227,1.306
RGI60-16.01624,1.535,1.535,1.535,1.535,1.535,1.535,1.535,1.535,1.535,1.535,1.535,1.535,1.535,1.535,1.535,1.535,1.042,1.042,1.042,1.251,1.251,1.251,1.251,1.251,1.251,1.251,1.251,1.535,1.535,1.222,1.2,1.2,1.2,1.189,1.189,1.189,1.189,1.189,1.189,1.189,1.189,1.189,1.189,1.189,1.2,1.189,1.189,1.189,1.196,1.277
RGI60-16.01625,1.516,1.516,1.516,1.516,1.516,1.516,1.516,1.516,1.516,1.516,1.516,1.516,1.516,1.516,1.516,1.516,1.015,1.015,1.015,1.228,1.228,1.228,1.228,1.228,1.228,1.228,1.228,1.516,1.516,1.199,1.177,1.177,1.177,1.165,1.165,1.165,1.165,1.165,1.165,1.165,1.165,1.165,1.165,1.165,1.177,1.165,1.165,1.165,1.172,1.255
RGI60-16.01626,1.718,1.718,1.718,1.718,1.718,1.718,1.718,1.718,1.718,1.718,1.718,1.718,1.718,1.718,1.718,1.718,1.297,1.297,1.297,1.47,1.47,1.47,1.47,1.47,1.47,1.47,1.47,1.718,1.718,1.445,1.427,1.427,1.427,1.418,1.418,1.418,1.418,1.418,1.418,1.418,1.418,1.418,1.418,1.418,1.427,1.418,1.418,1.418,1.423,1.492
RGI60-16.01627,1.677,1.677,1.677,1.677,1.677,1.677,1.677,1.677,1.677,1.677,1.677,1.677,1.677,1.677,1.677,1.677,1.242,1.242,1.242,1.422,1.422,1.422,1.422,1.422,1.422,1.422,1.422,1.677,1.677,1.396,1.377,1.377,1.377,1.367,1.367,1.367,1.367,1.367,1.367,1.367,1.367,1.367,1.367,1.367,1.377,1.367,1.367,1.367,1.373,1.445
RGI60-16.01628,1.662,1.662,1.662,1.662,1.662,1.662,1.662,1.662,1.662,1.662,1.662,1.662,1.662,1.662,1.662,1.662,1.223,1.223,1.223,1.405,1.405,1.405,1.405,1.405,1.405,1.405,1.405,1.662,1.662,1.379,1.36,1.36,1.36,1.35,1.35,1.35,1.35,1.35,1.35,1.35,1.35,1.35,1.35,1.35,1.36,1.35,1.35,1.35,1.356,1.428
RGI60-16.01629,1.552,1.552,1.552,1.552,1.552,1.552,1.552,1.552,1.552,1.552,1.552,1.552,1.552,1.552,1.552,1.552,1.067,1.067,1.067,1.272,1.272,1.272,1.272,1.272,1.272,1.272,1.272,1.552,1.552,1.243,1.222,1.222,1.222,1.211,1.211,1.211,1.211,1.211,1.211,1.211,1.211,1.211,1.211,1.211,1.222,1.211,1.211,1.211,1.218,1.298
RGI60-16.01630,1.562,1.562,1.562,1.562,1.562,1.562,1.562,1.562,1.562,1.562,1.562,1.562,1.562,1.562,1.562,1.562,1.082,1.082,1.082,1.284,1.284,1.284,1.284,1.284,1.284,1.284,1.284,1.562,1.562,1.256,1.235,1.235,1.235,1.224,1.224,1.224,1.224,1.224,1.224,1.224,1.224,1.224,1.224,1.224,1.235,1.224,1.224,1.224,1.23,1.31
RGI60-16.01631,1.517,1.517,1.517,1.517,1.517,1.517,1.517,1.517,1.517,1.517,1.517,1.517,1.517,1.517,1.517,1.517,1.016,1.016,1.016,1.23,1.23,1.23,1.23,1.23,1.23,1.23,1.23,1.517,1.517,1.2,1.178,1.178,1.178,1.166,1.166,1.166,1.166,1.166,1.166,1.166,1.166,1.166,1.166,1.166,1.178,1.166,1.166,1.166,1.173,1.256
RGI60-16.01632,1.28,1.28,1.28,1.28,1.28,1.28,1.28,1.28,1.28,1.28,1.28,1.28,1.28,1.28,1.28,1.28,0.699,0.699,0.699,0.838,0.838,0.838,0.838,0.838,0.838,0.838,0.838,0.831,0.831,0.723,0.712,0.712,0.712,0.706,0.706,0.706,0.706,0.706,0.706,0.706,0.706,0.706,0.706,0.706,0.712,0.706,0.706,0.706,0.711,0.866
RGI60-16.01633,1.577,1.577,1.577,1.577,1.577,1.577,1.577,1.577,1.577,1.577,1.577,1.577,1.577,1.577,1.577,1.577,1.104,1.104,1.104,1.303,1.303,1.303,1.303,1.303,1.303,1.303,1.303,1.577,1.577,1.275,1.255,1.255,1.255,1.244,1.244,1.244,1.244,1.244,1.244,1.244,1.244,1.244,1.244,1.244,1.255,1.244,1.244,1.244,1.25,1.329
RGI60-16.01634,1.548,1.548,1.548,1.548,1.548,1.548,1.548,1.548,1.548,1.548,1.548,1.548,1.548,1.548,1.548,1.548,1.061,1.061,1.061,1.267,1.267,1.267,1.267,1.267,1.267,1.267,1.267,1.548,1.548,1.238,1.217,1.217,1.217,1.206,1.206,1.206,1.206,1.206,1.206,1.206,1.206,1.206,1.206,1.206,1.217,1.206,1.206,1.206,1.212,1.293
RGI60-16.01635,1.617,1.617,1.617,1.617,1.617,1.617,1.617,1.617,1.617,1.617,1.617,1.617,1.617,1.617,1.617,1.617,1.161,1.161,1.161,1.351,1.351,1.351,1.351,1.351,1.351,1.351,1.351,1.348,1.348,1.324,1.304,1.304,1.304,1.294,1.294,1.294,1.294,1.294,1.294,1.294,1.294,1.294,1.294,1.294,1.304,1.294,1.294,1.294,1.3,1.376
RGI60-16.01636,1.611,1.611,1.611,1.611,1.611,1.611,1.611,1.611,1.611,1.611,1.611,1.611,1.611,1.611,1.611,1.611,1.151,1.151,1.151,1.343,1.343,1.343,1.343,1.343,1.343,1.343,1.343,1.34,1.34,1.316,1.296,1.296,1.296,1.286,1.286,1.286,1.286,1.286,1.286,1.286,1.286,1.286,1.286,1.286,1.296,1.286,1.286,1.286,1.292,1.368
RGI60-16.01637,1.599,1.599,1.599,1.599,1.599,1.599,1.599,1.599,1.599,1.599,1.599,1.599,1.599,1.599,1.599,1.599,1.134,1.134,1.134,1.329,1.329,1.329,1.329,1.329,1.329,1.329,1.329,1.326,1.326,1.301,1.281,1.281,1.281,1.27,1.27,1.27,1.27,1.27,1.27,1.27,1.27,1.27,1.27,1.27,1.281,1.27,1.27,1.27,1.277,1.354
RGI60-16.01638,1.552,1.552,1.552,1.552,1.552,1.552,1.552,1.552,1.552,1.552,1.552,1.552,1.552,1.552,1.552,1.552,1.068,1.068,1.068,1.273,1.273,1.273,1.273,1.273,1.273,1.273,1.273,1.27,1.27,1.244,1.223,1.223,1.223,1.212,1.212,1.212,1.212,1.212,1.212,1.212,1.212,1.212,1.212,1.212,1.223,1.212,1.212,1.212,1.218,1.299
RGI60-16.01639,1.554,1.554,1.554,1.554,1.554,1.554,1.554,1.554,1.554,1.554,1.554,1.554,1.554,1.554,1.554,1.554,1.07,1.07,1.07,1.274,1.274,1.274,1.274,1.274,1.274,1.274,1.274,1.271,1.271,1.246,1.224,1.224,1.224,1.213,1.213,1.213,1.213,1.213,1.213,1.213,1.213,1.213,1.213,1.213,1.224,1.213,1.213,1.213,1.22,1.3
RGI60-16.01640,1.616,1.616,1.616,1.616,1.616,1.616,1.616,1.616,1.616,1.616,1.616,1.616,1.616,1.616,1.616,1.616,1.159,1.159,1.159,1.35,1.35,1.35,1.35,1.35,1.35,1.35,1.35,1.347,1.347,1.323,1.303,1.303,1.303,1.292,1.292,1.292,1.292,1.292,1.292,1.292,1.292,1.292,1.292,1.292,1.303,1.292,1.292,1.292,1.298,1.374
RGI60-16.01641,1.592,1.592,1.592,1.592,1.592,1.592,1.592,1.592,1.592,1.592,1.592,1.592,1.592,1.592,1.592,1.592,1.125,1.125,1.125,1.321,1.321,1.321,1.321,1.321,1.321,1.321,1.321,1.318,1.318,1.293,1.273,1.273,1.273,1.262,1.262,1.262,1.262,1.262,1.262,1.262,1.262,1.262,1.262,1.262,1.273,1.262,1.262,1.262,1.268,1.346
RGI60-16.01642,1.457,1.457,1.457,1.457,1.457,1.457,1.457,1.457,1.457,1.457,1.457,1.457,1.457,1.457,1.457,1.457,0.924,0.924,0.924,1.154,1.154,1.154,1.154,1.154,1.154,1.154,1.154,1.151,1.151,1.123,1.099,1.099,1.099,1.087,1.087,1.087,1.087,1.087,1.087,1.087,1.087,1.087,1.087,1.087,1.099,1.087,1.087,1.087,1.094,1.183
RGI60-16.01643,1.461,1.461,1.461,1.461,1.461,1.461,1.461,1.461,1.461,1.461,1.461,1.461,1.461,1.461,1.461,1.461,0.931,0.931,0.931,1.16,1.16,1.16,1.16,1.16,1.16,1.16,1.16,1.157,1.157,1.129,1.105,1.105,1.105,1.093,1.093,1.093,1.093,1.093,1.093,1.093,1.093,1.093,1.093,1.093,1.105,1.093,1.093,1.093,1.1,1.188
RGI60-16.01644,1.462,1.462,1.462,1.462,1.462,1.462,1.462,1.462,1.462,1.462,1.462,1.462,1.462,1.462,1.462,1.462,0.932,0.932,0.932,1.161,1.161,1.161,1.161,1.161,1.161,1.161,1.161,1.157,1.157,1.129,1.106,1.106,1.106,1.094,1.094,1.094,1.094,1.094,1.094,1.094,1.094,1.094,1.094,1.094,1.106,1.094,1.094,1.094,1.101,1.189
RGI60-16.01645,1.459,1.459,1.459,1.459,1.459,1.459,1.459,1.459,1.459,1.459,1.459,1.459,1.459,1.459,1.459,1.459,0.927,0.927,0.927,1.156,1.156,1.156,1.156,1.156,1.156,1.156,1.156,1.153,1.153,1.125,1.101,1.101,1.101,1.089,1.089,1.089,1.089,1.089,1.089,1.089,1.089,1.089,1.089,1.089,1.101,1.089,1.089,1.089,1.096,1.185
RGI60-16.01646,1.48,1.48,1.48,1.48,1.48,1.48,1.48,1.48,1.48,1.48,1.48,1.48,1.48,1.48,1.48,1.48,0.96,0.96,0.96,1.183,1.183,1.183,1.183,1.183,1.183,1.183,1.183,1.18,1.18,1.152,1.129,1.129,1.129,1.117,1.117,1.117,1.117,1.117,1.117,1.117,1.117,1.117,1.117,1.117,1.129,1.117,1.117,1.117,1.124,1.211
RGI60-16.01647,1.479,1.479,1.479,1.479,1.479,1.479,1.479,1.479,1.479,1.479,1.479,1.479,1.479,1.479,1.479,1.479,0.959,0.959,0.959,1.183,1.183,1.183,1.183,1.183,1.183,1.183,1.183,1.179,1.179,1.152,1.129,1.129,1.129,1.117,1.117,1.117,1.117,1.117,1.117,1.117,1.117,1.117,1.117,1.117,1.129,1.117,1.117,1.117,1.124,1.211
RGI60-16.01648,1.489,1.489,1.489,1.489,1.489,1.489,1.489,1.489,1.489,1.489,1.489,1.489,1.489,1.489,1.489,1.489,0.974,0.974,0.974,1.194,1.194,1.194,1.194,1.194,1.194,1.194,1.194,1.191,1.191,1.164,1.141,1.141,1.141,1.129,1.129,1.129,1.129,1.129,1.129,1.129,1.129,1.129,1.129,1.129,1.141,1.129,1.129,1.129,1.136,1.222
RGI60-16.01649,1.554,1.554,1.554,1.554,1.554,1.554,1.554,1.554,1.554,1.554,1.554,1.554,1.554,1.554,1.554,1.554,1.07,1.07,1.07,1.274,1.274,1.274,1.274,1.274,1.274,1.274,1.274,1.271,1.271,1.246,1.225,1.225,1.225,1.214,1.214,1.214,1.214,1.214,1.214,1.214,1.214,1.214,1.214,1.214,1.225,1.214,1.214,1.214,1.22,1.3
RGI60-16.01650,1.472,1.472,1.472,1.472,1.472,1.472,1.472,1.472,1.472,1.472,1.472,1.472,1.472,1.472,1.472,1.472,0.947,0.947,0.947,1.173,1.173,1.173,1.173,1.173,1.173,1.173,1.173,1.169,1.169,1.142,1.118,1.118,1.118,1.106,1.106,1.106,1.106,1.106,1.106,1.106,1.106,1.106,1.106,1.106,1.118,1.106,1.106,1.106,1.114,1.201
RGI60-16.01651,1.499,1.499,1.499,1.499,1.499,1.499,1.499,1.499,1.499,1.499,1.499,1.499,1.499,1.499,1.499,1.499,0.989,0.989,0.989,1.207,1.207,1.207,1.207,1.207,1.207,1.207,1.207,1.204,1.204,1.177,1.154,1.154,1.154,1.143,1.143,1.143,1.143,1.143,1.143,1.143,1.143,1.143,1.143,1.143,1.154,1.143,1.143,1.143,1.149,1.234
RGI60-16.01652,1.476,1.476,1.476,1.476,1.476,1.476,1.476,1.476,1.476,1.476,1.476,1.476,1.476,1.476,1.476,1.476,0.954,0.954,0.954,1.179,1.179,1.179,1.179,1.179,1.179,1.179,1.179,1.175,1.175,1.148,1.125,1.125,1.125,1.113,1.113,1.113,1.113,1.113,1.113,1.113,1.113,1.113,1.113,1.113,1.125,1.113,1.113,1.113,1.12,1.207
RGI60-16.01653,1.28,1.28,1.28,1.28,1.28,1.28,1.28,1.28,1.28,1.28,1.28,1.28,1.28,1.28,1.28,1.28,0.699,0.699,0.699,0.838,0.838,0.838,0.838,0.838,0.838,0.838,0.838,0.831,0.831,0.723,0.712,0.712,0.712,0.706,0.706,0.706,0.706,0.706,0.706,0.706,0.706,0.706,0.706,0.706,0.712,0.706,0.706,0.706,0.711,0.866
RGI60-16.01654,1.457,1.457,1.457,1.457,1.457,1.457,1.457,1.457,1.457,1.457,1.457,1.457,1.457,1.457,1.457,1.457,0.924,0.924,0.924,1.154,1.154,1.154,1.154,1.154,1.154,1.154,1.154,1.151,1.151,1.123,1.099,1.099,1.099,1.087,1.087,1.087,1.087,1.087,1.087,1.087,1.087,1.087,1.087,1.087,1.099,1.087,1.087,1.087,1.094,1.183
RGI60-16.01655,1.453,1.453,1.453,1.453,1.453,1.453,1.453,1.453,1.453,1.453,1.453,1.453,1.453,1.453,1.453,1.453,0.918,0.918,0.918,1.149,1.149,1.149,1.149,1.149,1.149,1.149,1.149,1.146,1.146,1.118,1.094,1.094,1.094,1.082,1.082,1.082,1.082,1.082,1.082,1.082,1.082,1.082,1.082,1.082,1.094,1.082,1.082,1.082,1.089,1.178
RGI60-16.01656,1.456,1.456,1.456,1.456,1.456,1.456,1.456,1.456,1.456,1.456,1.456,1.456,1.456,1.456,1.456,1.456,0.923,0.923,0.923,1.153,1.153,1.153,1.153,1.153,1.153,1.153,1.153,1.15,1.15,1.122,1.098,1.098,1.098,1.086,1.086,1.086,1.086,1.086,1.086,1.086,1.086,1.086,1.086,1.086,1.098,1.086,1.086,1.086,1.093,1.182
RGI60-16.01657,1.457,1.457,1.457,1.457,1.457,1.457,1.457,1.457,1.457,1.457,1.457,1.457,1.457,1.457,1.457,1.457,0.924,0.924,0.924,1.154,1.154,1.154,1.154,1.154,1.154,1.154,1.154,1.151,1.151,1.123,1.099,1.099,1.099,1.087,1.087,1.087,1.087,1.087,1.087,1.087,1.087,1.087,1.087,1.087,1.099,1.087,1.087,1.087,1.094,1.183
RGI60-16.01658,1.469,1.469,1.469,1.469,1.469,1.469,1.469,1.469,1.469,1.469,1.469,1.469,1.469,1.469,1.469,1.469,0.943,0.943,0.943,1.17,1.17,1.17,1.17,1.17,1.17,1.17,1.17,1.166,1.166,1.139,1.115,1.115,1.115,1.103,1.103,1.103,1.103,1.103,1.103,1.103,1.103,1.103,1.103,1.103,1.115,1.103,1.103,1.103,1.111,1.198
RGI60-16.01659,1.528,1.528,1.528,1.528,1.528,1.528,1.528,1.528,1.528,1.528,1.528,1.528,1.528,1.528,1.528,1.528,1.033,1.033,1.033,1.243,1.243,1.243,1.243,1.243,1.243,1.243,1.243,1.24,1.24,1.214,1.192,1.192,1.192,1.181,1.181,1.181,1.181,1.181,1.181,1.181,1.181,1.181,1.181,1.181,1.192,1.181,1.181,1.181,1.188,1.27
RGI60-16.01660,1.674,1.674,1.674,1.674,1.674,1.674,1.674,1.674,1.674,1.674,1.674,1.674,1.674,1.674,1.674,1.674,1.239,1.239,1.239,1.419,1.419,1.419,1.419,1.419,1.419,1.419,1.419,1.416,1.416,1.393,1.374,1.374,1.374,1.364,1.364,1.364,1.364,1.364,1.364,1.364,1.364,1.364,1.364,1.364,1.374,1.364,1.364,1.364,1.37,1.442
RGI60-16.01661,1.552,1.552,1.552,1.552,1.552,1.552,1.552,1.552,1.552,1.552,1.552,1.552,1.552,1.552,1.552,1.552,1.068,1.068,1.068,1.272,1.272,1.272,1.272,1.272,1.272,1.272,1.272,1.269,1.269,1.244,1.223,1.223,1.223,1.212,1.212,1.212,1.212,1.212,1.212,1.212,1.212,1.212,1.212,1.212,1.223,1.212,1.212,1.212,1.218,1.298
RGI60-16.01662,1.473,1.473,1.473,1.473,1.473,1.473,1.473,1.473,1.473,1.473,1.473,1.473,1.473,1.473,1.473,1.473,0.949,0.949,0.949,1.175,1.175,1.175,1.175,1.175,1.175,1.175,1.175,1.171,1.171,1.143,1.12,1.12,1.12,1.108,1.108,1.108,1.108,1.108,1.108,1.108,1.108,1.108,1.108,1.108,1.12,1.108,1.108,1.108,1.115,1.203
RGI60-16.01663,1.28,1.28,1.28,1.28,1.28,1.28,1.28,1.28,1.28,1.28,1.28,1.28,1.28,1.28,1.28,1.28,0.699,0.699,0.699,0.838,0.838,0.838,0.838,0.838,0.838,0.838,0.838,0.831,0.831,0.723,0.712,0.712,0.712,0.706,0.706,0.706,0.706,0.706,0.706,0.706,0.706,0.706,0.706,0.706,0.712,0.706,0.706,0.706,0.711,0.866
RGI60-16.01664,1.312,1.312,1.312,1.312,1.312,1.312,1.312,1.312,1.312,1.312,1.312,1.312,1.312,1.312,1.312,1.312,0.836,0.836,0.836,0.986,0.986,0.986,0.986,0.986,0.986,0.986,0.986,0.982,0.982,0.915,0.91,0.91,0.91,0.907,0.907,0.907,0.907,0.907,0.907,0.907,0.907,0.907,0.907,0.907,0.91,0.907,0.907,0.907,0.909,0.999
RGI60-16.01665,1.309,1.309,1.309,1.309,1.309,1.309,1.309,1.309,1.309,1.309,1.309,1.309,1.309,1.309,1.309,1.309,0.867,0.867,0.867,0.995,0.995,0.995,0.995,0.995,0.995,0.995,0.995,0.992,0.992,0.878,0.873,0.873,0.873,0.871,0.871,0.871,0.871,0.871,0.871,0.871,0.871,0.871,0.871,0.871,0.873,0.871,0.871,0.871,0.873,0.919
RGI60-16.01666,1.26,1.26,1.26,1.26,1.26,1.26,1.26,1.26,1.26,1.26,1.26,1.26,1.26,1.26,1.26,1.26,0.792,0.792,0.792,0.93,0.93,0.93,0.93,0.93,0.93,0.93,0.93,0.927,0.927,0.803,0.798,0.798,0.798,0.795,0.795,0.795,0.795,0.795,0.795,0.795,0.795,0.795,0.795,0.795,0.798,0.795,0.795,0.795,0.797,0.847
RGI60-16.01667,1.286,1.286,1.286,1.286,1.286,1.286,1.286,1.286,1.286,1.286,1.286,1.286,1.286,1.286,1.286,1.286,0.808,0.808,0.808,0.961,0.961,0.961,0.961,0.961,0.961,0.961,0.961,0.957,0.957,0.884,0.878,0.878,0.878,0.876,0.876,0.876,0.876,0.876,0.876,0.876,0.876,0.876,0.876,0.876,0.878,0.876,0.876,0.876,0.878,0.964
RGI60-16.01668,1.406,1.406,1.406,1.406,1.406,1.406,1.406,1.406,1.406,1.406,1.406,1.406,1.406,1.406,1.406,1.406,1.008,1.008,1.008,1.12,1.12,1.12,1.12,1.12,1.12,1.12,1.12,1.117,1.117,1.016,1.012,1.012,1.012,1.01,1.01,1.01,1.01,1.01,1.01,1.01,1.01,1.01,1.01,1.01,1.012,1.01,1.01,1.01,1.012,1.051
RGI60-16.01669,1.421,1.421,1.421,1.421,1.421,1.421,1.421,1.421,1.421,1.421,1.421,1.421,1.421,1.421,1.421,1.421,1.029,1.029,1.029,1.139,1.139,1.139,1.139,1.139,1.139,1.139,1.139,1.136,1.136,1.037,1.032,1.032,1.032,1.031,1.031,1.031,1.031,1.031,1.031,1.031,1.031,1.031,1.031,1.031,1.032,1.031,1.031,1.031,1.032,1.071
RGI60-16.01670,1.345,1.345,1.345,1.345,1.345,1.345,1.345,1.345,1.345,1.345,1.345,1.345,1.345,1.345,1.345,1.345,0.921,0.921,0.921,1.042,1.042,1.042,1.042,1.042,1.042,1.042,1.042,1.039,1.039,0.93,0.925,0.925,0.925,0.923,0.923,0.923,0.923,0.923,0.923,0.923,0.923,0.923,0.923,0.923,0.925,0.923,0.923,0.923,0.924,0.968
RGI60-16.01671,1.259,1.259,1.259,1.259,1.259,1.259,1.259,1.259,1.259,1.259,1.259,1.259,1.259,1.259,1.259,1.259,0.79,0.79,0.79,0.929,0.929,0.929,0.929,0.929,0.929,0.929,0.929,0.926,0.926,0.801,0.795,0.795,0.795,0.793,0.793,0.793,0.793,0.793,0.793,0.793,0.793,0.793,0.793,0.793,0.795,0.793,0.793,0.793,0.795,0.845
RGI60-16.01672,1.257,1.257,1.257,1.257,1.257,1.257,1.257,1.257,1.257,1.257,1.257,1.257,1.257,1.257,1.257,1.257,0.787,0.787,0.787,0.926,0.926,0.926,0.926,0.926,0.926,0.926,0.926,0.922,0.922,0.797,0.791,0.791,0.791,0.789,0.789,0.789,0.789,0.789,0.789,0.789,0.789,0.789,0.789,0.789,0.791,0.789,0.789,0.789,0.791,0.841
RGI60-16.01673,1.276,1.276,1.276,1.276,1.276,1.276,1.276,1.276,1.276,1.276,1.276,1.276,1.276,1.276,1.276,1.276,0.816,0.816,0.816,0.951,0.951,0.951,0.951,0.951,0.951,0.951,0.951,0.948,0.948,0.826,0.82,0.82,0.82,0.818,0.818,0.818,0.818,0.818,0.818,0.818,0.818,0.818,0.818,0.818,0.82,0.818,0.818,0.818,0.82,0.868
RGI60-16.01674,1.972,1.972,1.972,1.972,1.972,1.972,1.972,1.972,1.972,1.972,1.972,1.972,1.972,1.972,1.972,1.972,1.711,1.711,1.711,1.779,1.779,1.779,1.779,1.779,1.779,1.779,1.779,1.778,1.778,1.716,1.713,1.713,1.713,1.712,1.712,1.712,1.712,1.712,1.712,1.712,1.712,1.712,1.712,1.712,1.713,1.712,1.712,1.712,1.713,1.736
RGI60-16.01675,1.311,1.311,1.311,1.311,1.311,1.311,1.311,1.311,1.311,1.311,1.311,1.311,1.311,1.311,1.311,1.311,0.87,0.87,0.87,0.997,0.997,0.997,0.997,0.997,0.997,0.997,0.997,0.994,0.994,0.878,0.873,0.873,0.873,0.871,0.871,0.871,0.871,0.871,0.871,0.871,0.871,0.871,0.871,0.871,0.873,0.871,0.871,0.871,0.873,0.918
RGI60-16.01676,1.282,1.282,1.282,1.282,1.282,1.282,1.282,1.282,1.282,1.282,1.282,1.282,1.282,1.282,1.282,1.282,0.816,0.816,0.816,0.96,0.96,0.96,0.96,0.96,0.96,0.96,0.96,0.956,0.956,0.859,0.853,0.853,0.853,0.851,0.851,0.851,0.851,0.851,0.851,0.851,0.851,0.851,0.851,0.851,0.853,0.851,0.851,0.851,0.853,0.916
RGI60-16.01677,1.298,1.298,1.298,1.298,1.298,1.298,1.298,1.298,1.298,1.298,1.298,1.298,1.298,1.298,1.298,1.298,0.851,0.851,0.851,0.98,0.98,0.98,0.98,0.98,0.98,0.98,0.98,0.977,0.977,0.859,0.854,0.854,0.854,0.851,0.851,0.851,0.851,0.851,0.851,0.851,0.851,0.851,0.851,0.851,0.854,0.851,0.851,0.851,0.853,0.899
RGI60-16.01678,1.44,1.44,1.44,1.44,1.44,1.44,1.44,1.44,1.44,1.44,1.44,1.44,1.44,1.44,1.44,1.44,1.055,1.055,1.055,1.162,1.162,1.162,1.162,1.162,1.162,1.162,1.162,1.159,1.159,1.062,1.058,1.058,1.058,1.056,1.056,1.056,1.056,1.056,1.056,1.056,1.056,1.056,1.056,1.056,1.058,1.056,1.056,1.056,1.058,1.095
RGI60-16.01679,2.204,2.204,2.204,2.204,2.204,2.204,2.204,2.204,2.204,2.204,2.204,2.204,2.204,2.204,2.204,2.204,1.974,1.974,1.974,2.033,2.033,2.033,2.033,2.033,2.033,2.033,2.033,2.031,2.031,1.978,1.975,1.975,1.975,1.974,1.974,1.974,1.974,1.974,1.974,1.974,1.974,1.974,1.974,1.974,1.975,1.974,1.974,1.974,1.975,1.996
RGI60-16.01680,1.49,1.49,1.49,1.49,1.49,1.49,1.49,1.49,1.49,1.49,1.49,1.49,1.49,1.49,1.49,1.49,1.122,1.122,1.122,1.223,1.223,1.223,1.223,1.223,1.223,1.223,1.223,1.221,1.221,1.129,1.124,1.124,1.124,1.123,1.123,1.123,1.123,1.123,1.123,1.123,1.123,1.123,1.123,1.123,1.124,1.123,1.123,1.123,1.124,1.16
RGI60-16.01681,1.305,1.305,1.305,1.305,1.305,1.305,1.305,1.305,1.305,1.305,1.305,1.305,1.305,1.305,1.305,1.305,0.861,0.861,0.861,0.989,0.989,0.989,0.989,0.989,0.989,0.989,0.989,0.986,0.986,0.869,0.864,0.864,0.864,0.862,0.862,0.862,0.862,0.862,0.862,0.862,0.862,0.862,0.862,0.862,0.864,0.862,0.862,0.862,0.864,0.909
RGI60-16.01682,1.28,1.28,1.28,1.28,1.28,1.28,1.28,1.28,1.28,1.28,1.28,1.28,1.28,1.28,1.28,1.28,0.699,0.699,0.699,0.838,0.838,0.838,0.838,0.838,0.838,0.838,0.838,0.831,0.831,0.723,0.712,0.712,0.712,0.706,0.706,0.706,0.706,0.706,0.706,0.706,0.706,0.706,0.706,0.706,0.712,0.706,0.706,0.706,0.711,0.866
RGI60-16.01683,1.256,1.256,1.256,1.256,1.256,1.256,1.256,1.256,1.256,1.256,1.256,1.256,1.256,1.256,1.256,1.256,0.746,0.746,0.746,0.911,0.911,0.911,0.911,0.911,0.911,0.911,0.911,0.906,0.906,0.834,0.828,0.828,0.828,0.825,0.825,0.825,0.825,0.825,0.825,0.825,0.825,0.825,0.825,0.825,0.828,0.825,0.825,0.825,0.827,0.925
RGI60-16.01684,1.28,1.28,1.28,1.28,1.28,1.28,1.28,1.28,1.28,1.28,1.28,1.28,1.28,1.28,1.28,1.28,0.699,0.699,0.699,0.838,0.838,0.838,0.838,0.838,0.838,0.838,0.838,0.831,0.831,0.723,0.712,0.712,0.712,0.706,0.706,0.706,0.706,0.706,0.706,0.706,0.706,0.706,0.706,0.706,0.712,0.706,0.706,0.706,0.711,0.866
RGI60-16.01685,1.259,1.259,1.259,1.259,1.259,1.259,1.259,1.259,1.259,1.259,1.259,1.259,1.259,1.259,1.259,1.259,0.764,0.764,0.764,0.925,0.925,0.925,0.925,0.925,0.925,0.925,0.925,0.92,0.92,0.845,0.839,0.839,0.839,0.836,0.836,0.836,0.836,0.836,0.836,0.836,0.836,0.836,0.836,0.836,0.839,0.836,0.836,0.836,0.838,0.928
RGI60-16.01686,1.343,1.343,1.343,1.343,1.343,1.343,1.343,1.343,1.343,1.343,1.343,1.343,1.343,1.343,1.343,1.343,0.919,0.919,0.919,1.04,1.04,1.04,1.04,1.04,1.04,1.04,1.04,1.037,1.037,0.925,0.92,0.92,0.92,0.918,0.918,0.918,0.918,0.918,0.918,0.918,0.918,0.918,0.918,0.918,0.92,0.918,0.918,0.918,0.92,0.962
RGI60-16.01687,1.267,1.267,1.267,1.267,1.267,1.267,1.267,1.267,1.267,1.267,1.267,1.267,1.267,1.267,1.267,1.267,0.804,0.804,0.804,0.939,0.939,0.939,0.939,0.939,0.939,0.939,0.939,0.936,0.936,0.81,0.805,0.805,0.805,0.803,0.803,0.803,0.803,0.803,0.803,0.803,0.803,0.803,0.803,0.803,0.805,0.803,0.803,0.803,0.805,0.852
RGI60-16.01688,1.293,1.293,1.293,1.293,1.293,1.293,1.293,1.293,1.293,1.293,1.293,1.293,1.293,1.293,1.293,1.293,0.844,0.844,0.844,0.973,0.973,0.973,0.973,0.973,0.973,0.973,0.973,0.97,0.97,0.847,0.842,0.842,0.842,0.84,0.84,0.84,0.84,0.84,0.84,0.84,0.84,0.84,0.84,0.84,0.842,0.84,0.84,0.84,0.842,0.886
RGI60-16.01689,1.28,1.28,1.28,1.28,1.28,1.28,1.28,1.28,1.28,1.28,1.28,1.28,1.28,1.28,1.28,1.28,0.699,0.699,0.699,0.838,0.838,0.838,0.838,0.838,0.838,0.838,0.838,0.831,0.831,0.723,0.712,0.712,0.712,0.706,0.706,0.706,0.706,0.706,0.706,0.706,0.706,0.706,0.706,0.706,0.712,0.706,0.706,0.706,0.711,0.866
RGI60-16.01690,1.546,1.546,1.546,1.546,1.546,1.546,1.546,1.546,1.546,1.546,1.546,1.546,1.546,1.546,1.546,1.546,1.196,1.196,1.196,1.292,1.292,1.292,1.292,1.292,1.292,1.292,1.292,1.289,1.289,1.211,1.206,1.206,1.206,1.205,1.205,1.205,1.205,1.205,1.205,1.205,1.205,1.205,1.205,1.205,1.206,1.205,1.205,1.205,1.206,1.244
RGI60-16.01691,1.568,1.568,1.568,1.568,1.568,1.568,1.568,1.568,1.568,1.568,1.568,1.568,1.568,1.568,1.568,1.568,1.217,1.217,1.217,1.318,1.318,1.318,1.318,1.318,1.318,1.318,1.318,1.315,1.315,1.248,1.244,1.244,1.244,1.242,1.242,1.242,1.242,1.242,1.242,1.242,1.242,1.242,1.242,1.242,1.244,1.242,1.242,1.242,1.244,1.289
RGI60-16.01692,1.264,1.264,1.264,1.264,1.264,1.264,1.264,1.264,1.264,1.264,1.264,1.264,1.264,1.264,1.264,1.264,0.786,0.786,0.786,0.935,0.935,0.935,0.935,0.935,0.935,0.935,0.935,0.931,0.931,0.834,0.828,0.828,0.828,0.825,0.825,0.825,0.825,0.825,0.825,0.825,0.825,0.825,0.825,0.825,0.828,0.825,0.825,0.825,0.827,0.894
RGI60-16.01693,1.294,1.294,1.294,1.294,1.294,1.294,1.294,1.294,1.294,1.294,1.294,1.294,1.294,1.294,1.294,1.294,0.834,0.834,0.834,0.975,0.975,0.975,0.975,0.975,0.975,0.975,0.975,0.971,0.971,0.879,0.873,0.873,0.873,0.87,0.87,0.87,0.87,0.87,0.87,0.87,0.87,0.87,0.87,0.87,0.873,0.87,0.87,0.87,0.872,0.936
RGI60-16.01694,1.315,1.315,1.315,1.315,1.315,1.315,1.315,1.315,1.315,1.315,1.315,1.315,1.315,1.315,1.315,1.315,0.866,0.866,0.866,1.003,1.003,1.003,1.003,1.003,1.003,1.003,1.003,0.999,0.999,0.909,0.904,0.904,0.904,0.901,0.901,0.901,0.901,0.901,0.901,0.901,0.901,0.901,0.901,0.901,0.904,0.901,0.901,0.901,0.903,0.965
RGI60-16.01695,1.28,1.28,1.28,1.28,1.28,1.28,1.28,1.28,1.28,1.28,1.28,1.28,1.28,1.28,1.28,1.28,0.699,0.699,0.699,0.838,0.838,0.838,0.838,0.838,0.838,0.838,0.838,0.831,0.831,0.723,0.712,0.712,0.712,0.706,0.706,0.706,0.706,0.706,0.706,0.706,0.706,0.706,0.706,0.706,0.712,0.706,0.706,0.706,0.711,0.866
RGI60-16.01696,1.272,1.272,1.272,1.272,1.272,1.272,1.272,1.272,1.272,1.272,1.272,1.272,1.272,1.272,1.272,1.272,0.799,0.799,0.799,0.946,0.946,0.946,0.946,0.946,0.946,0.946,0.946,0.942,0.942,0.846,0.84,0.84,0.84,0.837,0.837,0.837,0.837,0.837,0.837,0.837,0.837,0.837,0.837,0.837,0.84,0.837,0.837,0.837,0.839,0.905
RGI60-16.01697,1.248,1.248,1.248,1.248,1.248,1.248,1.248,1.248,1.248,1.248,1.248,1.248,1.248,1.248,1.248,1.248,0.76,0.76,0.76,0.913,0.913,0.913,0.913,0.913,0.913,0.913,0.913,0.909,0.909,0.809,0.803,0.803,0.803,0.8,0.8,0.8,0.8,0.8,0.8,0.8,0.8,0.8,0.8,0.8,0.803,0.8,0.8,0.8,0.802,0.871
RGI60-16.01698,1.297,1.297,1.297,1.297,1.297,1.297,1.297,1.297,1.297,1.297,1.297,1.297,1.297,1.297,1.297,1.297,0.839,0.839,0.839,0.98,0.98,0.98,0.98,0.98,0.98,0.98,0.98,0.976,0.976,0.884,0.878,0.878,0.878,0.876,0.876,0.876,0.876,0.876,0.876,0.876,0.876,0.876,0.876,0.876,0.878,0.876,0.876,0.876,0.878,0.941
RGI60-16.01699,1.404,1.404,1.404,1.404,1.404,1.404,1.404,1.404,1.404,1.404,1.404,1.404,1.404,1.404,1.404,1.404,1.006,1.006,1.006,1.117,1.117,1.117,1.117,1.117,1.117,1.117,1.117,1.115,1.115,1.021,1.017,1.017,1.017,1.015,1.015,1.015,1.015,1.015,1.015,1.015,1.015,1.015,1.015,1.015,1.017,1.015,1.015,1.015,1.016,1.06
RGI60-16.01700,1.512,1.512,1.512,1.512,1.512,1.512,1.512,1.512,1.512,1.512,1.512,1.512,1.512,1.512,1.512,1.512,1.151,1.151,1.151,1.25,1.25,1.25,1.25,1.25,1.25,1.25,1.25,1.247,1.247,1.165,1.161,1.161,1.161,1.159,1.159,1.159,1.159,1.159,1.159,1.159,1.159,1.159,1.159,1.159,1.161,1.159,1.159,1.159,1.16,1.199
RGI60-16.01701,1.28,1.28,1.28,1.28,1.28,1.28,1.28,1.28,1.28,1.28,1.28,1.28,1.28,1.28,1.28,1.28,0.699,0.699,0.699,0.838,0.838,0.838,0.838,0.838,0.838,0.838,0.838,0.831,0.831,0.723,0.712,0.712,0.712,0.706,0.706,0.706,0.706,0.706,0.706,0.706,0.706,0.706,0.706,0.706,0.712,0.706,0.706,0.706,0.711,0.866
RGI60-16.01702,1.373,1.373,1.373,1.373,1.373,1.373,1.373,1.373,1.373,1.373,1.373,1.373,1.373,1.373,1.373,1.373,0.962,0.962,0.962,1.078,1.078,1.078,1.078,1.078,1.078,1.078,1.078,1.075,1.075,0.978,0.973,0.973,0.973,0.971,0.971,0.971,0.971,0.971,0.971,0.971,0.971,0.971,0.971,0.971,0.973,0.971,0.971,0.971,0.973,1.018
RGI60-16.01703,1.28,1.28,1.28,1.28,1.28,1.28,1.28,1.28,1.28,1.28,1.28,1.28,1.28,1.28,1.28,1.28,0.699,0.699,0.699,0.838,0.838,0.838,0.838,0.838,0.838,0.838,0.838,0.831,0.831,0.723,0.712,0.712,0.712,0.706,0.706,0.706,0.706,0.706,0.706,0.706,0.706,0.706,0.706,0.706,0.712,0.706,0.706,0.706,0.711,0.866
RGI60-16.01704,1.28,1.28,1.28,1.28,1.28,1.28,1.28,1.28,1.28,1.28,1.28,1.28,1.28,1.28,1.28,1.28,0.699,0.699,0.699,0.838,0.838,0.838,0.838,0.838,0.838,0.838,0.838,0.831,0.831,0.723,0.712,0.712,0.712,0.706,0.706,0.706,0.706,0.706,0.706,0.706,0.706,0.706,0.706,0.706,0.712,0.706,0.706,0.706,0.711,0.866
RGI60-16.01705,1.284,1.284,1.284,1.284,1.284,1.284,1.284,1.284,1.284,1.284,1.284,1.284,1.284,1.284,1.284,1.284,0.805,0.805,0.805,0.958,0.958,0.958,0.958,0.958,0.958,0.958,0.958,0.954,0.954,0.881,0.875,0.875,0.875,0.873,0.873,0.873,0.873,0.873,0.873,0.873,0.873,0.873,0.873,0.873,0.875,0.873,0.873,0.873,0.875,0.962
RGI60-16.01706,1.28,1.28,1.28,1.28,1.28,1.28,1.28,1.28,1.28,1.28,1.28,1.28,1.28,1.28,1.28,1.28,0.699,0.699,0.699,0.838,0.838,0.838,0.838,0.838,0.838,0.838,0.838,0.831,0.831,0.723,0.712,0.712,0.712,0.706,0.706,0.706,0.706,0.706,0.706,0.706,0.706,0.706,0.706,0.706,0.712,0.706,0.706,0.706,0.711,0.866
RGI60-16.01707,1.342,1.342,1.342,1.342,1.342,1.342,1.342,1.342,1.342,1.342,1.342,1.342,1.342,1.342,1.342,1.342,0.917,0.917,0.917,1.038,1.038,1.038,1.038,1.038,1.038,1.038,1.038,1.035,1.035,0.933,0.928,0.928,0.928,0.925,0.925,0.925,0.925,0.925,0.925,0.925,0.925,0.925,0.925,0.925,0.928,0.925,0.925,0.925,0.927,0.974
RGI60-16.01708,1.28,1.28,1.28,1.28,1.28,1.28,1.28,1.28,1.28,1.28,1.28,1.28,1.28,1.28,1.28,1.28,0.699,0.699,0.699,0.838,0.838,0.838,0.838,0.838,0.838,0.838,0.838,0.831,0.831,0.723,0.712,0.712,0.712,0.706,0.706,0.706,0.706,0.706,0.706,0.706,0.706,0.706,0.706,0.706,0.712,0.706,0.706,0.706,0.711,0.866
RGI60-16.01709,1.279,1.279,1.279,1.279,1.279,1.279,1.279,1.279,1.279,1.279,1.279,1.279,1.279,1.279,1.279,1.279,0.823,0.823,0.823,0.955,0.955,0.955,0.955,0.955,0.955,0.955,0.955,0.952,0.952,0.824,0.818,0.818,0.818,0.816,0.816,0.816,0.816,0.816,0.816,0.816,0.816,0.816,0.816,0.816,0.818,0.816,0.816,0.816,0.818,0.863
RGI60-16.01710,1.268,1.268,1.268,1.268,1.268,1.268,1.268,1.268,1.268,1.268,1.268,1.268,1.268,1.268,1.268,1.268,0.807,0.807,0.807,0.941,0.941,0.941,0.941,0.941,0.941,0.941,0.941,0.938,0.938,0.807,0.802,0.802,0.802,0.8,0.8,0.8,0.8,0.8,0.8,0.8,0.8,0.8,0.8,0.8,0.802,0.8,0.8,0.8,0.802,0.847
RGI60-16.01711,2.225,2.225,2.225,2.225,2.225,2.225,2.225,2.225,2.225,2.225,2.225,2.225,2.225,2.225,2.225,2.225,1.999,1.999,1.999,2.056,2.056,2.056,2.056,2.056,2.056,2.056,2.056,2.055,2.055,1.999,1.996,1.996,1.996,1.996,1.996,1.996,1.996,1.996,1.996,1.996,1.996,1.996,1.996,1.996,1.996,1.996,1.996,1.996,1.996,2.015
RGI60-16.01712,1.517,1.517,1.517,1.517,1.517,1.517,1.517,1.517,1.517,1.517,1.517,1.517,1.517,1.517,1.517,1.517,1.159,1.159,1.159,1.256,1.256,1.256,1.256,1.256,1.256,1.256,1.256,1.254,1.254,1.159,1.155,1.155,1.155,1.154,1.154,1.154,1.154,1.154,1.154,1.154,1.154,1.154,1.154,1.154,1.155,1.154,1.154,1.154,1.155,1.187
RGI60-16.01713,1.275,1.275,1.275,1.275,1.275,1.275,1.275,1.275,1.275,1.275,1.275,1.275,1.275,1.275,1.275,1.275,0.817,0.817,0.817,0.95,0.95,0.95,0.95,0.95,0.95,0.95,0.95,0.947,0.947,0.818,0.812,0.812,0.812,0.81,0.81,0.81,0.81,0.81,0.81,0.81,0.81,0.81,0.81,0.81,0.812,0.81,0.81,0.81,0.812,0.857
RGI60-16.01714,1.627,1.627,1.627,1.627,1.627,1.627,1.627,1.627,1.627,1.627,1.627,1.627,1.627,1.627,1.627,1.627,1.292,1.292,1.292,1.387,1.387,1.387,1.387,1.387,1.387,1.387,1.387,1.384,1.384,1.319,1.315,1.315,1.315,1.314,1.314,1.314,1.314,1.314,1.314,1.314,1.314,1.314,1.314,1.314,1.315,1.314,1.314,1.314,1.315,1.357
RGI60-16.01715,1.318,1.318,1.318,1.318,1.318,1.318,1.318,1.318,1.318,1.318,1.318,1.318,1.318,1.318,1.318,1.318,0.882,0.882,0.882,1.007,1.007,1.007,1.007,1.007,1.007,1.007,1.007,1.004,1.004,0.899,0.893,0.893,0.893,0.891,0.891,0.891,0.891,0.891,0.891,0.891,0.891,0.891,0.891,0.891,0.893,0.891,0.891,0.891,0.893,0.942
RGI60-16.01716,1.28,1.28,1.28,1.28,1.28,1.28,1.28,1.28,1.28,1.28,1.28,1.28,1.28,1.28,1.28,1.28,0.824,0.824,0.824,0.957,0.957,0.957,0.957,0.957,0.957,0.957,0.957,0.953,0.953,0.843,0.837,0.837,0.837,0.834,0.834,0.834,0.834,0.834,0.834,0.834,0.834,0.834,0.834,0.834,0.837,0.834,0.834,0.834,0.836,0.888
RGI60-16.01717,1.272,1.272,1.272,1.272,1.272,1.272,1.272,1.272,1.272,1.272,1.272,1.272,1.272,1.272,1.272,1.272,0.811,0.811,0.811,0.946,0.946,0.946,0.946,0.946,0.946,0.946,0.946,0.943,0.943,0.83,0.824,0.824,0.824,0.821,0.821,0.821,0.821,0.821,0.821,0.821,0.821,0.821,0.821,0.821,0.824,0.821,0.821,0.821,0.823,0.876
RGI60-16.01718,1.293,1.293,1.293,1.293,1.293,1.293,1.293,1.293,1.293,1.293,1.293,1.293,1.293,1.293,1.293,1.293,0.843,0.843,0.843,0.974,0.974,0.974,0.974,0.974,0.974,0.974,0.974,0.97,0.97,0.861,0.856,0.856,0.856,0.853,0.853,0.853,0.853,0.853,0.853,0.853,0.853,0.853,0.853,0.853,0.856,0.853,0.853,0.853,0.855,0.906
RGI60-16.01719,1.257,1.257,1.257,1.257,1.257,1.257,1.257,1.257,1.257,1.257,1.257,1.257,1.257,1.257,1.257,1.257,0.787,0.787,0.787,0.925,0.925,0.925,0.925,0.925,0.925,0.925,0.925,0.922,0.922,0.806,0.799,0.799,0.799,0.797,0.797,0.797,0.797,0.797,0.797,0.797,0.797,0.797,0.797,0.797,0.799,0.797,0.797,0.797,0.799,0.853
RGI60-16.01720,1.257,1.257,1.257,1.257,1.257,1.257,1.257,1.257,1.257,1.257,1.257,1.257,1.257,1.257,1.257,1.257,0.787,0.787,0.787,0.926,0.926,0.926,0.926,0.926,0.926,0.926,0.926,0.922,0.922,0.807,0.801,0.801,0.801,0.798,0.798,0.798,0.798,0.798,0.798,0.798,0.798,0.798,0.798,0.798,0.801,0.798,0.798,0.798,0.8,0.855
RGI60-16.01721,1.344,1.344,1.344,1.344,1.344,1.344,1.344,1.344,1.344,1.344,1.344,1.344,1.344,1.344,1.344,1.344,0.919,0.919,0.919,1.04,1.04,1.04,1.04,1.04,1.04,1.04,1.04,1.037,1.037,0.936,0.931,0.931,0.931,0.929,0.929,0.929,0.929,0.929,0.929,0.929,0.929,0.929,0.929,0.929,0.931,0.929,0.929,0.929,0.93,0.977
RGI60-16.01722,1.266,1.266,1.266,1.266,1.266,1.266,1.266,1.266,1.266,1.266,1.266,1.266,1.266,1.266,1.266,1.266,0.802,0.802,0.802,0.938,0.938,0.938,0.938,0.938,0.938,0.938,0.938,0.934,0.934,0.821,0.815,0.815,0.815,0.812,0.812,0.812,0.812,0.812,0.812,0.812,0.812,0.812,0.812,0.812,0.815,0.812,0.812,0.812,0.814,0.868
RGI60-16.01723,1.255,1.255,1.255,1.255,1.255,1.255,1.255,1.255,1.255,1.255,1.255,1.255,1.255,1.255,1.255,1.255,0.785,0.785,0.785,0.923,0.923,0.923,0.923,0.923,0.923,0.923,0.923,0.92,0.92,0.803,0.797,0.797,0.797,0.795,0.795,0.795,0.795,0.795,0.795,0.795,0.795,0.795,0.795,0.795,0.797,0.795,0.795,0.795,0.797,0.851
RGI60-16.01724,1.362,1.362,1.362,1.362,1.362,1.362,1.362,1.362,1.362,1.362,1.362,1.362,1.362,1.362,1.362,1.362,0.946,0.946,0.946,1.064,1.064,1.064,1.064,1.064,1.064,1.064,1.064,1.061,1.061,0.962,0.957,0.957,0.957,0.955,0.955,0.955,0.955,0.955,0.955,0.955,0.955,0.955,0.955,0.955,0.957,0.955,0.955,0.955,0.957,1.003
RGI60-16.01725,1.53,1.53,1.53,1.53,1.53,1.53,1.53,1.53,1.53,1.53,1.53,1.53,1.53,1.53,1.53,1.53,1.176,1.176,1.176,1.272,1.272,1.272,1.272,1.272,1.272,1.272,1.272,1.27,1.27,1.189,1.184,1.184,1.184,1.183,1.183,1.183,1.183,1.183,1.183,1.183,1.183,1.183,1.183,1.183,1.184,1.183,1.183,1.183,1.184,1.221
RGI60-16.01726,1.256,1.256,1.256,1.256,1.256,1.256,1.256,1.256,1.256,1.256,1.256,1.256,1.256,1.256,1.256,1.256,0.786,0.786,0.786,0.924,0.924,0.924,0.924,0.924,0.924,0.924,0.924,0.921,0.921,0.805,0.799,0.799,0.799,0.796,0.796,0.796,0.796,0.796,0.796,0.796,0.796,0.796,0.796,0.796,0.799,0.796,0.796,0.796,0.798,0.853
RGI60-16.01727,1.261,1.261,1.261,1.261,1.261,1.261,1.261,1.261,1.261,1.261,1.261,1.261,1.261,1.261,1.261,1.261,0.793,0.793,0.793,0.93,0.93,0.93,0.93,0.93,0.93,0.93,0.93,0.927,0.927,0.812,0.806,0.806,0.806,0.804,0.804,0.804,0.804,0.804,0.804,0.804,0.804,0.804,0.804,0.804,0.806,0.804,0.804,0.804,0.806,0.859
RGI60-16.01728,1.286,1.286,1.286,1.286,1.286,1.286,1.286,1.286,1.286,1.286,1.286,1.286,1.286,1.286,1.286,1.286,0.834,0.834,0.834,0.965,0.965,0.965,0.965,0.965,0.965,0.965,0.965,0.962,0.962,0.852,0.846,0.846,0.846,0.844,0.844,0.844,0.844,0.844,0.844,0.844,0.844,0.844,0.844,0.844,0.846,0.844,0.844,0.844,0.846,0.897
RGI60-16.01729,1.256,1.256,1.256,1.256,1.256,1.256,1.256,1.256,1.256,1.256,1.256,1.256,1.256,1.256,1.256,1.256,0.786,0.786,0.786,0.924,0.924,0.924,0.924,0.924,0.924,0.924,0.924,0.921,0.921,0.805,0.799,0.799,0.799,0.796,0.796,0.796,0.796,0.796,0.796,0.796,0.796,0.796,0.796,0.796,0.799,0.796,0.796,0.796,0.799,0.853
RGI60-16.01730,1.879,1.879,1.879,1.879,1.879,1.879,1.879,1.879,1.879,1.879,1.879,1.879,1.879,1.879,1.879,1.879,1.604,1.604,1.604,1.676,1.676,1.676,1.676,1.676,1.676,1.676,1.676,1.674,1.674,1.604,1.601,1.601,1.601,1.6,1.6,1.6,1.6,1.6,1.6,1.6,1.6,1.6,1.6,1.6,1.601,1.6,1.6,1.6,1.601,1.624
RGI60-16.01731,1.572,1.572,1.572,1.572,1.572,1.572,1.572,1.572,1.572,1.572,1.572,1.572,1.572,1.572,1.572,1.572,1.229,1.229,1.229,1.322,1.322,1.322,1.322,1.322,1.322,1.322,1.322,1.319,1.319,1.242,1.238,1.238,1.238,1.236,1.236,1.236,1.236,1.236,1.236,1.236,1.236,1.236,1.236,1.236,1.238,1.236,1.236,1.236,1.238,1.274
RGI60-16.01732,1.386,1.386,1.386,1.386,1.386,1.386,1.386,1.386,1.386,1.386,1.386,1.386,1.386,1.386,1.386,1.386,0.98,0.98,0.98,1.094,1.094,1.094,1.094,1.094,1.094,1.094,1.094,1.091,1.091,0.996,0.991,0.991,0.991,0.989,0.989,0.989,0.989,0.989,0.989,0.989,0.989,0.989,0.989,0.989,0.991,0.989,0.989,0.989,0.991,1.036
RGI60-16.01733,1.803,1.803,1.803,1.803,1.803,1.803,1.803,1.803,1.803,1.803,1.803,1.803,1.803,1.803,1.803,1.803,1.513,1.513,1.513,1.589,1.589,1.589,1.589,1.589,1.589,1.589,1.589,1.587,1.587,1.523,1.52,1.52,1.52,1.519,1.519,1.519,1.519,1.519,1.519,1.519,1.519,1.519,1.519,1.519,1.52,1.519,1.519,1.519,1.52,1.549
RGI60-16.01734,1.28,1.28,1.28,1.28,1.28,1.28,1.28,1.28,1.28,1.28,1.28,1.28,1.28,1.28,1.28,1.28,0.699,0.699,0.699,0.838,0.838,0.838,0.838,0.838,0.838,0.838,0.838,0.831,0.831,0.723,0.712,0.712,0.712,0.706,0.706,0.706,0.706,0.706,0.706,0.706,0.706,0.706,0.706,0.706,0.712,0.706,0.706,0.706,0.711,0.866
RGI60-16.01735,1.509,1.509,1.509,1.509,1.509,1.509,1.509,1.509,1.509,1.509,1.509,1.509,1.509,1.509,1.509,1.509,1.148,1.148,1.148,1.246,1.246,1.246,1.246,1.246,1.246,1.246,1.246,1.244,1.244,1.159,1.155,1.155,1.155,1.153,1.153,1.153,1.153,1.153,1.153,1.153,1.153,1.153,1.153,1.153,1.155,1.153,1.153,1.153,1.155,1.192
RGI60-16.01736,1.28,1.28,1.28,1.28,1.28,1.28,1.28,1.28,1.28,1.28,1.28,1.28,1.28,1.28,1.28,1.28,0.699,0.699,0.699,0.838,0.838,0.838,0.838,0.838,0.838,0.838,0.838,0.831,0.831,0.723,0.712,0.712,0.712,0.706,0.706,0.706,0.706,0.706,0.706,0.706,0.706,0.706,0.706,0.706,0.712,0.706,0.706,0.706,0.711,0.866
RGI60-16.01737,1.524,1.524,1.524,1.524,1.524,1.524,1.524,1.524,1.524,1.524,1.524,1.524,1.524,1.524,1.524,1.524,1.168,1.168,1.168,1.265,1.265,1.265,1.265,1.265,1.265,1.265,1.265,1.262,1.262,1.179,1.175,1.175,1.175,1.173,1.173,1.173,1.173,1.173,1.173,1.173,1.173,1.173,1.173,1.173,1.175,1.173,1.173,1.173,1.175,1.211
RGI60-16.01738,1.436,1.436,1.436,1.436,1.436,1.436,1.436,1.436,1.436,1.436,1.436,1.436,1.436,1.436,1.436,1.436,1.05,1.05,1.05,1.157,1.157,1.157,1.157,1.157,1.157,1.157,1.157,1.154,1.154,1.063,1.058,1.058,1.058,1.056,1.056,1.056,1.056,1.056,1.056,1.056,1.056,1.056,1.056,1.056,1.058,1.056,1.056,1.056,1.058,1.098
RGI60-16.01739,1.255,1.255,1.255,1.255,1.255,1.255,1.255,1.255,1.255,1.255,1.255,1.255,1.255,1.255,1.255,1.255,0.786,0.786,0.786,0.923,0.923,0.923,0.923,0.923,0.923,0.923,0.923,0.92,0.92,0.783,0.777,0.777,0.777,0.775,0.775,0.775,0.775,0.775,0.775,0.775,0.775,0.775,0.775,0.775,0.777,0.775,0.775,0.775,0.777,0.822
RGI60-16.01740,1.28,1.28,1.28,1.28,1.28,1.28,1.28,1.28,1.28,1.28,1.28,1.28,1.28,1.28,1.28,1.28,0.699,0.699,0.699,0.838,0.838,0.838,0.838,0.838,0.838,0.838,0.838,0.831,0.831,0.723,0.712,0.712,0.712,0.706,0.706,0.706,0.706,0.706,0.706,0.706,0.706,0.706,0.706,0.706,0.712,0.706,0.706,0.706,0.711,0.866
RGI60-16.01741,1.277,1.277,1.277,1.277,1.277,1.277,1.277,1.277,1.277,1.277,1.277,1.277,1.277,1.277,1.277,1.277,0.793,0.793,0.793,0.949,0.949,0.949,0.949,0.949,0.949,0.949,0.949,0.944,0.944,0.871,0.865,0.865,0.865,0.862,0.862,0.862,0.862,0.862,0.862,0.862,0.862,0.862,0.862,0.862,0.865,0.862,0.862,0.862,0.864,0.952
RGI60-16.01742,1.28,1.28,1.28,1.28,1.28,1.28,1.28,1.28,1.28,1.28,1.28,1.28,1.28,1.28,1.28,1.28,0.699,0.699,0.699,0.838,0.838,0.838,0.838,0.838,0.838,0.838,0.838,0.831,0.831,0.723,0.712,0.712,0.712,0.706,0.706,0.706,0.706,0.706,0.706,0.706,0.706,0.706,0.706,0.706,0.712,0.706,0.706,0.706,0.711,0.866
RGI60-16.01743,1.332,1.332,1.332,1.332,1.332,1.332,1.332,1.332,1.332,1.332,1.332,1.332,1.332,1.332,1.332,1.332,0.904,0.904,0.904,1.025,1.025,1.025,1.025,1.025,1.025,1.025,1.025,1.022,1.022,0.901,0.896,0.896,0.896,0.894,0.894,0.894,0.894,0.894,0.894,0.894,0.894,0.894,0.894,0.894,0.896,0.894,0.894,0.894,0.896,0.936
RGI60-16.01744,1.28,1.28,1.28,1.28,1.28,1.28,1.28,1.28,1.28,1.28,1.28,1.28,1.28,1.28,1.28,1.28,0.699,0.699,0.699,0.838,0.838,0.838,0.838,0.838,0.838,0.838,0.838,0.831,0.831,0.723,0.712,0.712,0.712,0.706,0.706,0.706,0.706,0.706,0.706,0.706,0.706,0.706,0.706,0.706,0.712,0.706,0.706,0.706,0.711,0.866
RGI60-16.01745,1.426,1.426,1.426,1.426,1.426,1.426,1.426,1.426,1.426,1.426,1.426,1.426,1.426,1.426,1.426,1.426,1.036,1.036,1.036,1.144,1.144,1.144,1.144,1.144,1.144,1.144,1.144,1.142,1.142,1.049,1.044,1.044,1.044,1.043,1.043,1.043,1.043,1.043,1.043,1.043,1.043,1.043,1.043,1.043,1.044,1.043,1.043,1.043,1.044,1.085
RGI60-16.01746,1.28,1.28,1.28,1.28,1.28,1.28,1.28,1.28,1.28,1.28,1.28,1.28,1.28,1.28,1.28,1.28,0.699,0.699,0.699,0.838,0.838,0.838,0.838,0.838,0.838,0.838,0.838,0.831,0.831,0.723,0.712,0.712,0.712,0.706,0.706,0.706,0.706,0.706,0.706,0.706,0.706,0.706,0.706,0.706,0.712,0.706,0.706,0.706,0.711,0.866
RGI60-16.01747,1.28,1.28,1.28,1.28,1.28,1.28,1.28,1.28,1.28,1.28,1.28,1.28,1.28,1.28,1.28,1.28,0.699,0.699,0.699,0.838,0.838,0.838,0.838,0.838,0.838,0.838,0.838,0.831,0.831,0.723,0.712,0.712,0.712,0.706,0.706,0.706,0.706,0.706,0.706,0.706,0.706,0.706,0.706,0.706,0.712,0.706,0.706,0.706,0.711,0.866
RGI60-16.01748,1.322,1.322,1.322,1.322,1.322,1.322,1.322,1.322,1.322,1.322,1.322,1.322,1.322,1.322,1.322,1.322,0.889,0.889,0.889,1.012,1.012,1.012,1.012,1.012,1.012,1.012,1.012,1.009,1.009,0.886,0.881,0.881,0.881,0.879,0.879,0.879,0.879,0.879,0.879,0.879,0.879,0.879,0.879,0.879,0.881,0.879,0.879,0.879,0.881,0.921
RGI60-16.01749,1.812,1.812,1.812,1.812,1.812,1.812,1.812,1.812,1.812,1.812,1.812,1.812,1.812,1.812,1.812,1.812,1.526,1.526,1.526,1.6,1.6,1.6,1.6,1.6,1.6,1.6,1.6,1.599,1.599,1.524,1.521,1.521,1.521,1.52,1.52,1.52,1.52,1.52,1.52,1.52,1.52,1.52,1.52,1.52,1.521,1.52,1.52,1.52,1.521,1.544
RGI60-16.01750,1.285,1.285,1.285,1.285,1.285,1.285,1.285,1.285,1.285,1.285,1.285,1.285,1.285,1.285,1.285,1.285,0.833,0.833,0.833,0.963,0.963,0.963,0.963,0.963,0.963,0.963,0.963,0.96,0.96,0.829,0.824,0.824,0.824,0.822,0.822,0.822,0.822,0.822,0.822,0.822,0.822,0.822,0.822,0.822,0.824,0.822,0.822,0.822,0.824,0.866
RGI60-16.01751,1.259,1.259,1.259,1.259,1.259,1.259,1.259,1.259,1.259,1.259,1.259,1.259,1.259,1.259,1.259,1.259,0.793,0.793,0.793,0.928,0.928,0.928,0.928,0.928,0.928,0.928,0.928,0.925,0.925,0.788,0.782,0.782,0.782,0.78,0.78,0.78,0.78,0.78,0.78,0.78,0.78,0.78,0.78,0.78,0.782,0.78,0.78,0.78,0.782,0.827
RGI60-16.01752,1.295,1.295,1.295,1.295,1.295,1.295,1.295,1.295,1.295,1.295,1.295,1.295,1.295,1.295,1.295,1.295,0.849,0.849,0.849,0.977,0.977,0.977,0.977,0.977,0.977,0.977,0.977,0.974,0.974,0.844,0.839,0.839,0.839,0.837,0.837,0.837,0.837,0.837,0.837,0.837,0.837,0.837,0.837,0.837,0.839,0.837,0.837,0.837,0.839,0.881
RGI60-16.01753,1.257,1.257,1.257,1.257,1.257,1.257,1.257,1.257,1.257,1.257,1.257,1.257,1.257,1.257,1.257,1.257,0.789,0.789,0.789,0.925,0.925,0.925,0.925,0.925,0.925,0.925,0.925,0.922,0.922,0.787,0.781,0.781,0.781,0.779,0.779,0.779,0.779,0.779,0.779,0.779,0.779,0.779,0.779,0.779,0.781,0.779,0.779,0.779,0.781,0.826
RGI60-16.01754,1.27,1.27,1.27,1.27,1.27,1.27,1.27,1.27,1.27,1.27,1.27,1.27,1.27,1.27,1.27,1.27,0.811,0.811,0.811,0.944,0.944,0.944,0.944,0.944,0.944,0.944,0.944,0.941,0.941,0.808,0.803,0.803,0.803,0.801,0.801,0.801,0.801,0.801,0.801,0.801,0.801,0.801,0.801,0.801,0.803,0.801,0.801,0.801,0.802,0.846
RGI60-16.01755,1.274,1.274,1.274,1.274,1.274,1.274,1.274,1.274,1.274,1.274,1.274,1.274,1.274,1.274,1.274,1.274,0.817,0.817,0.817,0.949,0.949,0.949,0.949,0.949,0.949,0.949,0.949,0.946,0.946,0.814,0.808,0.808,0.808,0.806,0.806,0.806,0.806,0.806,0.806,0.806,0.806,0.806,0.806,0.806,0.808,0.806,0.806,0.806,0.808,0.852
RGI60-16.01756,1.266,1.266,1.266,1.266,1.266,1.266,1.266,1.266,1.266,1.266,1.266,1.266,1.266,1.266,1.266,1.266,0.804,0.804,0.804,0.938,0.938,0.938,0.938,0.938,0.938,0.938,0.938,0.935,0.935,0.803,0.797,0.797,0.797,0.795,0.795,0.795,0.795,0.795,0.795,0.795,0.795,0.795,0.795,0.795,0.797,0.795,0.795,0.795,0.797,0.842
RGI60-16.01757,1.28,1.28,1.28,1.28,1.28,1.28,1.28,1.28,1.28,1.28,1.28,1.28,1.28,1.28,1.28,1.28,0.699,0.699,0.699,0.838,0.838,0.838,0.838,0.838,0.838,0.838,0.838,0.831,0.831,0.723,0.712,0.712,0.712,0.706,0.706,0.706,0.706,0.706,0.706,0.706,0.706,0.706,0.706,0.706,0.712,0.706,0.706,0.706,0.711,0.866
RGI60-16.01758,1.315,1.315,1.315,1.315,1.315,1.315,1.315,1.315,1.315,1.315,1.315,1.315,1.315,1.315,1.315,1.315,0.878,0.878,0.878,1.002,1.002,1.002,1.002,1.002,1.002,1.002,1.002,1.0,1.0,0.877,0.872,0.872,0.872,0.87,0.87,0.87,0.87,0.87,0.87,0.87,0.87,0.87,0.87,0.87,0.872,0.87,0.87,0.87,0.872,0.913
RGI60-16.01759,1.25,1.25,1.25,1.25,1.25,1.25,1.25,1.25,1.25,1.25,1.25,1.25,1.25,1.25,1.25,1.25,0.778,0.778,0.778,0.916,0.916,0.916,0.916,0.916,0.916,0.916,0.916,0.913,0.913,0.778,0.772,0.772,0.772,0.77,0.77,0.77,0.77,0.77,0.77,0.77,0.77,0.77,0.77,0.77,0.772,0.77,0.77,0.77,0.772,0.818
RGI60-16.01760,1.248,1.248,1.248,1.248,1.248,1.248,1.248,1.248,1.248,1.248,1.248,1.248,1.248,1.248,1.248,1.248,0.775,0.775,0.775,0.913,0.913,0.913,0.913,0.913,0.913,0.913,0.913,0.91,0.91,0.773,0.767,0.767,0.767,0.765,0.765,0.765,0.765,0.765,0.765,0.765,0.765,0.765,0.765,0.765,0.767,0.765,0.765,0.765,0.767,0.813
RGI60-16.01761,1.435,1.435,1.435,1.435,1.435,1.435,1.435,1.435,1.435,1.435,1.435,1.435,1.435,1.435,1.435,1.435,1.05,1.05,1.05,1.155,1.155,1.155,1.155,1.155,1.155,1.155,1.155,1.153,1.153,1.048,1.044,1.044,1.044,1.042,1.042,1.042,1.042,1.042,1.042,1.042,1.042,1.042,1.042,1.042,1.044,1.042,1.042,1.042,1.043,1.078
RGI60-16.01762,1.412,1.412,1.412,1.412,1.412,1.412,1.412,1.412,1.412,1.412,1.412,1.412,1.412,1.412,1.412,1.412,1.018,1.018,1.018,1.127,1.127,1.127,1.127,1.127,1.127,1.127,1.127,1.124,1.124,1.018,1.013,1.013,1.013,1.012,1.012,1.012,1.012,1.012,1.012,1.012,1.012,1.012,1.012,1.012,1.013,1.012,1.012,1.012,1.013,1.049
RGI60-16.01763,1.308,1.308,1.308,1.308,1.308,1.308,1.308,1.308,1.308,1.308,1.308,1.308,1.308,1.308,1.308,1.308,0.869,0.869,0.869,0.994,0.994,0.994,0.994,0.994,0.994,0.994,0.994,0.991,0.991,0.868,0.863,0.863,0.863,0.861,0.861,0.861,0.861,0.861,0.861,0.861,0.861,0.861,0.861,0.861,0.863,0.861,0.861,0.861,0.862,0.904
RGI60-16.01764,1.249,1.249,1.249,1.249,1.249,1.249,1.249,1.249,1.249,1.249,1.249,1.249,1.249,1.249,1.249,1.249,0.777,0.777,0.777,0.915,0.915,0.915,0.915,0.915,0.915,0.915,0.915,0.912,0.912,0.776,0.77,0.77,0.77,0.768,0.768,0.768,0.768,0.768,0.768,0.768,0.768,0.768,0.768,0.768,0.77,0.768,0.768,0.768,0.77,0.817
RGI60-16.01765,1.251,1.251,1.251,1.251,1.251,1.251,1.251,1.251,1.251,1.251,1.251,1.251,1.251,1.251,1.251,1.251,0.779,0.779,0.779,0.917,0.917,0.917,0.917,0.917,0.917,0.917,0.917,0.914,0.914,0.778,0.772,0.772,0.772,0.77,0.77,0.77,0.77,0.77,0.77,0.77,0.77,0.77,0.77,0.77,0.772,0.77,0.77,0.77,0.772,0.818
RGI60-16.01766,1.254,1.254,1.254,1.254,1.254,1.254,1.254,1.254,1.254,1.254,1.254,1.254,1.254,1.254,1.254,1.254,0.785,0.785,0.785,0.922,0.922,0.922,0.922,0.922,0.922,0.922,0.922,0.919,0.919,0.784,0.778,0.778,0.778,0.776,0.776,0.776,0.776,0.776,0.776,0.776,0.776,0.776,0.776,0.776,0.778,0.776,0.776,0.776,0.778,0.824
RGI60-16.01767,1.566,1.566,1.566,1.566,1.566,1.566,1.566,1.566,1.566,1.566,1.566,1.566,1.566,1.566,1.566,1.566,1.223,1.223,1.223,1.315,1.315,1.315,1.315,1.315,1.315,1.315,1.315,1.313,1.313,1.222,1.218,1.218,1.218,1.217,1.217,1.217,1.217,1.217,1.217,1.217,1.217,1.217,1.217,1.217,1.218,1.217,1.217,1.217,1.218,1.248
RGI60-16.01768,1.275,1.275,1.275,1.275,1.275,1.275,1.275,1.275,1.275,1.275,1.275,1.275,1.275,1.275,1.275,1.275,0.817,0.817,0.817,0.95,0.95,0.95,0.95,0.95,0.95,0.95,0.95,0.947,0.947,0.817,0.812,0.812,0.812,0.81,0.81,0.81,0.81,0.81,0.81,0.81,0.81,0.81,0.81,0.81,0.812,0.81,0.81,0.81,0.812,0.856
RGI60-16.01769,1.327,1.327,1.327,1.327,1.327,1.327,1.327,1.327,1.327,1.327,1.327,1.327,1.327,1.327,1.327,1.327,0.896,0.896,0.896,1.018,1.018,1.018,1.018,1.018,1.018,1.018,1.018,1.016,1.016,0.896,0.891,0.891,0.891,0.889,0.889,0.889,0.889,0.889,0.889,0.889,0.889,0.889,0.889,0.889,0.891,0.889,0.889,0.889,0.891,0.932
RGI60-16.01770,1.313,1.313,1.313,1.313,1.313,1.313,1.313,1.313,1.313,1.313,1.313,1.313,1.313,1.313,1.313,1.313,0.876,0.876,0.876,1.0,1.0,1.0,1.0,1.0,1.0,1.0,1.0,0.997,0.997,0.875,0.87,0.87,0.87,0.868,0.868,0.868,0.868,0.868,0.868,0.868,0.868,0.868,0.868,0.868,0.87,0.868,0.868,0.868,0.87,0.912
RGI60-16.01771,1.492,1.492,1.492,1.492,1.492,1.492,1.492,1.492,1.492,1.492,1.492,1.492,1.492,1.492,1.492,1.492,1.127,1.127,1.127,1.226,1.226,1.226,1.226,1.226,1.226,1.226,1.226,1.224,1.224,1.126,1.122,1.122,1.122,1.121,1.121,1.121,1.121,1.121,1.121,1.121,1.121,1.121,1.121,1.121,1.122,1.121,1.121,1.121,1.122,1.155
RGI60-16.01772,1.263,1.263,1.263,1.263,1.263,1.263,1.263,1.263,1.263,1.263,1.263,1.263,1.263,1.263,1.263,1.263,0.798,0.798,0.798,0.933,0.933,0.933,0.933,0.933,0.933,0.933,0.933,0.93,0.93,0.797,0.791,0.791,0.791,0.789,0.789,0.789,0.789,0.789,0.789,0.789,0.789,0.789,0.789,0.789,0.791,0.789,0.789,0.789,0.791,0.836
RGI60-16.01773,1.251,1.251,1.251,1.251,1.251,1.251,1.251,1.251,1.251,1.251,1.251,1.251,1.251,1.251,1.251,1.251,0.78,0.78,0.78,0.917,0.917,0.917,0.917,0.917,0.917,0.917,0.917,0.914,0.914,0.779,0.773,0.773,0.773,0.771,0.771,0.771,0.771,0.771,0.771,0.771,0.771,0.771,0.771,0.771,0.773,0.771,0.771,0.771,0.773,0.82
RGI60-16.01774,1.54,1.54,1.54,1.54,1.54,1.54,1.54,1.54,1.54,1.54,1.54,1.54,1.54,1.54,1.54,1.54,1.19,1.19,1.19,1.284,1.284,1.284,1.284,1.284,1.284,1.284,1.284,1.282,1.282,1.187,1.183,1.183,1.183,1.182,1.182,1.182,1.182,1.182,1.182,1.182,1.182,1.182,1.182,1.182,1.183,1.182,1.182,1.182,1.183,1.213
RGI60-16.01775,1.807,1.807,1.807,1.807,1.807,1.807,1.807,1.807,1.807,1.807,1.807,1.807,1.807,1.807,1.807,1.807,1.52,1.52,1.52,1.595,1.595,1.595,1.595,1.595,1.595,1.595,1.595,1.593,1.593,1.518,1.516,1.516,1.516,1.514,1.514,1.514,1.514,1.514,1.514,1.514,1.514,1.514,1.514,1.514,1.516,1.514,1.514,1.514,1.515,1.539
RGI60-16.01776,1.3,1.3,1.3,1.3,1.3,1.3,1.3,1.3,1.3,1.3,1.3,1.3,1.3,1.3,1.3,1.3,0.83,0.83,0.83,0.98,0.98,0.98,0.98,0.98,0.98,0.98,0.98,0.975,0.975,0.904,0.899,0.899,0.899,0.896,0.896,0.896,0.896,0.896,0.896,0.896,0.896,0.896,0.896,0.896,0.899,0.896,0.896,0.896,0.898,0.983
RGI60-16.01777,1.923,1.923,1.923,1.923,1.923,1.923,1.923,1.923,1.923,1.923,1.923,1.923,1.923,1.923,1.923,1.923,1.656,1.656,1.656,1.725,1.725,1.725,1.725,1.725,1.725,1.725,1.725,1.723,1.723,1.654,1.652,1.652,1.652,1.651,1.651,1.651,1.651,1.651,1.651,1.651,1.651,1.651,1.651,1.651,1.652,1.651,1.651,1.651,1.652,1.674
RGI60-16.01778,1.382,1.382,1.382,1.382,1.382,1.382,1.382,1.382,1.382,1.382,1.382,1.382,1.382,1.382,1.382,1.382,0.976,0.976,0.976,1.089,1.089,1.089,1.089,1.089,1.089,1.089,1.089,1.086,1.086,0.973,0.969,0.969,0.969,0.967,0.967,0.967,0.967,0.967,0.967,0.967,0.967,0.967,0.967,0.967,0.969,0.967,0.967,0.967,0.969,1.005
RGI60-16.01779,1.483,1.483,1.483,1.483,1.483,1.483,1.483,1.483,1.483,1.483,1.483,1.483,1.483,1.483,1.483,1.483,1.103,1.103,1.103,1.214,1.214,1.214,1.214,1.214,1.214,1.214,1.214,1.211,1.211,1.147,1.142,1.142,1.142,1.14,1.14,1.14,1.14,1.14,1.14,1.14,1.14,1.14,1.14,1.14,1.142,1.14,1.14,1.14,1.142,1.199
RGI60-16.01780,1.27,1.27,1.27,1.27,1.27,1.27,1.27,1.27,1.27,1.27,1.27,1.27,1.27,1.27,1.27,1.27,0.81,0.81,0.81,0.943,0.943,0.943,0.943,0.943,0.943,0.943,0.943,0.94,0.94,0.807,0.801,0.801,0.801,0.799,0.799,0.799,0.799,0.799,0.799,0.799,0.799,0.799,0.799,0.799,0.801,0.799,0.799,0.799,0.801,0.845
RGI60-16.01781,1.43,1.43,1.43,1.43,1.43,1.43,1.43,1.43,1.43,1.43,1.43,1.43,1.43,1.43,1.43,1.43,1.044,1.044,1.044,1.15,1.15,1.15,1.15,1.15,1.15,1.15,1.15,1.148,1.148,1.041,1.037,1.037,1.037,1.035,1.035,1.035,1.035,1.035,1.035,1.035,1.035,1.035,1.035,1.035,1.037,1.035,1.035,1.035,1.037,1.071
RGI60-16.01782,1.28,1.28,1.28,1.28,1.28,1.28,1.28,1.28,1.28,1.28,1.28,1.28,1.28,1.28,1.28,1.28,0.699,0.699,0.699,0.838,0.838,0.838,0.838,0.838,0.838,0.838,0.838,0.831,0.831,0.723,0.712,0.712,0.712,0.706,0.706,0.706,0.706,0.706,0.706,0.706,0.706,0.706,0.706,0.706,0.712,0.706,0.706,0.706,0.711,0.866
RGI60-16.01783,1.277,1.277,1.277,1.277,1.277,1.277,1.277,1.277,1.277,1.277,1.277,1.277,1.277,1.277,1.277,1.277,0.822,0.822,0.822,0.953,0.953,0.953,0.953,0.953,0.953,0.953,0.953,0.95,0.95,0.818,0.813,0.813,0.813,0.811,0.811,0.811,0.811,0.811,0.811,0.811,0.811,0.811,0.811,0.811,0.813,0.811,0.811,0.811,0.813,0.856
RGI60-16.01784,1.286,1.286,1.286,1.286,1.286,1.286,1.286,1.286,1.286,1.286,1.286,1.286,1.286,1.286,1.286,1.286,0.835,0.835,0.835,0.965,0.965,0.965,0.965,0.965,0.965,0.965,0.965,0.962,0.962,0.831,0.826,0.826,0.826,0.823,0.823,0.823,0.823,0.823,0.823,0.823,0.823,0.823,0.823,0.823,0.826,0.823,0.823,0.823,0.825,0.868
RGI60-16.01785,1.308,1.308,1.308,1.308,1.308,1.308,1.308,1.308,1.308,1.308,1.308,1.308,1.308,1.308,1.308,1.308,0.868,0.868,0.868,0.993,0.993,0.993,0.993,0.993,0.993,0.993,0.993,0.99,0.99,0.864,0.859,0.859,0.859,0.857,0.857,0.857,0.857,0.857,0.857,0.857,0.857,0.857,0.857,0.857,0.859,0.857,0.857,0.857,0.859,0.899
RGI60-16.01786,1.268,1.268,1.268,1.268,1.268,1.268,1.268,1.268,1.268,1.268,1.268,1.268,1.268,1.268,1.268,1.268,0.807,0.807,0.807,0.94,0.94,0.94,0.94,0.94,0.94,0.94,0.94,0.937,0.937,0.804,0.799,0.799,0.799,0.796,0.796,0.796,0.796,0.796,0.796,0.796,0.796,0.796,0.796,0.796,0.799,0.796,0.796,0.796,0.798,0.843
RGI60-16.01787,1.28,1.28,1.28,1.28,1.28,1.28,1.28,1.28,1.28,1.28,1.28,1.28,1.28,1.28,1.28,1.28,0.699,0.699,0.699,0.838,0.838,0.838,0.838,0.838,0.838,0.838,0.838,0.831,0.831,0.723,0.712,0.712,0.712,0.706,0.706,0.706,0.706,0.706,0.706,0.706,0.706,0.706,0.706,0.706,0.712,0.706,0.706,0.706,0.711,0.866
RGI60-16.01788,1.731,1.731,1.731,1.731,1.731,1.731,1.731,1.731,1.731,1.731,1.731,1.731,1.731,1.731,1.731,1.731,1.429,1.429,1.429,1.508,1.508,1.508,1.508,1.508,1.508,1.508,1.508,1.506,1.506,1.427,1.424,1.424,1.424,1.423,1.423,1.423,1.423,1.423,1.423,1.423,1.423,1.423,1.423,1.423,1.424,1.423,1.423,1.423,1.424,1.449
RGI60-16.01789,1.491,1.491,1.491,1.491,1.491,1.491,1.491,1.491,1.491,1.491,1.491,1.491,1.491,1.491,1.491,1.491,1.126,1.126,1.126,1.225,1.225,1.225,1.225,1.225,1.225,1.225,1.225,1.223,1.223,1.124,1.12,1.12,1.12,1.118,1.118,1.118,1.118,1.118,1.118,1.118,1.118,1.118,1.118,1.118,1.12,1.118,1.118,1.118,1.12,1.152
RGI60-16.01790,1.358,1.358,1.358,1.358,1.358,1.358,1.358,1.358,1.358,1.358,1.358,1.358,1.358,1.358,1.358,1.358,0.943,0.943,0.943,1.059,1.059,1.059,1.059,1.059,1.059,1.059,1.059,1.056,1.056,0.936,0.931,0.931,0.931,0.93,0.93,0.93,0.93,0.93,0.93,0.93,0.93,0.93,0.93,0.93,0.931,0.93,0.93,0.93,0.931,0.968
RGI60-16.01791,1.261,1.261,1.261,1.261,1.261,1.261,1.261,1.261,1.261,1.261,1.261,1.261,1.261,1.261,1.261,1.261,0.797,0.797,0.797,0.931,0.931,0.931,0.931,0.931,0.931,0.931,0.931,0.928,0.928,0.792,0.787,0.787,0.787,0.785,0.785,0.785,0.785,0.785,0.785,0.785,0.785,0.785,0.785,0.785,0.787,0.785,0.785,0.785,0.787,0.831
RGI60-16.01792,1.281,1.281,1.281,1.281,1.281,1.281,1.281,1.281,1.281,1.281,1.281,1.281,1.281,1.281,1.281,1.281,0.828,0.828,0.828,0.958,0.958,0.958,0.958,0.958,0.958,0.958,0.958,0.955,0.955,0.824,0.819,0.819,0.819,0.817,0.817,0.817,0.817,0.817,0.817,0.817,0.817,0.817,0.817,0.817,0.819,0.817,0.817,0.817,0.818,0.861
RGI60-16.01793,1.262,1.262,1.262,1.262,1.262,1.262,1.262,1.262,1.262,1.262,1.262,1.262,1.262,1.262,1.262,1.262,0.798,0.798,0.798,0.932,0.932,0.932,0.932,0.932,0.932,0.932,0.932,0.929,0.929,0.794,0.788,0.788,0.788,0.786,0.786,0.786,0.786,0.786,0.786,0.786,0.786,0.786,0.786,0.786,0.788,0.786,0.786,0.786,0.788,0.833
RGI60-16.01794,1.42,1.42,1.42,1.42,1.42,1.42,1.42,1.42,1.42,1.42,1.42,1.42,1.42,1.42,1.42,1.42,1.03,1.03,1.03,1.137,1.137,1.137,1.137,1.137,1.137,1.137,1.137,1.135,1.135,1.022,1.018,1.018,1.018,1.017,1.017,1.017,1.017,1.017,1.017,1.017,1.017,1.017,1.017,1.017,1.018,1.017,1.017,1.017,1.018,1.051
RGI60-16.01795,1.28,1.28,1.28,1.28,1.28,1.28,1.28,1.28,1.28,1.28,1.28,1.28,1.28,1.28,1.28,1.28,0.699,0.699,0.699,0.838,0.838,0.838,0.838,0.838,0.838,0.838,0.838,0.831,0.831,0.723,0.712,0.712,0.712,0.706,0.706,0.706,0.706,0.706,0.706,0.706,0.706,0.706,0.706,0.706,0.712,0.706,0.706,0.706,0.711,0.866
RGI60-16.01796,1.28,1.28,1.28,1.28,1.28,1.28,1.28,1.28,1.28,1.28,1.28,1.28,1.28,1.28,1.28,1.28,0.699,0.699,0.699,0.838,0.838,0.838,0.838,0.838,0.838,0.838,0.838,0.831,0.831,0.723,0.712,0.712,0.712,0.706,0.706,0.706,0.706,0.706,0.706,0.706,0.706,0.706,0.706,0.706,0.712,0.706,0.706,0.706,0.711,0.866
RGI60-16.01797,1.495,1.495,1.495,1.495,1.495,1.495,1.495,1.495,1.495,1.495,1.495,1.495,1.495,1.495,1.495,1.495,1.132,1.132,1.132,1.23,1.23,1.23,1.23,1.23,1.23,1.23,1.23,1.228,1.228,1.125,1.122,1.122,1.122,1.12,1.12,1.12,1.12,1.12,1.12,1.12,1.12,1.12,1.12,1.12,1.122,1.12,1.12,1.12,1.122,1.152
RGI60-16.01798,1.259,1.259,1.259,1.259,1.259,1.259,1.259,1.259,1.259,1.259,1.259,1.259,1.259,1.259,1.259,1.259,0.777,0.777,0.777,0.928,0.928,0.928,0.928,0.928,0.928,0.928,0.928,0.924,0.924,0.839,0.832,0.832,0.832,0.83,0.83,0.83,0.83,0.83,0.83,0.83,0.83,0.83,0.83,0.83,0.832,0.83,0.83,0.83,0.832,0.909
RGI60-16.01799,2.145,2.145,2.145,2.145,2.145,2.145,2.145,2.145,2.145,2.145,2.145,2.145,2.145,2.145,2.145,2.145,1.91,1.91,1.91,1.969,1.969,1.969,1.969,1.969,1.969,1.969,1.969,1.968,1.968,1.906,1.904,1.904,1.904,1.903,1.903,1.903,1.903,1.903,1.903,1.903,1.903,1.903,1.903,1.903,1.904,1.903,1.903,1.903,1.904,1.921
RGI60-16.01800,1.321,1.321,1.321,1.321,1.321,1.321,1.321,1.321,1.321,1.321,1.321,1.321,1.321,1.321,1.321,1.321,0.889,0.889,0.889,1.011,1.011,1.011,1.011,1.011,1.011,1.011,1.011,1.008,1.008,0.88,0.875,0.875,0.875,0.873,0.873,0.873,0.873,0.873,0.873,0.873,0.873,0.873,0.873,0.873,0.875,0.873,0.873,0.873,0.875,0.913
RGI60-16.01801,1.383,1.383,1.383,1.383,1.383,1.383,1.383,1.383,1.383,1.383,1.383,1.383,1.383,1.383,1.383,1.383,0.979,0.979,0.979,1.091,1.091,1.091,1.091,1.091,1.091,1.091,1.091,1.088,1.088,0.97,0.966,0.966,0.966,0.964,0.964,0.964,0.964,0.964,0.964,0.964,0.964,0.964,0.964,0.964,0.966,0.964,0.964,0.964,0.966,1.0
RGI60-16.01802,1.281,1.281,1.281,1.281,1.281,1.281,1.281,1.281,1.281,1.281,1.281,1.281,1.281,1.281,1.281,1.281,0.829,0.829,0.829,0.959,0.959,0.959,0.959,0.959,0.959,0.959,0.959,0.956,0.956,0.819,0.814,0.814,0.814,0.812,0.812,0.812,0.812,0.812,0.812,0.812,0.812,0.812,0.812,0.812,0.814,0.812,0.812,0.812,0.814,0.854
RGI60-16.01803,1.532,1.532,1.532,1.532,1.532,1.532,1.532,1.532,1.532,1.532,1.532,1.532,1.532,1.532,1.532,1.532,1.179,1.179,1.179,1.274,1.274,1.274,1.274,1.274,1.274,1.274,1.274,1.272,1.272,1.172,1.169,1.169,1.169,1.167,1.167,1.167,1.167,1.167,1.167,1.167,1.167,1.167,1.167,1.167,1.169,1.167,1.167,1.167,1.169,1.197
RGI60-16.01804,1.457,1.457,1.457,1.457,1.457,1.457,1.457,1.457,1.457,1.457,1.457,1.457,1.457,1.457,1.457,1.457,1.08,1.08,1.08,1.183,1.183,1.183,1.183,1.183,1.183,1.183,1.183,1.18,1.18,1.072,1.068,1.068,1.068,1.067,1.067,1.067,1.067,1.067,1.067,1.067,1.067,1.067,1.067,1.067,1.068,1.067,1.067,1.067,1.068,1.1
RGI60-16.01805,1.262,1.262,1.262,1.262,1.262,1.262,1.262,1.262,1.262,1.262,1.262,1.262,1.262,1.262,1.262,1.262,0.799,0.799,0.799,0.933,0.933,0.933,0.933,0.933,0.933,0.933,0.933,0.93,0.93,0.789,0.784,0.784,0.784,0.782,0.782,0.782,0.782,0.782,0.782,0.782,0.782,0.782,0.782,0.782,0.784,0.782,0.782,0.782,0.783,0.826
RGI60-16.01806,1.245,1.245,1.245,1.245,1.245,1.245,1.245,1.245,1.245,1.245,1.245,1.245,1.245,1.245,1.245,1.245,0.772,0.772,0.772,0.91,0.91,0.91,0.91,0.91,0.91,0.91,0.91,0.907,0.907,0.762,0.757,0.757,0.757,0.755,0.755,0.755,0.755,0.755,0.755,0.755,0.755,0.755,0.755,0.755,0.757,0.755,0.755,0.755,0.757,0.801
RGI60-16.01807,1.265,1.265,1.265,1.265,1.265,1.265,1.265,1.265,1.265,1.265,1.265,1.265,1.265,1.265,1.265,1.265,0.804,0.804,0.804,0.937,0.937,0.937,0.937,0.937,0.937,0.937,0.937,0.934,0.934,0.794,0.789,0.789,0.789,0.787,0.787,0.787,0.787,0.787,0.787,0.787,0.787,0.787,0.787,0.787,0.789,0.787,0.787,0.787,0.789,0.831
RGI60-16.01808,1.261,1.261,1.261,1.261,1.261,1.261,1.261,1.261,1.261,1.261,1.261,1.261,1.261,1.261,1.261,1.261,0.797,0.797,0.797,0.931,0.931,0.931,0.931,0.931,0.931,0.931,0.931,0.928,0.928,0.788,0.783,0.783,0.783,0.781,0.781,0.781,0.781,0.781,0.781,0.781,0.781,0.781,0.781,0.781,0.783,0.781,0.781,0.781,0.782,0.825
RGI60-16.01809,1.27,1.27,1.27,1.27,1.27,1.27,1.27,1.27,1.27,1.27,1.27,1.27,1.27,1.27,1.27,1.27,0.81,0.81,0.81,0.943,0.943,0.943,0.943,0.943,0.943,0.943,0.943,0.94,0.94,0.801,0.796,0.796,0.796,0.794,0.794,0.794,0.794,0.794,0.794,0.794,0.794,0.794,0.794,0.794,0.796,0.794,0.794,0.794,0.796,0.838
RGI60-16.01810,1.371,1.371,1.371,1.371,1.371,1.371,1.371,1.371,1.371,1.371,1.371,1.371,1.371,1.371,1.371,1.371,0.961,0.961,0.961,1.075,1.075,1.075,1.075,1.075,1.075,1.075,1.075,1.072,1.072,0.953,0.949,0.949,0.949,0.947,0.947,0.947,0.947,0.947,0.947,0.947,0.947,0.947,0.947,0.947,0.949,0.947,0.947,0.947,0.949,0.984
RGI60-16.01811,1.347,1.347,1.347,1.347,1.347,1.347,1.347,1.347,1.347,1.347,1.347,1.347,1.347,1.347,1.347,1.347,0.927,0.927,0.927,1.045,1.045,1.045,1.045,1.045,1.045,1.045,1.045,1.042,1.042,0.92,0.915,0.915,0.915,0.913,0.913,0.913,0.913,0.913,0.913,0.913,0.913,0.913,0.913,0.913,0.915,0.913,0.913,0.913,0.915,0.952
RGI60-16.01812,1.27,1.27,1.27,1.27,1.27,1.27,1.27,1.27,1.27,1.27,1.27,1.27,1.27,1.27,1.27,1.27,0.81,0.81,0.81,0.943,0.943,0.943,0.943,0.943,0.943,0.943,0.943,0.94,0.94,0.801,0.795,0.795,0.795,0.793,0.793,0.793,0.793,0.793,0.793,0.793,0.793,0.793,0.793,0.793,0.795,0.793,0.793,0.793,0.795,0.837
RGI60-16.01813,1.477,1.477,1.477,1.477,1.477,1.477,1.477,1.477,1.477,1.477,1.477,1.477,1.477,1.477,1.477,1.477,1.108,1.108,1.108,1.208,1.208,1.208,1.208,1.208,1.208,1.208,1.208,1.206,1.206,1.101,1.097,1.097,1.097,1.095,1.095,1.095,1.095,1.095,1.095,1.095,1.095,1.095,1.095,1.095,1.097,1.095,1.095,1.095,1.097,1.127
RGI60-16.01814,1.469,1.469,1.469,1.469,1.469,1.469,1.469,1.469,1.469,1.469,1.469,1.469,1.469,1.469,1.469,1.469,1.097,1.097,1.097,1.198,1.198,1.198,1.198,1.198,1.198,1.198,1.198,1.196,1.196,1.09,1.086,1.086,1.086,1.084,1.084,1.084,1.084,1.084,1.084,1.084,1.084,1.084,1.084,1.084,1.086,1.084,1.084,1.084,1.086,1.117
RGI60-16.01815,1.252,1.252,1.252,1.252,1.252,1.252,1.252,1.252,1.252,1.252,1.252,1.252,1.252,1.252,1.252,1.252,0.782,0.782,0.782,0.919,0.919,0.919,0.919,0.919,0.919,0.919,0.919,0.916,0.916,0.774,0.768,0.768,0.768,0.766,0.766,0.766,0.766,0.766,0.766,0.766,0.766,0.766,0.766,0.766,0.768,0.766,0.766,0.766,0.768,0.812
RGI60-16.01816,1.257,1.257,1.257,1.257,1.257,1.257,1.257,1.257,1.257,1.257,1.257,1.257,1.257,1.257,1.257,1.257,0.791,0.791,0.791,0.926,0.926,0.926,0.926,0.926,0.926,0.926,0.926,0.923,0.923,0.783,0.777,0.777,0.777,0.775,0.775,0.775,0.775,0.775,0.775,0.775,0.775,0.775,0.775,0.775,0.777,0.775,0.775,0.775,0.777,0.821
RGI60-16.01817,1.75,1.75,1.75,1.75,1.75,1.75,1.75,1.75,1.75,1.75,1.75,1.75,1.75,1.75,1.75,1.75,1.452,1.452,1.452,1.529,1.529,1.529,1.529,1.529,1.529,1.529,1.529,1.527,1.527,1.446,1.443,1.443,1.443,1.442,1.442,1.442,1.442,1.442,1.442,1.442,1.442,1.442,1.442,1.442,1.443,1.442,1.442,1.442,1.443,1.466
RGI60-16.01818,1.293,1.293,1.293,1.293,1.293,1.293,1.293,1.293,1.293,1.293,1.293,1.293,1.293,1.293,1.293,1.293,0.847,0.847,0.847,0.974,0.974,0.974,0.974,0.974,0.974,0.974,0.974,0.971,0.971,0.837,0.832,0.832,0.832,0.83,0.83,0.83,0.83,0.83,0.83,0.83,0.83,0.83,0.83,0.83,0.832,0.83,0.83,0.83,0.832,0.871
RGI60-16.01819,1.457,1.457,1.457,1.457,1.457,1.457,1.457,1.457,1.457,1.457,1.457,1.457,1.457,1.457,1.457,1.457,1.081,1.081,1.081,1.183,1.183,1.183,1.183,1.183,1.183,1.183,1.183,1.181,1.181,1.073,1.069,1.069,1.069,1.068,1.068,1.068,1.068,1.068,1.068,1.068,1.068,1.068,1.068,1.068,1.069,1.068,1.068,1.068,1.069,1.1
RGI60-16.01820,1.974,1.974,1.974,1.974,1.974,1.974,1.974,1.974,1.974,1.974,1.974,1.974,1.974,1.974,1.974,1.974,1.715,1.715,1.715,1.781,1.781,1.781,1.781,1.781,1.781,1.781,1.781,1.779,1.779,1.71,1.707,1.707,1.707,1.706,1.706,1.706,1.706,1.706,1.706,1.706,1.706,1.706,1.706,1.706,1.707,1.706,1.706,1.706,1.707,1.727
RGI60-16.01821,1.323,1.323,1.323,1.323,1.323,1.323,1.323,1.323,1.323,1.323,1.323,1.323,1.323,1.323,1.323,1.323,0.892,0.892,0.892,1.014,1.014,1.014,1.014,1.014,1.014,1.014,1.014,1.011,1.011,0.888,0.883,0.883,0.883,0.881,0.881,0.881,0.881,0.881,0.881,0.881,0.881,0.881,0.881,0.881,0.883,0.881,0.881,0.881,0.883,0.922
RGI60-16.01822,1.269,1.269,1.269,1.269,1.269,1.269,1.269,1.269,1.269,1.269,1.269,1.269,1.269,1.269,1.269,1.269,0.81,0.81,0.81,0.942,0.942,0.942,0.942,0.942,0.942,0.942,0.942,0.939,0.939,0.801,0.796,0.796,0.796,0.794,0.794,0.794,0.794,0.794,0.794,0.794,0.794,0.794,0.794,0.794,0.796,0.794,0.794,0.794,0.796,0.838
RGI60-16.01823,1.489,1.489,1.489,1.489,1.489,1.489,1.489,1.489,1.489,1.489,1.489,1.489,1.489,1.489,1.489,1.489,1.123,1.123,1.123,1.222,1.222,1.222,1.222,1.222,1.222,1.222,1.222,1.22,1.22,1.117,1.113,1.113,1.113,1.111,1.111,1.111,1.111,1.111,1.111,1.111,1.111,1.111,1.111,1.111,1.113,1.111,1.111,1.111,1.113,1.143
RGI60-16.01824,1.292,1.292,1.292,1.292,1.292,1.292,1.292,1.292,1.292,1.292,1.292,1.292,1.292,1.292,1.292,1.292,0.846,0.846,0.846,0.973,0.973,0.973,0.973,0.973,0.973,0.973,0.973,0.97,0.97,0.837,0.832,0.832,0.832,0.83,0.83,0.83,0.83,0.83,0.83,0.83,0.83,0.83,0.83,0.83,0.832,0.83,0.83,0.83,0.831,0.872
RGI60-16.01825,1.276,1.276,1.276,1.276,1.276,1.276,1.276,1.276,1.276,1.276,1.276,1.276,1.276,1.276,1.276,1.276,0.82,0.82,0.82,0.951,0.951,0.951,0.951,0.951,0.951,0.951,0.951,0.948,0.948,0.811,0.806,0.806,0.806,0.804,0.804,0.804,0.804,0.804,0.804,0.804,0.804,0.804,0.804,0.804,0.806,0.804,0.804,0.804,0.806,0.847
RGI60-16.01826,1.374,1.374,1.374,1.374,1.374,1.374,1.374,1.374,1.374,1.374,1.374,1.374,1.374,1.374,1.374,1.374,0.966,0.966,0.966,1.079,1.079,1.079,1.079,1.079,1.079,1.079,1.079,1.076,1.076,0.958,0.953,0.953,0.953,0.952,0.952,0.952,0.952,0.952,0.952,0.952,0.952,0.952,0.952,0.952,0.953,0.952,0.952,0.952,0.953,0.989
RGI60-16.01827,1.314,1.314,1.314,1.314,1.314,1.314,1.314,1.314,1.314,1.314,1.314,1.314,1.314,1.314,1.314,1.314,0.879,0.879,0.879,1.002,1.002,1.002,1.002,1.002,1.002,1.002,1.002,0.999,0.999,0.87,0.866,0.866,0.866,0.864,0.864,0.864,0.864,0.864,0.864,0.864,0.864,0.864,0.864,0.864,0.866,0.864,0.864,0.864,0.865,0.904
RGI60-16.01828,1.276,1.276,1.276,1.276,1.276,1.276,1.276,1.276,1.276,1.276,1.276,1.276,1.276,1.276,1.276,1.276,0.82,0.82,0.82,0.951,0.951,0.951,0.951,0.951,0.951,0.951,0.951,0.948,0.948,0.811,0.806,0.806,0.806,0.804,0.804,0.804,0.804,0.804,0.804,0.804,0.804,0.804,0.804,0.804,0.806,0.804,0.804,0.804,0.806,0.847
RGI60-16.01829,1.262,1.262,1.262,1.262,1.262,1.262,1.262,1.262,1.262,1.262,1.262,1.262,1.262,1.262,1.262,1.262,0.799,0.799,0.799,0.933,0.933,0.933,0.933,0.933,0.933,0.933,0.933,0.93,0.93,0.79,0.785,0.785,0.785,0.782,0.782,0.782,0.782,0.782,0.782,0.782,0.782,0.782,0.782,0.782,0.785,0.782,0.782,0.782,0.784,0.827
RGI60-16.01830,1.276,1.276,1.276,1.276,1.276,1.276,1.276,1.276,1.276,1.276,1.276,1.276,1.276,1.276,1.276,1.276,0.794,0.794,0.794,0.949,0.949,0.949,0.949,0.949,0.949,0.949,0.949,0.945,0.945,0.871,0.865,0.865,0.865,0.862,0.862,0.862,0.862,0.862,0.862,0.862,0.862,0.862,0.862,0.862,0.865,0.862,0.862,0.862,0.864,0.951
RGI60-16.01831,1.584,1.584,1.584,1.584,1.584,1.584,1.584,1.584,1.584,1.584,1.584,1.584,1.584,1.584,1.584,1.584,1.237,1.237,1.237,1.336,1.336,1.336,1.336,1.336,1.336,1.336,1.336,1.334,1.334,1.267,1.263,1.263,1.263,1.262,1.262,1.262,1.262,1.262,1.262,1.262,1.262,1.262,1.262,1.262,1.263,1.262,1.262,1.262,1.263,1.307
RGI60-16.01832,1.306,1.306,1.306,1.306,1.306,1.306,1.306,1.306,1.306,1.306,1.306,1.306,1.306,1.306,1.306,1.306,0.865,0.865,0.865,0.991,0.991,0.991,0.991,0.991,0.991,0.991,0.991,0.988,0.988,0.863,0.858,0.858,0.858,0.856,0.856,0.856,0.856,0.856,0.856,0.856,0.856,0.856,0.856,0.856,0.858,0.856,0.856,0.856,0.858,0.899
RGI60-16.01833,1.442,1.442,1.442,1.442,1.442,1.442,1.442,1.442,1.442,1.442,1.442,1.442,1.442,1.442,1.442,1.442,1.06,1.06,1.06,1.164,1.164,1.164,1.164,1.164,1.164,1.164,1.164,1.162,1.162,1.058,1.054,1.054,1.054,1.052,1.052,1.052,1.052,1.052,1.052,1.052,1.052,1.052,1.052,1.052,1.054,1.052,1.052,1.052,1.053,1.088
RGI60-16.01834,1.357,1.357,1.357,1.357,1.357,1.357,1.357,1.357,1.357,1.357,1.357,1.357,1.357,1.357,1.357,1.357,0.94,0.94,0.94,1.057,1.057,1.057,1.057,1.057,1.057,1.057,1.057,1.054,1.054,0.938,0.933,0.933,0.933,0.931,0.931,0.931,0.931,0.931,0.931,0.931,0.931,0.931,0.931,0.931,0.933,0.931,0.931,0.931,0.933,0.971
RGI60-16.01835,1.285,1.285,1.285,1.285,1.285,1.285,1.285,1.285,1.285,1.285,1.285,1.285,1.285,1.285,1.285,1.285,0.835,0.835,0.835,0.963,0.963,0.963,0.963,0.963,0.963,0.963,0.963,0.96,0.96,0.827,0.822,0.822,0.822,0.82,0.82,0.82,0.82,0.82,0.82,0.82,0.82,0.82,0.82,0.82,0.822,0.82,0.82,0.82,0.821,0.863
RGI60-16.01836,1.245,1.245,1.245,1.245,1.245,1.245,1.245,1.245,1.245,1.245,1.245,1.245,1.245,1.245,1.245,1.245,0.771,0.771,0.771,0.909,0.909,0.909,0.909,0.909,0.909,0.909,0.909,0.906,0.906,0.763,0.758,0.758,0.758,0.755,0.755,0.755,0.755,0.755,0.755,0.755,0.755,0.755,0.755,0.755,0.758,0.755,0.755,0.755,0.757,0.802
RGI60-16.01837,1.293,1.293,1.293,1.293,1.293,1.293,1.293,1.293,1.293,1.293,1.293,1.293,1.293,1.293,1.293,1.293,0.846,0.846,0.846,0.974,0.974,0.974,0.974,0.974,0.974,0.974,0.974,0.971,0.971,0.841,0.835,0.835,0.835,0.833,0.833,0.833,0.833,0.833,0.833,0.833,0.833,0.833,0.833,0.833,0.835,0.833,0.833,0.833,0.835,0.877
RGI60-16.01838,1.246,1.246,1.246,1.246,1.246,1.246,1.246,1.246,1.246,1.246,1.246,1.246,1.246,1.246,1.246,1.246,0.773,0.773,0.773,0.911,0.911,0.911,0.911,0.911,0.911,0.911,0.911,0.908,0.908,0.766,0.761,0.761,0.761,0.759,0.759,0.759,0.759,0.759,0.759,0.759,0.759,0.759,0.759,0.759,0.761,0.759,0.759,0.759,0.761,0.806
RGI60-16.01839,1.254,1.254,1.254,1.254,1.254,1.254,1.254,1.254,1.254,1.254,1.254,1.254,1.254,1.254,1.254,1.254,0.785,0.785,0.785,0.921,0.921,0.921,0.921,0.921,0.921,0.921,0.921,0.918,0.918,0.78,0.774,0.774,0.774,0.772,0.772,0.772,0.772,0.772,0.772,0.772,0.772,0.772,0.772,0.772,0.774,0.772,0.772,0.772,0.774,0.819
RGI60-16.01840,1.251,1.251,1.251,1.251,1.251,1.251,1.251,1.251,1.251,1.251,1.251,1.251,1.251,1.251,1.251,1.251,0.781,0.781,0.781,0.918,0.918,0.918,0.918,0.918,0.918,0.918,0.918,0.915,0.915,0.778,0.772,0.772,0.772,0.77,0.77,0.77,0.77,0.77,0.77,0.77,0.77,0.77,0.77,0.77,0.772,0.77,0.77,0.77,0.772,0.818
RGI60-16.01841,1.249,1.249,1.249,1.249,1.249,1.249,1.249,1.249,1.249,1.249,1.249,1.249,1.249,1.249,1.249,1.249,0.778,0.778,0.778,0.915,0.915,0.915,0.915,0.915,0.915,0.915,0.915,0.912,0.912,0.772,0.766,0.766,0.766,0.764,0.764,0.764,0.764,0.764,0.764,0.764,0.764,0.764,0.764,0.764,0.766,0.764,0.764,0.764,0.766,0.811
RGI60-16.01842,1.278,1.278,1.278,1.278,1.278,1.278,1.278,1.278,1.278,1.278,1.278,1.278,1.278,1.278,1.278,1.278,0.823,0.823,0.823,0.954,0.954,0.954,0.954,0.954,0.954,0.954,0.954,0.951,0.951,0.819,0.813,0.813,0.813,0.811,0.811,0.811,0.811,0.811,0.811,0.811,0.811,0.811,0.811,0.811,0.813,0.811,0.811,0.811,0.813,0.856
RGI60-16.01843,1.272,1.272,1.272,1.272,1.272,1.272,1.272,1.272,1.272,1.272,1.272,1.272,1.272,1.272,1.272,1.272,0.814,0.814,0.814,0.946,0.946,0.946,0.946,0.946,0.946,0.946,0.946,0.943,0.943,0.807,0.802,0.802,0.802,0.799,0.799,0.799,0.799,0.799,0.799,0.799,0.799,0.799,0.799,0.799,0.802,0.799,0.799,0.799,0.801,0.844
RGI60-16.01844,1.259,1.259,1.259,1.259,1.259,1.259,1.259,1.259,1.259,1.259,1.259,1.259,1.259,1.259,1.259,1.259,0.793,0.793,0.793,0.928,0.928,0.928,0.928,0.928,0.928,0.928,0.928,0.925,0.925,0.79,0.785,0.785,0.785,0.782,0.782,0.782,0.782,0.782,0.782,0.782,0.782,0.782,0.782,0.782,0.785,0.782,0.782,0.782,0.784,0.83
RGI60-16.01845,1.244,1.244,1.244,1.244,1.244,1.244,1.244,1.244,1.244,1.244,1.244,1.244,1.244,1.244,1.244,1.244,0.77,0.77,0.77,0.908,0.908,0.908,0.908,0.908,0.908,0.908,0.908,0.905,0.905,0.766,0.76,0.76,0.76,0.758,0.758,0.758,0.758,0.758,0.758,0.758,0.758,0.758,0.758,0.758,0.76,0.758,0.758,0.758,0.76,0.806
RGI60-16.01846,1.269,1.269,1.269,1.269,1.269,1.269,1.269,1.269,1.269,1.269,1.269,1.269,1.269,1.269,1.269,1.269,0.811,0.811,0.811,0.942,0.942,0.942,0.942,0.942,0.942,0.942,0.942,0.939,0.939,0.8,0.795,0.795,0.795,0.793,0.793,0.793,0.793,0.793,0.793,0.793,0.793,0.793,0.793,0.793,0.795,0.793,0.793,0.793,0.794,0.836
RGI60-16.01847,1.324,1.324,1.324,1.324,1.324,1.324,1.324,1.324,1.324,1.324,1.324,1.324,1.324,1.324,1.324,1.324,0.893,0.893,0.893,1.014,1.014,1.014,1.014,1.014,1.014,1.014,1.014,1.012,1.012,0.883,0.879,0.879,0.879,0.877,0.877,0.877,0.877,0.877,0.877,0.877,0.877,0.877,0.877,0.877,0.879,0.877,0.877,0.877,0.878,0.916
RGI60-16.01848,1.46,1.46,1.46,1.46,1.46,1.46,1.46,1.46,1.46,1.46,1.46,1.46,1.46,1.46,1.46,1.46,1.086,1.086,1.086,1.187,1.187,1.187,1.187,1.187,1.187,1.187,1.187,1.185,1.185,1.076,1.072,1.072,1.072,1.071,1.071,1.071,1.071,1.071,1.071,1.071,1.071,1.071,1.071,1.071,1.072,1.071,1.071,1.071,1.072,1.103
RGI60-16.01849,1.301,1.301,1.301,1.301,1.301,1.301,1.301,1.301,1.301,1.301,1.301,1.301,1.301,1.301,1.301,1.301,0.86,0.86,0.86,0.985,0.985,0.985,0.985,0.985,0.985,0.985,0.985,0.982,0.982,0.847,0.842,0.842,0.842,0.841,0.841,0.841,0.841,0.841,0.841,0.841,0.841,0.841,0.841,0.841,0.842,0.841,0.841,0.841,0.842,0.881
RGI60-16.01850,2.434,2.434,2.434,2.434,2.434,2.434,2.434,2.434,2.434,2.434,2.434,2.434,2.434,2.434,2.434,2.434,2.229,2.229,2.229,2.28,2.28,2.28,2.28,2.28,2.28,2.28,2.28,2.279,2.279,2.225,2.223,2.223,2.223,2.222,2.222,2.222,2.222,2.222,2.222,2.222,2.222,2.222,2.222,2.222,2.223,2.222,2.222,2.222,2.223,2.238
RGI60-16.01851,2.747,2.747,2.747,2.747,2.747,2.747,2.747,2.747,2.747,2.747,2.747,2.747,2.747,2.747,2.747,2.747,2.567,2.567,2.567,2.612,2.612,2.612,2.612,2.612,2.612,2.612,2.612,2.611,2.611,2.563,2.561,2.561,2.561,2.561,2.561,2.561,2.561,2.561,2.561,2.561,2.561,2.561,2.561,2.561,2.561,2.561,2.561,2.561,2.561,2.574
RGI60-16.01852,1.379,1.379,1.379,1.379,1.379,1.379,1.379,1.379,1.379,1.379,1.379,1.379,1.379,1.379,1.379,1.379,0.973,0.973,0.973,1.085,1.085,1.085,1.085,1.085,1.085,1.085,1.085,1.083,1.083,0.961,0.957,0.957,0.957,0.955,0.955,0.955,0.955,0.955,0.955,0.955,0.955,0.955,0.955,0.955,0.957,0.955,0.955,0.955,0.957,0.991
RGI60-16.01853,1.457,1.457,1.457,1.457,1.457,1.457,1.457,1.457,1.457,1.457,1.457,1.457,1.457,1.457,1.457,1.457,1.081,1.081,1.081,1.183,1.183,1.183,1.183,1.183,1.183,1.183,1.183,1.181,1.181,1.071,1.067,1.067,1.067,1.065,1.065,1.065,1.065,1.065,1.065,1.065,1.065,1.065,1.065,1.065,1.067,1.065,1.065,1.065,1.067,1.097
RGI60-16.01854,1.266,1.266,1.266,1.266,1.266,1.266,1.266,1.266,1.266,1.266,1.266,1.266,1.266,1.266,1.266,1.266,0.805,0.805,0.805,0.938,0.938,0.938,0.938,0.938,0.938,0.938,0.938,0.935,0.935,0.791,0.786,0.786,0.786,0.784,0.784,0.784,0.784,0.784,0.784,0.784,0.784,0.784,0.784,0.784,0.786,0.784,0.784,0.784,0.786,0.826
RGI60-16.01855,1.433,1.433,1.433,1.433,1.433,1.433,1.433,1.433,1.433,1.433,1.433,1.433,1.433,1.433,1.433,1.433,1.049,1.049,1.049,1.154,1.154,1.154,1.154,1.154,1.154,1.154,1.154,1.151,1.151,1.038,1.034,1.034,1.034,1.033,1.033,1.033,1.033,1.033,1.033,1.033,1.033,1.033,1.033,1.033,1.034,1.033,1.033,1.033,1.034,1.065
RGI60-16.01856,1.438,1.438,1.438,1.438,1.438,1.438,1.438,1.438,1.438,1.438,1.438,1.438,1.438,1.438,1.438,1.438,1.055,1.055,1.055,1.159,1.159,1.159,1.159,1.159,1.159,1.159,1.159,1.157,1.157,1.044,1.04,1.04,1.04,1.039,1.039,1.039,1.039,1.039,1.039,1.039,1.039,1.039,1.039,1.039,1.04,1.039,1.039,1.039,1.04,1.071
RGI60-16.01857,1.448,1.448,1.448,1.448,1.448,1.448,1.448,1.448,1.448,1.448,1.448,1.448,1.448,1.448,1.448,1.448,1.07,1.07,1.07,1.173,1.173,1.173,1.173,1.173,1.173,1.173,1.173,1.17,1.17,1.059,1.055,1.055,1.055,1.053,1.053,1.053,1.053,1.053,1.053,1.053,1.053,1.053,1.053,1.053,1.055,1.053,1.053,1.053,1.055,1.085
RGI60-16.01858,1.514,1.514,1.514,1.514,1.514,1.514,1.514,1.514,1.514,1.514,1.514,1.514,1.514,1.514,1.514,1.514,1.157,1.157,1.157,1.253,1.253,1.253,1.253,1.253,1.253,1.253,1.253,1.251,1.251,1.148,1.145,1.145,1.145,1.143,1.143,1.143,1.143,1.143,1.143,1.143,1.143,1.143,1.143,1.143,1.145,1.143,1.143,1.143,1.145,1.173
RGI60-16.01859,1.479,1.479,1.479,1.479,1.479,1.479,1.479,1.479,1.479,1.479,1.479,1.479,1.479,1.479,1.479,1.479,1.111,1.111,1.111,1.211,1.211,1.211,1.211,1.211,1.211,1.211,1.211,1.208,1.208,1.1,1.097,1.097,1.097,1.095,1.095,1.095,1.095,1.095,1.095,1.095,1.095,1.095,1.095,1.095,1.097,1.095,1.095,1.095,1.097,1.126
RGI60-16.01860,1.246,1.246,1.246,1.246,1.246,1.246,1.246,1.246,1.246,1.246,1.246,1.246,1.246,1.246,1.246,1.246,0.774,0.774,0.774,0.91,0.91,0.91,0.91,0.91,0.91,0.91,0.91,0.907,0.907,0.758,0.752,0.752,0.752,0.75,0.75,0.75,0.75,0.75,0.75,0.75,0.75,0.75,0.75,0.75,0.752,0.75,0.75,0.75,0.752,0.794
RGI60-16.01861,1.29,1.29,1.29,1.29,1.29,1.29,1.29,1.29,1.29,1.29,1.29,1.29,1.29,1.29,1.29,1.29,0.843,0.843,0.843,0.97,0.97,0.97,0.97,0.97,0.97,0.97,0.97,0.967,0.967,0.827,0.822,0.822,0.822,0.82,0.82,0.82,0.82,0.82,0.82,0.82,0.82,0.82,0.82,0.82,0.822,0.82,0.82,0.82,0.822,0.86
RGI60-16.01862,1.333,1.333,1.333,1.333,1.333,1.333,1.333,1.333,1.333,1.333,1.333,1.333,1.333,1.333,1.333,1.333,0.908,0.908,0.908,1.027,1.027,1.027,1.027,1.027,1.027,1.027,1.027,1.024,1.024,0.893,0.889,0.889,0.889,0.887,0.887,0.887,0.887,0.887,0.887,0.887,0.887,0.887,0.887,0.887,0.889,0.887,0.887,0.887,0.889,0.924
RGI60-16.01863,1.248,1.248,1.248,1.248,1.248,1.248,1.248,1.248,1.248,1.248,1.248,1.248,1.248,1.248,1.248,1.248,0.778,0.778,0.778,0.914,0.914,0.914,0.914,0.914,0.914,0.914,0.914,0.91,0.91,0.761,0.756,0.756,0.756,0.754,0.754,0.754,0.754,0.754,0.754,0.754,0.754,0.754,0.754,0.754,0.756,0.754,0.754,0.754,0.756,0.797
RGI60-16.01864,1.249,1.249,1.249,1.249,1.249,1.249,1.249,1.249,1.249,1.249,1.249,1.249,1.249,1.249,1.249,1.249,0.779,0.779,0.779,0.914,0.914,0.914,0.914,0.914,0.914,0.914,0.914,0.911,0.911,0.763,0.757,0.757,0.757,0.755,0.755,0.755,0.755,0.755,0.755,0.755,0.755,0.755,0.755,0.755,0.757,0.755,0.755,0.755,0.757,0.799
RGI60-16.01865,1.505,1.505,1.505,1.505,1.505,1.505,1.505,1.505,1.505,1.505,1.505,1.505,1.505,1.505,1.505,1.505,1.145,1.145,1.145,1.242,1.242,1.242,1.242,1.242,1.242,1.242,1.242,1.239,1.239,1.134,1.131,1.131,1.131,1.129,1.129,1.129,1.129,1.129,1.129,1.129,1.129,1.129,1.129,1.129,1.131,1.129,1.129,1.129,1.13,1.159
RGI60-16.01866,1.448,1.448,1.448,1.448,1.448,1.448,1.448,1.448,1.448,1.448,1.448,1.448,1.448,1.448,1.448,1.448,1.069,1.069,1.069,1.172,1.172,1.172,1.172,1.172,1.172,1.172,1.172,1.169,1.169,1.057,1.054,1.054,1.054,1.052,1.052,1.052,1.052,1.052,1.052,1.052,1.052,1.052,1.052,1.052,1.054,1.052,1.052,1.052,1.053,1.084
RGI60-16.01867,1.271,1.271,1.271,1.271,1.271,1.271,1.271,1.271,1.271,1.271,1.271,1.271,1.271,1.271,1.271,1.271,0.814,0.814,0.814,0.945,0.945,0.945,0.945,0.945,0.945,0.945,0.945,0.942,0.942,0.798,0.793,0.793,0.793,0.791,0.791,0.791,0.791,0.791,0.791,0.791,0.791,0.791,0.791,0.791,0.793,0.791,0.791,0.791,0.793,0.833
RGI60-16.01868,1.27,1.27,1.27,1.27,1.27,1.27,1.27,1.27,1.27,1.27,1.27,1.27,1.27,1.27,1.27,1.27,0.812,0.812,0.812,0.943,0.943,0.943,0.943,0.943,0.943,0.943,0.943,0.94,0.94,0.796,0.791,0.791,0.791,0.789,0.789,0.789,0.789,0.789,0.789,0.789,0.789,0.789,0.789,0.789,0.791,0.789,0.789,0.789,0.791,0.831
RGI60-16.01869,1.251,1.251,1.251,1.251,1.251,1.251,1.251,1.251,1.251,1.251,1.251,1.251,1.251,1.251,1.251,1.251,0.782,0.782,0.782,0.918,0.918,0.918,0.918,0.918,0.918,0.918,0.918,0.915,0.915,0.766,0.761,0.761,0.761,0.759,0.759,0.759,0.759,0.759,0.759,0.759,0.759,0.759,0.759,0.759,0.761,0.759,0.759,0.759,0.761,0.802
RGI60-16.01870,1.251,1.251,1.251,1.251,1.251,1.251,1.251,1.251,1.251,1.251,1.251,1.251,1.251,1.251,1.251,1.251,0.782,0.782,0.782,0.918,0.918,0.918,0.918,0.918,0.918,0.918,0.918,0.915,0.915,0.766,0.761,0.761,0.761,0.759,0.759,0.759,0.759,0.759,0.759,0.759,0.759,0.759,0.759,0.759,0.761,0.759,0.759,0.759,0.761,0.803
RGI60-16.01871,1.265,1.265,1.265,1.265,1.265,1.265,1.265,1.265,1.265,1.265,1.265,1.265,1.265,1.265,1.265,1.265,0.804,0.804,0.804,0.936,0.936,0.936,0.936,0.936,0.936,0.936,0.936,0.933,0.933,0.789,0.784,0.784,0.784,0.782,0.782,0.782,0.782,0.782,0.782,0.782,0.782,0.782,0.782,0.782,0.784,0.782,0.782,0.782,0.784,0.825
RGI60-16.01872,1.258,1.258,1.258,1.258,1.258,1.258,1.258,1.258,1.258,1.258,1.258,1.258,1.258,1.258,1.258,1.258,0.794,0.794,0.794,0.928,0.928,0.928,0.928,0.928,0.928,0.928,0.928,0.925,0.925,0.778,0.773,0.773,0.773,0.771,0.771,0.771,0.771,0.771,0.771,0.771,0.771,0.771,0.771,0.771,0.773,0.771,0.771,0.771,0.773,0.814
RGI60-16.01873,1.254,1.254,1.254,1.254,1.254,1.254,1.254,1.254,1.254,1.254,1.254,1.254,1.254,1.254,1.254,1.254,0.786,0.786,0.786,0.921,0.921,0.921,0.921,0.921,0.921,0.921,0.921,0.918,0.918,0.771,0.765,0.765,0.765,0.763,0.763,0.763,0.763,0.763,0.763,0.763,0.763,0.763,0.763,0.763,0.765,0.763,0.763,0.763,0.765,0.807
RGI60-16.01874,1.271,1.271,1.271,1.271,1.271,1.271,1.271,1.271,1.271,1.271,1.271,1.271,1.271,1.271,1.271,1.271,0.813,0.813,0.813,0.944,0.944,0.944,0.944,0.944,0.944,0.944,0.944,0.941,0.941,0.798,0.793,0.793,0.793,0.791,0.791,0.791,0.791,0.791,0.791,0.791,0.791,0.791,0.791,0.791,0.793,0.791,0.791,0.791,0.793,0.833
RGI60-16.01875,1.242,1.242,1.242,1.242,1.242,1.242,1.242,1.242,1.242,1.242,1.242,1.242,1.242,1.242,1.242,1.242,0.768,0.768,0.768,0.905,0.905,0.905,0.905,0.905,0.905,0.905,0.905,0.902,0.902,0.75,0.745,0.745,0.745,0.743,0.743,0.743,0.743,0.743,0.743,0.743,0.743,0.743,0.743,0.743,0.745,0.743,0.743,0.743,0.745,0.787
RGI60-16.01876,1.247,1.247,1.247,1.247,1.247,1.247,1.247,1.247,1.247,1.247,1.247,1.247,1.247,1.247,1.247,1.247,0.776,0.776,0.776,0.912,0.912,0.912,0.912,0.912,0.912,0.912,0.912,0.909,0.909,0.762,0.757,0.757,0.757,0.755,0.755,0.755,0.755,0.755,0.755,0.755,0.755,0.755,0.755,0.755,0.757,0.755,0.755,0.755,0.757,0.799
RGI60-16.01877,1.255,1.255,1.255,1.255,1.255,1.255,1.255,1.255,1.255,1.255,1.255,1.255,1.255,1.255,1.255,1.255,0.788,0.788,0.788,0.923,0.923,0.923,0.923,0.923,0.923,0.923,0.923,0.92,0.92,0.776,0.77,0.77,0.77,0.768,0.768,0.768,0.768,0.768,0.768,0.768,0.768,0.768,0.768,0.768,0.77,0.768,0.768,0.768,0.77,0.812
RGI60-16.01878,1.256,1.256,1.256,1.256,1.256,1.256,1.256,1.256,1.256,1.256,1.256,1.256,1.256,1.256,1.256,1.256,0.789,0.789,0.789,0.924,0.924,0.924,0.924,0.924,0.924,0.924,0.924,0.921,0.921,0.777,0.771,0.771,0.771,0.769,0.769,0.769,0.769,0.769,0.769,0.769,0.769,0.769,0.769,0.769,0.771,0.769,0.769,0.769,0.771,0.814
RGI60-16.01879,1.423,1.423,1.423,1.423,1.423,1.423,1.423,1.423,1.423,1.423,1.423,1.423,1.423,1.423,1.423,1.423,1.035,1.035,1.035,1.141,1.141,1.141,1.141,1.141,1.141,1.141,1.141,1.138,1.138,1.026,1.022,1.022,1.022,1.02,1.02,1.02,1.02,1.02,1.02,1.02,1.02,1.02,1.02,1.02,1.022,1.02,1.02,1.02,1.022,1.054
RGI60-16.01880,1.266,1.266,1.266,1.266,1.266,1.266,1.266,1.266,1.266,1.266,1.266,1.266,1.266,1.266,1.266,1.266,0.805,0.805,0.805,0.937,0.937,0.937,0.937,0.937,0.937,0.937,0.937,0.934,0.934,0.793,0.788,0.788,0.788,0.786,0.786,0.786,0.786,0.786,0.786,0.786,0.786,0.786,0.786,0.786,0.788,0.786,0.786,0.786,0.788,0.829
RGI60-16.01881,1.254,1.254,1.254,1.254,1.254,1.254,1.254,1.254,1.254,1.254,1.254,1.254,1.254,1.254,1.254,1.254,0.788,0.788,0.788,0.922,0.922,0.922,0.922,0.922,0.922,0.922,0.922,0.919,0.919,0.77,0.765,0.765,0.765,0.763,0.763,0.763,0.763,0.763,0.763,0.763,0.763,0.763,0.763,0.763,0.765,0.763,0.763,0.763,0.765,0.806
RGI60-16.01882,1.263,1.263,1.263,1.263,1.263,1.263,1.263,1.263,1.263,1.263,1.263,1.263,1.263,1.263,1.263,1.263,0.801,0.801,0.801,0.934,0.934,0.934,0.934,0.934,0.934,0.934,0.934,0.931,0.931,0.79,0.785,0.785,0.785,0.783,0.783,0.783,0.783,0.783,0.783,0.783,0.783,0.783,0.783,0.783,0.785,0.783,0.783,0.783,0.785,0.827
RGI60-16.01883,1.28,1.28,1.28,1.28,1.28,1.28,1.28,1.28,1.28,1.28,1.28,1.28,1.28,1.28,1.28,1.28,0.699,0.699,0.699,0.838,0.838,0.838,0.838,0.838,0.838,0.838,0.838,0.831,0.831,0.723,0.712,0.712,0.712,0.706,0.706,0.706,0.706,0.706,0.706,0.706,0.706,0.706,0.706,0.706,0.712,0.706,0.706,0.706,0.711,0.866
RGI60-16.01884,1.263,1.263,1.263,1.263,1.263,1.263,1.263,1.263,1.263,1.263,1.263,1.263,1.263,1.263,1.263,1.263,0.801,0.801,0.801,0.933,0.933,0.933,0.933,0.933,0.933,0.933,0.933,0.93,0.93,0.784,0.779,0.779,0.779,0.777,0.777,0.777,0.777,0.777,0.777,0.777,0.777,0.777,0.777,0.777,0.779,0.777,0.777,0.777,0.779,0.819
RGI60-16.01885,1.259,1.259,1.259,1.259,1.259,1.259,1.259,1.259,1.259,1.259,1.259,1.259,1.259,1.259,1.259,1.259,0.795,0.795,0.795,0.928,0.928,0.928,0.928,0.928,0.928,0.928,0.928,0.925,0.925,0.777,0.772,0.772,0.772,0.77,0.77,0.77,0.77,0.77,0.77,0.77,0.77,0.77,0.77,0.77,0.772,0.77,0.77,0.77,0.772,0.813
RGI60-16.01886,1.494,1.494,1.494,1.494,1.494,1.494,1.494,1.494,1.494,1.494,1.494,1.494,1.494,1.494,1.494,1.494,1.131,1.131,1.131,1.228,1.228,1.228,1.228,1.228,1.228,1.228,1.228,1.226,1.226,1.119,1.115,1.115,1.115,1.114,1.114,1.114,1.114,1.114,1.114,1.114,1.114,1.114,1.114,1.114,1.115,1.114,1.114,1.114,1.115,1.144
RGI60-16.01887,1.333,1.333,1.333,1.333,1.333,1.333,1.333,1.333,1.333,1.333,1.333,1.333,1.333,1.333,1.333,1.333,0.909,0.909,0.909,1.027,1.027,1.027,1.027,1.027,1.027,1.027,1.027,1.024,1.024,0.893,0.889,0.889,0.889,0.887,0.887,0.887,0.887,0.887,0.887,0.887,0.887,0.887,0.887,0.887,0.889,0.887,0.887,0.887,0.889,0.924
RGI60-16.01888,1.296,1.296,1.296,1.296,1.296,1.296,1.296,1.296,1.296,1.296,1.296,1.296,1.296,1.296,1.296,1.296,0.853,0.853,0.853,0.978,0.978,0.978,0.978,0.978,0.978,0.978,0.978,0.975,0.975,0.837,0.832,0.832,0.832,0.83,0.83,0.83,0.83,0.83,0.83,0.83,0.83,0.83,0.83,0.83,0.832,0.83,0.83,0.83,0.832,0.87
RGI60-16.01889,1.274,1.274,1.274,1.274,1.274,1.274,1.274,1.274,1.274,1.274,1.274,1.274,1.274,1.274,1.274,1.274,0.819,0.819,0.819,0.949,0.949,0.949,0.949,0.949,0.949,0.949,0.949,0.946,0.946,0.802,0.797,0.797,0.797,0.795,0.795,0.795,0.795,0.795,0.795,0.795,0.795,0.795,0.795,0.795,0.797,0.795,0.795,0.795,0.797,0.837
RGI60-16.01890,1.307,1.307,1.307,1.307,1.307,1.307,1.307,1.307,1.307,1.307,1.307,1.307,1.307,1.307,1.307,1.307,0.869,0.869,0.869,0.993,0.993,0.993,0.993,0.993,0.993,0.993,0.993,0.99,0.99,0.857,0.852,0.852,0.852,0.851,0.851,0.851,0.851,0.851,0.851,0.851,0.851,0.851,0.851,0.851,0.852,0.851,0.851,0.851,0.852,0.891
RGI60-16.01891,1.244,1.244,1.244,1.244,1.244,1.244,1.244,1.244,1.244,1.244,1.244,1.244,1.244,1.244,1.244,1.244,0.771,0.771,0.771,0.908,0.908,0.908,0.908,0.908,0.908,0.908,0.908,0.905,0.905,0.758,0.753,0.753,0.753,0.751,0.751,0.751,0.751,0.751,0.751,0.751,0.751,0.751,0.751,0.751,0.753,0.751,0.751,0.751,0.752,0.796
RGI60-16.01892,1.38,1.38,1.38,1.38,1.38,1.38,1.38,1.38,1.38,1.38,1.38,1.38,1.38,1.38,1.38,1.38,0.976,0.976,0.976,1.087,1.087,1.087,1.087,1.087,1.087,1.087,1.087,1.084,1.084,0.96,0.956,0.956,0.956,0.955,0.955,0.955,0.955,0.955,0.955,0.955,0.955,0.955,0.955,0.955,0.956,0.955,0.955,0.955,0.956,0.989
RGI60-16.01893,1.309,1.309,1.309,1.309,1.309,1.309,1.309,1.309,1.309,1.309,1.309,1.309,1.309,1.309,1.309,1.309,0.873,0.873,0.873,0.996,0.996,0.996,0.996,0.996,0.996,0.996,0.996,0.993,0.993,0.856,0.851,0.851,0.851,0.849,0.849,0.849,0.849,0.849,0.849,0.849,0.849,0.849,0.849,0.849,0.851,0.849,0.849,0.849,0.851,0.888
RGI60-16.01894,1.263,1.263,1.263,1.263,1.263,1.263,1.263,1.263,1.263,1.263,1.263,1.263,1.263,1.263,1.263,1.263,0.802,0.802,0.802,0.934,0.934,0.934,0.934,0.934,0.934,0.934,0.934,0.931,0.931,0.788,0.783,0.783,0.783,0.781,0.781,0.781,0.781,0.781,0.781,0.781,0.781,0.781,0.781,0.781,0.783,0.781,0.781,0.781,0.783,0.824
RGI60-16.01895,1.3,1.3,1.3,1.3,1.3,1.3,1.3,1.3,1.3,1.3,1.3,1.3,1.3,1.3,1.3,1.3,0.859,0.859,0.859,0.983,0.983,0.983,0.983,0.983,0.983,0.983,0.983,0.98,0.98,0.842,0.837,0.837,0.837,0.835,0.835,0.835,0.835,0.835,0.835,0.835,0.835,0.835,0.835,0.835,0.837,0.835,0.835,0.835,0.837,0.874
RGI60-16.01896,1.28,1.28,1.28,1.28,1.28,1.28,1.28,1.28,1.28,1.28,1.28,1.28,1.28,1.28,1.28,1.28,0.699,0.699,0.699,0.838,0.838,0.838,0.838,0.838,0.838,0.838,0.838,0.831,0.831,0.723,0.712,0.712,0.712,0.706,0.706,0.706,0.706,0.706,0.706,0.706,0.706,0.706,0.706,0.706,0.712,0.706,0.706,0.706,0.711,0.866
RGI60-16.01897,1.923,1.923,1.923,1.923,1.923,1.923,1.923,1.923,1.923,1.923,1.923,1.923,1.923,1.923,1.923,1.923,1.657,1.657,1.657,1.725,1.725,1.725,1.725,1.725,1.725,1.725,1.725,1.723,1.723,1.648,1.645,1.645,1.645,1.645,1.645,1.645,1.645,1.645,1.645,1.645,1.645,1.645,1.645,1.645,1.645,1.645,1.645,1.645,1.645,1.665
RGI60-16.01898,1.614,1.614,1.614,1.614,1.614,1.614,1.614,1.614,1.614,1.614,1.614,1.614,1.614,1.614,1.614,1.614,1.286,1.286,1.286,1.372,1.372,1.372,1.372,1.372,1.372,1.372,1.372,1.37,1.37,1.274,1.271,1.271,1.271,1.269,1.269,1.269,1.269,1.269,1.269,1.269,1.269,1.269,1.269,1.269,1.271,1.269,1.269,1.269,1.271,1.295
RGI60-16.01899,1.308,1.308,1.308,1.308,1.308,1.308,1.308,1.308,1.308,1.308,1.308,1.308,1.308,1.308,1.308,1.308,0.869,0.869,0.869,0.993,0.993,0.993,0.993,0.993,0.993,0.993,0.993,0.991,0.991,0.859,0.854,0.854,0.854,0.853,0.853,0.853,0.853,0.853,0.853,0.853,0.853,0.853,0.853,0.853,0.854,0.853,0.853,0.853,0.854,0.893
RGI60-16.01900,1.263,1.263,1.263,1.263,1.263,1.263,1.263,1.263,1.263,1.263,1.263,1.263,1.263,1.263,1.263,1.263,0.802,0.802,0.802,0.933,0.933,0.933,0.933,0.933,0.933,0.933,0.933,0.93,0.93,0.783,0.778,0.778,0.778,0.776,0.776,0.776,0.776,0.776,0.776,0.776,0.776,0.776,0.776,0.776,0.778,0.776,0.776,0.776,0.778,0.818
RGI60-16.01901,1.29,1.29,1.29,1.29,1.29,1.29,1.29,1.29,1.29,1.29,1.29,1.29,1.29,1.29,1.29,1.29,0.843,0.843,0.843,0.97,0.97,0.97,0.97,0.97,0.97,0.97,0.97,0.968,0.968,0.831,0.826,0.826,0.826,0.824,0.824,0.824,0.824,0.824,0.824,0.824,0.824,0.824,0.824,0.824,0.826,0.824,0.824,0.824,0.826,0.866
RGI60-16.01902,1.307,1.307,1.307,1.307,1.307,1.307,1.307,1.307,1.307,1.307,1.307,1.307,1.307,1.307,1.307,1.307,0.868,0.868,0.868,0.992,0.992,0.992,0.992,0.992,0.992,0.992,0.992,0.989,0.989,0.856,0.852,0.852,0.852,0.85,0.85,0.85,0.85,0.85,0.85,0.85,0.85,0.85,0.85,0.85,0.852,0.85,0.85,0.85,0.851,0.89
RGI60-16.01903,1.363,1.363,1.363,1.363,1.363,1.363,1.363,1.363,1.363,1.363,1.363,1.363,1.363,1.363,1.363,1.363,0.951,0.951,0.951,1.066,1.066,1.066,1.066,1.066,1.066,1.066,1.066,1.063,1.063,0.942,0.937,0.937,0.937,0.936,0.936,0.936,0.936,0.936,0.936,0.936,0.936,0.936,0.936,0.936,0.937,0.936,0.936,0.936,0.937,0.973
RGI60-16.01904,1.365,1.365,1.365,1.365,1.365,1.365,1.365,1.365,1.365,1.365,1.365,1.365,1.365,1.365,1.365,1.365,0.953,0.953,0.953,1.067,1.067,1.067,1.067,1.067,1.067,1.067,1.067,1.064,1.064,0.941,0.937,0.937,0.937,0.935,0.935,0.935,0.935,0.935,0.935,0.935,0.935,0.935,0.935,0.935,0.937,0.935,0.935,0.935,0.937,0.972
RGI60-16.01905,1.437,1.437,1.437,1.437,1.437,1.437,1.437,1.437,1.437,1.437,1.437,1.437,1.437,1.437,1.437,1.437,1.054,1.054,1.054,1.158,1.158,1.158,1.158,1.158,1.158,1.158,1.158,1.156,1.156,1.044,1.04,1.04,1.04,1.039,1.039,1.039,1.039,1.039,1.039,1.039,1.039,1.039,1.039,1.039,1.04,1.039,1.039,1.039,1.04,1.072
RGI60-16.01906,1.256,1.256,1.256,1.256,1.256,1.256,1.256,1.256,1.256,1.256,1.256,1.256,1.256,1.256,1.256,1.256,0.789,0.789,0.789,0.924,0.924,0.924,0.924,0.924,0.924,0.924,0.924,0.921,0.921,0.776,0.77,0.77,0.77,0.768,0.768,0.768,0.768,0.768,0.768,0.768,0.768,0.768,0.768,0.768,0.77,0.768,0.768,0.768,0.77,0.812
RGI60-16.01907,1.28,1.28,1.28,1.28,1.28,1.28,1.28,1.28,1.28,1.28,1.28,1.28,1.28,1.28,1.28,1.28,0.699,0.699,0.699,0.838,0.838,0.838,0.838,0.838,0.838,0.838,0.838,0.831,0.831,0.723,0.712,0.712,0.712,0.706,0.706,0.706,0.706,0.706,0.706,0.706,0.706,0.706,0.706,0.706,0.712,0.706,0.706,0.706,0.711,0.866
RGI60-16.01908,1.308,1.308,1.308,1.308,1.308,1.308,1.308,1.308,1.308,1.308,1.308,1.308,1.308,1.308,1.308,1.308,0.871,0.871,0.871,0.994,0.994,0.994,0.994,0.994,0.994,0.994,0.994,0.991,0.991,0.855,0.85,0.85,0.85,0.849,0.849,0.849,0.849,0.849,0.849,0.849,0.849,0.849,0.849,0.849,0.85,0.849,0.849,0.849,0.85,0.887
RGI60-16.01909,1.242,1.242,1.242,1.242,1.242,1.242,1.242,1.242,1.242,1.242,1.242,1.242,1.242,1.242,1.242,1.242,0.768,0.768,0.768,0.906,0.906,0.906,0.906,0.906,0.906,0.906,0.906,0.903,0.903,0.753,0.748,0.748,0.748,0.746,0.746,0.746,0.746,0.746,0.746,0.746,0.746,0.746,0.746,0.746,0.748,0.746,0.746,0.746,0.747,0.79
RGI60-16.01910,1.502,1.502,1.502,1.502,1.502,1.502,1.502,1.502,1.502,1.502,1.502,1.502,1.502,1.502,1.502,1.502,1.141,1.141,1.141,1.238,1.238,1.238,1.238,1.238,1.238,1.238,1.238,1.235,1.235,1.13,1.126,1.126,1.126,1.125,1.125,1.125,1.125,1.125,1.125,1.125,1.125,1.125,1.125,1.125,1.126,1.125,1.125,1.125,1.126,1.155
RGI60-16.01911,1.248,1.248,1.248,1.248,1.248,1.248,1.248,1.248,1.248,1.248,1.248,1.248,1.248,1.248,1.248,1.248,0.778,0.778,0.778,0.913,0.913,0.913,0.913,0.913,0.913,0.913,0.913,0.91,0.91,0.761,0.756,0.756,0.756,0.754,0.754,0.754,0.754,0.754,0.754,0.754,0.754,0.754,0.754,0.754,0.756,0.754,0.754,0.754,0.755,0.797
RGI60-16.01912,1.446,1.446,1.446,1.446,1.446,1.446,1.446,1.446,1.446,1.446,1.446,1.446,1.446,1.446,1.446,1.446,1.066,1.066,1.066,1.169,1.169,1.169,1.169,1.169,1.169,1.169,1.169,1.167,1.167,1.054,1.05,1.05,1.05,1.048,1.048,1.048,1.048,1.048,1.048,1.048,1.048,1.048,1.048,1.048,1.05,1.048,1.048,1.048,1.05,1.08
RGI60-16.01913,1.28,1.28,1.28,1.28,1.28,1.28,1.28,1.28,1.28,1.28,1.28,1.28,1.28,1.28,1.28,1.28,0.699,0.699,0.699,0.838,0.838,0.838,0.838,0.838,0.838,0.838,0.838,0.831,0.831,0.723,0.712,0.712,0.712,0.706,0.706,0.706,0.706,0.706,0.706,0.706,0.706,0.706,0.706,0.706,0.712,0.706,0.706,0.706,0.711,0.866
RGI60-16.01914,1.308,1.308,1.308,1.308,1.308,1.308,1.308,1.308,1.308,1.308,1.308,1.308,1.308,1.308,1.308,1.308,0.871,0.871,0.871,0.994,0.994,0.994,0.994,0.994,0.994,0.994,0.994,0.991,0.991,0.856,0.852,0.852,0.852,0.85,0.85,0.85,0.85,0.85,0.85,0.85,0.85,0.85,0.85,0.85,0.852,0.85,0.85,0.85,0.852,0.889
RGI60-16.01915,1.251,1.251,1.251,1.251,1.251,1.251,1.251,1.251,1.251,1.251,1.251,1.251,1.251,1.251,1.251,1.251,0.783,0.783,0.783,0.918,0.918,0.918,0.918,0.918,0.918,0.918,0.918,0.915,0.915,0.767,0.761,0.761,0.761,0.759,0.759,0.759,0.759,0.759,0.759,0.759,0.759,0.759,0.759,0.759,0.761,0.759,0.759,0.759,0.761,0.803
RGI60-16.01916,1.28,1.28,1.28,1.28,1.28,1.28,1.28,1.28,1.28,1.28,1.28,1.28,1.28,1.28,1.28,1.28,0.699,0.699,0.699,0.838,0.838,0.838,0.838,0.838,0.838,0.838,0.838,0.831,0.831,0.723,0.712,0.712,0.712,0.706,0.706,0.706,0.706,0.706,0.706,0.706,0.706,0.706,0.706,0.706,0.712,0.706,0.706,0.706,0.711,0.866
RGI60-16.01917,1.248,1.248,1.248,1.248,1.248,1.248,1.248,1.248,1.248,1.248,1.248,1.248,1.248,1.248,1.248,1.248,0.777,0.777,0.777,0.913,0.913,0.913,0.913,0.913,0.913,0.913,0.913,0.91,0.91,0.761,0.755,0.755,0.755,0.753,0.753,0.753,0.753,0.753,0.753,0.753,0.753,0.753,0.753,0.753,0.755,0.753,0.753,0.753,0.755,0.797
RGI60-16.01918,1.251,1.251,1.251,1.251,1.251,1.251,1.251,1.251,1.251,1.251,1.251,1.251,1.251,1.251,1.251,1.251,0.783,0.783,0.783,0.917,0.917,0.917,0.917,0.917,0.917,0.917,0.917,0.914,0.914,0.764,0.759,0.759,0.759,0.757,0.757,0.757,0.757,0.757,0.757,0.757,0.757,0.757,0.757,0.757,0.759,0.757,0.757,0.757,0.759,0.8
RGI60-16.01919,1.243,1.243,1.243,1.243,1.243,1.243,1.243,1.243,1.243,1.243,1.243,1.243,1.243,1.243,1.243,1.243,0.77,0.77,0.77,0.907,0.907,0.907,0.907,0.907,0.907,0.907,0.907,0.904,0.904,0.755,0.749,0.749,0.749,0.747,0.747,0.747,0.747,0.747,0.747,0.747,0.747,0.747,0.747,0.747,0.749,0.747,0.747,0.747,0.749,0.792
RGI60-16.01920,1.392,1.392,1.392,1.392,1.392,1.392,1.392,1.392,1.392,1.392,1.392,1.392,1.392,1.392,1.392,1.392,0.978,0.978,0.978,1.102,1.102,1.102,1.102,1.102,1.102,1.102,1.102,1.098,1.098,1.028,1.022,1.022,1.022,1.02,1.02,1.02,1.02,1.02,1.02,1.02,1.02,1.02,1.02,1.02,1.022,1.02,1.02,1.02,1.022,1.086
RGI60-16.01921,1.28,1.28,1.28,1.28,1.28,1.28,1.28,1.28,1.28,1.28,1.28,1.28,1.28,1.28,1.28,1.28,0.699,0.699,0.699,0.838,0.838,0.838,0.838,0.838,0.838,0.838,0.838,0.831,0.831,0.723,0.712,0.712,0.712,0.706,0.706,0.706,0.706,0.706,0.706,0.706,0.706,0.706,0.706,0.706,0.712,0.706,0.706,0.706,0.711,0.866
RGI60-16.01922,1.266,1.266,1.266,1.266,1.266,1.266,1.266,1.266,1.266,1.266,1.266,1.266,1.266,1.266,1.266,1.266,0.788,0.788,0.788,0.938,0.938,0.938,0.938,0.938,0.938,0.938,0.938,0.933,0.933,0.849,0.843,0.843,0.843,0.84,0.84,0.84,0.84,0.84,0.84,0.84,0.84,0.84,0.84,0.84,0.843,0.84,0.84,0.84,0.842,0.919
RGI60-16.01923,1.325,1.325,1.325,1.325,1.325,1.325,1.325,1.325,1.325,1.325,1.325,1.325,1.325,1.325,1.325,1.325,0.881,0.881,0.881,1.016,1.016,1.016,1.016,1.016,1.016,1.016,1.016,1.012,1.012,0.935,0.93,0.93,0.93,0.927,0.927,0.927,0.927,0.927,0.927,0.927,0.927,0.927,0.927,0.927,0.93,0.927,0.927,0.927,0.929,0.999
RGI60-16.01924,1.258,1.258,1.258,1.258,1.258,1.258,1.258,1.258,1.258,1.258,1.258,1.258,1.258,1.258,1.258,1.258,0.776,0.776,0.776,0.927,0.927,0.927,0.927,0.927,0.927,0.927,0.927,0.923,0.923,0.838,0.831,0.831,0.831,0.829,0.829,0.829,0.829,0.829,0.829,0.829,0.829,0.829,0.829,0.829,0.831,0.829,0.829,0.829,0.831,0.909
RGI60-16.01925,1.28,1.28,1.28,1.28,1.28,1.28,1.28,1.28,1.28,1.28,1.28,1.28,1.28,1.28,1.28,1.28,0.811,0.811,0.811,0.957,0.957,0.957,0.957,0.957,0.957,0.957,0.957,0.952,0.952,0.87,0.864,0.864,0.864,0.861,0.861,0.861,0.861,0.861,0.861,0.861,0.861,0.861,0.861,0.861,0.864,0.861,0.861,0.861,0.863,0.938
RGI60-16.01926,1.405,1.405,1.405,1.405,1.405,1.405,1.405,1.405,1.405,1.405,1.405,1.405,1.405,1.405,1.405,1.405,0.996,0.996,0.996,1.118,1.118,1.118,1.118,1.118,1.118,1.118,1.118,1.115,1.115,1.045,1.04,1.04,1.04,1.038,1.038,1.038,1.038,1.038,1.038,1.038,1.038,1.038,1.038,1.038,1.04,1.038,1.038,1.038,1.04,1.103
RGI60-16.01927,1.28,1.28,1.28,1.28,1.28,1.28,1.28,1.28,1.28,1.28,1.28,1.28,1.28,1.28,1.28,1.28,0.699,0.699,0.699,0.838,0.838,0.838,0.838,0.838,0.838,0.838,0.838,0.831,0.831,0.723,0.712,0.712,0.712,0.706,0.706,0.706,0.706,0.706,0.706,0.706,0.706,0.706,0.706,0.706,0.712,0.706,0.706,0.706,0.711,0.866
RGI60-16.01928,1.319,1.319,1.319,1.319,1.319,1.319,1.319,1.319,1.319,1.319,1.319,1.319,1.319,1.319,1.319,1.319,0.871,0.871,0.871,1.008,1.008,1.008,1.008,1.008,1.008,1.008,1.008,1.004,1.004,0.926,0.921,0.921,0.921,0.918,0.918,0.918,0.918,0.918,0.918,0.918,0.918,0.918,0.918,0.918,0.921,0.918,0.918,0.918,0.92,0.991
RGI60-16.01929,1.305,1.305,1.305,1.305,1.305,1.305,1.305,1.305,1.305,1.305,1.305,1.305,1.305,1.305,1.305,1.305,0.84,0.84,0.84,0.988,0.988,0.988,0.988,0.988,0.988,0.988,0.988,0.984,0.984,0.913,0.907,0.907,0.907,0.904,0.904,0.904,0.904,0.904,0.904,0.904,0.904,0.904,0.904,0.904,0.907,0.904,0.904,0.904,0.906,0.989
RGI60-16.01930,1.28,1.28,1.28,1.28,1.28,1.28,1.28,1.28,1.28,1.28,1.28,1.28,1.28,1.28,1.28,1.28,0.699,0.699,0.699,0.838,0.838,0.838,0.838,0.838,0.838,0.838,0.838,0.831,0.831,0.723,0.712,0.712,0.712,0.706,0.706,0.706,0.706,0.706,0.706,0.706,0.706,0.706,0.706,0.706,0.712,0.706,0.706,0.706,0.711,0.866
RGI60-16.01931,1.297,1.297,1.297,1.297,1.297,1.297,1.297,1.297,1.297,1.297,1.297,1.297,1.297,1.297,1.297,1.297,0.857,0.857,0.857,0.98,0.98,0.98,0.98,0.98,0.98,0.98,0.98,0.977,0.977,0.823,0.819,0.819,0.819,0.817,0.817,0.817,0.817,0.817,0.817,0.817,0.817,0.817,0.817,0.817,0.819,0.817,0.817,0.817,0.819,0.852
RGI60-16.01932,1.32,1.32,1.32,1.32,1.32,1.32,1.32,1.32,1.32,1.32,1.32,1.32,1.32,1.32,1.32,1.32,0.891,0.891,0.891,1.01,1.01,1.01,1.01,1.01,1.01,1.01,1.01,1.007,1.007,0.859,0.854,0.854,0.854,0.853,0.853,0.853,0.853,0.853,0.853,0.853,0.853,0.853,0.853,0.853,0.854,0.853,0.853,0.853,0.854,0.886
RGI60-16.01933,1.292,1.292,1.292,1.292,1.292,1.292,1.292,1.292,1.292,1.292,1.292,1.292,1.292,1.292,1.292,1.292,0.849,0.849,0.849,0.973,0.973,0.973,0.973,0.973,0.973,0.973,0.973,0.97,0.97,0.819,0.814,0.814,0.814,0.813,0.813,0.813,0.813,0.813,0.813,0.813,0.813,0.813,0.813,0.813,0.814,0.813,0.813,0.813,0.814,0.848
RGI60-16.01934,1.251,1.251,1.251,1.251,1.251,1.251,1.251,1.251,1.251,1.251,1.251,1.251,1.251,1.251,1.251,1.251,0.786,0.786,0.786,0.918,0.918,0.918,0.918,0.918,0.918,0.918,0.918,0.915,0.915,0.743,0.738,0.738,0.738,0.736,0.736,0.736,0.736,0.736,0.736,0.736,0.736,0.736,0.736,0.736,0.738,0.736,0.736,0.736,0.738,0.773
RGI60-16.01934,1.28,1.28,1.28,1.28,1.28,1.28,1.28,1.28,1.28,1.28,1.28,1.28,1.28,1.28,1.28,1.28,0.699,0.699,0.699,0.838,0.838,0.838,0.838,0.838,0.838,0.838,0.838,0.831,0.831,0.723,0.712,0.712,0.712,0.706,0.706,0.706,0.706,0.706,0.706,0.706,0.706,0.706,0.706,0.706,0.712,0.706,0.706,0.706,0.711,0.866
RGI60-16.01935,1.26,1.26,1.26,1.26,1.26,1.26,1.26,1.26,1.26,1.26,1.26,1.26,1.26,1.26,1.26,1.26,0.799,0.799,0.799,0.929,0.929,0.929,0.929,0.929,0.929,0.929,0.929,0.926,0.926,0.757,0.752,0.752,0.752,0.75,0.75,0.75,0.75,0.75,0.75,0.75,0.75,0.75,0.75,0.75,0.752,0.75,0.75,0.75,0.752,0.786
RGI60-16.01936,1.389,1.389,1.389,1.389,1.389,1.389,1.389,1.389,1.389,1.389,1.389,1.389,1.389,1.389,1.389,1.389,0.99,0.99,0.99,1.098,1.098,1.098,1.098,1.098,1.098,1.098,1.098,1.095,1.095,0.963,0.959,0.959,0.959,0.958,0.958,0.958,0.958,0.958,0.958,0.958,0.958,0.958,0.958,0.958,0.959,0.958,0.958,0.958,0.959,0.988
RGI60-16.01937,1.27,1.27,1.27,1.27,1.27,1.27,1.27,1.27,1.27,1.27,1.27,1.27,1.27,1.27,1.27,1.27,0.815,0.815,0.815,0.943,0.943,0.943,0.943,0.943,0.943,0.943,0.943,0.941,0.941,0.783,0.778,0.778,0.778,0.776,0.776,0.776,0.776,0.776,0.776,0.776,0.776,0.776,0.776,0.776,0.778,0.776,0.776,0.776,0.778,0.813
RGI60-16.01938,1.254,1.254,1.254,1.254,1.254,1.254,1.254,1.254,1.254,1.254,1.254,1.254,1.254,1.254,1.254,1.254,0.791,0.791,0.791,0.922,0.922,0.922,0.922,0.922,0.922,0.922,0.922,0.919,0.919,0.756,0.751,0.751,0.751,0.749,0.749,0.749,0.749,0.749,0.749,0.749,0.749,0.749,0.749,0.749,0.751,0.749,0.749,0.749,0.751,0.787
RGI60-16.01939,1.274,1.274,1.274,1.274,1.274,1.274,1.274,1.274,1.274,1.274,1.274,1.274,1.274,1.274,1.274,1.274,0.821,0.821,0.821,0.948,0.948,0.948,0.948,0.948,0.948,0.948,0.948,0.946,0.946,0.786,0.781,0.781,0.781,0.78,0.78,0.78,0.78,0.78,0.78,0.78,0.78,0.78,0.78,0.78,0.781,0.78,0.78,0.78,0.781,0.816
RGI60-16.01940,1.264,1.264,1.264,1.264,1.264,1.264,1.264,1.264,1.264,1.264,1.264,1.264,1.264,1.264,1.264,1.264,0.806,0.806,0.806,0.935,0.935,0.935,0.935,0.935,0.935,0.935,0.935,0.932,0.932,0.771,0.766,0.766,0.766,0.764,0.764,0.764,0.764,0.764,0.764,0.764,0.764,0.764,0.764,0.764,0.766,0.764,0.764,0.764,0.766,0.801
RGI60-16.01941,1.249,1.249,1.249,1.249,1.249,1.249,1.249,1.249,1.249,1.249,1.249,1.249,1.249,1.249,1.249,1.249,0.783,0.783,0.783,0.915,0.915,0.915,0.915,0.915,0.915,0.915,0.915,0.912,0.912,0.746,0.741,0.741,0.741,0.739,0.739,0.739,0.739,0.739,0.739,0.739,0.739,0.739,0.739,0.739,0.741,0.739,0.739,0.739,0.741,0.777
RGI60-16.01942,1.297,1.297,1.297,1.297,1.297,1.297,1.297,1.297,1.297,1.297,1.297,1.297,1.297,1.297,1.297,1.297,0.856,0.856,0.856,0.979,0.979,0.979,0.979,0.979,0.979,0.979,0.979,0.976,0.976,0.822,0.818,0.818,0.818,0.816,0.816,0.816,0.816,0.816,0.816,0.816,0.816,0.816,0.816,0.816,0.818,0.816,0.816,0.816,0.818,0.85
RGI60-16.01943,1.686,1.686,1.686,1.686,1.686,1.686,1.686,1.686,1.686,1.686,1.686,1.686,1.686,1.686,1.686,1.686,1.377,1.377,1.377,1.456,1.456,1.456,1.456,1.456,1.456,1.456,1.456,1.454,1.454,1.356,1.353,1.353,1.353,1.352,1.352,1.352,1.352,1.352,1.352,1.352,1.352,1.352,1.352,1.352,1.353,1.352,1.352,1.352,1.353,1.373
RGI60-16.01944,1.247,1.247,1.247,1.247,1.247,1.247,1.247,1.247,1.247,1.247,1.247,1.247,1.247,1.247,1.247,1.247,0.779,0.779,0.779,0.912,0.912,0.912,0.912,0.912,0.912,0.912,0.912,0.909,0.909,0.743,0.738,0.738,0.738,0.736,0.736,0.736,0.736,0.736,0.736,0.736,0.736,0.736,0.736,0.736,0.738,0.736,0.736,0.736,0.738,0.775
RGI60-16.01945,1.736,1.736,1.736,1.736,1.736,1.736,1.736,1.736,1.736,1.736,1.736,1.736,1.736,1.736,1.736,1.736,1.437,1.437,1.437,1.513,1.513,1.513,1.513,1.513,1.513,1.513,1.513,1.511,1.511,1.411,1.409,1.409,1.409,1.408,1.408,1.408,1.408,1.408,1.408,1.408,1.408,1.408,1.408,1.408,1.409,1.408,1.408,1.408,1.409,1.426
RGI60-16.01946,1.359,1.359,1.359,1.359,1.359,1.359,1.359,1.359,1.359,1.359,1.359,1.359,1.359,1.359,1.359,1.359,0.948,0.948,0.948,1.06,1.06,1.06,1.06,1.06,1.06,1.06,1.06,1.057,1.057,0.908,0.904,0.904,0.904,0.903,0.903,0.903,0.903,0.903,0.903,0.903,0.903,0.903,0.903,0.903,0.904,0.903,0.903,0.903,0.904,0.931
RGI60-16.01947,1.322,1.322,1.322,1.322,1.322,1.322,1.322,1.322,1.322,1.322,1.322,1.322,1.322,1.322,1.322,1.322,0.895,0.895,0.895,1.012,1.012,1.012,1.012,1.012,1.012,1.012,1.012,1.01,1.01,0.861,0.857,0.857,0.857,0.855,0.855,0.855,0.855,0.855,0.855,0.855,0.855,0.855,0.855,0.855,0.857,0.855,0.855,0.855,0.857,0.888
RGI60-16.01948,1.279,1.279,1.279,1.279,1.279,1.279,1.279,1.279,1.279,1.279,1.279,1.279,1.279,1.279,1.279,1.279,0.829,0.829,0.829,0.955,0.955,0.955,0.955,0.955,0.955,0.955,0.955,0.952,0.952,0.793,0.788,0.788,0.788,0.786,0.786,0.786,0.786,0.786,0.786,0.786,0.786,0.786,0.786,0.786,0.788,0.786,0.786,0.786,0.788,0.822
RGI60-16.01949,1.264,1.264,1.264,1.264,1.264,1.264,1.264,1.264,1.264,1.264,1.264,1.264,1.264,1.264,1.264,1.264,0.807,0.807,0.807,0.935,0.935,0.935,0.935,0.935,0.935,0.935,0.935,0.933,0.933,0.769,0.764,0.764,0.764,0.762,0.762,0.762,0.762,0.762,0.762,0.762,0.762,0.762,0.762,0.762,0.764,0.762,0.762,0.762,0.764,0.799
RGI60-16.01950,1.293,1.293,1.293,1.293,1.293,1.293,1.293,1.293,1.293,1.293,1.293,1.293,1.293,1.293,1.293,1.293,0.851,0.851,0.851,0.974,0.974,0.974,0.974,0.974,0.974,0.974,0.974,0.971,0.971,0.816,0.811,0.811,0.811,0.81,0.81,0.81,0.81,0.81,0.81,0.81,0.81,0.81,0.81,0.81,0.811,0.81,0.81,0.81,0.811,0.844
RGI60-16.01951,2.119,2.119,2.119,2.119,2.119,2.119,2.119,2.119,2.119,2.119,2.119,2.119,2.119,2.119,2.119,2.119,1.882,1.882,1.882,1.941,1.941,1.941,1.941,1.941,1.941,1.941,1.941,1.939,1.939,1.866,1.864,1.864,1.864,1.863,1.863,1.863,1.863,1.863,1.863,1.863,1.863,1.863,1.863,1.863,1.864,1.863,1.863,1.863,1.864,1.879
RGI60-16.01952,1.331,1.331,1.331,1.331,1.331,1.331,1.331,1.331,1.331,1.331,1.331,1.331,1.331,1.331,1.331,1.331,0.908,0.908,0.908,1.024,1.024,1.024,1.024,1.024,1.024,1.024,1.024,1.022,1.022,0.874,0.87,0.87,0.87,0.869,0.869,0.869,0.869,0.869,0.869,0.869,0.869,0.869,0.869,0.869,0.87,0.869,0.869,0.869,0.87,0.901
RGI60-16.01953,1.296,1.296,1.296,1.296,1.296,1.296,1.296,1.296,1.296,1.296,1.296,1.296,1.296,1.296,1.296,1.296,0.856,0.856,0.856,0.978,0.978,0.978,0.978,0.978,0.978,0.978,0.978,0.976,0.976,0.82,0.816,0.816,0.816,0.814,0.814,0.814,0.814,0.814,0.814,0.814,0.814,0.814,0.814,0.814,0.816,0.814,0.814,0.814,0.816,0.848
RGI60-16.01954,1.348,1.348,1.348,1.348,1.348,1.348,1.348,1.348,1.348,1.348,1.348,1.348,1.348,1.348,1.348,1.348,0.933,0.933,0.933,1.046,1.046,1.046,1.046,1.046,1.046,1.046,1.046,1.044,1.044,0.9,0.896,0.896,0.896,0.894,0.894,0.894,0.894,0.894,0.894,0.894,0.894,0.894,0.894,0.894,0.896,0.894,0.894,0.894,0.895,0.925
RGI60-16.01955,1.47,1.47,1.47,1.47,1.47,1.47,1.47,1.47,1.47,1.47,1.47,1.47,1.47,1.47,1.47,1.47,1.102,1.102,1.102,1.199,1.199,1.199,1.199,1.199,1.199,1.199,1.199,1.197,1.197,1.073,1.07,1.07,1.07,1.069,1.069,1.069,1.069,1.069,1.069,1.069,1.069,1.069,1.069,1.069,1.07,1.069,1.069,1.069,1.07,1.095
RGI60-16.01956,1.312,1.312,1.312,1.312,1.312,1.312,1.312,1.312,1.312,1.312,1.312,1.312,1.312,1.312,1.312,1.312,0.861,0.861,0.861,0.998,0.998,0.998,0.998,0.998,0.998,0.998,0.998,0.995,0.995,0.904,0.898,0.898,0.898,0.896,0.896,0.896,0.896,0.896,0.896,0.896,0.896,0.896,0.896,0.896,0.898,0.896,0.896,0.896,0.898,0.959
RGI60-16.01957,1.277,1.277,1.277,1.277,1.277,1.277,1.277,1.277,1.277,1.277,1.277,1.277,1.277,1.277,1.277,1.277,0.807,0.807,0.807,0.952,0.952,0.952,0.952,0.952,0.952,0.952,0.952,0.949,0.949,0.852,0.847,0.847,0.847,0.844,0.844,0.844,0.844,0.844,0.844,0.844,0.844,0.844,0.844,0.844,0.847,0.844,0.844,0.844,0.846,0.911
RGI60-16.01958,1.262,1.262,1.262,1.262,1.262,1.262,1.262,1.262,1.262,1.262,1.262,1.262,1.262,1.262,1.262,1.262,0.803,0.803,0.803,0.932,0.932,0.932,0.932,0.932,0.932,0.932,0.932,0.929,0.929,0.754,0.75,0.75,0.75,0.748,0.748,0.748,0.748,0.748,0.748,0.748,0.748,0.748,0.748,0.748,0.75,0.748,0.748,0.748,0.75,0.782
RGI60-16.01959,1.28,1.28,1.28,1.28,1.28,1.28,1.28,1.28,1.28,1.28,1.28,1.28,1.28,1.28,1.28,1.28,0.699,0.699,0.699,0.838,0.838,0.838,0.838,0.838,0.838,0.838,0.838,0.831,0.831,0.723,0.712,0.712,0.712,0.706,0.706,0.706,0.706,0.706,0.706,0.706,0.706,0.706,0.706,0.706,0.712,0.706,0.706,0.706,0.711,0.866
RGI60-16.01960,1.341,1.341,1.341,1.341,1.341,1.341,1.341,1.341,1.341,1.341,1.341,1.341,1.341,1.341,1.341,1.341,0.923,0.923,0.923,1.037,1.037,1.037,1.037,1.037,1.037,1.037,1.037,1.034,1.034,0.88,0.876,0.876,0.876,0.875,0.875,0.875,0.875,0.875,0.875,0.875,0.875,0.875,0.875,0.875,0.876,0.875,0.875,0.875,0.876,0.904
RGI60-16.01961,1.276,1.276,1.276,1.276,1.276,1.276,1.276,1.276,1.276,1.276,1.276,1.276,1.276,1.276,1.276,1.276,0.826,0.826,0.826,0.951,0.951,0.951,0.951,0.951,0.951,0.951,0.951,0.948,0.948,0.777,0.773,0.773,0.773,0.771,0.771,0.771,0.771,0.771,0.771,0.771,0.771,0.771,0.771,0.771,0.773,0.771,0.771,0.771,0.773,0.804
RGI60-16.01962,1.328,1.328,1.328,1.328,1.328,1.328,1.328,1.328,1.328,1.328,1.328,1.328,1.328,1.328,1.328,1.328,0.904,0.904,0.904,1.02,1.02,1.02,1.02,1.02,1.02,1.02,1.02,1.018,1.018,0.86,0.856,0.856,0.856,0.855,0.855,0.855,0.855,0.855,0.855,0.855,0.855,0.855,0.855,0.855,0.856,0.855,0.855,0.855,0.856,0.884
RGI60-16.01963,1.246,1.246,1.246,1.246,1.246,1.246,1.246,1.246,1.246,1.246,1.246,1.246,1.246,1.246,1.246,1.246,0.778,0.778,0.778,0.91,0.91,0.91,0.91,0.91,0.91,0.91,0.91,0.907,0.907,0.727,0.722,0.722,0.722,0.721,0.721,0.721,0.721,0.721,0.721,0.721,0.721,0.721,0.721,0.721,0.722,0.721,0.721,0.721,0.722,0.755
RGI60-16.01964,1.347,1.347,1.347,1.347,1.347,1.347,1.347,1.347,1.347,1.347,1.347,1.347,1.347,1.347,1.347,1.347,0.931,0.931,0.931,1.044,1.044,1.044,1.044,1.044,1.044,1.044,1.044,1.042,1.042,0.889,0.885,0.885,0.885,0.884,0.884,0.884,0.884,0.884,0.884,0.884,0.884,0.884,0.884,0.884,0.885,0.884,0.884,0.884,0.885,0.912
RGI60-16.01965,1.347,1.347,1.347,1.347,1.347,1.347,1.347,1.347,1.347,1.347,1.347,1.347,1.347,1.347,1.347,1.347,0.931,0.931,0.931,1.044,1.044,1.044,1.044,1.044,1.044,1.044,1.044,1.042,1.042,0.889,0.885,0.885,0.885,0.884,0.884,0.884,0.884,0.884,0.884,0.884,0.884,0.884,0.884,0.884,0.885,0.884,0.884,0.884,0.885,0.912
RGI60-16.01966,1.249,1.249,1.249,1.249,1.249,1.249,1.249,1.249,1.249,1.249,1.249,1.249,1.249,1.249,1.249,1.249,0.783,0.783,0.783,0.914,0.914,0.914,0.914,0.914,0.914,0.914,0.914,0.911,0.911,0.73,0.726,0.726,0.726,0.724,0.724,0.724,0.724,0.724,0.724,0.724,0.724,0.724,0.724,0.724,0.726,0.724,0.724,0.724,0.725,0.758
RGI60-16.01967,1.247,1.247,1.247,1.247,1.247,1.247,1.247,1.247,1.247,1.247,1.247,1.247,1.247,1.247,1.247,1.247,0.78,0.78,0.78,0.912,0.912,0.912,0.912,0.912,0.912,0.912,0.912,0.91,0.91,0.728,0.724,0.724,0.724,0.722,0.722,0.722,0.722,0.722,0.722,0.722,0.722,0.722,0.722,0.722,0.724,0.722,0.722,0.722,0.724,0.757
RGI60-16.01968,1.268,1.268,1.268,1.268,1.268,1.268,1.268,1.268,1.268,1.268,1.268,1.268,1.268,1.268,1.268,1.268,0.813,0.813,0.813,0.941,0.941,0.941,0.941,0.941,0.941,0.941,0.941,0.938,0.938,0.766,0.761,0.761,0.761,0.76,0.76,0.76,0.76,0.76,0.76,0.76,0.76,0.76,0.76,0.76,0.761,0.76,0.76,0.76,0.761,0.793
RGI60-16.01969,1.258,1.258,1.258,1.258,1.258,1.258,1.258,1.258,1.258,1.258,1.258,1.258,1.258,1.258,1.258,1.258,0.798,0.798,0.798,0.927,0.927,0.927,0.927,0.927,0.927,0.927,0.927,0.925,0.925,0.747,0.743,0.743,0.743,0.741,0.741,0.741,0.741,0.741,0.741,0.741,0.741,0.741,0.741,0.741,0.743,0.741,0.741,0.741,0.742,0.775
RGI60-16.01970,1.268,1.268,1.268,1.268,1.268,1.268,1.268,1.268,1.268,1.268,1.268,1.268,1.268,1.268,1.268,1.268,0.813,0.813,0.813,0.941,0.941,0.941,0.941,0.941,0.941,0.941,0.941,0.938,0.938,0.764,0.76,0.76,0.76,0.758,0.758,0.758,0.758,0.758,0.758,0.758,0.758,0.758,0.758,0.758,0.76,0.758,0.758,0.758,0.76,0.792
RGI60-16.01971,1.273,1.273,1.273,1.273,1.273,1.273,1.273,1.273,1.273,1.273,1.273,1.273,1.273,1.273,1.273,1.273,0.821,0.821,0.821,0.948,0.948,0.948,0.948,0.948,0.948,0.948,0.948,0.945,0.945,0.773,0.768,0.768,0.768,0.767,0.767,0.767,0.767,0.767,0.767,0.767,0.767,0.767,0.767,0.767,0.768,0.767,0.767,0.767,0.768,0.8
RGI60-16.01972,1.262,1.262,1.262,1.262,1.262,1.262,1.262,1.262,1.262,1.262,1.262,1.262,1.262,1.262,1.262,1.262,0.803,0.803,0.803,0.932,0.932,0.932,0.932,0.932,0.932,0.932,0.932,0.929,0.929,0.754,0.75,0.75,0.75,0.748,0.748,0.748,0.748,0.748,0.748,0.748,0.748,0.748,0.748,0.748,0.75,0.748,0.748,0.748,0.75,0.782
RGI60-16.01973,1.362,1.362,1.362,1.362,1.362,1.362,1.362,1.362,1.362,1.362,1.362,1.362,1.362,1.362,1.362,1.362,0.953,0.953,0.953,1.064,1.064,1.064,1.064,1.064,1.064,1.064,1.064,1.061,1.061,0.912,0.908,0.908,0.908,0.907,0.907,0.907,0.907,0.907,0.907,0.907,0.907,0.907,0.907,0.907,0.908,0.907,0.907,0.907,0.908,0.935
RGI60-16.01974,1.318,1.318,1.318,1.318,1.318,1.318,1.318,1.318,1.318,1.318,1.318,1.318,1.318,1.318,1.318,1.318,0.889,0.889,0.889,1.007,1.007,1.007,1.007,1.007,1.007,1.007,1.007,1.005,1.005,0.845,0.841,0.841,0.841,0.84,0.84,0.84,0.84,0.84,0.84,0.84,0.84,0.84,0.84,0.84,0.841,0.84,0.84,0.84,0.841,0.87
RGI60-16.01975,1.25,1.25,1.25,1.25,1.25,1.25,1.25,1.25,1.25,1.25,1.25,1.25,1.25,1.25,1.25,1.25,0.786,0.786,0.786,0.917,0.917,0.917,0.917,0.917,0.917,0.917,0.917,0.914,0.914,0.733,0.728,0.728,0.728,0.727,0.727,0.727,0.727,0.727,0.727,0.727,0.727,0.727,0.727,0.727,0.728,0.727,0.727,0.727,0.728,0.761
RGI60-16.01976,1.31,1.31,1.31,1.31,1.31,1.31,1.31,1.31,1.31,1.31,1.31,1.31,1.31,1.31,1.31,1.31,0.877,0.877,0.877,0.996,0.996,0.996,0.996,0.996,0.996,0.996,0.996,0.993,0.993,0.83,0.826,0.826,0.826,0.824,0.824,0.824,0.824,0.824,0.824,0.824,0.824,0.824,0.824,0.824,0.826,0.824,0.824,0.824,0.826,0.854
RGI60-16.01977,1.246,1.246,1.246,1.246,1.246,1.246,1.246,1.246,1.246,1.246,1.246,1.246,1.246,1.246,1.246,1.246,0.779,0.779,0.779,0.911,0.911,0.911,0.911,0.911,0.911,0.911,0.911,0.908,0.908,0.726,0.722,0.722,0.722,0.72,0.72,0.72,0.72,0.72,0.72,0.72,0.72,0.72,0.72,0.72,0.722,0.72,0.72,0.72,0.722,0.755
RGI60-16.01978,1.252,1.252,1.252,1.252,1.252,1.252,1.252,1.252,1.252,1.252,1.252,1.252,1.252,1.252,1.252,1.252,0.788,0.788,0.788,0.919,0.919,0.919,0.919,0.919,0.919,0.919,0.919,0.916,0.916,0.738,0.733,0.733,0.733,0.732,0.732,0.732,0.732,0.732,0.732,0.732,0.732,0.732,0.732,0.732,0.733,0.732,0.732,0.732,0.733,0.766
RGI60-16.01979,1.255,1.255,1.255,1.255,1.255,1.255,1.255,1.255,1.255,1.255,1.255,1.255,1.255,1.255,1.255,1.255,0.793,0.793,0.793,0.923,0.923,0.923,0.923,0.923,0.923,0.923,0.923,0.92,0.92,0.741,0.737,0.737,0.737,0.735,0.735,0.735,0.735,0.735,0.735,0.735,0.735,0.735,0.735,0.735,0.737,0.735,0.735,0.735,0.737,0.769
RGI60-16.01980,1.253,1.253,1.253,1.253,1.253,1.253,1.253,1.253,1.253,1.253,1.253,1.253,1.253,1.253,1.253,1.253,0.791,0.791,0.791,0.921,0.921,0.921,0.921,0.921,0.921,0.921,0.921,0.918,0.918,0.739,0.735,0.735,0.735,0.733,0.733,0.733,0.733,0.733,0.733,0.733,0.733,0.733,0.733,0.733,0.735,0.733,0.733,0.733,0.735,0.767
RGI60-16.01981,1.249,1.249,1.249,1.249,1.249,1.249,1.249,1.249,1.249,1.249,1.249,1.249,1.249,1.249,1.249,1.249,0.783,0.783,0.783,0.914,0.914,0.914,0.914,0.914,0.914,0.914,0.914,0.911,0.911,0.737,0.733,0.733,0.733,0.731,0.731,0.731,0.731,0.731,0.731,0.731,0.731,0.731,0.731,0.731,0.733,0.731,0.731,0.731,0.732,0.767
RGI60-16.01982,1.291,1.291,1.291,1.291,1.291,1.291,1.291,1.291,1.291,1.291,1.291,1.291,1.291,1.291,1.291,1.291,0.849,0.849,0.849,0.972,0.972,0.972,0.972,0.972,0.972,0.972,0.972,0.969,0.969,0.807,0.802,0.802,0.802,0.801,0.801,0.801,0.801,0.801,0.801,0.801,0.801,0.801,0.801,0.801,0.802,0.801,0.801,0.801,0.802,0.833
RGI60-16.01983,1.644,1.644,1.644,1.644,1.644,1.644,1.644,1.644,1.644,1.644,1.644,1.644,1.644,1.644,1.644,1.644,1.325,1.325,1.325,1.406,1.406,1.406,1.406,1.406,1.406,1.406,1.406,1.404,1.404,1.298,1.295,1.295,1.295,1.294,1.294,1.294,1.294,1.294,1.294,1.294,1.294,1.294,1.294,1.294,1.295,1.294,1.294,1.294,1.295,1.314
RGI60-16.01984,2.181,2.181,2.181,2.181,2.181,2.181,2.181,2.181,2.181,2.181,2.181,2.181,2.181,2.181,2.181,2.181,1.952,1.952,1.952,2.008,2.008,2.008,2.008,2.008,2.008,2.008,2.008,2.007,2.007,1.934,1.932,1.932,1.932,1.931,1.931,1.931,1.931,1.931,1.931,1.931,1.931,1.931,1.931,1.931,1.932,1.931,1.931,1.931,1.932,1.945
RGI60-16.01985,1.904,1.904,1.904,1.904,1.904,1.904,1.904,1.904,1.904,1.904,1.904,1.904,1.904,1.904,1.904,1.904,1.636,1.636,1.636,1.703,1.703,1.703,1.703,1.703,1.703,1.703,1.703,1.701,1.701,1.615,1.613,1.613,1.613,1.612,1.612,1.612,1.612,1.612,1.612,1.612,1.612,1.612,1.612,1.612,1.613,1.612,1.612,1.612,1.613,1.629
RGI60-16.01986,1.348,1.348,1.348,1.348,1.348,1.348,1.348,1.348,1.348,1.348,1.348,1.348,1.348,1.348,1.348,1.348,0.934,0.934,0.934,1.046,1.046,1.046,1.046,1.046,1.046,1.046,1.046,1.044,1.044,0.896,0.893,0.893,0.893,0.891,0.891,0.891,0.891,0.891,0.891,0.891,0.891,0.891,0.891,0.891,0.893,0.891,0.891,0.891,0.893,0.921
RGI60-16.01987,1.298,1.298,1.298,1.298,1.298,1.298,1.298,1.298,1.298,1.298,1.298,1.298,1.298,1.298,1.298,1.298,0.86,0.86,0.86,0.981,0.981,0.981,0.981,0.981,0.981,0.981,0.981,0.978,0.978,0.81,0.806,0.806,0.806,0.804,0.804,0.804,0.804,0.804,0.804,0.804,0.804,0.804,0.804,0.804,0.806,0.804,0.804,0.804,0.805,0.834
RGI60-16.01988,2.118,2.118,2.118,2.118,2.118,2.118,2.118,2.118,2.118,2.118,2.118,2.118,2.118,2.118,2.118,2.118,1.882,1.882,1.882,1.94,1.94,1.94,1.94,1.94,1.94,1.94,1.94,1.938,1.938,1.861,1.86,1.86,1.86,1.859,1.859,1.859,1.859,1.859,1.859,1.859,1.859,1.859,1.859,1.859,1.86,1.859,1.859,1.859,1.859,1.873
RGI60-16.01989,1.28,1.28,1.28,1.28,1.28,1.28,1.28,1.28,1.28,1.28,1.28,1.28,1.28,1.28,1.28,1.28,0.699,0.699,0.699,0.838,0.838,0.838,0.838,0.838,0.838,0.838,0.838,0.831,0.831,0.723,0.712,0.712,0.712,0.706,0.706,0.706,0.706,0.706,0.706,0.706,0.706,0.706,0.706,0.706,0.712,0.706,0.706,0.706,0.711,0.866
RGI60-16.01990,1.246,1.246,1.246,1.246,1.246,1.246,1.246,1.246,1.246,1.246,1.246,1.246,1.246,1.246,1.246,1.246,0.757,0.757,0.757,0.911,0.911,0.911,0.911,0.911,0.911,0.911,0.911,0.907,0.907,0.819,0.813,0.813,0.813,0.81,0.81,0.81,0.81,0.81,0.81,0.81,0.81,0.81,0.81,0.81,0.813,0.81,0.81,0.81,0.812,0.891
RGI60-16.01991,1.317,1.317,1.317,1.317,1.317,1.317,1.317,1.317,1.317,1.317,1.317,1.317,1.317,1.317,1.317,1.317,0.869,0.869,0.869,1.006,1.006,1.006,1.006,1.006,1.006,1.006,1.006,1.002,1.002,0.924,0.918,0.918,0.918,0.915,0.915,0.915,0.915,0.915,0.915,0.915,0.915,0.915,0.915,0.915,0.918,0.915,0.915,0.915,0.917,0.988
RGI60-16.01992,1.428,1.428,1.428,1.428,1.428,1.428,1.428,1.428,1.428,1.428,1.428,1.428,1.428,1.428,1.428,1.428,1.029,1.029,1.029,1.147,1.147,1.147,1.147,1.147,1.147,1.147,1.147,1.144,1.144,1.076,1.071,1.071,1.071,1.069,1.069,1.069,1.069,1.069,1.069,1.069,1.069,1.069,1.069,1.069,1.071,1.069,1.069,1.069,1.07,1.132
RGI60-16.01993,1.342,1.342,1.342,1.342,1.342,1.342,1.342,1.342,1.342,1.342,1.342,1.342,1.342,1.342,1.342,1.342,0.906,0.906,0.906,1.038,1.038,1.038,1.038,1.038,1.038,1.038,1.038,1.035,1.035,0.959,0.953,0.953,0.953,0.951,0.951,0.951,0.951,0.951,0.951,0.951,0.951,0.951,0.951,0.951,0.953,0.951,0.951,0.951,0.953,1.021
RGI60-16.01994,1.262,1.262,1.262,1.262,1.262,1.262,1.262,1.262,1.262,1.262,1.262,1.262,1.262,1.262,1.262,1.262,0.782,0.782,0.782,0.933,0.933,0.933,0.933,0.933,0.933,0.933,0.933,0.928,0.928,0.843,0.837,0.837,0.837,0.834,0.834,0.834,0.834,0.834,0.834,0.834,0.834,0.834,0.834,0.834,0.837,0.834,0.834,0.834,0.836,0.913
RGI60-16.01996,1.256,1.256,1.256,1.256,1.256,1.256,1.256,1.256,1.256,1.256,1.256,1.256,1.256,1.256,1.256,1.256,0.795,0.795,0.795,0.924,0.924,0.924,0.924,0.924,0.924,0.924,0.924,0.921,0.921,0.736,0.732,0.732,0.732,0.731,0.731,0.731,0.731,0.731,0.731,0.731,0.731,0.731,0.731,0.731,0.732,0.731,0.731,0.731,0.732,0.763
RGI60-16.01997,1.273,1.273,1.273,1.273,1.273,1.273,1.273,1.273,1.273,1.273,1.273,1.273,1.273,1.273,1.273,1.273,0.822,0.822,0.822,0.947,0.947,0.947,0.947,0.947,0.947,0.947,0.947,0.945,0.945,0.767,0.763,0.763,0.763,0.761,0.761,0.761,0.761,0.761,0.761,0.761,0.761,0.761,0.761,0.761,0.763,0.761,0.761,0.761,0.763,0.792
RGI60-16.01998,1.276,1.276,1.276,1.276,1.276,1.276,1.276,1.276,1.276,1.276,1.276,1.276,1.276,1.276,1.276,1.276,0.827,0.827,0.827,0.952,0.952,0.952,0.952,0.952,0.952,0.952,0.952,0.949,0.949,0.772,0.768,0.768,0.768,0.767,0.767,0.767,0.767,0.767,0.767,0.767,0.767,0.767,0.767,0.767,0.768,0.767,0.767,0.767,0.768,0.798
RGI60-16.01999,1.26,1.26,1.26,1.26,1.26,1.26,1.26,1.26,1.26,1.26,1.26,1.26,1.26,1.26,1.26,1.26,0.771,0.771,0.771,0.93,0.93,0.93,0.93,0.93,0.93,0.93,0.93,0.925,0.925,0.848,0.842,0.842,0.842,0.839,0.839,0.839,0.839,0.839,0.839,0.839,0.839,0.839,0.839,0.839,0.842,0.839,0.839,0.839,0.841,0.928
RGI60-16.02000,2.609,2.609,2.609,2.609,2.609,2.609,2.609,2.609,2.609,2.609,2.609,2.609,2.609,2.609,2.609,2.609,2.421,2.421,2.421,2.466,2.466,2.466,2.466,2.466,2.466,2.466,2.466,2.465,2.465,2.402,2.401,2.401,2.401,2.4,2.4,2.4,2.4,2.4,2.4,2.4,2.4,2.4,2.4,2.4,2.401,2.4,2.4,2.4,2.401,2.41
RGI60-16.02001,1.446,1.446,1.446,1.446,1.446,1.446,1.446,1.446,1.446,1.446,1.446,1.446,1.446,1.446,1.446,1.446,1.07,1.07,1.07,1.169,1.169,1.169,1.169,1.169,1.169,1.169,1.169,1.167,1.167,1.027,1.024,1.024,1.024,1.023,1.023,1.023,1.023,1.023,1.023,1.023,1.023,1.023,1.023,1.023,1.024,1.023,1.023,1.023,1.024,1.046
RGI60-16.02002,1.28,1.28,1.28,1.28,1.28,1.28,1.28,1.28,1.28,1.28,1.28,1.28,1.28,1.28,1.28,1.28,0.699,0.699,0.699,0.838,0.838,0.838,0.838,0.838,0.838,0.838,0.838,0.831,0.831,0.723,0.712,0.712,0.712,0.706,0.706,0.706,0.706,0.706,0.706,0.706,0.706,0.706,0.706,0.706,0.712,0.706,0.706,0.706,0.711,0.866
RGI60-16.02003,1.249,1.249,1.249,1.249,1.249,1.249,1.249,1.249,1.249,1.249,1.249,1.249,1.249,1.249,1.249,1.249,0.785,0.785,0.785,0.915,0.915,0.915,0.915,0.915,0.915,0.915,0.915,0.912,0.912,0.724,0.719,0.719,0.719,0.718,0.718,0.718,0.718,0.718,0.718,0.718,0.718,0.718,0.718,0.718,0.719,0.718,0.718,0.718,0.719,0.75
RGI60-16.02004,1.249,1.249,1.249,1.249,1.249,1.249,1.249,1.249,1.249,1.249,1.249,1.249,1.249,1.249,1.249,1.249,0.784,0.784,0.784,0.914,0.914,0.914,0.914,0.914,0.914,0.914,0.914,0.911,0.911,0.721,0.717,0.717,0.717,0.715,0.715,0.715,0.715,0.715,0.715,0.715,0.715,0.715,0.715,0.715,0.717,0.715,0.715,0.715,0.717,0.747
RGI60-16.02005,1.251,1.251,1.251,1.251,1.251,1.251,1.251,1.251,1.251,1.251,1.251,1.251,1.251,1.251,1.251,1.251,0.787,0.787,0.787,0.917,0.917,0.917,0.917,0.917,0.917,0.917,0.917,0.915,0.915,0.726,0.722,0.722,0.722,0.72,0.72,0.72,0.72,0.72,0.72,0.72,0.72,0.72,0.72,0.72,0.722,0.72,0.72,0.72,0.722,0.753
RGI60-16.02006,1.262,1.262,1.262,1.262,1.262,1.262,1.262,1.262,1.262,1.262,1.262,1.262,1.262,1.262,1.262,1.262,0.804,0.804,0.804,0.932,0.932,0.932,0.932,0.932,0.932,0.932,0.932,0.929,0.929,0.743,0.739,0.739,0.739,0.738,0.738,0.738,0.738,0.738,0.738,0.738,0.738,0.738,0.738,0.738,0.739,0.738,0.738,0.738,0.739,0.769
RGI60-16.02007,1.261,1.261,1.261,1.261,1.261,1.261,1.261,1.261,1.261,1.261,1.261,1.261,1.261,1.261,1.261,1.261,0.803,0.803,0.803,0.931,0.931,0.931,0.931,0.931,0.931,0.931,0.931,0.928,0.928,0.743,0.738,0.738,0.738,0.737,0.737,0.737,0.737,0.737,0.737,0.737,0.737,0.737,0.737,0.737,0.738,0.737,0.737,0.737,0.738,0.768
RGI60-16.02008,1.312,1.312,1.312,1.312,1.312,1.312,1.312,1.312,1.312,1.312,1.312,1.312,1.312,1.312,1.312,1.312,0.882,0.882,0.882,1.0,1.0,1.0,1.0,1.0,1.0,1.0,1.0,0.997,0.997,0.826,0.823,0.823,0.823,0.821,0.821,0.821,0.821,0.821,0.821,0.821,0.821,0.821,0.821,0.821,0.823,0.821,0.821,0.821,0.822,0.849
RGI60-16.02009,1.565,1.565,1.565,1.565,1.565,1.565,1.565,1.565,1.565,1.565,1.565,1.565,1.565,1.565,1.565,1.565,1.226,1.226,1.226,1.313,1.313,1.313,1.313,1.313,1.313,1.313,1.313,1.311,1.311,1.188,1.185,1.185,1.185,1.184,1.184,1.184,1.184,1.184,1.184,1.184,1.184,1.184,1.184,1.184,1.185,1.184,1.184,1.184,1.185,1.204
RGI60-16.02010,2.181,2.181,2.181,2.181,2.181,2.181,2.181,2.181,2.181,2.181,2.181,2.181,2.181,2.181,2.181,2.181,1.952,1.952,1.952,2.008,2.008,2.008,2.008,2.008,2.008,2.008,2.008,2.007,2.007,1.929,1.927,1.927,1.927,1.926,1.926,1.926,1.926,1.926,1.926,1.926,1.926,1.926,1.926,1.926,1.927,1.926,1.926,1.926,1.927,1.939
RGI60-16.02011,1.312,1.312,1.312,1.312,1.312,1.312,1.312,1.312,1.312,1.312,1.312,1.312,1.312,1.312,1.312,1.312,0.881,0.881,0.881,0.999,0.999,0.999,0.999,0.999,0.999,0.999,0.999,0.996,0.996,0.827,0.823,0.823,0.823,0.822,0.822,0.822,0.822,0.822,0.822,0.822,0.822,0.822,0.822,0.822,0.823,0.822,0.822,0.822,0.823,0.85
RGI60-16.02012,1.339,1.339,1.339,1.339,1.339,1.339,1.339,1.339,1.339,1.339,1.339,1.339,1.339,1.339,1.339,1.339,0.921,0.921,0.921,1.035,1.035,1.035,1.035,1.035,1.035,1.035,1.035,1.032,1.032,0.871,0.867,0.867,0.867,0.866,0.866,0.866,0.866,0.866,0.866,0.866,0.866,0.866,0.866,0.866,0.867,0.866,0.866,0.866,0.867,0.893
RGI60-16.02013,1.366,1.366,1.366,1.366,1.366,1.366,1.366,1.366,1.366,1.366,1.366,1.366,1.366,1.366,1.366,1.366,0.96,0.96,0.96,1.069,1.069,1.069,1.069,1.069,1.069,1.069,1.069,1.067,1.067,0.909,0.906,0.906,0.906,0.905,0.905,0.905,0.905,0.905,0.905,0.905,0.905,0.905,0.905,0.905,0.906,0.905,0.905,0.905,0.906,0.93
RGI60-16.02014,1.34,1.34,1.34,1.34,1.34,1.34,1.34,1.34,1.34,1.34,1.34,1.34,1.34,1.34,1.34,1.34,0.923,0.923,0.923,1.036,1.036,1.036,1.036,1.036,1.036,1.036,1.036,1.033,1.033,0.871,0.867,0.867,0.867,0.866,0.866,0.866,0.866,0.866,0.866,0.866,0.866,0.866,0.866,0.866,0.867,0.866,0.866,0.866,0.867,0.893
RGI60-16.02015,1.253,1.253,1.253,1.253,1.253,1.253,1.253,1.253,1.253,1.253,1.253,1.253,1.253,1.253,1.253,1.253,0.79,0.79,0.79,0.92,0.92,0.92,0.92,0.92,0.92,0.92,0.92,0.917,0.917,0.731,0.726,0.726,0.726,0.725,0.725,0.725,0.725,0.725,0.725,0.725,0.725,0.725,0.725,0.725,0.726,0.725,0.725,0.725,0.726,0.757
RGI60-16.02016,1.26,1.26,1.26,1.26,1.26,1.26,1.26,1.26,1.26,1.26,1.26,1.26,1.26,1.26,1.26,1.26,0.801,0.801,0.801,0.929,0.929,0.929,0.929,0.929,0.929,0.929,0.929,0.927,0.927,0.743,0.738,0.738,0.738,0.737,0.737,0.737,0.737,0.737,0.737,0.737,0.737,0.737,0.737,0.737,0.738,0.737,0.737,0.737,0.738,0.769
RGI60-16.02017,1.256,1.256,1.256,1.256,1.256,1.256,1.256,1.256,1.256,1.256,1.256,1.256,1.256,1.256,1.256,1.256,0.796,0.796,0.796,0.924,0.924,0.924,0.924,0.924,0.924,0.924,0.924,0.922,0.922,0.736,0.731,0.731,0.731,0.73,0.73,0.73,0.73,0.73,0.73,0.73,0.73,0.73,0.73,0.73,0.731,0.73,0.73,0.73,0.731,0.762
RGI60-16.02018,1.3,1.3,1.3,1.3,1.3,1.3,1.3,1.3,1.3,1.3,1.3,1.3,1.3,1.3,1.3,1.3,0.863,0.863,0.863,0.983,0.983,0.983,0.983,0.983,0.983,0.983,0.983,0.981,0.981,0.809,0.805,0.805,0.805,0.804,0.804,0.804,0.804,0.804,0.804,0.804,0.804,0.804,0.804,0.804,0.805,0.804,0.804,0.804,0.805,0.833
RGI60-16.02019,1.259,1.259,1.259,1.259,1.259,1.259,1.259,1.259,1.259,1.259,1.259,1.259,1.259,1.259,1.259,1.259,0.8,0.8,0.8,0.928,0.928,0.928,0.928,0.928,0.928,0.928,0.928,0.925,0.925,0.74,0.736,0.736,0.736,0.735,0.735,0.735,0.735,0.735,0.735,0.735,0.735,0.735,0.735,0.735,0.736,0.735,0.735,0.735,0.736,0.766
RGI60-16.02020,1.292,1.292,1.292,1.292,1.292,1.292,1.292,1.292,1.292,1.292,1.292,1.292,1.292,1.292,1.292,1.292,0.851,0.851,0.851,0.972,0.972,0.972,0.972,0.972,0.972,0.972,0.972,0.97,0.97,0.788,0.784,0.784,0.784,0.782,0.782,0.782,0.782,0.782,0.782,0.782,0.782,0.782,0.782,0.782,0.784,0.782,0.782,0.782,0.784,0.81
RGI60-16.02021,1.391,1.391,1.391,1.391,1.391,1.391,1.391,1.391,1.391,1.391,1.391,1.391,1.391,1.391,1.391,1.391,0.995,0.995,0.995,1.1,1.1,1.1,1.1,1.1,1.1,1.1,1.1,1.098,1.098,0.941,0.938,0.938,0.938,0.937,0.937,0.937,0.937,0.937,0.937,0.937,0.937,0.937,0.937,0.937,0.938,0.937,0.937,0.937,0.938,0.96
RGI60-16.02022,1.252,1.252,1.252,1.252,1.252,1.252,1.252,1.252,1.252,1.252,1.252,1.252,1.252,1.252,1.252,1.252,0.789,0.789,0.789,0.918,0.918,0.918,0.918,0.918,0.918,0.918,0.918,0.915,0.915,0.723,0.719,0.719,0.719,0.717,0.717,0.717,0.717,0.717,0.717,0.717,0.717,0.717,0.717,0.717,0.719,0.717,0.717,0.717,0.719,0.749
RGI60-16.02023,1.252,1.252,1.252,1.252,1.252,1.252,1.252,1.252,1.252,1.252,1.252,1.252,1.252,1.252,1.252,1.252,0.789,0.789,0.789,0.919,0.919,0.919,0.919,0.919,0.919,0.919,0.919,0.916,0.916,0.722,0.718,0.718,0.718,0.717,0.717,0.717,0.717,0.717,0.717,0.717,0.717,0.717,0.717,0.717,0.718,0.717,0.717,0.717,0.718,0.748
RGI60-16.02024,1.299,1.299,1.299,1.299,1.299,1.299,1.299,1.299,1.299,1.299,1.299,1.299,1.299,1.299,1.299,1.299,0.862,0.862,0.862,0.982,0.982,0.982,0.982,0.982,0.982,0.982,0.982,0.979,0.979,0.801,0.798,0.798,0.798,0.796,0.796,0.796,0.796,0.796,0.796,0.796,0.796,0.796,0.796,0.796,0.798,0.796,0.796,0.796,0.797,0.824
RGI60-16.02025,1.278,1.278,1.278,1.278,1.278,1.278,1.278,1.278,1.278,1.278,1.278,1.278,1.278,1.278,1.278,1.278,0.83,0.83,0.83,0.954,0.954,0.954,0.954,0.954,0.954,0.954,0.954,0.951,0.951,0.767,0.763,0.763,0.763,0.762,0.762,0.762,0.762,0.762,0.762,0.762,0.762,0.762,0.762,0.762,0.763,0.762,0.762,0.762,0.763,0.791
RGI60-16.02026,1.285,1.285,1.285,1.285,1.285,1.285,1.285,1.285,1.285,1.285,1.285,1.285,1.285,1.285,1.285,1.285,0.841,0.841,0.841,0.963,0.963,0.963,0.963,0.963,0.963,0.963,0.963,0.961,0.961,0.779,0.775,0.775,0.775,0.774,0.774,0.774,0.774,0.774,0.774,0.774,0.774,0.774,0.774,0.774,0.775,0.774,0.774,0.774,0.775,0.803
RGI60-16.02027,1.253,1.253,1.253,1.253,1.253,1.253,1.253,1.253,1.253,1.253,1.253,1.253,1.253,1.253,1.253,1.253,0.791,0.791,0.791,0.92,0.92,0.92,0.92,0.92,0.92,0.92,0.92,0.917,0.917,0.725,0.721,0.721,0.721,0.72,0.72,0.72,0.72,0.72,0.72,0.72,0.72,0.72,0.72,0.72,0.721,0.72,0.72,0.72,0.721,0.751
RGI60-16.02028,1.256,1.256,1.256,1.256,1.256,1.256,1.256,1.256,1.256,1.256,1.256,1.256,1.256,1.256,1.256,1.256,0.796,0.796,0.796,0.924,0.924,0.924,0.924,0.924,0.924,0.924,0.924,0.922,0.922,0.727,0.723,0.723,0.723,0.721,0.721,0.721,0.721,0.721,0.721,0.721,0.721,0.721,0.721,0.721,0.723,0.721,0.721,0.721,0.723,0.751
RGI60-16.02029,1.274,1.274,1.274,1.274,1.274,1.274,1.274,1.274,1.274,1.274,1.274,1.274,1.274,1.274,1.274,1.274,0.825,0.825,0.825,0.949,0.949,0.949,0.949,0.949,0.949,0.949,0.949,0.946,0.946,0.758,0.754,0.754,0.754,0.753,0.753,0.753,0.753,0.753,0.753,0.753,0.753,0.753,0.753,0.753,0.754,0.753,0.753,0.753,0.754,0.781
RGI60-16.02030,1.665,1.665,1.665,1.665,1.665,1.665,1.665,1.665,1.665,1.665,1.665,1.665,1.665,1.665,1.665,1.665,1.338,1.338,1.338,1.431,1.431,1.431,1.431,1.431,1.431,1.431,1.431,1.428,1.428,1.373,1.369,1.369,1.369,1.368,1.368,1.368,1.368,1.368,1.368,1.368,1.368,1.368,1.368,1.368,1.369,1.368,1.368,1.368,1.369,1.416
RGI60-16.02031,1.247,1.247,1.247,1.247,1.247,1.247,1.247,1.247,1.247,1.247,1.247,1.247,1.247,1.247,1.247,1.247,0.758,0.758,0.758,0.912,0.912,0.912,0.912,0.912,0.912,0.912,0.912,0.908,0.908,0.818,0.812,0.812,0.812,0.809,0.809,0.809,0.809,0.809,0.809,0.809,0.809,0.809,0.809,0.809,0.812,0.809,0.809,0.809,0.811,0.888
RGI60-16.02032,1.436,1.436,1.436,1.436,1.436,1.436,1.436,1.436,1.436,1.436,1.436,1.436,1.436,1.436,1.436,1.436,1.04,1.04,1.04,1.157,1.157,1.157,1.157,1.157,1.157,1.157,1.157,1.153,1.153,1.084,1.079,1.079,1.079,1.077,1.077,1.077,1.077,1.077,1.077,1.077,1.077,1.077,1.077,1.077,1.079,1.077,1.077,1.077,1.079,1.138
RGI60-16.02033,1.371,1.371,1.371,1.371,1.371,1.371,1.371,1.371,1.371,1.371,1.371,1.371,1.371,1.371,1.371,1.371,0.948,0.948,0.948,1.075,1.075,1.075,1.075,1.075,1.075,1.075,1.075,1.072,1.072,0.997,0.992,0.992,0.992,0.989,0.989,0.989,0.989,0.989,0.989,0.989,0.989,0.989,0.989,0.989,0.992,0.989,0.989,0.989,0.991,1.055
RGI60-16.02034,1.249,1.249,1.249,1.249,1.249,1.249,1.249,1.249,1.249,1.249,1.249,1.249,1.249,1.249,1.249,1.249,0.761,0.761,0.761,0.914,0.914,0.914,0.914,0.914,0.914,0.914,0.914,0.91,0.91,0.821,0.814,0.814,0.814,0.811,0.811,0.811,0.811,0.811,0.811,0.811,0.811,0.811,0.811,0.811,0.814,0.811,0.811,0.811,0.814,0.891
RGI60-16.02035,1.252,1.252,1.252,1.252,1.252,1.252,1.252,1.252,1.252,1.252,1.252,1.252,1.252,1.252,1.252,1.252,0.766,0.766,0.766,0.919,0.919,0.919,0.919,0.919,0.919,0.919,0.919,0.914,0.914,0.826,0.819,0.819,0.819,0.817,0.817,0.817,0.817,0.817,0.817,0.817,0.817,0.817,0.817,0.817,0.819,0.817,0.817,0.817,0.819,0.896
RGI60-16.02036,1.261,1.261,1.261,1.261,1.261,1.261,1.261,1.261,1.261,1.261,1.261,1.261,1.261,1.261,1.261,1.261,0.781,0.781,0.781,0.931,0.931,0.931,0.931,0.931,0.931,0.931,0.931,0.927,0.927,0.84,0.834,0.834,0.834,0.831,0.831,0.831,0.831,0.831,0.831,0.831,0.831,0.831,0.831,0.831,0.834,0.831,0.831,0.831,0.834,0.91
RGI60-16.02037,1.314,1.314,1.314,1.314,1.314,1.314,1.314,1.314,1.314,1.314,1.314,1.314,1.314,1.314,1.314,1.314,0.864,0.864,0.864,1.002,1.002,1.002,1.002,1.002,1.002,1.002,1.002,0.998,0.998,0.918,0.912,0.912,0.912,0.91,0.91,0.91,0.91,0.91,0.91,0.91,0.91,0.91,0.91,0.91,0.912,0.91,0.91,0.91,0.912,0.981
RGI60-16.02038,1.34,1.34,1.34,1.34,1.34,1.34,1.34,1.34,1.34,1.34,1.34,1.34,1.34,1.34,1.34,1.34,0.902,0.902,0.902,1.035,1.035,1.035,1.035,1.035,1.035,1.035,1.035,1.032,1.032,0.954,0.948,0.948,0.948,0.946,0.946,0.946,0.946,0.946,0.946,0.946,0.946,0.946,0.946,0.946,0.948,0.946,0.946,0.946,0.948,1.015
RGI60-16.02039,1.287,1.287,1.287,1.287,1.287,1.287,1.287,1.287,1.287,1.287,1.287,1.287,1.287,1.287,1.287,1.287,0.821,0.821,0.821,0.965,0.965,0.965,0.965,0.965,0.965,0.965,0.965,0.961,0.961,0.878,0.872,0.872,0.872,0.869,0.869,0.869,0.869,0.869,0.869,0.869,0.869,0.869,0.869,0.869,0.872,0.869,0.869,0.869,0.871,0.944
RGI60-16.02040,1.356,1.356,1.356,1.356,1.356,1.356,1.356,1.356,1.356,1.356,1.356,1.356,1.356,1.356,1.356,1.356,0.926,0.926,0.926,1.056,1.056,1.056,1.056,1.056,1.056,1.056,1.056,1.052,1.052,0.977,0.971,0.971,0.971,0.969,0.969,0.969,0.969,0.969,0.969,0.969,0.969,0.969,0.969,0.969,0.971,0.969,0.969,0.969,0.971,1.037
RGI60-16.02041,1.351,1.351,1.351,1.351,1.351,1.351,1.351,1.351,1.351,1.351,1.351,1.351,1.351,1.351,1.351,1.351,0.919,0.919,0.919,1.05,1.05,1.05,1.05,1.05,1.05,1.05,1.05,1.046,1.046,0.97,0.965,0.965,0.965,0.962,0.962,0.962,0.962,0.962,0.962,0.962,0.962,0.962,0.962,0.962,0.965,0.962,0.962,0.962,0.964,1.031
RGI60-16.02042,1.301,1.301,1.301,1.301,1.301,1.301,1.301,1.301,1.301,1.301,1.301,1.301,1.301,1.301,1.301,1.301,0.843,0.843,0.843,0.984,0.984,0.984,0.984,0.984,0.984,0.984,0.984,0.98,0.98,0.898,0.892,0.892,0.892,0.89,0.89,0.89,0.89,0.89,0.89,0.89,0.89,0.89,0.89,0.89,0.892,0.89,0.89,0.89,0.892,0.963
RGI60-16.02043,1.334,1.334,1.334,1.334,1.334,1.334,1.334,1.334,1.334,1.334,1.334,1.334,1.334,1.334,1.334,1.334,0.894,0.894,0.894,1.028,1.028,1.028,1.028,1.028,1.028,1.028,1.028,1.024,1.024,0.946,0.941,0.941,0.941,0.938,0.938,0.938,0.938,0.938,0.938,0.938,0.938,0.938,0.938,0.938,0.941,0.938,0.938,0.938,0.94,1.008
RGI60-16.02044,1.325,1.325,1.325,1.325,1.325,1.325,1.325,1.325,1.325,1.325,1.325,1.325,1.325,1.325,1.325,1.325,0.88,0.88,0.88,1.016,1.016,1.016,1.016,1.016,1.016,1.016,1.016,1.012,1.012,0.933,0.927,0.927,0.927,0.925,0.925,0.925,0.925,0.925,0.925,0.925,0.925,0.925,0.925,0.925,0.927,0.925,0.925,0.925,0.927,0.995
RGI60-16.02045,1.249,1.249,1.249,1.249,1.249,1.249,1.249,1.249,1.249,1.249,1.249,1.249,1.249,1.249,1.249,1.249,0.761,0.761,0.761,0.915,0.915,0.915,0.915,0.915,0.915,0.915,0.915,0.91,0.91,0.821,0.815,0.815,0.815,0.812,0.812,0.812,0.812,0.812,0.812,0.812,0.812,0.812,0.812,0.812,0.815,0.812,0.812,0.812,0.814,0.892
RGI60-16.02046,1.363,1.363,1.363,1.363,1.363,1.363,1.363,1.363,1.363,1.363,1.363,1.363,1.363,1.363,1.363,1.363,0.937,0.937,0.937,1.065,1.065,1.065,1.065,1.065,1.065,1.065,1.065,1.062,1.062,0.986,0.981,0.981,0.981,0.979,0.979,0.979,0.979,0.979,0.979,0.979,0.979,0.979,0.979,0.979,0.981,0.979,0.979,0.979,0.98,1.045
RGI60-16.02047,1.324,1.324,1.324,1.324,1.324,1.324,1.324,1.324,1.324,1.324,1.324,1.324,1.324,1.324,1.324,1.324,0.879,0.879,0.879,1.015,1.015,1.015,1.015,1.015,1.015,1.015,1.015,1.011,1.011,0.931,0.925,0.925,0.925,0.923,0.923,0.923,0.923,0.923,0.923,0.923,0.923,0.923,0.923,0.923,0.925,0.923,0.923,0.923,0.925,0.993
RGI60-16.02048,1.299,1.299,1.299,1.299,1.299,1.299,1.299,1.299,1.299,1.299,1.299,1.299,1.299,1.299,1.299,1.299,0.84,0.84,0.84,0.981,0.981,0.981,0.981,0.981,0.981,0.981,0.981,0.977,0.977,0.896,0.89,0.89,0.89,0.887,0.887,0.887,0.887,0.887,0.887,0.887,0.887,0.887,0.887,0.887,0.89,0.887,0.887,0.887,0.889,0.961
RGI60-16.02049,1.243,1.243,1.243,1.243,1.243,1.243,1.243,1.243,1.243,1.243,1.243,1.243,1.243,1.243,1.243,1.243,0.751,0.751,0.751,0.906,0.906,0.906,0.906,0.906,0.906,0.906,0.906,0.902,0.902,0.812,0.806,0.806,0.806,0.803,0.803,0.803,0.803,0.803,0.803,0.803,0.803,0.803,0.803,0.803,0.806,0.803,0.803,0.803,0.805,0.883
RGI60-16.02050,1.247,1.247,1.247,1.247,1.247,1.247,1.247,1.247,1.247,1.247,1.247,1.247,1.247,1.247,1.247,1.247,0.757,0.757,0.757,0.912,0.912,0.912,0.912,0.912,0.912,0.912,0.912,0.908,0.908,0.819,0.812,0.812,0.812,0.81,0.81,0.81,0.81,0.81,0.81,0.81,0.81,0.81,0.81,0.81,0.812,0.81,0.81,0.81,0.812,0.89
RGI60-16.02051,1.241,1.241,1.241,1.241,1.241,1.241,1.241,1.241,1.241,1.241,1.241,1.241,1.241,1.241,1.241,1.241,0.748,0.748,0.748,0.904,0.904,0.904,0.904,0.904,0.904,0.904,0.904,0.9,0.9,0.809,0.803,0.803,0.803,0.8,0.8,0.8,0.8,0.8,0.8,0.8,0.8,0.8,0.8,0.8,0.803,0.8,0.8,0.8,0.802,0.881
RGI60-16.02052,1.242,1.242,1.242,1.242,1.242,1.242,1.242,1.242,1.242,1.242,1.242,1.242,1.242,1.242,1.242,1.242,0.749,0.749,0.749,0.905,0.905,0.905,0.905,0.905,0.905,0.905,0.905,0.9,0.9,0.811,0.804,0.804,0.804,0.801,0.801,0.801,0.801,0.801,0.801,0.801,0.801,0.801,0.801,0.801,0.804,0.801,0.801,0.801,0.803,0.882
RGI60-16.02053,1.255,1.255,1.255,1.255,1.255,1.255,1.255,1.255,1.255,1.255,1.255,1.255,1.255,1.255,1.255,1.255,0.771,0.771,0.771,0.923,0.923,0.923,0.923,0.923,0.923,0.923,0.923,0.919,0.919,0.83,0.824,0.824,0.824,0.821,0.821,0.821,0.821,0.821,0.821,0.821,0.821,0.821,0.821,0.821,0.824,0.821,0.821,0.821,0.823,0.9
RGI60-16.02054,1.255,1.255,1.255,1.255,1.255,1.255,1.255,1.255,1.255,1.255,1.255,1.255,1.255,1.255,1.255,1.255,0.771,0.771,0.771,0.923,0.923,0.923,0.923,0.923,0.923,0.923,0.923,0.919,0.919,0.831,0.824,0.824,0.824,0.822,0.822,0.822,0.822,0.822,0.822,0.822,0.822,0.822,0.822,0.822,0.824,0.822,0.822,0.822,0.824,0.9
RGI60-16.02055,1.249,1.249,1.249,1.249,1.249,1.249,1.249,1.249,1.249,1.249,1.249,1.249,1.249,1.249,1.249,1.249,0.761,0.761,0.761,0.914,0.914,0.914,0.914,0.914,0.914,0.914,0.914,0.91,0.91,0.821,0.815,0.815,0.815,0.812,0.812,0.812,0.812,0.812,0.812,0.812,0.812,0.812,0.812,0.812,0.815,0.812,0.812,0.812,0.814,0.891
RGI60-16.02056,1.246,1.246,1.246,1.246,1.246,1.246,1.246,1.246,1.246,1.246,1.246,1.246,1.246,1.246,1.246,1.246,0.757,0.757,0.757,0.911,0.911,0.911,0.911,0.911,0.911,0.911,0.911,0.907,0.907,0.818,0.811,0.811,0.811,0.808,0.808,0.808,0.808,0.808,0.808,0.808,0.808,0.808,0.808,0.808,0.811,0.808,0.808,0.808,0.811,0.889
RGI60-16.02057,1.772,1.772,1.772,1.772,1.772,1.772,1.772,1.772,1.772,1.772,1.772,1.772,1.772,1.772,1.772,1.772,1.47,1.47,1.47,1.555,1.555,1.555,1.555,1.555,1.555,1.555,1.555,1.552,1.552,1.502,1.498,1.498,1.498,1.497,1.497,1.497,1.497,1.497,1.497,1.497,1.497,1.497,1.497,1.497,1.498,1.497,1.497,1.497,1.498,1.541
RGI60-16.02058,1.247,1.247,1.247,1.247,1.247,1.247,1.247,1.247,1.247,1.247,1.247,1.247,1.247,1.247,1.247,1.247,0.758,0.758,0.758,0.912,0.912,0.912,0.912,0.912,0.912,0.912,0.912,0.908,0.908,0.818,0.812,0.812,0.812,0.809,0.809,0.809,0.809,0.809,0.809,0.809,0.809,0.809,0.809,0.809,0.812,0.809,0.809,0.809,0.811,0.888
RGI60-16.02059,1.356,1.356,1.356,1.356,1.356,1.356,1.356,1.356,1.356,1.356,1.356,1.356,1.356,1.356,1.356,1.356,0.946,0.946,0.946,1.056,1.056,1.056,1.056,1.056,1.056,1.056,1.056,1.054,1.054,0.89,0.886,0.886,0.886,0.885,0.885,0.885,0.885,0.885,0.885,0.885,0.885,0.885,0.885,0.885,0.886,0.885,0.885,0.885,0.886,0.91
RGI60-16.02060,1.248,1.248,1.248,1.248,1.248,1.248,1.248,1.248,1.248,1.248,1.248,1.248,1.248,1.248,1.248,1.248,0.783,0.783,0.783,0.913,0.913,0.913,0.913,0.913,0.913,0.913,0.913,0.91,0.91,0.712,0.708,0.708,0.708,0.707,0.707,0.707,0.707,0.707,0.707,0.707,0.707,0.707,0.707,0.707,0.708,0.707,0.707,0.707,0.708,0.738
RGI60-16.02061,1.257,1.257,1.257,1.257,1.257,1.257,1.257,1.257,1.257,1.257,1.257,1.257,1.257,1.257,1.257,1.257,0.797,0.797,0.797,0.925,0.925,0.925,0.925,0.925,0.925,0.925,0.925,0.922,0.922,0.727,0.723,0.723,0.723,0.721,0.721,0.721,0.721,0.721,0.721,0.721,0.721,0.721,0.721,0.721,0.723,0.721,0.721,0.721,0.723,0.751
RGI60-16.02062,1.272,1.272,1.272,1.272,1.272,1.272,1.272,1.272,1.272,1.272,1.272,1.272,1.272,1.272,1.272,1.272,0.82,0.82,0.82,0.945,0.945,0.945,0.945,0.945,0.945,0.945,0.945,0.943,0.943,0.754,0.75,0.75,0.75,0.749,0.749,0.749,0.749,0.749,0.749,0.749,0.749,0.749,0.749,0.749,0.75,0.749,0.749,0.749,0.75,0.778
RGI60-16.02063,1.286,1.286,1.286,1.286,1.286,1.286,1.286,1.286,1.286,1.286,1.286,1.286,1.286,1.286,1.286,1.286,0.843,0.843,0.843,0.965,0.965,0.965,0.965,0.965,0.965,0.965,0.965,0.962,0.962,0.778,0.774,0.774,0.774,0.772,0.772,0.772,0.772,0.772,0.772,0.772,0.772,0.772,0.772,0.772,0.774,0.772,0.772,0.772,0.774,0.8
RGI60-16.02064,1.255,1.255,1.255,1.255,1.255,1.255,1.255,1.255,1.255,1.255,1.255,1.255,1.255,1.255,1.255,1.255,0.794,0.794,0.794,0.922,0.922,0.922,0.922,0.922,0.922,0.922,0.922,0.92,0.92,0.723,0.719,0.719,0.719,0.718,0.718,0.718,0.718,0.718,0.718,0.718,0.718,0.718,0.718,0.718,0.719,0.718,0.718,0.718,0.719,0.748
RGI60-16.02065,1.744,1.744,1.744,1.744,1.744,1.744,1.744,1.744,1.744,1.744,1.744,1.744,1.744,1.744,1.744,1.744,1.448,1.448,1.448,1.522,1.522,1.522,1.522,1.522,1.522,1.522,1.522,1.521,1.521,1.41,1.408,1.408,1.408,1.407,1.407,1.407,1.407,1.407,1.407,1.407,1.407,1.407,1.407,1.407,1.408,1.407,1.407,1.407,1.408,1.423
RGI60-16.02066,1.478,1.478,1.478,1.478,1.478,1.478,1.478,1.478,1.478,1.478,1.478,1.478,1.478,1.478,1.478,1.478,1.114,1.114,1.114,1.209,1.209,1.209,1.209,1.209,1.209,1.209,1.209,1.207,1.207,1.064,1.061,1.061,1.061,1.06,1.06,1.06,1.06,1.06,1.06,1.06,1.06,1.06,1.06,1.06,1.061,1.06,1.06,1.06,1.061,1.081
RGI60-16.02067,1.256,1.256,1.256,1.256,1.256,1.256,1.256,1.256,1.256,1.256,1.256,1.256,1.256,1.256,1.256,1.256,0.796,0.796,0.796,0.924,0.924,0.924,0.924,0.924,0.924,0.924,0.924,0.921,0.921,0.724,0.72,0.72,0.72,0.719,0.719,0.719,0.719,0.719,0.719,0.719,0.719,0.719,0.719,0.719,0.72,0.719,0.719,0.719,0.72,0.748
RGI60-16.02068,1.388,1.388,1.388,1.388,1.388,1.388,1.388,1.388,1.388,1.388,1.388,1.388,1.388,1.388,1.388,1.388,0.992,0.992,0.992,1.097,1.097,1.097,1.097,1.097,1.097,1.097,1.097,1.095,1.095,0.935,0.932,0.932,0.932,0.931,0.931,0.931,0.931,0.931,0.931,0.931,0.931,0.931,0.931,0.931,0.932,0.931,0.931,0.931,0.932,0.954
RGI60-16.02069,1.282,1.282,1.282,1.282,1.282,1.282,1.282,1.282,1.282,1.282,1.282,1.282,1.282,1.282,1.282,1.282,0.836,0.836,0.836,0.959,0.959,0.959,0.959,0.959,0.959,0.959,0.959,0.956,0.956,0.768,0.764,0.764,0.764,0.762,0.762,0.762,0.762,0.762,0.762,0.762,0.762,0.762,0.762,0.762,0.764,0.762,0.762,0.762,0.764,0.79
RGI60-16.02070,1.518,1.518,1.518,1.518,1.518,1.518,1.518,1.518,1.518,1.518,1.518,1.518,1.518,1.518,1.518,1.518,1.167,1.167,1.167,1.258,1.258,1.258,1.258,1.258,1.258,1.258,1.258,1.256,1.256,1.119,1.117,1.117,1.117,1.116,1.116,1.116,1.116,1.116,1.116,1.116,1.116,1.116,1.116,1.116,1.117,1.116,1.116,1.116,1.117,1.135
RGI60-16.02071,1.28,1.28,1.28,1.28,1.28,1.28,1.28,1.28,1.28,1.28,1.28,1.28,1.28,1.28,1.28,1.28,0.699,0.699,0.699,0.838,0.838,0.838,0.838,0.838,0.838,0.838,0.838,0.831,0.831,0.723,0.712,0.712,0.712,0.706,0.706,0.706,0.706,0.706,0.706,0.706,0.706,0.706,0.706,0.706,0.712,0.706,0.706,0.706,0.711,0.866
RGI60-16.02072,1.248,1.248,1.248,1.248,1.248,1.248,1.248,1.248,1.248,1.248,1.248,1.248,1.248,1.248,1.248,1.248,0.751,0.751,0.751,0.913,0.913,0.913,0.913,0.913,0.913,0.913,0.913,0.909,0.909,0.83,0.824,0.824,0.824,0.821,0.821,0.821,0.821,0.821,0.821,0.821,0.821,0.821,0.821,0.821,0.824,0.821,0.821,0.821,0.823,0.912
RGI60-16.02073,1.28,1.28,1.28,1.28,1.28,1.28,1.28,1.28,1.28,1.28,1.28,1.28,1.28,1.28,1.28,1.28,0.699,0.699,0.699,0.838,0.838,0.838,0.838,0.838,0.838,0.838,0.838,0.831,0.831,0.723,0.712,0.712,0.712,0.706,0.706,0.706,0.706,0.706,0.706,0.706,0.706,0.706,0.706,0.706,0.712,0.706,0.706,0.706,0.711,0.866
RGI60-16.02074,1.28,1.28,1.28,1.28,1.28,1.28,1.28,1.28,1.28,1.28,1.28,1.28,1.28,1.28,1.28,1.28,0.699,0.699,0.699,0.838,0.838,0.838,0.838,0.838,0.838,0.838,0.838,0.831,0.831,0.723,0.712,0.712,0.712,0.706,0.706,0.706,0.706,0.706,0.706,0.706,0.706,0.706,0.706,0.706,0.712,0.706,0.706,0.706,0.711,0.866
RGI60-16.02075,1.254,1.254,1.254,1.254,1.254,1.254,1.254,1.254,1.254,1.254,1.254,1.254,1.254,1.254,1.254,1.254,0.762,0.762,0.762,0.922,0.922,0.922,0.922,0.922,0.922,0.922,0.922,0.917,0.917,0.839,0.833,0.833,0.833,0.83,0.83,0.83,0.83,0.83,0.83,0.83,0.83,0.83,0.83,0.83,0.833,0.83,0.83,0.83,0.832,0.92
RGI60-16.02076,1.243,1.243,1.243,1.243,1.243,1.243,1.243,1.243,1.243,1.243,1.243,1.243,1.243,1.243,1.243,1.243,0.743,0.743,0.743,0.907,0.907,0.907,0.907,0.907,0.907,0.907,0.907,0.902,0.902,0.822,0.816,0.816,0.816,0.813,0.813,0.813,0.813,0.813,0.813,0.813,0.813,0.813,0.813,0.813,0.816,0.813,0.813,0.813,0.815,0.905
RGI60-16.02076,1.28,1.28,1.28,1.28,1.28,1.28,1.28,1.28,1.28,1.28,1.28,1.28,1.28,1.28,1.28,1.28,0.699,0.699,0.699,0.838,0.838,0.838,0.838,0.838,0.838,0.838,0.838,0.831,0.831,0.723,0.712,0.712,0.712,0.706,0.706,0.706,0.706,0.706,0.706,0.706,0.706,0.706,0.706,0.706,0.712,0.706,0.706,0.706,0.711,0.866
RGI60-16.02077,1.265,1.265,1.265,1.265,1.265,1.265,1.265,1.265,1.265,1.265,1.265,1.265,1.265,1.265,1.265,1.265,0.779,0.779,0.779,0.937,0.937,0.937,0.937,0.937,0.937,0.937,0.937,0.932,0.932,0.855,0.849,0.849,0.849,0.847,0.847,0.847,0.847,0.847,0.847,0.847,0.847,0.847,0.847,0.847,0.849,0.847,0.847,0.847,0.849,0.935
RGI60-16.02078,1.321,1.321,1.321,1.321,1.321,1.321,1.321,1.321,1.321,1.321,1.321,1.321,1.321,1.321,1.321,1.321,0.895,0.895,0.895,1.01,1.01,1.01,1.01,1.01,1.01,1.01,1.01,1.008,1.008,0.83,0.827,0.827,0.827,0.825,0.825,0.825,0.825,0.825,0.825,0.825,0.825,0.825,0.825,0.825,0.827,0.825,0.825,0.825,0.827,0.851
RGI60-16.02079,1.274,1.274,1.274,1.274,1.274,1.274,1.274,1.274,1.274,1.274,1.274,1.274,1.274,1.274,1.274,1.274,0.825,0.825,0.825,0.948,0.948,0.948,0.948,0.948,0.948,0.948,0.948,0.946,0.946,0.744,0.74,0.74,0.74,0.739,0.739,0.739,0.739,0.739,0.739,0.739,0.739,0.739,0.739,0.739,0.74,0.739,0.739,0.739,0.74,0.765
RGI60-16.02080,1.391,1.391,1.391,1.391,1.391,1.391,1.391,1.391,1.391,1.391,1.391,1.391,1.391,1.391,1.391,1.391,0.996,0.996,0.996,1.1,1.1,1.1,1.1,1.1,1.1,1.1,1.1,1.098,1.098,0.929,0.927,0.927,0.927,0.926,0.926,0.926,0.926,0.926,0.926,0.926,0.926,0.926,0.926,0.926,0.927,0.926,0.926,0.926,0.927,0.946
RGI60-16.02081,1.273,1.273,1.273,1.273,1.273,1.273,1.273,1.273,1.273,1.273,1.273,1.273,1.273,1.273,1.273,1.273,0.824,0.824,0.824,0.947,0.947,0.947,0.947,0.947,0.947,0.947,0.947,0.945,0.945,0.743,0.74,0.74,0.74,0.738,0.738,0.738,0.738,0.738,0.738,0.738,0.738,0.738,0.738,0.738,0.74,0.738,0.738,0.738,0.74,0.765
RGI60-16.02082,1.299,1.299,1.299,1.299,1.299,1.299,1.299,1.299,1.299,1.299,1.299,1.299,1.299,1.299,1.299,1.299,0.864,0.864,0.864,0.982,0.982,0.982,0.982,0.982,0.982,0.982,0.982,0.979,0.979,0.785,0.781,0.781,0.781,0.78,0.78,0.78,0.78,0.78,0.78,0.78,0.78,0.78,0.78,0.78,0.781,0.78,0.78,0.78,0.781,0.804
RGI60-16.02083,1.607,1.607,1.607,1.607,1.607,1.607,1.607,1.607,1.607,1.607,1.607,1.607,1.607,1.607,1.607,1.607,1.281,1.281,1.281,1.363,1.363,1.363,1.363,1.363,1.363,1.363,1.363,1.361,1.361,1.228,1.226,1.226,1.226,1.226,1.226,1.226,1.226,1.226,1.226,1.226,1.226,1.226,1.226,1.226,1.226,1.226,1.226,1.226,1.226,1.241
RGI60-16.02084,1.721,1.721,1.721,1.721,1.721,1.721,1.721,1.721,1.721,1.721,1.721,1.721,1.721,1.721,1.721,1.721,1.421,1.421,1.421,1.496,1.496,1.496,1.496,1.496,1.496,1.496,1.496,1.494,1.494,1.374,1.372,1.372,1.372,1.372,1.372,1.372,1.372,1.372,1.372,1.372,1.372,1.372,1.372,1.372,1.372,1.372,1.372,1.372,1.372,1.386
RGI60-16.02085,1.605,1.605,1.605,1.605,1.605,1.605,1.605,1.605,1.605,1.605,1.605,1.605,1.605,1.605,1.605,1.605,1.279,1.279,1.279,1.362,1.362,1.362,1.362,1.362,1.362,1.362,1.362,1.36,1.36,1.226,1.224,1.224,1.224,1.223,1.223,1.223,1.223,1.223,1.223,1.223,1.223,1.223,1.223,1.223,1.224,1.223,1.223,1.223,1.224,1.239
RGI60-16.02086,1.275,1.275,1.275,1.275,1.275,1.275,1.275,1.275,1.275,1.275,1.275,1.275,1.275,1.275,1.275,1.275,0.828,0.828,0.828,0.95,0.95,0.95,0.95,0.95,0.95,0.95,0.95,0.948,0.948,0.743,0.74,0.74,0.74,0.739,0.739,0.739,0.739,0.739,0.739,0.739,0.739,0.739,0.739,0.739,0.74,0.739,0.739,0.739,0.74,0.764
RGI60-16.02087,1.549,1.549,1.549,1.549,1.549,1.549,1.549,1.549,1.549,1.549,1.549,1.549,1.549,1.549,1.549,1.549,1.208,1.208,1.208,1.295,1.295,1.295,1.295,1.295,1.295,1.295,1.295,1.293,1.293,1.151,1.149,1.149,1.149,1.148,1.148,1.148,1.148,1.148,1.148,1.148,1.148,1.148,1.148,1.148,1.149,1.148,1.148,1.148,1.149,1.165
RGI60-16.02088,1.902,1.902,1.902,1.902,1.902,1.902,1.902,1.902,1.902,1.902,1.902,1.902,1.902,1.902,1.902,1.902,1.637,1.637,1.637,1.702,1.702,1.702,1.702,1.702,1.702,1.702,1.702,1.7,1.7,1.589,1.588,1.588,1.588,1.587,1.587,1.587,1.587,1.587,1.587,1.587,1.587,1.587,1.587,1.587,1.588,1.587,1.587,1.587,1.588,1.598
RGI60-16.02089,1.551,1.551,1.551,1.551,1.551,1.551,1.551,1.551,1.551,1.551,1.551,1.551,1.551,1.551,1.551,1.551,1.211,1.211,1.211,1.298,1.298,1.298,1.298,1.298,1.298,1.298,1.298,1.296,1.296,1.144,1.142,1.142,1.142,1.142,1.142,1.142,1.142,1.142,1.142,1.142,1.142,1.142,1.142,1.142,1.142,1.142,1.142,1.142,1.142,1.156
RGI60-16.02090,1.266,1.266,1.266,1.266,1.266,1.266,1.266,1.266,1.266,1.266,1.266,1.266,1.266,1.266,1.266,1.266,0.789,0.789,0.789,0.938,0.938,0.938,0.938,0.938,0.938,0.938,0.938,0.934,0.934,0.849,0.843,0.843,0.843,0.84,0.84,0.84,0.84,0.84,0.84,0.84,0.84,0.84,0.84,0.84,0.843,0.84,0.84,0.84,0.842,0.918
RGI60-16.02091,1.46,1.46,1.46,1.46,1.46,1.46,1.46,1.46,1.46,1.46,1.46,1.46,1.46,1.46,1.46,1.46,1.092,1.092,1.092,1.187,1.187,1.187,1.187,1.187,1.187,1.187,1.187,1.185,1.185,1.018,1.016,1.016,1.016,1.015,1.015,1.015,1.015,1.015,1.015,1.015,1.015,1.015,1.015,1.015,1.016,1.015,1.015,1.015,1.016,1.032
RGI60-16.02092,1.253,1.253,1.253,1.253,1.253,1.253,1.253,1.253,1.253,1.253,1.253,1.253,1.253,1.253,1.253,1.253,0.794,0.794,0.794,0.92,0.92,0.92,0.92,0.92,0.92,0.92,0.92,0.917,0.917,0.687,0.683,0.683,0.683,0.682,0.682,0.682,0.682,0.682,0.682,0.682,0.682,0.682,0.682,0.682,0.683,0.682,0.682,0.682,0.683,0.706
RGI60-16.02093,2.172,2.172,2.172,2.172,2.172,2.172,2.172,2.172,2.172,2.172,2.172,2.172,2.172,2.172,2.172,2.172,1.944,1.944,1.944,1.999,1.999,1.999,1.999,1.999,1.999,1.999,1.999,1.997,1.997,1.902,1.901,1.901,1.901,1.901,1.901,1.901,1.901,1.901,1.901,1.901,1.901,1.901,1.901,1.901,1.901,1.901,1.901,1.901,1.901,1.909
RGI60-16.02094,1.465,1.465,1.465,1.465,1.465,1.465,1.465,1.465,1.465,1.465,1.465,1.465,1.465,1.465,1.465,1.465,1.099,1.099,1.099,1.193,1.193,1.193,1.193,1.193,1.193,1.193,1.193,1.191,1.191,1.023,1.021,1.021,1.021,1.02,1.02,1.02,1.02,1.02,1.02,1.02,1.02,1.02,1.02,1.02,1.021,1.02,1.02,1.02,1.021,1.036
RGI60-16.02095,1.454,1.454,1.454,1.454,1.454,1.454,1.454,1.454,1.454,1.454,1.454,1.454,1.454,1.454,1.454,1.454,1.084,1.084,1.084,1.18,1.18,1.18,1.18,1.18,1.18,1.18,1.18,1.178,1.178,1.008,1.005,1.005,1.005,1.004,1.004,1.004,1.004,1.004,1.004,1.004,1.004,1.004,1.004,1.004,1.005,1.004,1.004,1.004,1.005,1.021
RGI60-16.02096,1.308,1.308,1.308,1.308,1.308,1.308,1.308,1.308,1.308,1.308,1.308,1.308,1.308,1.308,1.308,1.308,0.879,0.879,0.879,0.994,0.994,0.994,0.994,0.994,0.994,0.994,0.994,0.992,0.992,0.783,0.78,0.78,0.78,0.779,0.779,0.779,0.779,0.779,0.779,0.779,0.779,0.779,0.779,0.779,0.78,0.779,0.779,0.779,0.78,0.799
RGI60-16.02097,1.267,1.267,1.267,1.267,1.267,1.267,1.267,1.267,1.267,1.267,1.267,1.267,1.267,1.267,1.267,1.267,0.816,0.816,0.816,0.939,0.939,0.939,0.939,0.939,0.939,0.939,0.939,0.937,0.937,0.714,0.71,0.71,0.71,0.709,0.709,0.709,0.709,0.709,0.709,0.709,0.709,0.709,0.709,0.709,0.71,0.709,0.709,0.709,0.71,0.732
RGI60-16.02098,1.938,1.938,1.938,1.938,1.938,1.938,1.938,1.938,1.938,1.938,1.938,1.938,1.938,1.938,1.938,1.938,1.678,1.678,1.678,1.741,1.741,1.741,1.741,1.741,1.741,1.741,1.741,1.74,1.74,1.631,1.629,1.629,1.629,1.629,1.629,1.629,1.629,1.629,1.629,1.629,1.629,1.629,1.629,1.629,1.629,1.629,1.629,1.629,1.629,1.639
RGI60-16.02099,1.393,1.393,1.393,1.393,1.393,1.393,1.393,1.393,1.393,1.393,1.393,1.393,1.393,1.393,1.393,1.393,1.0,1.0,1.0,1.103,1.103,1.103,1.103,1.103,1.103,1.103,1.103,1.101,1.101,0.915,0.913,0.913,0.913,0.912,0.912,0.912,0.912,0.912,0.912,0.912,0.912,0.912,0.912,0.912,0.913,0.912,0.912,0.912,0.913,0.929
RGI60-16.02100,1.356,1.356,1.356,1.356,1.356,1.356,1.356,1.356,1.356,1.356,1.356,1.356,1.356,1.356,1.356,1.356,0.948,0.948,0.948,1.056,1.056,1.056,1.056,1.056,1.056,1.056,1.056,1.054,1.054,0.857,0.854,0.854,0.854,0.853,0.853,0.853,0.853,0.853,0.853,0.853,0.853,0.853,0.853,0.853,0.854,0.853,0.853,0.853,0.854,0.872
RGI60-16.02101,3.412,3.412,3.412,3.412,3.412,3.412,3.412,3.412,3.412,3.412,3.412,3.412,3.412,3.412,3.412,3.412,3.271,3.271,3.271,3.304,3.304,3.304,3.304,3.304,3.304,3.304,3.304,3.303,3.303,3.246,3.245,3.245,3.245,3.245,3.245,3.245,3.245,3.245,3.245,3.245,3.245,3.245,3.245,3.245,3.245,3.245,3.245,3.245,3.245,3.25
RGI60-16.02102,1.254,1.254,1.254,1.254,1.254,1.254,1.254,1.254,1.254,1.254,1.254,1.254,1.254,1.254,1.254,1.254,0.796,0.796,0.796,0.922,0.922,0.922,0.922,0.922,0.922,0.922,0.922,0.919,0.919,0.685,0.682,0.682,0.682,0.681,0.681,0.681,0.681,0.681,0.681,0.681,0.681,0.681,0.681,0.681,0.682,0.681,0.681,0.681,0.682,0.704
RGI60-16.02103,1.26,1.26,1.26,1.26,1.26,1.26,1.26,1.26,1.26,1.26,1.26,1.26,1.26,1.26,1.26,1.26,0.805,0.805,0.805,0.929,0.929,0.929,0.929,0.929,0.929,0.929,0.929,0.927,0.927,0.697,0.694,0.694,0.694,0.692,0.692,0.692,0.692,0.692,0.692,0.692,0.692,0.692,0.692,0.692,0.694,0.692,0.692,0.692,0.694,0.715
RGI60-16.02104,1.341,1.341,1.341,1.341,1.341,1.341,1.341,1.341,1.341,1.341,1.341,1.341,1.341,1.341,1.341,1.341,0.927,0.927,0.927,1.037,1.037,1.037,1.037,1.037,1.037,1.037,1.037,1.035,1.035,0.834,0.832,0.832,0.832,0.831,0.831,0.831,0.831,0.831,0.831,0.831,0.831,0.831,0.831,0.831,0.832,0.831,0.831,0.831,0.832,0.85
RGI60-16.02105,1.269,1.269,1.269,1.269,1.269,1.269,1.269,1.269,1.269,1.269,1.269,1.269,1.269,1.269,1.269,1.269,0.819,0.819,0.819,0.942,0.942,0.942,0.942,0.942,0.942,0.942,0.942,0.939,0.939,0.71,0.707,0.707,0.707,0.706,0.706,0.706,0.706,0.706,0.706,0.706,0.706,0.706,0.706,0.706,0.707,0.706,0.706,0.706,0.707,0.728
RGI60-16.02106,1.291,1.291,1.291,1.291,1.291,1.291,1.291,1.291,1.291,1.291,1.291,1.291,1.291,1.291,1.291,1.291,0.852,0.852,0.852,0.971,0.971,0.971,0.971,0.971,0.971,0.971,0.971,0.968,0.968,0.748,0.745,0.745,0.745,0.744,0.744,0.744,0.744,0.744,0.744,0.744,0.744,0.744,0.744,0.744,0.745,0.744,0.744,0.744,0.745,0.765
RGI60-16.02107,1.314,1.314,1.314,1.314,1.314,1.314,1.314,1.314,1.314,1.314,1.314,1.314,1.314,1.314,1.314,1.314,0.887,0.887,0.887,1.001,1.001,1.001,1.001,1.001,1.001,1.001,1.001,0.999,0.999,0.788,0.785,0.785,0.785,0.784,0.784,0.784,0.784,0.784,0.784,0.784,0.784,0.784,0.784,0.784,0.785,0.784,0.784,0.784,0.785,0.804
RGI60-16.02108,1.259,1.259,1.259,1.259,1.259,1.259,1.259,1.259,1.259,1.259,1.259,1.259,1.259,1.259,1.259,1.259,0.804,0.804,0.804,0.928,0.928,0.928,0.928,0.928,0.928,0.928,0.928,0.926,0.926,0.693,0.69,0.69,0.69,0.689,0.689,0.689,0.689,0.689,0.689,0.689,0.689,0.689,0.689,0.689,0.69,0.689,0.689,0.689,0.69,0.712
RGI60-16.02109,1.277,1.277,1.277,1.277,1.277,1.277,1.277,1.277,1.277,1.277,1.277,1.277,1.277,1.277,1.277,1.277,0.832,0.832,0.832,0.953,0.953,0.953,0.953,0.953,0.953,0.953,0.953,0.95,0.95,0.727,0.724,0.724,0.724,0.722,0.722,0.722,0.722,0.722,0.722,0.722,0.722,0.722,0.722,0.722,0.724,0.722,0.722,0.722,0.724,0.744
RGI60-16.02110,1.303,1.303,1.303,1.303,1.303,1.303,1.303,1.303,1.303,1.303,1.303,1.303,1.303,1.303,1.303,1.303,0.871,0.871,0.871,0.987,0.987,0.987,0.987,0.987,0.987,0.987,0.987,0.984,0.984,0.77,0.767,0.767,0.767,0.766,0.766,0.766,0.766,0.766,0.766,0.766,0.766,0.766,0.766,0.766,0.767,0.766,0.766,0.766,0.767,0.786
RGI60-16.02111,1.244,1.244,1.244,1.244,1.244,1.244,1.244,1.244,1.244,1.244,1.244,1.244,1.244,1.244,1.244,1.244,0.779,0.779,0.779,0.907,0.907,0.907,0.907,0.907,0.907,0.907,0.907,0.905,0.905,0.666,0.662,0.662,0.662,0.661,0.661,0.661,0.661,0.661,0.661,0.661,0.661,0.661,0.661,0.661,0.662,0.661,0.661,0.661,0.662,0.685
RGI60-16.02112,1.278,1.278,1.278,1.278,1.278,1.278,1.278,1.278,1.278,1.278,1.278,1.278,1.278,1.278,1.278,1.278,0.782,0.782,0.782,0.941,0.941,0.941,0.941,0.941,0.941,0.941,0.941,0.936,0.936,0.866,0.86,0.86,0.86,0.857,0.857,0.857,0.857,0.857,0.857,0.857,0.857,0.857,0.857,0.857,0.86,0.857,0.857,0.857,0.859,0.953
RGI60-16.02113,1.28,1.28,1.28,1.28,1.28,1.28,1.28,1.28,1.28,1.28,1.28,1.28,1.28,1.28,1.28,1.28,0.699,0.699,0.699,0.838,0.838,0.838,0.838,0.838,0.838,0.838,0.838,0.831,0.831,0.723,0.712,0.712,0.712,0.706,0.706,0.706,0.706,0.706,0.706,0.706,0.706,0.706,0.706,0.706,0.712,0.706,0.706,0.706,0.711,0.866
RGI60-16.02114,2.181,2.181,2.181,2.181,2.181,2.181,2.181,2.181,2.181,2.181,2.181,2.181,2.181,2.181,2.181,2.181,1.954,1.954,1.954,2.008,2.008,2.008,2.008,2.008,2.008,2.008,2.008,2.007,2.007,1.908,1.907,1.907,1.907,1.907,1.907,1.907,1.907,1.907,1.907,1.907,1.907,1.907,1.907,1.907,1.907,1.907,1.907,1.907,1.907,1.915
RGI60-16.02115,1.272,1.272,1.272,1.272,1.272,1.272,1.272,1.272,1.272,1.272,1.272,1.272,1.272,1.272,1.272,1.272,0.825,0.825,0.825,0.946,0.946,0.946,0.946,0.946,0.946,0.946,0.946,0.944,0.944,0.709,0.707,0.707,0.707,0.705,0.705,0.705,0.705,0.705,0.705,0.705,0.705,0.705,0.705,0.705,0.707,0.705,0.705,0.705,0.707,0.726
RGI60-16.02116,1.393,1.393,1.393,1.393,1.393,1.393,1.393,1.393,1.393,1.393,1.393,1.393,1.393,1.393,1.393,1.393,1.001,1.001,1.001,1.103,1.103,1.103,1.103,1.103,1.103,1.103,1.103,1.101,1.101,0.908,0.905,0.905,0.905,0.904,0.904,0.904,0.904,0.904,0.904,0.904,0.904,0.904,0.904,0.904,0.905,0.904,0.904,0.904,0.905,0.921
RGI60-16.02117,1.499,1.499,1.499,1.499,1.499,1.499,1.499,1.499,1.499,1.499,1.499,1.499,1.499,1.499,1.499,1.499,1.143,1.143,1.143,1.234,1.234,1.234,1.234,1.234,1.234,1.234,1.234,1.232,1.232,1.063,1.061,1.061,1.061,1.061,1.061,1.061,1.061,1.061,1.061,1.061,1.061,1.061,1.061,1.061,1.061,1.061,1.061,1.061,1.061,1.075
RGI60-16.02118,1.51,1.51,1.51,1.51,1.51,1.51,1.51,1.51,1.51,1.51,1.51,1.51,1.51,1.51,1.51,1.51,1.159,1.159,1.159,1.248,1.248,1.248,1.248,1.248,1.248,1.248,1.248,1.246,1.246,1.08,1.078,1.078,1.078,1.077,1.077,1.077,1.077,1.077,1.077,1.077,1.077,1.077,1.077,1.077,1.078,1.077,1.077,1.077,1.078,1.091
RGI60-16.02119,1.359,1.359,1.359,1.359,1.359,1.359,1.359,1.359,1.359,1.359,1.359,1.359,1.359,1.359,1.359,1.359,0.953,0.953,0.953,1.06,1.06,1.06,1.06,1.06,1.06,1.06,1.06,1.057,1.057,0.855,0.852,0.852,0.852,0.851,0.851,0.851,0.851,0.851,0.851,0.851,0.851,0.851,0.851,0.851,0.852,0.851,0.851,0.851,0.852,0.869
RGI60-16.02120,1.429,1.429,1.429,1.429,1.429,1.429,1.429,1.429,1.429,1.429,1.429,1.429,1.429,1.429,1.429,1.429,1.051,1.051,1.051,1.149,1.149,1.149,1.149,1.149,1.149,1.149,1.149,1.147,1.147,0.963,0.961,0.961,0.961,0.96,0.96,0.96,0.96,0.96,0.96,0.96,0.96,0.96,0.96,0.96,0.961,0.96,0.96,0.96,0.961,0.975
RGI60-16.02121,1.328,1.328,1.328,1.328,1.328,1.328,1.328,1.328,1.328,1.328,1.328,1.328,1.328,1.328,1.328,1.328,0.908,0.908,0.908,1.02,1.02,1.02,1.02,1.02,1.02,1.02,1.02,1.017,1.017,0.805,0.802,0.802,0.802,0.801,0.801,0.801,0.801,0.801,0.801,0.801,0.801,0.801,0.801,0.801,0.802,0.801,0.801,0.801,0.802,0.82
RGI60-16.02122,1.285,1.285,1.285,1.285,1.285,1.285,1.285,1.285,1.285,1.285,1.285,1.285,1.285,1.285,1.285,1.285,0.844,0.844,0.844,0.963,0.963,0.963,0.963,0.963,0.963,0.963,0.963,0.96,0.96,0.74,0.737,0.737,0.737,0.736,0.736,0.736,0.736,0.736,0.736,0.736,0.736,0.736,0.736,0.736,0.737,0.736,0.736,0.736,0.737,0.758
RGI60-16.02123,1.318,1.318,1.318,1.318,1.318,1.318,1.318,1.318,1.318,1.318,1.318,1.318,1.318,1.318,1.318,1.318,0.869,0.869,0.869,1.006,1.006,1.006,1.006,1.006,1.006,1.006,1.006,1.002,1.002,0.923,0.917,0.917,0.917,0.915,0.915,0.915,0.915,0.915,0.915,0.915,0.915,0.915,0.915,0.915,0.917,0.915,0.915,0.915,0.917,0.986
RGI60-16.02124,1.398,1.398,1.398,1.398,1.398,1.398,1.398,1.398,1.398,1.398,1.398,1.398,1.398,1.398,1.398,1.398,1.008,1.008,1.008,1.109,1.109,1.109,1.109,1.109,1.109,1.109,1.109,1.107,1.107,0.91,0.907,0.907,0.907,0.907,0.907,0.907,0.907,0.907,0.907,0.907,0.907,0.907,0.907,0.907,0.907,0.907,0.907,0.907,0.907,0.922
RGI60-16.02125,1.571,1.571,1.571,1.571,1.571,1.571,1.571,1.571,1.571,1.571,1.571,1.571,1.571,1.571,1.571,1.571,1.238,1.238,1.238,1.321,1.321,1.321,1.321,1.321,1.321,1.321,1.321,1.32,1.32,1.159,1.158,1.158,1.158,1.157,1.157,1.157,1.157,1.157,1.157,1.157,1.157,1.157,1.157,1.157,1.158,1.157,1.157,1.157,1.158,1.169
RGI60-16.02126,1.324,1.324,1.324,1.324,1.324,1.324,1.324,1.324,1.324,1.324,1.324,1.324,1.324,1.324,1.324,1.324,0.903,0.903,0.903,1.015,1.015,1.015,1.015,1.015,1.015,1.015,1.015,1.012,1.012,0.793,0.79,0.79,0.79,0.789,0.789,0.789,0.789,0.789,0.789,0.789,0.789,0.789,0.789,0.789,0.79,0.789,0.789,0.789,0.79,0.807
RGI60-16.02127,1.493,1.493,1.493,1.493,1.493,1.493,1.493,1.493,1.493,1.493,1.493,1.493,1.493,1.493,1.493,1.493,1.136,1.136,1.136,1.227,1.227,1.227,1.227,1.227,1.227,1.227,1.227,1.225,1.225,1.05,1.048,1.048,1.048,1.048,1.048,1.048,1.048,1.048,1.048,1.048,1.048,1.048,1.048,1.048,1.048,1.048,1.048,1.048,1.048,1.061
RGI60-16.02128,1.325,1.325,1.325,1.325,1.325,1.325,1.325,1.325,1.325,1.325,1.325,1.325,1.325,1.325,1.325,1.325,0.904,0.904,0.904,1.016,1.016,1.016,1.016,1.016,1.016,1.016,1.016,1.013,1.013,0.794,0.792,0.792,0.792,0.791,0.791,0.791,0.791,0.791,0.791,0.791,0.791,0.791,0.791,0.791,0.792,0.791,0.791,0.791,0.792,0.808
RGI60-16.02129,1.64,1.64,1.64,1.64,1.64,1.64,1.64,1.64,1.64,1.64,1.64,1.64,1.64,1.64,1.64,1.64,1.324,1.324,1.324,1.403,1.403,1.403,1.403,1.403,1.403,1.403,1.403,1.401,1.401,1.247,1.246,1.246,1.246,1.245,1.245,1.245,1.245,1.245,1.245,1.245,1.245,1.245,1.245,1.245,1.246,1.245,1.245,1.245,1.246,1.256
RGI60-16.02130,1.549,1.549,1.549,1.549,1.549,1.549,1.549,1.549,1.549,1.549,1.549,1.549,1.549,1.549,1.549,1.549,1.209,1.209,1.209,1.295,1.295,1.295,1.295,1.295,1.295,1.295,1.295,1.293,1.293,1.124,1.123,1.123,1.123,1.122,1.122,1.122,1.122,1.122,1.122,1.122,1.122,1.122,1.122,1.122,1.123,1.122,1.122,1.122,1.123,1.134
RGI60-16.02131,1.489,1.489,1.489,1.489,1.489,1.489,1.489,1.489,1.489,1.489,1.489,1.489,1.489,1.489,1.489,1.489,1.131,1.131,1.131,1.222,1.222,1.222,1.222,1.222,1.222,1.222,1.222,1.22,1.22,1.039,1.037,1.037,1.037,1.037,1.037,1.037,1.037,1.037,1.037,1.037,1.037,1.037,1.037,1.037,1.037,1.037,1.037,1.037,1.037,1.049
RGI60-16.02132,1.404,1.404,1.404,1.404,1.404,1.404,1.404,1.404,1.404,1.404,1.404,1.404,1.404,1.404,1.404,1.404,1.017,1.017,1.017,1.118,1.118,1.118,1.118,1.118,1.118,1.118,1.118,1.115,1.115,0.913,0.912,0.912,0.912,0.911,0.911,0.911,0.911,0.911,0.911,0.911,0.911,0.911,0.911,0.911,0.912,0.911,0.911,0.911,0.911,0.925
RGI60-16.02133,1.326,1.326,1.326,1.326,1.326,1.326,1.326,1.326,1.326,1.326,1.326,1.326,1.326,1.326,1.326,1.326,0.907,0.907,0.907,1.018,1.018,1.018,1.018,1.018,1.018,1.018,1.018,1.016,1.016,0.788,0.786,0.786,0.786,0.785,0.785,0.785,0.785,0.785,0.785,0.785,0.785,0.785,0.785,0.785,0.786,0.785,0.785,0.785,0.786,0.801
RGI60-16.02134,1.337,1.337,1.337,1.337,1.337,1.337,1.337,1.337,1.337,1.337,1.337,1.337,1.337,1.337,1.337,1.337,0.922,0.922,0.922,1.032,1.032,1.032,1.032,1.032,1.032,1.032,1.032,1.029,1.029,0.807,0.804,0.804,0.804,0.804,0.804,0.804,0.804,0.804,0.804,0.804,0.804,0.804,0.804,0.804,0.804,0.804,0.804,0.804,0.804,0.819
RGI60-16.02135,2.646,2.646,2.646,2.646,2.646,2.646,2.646,2.646,2.646,2.646,2.646,2.646,2.646,2.646,2.646,2.646,2.463,2.463,2.463,2.506,2.506,2.506,2.506,2.506,2.506,2.506,2.506,2.505,2.505,2.424,2.424,2.424,2.424,2.423,2.423,2.423,2.423,2.423,2.423,2.423,2.423,2.423,2.423,2.423,2.424,2.423,2.423,2.423,2.424,2.429
RGI60-16.02136,1.283,1.283,1.283,1.283,1.283,1.283,1.283,1.283,1.283,1.283,1.283,1.283,1.283,1.283,1.283,1.283,0.843,0.843,0.843,0.961,0.961,0.961,0.961,0.961,0.961,0.961,0.961,0.959,0.959,0.708,0.705,0.705,0.705,0.704,0.704,0.704,0.704,0.704,0.704,0.704,0.704,0.704,0.704,0.704,0.705,0.704,0.704,0.704,0.705,0.722
RGI60-16.02137,1.243,1.243,1.243,1.243,1.243,1.243,1.243,1.243,1.243,1.243,1.243,1.243,1.243,1.243,1.243,1.243,0.78,0.78,0.78,0.906,0.906,0.906,0.906,0.906,0.906,0.906,0.906,0.903,0.903,0.624,0.622,0.622,0.622,0.621,0.621,0.621,0.621,0.621,0.621,0.621,0.621,0.621,0.621,0.621,0.622,0.621,0.621,0.621,0.622,0.639
RGI60-16.02138,1.275,1.275,1.275,1.275,1.275,1.275,1.275,1.275,1.275,1.275,1.275,1.275,1.275,1.275,1.275,1.275,0.83,0.83,0.83,0.949,0.949,0.949,0.949,0.949,0.949,0.949,0.949,0.947,0.947,0.686,0.684,0.684,0.684,0.683,0.683,0.683,0.683,0.683,0.683,0.683,0.683,0.683,0.683,0.683,0.684,0.683,0.683,0.683,0.684,0.7
RGI60-16.02139,1.292,1.292,1.292,1.292,1.292,1.292,1.292,1.292,1.292,1.292,1.292,1.292,1.292,1.292,1.292,1.292,0.856,0.856,0.856,0.972,0.972,0.972,0.972,0.972,0.972,0.972,0.972,0.97,0.97,0.718,0.715,0.715,0.715,0.714,0.714,0.714,0.714,0.714,0.714,0.714,0.714,0.714,0.714,0.714,0.715,0.714,0.714,0.714,0.715,0.73
RGI60-16.02140,1.26,1.26,1.26,1.26,1.26,1.26,1.26,1.26,1.26,1.26,1.26,1.26,1.26,1.26,1.26,1.26,0.807,0.807,0.807,0.93,0.93,0.93,0.93,0.93,0.93,0.93,0.93,0.927,0.927,0.662,0.659,0.659,0.659,0.659,0.659,0.659,0.659,0.659,0.659,0.659,0.659,0.659,0.659,0.659,0.659,0.659,0.659,0.659,0.659,0.676
RGI60-16.02141,1.299,1.299,1.299,1.299,1.299,1.299,1.299,1.299,1.299,1.299,1.299,1.299,1.299,1.299,1.299,1.299,0.866,0.866,0.866,0.981,0.981,0.981,0.981,0.981,0.981,0.981,0.981,0.979,0.979,0.726,0.724,0.724,0.724,0.723,0.723,0.723,0.723,0.723,0.723,0.723,0.723,0.723,0.723,0.723,0.724,0.723,0.723,0.723,0.724,0.738
RGI60-16.02142,1.264,1.264,1.264,1.264,1.264,1.264,1.264,1.264,1.264,1.264,1.264,1.264,1.264,1.264,1.264,1.264,0.812,0.812,0.812,0.934,0.934,0.934,0.934,0.934,0.934,0.934,0.934,0.932,0.932,0.667,0.664,0.664,0.664,0.663,0.663,0.663,0.663,0.663,0.663,0.663,0.663,0.663,0.663,0.663,0.664,0.663,0.663,0.663,0.664,0.681
RGI60-16.02143,1.284,1.284,1.284,1.284,1.284,1.284,1.284,1.284,1.284,1.284,1.284,1.284,1.284,1.284,1.284,1.284,0.845,0.845,0.845,0.963,0.963,0.963,0.963,0.963,0.963,0.963,0.963,0.96,0.96,0.701,0.699,0.699,0.699,0.698,0.698,0.698,0.698,0.698,0.698,0.698,0.698,0.698,0.698,0.698,0.699,0.698,0.698,0.698,0.699,0.714
RGI60-16.02144,1.763,1.763,1.763,1.763,1.763,1.763,1.763,1.763,1.763,1.763,1.763,1.763,1.763,1.763,1.763,1.763,1.474,1.474,1.474,1.544,1.544,1.544,1.544,1.544,1.544,1.544,1.544,1.543,1.543,1.395,1.394,1.394,1.394,1.394,1.394,1.394,1.394,1.394,1.394,1.394,1.394,1.394,1.394,1.394,1.394,1.394,1.394,1.394,1.394,1.402
RGI60-16.02145,1.243,1.243,1.243,1.243,1.243,1.243,1.243,1.243,1.243,1.243,1.243,1.243,1.243,1.243,1.243,1.243,0.78,0.78,0.78,0.906,0.906,0.906,0.906,0.906,0.906,0.906,0.906,0.903,0.903,0.621,0.618,0.618,0.618,0.617,0.617,0.617,0.617,0.617,0.617,0.617,0.617,0.617,0.617,0.617,0.618,0.617,0.617,0.617,0.618,0.635
RGI60-16.02146,1.248,1.248,1.248,1.248,1.248,1.248,1.248,1.248,1.248,1.248,1.248,1.248,1.248,1.248,1.248,1.248,0.788,0.788,0.788,0.914,0.914,0.914,0.914,0.914,0.914,0.914,0.914,0.911,0.911,0.638,0.635,0.635,0.635,0.634,0.634,0.634,0.634,0.634,0.634,0.634,0.634,0.634,0.634,0.634,0.635,0.634,0.634,0.634,0.635,0.653
RGI60-16.02147,1.518,1.518,1.518,1.518,1.518,1.518,1.518,1.518,1.518,1.518,1.518,1.518,1.518,1.518,1.518,1.518,1.17,1.17,1.17,1.258,1.258,1.258,1.258,1.258,1.258,1.258,1.258,1.256,1.256,1.072,1.071,1.071,1.071,1.07,1.07,1.07,1.07,1.07,1.07,1.07,1.07,1.07,1.07,1.07,1.071,1.07,1.07,1.07,1.071,1.081
RGI60-16.02148,1.255,1.255,1.255,1.255,1.255,1.255,1.255,1.255,1.255,1.255,1.255,1.255,1.255,1.255,1.255,1.255,0.8,0.8,0.8,0.923,0.923,0.923,0.923,0.923,0.923,0.923,0.923,0.921,0.921,0.646,0.644,0.644,0.644,0.643,0.643,0.643,0.643,0.643,0.643,0.643,0.643,0.643,0.643,0.643,0.644,0.643,0.643,0.643,0.644,0.66
RGI60-16.02149,1.246,1.246,1.246,1.246,1.246,1.246,1.246,1.246,1.246,1.246,1.246,1.246,1.246,1.246,1.246,1.246,0.786,0.786,0.786,0.911,0.911,0.911,0.911,0.911,0.911,0.911,0.911,0.909,0.909,0.632,0.629,0.629,0.629,0.628,0.628,0.628,0.628,0.628,0.628,0.628,0.628,0.628,0.628,0.628,0.629,0.628,0.628,0.628,0.629,0.646
RGI60-16.02150,1.338,1.338,1.338,1.338,1.338,1.338,1.338,1.338,1.338,1.338,1.338,1.338,1.338,1.338,1.338,1.338,0.924,0.924,0.924,1.033,1.033,1.033,1.033,1.033,1.033,1.033,1.033,1.03,1.03,0.794,0.792,0.792,0.792,0.791,0.791,0.791,0.791,0.791,0.791,0.791,0.791,0.791,0.791,0.791,0.792,0.791,0.791,0.791,0.792,0.805
RGI60-16.02151,1.258,1.258,1.258,1.258,1.258,1.258,1.258,1.258,1.258,1.258,1.258,1.258,1.258,1.258,1.258,1.258,0.804,0.804,0.804,0.927,0.927,0.927,0.927,0.927,0.927,0.927,0.927,0.925,0.925,0.651,0.649,0.649,0.649,0.648,0.648,0.648,0.648,0.648,0.648,0.648,0.648,0.648,0.648,0.648,0.649,0.648,0.648,0.648,0.649,0.665
RGI60-16.02152,1.254,1.254,1.254,1.254,1.254,1.254,1.254,1.254,1.254,1.254,1.254,1.254,1.254,1.254,1.254,1.254,0.798,0.798,0.798,0.922,0.922,0.922,0.922,0.922,0.922,0.922,0.922,0.919,0.919,0.644,0.642,0.642,0.642,0.641,0.641,0.641,0.641,0.641,0.641,0.641,0.641,0.641,0.641,0.641,0.642,0.641,0.641,0.641,0.642,0.658
RGI60-16.02153,1.253,1.253,1.253,1.253,1.253,1.253,1.253,1.253,1.253,1.253,1.253,1.253,1.253,1.253,1.253,1.253,0.796,0.796,0.796,0.92,0.92,0.92,0.92,0.92,0.92,0.92,0.92,0.918,0.918,0.64,0.638,0.638,0.638,0.637,0.637,0.637,0.637,0.637,0.637,0.637,0.637,0.637,0.637,0.637,0.638,0.637,0.637,0.637,0.638,0.654
RGI60-16.02154,1.35,1.35,1.35,1.35,1.35,1.35,1.35,1.35,1.35,1.35,1.35,1.35,1.35,1.35,1.35,1.35,0.942,0.942,0.942,1.049,1.049,1.049,1.049,1.049,1.049,1.049,1.049,1.046,1.046,0.817,0.815,0.815,0.815,0.815,0.815,0.815,0.815,0.815,0.815,0.815,0.815,0.815,0.815,0.815,0.815,0.815,0.815,0.815,0.815,0.829
RGI60-16.02155,1.268,1.268,1.268,1.268,1.268,1.268,1.268,1.268,1.268,1.268,1.268,1.268,1.268,1.268,1.268,1.268,0.82,0.82,0.82,0.94,0.94,0.94,0.94,0.94,0.94,0.94,0.94,0.938,0.938,0.671,0.669,0.669,0.669,0.668,0.668,0.668,0.668,0.668,0.668,0.668,0.668,0.668,0.668,0.668,0.669,0.668,0.668,0.668,0.669,0.684
RGI60-16.02156,1.294,1.294,1.294,1.294,1.294,1.294,1.294,1.294,1.294,1.294,1.294,1.294,1.294,1.294,1.294,1.294,0.86,0.86,0.86,0.976,0.976,0.976,0.976,0.976,0.976,0.976,0.976,0.973,0.973,0.716,0.714,0.714,0.714,0.714,0.714,0.714,0.714,0.714,0.714,0.714,0.714,0.714,0.714,0.714,0.714,0.714,0.714,0.714,0.714,0.729
RGI60-16.02157,1.371,1.371,1.371,1.371,1.371,1.371,1.371,1.371,1.371,1.371,1.371,1.371,1.371,1.371,1.371,1.371,0.972,0.972,0.972,1.076,1.076,1.076,1.076,1.076,1.076,1.076,1.076,1.073,1.073,0.848,0.846,0.846,0.846,0.845,0.845,0.845,0.845,0.845,0.845,0.845,0.845,0.845,0.845,0.845,0.846,0.845,0.845,0.845,0.846,0.858
RGI60-16.02158,1.28,1.28,1.28,1.28,1.28,1.28,1.28,1.28,1.28,1.28,1.28,1.28,1.28,1.28,1.28,1.28,0.699,0.699,0.699,0.838,0.838,0.838,0.838,0.838,0.838,0.838,0.838,0.831,0.831,0.723,0.712,0.712,0.712,0.706,0.706,0.706,0.706,0.706,0.706,0.706,0.706,0.706,0.706,0.706,0.712,0.706,0.706,0.706,0.711,0.866
RGI60-16.02159,1.366,1.366,1.366,1.366,1.366,1.366,1.366,1.366,1.366,1.366,1.366,1.366,1.366,1.366,1.366,1.366,0.965,0.965,0.965,1.069,1.069,1.069,1.069,1.069,1.069,1.069,1.069,1.067,1.067,0.831,0.829,0.829,0.829,0.829,0.829,0.829,0.829,0.829,0.829,0.829,0.829,0.829,0.829,0.829,0.829,0.829,0.829,0.829,0.829,0.841
RGI60-16.02160,1.263,1.263,1.263,1.263,1.263,1.263,1.263,1.263,1.263,1.263,1.263,1.263,1.263,1.263,1.263,1.263,0.813,0.813,0.813,0.934,0.934,0.934,0.934,0.934,0.934,0.934,0.934,0.932,0.932,0.648,0.645,0.645,0.645,0.645,0.645,0.645,0.645,0.645,0.645,0.645,0.645,0.645,0.645,0.645,0.645,0.645,0.645,0.645,0.645,0.66
RGI60-16.02161,1.27,1.27,1.27,1.27,1.27,1.27,1.27,1.27,1.27,1.27,1.27,1.27,1.27,1.27,1.27,1.27,0.824,0.824,0.824,0.944,0.944,0.944,0.944,0.944,0.944,0.944,0.944,0.941,0.941,0.66,0.658,0.658,0.658,0.657,0.657,0.657,0.657,0.657,0.657,0.657,0.657,0.657,0.657,0.657,0.658,0.657,0.657,0.657,0.658,0.672
RGI60-16.02162,1.276,1.276,1.276,1.276,1.276,1.276,1.276,1.276,1.276,1.276,1.276,1.276,1.276,1.276,1.276,1.276,0.833,0.833,0.833,0.952,0.952,0.952,0.952,0.952,0.952,0.952,0.952,0.949,0.949,0.671,0.669,0.669,0.669,0.668,0.668,0.668,0.668,0.668,0.668,0.668,0.668,0.668,0.668,0.668,0.669,0.668,0.668,0.668,0.669,0.682
RGI60-16.02163,1.257,1.257,1.257,1.257,1.257,1.257,1.257,1.257,1.257,1.257,1.257,1.257,1.257,1.257,1.257,1.257,0.803,0.803,0.803,0.925,0.925,0.925,0.925,0.925,0.925,0.925,0.925,0.923,0.923,0.635,0.633,0.633,0.633,0.632,0.632,0.632,0.632,0.632,0.632,0.632,0.632,0.632,0.632,0.632,0.633,0.632,0.632,0.632,0.633,0.647
RGI60-16.02164,1.28,1.28,1.28,1.28,1.28,1.28,1.28,1.28,1.28,1.28,1.28,1.28,1.28,1.28,1.28,1.28,0.839,0.839,0.839,0.957,0.957,0.957,0.957,0.957,0.957,0.957,0.957,0.954,0.954,0.683,0.681,0.681,0.681,0.68,0.68,0.68,0.68,0.68,0.68,0.68,0.68,0.68,0.68,0.68,0.681,0.68,0.68,0.68,0.681,0.695
RGI60-16.02165,1.719,1.719,1.719,1.719,1.719,1.719,1.719,1.719,1.719,1.719,1.719,1.719,1.719,1.719,1.719,1.719,1.406,1.406,1.406,1.494,1.494,1.494,1.494,1.494,1.494,1.494,1.494,1.492,1.492,1.439,1.435,1.435,1.435,1.434,1.434,1.434,1.434,1.434,1.434,1.434,1.434,1.434,1.434,1.434,1.435,1.434,1.434,1.434,1.435,1.48
RGI60-16.02166,1.772,1.772,1.772,1.772,1.772,1.772,1.772,1.772,1.772,1.772,1.772,1.772,1.772,1.772,1.772,1.772,1.469,1.469,1.469,1.554,1.554,1.554,1.554,1.554,1.554,1.554,1.554,1.552,1.552,1.501,1.498,1.498,1.498,1.496,1.496,1.496,1.496,1.496,1.496,1.496,1.496,1.496,1.496,1.496,1.498,1.496,1.496,1.496,1.497,1.541
RGI60-16.02167,1.345,1.345,1.345,1.345,1.345,1.345,1.345,1.345,1.345,1.345,1.345,1.345,1.345,1.345,1.345,1.345,0.911,0.911,0.911,1.042,1.042,1.042,1.042,1.042,1.042,1.042,1.042,1.039,1.039,0.961,0.956,0.956,0.956,0.954,0.954,0.954,0.954,0.954,0.954,0.954,0.954,0.954,0.954,0.954,0.956,0.954,0.954,0.954,0.955,1.022
RGI60-16.02168,1.425,1.425,1.425,1.425,1.425,1.425,1.425,1.425,1.425,1.425,1.425,1.425,1.425,1.425,1.425,1.425,1.046,1.046,1.046,1.143,1.143,1.143,1.143,1.143,1.143,1.143,1.143,1.141,1.141,0.94,0.939,0.939,0.939,0.938,0.938,0.938,0.938,0.938,0.938,0.938,0.938,0.938,0.938,0.938,0.939,0.938,0.938,0.938,0.939,0.951
RGI60-16.02169,1.244,1.244,1.244,1.244,1.244,1.244,1.244,1.244,1.244,1.244,1.244,1.244,1.244,1.244,1.244,1.244,0.782,0.782,0.782,0.908,0.908,0.908,0.908,0.908,0.908,0.908,0.908,0.905,0.905,0.632,0.629,0.629,0.629,0.628,0.628,0.628,0.628,0.628,0.628,0.628,0.628,0.628,0.628,0.628,0.629,0.628,0.628,0.628,0.629,0.647
RGI60-16.02170,2.181,2.181,2.181,2.181,2.181,2.181,2.181,2.181,2.181,2.181,2.181,2.181,2.181,2.181,2.181,2.181,1.954,1.954,1.954,2.008,2.008,2.008,2.008,2.008,2.008,2.008,2.008,2.007,2.007,1.912,1.911,1.911,1.911,1.911,1.911,1.911,1.911,1.911,1.911,1.911,1.911,1.911,1.911,1.911,1.911,1.911,1.911,1.911,1.911,1.919
RGI60-16.02171,1.588,1.588,1.588,1.588,1.588,1.588,1.588,1.588,1.588,1.588,1.588,1.588,1.588,1.588,1.588,1.588,1.259,1.259,1.259,1.342,1.342,1.342,1.342,1.342,1.342,1.342,1.342,1.34,1.34,1.191,1.189,1.189,1.189,1.188,1.188,1.188,1.188,1.188,1.188,1.188,1.188,1.188,1.188,1.188,1.189,1.188,1.188,1.188,1.189,1.201
RGI60-16.02172,1.243,1.243,1.243,1.243,1.243,1.243,1.243,1.243,1.243,1.243,1.243,1.243,1.243,1.243,1.243,1.243,0.779,0.779,0.779,0.907,0.907,0.907,0.907,0.907,0.907,0.907,0.907,0.904,0.904,0.668,0.664,0.664,0.664,0.663,0.663,0.663,0.663,0.663,0.663,0.663,0.663,0.663,0.663,0.663,0.664,0.663,0.663,0.663,0.664,0.687
RGI60-16.02173,2.127,2.127,2.127,2.127,2.127,2.127,2.127,2.127,2.127,2.127,2.127,2.127,2.127,2.127,2.127,2.127,1.893,1.893,1.893,1.95,1.95,1.95,1.95,1.95,1.95,1.95,1.95,1.949,1.949,1.853,1.852,1.852,1.852,1.852,1.852,1.852,1.852,1.852,1.852,1.852,1.852,1.852,1.852,1.852,1.852,1.852,1.852,1.852,1.852,1.861
RGI60-16.02174,1.248,1.248,1.248,1.248,1.248,1.248,1.248,1.248,1.248,1.248,1.248,1.248,1.248,1.248,1.248,1.248,0.786,0.786,0.786,0.913,0.913,0.913,0.913,0.913,0.913,0.913,0.913,0.91,0.91,0.683,0.679,0.679,0.679,0.678,0.678,0.678,0.678,0.678,0.678,0.678,0.678,0.678,0.678,0.678,0.679,0.678,0.678,0.678,0.679,0.703
RGI60-16.02175,1.474,1.474,1.474,1.474,1.474,1.474,1.474,1.474,1.474,1.474,1.474,1.474,1.474,1.474,1.474,1.474,1.111,1.111,1.111,1.203,1.203,1.203,1.203,1.203,1.203,1.203,1.203,1.201,1.201,1.023,1.021,1.021,1.021,1.021,1.021,1.021,1.021,1.021,1.021,1.021,1.021,1.021,1.021,1.021,1.021,1.021,1.021,1.021,1.021,1.034
RGI60-16.02176,1.27,1.27,1.27,1.27,1.27,1.27,1.27,1.27,1.27,1.27,1.27,1.27,1.27,1.27,1.27,1.27,0.822,0.822,0.822,0.943,0.943,0.943,0.943,0.943,0.943,0.943,0.943,0.941,0.941,0.7,0.697,0.697,0.697,0.696,0.696,0.696,0.696,0.696,0.696,0.696,0.696,0.696,0.696,0.696,0.697,0.696,0.696,0.696,0.697,0.716
RGI60-16.02177,1.249,1.249,1.249,1.249,1.249,1.249,1.249,1.249,1.249,1.249,1.249,1.249,1.249,1.249,1.249,1.249,0.789,0.789,0.789,0.914,0.914,0.914,0.914,0.914,0.914,0.914,0.914,0.912,0.912,0.659,0.656,0.656,0.656,0.654,0.654,0.654,0.654,0.654,0.654,0.654,0.654,0.654,0.654,0.654,0.656,0.654,0.654,0.654,0.656,0.675
RGI60-16.02178,1.269,1.269,1.269,1.269,1.269,1.269,1.269,1.269,1.269,1.269,1.269,1.269,1.269,1.269,1.269,1.269,0.819,0.819,0.819,0.942,0.942,0.942,0.942,0.942,0.942,0.942,0.942,0.94,0.94,0.722,0.719,0.719,0.719,0.717,0.717,0.717,0.717,0.717,0.717,0.717,0.717,0.717,0.717,0.717,0.719,0.717,0.717,0.717,0.719,0.741
RGI60-16.02179,1.247,1.247,1.247,1.247,1.247,1.247,1.247,1.247,1.247,1.247,1.247,1.247,1.247,1.247,1.247,1.247,0.785,0.785,0.785,0.912,0.912,0.912,0.912,0.912,0.912,0.912,0.912,0.909,0.909,0.68,0.677,0.677,0.677,0.675,0.675,0.675,0.675,0.675,0.675,0.675,0.675,0.675,0.675,0.675,0.677,0.675,0.675,0.675,0.677,0.7
RGI60-16.02180,1.401,1.401,1.401,1.401,1.401,1.401,1.401,1.401,1.401,1.401,1.401,1.401,1.401,1.401,1.401,1.401,1.012,1.012,1.012,1.113,1.113,1.113,1.113,1.113,1.113,1.113,1.113,1.111,1.111,0.922,0.919,0.919,0.919,0.919,0.919,0.919,0.919,0.919,0.919,0.919,0.919,0.919,0.919,0.919,0.919,0.919,0.919,0.919,0.919,0.935
RGI60-16.02181,1.249,1.249,1.249,1.249,1.249,1.249,1.249,1.249,1.249,1.249,1.249,1.249,1.249,1.249,1.249,1.249,0.788,0.788,0.788,0.914,0.914,0.914,0.914,0.914,0.914,0.914,0.914,0.912,0.912,0.667,0.664,0.664,0.664,0.663,0.663,0.663,0.663,0.663,0.663,0.663,0.663,0.663,0.663,0.663,0.664,0.663,0.663,0.663,0.664,0.685
RGI60-16.02182,1.252,1.252,1.252,1.252,1.252,1.252,1.252,1.252,1.252,1.252,1.252,1.252,1.252,1.252,1.252,1.252,0.793,0.793,0.793,0.919,0.919,0.919,0.919,0.919,0.919,0.919,0.919,0.916,0.916,0.676,0.673,0.673,0.673,0.672,0.672,0.672,0.672,0.672,0.672,0.672,0.672,0.672,0.672,0.672,0.673,0.672,0.672,0.672,0.673,0.694
RGI60-16.02183,1.246,1.246,1.246,1.246,1.246,1.246,1.246,1.246,1.246,1.246,1.246,1.246,1.246,1.246,1.246,1.246,0.784,0.784,0.784,0.91,0.91,0.91,0.91,0.91,0.91,0.91,0.91,0.908,0.908,0.65,0.647,0.647,0.647,0.646,0.646,0.646,0.646,0.646,0.646,0.646,0.646,0.646,0.646,0.646,0.647,0.646,0.646,0.646,0.647,0.667
RGI60-16.02184,1.242,1.242,1.242,1.242,1.242,1.242,1.242,1.242,1.242,1.242,1.242,1.242,1.242,1.242,1.242,1.242,0.779,0.779,0.779,0.905,0.905,0.905,0.905,0.905,0.905,0.905,0.905,0.902,0.902,0.613,0.611,0.611,0.611,0.61,0.61,0.61,0.61,0.61,0.61,0.61,0.61,0.61,0.61,0.61,0.611,0.61,0.61,0.61,0.611,0.627
RGI60-16.02185,1.251,1.251,1.251,1.251,1.251,1.251,1.251,1.251,1.251,1.251,1.251,1.251,1.251,1.251,1.251,1.251,0.793,0.793,0.793,0.917,0.917,0.917,0.917,0.917,0.917,0.917,0.917,0.915,0.915,0.656,0.653,0.653,0.653,0.652,0.652,0.652,0.652,0.652,0.652,0.652,0.652,0.652,0.652,0.652,0.653,0.652,0.652,0.652,0.653,0.672
RGI60-16.02186,1.247,1.247,1.247,1.247,1.247,1.247,1.247,1.247,1.247,1.247,1.247,1.247,1.247,1.247,1.247,1.247,0.786,0.786,0.786,0.912,0.912,0.912,0.912,0.912,0.912,0.912,0.912,0.909,0.909,0.64,0.637,0.637,0.637,0.636,0.636,0.636,0.636,0.636,0.636,0.636,0.636,0.636,0.636,0.636,0.637,0.636,0.636,0.636,0.637,0.655
RGI60-16.02187,1.249,1.249,1.249,1.249,1.249,1.249,1.249,1.249,1.249,1.249,1.249,1.249,1.249,1.249,1.249,1.249,0.79,0.79,0.79,0.915,0.915,0.915,0.915,0.915,0.915,0.915,0.915,0.912,0.912,0.639,0.636,0.636,0.636,0.635,0.635,0.635,0.635,0.635,0.635,0.635,0.635,0.635,0.635,0.635,0.636,0.635,0.635,0.635,0.636,0.653
RGI60-16.02188,1.246,1.246,1.246,1.246,1.246,1.246,1.246,1.246,1.246,1.246,1.246,1.246,1.246,1.246,1.246,1.246,0.785,0.785,0.785,0.91,0.91,0.91,0.91,0.91,0.91,0.91,0.91,0.908,0.908,0.618,0.615,0.615,0.615,0.614,0.614,0.614,0.614,0.614,0.614,0.614,0.614,0.614,0.614,0.614,0.615,0.614,0.614,0.614,0.615,0.631
RGI60-16.02189,1.25,1.25,1.25,1.25,1.25,1.25,1.25,1.25,1.25,1.25,1.25,1.25,1.25,1.25,1.25,1.25,0.79,0.79,0.79,0.917,0.917,0.917,0.917,0.917,0.917,0.917,0.917,0.914,0.914,0.684,0.681,0.681,0.681,0.68,0.68,0.68,0.68,0.68,0.68,0.68,0.68,0.68,0.68,0.68,0.681,0.68,0.68,0.68,0.681,0.704
RGI60-16.02190,1.247,1.247,1.247,1.247,1.247,1.247,1.247,1.247,1.247,1.247,1.247,1.247,1.247,1.247,1.247,1.247,0.786,0.786,0.786,0.912,0.912,0.912,0.912,0.912,0.912,0.912,0.912,0.909,0.909,0.66,0.657,0.657,0.657,0.656,0.656,0.656,0.656,0.656,0.656,0.656,0.656,0.656,0.656,0.656,0.657,0.656,0.656,0.656,0.657,0.678
RGI60-16.02191,1.249,1.249,1.249,1.249,1.249,1.249,1.249,1.249,1.249,1.249,1.249,1.249,1.249,1.249,1.249,1.249,0.791,0.791,0.791,0.915,0.915,0.915,0.915,0.915,0.915,0.915,0.915,0.913,0.913,0.621,0.619,0.619,0.619,0.618,0.618,0.618,0.618,0.618,0.618,0.618,0.618,0.618,0.618,0.618,0.619,0.618,0.618,0.618,0.619,0.634
RGI60-16.02192,1.266,1.266,1.266,1.266,1.266,1.266,1.266,1.266,1.266,1.266,1.266,1.266,1.266,1.266,1.266,1.266,0.816,0.816,0.816,0.937,0.937,0.937,0.937,0.937,0.937,0.937,0.937,0.935,0.935,0.668,0.666,0.666,0.666,0.665,0.665,0.665,0.665,0.665,0.665,0.665,0.665,0.665,0.665,0.665,0.666,0.665,0.665,0.665,0.666,0.682
RGI60-16.02193,1.261,1.261,1.261,1.261,1.261,1.261,1.261,1.261,1.261,1.261,1.261,1.261,1.261,1.261,1.261,1.261,0.809,0.809,0.809,0.931,0.931,0.931,0.931,0.931,0.931,0.931,0.931,0.928,0.928,0.659,0.656,0.656,0.656,0.655,0.655,0.655,0.655,0.655,0.655,0.655,0.655,0.655,0.655,0.655,0.656,0.655,0.655,0.655,0.656,0.673
RGI60-16.02194,1.306,1.306,1.306,1.306,1.306,1.306,1.306,1.306,1.306,1.306,1.306,1.306,1.306,1.306,1.306,1.306,0.877,0.877,0.877,0.991,0.991,0.991,0.991,0.991,0.991,0.991,0.991,0.988,0.988,0.742,0.74,0.74,0.74,0.739,0.739,0.739,0.739,0.739,0.739,0.739,0.739,0.739,0.739,0.739,0.74,0.739,0.739,0.739,0.74,0.754
RGI60-16.02195,1.242,1.242,1.242,1.242,1.242,1.242,1.242,1.242,1.242,1.242,1.242,1.242,1.242,1.242,1.242,1.242,0.779,0.779,0.779,0.905,0.905,0.905,0.905,0.905,0.905,0.905,0.905,0.902,0.902,0.625,0.623,0.623,0.623,0.622,0.622,0.622,0.622,0.622,0.622,0.622,0.622,0.622,0.622,0.622,0.623,0.622,0.622,0.622,0.622,0.64
RGI60-16.02196,1.249,1.249,1.249,1.249,1.249,1.249,1.249,1.249,1.249,1.249,1.249,1.249,1.249,1.249,1.249,1.249,0.789,0.789,0.789,0.914,0.914,0.914,0.914,0.914,0.914,0.914,0.914,0.912,0.912,0.65,0.647,0.647,0.647,0.646,0.646,0.646,0.646,0.646,0.646,0.646,0.646,0.646,0.646,0.646,0.647,0.646,0.646,0.646,0.647,0.665
RGI60-16.02197,1.249,1.249,1.249,1.249,1.249,1.249,1.249,1.249,1.249,1.249,1.249,1.249,1.249,1.249,1.249,1.249,0.789,0.789,0.789,0.914,0.914,0.914,0.914,0.914,0.914,0.914,0.914,0.912,0.912,0.643,0.64,0.64,0.64,0.639,0.639,0.639,0.639,0.639,0.639,0.639,0.639,0.639,0.639,0.639,0.64,0.639,0.639,0.639,0.64,0.658
RGI60-16.02198,1.255,1.255,1.255,1.255,1.255,1.255,1.255,1.255,1.255,1.255,1.255,1.255,1.255,1.255,1.255,1.255,0.8,0.8,0.8,0.923,0.923,0.923,0.923,0.923,0.923,0.923,0.923,0.92,0.92,0.646,0.644,0.644,0.644,0.643,0.643,0.643,0.643,0.643,0.643,0.643,0.643,0.643,0.643,0.643,0.644,0.643,0.643,0.643,0.644,0.66
RGI60-16.02199,1.377,1.377,1.377,1.377,1.377,1.377,1.377,1.377,1.377,1.377,1.377,1.377,1.377,1.377,1.377,1.377,0.979,0.979,0.979,1.084,1.084,1.084,1.084,1.084,1.084,1.084,1.084,1.081,1.081,0.884,0.882,0.882,0.882,0.881,0.881,0.881,0.881,0.881,0.881,0.881,0.881,0.881,0.881,0.881,0.882,0.881,0.881,0.881,0.882,0.897
RGI60-16.02200,1.25,1.25,1.25,1.25,1.25,1.25,1.25,1.25,1.25,1.25,1.25,1.25,1.25,1.25,1.25,1.25,0.79,0.79,0.79,0.916,0.916,0.916,0.916,0.916,0.916,0.916,0.916,0.913,0.913,0.669,0.666,0.666,0.666,0.664,0.664,0.664,0.664,0.664,0.664,0.664,0.664,0.664,0.664,0.664,0.666,0.664,0.664,0.664,0.666,0.686
RGI60-16.02201,1.485,1.485,1.485,1.485,1.485,1.485,1.485,1.485,1.485,1.485,1.485,1.485,1.485,1.485,1.485,1.485,1.127,1.127,1.127,1.218,1.218,1.218,1.218,1.218,1.218,1.218,1.218,1.216,1.216,1.028,1.027,1.027,1.027,1.026,1.026,1.026,1.026,1.026,1.026,1.026,1.026,1.026,1.026,1.026,1.027,1.026,1.026,1.026,1.027,1.038
RGI60-16.02202,1.254,1.254,1.254,1.254,1.254,1.254,1.254,1.254,1.254,1.254,1.254,1.254,1.254,1.254,1.254,1.254,0.797,0.797,0.797,0.921,0.921,0.921,0.921,0.921,0.921,0.921,0.921,0.919,0.919,0.651,0.649,0.649,0.649,0.648,0.648,0.648,0.648,0.648,0.648,0.648,0.648,0.648,0.648,0.648,0.649,0.648,0.648,0.648,0.649,0.666
RGI60-16.02203,1.262,1.262,1.262,1.262,1.262,1.262,1.262,1.262,1.262,1.262,1.262,1.262,1.262,1.262,1.262,1.262,0.811,0.811,0.811,0.933,0.933,0.933,0.933,0.933,0.933,0.933,0.933,0.93,0.93,0.662,0.659,0.659,0.659,0.658,0.658,0.658,0.658,0.658,0.658,0.658,0.658,0.658,0.658,0.658,0.659,0.658,0.658,0.658,0.659,0.675
RGI60-16.02204,1.258,1.258,1.258,1.258,1.258,1.258,1.258,1.258,1.258,1.258,1.258,1.258,1.258,1.258,1.258,1.258,0.801,0.801,0.801,0.926,0.926,0.926,0.926,0.926,0.926,0.926,0.926,0.924,0.924,0.698,0.694,0.694,0.694,0.693,0.693,0.693,0.693,0.693,0.693,0.693,0.693,0.693,0.693,0.693,0.694,0.693,0.693,0.693,0.694,0.717
RGI60-16.02205,1.251,1.251,1.251,1.251,1.251,1.251,1.251,1.251,1.251,1.251,1.251,1.251,1.251,1.251,1.251,1.251,0.793,0.793,0.793,0.917,0.917,0.917,0.917,0.917,0.917,0.917,0.917,0.914,0.914,0.637,0.635,0.635,0.635,0.634,0.634,0.634,0.634,0.634,0.634,0.634,0.634,0.634,0.634,0.634,0.635,0.634,0.634,0.634,0.635,0.651
RGI60-16.02206,1.266,1.266,1.266,1.266,1.266,1.266,1.266,1.266,1.266,1.266,1.266,1.266,1.266,1.266,1.266,1.266,0.816,0.816,0.816,0.938,0.938,0.938,0.938,0.938,0.938,0.938,0.938,0.935,0.935,0.685,0.682,0.682,0.682,0.681,0.681,0.681,0.681,0.681,0.681,0.681,0.681,0.681,0.681,0.681,0.682,0.681,0.681,0.681,0.682,0.7
RGI60-16.02207,1.28,1.28,1.28,1.28,1.28,1.28,1.28,1.28,1.28,1.28,1.28,1.28,1.28,1.28,1.28,1.28,0.699,0.699,0.699,0.838,0.838,0.838,0.838,0.838,0.838,0.838,0.838,0.831,0.831,0.723,0.712,0.712,0.712,0.706,0.706,0.706,0.706,0.706,0.706,0.706,0.706,0.706,0.706,0.706,0.712,0.706,0.706,0.706,0.711,0.866
RGI60-16.02207,1.243,1.243,1.243,1.243,1.243,1.243,1.243,1.243,1.243,1.243,1.243,1.243,1.243,1.243,1.243,1.243,0.779,0.779,0.779,0.906,0.906,0.906,0.906,0.906,0.906,0.906,0.906,0.903,0.903,0.652,0.649,0.649,0.649,0.648,0.648,0.648,0.648,0.648,0.648,0.648,0.648,0.648,0.648,0.648,0.649,0.648,0.648,0.648,0.649,0.669
RGI60-16.02208,1.259,1.259,1.259,1.259,1.259,1.259,1.259,1.259,1.259,1.259,1.259,1.259,1.259,1.259,1.259,1.259,0.804,0.804,0.804,0.928,0.928,0.928,0.928,0.928,0.928,0.928,0.928,0.925,0.925,0.681,0.678,0.678,0.678,0.677,0.677,0.677,0.677,0.677,0.677,0.677,0.677,0.677,0.677,0.677,0.678,0.677,0.677,0.677,0.678,0.698
RGI60-16.02209,1.269,1.269,1.269,1.269,1.269,1.269,1.269,1.269,1.269,1.269,1.269,1.269,1.269,1.269,1.269,1.269,0.822,0.822,0.822,0.942,0.942,0.942,0.942,0.942,0.942,0.942,0.942,0.94,0.94,0.672,0.669,0.669,0.669,0.669,0.669,0.669,0.669,0.669,0.669,0.669,0.669,0.669,0.669,0.669,0.669,0.669,0.669,0.669,0.669,0.685
RGI60-16.02210,1.26,1.26,1.26,1.26,1.26,1.26,1.26,1.26,1.26,1.26,1.26,1.26,1.26,1.26,1.26,1.26,0.805,0.805,0.805,0.929,0.929,0.929,0.929,0.929,0.929,0.929,0.929,0.927,0.927,0.694,0.691,0.691,0.691,0.689,0.689,0.689,0.689,0.689,0.689,0.689,0.689,0.689,0.689,0.689,0.691,0.689,0.689,0.689,0.691,0.712
RGI60-16.02211,1.32,1.32,1.32,1.32,1.32,1.32,1.32,1.32,1.32,1.32,1.32,1.32,1.32,1.32,1.32,1.32,0.898,0.898,0.898,1.01,1.01,1.01,1.01,1.01,1.01,1.01,1.01,1.007,1.007,0.782,0.78,0.78,0.78,0.779,0.779,0.779,0.779,0.779,0.779,0.779,0.779,0.779,0.779,0.779,0.78,0.779,0.779,0.779,0.78,0.796
RGI60-16.02212,1.295,1.295,1.295,1.295,1.295,1.295,1.295,1.295,1.295,1.295,1.295,1.295,1.295,1.295,1.295,1.295,0.86,0.86,0.86,0.976,0.976,0.976,0.976,0.976,0.976,0.976,0.976,0.973,0.973,0.737,0.735,0.735,0.735,0.734,0.734,0.734,0.734,0.734,0.734,0.734,0.734,0.734,0.734,0.734,0.735,0.734,0.734,0.734,0.735,0.752
RGI60-16.02213,1.273,1.273,1.273,1.273,1.273,1.273,1.273,1.273,1.273,1.273,1.273,1.273,1.273,1.273,1.273,1.273,0.827,0.827,0.827,0.947,0.947,0.947,0.947,0.947,0.947,0.947,0.947,0.945,0.945,0.707,0.704,0.704,0.704,0.703,0.703,0.703,0.703,0.703,0.703,0.703,0.703,0.703,0.703,0.703,0.704,0.703,0.703,0.703,0.704,0.723
RGI60-16.02214,1.263,1.263,1.263,1.263,1.263,1.263,1.263,1.263,1.263,1.263,1.263,1.263,1.263,1.263,1.263,1.263,0.812,0.812,0.812,0.934,0.934,0.934,0.934,0.934,0.934,0.934,0.934,0.931,0.931,0.661,0.658,0.658,0.658,0.657,0.657,0.657,0.657,0.657,0.657,0.657,0.657,0.657,0.657,0.657,0.658,0.657,0.657,0.657,0.658,0.674
RGI60-16.02215,1.788,1.788,1.788,1.788,1.788,1.788,1.788,1.788,1.788,1.788,1.788,1.788,1.788,1.788,1.788,1.788,1.504,1.504,1.504,1.573,1.573,1.573,1.573,1.573,1.573,1.573,1.573,1.572,1.572,1.428,1.427,1.427,1.427,1.427,1.427,1.427,1.427,1.427,1.427,1.427,1.427,1.427,1.427,1.427,1.427,1.427,1.427,1.427,1.427,1.434
RGI60-16.02216,1.527,1.527,1.527,1.527,1.527,1.527,1.527,1.527,1.527,1.527,1.527,1.527,1.527,1.527,1.527,1.527,1.181,1.181,1.181,1.268,1.268,1.268,1.268,1.268,1.268,1.268,1.268,1.266,1.266,1.09,1.089,1.089,1.089,1.088,1.088,1.088,1.088,1.088,1.088,1.088,1.088,1.088,1.088,1.088,1.089,1.088,1.088,1.088,1.089,1.099
RGI60-16.02217,1.345,1.345,1.345,1.345,1.345,1.345,1.345,1.345,1.345,1.345,1.345,1.345,1.345,1.345,1.345,1.345,0.935,0.935,0.935,1.042,1.042,1.042,1.042,1.042,1.042,1.042,1.042,1.04,1.04,0.817,0.814,0.814,0.814,0.814,0.814,0.814,0.814,0.814,0.814,0.814,0.814,0.814,0.814,0.814,0.814,0.814,0.814,0.814,0.814,0.829
RGI60-16.02218,1.266,1.266,1.266,1.266,1.266,1.266,1.266,1.266,1.266,1.266,1.266,1.266,1.266,1.266,1.266,1.266,0.816,0.816,0.816,0.938,0.938,0.938,0.938,0.938,0.938,0.938,0.938,0.935,0.935,0.69,0.687,0.687,0.687,0.686,0.686,0.686,0.686,0.686,0.686,0.686,0.686,0.686,0.686,0.686,0.687,0.686,0.686,0.686,0.687,0.706
RGI60-16.02219,1.26,1.26,1.26,1.26,1.26,1.26,1.26,1.26,1.26,1.26,1.26,1.26,1.26,1.26,1.26,1.26,0.807,0.807,0.807,0.93,0.93,0.93,0.93,0.93,0.93,0.93,0.93,0.928,0.928,0.683,0.68,0.68,0.68,0.679,0.679,0.679,0.679,0.679,0.679,0.679,0.679,0.679,0.679,0.679,0.68,0.679,0.679,0.679,0.68,0.7
RGI60-16.02220,1.271,1.271,1.271,1.271,1.271,1.271,1.271,1.271,1.271,1.271,1.271,1.271,1.271,1.271,1.271,1.271,0.822,0.822,0.822,0.944,0.944,0.944,0.944,0.944,0.944,0.944,0.944,0.942,0.942,0.716,0.713,0.713,0.713,0.711,0.711,0.711,0.711,0.711,0.711,0.711,0.711,0.711,0.711,0.711,0.713,0.711,0.711,0.711,0.713,0.734
RGI60-16.02221,1.265,1.265,1.265,1.265,1.265,1.265,1.265,1.265,1.265,1.265,1.265,1.265,1.265,1.265,1.265,1.265,0.812,0.812,0.812,0.936,0.936,0.936,0.936,0.936,0.936,0.936,0.936,0.933,0.933,0.714,0.711,0.711,0.711,0.71,0.71,0.71,0.71,0.71,0.71,0.71,0.71,0.71,0.71,0.71,0.711,0.71,0.71,0.71,0.711,0.734
RGI60-16.02222,1.497,1.497,1.497,1.497,1.497,1.497,1.497,1.497,1.497,1.497,1.497,1.497,1.497,1.497,1.497,1.497,1.142,1.142,1.142,1.232,1.232,1.232,1.232,1.232,1.232,1.232,1.232,1.23,1.23,1.057,1.055,1.055,1.055,1.054,1.054,1.054,1.054,1.054,1.054,1.054,1.054,1.054,1.054,1.054,1.055,1.054,1.054,1.054,1.055,1.067
RGI60-16.02223,1.282,1.282,1.282,1.282,1.282,1.282,1.282,1.282,1.282,1.282,1.282,1.282,1.282,1.282,1.282,1.282,0.84,0.84,0.84,0.959,0.959,0.959,0.959,0.959,0.959,0.959,0.959,0.956,0.956,0.719,0.717,0.717,0.717,0.716,0.716,0.716,0.716,0.716,0.716,0.716,0.716,0.716,0.716,0.716,0.717,0.716,0.716,0.716,0.717,0.735
RGI60-16.02224,1.276,1.276,1.276,1.276,1.276,1.276,1.276,1.276,1.276,1.276,1.276,1.276,1.276,1.276,1.276,1.276,0.832,0.832,0.832,0.951,0.951,0.951,0.951,0.951,0.951,0.951,0.951,0.948,0.948,0.682,0.68,0.68,0.68,0.679,0.679,0.679,0.679,0.679,0.679,0.679,0.679,0.679,0.679,0.679,0.68,0.679,0.679,0.679,0.68,0.695
RGI60-16.02225,1.282,1.282,1.282,1.282,1.282,1.282,1.282,1.282,1.282,1.282,1.282,1.282,1.282,1.282,1.282,1.282,0.841,0.841,0.841,0.96,0.96,0.96,0.96,0.96,0.96,0.96,0.96,0.957,0.957,0.723,0.72,0.72,0.72,0.719,0.719,0.719,0.719,0.719,0.719,0.719,0.719,0.719,0.719,0.719,0.72,0.719,0.719,0.719,0.72,0.738
RGI60-16.02226,2.121,2.121,2.121,2.121,2.121,2.121,2.121,2.121,2.121,2.121,2.121,2.121,2.121,2.121,2.121,2.121,1.887,1.887,1.887,1.943,1.943,1.943,1.943,1.943,1.943,1.943,1.943,1.942,1.942,1.837,1.836,1.836,1.836,1.835,1.835,1.835,1.835,1.835,1.835,1.835,1.835,1.835,1.835,1.835,1.836,1.835,1.835,1.835,1.836,1.843
RGI60-16.02227,1.261,1.261,1.261,1.261,1.261,1.261,1.261,1.261,1.261,1.261,1.261,1.261,1.261,1.261,1.261,1.261,0.806,0.806,0.806,0.931,0.931,0.931,0.931,0.931,0.931,0.931,0.931,0.928,0.928,0.708,0.704,0.704,0.704,0.703,0.703,0.703,0.703,0.703,0.703,0.703,0.703,0.703,0.703,0.703,0.704,0.703,0.703,0.703,0.704,0.728
RGI60-16.02228,1.531,1.531,1.531,1.531,1.531,1.531,1.531,1.531,1.531,1.531,1.531,1.531,1.531,1.531,1.531,1.531,1.185,1.185,1.185,1.273,1.273,1.273,1.273,1.273,1.273,1.273,1.273,1.271,1.271,1.116,1.114,1.114,1.114,1.113,1.113,1.113,1.113,1.113,1.113,1.113,1.113,1.113,1.113,1.113,1.114,1.113,1.113,1.113,1.114,1.128
RGI60-16.02229,1.307,1.307,1.307,1.307,1.307,1.307,1.307,1.307,1.307,1.307,1.307,1.307,1.307,1.307,1.307,1.307,0.877,0.877,0.877,0.993,0.993,0.993,0.993,0.993,0.993,0.993,0.993,0.99,0.99,0.781,0.778,0.778,0.778,0.777,0.777,0.777,0.777,0.777,0.777,0.777,0.777,0.777,0.777,0.777,0.778,0.777,0.777,0.777,0.778,0.798
RGI60-16.02230,1.274,1.274,1.274,1.274,1.274,1.274,1.274,1.274,1.274,1.274,1.274,1.274,1.274,1.274,1.274,1.274,0.828,0.828,0.828,0.948,0.948,0.948,0.948,0.948,0.948,0.948,0.948,0.945,0.945,0.681,0.679,0.679,0.679,0.678,0.678,0.678,0.678,0.678,0.678,0.678,0.678,0.678,0.678,0.678,0.679,0.678,0.678,0.678,0.679,0.695
RGI60-16.02231,1.286,1.286,1.286,1.286,1.286,1.286,1.286,1.286,1.286,1.286,1.286,1.286,1.286,1.286,1.286,1.286,0.846,0.846,0.846,0.964,0.964,0.964,0.964,0.964,0.964,0.964,0.964,0.962,0.962,0.733,0.73,0.73,0.73,0.729,0.729,0.729,0.729,0.729,0.729,0.729,0.729,0.729,0.729,0.729,0.73,0.729,0.729,0.729,0.73,0.749
RGI60-16.02232,1.291,1.291,1.291,1.291,1.291,1.291,1.291,1.291,1.291,1.291,1.291,1.291,1.291,1.291,1.291,1.291,0.853,0.853,0.853,0.971,0.971,0.971,0.971,0.971,0.971,0.971,0.971,0.969,0.969,0.754,0.751,0.751,0.751,0.75,0.75,0.75,0.75,0.75,0.75,0.75,0.75,0.75,0.75,0.75,0.751,0.75,0.75,0.75,0.751,0.772
RGI60-16.02233,1.268,1.268,1.268,1.268,1.268,1.268,1.268,1.268,1.268,1.268,1.268,1.268,1.268,1.268,1.268,1.268,0.82,0.82,0.82,0.94,0.94,0.94,0.94,0.94,0.94,0.94,0.94,0.938,0.938,0.652,0.65,0.65,0.65,0.65,0.65,0.65,0.65,0.65,0.65,0.65,0.65,0.65,0.65,0.65,0.65,0.65,0.65,0.65,0.65,0.664
RGI60-16.02234,1.39,1.39,1.39,1.39,1.39,1.39,1.39,1.39,1.39,1.39,1.39,1.39,1.39,1.39,1.39,1.39,0.999,0.999,0.999,1.1,1.1,1.1,1.1,1.1,1.1,1.1,1.1,1.098,1.098,0.867,0.866,0.866,0.866,0.865,0.865,0.865,0.865,0.865,0.865,0.865,0.865,0.865,0.865,0.865,0.866,0.865,0.865,0.865,0.866,0.876
RGI60-16.02235,2.121,2.121,2.121,2.121,2.121,2.121,2.121,2.121,2.121,2.121,2.121,2.121,2.121,2.121,2.121,2.121,1.887,1.887,1.887,1.943,1.943,1.943,1.943,1.943,1.943,1.943,1.943,1.942,1.942,1.837,1.836,1.836,1.836,1.835,1.835,1.835,1.835,1.835,1.835,1.835,1.835,1.835,1.835,1.835,1.836,1.835,1.835,1.835,1.836,1.843
RGI60-16.02236,1.294,1.294,1.294,1.294,1.294,1.294,1.294,1.294,1.294,1.294,1.294,1.294,1.294,1.294,1.294,1.294,0.86,0.86,0.86,0.976,0.976,0.976,0.976,0.976,0.976,0.976,0.976,0.973,0.973,0.709,0.707,0.707,0.707,0.706,0.706,0.706,0.706,0.706,0.706,0.706,0.706,0.706,0.706,0.706,0.707,0.706,0.706,0.706,0.707,0.72
RGI60-16.02237,1.325,1.325,1.325,1.325,1.325,1.325,1.325,1.325,1.325,1.325,1.325,1.325,1.325,1.325,1.325,1.325,0.907,0.907,0.907,1.016,1.016,1.016,1.016,1.016,1.016,1.016,1.016,1.014,1.014,0.759,0.757,0.757,0.757,0.756,0.756,0.756,0.756,0.756,0.756,0.756,0.756,0.756,0.756,0.756,0.757,0.756,0.756,0.756,0.757,0.769
RGI60-16.02238,3.345,3.345,3.345,3.345,3.345,3.345,3.345,3.345,3.345,3.345,3.345,3.345,3.345,3.345,3.345,3.345,3.202,3.202,3.202,3.235,3.235,3.235,3.235,3.235,3.235,3.235,3.235,3.234,3.234,3.163,3.163,3.163,3.163,3.163,3.163,3.163,3.163,3.163,3.163,3.163,3.163,3.163,3.163,3.163,3.163,3.163,3.163,3.163,3.163,3.165
RGI60-16.02239,1.243,1.243,1.243,1.243,1.243,1.243,1.243,1.243,1.243,1.243,1.243,1.243,1.243,1.243,1.243,1.243,0.781,0.781,0.781,0.907,0.907,0.907,0.907,0.907,0.907,0.907,0.907,0.904,0.904,0.607,0.604,0.604,0.604,0.604,0.604,0.604,0.604,0.604,0.604,0.604,0.604,0.604,0.604,0.604,0.604,0.604,0.604,0.604,0.604,0.62
RGI60-16.02240,1.597,1.597,1.597,1.597,1.597,1.597,1.597,1.597,1.597,1.597,1.597,1.597,1.597,1.597,1.597,1.597,1.271,1.271,1.271,1.352,1.352,1.352,1.352,1.352,1.352,1.352,1.352,1.35,1.35,1.169,1.168,1.168,1.168,1.168,1.168,1.168,1.168,1.168,1.168,1.168,1.168,1.168,1.168,1.168,1.168,1.168,1.168,1.168,1.168,1.176
RGI60-16.02241,1.303,1.303,1.303,1.303,1.303,1.303,1.303,1.303,1.303,1.303,1.303,1.303,1.303,1.303,1.303,1.303,0.872,0.872,0.872,0.988,0.988,0.988,0.988,0.988,0.988,0.988,0.988,0.985,0.985,0.763,0.76,0.76,0.76,0.759,0.759,0.759,0.759,0.759,0.759,0.759,0.759,0.759,0.759,0.759,0.76,0.759,0.759,0.759,0.76,0.778
RGI60-16.02242,1.773,1.773,1.773,1.773,1.773,1.773,1.773,1.773,1.773,1.773,1.773,1.773,1.773,1.773,1.773,1.773,1.485,1.485,1.485,1.555,1.555,1.555,1.555,1.555,1.555,1.555,1.555,1.554,1.554,1.423,1.422,1.422,1.422,1.421,1.421,1.421,1.421,1.421,1.421,1.421,1.421,1.421,1.421,1.421,1.422,1.421,1.421,1.421,1.422,1.431
RGI60-16.02243,1.42,1.42,1.42,1.42,1.42,1.42,1.42,1.42,1.42,1.42,1.42,1.42,1.42,1.42,1.42,1.42,1.038,1.038,1.038,1.138,1.138,1.138,1.138,1.138,1.138,1.138,1.138,1.135,1.135,0.959,0.957,0.957,0.957,0.956,0.956,0.956,0.956,0.956,0.956,0.956,0.956,0.956,0.956,0.956,0.957,0.956,0.956,0.956,0.957,0.973
RGI60-16.02244,1.322,1.322,1.322,1.322,1.322,1.322,1.322,1.322,1.322,1.322,1.322,1.322,1.322,1.322,1.322,1.322,0.899,0.899,0.899,1.012,1.012,1.012,1.012,1.012,1.012,1.012,1.012,1.01,1.01,0.802,0.8,0.8,0.8,0.799,0.799,0.799,0.799,0.799,0.799,0.799,0.799,0.799,0.799,0.799,0.8,0.799,0.799,0.799,0.8,0.818
RGI60-16.02245,2.205,2.205,2.205,2.205,2.205,2.205,2.205,2.205,2.205,2.205,2.205,2.205,2.205,2.205,2.205,2.205,1.981,1.981,1.981,2.035,2.035,2.035,2.035,2.035,2.035,2.035,2.035,2.033,2.033,1.939,1.937,1.937,1.937,1.937,1.937,1.937,1.937,1.937,1.937,1.937,1.937,1.937,1.937,1.937,1.937,1.937,1.937,1.937,1.937,1.945
RGI60-16.02246,1.404,1.404,1.404,1.404,1.404,1.404,1.404,1.404,1.404,1.404,1.404,1.404,1.404,1.404,1.404,1.404,1.016,1.016,1.016,1.118,1.118,1.118,1.118,1.118,1.118,1.118,1.118,1.115,1.115,0.94,0.938,0.938,0.938,0.937,0.937,0.937,0.937,0.937,0.937,0.937,0.937,0.937,0.937,0.937,0.938,0.937,0.937,0.937,0.938,0.955
RGI60-16.02247,1.504,1.504,1.504,1.504,1.504,1.504,1.504,1.504,1.504,1.504,1.504,1.504,1.504,1.504,1.504,1.504,1.15,1.15,1.15,1.241,1.241,1.241,1.241,1.241,1.241,1.241,1.241,1.239,1.239,1.083,1.081,1.081,1.081,1.08,1.08,1.08,1.08,1.08,1.08,1.08,1.08,1.08,1.08,1.08,1.081,1.08,1.08,1.08,1.081,1.096
RGI60-16.02248,1.296,1.296,1.296,1.296,1.296,1.296,1.296,1.296,1.296,1.296,1.296,1.296,1.296,1.296,1.296,1.296,0.862,0.862,0.862,0.977,0.977,0.977,0.977,0.977,0.977,0.977,0.977,0.975,0.975,0.728,0.726,0.726,0.726,0.725,0.725,0.725,0.725,0.725,0.725,0.725,0.725,0.725,0.725,0.725,0.726,0.725,0.725,0.725,0.726,0.741
RGI60-16.02249,1.341,1.341,1.341,1.341,1.341,1.341,1.341,1.341,1.341,1.341,1.341,1.341,1.341,1.341,1.341,1.341,0.929,0.929,0.929,1.037,1.037,1.037,1.037,1.037,1.037,1.037,1.037,1.035,1.035,0.816,0.814,0.814,0.814,0.813,0.813,0.813,0.813,0.813,0.813,0.813,0.813,0.813,0.813,0.813,0.814,0.813,0.813,0.813,0.814,0.829
RGI60-16.02250,1.274,1.274,1.274,1.274,1.274,1.274,1.274,1.274,1.274,1.274,1.274,1.274,1.274,1.274,1.274,1.274,0.827,0.827,0.827,0.948,0.948,0.948,0.948,0.948,0.948,0.948,0.948,0.945,0.945,0.722,0.719,0.719,0.719,0.717,0.717,0.717,0.717,0.717,0.717,0.717,0.717,0.717,0.717,0.717,0.719,0.717,0.717,0.717,0.719,0.74
RGI60-16.02251,1.311,1.311,1.311,1.311,1.311,1.311,1.311,1.311,1.311,1.311,1.311,1.311,1.311,1.311,1.311,1.311,0.883,0.883,0.883,0.998,0.998,0.998,0.998,0.998,0.998,0.998,0.998,0.995,0.995,0.785,0.782,0.782,0.782,0.781,0.781,0.781,0.781,0.781,0.781,0.781,0.781,0.781,0.781,0.781,0.782,0.781,0.781,0.781,0.782,0.801
RGI60-16.02252,1.513,1.513,1.513,1.513,1.513,1.513,1.513,1.513,1.513,1.513,1.513,1.513,1.513,1.513,1.513,1.513,1.162,1.162,1.162,1.251,1.251,1.251,1.251,1.251,1.251,1.251,1.251,1.249,1.249,1.079,1.077,1.077,1.077,1.076,1.076,1.076,1.076,1.076,1.076,1.076,1.076,1.076,1.076,1.076,1.077,1.076,1.076,1.076,1.077,1.089
RGI60-16.02253,1.976,1.976,1.976,1.976,1.976,1.976,1.976,1.976,1.976,1.976,1.976,1.976,1.976,1.976,1.976,1.976,1.722,1.722,1.722,1.784,1.784,1.784,1.784,1.784,1.784,1.784,1.784,1.782,1.782,1.667,1.666,1.666,1.666,1.666,1.666,1.666,1.666,1.666,1.666,1.666,1.666,1.666,1.666,1.666,1.666,1.666,1.666,1.666,1.666,1.674
RGI60-16.02254,1.243,1.243,1.243,1.243,1.243,1.243,1.243,1.243,1.243,1.243,1.243,1.243,1.243,1.243,1.243,1.243,0.781,0.781,0.781,0.907,0.907,0.907,0.907,0.907,0.907,0.907,0.907,0.904,0.904,0.618,0.616,0.616,0.616,0.615,0.615,0.615,0.615,0.615,0.615,0.615,0.615,0.615,0.615,0.615,0.616,0.615,0.615,0.615,0.616,0.632
RGI60-16.02255,1.285,1.285,1.285,1.285,1.285,1.285,1.285,1.285,1.285,1.285,1.285,1.285,1.285,1.285,1.285,1.285,0.845,0.845,0.845,0.963,0.963,0.963,0.963,0.963,0.963,0.963,0.963,0.96,0.96,0.72,0.717,0.717,0.717,0.716,0.716,0.716,0.716,0.716,0.716,0.716,0.716,0.716,0.716,0.716,0.717,0.716,0.716,0.716,0.717,0.735
RGI60-16.02256,1.295,1.295,1.295,1.295,1.295,1.295,1.295,1.295,1.295,1.295,1.295,1.295,1.295,1.295,1.295,1.295,0.861,0.861,0.861,0.977,0.977,0.977,0.977,0.977,0.977,0.977,0.977,0.975,0.975,0.738,0.736,0.736,0.736,0.735,0.735,0.735,0.735,0.735,0.735,0.735,0.735,0.735,0.735,0.735,0.736,0.735,0.735,0.735,0.736,0.753
RGI60-16.02257,1.553,1.553,1.553,1.553,1.553,1.553,1.553,1.553,1.553,1.553,1.553,1.553,1.553,1.553,1.553,1.553,1.215,1.215,1.215,1.299,1.299,1.299,1.299,1.299,1.299,1.299,1.299,1.297,1.297,1.117,1.116,1.116,1.116,1.115,1.115,1.115,1.115,1.115,1.115,1.115,1.115,1.115,1.115,1.115,1.116,1.115,1.115,1.115,1.116,1.125
RGI60-16.02258,1.459,1.459,1.459,1.459,1.459,1.459,1.459,1.459,1.459,1.459,1.459,1.459,1.459,1.459,1.459,1.459,1.091,1.091,1.091,1.185,1.185,1.185,1.185,1.185,1.185,1.185,1.185,1.183,1.183,1.006,1.004,1.004,1.004,1.003,1.003,1.003,1.003,1.003,1.003,1.003,1.003,1.003,1.003,1.003,1.004,1.003,1.003,1.003,1.004,1.018
RGI60-16.02259,1.662,1.662,1.662,1.662,1.662,1.662,1.662,1.662,1.662,1.662,1.662,1.662,1.662,1.662,1.662,1.662,1.351,1.351,1.351,1.428,1.428,1.428,1.428,1.428,1.428,1.428,1.428,1.427,1.427,1.292,1.29,1.29,1.29,1.289,1.289,1.289,1.289,1.289,1.289,1.289,1.289,1.289,1.289,1.289,1.29,1.289,1.289,1.289,1.29,1.302
RGI60-16.02260,1.249,1.249,1.249,1.249,1.249,1.249,1.249,1.249,1.249,1.249,1.249,1.249,1.249,1.249,1.249,1.249,0.788,0.788,0.788,0.914,0.914,0.914,0.914,0.914,0.914,0.914,0.914,0.911,0.911,0.674,0.671,0.671,0.671,0.669,0.669,0.669,0.669,0.669,0.669,0.669,0.669,0.669,0.669,0.669,0.671,0.669,0.669,0.669,0.671,0.693
RGI60-16.02261,2.028,2.028,2.028,2.028,2.028,2.028,2.028,2.028,2.028,2.028,2.028,2.028,2.028,2.028,2.028,2.028,1.783,1.783,1.783,1.842,1.842,1.842,1.842,1.842,1.842,1.842,1.842,1.84,1.84,1.725,1.724,1.724,1.724,1.724,1.724,1.724,1.724,1.724,1.724,1.724,1.724,1.724,1.724,1.724,1.724,1.724,1.724,1.724,1.724,1.731
RGI60-16.02262,1.242,1.242,1.242,1.242,1.242,1.242,1.242,1.242,1.242,1.242,1.242,1.242,1.242,1.242,1.242,1.242,0.779,0.779,0.779,0.905,0.905,0.905,0.905,0.905,0.905,0.905,0.905,0.903,0.903,0.633,0.63,0.63,0.63,0.629,0.629,0.629,0.629,0.629,0.629,0.629,0.629,0.629,0.629,0.629,0.63,0.629,0.629,0.629,0.63,0.649
RGI60-16.02263,1.241,1.241,1.241,1.241,1.241,1.241,1.241,1.241,1.241,1.241,1.241,1.241,1.241,1.241,1.241,1.241,0.778,0.778,0.778,0.904,0.904,0.904,0.904,0.904,0.904,0.904,0.904,0.902,0.902,0.622,0.619,0.619,0.619,0.618,0.618,0.618,0.618,0.618,0.618,0.618,0.618,0.618,0.618,0.618,0.619,0.618,0.618,0.618,0.619,0.636
RGI60-16.02264,1.241,1.241,1.241,1.241,1.241,1.241,1.241,1.241,1.241,1.241,1.241,1.241,1.241,1.241,1.241,1.241,0.776,0.776,0.776,0.904,0.904,0.904,0.904,0.904,0.904,0.904,0.904,0.902,0.902,0.657,0.654,0.654,0.654,0.653,0.653,0.653,0.653,0.653,0.653,0.653,0.653,0.653,0.653,0.653,0.654,0.653,0.653,0.653,0.654,0.676
RGI60-16.02265,1.24,1.24,1.24,1.24,1.24,1.24,1.24,1.24,1.24,1.24,1.24,1.24,1.24,1.24,1.24,1.24,0.776,0.776,0.776,0.903,0.903,0.903,0.903,0.903,0.903,0.903,0.903,0.9,0.9,0.631,0.628,0.628,0.628,0.627,0.627,0.627,0.627,0.627,0.627,0.627,0.627,0.627,0.627,0.627,0.628,0.627,0.627,0.627,0.628,0.647
RGI60-16.02266,1.638,1.638,1.638,1.638,1.638,1.638,1.638,1.638,1.638,1.638,1.638,1.638,1.638,1.638,1.638,1.638,1.323,1.323,1.323,1.4,1.4,1.4,1.4,1.4,1.4,1.4,1.4,1.398,1.398,1.226,1.225,1.225,1.225,1.224,1.224,1.224,1.224,1.224,1.224,1.224,1.224,1.224,1.224,1.224,1.225,1.224,1.224,1.224,1.225,1.232
RGI60-16.02267,1.426,1.426,1.426,1.426,1.426,1.426,1.426,1.426,1.426,1.426,1.426,1.426,1.426,1.426,1.426,1.426,1.048,1.048,1.048,1.144,1.144,1.144,1.144,1.144,1.144,1.144,1.144,1.142,1.142,0.922,0.92,0.92,0.92,0.92,0.92,0.92,0.92,0.92,0.92,0.92,0.92,0.92,0.92,0.92,0.92,0.92,0.92,0.92,0.92,0.93
RGI60-16.02268,1.495,1.495,1.495,1.495,1.495,1.495,1.495,1.495,1.495,1.495,1.495,1.495,1.495,1.495,1.495,1.495,1.14,1.14,1.14,1.229,1.229,1.229,1.229,1.229,1.229,1.229,1.229,1.227,1.227,1.025,1.024,1.024,1.024,1.023,1.023,1.023,1.023,1.023,1.023,1.023,1.023,1.023,1.023,1.023,1.024,1.023,1.023,1.023,1.024,1.032
RGI60-16.02269,1.265,1.265,1.265,1.265,1.265,1.265,1.265,1.265,1.265,1.265,1.265,1.265,1.265,1.265,1.265,1.265,0.815,0.815,0.815,0.936,0.936,0.936,0.936,0.936,0.936,0.936,0.936,0.933,0.933,0.643,0.641,0.641,0.641,0.64,0.64,0.64,0.64,0.64,0.64,0.64,0.64,0.64,0.64,0.64,0.641,0.64,0.64,0.64,0.641,0.655
RGI60-16.02270,1.901,1.901,1.901,1.901,1.901,1.901,1.901,1.901,1.901,1.901,1.901,1.901,1.901,1.901,1.901,1.901,1.637,1.637,1.637,1.7,1.7,1.7,1.7,1.7,1.7,1.7,1.7,1.699,1.699,1.561,1.56,1.56,1.56,1.56,1.56,1.56,1.56,1.56,1.56,1.56,1.56,1.56,1.56,1.56,1.56,1.56,1.56,1.56,1.56,1.566
RGI60-16.02271,1.974,1.974,1.974,1.974,1.974,1.974,1.974,1.974,1.974,1.974,1.974,1.974,1.974,1.974,1.974,1.974,1.721,1.721,1.721,1.781,1.781,1.781,1.781,1.781,1.781,1.781,1.781,1.78,1.78,1.648,1.648,1.648,1.648,1.647,1.647,1.647,1.647,1.647,1.647,1.647,1.647,1.647,1.647,1.647,1.648,1.647,1.647,1.647,1.648,1.653
RGI60-16.02272,1.589,1.589,1.589,1.589,1.589,1.589,1.589,1.589,1.589,1.589,1.589,1.589,1.589,1.589,1.589,1.589,1.262,1.262,1.262,1.343,1.343,1.343,1.343,1.343,1.343,1.343,1.343,1.341,1.341,1.16,1.159,1.159,1.159,1.158,1.158,1.158,1.158,1.158,1.158,1.158,1.158,1.158,1.158,1.158,1.159,1.158,1.158,1.158,1.159,1.167
RGI60-16.02273,1.242,1.242,1.242,1.242,1.242,1.242,1.242,1.242,1.242,1.242,1.242,1.242,1.242,1.242,1.242,1.242,0.779,0.779,0.779,0.905,0.905,0.905,0.905,0.905,0.905,0.905,0.905,0.902,0.902,0.61,0.607,0.607,0.607,0.606,0.606,0.606,0.606,0.606,0.606,0.606,0.606,0.606,0.606,0.606,0.607,0.606,0.606,0.606,0.607,0.623
RGI60-16.02274,1.253,1.253,1.253,1.253,1.253,1.253,1.253,1.253,1.253,1.253,1.253,1.253,1.253,1.253,1.253,1.253,0.798,0.798,0.798,0.921,0.921,0.921,0.921,0.921,0.921,0.921,0.921,0.918,0.918,0.637,0.635,0.635,0.635,0.634,0.634,0.634,0.634,0.634,0.634,0.634,0.634,0.634,0.634,0.634,0.635,0.634,0.634,0.634,0.635,0.651
RGI60-16.02275,1.276,1.276,1.276,1.276,1.276,1.276,1.276,1.276,1.276,1.276,1.276,1.276,1.276,1.276,1.276,1.276,0.832,0.832,0.832,0.951,0.951,0.951,0.951,0.951,0.951,0.951,0.951,0.948,0.948,0.672,0.67,0.67,0.67,0.669,0.669,0.669,0.669,0.669,0.669,0.669,0.669,0.669,0.669,0.669,0.67,0.669,0.669,0.669,0.67,0.684
RGI60-16.02276,1.261,1.261,1.261,1.261,1.261,1.261,1.261,1.261,1.261,1.261,1.261,1.261,1.261,1.261,1.261,1.261,0.81,0.81,0.81,0.931,0.931,0.931,0.931,0.931,0.931,0.931,0.931,0.928,0.928,0.649,0.647,0.647,0.647,0.646,0.646,0.646,0.646,0.646,0.646,0.646,0.646,0.646,0.646,0.646,0.647,0.646,0.646,0.646,0.647,0.662
RGI60-16.02277,1.3,1.3,1.3,1.3,1.3,1.3,1.3,1.3,1.3,1.3,1.3,1.3,1.3,1.3,1.3,1.3,0.87,0.87,0.87,0.984,0.984,0.984,0.984,0.984,0.984,0.984,0.984,0.981,0.981,0.727,0.725,0.725,0.725,0.725,0.725,0.725,0.725,0.725,0.725,0.725,0.725,0.725,0.725,0.725,0.725,0.725,0.725,0.725,0.725,0.739
RGI60-16.02278,1.417,1.417,1.417,1.417,1.417,1.417,1.417,1.417,1.417,1.417,1.417,1.417,1.417,1.417,1.417,1.417,1.036,1.036,1.036,1.133,1.133,1.133,1.133,1.133,1.133,1.133,1.133,1.131,1.131,0.919,0.917,0.917,0.917,0.917,0.917,0.917,0.917,0.917,0.917,0.917,0.917,0.917,0.917,0.917,0.917,0.917,0.917,0.917,0.917,0.929
RGI60-16.02279,1.285,1.285,1.285,1.285,1.285,1.285,1.285,1.285,1.285,1.285,1.285,1.285,1.285,1.285,1.285,1.285,0.848,0.848,0.848,0.964,0.964,0.964,0.964,0.964,0.964,0.964,0.964,0.961,0.961,0.692,0.69,0.69,0.69,0.689,0.689,0.689,0.689,0.689,0.689,0.689,0.689,0.689,0.689,0.689,0.69,0.689,0.689,0.689,0.69,0.704
RGI60-16.02280,1.285,1.285,1.285,1.285,1.285,1.285,1.285,1.285,1.285,1.285,1.285,1.285,1.285,1.285,1.285,1.285,0.847,0.847,0.847,0.963,0.963,0.963,0.963,0.963,0.963,0.963,0.963,0.961,0.961,0.689,0.687,0.687,0.687,0.686,0.686,0.686,0.686,0.686,0.686,0.686,0.686,0.686,0.686,0.686,0.687,0.686,0.686,0.686,0.687,0.701
RGI60-16.02281,1.311,1.311,1.311,1.311,1.311,1.311,1.311,1.311,1.311,1.311,1.311,1.311,1.311,1.311,1.311,1.311,0.886,0.886,0.886,0.998,0.998,0.998,0.998,0.998,0.998,0.998,0.998,0.996,0.996,0.747,0.745,0.745,0.745,0.744,0.744,0.744,0.744,0.744,0.744,0.744,0.744,0.744,0.744,0.744,0.745,0.744,0.744,0.744,0.745,0.759
RGI60-16.02282,1.292,1.292,1.292,1.292,1.292,1.292,1.292,1.292,1.292,1.292,1.292,1.292,1.292,1.292,1.292,1.292,0.858,0.858,0.858,0.973,0.973,0.973,0.973,0.973,0.973,0.973,0.973,0.971,0.971,0.712,0.71,0.71,0.71,0.709,0.709,0.709,0.709,0.709,0.709,0.709,0.709,0.709,0.709,0.709,0.71,0.709,0.709,0.709,0.71,0.724
RGI60-16.02283,1.244,1.244,1.244,1.244,1.244,1.244,1.244,1.244,1.244,1.244,1.244,1.244,1.244,1.244,1.244,1.244,0.782,0.782,0.782,0.907,0.907,0.907,0.907,0.907,0.907,0.907,0.907,0.905,0.905,0.622,0.62,0.62,0.62,0.619,0.619,0.619,0.619,0.619,0.619,0.619,0.619,0.619,0.619,0.619,0.62,0.619,0.619,0.619,0.62,0.637
RGI60-16.02284,1.244,1.244,1.244,1.244,1.244,1.244,1.244,1.244,1.244,1.244,1.244,1.244,1.244,1.244,1.244,1.244,0.783,0.783,0.783,0.908,0.908,0.908,0.908,0.908,0.908,0.908,0.908,0.905,0.905,0.611,0.609,0.609,0.609,0.608,0.608,0.608,0.608,0.608,0.608,0.608,0.608,0.608,0.608,0.608,0.609,0.608,0.608,0.608,0.609,0.624
RGI60-16.02285,1.526,1.526,1.526,1.526,1.526,1.526,1.526,1.526,1.526,1.526,1.526,1.526,1.526,1.526,1.526,1.526,1.181,1.181,1.181,1.267,1.267,1.267,1.267,1.267,1.267,1.267,1.267,1.265,1.265,1.081,1.08,1.08,1.08,1.079,1.079,1.079,1.079,1.079,1.079,1.079,1.079,1.079,1.079,1.079,1.08,1.079,1.079,1.079,1.08,1.09
RGI60-16.02286,1.246,1.246,1.246,1.246,1.246,1.246,1.246,1.246,1.246,1.246,1.246,1.246,1.246,1.246,1.246,1.246,0.786,0.786,0.786,0.911,0.911,0.911,0.911,0.911,0.911,0.911,0.911,0.908,0.908,0.625,0.623,0.623,0.623,0.622,0.622,0.622,0.622,0.622,0.622,0.622,0.622,0.622,0.622,0.622,0.623,0.622,0.622,0.622,0.623,0.639
RGI60-16.02287,1.246,1.246,1.246,1.246,1.246,1.246,1.246,1.246,1.246,1.246,1.246,1.246,1.246,1.246,1.246,1.246,0.787,0.787,0.787,0.911,0.911,0.911,0.911,0.911,0.911,0.911,0.911,0.909,0.909,0.618,0.616,0.616,0.616,0.615,0.615,0.615,0.615,0.615,0.615,0.615,0.615,0.615,0.615,0.615,0.616,0.615,0.615,0.615,0.616,0.632
RGI60-16.02288,1.479,1.479,1.479,1.479,1.479,1.479,1.479,1.479,1.479,1.479,1.479,1.479,1.479,1.479,1.479,1.479,1.119,1.119,1.119,1.21,1.21,1.21,1.21,1.21,1.21,1.21,1.21,1.208,1.208,1.009,1.007,1.007,1.007,1.007,1.007,1.007,1.007,1.007,1.007,1.007,1.007,1.007,1.007,1.007,1.007,1.007,1.007,1.007,1.007,1.017
RGI60-16.02289,1.257,1.257,1.257,1.257,1.257,1.257,1.257,1.257,1.257,1.257,1.257,1.257,1.257,1.257,1.257,1.257,0.804,0.804,0.804,0.926,0.926,0.926,0.926,0.926,0.926,0.926,0.926,0.923,0.923,0.643,0.641,0.641,0.641,0.64,0.64,0.64,0.64,0.64,0.64,0.64,0.64,0.64,0.64,0.64,0.641,0.64,0.64,0.64,0.641,0.656
RGI60-16.02290,1.253,1.253,1.253,1.253,1.253,1.253,1.253,1.253,1.253,1.253,1.253,1.253,1.253,1.253,1.253,1.253,0.797,0.797,0.797,0.92,0.92,0.92,0.92,0.92,0.92,0.92,0.92,0.918,0.918,0.642,0.64,0.64,0.64,0.639,0.639,0.639,0.639,0.639,0.639,0.639,0.639,0.639,0.639,0.639,0.64,0.639,0.639,0.639,0.64,0.656
RGI60-16.02291,1.252,1.252,1.252,1.252,1.252,1.252,1.252,1.252,1.252,1.252,1.252,1.252,1.252,1.252,1.252,1.252,0.796,0.796,0.796,0.919,0.919,0.919,0.919,0.919,0.919,0.919,0.919,0.917,0.917,0.63,0.627,0.627,0.627,0.626,0.626,0.626,0.626,0.626,0.626,0.626,0.626,0.626,0.626,0.626,0.627,0.626,0.626,0.626,0.627,0.643
RGI60-16.02292,1.431,1.431,1.431,1.431,1.431,1.431,1.431,1.431,1.431,1.431,1.431,1.431,1.431,1.431,1.431,1.431,1.055,1.055,1.055,1.151,1.151,1.151,1.151,1.151,1.151,1.151,1.151,1.148,1.148,0.945,0.944,0.944,0.944,0.943,0.943,0.943,0.943,0.943,0.943,0.943,0.943,0.943,0.943,0.943,0.944,0.943,0.943,0.943,0.944,0.955
RGI60-16.02293,1.557,1.557,1.557,1.557,1.557,1.557,1.557,1.557,1.557,1.557,1.557,1.557,1.557,1.557,1.557,1.557,1.22,1.22,1.22,1.304,1.304,1.304,1.304,1.304,1.304,1.304,1.304,1.302,1.302,1.127,1.126,1.126,1.126,1.125,1.125,1.125,1.125,1.125,1.125,1.125,1.125,1.125,1.125,1.125,1.126,1.125,1.125,1.125,1.126,1.135
RGI60-16.02294,1.428,1.428,1.428,1.428,1.428,1.428,1.428,1.428,1.428,1.428,1.428,1.428,1.428,1.428,1.428,1.428,1.051,1.051,1.051,1.147,1.147,1.147,1.147,1.147,1.147,1.147,1.147,1.145,1.145,0.941,0.939,0.939,0.939,0.939,0.939,0.939,0.939,0.939,0.939,0.939,0.939,0.939,0.939,0.939,0.939,0.939,0.939,0.939,0.939,0.951
RGI60-16.02295,1.255,1.255,1.255,1.255,1.255,1.255,1.255,1.255,1.255,1.255,1.255,1.255,1.255,1.255,1.255,1.255,0.801,0.801,0.801,0.923,0.923,0.923,0.923,0.923,0.923,0.923,0.923,0.921,0.921,0.649,0.646,0.646,0.646,0.646,0.646,0.646,0.646,0.646,0.646,0.646,0.646,0.646,0.646,0.646,0.646,0.646,0.646,0.646,0.646,0.663
RGI60-16.02296,1.244,1.244,1.244,1.244,1.244,1.244,1.244,1.244,1.244,1.244,1.244,1.244,1.244,1.244,1.244,1.244,0.783,0.783,0.783,0.908,0.908,0.908,0.908,0.908,0.908,0.908,0.908,0.905,0.905,0.618,0.616,0.616,0.616,0.615,0.615,0.615,0.615,0.615,0.615,0.615,0.615,0.615,0.615,0.615,0.616,0.615,0.615,0.615,0.616,0.632
RGI60-16.02297,1.413,1.413,1.413,1.413,1.413,1.413,1.413,1.413,1.413,1.413,1.413,1.413,1.413,1.413,1.413,1.413,1.031,1.031,1.031,1.129,1.129,1.129,1.129,1.129,1.129,1.129,1.129,1.127,1.127,0.913,0.912,0.912,0.912,0.911,0.911,0.911,0.911,0.911,0.911,0.911,0.911,0.911,0.911,0.911,0.912,0.911,0.911,0.911,0.912,0.923
RGI60-16.02298,1.455,1.455,1.455,1.455,1.455,1.455,1.455,1.455,1.455,1.455,1.455,1.455,1.455,1.455,1.455,1.455,1.089,1.089,1.089,1.181,1.181,1.181,1.181,1.181,1.181,1.181,1.181,1.179,1.179,0.929,0.928,0.928,0.928,0.928,0.928,0.928,0.928,0.928,0.928,0.928,0.928,0.928,0.928,0.928,0.928,0.928,0.928,0.928,0.928,0.934
RGI60-16.02299,1.268,1.268,1.268,1.268,1.268,1.268,1.268,1.268,1.268,1.268,1.268,1.268,1.268,1.268,1.268,1.268,0.823,0.823,0.823,0.941,0.941,0.941,0.941,0.941,0.941,0.941,0.941,0.939,0.939,0.591,0.59,0.59,0.59,0.59,0.59,0.59,0.59,0.59,0.59,0.59,0.59,0.59,0.59,0.59,0.59,0.59,0.59,0.59,0.59,0.598
RGI60-16.02300,1.25,1.25,1.25,1.25,1.25,1.25,1.25,1.25,1.25,1.25,1.25,1.25,1.25,1.25,1.25,1.25,0.795,0.795,0.795,0.917,0.917,0.917,0.917,0.917,0.917,0.917,0.917,0.914,0.914,0.554,0.552,0.552,0.552,0.552,0.552,0.552,0.552,0.552,0.552,0.552,0.552,0.552,0.552,0.552,0.552,0.552,0.552,0.552,0.552,0.561
RGI60-16.02301,1.257,1.257,1.257,1.257,1.257,1.257,1.257,1.257,1.257,1.257,1.257,1.257,1.257,1.257,1.257,1.257,0.766,0.766,0.766,0.925,0.925,0.925,0.925,0.925,0.925,0.925,0.925,0.921,0.921,0.843,0.836,0.836,0.836,0.834,0.834,0.834,0.834,0.834,0.834,0.834,0.834,0.834,0.834,0.834,0.836,0.834,0.834,0.834,0.836,0.923
RGI60-16.02302,1.293,1.293,1.293,1.293,1.293,1.293,1.293,1.293,1.293,1.293,1.293,1.293,1.293,1.293,1.293,1.293,0.86,0.86,0.86,0.973,0.973,0.973,0.973,0.973,0.973,0.973,0.973,0.971,0.971,0.623,0.622,0.622,0.622,0.622,0.622,0.622,0.622,0.622,0.622,0.622,0.622,0.622,0.622,0.622,0.622,0.622,0.622,0.622,0.622,0.629
RGI60-16.02303,1.272,1.272,1.272,1.272,1.272,1.272,1.272,1.272,1.272,1.272,1.272,1.272,1.272,1.272,1.272,1.272,0.828,0.828,0.828,0.945,0.945,0.945,0.945,0.945,0.945,0.945,0.945,0.943,0.943,0.578,0.577,0.577,0.577,0.576,0.576,0.576,0.576,0.576,0.576,0.576,0.576,0.576,0.576,0.576,0.577,0.576,0.576,0.576,0.577,0.584
RGI60-16.02304,1.241,1.241,1.241,1.241,1.241,1.241,1.241,1.241,1.241,1.241,1.241,1.241,1.241,1.241,1.241,1.241,0.78,0.78,0.78,0.904,0.904,0.904,0.904,0.904,0.904,0.904,0.904,0.902,0.902,0.54,0.538,0.538,0.538,0.538,0.538,0.538,0.538,0.538,0.538,0.538,0.538,0.538,0.538,0.538,0.538,0.538,0.538,0.538,0.538,0.548
RGI60-16.02305,1.256,1.256,1.256,1.256,1.256,1.256,1.256,1.256,1.256,1.256,1.256,1.256,1.256,1.256,1.256,1.256,0.803,0.803,0.803,0.924,0.924,0.924,0.924,0.924,0.924,0.924,0.924,0.921,0.921,0.57,0.568,0.568,0.568,0.568,0.568,0.568,0.568,0.568,0.568,0.568,0.568,0.568,0.568,0.568,0.568,0.568,0.568,0.568,0.568,0.578
RGI60-16.02306,1.257,1.257,1.257,1.257,1.257,1.257,1.257,1.257,1.257,1.257,1.257,1.257,1.257,1.257,1.257,1.257,0.804,0.804,0.804,0.925,0.925,0.925,0.925,0.925,0.925,0.925,0.925,0.923,0.923,0.599,0.597,0.597,0.597,0.597,0.597,0.597,0.597,0.597,0.597,0.597,0.597,0.597,0.597,0.597,0.597,0.597,0.597,0.597,0.597,0.609
RGI60-16.02307,2.256,2.256,2.256,2.256,2.256,2.256,2.256,2.256,2.256,2.256,2.256,2.256,2.256,2.256,2.256,2.256,2.038,2.038,2.038,2.089,2.089,2.089,2.089,2.089,2.089,2.089,2.089,2.088,2.088,1.971,1.97,1.97,1.97,1.97,1.97,1.97,1.97,1.97,1.97,1.97,1.97,1.97,1.97,1.97,1.97,1.97,1.97,1.97,1.97,1.974
RGI60-16.02308,1.25,1.25,1.25,1.25,1.25,1.25,1.25,1.25,1.25,1.25,1.25,1.25,1.25,1.25,1.25,1.25,0.792,0.792,0.792,0.915,0.915,0.915,0.915,0.915,0.915,0.915,0.915,0.913,0.913,0.599,0.597,0.597,0.597,0.596,0.596,0.596,0.596,0.596,0.596,0.596,0.596,0.596,0.596,0.596,0.597,0.596,0.596,0.596,0.597,0.61
RGI60-16.02309,1.254,1.254,1.254,1.254,1.254,1.254,1.254,1.254,1.254,1.254,1.254,1.254,1.254,1.254,1.254,1.254,0.8,0.8,0.8,0.921,0.921,0.921,0.921,0.921,0.921,0.921,0.921,0.918,0.918,0.559,0.558,0.558,0.558,0.557,0.557,0.557,0.557,0.557,0.557,0.557,0.557,0.557,0.557,0.557,0.558,0.557,0.557,0.557,0.558,0.567
RGI60-16.02310,1.247,1.247,1.247,1.247,1.247,1.247,1.247,1.247,1.247,1.247,1.247,1.247,1.247,1.247,1.247,1.247,0.789,0.789,0.789,0.912,0.912,0.912,0.912,0.912,0.912,0.912,0.912,0.909,0.909,0.526,0.525,0.525,0.525,0.524,0.524,0.524,0.524,0.524,0.524,0.524,0.524,0.524,0.524,0.524,0.525,0.524,0.524,0.524,0.525,0.533
RGI60-16.02311,2.064,2.064,2.064,2.064,2.064,2.064,2.064,2.064,2.064,2.064,2.064,2.064,2.064,2.064,2.064,2.064,1.825,1.825,1.825,1.881,1.881,1.881,1.881,1.881,1.881,1.881,1.881,1.88,1.88,1.745,1.744,1.744,1.744,1.744,1.744,1.744,1.744,1.744,1.744,1.744,1.744,1.744,1.744,1.744,1.744,1.744,1.744,1.744,1.744,1.748
RGI60-16.02312,1.253,1.253,1.253,1.253,1.253,1.253,1.253,1.253,1.253,1.253,1.253,1.253,1.253,1.253,1.253,1.253,0.799,0.799,0.799,0.921,0.921,0.921,0.921,0.921,0.921,0.921,0.921,0.918,0.918,0.597,0.595,0.595,0.595,0.594,0.594,0.594,0.594,0.594,0.594,0.594,0.594,0.594,0.594,0.594,0.595,0.594,0.594,0.594,0.595,0.607
RGI60-16.02313,1.249,1.249,1.249,1.249,1.249,1.249,1.249,1.249,1.249,1.249,1.249,1.249,1.249,1.249,1.249,1.249,0.793,0.793,0.793,0.915,0.915,0.915,0.915,0.915,0.915,0.915,0.915,0.912,0.912,0.525,0.524,0.524,0.524,0.524,0.524,0.524,0.524,0.524,0.524,0.524,0.524,0.524,0.524,0.524,0.524,0.524,0.524,0.524,0.524,0.532
RGI60-16.02314,1.339,1.339,1.339,1.339,1.339,1.339,1.339,1.339,1.339,1.339,1.339,1.339,1.339,1.339,1.339,1.339,0.927,0.927,0.927,1.035,1.035,1.035,1.035,1.035,1.035,1.035,1.035,1.032,1.032,0.769,0.767,0.767,0.767,0.767,0.767,0.767,0.767,0.767,0.767,0.767,0.767,0.767,0.767,0.767,0.767,0.767,0.767,0.767,0.767,0.778
RGI60-16.02315,1.591,1.591,1.591,1.591,1.591,1.591,1.591,1.591,1.591,1.591,1.591,1.591,1.591,1.591,1.591,1.591,1.265,1.265,1.265,1.345,1.345,1.345,1.345,1.345,1.345,1.345,1.345,1.343,1.343,1.121,1.12,1.12,1.12,1.12,1.12,1.12,1.12,1.12,1.12,1.12,1.12,1.12,1.12,1.12,1.12,1.12,1.12,1.12,1.12,1.124
RGI60-16.02316,1.255,1.255,1.255,1.255,1.255,1.255,1.255,1.255,1.255,1.255,1.255,1.255,1.255,1.255,1.255,1.255,0.803,0.803,0.803,0.923,0.923,0.923,0.923,0.923,0.923,0.923,0.923,0.921,0.921,0.536,0.535,0.535,0.535,0.535,0.535,0.535,0.535,0.535,0.535,0.535,0.535,0.535,0.535,0.535,0.535,0.535,0.535,0.535,0.535,0.542
RGI60-16.02317,1.246,1.246,1.246,1.246,1.246,1.246,1.246,1.246,1.246,1.246,1.246,1.246,1.246,1.246,1.246,1.246,0.786,0.786,0.786,0.91,0.91,0.91,0.91,0.91,0.91,0.91,0.91,0.908,0.908,0.563,0.561,0.561,0.561,0.561,0.561,0.561,0.561,0.561,0.561,0.561,0.561,0.561,0.561,0.561,0.561,0.561,0.561,0.561,0.561,0.572
RGI60-16.02318,1.259,1.259,1.259,1.259,1.259,1.259,1.259,1.259,1.259,1.259,1.259,1.259,1.259,1.259,1.259,1.259,0.808,0.808,0.808,0.929,0.929,0.929,0.929,0.929,0.929,0.929,0.929,0.926,0.926,0.594,0.592,0.592,0.592,0.592,0.592,0.592,0.592,0.592,0.592,0.592,0.592,0.592,0.592,0.592,0.592,0.592,0.592,0.592,0.592,0.603
RGI60-16.02319,1.251,1.251,1.251,1.251,1.251,1.251,1.251,1.251,1.251,1.251,1.251,1.251,1.251,1.251,1.251,1.251,0.795,0.795,0.795,0.918,0.918,0.918,0.918,0.918,0.918,0.918,0.918,0.915,0.915,0.567,0.566,0.566,0.566,0.565,0.565,0.565,0.565,0.565,0.565,0.565,0.565,0.565,0.565,0.565,0.566,0.565,0.565,0.565,0.566,0.576
RGI60-16.02320,1.276,1.276,1.276,1.276,1.276,1.276,1.276,1.276,1.276,1.276,1.276,1.276,1.276,1.276,1.276,1.276,0.833,0.833,0.833,0.951,0.951,0.951,0.951,0.951,0.951,0.951,0.951,0.949,0.949,0.646,0.644,0.644,0.644,0.643,0.643,0.643,0.643,0.643,0.643,0.643,0.643,0.643,0.643,0.643,0.644,0.643,0.643,0.643,0.644,0.655
RGI60-16.02321,1.256,1.256,1.256,1.256,1.256,1.256,1.256,1.256,1.256,1.256,1.256,1.256,1.256,1.256,1.256,1.256,0.802,0.802,0.802,0.924,0.924,0.924,0.924,0.924,0.924,0.924,0.924,0.921,0.921,0.606,0.604,0.604,0.604,0.603,0.603,0.603,0.603,0.603,0.603,0.603,0.603,0.603,0.603,0.603,0.604,0.603,0.603,0.603,0.604,0.616
RGI60-16.02322,1.248,1.248,1.248,1.248,1.248,1.248,1.248,1.248,1.248,1.248,1.248,1.248,1.248,1.248,1.248,1.248,0.79,0.79,0.79,0.913,0.913,0.913,0.913,0.913,0.913,0.913,0.913,0.91,0.91,0.54,0.539,0.539,0.539,0.538,0.538,0.538,0.538,0.538,0.538,0.538,0.538,0.538,0.538,0.538,0.539,0.538,0.538,0.538,0.539,0.548
RGI60-16.02323,1.261,1.261,1.261,1.261,1.261,1.261,1.261,1.261,1.261,1.261,1.261,1.261,1.261,1.261,1.261,1.261,0.81,0.81,0.81,0.93,0.93,0.93,0.93,0.93,0.93,0.93,0.93,0.928,0.928,0.602,0.6,0.6,0.6,0.599,0.599,0.599,0.599,0.599,0.599,0.599,0.599,0.599,0.599,0.599,0.6,0.599,0.599,0.599,0.6,0.611
RGI60-16.02324,1.252,1.252,1.252,1.252,1.252,1.252,1.252,1.252,1.252,1.252,1.252,1.252,1.252,1.252,1.252,1.252,0.798,0.798,0.798,0.919,0.919,0.919,0.919,0.919,0.919,0.919,0.919,0.917,0.917,0.548,0.547,0.547,0.547,0.547,0.547,0.547,0.547,0.547,0.547,0.547,0.547,0.547,0.547,0.547,0.547,0.547,0.547,0.547,0.547,0.555
RGI60-16.02325,1.295,1.295,1.295,1.295,1.295,1.295,1.295,1.295,1.295,1.295,1.295,1.295,1.295,1.295,1.295,1.295,0.863,0.863,0.863,0.977,0.977,0.977,0.977,0.977,0.977,0.977,0.977,0.974,0.974,0.678,0.676,0.676,0.676,0.675,0.675,0.675,0.675,0.675,0.675,0.675,0.675,0.675,0.675,0.675,0.676,0.675,0.675,0.675,0.676,0.686
RGI60-16.02326,1.773,1.773,1.773,1.773,1.773,1.773,1.773,1.773,1.773,1.773,1.773,1.773,1.773,1.773,1.773,1.773,1.487,1.487,1.487,1.556,1.556,1.556,1.556,1.556,1.556,1.556,1.556,1.554,1.554,1.387,1.387,1.387,1.387,1.386,1.386,1.386,1.386,1.386,1.386,1.386,1.386,1.386,1.386,1.386,1.387,1.386,1.386,1.386,1.387,1.391
RGI60-16.02327,1.336,1.336,1.336,1.336,1.336,1.336,1.336,1.336,1.336,1.336,1.336,1.336,1.336,1.336,1.336,1.336,0.923,0.923,0.923,1.03,1.03,1.03,1.03,1.03,1.03,1.03,1.03,1.028,1.028,0.751,0.75,0.75,0.75,0.749,0.749,0.749,0.749,0.749,0.749,0.749,0.749,0.749,0.749,0.749,0.75,0.749,0.749,0.749,0.75,0.759
RGI60-16.02328,2.064,2.064,2.064,2.064,2.064,2.064,2.064,2.064,2.064,2.064,2.064,2.064,2.064,2.064,2.064,2.064,1.824,1.824,1.824,1.88,1.88,1.88,1.88,1.88,1.88,1.88,1.88,1.879,1.879,1.722,1.722,1.722,1.722,1.722,1.722,1.722,1.722,1.722,1.722,1.722,1.722,1.722,1.722,1.722,1.722,1.722,1.722,1.722,1.722,1.724
RGI60-16.02329,1.269,1.269,1.269,1.269,1.269,1.269,1.269,1.269,1.269,1.269,1.269,1.269,1.269,1.269,1.269,1.269,0.825,0.825,0.825,0.942,0.942,0.942,0.942,0.942,0.942,0.942,0.942,0.94,0.94,0.566,0.565,0.565,0.565,0.565,0.565,0.565,0.565,0.565,0.565,0.565,0.565,0.565,0.565,0.565,0.565,0.565,0.565,0.565,0.565,0.572
RGI60-16.02330,1.258,1.258,1.258,1.258,1.258,1.258,1.258,1.258,1.258,1.258,1.258,1.258,1.258,1.258,1.258,1.258,0.805,0.805,0.805,0.927,0.927,0.927,0.927,0.927,0.927,0.927,0.927,0.924,0.924,0.618,0.617,0.617,0.617,0.616,0.616,0.616,0.616,0.616,0.616,0.616,0.616,0.616,0.616,0.616,0.617,0.616,0.616,0.616,0.616,0.629
RGI60-16.02331,1.287,1.287,1.287,1.287,1.287,1.287,1.287,1.287,1.287,1.287,1.287,1.287,1.287,1.287,1.287,1.287,0.85,0.85,0.85,0.966,0.966,0.966,0.966,0.966,0.966,0.966,0.966,0.963,0.963,0.675,0.674,0.674,0.674,0.673,0.673,0.673,0.673,0.673,0.673,0.673,0.673,0.673,0.673,0.673,0.674,0.673,0.673,0.673,0.674,0.685
RGI60-16.02332,1.292,1.292,1.292,1.292,1.292,1.292,1.292,1.292,1.292,1.292,1.292,1.292,1.292,1.292,1.292,1.292,0.857,0.857,0.857,0.972,0.972,0.972,0.972,0.972,0.972,0.972,0.972,0.97,0.97,0.686,0.684,0.684,0.684,0.683,0.683,0.683,0.683,0.683,0.683,0.683,0.683,0.683,0.683,0.683,0.684,0.683,0.683,0.683,0.684,0.696
RGI60-16.02333,1.267,1.267,1.267,1.267,1.267,1.267,1.267,1.267,1.267,1.267,1.267,1.267,1.267,1.267,1.267,1.267,0.82,0.82,0.82,0.939,0.939,0.939,0.939,0.939,0.939,0.939,0.939,0.936,0.936,0.61,0.609,0.609,0.609,0.608,0.608,0.608,0.608,0.608,0.608,0.608,0.608,0.608,0.608,0.608,0.609,0.608,0.608,0.608,0.609,0.619
RGI60-16.02334,1.276,1.276,1.276,1.276,1.276,1.276,1.276,1.276,1.276,1.276,1.276,1.276,1.276,1.276,1.276,1.276,0.835,0.835,0.835,0.951,0.951,0.951,0.951,0.951,0.951,0.951,0.951,0.949,0.949,0.584,0.583,0.583,0.583,0.582,0.582,0.582,0.582,0.582,0.582,0.582,0.582,0.582,0.582,0.582,0.583,0.582,0.582,0.582,0.583,0.589
RGI60-16.02335,2.118,2.118,2.118,2.118,2.118,2.118,2.118,2.118,2.118,2.118,2.118,2.118,2.118,2.118,2.118,2.118,1.885,1.885,1.885,1.939,1.939,1.939,1.939,1.939,1.939,1.939,1.939,1.938,1.938,1.786,1.786,1.786,1.786,1.786,1.786,1.786,1.786,1.786,1.786,1.786,1.786,1.786,1.786,1.786,1.786,1.786,1.786,1.786,1.786,1.788
RGI60-16.02336,1.28,1.28,1.28,1.28,1.28,1.28,1.28,1.28,1.28,1.28,1.28,1.28,1.28,1.28,1.28,1.28,0.842,0.842,0.842,0.957,0.957,0.957,0.957,0.957,0.957,0.957,0.957,0.954,0.954,0.587,0.586,0.586,0.586,0.586,0.586,0.586,0.586,0.586,0.586,0.586,0.586,0.586,0.586,0.586,0.586,0.586,0.586,0.586,0.586,0.592
RGI60-16.02337,1.269,1.269,1.269,1.269,1.269,1.269,1.269,1.269,1.269,1.269,1.269,1.269,1.269,1.269,1.269,1.269,0.823,0.823,0.823,0.942,0.942,0.942,0.942,0.942,0.942,0.942,0.942,0.94,0.94,0.632,0.63,0.63,0.63,0.63,0.63,0.63,0.63,0.63,0.63,0.63,0.63,0.63,0.63,0.63,0.63,0.63,0.63,0.63,0.63,0.642
RGI60-16.02338,1.625,1.625,1.625,1.625,1.625,1.625,1.625,1.625,1.625,1.625,1.625,1.625,1.625,1.625,1.625,1.625,1.307,1.307,1.307,1.385,1.385,1.385,1.385,1.385,1.385,1.385,1.385,1.383,1.383,1.198,1.197,1.197,1.197,1.197,1.197,1.197,1.197,1.197,1.197,1.197,1.197,1.197,1.197,1.197,1.197,1.197,1.197,1.197,1.197,1.203
RGI60-16.02339,1.271,1.271,1.271,1.271,1.271,1.271,1.271,1.271,1.271,1.271,1.271,1.271,1.271,1.271,1.271,1.271,0.825,0.825,0.825,0.944,0.944,0.944,0.944,0.944,0.944,0.944,0.944,0.942,0.942,0.641,0.639,0.639,0.639,0.638,0.638,0.638,0.638,0.638,0.638,0.638,0.638,0.638,0.638,0.638,0.639,0.638,0.638,0.638,0.639,0.651
RGI60-16.02340,1.256,1.256,1.256,1.256,1.256,1.256,1.256,1.256,1.256,1.256,1.256,1.256,1.256,1.256,1.256,1.256,0.802,0.802,0.802,0.924,0.924,0.924,0.924,0.924,0.924,0.924,0.924,0.922,0.922,0.601,0.599,0.599,0.599,0.598,0.598,0.598,0.598,0.598,0.598,0.598,0.598,0.598,0.598,0.598,0.599,0.598,0.598,0.598,0.599,0.611
RGI60-16.02341,1.267,1.267,1.267,1.267,1.267,1.267,1.267,1.267,1.267,1.267,1.267,1.267,1.267,1.267,1.267,1.267,0.819,0.819,0.819,0.939,0.939,0.939,0.939,0.939,0.939,0.939,0.939,0.936,0.936,0.63,0.629,0.629,0.629,0.628,0.628,0.628,0.628,0.628,0.628,0.628,0.628,0.628,0.628,0.628,0.629,0.628,0.628,0.628,0.629,0.64
RGI60-16.02342,1.262,1.262,1.262,1.262,1.262,1.262,1.262,1.262,1.262,1.262,1.262,1.262,1.262,1.262,1.262,1.262,0.812,0.812,0.812,0.933,0.933,0.933,0.933,0.933,0.933,0.933,0.933,0.93,0.93,0.615,0.613,0.613,0.613,0.613,0.613,0.613,0.613,0.613,0.613,0.613,0.613,0.613,0.613,0.613,0.613,0.613,0.613,0.613,0.613,0.625
RGI60-16.02343,1.324,1.324,1.324,1.324,1.324,1.324,1.324,1.324,1.324,1.324,1.324,1.324,1.324,1.324,1.324,1.324,0.905,0.905,0.905,1.014,1.014,1.014,1.014,1.014,1.014,1.014,1.014,1.012,1.012,0.741,0.739,0.739,0.739,0.739,0.739,0.739,0.739,0.739,0.739,0.739,0.739,0.739,0.739,0.739,0.739,0.739,0.739,0.739,0.739,0.75
RGI60-16.02344,1.273,1.273,1.273,1.273,1.273,1.273,1.273,1.273,1.273,1.273,1.273,1.273,1.273,1.273,1.273,1.273,0.828,0.828,0.828,0.947,0.947,0.947,0.947,0.947,0.947,0.947,0.947,0.944,0.944,0.631,0.63,0.63,0.63,0.629,0.629,0.629,0.629,0.629,0.629,0.629,0.629,0.629,0.629,0.629,0.63,0.629,0.629,0.629,0.63,0.64
RGI60-16.02345,1.267,1.267,1.267,1.267,1.267,1.267,1.267,1.267,1.267,1.267,1.267,1.267,1.267,1.267,1.267,1.267,0.821,0.821,0.821,0.939,0.939,0.939,0.939,0.939,0.939,0.939,0.939,0.936,0.936,0.559,0.558,0.558,0.558,0.558,0.558,0.558,0.558,0.558,0.558,0.558,0.558,0.558,0.558,0.558,0.558,0.558,0.558,0.558,0.558,0.565
RGI60-16.02346,1.297,1.297,1.297,1.297,1.297,1.297,1.297,1.297,1.297,1.297,1.297,1.297,1.297,1.297,1.297,1.297,0.865,0.865,0.865,0.979,0.979,0.979,0.979,0.979,0.979,0.979,0.979,0.977,0.977,0.694,0.692,0.692,0.692,0.692,0.692,0.692,0.692,0.692,0.692,0.692,0.692,0.692,0.692,0.692,0.692,0.692,0.692,0.692,0.692,0.703
RGI60-16.02347,1.335,1.335,1.335,1.335,1.335,1.335,1.335,1.335,1.335,1.335,1.335,1.335,1.335,1.335,1.335,1.335,0.921,0.921,0.921,1.029,1.029,1.029,1.029,1.029,1.029,1.029,1.029,1.026,1.026,0.754,0.752,0.752,0.752,0.752,0.752,0.752,0.752,0.752,0.752,0.752,0.752,0.752,0.752,0.752,0.752,0.752,0.752,0.752,0.752,0.762
RGI60-16.02348,1.245,1.245,1.245,1.245,1.245,1.245,1.245,1.245,1.245,1.245,1.245,1.245,1.245,1.245,1.245,1.245,0.785,0.785,0.785,0.909,0.909,0.909,0.909,0.909,0.909,0.909,0.909,0.907,0.907,0.58,0.578,0.578,0.578,0.577,0.577,0.577,0.577,0.577,0.577,0.577,0.577,0.577,0.577,0.577,0.578,0.577,0.577,0.577,0.578,0.59
RGI60-16.02349,1.295,1.295,1.295,1.295,1.295,1.295,1.295,1.295,1.295,1.295,1.295,1.295,1.295,1.295,1.295,1.295,0.863,0.863,0.863,0.977,0.977,0.977,0.977,0.977,0.977,0.977,0.977,0.974,0.974,0.669,0.667,0.667,0.667,0.667,0.667,0.667,0.667,0.667,0.667,0.667,0.667,0.667,0.667,0.667,0.667,0.667,0.667,0.667,0.667,0.677
RGI60-16.02350,1.336,1.336,1.336,1.336,1.336,1.336,1.336,1.336,1.336,1.336,1.336,1.336,1.336,1.336,1.336,1.336,0.923,0.923,0.923,1.03,1.03,1.03,1.03,1.03,1.03,1.03,1.03,1.028,1.028,0.742,0.74,0.74,0.74,0.74,0.74,0.74,0.74,0.74,0.74,0.74,0.74,0.74,0.74,0.74,0.74,0.74,0.74,0.74,0.74,0.748
RGI60-16.02351,1.402,1.402,1.402,1.402,1.402,1.402,1.402,1.402,1.402,1.402,1.402,1.402,1.402,1.402,1.402,1.402,1.015,1.015,1.015,1.114,1.114,1.114,1.114,1.114,1.114,1.114,1.114,1.112,1.112,0.874,0.873,0.873,0.873,0.872,0.872,0.872,0.872,0.872,0.872,0.872,0.872,0.872,0.872,0.872,0.873,0.872,0.872,0.872,0.873,0.882
RGI60-16.02352,1.242,1.242,1.242,1.242,1.242,1.242,1.242,1.242,1.242,1.242,1.242,1.242,1.242,1.242,1.242,1.242,0.781,0.781,0.781,0.905,0.905,0.905,0.905,0.905,0.905,0.905,0.905,0.903,0.903,0.553,0.551,0.551,0.551,0.55,0.55,0.55,0.55,0.55,0.55,0.55,0.55,0.55,0.55,0.55,0.551,0.55,0.55,0.55,0.551,0.562
RGI60-16.02353,1.242,1.242,1.242,1.242,1.242,1.242,1.242,1.242,1.242,1.242,1.242,1.242,1.242,1.242,1.242,1.242,0.782,0.782,0.782,0.906,0.906,0.906,0.906,0.906,0.906,0.906,0.906,0.903,0.903,0.531,0.529,0.529,0.529,0.529,0.529,0.529,0.529,0.529,0.529,0.529,0.529,0.529,0.529,0.529,0.529,0.529,0.529,0.529,0.529,0.538
RGI60-16.02354,1.243,1.243,1.243,1.243,1.243,1.243,1.243,1.243,1.243,1.243,1.243,1.243,1.243,1.243,1.243,1.243,0.783,0.783,0.783,0.907,0.907,0.907,0.907,0.907,0.907,0.907,0.907,0.904,0.904,0.554,0.552,0.552,0.552,0.551,0.551,0.551,0.551,0.551,0.551,0.551,0.551,0.551,0.551,0.551,0.552,0.551,0.551,0.551,0.552,0.563
RGI60-16.02355,1.247,1.247,1.247,1.247,1.247,1.247,1.247,1.247,1.247,1.247,1.247,1.247,1.247,1.247,1.247,1.247,0.788,0.788,0.788,0.912,0.912,0.912,0.912,0.912,0.912,0.912,0.912,0.909,0.909,0.588,0.586,0.586,0.586,0.585,0.585,0.585,0.585,0.585,0.585,0.585,0.585,0.585,0.585,0.585,0.586,0.585,0.585,0.585,0.586,0.599
RGI60-16.02356,1.244,1.244,1.244,1.244,1.244,1.244,1.244,1.244,1.244,1.244,1.244,1.244,1.244,1.244,1.244,1.244,0.784,0.784,0.784,0.908,0.908,0.908,0.908,0.908,0.908,0.908,0.908,0.905,0.905,0.562,0.56,0.56,0.56,0.56,0.56,0.56,0.56,0.56,0.56,0.56,0.56,0.56,0.56,0.56,0.56,0.56,0.56,0.56,0.56,0.571
RGI60-16.02357,1.243,1.243,1.243,1.243,1.243,1.243,1.243,1.243,1.243,1.243,1.243,1.243,1.243,1.243,1.243,1.243,0.783,0.783,0.783,0.907,0.907,0.907,0.907,0.907,0.907,0.907,0.907,0.904,0.904,0.585,0.583,0.583,0.583,0.582,0.582,0.582,0.582,0.582,0.582,0.582,0.582,0.582,0.582,0.582,0.583,0.582,0.582,0.582,0.583,0.596
RGI60-16.02358,1.244,1.244,1.244,1.244,1.244,1.244,1.244,1.244,1.244,1.244,1.244,1.244,1.244,1.244,1.244,1.244,0.786,0.786,0.786,0.908,0.908,0.908,0.908,0.908,0.908,0.908,0.908,0.906,0.906,0.515,0.514,0.514,0.514,0.514,0.514,0.514,0.514,0.514,0.514,0.514,0.514,0.514,0.514,0.514,0.514,0.514,0.514,0.514,0.514,0.522
RGI60-16.02359,1.246,1.246,1.246,1.246,1.246,1.246,1.246,1.246,1.246,1.246,1.246,1.246,1.246,1.246,1.246,1.246,0.788,0.788,0.788,0.911,0.911,0.911,0.911,0.911,0.911,0.911,0.911,0.908,0.908,0.527,0.526,0.526,0.526,0.526,0.526,0.526,0.526,0.526,0.526,0.526,0.526,0.526,0.526,0.526,0.526,0.526,0.526,0.526,0.526,0.534
RGI60-16.02360,1.24,1.24,1.24,1.24,1.24,1.24,1.24,1.24,1.24,1.24,1.24,1.24,1.24,1.24,1.24,1.24,0.777,0.777,0.777,0.902,0.902,0.902,0.902,0.902,0.902,0.902,0.902,0.9,0.9,0.559,0.557,0.557,0.557,0.556,0.556,0.556,0.556,0.556,0.556,0.556,0.556,0.556,0.556,0.556,0.557,0.556,0.556,0.556,0.557,0.569
RGI60-16.02361,1.244,1.244,1.244,1.244,1.244,1.244,1.244,1.244,1.244,1.244,1.244,1.244,1.244,1.244,1.244,1.244,0.783,0.783,0.783,0.907,0.907,0.907,0.907,0.907,0.907,0.907,0.907,0.905,0.905,0.575,0.573,0.573,0.573,0.573,0.573,0.573,0.573,0.573,0.573,0.573,0.573,0.573,0.573,0.573,0.573,0.573,0.573,0.573,0.573,0.586
RGI60-16.02362,1.28,1.28,1.28,1.28,1.28,1.28,1.28,1.28,1.28,1.28,1.28,1.28,1.28,1.28,1.28,1.28,0.699,0.699,0.699,0.838,0.838,0.838,0.838,0.838,0.838,0.838,0.838,0.831,0.831,0.723,0.712,0.712,0.712,0.706,0.706,0.706,0.706,0.706,0.706,0.706,0.706,0.706,0.706,0.706,0.712,0.706,0.706,0.706,0.711,0.866
RGI60-16.02363,1.44,1.44,1.44,1.44,1.44,1.44,1.44,1.44,1.44,1.44,1.44,1.44,1.44,1.44,1.44,1.44,1.069,1.069,1.069,1.162,1.162,1.162,1.162,1.162,1.162,1.162,1.162,1.16,1.16,0.895,0.894,0.894,0.894,0.894,0.894,0.894,0.894,0.894,0.894,0.894,0.894,0.894,0.894,0.894,0.894,0.894,0.894,0.894,0.894,0.899
RGI60-16.02364,1.242,1.242,1.242,1.242,1.242,1.242,1.242,1.242,1.242,1.242,1.242,1.242,1.242,1.242,1.242,1.242,0.783,0.783,0.783,0.906,0.906,0.906,0.906,0.906,0.906,0.906,0.906,0.903,0.903,0.503,0.502,0.502,0.502,0.501,0.501,0.501,0.501,0.501,0.501,0.501,0.501,0.501,0.501,0.501,0.502,0.501,0.501,0.501,0.502,0.509
RGI60-16.02365,1.302,1.302,1.302,1.302,1.302,1.302,1.302,1.302,1.302,1.302,1.302,1.302,1.302,1.302,1.302,1.302,0.874,0.874,0.874,0.986,0.986,0.986,0.986,0.986,0.986,0.986,0.986,0.983,0.983,0.649,0.648,0.648,0.648,0.648,0.648,0.648,0.648,0.648,0.648,0.648,0.648,0.648,0.648,0.648,0.648,0.648,0.648,0.648,0.648,0.655
RGI60-16.02366,1.296,1.296,1.296,1.296,1.296,1.296,1.296,1.296,1.296,1.296,1.296,1.296,1.296,1.296,1.296,1.296,0.865,0.865,0.865,0.978,0.978,0.978,0.978,0.978,0.978,0.978,0.978,0.975,0.975,0.635,0.634,0.634,0.634,0.633,0.633,0.633,0.633,0.633,0.633,0.633,0.633,0.633,0.633,0.633,0.634,0.633,0.633,0.633,0.634,0.64
RGI60-16.02367,1.26,1.26,1.26,1.26,1.26,1.26,1.26,1.26,1.26,1.26,1.26,1.26,1.26,1.26,1.26,1.26,0.811,0.811,0.811,0.93,0.93,0.93,0.93,0.93,0.93,0.93,0.93,0.927,0.927,0.541,0.54,0.54,0.54,0.54,0.54,0.54,0.54,0.54,0.54,0.54,0.54,0.54,0.54,0.54,0.54,0.54,0.54,0.54,0.54,0.547
RGI60-16.02368,1.295,1.295,1.295,1.295,1.295,1.295,1.295,1.295,1.295,1.295,1.295,1.295,1.295,1.295,1.295,1.295,0.864,0.864,0.864,0.977,0.977,0.977,0.977,0.977,0.977,0.977,0.977,0.974,0.974,0.632,0.631,0.631,0.631,0.63,0.63,0.63,0.63,0.63,0.63,0.63,0.63,0.63,0.63,0.63,0.631,0.63,0.63,0.63,0.631,0.637
RGI60-16.02369,1.26,1.26,1.26,1.26,1.26,1.26,1.26,1.26,1.26,1.26,1.26,1.26,1.26,1.26,1.26,1.26,0.811,0.811,0.811,0.93,0.93,0.93,0.93,0.93,0.93,0.93,0.93,0.927,0.927,0.558,0.556,0.556,0.556,0.556,0.556,0.556,0.556,0.556,0.556,0.556,0.556,0.556,0.556,0.556,0.556,0.556,0.556,0.556,0.556,0.564
RGI60-16.02370,1.27,1.27,1.27,1.27,1.27,1.27,1.27,1.27,1.27,1.27,1.27,1.27,1.27,1.27,1.27,1.27,0.827,0.827,0.827,0.944,0.944,0.944,0.944,0.944,0.944,0.944,0.944,0.941,0.941,0.567,0.566,0.566,0.566,0.566,0.566,0.566,0.566,0.566,0.566,0.566,0.566,0.566,0.566,0.566,0.566,0.566,0.566,0.566,0.566,0.573
RGI60-16.02371,1.285,1.285,1.285,1.285,1.285,1.285,1.285,1.285,1.285,1.285,1.285,1.285,1.285,1.285,1.285,1.285,0.849,0.849,0.849,0.963,0.963,0.963,0.963,0.963,0.963,0.963,0.963,0.961,0.961,0.609,0.608,0.608,0.608,0.608,0.608,0.608,0.608,0.608,0.608,0.608,0.608,0.608,0.608,0.608,0.608,0.608,0.608,0.608,0.608,0.615
RGI60-16.02372,1.421,1.421,1.421,1.421,1.421,1.421,1.421,1.421,1.421,1.421,1.421,1.421,1.421,1.421,1.421,1.421,1.043,1.043,1.043,1.138,1.138,1.138,1.138,1.138,1.138,1.138,1.138,1.136,1.136,0.843,0.843,0.843,0.843,0.842,0.842,0.842,0.842,0.842,0.842,0.842,0.842,0.842,0.842,0.842,0.843,0.842,0.842,0.842,0.843,0.846
RGI60-16.02373,1.277,1.277,1.277,1.277,1.277,1.277,1.277,1.277,1.277,1.277,1.277,1.277,1.277,1.277,1.277,1.277,0.837,0.837,0.837,0.952,0.952,0.952,0.952,0.952,0.952,0.952,0.952,0.95,0.95,0.563,0.562,0.562,0.562,0.561,0.561,0.561,0.561,0.561,0.561,0.561,0.561,0.561,0.561,0.561,0.562,0.561,0.561,0.561,0.562,0.567
RGI60-16.02374,1.289,1.289,1.289,1.289,1.289,1.289,1.289,1.289,1.289,1.289,1.289,1.289,1.289,1.289,1.289,1.289,0.855,0.855,0.855,0.969,0.969,0.969,0.969,0.969,0.969,0.969,0.969,0.966,0.966,0.618,0.617,0.617,0.617,0.617,0.617,0.617,0.617,0.617,0.617,0.617,0.617,0.617,0.617,0.617,0.617,0.617,0.617,0.617,0.617,0.624
RGI60-16.02375,1.365,1.365,1.365,1.365,1.365,1.365,1.365,1.365,1.365,1.365,1.365,1.365,1.365,1.365,1.365,1.365,0.966,0.966,0.966,1.067,1.067,1.067,1.067,1.067,1.067,1.067,1.067,1.065,1.065,0.74,0.739,0.739,0.739,0.739,0.739,0.739,0.739,0.739,0.739,0.739,0.739,0.739,0.739,0.739,0.739,0.739,0.739,0.739,0.739,0.743
RGI60-16.02376,1.242,1.242,1.242,1.242,1.242,1.242,1.242,1.242,1.242,1.242,1.242,1.242,1.242,1.242,1.242,1.242,0.782,0.782,0.782,0.905,0.905,0.905,0.905,0.905,0.905,0.905,0.905,0.902,0.902,0.482,0.481,0.481,0.481,0.481,0.481,0.481,0.481,0.481,0.481,0.481,0.481,0.481,0.481,0.481,0.481,0.481,0.481,0.481,0.481,0.488
RGI60-16.02377,1.298,1.298,1.298,1.298,1.298,1.298,1.298,1.298,1.298,1.298,1.298,1.298,1.298,1.298,1.298,1.298,0.869,0.869,0.869,0.981,0.981,0.981,0.981,0.981,0.981,0.981,0.981,0.979,0.979,0.619,0.618,0.618,0.618,0.618,0.618,0.618,0.618,0.618,0.618,0.618,0.618,0.618,0.618,0.618,0.618,0.618,0.618,0.618,0.618,0.623
RGI60-16.02378,1.272,1.272,1.272,1.272,1.272,1.272,1.272,1.272,1.272,1.272,1.272,1.272,1.272,1.272,1.272,1.272,0.83,0.83,0.83,0.946,0.946,0.946,0.946,0.946,0.946,0.946,0.946,0.944,0.944,0.586,0.585,0.585,0.585,0.584,0.584,0.584,0.584,0.584,0.584,0.584,0.584,0.584,0.584,0.584,0.585,0.584,0.584,0.584,0.585,0.592
RGI60-16.02379,1.307,1.307,1.307,1.307,1.307,1.307,1.307,1.307,1.307,1.307,1.307,1.307,1.307,1.307,1.307,1.307,0.882,0.882,0.882,0.992,0.992,0.992,0.992,0.992,0.992,0.992,0.992,0.99,0.99,0.631,0.63,0.63,0.63,0.63,0.63,0.63,0.63,0.63,0.63,0.63,0.63,0.63,0.63,0.63,0.63,0.63,0.63,0.63,0.63,0.635
RGI60-16.02380,1.501,1.501,1.501,1.501,1.501,1.501,1.501,1.501,1.501,1.501,1.501,1.501,1.501,1.501,1.501,1.501,1.15,1.15,1.15,1.237,1.237,1.237,1.237,1.237,1.237,1.237,1.237,1.235,1.235,0.985,0.985,0.985,0.985,0.984,0.984,0.984,0.984,0.984,0.984,0.984,0.984,0.984,0.984,0.984,0.985,0.984,0.984,0.984,0.985,0.989
RGI60-16.02381,1.43,1.43,1.43,1.43,1.43,1.43,1.43,1.43,1.43,1.43,1.43,1.43,1.43,1.43,1.43,1.43,1.056,1.056,1.056,1.15,1.15,1.15,1.15,1.15,1.15,1.15,1.15,1.148,1.148,0.861,0.861,0.861,0.861,0.861,0.861,0.861,0.861,0.861,0.861,0.861,0.861,0.861,0.861,0.861,0.861,0.861,0.861,0.861,0.861,0.865
RGI60-16.02382,1.242,1.242,1.242,1.242,1.242,1.242,1.242,1.242,1.242,1.242,1.242,1.242,1.242,1.242,1.242,1.242,0.783,0.783,0.783,0.906,0.906,0.906,0.906,0.906,0.906,0.906,0.906,0.903,0.903,0.485,0.484,0.484,0.484,0.484,0.484,0.484,0.484,0.484,0.484,0.484,0.484,0.484,0.484,0.484,0.484,0.484,0.484,0.484,0.484,0.491
RGI60-16.02383,1.246,1.246,1.246,1.246,1.246,1.246,1.246,1.246,1.246,1.246,1.246,1.246,1.246,1.246,1.246,1.246,0.789,0.789,0.789,0.911,0.911,0.911,0.911,0.911,0.911,0.911,0.911,0.908,0.908,0.503,0.502,0.502,0.502,0.502,0.502,0.502,0.502,0.502,0.502,0.502,0.502,0.502,0.502,0.502,0.502,0.502,0.502,0.502,0.502,0.509
RGI60-16.02384,1.419,1.419,1.419,1.419,1.419,1.419,1.419,1.419,1.419,1.419,1.419,1.419,1.419,1.419,1.419,1.419,1.041,1.041,1.041,1.136,1.136,1.136,1.136,1.136,1.136,1.136,1.136,1.134,1.134,0.846,0.846,0.846,0.846,0.846,0.846,0.846,0.846,0.846,0.846,0.846,0.846,0.846,0.846,0.846,0.846,0.846,0.846,0.846,0.846,0.85
RGI60-16.02385,1.248,1.248,1.248,1.248,1.248,1.248,1.248,1.248,1.248,1.248,1.248,1.248,1.248,1.248,1.248,1.248,0.792,0.792,0.792,0.913,0.913,0.913,0.913,0.913,0.913,0.913,0.913,0.911,0.911,0.527,0.526,0.526,0.526,0.525,0.525,0.525,0.525,0.525,0.525,0.525,0.525,0.525,0.525,0.525,0.526,0.525,0.525,0.525,0.526,0.533
RGI60-16.02386,1.595,1.595,1.595,1.595,1.595,1.595,1.595,1.595,1.595,1.595,1.595,1.595,1.595,1.595,1.595,1.595,1.27,1.27,1.27,1.349,1.349,1.349,1.349,1.349,1.349,1.349,1.349,1.347,1.347,1.123,1.122,1.122,1.122,1.122,1.122,1.122,1.122,1.122,1.122,1.122,1.122,1.122,1.122,1.122,1.122,1.122,1.122,1.122,1.122,1.126
RGI60-16.02387,1.254,1.254,1.254,1.254,1.254,1.254,1.254,1.254,1.254,1.254,1.254,1.254,1.254,1.254,1.254,1.254,0.801,0.801,0.801,0.921,0.921,0.921,0.921,0.921,0.921,0.921,0.921,0.919,0.919,0.538,0.536,0.536,0.536,0.536,0.536,0.536,0.536,0.536,0.536,0.536,0.536,0.536,0.536,0.536,0.536,0.536,0.536,0.536,0.536,0.544
RGI60-16.02388,1.255,1.255,1.255,1.255,1.255,1.255,1.255,1.255,1.255,1.255,1.255,1.255,1.255,1.255,1.255,1.255,0.803,0.803,0.803,0.922,0.922,0.922,0.922,0.922,0.922,0.922,0.922,0.92,0.92,0.524,0.523,0.523,0.523,0.523,0.523,0.523,0.523,0.523,0.523,0.523,0.523,0.523,0.523,0.523,0.523,0.523,0.523,0.523,0.523,0.529
RGI60-16.02389,1.263,1.263,1.263,1.263,1.263,1.263,1.263,1.263,1.263,1.263,1.263,1.263,1.263,1.263,1.263,1.263,0.816,0.816,0.816,0.934,0.934,0.934,0.934,0.934,0.934,0.934,0.934,0.931,0.931,0.537,0.536,0.536,0.536,0.536,0.536,0.536,0.536,0.536,0.536,0.536,0.536,0.536,0.536,0.536,0.536,0.536,0.536,0.536,0.536,0.542
RGI60-16.02390,1.265,1.265,1.265,1.265,1.265,1.265,1.265,1.265,1.265,1.265,1.265,1.265,1.265,1.265,1.265,1.265,0.818,0.818,0.818,0.936,0.936,0.936,0.936,0.936,0.936,0.936,0.936,0.933,0.933,0.561,0.56,0.56,0.56,0.559,0.559,0.559,0.559,0.559,0.559,0.559,0.559,0.559,0.559,0.559,0.56,0.559,0.559,0.559,0.56,0.567
RGI60-16.02391,1.246,1.246,1.246,1.246,1.246,1.246,1.246,1.246,1.246,1.246,1.246,1.246,1.246,1.246,1.246,1.246,0.788,0.788,0.788,0.91,0.91,0.91,0.91,0.91,0.91,0.91,0.91,0.908,0.908,0.508,0.507,0.507,0.507,0.506,0.506,0.506,0.506,0.506,0.506,0.506,0.506,0.506,0.506,0.506,0.507,0.506,0.506,0.506,0.507,0.514
RGI60-16.02392,1.639,1.639,1.639,1.639,1.639,1.639,1.639,1.639,1.639,1.639,1.639,1.639,1.639,1.639,1.639,1.639,1.325,1.325,1.325,1.401,1.401,1.401,1.401,1.401,1.401,1.401,1.401,1.4,1.4,1.171,1.171,1.171,1.171,1.17,1.17,1.17,1.17,1.17,1.17,1.17,1.17,1.17,1.17,1.17,1.171,1.17,1.17,1.17,1.171,1.173
RGI60-16.02393,1.445,1.445,1.445,1.445,1.445,1.445,1.445,1.445,1.445,1.445,1.445,1.445,1.445,1.445,1.445,1.445,1.076,1.076,1.076,1.168,1.168,1.168,1.168,1.168,1.168,1.168,1.168,1.166,1.166,0.875,0.874,0.874,0.874,0.874,0.874,0.874,0.874,0.874,0.874,0.874,0.874,0.874,0.874,0.874,0.874,0.874,0.874,0.874,0.874,0.877
RGI60-16.02394,1.24,1.24,1.24,1.24,1.24,1.24,1.24,1.24,1.24,1.24,1.24,1.24,1.24,1.24,1.24,1.24,0.78,0.78,0.78,0.903,0.903,0.903,0.903,0.903,0.903,0.903,0.903,0.9,0.9,0.459,0.458,0.458,0.458,0.457,0.457,0.457,0.457,0.457,0.457,0.457,0.457,0.457,0.457,0.457,0.458,0.457,0.457,0.457,0.458,0.463
RGI60-16.02395,2.391,2.391,2.391,2.391,2.391,2.391,2.391,2.391,2.391,2.391,2.391,2.391,2.391,2.391,2.391,2.391,2.187,2.187,2.187,2.234,2.234,2.234,2.234,2.234,2.234,2.234,2.234,2.233,2.233,2.099,2.099,2.099,2.099,2.099,2.099,2.099,2.099,2.099,2.099,2.099,2.099,2.099,2.099,2.099,2.099,2.099,2.099,2.099,2.099,2.101
RGI60-16.02396,1.248,1.248,1.248,1.248,1.248,1.248,1.248,1.248,1.248,1.248,1.248,1.248,1.248,1.248,1.248,1.248,0.792,0.792,0.792,0.913,0.913,0.913,0.913,0.913,0.913,0.913,0.913,0.911,0.911,0.497,0.496,0.496,0.496,0.496,0.496,0.496,0.496,0.496,0.496,0.496,0.496,0.496,0.496,0.496,0.496,0.496,0.496,0.496,0.496,0.502
RGI60-16.02397,1.258,1.258,1.258,1.258,1.258,1.258,1.258,1.258,1.258,1.258,1.258,1.258,1.258,1.258,1.258,1.258,0.807,0.807,0.807,0.926,0.926,0.926,0.926,0.926,0.926,0.926,0.926,0.924,0.924,0.519,0.518,0.518,0.518,0.518,0.518,0.518,0.518,0.518,0.518,0.518,0.518,0.518,0.518,0.518,0.518,0.518,0.518,0.518,0.518,0.524
RGI60-16.02398,2.79,2.79,2.79,2.79,2.79,2.79,2.79,2.79,2.79,2.79,2.79,2.79,2.79,2.79,2.79,2.79,2.618,2.618,2.618,2.657,2.657,2.657,2.657,2.657,2.657,2.657,2.657,2.656,2.656,2.544,2.543,2.543,2.543,2.543,2.543,2.543,2.543,2.543,2.543,2.543,2.543,2.543,2.543,2.543,2.543,2.543,2.543,2.543,2.543,2.545
RGI60-16.02399,1.274,1.274,1.274,1.274,1.274,1.274,1.274,1.274,1.274,1.274,1.274,1.274,1.274,1.274,1.274,1.274,0.833,0.833,0.833,0.949,0.949,0.949,0.949,0.949,0.949,0.949,0.949,0.946,0.946,0.528,0.528,0.528,0.528,0.527,0.527,0.527,0.527,0.527,0.527,0.527,0.527,0.527,0.527,0.527,0.528,0.527,0.527,0.527,0.528,0.532
RGI60-16.02400,1.263,1.263,1.263,1.263,1.263,1.263,1.263,1.263,1.263,1.263,1.263,1.263,1.263,1.263,1.263,1.263,0.816,0.816,0.816,0.934,0.934,0.934,0.934,0.934,0.934,0.934,0.934,0.932,0.932,0.491,0.491,0.491,0.491,0.491,0.491,0.491,0.491,0.491,0.491,0.491,0.491,0.491,0.491,0.491,0.491,0.491,0.491,0.491,0.491,0.495
RGI60-16.02401,1.473,1.473,1.473,1.473,1.473,1.473,1.473,1.473,1.473,1.473,1.473,1.473,1.473,1.473,1.473,1.473,1.113,1.113,1.113,1.202,1.202,1.202,1.202,1.202,1.202,1.202,1.202,1.2,1.2,0.899,0.899,0.899,0.899,0.899,0.899,0.899,0.899,0.899,0.899,0.899,0.899,0.899,0.899,0.899,0.899,0.899,0.899,0.899,0.899,0.901
RGI60-16.02402,1.28,1.28,1.28,1.28,1.28,1.28,1.28,1.28,1.28,1.28,1.28,1.28,1.28,1.28,1.28,1.28,0.842,0.842,0.842,0.956,0.956,0.956,0.956,0.956,0.956,0.956,0.956,0.954,0.954,0.544,0.544,0.544,0.544,0.543,0.543,0.543,0.543,0.543,0.543,0.543,0.543,0.543,0.543,0.543,0.544,0.543,0.543,0.543,0.544,0.548
RGI60-16.02403,1.261,1.261,1.261,1.261,1.261,1.261,1.261,1.261,1.261,1.261,1.261,1.261,1.261,1.261,1.261,1.261,0.813,0.813,0.813,0.931,0.931,0.931,0.931,0.931,0.931,0.931,0.931,0.929,0.929,0.51,0.509,0.509,0.509,0.509,0.509,0.509,0.509,0.509,0.509,0.509,0.509,0.509,0.509,0.509,0.509,0.509,0.509,0.509,0.509,0.514
RGI60-16.02404,1.269,1.269,1.269,1.269,1.269,1.269,1.269,1.269,1.269,1.269,1.269,1.269,1.269,1.269,1.269,1.269,0.825,0.825,0.825,0.942,0.942,0.942,0.942,0.942,0.942,0.942,0.942,0.939,0.939,0.516,0.515,0.515,0.515,0.515,0.515,0.515,0.515,0.515,0.515,0.515,0.515,0.515,0.515,0.515,0.515,0.515,0.515,0.515,0.515,0.519
RGI60-16.02405,1.292,1.292,1.292,1.292,1.292,1.292,1.292,1.292,1.292,1.292,1.292,1.292,1.292,1.292,1.292,1.292,0.861,0.861,0.861,0.973,0.973,0.973,0.973,0.973,0.973,0.973,0.973,0.971,0.971,0.562,0.562,0.562,0.562,0.561,0.561,0.561,0.561,0.561,0.561,0.561,0.561,0.561,0.561,0.561,0.562,0.561,0.561,0.561,0.562,0.565
RGI60-16.02406,1.986,1.986,1.986,1.986,1.986,1.986,1.986,1.986,1.986,1.986,1.986,1.986,1.986,1.986,1.986,1.986,1.736,1.736,1.736,1.795,1.795,1.795,1.795,1.795,1.795,1.795,1.795,1.794,1.794,1.618,1.618,1.618,1.618,1.618,1.618,1.618,1.618,1.618,1.618,1.618,1.618,1.618,1.618,1.618,1.618,1.618,1.618,1.618,1.618,1.619
RGI60-16.02407,1.321,1.321,1.321,1.321,1.321,1.321,1.321,1.321,1.321,1.321,1.321,1.321,1.321,1.321,1.321,1.321,0.903,0.903,0.903,1.011,1.011,1.011,1.011,1.011,1.011,1.011,1.011,1.009,1.009,0.624,0.624,0.624,0.624,0.624,0.624,0.624,0.624,0.624,0.624,0.624,0.624,0.624,0.624,0.624,0.624,0.624,0.624,0.624,0.624,0.627
RGI60-16.02408,1.313,1.313,1.313,1.313,1.313,1.313,1.313,1.313,1.313,1.313,1.313,1.313,1.313,1.313,1.313,1.313,0.89,0.89,0.89,1.0,1.0,1.0,1.0,1.0,1.0,1.0,1.0,0.998,0.998,0.646,0.645,0.645,0.645,0.645,0.645,0.645,0.645,0.645,0.645,0.645,0.645,0.645,0.645,0.645,0.645,0.645,0.645,0.645,0.645,0.65
RGI60-16.02409,1.241,1.241,1.241,1.241,1.241,1.241,1.241,1.241,1.241,1.241,1.241,1.241,1.241,1.241,1.241,1.241,0.781,0.781,0.781,0.904,0.904,0.904,0.904,0.904,0.904,0.904,0.904,0.901,0.901,0.476,0.475,0.475,0.475,0.474,0.474,0.474,0.474,0.474,0.474,0.474,0.474,0.474,0.474,0.474,0.475,0.474,0.474,0.474,0.475,0.481
RGI60-16.02410,1.242,1.242,1.242,1.242,1.242,1.242,1.242,1.242,1.242,1.242,1.242,1.242,1.242,1.242,1.242,1.242,0.783,0.783,0.783,0.905,0.905,0.905,0.905,0.905,0.905,0.905,0.905,0.903,0.903,0.455,0.455,0.455,0.455,0.454,0.454,0.454,0.454,0.454,0.454,0.454,0.454,0.454,0.454,0.454,0.455,0.454,0.454,0.454,0.455,0.46
RGI60-16.02411,1.241,1.241,1.241,1.241,1.241,1.241,1.241,1.241,1.241,1.241,1.241,1.241,1.241,1.241,1.241,1.241,0.78,0.78,0.78,0.903,0.903,0.903,0.903,0.903,0.903,0.903,0.903,0.901,0.901,0.462,0.461,0.461,0.461,0.46,0.46,0.46,0.46,0.46,0.46,0.46,0.46,0.46,0.46,0.46,0.461,0.46,0.46,0.46,0.461,0.466
RGI60-16.02412,1.256,1.256,1.256,1.256,1.256,1.256,1.256,1.256,1.256,1.256,1.256,1.256,1.256,1.256,1.256,1.256,0.805,0.805,0.805,0.924,0.924,0.924,0.924,0.924,0.924,0.924,0.924,0.922,0.922,0.492,0.492,0.492,0.492,0.491,0.491,0.491,0.491,0.491,0.491,0.491,0.491,0.491,0.491,0.491,0.492,0.491,0.491,0.491,0.492,0.496
RGI60-16.02413,1.258,1.258,1.258,1.258,1.258,1.258,1.258,1.258,1.258,1.258,1.258,1.258,1.258,1.258,1.258,1.258,0.808,0.808,0.808,0.927,0.927,0.927,0.927,0.927,0.927,0.927,0.927,0.924,0.924,0.484,0.483,0.483,0.483,0.483,0.483,0.483,0.483,0.483,0.483,0.483,0.483,0.483,0.483,0.483,0.483,0.483,0.483,0.483,0.483,0.487
RGI60-16.02414,2.604,2.604,2.604,2.604,2.604,2.604,2.604,2.604,2.604,2.604,2.604,2.604,2.604,2.604,2.604,2.604,2.419,2.419,2.419,2.462,2.462,2.462,2.462,2.462,2.462,2.462,2.462,2.461,2.461,2.33,2.33,2.33,2.33,2.33,2.33,2.33,2.33,2.33,2.33,2.33,2.33,2.33,2.33,2.33,2.33,2.33,2.33,2.33,2.33,2.331
RGI60-16.02415,1.28,1.28,1.28,1.28,1.28,1.28,1.28,1.28,1.28,1.28,1.28,1.28,1.28,1.28,1.28,1.28,0.699,0.699,0.699,0.838,0.838,0.838,0.838,0.838,0.838,0.838,0.838,0.831,0.831,0.723,0.712,0.712,0.712,0.706,0.706,0.706,0.706,0.706,0.706,0.706,0.706,0.706,0.706,0.706,0.712,0.706,0.706,0.706,0.711,0.866
RGI60-16.02416,1.256,1.256,1.256,1.256,1.256,1.256,1.256,1.256,1.256,1.256,1.256,1.256,1.256,1.256,1.256,1.256,0.805,0.805,0.805,0.925,0.925,0.925,0.925,0.925,0.925,0.925,0.925,0.922,0.922,0.482,0.481,0.481,0.481,0.481,0.481,0.481,0.481,0.481,0.481,0.481,0.481,0.481,0.481,0.481,0.481,0.481,0.481,0.481,0.481,0.485
RGI60-16.02417,1.51,1.51,1.51,1.51,1.51,1.51,1.51,1.51,1.51,1.51,1.51,1.51,1.51,1.51,1.51,1.51,1.162,1.162,1.162,1.248,1.248,1.248,1.248,1.248,1.248,1.248,1.248,1.246,1.246,0.963,0.963,0.963,0.963,0.963,0.963,0.963,0.963,0.963,0.963,0.963,0.963,0.963,0.963,0.963,0.963,0.963,0.963,0.963,0.963,0.965
RGI60-16.02418,1.244,1.244,1.244,1.244,1.244,1.244,1.244,1.244,1.244,1.244,1.244,1.244,1.244,1.244,1.244,1.244,0.785,0.785,0.785,0.908,0.908,0.908,0.908,0.908,0.908,0.908,0.908,0.905,0.905,0.478,0.477,0.477,0.477,0.477,0.477,0.477,0.477,0.477,0.477,0.477,0.477,0.477,0.477,0.477,0.477,0.477,0.477,0.477,0.477,0.483
RGI60-16.02419,1.244,1.244,1.244,1.244,1.244,1.244,1.244,1.244,1.244,1.244,1.244,1.244,1.244,1.244,1.244,1.244,0.786,0.786,0.786,0.908,0.908,0.908,0.908,0.908,0.908,0.908,0.908,0.906,0.906,0.491,0.49,0.49,0.49,0.49,0.49,0.49,0.49,0.49,0.49,0.49,0.49,0.49,0.49,0.49,0.49,0.49,0.49,0.49,0.49,0.496
RGI60-16.02420,1.241,1.241,1.241,1.241,1.241,1.241,1.241,1.241,1.241,1.241,1.241,1.241,1.241,1.241,1.241,1.241,0.781,0.781,0.781,0.903,0.903,0.903,0.903,0.903,0.903,0.903,0.903,0.901,0.901,0.443,0.443,0.443,0.443,0.442,0.442,0.442,0.442,0.442,0.442,0.442,0.442,0.442,0.442,0.442,0.443,0.442,0.442,0.442,0.443,0.447
RGI60-16.02421,1.25,1.25,1.25,1.25,1.25,1.25,1.25,1.25,1.25,1.25,1.25,1.25,1.25,1.25,1.25,1.25,0.797,0.797,0.797,0.916,0.916,0.916,0.916,0.916,0.916,0.916,0.916,0.914,0.914,0.42,0.419,0.419,0.419,0.419,0.419,0.419,0.419,0.419,0.419,0.419,0.419,0.419,0.419,0.419,0.419,0.419,0.419,0.419,0.419,0.422
RGI60-16.02422,1.255,1.255,1.255,1.255,1.255,1.255,1.255,1.255,1.255,1.255,1.255,1.255,1.255,1.255,1.255,1.255,0.804,0.804,0.804,0.923,0.923,0.923,0.923,0.923,0.923,0.923,0.923,0.92,0.92,0.433,0.432,0.432,0.432,0.432,0.432,0.432,0.432,0.432,0.432,0.432,0.432,0.432,0.432,0.432,0.432,0.432,0.432,0.432,0.432,0.435
RGI60-16.02423,1.27,1.27,1.27,1.27,1.27,1.27,1.27,1.27,1.27,1.27,1.27,1.27,1.27,1.27,1.27,1.27,0.828,0.828,0.828,0.944,0.944,0.944,0.944,0.944,0.944,0.944,0.944,0.941,0.941,0.483,0.482,0.482,0.482,0.482,0.482,0.482,0.482,0.482,0.482,0.482,0.482,0.482,0.482,0.482,0.482,0.482,0.482,0.482,0.482,0.485
RGI60-16.02424,1.817,1.817,1.817,1.817,1.817,1.817,1.817,1.817,1.817,1.817,1.817,1.817,1.817,1.817,1.817,1.817,1.541,1.541,1.541,1.606,1.606,1.606,1.606,1.606,1.606,1.606,1.606,1.605,1.605,1.38,1.38,1.38,1.38,1.38,1.38,1.38,1.38,1.38,1.38,1.38,1.38,1.38,1.38,1.38,1.38,1.38,1.38,1.38,1.38,1.38
RGI60-16.02425,1.264,1.264,1.264,1.264,1.264,1.264,1.264,1.264,1.264,1.264,1.264,1.264,1.264,1.264,1.264,1.264,0.819,0.819,0.819,0.936,0.936,0.936,0.936,0.936,0.936,0.936,0.936,0.933,0.933,0.448,0.447,0.447,0.447,0.447,0.447,0.447,0.447,0.447,0.447,0.447,0.447,0.447,0.447,0.447,0.447,0.447,0.447,0.447,0.447,0.449
RGI60-16.02426,1.344,1.344,1.344,1.344,1.344,1.344,1.344,1.344,1.344,1.344,1.344,1.344,1.344,1.344,1.344,1.344,0.936,0.936,0.936,1.04,1.04,1.04,1.04,1.04,1.04,1.04,1.04,1.038,1.038,0.651,0.65,0.65,0.65,0.65,0.65,0.65,0.65,0.65,0.65,0.65,0.65,0.65,0.65,0.65,0.65,0.65,0.65,0.65,0.65,0.652
RGI60-16.02427,1.529,1.529,1.529,1.529,1.529,1.529,1.529,1.529,1.529,1.529,1.529,1.529,1.529,1.529,1.529,1.529,1.187,1.187,1.187,1.27,1.27,1.27,1.27,1.27,1.27,1.27,1.27,1.269,1.269,0.98,0.979,0.979,0.979,0.979,0.979,0.979,0.979,0.979,0.979,0.979,0.979,0.979,0.979,0.979,0.979,0.979,0.979,0.979,0.979,0.981
RGI60-16.02428,1.268,1.268,1.268,1.268,1.268,1.268,1.268,1.268,1.268,1.268,1.268,1.268,1.268,1.268,1.268,1.268,0.824,0.824,0.824,0.94,0.94,0.94,0.94,0.94,0.94,0.94,0.94,0.938,0.938,0.477,0.476,0.476,0.476,0.476,0.476,0.476,0.476,0.476,0.476,0.476,0.476,0.476,0.476,0.476,0.476,0.476,0.476,0.476,0.476,0.479
RGI60-16.02429,1.302,1.302,1.302,1.302,1.302,1.302,1.302,1.302,1.302,1.302,1.302,1.302,1.302,1.302,1.302,1.302,0.876,0.876,0.876,0.986,0.986,0.986,0.986,0.986,0.986,0.986,0.986,0.984,0.984,0.549,0.548,0.548,0.548,0.548,0.548,0.548,0.548,0.548,0.548,0.548,0.548,0.548,0.548,0.548,0.548,0.548,0.548,0.548,0.548,0.55
RGI60-16.02430,1.325,1.325,1.325,1.325,1.325,1.325,1.325,1.325,1.325,1.325,1.325,1.325,1.325,1.325,1.325,1.325,0.911,0.911,0.911,1.016,1.016,1.016,1.016,1.016,1.016,1.016,1.016,1.014,1.014,0.569,0.569,0.569,0.569,0.569,0.569,0.569,0.569,0.569,0.569,0.569,0.569,0.569,0.569,0.569,0.569,0.569,0.569,0.569,0.569,0.57
RGI60-16.02431,1.384,1.384,1.384,1.384,1.384,1.384,1.384,1.384,1.384,1.384,1.384,1.384,1.384,1.384,1.384,1.384,0.994,0.994,0.994,1.092,1.092,1.092,1.092,1.092,1.092,1.092,1.092,1.09,1.09,0.727,0.726,0.726,0.726,0.726,0.726,0.726,0.726,0.726,0.726,0.726,0.726,0.726,0.726,0.726,0.726,0.726,0.726,0.726,0.726,0.728
RGI60-16.02432,1.321,1.321,1.321,1.321,1.321,1.321,1.321,1.321,1.321,1.321,1.321,1.321,1.321,1.321,1.321,1.321,0.904,0.904,0.904,1.011,1.011,1.011,1.011,1.011,1.011,1.011,1.011,1.009,1.009,0.598,0.598,0.598,0.598,0.598,0.598,0.598,0.598,0.598,0.598,0.598,0.598,0.598,0.598,0.598,0.598,0.598,0.598,0.598,0.598,0.6
RGI60-16.02433,1.243,1.243,1.243,1.243,1.243,1.243,1.243,1.243,1.243,1.243,1.243,1.243,1.243,1.243,1.243,1.243,0.785,0.785,0.785,0.906,0.906,0.906,0.906,0.906,0.906,0.906,0.906,0.904,0.904,0.387,0.387,0.387,0.387,0.387,0.387,0.387,0.387,0.387,0.387,0.387,0.387,0.387,0.387,0.387,0.387,0.387,0.387,0.387,0.387,0.389
RGI60-16.02434,1.246,1.246,1.246,1.246,1.246,1.246,1.246,1.246,1.246,1.246,1.246,1.246,1.246,1.246,1.246,1.246,0.791,0.791,0.791,0.911,0.911,0.911,0.911,0.911,0.911,0.911,0.911,0.909,0.909,0.382,0.381,0.381,0.381,0.381,0.381,0.381,0.381,0.381,0.381,0.381,0.381,0.381,0.381,0.381,0.381,0.381,0.381,0.381,0.381,0.384
RGI60-16.02435,3.203,3.203,3.203,3.203,3.203,3.203,3.203,3.203,3.203,3.203,3.203,3.203,3.203,3.203,3.203,3.203,3.055,3.055,3.055,3.089,3.089,3.089,3.089,3.089,3.089,3.089,3.089,3.088,3.088,2.975,2.975,2.975,2.975,2.975,2.975,2.975,2.975,2.975,2.975,2.975,2.975,2.975,2.975,2.975,2.975,2.975,2.975,2.975,2.975,2.975
RGI60-16.02436,1.255,1.255,1.255,1.255,1.255,1.255,1.255,1.255,1.255,1.255,1.255,1.255,1.255,1.255,1.255,1.255,0.805,0.805,0.805,0.923,0.923,0.923,0.923,0.923,0.923,0.923,0.923,0.921,0.921,0.423,0.423,0.423,0.423,0.423,0.423,0.423,0.423,0.423,0.423,0.423,0.423,0.423,0.423,0.423,0.423,0.423,0.423,0.423,0.423,0.425
RGI60-16.02437,1.247,1.247,1.247,1.247,1.247,1.247,1.247,1.247,1.247,1.247,1.247,1.247,1.247,1.247,1.247,1.247,0.792,0.792,0.792,0.912,0.912,0.912,0.912,0.912,0.912,0.912,0.912,0.909,0.909,0.41,0.41,0.41,0.41,0.409,0.409,0.409,0.409,0.409,0.409,0.409,0.409,0.409,0.409,0.409,0.41,0.409,0.409,0.409,0.41,0.412
RGI60-16.02438,1.254,1.254,1.254,1.254,1.254,1.254,1.254,1.254,1.254,1.254,1.254,1.254,1.254,1.254,1.254,1.254,0.804,0.804,0.804,0.922,0.922,0.922,0.922,0.922,0.922,0.922,0.922,0.92,0.92,0.37,0.369,0.369,0.369,0.369,0.369,0.369,0.369,0.369,0.369,0.369,0.369,0.369,0.369,0.369,0.369,0.369,0.369,0.369,0.369,0.371
RGI60-16.02439,1.255,1.255,1.255,1.255,1.255,1.255,1.255,1.255,1.255,1.255,1.255,1.255,1.255,1.255,1.255,1.255,0.804,0.804,0.804,0.922,0.922,0.922,0.922,0.922,0.922,0.922,0.922,0.92,0.92,0.386,0.386,0.386,0.386,0.386,0.386,0.386,0.386,0.386,0.386,0.386,0.386,0.386,0.386,0.386,0.386,0.386,0.386,0.386,0.386,0.388
RGI60-16.02440,1.263,1.263,1.263,1.263,1.263,1.263,1.263,1.263,1.263,1.263,1.263,1.263,1.263,1.263,1.263,1.263,0.818,0.818,0.818,0.934,0.934,0.934,0.934,0.934,0.934,0.934,0.934,0.932,0.932,0.424,0.424,0.424,0.424,0.424,0.424,0.424,0.424,0.424,0.424,0.424,0.424,0.424,0.424,0.424,0.424,0.424,0.424,0.424,0.424,0.426
RGI60-16.02441,1.252,1.252,1.252,1.252,1.252,1.252,1.252,1.252,1.252,1.252,1.252,1.252,1.252,1.252,1.252,1.252,0.8,0.8,0.8,0.919,0.919,0.919,0.919,0.919,0.919,0.919,0.919,0.916,0.916,0.388,0.388,0.388,0.388,0.388,0.388,0.388,0.388,0.388,0.388,0.388,0.388,0.388,0.388,0.388,0.388,0.388,0.388,0.388,0.388,0.39
RGI60-16.02442,1.319,1.319,1.319,1.319,1.319,1.319,1.319,1.319,1.319,1.319,1.319,1.319,1.319,1.319,1.319,1.319,0.902,0.902,0.902,1.009,1.009,1.009,1.009,1.009,1.009,1.009,1.009,1.007,1.007,0.579,0.579,0.579,0.579,0.579,0.579,0.579,0.579,0.579,0.579,0.579,0.579,0.579,0.579,0.579,0.579,0.579,0.579,0.579,0.579,0.581
RGI60-16.02443,1.258,1.258,1.258,1.258,1.258,1.258,1.258,1.258,1.258,1.258,1.258,1.258,1.258,1.258,1.258,1.258,0.809,0.809,0.809,0.927,0.927,0.927,0.927,0.927,0.927,0.927,0.927,0.924,0.924,0.416,0.416,0.416,0.416,0.415,0.415,0.415,0.415,0.415,0.415,0.415,0.415,0.415,0.415,0.415,0.416,0.415,0.415,0.415,0.416,0.417
RGI60-16.02444,1.243,1.243,1.243,1.243,1.243,1.243,1.243,1.243,1.243,1.243,1.243,1.243,1.243,1.243,1.243,1.243,0.786,0.786,0.786,0.906,0.906,0.906,0.906,0.906,0.906,0.906,0.906,0.904,0.904,0.131,0.131,0.131,0.131,0.131,0.131,0.131,0.131,0.131,0.131,0.131,0.131,0.131,0.131,0.131,0.131,0.131,0.131,0.131,0.131,0.131
RGI60-16.02445,1.269,1.269,1.269,1.269,1.269,1.269,1.269,1.269,1.269,1.269,1.269,1.269,1.269,1.269,1.269,1.269,0.826,0.826,0.826,0.942,0.942,0.942,0.942,0.942,0.942,0.942,0.942,0.94,0.94,0.44,0.44,0.44,0.44,0.44,0.44,0.44,0.44,0.44,0.44,0.44,0.44,0.44,0.44,0.44,0.44,0.44,0.44,0.44,0.44,0.441
RGI60-16.02446,1.251,1.251,1.251,1.251,1.251,1.251,1.251,1.251,1.251,1.251,1.251,1.251,1.251,1.251,1.251,1.251,0.797,0.797,0.797,0.917,0.917,0.917,0.917,0.917,0.917,0.917,0.917,0.915,0.915,0.443,0.442,0.442,0.442,0.442,0.442,0.442,0.442,0.442,0.442,0.442,0.442,0.442,0.442,0.442,0.442,0.442,0.442,0.442,0.442,0.445
RGI60-16.02447,1.634,1.634,1.634,1.634,1.634,1.634,1.634,1.634,1.634,1.634,1.634,1.634,1.634,1.634,1.634,1.634,1.32,1.32,1.32,1.395,1.395,1.395,1.395,1.395,1.395,1.395,1.395,1.394,1.394,1.129,1.129,1.129,1.129,1.129,1.129,1.129,1.129,1.129,1.129,1.129,1.129,1.129,1.129,1.129,1.129,1.129,1.129,1.129,1.129,1.13
RGI60-16.02448,1.264,1.264,1.264,1.264,1.264,1.264,1.264,1.264,1.264,1.264,1.264,1.264,1.264,1.264,1.264,1.264,0.819,0.819,0.819,0.936,0.936,0.936,0.936,0.936,0.936,0.936,0.936,0.933,0.933,0.446,0.446,0.446,0.446,0.445,0.445,0.445,0.445,0.445,0.445,0.445,0.445,0.445,0.445,0.445,0.446,0.445,0.445,0.445,0.446,0.448
RGI60-16.02449,1.645,1.645,1.645,1.645,1.645,1.645,1.645,1.645,1.645,1.645,1.645,1.645,1.645,1.645,1.645,1.645,1.334,1.334,1.334,1.408,1.408,1.408,1.408,1.408,1.408,1.408,1.408,1.407,1.407,1.136,1.136,1.136,1.136,1.136,1.136,1.136,1.136,1.136,1.136,1.136,1.136,1.136,1.136,1.136,1.136,1.136,1.136,1.136,1.136,1.137
RGI60-16.02450,2.358,2.358,2.358,2.358,2.358,2.358,2.358,2.358,2.358,2.358,2.358,2.358,2.358,2.358,2.358,2.358,2.152,2.152,2.152,2.199,2.199,2.199,2.199,2.199,2.199,2.199,2.199,2.198,2.198,2.038,2.038,2.038,2.038,2.038,2.038,2.038,2.038,2.038,2.038,2.038,2.038,2.038,2.038,2.038,2.038,2.038,2.038,2.038,2.038,2.038
RGI60-16.02451,1.274,1.274,1.274,1.274,1.274,1.274,1.274,1.274,1.274,1.274,1.274,1.274,1.274,1.274,1.274,1.274,0.834,0.834,0.834,0.949,0.949,0.949,0.949,0.949,0.949,0.949,0.949,0.946,0.946,0.461,0.461,0.461,0.461,0.461,0.461,0.461,0.461,0.461,0.461,0.461,0.461,0.461,0.461,0.461,0.461,0.461,0.461,0.461,0.461,0.462
RGI60-16.02452,1.278,1.278,1.278,1.278,1.278,1.278,1.278,1.278,1.278,1.278,1.278,1.278,1.278,1.278,1.278,1.278,0.841,0.841,0.841,0.954,0.954,0.954,0.954,0.954,0.954,0.954,0.954,0.952,0.952,0.495,0.495,0.495,0.495,0.495,0.495,0.495,0.495,0.495,0.495,0.495,0.495,0.495,0.495,0.495,0.495,0.495,0.495,0.495,0.495,0.497
RGI60-16.02453,1.397,1.397,1.397,1.397,1.397,1.397,1.397,1.397,1.397,1.397,1.397,1.397,1.397,1.397,1.397,1.397,1.013,1.013,1.013,1.108,1.108,1.108,1.108,1.108,1.108,1.108,1.108,1.106,1.106,0.732,0.732,0.732,0.732,0.732,0.732,0.732,0.732,0.732,0.732,0.732,0.732,0.732,0.732,0.732,0.732,0.732,0.732,0.732,0.732,0.733
RGI60-16.02454,1.254,1.254,1.254,1.254,1.254,1.254,1.254,1.254,1.254,1.254,1.254,1.254,1.254,1.254,1.254,1.254,0.803,0.803,0.803,0.922,0.922,0.922,0.922,0.922,0.922,0.922,0.922,0.919,0.919,0.446,0.446,0.446,0.446,0.446,0.446,0.446,0.446,0.446,0.446,0.446,0.446,0.446,0.446,0.446,0.446,0.446,0.446,0.446,0.446,0.449
RGI60-16.02455,1.274,1.274,1.274,1.274,1.274,1.274,1.274,1.274,1.274,1.274,1.274,1.274,1.274,1.274,1.274,1.274,0.834,0.834,0.834,0.948,0.948,0.948,0.948,0.948,0.948,0.948,0.948,0.946,0.946,0.477,0.477,0.477,0.477,0.477,0.477,0.477,0.477,0.477,0.477,0.477,0.477,0.477,0.477,0.477,0.477,0.477,0.477,0.477,0.477,0.479
RGI60-16.02456,1.274,1.274,1.274,1.274,1.274,1.274,1.274,1.274,1.274,1.274,1.274,1.274,1.274,1.274,1.274,1.274,0.834,0.834,0.834,0.949,0.949,0.949,0.949,0.949,0.949,0.949,0.949,0.946,0.946,0.491,0.49,0.49,0.49,0.49,0.49,0.49,0.49,0.49,0.49,0.49,0.49,0.49,0.49,0.49,0.49,0.49,0.49,0.49,0.49,0.493
RGI60-16.02457,1.247,1.247,1.247,1.247,1.247,1.247,1.247,1.247,1.247,1.247,1.247,1.247,1.247,1.247,1.247,1.247,0.791,0.791,0.791,0.911,0.911,0.911,0.911,0.911,0.911,0.911,0.911,0.909,0.909,0.345,0.344,0.344,0.344,0.344,0.344,0.344,0.344,0.344,0.344,0.344,0.344,0.344,0.344,0.344,0.344,0.344,0.344,0.344,0.344,0.346
RGI60-16.02458,1.4,1.4,1.4,1.4,1.4,1.4,1.4,1.4,1.4,1.4,1.4,1.4,1.4,1.4,1.4,1.4,1.017,1.017,1.017,1.112,1.112,1.112,1.112,1.112,1.112,1.112,1.112,1.11,1.11,0.722,0.722,0.722,0.722,0.722,0.722,0.722,0.722,0.722,0.722,0.722,0.722,0.722,0.722,0.722,0.722,0.722,0.722,0.722,0.722,0.723
RGI60-16.02459,1.69,1.69,1.69,1.69,1.69,1.69,1.69,1.69,1.69,1.69,1.69,1.69,1.69,1.69,1.69,1.69,1.389,1.389,1.389,1.46,1.46,1.46,1.46,1.46,1.46,1.46,1.46,1.459,1.459,1.191,1.191,1.191,1.191,1.191,1.191,1.191,1.191,1.191,1.191,1.191,1.191,1.191,1.191,1.191,1.191,1.191,1.191,1.191,1.191,1.192
RGI60-16.02460,1.268,1.268,1.268,1.268,1.268,1.268,1.268,1.268,1.268,1.268,1.268,1.268,1.268,1.268,1.268,1.268,0.825,0.825,0.825,0.94,0.94,0.94,0.94,0.94,0.94,0.94,0.94,0.938,0.938,0.426,0.426,0.426,0.426,0.426,0.426,0.426,0.426,0.426,0.426,0.426,0.426,0.426,0.426,0.426,0.426,0.426,0.426,0.426,0.426,0.428
RGI60-16.02461,1.307,1.307,1.307,1.307,1.307,1.307,1.307,1.307,1.307,1.307,1.307,1.307,1.307,1.307,1.307,1.307,0.883,0.883,0.883,0.992,0.992,0.992,0.992,0.992,0.992,0.992,0.992,0.99,0.99,0.575,0.575,0.575,0.575,0.575,0.575,0.575,0.575,0.575,0.575,0.575,0.575,0.575,0.575,0.575,0.575,0.575,0.575,0.575,0.575,0.577
RGI60-16.02462,1.848,1.848,1.848,1.848,1.848,1.848,1.848,1.848,1.848,1.848,1.848,1.848,1.848,1.848,1.848,1.848,1.577,1.577,1.577,1.64,1.64,1.64,1.64,1.64,1.64,1.64,1.64,1.639,1.639,1.429,1.429,1.429,1.429,1.429,1.429,1.429,1.429,1.429,1.429,1.429,1.429,1.429,1.429,1.429,1.429,1.429,1.429,1.429,1.429,1.43
RGI60-16.02463,1.343,1.343,1.343,1.343,1.343,1.343,1.343,1.343,1.343,1.343,1.343,1.343,1.343,1.343,1.343,1.343,0.936,0.936,0.936,1.039,1.039,1.039,1.039,1.039,1.039,1.039,1.039,1.037,1.037,0.655,0.655,0.655,0.655,0.655,0.655,0.655,0.655,0.655,0.655,0.655,0.655,0.655,0.655,0.655,0.655,0.655,0.655,0.655,0.655,0.657
RGI60-16.02464,1.399,1.399,1.399,1.399,1.399,1.399,1.399,1.399,1.399,1.399,1.399,1.399,1.399,1.399,1.399,1.399,1.015,1.015,1.015,1.11,1.11,1.11,1.11,1.11,1.11,1.11,1.11,1.109,1.109,0.726,0.726,0.726,0.726,0.726,0.726,0.726,0.726,0.726,0.726,0.726,0.726,0.726,0.726,0.726,0.726,0.726,0.726,0.726,0.726,0.727
RGI60-16.02465,1.334,1.334,1.334,1.334,1.334,1.334,1.334,1.334,1.334,1.334,1.334,1.334,1.334,1.334,1.334,1.334,0.923,0.923,0.923,1.027,1.027,1.027,1.027,1.027,1.027,1.027,1.027,1.025,1.025,0.589,0.589,0.589,0.589,0.589,0.589,0.589,0.589,0.589,0.589,0.589,0.589,0.589,0.589,0.589,0.589,0.589,0.589,0.589,0.589,0.59
RGI60-16.02466,1.394,1.394,1.394,1.394,1.394,1.394,1.394,1.394,1.394,1.394,1.394,1.394,1.394,1.394,1.394,1.394,1.007,1.007,1.007,1.104,1.104,1.104,1.104,1.104,1.104,1.104,1.104,1.102,1.102,0.73,0.73,0.73,0.73,0.729,0.729,0.729,0.729,0.729,0.729,0.729,0.729,0.729,0.729,0.729,0.73,0.729,0.729,0.729,0.73,0.731
RGI60-16.02467,1.289,1.289,1.289,1.289,1.289,1.289,1.289,1.289,1.289,1.289,1.289,1.289,1.289,1.289,1.289,1.289,0.857,0.857,0.857,0.969,0.969,0.969,0.969,0.969,0.969,0.969,0.969,0.967,0.967,0.528,0.528,0.528,0.528,0.528,0.528,0.528,0.528,0.528,0.528,0.528,0.528,0.528,0.528,0.528,0.528,0.528,0.528,0.528,0.528,0.53
RGI60-16.02468,1.325,1.325,1.325,1.325,1.325,1.325,1.325,1.325,1.325,1.325,1.325,1.325,1.325,1.325,1.325,1.325,0.91,0.91,0.91,1.016,1.016,1.016,1.016,1.016,1.016,1.016,1.016,1.014,1.014,0.566,0.566,0.566,0.566,0.566,0.566,0.566,0.566,0.566,0.566,0.566,0.566,0.566,0.566,0.566,0.566,0.566,0.566,0.566,0.566,0.567
RGI60-16.02469,1.328,1.328,1.328,1.328,1.328,1.328,1.328,1.328,1.328,1.328,1.328,1.328,1.328,1.328,1.328,1.328,0.914,0.914,0.914,1.02,1.02,1.02,1.02,1.02,1.02,1.02,1.02,1.018,1.018,0.599,0.599,0.599,0.599,0.599,0.599,0.599,0.599,0.599,0.599,0.599,0.599,0.599,0.599,0.599,0.599,0.599,0.599,0.599,0.599,0.601
RGI60-16.02470,2.065,2.065,2.065,2.065,2.065,2.065,2.065,2.065,2.065,2.065,2.065,2.065,2.065,2.065,2.065,2.065,1.826,1.826,1.826,1.882,1.882,1.882,1.882,1.882,1.882,1.882,1.882,1.88,1.88,1.691,1.691,1.691,1.691,1.691,1.691,1.691,1.691,1.691,1.691,1.691,1.691,1.691,1.691,1.691,1.691,1.691,1.691,1.691,1.691,1.691
RGI60-16.02471,1.442,1.442,1.442,1.442,1.442,1.442,1.442,1.442,1.442,1.442,1.442,1.442,1.442,1.442,1.442,1.442,1.072,1.072,1.072,1.164,1.164,1.164,1.164,1.164,1.164,1.164,1.164,1.162,1.162,0.842,0.842,0.842,0.842,0.842,0.842,0.842,0.842,0.842,0.842,0.842,0.842,0.842,0.842,0.842,0.842,0.842,0.842,0.842,0.842,0.844
RGI60-16.02472,1.275,1.275,1.275,1.275,1.275,1.275,1.275,1.275,1.275,1.275,1.275,1.275,1.275,1.275,1.275,1.275,0.835,0.835,0.835,0.95,0.95,0.95,0.95,0.95,0.95,0.95,0.95,0.948,0.948,0.506,0.506,0.506,0.506,0.506,0.506,0.506,0.506,0.506,0.506,0.506,0.506,0.506,0.506,0.506,0.506,0.506,0.506,0.506,0.506,0.509
RGI60-16.02473,1.402,1.402,1.402,1.402,1.402,1.402,1.402,1.402,1.402,1.402,1.402,1.402,1.402,1.402,1.402,1.402,1.019,1.019,1.019,1.115,1.115,1.115,1.115,1.115,1.115,1.115,1.115,1.113,1.113,0.738,0.738,0.738,0.738,0.738,0.738,0.738,0.738,0.738,0.738,0.738,0.738,0.738,0.738,0.738,0.738,0.738,0.738,0.738,0.738,0.739
RGI60-16.02474,1.249,1.249,1.249,1.249,1.249,1.249,1.249,1.249,1.249,1.249,1.249,1.249,1.249,1.249,1.249,1.249,0.796,0.796,0.796,0.915,0.915,0.915,0.915,0.915,0.915,0.915,0.915,0.913,0.913,0.357,0.356,0.356,0.356,0.356,0.356,0.356,0.356,0.356,0.356,0.356,0.356,0.356,0.356,0.356,0.356,0.356,0.356,0.356,0.356,0.358
RGI60-16.02475,1.31,1.31,1.31,1.31,1.31,1.31,1.31,1.31,1.31,1.31,1.31,1.31,1.31,1.31,1.31,1.31,0.888,0.888,0.888,0.996,0.996,0.996,0.996,0.996,0.996,0.996,0.996,0.994,0.994,0.544,0.544,0.544,0.544,0.544,0.544,0.544,0.544,0.544,0.544,0.544,0.544,0.544,0.544,0.544,0.544,0.544,0.544,0.544,0.544,0.545
RGI60-16.02476,1.281,1.281,1.281,1.281,1.281,1.281,1.281,1.281,1.281,1.281,1.281,1.281,1.281,1.281,1.281,1.281,0.845,0.845,0.845,0.958,0.958,0.958,0.958,0.958,0.958,0.958,0.958,0.956,0.956,0.514,0.514,0.514,0.514,0.514,0.514,0.514,0.514,0.514,0.514,0.514,0.514,0.514,0.514,0.514,0.514,0.514,0.514,0.514,0.514,0.517
RGI60-16.02477,1.381,1.381,1.381,1.381,1.381,1.381,1.381,1.381,1.381,1.381,1.381,1.381,1.381,1.381,1.381,1.381,0.989,0.989,0.989,1.088,1.088,1.088,1.088,1.088,1.088,1.088,1.088,1.086,1.086,0.734,0.733,0.733,0.733,0.733,0.733,0.733,0.733,0.733,0.733,0.733,0.733,0.733,0.733,0.733,0.733,0.733,0.733,0.733,0.733,0.735
RGI60-16.02478,1.28,1.28,1.28,1.28,1.28,1.28,1.28,1.28,1.28,1.28,1.28,1.28,1.28,1.28,1.28,1.28,0.699,0.699,0.699,0.838,0.838,0.838,0.838,0.838,0.838,0.838,0.838,0.831,0.831,0.723,0.712,0.712,0.712,0.706,0.706,0.706,0.706,0.706,0.706,0.706,0.706,0.706,0.706,0.706,0.712,0.706,0.706,0.706,0.711,0.866
RGI60-16.02479,1.337,1.337,1.337,1.337,1.337,1.337,1.337,1.337,1.337,1.337,1.337,1.337,1.337,1.337,1.337,1.337,0.927,0.927,0.927,1.032,1.032,1.032,1.032,1.032,1.032,1.032,1.032,1.03,1.03,0.643,0.643,0.643,0.643,0.643,0.643,0.643,0.643,0.643,0.643,0.643,0.643,0.643,0.643,0.643,0.643,0.643,0.643,0.643,0.643,0.645
RGI60-16.02480,1.242,1.242,1.242,1.242,1.242,1.242,1.242,1.242,1.242,1.242,1.242,1.242,1.242,1.242,1.242,1.242,0.783,0.783,0.783,0.905,0.905,0.905,0.905,0.905,0.905,0.905,0.905,0.902,0.902,0.405,0.405,0.405,0.405,0.404,0.404,0.404,0.404,0.404,0.404,0.404,0.404,0.404,0.404,0.404,0.405,0.404,0.404,0.404,0.405,0.408
RGI60-16.02481,1.25,1.25,1.25,1.25,1.25,1.25,1.25,1.25,1.25,1.25,1.25,1.25,1.25,1.25,1.25,1.25,0.797,0.797,0.797,0.916,0.916,0.916,0.916,0.916,0.916,0.916,0.916,0.914,0.914,0.387,0.386,0.386,0.386,0.386,0.386,0.386,0.386,0.386,0.386,0.386,0.386,0.386,0.386,0.386,0.386,0.386,0.386,0.386,0.386,0.388
RGI60-16.02482,1.246,1.246,1.246,1.246,1.246,1.246,1.246,1.246,1.246,1.246,1.246,1.246,1.246,1.246,1.246,1.246,0.79,0.79,0.79,0.91,0.91,0.91,0.91,0.91,0.91,0.91,0.91,0.908,0.908,0.402,0.401,0.401,0.401,0.401,0.401,0.401,0.401,0.401,0.401,0.401,0.401,0.401,0.401,0.401,0.401,0.401,0.401,0.401,0.401,0.404
RGI60-16.02483,1.247,1.247,1.247,1.247,1.247,1.247,1.247,1.247,1.247,1.247,1.247,1.247,1.247,1.247,1.247,1.247,0.792,0.792,0.792,0.912,0.912,0.912,0.912,0.912,0.912,0.912,0.912,0.91,0.91,0.42,0.42,0.42,0.42,0.419,0.419,0.419,0.419,0.419,0.419,0.419,0.419,0.419,0.419,0.419,0.42,0.419,0.419,0.419,0.42,0.423
RGI60-16.02484,1.971,1.971,1.971,1.971,1.971,1.971,1.971,1.971,1.971,1.971,1.971,1.971,1.971,1.971,1.971,1.971,1.719,1.719,1.719,1.778,1.778,1.778,1.778,1.778,1.778,1.778,1.778,1.776,1.776,1.563,1.563,1.563,1.563,1.563,1.563,1.563,1.563,1.563,1.563,1.563,1.563,1.563,1.563,1.563,1.563,1.563,1.563,1.563,1.563,1.563
RGI60-16.02485,1.253,1.253,1.253,1.253,1.253,1.253,1.253,1.253,1.253,1.253,1.253,1.253,1.253,1.253,1.253,1.253,0.803,0.803,0.803,0.921,0.921,0.921,0.921,0.921,0.921,0.921,0.921,0.918,0.918,0.371,0.37,0.37,0.37,0.37,0.37,0.37,0.37,0.37,0.37,0.37,0.37,0.37,0.37,0.37,0.37,0.37,0.37,0.37,0.37,0.372
RGI60-16.02486,1.252,1.252,1.252,1.252,1.252,1.252,1.252,1.252,1.252,1.252,1.252,1.252,1.252,1.252,1.252,1.252,0.799,0.799,0.799,0.918,0.918,0.918,0.918,0.918,0.918,0.918,0.918,0.916,0.916,0.384,0.383,0.383,0.383,0.383,0.383,0.383,0.383,0.383,0.383,0.383,0.383,0.383,0.383,0.383,0.383,0.383,0.383,0.383,0.383,0.385
RGI60-16.02487,1.249,1.249,1.249,1.249,1.249,1.249,1.249,1.249,1.249,1.249,1.249,1.249,1.249,1.249,1.249,1.249,0.795,0.795,0.795,0.914,0.914,0.914,0.914,0.914,0.914,0.914,0.914,0.912,0.912,0.384,0.384,0.384,0.384,0.383,0.383,0.383,0.383,0.383,0.383,0.383,0.383,0.383,0.383,0.383,0.384,0.383,0.383,0.383,0.384,0.385
RGI60-16.02488,1.255,1.255,1.255,1.255,1.255,1.255,1.255,1.255,1.255,1.255,1.255,1.255,1.255,1.255,1.255,1.255,0.805,0.805,0.805,0.923,0.923,0.923,0.923,0.923,0.923,0.923,0.923,0.92,0.92,0.38,0.38,0.38,0.38,0.38,0.38,0.38,0.38,0.38,0.38,0.38,0.38,0.38,0.38,0.38,0.38,0.38,0.38,0.38,0.38,0.381
RGI60-16.02489,1.273,1.273,1.273,1.273,1.273,1.273,1.273,1.273,1.273,1.273,1.273,1.273,1.273,1.273,1.273,1.273,0.832,0.832,0.832,0.947,0.947,0.947,0.947,0.947,0.947,0.947,0.947,0.944,0.944,0.493,0.493,0.493,0.493,0.493,0.493,0.493,0.493,0.493,0.493,0.493,0.493,0.493,0.493,0.493,0.493,0.493,0.493,0.493,0.493,0.496
RGI60-16.02490,1.457,1.457,1.457,1.457,1.457,1.457,1.457,1.457,1.457,1.457,1.457,1.457,1.457,1.457,1.457,1.457,1.093,1.093,1.093,1.182,1.182,1.182,1.182,1.182,1.182,1.182,1.182,1.181,1.181,0.866,0.866,0.866,0.866,0.866,0.866,0.866,0.866,0.866,0.866,0.866,0.866,0.866,0.866,0.866,0.866,0.866,0.866,0.866,0.866,0.867
RGI60-16.02491,1.373,1.373,1.373,1.373,1.373,1.373,1.373,1.373,1.373,1.373,1.373,1.373,1.373,1.373,1.373,1.373,0.979,0.979,0.979,1.078,1.078,1.078,1.078,1.078,1.078,1.078,1.078,1.076,1.076,0.715,0.714,0.714,0.714,0.714,0.714,0.714,0.714,0.714,0.714,0.714,0.714,0.714,0.714,0.714,0.714,0.714,0.714,0.714,0.714,0.716
RGI60-16.02492,1.379,1.379,1.379,1.379,1.379,1.379,1.379,1.379,1.379,1.379,1.379,1.379,1.379,1.379,1.379,1.379,0.987,0.987,0.987,1.085,1.085,1.085,1.085,1.085,1.085,1.085,1.085,1.083,1.083,0.729,0.728,0.728,0.728,0.728,0.728,0.728,0.728,0.728,0.728,0.728,0.728,0.728,0.728,0.728,0.728,0.728,0.728,0.728,0.728,0.73
RGI60-16.02493,1.527,1.527,1.527,1.527,1.527,1.527,1.527,1.527,1.527,1.527,1.527,1.527,1.527,1.527,1.527,1.527,1.185,1.185,1.185,1.268,1.268,1.268,1.268,1.268,1.268,1.268,1.268,1.266,1.266,0.981,0.98,0.98,0.98,0.98,0.98,0.98,0.98,0.98,0.98,0.98,0.98,0.98,0.98,0.98,0.98,0.98,0.98,0.98,0.98,0.982
RGI60-16.02494,1.31,1.31,1.31,1.31,1.31,1.31,1.31,1.31,1.31,1.31,1.31,1.31,1.31,1.31,1.31,1.31,0.889,0.889,0.889,0.996,0.996,0.996,0.996,0.996,0.996,0.996,0.996,0.994,0.994,0.61,0.61,0.61,0.61,0.609,0.609,0.609,0.609,0.609,0.609,0.609,0.609,0.609,0.609,0.609,0.61,0.609,0.609,0.609,0.61,0.613
RGI60-16.02495,1.265,1.265,1.265,1.265,1.265,1.265,1.265,1.265,1.265,1.265,1.265,1.265,1.265,1.265,1.265,1.265,0.778,0.778,0.778,0.936,0.936,0.936,0.936,0.936,0.936,0.936,0.936,0.931,0.931,0.854,0.848,0.848,0.848,0.846,0.846,0.846,0.846,0.846,0.846,0.846,0.846,0.846,0.846,0.846,0.848,0.846,0.846,0.846,0.848,0.934
RGI60-16.02496,1.352,1.352,1.352,1.352,1.352,1.352,1.352,1.352,1.352,1.352,1.352,1.352,1.352,1.352,1.352,1.352,0.951,0.951,0.951,1.052,1.052,1.052,1.052,1.052,1.052,1.052,1.052,1.049,1.049,0.689,0.688,0.688,0.688,0.688,0.688,0.688,0.688,0.688,0.688,0.688,0.688,0.688,0.688,0.688,0.688,0.688,0.688,0.688,0.688,0.691
RGI60-16.02497,1.245,1.245,1.245,1.245,1.245,1.245,1.245,1.245,1.245,1.245,1.245,1.245,1.245,1.245,1.245,1.245,0.79,0.79,0.79,0.909,0.909,0.909,0.909,0.909,0.909,0.909,0.909,0.907,0.907,0.417,0.417,0.417,0.417,0.416,0.416,0.416,0.416,0.416,0.416,0.416,0.416,0.416,0.416,0.416,0.417,0.416,0.416,0.416,0.417,0.42
RGI60-16.02498,1.44,1.44,1.44,1.44,1.44,1.44,1.44,1.44,1.44,1.44,1.44,1.44,1.44,1.44,1.44,1.44,1.071,1.071,1.071,1.162,1.162,1.162,1.162,1.162,1.162,1.162,1.162,1.16,1.16,0.831,0.831,0.831,0.831,0.831,0.831,0.831,0.831,0.831,0.831,0.831,0.831,0.831,0.831,0.831,0.831,0.831,0.831,0.831,0.831,0.832
RGI60-16.02499,1.653,1.653,1.653,1.653,1.653,1.653,1.653,1.653,1.653,1.653,1.653,1.653,1.653,1.653,1.653,1.653,1.344,1.344,1.344,1.417,1.417,1.417,1.417,1.417,1.417,1.417,1.417,1.416,1.416,1.159,1.159,1.159,1.159,1.159,1.159,1.159,1.159,1.159,1.159,1.159,1.159,1.159,1.159,1.159,1.159,1.159,1.159,1.159,1.159,1.16
RGI60-16.02500,1.276,1.276,1.276,1.276,1.276,1.276,1.276,1.276,1.276,1.276,1.276,1.276,1.276,1.276,1.276,1.276,0.838,0.838,0.838,0.951,0.951,0.951,0.951,0.951,0.951,0.951,0.951,0.949,0.949,0.492,0.491,0.491,0.491,0.491,0.491,0.491,0.491,0.491,0.491,0.491,0.491,0.491,0.491,0.491,0.491,0.491,0.491,0.491,0.491,0.493
RGI60-16.02501,1.292,1.292,1.292,1.292,1.292,1.292,1.292,1.292,1.292,1.292,1.292,1.292,1.292,1.292,1.292,1.292,0.863,0.863,0.863,0.973,0.973,0.973,0.973,0.973,0.973,0.973,0.973,0.971,0.971,0.576,0.576,0.576,0.576,0.576,0.576,0.576,0.576,0.576,0.576,0.576,0.576,0.576,0.576,0.576,0.576,0.576,0.576,0.576,0.576,0.579
RGI60-16.02502,1.34,1.34,1.34,1.34,1.34,1.34,1.34,1.34,1.34,1.34,1.34,1.34,1.34,1.34,1.34,1.34,0.933,0.933,0.933,1.035,1.035,1.035,1.035,1.035,1.035,1.035,1.035,1.033,1.033,0.651,0.65,0.65,0.65,0.65,0.65,0.65,0.65,0.65,0.65,0.65,0.65,0.65,0.65,0.65,0.65,0.65,0.65,0.65,0.65,0.652
RGI60-16.02503,1.269,1.269,1.269,1.269,1.269,1.269,1.269,1.269,1.269,1.269,1.269,1.269,1.269,1.269,1.269,1.269,0.827,0.827,0.827,0.941,0.941,0.941,0.941,0.941,0.941,0.941,0.941,0.939,0.939,0.496,0.496,0.496,0.496,0.495,0.495,0.495,0.495,0.495,0.495,0.495,0.495,0.495,0.495,0.495,0.496,0.495,0.495,0.495,0.496,0.499
RGI60-16.02504,1.267,1.267,1.267,1.267,1.267,1.267,1.267,1.267,1.267,1.267,1.267,1.267,1.267,1.267,1.267,1.267,0.825,0.825,0.825,0.939,0.939,0.939,0.939,0.939,0.939,0.939,0.939,0.937,0.937,0.491,0.491,0.491,0.491,0.491,0.491,0.491,0.491,0.491,0.491,0.491,0.491,0.491,0.491,0.491,0.491,0.491,0.491,0.491,0.491,0.494
RGI60-16.02505,1.348,1.348,1.348,1.348,1.348,1.348,1.348,1.348,1.348,1.348,1.348,1.348,1.348,1.348,1.348,1.348,0.944,0.944,0.944,1.046,1.046,1.046,1.046,1.046,1.046,1.046,1.046,1.044,1.044,0.703,0.702,0.702,0.702,0.702,0.702,0.702,0.702,0.702,0.702,0.702,0.702,0.702,0.702,0.702,0.702,0.702,0.702,0.702,0.702,0.705
RGI60-16.02506,2.427,2.427,2.427,2.427,2.427,2.427,2.427,2.427,2.427,2.427,2.427,2.427,2.427,2.427,2.427,2.427,2.229,2.229,2.229,2.273,2.273,2.273,2.273,2.273,2.273,2.273,2.273,2.272,2.272,2.135,2.135,2.135,2.135,2.135,2.135,2.135,2.135,2.135,2.135,2.135,2.135,2.135,2.135,2.135,2.135,2.135,2.135,2.135,2.135,2.136
RGI60-16.02507,1.447,1.447,1.447,1.447,1.447,1.447,1.447,1.447,1.447,1.447,1.447,1.447,1.447,1.447,1.447,1.447,1.081,1.081,1.081,1.17,1.17,1.17,1.17,1.17,1.17,1.17,1.17,1.169,1.169,0.875,0.875,0.875,0.875,0.874,0.874,0.874,0.874,0.874,0.874,0.874,0.874,0.874,0.874,0.874,0.875,0.874,0.874,0.874,0.875,0.877
RGI60-16.02508,1.247,1.247,1.247,1.247,1.247,1.247,1.247,1.247,1.247,1.247,1.247,1.247,1.247,1.247,1.247,1.247,0.794,0.794,0.794,0.913,0.913,0.913,0.913,0.913,0.913,0.913,0.913,0.91,0.91,0.444,0.443,0.443,0.443,0.443,0.443,0.443,0.443,0.443,0.443,0.443,0.443,0.443,0.443,0.443,0.443,0.443,0.443,0.443,0.443,0.447
RGI60-16.02509,1.528,1.528,1.528,1.528,1.528,1.528,1.528,1.528,1.528,1.528,1.528,1.528,1.528,1.528,1.528,1.528,1.187,1.187,1.187,1.269,1.269,1.269,1.269,1.269,1.269,1.269,1.269,1.268,1.268,0.988,0.988,0.988,0.988,0.988,0.988,0.988,0.988,0.988,0.988,0.988,0.988,0.988,0.988,0.988,0.988,0.988,0.988,0.988,0.988,0.99
RGI60-16.02510,1.255,1.255,1.255,1.255,1.255,1.255,1.255,1.255,1.255,1.255,1.255,1.255,1.255,1.255,1.255,1.255,0.807,0.807,0.807,0.923,0.923,0.923,0.923,0.923,0.923,0.923,0.923,0.921,0.921,0.465,0.464,0.464,0.464,0.464,0.464,0.464,0.464,0.464,0.464,0.464,0.464,0.464,0.464,0.464,0.464,0.464,0.464,0.464,0.464,0.468
RGI60-16.02511,1.528,1.528,1.528,1.528,1.528,1.528,1.528,1.528,1.528,1.528,1.528,1.528,1.528,1.528,1.528,1.528,1.187,1.187,1.187,1.269,1.269,1.269,1.269,1.269,1.269,1.269,1.269,1.267,1.267,0.985,0.985,0.985,0.985,0.985,0.985,0.985,0.985,0.985,0.985,0.985,0.985,0.985,0.985,0.985,0.985,0.985,0.985,0.985,0.985,0.986
RGI60-16.02512,1.279,1.279,1.279,1.279,1.279,1.279,1.279,1.279,1.279,1.279,1.279,1.279,1.279,1.279,1.279,1.279,0.843,0.843,0.843,0.956,0.956,0.956,0.956,0.956,0.956,0.956,0.956,0.953,0.953,0.526,0.525,0.525,0.525,0.525,0.525,0.525,0.525,0.525,0.525,0.525,0.525,0.525,0.525,0.525,0.525,0.525,0.525,0.525,0.525,0.528
RGI60-16.02513,1.268,1.268,1.268,1.268,1.268,1.268,1.268,1.268,1.268,1.268,1.268,1.268,1.268,1.268,1.268,1.268,0.826,0.826,0.826,0.941,0.941,0.941,0.941,0.941,0.941,0.941,0.941,0.939,0.939,0.469,0.468,0.468,0.468,0.468,0.468,0.468,0.468,0.468,0.468,0.468,0.468,0.468,0.468,0.468,0.468,0.468,0.468,0.468,0.468,0.471
RGI60-16.02514,1.397,1.397,1.397,1.397,1.397,1.397,1.397,1.397,1.397,1.397,1.397,1.397,1.397,1.397,1.397,1.397,1.013,1.013,1.013,1.108,1.108,1.108,1.108,1.108,1.108,1.108,1.108,1.106,1.106,0.791,0.791,0.791,0.791,0.791,0.791,0.791,0.791,0.791,0.791,0.791,0.791,0.791,0.791,0.791,0.791,0.791,0.791,0.791,0.791,0.794
RGI60-16.02515,1.435,1.435,1.435,1.435,1.435,1.435,1.435,1.435,1.435,1.435,1.435,1.435,1.435,1.435,1.435,1.435,1.065,1.065,1.065,1.156,1.156,1.156,1.156,1.156,1.156,1.156,1.156,1.154,1.154,0.857,0.856,0.856,0.856,0.856,0.856,0.856,0.856,0.856,0.856,0.856,0.856,0.856,0.856,0.856,0.856,0.856,0.856,0.856,0.856,0.859
RGI60-16.02516,1.325,1.325,1.325,1.325,1.325,1.325,1.325,1.325,1.325,1.325,1.325,1.325,1.325,1.325,1.325,1.325,0.911,0.911,0.911,1.016,1.016,1.016,1.016,1.016,1.016,1.016,1.016,1.014,1.014,0.616,0.616,0.616,0.616,0.616,0.616,0.616,0.616,0.616,0.616,0.616,0.616,0.616,0.616,0.616,0.616,0.616,0.616,0.616,0.616,0.618
RGI60-16.02517,1.245,1.245,1.245,1.245,1.245,1.245,1.245,1.245,1.245,1.245,1.245,1.245,1.245,1.245,1.245,1.245,0.79,0.79,0.79,0.909,0.909,0.909,0.909,0.909,0.909,0.909,0.909,0.906,0.906,0.463,0.462,0.462,0.462,0.461,0.461,0.461,0.461,0.461,0.461,0.461,0.461,0.461,0.461,0.461,0.462,0.461,0.461,0.461,0.462,0.466
RGI60-16.02518,1.244,1.244,1.244,1.244,1.244,1.244,1.244,1.244,1.244,1.244,1.244,1.244,1.244,1.244,1.244,1.244,0.789,0.789,0.789,0.908,0.908,0.908,0.908,0.908,0.908,0.908,0.908,0.905,0.905,0.444,0.443,0.443,0.443,0.443,0.443,0.443,0.443,0.443,0.443,0.443,0.443,0.443,0.443,0.443,0.443,0.443,0.443,0.443,0.443,0.447
RGI60-16.02519,1.339,1.339,1.339,1.339,1.339,1.339,1.339,1.339,1.339,1.339,1.339,1.339,1.339,1.339,1.339,1.339,0.932,0.932,0.932,1.035,1.035,1.035,1.035,1.035,1.035,1.035,1.035,1.033,1.033,0.664,0.663,0.663,0.663,0.663,0.663,0.663,0.663,0.663,0.663,0.663,0.663,0.663,0.663,0.663,0.663,0.663,0.663,0.663,0.663,0.666
RGI60-16.02520,1.274,1.274,1.274,1.274,1.274,1.274,1.274,1.274,1.274,1.274,1.274,1.274,1.274,1.274,1.274,1.274,0.835,0.835,0.835,0.948,0.948,0.948,0.948,0.948,0.948,0.948,0.948,0.946,0.946,0.524,0.523,0.523,0.523,0.523,0.523,0.523,0.523,0.523,0.523,0.523,0.523,0.523,0.523,0.523,0.523,0.523,0.523,0.523,0.523,0.526
RGI60-16.02521,1.343,1.343,1.343,1.343,1.343,1.343,1.343,1.343,1.343,1.343,1.343,1.343,1.343,1.343,1.343,1.343,0.907,0.907,0.907,1.039,1.039,1.039,1.039,1.039,1.039,1.039,1.039,1.035,1.035,0.957,0.952,0.952,0.952,0.949,0.949,0.949,0.949,0.949,0.949,0.949,0.949,0.949,0.949,0.949,0.952,0.949,0.949,0.949,0.951,1.017
RGI60-16.02522,1.253,1.253,1.253,1.253,1.253,1.253,1.253,1.253,1.253,1.253,1.253,1.253,1.253,1.253,1.253,1.253,0.768,0.768,0.768,0.92,0.92,0.92,0.92,0.92,0.92,0.92,0.92,0.916,0.916,0.826,0.82,0.82,0.82,0.817,0.817,0.817,0.817,0.817,0.817,0.817,0.817,0.817,0.817,0.817,0.82,0.817,0.817,0.817,0.819,0.895
RGI60-16.02523,1.488,1.488,1.488,1.488,1.488,1.488,1.488,1.488,1.488,1.488,1.488,1.488,1.488,1.488,1.488,1.488,1.111,1.111,1.111,1.221,1.221,1.221,1.221,1.221,1.221,1.221,1.221,1.218,1.218,1.152,1.148,1.148,1.148,1.146,1.146,1.146,1.146,1.146,1.146,1.146,1.146,1.146,1.146,1.146,1.148,1.146,1.146,1.146,1.147,1.203
RGI60-16.02524,1.272,1.272,1.272,1.272,1.272,1.272,1.272,1.272,1.272,1.272,1.272,1.272,1.272,1.272,1.272,1.272,0.799,0.799,0.799,0.946,0.946,0.946,0.946,0.946,0.946,0.946,0.946,0.942,0.942,0.855,0.849,0.849,0.849,0.847,0.847,0.847,0.847,0.847,0.847,0.847,0.847,0.847,0.847,0.847,0.849,0.847,0.847,0.847,0.849,0.922
RGI60-16.02525,1.321,1.321,1.321,1.321,1.321,1.321,1.321,1.321,1.321,1.321,1.321,1.321,1.321,1.321,1.321,1.321,0.875,0.875,0.875,1.011,1.011,1.011,1.011,1.011,1.011,1.011,1.011,1.008,1.008,0.927,0.922,0.922,0.922,0.919,0.919,0.919,0.919,0.919,0.919,0.919,0.919,0.919,0.919,0.919,0.922,0.919,0.919,0.919,0.921,0.989
RGI60-16.02526,1.34,1.34,1.34,1.34,1.34,1.34,1.34,1.34,1.34,1.34,1.34,1.34,1.34,1.34,1.34,1.34,0.903,0.903,0.903,1.035,1.035,1.035,1.035,1.035,1.035,1.035,1.035,1.032,1.032,0.953,0.948,0.948,0.948,0.946,0.946,0.946,0.946,0.946,0.946,0.946,0.946,0.946,0.946,0.946,0.948,0.946,0.946,0.946,0.947,1.014
RGI60-16.02527,1.264,1.264,1.264,1.264,1.264,1.264,1.264,1.264,1.264,1.264,1.264,1.264,1.264,1.264,1.264,1.264,0.785,0.785,0.785,0.935,0.935,0.935,0.935,0.935,0.935,0.935,0.935,0.931,0.931,0.843,0.837,0.837,0.837,0.834,0.834,0.834,0.834,0.834,0.834,0.834,0.834,0.834,0.834,0.834,0.837,0.834,0.834,0.834,0.836,0.911
RGI60-16.02528,1.28,1.28,1.28,1.28,1.28,1.28,1.28,1.28,1.28,1.28,1.28,1.28,1.28,1.28,1.28,1.28,0.699,0.699,0.699,0.838,0.838,0.838,0.838,0.838,0.838,0.838,0.838,0.831,0.831,0.723,0.712,0.712,0.712,0.706,0.706,0.706,0.706,0.706,0.706,0.706,0.706,0.706,0.706,0.706,0.712,0.706,0.706,0.706,0.711,0.866
RGI60-16.02529,1.331,1.331,1.331,1.331,1.331,1.331,1.331,1.331,1.331,1.331,1.331,1.331,1.331,1.331,1.331,1.331,0.92,0.92,0.92,1.024,1.024,1.024,1.024,1.024,1.024,1.024,1.024,1.022,1.022,0.641,0.64,0.64,0.64,0.64,0.64,0.64,0.64,0.64,0.64,0.64,0.64,0.64,0.64,0.64,0.64,0.64,0.64,0.64,0.64,0.643
RGI60-16.02530,1.241,1.241,1.241,1.241,1.241,1.241,1.241,1.241,1.241,1.241,1.241,1.241,1.241,1.241,1.241,1.241,0.784,0.784,0.784,0.903,0.903,0.903,0.903,0.903,0.903,0.903,0.903,0.901,0.901,0.413,0.413,0.413,0.413,0.412,0.412,0.412,0.412,0.412,0.412,0.412,0.412,0.412,0.412,0.412,0.413,0.412,0.412,0.412,0.413,0.416
RGI60-16.02531,1.258,1.258,1.258,1.258,1.258,1.258,1.258,1.258,1.258,1.258,1.258,1.258,1.258,1.258,1.258,1.258,0.811,0.811,0.811,0.927,0.927,0.927,0.927,0.927,0.927,0.927,0.927,0.925,0.925,0.49,0.49,0.49,0.49,0.489,0.489,0.489,0.489,0.489,0.489,0.489,0.489,0.489,0.489,0.489,0.49,0.489,0.489,0.489,0.49,0.493
RGI60-16.02532,1.25,1.25,1.25,1.25,1.25,1.25,1.25,1.25,1.25,1.25,1.25,1.25,1.25,1.25,1.25,1.25,0.798,0.798,0.798,0.916,0.916,0.916,0.916,0.916,0.916,0.916,0.916,0.914,0.914,0.433,0.433,0.433,0.433,0.433,0.433,0.433,0.433,0.433,0.433,0.433,0.433,0.433,0.433,0.433,0.433,0.433,0.433,0.433,0.433,0.436
RGI60-16.02533,1.453,1.453,1.453,1.453,1.453,1.453,1.453,1.453,1.453,1.453,1.453,1.453,1.453,1.453,1.453,1.453,1.089,1.089,1.089,1.178,1.178,1.178,1.178,1.178,1.178,1.178,1.178,1.176,1.176,0.847,0.846,0.846,0.846,0.846,0.846,0.846,0.846,0.846,0.846,0.846,0.846,0.846,0.846,0.846,0.846,0.846,0.846,0.846,0.846,0.848
RGI60-16.02534,1.249,1.249,1.249,1.249,1.249,1.249,1.249,1.249,1.249,1.249,1.249,1.249,1.249,1.249,1.249,1.249,0.797,0.797,0.797,0.915,0.915,0.915,0.915,0.915,0.915,0.915,0.915,0.913,0.913,0.416,0.415,0.415,0.415,0.415,0.415,0.415,0.415,0.415,0.415,0.415,0.415,0.415,0.415,0.415,0.415,0.415,0.415,0.415,0.415,0.418
RGI60-16.02535,1.25,1.25,1.25,1.25,1.25,1.25,1.25,1.25,1.25,1.25,1.25,1.25,1.25,1.25,1.25,1.25,0.799,0.799,0.799,0.916,0.916,0.916,0.916,0.916,0.916,0.916,0.916,0.914,0.914,0.453,0.452,0.452,0.452,0.452,0.452,0.452,0.452,0.452,0.452,0.452,0.452,0.452,0.452,0.452,0.452,0.452,0.452,0.452,0.452,0.456
RGI60-16.02536,1.256,1.256,1.256,1.256,1.256,1.256,1.256,1.256,1.256,1.256,1.256,1.256,1.256,1.256,1.256,1.256,0.807,0.807,0.807,0.924,0.924,0.924,0.924,0.924,0.924,0.924,0.924,0.921,0.921,0.455,0.455,0.455,0.455,0.454,0.454,0.454,0.454,0.454,0.454,0.454,0.454,0.454,0.454,0.454,0.455,0.454,0.454,0.454,0.455,0.458
RGI60-16.02537,1.254,1.254,1.254,1.254,1.254,1.254,1.254,1.254,1.254,1.254,1.254,1.254,1.254,1.254,1.254,1.254,0.804,0.804,0.804,0.921,0.921,0.921,0.921,0.921,0.921,0.921,0.921,0.919,0.919,0.47,0.47,0.47,0.47,0.469,0.469,0.469,0.469,0.469,0.469,0.469,0.469,0.469,0.469,0.469,0.47,0.469,0.469,0.469,0.47,0.473
RGI60-16.02538,1.26,1.26,1.26,1.26,1.26,1.26,1.26,1.26,1.26,1.26,1.26,1.26,1.26,1.26,1.26,1.26,0.813,0.813,0.813,0.93,0.93,0.93,0.93,0.93,0.93,0.93,0.93,0.927,0.927,0.44,0.439,0.439,0.439,0.439,0.439,0.439,0.439,0.439,0.439,0.439,0.439,0.439,0.439,0.439,0.439,0.439,0.439,0.439,0.439,0.442
RGI60-16.02539,1.243,1.243,1.243,1.243,1.243,1.243,1.243,1.243,1.243,1.243,1.243,1.243,1.243,1.243,1.243,1.243,0.787,0.787,0.787,0.906,0.906,0.906,0.906,0.906,0.906,0.906,0.906,0.904,0.904,0.415,0.415,0.415,0.415,0.414,0.414,0.414,0.414,0.414,0.414,0.414,0.414,0.414,0.414,0.414,0.415,0.414,0.414,0.414,0.415,0.418
RGI60-16.02540,1.379,1.379,1.379,1.379,1.379,1.379,1.379,1.379,1.379,1.379,1.379,1.379,1.379,1.379,1.379,1.379,0.988,0.988,0.988,1.086,1.086,1.086,1.086,1.086,1.086,1.086,1.086,1.084,1.084,0.742,0.742,0.742,0.742,0.742,0.742,0.742,0.742,0.742,0.742,0.742,0.742,0.742,0.742,0.742,0.742,0.742,0.742,0.742,0.742,0.744
RGI60-16.02541,1.272,1.272,1.272,1.272,1.272,1.272,1.272,1.272,1.272,1.272,1.272,1.272,1.272,1.272,1.272,1.272,0.833,0.833,0.833,0.946,0.946,0.946,0.946,0.946,0.946,0.946,0.946,0.944,0.944,0.52,0.52,0.52,0.52,0.519,0.519,0.519,0.519,0.519,0.519,0.519,0.519,0.519,0.519,0.519,0.52,0.519,0.519,0.519,0.52,0.523
RGI60-16.02542,1.254,1.254,1.254,1.254,1.254,1.254,1.254,1.254,1.254,1.254,1.254,1.254,1.254,1.254,1.254,1.254,0.804,0.804,0.804,0.921,0.921,0.921,0.921,0.921,0.921,0.921,0.921,0.919,0.919,0.462,0.461,0.461,0.461,0.461,0.461,0.461,0.461,0.461,0.461,0.461,0.461,0.461,0.461,0.461,0.461,0.461,0.461,0.461,0.461,0.464
RGI60-16.02543,1.263,1.263,1.263,1.263,1.263,1.263,1.263,1.263,1.263,1.263,1.263,1.263,1.263,1.263,1.263,1.263,0.819,0.819,0.819,0.934,0.934,0.934,0.934,0.934,0.934,0.934,0.934,0.932,0.932,0.501,0.5,0.5,0.5,0.5,0.5,0.5,0.5,0.5,0.5,0.5,0.5,0.5,0.5,0.5,0.5,0.5,0.5,0.5,0.5,0.504
RGI60-16.02544,1.265,1.265,1.265,1.265,1.265,1.265,1.265,1.265,1.265,1.265,1.265,1.265,1.265,1.265,1.265,1.265,0.822,0.822,0.822,0.936,0.936,0.936,0.936,0.936,0.936,0.936,0.936,0.934,0.934,0.498,0.497,0.497,0.497,0.497,0.497,0.497,0.497,0.497,0.497,0.497,0.497,0.497,0.497,0.497,0.497,0.497,0.497,0.497,0.497,0.5
RGI60-16.02545,1.272,1.272,1.272,1.272,1.272,1.272,1.272,1.272,1.272,1.272,1.272,1.272,1.272,1.272,1.272,1.272,0.832,0.832,0.832,0.945,0.945,0.945,0.945,0.945,0.945,0.945,0.945,0.943,0.943,0.494,0.493,0.493,0.493,0.493,0.493,0.493,0.493,0.493,0.493,0.493,0.493,0.493,0.493,0.493,0.493,0.493,0.493,0.493,0.493,0.496
RGI60-16.02546,1.382,1.382,1.382,1.382,1.382,1.382,1.382,1.382,1.382,1.382,1.382,1.382,1.382,1.382,1.382,1.382,0.992,0.992,0.992,1.089,1.089,1.089,1.089,1.089,1.089,1.089,1.089,1.087,1.087,0.728,0.728,0.728,0.728,0.727,0.727,0.727,0.727,0.727,0.727,0.727,0.727,0.727,0.727,0.727,0.728,0.727,0.727,0.727,0.728,0.729
RGI60-16.02547,1.337,1.337,1.337,1.337,1.337,1.337,1.337,1.337,1.337,1.337,1.337,1.337,1.337,1.337,1.337,1.337,0.928,0.928,0.928,1.032,1.032,1.032,1.032,1.032,1.032,1.032,1.032,1.03,1.03,0.638,0.637,0.637,0.637,0.637,0.637,0.637,0.637,0.637,0.637,0.637,0.637,0.637,0.637,0.637,0.637,0.637,0.637,0.637,0.637,0.639
RGI60-16.02548,1.273,1.273,1.273,1.273,1.273,1.273,1.273,1.273,1.273,1.273,1.273,1.273,1.273,1.273,1.273,1.273,0.833,0.833,0.833,0.947,0.947,0.947,0.947,0.947,0.947,0.947,0.947,0.944,0.944,0.478,0.477,0.477,0.477,0.477,0.477,0.477,0.477,0.477,0.477,0.477,0.477,0.477,0.477,0.477,0.477,0.477,0.477,0.477,0.477,0.48
RGI60-16.02549,1.267,1.267,1.267,1.267,1.267,1.267,1.267,1.267,1.267,1.267,1.267,1.267,1.267,1.267,1.267,1.267,0.824,0.824,0.824,0.938,0.938,0.938,0.938,0.938,0.938,0.938,0.938,0.936,0.936,0.509,0.509,0.509,0.509,0.508,0.508,0.508,0.508,0.508,0.508,0.508,0.508,0.508,0.508,0.508,0.509,0.508,0.508,0.508,0.509,0.512
RGI60-16.02550,1.308,1.308,1.308,1.308,1.308,1.308,1.308,1.308,1.308,1.308,1.308,1.308,1.308,1.308,1.308,1.308,0.887,0.887,0.887,0.994,0.994,0.994,0.994,0.994,0.994,0.994,0.994,0.991,0.991,0.607,0.606,0.606,0.606,0.606,0.606,0.606,0.606,0.606,0.606,0.606,0.606,0.606,0.606,0.606,0.606,0.606,0.606,0.606,0.606,0.609
RGI60-16.02551,1.302,1.302,1.302,1.302,1.302,1.302,1.302,1.302,1.302,1.302,1.302,1.302,1.302,1.302,1.302,1.302,0.877,0.877,0.877,0.986,0.986,0.986,0.986,0.986,0.986,0.986,0.986,0.984,0.984,0.566,0.565,0.565,0.565,0.565,0.565,0.565,0.565,0.565,0.565,0.565,0.565,0.565,0.565,0.565,0.565,0.565,0.565,0.565,0.565,0.568
RGI60-16.02552,1.305,1.305,1.305,1.305,1.305,1.305,1.305,1.305,1.305,1.305,1.305,1.305,1.305,1.305,1.305,1.305,0.882,0.882,0.882,0.99,0.99,0.99,0.99,0.99,0.99,0.99,0.99,0.988,0.988,0.578,0.577,0.577,0.577,0.577,0.577,0.577,0.577,0.577,0.577,0.577,0.577,0.577,0.577,0.577,0.577,0.577,0.577,0.577,0.577,0.58
RGI60-16.02553,1.246,1.246,1.246,1.246,1.246,1.246,1.246,1.246,1.246,1.246,1.246,1.246,1.246,1.246,1.246,1.246,0.792,0.792,0.792,0.91,0.91,0.91,0.91,0.91,0.91,0.91,0.91,0.908,0.908,0.439,0.438,0.438,0.438,0.438,0.438,0.438,0.438,0.438,0.438,0.438,0.438,0.438,0.438,0.438,0.438,0.438,0.438,0.438,0.438,0.441
RGI60-16.02554,1.292,1.292,1.292,1.292,1.292,1.292,1.292,1.292,1.292,1.292,1.292,1.292,1.292,1.292,1.292,1.292,0.863,0.863,0.863,0.973,0.973,0.973,0.973,0.973,0.973,0.973,0.973,0.971,0.971,0.54,0.54,0.54,0.54,0.54,0.54,0.54,0.54,0.54,0.54,0.54,0.54,0.54,0.54,0.54,0.54,0.54,0.54,0.54,0.54,0.542
RGI60-16.02555,1.284,1.284,1.284,1.284,1.284,1.284,1.284,1.284,1.284,1.284,1.284,1.284,1.284,1.284,1.284,1.284,0.851,0.851,0.851,0.962,0.962,0.962,0.962,0.962,0.962,0.962,0.962,0.96,0.96,0.55,0.549,0.549,0.549,0.549,0.549,0.549,0.549,0.549,0.549,0.549,0.549,0.549,0.549,0.549,0.549,0.549,0.549,0.549,0.549,0.552
RGI60-16.02556,1.28,1.28,1.28,1.28,1.28,1.28,1.28,1.28,1.28,1.28,1.28,1.28,1.28,1.28,1.28,1.28,0.699,0.699,0.699,0.838,0.838,0.838,0.838,0.838,0.838,0.838,0.838,0.831,0.831,0.723,0.712,0.712,0.712,0.706,0.706,0.706,0.706,0.706,0.706,0.706,0.706,0.706,0.706,0.706,0.712,0.706,0.706,0.706,0.711,0.866
RGI60-16.02557,1.378,1.378,1.378,1.378,1.378,1.378,1.378,1.378,1.378,1.378,1.378,1.378,1.378,1.378,1.378,1.378,0.987,0.987,0.987,1.084,1.084,1.084,1.084,1.084,1.084,1.084,1.084,1.082,1.082,0.745,0.744,0.744,0.744,0.744,0.744,0.744,0.744,0.744,0.744,0.744,0.744,0.744,0.744,0.744,0.744,0.744,0.744,0.744,0.744,0.747
RGI60-16.02558,1.361,1.361,1.361,1.361,1.361,1.361,1.361,1.361,1.361,1.361,1.361,1.361,1.361,1.361,1.361,1.361,0.963,0.963,0.963,1.062,1.062,1.062,1.062,1.062,1.062,1.062,1.062,1.06,1.06,0.713,0.712,0.712,0.712,0.712,0.712,0.712,0.712,0.712,0.712,0.712,0.712,0.712,0.712,0.712,0.712,0.712,0.712,0.712,0.712,0.715
RGI60-16.02559,2.419,2.419,2.419,2.419,2.419,2.419,2.419,2.419,2.419,2.419,2.419,2.419,2.419,2.419,2.419,2.419,2.22,2.22,2.22,2.265,2.265,2.265,2.265,2.265,2.265,2.265,2.265,2.264,2.264,2.125,2.124,2.124,2.124,2.124,2.124,2.124,2.124,2.124,2.124,2.124,2.124,2.124,2.124,2.124,2.124,2.124,2.124,2.124,2.124,2.125
RGI60-16.02560,1.337,1.337,1.337,1.337,1.337,1.337,1.337,1.337,1.337,1.337,1.337,1.337,1.337,1.337,1.337,1.337,0.928,0.928,0.928,1.031,1.031,1.031,1.031,1.031,1.031,1.031,1.031,1.029,1.029,0.625,0.625,0.625,0.625,0.625,0.625,0.625,0.625,0.625,0.625,0.625,0.625,0.625,0.625,0.625,0.625,0.625,0.625,0.625,0.625,0.626
RGI60-16.02561,1.248,1.248,1.248,1.248,1.248,1.248,1.248,1.248,1.248,1.248,1.248,1.248,1.248,1.248,1.248,1.248,0.795,0.795,0.795,0.913,0.913,0.913,0.913,0.913,0.913,0.913,0.913,0.911,0.911,0.422,0.421,0.421,0.421,0.421,0.421,0.421,0.421,0.421,0.421,0.421,0.421,0.421,0.421,0.421,0.421,0.421,0.421,0.421,0.421,0.424
RGI60-16.02562,1.256,1.256,1.256,1.256,1.256,1.256,1.256,1.256,1.256,1.256,1.256,1.256,1.256,1.256,1.256,1.256,0.808,0.808,0.808,0.924,0.924,0.924,0.924,0.924,0.924,0.924,0.924,0.922,0.922,0.471,0.47,0.47,0.47,0.47,0.47,0.47,0.47,0.47,0.47,0.47,0.47,0.47,0.47,0.47,0.47,0.47,0.47,0.47,0.47,0.474
RGI60-16.02563,1.252,1.252,1.252,1.252,1.252,1.252,1.252,1.252,1.252,1.252,1.252,1.252,1.252,1.252,1.252,1.252,0.801,0.801,0.801,0.918,0.918,0.918,0.918,0.918,0.918,0.918,0.918,0.916,0.916,0.469,0.469,0.469,0.469,0.468,0.468,0.468,0.468,0.468,0.468,0.468,0.468,0.468,0.468,0.468,0.469,0.468,0.468,0.468,0.469,0.473
RGI60-16.02564,1.254,1.254,1.254,1.254,1.254,1.254,1.254,1.254,1.254,1.254,1.254,1.254,1.254,1.254,1.254,1.254,0.805,0.805,0.805,0.922,0.922,0.922,0.922,0.922,0.922,0.922,0.922,0.919,0.919,0.452,0.451,0.451,0.451,0.451,0.451,0.451,0.451,0.451,0.451,0.451,0.451,0.451,0.451,0.451,0.451,0.451,0.451,0.451,0.451,0.454
RGI60-16.02565,1.59,1.59,1.59,1.59,1.59,1.59,1.59,1.59,1.59,1.59,1.59,1.59,1.59,1.59,1.59,1.59,1.266,1.266,1.266,1.343,1.343,1.343,1.343,1.343,1.343,1.343,1.343,1.342,1.342,1.081,1.081,1.081,1.081,1.08,1.08,1.08,1.08,1.08,1.08,1.08,1.08,1.08,1.08,1.08,1.081,1.08,1.08,1.08,1.081,1.082
RGI60-16.02566,1.257,1.257,1.257,1.257,1.257,1.257,1.257,1.257,1.257,1.257,1.257,1.257,1.257,1.257,1.257,1.257,0.809,0.809,0.809,0.926,0.926,0.926,0.926,0.926,0.926,0.926,0.926,0.923,0.923,0.439,0.439,0.439,0.439,0.438,0.438,0.438,0.438,0.438,0.438,0.438,0.438,0.438,0.438,0.438,0.439,0.438,0.438,0.438,0.439,0.441
RGI60-16.02567,1.263,1.263,1.263,1.263,1.263,1.263,1.263,1.263,1.263,1.263,1.263,1.263,1.263,1.263,1.263,1.263,0.818,0.818,0.818,0.933,0.933,0.933,0.933,0.933,0.933,0.933,0.933,0.931,0.931,0.474,0.474,0.474,0.474,0.474,0.474,0.474,0.474,0.474,0.474,0.474,0.474,0.474,0.474,0.474,0.474,0.474,0.474,0.474,0.474,0.477
RGI60-16.02568,1.328,1.328,1.328,1.328,1.328,1.328,1.328,1.328,1.328,1.328,1.328,1.328,1.328,1.328,1.328,1.328,0.915,0.915,0.915,1.02,1.02,1.02,1.02,1.02,1.02,1.02,1.02,1.018,1.018,0.621,0.621,0.621,0.621,0.621,0.621,0.621,0.621,0.621,0.621,0.621,0.621,0.621,0.621,0.621,0.621,0.621,0.621,0.621,0.621,0.623
RGI60-16.02569,1.246,1.246,1.246,1.246,1.246,1.246,1.246,1.246,1.246,1.246,1.246,1.246,1.246,1.246,1.246,1.246,0.791,0.791,0.791,0.91,0.91,0.91,0.91,0.91,0.91,0.91,0.91,0.908,0.908,0.412,0.411,0.411,0.411,0.411,0.411,0.411,0.411,0.411,0.411,0.411,0.411,0.411,0.411,0.411,0.411,0.411,0.411,0.411,0.411,0.414
RGI60-16.02570,1.247,1.247,1.247,1.247,1.247,1.247,1.247,1.247,1.247,1.247,1.247,1.247,1.247,1.247,1.247,1.247,0.793,0.793,0.793,0.912,0.912,0.912,0.912,0.912,0.912,0.912,0.912,0.909,0.909,0.416,0.415,0.415,0.415,0.415,0.415,0.415,0.415,0.415,0.415,0.415,0.415,0.415,0.415,0.415,0.415,0.415,0.415,0.415,0.415,0.418
RGI60-16.02571,1.47,1.47,1.47,1.47,1.47,1.47,1.47,1.47,1.47,1.47,1.47,1.47,1.47,1.47,1.47,1.47,1.112,1.112,1.112,1.199,1.199,1.199,1.199,1.199,1.199,1.199,1.199,1.197,1.197,0.911,0.91,0.91,0.91,0.91,0.91,0.91,0.91,0.91,0.91,0.91,0.91,0.91,0.91,0.91,0.91,0.91,0.91,0.91,0.91,0.913
RGI60-16.02572,2.224,2.224,2.224,2.224,2.224,2.224,2.224,2.224,2.224,2.224,2.224,2.224,2.224,2.224,2.224,2.224,2.006,2.006,2.006,2.055,2.055,2.055,2.055,2.055,2.055,2.055,2.055,2.054,2.054,1.902,1.901,1.901,1.901,1.901,1.901,1.901,1.901,1.901,1.901,1.901,1.901,1.901,1.901,1.901,1.901,1.901,1.901,1.901,1.901,1.902
RGI60-16.02573,1.256,1.256,1.256,1.256,1.256,1.256,1.256,1.256,1.256,1.256,1.256,1.256,1.256,1.256,1.256,1.256,0.809,0.809,0.809,0.925,0.925,0.925,0.925,0.925,0.925,0.925,0.925,0.923,0.923,0.499,0.498,0.498,0.498,0.498,0.498,0.498,0.498,0.498,0.498,0.498,0.498,0.498,0.498,0.498,0.498,0.498,0.498,0.498,0.498,0.502
RGI60-16.02574,1.337,1.337,1.337,1.337,1.337,1.337,1.337,1.337,1.337,1.337,1.337,1.337,1.337,1.337,1.337,1.337,0.929,0.929,0.929,1.031,1.031,1.031,1.031,1.031,1.031,1.031,1.031,1.029,1.029,0.687,0.687,0.687,0.687,0.686,0.686,0.686,0.686,0.686,0.686,0.686,0.686,0.686,0.686,0.686,0.687,0.686,0.686,0.686,0.687,0.69
RGI60-16.02575,1.261,1.261,1.261,1.261,1.261,1.261,1.261,1.261,1.261,1.261,1.261,1.261,1.261,1.261,1.261,1.261,0.817,0.817,0.817,0.932,0.932,0.932,0.932,0.932,0.932,0.932,0.932,0.929,0.929,0.522,0.521,0.521,0.521,0.521,0.521,0.521,0.521,0.521,0.521,0.521,0.521,0.521,0.521,0.521,0.521,0.521,0.521,0.521,0.521,0.526
RGI60-16.02576,1.409,1.409,1.409,1.409,1.409,1.409,1.409,1.409,1.409,1.409,1.409,1.409,1.409,1.409,1.409,1.409,1.03,1.03,1.03,1.123,1.123,1.123,1.123,1.123,1.123,1.123,1.123,1.121,1.121,0.824,0.823,0.823,0.823,0.823,0.823,0.823,0.823,0.823,0.823,0.823,0.823,0.823,0.823,0.823,0.823,0.823,0.823,0.823,0.823,0.826
RGI60-16.02577,2.426,2.426,2.426,2.426,2.426,2.426,2.426,2.426,2.426,2.426,2.426,2.426,2.426,2.426,2.426,2.426,2.227,2.227,2.227,2.272,2.272,2.272,2.272,2.272,2.272,2.272,2.272,2.271,2.271,2.141,2.141,2.141,2.141,2.141,2.141,2.141,2.141,2.141,2.141,2.141,2.141,2.141,2.141,2.141,2.141,2.141,2.141,2.141,2.141,2.142
RGI60-16.02578,1.25,1.25,1.25,1.25,1.25,1.25,1.25,1.25,1.25,1.25,1.25,1.25,1.25,1.25,1.25,1.25,0.8,0.8,0.8,0.917,0.917,0.917,0.917,0.917,0.917,0.917,0.917,0.914,0.914,0.514,0.512,0.512,0.512,0.512,0.512,0.512,0.512,0.512,0.512,0.512,0.512,0.512,0.512,0.512,0.512,0.512,0.512,0.512,0.512,0.518
RGI60-16.02579,1.267,1.267,1.267,1.267,1.267,1.267,1.267,1.267,1.267,1.267,1.267,1.267,1.267,1.267,1.267,1.267,0.825,0.825,0.825,0.939,0.939,0.939,0.939,0.939,0.939,0.939,0.939,0.936,0.936,0.558,0.557,0.557,0.557,0.557,0.557,0.557,0.557,0.557,0.557,0.557,0.557,0.557,0.557,0.557,0.557,0.557,0.557,0.557,0.557,0.562
RGI60-16.02580,1.287,1.287,1.287,1.287,1.287,1.287,1.287,1.287,1.287,1.287,1.287,1.287,1.287,1.287,1.287,1.287,0.856,0.856,0.856,0.966,0.966,0.966,0.966,0.966,0.966,0.966,0.966,0.964,0.964,0.593,0.592,0.592,0.592,0.592,0.592,0.592,0.592,0.592,0.592,0.592,0.592,0.592,0.592,0.592,0.592,0.592,0.592,0.592,0.592,0.597
RGI60-16.02581,2.859,2.859,2.859,2.859,2.859,2.859,2.859,2.859,2.859,2.859,2.859,2.859,2.859,2.859,2.859,2.859,2.692,2.692,2.692,2.729,2.729,2.729,2.729,2.729,2.729,2.729,2.729,2.728,2.728,2.622,2.622,2.622,2.622,2.622,2.622,2.622,2.622,2.622,2.622,2.622,2.622,2.622,2.622,2.622,2.622,2.622,2.622,2.622,2.622,2.623
RGI60-16.02582,1.298,1.298,1.298,1.298,1.298,1.298,1.298,1.298,1.298,1.298,1.298,1.298,1.298,1.298,1.298,1.298,0.872,0.872,0.872,0.98,0.98,0.98,0.98,0.98,0.98,0.98,0.98,0.978,0.978,0.622,0.621,0.621,0.621,0.621,0.621,0.621,0.621,0.621,0.621,0.621,0.621,0.621,0.621,0.621,0.621,0.621,0.621,0.621,0.622,0.626
RGI60-16.02583,1.356,1.356,1.356,1.356,1.356,1.356,1.356,1.356,1.356,1.356,1.356,1.356,1.356,1.356,1.356,1.356,0.956,0.956,0.956,1.056,1.056,1.056,1.056,1.056,1.056,1.056,1.056,1.054,1.054,0.737,0.736,0.736,0.736,0.736,0.736,0.736,0.736,0.736,0.736,0.736,0.736,0.736,0.736,0.736,0.736,0.736,0.736,0.736,0.736,0.741
RGI60-16.02584,1.278,1.278,1.278,1.278,1.278,1.278,1.278,1.278,1.278,1.278,1.278,1.278,1.278,1.278,1.278,1.278,0.843,0.843,0.843,0.954,0.954,0.954,0.954,0.954,0.954,0.954,0.954,0.952,0.952,0.573,0.572,0.572,0.572,0.572,0.572,0.572,0.572,0.572,0.572,0.572,0.572,0.572,0.572,0.572,0.572,0.572,0.572,0.572,0.572,0.577
RGI60-16.02585,1.409,1.409,1.409,1.409,1.409,1.409,1.409,1.409,1.409,1.409,1.409,1.409,1.409,1.409,1.409,1.409,1.031,1.031,1.031,1.124,1.124,1.124,1.124,1.124,1.124,1.124,1.124,1.122,1.122,0.836,0.835,0.835,0.835,0.835,0.835,0.835,0.835,0.835,0.835,0.835,0.835,0.835,0.835,0.835,0.835,0.835,0.835,0.835,0.835,0.839
RGI60-16.02586,1.248,1.248,1.248,1.248,1.248,1.248,1.248,1.248,1.248,1.248,1.248,1.248,1.248,1.248,1.248,1.248,0.797,0.797,0.797,0.914,0.914,0.914,0.914,0.914,0.914,0.914,0.914,0.912,0.912,0.5,0.499,0.499,0.499,0.498,0.498,0.498,0.498,0.498,0.498,0.498,0.498,0.498,0.498,0.498,0.499,0.498,0.498,0.498,0.499,0.504
RGI60-16.02587,1.313,1.313,1.313,1.313,1.313,1.313,1.313,1.313,1.313,1.313,1.313,1.313,1.313,1.313,1.313,1.313,0.894,0.894,0.894,1.0,1.0,1.0,1.0,1.0,1.0,1.0,1.0,0.998,0.998,0.65,0.649,0.649,0.649,0.649,0.649,0.649,0.649,0.649,0.649,0.649,0.649,0.649,0.649,0.649,0.649,0.649,0.649,0.649,0.649,0.654
RGI60-16.02588,1.264,1.264,1.264,1.264,1.264,1.264,1.264,1.264,1.264,1.264,1.264,1.264,1.264,1.264,1.264,1.264,0.778,0.778,0.778,0.935,0.935,0.935,0.935,0.935,0.935,0.935,0.935,0.931,0.931,0.853,0.847,0.847,0.847,0.845,0.845,0.845,0.845,0.845,0.845,0.845,0.845,0.845,0.845,0.845,0.847,0.845,0.845,0.845,0.847,0.933
RGI60-16.02589,1.518,1.518,1.518,1.518,1.518,1.518,1.518,1.518,1.518,1.518,1.518,1.518,1.518,1.518,1.518,1.518,1.151,1.151,1.151,1.257,1.257,1.257,1.257,1.257,1.257,1.257,1.257,1.254,1.254,1.191,1.186,1.186,1.186,1.184,1.184,1.184,1.184,1.184,1.184,1.184,1.184,1.184,1.184,1.184,1.186,1.184,1.184,1.184,1.186,1.239
RGI60-16.02590,1.498,1.498,1.498,1.498,1.498,1.498,1.498,1.498,1.498,1.498,1.498,1.498,1.498,1.498,1.498,1.498,1.149,1.149,1.149,1.233,1.233,1.233,1.233,1.233,1.233,1.233,1.233,1.231,1.231,1.01,1.009,1.009,1.009,1.008,1.008,1.008,1.008,1.008,1.008,1.008,1.008,1.008,1.008,1.008,1.009,1.008,1.008,1.008,1.009,1.014
RGI60-16.02591,1.394,1.394,1.394,1.394,1.394,1.394,1.394,1.394,1.394,1.394,1.394,1.394,1.394,1.394,1.394,1.394,1.012,1.012,1.012,1.105,1.105,1.105,1.105,1.105,1.105,1.105,1.105,1.103,1.103,0.848,0.847,0.847,0.847,0.846,0.846,0.846,0.846,0.846,0.846,0.846,0.846,0.846,0.846,0.846,0.847,0.846,0.846,0.846,0.847,0.853
RGI60-16.02592,1.253,1.253,1.253,1.253,1.253,1.253,1.253,1.253,1.253,1.253,1.253,1.253,1.253,1.253,1.253,1.253,0.806,0.806,0.806,0.921,0.921,0.921,0.921,0.921,0.921,0.921,0.921,0.919,0.919,0.59,0.588,0.588,0.588,0.587,0.587,0.587,0.587,0.587,0.587,0.587,0.587,0.587,0.587,0.587,0.588,0.587,0.587,0.587,0.588,0.597
RGI60-16.02593,1.513,1.513,1.513,1.513,1.513,1.513,1.513,1.513,1.513,1.513,1.513,1.513,1.513,1.513,1.513,1.513,1.169,1.169,1.169,1.251,1.251,1.251,1.251,1.251,1.251,1.251,1.251,1.249,1.249,1.033,1.031,1.031,1.031,1.031,1.031,1.031,1.031,1.031,1.031,1.031,1.031,1.031,1.031,1.031,1.031,1.031,1.031,1.031,1.032,1.037
RGI60-16.02594,1.355,1.355,1.355,1.355,1.355,1.355,1.355,1.355,1.355,1.355,1.355,1.355,1.355,1.355,1.355,1.355,0.957,0.957,0.957,1.055,1.055,1.055,1.055,1.055,1.055,1.055,1.055,1.053,1.053,0.782,0.78,0.78,0.78,0.78,0.78,0.78,0.78,0.78,0.78,0.78,0.78,0.78,0.78,0.78,0.78,0.78,0.78,0.78,0.78,0.787
RGI60-16.02595,1.257,1.257,1.257,1.257,1.257,1.257,1.257,1.257,1.257,1.257,1.257,1.257,1.257,1.257,1.257,1.257,0.812,0.812,0.812,0.926,0.926,0.926,0.926,0.926,0.926,0.926,0.926,0.924,0.924,0.591,0.589,0.589,0.589,0.589,0.589,0.589,0.589,0.589,0.589,0.589,0.589,0.589,0.589,0.589,0.589,0.589,0.589,0.589,0.589,0.598
RGI60-16.02596,1.255,1.255,1.255,1.255,1.255,1.255,1.255,1.255,1.255,1.255,1.255,1.255,1.255,1.255,1.255,1.255,0.809,0.809,0.809,0.923,0.923,0.923,0.923,0.923,0.923,0.923,0.923,0.921,0.921,0.59,0.588,0.588,0.588,0.588,0.588,0.588,0.588,0.588,0.588,0.588,0.588,0.588,0.588,0.588,0.588,0.588,0.588,0.588,0.588,0.597
RGI60-16.02597,1.252,1.252,1.252,1.252,1.252,1.252,1.252,1.252,1.252,1.252,1.252,1.252,1.252,1.252,1.252,1.252,0.803,0.803,0.803,0.918,0.918,0.918,0.918,0.918,0.918,0.918,0.918,0.916,0.916,0.573,0.571,0.571,0.571,0.571,0.571,0.571,0.571,0.571,0.571,0.571,0.571,0.571,0.571,0.571,0.571,0.571,0.571,0.571,0.571,0.58
RGI60-16.02598,1.268,1.268,1.268,1.268,1.268,1.268,1.268,1.268,1.268,1.268,1.268,1.268,1.268,1.268,1.268,1.268,0.83,0.83,0.83,0.941,0.941,0.941,0.941,0.941,0.941,0.941,0.941,0.939,0.939,0.623,0.621,0.621,0.621,0.621,0.621,0.621,0.621,0.621,0.621,0.621,0.621,0.621,0.621,0.621,0.621,0.621,0.621,0.621,0.622,0.63
RGI60-16.02599,1.276,1.276,1.276,1.276,1.276,1.276,1.276,1.276,1.276,1.276,1.276,1.276,1.276,1.276,1.276,1.276,0.84,0.84,0.84,0.951,0.951,0.951,0.951,0.951,0.951,0.951,0.951,0.949,0.949,0.637,0.635,0.635,0.635,0.634,0.634,0.634,0.634,0.634,0.634,0.634,0.634,0.634,0.634,0.634,0.635,0.634,0.634,0.634,0.635,0.643
RGI60-16.02600,1.295,1.295,1.295,1.295,1.295,1.295,1.295,1.295,1.295,1.295,1.295,1.295,1.295,1.295,1.295,1.295,0.87,0.87,0.87,0.977,0.977,0.977,0.977,0.977,0.977,0.977,0.977,0.975,0.975,0.676,0.674,0.674,0.674,0.674,0.674,0.674,0.674,0.674,0.674,0.674,0.674,0.674,0.674,0.674,0.674,0.674,0.674,0.674,0.674,0.682
RGI60-16.02601,1.301,1.301,1.301,1.301,1.301,1.301,1.301,1.301,1.301,1.301,1.301,1.301,1.301,1.301,1.301,1.301,0.879,0.879,0.879,0.985,0.985,0.985,0.985,0.985,0.985,0.985,0.985,0.983,0.983,0.686,0.684,0.684,0.684,0.684,0.684,0.684,0.684,0.684,0.684,0.684,0.684,0.684,0.684,0.684,0.684,0.684,0.684,0.684,0.684,0.692
RGI60-16.02602,1.256,1.256,1.256,1.256,1.256,1.256,1.256,1.256,1.256,1.256,1.256,1.256,1.256,1.256,1.256,1.256,0.811,0.811,0.811,0.925,0.925,0.925,0.925,0.925,0.925,0.925,0.925,0.922,0.922,0.595,0.593,0.593,0.593,0.592,0.592,0.592,0.592,0.592,0.592,0.592,0.592,0.592,0.592,0.592,0.593,0.592,0.592,0.592,0.593,0.602
RGI60-16.02603,1.244,1.244,1.244,1.244,1.244,1.244,1.244,1.244,1.244,1.244,1.244,1.244,1.244,1.244,1.244,1.244,0.792,0.792,0.792,0.908,0.908,0.908,0.908,0.908,0.908,0.908,0.908,0.906,0.906,0.563,0.561,0.561,0.561,0.561,0.561,0.561,0.561,0.561,0.561,0.561,0.561,0.561,0.561,0.561,0.561,0.561,0.561,0.561,0.561,0.57
RGI60-16.02604,1.344,1.344,1.344,1.344,1.344,1.344,1.344,1.344,1.344,1.344,1.344,1.344,1.344,1.344,1.344,1.344,0.941,0.941,0.941,1.04,1.04,1.04,1.04,1.04,1.04,1.04,1.04,1.038,1.038,0.772,0.77,0.77,0.77,0.77,0.77,0.77,0.77,0.77,0.77,0.77,0.77,0.77,0.77,0.77,0.77,0.77,0.77,0.77,0.77,0.778
RGI60-16.02605,1.285,1.285,1.285,1.285,1.285,1.285,1.285,1.285,1.285,1.285,1.285,1.285,1.285,1.285,1.285,1.285,0.855,0.855,0.855,0.964,0.964,0.964,0.964,0.964,0.964,0.964,0.964,0.961,0.961,0.667,0.665,0.665,0.665,0.664,0.664,0.664,0.664,0.664,0.664,0.664,0.664,0.664,0.664,0.664,0.665,0.664,0.664,0.664,0.665,0.674
RGI60-16.02606,1.719,1.719,1.719,1.719,1.719,1.719,1.719,1.719,1.719,1.719,1.719,1.719,1.719,1.719,1.719,1.719,1.426,1.426,1.426,1.494,1.494,1.494,1.494,1.494,1.494,1.494,1.494,1.492,1.492,1.323,1.322,1.322,1.322,1.321,1.321,1.321,1.321,1.321,1.321,1.321,1.321,1.321,1.321,1.321,1.322,1.321,1.321,1.321,1.322,1.326
RGI60-16.02607,1.276,1.276,1.276,1.276,1.276,1.276,1.276,1.276,1.276,1.276,1.276,1.276,1.276,1.276,1.276,1.276,0.844,0.844,0.844,0.951,0.951,0.951,0.951,0.951,0.951,0.951,0.951,0.949,0.949,0.715,0.712,0.712,0.712,0.711,0.711,0.711,0.711,0.711,0.711,0.711,0.711,0.711,0.711,0.711,0.712,0.711,0.711,0.711,0.712,0.727
RGI60-16.02608,1.322,1.322,1.322,1.322,1.322,1.322,1.322,1.322,1.322,1.322,1.322,1.322,1.322,1.322,1.322,1.322,0.913,0.913,0.913,1.013,1.013,1.013,1.013,1.013,1.013,1.013,1.013,1.011,1.011,0.794,0.791,0.791,0.791,0.79,0.79,0.79,0.79,0.79,0.79,0.79,0.79,0.79,0.79,0.79,0.791,0.79,0.79,0.79,0.791,0.804
RGI60-16.02609,1.301,1.301,1.301,1.301,1.301,1.301,1.301,1.301,1.301,1.301,1.301,1.301,1.301,1.301,1.301,1.301,0.881,0.881,0.881,0.984,0.984,0.984,0.984,0.984,0.984,0.984,0.984,0.982,0.982,0.762,0.759,0.759,0.759,0.758,0.758,0.758,0.758,0.758,0.758,0.758,0.758,0.758,0.758,0.758,0.759,0.758,0.758,0.758,0.759,0.773
RGI60-16.02610,1.296,1.296,1.296,1.296,1.296,1.296,1.296,1.296,1.296,1.296,1.296,1.296,1.296,1.296,1.296,1.296,0.874,0.874,0.874,0.977,0.977,0.977,0.977,0.977,0.977,0.977,0.977,0.975,0.975,0.755,0.752,0.752,0.752,0.751,0.751,0.751,0.751,0.751,0.751,0.751,0.751,0.751,0.751,0.751,0.752,0.751,0.751,0.751,0.752,0.766
RGI60-16.02611,1.256,1.256,1.256,1.256,1.256,1.256,1.256,1.256,1.256,1.256,1.256,1.256,1.256,1.256,1.256,1.256,0.765,0.765,0.765,0.924,0.924,0.924,0.924,0.924,0.924,0.924,0.924,0.92,0.92,0.842,0.835,0.835,0.835,0.833,0.833,0.833,0.833,0.833,0.833,0.833,0.833,0.833,0.833,0.833,0.835,0.833,0.833,0.833,0.835,0.922
RGI60-16.02612,1.253,1.253,1.253,1.253,1.253,1.253,1.253,1.253,1.253,1.253,1.253,1.253,1.253,1.253,1.253,1.253,0.768,0.768,0.768,0.92,0.92,0.92,0.92,0.92,0.92,0.92,0.92,0.916,0.916,0.818,0.812,0.812,0.812,0.809,0.809,0.809,0.809,0.809,0.809,0.809,0.809,0.809,0.809,0.809,0.812,0.809,0.809,0.809,0.812,0.881
RGI60-16.02613,1.599,1.599,1.599,1.599,1.599,1.599,1.599,1.599,1.599,1.599,1.599,1.599,1.599,1.599,1.599,1.599,1.256,1.256,1.256,1.354,1.354,1.354,1.354,1.354,1.354,1.354,1.354,1.352,1.352,1.286,1.282,1.282,1.282,1.281,1.281,1.281,1.281,1.281,1.281,1.281,1.281,1.281,1.281,1.281,1.282,1.281,1.281,1.281,1.282,1.326
RGI60-16.02614,1.247,1.247,1.247,1.247,1.247,1.247,1.247,1.247,1.247,1.247,1.247,1.247,1.247,1.247,1.247,1.247,0.759,0.759,0.759,0.912,0.912,0.912,0.912,0.912,0.912,0.912,0.912,0.908,0.908,0.808,0.802,0.802,0.802,0.799,0.799,0.799,0.799,0.799,0.799,0.799,0.799,0.799,0.799,0.799,0.802,0.799,0.799,0.799,0.801,0.87
RGI60-16.02615,1.548,1.548,1.548,1.548,1.548,1.548,1.548,1.548,1.548,1.548,1.548,1.548,1.548,1.548,1.548,1.548,1.191,1.191,1.191,1.294,1.294,1.294,1.294,1.294,1.294,1.294,1.294,1.291,1.291,1.222,1.218,1.218,1.218,1.216,1.216,1.216,1.216,1.216,1.216,1.216,1.216,1.216,1.216,1.216,1.218,1.216,1.216,1.216,1.218,1.264
RGI60-16.02616,1.296,1.296,1.296,1.296,1.296,1.296,1.296,1.296,1.296,1.296,1.296,1.296,1.296,1.296,1.296,1.296,0.837,0.837,0.837,0.978,0.978,0.978,0.978,0.978,0.978,0.978,0.978,0.974,0.974,0.881,0.875,0.875,0.875,0.873,0.873,0.873,0.873,0.873,0.873,0.873,0.873,0.873,0.873,0.873,0.875,0.873,0.873,0.873,0.875,0.938
RGI60-16.02617,1.726,1.726,1.726,1.726,1.726,1.726,1.726,1.726,1.726,1.726,1.726,1.726,1.726,1.726,1.726,1.726,1.415,1.415,1.415,1.502,1.502,1.502,1.502,1.502,1.502,1.502,1.502,1.5,1.5,1.441,1.437,1.437,1.437,1.436,1.436,1.436,1.436,1.436,1.436,1.436,1.436,1.436,1.436,1.436,1.437,1.436,1.436,1.436,1.437,1.476
RGI60-16.02618,1.249,1.249,1.249,1.249,1.249,1.249,1.249,1.249,1.249,1.249,1.249,1.249,1.249,1.249,1.249,1.249,0.763,0.763,0.763,0.915,0.915,0.915,0.915,0.915,0.915,0.915,0.915,0.911,0.911,0.811,0.805,0.805,0.805,0.802,0.802,0.802,0.802,0.802,0.802,0.802,0.802,0.802,0.802,0.802,0.805,0.802,0.802,0.802,0.804,0.872
RGI60-16.02619,1.364,1.364,1.364,1.364,1.364,1.364,1.364,1.364,1.364,1.364,1.364,1.364,1.364,1.364,1.364,1.364,0.939,0.939,0.939,1.066,1.066,1.066,1.066,1.066,1.066,1.066,1.066,1.063,1.063,0.978,0.973,0.973,0.973,0.971,0.971,0.971,0.971,0.971,0.971,0.971,0.971,0.971,0.971,0.971,0.973,0.971,0.971,0.971,0.973,1.029
RGI60-16.02620,1.253,1.253,1.253,1.253,1.253,1.253,1.253,1.253,1.253,1.253,1.253,1.253,1.253,1.253,1.253,1.253,0.768,0.768,0.768,0.92,0.92,0.92,0.92,0.92,0.92,0.92,0.92,0.916,0.916,0.818,0.811,0.811,0.811,0.809,0.809,0.809,0.809,0.809,0.809,0.809,0.809,0.809,0.809,0.809,0.811,0.809,0.809,0.809,0.811,0.88
RGI60-16.02621,1.292,1.292,1.292,1.292,1.292,1.292,1.292,1.292,1.292,1.292,1.292,1.292,1.292,1.292,1.292,1.292,0.831,0.831,0.831,0.973,0.973,0.973,0.973,0.973,0.973,0.973,0.973,0.97,0.97,0.877,0.871,0.871,0.871,0.869,0.869,0.869,0.869,0.869,0.869,0.869,0.869,0.869,0.869,0.869,0.871,0.869,0.869,0.869,0.871,0.935
RGI60-16.02622,1.247,1.247,1.247,1.247,1.247,1.247,1.247,1.247,1.247,1.247,1.247,1.247,1.247,1.247,1.247,1.247,0.759,0.759,0.759,0.912,0.912,0.912,0.912,0.912,0.912,0.912,0.912,0.908,0.908,0.809,0.802,0.802,0.802,0.8,0.8,0.8,0.8,0.8,0.8,0.8,0.8,0.8,0.8,0.8,0.802,0.8,0.8,0.8,0.802,0.871
RGI60-16.02623,1.256,1.256,1.256,1.256,1.256,1.256,1.256,1.256,1.256,1.256,1.256,1.256,1.256,1.256,1.256,1.256,0.774,0.774,0.774,0.925,0.925,0.925,0.925,0.925,0.925,0.925,0.925,0.921,0.921,0.823,0.817,0.817,0.817,0.814,0.814,0.814,0.814,0.814,0.814,0.814,0.814,0.814,0.814,0.814,0.817,0.814,0.814,0.814,0.816,0.884
RGI60-16.02624,1.324,1.324,1.324,1.324,1.324,1.324,1.324,1.324,1.324,1.324,1.324,1.324,1.324,1.324,1.324,1.324,0.878,0.878,0.878,1.014,1.014,1.014,1.014,1.014,1.014,1.014,1.014,1.011,1.011,0.923,0.917,0.917,0.917,0.915,0.915,0.915,0.915,0.915,0.915,0.915,0.915,0.915,0.915,0.915,0.917,0.915,0.915,0.915,0.917,0.979
RGI60-16.02625,1.28,1.28,1.28,1.28,1.28,1.28,1.28,1.28,1.28,1.28,1.28,1.28,1.28,1.28,1.28,1.28,0.812,0.812,0.812,0.957,0.957,0.957,0.957,0.957,0.957,0.957,0.957,0.953,0.953,0.859,0.854,0.854,0.854,0.851,0.851,0.851,0.851,0.851,0.851,0.851,0.851,0.851,0.851,0.851,0.854,0.851,0.851,0.851,0.853,0.919
RGI60-16.02626,1.263,1.263,1.263,1.263,1.263,1.263,1.263,1.263,1.263,1.263,1.263,1.263,1.263,1.263,1.263,1.263,0.785,0.785,0.785,0.934,0.934,0.934,0.934,0.934,0.934,0.934,0.934,0.93,0.93,0.832,0.826,0.826,0.826,0.824,0.824,0.824,0.824,0.824,0.824,0.824,0.824,0.824,0.824,0.824,0.826,0.824,0.824,0.824,0.826,0.892
RGI60-16.02627,1.329,1.329,1.329,1.329,1.329,1.329,1.329,1.329,1.329,1.329,1.329,1.329,1.329,1.329,1.329,1.329,0.887,0.887,0.887,1.021,1.021,1.021,1.021,1.021,1.021,1.021,1.021,1.017,1.017,0.928,0.923,0.923,0.923,0.921,0.921,0.921,0.921,0.921,0.921,0.921,0.921,0.921,0.921,0.921,0.923,0.921,0.921,0.921,0.923,0.983
RGI60-16.02628,1.314,1.314,1.314,1.314,1.314,1.314,1.314,1.314,1.314,1.314,1.314,1.314,1.314,1.314,1.314,1.314,0.864,0.864,0.864,1.001,1.001,1.001,1.001,1.001,1.001,1.001,1.001,0.998,0.998,0.907,0.902,0.902,0.902,0.899,0.899,0.899,0.899,0.899,0.899,0.899,0.899,0.899,0.899,0.899,0.902,0.899,0.899,0.899,0.901,0.963
RGI60-16.02629,3.036,3.036,3.036,3.036,3.036,3.036,3.036,3.036,3.036,3.036,3.036,3.036,3.036,3.036,3.036,3.036,2.87,2.87,2.87,2.914,2.914,2.914,2.914,2.914,2.914,2.914,2.914,2.913,2.913,2.884,2.882,2.882,2.882,2.881,2.881,2.881,2.881,2.881,2.881,2.881,2.881,2.881,2.881,2.881,2.882,2.881,2.881,2.881,2.882,2.901
RGI60-16.02630,1.458,1.458,1.458,1.458,1.458,1.458,1.458,1.458,1.458,1.458,1.458,1.458,1.458,1.458,1.458,1.458,1.071,1.071,1.071,1.184,1.184,1.184,1.184,1.184,1.184,1.184,1.184,1.181,1.181,1.106,1.102,1.102,1.102,1.1,1.1,1.1,1.1,1.1,1.1,1.1,1.1,1.1,1.1,1.1,1.102,1.1,1.1,1.1,1.101,1.152
RGI60-16.02631,1.263,1.263,1.263,1.263,1.263,1.263,1.263,1.263,1.263,1.263,1.263,1.263,1.263,1.263,1.263,1.263,0.784,0.784,0.784,0.933,0.933,0.933,0.933,0.933,0.933,0.933,0.933,0.93,0.93,0.832,0.826,0.826,0.826,0.823,0.823,0.823,0.823,0.823,0.823,0.823,0.823,0.823,0.823,0.823,0.826,0.823,0.823,0.823,0.826,0.892
RGI60-16.02632,1.3,1.3,1.3,1.3,1.3,1.3,1.3,1.3,1.3,1.3,1.3,1.3,1.3,1.3,1.3,1.3,0.844,0.844,0.844,0.984,0.984,0.984,0.984,0.984,0.984,0.984,0.984,0.98,0.98,0.888,0.882,0.882,0.882,0.88,0.88,0.88,0.88,0.88,0.88,0.88,0.88,0.88,0.88,0.88,0.882,0.88,0.88,0.88,0.882,0.945
RGI60-16.02633,1.252,1.252,1.252,1.252,1.252,1.252,1.252,1.252,1.252,1.252,1.252,1.252,1.252,1.252,1.252,1.252,0.767,0.767,0.767,0.918,0.918,0.918,0.918,0.918,0.918,0.918,0.918,0.914,0.914,0.814,0.807,0.807,0.807,0.805,0.805,0.805,0.805,0.805,0.805,0.805,0.805,0.805,0.805,0.805,0.807,0.805,0.805,0.805,0.807,0.874
RGI60-16.02634,1.283,1.283,1.283,1.283,1.283,1.283,1.283,1.283,1.283,1.283,1.283,1.283,1.283,1.283,1.283,1.283,0.817,0.817,0.817,0.961,0.961,0.961,0.961,0.961,0.961,0.961,0.961,0.957,0.957,0.862,0.856,0.856,0.856,0.853,0.853,0.853,0.853,0.853,0.853,0.853,0.853,0.853,0.853,0.853,0.856,0.853,0.853,0.853,0.855,0.919
RGI60-16.02635,1.313,1.313,1.313,1.313,1.313,1.313,1.313,1.313,1.313,1.313,1.313,1.313,1.313,1.313,1.313,1.313,0.863,0.863,0.863,1.0,1.0,1.0,1.0,1.0,1.0,1.0,1.0,0.997,0.997,0.906,0.9,0.9,0.9,0.898,0.898,0.898,0.898,0.898,0.898,0.898,0.898,0.898,0.898,0.898,0.9,0.898,0.898,0.898,0.9,0.961
RGI60-16.02636,1.388,1.388,1.388,1.388,1.388,1.388,1.388,1.388,1.388,1.388,1.388,1.388,1.388,1.388,1.388,1.388,0.973,0.973,0.973,1.097,1.097,1.097,1.097,1.097,1.097,1.097,1.097,1.094,1.094,1.012,1.007,1.007,1.007,1.005,1.005,1.005,1.005,1.005,1.005,1.005,1.005,1.005,1.005,1.005,1.007,1.005,1.005,1.005,1.007,1.062
RGI60-16.02637,1.312,1.312,1.312,1.312,1.312,1.312,1.312,1.312,1.312,1.312,1.312,1.312,1.312,1.312,1.312,1.312,0.861,0.861,0.861,0.999,0.999,0.999,0.999,0.999,0.999,0.999,0.999,0.995,0.995,0.904,0.899,0.899,0.899,0.897,0.897,0.897,0.897,0.897,0.897,0.897,0.897,0.897,0.897,0.897,0.899,0.897,0.897,0.897,0.898,0.96
RGI60-16.02638,1.278,1.278,1.278,1.278,1.278,1.278,1.278,1.278,1.278,1.278,1.278,1.278,1.278,1.278,1.278,1.278,0.809,0.809,0.809,0.954,0.954,0.954,0.954,0.954,0.954,0.954,0.954,0.95,0.95,0.855,0.849,0.849,0.849,0.847,0.847,0.847,0.847,0.847,0.847,0.847,0.847,0.847,0.847,0.847,0.849,0.847,0.847,0.847,0.849,0.914
RGI60-16.02639,1.379,1.379,1.379,1.379,1.379,1.379,1.379,1.379,1.379,1.379,1.379,1.379,1.379,1.379,1.379,1.379,0.961,0.961,0.961,1.086,1.086,1.086,1.086,1.086,1.086,1.086,1.086,1.083,1.083,1.0,0.995,0.995,0.995,0.993,0.993,0.993,0.993,0.993,0.993,0.993,0.993,0.993,0.993,0.993,0.995,0.993,0.993,0.993,0.994,1.05
RGI60-16.02640,1.344,1.344,1.344,1.344,1.344,1.344,1.344,1.344,1.344,1.344,1.344,1.344,1.344,1.344,1.344,1.344,0.91,0.91,0.91,1.041,1.041,1.041,1.041,1.041,1.041,1.041,1.041,1.038,1.038,0.951,0.946,0.946,0.946,0.944,0.944,0.944,0.944,0.944,0.944,0.944,0.944,0.944,0.944,0.944,0.946,0.944,0.944,0.944,0.946,1.005
RGI60-16.02641,1.671,1.671,1.671,1.671,1.671,1.671,1.671,1.671,1.671,1.671,1.671,1.671,1.671,1.671,1.671,1.671,1.346,1.346,1.346,1.438,1.438,1.438,1.438,1.438,1.438,1.438,1.438,1.436,1.436,1.375,1.371,1.371,1.371,1.37,1.37,1.37,1.37,1.37,1.37,1.37,1.37,1.37,1.37,1.37,1.371,1.37,1.37,1.37,1.371,1.412
RGI60-16.02642,1.277,1.277,1.277,1.277,1.277,1.277,1.277,1.277,1.277,1.277,1.277,1.277,1.277,1.277,1.277,1.277,0.806,0.806,0.806,0.952,0.952,0.952,0.952,0.952,0.952,0.952,0.952,0.948,0.948,0.853,0.847,0.847,0.847,0.845,0.845,0.845,0.845,0.845,0.845,0.845,0.845,0.845,0.845,0.845,0.847,0.845,0.845,0.845,0.847,0.912
RGI60-16.02643,1.312,1.312,1.312,1.312,1.312,1.312,1.312,1.312,1.312,1.312,1.312,1.312,1.312,1.312,1.312,1.312,0.86,0.86,0.86,0.998,0.998,0.998,0.998,0.998,0.998,0.998,0.998,0.995,0.995,0.905,0.899,0.899,0.899,0.897,0.897,0.897,0.897,0.897,0.897,0.897,0.897,0.897,0.897,0.897,0.899,0.897,0.897,0.897,0.899,0.961
RGI60-16.02644,1.305,1.305,1.305,1.305,1.305,1.305,1.305,1.305,1.305,1.305,1.305,1.305,1.305,1.305,1.305,1.305,0.85,0.85,0.85,0.989,0.989,0.989,0.989,0.989,0.989,0.989,0.989,0.986,0.986,0.895,0.889,0.889,0.889,0.887,0.887,0.887,0.887,0.887,0.887,0.887,0.887,0.887,0.887,0.887,0.889,0.887,0.887,0.887,0.889,0.952
RGI60-16.02645,1.406,1.406,1.406,1.406,1.406,1.406,1.406,1.406,1.406,1.406,1.406,1.406,1.406,1.406,1.406,1.406,0.999,0.999,0.999,1.119,1.119,1.119,1.119,1.119,1.119,1.119,1.119,1.116,1.116,1.035,1.03,1.03,1.03,1.028,1.028,1.028,1.028,1.028,1.028,1.028,1.028,1.028,1.028,1.028,1.03,1.028,1.028,1.028,1.03,1.083
RGI60-16.02646,1.352,1.352,1.352,1.352,1.352,1.352,1.352,1.352,1.352,1.352,1.352,1.352,1.352,1.352,1.352,1.352,0.922,0.922,0.922,1.051,1.051,1.051,1.051,1.051,1.051,1.051,1.051,1.048,1.048,0.961,0.956,0.956,0.956,0.953,0.953,0.953,0.953,0.953,0.953,0.953,0.953,0.953,0.953,0.953,0.956,0.953,0.953,0.953,0.955,1.013
RGI60-16.02647,1.272,1.272,1.272,1.272,1.272,1.272,1.272,1.272,1.272,1.272,1.272,1.272,1.272,1.272,1.272,1.272,0.8,0.8,0.8,0.946,0.946,0.946,0.946,0.946,0.946,0.946,0.946,0.942,0.942,0.844,0.838,0.838,0.838,0.836,0.836,0.836,0.836,0.836,0.836,0.836,0.836,0.836,0.836,0.836,0.838,0.836,0.836,0.836,0.838,0.903
RGI60-16.02648,1.332,1.332,1.332,1.332,1.332,1.332,1.332,1.332,1.332,1.332,1.332,1.332,1.332,1.332,1.332,1.332,0.892,0.892,0.892,1.025,1.025,1.025,1.025,1.025,1.025,1.025,1.025,1.022,1.022,0.933,0.928,0.928,0.928,0.926,0.926,0.926,0.926,0.926,0.926,0.926,0.926,0.926,0.926,0.926,0.928,0.926,0.926,0.926,0.928,0.987
RGI60-16.02649,1.324,1.324,1.324,1.324,1.324,1.324,1.324,1.324,1.324,1.324,1.324,1.324,1.324,1.324,1.324,1.324,0.88,0.88,0.88,1.015,1.015,1.015,1.015,1.015,1.015,1.015,1.015,1.011,1.011,0.922,0.916,0.916,0.916,0.914,0.914,0.914,0.914,0.914,0.914,0.914,0.914,0.914,0.914,0.914,0.916,0.914,0.914,0.914,0.916,0.976
RGI60-16.02650,1.246,1.246,1.246,1.246,1.246,1.246,1.246,1.246,1.246,1.246,1.246,1.246,1.246,1.246,1.246,1.246,0.757,0.757,0.757,0.911,0.911,0.911,0.911,0.911,0.911,0.911,0.911,0.907,0.907,0.807,0.801,0.801,0.801,0.798,0.798,0.798,0.798,0.798,0.798,0.798,0.798,0.798,0.798,0.798,0.801,0.798,0.798,0.798,0.8,0.87
RGI60-16.02651,1.318,1.318,1.318,1.318,1.318,1.318,1.318,1.318,1.318,1.318,1.318,1.318,1.318,1.318,1.318,1.318,0.871,0.871,0.871,1.007,1.007,1.007,1.007,1.007,1.007,1.007,1.007,1.003,1.003,0.913,0.908,0.908,0.908,0.906,0.906,0.906,0.906,0.906,0.906,0.906,0.906,0.906,0.906,0.906,0.908,0.906,0.906,0.906,0.908,0.969
RGI60-16.02652,1.3,1.3,1.3,1.3,1.3,1.3,1.3,1.3,1.3,1.3,1.3,1.3,1.3,1.3,1.3,1.3,0.843,0.843,0.843,0.984,0.984,0.984,0.984,0.984,0.984,0.984,0.984,0.98,0.98,0.888,0.883,0.883,0.883,0.88,0.88,0.88,0.88,0.88,0.88,0.88,0.88,0.88,0.88,0.88,0.883,0.88,0.88,0.88,0.882,0.946
RGI60-16.02653,1.277,1.277,1.277,1.277,1.277,1.277,1.277,1.277,1.277,1.277,1.277,1.277,1.277,1.277,1.277,1.277,0.807,0.807,0.807,0.953,0.953,0.953,0.953,0.953,0.953,0.953,0.953,0.949,0.949,0.854,0.848,0.848,0.848,0.846,0.846,0.846,0.846,0.846,0.846,0.846,0.846,0.846,0.846,0.846,0.848,0.846,0.846,0.846,0.848,0.913
RGI60-16.02654,1.294,1.294,1.294,1.294,1.294,1.294,1.294,1.294,1.294,1.294,1.294,1.294,1.294,1.294,1.294,1.294,0.834,0.834,0.834,0.976,0.976,0.976,0.976,0.976,0.976,0.976,0.976,0.972,0.972,0.879,0.873,0.873,0.873,0.871,0.871,0.871,0.871,0.871,0.871,0.871,0.871,0.871,0.871,0.871,0.873,0.871,0.871,0.871,0.873,0.936
RGI60-16.02655,1.274,1.274,1.274,1.274,1.274,1.274,1.274,1.274,1.274,1.274,1.274,1.274,1.274,1.274,1.274,1.274,0.802,0.802,0.802,0.948,0.948,0.948,0.948,0.948,0.948,0.948,0.948,0.944,0.944,0.849,0.843,0.843,0.843,0.84,0.84,0.84,0.84,0.84,0.84,0.84,0.84,0.84,0.84,0.84,0.843,0.84,0.84,0.84,0.842,0.908
RGI60-16.02656,1.282,1.282,1.282,1.282,1.282,1.282,1.282,1.282,1.282,1.282,1.282,1.282,1.282,1.282,1.282,1.282,0.815,0.815,0.815,0.959,0.959,0.959,0.959,0.959,0.959,0.959,0.959,0.956,0.956,0.861,0.855,0.855,0.855,0.853,0.853,0.853,0.853,0.853,0.853,0.853,0.853,0.853,0.853,0.853,0.855,0.853,0.853,0.853,0.855,0.919
RGI60-16.02657,1.296,1.296,1.296,1.296,1.296,1.296,1.296,1.296,1.296,1.296,1.296,1.296,1.296,1.296,1.296,1.296,0.836,0.836,0.836,0.978,0.978,0.978,0.978,0.978,0.978,0.978,0.978,0.974,0.974,0.882,0.876,0.876,0.876,0.874,0.874,0.874,0.874,0.874,0.874,0.874,0.874,0.874,0.874,0.874,0.876,0.874,0.874,0.874,0.876,0.94
RGI60-16.02658,1.324,1.324,1.324,1.324,1.324,1.324,1.324,1.324,1.324,1.324,1.324,1.324,1.324,1.324,1.324,1.324,0.881,0.881,0.881,1.015,1.015,1.015,1.015,1.015,1.015,1.015,1.015,1.012,1.012,0.922,0.917,0.917,0.917,0.915,0.915,0.915,0.915,0.915,0.915,0.915,0.915,0.915,0.915,0.915,0.917,0.915,0.915,0.915,0.916,0.977
RGI60-16.02659,1.316,1.316,1.316,1.316,1.316,1.316,1.316,1.316,1.316,1.316,1.316,1.316,1.316,1.316,1.316,1.316,0.868,0.868,0.868,1.005,1.005,1.005,1.005,1.005,1.005,1.005,1.005,1.001,1.001,0.912,0.906,0.906,0.906,0.904,0.904,0.904,0.904,0.904,0.904,0.904,0.904,0.904,0.904,0.904,0.906,0.904,0.904,0.904,0.906,0.967
RGI60-16.02660,1.279,1.279,1.279,1.279,1.279,1.279,1.279,1.279,1.279,1.279,1.279,1.279,1.279,1.279,1.279,1.279,0.811,0.811,0.811,0.955,0.955,0.955,0.955,0.955,0.955,0.955,0.955,0.951,0.951,0.855,0.849,0.849,0.849,0.847,0.847,0.847,0.847,0.847,0.847,0.847,0.847,0.847,0.847,0.847,0.849,0.847,0.847,0.847,0.849,0.913
RGI60-16.02661,1.26,1.26,1.26,1.26,1.26,1.26,1.26,1.26,1.26,1.26,1.26,1.26,1.26,1.26,1.26,1.26,0.779,0.779,0.779,0.929,0.929,0.929,0.929,0.929,0.929,0.929,0.929,0.926,0.926,0.828,0.822,0.822,0.822,0.819,0.819,0.819,0.819,0.819,0.819,0.819,0.819,0.819,0.819,0.819,0.822,0.819,0.819,0.819,0.821,0.889
RGI60-16.02662,1.33,1.33,1.33,1.33,1.33,1.33,1.33,1.33,1.33,1.33,1.33,1.33,1.33,1.33,1.33,1.33,0.889,0.889,0.889,1.023,1.023,1.023,1.023,1.023,1.023,1.023,1.023,1.019,1.019,0.931,0.925,0.925,0.925,0.923,0.923,0.923,0.923,0.923,0.923,0.923,0.923,0.923,0.923,0.923,0.925,0.923,0.923,0.923,0.925,0.985
RGI60-16.02663,1.39,1.39,1.39,1.39,1.39,1.39,1.39,1.39,1.39,1.39,1.39,1.39,1.39,1.39,1.39,1.39,0.977,0.977,0.977,1.1,1.1,1.1,1.1,1.1,1.1,1.1,1.1,1.097,1.097,1.015,1.01,1.01,1.01,1.008,1.008,1.008,1.008,1.008,1.008,1.008,1.008,1.008,1.008,1.008,1.01,1.008,1.008,1.008,1.009,1.065
RGI60-16.02664,1.858,1.858,1.858,1.858,1.858,1.858,1.858,1.858,1.858,1.858,1.858,1.858,1.858,1.858,1.858,1.858,1.573,1.573,1.573,1.652,1.652,1.652,1.652,1.652,1.652,1.652,1.652,1.65,1.65,1.597,1.594,1.594,1.594,1.592,1.592,1.592,1.592,1.592,1.592,1.592,1.592,1.592,1.592,1.592,1.594,1.592,1.592,1.592,1.594,1.629
RGI60-16.02665,1.248,1.248,1.248,1.248,1.248,1.248,1.248,1.248,1.248,1.248,1.248,1.248,1.248,1.248,1.248,1.248,0.76,0.76,0.76,0.913,0.913,0.913,0.913,0.913,0.913,0.913,0.913,0.909,0.909,0.808,0.802,0.802,0.802,0.8,0.8,0.8,0.8,0.8,0.8,0.8,0.8,0.8,0.8,0.8,0.802,0.8,0.8,0.8,0.802,0.87
RGI60-16.02666,1.271,1.271,1.271,1.271,1.271,1.271,1.271,1.271,1.271,1.271,1.271,1.271,1.271,1.271,1.271,1.271,0.798,0.798,0.798,0.945,0.945,0.945,0.945,0.945,0.945,0.945,0.945,0.941,0.941,0.846,0.84,0.84,0.84,0.837,0.837,0.837,0.837,0.837,0.837,0.837,0.837,0.837,0.837,0.837,0.84,0.837,0.837,0.837,0.839,0.906
RGI60-16.02667,1.267,1.267,1.267,1.267,1.267,1.267,1.267,1.267,1.267,1.267,1.267,1.267,1.267,1.267,1.267,1.267,0.791,0.791,0.791,0.939,0.939,0.939,0.939,0.939,0.939,0.939,0.939,0.935,0.935,0.839,0.833,0.833,0.833,0.83,0.83,0.83,0.83,0.83,0.83,0.83,0.83,0.83,0.83,0.83,0.833,0.83,0.83,0.83,0.833,0.9
RGI60-16.02668,1.251,1.251,1.251,1.251,1.251,1.251,1.251,1.251,1.251,1.251,1.251,1.251,1.251,1.251,1.251,1.251,0.766,0.766,0.766,0.918,0.918,0.918,0.918,0.918,0.918,0.918,0.918,0.914,0.914,0.813,0.807,0.807,0.807,0.804,0.804,0.804,0.804,0.804,0.804,0.804,0.804,0.804,0.804,0.804,0.807,0.804,0.804,0.804,0.806,0.874
RGI60-16.02669,1.254,1.254,1.254,1.254,1.254,1.254,1.254,1.254,1.254,1.254,1.254,1.254,1.254,1.254,1.254,1.254,0.77,0.77,0.77,0.921,0.921,0.921,0.921,0.921,0.921,0.921,0.921,0.917,0.917,0.82,0.813,0.813,0.813,0.811,0.811,0.811,0.811,0.811,0.811,0.811,0.811,0.811,0.811,0.811,0.813,0.811,0.811,0.811,0.813,0.882
RGI60-16.02670,1.255,1.255,1.255,1.255,1.255,1.255,1.255,1.255,1.255,1.255,1.255,1.255,1.255,1.255,1.255,1.255,0.773,0.773,0.773,0.923,0.923,0.923,0.923,0.923,0.923,0.923,0.923,0.92,0.92,0.82,0.814,0.814,0.814,0.812,0.812,0.812,0.812,0.812,0.812,0.812,0.812,0.812,0.812,0.812,0.814,0.812,0.812,0.812,0.814,0.881
RGI60-16.02671,1.247,1.247,1.247,1.247,1.247,1.247,1.247,1.247,1.247,1.247,1.247,1.247,1.247,1.247,1.247,1.247,0.758,0.758,0.758,0.912,0.912,0.912,0.912,0.912,0.912,0.912,0.912,0.908,0.908,0.807,0.801,0.801,0.801,0.798,0.798,0.798,0.798,0.798,0.798,0.798,0.798,0.798,0.798,0.798,0.801,0.798,0.798,0.798,0.8,0.869
RGI60-16.02672,1.249,1.249,1.249,1.249,1.249,1.249,1.249,1.249,1.249,1.249,1.249,1.249,1.249,1.249,1.249,1.249,0.761,0.761,0.761,0.914,0.914,0.914,0.914,0.914,0.914,0.914,0.914,0.91,0.91,0.81,0.804,0.804,0.804,0.801,0.801,0.801,0.801,0.801,0.801,0.801,0.801,0.801,0.801,0.801,0.804,0.801,0.801,0.801,0.803,0.872
RGI60-16.02673,1.25,1.25,1.25,1.25,1.25,1.25,1.25,1.25,1.25,1.25,1.25,1.25,1.25,1.25,1.25,1.25,0.764,0.764,0.764,0.916,0.916,0.916,0.916,0.916,0.916,0.916,0.916,0.913,0.913,0.813,0.807,0.807,0.807,0.804,0.804,0.804,0.804,0.804,0.804,0.804,0.804,0.804,0.804,0.804,0.807,0.804,0.804,0.804,0.806,0.875
RGI60-16.02674,1.246,1.246,1.246,1.246,1.246,1.246,1.246,1.246,1.246,1.246,1.246,1.246,1.246,1.246,1.246,1.246,0.758,0.758,0.758,0.911,0.911,0.911,0.911,0.911,0.911,0.911,0.911,0.907,0.907,0.806,0.8,0.8,0.8,0.797,0.797,0.797,0.797,0.797,0.797,0.797,0.797,0.797,0.797,0.797,0.8,0.797,0.797,0.797,0.799,0.867
RGI60-16.02675,1.25,1.25,1.25,1.25,1.25,1.25,1.25,1.25,1.25,1.25,1.25,1.25,1.25,1.25,1.25,1.25,0.763,0.763,0.763,0.916,0.916,0.916,0.916,0.916,0.916,0.916,0.916,0.912,0.912,0.813,0.807,0.807,0.807,0.804,0.804,0.804,0.804,0.804,0.804,0.804,0.804,0.804,0.804,0.804,0.807,0.804,0.804,0.804,0.806,0.876
RGI60-16.02676,1.28,1.28,1.28,1.28,1.28,1.28,1.28,1.28,1.28,1.28,1.28,1.28,1.28,1.28,1.28,1.28,0.699,0.699,0.699,0.838,0.838,0.838,0.838,0.838,0.838,0.838,0.838,0.831,0.831,0.723,0.712,0.712,0.712,0.706,0.706,0.706,0.706,0.706,0.706,0.706,0.706,0.706,0.706,0.706,0.712,0.706,0.706,0.706,0.711,0.866
RGI60-16.02676,1.254,1.254,1.254,1.254,1.254,1.254,1.254,1.254,1.254,1.254,1.254,1.254,1.254,1.254,1.254,1.254,0.761,0.761,0.761,0.921,0.921,0.921,0.921,0.921,0.921,0.921,0.921,0.917,0.917,0.838,0.832,0.832,0.832,0.829,0.829,0.829,0.829,0.829,0.829,0.829,0.829,0.829,0.829,0.829,0.832,0.829,0.829,0.829,0.831,0.919
RGI60-16.02677,1.313,1.313,1.313,1.313,1.313,1.313,1.313,1.313,1.313,1.313,1.313,1.313,1.313,1.313,1.313,1.313,0.854,0.854,0.854,1.0,1.0,1.0,1.0,1.0,1.0,1.0,1.0,0.996,0.996,0.924,0.919,0.919,0.919,0.916,0.916,0.916,0.916,0.916,0.916,0.916,0.916,0.916,0.916,0.916,0.919,0.916,0.916,0.916,0.918,0.998
RGI60-16.02678,1.272,1.272,1.272,1.272,1.272,1.272,1.272,1.272,1.272,1.272,1.272,1.272,1.272,1.272,1.272,1.272,0.79,0.79,0.79,0.945,0.945,0.945,0.945,0.945,0.945,0.945,0.945,0.941,0.941,0.865,0.859,0.859,0.859,0.856,0.856,0.856,0.856,0.856,0.856,0.856,0.856,0.856,0.856,0.856,0.859,0.856,0.856,0.856,0.858,0.944
RGI60-16.02679,1.261,1.261,1.261,1.261,1.261,1.261,1.261,1.261,1.261,1.261,1.261,1.261,1.261,1.261,1.261,1.261,0.773,0.773,0.773,0.931,0.931,0.931,0.931,0.931,0.931,0.931,0.931,0.927,0.927,0.849,0.843,0.843,0.843,0.84,0.84,0.84,0.84,0.84,0.84,0.84,0.84,0.84,0.84,0.84,0.843,0.84,0.84,0.84,0.842,0.929
RGI60-16.02680,1.28,1.28,1.28,1.28,1.28,1.28,1.28,1.28,1.28,1.28,1.28,1.28,1.28,1.28,1.28,1.28,0.699,0.699,0.699,0.838,0.838,0.838,0.838,0.838,0.838,0.838,0.838,0.831,0.831,0.723,0.712,0.712,0.712,0.706,0.706,0.706,0.706,0.706,0.706,0.706,0.706,0.706,0.706,0.706,0.712,0.706,0.706,0.706,0.711,0.866
RGI60-16.02681,1.289,1.289,1.289,1.289,1.289,1.289,1.289,1.289,1.289,1.289,1.289,1.289,1.289,1.289,1.289,1.289,0.818,0.818,0.818,0.969,0.969,0.969,0.969,0.969,0.969,0.969,0.969,0.964,0.964,0.89,0.884,0.884,0.884,0.882,0.882,0.882,0.882,0.882,0.882,0.882,0.882,0.882,0.882,0.882,0.884,0.882,0.882,0.882,0.884,0.967
RGI60-16.02682,1.28,1.28,1.28,1.28,1.28,1.28,1.28,1.28,1.28,1.28,1.28,1.28,1.28,1.28,1.28,1.28,0.699,0.699,0.699,0.838,0.838,0.838,0.838,0.838,0.838,0.838,0.838,0.831,0.831,0.723,0.712,0.712,0.712,0.706,0.706,0.706,0.706,0.706,0.706,0.706,0.706,0.706,0.706,0.706,0.712,0.706,0.706,0.706,0.711,0.866
RGI60-16.02683,1.28,1.28,1.28,1.28,1.28,1.28,1.28,1.28,1.28,1.28,1.28,1.28,1.28,1.28,1.28,1.28,0.699,0.699,0.699,0.838,0.838,0.838,0.838,0.838,0.838,0.838,0.838,0.831,0.831,0.723,0.712,0.712,0.712,0.706,0.706,0.706,0.706,0.706,0.706,0.706,0.706,0.706,0.706,0.706,0.712,0.706,0.706,0.706,0.711,0.866
RGI60-16.02684,1.279,1.279,1.279,1.279,1.279,1.279,1.279,1.279,1.279,1.279,1.279,1.279,1.279,1.279,1.279,1.279,0.796,0.796,0.796,0.951,0.951,0.951,0.951,0.951,0.951,0.951,0.951,0.946,0.946,0.873,0.867,0.867,0.867,0.865,0.865,0.865,0.865,0.865,0.865,0.865,0.865,0.865,0.865,0.865,0.867,0.865,0.865,0.865,0.867,0.955
RGI60-16.02685,1.292,1.292,1.292,1.292,1.292,1.292,1.292,1.292,1.292,1.292,1.292,1.292,1.292,1.292,1.292,1.292,0.822,0.822,0.822,0.972,0.972,0.972,0.972,0.972,0.972,0.972,0.972,0.968,0.968,0.894,0.888,0.888,0.888,0.885,0.885,0.885,0.885,0.885,0.885,0.885,0.885,0.885,0.885,0.885,0.888,0.885,0.885,0.885,0.887,0.97
RGI60-16.02685,1.28,1.28,1.28,1.28,1.28,1.28,1.28,1.28,1.28,1.28,1.28,1.28,1.28,1.28,1.28,1.28,0.699,0.699,0.699,0.838,0.838,0.838,0.838,0.838,0.838,0.838,0.838,0.831,0.831,0.723,0.712,0.712,0.712,0.706,0.706,0.706,0.706,0.706,0.706,0.706,0.706,0.706,0.706,0.706,0.712,0.706,0.706,0.706,0.711,0.866
RGI60-16.02686,1.28,1.28,1.28,1.28,1.28,1.28,1.28,1.28,1.28,1.28,1.28,1.28,1.28,1.28,1.28,1.28,0.699,0.699,0.699,0.838,0.838,0.838,0.838,0.838,0.838,0.838,0.838,0.831,0.831,0.723,0.712,0.712,0.712,0.706,0.706,0.706,0.706,0.706,0.706,0.706,0.706,0.706,0.706,0.706,0.712,0.706,0.706,0.706,0.711,0.866
RGI60-16.02687,1.28,1.28,1.28,1.28,1.28,1.28,1.28,1.28,1.28,1.28,1.28,1.28,1.28,1.28,1.28,1.28,0.699,0.699,0.699,0.838,0.838,0.838,0.838,0.838,0.838,0.838,0.838,0.831,0.831,0.723,0.712,0.712,0.712,0.706,0.706,0.706,0.706,0.706,0.706,0.706,0.706,0.706,0.706,0.706,0.712,0.706,0.706,0.706,0.711,0.866
RGI60-16.02687,1.283,1.283,1.283,1.283,1.283,1.283,1.283,1.283,1.283,1.283,1.283,1.283,1.283,1.283,1.283,1.283,0.808,0.808,0.808,0.96,0.96,0.96,0.96,0.96,0.96,0.96,0.96,0.956,0.956,0.88,0.874,0.874,0.874,0.871,0.871,0.871,0.871,0.871,0.871,0.871,0.871,0.871,0.871,0.871,0.874,0.871,0.871,0.871,0.873,0.956
RGI60-16.02688,1.416,1.416,1.416,1.416,1.416,1.416,1.416,1.416,1.416,1.416,1.416,1.416,1.416,1.416,1.416,1.416,1.007,1.007,1.007,1.133,1.133,1.133,1.133,1.133,1.133,1.133,1.133,1.129,1.129,1.065,1.06,1.06,1.06,1.058,1.058,1.058,1.058,1.058,1.058,1.058,1.058,1.058,1.058,1.058,1.06,1.058,1.058,1.058,1.06,1.129
RGI60-16.02689,1.55,1.55,1.55,1.55,1.55,1.55,1.55,1.55,1.55,1.55,1.55,1.55,1.55,1.55,1.55,1.55,1.193,1.193,1.193,1.296,1.296,1.296,1.296,1.296,1.296,1.296,1.296,1.293,1.293,1.232,1.228,1.228,1.228,1.226,1.226,1.226,1.226,1.226,1.226,1.226,1.226,1.226,1.226,1.226,1.228,1.226,1.226,1.226,1.227,1.28
RGI60-16.02690,1.294,1.294,1.294,1.294,1.294,1.294,1.294,1.294,1.294,1.294,1.294,1.294,1.294,1.294,1.294,1.294,0.834,0.834,0.834,0.976,0.976,0.976,0.976,0.976,0.976,0.976,0.976,0.972,0.972,0.889,0.883,0.883,0.883,0.881,0.881,0.881,0.881,0.881,0.881,0.881,0.881,0.881,0.881,0.881,0.883,0.881,0.881,0.881,0.883,0.954
RGI60-16.02691,1.417,1.417,1.417,1.417,1.417,1.417,1.417,1.417,1.417,1.417,1.417,1.417,1.417,1.417,1.417,1.417,1.014,1.014,1.014,1.133,1.133,1.133,1.133,1.133,1.133,1.133,1.133,1.13,1.13,1.059,1.054,1.054,1.054,1.052,1.052,1.052,1.052,1.052,1.052,1.052,1.052,1.052,1.052,1.052,1.054,1.052,1.052,1.052,1.054,1.114
RGI60-16.02692,1.423,1.423,1.423,1.423,1.423,1.423,1.423,1.423,1.423,1.423,1.423,1.423,1.423,1.423,1.423,1.423,1.017,1.017,1.017,1.141,1.141,1.141,1.141,1.141,1.141,1.141,1.141,1.138,1.138,1.074,1.07,1.07,1.07,1.067,1.067,1.067,1.067,1.067,1.067,1.067,1.067,1.067,1.067,1.067,1.07,1.067,1.067,1.067,1.069,1.137
RGI60-16.02693,1.782,1.782,1.782,1.782,1.782,1.782,1.782,1.782,1.782,1.782,1.782,1.782,1.782,1.782,1.782,1.782,1.478,1.478,1.478,1.566,1.566,1.566,1.566,1.566,1.566,1.566,1.566,1.564,1.564,1.518,1.515,1.515,1.515,1.513,1.513,1.513,1.513,1.513,1.513,1.513,1.513,1.513,1.513,1.513,1.515,1.513,1.513,1.513,1.514,1.563
RGI60-16.02694,1.782,1.782,1.782,1.782,1.782,1.782,1.782,1.782,1.782,1.782,1.782,1.782,1.782,1.782,1.782,1.782,1.477,1.477,1.477,1.566,1.566,1.566,1.566,1.566,1.566,1.566,1.566,1.563,1.563,1.518,1.515,1.515,1.515,1.513,1.513,1.513,1.513,1.513,1.513,1.513,1.513,1.513,1.513,1.513,1.515,1.513,1.513,1.513,1.514,1.564
RGI60-16.02695,1.64,1.64,1.64,1.64,1.64,1.64,1.64,1.64,1.64,1.64,1.64,1.64,1.64,1.64,1.64,1.64,1.302,1.302,1.302,1.402,1.402,1.402,1.402,1.402,1.402,1.402,1.402,1.399,1.399,1.347,1.344,1.344,1.344,1.342,1.342,1.342,1.342,1.342,1.342,1.342,1.342,1.342,1.342,1.342,1.344,1.342,1.342,1.342,1.343,1.398
RGI60-16.02696,1.474,1.474,1.474,1.474,1.474,1.474,1.474,1.474,1.474,1.474,1.474,1.474,1.474,1.474,1.474,1.474,1.086,1.086,1.086,1.204,1.204,1.204,1.204,1.204,1.204,1.204,1.204,1.2,1.2,1.14,1.136,1.136,1.136,1.134,1.134,1.134,1.134,1.134,1.134,1.134,1.134,1.134,1.134,1.134,1.136,1.134,1.134,1.134,1.135,1.199
RGI60-16.02697,1.312,1.312,1.312,1.312,1.312,1.312,1.312,1.312,1.312,1.312,1.312,1.312,1.312,1.312,1.312,1.312,0.837,0.837,0.837,0.987,0.987,0.987,0.987,0.987,0.987,0.987,0.987,0.982,0.982,0.916,0.91,0.91,0.91,0.908,0.908,0.908,0.908,0.908,0.908,0.908,0.908,0.908,0.908,0.908,0.91,0.908,0.908,0.908,0.91,0.999
RGI60-16.02698,1.426,1.426,1.426,1.426,1.426,1.426,1.426,1.426,1.426,1.426,1.426,1.426,1.426,1.426,1.426,1.426,1.021,1.021,1.021,1.145,1.145,1.145,1.145,1.145,1.145,1.145,1.145,1.141,1.141,1.078,1.073,1.073,1.073,1.071,1.071,1.071,1.071,1.071,1.071,1.071,1.071,1.071,1.071,1.071,1.073,1.071,1.071,1.071,1.072,1.14
RGI60-16.02699,1.982,1.982,1.982,1.982,1.982,1.982,1.982,1.982,1.982,1.982,1.982,1.982,1.982,1.982,1.982,1.982,1.713,1.713,1.713,1.79,1.79,1.79,1.79,1.79,1.79,1.79,1.79,1.788,1.788,1.748,1.745,1.745,1.745,1.744,1.744,1.744,1.744,1.744,1.744,1.744,1.744,1.744,1.744,1.744,1.745,1.744,1.744,1.744,1.745,1.787
RGI60-16.02700,1.357,1.357,1.357,1.357,1.357,1.357,1.357,1.357,1.357,1.357,1.357,1.357,1.357,1.357,1.357,1.357,0.922,0.922,0.922,1.058,1.058,1.058,1.058,1.058,1.058,1.058,1.058,1.054,1.054,0.985,0.979,0.979,0.979,0.977,0.977,0.977,0.977,0.977,0.977,0.977,0.977,0.977,0.977,0.977,0.979,0.977,0.977,0.977,0.979,1.052
RGI60-16.02701,1.352,1.352,1.352,1.352,1.352,1.352,1.352,1.352,1.352,1.352,1.352,1.352,1.352,1.352,1.352,1.352,0.914,0.914,0.914,1.051,1.051,1.051,1.051,1.051,1.051,1.051,1.051,1.047,1.047,0.976,0.971,0.971,0.971,0.969,0.969,0.969,0.969,0.969,0.969,0.969,0.969,0.969,0.969,0.969,0.971,0.969,0.969,0.969,0.97,1.043
RGI60-16.02702,1.253,1.253,1.253,1.253,1.253,1.253,1.253,1.253,1.253,1.253,1.253,1.253,1.253,1.253,1.253,1.253,0.743,0.743,0.743,0.908,0.908,0.908,0.908,0.908,0.908,0.908,0.908,0.903,0.903,0.83,0.824,0.824,0.824,0.821,0.821,0.821,0.821,0.821,0.821,0.821,0.821,0.821,0.821,0.821,0.824,0.821,0.821,0.821,0.823,0.92
RGI60-16.02703,1.271,1.271,1.271,1.271,1.271,1.271,1.271,1.271,1.271,1.271,1.271,1.271,1.271,1.271,1.271,1.271,0.798,0.798,0.798,0.945,0.945,0.945,0.945,0.945,0.945,0.945,0.945,0.941,0.941,0.854,0.848,0.848,0.848,0.845,0.845,0.845,0.845,0.845,0.845,0.845,0.845,0.845,0.845,0.845,0.848,0.845,0.845,0.845,0.847,0.92
RGI60-16.02704,1.277,1.277,1.277,1.277,1.277,1.277,1.277,1.277,1.277,1.277,1.277,1.277,1.277,1.277,1.277,1.277,0.807,0.807,0.807,0.952,0.952,0.952,0.952,0.952,0.952,0.952,0.952,0.948,0.948,0.862,0.856,0.856,0.856,0.853,0.853,0.853,0.853,0.853,0.853,0.853,0.853,0.853,0.853,0.853,0.856,0.853,0.853,0.853,0.855,0.928
RGI60-16.02705,1.314,1.314,1.314,1.314,1.314,1.314,1.314,1.314,1.314,1.314,1.314,1.314,1.314,1.314,1.314,1.314,0.864,0.864,0.864,1.001,1.001,1.001,1.001,1.001,1.001,1.001,1.001,0.997,0.997,0.916,0.91,0.91,0.91,0.908,0.908,0.908,0.908,0.908,0.908,0.908,0.908,0.908,0.908,0.908,0.91,0.908,0.908,0.908,0.91,0.978
RGI60-16.02706,1.28,1.28,1.28,1.28,1.28,1.28,1.28,1.28,1.28,1.28,1.28,1.28,1.28,1.28,1.28,1.28,0.699,0.699,0.699,0.838,0.838,0.838,0.838,0.838,0.838,0.838,0.838,0.831,0.831,0.723,0.712,0.712,0.712,0.706,0.706,0.706,0.706,0.706,0.706,0.706,0.706,0.706,0.706,0.706,0.712,0.706,0.706,0.706,0.711,0.866
RGI60-16.02707,1.319,1.319,1.319,1.319,1.319,1.319,1.319,1.319,1.319,1.319,1.319,1.319,1.319,1.319,1.319,1.319,0.871,0.871,0.871,1.008,1.008,1.008,1.008,1.008,1.008,1.008,1.008,1.004,1.004,0.923,0.917,0.917,0.917,0.915,0.915,0.915,0.915,0.915,0.915,0.915,0.915,0.915,0.915,0.915,0.917,0.915,0.915,0.915,0.917,0.985
RGI60-16.02708,1.287,1.287,1.287,1.287,1.287,1.287,1.287,1.287,1.287,1.287,1.287,1.287,1.287,1.287,1.287,1.287,0.822,0.822,0.822,0.965,0.965,0.965,0.965,0.965,0.965,0.965,0.965,0.961,0.961,0.877,0.871,0.871,0.871,0.868,0.868,0.868,0.868,0.868,0.868,0.868,0.868,0.868,0.868,0.868,0.871,0.868,0.868,0.868,0.87,0.941
RGI60-16.02709,1.292,1.292,1.292,1.292,1.292,1.292,1.292,1.292,1.292,1.292,1.292,1.292,1.292,1.292,1.292,1.292,0.83,0.83,0.83,0.972,0.972,0.972,0.972,0.972,0.972,0.972,0.972,0.968,0.968,0.884,0.878,0.878,0.878,0.876,0.876,0.876,0.876,0.876,0.876,0.876,0.876,0.876,0.876,0.876,0.878,0.876,0.876,0.876,0.878,0.949
RGI60-16.02710,1.454,1.454,1.454,1.454,1.454,1.454,1.454,1.454,1.454,1.454,1.454,1.454,1.454,1.454,1.454,1.454,1.059,1.059,1.059,1.179,1.179,1.179,1.179,1.179,1.179,1.179,1.179,1.176,1.176,1.113,1.109,1.109,1.109,1.107,1.107,1.107,1.107,1.107,1.107,1.107,1.107,1.107,1.107,1.107,1.109,1.107,1.107,1.107,1.108,1.173
RGI60-16.02711,1.782,1.782,1.782,1.782,1.782,1.782,1.782,1.782,1.782,1.782,1.782,1.782,1.782,1.782,1.782,1.782,1.478,1.478,1.478,1.566,1.566,1.566,1.566,1.566,1.566,1.566,1.566,1.564,1.564,1.517,1.514,1.514,1.514,1.512,1.512,1.512,1.512,1.512,1.512,1.512,1.512,1.512,1.512,1.512,1.514,1.512,1.512,1.512,1.514,1.561
RGI60-16.02712,1.933,1.933,1.933,1.933,1.933,1.933,1.933,1.933,1.933,1.933,1.933,1.933,1.933,1.933,1.933,1.933,1.657,1.657,1.657,1.736,1.736,1.736,1.736,1.736,1.736,1.736,1.736,1.734,1.734,1.692,1.688,1.688,1.688,1.687,1.687,1.687,1.687,1.687,1.687,1.687,1.687,1.687,1.687,1.687,1.688,1.687,1.687,1.687,1.688,1.731
RGI60-16.02713,1.43,1.43,1.43,1.43,1.43,1.43,1.43,1.43,1.43,1.43,1.43,1.43,1.43,1.43,1.43,1.43,1.026,1.026,1.026,1.149,1.149,1.149,1.149,1.149,1.149,1.149,1.149,1.146,1.146,1.081,1.076,1.076,1.076,1.074,1.074,1.074,1.074,1.074,1.074,1.074,1.074,1.074,1.074,1.074,1.076,1.074,1.074,1.074,1.076,1.141
RGI60-16.02714,1.669,1.669,1.669,1.669,1.669,1.669,1.669,1.669,1.669,1.669,1.669,1.669,1.669,1.669,1.669,1.669,1.34,1.34,1.34,1.436,1.436,1.436,1.436,1.436,1.436,1.436,1.436,1.433,1.433,1.381,1.378,1.378,1.378,1.376,1.376,1.376,1.376,1.376,1.376,1.376,1.376,1.376,1.376,1.376,1.378,1.376,1.376,1.376,1.377,1.428
RGI60-16.02715,1.403,1.403,1.403,1.403,1.403,1.403,1.403,1.403,1.403,1.403,1.403,1.403,1.403,1.403,1.403,1.403,0.99,0.99,0.99,1.116,1.116,1.116,1.116,1.116,1.116,1.116,1.116,1.112,1.112,1.043,1.038,1.038,1.038,1.036,1.036,1.036,1.036,1.036,1.036,1.036,1.036,1.036,1.036,1.036,1.038,1.036,1.036,1.036,1.037,1.102
RGI60-16.02716,1.262,1.262,1.262,1.262,1.262,1.262,1.262,1.262,1.262,1.262,1.262,1.262,1.262,1.262,1.262,1.262,0.777,0.777,0.777,0.932,0.932,0.932,0.932,0.932,0.932,0.932,0.932,0.928,0.928,0.843,0.837,0.837,0.837,0.835,0.835,0.835,0.835,0.835,0.835,0.835,0.835,0.835,0.835,0.835,0.837,0.835,0.835,0.835,0.837,0.916
RGI60-16.02717,1.328,1.328,1.328,1.328,1.328,1.328,1.328,1.328,1.328,1.328,1.328,1.328,1.328,1.328,1.328,1.328,0.88,0.88,0.88,1.019,1.019,1.019,1.019,1.019,1.019,1.019,1.019,1.016,1.016,0.939,0.933,0.933,0.933,0.931,0.931,0.931,0.931,0.931,0.931,0.931,0.931,0.931,0.931,0.931,0.933,0.931,0.931,0.931,0.933,1.004
RGI60-16.02718,1.326,1.326,1.326,1.326,1.326,1.326,1.326,1.326,1.326,1.326,1.326,1.326,1.326,1.326,1.326,1.326,0.878,0.878,0.878,1.018,1.018,1.018,1.018,1.018,1.018,1.018,1.018,1.014,1.014,0.937,0.931,0.931,0.931,0.929,0.929,0.929,0.929,0.929,0.929,0.929,0.929,0.929,0.929,0.929,0.931,0.929,0.929,0.929,0.931,1.002
RGI60-16.02719,1.289,1.289,1.289,1.289,1.289,1.289,1.289,1.289,1.289,1.289,1.289,1.289,1.289,1.289,1.289,1.289,0.8,0.8,0.8,0.956,0.956,0.956,0.956,0.956,0.956,0.956,0.956,0.951,0.951,0.882,0.876,0.876,0.876,0.874,0.874,0.874,0.874,0.874,0.874,0.874,0.874,0.874,0.874,0.874,0.876,0.874,0.874,0.874,0.876,0.968
RGI60-16.02720,1.469,1.469,1.469,1.469,1.469,1.469,1.469,1.469,1.469,1.469,1.469,1.469,1.469,1.469,1.469,1.469,1.082,1.082,1.082,1.198,1.198,1.198,1.198,1.198,1.198,1.198,1.198,1.195,1.195,1.131,1.126,1.126,1.126,1.124,1.124,1.124,1.124,1.124,1.124,1.124,1.124,1.124,1.124,1.124,1.126,1.124,1.124,1.124,1.126,1.186
RGI60-16.02721,1.632,1.632,1.632,1.632,1.632,1.632,1.632,1.632,1.632,1.632,1.632,1.632,1.632,1.632,1.632,1.632,1.294,1.294,1.294,1.393,1.393,1.393,1.393,1.393,1.393,1.393,1.393,1.39,1.39,1.335,1.331,1.331,1.331,1.33,1.33,1.33,1.33,1.33,1.33,1.33,1.33,1.33,1.33,1.33,1.331,1.33,1.33,1.33,1.331,1.382
RGI60-16.02722,1.33,1.33,1.33,1.33,1.33,1.33,1.33,1.33,1.33,1.33,1.33,1.33,1.33,1.33,1.33,1.33,0.884,0.884,0.884,1.022,1.022,1.022,1.022,1.022,1.022,1.022,1.022,1.018,1.018,0.939,0.933,0.933,0.933,0.931,0.931,0.931,0.931,0.931,0.931,0.931,0.931,0.931,0.931,0.931,0.933,0.931,0.931,0.931,0.933,1.001
RGI60-16.02723,1.64,1.64,1.64,1.64,1.64,1.64,1.64,1.64,1.64,1.64,1.64,1.64,1.64,1.64,1.64,1.64,1.305,1.305,1.305,1.403,1.403,1.403,1.403,1.403,1.403,1.403,1.403,1.4,1.4,1.343,1.339,1.339,1.339,1.337,1.337,1.337,1.337,1.337,1.337,1.337,1.337,1.337,1.337,1.337,1.339,1.337,1.337,1.337,1.339,1.387
RGI60-16.02724,1.481,1.481,1.481,1.481,1.481,1.481,1.481,1.481,1.481,1.481,1.481,1.481,1.481,1.481,1.481,1.481,1.103,1.103,1.103,1.213,1.213,1.213,1.213,1.213,1.213,1.213,1.213,1.21,1.21,1.135,1.131,1.131,1.131,1.129,1.129,1.129,1.129,1.129,1.129,1.129,1.129,1.129,1.129,1.129,1.131,1.129,1.129,1.129,1.13,1.179
RGI60-16.02725,1.246,1.246,1.246,1.246,1.246,1.246,1.246,1.246,1.246,1.246,1.246,1.246,1.246,1.246,1.246,1.246,0.758,0.758,0.758,0.911,0.911,0.911,0.911,0.911,0.911,0.911,0.911,0.907,0.907,0.805,0.798,0.798,0.798,0.796,0.796,0.796,0.796,0.796,0.796,0.796,0.796,0.796,0.796,0.796,0.798,0.796,0.796,0.796,0.798,0.865
RGI60-16.02726,1.368,1.368,1.368,1.368,1.368,1.368,1.368,1.368,1.368,1.368,1.368,1.368,1.368,1.368,1.368,1.368,0.94,0.94,0.94,1.071,1.071,1.071,1.071,1.071,1.071,1.071,1.071,1.068,1.068,0.991,0.986,0.986,0.986,0.984,0.984,0.984,0.984,0.984,0.984,0.984,0.984,0.984,0.984,0.984,0.986,0.984,0.984,0.984,0.986,1.05
RGI60-16.02727,1.468,1.468,1.468,1.468,1.468,1.468,1.468,1.468,1.468,1.468,1.468,1.468,1.468,1.468,1.468,1.468,1.082,1.082,1.082,1.197,1.197,1.197,1.197,1.197,1.197,1.197,1.197,1.194,1.194,1.126,1.121,1.121,1.121,1.119,1.119,1.119,1.119,1.119,1.119,1.119,1.119,1.119,1.119,1.119,1.121,1.119,1.119,1.119,1.121,1.178
RGI60-16.02728,1.933,1.933,1.933,1.933,1.933,1.933,1.933,1.933,1.933,1.933,1.933,1.933,1.933,1.933,1.933,1.933,1.659,1.659,1.659,1.736,1.736,1.736,1.736,1.736,1.736,1.736,1.736,1.734,1.734,1.688,1.685,1.685,1.685,1.684,1.684,1.684,1.684,1.684,1.684,1.684,1.684,1.684,1.684,1.684,1.685,1.684,1.684,1.684,1.685,1.723
RGI60-16.02729,1.272,1.272,1.272,1.272,1.272,1.272,1.272,1.272,1.272,1.272,1.272,1.272,1.272,1.272,1.272,1.272,0.795,0.795,0.795,0.946,0.946,0.946,0.946,0.946,0.946,0.946,0.946,0.942,0.942,0.854,0.848,0.848,0.848,0.846,0.846,0.846,0.846,0.846,0.846,0.846,0.846,0.846,0.846,0.846,0.848,0.846,0.846,0.846,0.848,0.922
RGI60-16.02730,1.786,1.786,1.786,1.786,1.786,1.786,1.786,1.786,1.786,1.786,1.786,1.786,1.786,1.786,1.786,1.786,1.485,1.485,1.485,1.571,1.571,1.571,1.571,1.571,1.571,1.571,1.571,1.568,1.568,1.518,1.514,1.514,1.514,1.513,1.513,1.513,1.513,1.513,1.513,1.513,1.513,1.513,1.513,1.513,1.514,1.513,1.513,1.513,1.514,1.557
RGI60-16.02731,2.341,2.341,2.341,2.341,2.341,2.341,2.341,2.341,2.341,2.341,2.341,2.341,2.341,2.341,2.341,2.341,2.12,2.12,2.12,2.181,2.181,2.181,2.181,2.181,2.181,2.181,2.181,2.179,2.179,2.143,2.14,2.14,2.14,2.139,2.139,2.139,2.139,2.139,2.139,2.139,2.139,2.139,2.139,2.139,2.14,2.139,2.139,2.139,2.14,2.17
RGI60-16.02732,1.59,1.59,1.59,1.59,1.59,1.59,1.59,1.59,1.59,1.59,1.59,1.59,1.59,1.59,1.59,1.59,1.242,1.242,1.242,1.343,1.343,1.343,1.343,1.343,1.343,1.343,1.343,1.34,1.34,1.28,1.276,1.276,1.276,1.275,1.275,1.275,1.275,1.275,1.275,1.275,1.275,1.275,1.275,1.275,1.276,1.275,1.275,1.275,1.276,1.326
RGI60-16.02733,1.362,1.362,1.362,1.362,1.362,1.362,1.362,1.362,1.362,1.362,1.362,1.362,1.362,1.362,1.362,1.362,0.932,0.932,0.932,1.063,1.063,1.063,1.063,1.063,1.063,1.063,1.063,1.06,1.06,0.983,0.978,0.978,0.978,0.975,0.975,0.975,0.975,0.975,0.975,0.975,0.975,0.975,0.975,0.975,0.978,0.975,0.975,0.975,0.977,1.042
RGI60-16.02734,1.249,1.249,1.249,1.249,1.249,1.249,1.249,1.249,1.249,1.249,1.249,1.249,1.249,1.249,1.249,1.249,0.759,0.759,0.759,0.915,0.915,0.915,0.915,0.915,0.915,0.915,0.915,0.911,0.911,0.817,0.81,0.81,0.81,0.808,0.808,0.808,0.808,0.808,0.808,0.808,0.808,0.808,0.808,0.808,0.81,0.808,0.808,0.808,0.81,0.883
RGI60-16.02735,1.344,1.344,1.344,1.344,1.344,1.344,1.344,1.344,1.344,1.344,1.344,1.344,1.344,1.344,1.344,1.344,0.906,0.906,0.906,1.04,1.04,1.04,1.04,1.04,1.04,1.04,1.04,1.037,1.037,0.955,0.95,0.95,0.95,0.947,0.947,0.947,0.947,0.947,0.947,0.947,0.947,0.947,0.947,0.947,0.95,0.947,0.947,0.947,0.949,1.012
RGI60-16.02736,1.262,1.262,1.262,1.262,1.262,1.262,1.262,1.262,1.262,1.262,1.262,1.262,1.262,1.262,1.262,1.262,0.779,0.779,0.779,0.932,0.932,0.932,0.932,0.932,0.932,0.932,0.932,0.928,0.928,0.835,0.829,0.829,0.829,0.827,0.827,0.827,0.827,0.827,0.827,0.827,0.827,0.827,0.827,0.827,0.829,0.827,0.827,0.827,0.829,0.9
RGI60-16.02737,1.25,1.25,1.25,1.25,1.25,1.25,1.25,1.25,1.25,1.25,1.25,1.25,1.25,1.25,1.25,1.25,0.761,0.761,0.761,0.916,0.916,0.916,0.916,0.916,0.916,0.916,0.916,0.912,0.912,0.818,0.812,0.812,0.812,0.809,0.809,0.809,0.809,0.809,0.809,0.809,0.809,0.809,0.809,0.809,0.812,0.809,0.809,0.809,0.811,0.884
RGI60-16.02738,1.289,1.289,1.289,1.289,1.289,1.289,1.289,1.289,1.289,1.289,1.289,1.289,1.289,1.289,1.289,1.289,0.823,0.823,0.823,0.969,0.969,0.969,0.969,0.969,0.969,0.969,0.969,0.965,0.965,0.877,0.871,0.871,0.871,0.868,0.868,0.868,0.868,0.868,0.868,0.868,0.868,0.868,0.868,0.868,0.871,0.868,0.868,0.868,0.87,0.939
RGI60-16.02739,1.591,1.591,1.591,1.591,1.591,1.591,1.591,1.591,1.591,1.591,1.591,1.591,1.591,1.591,1.591,1.591,1.243,1.243,1.243,1.344,1.344,1.344,1.344,1.344,1.344,1.344,1.344,1.341,1.341,1.279,1.275,1.275,1.275,1.274,1.274,1.274,1.274,1.274,1.274,1.274,1.274,1.274,1.274,1.274,1.275,1.274,1.274,1.274,1.275,1.323
RGI60-16.02740,1.259,1.259,1.259,1.259,1.259,1.259,1.259,1.259,1.259,1.259,1.259,1.259,1.259,1.259,1.259,1.259,0.774,0.774,0.774,0.928,0.928,0.928,0.928,0.928,0.928,0.928,0.928,0.924,0.924,0.831,0.825,0.825,0.825,0.822,0.822,0.822,0.822,0.822,0.822,0.822,0.822,0.822,0.822,0.822,0.825,0.822,0.822,0.822,0.824,0.896
RGI60-16.02741,1.28,1.28,1.28,1.28,1.28,1.28,1.28,1.28,1.28,1.28,1.28,1.28,1.28,1.28,1.28,1.28,0.699,0.699,0.699,0.838,0.838,0.838,0.838,0.838,0.838,0.838,0.838,0.831,0.831,0.723,0.712,0.712,0.712,0.706,0.706,0.706,0.706,0.706,0.706,0.706,0.706,0.706,0.706,0.706,0.712,0.706,0.706,0.706,0.711,0.866
RGI60-16.02742,1.758,1.758,1.758,1.758,1.758,1.758,1.758,1.758,1.758,1.758,1.758,1.758,1.758,1.758,1.758,1.758,1.451,1.451,1.451,1.538,1.538,1.538,1.538,1.538,1.538,1.538,1.538,1.536,1.536,1.482,1.479,1.479,1.479,1.477,1.477,1.477,1.477,1.477,1.477,1.477,1.477,1.477,1.477,1.477,1.479,1.477,1.477,1.477,1.478,1.52
RGI60-16.02743,1.53,1.53,1.53,1.53,1.53,1.53,1.53,1.53,1.53,1.53,1.53,1.53,1.53,1.53,1.53,1.53,1.164,1.164,1.164,1.272,1.272,1.272,1.272,1.272,1.272,1.272,1.272,1.269,1.269,1.213,1.209,1.209,1.209,1.207,1.207,1.207,1.207,1.207,1.207,1.207,1.207,1.207,1.207,1.207,1.209,1.207,1.207,1.207,1.208,1.269
RGI60-16.02744,1.269,1.269,1.269,1.269,1.269,1.269,1.269,1.269,1.269,1.269,1.269,1.269,1.269,1.269,1.269,1.269,0.795,0.795,0.795,0.942,0.942,0.942,0.942,0.942,0.942,0.942,0.942,0.938,0.938,0.852,0.846,0.846,0.846,0.843,0.843,0.843,0.843,0.843,0.843,0.843,0.843,0.843,0.843,0.843,0.846,0.843,0.843,0.843,0.845,0.919
RGI60-16.02745,1.277,1.277,1.277,1.277,1.277,1.277,1.277,1.277,1.277,1.277,1.277,1.277,1.277,1.277,1.277,1.277,0.806,0.806,0.806,0.952,0.952,0.952,0.952,0.952,0.952,0.952,0.952,0.948,0.948,0.863,0.857,0.857,0.857,0.854,0.854,0.854,0.854,0.854,0.854,0.854,0.854,0.854,0.854,0.854,0.857,0.854,0.854,0.854,0.856,0.929
RGI60-16.02746,1.327,1.327,1.327,1.327,1.327,1.327,1.327,1.327,1.327,1.327,1.327,1.327,1.327,1.327,1.327,1.327,0.882,0.882,0.882,1.019,1.019,1.019,1.019,1.019,1.019,1.019,1.019,1.015,1.015,0.932,0.926,0.926,0.926,0.924,0.924,0.924,0.924,0.924,0.924,0.924,0.924,0.924,0.924,0.924,0.926,0.924,0.924,0.924,0.926,0.99
RGI60-16.02747,1.275,1.275,1.275,1.275,1.275,1.275,1.275,1.275,1.275,1.275,1.275,1.275,1.275,1.275,1.275,1.275,0.801,0.801,0.801,0.95,0.95,0.95,0.95,0.95,0.95,0.95,0.95,0.946,0.946,0.855,0.849,0.849,0.849,0.847,0.847,0.847,0.847,0.847,0.847,0.847,0.847,0.847,0.847,0.847,0.849,0.847,0.847,0.847,0.849,0.919
RGI60-16.02748,1.335,1.335,1.335,1.335,1.335,1.335,1.335,1.335,1.335,1.335,1.335,1.335,1.335,1.335,1.335,1.335,0.894,0.894,0.894,1.029,1.029,1.029,1.029,1.029,1.029,1.029,1.029,1.026,1.026,0.942,0.936,0.936,0.936,0.934,0.934,0.934,0.934,0.934,0.934,0.934,0.934,0.934,0.934,0.934,0.936,0.934,0.934,0.934,0.936,0.999
RGI60-16.02749,1.406,1.406,1.406,1.406,1.406,1.406,1.406,1.406,1.406,1.406,1.406,1.406,1.406,1.406,1.406,1.406,0.996,0.996,0.996,1.119,1.119,1.119,1.119,1.119,1.119,1.119,1.119,1.116,1.116,1.04,1.035,1.035,1.035,1.033,1.033,1.033,1.033,1.033,1.033,1.033,1.033,1.033,1.033,1.033,1.035,1.033,1.033,1.033,1.034,1.092
RGI60-16.02750,1.246,1.246,1.246,1.246,1.246,1.246,1.246,1.246,1.246,1.246,1.246,1.246,1.246,1.246,1.246,1.246,0.754,0.754,0.754,0.91,0.91,0.91,0.91,0.91,0.91,0.91,0.91,0.906,0.906,0.81,0.804,0.804,0.804,0.801,0.801,0.801,0.801,0.801,0.801,0.801,0.801,0.801,0.801,0.801,0.804,0.801,0.801,0.801,0.804,0.876
RGI60-16.02751,1.265,1.265,1.265,1.265,1.265,1.265,1.265,1.265,1.265,1.265,1.265,1.265,1.265,1.265,1.265,1.265,0.786,0.786,0.786,0.937,0.937,0.937,0.937,0.937,0.937,0.937,0.937,0.933,0.933,0.84,0.834,0.834,0.834,0.832,0.832,0.832,0.832,0.832,0.832,0.832,0.832,0.832,0.832,0.832,0.834,0.832,0.832,0.832,0.834,0.904
RGI60-16.02752,1.258,1.258,1.258,1.258,1.258,1.258,1.258,1.258,1.258,1.258,1.258,1.258,1.258,1.258,1.258,1.258,0.774,0.774,0.774,0.927,0.927,0.927,0.927,0.927,0.927,0.927,0.927,0.923,0.923,0.83,0.823,0.823,0.823,0.821,0.821,0.821,0.821,0.821,0.821,0.821,0.821,0.821,0.821,0.821,0.823,0.821,0.821,0.821,0.823,0.894
RGI60-16.02753,1.364,1.364,1.364,1.364,1.364,1.364,1.364,1.364,1.364,1.364,1.364,1.364,1.364,1.364,1.364,1.364,0.937,0.937,0.937,1.066,1.066,1.066,1.066,1.066,1.066,1.066,1.066,1.063,1.063,0.983,0.978,0.978,0.978,0.975,0.975,0.975,0.975,0.975,0.975,0.975,0.975,0.975,0.975,0.975,0.978,0.975,0.975,0.975,0.977,1.038
RGI60-16.02754,1.297,1.297,1.297,1.297,1.297,1.297,1.297,1.297,1.297,1.297,1.297,1.297,1.297,1.297,1.297,1.297,0.836,0.836,0.836,0.979,0.979,0.979,0.979,0.979,0.979,0.979,0.979,0.975,0.975,0.887,0.881,0.881,0.881,0.879,0.879,0.879,0.879,0.879,0.879,0.879,0.879,0.879,0.879,0.879,0.881,0.879,0.879,0.879,0.881,0.948
RGI60-16.02755,1.253,1.253,1.253,1.253,1.253,1.253,1.253,1.253,1.253,1.253,1.253,1.253,1.253,1.253,1.253,1.253,0.766,0.766,0.766,0.92,0.92,0.92,0.92,0.92,0.92,0.92,0.92,0.916,0.916,0.821,0.815,0.815,0.815,0.812,0.812,0.812,0.812,0.812,0.812,0.812,0.812,0.812,0.812,0.812,0.815,0.812,0.812,0.812,0.815,0.887
RGI60-16.02756,1.311,1.311,1.311,1.311,1.311,1.311,1.311,1.311,1.311,1.311,1.311,1.311,1.311,1.311,1.311,1.311,0.858,0.858,0.858,0.998,0.998,0.998,0.998,0.998,0.998,0.998,0.998,0.994,0.994,0.908,0.902,0.902,0.902,0.9,0.9,0.9,0.9,0.9,0.9,0.9,0.9,0.9,0.9,0.9,0.902,0.9,0.9,0.9,0.902,0.967
RGI60-16.02757,1.297,1.297,1.297,1.297,1.297,1.297,1.297,1.297,1.297,1.297,1.297,1.297,1.297,1.297,1.297,1.297,0.835,0.835,0.835,0.979,0.979,0.979,0.979,0.979,0.979,0.979,0.979,0.975,0.975,0.887,0.881,0.881,0.881,0.878,0.878,0.878,0.878,0.878,0.878,0.878,0.878,0.878,0.878,0.878,0.881,0.878,0.878,0.878,0.88,0.947
RGI60-16.02758,1.287,1.287,1.287,1.287,1.287,1.287,1.287,1.287,1.287,1.287,1.287,1.287,1.287,1.287,1.287,1.287,0.821,0.821,0.821,0.966,0.966,0.966,0.966,0.966,0.966,0.966,0.966,0.962,0.962,0.872,0.866,0.866,0.866,0.864,0.864,0.864,0.864,0.864,0.864,0.864,0.864,0.864,0.864,0.864,0.866,0.864,0.864,0.864,0.866,0.933
RGI60-16.02759,1.298,1.298,1.298,1.298,1.298,1.298,1.298,1.298,1.298,1.298,1.298,1.298,1.298,1.298,1.298,1.298,0.838,0.838,0.838,0.981,0.981,0.981,0.981,0.981,0.981,0.981,0.981,0.977,0.977,0.889,0.883,0.883,0.883,0.881,0.881,0.881,0.881,0.881,0.881,0.881,0.881,0.881,0.881,0.881,0.883,0.881,0.881,0.881,0.883,0.95
RGI60-16.02760,1.339,1.339,1.339,1.339,1.339,1.339,1.339,1.339,1.339,1.339,1.339,1.339,1.339,1.339,1.339,1.339,0.9,0.9,0.9,1.034,1.034,1.034,1.034,1.034,1.034,1.034,1.034,1.031,1.031,0.947,0.942,0.942,0.942,0.94,0.94,0.94,0.94,0.94,0.94,0.94,0.94,0.94,0.94,0.94,0.942,0.94,0.94,0.94,0.941,1.004
RGI60-16.02761,1.257,1.257,1.257,1.257,1.257,1.257,1.257,1.257,1.257,1.257,1.257,1.257,1.257,1.257,1.257,1.257,0.773,0.773,0.773,0.926,0.926,0.926,0.926,0.926,0.926,0.926,0.926,0.922,0.922,0.827,0.821,0.821,0.821,0.819,0.819,0.819,0.819,0.819,0.819,0.819,0.819,0.819,0.819,0.819,0.821,0.819,0.819,0.819,0.821,0.892
RGI60-16.02762,1.254,1.254,1.254,1.254,1.254,1.254,1.254,1.254,1.254,1.254,1.254,1.254,1.254,1.254,1.254,1.254,0.767,0.767,0.767,0.921,0.921,0.921,0.921,0.921,0.921,0.921,0.921,0.917,0.917,0.822,0.816,0.816,0.816,0.813,0.813,0.813,0.813,0.813,0.813,0.813,0.813,0.813,0.813,0.813,0.816,0.813,0.813,0.813,0.815,0.887
RGI60-16.02763,1.336,1.336,1.336,1.336,1.336,1.336,1.336,1.336,1.336,1.336,1.336,1.336,1.336,1.336,1.336,1.336,0.896,0.896,0.896,1.031,1.031,1.031,1.031,1.031,1.031,1.031,1.031,1.027,1.027,0.943,0.938,0.938,0.938,0.936,0.936,0.936,0.936,0.936,0.936,0.936,0.936,0.936,0.936,0.936,0.938,0.936,0.936,0.936,0.937,1.0
RGI60-16.02764,1.35,1.35,1.35,1.35,1.35,1.35,1.35,1.35,1.35,1.35,1.35,1.35,1.35,1.35,1.35,1.35,0.917,0.917,0.917,1.049,1.049,1.049,1.049,1.049,1.049,1.049,1.049,1.046,1.046,0.963,0.958,0.958,0.958,0.956,0.956,0.956,0.956,0.956,0.956,0.956,0.956,0.956,0.956,0.956,0.958,0.956,0.956,0.956,0.957,1.019
RGI60-16.02765,1.248,1.248,1.248,1.248,1.248,1.248,1.248,1.248,1.248,1.248,1.248,1.248,1.248,1.248,1.248,1.248,0.759,0.759,0.759,0.914,0.914,0.914,0.914,0.914,0.914,0.914,0.914,0.91,0.91,0.814,0.808,0.808,0.808,0.805,0.805,0.805,0.805,0.805,0.805,0.805,0.805,0.805,0.805,0.805,0.808,0.805,0.805,0.805,0.807,0.879
RGI60-16.02766,1.25,1.25,1.25,1.25,1.25,1.25,1.25,1.25,1.25,1.25,1.25,1.25,1.25,1.25,1.25,1.25,0.761,0.761,0.761,0.916,0.916,0.916,0.916,0.916,0.916,0.916,0.916,0.912,0.912,0.817,0.811,0.811,0.811,0.808,0.808,0.808,0.808,0.808,0.808,0.808,0.808,0.808,0.808,0.808,0.811,0.808,0.808,0.808,0.81,0.882
RGI60-16.02767,1.271,1.271,1.271,1.271,1.271,1.271,1.271,1.271,1.271,1.271,1.271,1.271,1.271,1.271,1.271,1.271,0.796,0.796,0.796,0.945,0.945,0.945,0.945,0.945,0.945,0.945,0.945,0.941,0.941,0.85,0.844,0.844,0.844,0.841,0.841,0.841,0.841,0.841,0.841,0.841,0.841,0.841,0.841,0.841,0.844,0.841,0.841,0.841,0.843,0.913
RGI60-16.02768,1.264,1.264,1.264,1.264,1.264,1.264,1.264,1.264,1.264,1.264,1.264,1.264,1.264,1.264,1.264,1.264,0.784,0.784,0.784,0.935,0.935,0.935,0.935,0.935,0.935,0.935,0.935,0.931,0.931,0.838,0.832,0.832,0.832,0.83,0.83,0.83,0.83,0.83,0.83,0.83,0.83,0.83,0.83,0.83,0.832,0.83,0.83,0.83,0.832,0.902
RGI60-16.02769,1.254,1.254,1.254,1.254,1.254,1.254,1.254,1.254,1.254,1.254,1.254,1.254,1.254,1.254,1.254,1.254,0.767,0.767,0.767,0.921,0.921,0.921,0.921,0.921,0.921,0.921,0.921,0.917,0.917,0.822,0.816,0.816,0.816,0.813,0.813,0.813,0.813,0.813,0.813,0.813,0.813,0.813,0.813,0.813,0.816,0.813,0.813,0.813,0.815,0.887
RGI60-16.02770,1.259,1.259,1.259,1.259,1.259,1.259,1.259,1.259,1.259,1.259,1.259,1.259,1.259,1.259,1.259,1.259,0.775,0.775,0.775,0.928,0.928,0.928,0.928,0.928,0.928,0.928,0.928,0.924,0.924,0.83,0.824,0.824,0.824,0.821,0.821,0.821,0.821,0.821,0.821,0.821,0.821,0.821,0.821,0.821,0.824,0.821,0.821,0.821,0.823,0.895
RGI60-16.02771,1.254,1.254,1.254,1.254,1.254,1.254,1.254,1.254,1.254,1.254,1.254,1.254,1.254,1.254,1.254,1.254,0.768,0.768,0.768,0.922,0.922,0.922,0.922,0.922,0.922,0.922,0.922,0.918,0.918,0.823,0.816,0.816,0.816,0.814,0.814,0.814,0.814,0.814,0.814,0.814,0.814,0.814,0.814,0.814,0.816,0.814,0.814,0.814,0.816,0.887
RGI60-16.02772,1.252,1.252,1.252,1.252,1.252,1.252,1.252,1.252,1.252,1.252,1.252,1.252,1.252,1.252,1.252,1.252,0.765,0.765,0.765,0.919,0.919,0.919,0.919,0.919,0.919,0.919,0.919,0.915,0.915,0.82,0.814,0.814,0.814,0.812,0.812,0.812,0.812,0.812,0.812,0.812,0.812,0.812,0.812,0.812,0.814,0.812,0.812,0.812,0.814,0.886
RGI60-16.02773,1.254,1.254,1.254,1.254,1.254,1.254,1.254,1.254,1.254,1.254,1.254,1.254,1.254,1.254,1.254,1.254,0.768,0.768,0.768,0.922,0.922,0.922,0.922,0.922,0.922,0.922,0.922,0.918,0.918,0.823,0.817,0.817,0.817,0.814,0.814,0.814,0.814,0.814,0.814,0.814,0.814,0.814,0.814,0.814,0.817,0.814,0.814,0.814,0.816,0.887
RGI60-16.02774,1.302,1.302,1.302,1.302,1.302,1.302,1.302,1.302,1.302,1.302,1.302,1.302,1.302,1.302,1.302,1.302,0.843,0.843,0.843,0.985,0.985,0.985,0.985,0.985,0.985,0.985,0.985,0.982,0.982,0.894,0.888,0.888,0.888,0.886,0.886,0.886,0.886,0.886,0.886,0.886,0.886,0.886,0.886,0.886,0.888,0.886,0.886,0.886,0.888,0.955
RGI60-16.02775,1.362,1.362,1.362,1.362,1.362,1.362,1.362,1.362,1.362,1.362,1.362,1.362,1.362,1.362,1.362,1.362,0.934,0.934,0.934,1.064,1.064,1.064,1.064,1.064,1.064,1.064,1.064,1.06,1.06,0.979,0.974,0.974,0.974,0.972,0.972,0.972,0.972,0.972,0.972,0.972,0.972,0.972,0.972,0.972,0.974,0.972,0.972,0.972,0.974,1.034
RGI60-16.02776,1.294,1.294,1.294,1.294,1.294,1.294,1.294,1.294,1.294,1.294,1.294,1.294,1.294,1.294,1.294,1.294,0.832,0.832,0.832,0.975,0.975,0.975,0.975,0.975,0.975,0.975,0.975,0.972,0.972,0.882,0.876,0.876,0.876,0.873,0.873,0.873,0.873,0.873,0.873,0.873,0.873,0.873,0.873,0.873,0.876,0.873,0.873,0.873,0.875,0.941
RGI60-16.02777,1.419,1.419,1.419,1.419,1.419,1.419,1.419,1.419,1.419,1.419,1.419,1.419,1.419,1.419,1.419,1.419,1.015,1.015,1.015,1.136,1.136,1.136,1.136,1.136,1.136,1.136,1.136,1.133,1.133,1.057,1.053,1.053,1.053,1.051,1.051,1.051,1.051,1.051,1.051,1.051,1.051,1.051,1.051,1.051,1.053,1.051,1.051,1.051,1.052,1.109
RGI60-16.02778,1.285,1.285,1.285,1.285,1.285,1.285,1.285,1.285,1.285,1.285,1.285,1.285,1.285,1.285,1.285,1.285,0.818,0.818,0.818,0.964,0.964,0.964,0.964,0.964,0.964,0.964,0.964,0.96,0.96,0.87,0.864,0.864,0.864,0.862,0.862,0.862,0.862,0.862,0.862,0.862,0.862,0.862,0.862,0.862,0.864,0.862,0.862,0.862,0.864,0.932
RGI60-16.02779,1.985,1.985,1.985,1.985,1.985,1.985,1.985,1.985,1.985,1.985,1.985,1.985,1.985,1.985,1.985,1.985,1.72,1.72,1.72,1.793,1.793,1.793,1.793,1.793,1.793,1.793,1.793,1.791,1.791,1.745,1.742,1.742,1.742,1.741,1.741,1.741,1.741,1.741,1.741,1.741,1.741,1.741,1.741,1.741,1.742,1.741,1.741,1.741,1.742,1.776
RGI60-16.02780,1.277,1.277,1.277,1.277,1.277,1.277,1.277,1.277,1.277,1.277,1.277,1.277,1.277,1.277,1.277,1.277,0.804,0.804,0.804,0.952,0.952,0.952,0.952,0.952,0.952,0.952,0.952,0.948,0.948,0.857,0.851,0.851,0.851,0.849,0.849,0.849,0.849,0.849,0.849,0.849,0.849,0.849,0.849,0.849,0.851,0.849,0.849,0.849,0.851,0.92
RGI60-16.02781,1.28,1.28,1.28,1.28,1.28,1.28,1.28,1.28,1.28,1.28,1.28,1.28,1.28,1.28,1.28,1.28,0.699,0.699,0.699,0.838,0.838,0.838,0.838,0.838,0.838,0.838,0.838,0.831,0.831,0.723,0.712,0.712,0.712,0.706,0.706,0.706,0.706,0.706,0.706,0.706,0.706,0.706,0.706,0.706,0.712,0.706,0.706,0.706,0.711,0.866
RGI60-16.02782,1.262,1.262,1.262,1.262,1.262,1.262,1.262,1.262,1.262,1.262,1.262,1.262,1.262,1.262,1.262,1.262,0.781,0.781,0.781,0.932,0.932,0.932,0.932,0.932,0.932,0.932,0.932,0.928,0.928,0.835,0.829,0.829,0.829,0.826,0.826,0.826,0.826,0.826,0.826,0.826,0.826,0.826,0.826,0.826,0.829,0.826,0.826,0.826,0.828,0.899
RGI60-16.02783,2.616,2.616,2.616,2.616,2.616,2.616,2.616,2.616,2.616,2.616,2.616,2.616,2.616,2.616,2.616,2.616,2.421,2.421,2.421,2.474,2.474,2.474,2.474,2.474,2.474,2.474,2.474,2.473,2.473,2.439,2.437,2.437,2.437,2.436,2.436,2.436,2.436,2.436,2.436,2.436,2.436,2.436,2.436,2.436,2.437,2.436,2.436,2.436,2.437,2.462
RGI60-16.02784,1.362,1.362,1.362,1.362,1.362,1.362,1.362,1.362,1.362,1.362,1.362,1.362,1.362,1.362,1.362,1.362,0.937,0.937,0.937,1.064,1.064,1.064,1.064,1.064,1.064,1.064,1.064,1.061,1.061,0.975,0.97,0.97,0.97,0.968,0.968,0.968,0.968,0.968,0.968,0.968,0.968,0.968,0.968,0.968,0.97,0.968,0.968,0.968,0.969,1.025
RGI60-16.02785,1.251,1.251,1.251,1.251,1.251,1.251,1.251,1.251,1.251,1.251,1.251,1.251,1.251,1.251,1.251,1.251,0.763,0.763,0.763,0.918,0.918,0.918,0.918,0.918,0.918,0.918,0.918,0.914,0.914,0.818,0.812,0.812,0.812,0.809,0.809,0.809,0.809,0.809,0.809,0.809,0.809,0.809,0.809,0.809,0.812,0.809,0.809,0.809,0.812,0.883
RGI60-16.02786,1.26,1.26,1.26,1.26,1.26,1.26,1.26,1.26,1.26,1.26,1.26,1.26,1.26,1.26,1.26,1.26,0.777,0.777,0.777,0.929,0.929,0.929,0.929,0.929,0.929,0.929,0.929,0.925,0.925,0.831,0.825,0.825,0.825,0.822,0.822,0.822,0.822,0.822,0.822,0.822,0.822,0.822,0.822,0.822,0.825,0.822,0.822,0.822,0.825,0.895
RGI60-16.02787,1.302,1.302,1.302,1.302,1.302,1.302,1.302,1.302,1.302,1.302,1.302,1.302,1.302,1.302,1.302,1.302,0.844,0.844,0.844,0.985,0.985,0.985,0.985,0.985,0.985,0.985,0.985,0.982,0.982,0.894,0.888,0.888,0.888,0.886,0.886,0.886,0.886,0.886,0.886,0.886,0.886,0.886,0.886,0.886,0.888,0.886,0.886,0.886,0.887,0.954
RGI60-16.02788,1.288,1.288,1.288,1.288,1.288,1.288,1.288,1.288,1.288,1.288,1.288,1.288,1.288,1.288,1.288,1.288,0.822,0.822,0.822,0.967,0.967,0.967,0.967,0.967,0.967,0.967,0.967,0.963,0.963,0.873,0.867,0.867,0.867,0.865,0.865,0.865,0.865,0.865,0.865,0.865,0.865,0.865,0.865,0.865,0.867,0.865,0.865,0.865,0.867,0.935
RGI60-16.02789,1.328,1.328,1.328,1.328,1.328,1.328,1.328,1.328,1.328,1.328,1.328,1.328,1.328,1.328,1.328,1.328,0.884,0.884,0.884,1.021,1.021,1.021,1.021,1.021,1.021,1.021,1.021,1.017,1.017,0.932,0.927,0.927,0.927,0.925,0.925,0.925,0.925,0.925,0.925,0.925,0.925,0.925,0.925,0.925,0.927,0.925,0.925,0.925,0.926,0.99
RGI60-16.02790,1.267,1.267,1.267,1.267,1.267,1.267,1.267,1.267,1.267,1.267,1.267,1.267,1.267,1.267,1.267,1.267,0.79,0.79,0.79,0.94,0.94,0.94,0.94,0.94,0.94,0.94,0.94,0.936,0.936,0.843,0.837,0.837,0.837,0.834,0.834,0.834,0.834,0.834,0.834,0.834,0.834,0.834,0.834,0.834,0.837,0.834,0.834,0.834,0.836,0.906
RGI60-16.02791,1.4,1.4,1.4,1.4,1.4,1.4,1.4,1.4,1.4,1.4,1.4,1.4,1.4,1.4,1.4,1.4,0.989,0.989,0.989,1.112,1.112,1.112,1.112,1.112,1.112,1.112,1.112,1.109,1.109,1.032,1.027,1.027,1.027,1.025,1.025,1.025,1.025,1.025,1.025,1.025,1.025,1.025,1.025,1.025,1.027,1.025,1.025,1.025,1.027,1.084
RGI60-16.02792,1.382,1.382,1.382,1.382,1.382,1.382,1.382,1.382,1.382,1.382,1.382,1.382,1.382,1.382,1.382,1.382,0.964,0.964,0.964,1.09,1.09,1.09,1.09,1.09,1.09,1.09,1.09,1.086,1.086,1.007,1.002,1.002,1.002,1.0,1.0,1.0,1.0,1.0,1.0,1.0,1.0,1.0,1.0,1.0,1.002,1.0,1.0,1.0,1.002,1.06
RGI60-16.02793,1.438,1.438,1.438,1.438,1.438,1.438,1.438,1.438,1.438,1.438,1.438,1.438,1.438,1.438,1.438,1.438,1.042,1.042,1.042,1.16,1.16,1.16,1.16,1.16,1.16,1.16,1.16,1.157,1.157,1.083,1.078,1.078,1.078,1.076,1.076,1.076,1.076,1.076,1.076,1.076,1.076,1.076,1.076,1.076,1.078,1.076,1.076,1.076,1.078,1.132
RGI60-16.02794,2.214,2.214,2.214,2.214,2.214,2.214,2.214,2.214,2.214,2.214,2.214,2.214,2.214,2.214,2.214,2.214,1.98,1.98,1.98,2.044,2.044,2.044,2.044,2.044,2.044,2.044,2.044,2.043,2.043,2.002,1.999,1.999,1.999,1.998,1.998,1.998,1.998,1.998,1.998,1.998,1.998,1.998,1.998,1.998,1.999,1.998,1.998,1.998,1.999,2.029
RGI60-16.02795,1.299,1.299,1.299,1.299,1.299,1.299,1.299,1.299,1.299,1.299,1.299,1.299,1.299,1.299,1.299,1.299,0.839,0.839,0.839,0.981,0.981,0.981,0.981,0.981,0.981,0.981,0.981,0.978,0.978,0.889,0.883,0.883,0.883,0.88,0.88,0.88,0.88,0.88,0.88,0.88,0.88,0.88,0.88,0.88,0.883,0.88,0.88,0.88,0.882,0.948
RGI60-16.02796,1.387,1.387,1.387,1.387,1.387,1.387,1.387,1.387,1.387,1.387,1.387,1.387,1.387,1.387,1.387,1.387,0.971,0.971,0.971,1.096,1.096,1.096,1.096,1.096,1.096,1.096,1.096,1.092,1.092,1.013,1.008,1.008,1.008,1.006,1.006,1.006,1.006,1.006,1.006,1.006,1.006,1.006,1.006,1.006,1.008,1.006,1.006,1.006,1.008,1.066
RGI60-16.02797,1.459,1.459,1.459,1.459,1.459,1.459,1.459,1.459,1.459,1.459,1.459,1.459,1.459,1.459,1.459,1.459,1.071,1.071,1.071,1.185,1.185,1.185,1.185,1.185,1.185,1.185,1.185,1.182,1.182,1.109,1.105,1.105,1.105,1.103,1.103,1.103,1.103,1.103,1.103,1.103,1.103,1.103,1.103,1.103,1.105,1.103,1.103,1.103,1.104,1.157
RGI60-16.02798,2.24,2.24,2.24,2.24,2.24,2.24,2.24,2.24,2.24,2.24,2.24,2.24,2.24,2.24,2.24,2.24,2.009,2.009,2.009,2.072,2.072,2.072,2.072,2.072,2.072,2.072,2.072,2.07,2.07,2.03,2.027,2.027,2.027,2.026,2.026,2.026,2.026,2.026,2.026,2.026,2.026,2.026,2.026,2.026,2.027,2.026,2.026,2.026,2.027,2.056
RGI60-16.02799,1.727,1.727,1.727,1.727,1.727,1.727,1.727,1.727,1.727,1.727,1.727,1.727,1.727,1.727,1.727,1.727,1.415,1.415,1.415,1.503,1.503,1.503,1.503,1.503,1.503,1.503,1.503,1.501,1.501,1.443,1.439,1.439,1.439,1.438,1.438,1.438,1.438,1.438,1.438,1.438,1.438,1.438,1.438,1.438,1.439,1.438,1.438,1.438,1.439,1.479
RGI60-16.02800,1.362,1.362,1.362,1.362,1.362,1.362,1.362,1.362,1.362,1.362,1.362,1.362,1.362,1.362,1.362,1.362,0.935,0.935,0.935,1.064,1.064,1.064,1.064,1.064,1.064,1.064,1.064,1.06,1.06,0.976,0.971,0.971,0.971,0.969,0.969,0.969,0.969,0.969,0.969,0.969,0.969,0.969,0.969,0.969,0.971,0.969,0.969,0.969,0.971,1.029
RGI60-16.02801,1.286,1.286,1.286,1.286,1.286,1.286,1.286,1.286,1.286,1.286,1.286,1.286,1.286,1.286,1.286,1.286,0.821,0.821,0.821,0.965,0.965,0.965,0.965,0.965,0.965,0.965,0.965,0.961,0.961,0.867,0.861,0.861,0.861,0.859,0.859,0.859,0.859,0.859,0.859,0.859,0.859,0.859,0.859,0.859,0.861,0.859,0.859,0.859,0.861,0.926
RGI60-16.02802,1.362,1.362,1.362,1.362,1.362,1.362,1.362,1.362,1.362,1.362,1.362,1.362,1.362,1.362,1.362,1.362,0.936,0.936,0.936,1.064,1.064,1.064,1.064,1.064,1.064,1.064,1.064,1.061,1.061,0.976,0.971,0.971,0.971,0.969,0.969,0.969,0.969,0.969,0.969,0.969,0.969,0.969,0.969,0.969,0.971,0.969,0.969,0.969,0.971,1.028
RGI60-16.02803,1.262,1.262,1.262,1.262,1.262,1.262,1.262,1.262,1.262,1.262,1.262,1.262,1.262,1.262,1.262,1.262,0.784,0.784,0.784,0.933,0.933,0.933,0.933,0.933,0.933,0.933,0.933,0.929,0.929,0.831,0.825,0.825,0.825,0.823,0.823,0.823,0.823,0.823,0.823,0.823,0.823,0.823,0.823,0.823,0.825,0.823,0.823,0.823,0.825,0.891
RGI60-16.02804,1.265,1.265,1.265,1.265,1.265,1.265,1.265,1.265,1.265,1.265,1.265,1.265,1.265,1.265,1.265,1.265,0.761,0.761,0.761,0.923,0.923,0.923,0.923,0.923,0.923,0.923,0.923,0.919,0.919,0.847,0.841,0.841,0.841,0.839,0.839,0.839,0.839,0.839,0.839,0.839,0.839,0.839,0.839,0.839,0.841,0.839,0.839,0.839,0.841,0.937
RGI60-16.02805,1.272,1.272,1.272,1.272,1.272,1.272,1.272,1.272,1.272,1.272,1.272,1.272,1.272,1.272,1.272,1.272,0.773,0.773,0.773,0.933,0.933,0.933,0.933,0.933,0.933,0.933,0.933,0.928,0.928,0.858,0.852,0.852,0.852,0.849,0.849,0.849,0.849,0.849,0.849,0.849,0.849,0.849,0.849,0.849,0.852,0.849,0.849,0.849,0.851,0.946
RGI60-16.02806,1.908,1.908,1.908,1.908,1.908,1.908,1.908,1.908,1.908,1.908,1.908,1.908,1.908,1.908,1.908,1.908,1.631,1.631,1.631,1.707,1.707,1.707,1.707,1.707,1.707,1.707,1.707,1.705,1.705,1.659,1.655,1.655,1.655,1.654,1.654,1.654,1.654,1.654,1.654,1.654,1.654,1.654,1.654,1.654,1.655,1.654,1.654,1.654,1.655,1.694
RGI60-16.02807,1.602,1.602,1.602,1.602,1.602,1.602,1.602,1.602,1.602,1.602,1.602,1.602,1.602,1.602,1.602,1.602,1.26,1.26,1.26,1.358,1.358,1.358,1.358,1.358,1.358,1.358,1.358,1.355,1.355,1.296,1.292,1.292,1.292,1.29,1.29,1.29,1.29,1.29,1.29,1.29,1.29,1.29,1.29,1.29,1.292,1.29,1.29,1.29,1.292,1.34
RGI60-16.02808,1.246,1.246,1.246,1.246,1.246,1.246,1.246,1.246,1.246,1.246,1.246,1.246,1.246,1.246,1.246,1.246,0.755,0.755,0.755,0.911,0.911,0.911,0.911,0.911,0.911,0.911,0.911,0.906,0.906,0.82,0.813,0.813,0.813,0.81,0.81,0.81,0.81,0.81,0.81,0.81,0.81,0.81,0.81,0.81,0.813,0.81,0.81,0.81,0.813,0.893
RGI60-16.02809,1.347,1.347,1.347,1.347,1.347,1.347,1.347,1.347,1.347,1.347,1.347,1.347,1.347,1.347,1.347,1.347,0.912,0.912,0.912,1.044,1.044,1.044,1.044,1.044,1.044,1.044,1.044,1.04,1.04,0.966,0.96,0.96,0.96,0.958,0.958,0.958,0.958,0.958,0.958,0.958,0.958,0.958,0.958,0.958,0.96,0.958,0.958,0.958,0.96,1.029
RGI60-16.02810,1.299,1.299,1.299,1.299,1.299,1.299,1.299,1.299,1.299,1.299,1.299,1.299,1.299,1.299,1.299,1.299,0.84,0.84,0.84,0.982,0.982,0.982,0.982,0.982,0.982,0.982,0.982,0.978,0.978,0.898,0.892,0.892,0.892,0.89,0.89,0.89,0.89,0.89,0.89,0.89,0.89,0.89,0.89,0.89,0.892,0.89,0.89,0.89,0.892,0.965
RGI60-16.02811,1.41,1.41,1.41,1.41,1.41,1.41,1.41,1.41,1.41,1.41,1.41,1.41,1.41,1.41,1.41,1.41,1.003,1.003,1.003,1.125,1.125,1.125,1.125,1.125,1.125,1.125,1.125,1.121,1.121,1.053,1.048,1.048,1.048,1.045,1.045,1.045,1.045,1.045,1.045,1.045,1.045,1.045,1.045,1.045,1.048,1.045,1.045,1.045,1.047,1.111
RGI60-16.02812,1.349,1.349,1.349,1.349,1.349,1.349,1.349,1.349,1.349,1.349,1.349,1.349,1.349,1.349,1.349,1.349,0.916,0.916,0.916,1.047,1.047,1.047,1.047,1.047,1.047,1.047,1.047,1.043,1.043,0.956,0.951,0.951,0.951,0.949,0.949,0.949,0.949,0.949,0.949,0.949,0.949,0.949,0.949,0.949,0.951,0.949,0.949,0.949,0.951,1.009
RGI60-16.02813,1.422,1.422,1.422,1.422,1.422,1.422,1.422,1.422,1.422,1.422,1.422,1.422,1.422,1.422,1.422,1.422,1.02,1.02,1.02,1.139,1.139,1.139,1.139,1.139,1.139,1.139,1.139,1.136,1.136,1.068,1.063,1.063,1.063,1.061,1.061,1.061,1.061,1.061,1.061,1.061,1.061,1.061,1.061,1.061,1.063,1.061,1.061,1.061,1.063,1.125
RGI60-16.02814,1.319,1.319,1.319,1.319,1.319,1.319,1.319,1.319,1.319,1.319,1.319,1.319,1.319,1.319,1.319,1.319,0.872,0.872,0.872,1.008,1.008,1.008,1.008,1.008,1.008,1.008,1.008,1.005,1.005,0.914,0.908,0.908,0.908,0.906,0.906,0.906,0.906,0.906,0.906,0.906,0.906,0.906,0.906,0.906,0.908,0.906,0.906,0.906,0.908,0.968
RGI60-16.02815,1.256,1.256,1.256,1.256,1.256,1.256,1.256,1.256,1.256,1.256,1.256,1.256,1.256,1.256,1.256,1.256,0.773,0.773,0.773,0.924,0.924,0.924,0.924,0.924,0.924,0.924,0.924,0.92,0.92,0.82,0.814,0.814,0.814,0.811,0.811,0.811,0.811,0.811,0.811,0.811,0.811,0.811,0.811,0.811,0.814,0.811,0.811,0.811,0.814,0.881
RGI60-16.02816,1.266,1.266,1.266,1.266,1.266,1.266,1.266,1.266,1.266,1.266,1.266,1.266,1.266,1.266,1.266,1.266,0.79,0.79,0.79,0.938,0.938,0.938,0.938,0.938,0.938,0.938,0.938,0.934,0.934,0.836,0.83,0.83,0.83,0.828,0.828,0.828,0.828,0.828,0.828,0.828,0.828,0.828,0.828,0.828,0.83,0.828,0.828,0.828,0.83,0.895
RGI60-16.02817,1.353,1.353,1.353,1.353,1.353,1.353,1.353,1.353,1.353,1.353,1.353,1.353,1.353,1.353,1.353,1.353,0.921,0.921,0.921,1.052,1.052,1.052,1.052,1.052,1.052,1.052,1.052,1.048,1.048,0.974,0.969,0.969,0.969,0.966,0.966,0.966,0.966,0.966,0.966,0.966,0.966,0.966,0.966,0.966,0.969,0.966,0.966,0.966,0.968,1.036
RGI60-16.02818,1.256,1.256,1.256,1.256,1.256,1.256,1.256,1.256,1.256,1.256,1.256,1.256,1.256,1.256,1.256,1.256,0.772,0.772,0.772,0.924,0.924,0.924,0.924,0.924,0.924,0.924,0.924,0.92,0.92,0.835,0.828,0.828,0.828,0.825,0.825,0.825,0.825,0.825,0.825,0.825,0.825,0.825,0.825,0.825,0.828,0.825,0.825,0.825,0.828,0.907
RGI60-16.02818,1.28,1.28,1.28,1.28,1.28,1.28,1.28,1.28,1.28,1.28,1.28,1.28,1.28,1.28,1.28,1.28,0.699,0.699,0.699,0.838,0.838,0.838,0.838,0.838,0.838,0.838,0.838,0.831,0.831,0.723,0.712,0.712,0.712,0.706,0.706,0.706,0.706,0.706,0.706,0.706,0.706,0.706,0.706,0.706,0.712,0.706,0.706,0.706,0.711,0.866
RGI60-16.02819,1.246,1.246,1.246,1.246,1.246,1.246,1.246,1.246,1.246,1.246,1.246,1.246,1.246,1.246,1.246,1.246,0.755,0.755,0.755,0.91,0.91,0.91,0.91,0.91,0.91,0.91,0.91,0.906,0.906,0.819,0.813,0.813,0.813,0.81,0.81,0.81,0.81,0.81,0.81,0.81,0.81,0.81,0.81,0.81,0.813,0.81,0.81,0.81,0.812,0.892
RGI60-16.02820,1.28,1.28,1.28,1.28,1.28,1.28,1.28,1.28,1.28,1.28,1.28,1.28,1.28,1.28,1.28,1.28,0.812,0.812,0.812,0.957,0.957,0.957,0.957,0.957,0.957,0.957,0.957,0.953,0.953,0.859,0.853,0.853,0.853,0.85,0.85,0.85,0.85,0.85,0.85,0.85,0.85,0.85,0.85,0.85,0.853,0.85,0.85,0.85,0.852,0.918
RGI60-16.02821,1.466,1.466,1.466,1.466,1.466,1.466,1.466,1.466,1.466,1.466,1.466,1.466,1.466,1.466,1.466,1.466,1.082,1.082,1.082,1.194,1.194,1.194,1.194,1.194,1.194,1.194,1.194,1.191,1.191,1.117,1.112,1.112,1.112,1.11,1.11,1.11,1.11,1.11,1.11,1.11,1.11,1.11,1.11,1.11,1.112,1.11,1.11,1.11,1.112,1.163
RGI60-16.02822,2.268,2.268,2.268,2.268,2.268,2.268,2.268,2.268,2.268,2.268,2.268,2.268,2.268,2.268,2.268,2.268,2.041,2.041,2.041,2.102,2.102,2.102,2.102,2.102,2.102,2.102,2.102,2.101,2.101,2.063,2.06,2.06,2.06,2.059,2.059,2.059,2.059,2.059,2.059,2.059,2.059,2.059,2.059,2.059,2.06,2.059,2.059,2.059,2.06,2.091
RGI60-16.02823,1.28,1.28,1.28,1.28,1.28,1.28,1.28,1.28,1.28,1.28,1.28,1.28,1.28,1.28,1.28,1.28,0.699,0.699,0.699,0.838,0.838,0.838,0.838,0.838,0.838,0.838,0.838,0.831,0.831,0.723,0.712,0.712,0.712,0.706,0.706,0.706,0.706,0.706,0.706,0.706,0.706,0.706,0.706,0.706,0.712,0.706,0.706,0.706,0.711,0.866
RGI60-16.02824,1.306,1.306,1.306,1.306,1.306,1.306,1.306,1.306,1.306,1.306,1.306,1.306,1.306,1.306,1.306,1.306,0.83,0.83,0.83,0.981,0.981,0.981,0.981,0.981,0.981,0.981,0.981,0.976,0.976,0.908,0.903,0.903,0.903,0.9,0.9,0.9,0.9,0.9,0.9,0.9,0.9,0.9,0.9,0.9,0.903,0.9,0.9,0.9,0.902,0.991
RGI60-16.02825,1.391,1.391,1.391,1.391,1.391,1.391,1.391,1.391,1.391,1.391,1.391,1.391,1.391,1.391,1.391,1.391,0.978,0.978,0.978,1.101,1.101,1.101,1.101,1.101,1.101,1.101,1.101,1.098,1.098,1.025,1.02,1.02,1.02,1.018,1.018,1.018,1.018,1.018,1.018,1.018,1.018,1.018,1.018,1.018,1.02,1.018,1.018,1.018,1.019,1.081
RGI60-16.02826,1.974,1.974,1.974,1.974,1.974,1.974,1.974,1.974,1.974,1.974,1.974,1.974,1.974,1.974,1.974,1.974,1.708,1.708,1.708,1.781,1.781,1.781,1.781,1.781,1.781,1.781,1.781,1.779,1.779,1.735,1.732,1.732,1.732,1.731,1.731,1.731,1.731,1.731,1.731,1.731,1.731,1.731,1.731,1.731,1.732,1.731,1.731,1.731,1.732,1.769
RGI60-16.02827,2.071,2.071,2.071,2.071,2.071,2.071,2.071,2.071,2.071,2.071,2.071,2.071,2.071,2.071,2.071,2.071,1.82,1.82,1.82,1.888,1.888,1.888,1.888,1.888,1.888,1.888,1.888,1.887,1.887,1.839,1.837,1.837,1.837,1.836,1.836,1.836,1.836,1.836,1.836,1.836,1.836,1.836,1.836,1.836,1.837,1.836,1.836,1.836,1.836,1.867
RGI60-16.02828,1.334,1.334,1.334,1.334,1.334,1.334,1.334,1.334,1.334,1.334,1.334,1.334,1.334,1.334,1.334,1.334,0.893,0.893,0.893,1.027,1.027,1.027,1.027,1.027,1.027,1.027,1.027,1.024,1.024,0.948,0.942,0.942,0.942,0.94,0.94,0.94,0.94,0.94,0.94,0.94,0.94,0.94,0.94,0.94,0.942,0.94,0.94,0.94,0.942,1.012
RGI60-16.02829,1.291,1.291,1.291,1.291,1.291,1.291,1.291,1.291,1.291,1.291,1.291,1.291,1.291,1.291,1.291,1.291,0.827,0.827,0.827,0.971,0.971,0.971,0.971,0.971,0.971,0.971,0.971,0.967,0.967,0.886,0.88,0.88,0.88,0.877,0.877,0.877,0.877,0.877,0.877,0.877,0.877,0.877,0.877,0.877,0.88,0.877,0.877,0.877,0.879,0.954
RGI60-16.02830,1.293,1.293,1.293,1.293,1.293,1.293,1.293,1.293,1.293,1.293,1.293,1.293,1.293,1.293,1.293,1.293,0.833,0.833,0.833,0.974,0.974,0.974,0.974,0.974,0.974,0.974,0.974,0.97,0.97,0.875,0.869,0.869,0.869,0.867,0.867,0.867,0.867,0.867,0.867,0.867,0.867,0.867,0.867,0.867,0.869,0.867,0.867,0.867,0.869,0.93
RGI60-16.02831,1.348,1.348,1.348,1.348,1.348,1.348,1.348,1.348,1.348,1.348,1.348,1.348,1.348,1.348,1.348,1.348,0.917,0.917,0.917,1.046,1.046,1.046,1.046,1.046,1.046,1.046,1.046,1.043,1.043,0.955,0.95,0.95,0.95,0.947,0.947,0.947,0.947,0.947,0.947,0.947,0.947,0.947,0.947,0.947,0.95,0.947,0.947,0.947,0.949,1.006
RGI60-16.02832,1.243,1.243,1.243,1.243,1.243,1.243,1.243,1.243,1.243,1.243,1.243,1.243,1.243,1.243,1.243,1.243,0.752,0.752,0.752,0.906,0.906,0.906,0.906,0.906,0.906,0.906,0.906,0.902,0.902,0.811,0.805,0.805,0.805,0.802,0.802,0.802,0.802,0.802,0.802,0.802,0.802,0.802,0.802,0.802,0.805,0.802,0.802,0.802,0.804,0.882
RGI60-16.02833,1.247,1.247,1.247,1.247,1.247,1.247,1.247,1.247,1.247,1.247,1.247,1.247,1.247,1.247,1.247,1.247,0.759,0.759,0.759,0.912,0.912,0.912,0.912,0.912,0.912,0.912,0.912,0.908,0.908,0.819,0.812,0.812,0.812,0.809,0.809,0.809,0.809,0.809,0.809,0.809,0.809,0.809,0.809,0.809,0.812,0.809,0.809,0.809,0.812,0.888
RGI60-16.02834,1.264,1.264,1.264,1.264,1.264,1.264,1.264,1.264,1.264,1.264,1.264,1.264,1.264,1.264,1.264,1.264,0.787,0.787,0.787,0.935,0.935,0.935,0.935,0.935,0.935,0.935,0.935,0.931,0.931,0.844,0.838,0.838,0.838,0.835,0.835,0.835,0.835,0.835,0.835,0.835,0.835,0.835,0.835,0.835,0.838,0.835,0.835,0.835,0.837,0.912
RGI60-16.02835,1.28,1.28,1.28,1.28,1.28,1.28,1.28,1.28,1.28,1.28,1.28,1.28,1.28,1.28,1.28,1.28,0.699,0.699,0.699,0.838,0.838,0.838,0.838,0.838,0.838,0.838,0.838,0.831,0.831,0.723,0.712,0.712,0.712,0.706,0.706,0.706,0.706,0.706,0.706,0.706,0.706,0.706,0.706,0.706,0.712,0.706,0.706,0.706,0.711,0.866
RGI60-16.02836,1.247,1.247,1.247,1.247,1.247,1.247,1.247,1.247,1.247,1.247,1.247,1.247,1.247,1.247,1.247,1.247,0.76,0.76,0.76,0.913,0.913,0.913,0.913,0.913,0.913,0.913,0.913,0.908,0.908,0.819,0.813,0.813,0.813,0.81,0.81,0.81,0.81,0.81,0.81,0.81,0.81,0.81,0.81,0.81,0.813,0.81,0.81,0.81,0.812,0.889
RGI60-16.02837,1.252,1.252,1.252,1.252,1.252,1.252,1.252,1.252,1.252,1.252,1.252,1.252,1.252,1.252,1.252,1.252,0.767,0.767,0.767,0.918,0.918,0.918,0.918,0.918,0.918,0.918,0.918,0.914,0.914,0.826,0.82,0.82,0.82,0.817,0.817,0.817,0.817,0.817,0.817,0.817,0.817,0.817,0.817,0.817,0.82,0.817,0.817,0.817,0.819,0.896
RGI60-16.02838,1.343,1.343,1.343,1.343,1.343,1.343,1.343,1.343,1.343,1.343,1.343,1.343,1.343,1.343,1.343,1.343,0.91,0.91,0.91,1.04,1.04,1.04,1.04,1.04,1.04,1.04,1.04,1.036,1.036,0.946,0.94,0.94,0.94,0.938,0.938,0.938,0.938,0.938,0.938,0.938,0.938,0.938,0.938,0.938,0.94,0.938,0.938,0.938,0.94,0.996
RGI60-16.02839,1.337,1.337,1.337,1.337,1.337,1.337,1.337,1.337,1.337,1.337,1.337,1.337,1.337,1.337,1.337,1.337,0.902,0.902,0.902,1.032,1.032,1.032,1.032,1.032,1.032,1.032,1.032,1.029,1.029,0.937,0.932,0.932,0.932,0.93,0.93,0.93,0.93,0.93,0.93,0.93,0.93,0.93,0.93,0.93,0.932,0.93,0.93,0.93,0.932,0.988
RGI60-16.02840,1.488,1.488,1.488,1.488,1.488,1.488,1.488,1.488,1.488,1.488,1.488,1.488,1.488,1.488,1.488,1.488,1.112,1.112,1.112,1.221,1.221,1.221,1.221,1.221,1.221,1.221,1.221,1.218,1.218,1.15,1.146,1.146,1.146,1.144,1.144,1.144,1.144,1.144,1.144,1.144,1.144,1.144,1.144,1.144,1.146,1.144,1.144,1.144,1.145,1.198
RGI60-16.02841,1.561,1.561,1.561,1.561,1.561,1.561,1.561,1.561,1.561,1.561,1.561,1.561,1.561,1.561,1.561,1.561,1.207,1.207,1.207,1.308,1.308,1.308,1.308,1.308,1.308,1.308,1.308,1.306,1.306,1.243,1.238,1.238,1.238,1.237,1.237,1.237,1.237,1.237,1.237,1.237,1.237,1.237,1.237,1.237,1.238,1.237,1.237,1.237,1.238,1.287
RGI60-16.02842,1.26,1.26,1.26,1.26,1.26,1.26,1.26,1.26,1.26,1.26,1.26,1.26,1.26,1.26,1.26,1.26,0.781,0.781,0.781,0.93,0.93,0.93,0.93,0.93,0.93,0.93,0.93,0.926,0.926,0.839,0.833,0.833,0.833,0.83,0.83,0.83,0.83,0.83,0.83,0.83,0.83,0.83,0.83,0.83,0.833,0.83,0.83,0.83,0.832,0.908
RGI60-16.02843,1.255,1.255,1.255,1.255,1.255,1.255,1.255,1.255,1.255,1.255,1.255,1.255,1.255,1.255,1.255,1.255,0.772,0.772,0.772,0.923,0.923,0.923,0.923,0.923,0.923,0.923,0.923,0.919,0.919,0.831,0.825,0.825,0.825,0.822,0.822,0.822,0.822,0.822,0.822,0.822,0.822,0.822,0.822,0.822,0.825,0.822,0.822,0.822,0.824,0.9
RGI60-16.02844,1.419,1.419,1.419,1.419,1.419,1.419,1.419,1.419,1.419,1.419,1.419,1.419,1.419,1.419,1.419,1.419,1.017,1.017,1.017,1.136,1.136,1.136,1.136,1.136,1.136,1.136,1.136,1.132,1.132,1.062,1.057,1.057,1.057,1.055,1.055,1.055,1.055,1.055,1.055,1.055,1.055,1.055,1.055,1.055,1.057,1.055,1.055,1.055,1.057,1.117
RGI60-16.02845,1.602,1.602,1.602,1.602,1.602,1.602,1.602,1.602,1.602,1.602,1.602,1.602,1.602,1.602,1.602,1.602,1.261,1.261,1.261,1.358,1.358,1.358,1.358,1.358,1.358,1.358,1.358,1.355,1.355,1.297,1.293,1.293,1.293,1.292,1.292,1.292,1.292,1.292,1.292,1.292,1.292,1.292,1.292,1.292,1.293,1.292,1.292,1.292,1.293,1.343
RGI60-16.02846,1.369,1.369,1.369,1.369,1.369,1.369,1.369,1.369,1.369,1.369,1.369,1.369,1.369,1.369,1.369,1.369,0.947,0.947,0.947,1.073,1.073,1.073,1.073,1.073,1.073,1.073,1.073,1.07,1.07,0.995,0.99,0.99,0.99,0.988,0.988,0.988,0.988,0.988,0.988,0.988,0.988,0.988,0.988,0.988,0.99,0.988,0.988,0.988,0.99,1.054
RGI60-16.02847,1.329,1.329,1.329,1.329,1.329,1.329,1.329,1.329,1.329,1.329,1.329,1.329,1.329,1.329,1.329,1.329,0.887,0.887,0.887,1.021,1.021,1.021,1.021,1.021,1.021,1.021,1.021,1.017,1.017,0.938,0.933,0.933,0.933,0.93,0.93,0.93,0.93,0.93,0.93,0.93,0.93,0.93,0.93,0.93,0.933,0.93,0.93,0.93,0.932,1.0
RGI60-16.02848,1.316,1.316,1.316,1.316,1.316,1.316,1.316,1.316,1.316,1.316,1.316,1.316,1.316,1.316,1.316,1.316,0.867,0.867,0.867,1.004,1.004,1.004,1.004,1.004,1.004,1.004,1.004,1.0,1.0,0.92,0.914,0.914,0.914,0.912,0.912,0.912,0.912,0.912,0.912,0.912,0.912,0.912,0.912,0.912,0.914,0.912,0.912,0.912,0.914,0.983
RGI60-16.02849,2.691,2.691,2.691,2.691,2.691,2.691,2.691,2.691,2.691,2.691,2.691,2.691,2.691,2.691,2.691,2.691,2.502,2.502,2.502,2.553,2.553,2.553,2.553,2.553,2.553,2.553,2.553,2.551,2.551,2.521,2.519,2.519,2.519,2.518,2.518,2.518,2.518,2.518,2.518,2.518,2.518,2.518,2.518,2.518,2.519,2.518,2.518,2.518,2.519,2.545
RGI60-16.02850,1.301,1.301,1.301,1.301,1.301,1.301,1.301,1.301,1.301,1.301,1.301,1.301,1.301,1.301,1.301,1.301,0.822,0.822,0.822,0.974,0.974,0.974,0.974,0.974,0.974,0.974,0.974,0.969,0.969,0.901,0.895,0.895,0.895,0.893,0.893,0.893,0.893,0.893,0.893,0.893,0.893,0.893,0.893,0.893,0.895,0.893,0.893,0.893,0.895,0.984
RGI60-16.02851,1.529,1.529,1.529,1.529,1.529,1.529,1.529,1.529,1.529,1.529,1.529,1.529,1.529,1.529,1.529,1.529,1.166,1.166,1.166,1.271,1.271,1.271,1.271,1.271,1.271,1.271,1.271,1.268,1.268,1.202,1.198,1.198,1.198,1.196,1.196,1.196,1.196,1.196,1.196,1.196,1.196,1.196,1.196,1.196,1.198,1.196,1.196,1.196,1.198,1.248
RGI60-16.02852,1.35,1.35,1.35,1.35,1.35,1.35,1.35,1.35,1.35,1.35,1.35,1.35,1.35,1.35,1.35,1.35,0.92,0.92,0.92,1.049,1.049,1.049,1.049,1.049,1.049,1.049,1.049,1.045,1.045,0.966,0.96,0.96,0.96,0.958,0.958,0.958,0.958,0.958,0.958,0.958,0.958,0.958,0.958,0.958,0.96,0.958,0.958,0.958,0.96,1.022
RGI60-16.02853,1.537,1.537,1.537,1.537,1.537,1.537,1.537,1.537,1.537,1.537,1.537,1.537,1.537,1.537,1.537,1.537,1.175,1.175,1.175,1.28,1.28,1.28,1.28,1.28,1.28,1.28,1.28,1.277,1.277,1.216,1.211,1.211,1.211,1.209,1.209,1.209,1.209,1.209,1.209,1.209,1.209,1.209,1.209,1.209,1.211,1.209,1.209,1.209,1.211,1.264
RGI60-16.02854,1.287,1.287,1.287,1.287,1.287,1.287,1.287,1.287,1.287,1.287,1.287,1.287,1.287,1.287,1.287,1.287,0.823,0.823,0.823,0.965,0.965,0.965,0.965,0.965,0.965,0.965,0.965,0.961,0.961,0.874,0.868,0.868,0.868,0.865,0.865,0.865,0.865,0.865,0.865,0.865,0.865,0.865,0.865,0.865,0.868,0.865,0.865,0.865,0.867,0.936
RGI60-16.02855,1.328,1.328,1.328,1.328,1.328,1.328,1.328,1.328,1.328,1.328,1.328,1.328,1.328,1.328,1.328,1.328,0.888,0.888,0.888,1.02,1.02,1.02,1.02,1.02,1.02,1.02,1.02,1.016,1.016,0.922,0.917,0.917,0.917,0.915,0.915,0.915,0.915,0.915,0.915,0.915,0.915,0.915,0.915,0.915,0.917,0.915,0.915,0.915,0.916,0.972
RGI60-16.02856,1.419,1.419,1.419,1.419,1.419,1.419,1.419,1.419,1.419,1.419,1.419,1.419,1.419,1.419,1.419,1.419,1.018,1.018,1.018,1.135,1.135,1.135,1.135,1.135,1.135,1.135,1.135,1.132,1.132,1.049,1.044,1.044,1.044,1.042,1.042,1.042,1.042,1.042,1.042,1.042,1.042,1.042,1.042,1.042,1.044,1.042,1.042,1.042,1.043,1.093
RGI60-16.02857,1.28,1.28,1.28,1.28,1.28,1.28,1.28,1.28,1.28,1.28,1.28,1.28,1.28,1.28,1.28,1.28,0.699,0.699,0.699,0.838,0.838,0.838,0.838,0.838,0.838,0.838,0.838,0.831,0.831,0.723,0.712,0.712,0.712,0.706,0.706,0.706,0.706,0.706,0.706,0.706,0.706,0.706,0.706,0.706,0.712,0.706,0.706,0.706,0.711,0.866
RGI60-16.02858,1.554,1.554,1.554,1.554,1.554,1.554,1.554,1.554,1.554,1.554,1.554,1.554,1.554,1.554,1.554,1.554,1.2,1.2,1.2,1.301,1.301,1.301,1.301,1.301,1.301,1.301,1.301,1.298,1.298,1.235,1.23,1.23,1.23,1.228,1.228,1.228,1.228,1.228,1.228,1.228,1.228,1.228,1.228,1.228,1.23,1.228,1.228,1.228,1.23,1.279
RGI60-16.02859,1.396,1.396,1.396,1.396,1.396,1.396,1.396,1.396,1.396,1.396,1.396,1.396,1.396,1.396,1.396,1.396,0.986,0.986,0.986,1.107,1.107,1.107,1.107,1.107,1.107,1.107,1.107,1.103,1.103,1.028,1.023,1.023,1.023,1.021,1.021,1.021,1.021,1.021,1.021,1.021,1.021,1.021,1.021,1.021,1.023,1.021,1.021,1.021,1.022,1.081
RGI60-16.02860,1.272,1.272,1.272,1.272,1.272,1.272,1.272,1.272,1.272,1.272,1.272,1.272,1.272,1.272,1.272,1.272,0.801,0.801,0.801,0.946,0.946,0.946,0.946,0.946,0.946,0.946,0.946,0.942,0.942,0.852,0.846,0.846,0.846,0.843,0.843,0.843,0.843,0.843,0.843,0.843,0.843,0.843,0.843,0.843,0.846,0.843,0.843,0.843,0.845,0.916
RGI60-16.02861,1.382,1.382,1.382,1.382,1.382,1.382,1.382,1.382,1.382,1.382,1.382,1.382,1.382,1.382,1.382,1.382,0.965,0.965,0.965,1.089,1.089,1.089,1.089,1.089,1.089,1.089,1.089,1.085,1.085,1.008,1.003,1.003,1.003,1.001,1.001,1.001,1.001,1.001,1.001,1.001,1.001,1.001,1.001,1.001,1.003,1.001,1.001,1.001,1.003,1.062
RGI60-16.02862,1.392,1.392,1.392,1.392,1.392,1.392,1.392,1.392,1.392,1.392,1.392,1.392,1.392,1.392,1.392,1.392,0.981,0.981,0.981,1.101,1.101,1.101,1.101,1.101,1.101,1.101,1.101,1.098,1.098,1.012,1.007,1.007,1.007,1.005,1.005,1.005,1.005,1.005,1.005,1.005,1.005,1.005,1.005,1.005,1.007,1.005,1.005,1.005,1.006,1.057
RGI60-16.02863,1.268,1.268,1.268,1.268,1.268,1.268,1.268,1.268,1.268,1.268,1.268,1.268,1.268,1.268,1.268,1.268,0.771,0.771,0.771,0.931,0.931,0.931,0.931,0.931,0.931,0.931,0.931,0.926,0.926,0.854,0.848,0.848,0.848,0.845,0.845,0.845,0.845,0.845,0.845,0.845,0.845,0.845,0.845,0.845,0.848,0.845,0.845,0.845,0.847,0.941
RGI60-16.02864,1.708,1.708,1.708,1.708,1.708,1.708,1.708,1.708,1.708,1.708,1.708,1.708,1.708,1.708,1.708,1.708,1.393,1.393,1.393,1.481,1.481,1.481,1.481,1.481,1.481,1.481,1.481,1.478,1.478,1.415,1.412,1.412,1.412,1.41,1.41,1.41,1.41,1.41,1.41,1.41,1.41,1.41,1.41,1.41,1.412,1.41,1.41,1.41,1.411,1.448
RGI60-16.02865,1.292,1.292,1.292,1.292,1.292,1.292,1.292,1.292,1.292,1.292,1.292,1.292,1.292,1.292,1.292,1.292,0.834,0.834,0.834,0.973,0.973,0.973,0.973,0.973,0.973,0.973,0.973,0.969,0.969,0.869,0.864,0.864,0.864,0.861,0.861,0.861,0.861,0.861,0.861,0.861,0.861,0.861,0.861,0.861,0.864,0.861,0.861,0.861,0.863,0.922
RGI60-16.02866,1.312,1.312,1.312,1.312,1.312,1.312,1.312,1.312,1.312,1.312,1.312,1.312,1.312,1.312,1.312,1.312,0.862,0.862,0.862,0.999,0.999,0.999,0.999,0.999,0.999,0.999,0.999,0.995,0.995,0.903,0.897,0.897,0.897,0.895,0.895,0.895,0.895,0.895,0.895,0.895,0.895,0.895,0.895,0.895,0.897,0.895,0.895,0.895,0.897,0.957
RGI60-16.02867,1.41,1.41,1.41,1.41,1.41,1.41,1.41,1.41,1.41,1.41,1.41,1.41,1.41,1.41,1.41,1.41,1.005,1.005,1.005,1.125,1.125,1.125,1.125,1.125,1.125,1.125,1.125,1.122,1.122,1.041,1.036,1.036,1.036,1.034,1.034,1.034,1.034,1.034,1.034,1.034,1.034,1.034,1.034,1.034,1.036,1.034,1.034,1.034,1.035,1.088
RGI60-16.02868,1.298,1.298,1.298,1.298,1.298,1.298,1.298,1.298,1.298,1.298,1.298,1.298,1.298,1.298,1.298,1.298,0.841,0.841,0.841,0.981,0.981,0.981,0.981,0.981,0.981,0.981,0.981,0.977,0.977,0.883,0.877,0.877,0.877,0.875,0.875,0.875,0.875,0.875,0.875,0.875,0.875,0.875,0.875,0.875,0.877,0.875,0.875,0.875,0.877,0.939
RGI60-16.02869,1.444,1.444,1.444,1.444,1.444,1.444,1.444,1.444,1.444,1.444,1.444,1.444,1.444,1.444,1.444,1.444,1.052,1.052,1.052,1.167,1.167,1.167,1.167,1.167,1.167,1.167,1.167,1.164,1.164,1.086,1.081,1.081,1.081,1.079,1.079,1.079,1.079,1.079,1.079,1.079,1.079,1.079,1.079,1.079,1.081,1.079,1.079,1.079,1.081,1.131
RGI60-16.02870,1.291,1.291,1.291,1.291,1.291,1.291,1.291,1.291,1.291,1.291,1.291,1.291,1.291,1.291,1.291,1.291,0.832,0.832,0.832,0.971,0.971,0.971,0.971,0.971,0.971,0.971,0.971,0.968,0.968,0.868,0.862,0.862,0.862,0.86,0.86,0.86,0.86,0.86,0.86,0.86,0.86,0.86,0.86,0.86,0.862,0.86,0.86,0.86,0.862,0.92
RGI60-16.02871,1.43,1.43,1.43,1.43,1.43,1.43,1.43,1.43,1.43,1.43,1.43,1.43,1.43,1.43,1.43,1.43,1.033,1.033,1.033,1.149,1.149,1.149,1.149,1.149,1.149,1.149,1.149,1.146,1.146,1.073,1.068,1.068,1.068,1.066,1.066,1.066,1.066,1.066,1.066,1.066,1.066,1.066,1.066,1.066,1.068,1.066,1.066,1.066,1.067,1.123
RGI60-16.02872,1.955,1.955,1.955,1.955,1.955,1.955,1.955,1.955,1.955,1.955,1.955,1.955,1.955,1.955,1.955,1.955,1.687,1.687,1.687,1.761,1.761,1.761,1.761,1.761,1.761,1.761,1.761,1.759,1.759,1.712,1.709,1.709,1.709,1.707,1.707,1.707,1.707,1.707,1.707,1.707,1.707,1.707,1.707,1.707,1.709,1.707,1.707,1.707,1.708,1.744
RGI60-16.02873,1.429,1.429,1.429,1.429,1.429,1.429,1.429,1.429,1.429,1.429,1.429,1.429,1.429,1.429,1.429,1.429,1.033,1.033,1.033,1.148,1.148,1.148,1.148,1.148,1.148,1.148,1.148,1.145,1.145,1.062,1.057,1.057,1.057,1.055,1.055,1.055,1.055,1.055,1.055,1.055,1.055,1.055,1.055,1.055,1.057,1.055,1.055,1.055,1.057,1.106
RGI60-16.02874,1.386,1.386,1.386,1.386,1.386,1.386,1.386,1.386,1.386,1.386,1.386,1.386,1.386,1.386,1.386,1.386,0.973,0.973,0.973,1.095,1.095,1.095,1.095,1.095,1.095,1.095,1.095,1.091,1.091,1.004,0.999,0.999,0.999,0.997,0.997,0.997,0.997,0.997,0.997,0.997,0.997,0.997,0.997,0.997,0.999,0.997,0.997,0.997,0.999,1.05
RGI60-16.02875,1.527,1.527,1.527,1.527,1.527,1.527,1.527,1.527,1.527,1.527,1.527,1.527,1.527,1.527,1.527,1.527,1.164,1.164,1.164,1.268,1.268,1.268,1.268,1.268,1.268,1.268,1.268,1.265,1.265,1.201,1.197,1.197,1.197,1.195,1.195,1.195,1.195,1.195,1.195,1.195,1.195,1.195,1.195,1.195,1.197,1.195,1.195,1.195,1.196,1.248
RGI60-16.02876,1.576,1.576,1.576,1.576,1.576,1.576,1.576,1.576,1.576,1.576,1.576,1.576,1.576,1.576,1.576,1.576,1.227,1.227,1.227,1.327,1.327,1.327,1.327,1.327,1.327,1.327,1.327,1.324,1.324,1.263,1.259,1.259,1.259,1.257,1.257,1.257,1.257,1.257,1.257,1.257,1.257,1.257,1.257,1.257,1.259,1.257,1.257,1.257,1.258,1.308
RGI60-16.02877,1.433,1.433,1.433,1.433,1.433,1.433,1.433,1.433,1.433,1.433,1.433,1.433,1.433,1.433,1.433,1.433,1.037,1.037,1.037,1.153,1.153,1.153,1.153,1.153,1.153,1.153,1.153,1.149,1.149,1.079,1.074,1.074,1.074,1.072,1.072,1.072,1.072,1.072,1.072,1.072,1.072,1.072,1.072,1.072,1.074,1.072,1.072,1.072,1.074,1.132
RGI60-16.02878,1.701,1.701,1.701,1.701,1.701,1.701,1.701,1.701,1.701,1.701,1.701,1.701,1.701,1.701,1.701,1.701,1.384,1.384,1.384,1.473,1.473,1.473,1.473,1.473,1.473,1.473,1.473,1.47,1.47,1.416,1.412,1.412,1.412,1.411,1.411,1.411,1.411,1.411,1.411,1.411,1.411,1.411,1.411,1.411,1.412,1.411,1.411,1.411,1.412,1.457
RGI60-16.02879,1.258,1.258,1.258,1.258,1.258,1.258,1.258,1.258,1.258,1.258,1.258,1.258,1.258,1.258,1.258,1.258,0.754,0.754,0.754,0.917,0.917,0.917,0.917,0.917,0.917,0.917,0.917,0.912,0.912,0.839,0.832,0.832,0.832,0.83,0.83,0.83,0.83,0.83,0.83,0.83,0.83,0.83,0.83,0.83,0.832,0.83,0.83,0.83,0.832,0.926
RGI60-16.02880,1.487,1.487,1.487,1.487,1.487,1.487,1.487,1.487,1.487,1.487,1.487,1.487,1.487,1.487,1.487,1.487,1.11,1.11,1.11,1.22,1.22,1.22,1.22,1.22,1.22,1.22,1.22,1.217,1.217,1.144,1.139,1.139,1.139,1.138,1.138,1.138,1.138,1.138,1.138,1.138,1.138,1.138,1.138,1.138,1.139,1.138,1.138,1.138,1.139,1.188
RGI60-16.02881,2.137,2.137,2.137,2.137,2.137,2.137,2.137,2.137,2.137,2.137,2.137,2.137,2.137,2.137,2.137,2.137,1.895,1.895,1.895,1.96,1.96,1.96,1.96,1.96,1.96,1.96,1.96,1.958,1.958,1.911,1.908,1.908,1.908,1.907,1.907,1.907,1.907,1.907,1.907,1.907,1.907,1.907,1.907,1.907,1.908,1.907,1.907,1.907,1.908,1.936
RGI60-16.02882,1.353,1.353,1.353,1.353,1.353,1.353,1.353,1.353,1.353,1.353,1.353,1.353,1.353,1.353,1.353,1.353,0.925,0.925,0.925,1.052,1.052,1.052,1.052,1.052,1.052,1.052,1.052,1.049,1.049,0.957,0.952,0.952,0.952,0.95,0.95,0.95,0.95,0.95,0.95,0.95,0.95,0.95,0.95,0.95,0.952,0.95,0.95,0.95,0.952,1.005
RGI60-16.02883,1.257,1.257,1.257,1.257,1.257,1.257,1.257,1.257,1.257,1.257,1.257,1.257,1.257,1.257,1.257,1.257,0.778,0.778,0.778,0.925,0.925,0.925,0.925,0.925,0.925,0.925,0.925,0.921,0.921,0.815,0.809,0.809,0.809,0.807,0.807,0.807,0.807,0.807,0.807,0.807,0.807,0.807,0.807,0.807,0.809,0.807,0.807,0.807,0.809,0.871
RGI60-16.02884,1.261,1.261,1.261,1.261,1.261,1.261,1.261,1.261,1.261,1.261,1.261,1.261,1.261,1.261,1.261,1.261,0.785,0.785,0.785,0.931,0.931,0.931,0.931,0.931,0.931,0.931,0.931,0.927,0.927,0.822,0.816,0.816,0.816,0.813,0.813,0.813,0.813,0.813,0.813,0.813,0.813,0.813,0.813,0.813,0.816,0.813,0.813,0.813,0.816,0.877
RGI60-16.02885,1.484,1.484,1.484,1.484,1.484,1.484,1.484,1.484,1.484,1.484,1.484,1.484,1.484,1.484,1.484,1.484,1.108,1.108,1.108,1.217,1.217,1.217,1.217,1.217,1.217,1.217,1.217,1.213,1.213,1.147,1.142,1.142,1.142,1.14,1.14,1.14,1.14,1.14,1.14,1.14,1.14,1.14,1.14,1.14,1.142,1.14,1.14,1.14,1.142,1.196
RGI60-16.02886,1.302,1.302,1.302,1.302,1.302,1.302,1.302,1.302,1.302,1.302,1.302,1.302,1.302,1.302,1.302,1.302,0.848,0.848,0.848,0.986,0.986,0.986,0.986,0.986,0.986,0.986,0.986,0.982,0.982,0.898,0.892,0.892,0.892,0.89,0.89,0.89,0.89,0.89,0.89,0.89,0.89,0.89,0.89,0.89,0.892,0.89,0.89,0.89,0.892,0.96
RGI60-16.02887,1.326,1.326,1.326,1.326,1.326,1.326,1.326,1.326,1.326,1.326,1.326,1.326,1.326,1.326,1.326,1.326,0.884,0.884,0.884,1.017,1.017,1.017,1.017,1.017,1.017,1.017,1.017,1.013,1.013,0.932,0.926,0.926,0.926,0.924,0.924,0.924,0.924,0.924,0.924,0.924,0.924,0.924,0.924,0.924,0.926,0.924,0.924,0.924,0.926,0.991
RGI60-16.02888,1.855,1.855,1.855,1.855,1.855,1.855,1.855,1.855,1.855,1.855,1.855,1.855,1.855,1.855,1.855,1.855,1.57,1.57,1.57,1.649,1.649,1.649,1.649,1.649,1.649,1.649,1.649,1.646,1.646,1.598,1.594,1.594,1.594,1.593,1.593,1.593,1.593,1.593,1.593,1.593,1.593,1.593,1.593,1.593,1.594,1.593,1.593,1.593,1.594,1.633
RGI60-16.02889,1.372,1.372,1.372,1.372,1.372,1.372,1.372,1.372,1.372,1.372,1.372,1.372,1.372,1.372,1.372,1.372,0.951,0.951,0.951,1.076,1.076,1.076,1.076,1.076,1.076,1.076,1.076,1.073,1.073,0.997,0.991,0.991,0.991,0.989,0.989,0.989,0.989,0.989,0.989,0.989,0.989,0.989,0.989,0.989,0.991,0.989,0.989,0.989,0.991,1.053
RGI60-16.02890,1.357,1.357,1.357,1.357,1.357,1.357,1.357,1.357,1.357,1.357,1.357,1.357,1.357,1.357,1.357,1.357,0.93,0.93,0.93,1.057,1.057,1.057,1.057,1.057,1.057,1.057,1.057,1.054,1.054,0.976,0.97,0.97,0.97,0.968,0.968,0.968,0.968,0.968,0.968,0.968,0.968,0.968,0.968,0.968,0.97,0.968,0.968,0.968,0.97,1.033
RGI60-16.02891,1.317,1.317,1.317,1.317,1.317,1.317,1.317,1.317,1.317,1.317,1.317,1.317,1.317,1.317,1.317,1.317,0.87,0.87,0.87,1.005,1.005,1.005,1.005,1.005,1.005,1.005,1.005,1.001,1.001,0.919,0.913,0.913,0.913,0.911,0.911,0.911,0.911,0.911,0.911,0.911,0.911,0.911,0.911,0.911,0.913,0.911,0.911,0.911,0.913,0.98
RGI60-16.02892,2.06,2.06,2.06,2.06,2.06,2.06,2.06,2.06,2.06,2.06,2.06,2.06,2.06,2.06,2.06,2.06,1.807,1.807,1.807,1.876,1.876,1.876,1.876,1.876,1.876,1.876,1.876,1.874,1.874,1.831,1.828,1.828,1.828,1.827,1.827,1.827,1.827,1.827,1.827,1.827,1.827,1.827,1.827,1.827,1.828,1.827,1.827,1.827,1.828,1.862
RGI60-16.02893,1.426,1.426,1.426,1.426,1.426,1.426,1.426,1.426,1.426,1.426,1.426,1.426,1.426,1.426,1.426,1.426,1.03,1.03,1.03,1.145,1.145,1.145,1.145,1.145,1.145,1.145,1.145,1.142,1.142,1.058,1.053,1.053,1.053,1.051,1.051,1.051,1.051,1.051,1.051,1.051,1.051,1.051,1.051,1.051,1.053,1.051,1.051,1.051,1.053,1.101
RGI60-16.02894,1.561,1.561,1.561,1.561,1.561,1.561,1.561,1.561,1.561,1.561,1.561,1.561,1.561,1.561,1.561,1.561,1.208,1.208,1.208,1.309,1.309,1.309,1.309,1.309,1.309,1.309,1.309,1.306,1.306,1.244,1.24,1.24,1.24,1.238,1.238,1.238,1.238,1.238,1.238,1.238,1.238,1.238,1.238,1.238,1.24,1.238,1.238,1.238,1.239,1.289
RGI60-16.02895,2.824,2.824,2.824,2.824,2.824,2.824,2.824,2.824,2.824,2.824,2.824,2.824,2.824,2.824,2.824,2.824,2.645,2.645,2.645,2.693,2.693,2.693,2.693,2.693,2.693,2.693,2.693,2.691,2.691,2.662,2.66,2.66,2.66,2.659,2.659,2.659,2.659,2.659,2.659,2.659,2.659,2.659,2.659,2.659,2.66,2.659,2.659,2.659,2.66,2.683
RGI60-16.02896,1.307,1.307,1.307,1.307,1.307,1.307,1.307,1.307,1.307,1.307,1.307,1.307,1.307,1.307,1.307,1.307,0.856,0.856,0.856,0.993,0.993,0.993,0.993,0.993,0.993,0.993,0.993,0.989,0.989,0.906,0.9,0.9,0.9,0.897,0.897,0.897,0.897,0.897,0.897,0.897,0.897,0.897,0.897,0.897,0.9,0.897,0.897,0.897,0.899,0.967
RGI60-16.02897,1.586,1.586,1.586,1.586,1.586,1.586,1.586,1.586,1.586,1.586,1.586,1.586,1.586,1.586,1.586,1.586,1.241,1.241,1.241,1.339,1.339,1.339,1.339,1.339,1.339,1.339,1.339,1.336,1.336,1.276,1.271,1.271,1.271,1.27,1.27,1.27,1.27,1.27,1.27,1.27,1.27,1.27,1.27,1.27,1.271,1.27,1.27,1.27,1.271,1.32
RGI60-16.02898,1.396,1.396,1.396,1.396,1.396,1.396,1.396,1.396,1.396,1.396,1.396,1.396,1.396,1.396,1.396,1.396,0.987,0.987,0.987,1.106,1.106,1.106,1.106,1.106,1.106,1.106,1.106,1.103,1.103,1.015,1.01,1.01,1.01,1.008,1.008,1.008,1.008,1.008,1.008,1.008,1.008,1.008,1.008,1.008,1.01,1.008,1.008,1.008,1.01,1.059
RGI60-16.02899,1.268,1.268,1.268,1.268,1.268,1.268,1.268,1.268,1.268,1.268,1.268,1.268,1.268,1.268,1.268,1.268,0.796,0.796,0.796,0.94,0.94,0.94,0.94,0.94,0.94,0.94,0.94,0.937,0.937,0.831,0.825,0.825,0.825,0.823,0.823,0.823,0.823,0.823,0.823,0.823,0.823,0.823,0.823,0.823,0.825,0.823,0.823,0.823,0.825,0.884
RGI60-16.02900,1.379,1.379,1.379,1.379,1.379,1.379,1.379,1.379,1.379,1.379,1.379,1.379,1.379,1.379,1.379,1.379,0.963,0.963,0.963,1.085,1.085,1.085,1.085,1.085,1.085,1.085,1.085,1.082,1.082,0.992,0.987,0.987,0.987,0.985,0.985,0.985,0.985,0.985,0.985,0.985,0.985,0.985,0.985,0.985,0.987,0.985,0.985,0.985,0.987,1.037
RGI60-16.02901,1.286,1.286,1.286,1.286,1.286,1.286,1.286,1.286,1.286,1.286,1.286,1.286,1.286,1.286,1.286,1.286,0.825,0.825,0.825,0.964,0.964,0.964,0.964,0.964,0.964,0.964,0.964,0.961,0.961,0.858,0.852,0.852,0.852,0.85,0.85,0.85,0.85,0.85,0.85,0.85,0.85,0.85,0.85,0.85,0.852,0.85,0.85,0.85,0.852,0.91
RGI60-16.02902,1.318,1.318,1.318,1.318,1.318,1.318,1.318,1.318,1.318,1.318,1.318,1.318,1.318,1.318,1.318,1.318,0.874,0.874,0.874,1.007,1.007,1.007,1.007,1.007,1.007,1.007,1.007,1.004,1.004,0.906,0.901,0.901,0.901,0.898,0.898,0.898,0.898,0.898,0.898,0.898,0.898,0.898,0.898,0.898,0.901,0.898,0.898,0.898,0.9,0.955
RGI60-16.02903,1.702,1.702,1.702,1.702,1.702,1.702,1.702,1.702,1.702,1.702,1.702,1.702,1.702,1.702,1.702,1.702,1.387,1.387,1.387,1.474,1.474,1.474,1.474,1.474,1.474,1.474,1.474,1.472,1.472,1.407,1.403,1.403,1.403,1.402,1.402,1.402,1.402,1.402,1.402,1.402,1.402,1.402,1.402,1.402,1.403,1.402,1.402,1.402,1.403,1.439
RGI60-16.02904,1.355,1.355,1.355,1.355,1.355,1.355,1.355,1.355,1.355,1.355,1.355,1.355,1.355,1.355,1.355,1.355,0.929,0.929,0.929,1.055,1.055,1.055,1.055,1.055,1.055,1.055,1.055,1.052,1.052,0.959,0.954,0.954,0.954,0.951,0.951,0.951,0.951,0.951,0.951,0.951,0.951,0.951,0.951,0.951,0.954,0.951,0.951,0.951,0.953,1.005
RGI60-16.02905,1.7,1.7,1.7,1.7,1.7,1.7,1.7,1.7,1.7,1.7,1.7,1.7,1.7,1.7,1.7,1.7,1.383,1.383,1.383,1.472,1.472,1.472,1.472,1.472,1.472,1.472,1.472,1.47,1.47,1.409,1.405,1.405,1.405,1.404,1.404,1.404,1.404,1.404,1.404,1.404,1.404,1.404,1.404,1.404,1.405,1.404,1.404,1.404,1.405,1.444
RGI60-16.02906,1.328,1.328,1.328,1.328,1.328,1.328,1.328,1.328,1.328,1.328,1.328,1.328,1.328,1.328,1.328,1.328,0.874,0.874,0.874,1.017,1.017,1.017,1.017,1.017,1.017,1.017,1.017,1.013,1.013,0.945,0.939,0.939,0.939,0.937,0.937,0.937,0.937,0.937,0.937,0.937,0.937,0.937,0.937,0.937,0.939,0.937,0.937,0.937,0.939,1.02
RGI60-16.02907,1.29,1.29,1.29,1.29,1.29,1.29,1.29,1.29,1.29,1.29,1.29,1.29,1.29,1.29,1.29,1.29,0.832,0.832,0.832,0.971,0.971,0.971,0.971,0.971,0.971,0.971,0.971,0.967,0.967,0.865,0.859,0.859,0.859,0.857,0.857,0.857,0.857,0.857,0.857,0.857,0.857,0.857,0.857,0.857,0.859,0.857,0.857,0.857,0.858,0.915
RGI60-16.02908,1.328,1.328,1.328,1.328,1.328,1.328,1.328,1.328,1.328,1.328,1.328,1.328,1.328,1.328,1.328,1.328,0.888,0.888,0.888,1.019,1.019,1.019,1.019,1.019,1.019,1.019,1.019,1.016,1.016,0.929,0.923,0.923,0.923,0.921,0.921,0.921,0.921,0.921,0.921,0.921,0.921,0.921,0.921,0.921,0.923,0.921,0.921,0.921,0.923,0.984
RGI60-16.02909,1.49,1.49,1.49,1.49,1.49,1.49,1.49,1.49,1.49,1.49,1.49,1.49,1.49,1.49,1.49,1.49,1.117,1.117,1.117,1.223,1.223,1.223,1.223,1.223,1.223,1.223,1.223,1.221,1.221,1.141,1.137,1.137,1.137,1.135,1.135,1.135,1.135,1.135,1.135,1.135,1.135,1.135,1.135,1.135,1.137,1.135,1.135,1.135,1.137,1.181
RGI60-16.02910,1.321,1.321,1.321,1.321,1.321,1.321,1.321,1.321,1.321,1.321,1.321,1.321,1.321,1.321,1.321,1.321,0.877,0.877,0.877,1.011,1.011,1.011,1.011,1.011,1.011,1.011,1.011,1.007,1.007,0.925,0.919,0.919,0.919,0.916,0.916,0.916,0.916,0.916,0.916,0.916,0.916,0.916,0.916,0.916,0.919,0.916,0.916,0.916,0.918,0.984
RGI60-16.02911,1.31,1.31,1.31,1.31,1.31,1.31,1.31,1.31,1.31,1.31,1.31,1.31,1.31,1.31,1.31,1.31,0.861,0.861,0.861,0.997,0.997,0.997,0.997,0.997,0.997,0.997,0.997,0.993,0.993,0.909,0.903,0.903,0.903,0.901,0.901,0.901,0.901,0.901,0.901,0.901,0.901,0.901,0.901,0.901,0.903,0.901,0.901,0.901,0.903,0.969
RGI60-16.02912,1.404,1.404,1.404,1.404,1.404,1.404,1.404,1.404,1.404,1.404,1.404,1.404,1.404,1.404,1.404,1.404,0.999,0.999,0.999,1.118,1.118,1.118,1.118,1.118,1.118,1.118,1.118,1.114,1.114,1.04,1.035,1.035,1.035,1.033,1.033,1.033,1.033,1.033,1.033,1.033,1.033,1.033,1.033,1.033,1.035,1.033,1.033,1.033,1.035,1.093
RGI60-16.02913,1.362,1.362,1.362,1.362,1.362,1.362,1.362,1.362,1.362,1.362,1.362,1.362,1.362,1.362,1.362,1.362,0.938,0.938,0.938,1.064,1.064,1.064,1.064,1.064,1.064,1.064,1.064,1.061,1.061,0.982,0.977,0.977,0.977,0.975,0.975,0.975,0.975,0.975,0.975,0.975,0.975,0.975,0.975,0.975,0.977,0.975,0.975,0.975,0.977,1.038
RGI60-16.02914,1.333,1.333,1.333,1.333,1.333,1.333,1.333,1.333,1.333,1.333,1.333,1.333,1.333,1.333,1.333,1.333,0.895,0.895,0.895,1.026,1.026,1.026,1.026,1.026,1.026,1.026,1.026,1.023,1.023,0.941,0.936,0.936,0.936,0.933,0.933,0.933,0.933,0.933,0.933,0.933,0.933,0.933,0.933,0.933,0.936,0.933,0.933,0.933,0.935,1.0
RGI60-16.02915,1.953,1.953,1.953,1.953,1.953,1.953,1.953,1.953,1.953,1.953,1.953,1.953,1.953,1.953,1.953,1.953,1.685,1.685,1.685,1.759,1.759,1.759,1.759,1.759,1.759,1.759,1.759,1.756,1.756,1.711,1.707,1.707,1.707,1.706,1.706,1.706,1.706,1.706,1.706,1.706,1.706,1.706,1.706,1.706,1.707,1.706,1.706,1.706,1.707,1.743
RGI60-16.02916,1.297,1.297,1.297,1.297,1.297,1.297,1.297,1.297,1.297,1.297,1.297,1.297,1.297,1.297,1.297,1.297,0.841,0.841,0.841,0.979,0.979,0.979,0.979,0.979,0.979,0.979,0.979,0.976,0.976,0.89,0.884,0.884,0.884,0.882,0.882,0.882,0.882,0.882,0.882,0.882,0.882,0.882,0.882,0.882,0.884,0.882,0.882,0.882,0.884,0.952
RGI60-16.02917,1.359,1.359,1.359,1.359,1.359,1.359,1.359,1.359,1.359,1.359,1.359,1.359,1.359,1.359,1.359,1.359,0.936,0.936,0.936,1.06,1.06,1.06,1.06,1.06,1.06,1.06,1.06,1.057,1.057,0.963,0.958,0.958,0.958,0.956,0.956,0.956,0.956,0.956,0.956,0.956,0.956,0.956,0.956,0.956,0.958,0.956,0.956,0.956,0.957,1.008
RGI60-16.02918,1.295,1.295,1.295,1.295,1.295,1.295,1.295,1.295,1.295,1.295,1.295,1.295,1.295,1.295,1.295,1.295,0.841,0.841,0.841,0.977,0.977,0.977,0.977,0.977,0.977,0.977,0.977,0.974,0.974,0.87,0.865,0.865,0.865,0.862,0.862,0.862,0.862,0.862,0.862,0.862,0.862,0.862,0.862,0.862,0.865,0.862,0.862,0.862,0.864,0.919
RGI60-16.02919,1.265,1.265,1.265,1.265,1.265,1.265,1.265,1.265,1.265,1.265,1.265,1.265,1.265,1.265,1.265,1.265,0.793,0.793,0.793,0.936,0.936,0.936,0.936,0.936,0.936,0.936,0.936,0.933,0.933,0.824,0.818,0.818,0.818,0.816,0.816,0.816,0.816,0.816,0.816,0.816,0.816,0.816,0.816,0.816,0.818,0.816,0.816,0.816,0.818,0.876
RGI60-16.02920,1.261,1.261,1.261,1.261,1.261,1.261,1.261,1.261,1.261,1.261,1.261,1.261,1.261,1.261,1.261,1.261,0.787,0.787,0.787,0.932,0.932,0.932,0.932,0.932,0.932,0.932,0.932,0.928,0.928,0.819,0.813,0.813,0.813,0.81,0.81,0.81,0.81,0.81,0.81,0.81,0.81,0.81,0.81,0.81,0.813,0.81,0.81,0.81,0.812,0.871
RGI60-16.02921,1.278,1.278,1.278,1.278,1.278,1.278,1.278,1.278,1.278,1.278,1.278,1.278,1.278,1.278,1.278,1.278,0.814,0.814,0.814,0.954,0.954,0.954,0.954,0.954,0.954,0.954,0.954,0.951,0.951,0.845,0.84,0.84,0.84,0.837,0.837,0.837,0.837,0.837,0.837,0.837,0.837,0.837,0.837,0.837,0.84,0.837,0.837,0.837,0.839,0.896
RGI60-16.02922,1.308,1.308,1.308,1.308,1.308,1.308,1.308,1.308,1.308,1.308,1.308,1.308,1.308,1.308,1.308,1.308,0.86,0.86,0.86,0.993,0.993,0.993,0.993,0.993,0.993,0.993,0.993,0.99,0.99,0.889,0.884,0.884,0.884,0.881,0.881,0.881,0.881,0.881,0.881,0.881,0.881,0.881,0.881,0.881,0.884,0.881,0.881,0.881,0.883,0.938
RGI60-16.02923,1.257,1.257,1.257,1.257,1.257,1.257,1.257,1.257,1.257,1.257,1.257,1.257,1.257,1.257,1.257,1.257,0.774,0.774,0.774,0.926,0.926,0.926,0.926,0.926,0.926,0.926,0.926,0.921,0.921,0.836,0.83,0.83,0.83,0.827,0.827,0.827,0.827,0.827,0.827,0.827,0.827,0.827,0.827,0.827,0.83,0.827,0.827,0.827,0.829,0.907
RGI60-16.02924,1.249,1.249,1.249,1.249,1.249,1.249,1.249,1.249,1.249,1.249,1.249,1.249,1.249,1.249,1.249,1.249,0.769,0.769,0.769,0.915,0.915,0.915,0.915,0.915,0.915,0.915,0.915,0.912,0.912,0.798,0.792,0.792,0.792,0.79,0.79,0.79,0.79,0.79,0.79,0.79,0.79,0.79,0.79,0.79,0.792,0.79,0.79,0.79,0.792,0.85
RGI60-16.02925,1.316,1.316,1.316,1.316,1.316,1.316,1.316,1.316,1.316,1.316,1.316,1.316,1.316,1.316,1.316,1.316,0.873,0.873,0.873,1.004,1.004,1.004,1.004,1.004,1.004,1.004,1.004,1.001,1.001,0.899,0.893,0.893,0.893,0.891,0.891,0.891,0.891,0.891,0.891,0.891,0.891,0.891,0.891,0.891,0.893,0.891,0.891,0.891,0.893,0.945
RGI60-16.02926,1.274,1.274,1.274,1.274,1.274,1.274,1.274,1.274,1.274,1.274,1.274,1.274,1.274,1.274,1.274,1.274,0.808,0.808,0.808,0.949,0.949,0.949,0.949,0.949,0.949,0.949,0.949,0.945,0.945,0.836,0.83,0.83,0.83,0.828,0.828,0.828,0.828,0.828,0.828,0.828,0.828,0.828,0.828,0.828,0.83,0.828,0.828,0.828,0.83,0.886
RGI60-16.02927,1.28,1.28,1.28,1.28,1.28,1.28,1.28,1.28,1.28,1.28,1.28,1.28,1.28,1.28,1.28,1.28,0.699,0.699,0.699,0.838,0.838,0.838,0.838,0.838,0.838,0.838,0.838,0.831,0.831,0.723,0.712,0.712,0.712,0.706,0.706,0.706,0.706,0.706,0.706,0.706,0.706,0.706,0.706,0.706,0.712,0.706,0.706,0.706,0.711,0.866
RGI60-16.02928,1.447,1.447,1.447,1.447,1.447,1.447,1.447,1.447,1.447,1.447,1.447,1.447,1.447,1.447,1.447,1.447,1.061,1.061,1.061,1.17,1.17,1.17,1.17,1.17,1.17,1.17,1.17,1.168,1.168,1.08,1.075,1.075,1.075,1.074,1.074,1.074,1.074,1.074,1.074,1.074,1.074,1.074,1.074,1.074,1.075,1.074,1.074,1.074,1.075,1.118
RGI60-16.02929,1.284,1.284,1.284,1.284,1.284,1.284,1.284,1.284,1.284,1.284,1.284,1.284,1.284,1.284,1.284,1.284,0.824,0.824,0.824,0.961,0.961,0.961,0.961,0.961,0.961,0.961,0.961,0.958,0.958,0.848,0.842,0.842,0.842,0.84,0.84,0.84,0.84,0.84,0.84,0.84,0.84,0.84,0.84,0.84,0.842,0.84,0.84,0.84,0.842,0.896
RGI60-16.02930,1.545,1.545,1.545,1.545,1.545,1.545,1.545,1.545,1.545,1.545,1.545,1.545,1.545,1.545,1.545,1.545,1.191,1.191,1.191,1.29,1.29,1.29,1.29,1.29,1.29,1.29,1.29,1.288,1.288,1.208,1.204,1.204,1.204,1.202,1.202,1.202,1.202,1.202,1.202,1.202,1.202,1.202,1.202,1.202,1.204,1.202,1.202,1.202,1.204,1.242
RGI60-16.02931,1.35,1.35,1.35,1.35,1.35,1.35,1.35,1.35,1.35,1.35,1.35,1.35,1.35,1.35,1.35,1.35,0.924,0.924,0.924,1.048,1.048,1.048,1.048,1.048,1.048,1.048,1.048,1.045,1.045,0.945,0.94,0.94,0.94,0.938,0.938,0.938,0.938,0.938,0.938,0.938,0.938,0.938,0.938,0.938,0.94,0.938,0.938,0.938,0.94,0.988
RGI60-16.02932,1.37,1.37,1.37,1.37,1.37,1.37,1.37,1.37,1.37,1.37,1.37,1.37,1.37,1.37,1.37,1.37,0.954,0.954,0.954,1.074,1.074,1.074,1.074,1.074,1.074,1.074,1.074,1.071,1.071,0.974,0.969,0.969,0.969,0.967,0.967,0.967,0.967,0.967,0.967,0.967,0.967,0.967,0.967,0.967,0.969,0.967,0.967,0.967,0.969,1.016
RGI60-16.02933,1.347,1.347,1.347,1.347,1.347,1.347,1.347,1.347,1.347,1.347,1.347,1.347,1.347,1.347,1.347,1.347,0.919,0.919,0.919,1.044,1.044,1.044,1.044,1.044,1.044,1.044,1.044,1.041,1.041,0.941,0.936,0.936,0.936,0.934,0.934,0.934,0.934,0.934,0.934,0.934,0.934,0.934,0.934,0.934,0.936,0.934,0.934,0.934,0.936,0.984
RGI60-16.02934,1.315,1.315,1.315,1.315,1.315,1.315,1.315,1.315,1.315,1.315,1.315,1.315,1.315,1.315,1.315,1.315,0.873,0.873,0.873,1.004,1.004,1.004,1.004,1.004,1.004,1.004,1.004,1.0,1.0,0.896,0.89,0.89,0.89,0.888,0.888,0.888,0.888,0.888,0.888,0.888,0.888,0.888,0.888,0.888,0.89,0.888,0.888,0.888,0.89,0.941
RGI60-16.02935,1.698,1.698,1.698,1.698,1.698,1.698,1.698,1.698,1.698,1.698,1.698,1.698,1.698,1.698,1.698,1.698,1.384,1.384,1.384,1.47,1.47,1.47,1.47,1.47,1.47,1.47,1.47,1.468,1.468,1.402,1.398,1.398,1.398,1.397,1.397,1.397,1.397,1.397,1.397,1.397,1.397,1.397,1.397,1.397,1.398,1.397,1.397,1.397,1.398,1.433
RGI60-16.02936,1.354,1.354,1.354,1.354,1.354,1.354,1.354,1.354,1.354,1.354,1.354,1.354,1.354,1.354,1.354,1.354,0.932,0.932,0.932,1.054,1.054,1.054,1.054,1.054,1.054,1.054,1.054,1.051,1.051,0.957,0.951,0.951,0.951,0.949,0.949,0.949,0.949,0.949,0.949,0.949,0.949,0.949,0.949,0.949,0.951,0.949,0.949,0.949,0.951,1.001
RGI60-16.02937,1.752,1.752,1.752,1.752,1.752,1.752,1.752,1.752,1.752,1.752,1.752,1.752,1.752,1.752,1.752,1.752,1.451,1.451,1.451,1.531,1.531,1.531,1.531,1.531,1.531,1.531,1.531,1.529,1.529,1.459,1.456,1.456,1.456,1.455,1.455,1.455,1.455,1.455,1.455,1.455,1.455,1.455,1.455,1.455,1.456,1.455,1.455,1.455,1.456,1.485
RGI60-16.02938,1.844,1.844,1.844,1.844,1.844,1.844,1.844,1.844,1.844,1.844,1.844,1.844,1.844,1.844,1.844,1.844,1.561,1.561,1.561,1.636,1.636,1.636,1.636,1.636,1.636,1.636,1.636,1.634,1.634,1.568,1.565,1.565,1.565,1.564,1.564,1.564,1.564,1.564,1.564,1.564,1.564,1.564,1.564,1.564,1.565,1.564,1.564,1.564,1.565,1.592
RGI60-16.02939,1.301,1.301,1.301,1.301,1.301,1.301,1.301,1.301,1.301,1.301,1.301,1.301,1.301,1.301,1.301,1.301,0.855,0.855,0.855,0.985,0.985,0.985,0.985,0.985,0.985,0.985,0.985,0.982,0.982,0.867,0.862,0.862,0.862,0.86,0.86,0.86,0.86,0.86,0.86,0.86,0.86,0.86,0.86,0.86,0.862,0.86,0.86,0.86,0.862,0.909
RGI60-16.02940,1.433,1.433,1.433,1.433,1.433,1.433,1.433,1.433,1.433,1.433,1.433,1.433,1.433,1.433,1.433,1.433,1.046,1.046,1.046,1.154,1.154,1.154,1.154,1.154,1.154,1.154,1.154,1.151,1.151,1.055,1.05,1.05,1.05,1.048,1.048,1.048,1.048,1.048,1.048,1.048,1.048,1.048,1.048,1.048,1.05,1.048,1.048,1.048,1.05,1.089
RGI60-16.02941,1.349,1.349,1.349,1.349,1.349,1.349,1.349,1.349,1.349,1.349,1.349,1.349,1.349,1.349,1.349,1.349,0.917,0.917,0.917,1.048,1.048,1.048,1.048,1.048,1.048,1.048,1.048,1.044,1.044,0.969,0.964,0.964,0.964,0.961,0.961,0.961,0.961,0.961,0.961,0.961,0.961,0.961,0.961,0.961,0.964,0.961,0.961,0.961,0.963,1.031
RGI60-16.02942,1.189,1.189,1.189,1.189,1.189,1.189,1.189,1.189,1.189,1.189,1.189,1.189,1.189,1.189,1.189,1.189,0.831,0.831,0.831,0.596,0.596,0.596,0.596,0.596,0.596,0.596,0.596,0.598,0.598,0.585,0.576,0.576,0.576,0.574,0.574,0.574,0.574,0.574,0.574,0.574,0.574,0.574,0.574,0.574,0.576,0.574,0.574,0.574,0.578,0.59
RGI60-16.02943,1.202,1.202,1.202,1.202,1.202,1.202,1.202,1.202,1.202,1.202,1.202,1.202,1.202,1.202,1.202,1.202,0.85,0.85,0.85,0.615,0.615,0.615,0.615,0.615,0.615,0.615,0.615,0.616,0.616,0.604,0.596,0.596,0.596,0.595,0.595,0.595,0.595,0.595,0.595,0.595,0.595,0.595,0.595,0.595,0.596,0.595,0.595,0.595,0.598,0.609
RGI60-16.02944,1.188,1.188,1.188,1.188,1.188,1.188,1.188,1.188,1.188,1.188,1.188,1.188,1.188,1.188,1.188,1.188,0.829,0.829,0.829,0.586,0.586,0.586,0.586,0.586,0.586,0.586,0.586,0.587,0.587,0.575,0.566,0.566,0.566,0.565,0.565,0.565,0.565,0.565,0.565,0.565,0.565,0.565,0.565,0.565,0.566,0.565,0.565,0.565,0.568,0.58
RGI60-16.02945,1.189,1.189,1.189,1.189,1.189,1.189,1.189,1.189,1.189,1.189,1.189,1.189,1.189,1.189,1.189,1.189,0.831,0.831,0.831,0.593,0.593,0.593,0.593,0.593,0.593,0.593,0.593,0.594,0.594,0.582,0.573,0.573,0.573,0.571,0.571,0.571,0.571,0.571,0.571,0.571,0.571,0.571,0.571,0.571,0.573,0.571,0.571,0.571,0.575,0.587
