{
"type": "FeatureCollection",
"name": "glaciers_2017",
"crs": { "type": "name", "properties": { "name": "urn:ogc:def:crs:OGC:1.3:CRS84" } },
"features": [
{ "type": "Feature", "properties": { "HOM_ID": 2.0, "NAME_D": "Ebenferner", "NAME_IT": "Vedretta Piana", "REGION": "Ortlergruppe", "ALT_MIN": 2884.0, "ALT_MAX": 2902.0, "ALT_MEDIAN": 2892.0, "area_km2": 0.000742252 }, "geometry": { "type": "Polygon", "coordinates": [ [ [ 10.463360718394558, 46.518869176430407 ], [ 10.463813424312246, 46.518617646658662 ], [ 10.463188724462473, 46.518707076316971 ], [ 10.463360718394558, 46.518869176430407 ] ] ] } },
{ "type": "Feature", "properties": { "HOM_ID": 2.0, "NAME_D": "Ebenferner", "NAME_IT": "Vedretta Piana", "REGION": "Ortlergruppe", "ALT_MIN": 2870.0, "ALT_MAX": 3338.0, "ALT_MEDIAN": 3153.0, "area_km2": 0.974457 }, "geometry": { "type": "Polygon", "coordinates": [ [ [ 10.461429100913145, 46.519262195553083 ], [ 10.46147073912935, 46.517727810009376 ], [ 10.462927245362346, 46.518017787466057 ], [ 10.462900121129859, 46.518549325037355 ], [ 10.462497752508781, 46.518363025720973 ], [ 10.462164349771939, 46.518433009003836 ], [ 10.462758056604791, 46.518653080632923 ], [ 10.465831903820346, 46.517916016965472 ], [ 10.465821532208022, 46.517530400310335 ], [ 10.465084083246483, 46.517844163367393 ], [ 10.464539670706158, 46.517301086066226 ], [ 10.464111266082183, 46.517455156152565 ], [ 10.463964857893545, 46.518091374492776 ], [ 10.463174805229659, 46.518188636360165 ], [ 10.462935402174095, 46.51779737733105 ], [ 10.46477612303334, 46.516596565220169 ], [ 10.464820052622395, 46.517076046327553 ], [ 10.465949977339127, 46.517304447730659 ], [ 10.466321627967824, 46.516579617009135 ], [ 10.46558369599914, 46.516151321871263 ], [ 10.465793422829197, 46.515715737636903 ], [ 10.465076157790271, 46.515747787860128 ], [ 10.464484759516269, 46.515226742096765 ], [ 10.464798591160543, 46.51441815576672 ], [ 10.464103319180024, 46.513436452202441 ], [ 10.464229479530456, 46.512599045278513 ], [ 10.464771609388423, 46.512134917888247 ], [ 10.465489410508646, 46.512047619854378 ], [ 10.465971252019255, 46.512317659911979 ], [ 10.466822080372557, 46.511879652048385 ], [ 10.466420707525071, 46.506965579560116 ], [ 10.467369351066075, 46.50584066203669 ], [ 10.469349639570153, 46.505403325651812 ], [ 10.469610209099629, 46.504399625039987 ], [ 10.470776760787464, 46.503938898962858 ], [ 10.471367928263463, 46.502427808048424 ], [ 10.472517685059316, 46.502025146357717 ], [ 10.472725324911799, 46.501389767318457 ], [ 10.472484601897474, 46.500136820700824 ], [ 10.470082903493443, 46.499916178142279 ], [ 10.469626725111565, 46.500911518411449 ], [ 10.468449988952916, 46.501329354248263 ], [ 10.466922303737279, 46.501147600404288 ], [ 10.46559639606054, 46.501641898025731 ], [ 10.464809849183219, 46.501308918593971 ], [ 10.460617682311314, 46.504602484224264 ], [ 10.460950959657108, 46.505225904556454 ], [ 10.459684756420556, 46.507683610013999 ], [ 10.459738136290694, 46.509215689320719 ], [ 10.45886541775433, 46.50959590738907 ], [ 10.46005743501882, 46.511222274880566 ], [ 10.460662454926045, 46.511534102603349 ], [ 10.460257072242715, 46.511979796183461 ], [ 10.45896040393777, 46.511598690136523 ], [ 10.458765678307751, 46.511958350081656 ], [ 10.459459539816571, 46.512110226222958 ], [ 10.458928066002583, 46.512387865665147 ], [ 10.459218685863469, 46.512999799188798 ], [ 10.459883328883649, 46.513256499489273 ], [ 10.459668709386419, 46.513834133346904 ], [ 10.460168391527043, 46.514126829248298 ], [ 10.459428797128357, 46.515024637502968 ], [ 10.460192095543144, 46.515941835980271 ], [ 10.45973038528555, 46.516121372733359 ], [ 10.459844579775652, 46.516779022741837 ], [ 10.460798442504766, 46.517157354861943 ], [ 10.4609147226152, 46.518757864122996 ], [ 10.460534687432821, 46.518864156244454 ], [ 10.461429100913145, 46.519262195553083 ] ], [ [ 10.464554419267252, 46.516278804552663 ], [ 10.464516862016223, 46.516036405754193 ], [ 10.464801481397918, 46.516077050700503 ], [ 10.464554419267252, 46.516278804552663 ] ], [ [ 10.464446210943876, 46.515948731135694 ], [ 10.464354056921398, 46.515599879392092 ], [ 10.464984439058638, 46.515723246232007 ], [ 10.464932539152084, 46.515948217296952 ], [ 10.464446210943876, 46.515948731135694 ] ], [ [ 10.459641370603743, 46.512299589871716 ], [ 10.459572477698037, 46.512302850475592 ], [ 10.459602998732388, 46.512283411305198 ], [ 10.459641370603743, 46.512299589871716 ] ], [ [ 10.459049514149742, 46.511964253555874 ], [ 10.459106852063922, 46.511915899277639 ], [ 10.459101231653966, 46.51196359372004 ], [ 10.459049514149742, 46.511964253555874 ] ], [ [ 10.459328594619492, 46.511953549590658 ], [ 10.459365946525606, 46.511931641998892 ], [ 10.459383503906437, 46.511943324531046 ], [ 10.459328594619492, 46.511953549590658 ] ] ] } },
{ "type": "Feature", "properties": { "HOM_ID": 2.0, "NAME_D": "Ebenferner", "NAME_IT": "Vedretta Piana", "REGION": "Ortlergruppe", "ALT_MIN": 3024.0, "ALT_MAX": 3095.0, "ALT_MEDIAN": 3051.0, "area_km2": 0.00411534 }, "geometry": { "type": "Polygon", "coordinates": [ [ [ 10.470011259945473, 46.514773481759846 ], [ 10.4693133423382, 46.513993687841875 ], [ 10.46875009007378, 46.513890793970653 ], [ 10.469168510565552, 46.514218783903907 ], [ 10.468735615552863, 46.51431363831724 ], [ 10.468808141666811, 46.514765129020958 ], [ 10.469269707276622, 46.514774081830971 ], [ 10.469327378903154, 46.514514389393398 ], [ 10.46936029738861, 46.514775895027221 ], [ 10.470011259945473, 46.514773481759846 ] ] ] } },
{ "type": "Feature", "properties": { "HOM_ID": 3.0, "NAME_D": "Madatschferner", "NAME_IT": "Vedretta di Madaccio", "REGION": "Ortlergruppe", "ALT_MIN": 2562.0, "ALT_MAX": 3454.0, "ALT_MEDIAN": 3102.0, "area_km2": 2.82484 }, "geometry": { "type": "Polygon", "coordinates": [ [ [ 10.485811415497501, 46.518572937034236 ], [ 10.48488565911326, 46.516431410737781 ], [ 10.485048915642698, 46.515666991511878 ], [ 10.48665687624835, 46.514128685263977 ], [ 10.48647858320429, 46.5124602052705 ], [ 10.485853144972738, 46.51168349891671 ], [ 10.486592284166495, 46.510660084104977 ], [ 10.487032318241312, 46.507826290963067 ], [ 10.489238397389659, 46.50618267060684 ], [ 10.490491855799041, 46.505951558251574 ], [ 10.492086688614769, 46.505190216028588 ], [ 10.492061342152946, 46.503759935960915 ], [ 10.492176408936754, 46.503932260279171 ], [ 10.492971982138906, 46.503517076285576 ], [ 10.493760213083153, 46.501701375424524 ], [ 10.493664030157879, 46.501085429981423 ], [ 10.493454484912368, 46.501240562384758 ], [ 10.49303515959078, 46.500912673302707 ], [ 10.493491855122041, 46.498576012610691 ], [ 10.492310122632219, 46.498158064962929 ], [ 10.491005385991341, 46.498360815303215 ], [ 10.489720598600107, 46.500051527904333 ], [ 10.489867061341499, 46.500868744516744 ], [ 10.487531390548705, 46.501646840269302 ], [ 10.486582212106866, 46.50148773762038 ], [ 10.48668873599069, 46.500588649170986 ], [ 10.487608916563357, 46.500190931944893 ], [ 10.487322561041607, 46.500058930205682 ], [ 10.487474094492384, 46.499217688711582 ], [ 10.487251373746, 46.498637197267442 ], [ 10.487024512768311, 46.498916363841268 ], [ 10.48662786367742, 46.498785793571599 ], [ 10.486048836011944, 46.49803610531788 ], [ 10.486713106974621, 46.497824530538061 ], [ 10.486915034090057, 46.497050943941304 ], [ 10.486896262426262, 46.497753635355672 ], [ 10.487570937829348, 46.497711524364775 ], [ 10.487436598977091, 46.497210843043597 ], [ 10.48777771532569, 46.496949238857049 ], [ 10.487353245825265, 46.496809508620096 ], [ 10.487053619744945, 46.497075334677184 ], [ 10.486924682499103, 46.496646017694822 ], [ 10.48655210464708, 46.496638955803029 ], [ 10.486160050118226, 46.49528439811111 ], [ 10.482698544582046, 46.495038390742607 ], [ 10.481896064899024, 46.495857631017529 ], [ 10.481333710326405, 46.497495547754845 ], [ 10.480561771046258, 46.497511259315758 ], [ 10.480407786672352, 46.497122740055374 ], [ 10.479456808814334, 46.497757962811853 ], [ 10.479384812236628, 46.497442674093627 ], [ 10.478592817314654, 46.49732909537304 ], [ 10.480468956595988, 46.496022796224935 ], [ 10.480363482360149, 46.495185605239449 ], [ 10.479661461317846, 46.494981337304253 ], [ 10.478161696994166, 46.495111219673014 ], [ 10.476850461179609, 46.495684404465024 ], [ 10.474921675060104, 46.495760730605191 ], [ 10.475977135599054, 46.497151056211102 ], [ 10.4761337951429, 46.496926155415458 ], [ 10.476139877370843, 46.49735468901293 ], [ 10.477597533052402, 46.497602556148053 ], [ 10.477641870443897, 46.498017260467627 ], [ 10.476681033354289, 46.498901373501852 ], [ 10.47652852639121, 46.499992969626696 ], [ 10.477101150931214, 46.50132503423572 ], [ 10.476718337491558, 46.501934319989864 ], [ 10.475983581477275, 46.501924756803092 ], [ 10.47590478205675, 46.50105188186042 ], [ 10.473806266454849, 46.499754535862508 ], [ 10.472355853131951, 46.499540128477314 ], [ 10.472517685059316, 46.502025146357717 ], [ 10.471367928263463, 46.502427808048424 ], [ 10.470776760787464, 46.503938898962858 ], [ 10.469610209099629, 46.504399625039987 ], [ 10.469349639570153, 46.505403325651812 ], [ 10.467369351066075, 46.50584066203669 ], [ 10.466623777855647, 46.506637267508964 ], [ 10.466269695150253, 46.507435451331993 ], [ 10.466822080372557, 46.511879652048385 ], [ 10.469561372677358, 46.512386355573547 ], [ 10.470139926923968, 46.5118013421638 ], [ 10.470824270438332, 46.511768451437675 ], [ 10.470713870384536, 46.511502269147975 ], [ 10.471295715826402, 46.511528120711965 ], [ 10.472268604548342, 46.512075016994217 ], [ 10.472034023978559, 46.51248188327741 ], [ 10.472649430536434, 46.512792084751759 ], [ 10.47241464253673, 46.511263253087755 ], [ 10.473118402220308, 46.511065600509362 ], [ 10.474309269792556, 46.511739842010272 ], [ 10.473789183869664, 46.510749132595869 ], [ 10.47468123249722, 46.510904492747095 ], [ 10.475683371840505, 46.511537340278544 ], [ 10.475927022603278, 46.512179969564762 ], [ 10.476708405872339, 46.512505151438013 ], [ 10.476263044923199, 46.513074763293446 ], [ 10.476741337827495, 46.513211458138073 ], [ 10.477429395886084, 46.514368393227549 ], [ 10.477300666818277, 46.514709134631254 ], [ 10.476652380818246, 46.514714840634106 ], [ 10.476369125111511, 46.515055671795636 ], [ 10.477178066420741, 46.515683378939229 ], [ 10.477544388370047, 46.516879899982079 ], [ 10.47827866563709, 46.517093288843952 ], [ 10.478945117707779, 46.51684084014893 ], [ 10.479402716118971, 46.517636899306858 ], [ 10.480147568924219, 46.5154956370436 ], [ 10.481024653199738, 46.515684300708671 ], [ 10.481014631211172, 46.517854153136575 ], [ 10.481426900229396, 46.517488780264372 ], [ 10.48178210848546, 46.517562281232017 ], [ 10.481811074431016, 46.517003759148949 ], [ 10.483352291591681, 46.51620542145622 ], [ 10.483488016914364, 46.517728118966332 ], [ 10.484294580804214, 46.517554780828583 ], [ 10.485811415497501, 46.518572937034236 ] ], [ [ 10.484073535783967, 46.517135706643266 ], [ 10.484160281860522, 46.516774547693522 ], [ 10.484446797876535, 46.516757495060524 ], [ 10.484494233262474, 46.517080718517029 ], [ 10.484073535783967, 46.517135706643266 ] ], [ [ 10.479810561284093, 46.513814939562742 ], [ 10.480490741992327, 46.513968055791885 ], [ 10.480587499831625, 46.514228731817425 ], [ 10.479860249724389, 46.514247670184048 ], [ 10.479810561284093, 46.513814939562742 ] ], [ [ 10.478425384129025, 46.51297491854843 ], [ 10.478377877098893, 46.512749321946771 ], [ 10.47852530754361, 46.512971245406263 ], [ 10.478425384129025, 46.51297491854843 ] ], [ [ 10.47815389872981, 46.512756978898231 ], [ 10.477709932720611, 46.512665088736377 ], [ 10.47759935514584, 46.512021220059538 ], [ 10.477163123230484, 46.51170539657933 ], [ 10.476972939885854, 46.511305435452876 ], [ 10.477214580751076, 46.511695207535269 ], [ 10.477800367452989, 46.511420947940458 ], [ 10.478358110785621, 46.511766152704368 ], [ 10.47874380988423, 46.512380270860504 ], [ 10.47815389872981, 46.512756978898231 ] ], [ [ 10.479316094668674, 46.512625273852535 ], [ 10.479678225759141, 46.512370565882222 ], [ 10.479740368612985, 46.512626928816481 ], [ 10.479316094668674, 46.512625273852535 ] ], [ [ 10.47951984441139, 46.512253556337512 ], [ 10.479322998775155, 46.512244197131828 ], [ 10.479475951474619, 46.512161259096089 ], [ 10.47951984441139, 46.512253556337512 ] ], [ [ 10.477332972943836, 46.511991324896258 ], [ 10.477279486409948, 46.512053926490687 ], [ 10.477294209125937, 46.511960870318305 ], [ 10.477332972943836, 46.511991324896258 ] ], [ [ 10.477932370153161, 46.511233114102751 ], [ 10.47769348290239, 46.510436126813666 ], [ 10.478399027115431, 46.511017538947968 ], [ 10.477932370153161, 46.511233114102751 ] ], [ [ 10.47765847297986, 46.509907958906787 ], [ 10.477913247826686, 46.510018962742762 ], [ 10.478128302975264, 46.510318592753109 ], [ 10.477769451497352, 46.510185122046138 ], [ 10.47765847297986, 46.509907958906787 ] ], [ [ 10.479084334728697, 46.506437458531103 ], [ 10.479518951286968, 46.506389928538717 ], [ 10.479527994604476, 46.506723175624643 ], [ 10.479208020782357, 46.506725409607533 ], [ 10.479084334728697, 46.506437458531103 ] ], [ [ 10.478462491556867, 46.505674481034582 ], [ 10.476839911408156, 46.504288362562789 ], [ 10.476191923839536, 46.504351448852326 ], [ 10.47545477808386, 46.503961638857646 ], [ 10.47513634530536, 46.503172288206947 ], [ 10.476299963288136, 46.503880115044119 ], [ 10.476847632742107, 46.503882091975228 ], [ 10.477422124407436, 46.503550355542302 ], [ 10.477129955452611, 46.50269433514255 ], [ 10.477634357363552, 46.502586380504212 ], [ 10.477638923949387, 46.501707562568413 ], [ 10.477966703733758, 46.501650940440072 ], [ 10.47881841557448, 46.502400240027029 ], [ 10.478185974548628, 46.503303023952114 ], [ 10.478093922201662, 46.503087527049367 ], [ 10.477819071141086, 46.503316100529887 ], [ 10.478167728065799, 46.503584000090939 ], [ 10.477793629222592, 46.504743991506913 ], [ 10.477989370935262, 46.505044346768862 ], [ 10.478191469448763, 46.505070308693874 ], [ 10.478115596405837, 46.5046121994258 ], [ 10.478639658270993, 46.505014986541653 ], [ 10.478964909649868, 46.50456692985825 ], [ 10.479725157020955, 46.504726634370428 ], [ 10.478972670940234, 46.505565017630346 ], [ 10.478462491556867, 46.505674481034582 ] ], [ [ 10.487146486543075, 46.503443423837169 ], [ 10.487780764562864, 46.503687578548217 ], [ 10.488439389477771, 46.503307544412856 ], [ 10.489234711060304, 46.503892484481938 ], [ 10.488634359937942, 46.50438606083236 ], [ 10.488185434898242, 46.5043633296617 ], [ 10.48700011807777, 46.503892988582933 ], [ 10.487146486543075, 46.503443423837169 ] ] ] } },
{ "type": "Feature", "properties": { "HOM_ID": 3.0, "NAME_D": "Madatschferner", "NAME_IT": "Vedretta di Madaccio", "REGION": "Ortlergruppe", "ALT_MIN": 3089.0, "ALT_MAX": 3123.0, "ALT_MEDIAN": 3103.0, "area_km2": 0.00174069 }, "geometry": { "type": "Polygon", "coordinates": [ [ [ 10.492042342708451, 46.510072054547997 ], [ 10.491859747210766, 46.509675827623042 ], [ 10.491305148310916, 46.510053096249976 ], [ 10.492042342708451, 46.510072054547997 ] ] ] } },
{ "type": "Feature", "properties": { "HOM_ID": 3.0, "NAME_D": "Madatschferner", "NAME_IT": "Vedretta di Madaccio", "REGION": "Ortlergruppe", "ALT_MIN": 3133.0, "ALT_MAX": 3226.0, "ALT_MEDIAN": 3183.0, "area_km2": 0.0130534 }, "geometry": { "type": "Polygon", "coordinates": [ [ [ 10.491553258939009, 46.50961692298133 ], [ 10.491804331777605, 46.509182060450762 ], [ 10.49123002531527, 46.50883237441402 ], [ 10.491779102695562, 46.508575189945191 ], [ 10.490473507808252, 46.508282660843278 ], [ 10.489787420435311, 46.508416611906576 ], [ 10.490948464044006, 46.509571233420509 ], [ 10.491553258939009, 46.50961692298133 ] ] ] } },
{ "type": "Feature", "properties": { "HOM_ID": 4.0, "NAME_D": "Trafoierferner", "NAME_IT": "Vedretta di Trafoi", "REGION": "Ortlergruppe", "ALT_MIN": 2368.0, "ALT_MAX": 2407.0, "ALT_MEDIAN": 2385.0, "area_km2": 0.0013425 }, "geometry": { "type": "Polygon", "coordinates": [ [ [ 10.503642530647523, 46.513967617537567 ], [ 10.503807397242589, 46.513342535132871 ], [ 10.503368569502305, 46.513738816697945 ], [ 10.503702662321528, 46.513646796959442 ], [ 10.503642530647523, 46.513967617537567 ] ] ] } },
{ "type": "Feature", "properties": { "HOM_ID": 4.0, "NAME_D": "Trafoierferner", "NAME_IT": "Vedretta di Trafoi", "REGION": "Ortlergruppe", "ALT_MIN": 2438.0, "ALT_MAX": 3391.0, "ALT_MEDIAN": 2954.0, "area_km2": 0.87806 }, "geometry": { "type": "Polygon", "coordinates": [ [ [ 10.504674979878313, 46.511312776371135 ], [ 10.50439931578002, 46.510856758898264 ], [ 10.505983186686224, 46.508601894552498 ], [ 10.506502690214299, 46.506700905651364 ], [ 10.50523604363131, 46.504791213507929 ], [ 10.506531934129585, 46.503890255502341 ], [ 10.505998128656536, 46.501793278030149 ], [ 10.507364519078118, 46.500576590571157 ], [ 10.507531098231691, 46.499617161005354 ], [ 10.508455846965605, 46.499390660915218 ], [ 10.507911060903499, 46.498518714071253 ], [ 10.508272268273712, 46.497740066858945 ], [ 10.507700884169505, 46.496404139971048 ], [ 10.506714804608126, 46.496031385117277 ], [ 10.505284451872932, 46.49617642501287 ], [ 10.503887076233068, 46.497142520071399 ], [ 10.503716896677497, 46.497723383875062 ], [ 10.504271409685877, 46.498325673232387 ], [ 10.504700164566904, 46.497993810838317 ], [ 10.504535632600827, 46.497529264782941 ], [ 10.505274590345746, 46.497193318564669 ], [ 10.504774553883443, 46.499065315359253 ], [ 10.505257859375057, 46.499835218675493 ], [ 10.503698630984845, 46.499937168427053 ], [ 10.503165707497693, 46.499367929391816 ], [ 10.503645658110887, 46.498766324639291 ], [ 10.503377132025278, 46.498531737966594 ], [ 10.503622819299542, 46.497937975339859 ], [ 10.502624626906096, 46.497501052394725 ], [ 10.502744288462633, 46.497213738130924 ], [ 10.503271451034692, 46.497199666468852 ], [ 10.502950046303386, 46.497172935612511 ], [ 10.502998283175343, 46.496546050975084 ], [ 10.502594357262165, 46.496527547650729 ], [ 10.502791325193963, 46.496167782233861 ], [ 10.50214486627071, 46.495730994892199 ], [ 10.501112925341358, 46.495694541225561 ], [ 10.499514898293517, 46.496136975214917 ], [ 10.499074473959814, 46.496797574239224 ], [ 10.500231761374751, 46.497274508514394 ], [ 10.500360498296757, 46.498005984015855 ], [ 10.499871264471409, 46.49814574777313 ], [ 10.500237744914301, 46.498181421249164 ], [ 10.500918010122351, 46.499470237313119 ], [ 10.501777915801211, 46.500018524850695 ], [ 10.502675626772664, 46.499873386251316 ], [ 10.502625225960298, 46.500171695980889 ], [ 10.503110953663029, 46.500279608945448 ], [ 10.502425513852556, 46.500932963198586 ], [ 10.501939744784707, 46.500948868584111 ], [ 10.501623319110358, 46.499976740766748 ], [ 10.500199706418529, 46.500621675612429 ], [ 10.499343339708954, 46.499913394200718 ], [ 10.499586775463822, 46.499549453310884 ], [ 10.498855068228044, 46.498572960102479 ], [ 10.499107239700326, 46.498150567709018 ], [ 10.498364603246182, 46.497224972835639 ], [ 10.498974216390705, 46.497074350839064 ], [ 10.498470627849651, 46.496879741376013 ], [ 10.498363534976736, 46.496997822324822 ], [ 10.497857371215995, 46.496960401431537 ], [ 10.497448886502202, 46.497152673361803 ], [ 10.497857859198099, 46.497098503767511 ], [ 10.497542375246745, 46.49753839095861 ], [ 10.496498022751608, 46.497899593492406 ], [ 10.496969815500167, 46.49812915523804 ], [ 10.496750358289674, 46.498424912653185 ], [ 10.496316544430391, 46.498197234402362 ], [ 10.496555895768601, 46.498375072161899 ], [ 10.496144910896783, 46.498728101549801 ], [ 10.495725798143093, 46.498533565466388 ], [ 10.496124825729707, 46.498247366586234 ], [ 10.495252685186262, 46.498758820827682 ], [ 10.495225529696389, 46.498397237162777 ], [ 10.493818214285657, 46.498253709102649 ], [ 10.495513765094145, 46.499464998090119 ], [ 10.496078582979614, 46.499565715689378 ], [ 10.49667955082038, 46.498722058626377 ], [ 10.4970882037445, 46.499163418351095 ], [ 10.496790492279244, 46.499372096639654 ], [ 10.497430521533184, 46.499197987992211 ], [ 10.496889332520553, 46.500586156213473 ], [ 10.498225218621926, 46.501716865836954 ], [ 10.497689821969621, 46.502688256077043 ], [ 10.498474371763427, 46.503128973618779 ], [ 10.498485860037055, 46.50379793410503 ], [ 10.497933146345574, 46.503888516088651 ], [ 10.497978099793389, 46.504395118206254 ], [ 10.498934633498983, 46.505195041851493 ], [ 10.498558782114335, 46.505823835135224 ], [ 10.49865813622333, 46.507305530016275 ], [ 10.499127882934385, 46.507582733141511 ], [ 10.498660438803046, 46.508267494809736 ], [ 10.498886207485805, 46.508902690126355 ], [ 10.499294610348326, 46.509080687379445 ], [ 10.500034625948938, 46.508525694083268 ], [ 10.501063036315132, 46.508500294230906 ], [ 10.501518392646185, 46.508003794065374 ], [ 10.502464306675906, 46.508789540262462 ], [ 10.502212075594677, 46.508897625617074 ], [ 10.502544302465129, 46.509289488049589 ], [ 10.503327816920986, 46.509312527602262 ], [ 10.502726837880047, 46.508779899902152 ], [ 10.503120774032988, 46.508808059423195 ], [ 10.502790478393061, 46.50833616502775 ], [ 10.501761124097859, 46.507833391453424 ], [ 10.502965941436097, 46.506272356120419 ], [ 10.503795387606026, 46.508221448401223 ], [ 10.503281499715108, 46.508111238358978 ], [ 10.503245741712847, 46.508315298710144 ], [ 10.503961589930521, 46.50857376902475 ], [ 10.503380254365529, 46.50931340961278 ], [ 10.502942674721155, 46.509519037339466 ], [ 10.502824694936516, 46.509868239816115 ], [ 10.502723524639855, 46.510827277376578 ], [ 10.503389183788144, 46.510828052833233 ], [ 10.503757135751325, 46.511538995967314 ], [ 10.503443158343352, 46.512409872090551 ], [ 10.504415719828952, 46.511916243726425 ], [ 10.504674979878313, 46.511312776371135 ] ], [ [ 10.503547456190178, 46.507100505372691 ], [ 10.503692495139109, 46.506920010082304 ], [ 10.503770603169006, 46.507126145351471 ], [ 10.503547456190178, 46.507100505372691 ] ] ] } },
{ "type": "Feature", "properties": { "HOM_ID": 4.0, "NAME_D": "Trafoierferner", "NAME_IT": "Vedretta di Trafoi", "REGION": "Ortlergruppe", "ALT_MIN": 3228.0, "ALT_MAX": 3290.0, "ALT_MEDIAN": 3264.0, "area_km2": 0.00653322 }, "geometry": { "type": "Polygon", "coordinates": [ [ [ 10.493509814702279, 46.502716159808045 ], [ 10.494892005162955, 46.502819540365024 ], [ 10.494948376368056, 46.50261164103074 ], [ 10.494402064650874, 46.502180644189636 ], [ 10.493603897279863, 46.502248220695321 ], [ 10.493509814702279, 46.502716159808045 ] ] ] } },
{ "type": "Feature", "properties": { "HOM_ID": 4.0, "NAME_D": "Trafoierferner", "NAME_IT": "Vedretta di Trafoi", "REGION": "Ortlergruppe", "ALT_MIN": 3150.0, "ALT_MAX": 3259.0, "ALT_MEDIAN": 3204.0, "area_km2": 0.0152596 }, "geometry": { "type": "Polygon", "coordinates": [ [ [ 10.494497169833332, 46.505461853612864 ], [ 10.495107376256039, 46.505077652141466 ], [ 10.495422857289924, 46.50526402115824 ], [ 10.494803315717077, 46.50455300512678 ], [ 10.494271411916973, 46.504774262842332 ], [ 10.494358932423388, 46.504444516655887 ], [ 10.495154260151388, 46.504272201117217 ], [ 10.494590845768665, 46.50409859632277 ], [ 10.495188422985622, 46.503757420461035 ], [ 10.494546042764416, 46.503470551606071 ], [ 10.494322754841859, 46.503627769471429 ], [ 10.494681491835788, 46.503832625004023 ], [ 10.494388123254742, 46.503798360552807 ], [ 10.494216558731658, 46.503678686063338 ], [ 10.494371072954493, 46.503377590672393 ], [ 10.493826528762698, 46.503137062997382 ], [ 10.49410104385349, 46.50535273348568 ], [ 10.494497169833332, 46.505461853612864 ] ] ] } },
{ "type": "Feature", "properties": { "HOM_ID": 4.0, "NAME_D": "Trafoierferner", "NAME_IT": "Vedretta di Trafoi", "REGION": "Ortlergruppe", "ALT_MIN": 3008.0, "ALT_MAX": 3125.0, "ALT_MEDIAN": 3066.0, "area_km2": 0.0089098 }, "geometry": { "type": "Polygon", "coordinates": [ [ [ 10.494584447210551, 46.507890861535209 ], [ 10.495440572714378, 46.507670125863442 ], [ 10.494765429261841, 46.506693146138346 ], [ 10.493791395956244, 46.507015426173695 ], [ 10.494295623349318, 46.506915972595998 ], [ 10.494068338968326, 46.507557097401268 ], [ 10.494584447210551, 46.507890861535209 ] ] ] } },
{ "type": "Feature", "properties": { "HOM_ID": 5.0, "NAME_D": "Nasenhornferner", "NAME_IT": "Vedretta Bassa dell Ortles", "REGION": "Ortlergruppe", "ALT_MIN": 2695.0, "ALT_MAX": 2753.0, "ALT_MEDIAN": 2717.0, "area_km2": 0.00189993 }, "geometry": { "type": "Polygon", "coordinates": [ [ [ 10.511777340700414, 46.509310362895164 ], [ 10.512044282830978, 46.509111577126255 ], [ 10.511857728542525, 46.508478269622287 ], [ 10.511599662899105, 46.508748372774754 ], [ 10.511777340700414, 46.509310362895164 ] ] ] } },
{ "type": "Feature", "properties": { "HOM_ID": 5.0, "NAME_D": "Nasenhornferner", "NAME_IT": "Vedretta Bassa dell Ortles", "REGION": "Ortlergruppe", "ALT_MIN": 3342.0, "ALT_MAX": 3508.0, "ALT_MEDIAN": 3425.0, "area_km2": 0.00479866 }, "geometry": { "type": "Polygon", "coordinates": [ [ [ 10.51635796882811, 46.496798912339813 ], [ 10.516965040404248, 46.496639417358708 ], [ 10.516926118928671, 46.496014873394294 ], [ 10.517494410953788, 46.495992451668144 ], [ 10.517889297299529, 46.49546930391088 ], [ 10.516590976255465, 46.496052060442693 ], [ 10.516909455368348, 46.49634548316839 ], [ 10.51635796882811, 46.496798912339813 ] ] ] } },
{ "type": "Feature", "properties": { "HOM_ID": 5.0, "NAME_D": "Nasenhornferner", "NAME_IT": "Vedretta Bassa dell Ortles", "REGION": "Ortlergruppe", "ALT_MIN": 2353.0, "ALT_MAX": 3554.0, "ALT_MEDIAN": 3056.0, "area_km2": 1.27648 }, "geometry": { "type": "Polygon", "coordinates": [ [ [ 10.522539458057533, 46.499137225370298 ], [ 10.526512472673698, 46.498610331888749 ], [ 10.527606520990615, 46.497871113483029 ], [ 10.527222460554119, 46.497353247001243 ], [ 10.526798203868113, 46.498210183991908 ], [ 10.525713286781027, 46.498696058348607 ], [ 10.524745786198286, 46.498747060936026 ], [ 10.526018358677952, 46.497891910905309 ], [ 10.52612171315902, 46.49710325410927 ], [ 10.526582583368523, 46.497554289400632 ], [ 10.525950360570267, 46.496031627356267 ], [ 10.524618634660891, 46.496249409761468 ], [ 10.524116807660091, 46.496799405127987 ], [ 10.521654012495746, 46.496226191773083 ], [ 10.520935388236818, 46.496545305261918 ], [ 10.517145616497505, 46.497026164290297 ], [ 10.51477669534556, 46.498627360706323 ], [ 10.514104103505916, 46.498495777872563 ], [ 10.513533156355784, 46.498796220866822 ], [ 10.512962371909325, 46.49748698215712 ], [ 10.511753192022038, 46.496904344689625 ], [ 10.512855654070499, 46.49662307290609 ], [ 10.512697263153923, 46.496382287387718 ], [ 10.513019685678719, 46.496818541081574 ], [ 10.513568127491464, 46.49670174878063 ], [ 10.513935346113515, 46.495795194233949 ], [ 10.513291101535396, 46.495391538752017 ], [ 10.511961914896068, 46.495565325837177 ], [ 10.512119096983261, 46.495887088063256 ], [ 10.511461982196669, 46.49631248195076 ], [ 10.511823260006278, 46.496658216563944 ], [ 10.509775914867488, 46.497317181732861 ], [ 10.50951219299467, 46.498751752132563 ], [ 10.508944454927136, 46.498890349129681 ], [ 10.509761860891182, 46.499520097155013 ], [ 10.507942821243379, 46.50055498803971 ], [ 10.507283558706055, 46.502527675348958 ], [ 10.508070600865308, 46.504053158648951 ], [ 10.509066373962463, 46.504218460856627 ], [ 10.508224296541238, 46.50506774392646 ], [ 10.50799237092469, 46.509173509380219 ], [ 10.50867197756158, 46.510391803145502 ], [ 10.509273041881912, 46.510476262090904 ], [ 10.508919452116244, 46.509621342615979 ], [ 10.509357119642628, 46.50985844721496 ], [ 10.50929539148205, 46.508574978685431 ], [ 10.509778265826556, 46.508226108529442 ], [ 10.509752487038881, 46.508490759277343 ], [ 10.510214733880822, 46.508370359610865 ], [ 10.510038307716183, 46.50790264484769 ], [ 10.510449341903685, 46.507373559980095 ], [ 10.510020841288359, 46.50668867791272 ], [ 10.510759241652291, 46.507045031613671 ], [ 10.511151405434703, 46.506885073273871 ], [ 10.511087403073683, 46.508059839288052 ], [ 10.511308008337467, 46.507806900673138 ], [ 10.511825195490365, 46.508424409016882 ], [ 10.51225084977259, 46.50822828708408 ], [ 10.512564332379865, 46.508588460852643 ], [ 10.512361162758918, 46.511802718295201 ], [ 10.513161511066903, 46.512306464727502 ], [ 10.512873268289509, 46.511241130529385 ], [ 10.513923540384075, 46.511305810590656 ], [ 10.51409716038239, 46.511596396373335 ], [ 10.513952543468397, 46.51259840403533 ], [ 10.513465132571664, 46.512807256044518 ], [ 10.513825302982175, 46.513623993616775 ], [ 10.513655420702975, 46.515352327554815 ], [ 10.514957044403438, 46.513878247866735 ], [ 10.515766224547532, 46.51350333043623 ], [ 10.515128407379253, 46.513383501773063 ], [ 10.514767827524444, 46.512743496198546 ], [ 10.514855341321253, 46.510438895075694 ], [ 10.515434980650022, 46.510129850595632 ], [ 10.516493639213421, 46.51061468725603 ], [ 10.517063498461454, 46.509888436423964 ], [ 10.516775559532441, 46.509351461098184 ], [ 10.517557710720359, 46.507416528720569 ], [ 10.517390393253745, 46.506609148114848 ], [ 10.516407727866, 46.505748291430905 ], [ 10.516733000125608, 46.504796269059092 ], [ 10.517146676354379, 46.504543139438631 ], [ 10.517552116950263, 46.504985420639123 ], [ 10.518791938612573, 46.50504992168942 ], [ 10.519530177263125, 46.504687700544324 ], [ 10.519067359013437, 46.502681515111682 ], [ 10.520429434122413, 46.500701322501619 ], [ 10.521287438322137, 46.500061280689351 ], [ 10.52149805524275, 46.499206016531431 ], [ 10.522189121193655, 46.498639623983784 ], [ 10.522945730138792, 46.498939103693793 ], [ 10.522539458057533, 46.499137225370298 ] ], [ [ 10.508481800060167, 46.508674289425777 ], [ 10.508424302594079, 46.508839825154901 ], [ 10.50842208190212, 46.508659837946063 ], [ 10.508481800060167, 46.508674289425777 ] ], [ [ 10.517910475463264, 46.504789218300438 ], [ 10.516362844577868, 46.503452478828777 ], [ 10.516046660016739, 46.502870901432615 ], [ 10.516913047653164, 46.502962993632195 ], [ 10.518780475042758, 46.504824100272209 ], [ 10.517910475463264, 46.504789218300438 ] ], [ [ 10.509111935462673, 46.504494076815377 ], [ 10.509005004926617, 46.50449310653957 ], [ 10.509131696535334, 46.50446047932612 ], [ 10.509111935462673, 46.504494076815377 ] ] ] } },
{ "type": "Feature", "properties": { "HOM_ID": 5.0, "NAME_D": "Nasenhornferner", "NAME_IT": "Vedretta Bassa dell Ortles", "REGION": "Ortlergruppe", "ALT_MIN": 3383.0, "ALT_MAX": 3486.0, "ALT_MEDIAN": 3458.0, "area_km2": 0.00160809 }, "geometry": { "type": "Polygon", "coordinates": [ [ [ 10.515509739435267, 46.496887187156659 ], [ 10.515611414933533, 46.496476276824012 ], [ 10.515969577396834, 46.49606387085548 ], [ 10.51538378811456, 46.496225936027692 ], [ 10.515509739435267, 46.496887187156659 ] ] ] } },
{ "type": "Feature", "properties": { "HOM_ID": 5.0, "NAME_D": "Nasenhornferner", "NAME_IT": "Vedretta Bassa dell Ortles", "REGION": "Ortlergruppe", "ALT_MIN": 3287.0, "ALT_MAX": 3556.0, "ALT_MEDIAN": 3402.0, "area_km2": 0.0142614 }, "geometry": { "type": "Polygon", "coordinates": [ [ [ 10.515142042684914, 46.497342095190788 ], [ 10.514507387697849, 46.496917849438212 ], [ 10.515972793223979, 46.495522109835207 ], [ 10.515124205872612, 46.495694085715456 ], [ 10.514070782675983, 46.496840289011423 ], [ 10.513557943978173, 46.496873271508683 ], [ 10.513812363996548, 46.49734375882435 ], [ 10.513420091498242, 46.497372762387158 ], [ 10.51343868802074, 46.497670163935965 ], [ 10.51400348081815, 46.497893661985444 ], [ 10.513952284456227, 46.497415723101504 ], [ 10.515142042684914, 46.497342095190788 ] ] ] } },
{ "type": "Feature", "properties": { "HOM_ID": 5.0, "NAME_D": "Nasenhornferner", "NAME_IT": "Vedretta Bassa dell Ortles", "REGION": "Ortlergruppe", "ALT_MIN": 3293.0, "ALT_MAX": 3350.0, "ALT_MEDIAN": 3325.0, "area_km2": 0.00221852 }, "geometry": { "type": "Polygon", "coordinates": [ [ [ 10.515866703114215, 46.497490133121651 ], [ 10.51635796882811, 46.496798912339813 ], [ 10.515142042684939, 46.497342095190788 ], [ 10.515866703114215, 46.497490133121651 ] ] ] } },
{ "type": "Feature", "properties": { "HOM_ID": 6.0, "NAME_D": "Ortlerferner Niederer", "NAME_IT": "Vedretta Bassa dell Ortles", "REGION": "Ortlergruppe", "ALT_MIN": 2310.0, "ALT_MAX": 3577.0, "ALT_MEDIAN": 3076.0, "area_km2": 1.25562 }, "geometry": { "type": "Polygon", "coordinates": [ [ [ 10.526512472673698, 46.498610331888749 ], [ 10.522539458057533, 46.499137225370298 ], [ 10.520017439220457, 46.502250279952065 ], [ 10.52085299870533, 46.503262768255858 ], [ 10.521321192754389, 46.503357978261562 ], [ 10.521577407773071, 46.504037491803878 ], [ 10.521225310310875, 46.505013696463813 ], [ 10.521534343613681, 46.505707270428978 ], [ 10.521814149980788, 46.505353514424179 ], [ 10.522141782996105, 46.505477737308219 ], [ 10.522267283844117, 46.506514259486138 ], [ 10.52073566246581, 46.507463297071723 ], [ 10.52048936568645, 46.509068559754553 ], [ 10.519616958897419, 46.509766477506872 ], [ 10.518498158711724, 46.509840868238676 ], [ 10.517858862515384, 46.510260108772286 ], [ 10.518508024756008, 46.511587925360011 ], [ 10.517063165622559, 46.512547857978028 ], [ 10.517175618675704, 46.513215047151505 ], [ 10.515167589988335, 46.513722349421577 ], [ 10.5140884316612, 46.514643392825185 ], [ 10.513574493429463, 46.516610981221532 ], [ 10.515951198535197, 46.515840803241552 ], [ 10.515799773149215, 46.515331811536981 ], [ 10.516707792665352, 46.514495886608771 ], [ 10.516711530905468, 46.513638614376021 ], [ 10.519814069548259, 46.513184052214548 ], [ 10.519741391120714, 46.51280403033175 ], [ 10.522929549820663, 46.510824294173702 ], [ 10.525093335432171, 46.509762028022656 ], [ 10.526699797766625, 46.509497743073155 ], [ 10.527104684121257, 46.508723832589084 ], [ 10.529088793593624, 46.507370389208241 ], [ 10.528900798710612, 46.506446624989607 ], [ 10.529479893279111, 46.505822156522569 ], [ 10.532462953790125, 46.504424472891856 ], [ 10.533325624648146, 46.503708079696011 ], [ 10.536495091447229, 46.502404406982009 ], [ 10.537527327794384, 46.502690562100241 ], [ 10.537585175813378, 46.502319411826008 ], [ 10.538059552275591, 46.502327120746763 ], [ 10.53782124918706, 46.502658035844597 ], [ 10.538604229477814, 46.502726082271359 ], [ 10.538601038411977, 46.502429668273621 ], [ 10.538076591140976, 46.502358144891126 ], [ 10.538193136979778, 46.502111812031949 ], [ 10.538723708871307, 46.502125509390531 ], [ 10.538546344319718, 46.501339130001689 ], [ 10.539116165110347, 46.501521956542291 ], [ 10.539080560723924, 46.500810264667884 ], [ 10.539428409430611, 46.501680665612952 ], [ 10.539991873352029, 46.501485560937624 ], [ 10.54017884655698, 46.502000949611038 ], [ 10.539280574154754, 46.502093409002441 ], [ 10.538950538954076, 46.50277053469032 ], [ 10.539748986650858, 46.502500833487055 ], [ 10.539662699204973, 46.502848409625628 ], [ 10.540970071208379, 46.503154092355302 ], [ 10.541067699761799, 46.502185422481723 ], [ 10.540619227696917, 46.501721182309659 ], [ 10.541072550610167, 46.501289437947342 ], [ 10.540596972683391, 46.500780916203546 ], [ 10.538351730132845, 46.500426548845226 ], [ 10.537307846713562, 46.500857293461983 ], [ 10.537217156197196, 46.501462737418336 ], [ 10.536798535229273, 46.501444551549497 ], [ 10.537065668192332, 46.500676007833292 ], [ 10.53631899949897, 46.500539202001541 ], [ 10.536982780355176, 46.499556062022386 ], [ 10.536670070998492, 46.499033007820969 ], [ 10.536984642437513, 46.498571593578752 ], [ 10.536574239555087, 46.498079441322446 ], [ 10.534893213912667, 46.49789294945402 ], [ 10.534952964069275, 46.497320663311378 ], [ 10.53440000672944, 46.497030437198724 ], [ 10.533988171237558, 46.496976432823544 ], [ 10.533799489753632, 46.498064940334388 ], [ 10.532195231672475, 46.49829099009596 ], [ 10.532067122616029, 46.498640358485254 ], [ 10.531721874147035, 46.49850211282854 ], [ 10.531701110139826, 46.498990533045593 ], [ 10.530685166983524, 46.49878983041306 ], [ 10.53128496608964, 46.499274704188906 ], [ 10.532314245911602, 46.499213293163798 ], [ 10.532666359288273, 46.49947288542355 ], [ 10.531509785901344, 46.500271194119478 ], [ 10.530240812040184, 46.50036259320013 ], [ 10.530528058122423, 46.500614726249886 ], [ 10.5299225971682, 46.501003816634636 ], [ 10.529441186936467, 46.501051926671877 ], [ 10.528983954054203, 46.50057882855625 ], [ 10.528835632059618, 46.499408675796261 ], [ 10.529765115654797, 46.499477206248812 ], [ 10.530072879473257, 46.497845750532939 ], [ 10.529059565267312, 46.498004357115377 ], [ 10.528641333912544, 46.49769146554501 ], [ 10.527688384543248, 46.497661888759012 ], [ 10.526512472673698, 46.498610331888749 ] ], [ [ 10.524965489156571, 46.499330093088012 ], [ 10.526306736976478, 46.500312294742201 ], [ 10.527175740606118, 46.500560241130628 ], [ 10.527030671779, 46.501044129339235 ], [ 10.528522900206676, 46.503348997836234 ], [ 10.527436527654327, 46.504240442562057 ], [ 10.527679697804281, 46.504549469008644 ], [ 10.526758780313324, 46.504609764929185 ], [ 10.526764616837291, 46.503644118837585 ], [ 10.525829385844151, 46.503249419984364 ], [ 10.526450053410043, 46.503124459267873 ], [ 10.526975008088646, 46.503522251658154 ], [ 10.526330300881058, 46.502911751125211 ], [ 10.52685497816837, 46.502807119037016 ], [ 10.526848564001945, 46.502330529473383 ], [ 10.526081115880586, 46.501737822448376 ], [ 10.526916939008244, 46.501169469665783 ], [ 10.524789234716865, 46.499932500371017 ], [ 10.524965489156571, 46.499330093088012 ] ], [ [ 10.525296706040086, 46.503133895141737 ], [ 10.525708828312935, 46.503566534969934 ], [ 10.525422863240967, 46.503698933220363 ], [ 10.524839981192525, 46.503325718481747 ], [ 10.525296706040086, 46.503133895141737 ] ], [ [ 10.523158504823702, 46.50434504646492 ], [ 10.522837923379743, 46.504473137531804 ], [ 10.522954044851799, 46.504185849463127 ], [ 10.523158504823702, 46.50434504646492 ] ], [ [ 10.526373393791809, 46.504886364131444 ], [ 10.526070302515212, 46.50489993359929 ], [ 10.526295421451586, 46.504811206990595 ], [ 10.526373393791809, 46.504886364131444 ] ] ] } },
{ "type": "Feature", "properties": { "HOM_ID": 7.0, "NAME_D": "Ortlerferner Oberer", "NAME_IT": "Vedretta Alto dell Ortles", "REGION": "Ortlergruppe", "ALT_MIN": 3018.0, "ALT_MAX": 3896.0, "ALT_MEDIAN": 3586.0, "area_km2": 1.06498 }, "geometry": { "type": "Polygon", "coordinates": [ [ [ 10.540755728298866, 46.521918945173212 ], [ 10.540771063534386, 46.521290108546111 ], [ 10.539842560056877, 46.520268995624861 ], [ 10.539663890451237, 46.519082814782429 ], [ 10.540800108851407, 46.518390623434847 ], [ 10.540867950020356, 46.517862041157088 ], [ 10.541095287385428, 46.518094713993293 ], [ 10.54151463219273, 46.517798559288764 ], [ 10.541581839344543, 46.518345323398712 ], [ 10.542098832981804, 46.51820881692381 ], [ 10.541488774040602, 46.515908731539021 ], [ 10.542180348956551, 46.515604141813796 ], [ 10.541153408526714, 46.515148894673338 ], [ 10.541626624925764, 46.514648518495257 ], [ 10.541951119344539, 46.512902551435602 ], [ 10.544017659714928, 46.511529590173431 ], [ 10.544888663842402, 46.509675129183279 ], [ 10.544691891049624, 46.507621134391151 ], [ 10.545133571851368, 46.507544715071468 ], [ 10.543397478281811, 46.506252849563879 ], [ 10.542987947741954, 46.505094987702712 ], [ 10.542441169431001, 46.504661845977807 ], [ 10.541528167588318, 46.505690245101412 ], [ 10.540546486229132, 46.505853488292161 ], [ 10.540278373095392, 46.505640412876993 ], [ 10.538713972157081, 46.506234741189097 ], [ 10.538634534597296, 46.507085891090597 ], [ 10.537612562469993, 46.508241672683489 ], [ 10.537579805860979, 46.508792165283701 ], [ 10.536718915062792, 46.509266637764284 ], [ 10.536512863723026, 46.510276644390004 ], [ 10.535717085557337, 46.51043552187781 ], [ 10.535201643446447, 46.510992494524473 ], [ 10.532686115794929, 46.51168344055187 ], [ 10.531115385812486, 46.512805600939018 ], [ 10.530630039412626, 46.512845376236513 ], [ 10.53019014935505, 46.513467035017285 ], [ 10.530769911532271, 46.514509945652037 ], [ 10.52895318686604, 46.51556517864978 ], [ 10.529117847428076, 46.515840383648907 ], [ 10.528178009620294, 46.516519675245398 ], [ 10.530158512094735, 46.517278980360466 ], [ 10.532269287891573, 46.517099910461184 ], [ 10.533215344238583, 46.516520510965691 ], [ 10.533374282039084, 46.516039764539784 ], [ 10.533692831730313, 46.516083116556608 ], [ 10.533870195262939, 46.515466751567281 ], [ 10.534767553846301, 46.515290886978917 ], [ 10.534435205289205, 46.514769488235629 ], [ 10.535327327743287, 46.514726559200774 ], [ 10.535505375817202, 46.513945524740464 ], [ 10.536521537133982, 46.513898540397733 ], [ 10.53566627422415, 46.515249200520294 ], [ 10.536131067377221, 46.515219146741984 ], [ 10.5358426235015, 46.515999283363918 ], [ 10.536539264343096, 46.516215779949754 ], [ 10.536634791403209, 46.516545479985595 ], [ 10.534603668455802, 46.518082099572922 ], [ 10.533353360264655, 46.518146494345871 ], [ 10.533144727382735, 46.519558470270191 ], [ 10.533412108405663, 46.519376297340095 ], [ 10.53369362698599, 46.519941622090428 ], [ 10.534300775853991, 46.519943002354076 ], [ 10.534978697361085, 46.519415821775119 ], [ 10.536249898269981, 46.519235047006248 ], [ 10.535207521578139, 46.519579432559908 ], [ 10.535210048791448, 46.519975267981401 ], [ 10.537077163226002, 46.519825176933693 ], [ 10.536261616070624, 46.520323680173583 ], [ 10.534943216222127, 46.520207442713797 ], [ 10.535454572979283, 46.52075717740388 ], [ 10.536421147822905, 46.52047631364487 ], [ 10.537173075172772, 46.521409391754482 ], [ 10.53767819210047, 46.520930566599141 ], [ 10.53917857916962, 46.52069816287905 ], [ 10.539387901289604, 46.52107442851743 ], [ 10.540133373185279, 46.521282696869918 ], [ 10.540112781181472, 46.522311641195522 ], [ 10.540755728298866, 46.521918945173212 ] ], [ [ 10.538827609924224, 46.52058287608061 ], [ 10.539115893234765, 46.520335164409168 ], [ 10.539230553350047, 46.520388863997873 ], [ 10.538827609924224, 46.52058287608061 ] ], [ [ 10.536591733473905, 46.519465361703084 ], [ 10.537291647846571, 46.518720171984576 ], [ 10.537894819603169, 46.518581097813623 ], [ 10.537086857296798, 46.519408702967482 ], [ 10.536591733473905, 46.519465361703084 ] ], [ [ 10.5388160941328, 46.517452053652534 ], [ 10.538681631462749, 46.517393142857358 ], [ 10.5388722802854, 46.517426295553115 ], [ 10.5388160941328, 46.517452053652534 ] ] ] } },
{ "type": "Feature", "properties": { "HOM_ID": 7.0, "NAME_D": "Ortlerferner Oberer", "NAME_IT": "Vedretta Alto dell Ortles", "REGION": "Ortlergruppe", "ALT_MIN": 2612.0, "ALT_MAX": 2986.0, "ALT_MEDIAN": 2867.0, "area_km2": 0.107548 }, "geometry": { "type": "Polygon", "coordinates": [ [ [ 10.538495957977776, 46.524344263672901 ], [ 10.541242358839042, 46.523626268386671 ], [ 10.541342069344712, 46.52324869989021 ], [ 10.540699894761174, 46.522985899298675 ], [ 10.538886053511295, 46.523010321427257 ], [ 10.538687226002288, 46.52227292915893 ], [ 10.537430961419163, 46.522251725595325 ], [ 10.53792263694382, 46.521583148930709 ], [ 10.536616351054199, 46.52223410004148 ], [ 10.536071433703446, 46.521993778878311 ], [ 10.534836665810614, 46.522088158730782 ], [ 10.534972362158154, 46.522899094578086 ], [ 10.533967933214026, 46.523736456839742 ], [ 10.532590906853891, 46.523592999457755 ], [ 10.531944691118781, 46.522939692315624 ], [ 10.530598008037664, 46.523138692427295 ], [ 10.530563503799009, 46.523629675661638 ], [ 10.532236351974442, 46.52398826194959 ], [ 10.535115223127804, 46.523806784086062 ], [ 10.538495957977776, 46.524344263672901 ] ] ] } },
{ "type": "Feature", "properties": { "HOM_ID": 7.0, "NAME_D": "Ortlerferner Oberer", "NAME_IT": "Vedretta Alto dell Ortles", "REGION": "Ortlergruppe", "ALT_MIN": 2248.0, "ALT_MAX": 2486.0, "ALT_MEDIAN": 2364.0, "area_km2": 0.0603696 }, "geometry": { "type": "Polygon", "coordinates": [ [ [ 10.525158485362903, 46.522887173788256 ], [ 10.524844596307009, 46.522456795373671 ], [ 10.522004894756421, 46.523298268932074 ], [ 10.520625948592103, 46.52518583079187 ], [ 10.520652009381221, 46.525810541609339 ], [ 10.523917066721934, 46.524445531289437 ], [ 10.525158485362903, 46.522887173788256 ] ] ] } },
{ "type": "Feature", "properties": { "HOM_ID": 7.0, "NAME_D": "Ortlerferner Oberer", "NAME_IT": "Vedretta Alto dell Ortles", "REGION": "Ortlergruppe", "ALT_MIN": 3622.0, "ALT_MAX": 3709.0, "ALT_MEDIAN": 3661.0, "area_km2": 0.00872147 }, "geometry": { "type": "Polygon", "coordinates": [ [ [ 10.537827067858943, 46.507130088201968 ], [ 10.538051865085862, 46.506174594256322 ], [ 10.537512363788284, 46.505998497924004 ], [ 10.537143813290943, 46.506136798427278 ], [ 10.537127007619006, 46.507008535481802 ], [ 10.537827067858943, 46.507130088201968 ] ] ] } },
{ "type": "Feature", "properties": { "HOM_ID": 7.0, "NAME_D": "Ortlerferner Oberer", "NAME_IT": "Vedretta Alto dell Ortles", "REGION": "Ortlergruppe", "ALT_MIN": 2936.0, "ALT_MAX": 3003.0, "ALT_MEDIAN": 2978.0, "area_km2": 0.00151414 }, "geometry": { "type": "Polygon", "coordinates": [ [ [ 10.532974617433636, 46.520500837468134 ], [ 10.533538148736534, 46.520300407072874 ], [ 10.534309273756037, 46.520244821607903 ], [ 10.53377192148502, 46.520149639326767 ], [ 10.532974617433636, 46.520500837468134 ] ] ] } },
{ "type": "Feature", "properties": { "HOM_ID": 8.0, "NAME_D": "Tabarettaferner", "NAME_IT": "Vedretta di Tabaretta", "REGION": "Ortlergruppe", "ALT_MIN": 2941.0, "ALT_MAX": 3039.0, "ALT_MEDIAN": 3002.0, "area_km2": 0.00798318 }, "geometry": { "type": "Polygon", "coordinates": [ [ [ 10.542036460726239, 46.527307097517337 ], [ 10.542158687039876, 46.526793571846973 ], [ 10.542860254440557, 46.526428049330562 ], [ 10.542240878513816, 46.525936357970181 ], [ 10.541525208012937, 46.526796085412713 ], [ 10.541896344257607, 46.52674464917505 ], [ 10.541675383400754, 46.5271655228565 ], [ 10.542036460726239, 46.527307097517337 ] ] ] } },
{ "type": "Feature", "properties": { "HOM_ID": 8.0, "NAME_D": "Tabarettaferner", "NAME_IT": "Vedretta di Tabaretta", "REGION": "Ortlergruppe", "ALT_MIN": 2745.0, "ALT_MAX": 2965.0, "ALT_MEDIAN": 2861.0, "area_km2": 0.0428192 }, "geometry": { "type": "Polygon", "coordinates": [ [ [ 10.539281059259261, 46.52884828349913 ], [ 10.538632278852438, 46.528109326219301 ], [ 10.540305965825825, 46.527416973429169 ], [ 10.540974554914282, 46.526660278423577 ], [ 10.539974951406506, 46.526080832580902 ], [ 10.539515738553323, 46.52645812078547 ], [ 10.53822231680836, 46.52646838130174 ], [ 10.537484691866513, 46.526809402160843 ], [ 10.537484455295896, 46.527351121243889 ], [ 10.538189799338998, 46.527955978789578 ], [ 10.537940754397155, 46.529032996928933 ], [ 10.53840289747388, 46.529760181831989 ], [ 10.539281059259261, 46.52884828349913 ] ] ] } },
{ "type": "Feature", "properties": { "HOM_ID": 9.0, "NAME_D": "Marltferner", "NAME_IT": "Vedretta del Marlet", "REGION": "Ortlergruppe", "ALT_MIN": 2175.0, "ALT_MAX": 3839.0, "ALT_MEDIAN": 2504.0, "area_km2": 0.393254 }, "geometry": { "type": "Polygon", "coordinates": [ [ [ 10.54462882680502, 46.510339653997818 ], [ 10.544466259311461, 46.510055641933683 ], [ 10.54417030540275, 46.510746858767696 ], [ 10.544570422677412, 46.510898825048208 ], [ 10.544327438901512, 46.511330718451866 ], [ 10.544823417009578, 46.511428791396249 ], [ 10.545189726128614, 46.513035898053218 ], [ 10.54564502784382, 46.513036889167317 ], [ 10.54550564519268, 46.51274350712464 ], [ 10.545796390491507, 46.513022937577873 ], [ 10.545043081279781, 46.515417436050626 ], [ 10.545991277409613, 46.515721793427169 ], [ 10.545869339396127, 46.516379704245637 ], [ 10.546641597050032, 46.516876928222615 ], [ 10.546132642406759, 46.517800562583126 ], [ 10.547413845259456, 46.520707910707181 ], [ 10.546835313508426, 46.521755436474166 ], [ 10.548766713905364, 46.522768757493701 ], [ 10.550447653773968, 46.524378273562562 ], [ 10.555407530264194, 46.527528182990828 ], [ 10.560059322355134, 46.528708996718514 ], [ 10.560958818043133, 46.528675291800205 ], [ 10.561149253511443, 46.528458387385804 ], [ 10.56003539762081, 46.527873532458429 ], [ 10.557219503148618, 46.526991649353349 ], [ 10.555923091311579, 46.525943658378289 ], [ 10.556327735954486, 46.525616694364281 ], [ 10.554070514801982, 46.524097054008976 ], [ 10.554864274089795, 46.52331456124157 ], [ 10.553609072222857, 46.522668072305621 ], [ 10.552793924608626, 46.521300443889501 ], [ 10.552107193091611, 46.520988308160355 ], [ 10.552014233914461, 46.520464699641018 ], [ 10.550918271267873, 46.51940851638085 ], [ 10.550425941202715, 46.519562824943186 ], [ 10.550775995213794, 46.52022718864054 ], [ 10.549918263818869, 46.520376349060371 ], [ 10.549218130540579, 46.519713153797305 ], [ 10.547909086376963, 46.519167732053795 ], [ 10.548069623764379, 46.518444063442082 ], [ 10.547154036439515, 46.517783772659392 ], [ 10.547030401659546, 46.517183127103024 ], [ 10.546793830227394, 46.517719710303417 ], [ 10.546709527089622, 46.517544643697406 ], [ 10.546769170625938, 46.516972355418289 ], [ 10.546424723933059, 46.516503159893169 ], [ 10.546630593506963, 46.516221778510925 ], [ 10.546661747923354, 46.516711878449208 ], [ 10.546877446811621, 46.515954976275708 ], [ 10.545978581859183, 46.515164794630046 ], [ 10.546472579584155, 46.513319657526694 ], [ 10.545724548129026, 46.512829604190188 ], [ 10.546939772759293, 46.512481712225572 ], [ 10.546987711516934, 46.511934726853589 ], [ 10.546571282719356, 46.512136568192098 ], [ 10.546759007178025, 46.511751135979061 ], [ 10.545765653160084, 46.511574168693663 ], [ 10.546263745036221, 46.511260263357535 ], [ 10.54462882680502, 46.510339653997818 ] ] ] } },
{ "type": "Feature", "properties": { "HOM_ID": 10.0, "NAME_D": null, "NAME_IT": null, "REGION": "Ortlergruppe", "ALT_MIN": 2595.0, "ALT_MAX": 3134.0, "ALT_MEDIAN": 2834.0, "area_km2": 0.0670609 }, "geometry": { "type": "Polygon", "coordinates": [ [ [ 10.553767246125036, 46.519362322773546 ], [ 10.554313028452523, 46.51891557970864 ], [ 10.55323138737992, 46.517999236464746 ], [ 10.55277737833425, 46.516108082099983 ], [ 10.55108964885247, 46.515950016248105 ], [ 10.550395366680297, 46.515454622506788 ], [ 10.55074934704411, 46.515409342303059 ], [ 10.54991151414629, 46.515420700555509 ], [ 10.550337623396663, 46.515243480411272 ], [ 10.549035472210491, 46.514815846022465 ], [ 10.549545110138416, 46.514698883408585 ], [ 10.549721011929314, 46.51451672091504 ], [ 10.549472287275471, 46.51419982336197 ], [ 10.548264189731009, 46.514650650799922 ], [ 10.548614822253798, 46.515746125408761 ], [ 10.551881719069593, 46.516875072513429 ], [ 10.552345533962296, 46.51741597168683 ], [ 10.552067734004146, 46.51831982619197 ], [ 10.552384512170136, 46.519107266559345 ], [ 10.553767246125036, 46.519362322773546 ] ], [ [ 10.552369326855747, 46.519036480402981 ], [ 10.552369175764021, 46.519034975005127 ], [ 10.552369547522851, 46.519036034622573 ], [ 10.552369326855747, 46.519036480402981 ] ], [ [ 10.549536860400224, 46.514590652299077 ], [ 10.549563122441944, 46.514543863396817 ], [ 10.54955616161392, 46.514602296473811 ], [ 10.549536860400224, 46.514590652299077 ] ], [ [ 10.549254002241259, 46.514529001896044 ], [ 10.549214927623428, 46.514549771571474 ], [ 10.549135728365901, 46.514554416434869 ], [ 10.549254002241259, 46.514529001896044 ] ] ] } },
{ "type": "Feature", "properties": { "HOM_ID": 11.0, "NAME_D": "Endderweltferner", "NAME_IT": "Vedretta Fine del Mondo", "REGION": "Ortlergruppe", "ALT_MIN": 2370.0, "ALT_MAX": 3016.0, "ALT_MEDIAN": 2610.0, "area_km2": 0.604039 }, "geometry": { "type": "Polygon", "coordinates": [ [ [ 10.572413447005333, 46.516978530805417 ], [ 10.573307146259877, 46.516800310660038 ], [ 10.574795367122542, 46.515482085421901 ], [ 10.572713459855612, 46.514903535695922 ], [ 10.572703769437501, 46.514383425692074 ], [ 10.570007894489937, 46.514252675635731 ], [ 10.565934798191797, 46.512633282741334 ], [ 10.564742131532638, 46.511786430840878 ], [ 10.564447012609982, 46.509846201065777 ], [ 10.563163575490988, 46.508846131909564 ], [ 10.563598839813084, 46.508044829096299 ], [ 10.56482273941641, 46.507730441557769 ], [ 10.564446673135818, 46.506325422516845 ], [ 10.565466865509109, 46.506424567005908 ], [ 10.566167716467714, 46.50561132295649 ], [ 10.568388635341112, 46.50571662207313 ], [ 10.570233445867153, 46.506195897364201 ], [ 10.571591967869889, 46.506766031910736 ], [ 10.573230673405376, 46.507981712867668 ], [ 10.574052282155552, 46.507803277616155 ], [ 10.573960474847002, 46.507490225277309 ], [ 10.574434103090585, 46.507195860309658 ], [ 10.57407642314795, 46.506871586274478 ], [ 10.57189612745541, 46.505952249482469 ], [ 10.570333171632283, 46.505829363540187 ], [ 10.568129726787525, 46.504844870015852 ], [ 10.566019039088168, 46.504968496008132 ], [ 10.564233764007144, 46.505931272940686 ], [ 10.56347786120009, 46.505667774861237 ], [ 10.563592809901177, 46.506534440917619 ], [ 10.562712111956431, 46.507690524752604 ], [ 10.56282675540125, 46.508200911241026 ], [ 10.561924014826827, 46.508229913098404 ], [ 10.561453758225914, 46.508548269568941 ], [ 10.562512623061284, 46.50962944686168 ], [ 10.56228917676645, 46.510015869341167 ], [ 10.561009144993921, 46.510359570756087 ], [ 10.560346871872419, 46.510205854702178 ], [ 10.559096422713385, 46.510750827983351 ], [ 10.558557311281028, 46.510461233126641 ], [ 10.557437266428542, 46.5104907795549 ], [ 10.558375385755239, 46.510732785685128 ], [ 10.558008829863754, 46.511302118588411 ], [ 10.556910421939255, 46.511315012576283 ], [ 10.555124235101465, 46.511932229671515 ], [ 10.555690819963571, 46.51305320070756 ], [ 10.558980680040506, 46.514168032660898 ], [ 10.559813504852341, 46.514790905968646 ], [ 10.561718994173861, 46.51502563919432 ], [ 10.562595786103069, 46.51474935158172 ], [ 10.565697946373623, 46.514856934838747 ], [ 10.567978625383073, 46.515879329898226 ], [ 10.569201441660452, 46.516051055085093 ], [ 10.569450872599832, 46.51637623470922 ], [ 10.572413447005333, 46.516978530805417 ] ] ] } },
{ "type": "Feature", "properties": { "HOM_ID": 11.0, "NAME_D": "Endderweltferner", "NAME_IT": "Vedretta Fine del Mondo", "REGION": "Ortlergruppe", "ALT_MIN": 2328.0, "ALT_MAX": 2384.0, "ALT_MEDIAN": 2352.0, "area_km2": 0.0239314 }, "geometry": { "type": "Polygon", "coordinates": [ [ [ 10.577154144095628, 46.516284012690164 ], [ 10.577336492602326, 46.515433798428262 ], [ 10.577694648338207, 46.515652688603033 ], [ 10.57779367884933, 46.515260809809639 ], [ 10.574919762685631, 46.514638457103452 ], [ 10.574605574454282, 46.514985673308466 ], [ 10.575381045966248, 46.515084527653116 ], [ 10.576574201745238, 46.516506314854759 ], [ 10.577154144095628, 46.516284012690164 ] ] ] } },
{ "type": "Feature", "properties": { "HOM_ID": 12.0, "NAME_D": "Suldenferner", "NAME_IT": "Vedretta di Solda", "REGION": "Ortlergruppe", "ALT_MIN": 2710.0, "ALT_MAX": 2723.0, "ALT_MEDIAN": 2716.0, "area_km2": 0.00127409 }, "geometry": { "type": "Polygon", "coordinates": [ [ [ 10.595639079550971, 46.481881154185068 ], [ 10.596075718917946, 46.481747904690522 ], [ 10.596005718681401, 46.481475997333447 ], [ 10.595639079550971, 46.481881154185068 ] ] ] } },
{ "type": "Feature", "properties": { "HOM_ID": 12.0, "NAME_D": "Suldenferner", "NAME_IT": "Vedretta di Solda", "REGION": "Ortlergruppe", "ALT_MIN": 2989.0, "ALT_MAX": 3277.0, "ALT_MEDIAN": 3114.0, "area_km2": 0.055435 }, "geometry": { "type": "Polygon", "coordinates": [ [ [ 10.555890735674913, 46.495045776293374 ], [ 10.557514729820069, 46.494926040688803 ], [ 10.557223636799765, 46.494753797501915 ], [ 10.559263117002667, 46.494444233058438 ], [ 10.560005448971365, 46.493998351497453 ], [ 10.560025437973092, 46.493612326846872 ], [ 10.560697272721267, 46.493565061061034 ], [ 10.560399012250937, 46.493232788774677 ], [ 10.561371528232414, 46.493180819927566 ], [ 10.561961108340318, 46.492699508289242 ], [ 10.558756341101361, 46.493333413929506 ], [ 10.55777002053742, 46.493203983448723 ], [ 10.557725998167923, 46.492628336467163 ], [ 10.556706283648568, 46.492777949269147 ], [ 10.556879642567786, 46.492932747939648 ], [ 10.556142162231165, 46.493215511277803 ], [ 10.556674819873821, 46.494732694685709 ], [ 10.555890735674913, 46.495045776293374 ] ] ] } },
{ "type": "Feature", "properties": { "HOM_ID": 12.0, "NAME_D": "Suldenferner", "NAME_IT": "Vedretta di Solda", "REGION": "Ortlergruppe", "ALT_MIN": 2731.0, "ALT_MAX": 3367.0, "ALT_MEDIAN": 3071.0, "area_km2": 0.257332 }, "geometry": { "type": "Polygon", "coordinates": [ [ [ 10.57465554572852, 46.487250357074529 ], [ 10.574989603111474, 46.486880244430274 ], [ 10.577050811532049, 46.486296225286232 ], [ 10.57694704876258, 46.485986197478468 ], [ 10.575970549241978, 46.485716298011589 ], [ 10.576487387996091, 46.485468673578509 ], [ 10.576397783525481, 46.484515052530782 ], [ 10.577141374326484, 46.484412343936107 ], [ 10.576935726258744, 46.483948532186631 ], [ 10.575759013918258, 46.484402100741441 ], [ 10.574505194950092, 46.484417781239621 ], [ 10.574374722358401, 46.483838568160451 ], [ 10.574896121508649, 46.484107606045512 ], [ 10.575717025724648, 46.483646252972406 ], [ 10.573558779580743, 46.483575961854562 ], [ 10.572209112650706, 46.483154006536225 ], [ 10.571679234612777, 46.482769346911297 ], [ 10.572174840321605, 46.482024365360708 ], [ 10.57119095471945, 46.481554507042247 ], [ 10.568587251338299, 46.482233173271851 ], [ 10.568225042338014, 46.483303485862486 ], [ 10.568644191576437, 46.483973994237417 ], [ 10.569512569325557, 46.48420257813919 ], [ 10.569619941749279, 46.484579713903763 ], [ 10.569978382540208, 46.484577174613982 ], [ 10.569181556573708, 46.484861541253053 ], [ 10.568680757078248, 46.484618405642031 ], [ 10.569196197740515, 46.484513186870494 ], [ 10.569093620021793, 46.484141247969838 ], [ 10.568450356489592, 46.484428671750784 ], [ 10.568326996244767, 46.484094616368573 ], [ 10.567974555301573, 46.484245892563067 ], [ 10.568152321454596, 46.483954139979204 ], [ 10.567260952667272, 46.484244960082343 ], [ 10.569076706741251, 46.48499156390158 ], [ 10.569884751326473, 46.485795882072345 ], [ 10.569854383019628, 46.486417789077485 ], [ 10.570998445498283, 46.487004325026284 ], [ 10.57465554572852, 46.487250357074529 ] ], [ [ 10.574299342319618, 46.486417494942742 ], [ 10.57473281585256, 46.486386523314941 ], [ 10.574228502891945, 46.486650635749562 ], [ 10.574299342319618, 46.486417494942742 ] ], [ [ 10.575782924846058, 46.485743424177237 ], [ 10.57571856048923, 46.485663350274869 ], [ 10.57579836692395, 46.485681300312415 ], [ 10.575782924846058, 46.485743424177237 ] ] ] } },
{ "type": "Feature", "properties": { "HOM_ID": 12.0, "NAME_D": "Suldenferner", "NAME_IT": "Vedretta di Solda", "REGION": "Ortlergruppe", "ALT_MIN": 2442.0, "ALT_MAX": 3683.0, "ALT_MEDIAN": 2865.0, "area_km2": 4.67439 }, "geometry": { "type": "Polygon", "coordinates": [ [ [ 10.547929071335156, 46.508053670824168 ], [ 10.548231090619186, 46.507759078889897 ], [ 10.548594624211596, 46.508051804005163 ], [ 10.548519723289834, 46.507478954449638 ], [ 10.548929962136086, 46.507594838033803 ], [ 10.548703363750141, 46.506841798988184 ], [ 10.549288498180253, 46.506711672405935 ], [ 10.548792934410521, 46.5063906579282 ], [ 10.548899589612452, 46.505797459786265 ], [ 10.54952149843349, 46.504988958325512 ], [ 10.550821301348668, 46.504968035835319 ], [ 10.550730333850845, 46.504497795960901 ], [ 10.5529610227454, 46.503996051415477 ], [ 10.553163223472044, 46.503515997253238 ], [ 10.554437623368177, 46.50334152392719 ], [ 10.55550200196862, 46.502574597934206 ], [ 10.558041597777232, 46.50228801703873 ], [ 10.559814355506314, 46.500325890664854 ], [ 10.560606469913397, 46.500517483600134 ], [ 10.566658347641022, 46.498565465040052 ], [ 10.567539894822215, 46.498812457799431 ], [ 10.572939046950344, 46.498311611606276 ], [ 10.572848897299782, 46.498629073257099 ], [ 10.574188317759825, 46.498625763244483 ], [ 10.57403093283313, 46.49909845079911 ], [ 10.577935180967881, 46.499283656223938 ], [ 10.579169552772264, 46.498804667072527 ], [ 10.5799909760145, 46.497804099084533 ], [ 10.581743663296038, 46.496892420092564 ], [ 10.58188150999942, 46.4964440419187 ], [ 10.581469462151734, 46.49635449335215 ], [ 10.581163991834831, 46.496831442902064 ], [ 10.578812972751045, 46.49719485083984 ], [ 10.579357805427742, 46.496958138382446 ], [ 10.578756918152814, 46.496747366056255 ], [ 10.579938733377078, 46.496381086581451 ], [ 10.578711364980853, 46.496084396008072 ], [ 10.578364987640695, 46.495731999558551 ], [ 10.57934763962662, 46.496091603559158 ], [ 10.580997794208768, 46.495994770295454 ], [ 10.581105113556294, 46.49577183632595 ], [ 10.578371094789834, 46.49511942751505 ], [ 10.578005143951115, 46.494593722190231 ], [ 10.578833580120993, 46.493864002997896 ], [ 10.579771706471597, 46.493815328604761 ], [ 10.580464430223849, 46.493031871837339 ], [ 10.581376661130594, 46.492986560652639 ], [ 10.581846246315733, 46.492530575642448 ], [ 10.580665697306891, 46.492838595185233 ], [ 10.580256697878351, 46.491811904891243 ], [ 10.578003837852682, 46.491551319341632 ], [ 10.578672169567749, 46.49126528254898 ], [ 10.578065109733396, 46.490305064409824 ], [ 10.578326343104997, 46.489950233333403 ], [ 10.582190705665397, 46.489746697108217 ], [ 10.583567093166222, 46.489418090624888 ], [ 10.585590821727795, 46.490132502368688 ], [ 10.587203015770548, 46.489869160254003 ], [ 10.589133900597762, 46.490202736276025 ], [ 10.589165015582575, 46.489661297688855 ], [ 10.589553504907238, 46.489553031036586 ], [ 10.58898173947016, 46.489050450672494 ], [ 10.58906511301497, 46.488514726956275 ], [ 10.590339326318528, 46.487656763195908 ], [ 10.589652512651398, 46.486896712935398 ], [ 10.588751033942852, 46.486625022889861 ], [ 10.588975846037352, 46.486105657335692 ], [ 10.5886341464367, 46.485505464177344 ], [ 10.588083196135686, 46.486414991916646 ], [ 10.586456319001556, 46.485092928504137 ], [ 10.58666951680623, 46.48442892069086 ], [ 10.588195449570337, 46.484447027698288 ], [ 10.587225002789909, 46.483260382090492 ], [ 10.586646401144222, 46.483100537603008 ], [ 10.587016226262499, 46.48354902288937 ], [ 10.585926198997702, 46.484034310777204 ], [ 10.584607389563073, 46.483657833031806 ], [ 10.584788671040808, 46.483074905068158 ], [ 10.58569471072536, 46.482818273086501 ], [ 10.586256045571441, 46.482265790097379 ], [ 10.586659896772955, 46.482373294328362 ], [ 10.586833719221611, 46.481228506337558 ], [ 10.58767720934395, 46.479790980765095 ], [ 10.587512073485566, 46.477546783653551 ], [ 10.588073240891784, 46.476457930047118 ], [ 10.588565620266971, 46.478098399457004 ], [ 10.588906184712318, 46.47819367761074 ], [ 10.589233025942997, 46.477817670416847 ], [ 10.590630007097001, 46.478207335257764 ], [ 10.591222911498056, 46.478918205952553 ], [ 10.591763365664493, 46.480902789071436 ], [ 10.592502998102534, 46.480651394547756 ], [ 10.592452435445304, 46.481375600122384 ], [ 10.593189944219136, 46.481039579918324 ], [ 10.593417319433284, 46.481465858652669 ], [ 10.594136653441346, 46.481664187076838 ], [ 10.594911343383624, 46.481279537315658 ], [ 10.59520662156261, 46.48147543903773 ], [ 10.596094159721824, 46.480907045480066 ], [ 10.596380813974658, 46.481562158478837 ], [ 10.596701753539934, 46.480749977017453 ], [ 10.596849359519465, 46.481510040702375 ], [ 10.59712341935122, 46.48126333222708 ], [ 10.59738907474437, 46.481506789099043 ], [ 10.598672737457477, 46.481229538095903 ], [ 10.598940013142323, 46.482277266392089 ], [ 10.598646932119108, 46.482509958894696 ], [ 10.598002365804158, 46.48240854038567 ], [ 10.598606951417155, 46.482807273147095 ], [ 10.598488081021205, 46.483838741070109 ], [ 10.59917716897486, 46.483385609101902 ], [ 10.599788740799598, 46.48223192007675 ], [ 10.601441810539207, 46.481138019419745 ], [ 10.603361420305026, 46.481242084960179 ], [ 10.602847679209571, 46.480533501153438 ], [ 10.602902437775059, 46.47981599430036 ], [ 10.602362208322571, 46.479730699901701 ], [ 10.602712254785436, 46.479678170154287 ], [ 10.602381525665233, 46.479449448501327 ], [ 10.601712522874047, 46.479439295441999 ], [ 10.601883143817505, 46.479263078558674 ], [ 10.601404754146543, 46.479405506414224 ], [ 10.601705645642284, 46.478265463440536 ], [ 10.600665433518163, 46.478408138106424 ], [ 10.600031162961656, 46.477583597082699 ], [ 10.60086928137588, 46.477367084114185 ], [ 10.601050072752816, 46.476950225262584 ], [ 10.604359477021656, 46.474950666791628 ], [ 10.605364430473912, 46.474807025072607 ], [ 10.604043863423803, 46.473851648834604 ], [ 10.604051287009936, 46.472931451146131 ], [ 10.603378639118546, 46.471621226504517 ], [ 10.602958577409733, 46.471517581379523 ], [ 10.603082116998671, 46.471030085712094 ], [ 10.602241794432992, 46.470815649601143 ], [ 10.601427917374219, 46.469740272898207 ], [ 10.600009153518478, 46.469072920754542 ], [ 10.599218465862803, 46.469022070518541 ], [ 10.600907448021555, 46.468915094931795 ], [ 10.601064517734672, 46.468512854709978 ], [ 10.600053000568618, 46.468393666313908 ], [ 10.598788745467031, 46.468999505346567 ], [ 10.597961521528843, 46.468877721522432 ], [ 10.597472638715237, 46.46945179312295 ], [ 10.59827080809883, 46.469404922183138 ], [ 10.595631615055257, 46.470066447054478 ], [ 10.595610140545389, 46.470628708875239 ], [ 10.59445080069346, 46.469903733720848 ], [ 10.593550142212861, 46.470147710915874 ], [ 10.593464722964951, 46.470432739788116 ], [ 10.592848363786912, 46.470380369100312 ], [ 10.59261504959154, 46.470888432435224 ], [ 10.592912181837628, 46.471362675694252 ], [ 10.592066919620068, 46.471095847762768 ], [ 10.592558345250994, 46.472858826854619 ], [ 10.590640040428832, 46.473616554566256 ], [ 10.591259916483576, 46.473717464495955 ], [ 10.592240418821492, 46.474720109194109 ], [ 10.592175745394082, 46.475791633732236 ], [ 10.590744539152826, 46.475597721858115 ], [ 10.590108138040268, 46.474930314612408 ], [ 10.590305351305267, 46.474695961216305 ], [ 10.589845060869088, 46.47458377815741 ], [ 10.590605290243253, 46.474213883725554 ], [ 10.589693530944359, 46.473487440610555 ], [ 10.589515394864558, 46.473761372492291 ], [ 10.590283341071688, 46.474212646788352 ], [ 10.588425984835499, 46.474651362051858 ], [ 10.587860965633055, 46.475133066014095 ], [ 10.587901368181818, 46.474626263584959 ], [ 10.587495645360185, 46.474541411477311 ], [ 10.587748343429224, 46.473157287238109 ], [ 10.587221882013193, 46.472831229289412 ], [ 10.587474690740764, 46.472161937566462 ], [ 10.586903594489295, 46.471841259542622 ], [ 10.585789009818308, 46.472149609779969 ], [ 10.585506697161946, 46.471922548158183 ], [ 10.584110832696668, 46.472039523673672 ], [ 10.583429005182449, 46.472415670993094 ], [ 10.582842290519935, 46.472149956190222 ], [ 10.58252011495404, 46.472330623676662 ], [ 10.583913570966233, 46.473080456147571 ], [ 10.583502142452042, 46.473511118028028 ], [ 10.583905797314598, 46.473762696750754 ], [ 10.582815485491546, 46.474196883531242 ], [ 10.583075576862461, 46.47377657492877 ], [ 10.582518750723564, 46.473472346000023 ], [ 10.581415748004972, 46.473587615532182 ], [ 10.582184519977599, 46.473950828626784 ], [ 10.582061674358863, 46.474231127793864 ], [ 10.583678400744404, 46.474596882105729 ], [ 10.583871364203437, 46.475200937706965 ], [ 10.583348019786307, 46.475101031564151 ], [ 10.583497432885258, 46.475499003062787 ], [ 10.582814387951677, 46.475086036916075 ], [ 10.582185050406945, 46.475538600472667 ], [ 10.581305275874964, 46.475365751095644 ], [ 10.581071678070291, 46.475035614635765 ], [ 10.581390565226522, 46.47474069889347 ], [ 10.580943578967835, 46.474777835224849 ], [ 10.580983191295594, 46.474360579496093 ], [ 10.580173631877003, 46.474493209721736 ], [ 10.578997988283113, 46.474012574496861 ], [ 10.577929212898075, 46.474120194596466 ], [ 10.577456573656059, 46.475051284953281 ], [ 10.578162962207488, 46.475927341623844 ], [ 10.580155275964449, 46.476788536412819 ], [ 10.581720901531094, 46.478128138989682 ], [ 10.582882303746354, 46.478240652268475 ], [ 10.58375543983081, 46.478673845514805 ], [ 10.583473110370086, 46.479634994200275 ], [ 10.582105385301873, 46.480253985539292 ], [ 10.582964928735164, 46.481295052562992 ], [ 10.583245599279483, 46.483929287413019 ], [ 10.582617177682961, 46.484488040557615 ], [ 10.579966550227702, 46.484974739659478 ], [ 10.577353883157642, 46.485995072357532 ], [ 10.577519514447598, 46.486453626830915 ], [ 10.574798082999651, 46.487119771638021 ], [ 10.574796688374743, 46.487310285767428 ], [ 10.576644383909334, 46.487425314915832 ], [ 10.57654075718227, 46.488283137815777 ], [ 10.57547999514142, 46.488916865941178 ], [ 10.572016574357836, 46.489981570700508 ], [ 10.571374939192564, 46.489824659294385 ], [ 10.568973830718415, 46.490553261140782 ], [ 10.56813966335841, 46.491110470855737 ], [ 10.568076663948851, 46.490789874880399 ], [ 10.566436804887864, 46.490625138208621 ], [ 10.565865838561139, 46.489993108957954 ], [ 10.564258818071398, 46.490458599421324 ], [ 10.565477578263625, 46.489828765363868 ], [ 10.565799352710423, 46.488701749253927 ], [ 10.567041692427962, 46.488984761250236 ], [ 10.569571532068696, 46.48854288275453 ], [ 10.570380331611503, 46.487776942107018 ], [ 10.569427611172079, 46.487494754500965 ], [ 10.567659281370425, 46.487501865798897 ], [ 10.567284191221345, 46.487285556912354 ], [ 10.567574492380926, 46.486950592334871 ], [ 10.567232732553562, 46.486574286975262 ], [ 10.566791267578447, 46.486677350205838 ], [ 10.566843571456184, 46.486998093637638 ], [ 10.566648143683514, 46.486795394335381 ], [ 10.566152653095719, 46.486948028755855 ], [ 10.565688565380686, 46.487594327796842 ], [ 10.564560947376165, 46.487193054343841 ], [ 10.565948032234855, 46.485974544083078 ], [ 10.566154236633912, 46.484601346645313 ], [ 10.566679892775063, 46.484299474511559 ], [ 10.566310363636623, 46.484486102095445 ], [ 10.565661564718418, 46.484250914798963 ], [ 10.564903701080102, 46.483463988360036 ], [ 10.563813830793197, 46.483324120409456 ], [ 10.563845966754497, 46.48372372067162 ], [ 10.562547002076462, 46.483143798939921 ], [ 10.561645328592238, 46.483075156304459 ], [ 10.560014196108158, 46.483656047295213 ], [ 10.560436683876251, 46.483964599016396 ], [ 10.560094596896899, 46.48429787078107 ], [ 10.558286158231589, 46.484586840671916 ], [ 10.557620216970744, 46.486497053861576 ], [ 10.558074911791438, 46.486663250428833 ], [ 10.559380130182786, 46.489332396705876 ], [ 10.561199541015819, 46.490264808266225 ], [ 10.561525174855237, 46.489957951073222 ], [ 10.562638285216256, 46.491187510394241 ], [ 10.563974413680564, 46.491268629355694 ], [ 10.56462859125034, 46.491899029025774 ], [ 10.56360062086468, 46.491759502720122 ], [ 10.563351149092362, 46.492077230283861 ], [ 10.564143323399557, 46.492830757710301 ], [ 10.564024589429851, 46.493150825639482 ], [ 10.561618024754456, 46.494595757100939 ], [ 10.559410085800945, 46.495163519666107 ], [ 10.559579599699781, 46.494942138277167 ], [ 10.558899129163855, 46.494899030987121 ], [ 10.556063796490573, 46.495221008694102 ], [ 10.555324944897814, 46.495790638141798 ], [ 10.554168315836796, 46.495977808342779 ], [ 10.553060105550697, 46.495807132532931 ], [ 10.555279368591114, 46.496937410314167 ], [ 10.555322048636112, 46.497224952505931 ], [ 10.554341838148883, 46.497312096664928 ], [ 10.553299319663303, 46.498238254728726 ], [ 10.552662478616748, 46.498275478278458 ], [ 10.55262001204755, 46.498842775616744 ], [ 10.552108077659394, 46.499149754284261 ], [ 10.550589567724442, 46.498982241340642 ], [ 10.547847684667072, 46.500848705247058 ], [ 10.547876918427272, 46.500511967503094 ], [ 10.546495012109654, 46.500724134710822 ], [ 10.547073649902341, 46.500457354562414 ], [ 10.547038765826617, 46.500139343471346 ], [ 10.54601793525935, 46.500620455908297 ], [ 10.545306370528607, 46.501459093540966 ], [ 10.545640190230515, 46.501703177734868 ], [ 10.545257158999464, 46.501839795040524 ], [ 10.545723485116035, 46.501722053762272 ], [ 10.545876441909819, 46.501935721126195 ], [ 10.545563415725491, 46.501841371102614 ], [ 10.545183413742976, 46.502157964969918 ], [ 10.545992177827655, 46.501971326274422 ], [ 10.546769942179514, 46.502933767515657 ], [ 10.547384130192277, 46.503068328934809 ], [ 10.547176351725954, 46.503675582795005 ], [ 10.546756070002834, 46.503751512771586 ], [ 10.547719395153312, 46.503806104689346 ], [ 10.547881274099812, 46.504042031754175 ], [ 10.547144855390775, 46.504583000213692 ], [ 10.548357657661761, 46.504302274800253 ], [ 10.548757057511809, 46.504523078671966 ], [ 10.547853718746833, 46.505521117198953 ], [ 10.548188032386902, 46.507578692054452 ], [ 10.547816591467644, 46.507978995442478 ], [ 10.547363900243989, 46.507947023209589 ], [ 10.547929071335156, 46.508053670824168 ] ], [ [ 10.548398590096218, 46.506735286285092 ], [ 10.548579000294193, 46.506651882875843 ], [ 10.548622261183098, 46.506717970509989 ], [ 10.548398590096218, 46.506735286285092 ] ], [ [ 10.548388179604377, 46.506490165296761 ], [ 10.548593734471257, 46.506442139457086 ], [ 10.548505118744826, 46.50660049780484 ], [ 10.548388179604377, 46.506490165296761 ] ], [ [ 10.54702159624331, 46.500901554176359 ], [ 10.546842066392355, 46.500954582764919 ], [ 10.546814525920729, 46.500895425743067 ], [ 10.54702159624331, 46.500901554176359 ] ], [ [ 10.566591632093493, 46.492224862610499 ], [ 10.565791868871061, 46.491832595624707 ], [ 10.566386814630036, 46.49138988188534 ], [ 10.566926550467997, 46.491575958375222 ], [ 10.566316300363832, 46.491185470130347 ], [ 10.567847794651447, 46.491391524477699 ], [ 10.568662659308107, 46.491026028671392 ], [ 10.568331247760948, 46.491586461261456 ], [ 10.566591632093493, 46.492224862610499 ] ], [ [ 10.56468509316135, 46.486623443059642 ], [ 10.564325990224468, 46.486723603117021 ], [ 10.564277164596648, 46.486343281245375 ], [ 10.56468509316135, 46.486623443059642 ] ], [ [ 10.564099609572922, 46.486162358164528 ], [ 10.563285470641416, 46.485902036198823 ], [ 10.563329384398685, 46.485629980126255 ], [ 10.564130520862696, 46.485797613961481 ], [ 10.564099609572922, 46.486162358164528 ] ], [ [ 10.564191950253424, 46.483888053328315 ], [ 10.563854120122262, 46.48388791127762 ], [ 10.563912461290577, 46.483758529489506 ], [ 10.564191950253424, 46.483888053328315 ] ], [ [ 10.590710424195271, 46.476628335718637 ], [ 10.590925861040349, 46.475943047445938 ], [ 10.592965772980586, 46.47660948041289 ], [ 10.593840498326831, 46.477764075882867 ], [ 10.593856739178918, 46.478973177376425 ], [ 10.592865160874494, 46.479720400944736 ], [ 10.591829171237146, 46.479182391445597 ], [ 10.591976350129082, 46.478079437587454 ], [ 10.591390202703721, 46.477718511678688 ], [ 10.590774467082571, 46.477879475771971 ], [ 10.590652802920182, 46.477253009948249 ], [ 10.589784173536538, 46.477015064581011 ], [ 10.590087578903049, 46.476663191356444 ], [ 10.590710424195271, 46.476628335718637 ] ], [ [ 10.59457072278969, 46.47667338902064 ], [ 10.594583803423381, 46.476885133092686 ], [ 10.59419043780408, 46.476988246418955 ], [ 10.594181221418458, 46.476790736462185 ], [ 10.59457072278969, 46.47667338902064 ] ], [ [ 10.583527471064917, 46.474146546845439 ], [ 10.583783574635397, 46.473945360585368 ], [ 10.583792129758779, 46.47412145033455 ], [ 10.583527471064917, 46.474146546845439 ] ], [ [ 10.596009552522142, 46.475407316924063 ], [ 10.595770140809623, 46.474527711659718 ], [ 10.59633532614078, 46.473936430829021 ], [ 10.597155872237357, 46.474063081472067 ], [ 10.59744835802401, 46.473811351823336 ], [ 10.598215144822628, 46.474103049281119 ], [ 10.598227785672158, 46.474652451649661 ], [ 10.597020116514713, 46.474724091884049 ], [ 10.596796950074401, 46.475224878582154 ], [ 10.596009552522142, 46.475407316924063 ] ], [ [ 10.597087118859278, 46.473421357348975 ], [ 10.596390076366635, 46.473911139411754 ], [ 10.596379216257374, 46.47353982550289 ], [ 10.597087118859278, 46.473421357348975 ] ], [ [ 10.599632893509668, 46.473732379683504 ], [ 10.599335988127763, 46.472950738399341 ], [ 10.597898785157438, 46.472420774764664 ], [ 10.598292702947363, 46.471925933799703 ], [ 10.599556773104336, 46.472722627045158 ], [ 10.600381921050671, 46.472653932895554 ], [ 10.600318565929145, 46.473490618529354 ], [ 10.599632893509668, 46.473732379683504 ] ], [ [ 10.594813518802599, 46.472002192633163 ], [ 10.594457777154014, 46.472141453631423 ], [ 10.594298261863285, 46.472060811487722 ], [ 10.594813518802599, 46.472002192633163 ] ], [ [ 10.598828051669523, 46.471792544675743 ], [ 10.599165372909559, 46.471689603256735 ], [ 10.598933407035481, 46.471859531007823 ], [ 10.598828051669523, 46.471792544675743 ] ], [ [ 10.599286297102932, 46.471699817851935 ], [ 10.599350803595627, 46.471695939407866 ], [ 10.599279165927374, 46.471750517918977 ], [ 10.599286297102932, 46.471699817851935 ] ], [ [ 10.597758038798032, 46.471590216550283 ], [ 10.597490487061, 46.471721944073337 ], [ 10.597222841142871, 46.471556022770294 ], [ 10.597758038798032, 46.471590216550283 ] ] ] } },
{ "type": "Feature", "properties": { "HOM_ID": 12.0, "NAME_D": "Suldenferner", "NAME_IT": "Vedretta di Solda", "REGION": "Ortlergruppe", "ALT_MIN": 3321.0, "ALT_MAX": 3773.0, "ALT_MEDIAN": 3566.0, "area_km2": 0.0774634 }, "geometry": { "type": "Polygon", "coordinates": [ [ [ 10.570295384675381, 46.478876852127847 ], [ 10.572490467343224, 46.478497604797738 ], [ 10.573112736520848, 46.477843742521138 ], [ 10.573759288991035, 46.478032485268336 ], [ 10.574152284814852, 46.477317480857401 ], [ 10.573622376712413, 46.476989978827312 ], [ 10.573803623421696, 46.476820800785219 ], [ 10.575104048527528, 46.476646332960733 ], [ 10.574900832855334, 46.476919992384815 ], [ 10.575574662499516, 46.47776272988348 ], [ 10.576657762285411, 46.477372763167551 ], [ 10.576782675858725, 46.477073391687746 ], [ 10.575983638890843, 46.476557569005088 ], [ 10.574411645890327, 46.476129773778503 ], [ 10.575566295698781, 46.475775877839389 ], [ 10.573408384586701, 46.476113073520487 ], [ 10.57223013214524, 46.476938884800404 ], [ 10.571513110783847, 46.476756103040287 ], [ 10.570849275265893, 46.477043823518912 ], [ 10.569707200689512, 46.478320585369673 ], [ 10.570122123975732, 46.478605393855773 ], [ 10.57040592981912, 46.478406238766738 ], [ 10.570295384675381, 46.478876852127847 ] ] ] } },
{ "type": "Feature", "properties": { "HOM_ID": 11.0, "NAME_D": "Suldenferner", "NAME_IT": "Vedretta di Solda", "REGION": "Ortlergruppe", "ALT_MIN": 3335.0, "ALT_MAX": 3566.0, "ALT_MEDIAN": 3468.0, "area_km2": 0.0741328 }, "geometry": { "type": "Polygon", "coordinates": [ [ [ 10.555067767932707, 46.50780987738748 ], [ 10.556388704177886, 46.507003433393884 ], [ 10.557365299654633, 46.505754543673255 ], [ 10.557324972773548, 46.505247227218668 ], [ 10.553755010610432, 46.505524976346948 ], [ 10.552279674034725, 46.506298892931774 ], [ 10.552190283218211, 46.506793010654761 ], [ 10.553063300719273, 46.507174051815603 ], [ 10.552249853655237, 46.507068418544144 ], [ 10.552201202581845, 46.507297672489685 ], [ 10.55301219302579, 46.507413816933969 ], [ 10.553354873118186, 46.507821106486041 ], [ 10.553973857988661, 46.507274550152943 ], [ 10.555067767932707, 46.50780987738748 ] ] ] } },
{ "type": "Feature", "properties": { "HOM_ID": 12.0, "NAME_D": "Suldenferner", "NAME_IT": "Vedretta di Solda", "REGION": "Ortlergruppe", "ALT_MIN": 2809.0, "ALT_MAX": 2977.0, "ALT_MEDIAN": 2883.0, "area_km2": 0.0275106 }, "geometry": { "type": "Polygon", "coordinates": [ [ [ 10.6052559913498, 46.483305928982155 ], [ 10.605096207217004, 46.48314744165237 ], [ 10.606405916496204, 46.482671861446342 ], [ 10.605932923401609, 46.481885568708428 ], [ 10.605281335012833, 46.482234037571367 ], [ 10.604718409022592, 46.482081207535522 ], [ 10.603398278124851, 46.483081967703484 ], [ 10.602329706999438, 46.483318396818134 ], [ 10.603380563573154, 46.483710850080556 ], [ 10.6052559913498, 46.483305928982155 ] ] ] } },
{ "type": "Feature", "properties": { "HOM_ID": 12.0, "NAME_D": "Suldenferner", "NAME_IT": "Vedretta di Solda", "REGION": "Ortlergruppe", "ALT_MIN": 3537.0, "ALT_MAX": 3855.0, "ALT_MEDIAN": 3784.0, "area_km2": 0.0247626 }, "geometry": { "type": "Polygon", "coordinates": [ [ [ 10.568429516542146, 46.480955517112569 ], [ 10.568869444080756, 46.479908672312909 ], [ 10.568203382355378, 46.479304941473934 ], [ 10.569443772424496, 46.479200021571977 ], [ 10.569671659701042, 46.479696583482344 ], [ 10.569865100288645, 46.478953616119703 ], [ 10.569479779486642, 46.478811271564076 ], [ 10.568498115664497, 46.478682293639743 ], [ 10.566937278127192, 46.479063252478348 ], [ 10.566151474204357, 46.479666934114015 ], [ 10.567050129969834, 46.479752250974201 ], [ 10.567166529339628, 46.479124403286306 ], [ 10.567526495198621, 46.479536176998991 ], [ 10.567658437041041, 46.479329586006763 ], [ 10.567870882989737, 46.480365348584577 ], [ 10.568429516542146, 46.480955517112569 ] ], [ [ 10.568243776441991, 46.480419102593018 ], [ 10.568270247370021, 46.480380640897387 ], [ 10.568302284710576, 46.480415918839775 ], [ 10.568243776441991, 46.480419102593018 ] ], [ [ 10.568394709066563, 46.479859834322248 ], [ 10.568299898159966, 46.479871136108144 ], [ 10.568305197878512, 46.479839630877663 ], [ 10.568394709066563, 46.479859834322248 ] ], [ [ 10.568400228357447, 46.479764034522738 ], [ 10.568314302663953, 46.479796644670976 ], [ 10.568378282463897, 46.479720045928048 ], [ 10.568400228357447, 46.479764034522738 ] ], [ [ 10.568189009602415, 46.479466901995544 ], [ 10.56811922733405, 46.479413567934017 ], [ 10.568217336705318, 46.4794450823982 ], [ 10.568189009602415, 46.479466901995544 ] ], [ [ 10.569370531185156, 46.478861045664893 ], [ 10.569285310945169, 46.478822211297519 ], [ 10.569386138767531, 46.4788284476356 ], [ 10.569370531185156, 46.478861045664893 ] ] ] } },
{ "type": "Feature", "properties": { "HOM_ID": 12.0, "NAME_D": "Suldenferner", "NAME_IT": "Vedretta di Solda", "REGION": "Ortlergruppe", "ALT_MIN": 3242.0, "ALT_MAX": 3365.0, "ALT_MEDIAN": 3341.0, "area_km2": 0.00991695 }, "geometry": { "type": "Polygon", "coordinates": [ [ [ 10.589092918861423, 46.47230595281281 ], [ 10.59032801774927, 46.47193517462653 ], [ 10.591008197554538, 46.472036438330193 ], [ 10.591104756924373, 46.472688732604475 ], [ 10.591102391072827, 46.471720810041312 ], [ 10.591473065235368, 46.471490628775683 ], [ 10.5910447119766, 46.471160841281467 ], [ 10.591448261228088, 46.470994494898001 ], [ 10.590926760328776, 46.471016038936334 ], [ 10.589092918861423, 46.47230595281281 ] ] ] } },
{ "type": "Feature", "properties": { "HOM_ID": 12.0, "NAME_D": "Suldenferner", "NAME_IT": "Vedretta di Solda", "REGION": "Ortlergruppe", "ALT_MIN": 3206.0, "ALT_MAX": 3241.0, "ALT_MEDIAN": 3225.0, "area_km2": 0.00207898 }, "geometry": { "type": "Polygon", "coordinates": [ [ [ 10.588479655267054, 46.47285677698796 ], [ 10.588796564458367, 46.473528510373214 ], [ 10.589049962210916, 46.473513815084672 ], [ 10.588479655267054, 46.47285677698796 ] ] ] } },
{ "type": "Feature", "properties": { "HOM_ID": 13.0, "NAME_D": "Zebruferner", "NAME_IT": "Vedretta de Lo Zebru", "REGION": "Ortlergruppe", "ALT_MIN": 3522.0, "ALT_MAX": 3620.0, "ALT_MEDIAN": 3574.0, "area_km2": 0.00348003 }, "geometry": { "type": "Polygon", "coordinates": [ [ [ 10.543737749351621, 46.492683616658013 ], [ 10.54504379239612, 46.493025537167441 ], [ 10.545183823542217, 46.492856961993951 ], [ 10.544465093276301, 46.492557117554313 ], [ 10.543737749351621, 46.492683616658013 ] ] ] } },
{ "type": "Feature", "properties": { "HOM_ID": 13.0, "NAME_D": "Zebruferner", "NAME_IT": "Vedretta de Lo Zebru", "REGION": "Ortlergruppe", "ALT_MIN": 3080.0, "ALT_MAX": 3731.0, "ALT_MEDIAN": 3346.0, "area_km2": 0.627998 }, "geometry": { "type": "Polygon", "coordinates": [ [ [ 10.54443522619931, 46.498486367527434 ], [ 10.545681057180458, 46.497550399577712 ], [ 10.546253239958679, 46.497482658572665 ], [ 10.546153430500695, 46.497245889782633 ], [ 10.547409533845856, 46.496795524068432 ], [ 10.548074843057059, 46.495757372735682 ], [ 10.549021516430633, 46.495704072457478 ], [ 10.5484730299688, 46.495209071190253 ], [ 10.549369306133107, 46.494231599529229 ], [ 10.549338565531595, 46.493309228623382 ], [ 10.550082050486697, 46.493022935045452 ], [ 10.549844299547681, 46.49242133681966 ], [ 10.547273329848762, 46.492701414907316 ], [ 10.546922667258453, 46.492858555087793 ], [ 10.547270820368206, 46.493099106505582 ], [ 10.546670404954247, 46.493402464140758 ], [ 10.545206303547687, 46.493099757172537 ], [ 10.545126281005846, 46.493439363315048 ], [ 10.543583066957156, 46.494220000288102 ], [ 10.543933241348396, 46.494867121554833 ], [ 10.544327240136779, 46.494778460305071 ], [ 10.544589513262002, 46.495060660345011 ], [ 10.544087483599354, 46.494987075294929 ], [ 10.542815430899886, 46.495652223721422 ], [ 10.541479663201748, 46.495358302373674 ], [ 10.540690168275386, 46.495483238407452 ], [ 10.540102166115291, 46.494929199846055 ], [ 10.540684899154384, 46.494092553611104 ], [ 10.541795257327504, 46.494325376222925 ], [ 10.542369135868375, 46.493769965209964 ], [ 10.54384895998523, 46.493916679411235 ], [ 10.542556957430861, 46.493584081199785 ], [ 10.542332168694736, 46.493194218307245 ], [ 10.542621955081302, 46.493078393353265 ], [ 10.540739265602596, 46.492086496790947 ], [ 10.539505829620657, 46.492055485743307 ], [ 10.538903045677442, 46.492533882833158 ], [ 10.53836602188513, 46.492288107155517 ], [ 10.537731712725142, 46.492634442502315 ], [ 10.536996771990941, 46.49249192691925 ], [ 10.536865577073616, 46.492042691201988 ], [ 10.537581570487609, 46.491722302039094 ], [ 10.535660790865434, 46.491890401642166 ], [ 10.53266435078943, 46.492721737110259 ], [ 10.530101373727081, 46.494031458346221 ], [ 10.530182628956711, 46.49451929111251 ], [ 10.529758706854064, 46.494894046053773 ], [ 10.531552344495736, 46.495126729074428 ], [ 10.53241112473216, 46.494552670295406 ], [ 10.532550922069957, 46.494006101012886 ], [ 10.533465552667526, 46.49388668718035 ], [ 10.533390763841663, 46.494599068051329 ], [ 10.534408727265282, 46.495088437983895 ], [ 10.534646332727323, 46.495851792152884 ], [ 10.535618956950016, 46.496793112942164 ], [ 10.537686743407534, 46.497979634424013 ], [ 10.540122403597419, 46.498392138317364 ], [ 10.543018745335253, 46.498267371776322 ], [ 10.543390752307479, 46.498009946275062 ], [ 10.54443522619931, 46.498486367527434 ] ] ] } },
{ "type": "Feature", "properties": { "HOM_ID": 14.0, "NAME_D": "Ebenwandferner", "NAME_IT": "Vedretta del Madriccio", "REGION": "Ortlergruppe", "ALT_MIN": 2734.0, "ALT_MAX": 3186.0, "ALT_MEDIAN": 2945.0, "area_km2": 0.430949 }, "geometry": { "type": "Polygon", "coordinates": [ [ [ 10.628531111391649, 46.494867561477818 ], [ 10.627942768892098, 46.494614841759457 ], [ 10.62848522139392, 46.493850257161199 ], [ 10.627896535089702, 46.493187144528029 ], [ 10.627497575092047, 46.493335694419891 ], [ 10.627731699579986, 46.493035903978821 ], [ 10.62714564388785, 46.492032716000622 ], [ 10.624952301238054, 46.491897221451197 ], [ 10.624181937072207, 46.491541184878052 ], [ 10.62369241860044, 46.490848067664487 ], [ 10.622979765102624, 46.49122965020009 ], [ 10.622985901055362, 46.490972394326029 ], [ 10.621723415234477, 46.490718849974314 ], [ 10.622142767507501, 46.490456210134077 ], [ 10.621787437158384, 46.490332666230145 ], [ 10.620133453480658, 46.490594231027622 ], [ 10.620262922074781, 46.490078059029635 ], [ 10.619877625647849, 46.489873973812927 ], [ 10.620184101576591, 46.489745809709838 ], [ 10.61981623335539, 46.489431942254825 ], [ 10.620107085106678, 46.489242088565547 ], [ 10.619462969104651, 46.488913083694854 ], [ 10.618728786092422, 46.489266370527638 ], [ 10.618210288697158, 46.488987966065231 ], [ 10.618216985318961, 46.488516395818031 ], [ 10.617389790431091, 46.48852333700664 ], [ 10.616563259954219, 46.48808736063809 ], [ 10.618603197966562, 46.488287097740582 ], [ 10.619255465689378, 46.488658854268252 ], [ 10.620370152477893, 46.488581153239771 ], [ 10.621034804801553, 46.488905099226358 ], [ 10.621151060455244, 46.489336827954979 ], [ 10.621815972445651, 46.489205164889938 ], [ 10.624518776009195, 46.490128800212808 ], [ 10.626943944311153, 46.489524105977864 ], [ 10.626013154913714, 46.488089779588769 ], [ 10.624269517013563, 46.487961767683174 ], [ 10.623556360832408, 46.487282540154105 ], [ 10.62340490889081, 46.487927612274895 ], [ 10.621552473266021, 46.488113277070227 ], [ 10.620493832896257, 46.487640140279602 ], [ 10.620440402573202, 46.486746641174314 ], [ 10.619813160325998, 46.486683140288164 ], [ 10.618787641107456, 46.486889109893795 ], [ 10.618579040829102, 46.487352823236954 ], [ 10.61734425483341, 46.48704168997623 ], [ 10.615438614609721, 46.487300792839534 ], [ 10.614288074367972, 46.488365210682865 ], [ 10.612714221047709, 46.487896297826076 ], [ 10.611903498840729, 46.488095842509175 ], [ 10.608938040310182, 46.486852994330711 ], [ 10.609012350562006, 46.485982814530232 ], [ 10.608826285348531, 46.48575207512657 ], [ 10.608269767312175, 46.485871820045425 ], [ 10.608759766819045, 46.48565419185821 ], [ 10.607924398684615, 46.48450511137753 ], [ 10.606414036884665, 46.485266888703975 ], [ 10.607224984063127, 46.485587669965 ], [ 10.605769603448342, 46.486386765358702 ], [ 10.607025960561151, 46.48760852516606 ], [ 10.608040761566006, 46.487826424883281 ], [ 10.608923933625004, 46.487087739900602 ], [ 10.608921637039607, 46.487302078845779 ], [ 10.609534880906889, 46.487347026139922 ], [ 10.608876231975851, 46.488100416181439 ], [ 10.610050872891389, 46.488185083756079 ], [ 10.609661237121996, 46.488708477863945 ], [ 10.609991785179353, 46.488494975280773 ], [ 10.611179845400951, 46.488520963735148 ], [ 10.611275911239387, 46.488738679408918 ], [ 10.611594921144917, 46.488567500400563 ], [ 10.611888418959042, 46.488929728233167 ], [ 10.613278675426326, 46.489076806228987 ], [ 10.612697062551016, 46.489461237643312 ], [ 10.613700672114859, 46.489823307565629 ], [ 10.61517983737137, 46.489711938964014 ], [ 10.616038727739916, 46.490076031503463 ], [ 10.617790007333767, 46.48976589448521 ], [ 10.618174051172677, 46.490160500396165 ], [ 10.620748022426204, 46.490809830101462 ], [ 10.622446391136883, 46.491077964931172 ], [ 10.622267052017879, 46.491655566369225 ], [ 10.620240576868627, 46.49185574269395 ], [ 10.622685515400766, 46.492481258934681 ], [ 10.623744244749071, 46.492468977889942 ], [ 10.624406001245564, 46.493013732517099 ], [ 10.623923090125311, 46.49300630434746 ], [ 10.624479039700613, 46.493150803293211 ], [ 10.623832119278969, 46.493193328511651 ], [ 10.62408791101792, 46.493446864585479 ], [ 10.625480439849014, 46.493665196582661 ], [ 10.625090247881166, 46.493761227679038 ], [ 10.626108115943209, 46.494087676379792 ], [ 10.62599830848834, 46.49456785696691 ], [ 10.628460655739289, 46.494932857238069 ], [ 10.628460123078762, 46.495261468967342 ], [ 10.628531111391649, 46.494867561477818 ] ] ] } },
{ "type": "Feature", "properties": { "HOM_ID": 14.0, "NAME_D": "Ebenwandferner", "NAME_IT": "Vedretta del Madriccio", "REGION": "Ortlergruppe", "ALT_MIN": 3041.0, "ALT_MAX": 3109.0, "ALT_MEDIAN": 3089.0, "area_km2": 0.0267015 }, "geometry": { "type": "Polygon", "coordinates": [ [ [ 10.623678707339931, 46.49992881244227 ], [ 10.627634240589446, 46.498157888158111 ], [ 10.628451310090609, 46.498153398560859 ], [ 10.628277022232714, 46.49774393519855 ], [ 10.627504397371945, 46.49764301871155 ], [ 10.626491038225028, 46.498233683919693 ], [ 10.625924934096149, 46.498213160327218 ], [ 10.624815698190877, 46.499134015277313 ], [ 10.62211648805121, 46.499505702541775 ], [ 10.623678707339931, 46.49992881244227 ] ] ] } },
{ "type": "Feature", "properties": { "HOM_ID": 14.0, "NAME_D": "Ebenwandferner", "NAME_IT": "Vedretta del Madriccio", "REGION": "Ortlergruppe", "ALT_MIN": 3064.0, "ALT_MAX": 3085.0, "ALT_MEDIAN": 3077.0, "area_km2": 0.00242561 }, "geometry": { "type": "Polygon", "coordinates": [ [ [ 10.626086780055175, 46.49785476801717 ], [ 10.62634098302377, 46.497313957448632 ], [ 10.626220609278567, 46.497069931386733 ], [ 10.625832515843587, 46.49774599189 ], [ 10.626086780055175, 46.49785476801717 ] ] ] } },
{ "type": "Feature", "properties": { "HOM_ID": 37.0, "NAME_D": "Butzenferner", "NAME_IT": "Vedretta del Pozzo", "REGION": "Ortlergruppe", "ALT_MIN": 3020.0, "ALT_MAX": 3198.0, "ALT_MEDIAN": 3100.0, "area_km2": 0.0525786 }, "geometry": { "type": "Polygon", "coordinates": [ [ [ 10.625361046535859, 46.484743576032791 ], [ 10.627677783839326, 46.483803338442854 ], [ 10.627055509078803, 46.483743734995201 ], [ 10.627643597536599, 46.483524035025859 ], [ 10.62821649445881, 46.482506600440345 ], [ 10.630386061460364, 46.481546278762181 ], [ 10.626851739119534, 46.482132463589679 ], [ 10.625914046490708, 46.482841188782466 ], [ 10.626200768994789, 46.483208576787881 ], [ 10.625861293836351, 46.48365059097096 ], [ 10.624654767058182, 46.484084448262784 ], [ 10.624570348476725, 46.484642895751549 ], [ 10.62408031655827, 46.484857020311338 ], [ 10.625165871340318, 46.485166834194963 ], [ 10.625361046535859, 46.484743576032791 ] ] ] } },
{ "type": "Feature", "properties": { "HOM_ID": 36.0, "NAME_D": "Butzenferner", "NAME_IT": "Vedretta del Pozzo", "REGION": "Ortlergruppe", "ALT_MIN": 3065.0, "ALT_MAX": 3148.0, "ALT_MEDIAN": 3100.0, "area_km2": 0.00582672 }, "geometry": { "type": "Polygon", "coordinates": [ [ [ 10.626610103789302, 46.48775031280443 ], [ 10.627489077376223, 46.487654038225408 ], [ 10.628731298436003, 46.487114344868289 ], [ 10.628388096246312, 46.48688873361764 ], [ 10.626610103789302, 46.48775031280443 ] ] ] } },
{ "type": "Feature", "properties": { "HOM_ID": 15.0, "NAME_D": "Schoentaufferner", "NAME_IT": "Vedretta Beltovo", "REGION": "Ortlergruppe", "ALT_MIN": 3098.0, "ALT_MAX": 3283.0, "ALT_MEDIAN": 3212.0, "area_km2": 0.0706664 }, "geometry": { "type": "Polygon", "coordinates": [ [ [ 10.628823586911961, 46.505479323396138 ], [ 10.629799910910767, 46.504684383573448 ], [ 10.630447309465405, 46.504734208379951 ], [ 10.630312966694129, 46.504393233019869 ], [ 10.631296741536458, 46.504079174695718 ], [ 10.630281611700507, 46.503390725366607 ], [ 10.627643713099824, 46.503280668773428 ], [ 10.626386445090064, 46.502958047679002 ], [ 10.626193407031053, 46.503191768475844 ], [ 10.625571608108331, 46.502993588357803 ], [ 10.624666762894126, 46.503364578363055 ], [ 10.624630130395555, 46.503616551361581 ], [ 10.625660807011712, 46.503209484817333 ], [ 10.626137975342212, 46.504293139540053 ], [ 10.625851718686725, 46.504523422596598 ], [ 10.62663242572321, 46.504452790407761 ], [ 10.627239955531362, 46.504703695622652 ], [ 10.626723235602178, 46.504850886055564 ], [ 10.628823586911961, 46.505479323396138 ] ], [ [ 10.627539814703356, 46.504582751237088 ], [ 10.627341983683218, 46.504540324143001 ], [ 10.627302786346252, 46.504498020718856 ], [ 10.627539814703356, 46.504582751237088 ] ], [ [ 10.627240881590748, 46.504503663392512 ], [ 10.627281924617851, 46.504607851532555 ], [ 10.627140775435054, 46.504500326090593 ], [ 10.627240881590748, 46.504503663392512 ] ] ] } },
{ "type": "Feature", "properties": { "HOM_ID": 15.0, "NAME_D": "Schoentaufferner", "NAME_IT": "Vedretta Beltovo", "REGION": "Ortlergruppe", "ALT_MIN": 2746.0, "ALT_MAX": 3136.0, "ALT_MEDIAN": 2950.0, "area_km2": 0.167036 }, "geometry": { "type": "Polygon", "coordinates": [ [ [ 10.625059526948958, 46.508889150524666 ], [ 10.628443006530176, 46.508523963886098 ], [ 10.629116478407266, 46.508671530090432 ], [ 10.629660790414858, 46.508420893382016 ], [ 10.629350895614216, 46.508668190297293 ], [ 10.629803173339397, 46.5087998532494 ], [ 10.632770068711963, 46.507339591211291 ], [ 10.633538127268521, 46.507363744484778 ], [ 10.633044219548408, 46.507799411860496 ], [ 10.635240931990918, 46.508025188583815 ], [ 10.636244943836761, 46.506612725170136 ], [ 10.636756444492645, 46.506419672291322 ], [ 10.635508515492994, 46.505446954572157 ], [ 10.634857756750112, 46.505711046940867 ], [ 10.634042904807307, 46.505563154416897 ], [ 10.63466374684698, 46.505911459062602 ], [ 10.634632136394833, 46.506352429799179 ], [ 10.63273390847464, 46.505628340687522 ], [ 10.631350019739751, 46.505710001427936 ], [ 10.631484329682289, 46.505358051530735 ], [ 10.631312002199133, 46.505246213397108 ], [ 10.629975339299694, 46.505246224009554 ], [ 10.629408346150331, 46.505694565882884 ], [ 10.631355618763054, 46.50543608580977 ], [ 10.630455232032107, 46.505887064599584 ], [ 10.630534141460943, 46.506298596948106 ], [ 10.629382985970787, 46.507590842737166 ], [ 10.628033904282045, 46.507800551783028 ], [ 10.626841246445125, 46.507142698511963 ], [ 10.624661567202926, 46.507254646312255 ], [ 10.624270023069199, 46.507740730858991 ], [ 10.624625091830891, 46.507735686976488 ], [ 10.625059526948958, 46.508889150524666 ] ], [ [ 10.628155512572739, 46.508375424855792 ], [ 10.628920312967971, 46.50829012078124 ], [ 10.62809367458339, 46.508325705209685 ], [ 10.628180832416191, 46.508068486842191 ], [ 10.629127547784748, 46.508156203704146 ], [ 10.628915518242728, 46.508418177801737 ], [ 10.628155512572739, 46.508375424855792 ] ] ] } },
{ "type": "Feature", "properties": { "HOM_ID": 15.0, "NAME_D": "Schoentaufferner", "NAME_IT": "Vedretta Beltovo", "REGION": "Ortlergruppe", "ALT_MIN": 3178.0, "ALT_MAX": 3224.0, "ALT_MEDIAN": 3209.0, "area_km2": 0.00765639 }, "geometry": { "type": "Polygon", "coordinates": [ [ [ 10.621607840504016, 46.503912148297296 ], [ 10.624201545292877, 46.503942646603129 ], [ 10.624206142479755, 46.503749705334165 ], [ 10.623780361365814, 46.503494615812883 ], [ 10.623098332089425, 46.503751941302987 ], [ 10.622805872991474, 46.503565597354651 ], [ 10.623024040255816, 46.503202466781737 ], [ 10.621607840504016, 46.503912148297296 ] ] ] } },
{ "type": "Feature", "properties": { "HOM_ID": 15.0, "NAME_D": "Schoentaufferner", "NAME_IT": "Vedretta Beltovo", "REGION": "Ortlergruppe", "ALT_MIN": 3094.0, "ALT_MAX": 3137.0, "ALT_MEDIAN": 3116.0, "area_km2": 0.00269791 }, "geometry": { "type": "Polygon", "coordinates": [ [ [ 10.631931740076521, 46.505095634957755 ], [ 10.631344526499163, 46.504487287022741 ], [ 10.630802384481758, 46.504578360958831 ], [ 10.631931740076521, 46.505095634957755 ] ] ] } },
{ "type": "Feature", "properties": { "HOM_ID": 16.0, "NAME_D": "Plattenferner", "NAME_IT": "Vedretta delle Laste", "REGION": "Ortlergruppe", "ALT_MIN": 2872.0, "ALT_MAX": 3046.0, "ALT_MEDIAN": 2977.0, "area_km2": 0.0384791 }, "geometry": { "type": "Polygon", "coordinates": [ [ [ 10.631686025490723, 46.510837732759086 ], [ 10.633524561238195, 46.511122704989248 ], [ 10.633403308233069, 46.510183870325228 ], [ 10.634912248088851, 46.510243266918351 ], [ 10.635088445781584, 46.509563539889086 ], [ 10.634324994231287, 46.508486253227929 ], [ 10.633376727183613, 46.508375979847372 ], [ 10.632582699440176, 46.509039762820969 ], [ 10.63316951147868, 46.509365899942132 ], [ 10.631686025490723, 46.510837732759086 ] ] ] } },
{ "type": "Feature", "properties": { "HOM_ID": 17.0, "NAME_D": "Pederferner", "NAME_IT": "Vedretta di Peder di Dentro", "REGION": "Ortlergruppe", "ALT_MIN": 2992.0, "ALT_MAX": 3172.0, "ALT_MEDIAN": 3079.0, "area_km2": 0.0790233 }, "geometry": { "type": "Polygon", "coordinates": [ [ [ 10.639463755154823, 46.517055987767769 ], [ 10.639463094552138, 46.516250513503451 ], [ 10.640345249335216, 46.516428357419315 ], [ 10.640157439947432, 46.516147690610552 ], [ 10.639638831670641, 46.516221801131486 ], [ 10.639546617092909, 46.515334942802767 ], [ 10.637978701160398, 46.514373984372938 ], [ 10.638690103242462, 46.513477803956533 ], [ 10.637712706137034, 46.513089981607898 ], [ 10.636899666088402, 46.513006374829914 ], [ 10.63642611963272, 46.513891212816638 ], [ 10.636734860657551, 46.514126951867709 ], [ 10.634751811834688, 46.514876562178173 ], [ 10.636158792411051, 46.51475226311824 ], [ 10.63705037368984, 46.515153233828542 ], [ 10.636866727271448, 46.515670792375218 ], [ 10.635711845607327, 46.515547422971693 ], [ 10.634920064926348, 46.515886158068184 ], [ 10.637244738750736, 46.516198170586556 ], [ 10.637451388880498, 46.516475000393136 ], [ 10.63695051119768, 46.516600012711216 ], [ 10.636990654120938, 46.51689711271721 ], [ 10.639463755154823, 46.517055987767769 ] ], [ [ 10.639046343039142, 46.516147118428499 ], [ 10.639041778459285, 46.516145758296538 ], [ 10.639047294443051, 46.516145679236779 ], [ 10.639046343039142, 46.516147118428499 ] ], [ [ 10.636614140023795, 46.514543575752633 ], [ 10.636440033406105, 46.514534637724779 ], [ 10.63661874100308, 46.514513030552841 ], [ 10.636614140023795, 46.514543575752633 ] ], [ [ 10.636015223541353, 46.514538810768649 ], [ 10.636187314674837, 46.514572542810356 ], [ 10.636010279283477, 46.514557931210277 ], [ 10.636015223541353, 46.514538810768649 ] ], [ [ 10.637701334431062, 46.513212742282995 ], [ 10.637850120576696, 46.513481113341648 ], [ 10.637471564131967, 46.513555112459194 ], [ 10.63746210126518, 46.513423807021596 ], [ 10.637701334431062, 46.513212742282995 ] ] ] } },
{ "type": "Feature", "properties": { "HOM_ID": 18.0, "NAME_D": "Rosimferner", "NAME_IT": "Vedretta di Rosim", "REGION": "Ortlergruppe", "ALT_MIN": 3005.0, "ALT_MAX": 3401.0, "ALT_MEDIAN": 3214.0, "area_km2": 0.527247 }, "geometry": { "type": "Polygon", "coordinates": [ [ [ 10.636143399783922, 46.529914231383991 ], [ 10.637724452128738, 46.5299439865544 ], [ 10.638787025122426, 46.528909621588156 ], [ 10.639915073050519, 46.529019216237387 ], [ 10.640100625131732, 46.529338013724235 ], [ 10.642243996066757, 46.528654305942744 ], [ 10.642347254897473, 46.528188494259609 ], [ 10.642608538141756, 46.52861573456682 ], [ 10.642280401672188, 46.529175260884841 ], [ 10.643200594661764, 46.529371586102798 ], [ 10.645650248012938, 46.52937445961534 ], [ 10.646503056229994, 46.528874202491565 ], [ 10.646991776235721, 46.528036134265136 ], [ 10.645963874045156, 46.52695797354535 ], [ 10.646703849826586, 46.526245310330523 ], [ 10.647889110827416, 46.52653778990102 ], [ 10.647653714293819, 46.525826828260122 ], [ 10.647945248280921, 46.525884538276003 ], [ 10.646838397908404, 46.52503563921622 ], [ 10.646438774044546, 46.523227413072973 ], [ 10.645656869642137, 46.522738202872581 ], [ 10.645194600399032, 46.522852007479287 ], [ 10.644837746869483, 46.522458293424876 ], [ 10.644509812255853, 46.522451104037991 ], [ 10.644673241691562, 46.522722588812037 ], [ 10.644316392505317, 46.522614614771065 ], [ 10.64357289656896, 46.521696643479586 ], [ 10.641842320800265, 46.521600459338885 ], [ 10.63991122425306, 46.523456912635012 ], [ 10.638987670962289, 46.523489202546472 ], [ 10.638464297732565, 46.524439648494464 ], [ 10.639204743780789, 46.525200538907548 ], [ 10.637459787366014, 46.525814452336611 ], [ 10.637241184127951, 46.526289055113352 ], [ 10.637812430660096, 46.526359433682799 ], [ 10.637811448078455, 46.5265920594804 ], [ 10.636982447491272, 46.527012588610944 ], [ 10.635640830304906, 46.528573676124878 ], [ 10.636143399783922, 46.529914231383991 ] ] ] } },
{ "type": "Feature", "properties": { "HOM_ID": 19.0, "NAME_D": null, "NAME_IT": null, "REGION": "Ortlergruppe", "ALT_MIN": 3356.0, "ALT_MAX": 3399.0, "ALT_MEDIAN": 3370.0, "area_km2": 0.017987 }, "geometry": { "type": "Polygon", "coordinates": [ [ [ 10.638347843229242, 46.53496473100229 ], [ 10.638116149575319, 46.53402986822271 ], [ 10.638465944182391, 46.533843887738435 ], [ 10.635853847471539, 46.534297987660395 ], [ 10.63776283952371, 46.535361241845891 ], [ 10.638347843229242, 46.53496473100229 ] ] ] } },
{ "type": "Feature", "properties": { "HOM_ID": 19.0, "NAME_D": null, "NAME_IT": null, "REGION": "Ortlergruppe", "ALT_MIN": 3335.0, "ALT_MAX": 3356.0, "ALT_MEDIAN": 3345.0, "area_km2": 0.00111762 }, "geometry": { "type": "Polygon", "coordinates": [ [ [ 10.639731482734614, 46.533498099874599 ], [ 10.639771884926297, 46.533235591685802 ], [ 10.639672388518578, 46.533025093503809 ], [ 10.639431595183625, 46.533278568904102 ], [ 10.639731482734614, 46.533498099874599 ] ] ] } },
{ "type": "Feature", "properties": { "HOM_ID": 29.0, "NAME_D": "Laaserferner", "NAME_IT": "Vedretta Lasa", "REGION": "Ortlergruppe", "ALT_MIN": 2914.0, "ALT_MAX": 2931.0, "ALT_MEDIAN": 2921.0, "area_km2": 0.000431881 }, "geometry": { "type": "Polygon", "coordinates": [ [ [ 10.662834456531492, 46.545078901195325 ], [ 10.662877873692223, 46.544941113838568 ], [ 10.662497721042804, 46.545036649354678 ], [ 10.662833017181228, 46.545031774589283 ], [ 10.662659425272819, 46.545178597610899 ], [ 10.662834456531492, 46.545078901195325 ] ] ] } },
{ "type": "Feature", "properties": { "HOM_ID": 29.0, "NAME_D": "Laaserferner", "NAME_IT": "Vedretta Lasa", "REGION": "Ortlergruppe", "ALT_MIN": 3058.0, "ALT_MAX": 3141.0, "ALT_MEDIAN": 3095.0, "area_km2": 0.0127612 }, "geometry": { "type": "Polygon", "coordinates": [ [ [ 10.686363350107273, 46.539145219782945 ], [ 10.688344691556903, 46.539193372845027 ], [ 10.688536602446641, 46.538705375628545 ], [ 10.687731801220416, 46.539041690445757 ], [ 10.687060817039875, 46.538685486009079 ], [ 10.687559488697165, 46.538213798860895 ], [ 10.686010257786009, 46.538328920182579 ], [ 10.686363350107273, 46.539145219782945 ] ] ] } },
{ "type": "Feature", "properties": { "HOM_ID": 29.0, "NAME_D": "Laaserferner", "NAME_IT": "Vedretta Lasa", "REGION": "Ortlergruppe", "ALT_MIN": 2712.0, "ALT_MAX": 3381.0, "ALT_MEDIAN": 3153.0, "area_km2": 4.07616 }, "geometry": { "type": "Polygon", "coordinates": [ [ [ 10.667845003090612, 46.546662437589085 ], [ 10.667673842974425, 46.545581501572293 ], [ 10.668009810907567, 46.544997659422791 ], [ 10.667632974375831, 46.544074498440651 ], [ 10.66938902174577, 46.542819240959439 ], [ 10.669134262948983, 46.542096225783844 ], [ 10.671827727084841, 46.541816384158501 ], [ 10.671623457627256, 46.541457431481604 ], [ 10.672062659179751, 46.541150982699016 ], [ 10.672883032131377, 46.541929534899673 ], [ 10.673275818617627, 46.541909501469426 ], [ 10.67401656058178, 46.541478383414429 ], [ 10.674480963426532, 46.541543019533215 ], [ 10.674508301689913, 46.541085434071256 ], [ 10.675479178030335, 46.540754042356035 ], [ 10.675847761913168, 46.540284312470192 ], [ 10.675600714545149, 46.540666539608438 ], [ 10.676513481920431, 46.541003670391333 ], [ 10.678390314298394, 46.54297156371549 ], [ 10.679448400334893, 46.543151285452474 ], [ 10.679813839792716, 46.543631678169419 ], [ 10.681381484456196, 46.543325280953326 ], [ 10.681547380681808, 46.542439426800449 ], [ 10.681766073624786, 46.542604822835749 ], [ 10.682911472139976, 46.542147192452639 ], [ 10.683928745918662, 46.542201272448636 ], [ 10.683024240590527, 46.541631199635347 ], [ 10.683733674205079, 46.541361209236527 ], [ 10.685734907859437, 46.541900018288658 ], [ 10.686849825359388, 46.542921883509869 ], [ 10.687831906866515, 46.543014546272744 ], [ 10.686161753168047, 46.540974116201362 ], [ 10.689741169354596, 46.540273921406893 ], [ 10.687449405550268, 46.539702942664164 ], [ 10.684911902108455, 46.53978587755401 ], [ 10.684489323875928, 46.539623039049872 ], [ 10.68475920777705, 46.539311892092776 ], [ 10.68417631194027, 46.538777888053332 ], [ 10.684845947535056, 46.538003667448827 ], [ 10.685933376157182, 46.538130511439249 ], [ 10.687063624685734, 46.537717992370759 ], [ 10.687608767928412, 46.536602702389047 ], [ 10.68806331757262, 46.536462659455509 ], [ 10.687856290728073, 46.535793736345738 ], [ 10.688536675138845, 46.535569385981525 ], [ 10.688457803732843, 46.534683682020365 ], [ 10.687231549120956, 46.534194589789472 ], [ 10.687218688143911, 46.534559099232411 ], [ 10.686347205530897, 46.534383840912191 ], [ 10.68511500398278, 46.535054764671315 ], [ 10.684770766611329, 46.534969351824444 ], [ 10.684505552263511, 46.535542359380038 ], [ 10.686368113185075, 46.535519671228727 ], [ 10.685991588791167, 46.536063368192792 ], [ 10.684171717687429, 46.536775327668614 ], [ 10.682850024316719, 46.536882888178965 ], [ 10.682554806710822, 46.538355465244045 ], [ 10.681516785181744, 46.538599325117531 ], [ 10.680661760978737, 46.538288054374455 ], [ 10.679524751100148, 46.538611929912918 ], [ 10.678421331012348, 46.538189994060765 ], [ 10.67868573854174, 46.537924184161533 ], [ 10.678040911971834, 46.537714578985529 ], [ 10.679266971964516, 46.537414175021645 ], [ 10.681703248628109, 46.536171237602566 ], [ 10.681229800194973, 46.535085835120057 ], [ 10.681783177328374, 46.534988404225594 ], [ 10.68110366990782, 46.534912077276473 ], [ 10.679721858771378, 46.533549246597829 ], [ 10.678637417953507, 46.533068099306107 ], [ 10.678113606243665, 46.532304881407995 ], [ 10.677232273065815, 46.531835622027671 ], [ 10.676207491431347, 46.531945894885382 ], [ 10.676443660050362, 46.532192456468287 ], [ 10.67553986086692, 46.53323556074978 ], [ 10.674365522335755, 46.533139655185153 ], [ 10.673923096393915, 46.533619390374177 ], [ 10.673152583196659, 46.533106807952947 ], [ 10.672091315122346, 46.533378306021184 ], [ 10.670827955464395, 46.533104164864888 ], [ 10.670085963261691, 46.533379908592281 ], [ 10.669720452913474, 46.534400222155803 ], [ 10.669017824524444, 46.534970338425737 ], [ 10.669581409868153, 46.534944505647289 ], [ 10.668922919850258, 46.53525509786666 ], [ 10.669510786547448, 46.535612264903953 ], [ 10.669785083340345, 46.535465389958233 ], [ 10.669990159009155, 46.535909937761524 ], [ 10.672098763461069, 46.537269731494412 ], [ 10.672272648485015, 46.538313953320021 ], [ 10.67180477029919, 46.538618440988067 ], [ 10.66846174945287, 46.536703746810382 ], [ 10.665320810490391, 46.536673331111018 ], [ 10.664398364636012, 46.536420734617487 ], [ 10.665908485242575, 46.534392427590518 ], [ 10.667092421525473, 46.534125151289665 ], [ 10.66828287024415, 46.534442583443997 ], [ 10.669245893955368, 46.533249611377634 ], [ 10.669959429272199, 46.533227288253791 ], [ 10.669942097245578, 46.532887033156733 ], [ 10.672015999497123, 46.532590235976727 ], [ 10.671759727212319, 46.532334434791977 ], [ 10.672645315939242, 46.53057657853811 ], [ 10.670868699816896, 46.529571500790468 ], [ 10.668927863490183, 46.529453995157517 ], [ 10.667696462748536, 46.529942241809415 ], [ 10.666769449638041, 46.529244379601629 ], [ 10.665757241886766, 46.529384140309723 ], [ 10.66437815283709, 46.52885059598087 ], [ 10.662911256672839, 46.528830265543696 ], [ 10.662445324827988, 46.529206122261797 ], [ 10.661264601984994, 46.52937805750792 ], [ 10.661294910262447, 46.52980622902659 ], [ 10.661697080168727, 46.529842056370562 ], [ 10.661045106442476, 46.530524210029469 ], [ 10.660998172048483, 46.531106493896722 ], [ 10.661478398922906, 46.531438835384613 ], [ 10.661161749714001, 46.532086353379874 ], [ 10.661125226372924, 46.531313001419534 ], [ 10.660293543660361, 46.531476878851748 ], [ 10.660136685567203, 46.530999944459225 ], [ 10.660503427550296, 46.53086365532593 ], [ 10.660064769901499, 46.530762871620396 ], [ 10.65979689500597, 46.531171559255853 ], [ 10.659218839689972, 46.531025171718575 ], [ 10.659083776516324, 46.530404453584246 ], [ 10.6586964420244, 46.5303743542704 ], [ 10.658649236583827, 46.530636968977547 ], [ 10.65858917200036, 46.530364004399637 ], [ 10.657891099469827, 46.530326503001746 ], [ 10.657374582836102, 46.530586394691738 ], [ 10.656271842285085, 46.530033865419412 ], [ 10.654359043758452, 46.529674611531433 ], [ 10.652405674455824, 46.528687877514912 ], [ 10.652017485642215, 46.528984584941519 ], [ 10.650734206632512, 46.528534023563189 ], [ 10.648023115343829, 46.528617891717325 ], [ 10.64605717079762, 46.529516288251131 ], [ 10.645756366703489, 46.530065906707101 ], [ 10.641651571926477, 46.53196837142761 ], [ 10.641937788316339, 46.532707188138843 ], [ 10.643174176739214, 46.53320376413167 ], [ 10.643345408827111, 46.533561456124019 ], [ 10.642945631853486, 46.534177375835384 ], [ 10.639154752321383, 46.535704529860112 ], [ 10.638691442432389, 46.536712928658936 ], [ 10.638012308850437, 46.536963156729705 ], [ 10.6384463518622, 46.537757052618886 ], [ 10.63762439025623, 46.53911452280429 ], [ 10.638535895602079, 46.540049172967947 ], [ 10.640710564051675, 46.540495656953851 ], [ 10.641060074064386, 46.540871629281781 ], [ 10.64119188943411, 46.540436365135577 ], [ 10.641666804951853, 46.540324777043153 ], [ 10.643871446759219, 46.540426596635385 ], [ 10.643974119141118, 46.541267102340761 ], [ 10.644904549305918, 46.541646775530047 ], [ 10.64522154975721, 46.542430383418846 ], [ 10.646271778819909, 46.542970558296808 ], [ 10.647655095690885, 46.543181609861463 ], [ 10.647568241728072, 46.543618615814623 ], [ 10.647826352351288, 46.543252958652253 ], [ 10.649802521469118, 46.542676798676688 ], [ 10.650577680454761, 46.541836965806837 ], [ 10.649828793359299, 46.541721569493141 ], [ 10.649868971125246, 46.541316428863723 ], [ 10.648748882306586, 46.541078987810394 ], [ 10.64845658088152, 46.540485766482291 ], [ 10.649185740418559, 46.540406199096786 ], [ 10.649322663806482, 46.54071139541891 ], [ 10.649982391759908, 46.540530434861751 ], [ 10.651242847553025, 46.538495429409231 ], [ 10.652746301070405, 46.538347508605227 ], [ 10.654413933681187, 46.537487564704172 ], [ 10.654596893509929, 46.538603116644914 ], [ 10.656164068376214, 46.538735207339137 ], [ 10.657928042114976, 46.53980095560344 ], [ 10.65785300522138, 46.540419242923427 ], [ 10.658381644365722, 46.540554448210237 ], [ 10.658516249259868, 46.541257681057814 ], [ 10.657999848142211, 46.541343270973613 ], [ 10.657921633738356, 46.541675864233525 ], [ 10.658332886255671, 46.54257931784349 ], [ 10.659565377441981, 46.543470093944585 ], [ 10.659623875083428, 46.54415514148252 ], [ 10.660321072838022, 46.544808773320383 ], [ 10.660295507520379, 46.545526472176881 ], [ 10.661530005212208, 46.545267449787431 ], [ 10.661032404920464, 46.544935361418595 ], [ 10.661758298798917, 46.543984252802026 ], [ 10.6625785861224, 46.544053290696013 ], [ 10.66301763160539, 46.544530284514806 ], [ 10.663006799314912, 46.544175647527162 ], [ 10.663458206904529, 46.544040499423211 ], [ 10.663837342017439, 46.545154134204019 ], [ 10.664310021026472, 46.544811511393029 ], [ 10.665442799423293, 46.545148772694866 ], [ 10.666263045436747, 46.54488680163039 ], [ 10.667845003090612, 46.546662437589085 ] ], [ [ 10.676185938354291, 46.54020133794571 ], [ 10.675797507492828, 46.540026061150634 ], [ 10.676293681834494, 46.540002120938709 ], [ 10.676185938354291, 46.54020133794571 ] ], [ [ 10.684960780860022, 46.540103484694846 ], [ 10.685093809681796, 46.540031042575329 ], [ 10.685119409858387, 46.540055428912176 ], [ 10.684960780860022, 46.540103484694846 ] ], [ [ 10.675737918976592, 46.539995978986767 ], [ 10.674910839904983, 46.540031907641676 ], [ 10.67482536654836, 46.539721225609618 ], [ 10.673960360502059, 46.539645787160495 ], [ 10.673148835837077, 46.539064750745197 ], [ 10.676383478484199, 46.539107864988161 ], [ 10.676576694063607, 46.539331243404746 ], [ 10.675737918976592, 46.539995978986767 ] ], [ [ 10.676420361125031, 46.539745478190078 ], [ 10.676464761151193, 46.539730540300503 ], [ 10.67648266638075, 46.539751708785083 ], [ 10.676420361125031, 46.539745478190078 ] ], [ [ 10.676691161725648, 46.539686741420134 ], [ 10.676547101998128, 46.539715046176184 ], [ 10.676665917955903, 46.539651394447908 ], [ 10.676691161725648, 46.539686741420134 ] ], [ [ 10.678153672128802, 46.539092220368268 ], [ 10.677814266169115, 46.538856106717787 ], [ 10.678036719717211, 46.538656395655202 ], [ 10.678603897383045, 46.538865354181596 ], [ 10.678153672128802, 46.539092220368268 ] ], [ [ 10.678021128064266, 46.53857030746083 ], [ 10.677409920266093, 46.538472121147905 ], [ 10.677427262284574, 46.538334949012743 ], [ 10.678021128064266, 46.53857030746083 ] ], [ [ 10.645256141640704, 46.538347583823693 ], [ 10.645095687212443, 46.538518955727113 ], [ 10.645019157570877, 46.538498625636919 ], [ 10.645256141640704, 46.538347583823693 ] ], [ [ 10.645516147407813, 46.539301073942845 ], [ 10.645463899620365, 46.539056565359836 ], [ 10.644795330645977, 46.53919952866908 ], [ 10.645020381637487, 46.538653384649869 ], [ 10.64564712615978, 46.538611030887843 ], [ 10.645516147407813, 46.539301073942845 ] ], [ [ 10.644446367068538, 46.539459173422983 ], [ 10.644311056300999, 46.539549222359966 ], [ 10.644320254728944, 46.539510991732932 ], [ 10.644446367068538, 46.539459173422983 ] ], [ [ 10.644506657691304, 46.539627370056564 ], [ 10.644535047315379, 46.540110339403689 ], [ 10.644220874668422, 46.539991035574509 ], [ 10.644506657691304, 46.539627370056564 ] ], [ [ 10.643896858246285, 46.540117133594741 ], [ 10.644043309823561, 46.540167414579685 ], [ 10.643919710813389, 46.540188240092426 ], [ 10.643896858246285, 46.540117133594741 ] ], [ [ 10.644129469992533, 46.540163794600595 ], [ 10.644240133306637, 46.540171727945108 ], [ 10.644178550856708, 46.540303577647897 ], [ 10.644129469992533, 46.540163794600595 ] ], [ [ 10.680920788792378, 46.540504176796041 ], [ 10.681346151649217, 46.540645556555923 ], [ 10.680904354777358, 46.540642525838535 ], [ 10.680920788792378, 46.540504176796041 ] ], [ [ 10.681212150790319, 46.540776109703344 ], [ 10.682167526048501, 46.540871595022843 ], [ 10.682357330145805, 46.541206929504632 ], [ 10.681134080269219, 46.541153483239313 ], [ 10.681212150790319, 46.540776109703344 ] ] ] } },
{ "type": "Feature", "properties": { "HOM_ID": 32.0, "NAME_D": null, "NAME_IT": null, "REGION": "Ortlergruppe", "ALT_MIN": 2991.0, "ALT_MAX": 3110.0, "ALT_MEDIAN": 3048.0, "area_km2": 0.0549468 }, "geometry": { "type": "Polygon", "coordinates": [ [ [ 10.706149580919222, 46.544209164456092 ], [ 10.706025382934744, 46.543880034670664 ], [ 10.707119225545409, 46.543325565629978 ], [ 10.706726199069395, 46.54300759228417 ], [ 10.7030086147321, 46.544771744384626 ], [ 10.701420939007123, 46.546560421014654 ], [ 10.702370625549271, 46.54685584030765 ], [ 10.703340327343469, 46.546549707748845 ], [ 10.705271858856177, 46.544651502641742 ], [ 10.706149580919222, 46.544209164456092 ] ] ] } },
{ "type": "Feature", "properties": { "HOM_ID": 22.0, "NAME_D": "Zayferner", "NAME_IT": "Vedretta di Zai", "REGION": "Ortlergruppe", "ALT_MIN": 3326.0, "ALT_MAX": 3407.0, "ALT_MEDIAN": 3347.0, "area_km2": 0.00155453 }, "geometry": { "type": "Polygon", "coordinates": [ [ [ 10.647393597580693, 46.546631104711558 ], [ 10.647913107281285, 46.546463605734687 ], [ 10.648269898815647, 46.546210821658484 ], [ 10.647579352105453, 46.546474129312585 ], [ 10.647222470580214, 46.546267821927515 ], [ 10.647393597580693, 46.546631104711558 ] ] ] } },
{ "type": "Feature", "properties": { "HOM_ID": 22.0, "NAME_D": "Zayferner", "NAME_IT": "Vedretta di Zai", "REGION": "Ortlergruppe", "ALT_MIN": 3256.0, "ALT_MAX": 3503.0, "ALT_MEDIAN": 3414.0, "area_km2": 0.0452843 }, "geometry": { "type": "Polygon", "coordinates": [ [ [ 10.644915984392785, 46.545876469491489 ], [ 10.645897326196661, 46.545654796123955 ], [ 10.646976645639665, 46.545967859114526 ], [ 10.646929084017144, 46.546220947192658 ], [ 10.648172526030024, 46.545627783278476 ], [ 10.648139704792554, 46.544999627868961 ], [ 10.646782046205843, 46.544383413434865 ], [ 10.645840537661508, 46.544426969265629 ], [ 10.644215575552108, 46.545471389199513 ], [ 10.643421436129165, 46.546601953293816 ], [ 10.643853868868931, 46.54675051381205 ], [ 10.644915984392785, 46.545876469491489 ] ] ] } },
{ "type": "Feature", "properties": { "HOM_ID": 22.0, "NAME_D": "Zayferner", "NAME_IT": "Vedretta di Zai", "REGION": "Ortlergruppe", "ALT_MIN": 2872.0, "ALT_MAX": 3307.0, "ALT_MEDIAN": 3014.0, "area_km2": 0.335526 }, "geometry": { "type": "Polygon", "coordinates": [ [ [ 10.641468946400265, 46.554650088926714 ], [ 10.646090668297351, 46.55448210337844 ], [ 10.645424131457339, 46.554355968529116 ], [ 10.645585205883133, 46.554203637337089 ], [ 10.646999599128508, 46.554223122017738 ], [ 10.647496117916889, 46.553977853649691 ], [ 10.646914462845219, 46.55369096669844 ], [ 10.647384366191563, 46.553374250328403 ], [ 10.646692230814679, 46.552857980770995 ], [ 10.647142661368212, 46.55233517794732 ], [ 10.646441499110438, 46.551928887669249 ], [ 10.645104423757031, 46.55181823600492 ], [ 10.644848815208189, 46.55089802012899 ], [ 10.64462420735803, 46.55077504799911 ], [ 10.647020738259952, 46.551385856142595 ], [ 10.647392008079018, 46.550880463610483 ], [ 10.646925856598235, 46.550303314915318 ], [ 10.646075589063791, 46.55014887431112 ], [ 10.645472915083699, 46.548822506280288 ], [ 10.646264447080863, 46.547891388736474 ], [ 10.646196111833518, 46.546958358275916 ], [ 10.646969640021082, 46.546585601503125 ], [ 10.645408823537862, 46.54599694115673 ], [ 10.644410578132458, 46.546187307699135 ], [ 10.644537620990594, 46.546661634828844 ], [ 10.643342874452426, 46.546983599273275 ], [ 10.642520139148749, 46.547981777505221 ], [ 10.641211495394572, 46.548642607224323 ], [ 10.640445126538722, 46.549709491791461 ], [ 10.641057101232043, 46.550117416410352 ], [ 10.640760053633999, 46.550711017330542 ], [ 10.641170940262942, 46.551059915582343 ], [ 10.641145675721686, 46.5518246325069 ], [ 10.639796287735027, 46.553204587710084 ], [ 10.641320123980934, 46.553830821976554 ], [ 10.643256153287986, 46.554167239420849 ], [ 10.641468946400265, 46.554650088926714 ] ], [ [ 10.644796799426498, 46.551108668424192 ], [ 10.644708899664266, 46.551283757583761 ], [ 10.644386395119632, 46.551005036124479 ], [ 10.644796799426498, 46.551108668424192 ] ] ] } },
{ "type": "Feature", "properties": { "HOM_ID": 21.0, "NAME_D": "Zayferner", "NAME_IT": "Vedretta di Zai", "REGION": "Ortlergruppe", "ALT_MIN": 3064.0, "ALT_MAX": 3185.0, "ALT_MEDIAN": 3127.0, "area_km2": 0.0169618 }, "geometry": { "type": "Polygon", "coordinates": [ [ [ 10.640417392585505, 46.545536885242079 ], [ 10.642249799538289, 46.545189128812133 ], [ 10.642420132605336, 46.544829507100381 ], [ 10.642445587424859, 46.544300522045781 ], [ 10.641723571911793, 46.543875135580997 ], [ 10.64169638170172, 46.544518441322246 ], [ 10.641027824808486, 46.544320874880668 ], [ 10.640450870940475, 46.544586319052605 ], [ 10.641079433254928, 46.544830895719343 ], [ 10.640417392585505, 46.545536885242079 ] ] ] } },
{ "type": "Feature", "properties": { "HOM_ID": 21.0, "NAME_D": "Zayferner", "NAME_IT": "Vedretta di Zai", "REGION": "Ortlergruppe", "ALT_MIN": 2772.0, "ALT_MAX": 3482.0, "ALT_MEDIAN": 2988.0, "area_km2": 0.307557 }, "geometry": { "type": "Polygon", "coordinates": [ [ [ 10.6329057234415, 46.547260327626674 ], [ 10.634054080900889, 46.547115342501392 ], [ 10.635672843054094, 46.546315940257699 ], [ 10.637557858557047, 46.546158754306923 ], [ 10.639022041758423, 46.546876239479367 ], [ 10.639711240793764, 46.546727061200102 ], [ 10.638775204647597, 46.545383211912615 ], [ 10.638797494409669, 46.544853975233835 ], [ 10.640259422729013, 46.543693031950745 ], [ 10.640662859084443, 46.542571150513545 ], [ 10.64155937892169, 46.541974898970963 ], [ 10.640859277762114, 46.541645629368517 ], [ 10.638047773682453, 46.542313075193654 ], [ 10.636485421120135, 46.542171141836235 ], [ 10.636032860499668, 46.539513086570594 ], [ 10.635490219341774, 46.539024374353552 ], [ 10.634685555633146, 46.539807378769552 ], [ 10.634499056900129, 46.540863422135516 ], [ 10.634968492926703, 46.541817803927998 ], [ 10.636497117222854, 46.542560295210954 ], [ 10.636349057715144, 46.542973166370778 ], [ 10.634789803838036, 46.543570935430949 ], [ 10.632511514691002, 46.543725276739615 ], [ 10.631270577484875, 46.544233505312384 ], [ 10.629241460867052, 46.544467211099864 ], [ 10.62870279062887, 46.544886707180204 ], [ 10.626853391570464, 46.545188055153837 ], [ 10.626480240426499, 46.545693407977936 ], [ 10.626599998315985, 46.546063167080192 ], [ 10.62867164834763, 46.545230039166761 ], [ 10.628959947825248, 46.545868848112356 ], [ 10.629906428424912, 46.545390678101342 ], [ 10.630062492841438, 46.545934931920677 ], [ 10.631370691338947, 46.545366227975961 ], [ 10.631282391635217, 46.545874676738606 ], [ 10.631663340582742, 46.545976394123748 ], [ 10.633032539126356, 46.544853179512124 ], [ 10.634148832459326, 46.544925536140056 ], [ 10.634892602692554, 46.545214932518007 ], [ 10.634875735857706, 46.545515201203322 ], [ 10.632846719633141, 46.54690399470168 ], [ 10.6329057234415, 46.547260327626674 ] ] ] } },
{ "type": "Feature", "properties": { "HOM_ID": 21.0, "NAME_D": "Zayferner", "NAME_IT": "Vedretta di Zai", "REGION": "Ortlergruppe", "ALT_MIN": 3249.0, "ALT_MAX": 3316.0, "ALT_MEDIAN": 3270.0, "area_km2": 0.00742612 }, "geometry": { "type": "Polygon", "coordinates": [ [ [ 10.643111417411705, 46.543100849893143 ], [ 10.642967909250197, 46.54291956209363 ], [ 10.643877127983393, 46.542744576708891 ], [ 10.642809604672761, 46.542362261301292 ], [ 10.64208722905313, 46.54266790110303 ], [ 10.642139820506657, 46.543038607750162 ], [ 10.643111417411705, 46.543100849893143 ] ] ] } },
{ "type": "Feature", "properties": { "HOM_ID": 28.0, "NAME_D": "Angelusferner Grosser", "NAME_IT": "Vedretta dell  Angelo", "REGION": "Ortlergruppe", "ALT_MIN": 3125.0, "ALT_MAX": 3372.0, "ALT_MEDIAN": 3292.0, "area_km2": 0.120575 }, "geometry": { "type": "Polygon", "coordinates": [ [ [ 10.656320742267612, 46.54517882046521 ], [ 10.657722190565721, 46.544805188781709 ], [ 10.657338823047056, 46.54454595929824 ], [ 10.657390364520429, 46.54382816267762 ], [ 10.656701808406693, 46.543428578392799 ], [ 10.655439047045011, 46.543296552680403 ], [ 10.655414804415665, 46.542924845903144 ], [ 10.655148406699285, 46.543101336405257 ], [ 10.654547293058931, 46.542767741678745 ], [ 10.654605521725625, 46.542412699577433 ], [ 10.653819607756484, 46.542385373531488 ], [ 10.653822486288149, 46.541912074514897 ], [ 10.653392062145727, 46.54208498049578 ], [ 10.653076535645129, 46.541779989588825 ], [ 10.652219769845992, 46.541834041168066 ], [ 10.650893130505915, 46.542382117640557 ], [ 10.65074906279542, 46.543454255899235 ], [ 10.651808151510005, 46.544124740215139 ], [ 10.654380572543966, 46.545079551139501 ], [ 10.656320742267612, 46.54517882046521 ] ] ] } },
{ "type": "Feature", "properties": { "HOM_ID": 27.0, "NAME_D": "Ofenwandferner", "NAME_IT": "Vedretta del Forno", "REGION": "Ortlergruppe", "ALT_MIN": 2870.0, "ALT_MAX": 3307.0, "ALT_MEDIAN": 3145.0, "area_km2": 0.301069 }, "geometry": { "type": "Polygon", "coordinates": [ [ [ 10.655656911209597, 46.553717138650882 ], [ 10.6564564360272, 46.55278334609266 ], [ 10.65677529005297, 46.552826350872508 ], [ 10.65660179896058, 46.553023167850881 ], [ 10.657022905559284, 46.55288753133712 ], [ 10.656804244829598, 46.552598291962219 ], [ 10.658135369305761, 46.552514232035982 ], [ 10.65782789144995, 46.552210090999395 ], [ 10.656632629901278, 46.552221696654414 ], [ 10.656570705372825, 46.55178683951187 ], [ 10.656978701762096, 46.551923798661861 ], [ 10.657027019122287, 46.551696888266719 ], [ 10.655363694737543, 46.549777466567981 ], [ 10.655992700798043, 46.54881279726802 ], [ 10.657299403147841, 46.548819466267588 ], [ 10.657236112897101, 46.54900790065993 ], [ 10.657961619190601, 46.548663425939132 ], [ 10.656455792486009, 46.547849972314388 ], [ 10.655934841210392, 46.548650445763229 ], [ 10.655501686390648, 46.548706721786736 ], [ 10.655031734989564, 46.548233797003171 ], [ 10.655909782219378, 46.547940108716034 ], [ 10.655362164910752, 46.547750400137353 ], [ 10.655445897968558, 46.547439636117993 ], [ 10.655145892934067, 46.547674951532819 ], [ 10.655111571340528, 46.546697422745822 ], [ 10.654528825371736, 46.546146280295488 ], [ 10.65479510221085, 46.545823351222118 ], [ 10.653275121639322, 46.546058687616195 ], [ 10.652228094509718, 46.54567378256656 ], [ 10.651128815173626, 46.545670609335488 ], [ 10.65074599421135, 46.545792812989255 ], [ 10.650918750371671, 46.546254647707336 ], [ 10.649646964958064, 46.546993898367937 ], [ 10.649506968035308, 46.54823948381361 ], [ 10.649975183162628, 46.549373654182475 ], [ 10.651472739727311, 46.550807408591446 ], [ 10.652691904265922, 46.55101572977366 ], [ 10.652726023582474, 46.551428964163414 ], [ 10.65430552033621, 46.552153218516203 ], [ 10.654803383039667, 46.55345803871154 ], [ 10.655656911209597, 46.553717138650882 ] ] ] } },
{ "type": "Feature", "properties": { "HOM_ID": 23.0, "NAME_D": "Angelusferner Kleiner", "NAME_IT": "Vedretta dell Angelo Piccolo", "REGION": "Ortlergruppe", "ALT_MIN": 2958.0, "ALT_MAX": 3257.0, "ALT_MEDIAN": 3070.0, "area_km2": 0.167021 }, "geometry": { "type": "Polygon", "coordinates": [ [ [ 10.639959442047914, 46.563108370220355 ], [ 10.642513708705605, 46.562981230455875 ], [ 10.646069937365109, 46.562174081652444 ], [ 10.64607930856913, 46.561606689604211 ], [ 10.645160101191783, 46.560747814532576 ], [ 10.6470827086016, 46.560541554138737 ], [ 10.646824311798285, 46.559969033566887 ], [ 10.645693058670911, 46.559545993090602 ], [ 10.645327308083631, 46.559608403394684 ], [ 10.645604328812741, 46.559865155732354 ], [ 10.643474491131393, 46.559810060376634 ], [ 10.642876899704161, 46.560082955504477 ], [ 10.642862814908391, 46.560728393499318 ], [ 10.641485101405612, 46.560602925201707 ], [ 10.64105786099139, 46.560973374249166 ], [ 10.640039459380089, 46.560514131367952 ], [ 10.638307910614165, 46.558836599621124 ], [ 10.637825562818644, 46.559488556840122 ], [ 10.638759522366648, 46.560673760827157 ], [ 10.638694934054559, 46.562205754883465 ], [ 10.639959442047914, 46.563108370220355 ] ], [ [ 10.64395186033175, 46.561007373988787 ], [ 10.643325145056428, 46.560602058492918 ], [ 10.643350953970929, 46.560313566384302 ], [ 10.64478467126936, 46.560807287131077 ], [ 10.64395186033175, 46.561007373988787 ] ] ] } },
{ "type": "Feature", "properties": { "HOM_ID": 26.0, "NAME_D": "Tschenglserferner", "NAME_IT": "Vedretta di Cengles", "REGION": "Ortlergruppe", "ALT_MIN": 2808.0, "ALT_MAX": 2887.0, "ALT_MEDIAN": 2847.0, "area_km2": 0.00687232 }, "geometry": { "type": "Polygon", "coordinates": [ [ [ 10.648158521085799, 46.567892801363946 ], [ 10.649354760452418, 46.567634463563344 ], [ 10.648491127975044, 46.56690577905939 ], [ 10.647432712320828, 46.567724671600061 ], [ 10.648158521085799, 46.567892801363946 ] ] ] } },
{ "type": "Feature", "properties": { "HOM_ID": 26.0, "NAME_D": "Tschenglserferner", "NAME_IT": "Vedretta di Cengles", "REGION": "Ortlergruppe", "ALT_MIN": 2733.0, "ALT_MAX": 2952.0, "ALT_MEDIAN": 2836.0, "area_km2": 0.12184 }, "geometry": { "type": "Polygon", "coordinates": [ [ [ 10.639251023043238, 46.568224247257916 ], [ 10.644648397431764, 46.567230408232014 ], [ 10.647285353208426, 46.567542452636509 ], [ 10.647677453130973, 46.567265352540396 ], [ 10.647326924951862, 46.566982316151979 ], [ 10.647854001316977, 46.566938970110144 ], [ 10.648326010206375, 46.566336878442129 ], [ 10.647954779381919, 46.566054142317981 ], [ 10.648210415241163, 46.565831391741476 ], [ 10.645499568599313, 46.565973492137793 ], [ 10.642826047962103, 46.565585699413553 ], [ 10.640750043893107, 46.566590348435163 ], [ 10.638698206824252, 46.566898362044256 ], [ 10.638269537024245, 46.567223578564999 ], [ 10.639035556186249, 46.567661809500486 ], [ 10.639251023043238, 46.568224247257916 ] ] ] } },
{ "type": "Feature", "properties": { "HOM_ID": 39.0, "NAME_D": "Langenferner", "NAME_IT": "Vedretta Lunga", "REGION": "Ortlergruppe", "ALT_MIN": 2716.0, "ALT_MAX": 3369.0, "ALT_MEDIAN": 3153.0, "area_km2": 1.54238 }, "geometry": { "type": "Polygon", "coordinates": [ [ [ 10.607163797443834, 46.474493356781075 ], [ 10.609843925154264, 46.47362217265173 ], [ 10.610821922562714, 46.474045012916271 ], [ 10.613465987624785, 46.473918718434177 ], [ 10.613961929819396, 46.47361498255276 ], [ 10.61383975329969, 46.473038116828626 ], [ 10.614232547231087, 46.472941134736359 ], [ 10.61434145912315, 46.472708144549614 ], [ 10.613646095865491, 46.473067352387538 ], [ 10.612459668856145, 46.472946217706451 ], [ 10.613241695072512, 46.472596723783383 ], [ 10.612239065219708, 46.47253326420546 ], [ 10.612483655213294, 46.471728159369448 ], [ 10.61189848791086, 46.4720002462591 ], [ 10.61065713030013, 46.471838672524576 ], [ 10.611862705632678, 46.471023658363166 ], [ 10.61246524231327, 46.471259444229084 ], [ 10.612181544534165, 46.471409173343758 ], [ 10.612844668634999, 46.471316956556166 ], [ 10.613214876850522, 46.471668913793295 ], [ 10.614013591444944, 46.471565251863403 ], [ 10.615135445303988, 46.472062797317477 ], [ 10.616084763168642, 46.471947572604904 ], [ 10.615945995853068, 46.472219561257212 ], [ 10.61808189832977, 46.472180546936414 ], [ 10.618528226468046, 46.472355201358546 ], [ 10.618297709617023, 46.472670876847936 ], [ 10.6193482629693, 46.473044615302875 ], [ 10.619285857489773, 46.473264568909215 ], [ 10.620828309485347, 46.473535697923232 ], [ 10.623253232781574, 46.472958387327132 ], [ 10.620051301457977, 46.470293042641465 ], [ 10.620700554304443, 46.470152400428574 ], [ 10.618900786586243, 46.469475635350967 ], [ 10.61878161966783, 46.468801197613175 ], [ 10.617705019419805, 46.469383870068093 ], [ 10.617062951233409, 46.469086372517083 ], [ 10.617356498375091, 46.468772665247592 ], [ 10.616407712532398, 46.468503910233501 ], [ 10.616622688007785, 46.46758220474959 ], [ 10.617723902112674, 46.467513926840965 ], [ 10.618437578658265, 46.467873389508512 ], [ 10.618593262467753, 46.467452094723861 ], [ 10.618104095830427, 46.467039927679537 ], [ 10.618792568152049, 46.466761805850048 ], [ 10.617433085252856, 46.466471488258058 ], [ 10.618156128786167, 46.466110746462867 ], [ 10.617283765324453, 46.465445887705755 ], [ 10.616706943502203, 46.465675800374562 ], [ 10.614842748822063, 46.464697947302625 ], [ 10.615108692339156, 46.464434856016268 ], [ 10.616226231403841, 46.464353583032342 ], [ 10.616647244904271, 46.463801914787922 ], [ 10.611559895073974, 46.460113101611846 ], [ 10.61113075534236, 46.458669776245372 ], [ 10.609584781435725, 46.459954612382134 ], [ 10.608120599371031, 46.46058619706298 ], [ 10.606632825873028, 46.460576945618485 ], [ 10.605886759416624, 46.460098705790948 ], [ 10.603791150663286, 46.460788546847418 ], [ 10.603113273268681, 46.461415100804743 ], [ 10.603143958209662, 46.461990762420591 ], [ 10.602354283928282, 46.46232329274202 ], [ 10.602667278642576, 46.462447707597399 ], [ 10.602504614056469, 46.462866480477842 ], [ 10.6030206139725, 46.463071174781085 ], [ 10.602969249129753, 46.46353702185371 ], [ 10.602471756978817, 46.46396308618403 ], [ 10.60175096357441, 46.463825551021536 ], [ 10.60077985385646, 46.465199211156367 ], [ 10.601509924537792, 46.466063680787876 ], [ 10.600669749125483, 46.466850525154641 ], [ 10.601546372312752, 46.467306155368917 ], [ 10.603652533702068, 46.467271093006723 ], [ 10.602760708349331, 46.467695067834065 ], [ 10.603785028356571, 46.468184814855675 ], [ 10.603966801977828, 46.468505859504361 ], [ 10.603667013826655, 46.468624361511154 ], [ 10.604132078579287, 46.468871578892461 ], [ 10.603756880237281, 46.468910178793607 ], [ 10.60392925365087, 46.469250210744612 ], [ 10.603566860919244, 46.46942194320949 ], [ 10.602832472369768, 46.469410808533191 ], [ 10.602525334090908, 46.468926968084965 ], [ 10.602230033393681, 46.469081121738085 ], [ 10.601961788530993, 46.469499684350495 ], [ 10.602294500318365, 46.470537415571222 ], [ 10.603084554048269, 46.470549153905672 ], [ 10.603406938324571, 46.470028283291548 ], [ 10.604492568098765, 46.469888756480401 ], [ 10.604853656685414, 46.470143716163875 ], [ 10.603793805126276, 46.470738278042688 ], [ 10.604126737001046, 46.471072928330692 ], [ 10.603778996703907, 46.471694009926566 ], [ 10.604799105593624, 46.4718568584005 ], [ 10.604907519366847, 46.472168226594164 ], [ 10.606171877297387, 46.471572096107948 ], [ 10.607240447115592, 46.47172436033361 ], [ 10.606710623518207, 46.472019335522091 ], [ 10.608376010355872, 46.471710723488862 ], [ 10.608216176301154, 46.472118226958813 ], [ 10.604914775584721, 46.472409477100179 ], [ 10.606358681656385, 46.473725995210124 ], [ 10.606437589952341, 46.474270680564892 ], [ 10.607163797443834, 46.474493356781075 ] ], [ [ 10.607108767764808, 46.473112554409383 ], [ 10.606788136928408, 46.473085628590376 ], [ 10.605959032007068, 46.473113468392995 ], [ 10.606582537405302, 46.472985650035966 ], [ 10.607108767764808, 46.473112554409383 ] ], [ [ 10.61070901714189, 46.472038221770354 ], [ 10.609858978251882, 46.472103531344565 ], [ 10.610620380854318, 46.471837545000824 ], [ 10.61070901714189, 46.472038221770354 ] ], [ [ 10.614813964815857, 46.46934096001344 ], [ 10.614602423217642, 46.469354662374222 ], [ 10.614774137956928, 46.469334378420449 ], [ 10.614813964815857, 46.46934096001344 ] ], [ [ 10.61429376143041, 46.46837627031104 ], [ 10.613321685796548, 46.467785165478759 ], [ 10.613382912108532, 46.467408072880367 ], [ 10.61517676655188, 46.467237494315633 ], [ 10.616043730396619, 46.467537181865218 ], [ 10.616337985693889, 46.467977830796102 ], [ 10.61604144685276, 46.468298244808224 ], [ 10.615309185742117, 46.468335261388106 ], [ 10.615192511209344, 46.467746372577821 ], [ 10.61429376143041, 46.46837627031104 ] ], [ [ 10.613114393291589, 46.467265844287468 ], [ 10.613124238034993, 46.467412386574381 ], [ 10.613045950480318, 46.467375392198264 ], [ 10.613114393291589, 46.467265844287468 ] ], [ [ 10.613363034421825, 46.467376633609405 ], [ 10.613367813993312, 46.467351801467892 ], [ 10.613387723902452, 46.467372475642556 ], [ 10.613363034421825, 46.467376633609405 ] ], [ [ 10.613377430707862, 46.467304041625866 ], [ 10.613393290083268, 46.467280958404871 ], [ 10.613429509523588, 46.467293782331133 ], [ 10.613377430707862, 46.467304041625866 ] ], [ [ 10.615509805789786, 46.46716595533438 ], [ 10.615667970156819, 46.466979178256565 ], [ 10.615998743738757, 46.467151903309727 ], [ 10.615509805789786, 46.46716595533438 ] ], [ [ 10.613113159022502, 46.465797736737692 ], [ 10.611837199085265, 46.46530567706008 ], [ 10.61385054813964, 46.46429099208364 ], [ 10.613913229486196, 46.465572144165371 ], [ 10.613113159022502, 46.465797736737692 ] ], [ [ 10.602471896230124, 46.46407553115764 ], [ 10.602163157832088, 46.464240589157342 ], [ 10.602030972619596, 46.464198389053095 ], [ 10.602471896230124, 46.46407553115764 ] ], [ [ 10.602537995522333, 46.464155565977784 ], [ 10.602450683360733, 46.464174648786212 ], [ 10.602429107976308, 46.464143995480612 ], [ 10.602537995522333, 46.464155565977784 ] ], [ [ 10.603332751958535, 46.461519153409931 ], [ 10.603337777035515, 46.461479078883251 ], [ 10.603360636316461, 46.461483044049807 ], [ 10.603332751958535, 46.461519153409931 ] ] ] } },
{ "type": "Feature", "properties": { "HOM_ID": 39.0, "NAME_D": "Langenferner", "NAME_IT": "Vedretta Lunga", "REGION": "Ortlergruppe", "ALT_MIN": 3075.0, "ALT_MAX": 3192.0, "ALT_MEDIAN": 3142.0, "area_km2": 0.0422593 }, "geometry": { "type": "Polygon", "coordinates": [ [ [ 10.607326786240241, 46.478751767808944 ], [ 10.608733253323754, 46.478557662076867 ], [ 10.60924545476302, 46.478066596883146 ], [ 10.609211776532842, 46.477520586965625 ], [ 10.608292810969269, 46.477051204711593 ], [ 10.608880157155717, 46.47633848985209 ], [ 10.608144821738783, 46.476836502343964 ], [ 10.607498139802233, 46.476506513590984 ], [ 10.608473123747196, 46.47642708237003 ], [ 10.608370398073806, 46.475871089684368 ], [ 10.608876569285465, 46.475328200041155 ], [ 10.608544037932731, 46.475272157724675 ], [ 10.607469738137409, 46.475483713754343 ], [ 10.607681103179853, 46.475859483176798 ], [ 10.607346852558308, 46.475920734850789 ], [ 10.607327011769648, 46.476522670814028 ], [ 10.606841396684931, 46.476605693234625 ], [ 10.606977500429082, 46.478314728165984 ], [ 10.607326786240241, 46.478751767808944 ] ] ] } },
{ "type": "Feature", "properties": { "HOM_ID": 40.0, "NAME_D": "Cedecferner", "NAME_IT": "Vedretta di Cedec", "REGION": "Ortlergruppe", "ALT_MIN": 3273.0, "ALT_MAX": 3501.0, "ALT_MEDIAN": 3423.0, "area_km2": 0.306418 }, "geometry": { "type": "Polygon", "coordinates": [ [ [ 10.609584781435725, 46.459954612382134 ], [ 10.611957082515319, 46.457751628354913 ], [ 10.612632788422841, 46.454986539383974 ], [ 10.613929098862268, 46.45287463800679 ], [ 10.613804133315355, 46.452037417461057 ], [ 10.61264464893309, 46.450793482055502 ], [ 10.611551452789524, 46.450873187696565 ], [ 10.610631946596174, 46.451613806725781 ], [ 10.610339443349799, 46.452093961359679 ], [ 10.610797917362081, 46.452219660287049 ], [ 10.609934810689772, 46.452567566301695 ], [ 10.609673002283692, 46.453328474110982 ], [ 10.609146090474928, 46.4535228947381 ], [ 10.609126626399682, 46.454499461769892 ], [ 10.608077753936143, 46.455613380184808 ], [ 10.608445563254417, 46.455993961680228 ], [ 10.609651553754858, 46.456230588173028 ], [ 10.609662404754753, 46.456900744000876 ], [ 10.610048480473118, 46.457140571801339 ], [ 10.609245726823515, 46.457142347875049 ], [ 10.608403082332268, 46.456725587663982 ], [ 10.607221672529054, 46.457080901676967 ], [ 10.607638153080162, 46.457191432233635 ], [ 10.607500199712632, 46.457459883610177 ], [ 10.606309879977465, 46.45823300019476 ], [ 10.606830713761763, 46.458954329112586 ], [ 10.60646819051988, 46.459290608130942 ], [ 10.607485647630652, 46.460114293224287 ], [ 10.606785114774908, 46.460195575197552 ], [ 10.606180717885234, 46.459864502684745 ], [ 10.605820314649357, 46.460029104866287 ], [ 10.606632825873028, 46.460576945618485 ], [ 10.608120599371031, 46.46058619706298 ], [ 10.609584781435725, 46.459954612382134 ] ] ] } },
{ "type": "Feature", "properties": { "HOM_ID": 41.0, "NAME_D": "Zufallferner", "NAME_IT": "Vedretta del Cevedale Principale", "REGION": "Ortlergruppe", "ALT_MIN": 2854.0, "ALT_MAX": 2871.0, "ALT_MEDIAN": 2859.0, "area_km2": 0.00390888 }, "geometry": { "type": "Polygon", "coordinates": [ [ [ 10.625418765010908, 46.466924313137902 ], [ 10.624941459084152, 46.466750125725731 ], [ 10.624545096355204, 46.467327245911811 ], [ 10.625073439824368, 46.467479278446547 ], [ 10.625418765010908, 46.466924313137902 ] ] ] } },
{ "type": "Feature", "properties": { "HOM_ID": 41.0, "NAME_D": "Zufallferner", "NAME_IT": "Vedretta del Cevedale Principale", "REGION": "Ortlergruppe", "ALT_MIN": 2879.0, "ALT_MAX": 2951.0, "ALT_MEDIAN": 2901.0, "area_km2": 0.0120721 }, "geometry": { "type": "Polygon", "coordinates": [ [ [ 10.622932341550809, 46.467198544282205 ], [ 10.625762389690218, 46.46621121943403 ], [ 10.625919115548196, 46.465688103949418 ], [ 10.624113330683862, 46.466526351381837 ], [ 10.623839613834935, 46.466158175906692 ], [ 10.624324246148692, 46.465797089671518 ], [ 10.623407913120593, 46.465836891679729 ], [ 10.623759454015987, 46.466070019251028 ], [ 10.622677204116844, 46.466730688025812 ], [ 10.623045736307285, 46.466839754878229 ], [ 10.622932341550809, 46.467198544282205 ] ], [ [ 10.623259125099169, 46.466833511966925 ], [ 10.623159052846756, 46.466828979199256 ], [ 10.623168077030353, 46.46678479894404 ], [ 10.623259125099169, 46.466833511966925 ] ], [ [ 10.623040743111646, 46.466674690470533 ], [ 10.623342116556294, 46.466669221650982 ], [ 10.623031152747771, 46.466699828904595 ], [ 10.623040743111646, 46.466674690470533 ] ], [ [ 10.623768110298078, 46.465987388973566 ], [ 10.623906932531284, 46.465834925781358 ], [ 10.623932979741161, 46.465876464274182 ], [ 10.623768110298078, 46.465987388973566 ] ] ] } },
{ "type": "Feature", "properties": { "HOM_ID": 41.0, "NAME_D": "Zufallferner", "NAME_IT": "Vedretta del Cevedale Principale", "REGION": "Ortlergruppe", "ALT_MIN": 2699.0, "ALT_MAX": 3746.0, "ALT_MEDIAN": 3155.0, "area_km2": 3.12551 }, "geometry": { "type": "Polygon", "coordinates": [ [ [ 10.620633791643963, 46.46695912018059 ], [ 10.620991400604643, 46.466468286833738 ], [ 10.621399882971, 46.46649778441504 ], [ 10.621375827448487, 46.466244766221436 ], [ 10.622523686661536, 46.465721764704341 ], [ 10.622219073294751, 46.465583215033604 ], [ 10.623558939368019, 46.465040312665472 ], [ 10.624401589787066, 46.465078350493968 ], [ 10.624274042342714, 46.465150531730345 ], [ 10.624328477176926, 46.465265961045482 ], [ 10.625856679236866, 46.465003641595224 ], [ 10.627037366176804, 46.465838935815377 ], [ 10.626497633025858, 46.465142255007294 ], [ 10.627382521403117, 46.465112267015328 ], [ 10.627888243080829, 46.466059944196189 ], [ 10.629257820816864, 46.465890184556891 ], [ 10.629761346844008, 46.465112750192887 ], [ 10.631515276989514, 46.465138338331634 ], [ 10.631029907855375, 46.464463644653719 ], [ 10.628946960844006, 46.464221743240778 ], [ 10.627079122362009, 46.46262818638332 ], [ 10.626460897170761, 46.462956658074489 ], [ 10.624653196825117, 46.461845333823376 ], [ 10.623837672185561, 46.461983916122463 ], [ 10.624350312105687, 46.461609929221304 ], [ 10.630276109022542, 46.461697994194864 ], [ 10.633006713261773, 46.461111353308659 ], [ 10.634910589309374, 46.461269583489525 ], [ 10.635858685708282, 46.461746551123731 ], [ 10.637426216088064, 46.46173602036486 ], [ 10.63793413851424, 46.461552536857724 ], [ 10.63556065998924, 46.461115033673522 ], [ 10.640007649789215, 46.460502748859454 ], [ 10.642577785763024, 46.460690482971167 ], [ 10.644533380185212, 46.46035162752726 ], [ 10.645967686677125, 46.460609590254904 ], [ 10.645730997725199, 46.461159483000301 ], [ 10.646521164794578, 46.4608640296982 ], [ 10.647190916718612, 46.461077620786213 ], [ 10.647203033037913, 46.461479274705567 ], [ 10.648993349820033, 46.461429657249283 ], [ 10.64941602316491, 46.461930806732305 ], [ 10.649132965691116, 46.462344406471132 ], [ 10.648766015370933, 46.462316956998301 ], [ 10.649656260945472, 46.462414247255929 ], [ 10.651007148988921, 46.462004828039568 ], [ 10.65058196932933, 46.461760940292592 ], [ 10.649965393609961, 46.461938381040078 ], [ 10.650275938585514, 46.461591035006805 ], [ 10.649788824836699, 46.46065738894184 ], [ 10.650901213671391, 46.460296058835738 ], [ 10.65050467473308, 46.459867262178761 ], [ 10.651793650421698, 46.45962605411686 ], [ 10.651365250790022, 46.458859302819562 ], [ 10.650517812059226, 46.458740096455827 ], [ 10.650848590744175, 46.458339740228389 ], [ 10.650259457314851, 46.457670522227772 ], [ 10.651183492085188, 46.4572543617357 ], [ 10.654426045914395, 46.457977244463763 ], [ 10.645134476199663, 46.454566594530377 ], [ 10.644498850270026, 46.455082934860549 ], [ 10.643585129519487, 46.455288950163499 ], [ 10.641781851413223, 46.454786229626933 ], [ 10.639816647560206, 46.455085886793569 ], [ 10.638349212973516, 46.454406848868302 ], [ 10.637473883244642, 46.452997808475949 ], [ 10.637537686706711, 46.453746973933086 ], [ 10.636745707225968, 46.453186824672308 ], [ 10.636644623433714, 46.453952637939075 ], [ 10.635800712493806, 46.45372897502574 ], [ 10.636587769383013, 46.454124898951193 ], [ 10.636536477790145, 46.454482812943063 ], [ 10.63577414108471, 46.4542222647366 ], [ 10.635096461150463, 46.454717723061009 ], [ 10.634915764773961, 46.454205967006608 ], [ 10.634285826973015, 46.453879222876154 ], [ 10.633100948504733, 46.454696235843741 ], [ 10.63304070472886, 46.453718422155312 ], [ 10.632646826096337, 46.453681185282221 ], [ 10.631859833134552, 46.453978163602876 ], [ 10.631932704630437, 46.454341447457544 ], [ 10.632443649520345, 46.454491313964937 ], [ 10.632064915095818, 46.454961054639284 ], [ 10.63135202487938, 46.454971227829404 ], [ 10.631373634925048, 46.454656601298055 ], [ 10.630927666336996, 46.45460581448382 ], [ 10.630048814742299, 46.454804080111757 ], [ 10.629903001389966, 46.455113333758511 ], [ 10.629947621647759, 46.454184028466145 ], [ 10.63043884862233, 46.454019865868453 ], [ 10.629949532732457, 46.453555363822161 ], [ 10.629396210733468, 46.454063302743968 ], [ 10.629165822600417, 46.455002397961366 ], [ 10.627296435665325, 46.45435751902766 ], [ 10.625982672900932, 46.454390495816952 ], [ 10.625663228782315, 46.45407595705251 ], [ 10.627619205660913, 46.454043368569337 ], [ 10.62836344869687, 46.45335174778306 ], [ 10.627381375430192, 46.452617315297275 ], [ 10.622652197330709, 46.450731866080929 ], [ 10.622229160838472, 46.447740883678158 ], [ 10.621949349525606, 46.447864120516869 ], [ 10.621215755741661, 46.446983331192698 ], [ 10.620123529419086, 46.446575471878866 ], [ 10.618665950721494, 46.447365826220896 ], [ 10.617050504964354, 46.448843436791186 ], [ 10.612945852466773, 46.450228417762482 ], [ 10.613341677538953, 46.450597915755544 ], [ 10.61264464893309, 46.450793482055502 ], [ 10.613804133315355, 46.452037417461057 ], [ 10.613929098862268, 46.45287463800679 ], [ 10.612632788422841, 46.454986539383974 ], [ 10.611957082515319, 46.457751628354913 ], [ 10.611118183238959, 46.458681344429259 ], [ 10.611559895073974, 46.460113101611846 ], [ 10.616688036178729, 46.463880431808981 ], [ 10.618027968978643, 46.462941053433589 ], [ 10.620181803964101, 46.462946272932598 ], [ 10.619699090816317, 46.463226950048515 ], [ 10.61983567245027, 46.463475041168799 ], [ 10.61858567103222, 46.463736814641905 ], [ 10.618032495208643, 46.464256602081058 ], [ 10.618949318591913, 46.464088846583756 ], [ 10.619462892155692, 46.464557814068606 ], [ 10.620511139680657, 46.464173877135757 ], [ 10.621218641771064, 46.465080609867144 ], [ 10.620010118826674, 46.465579930693032 ], [ 10.618766321557546, 46.465180835704487 ], [ 10.618932267824018, 46.465547572100995 ], [ 10.61820713533427, 46.465498306426483 ], [ 10.617855440411285, 46.465769035053462 ], [ 10.618652479337479, 46.466221193711924 ], [ 10.619670873394023, 46.466132694849101 ], [ 10.619933028970506, 46.466367219938967 ], [ 10.619558571130728, 46.466726413855035 ], [ 10.620633791643963, 46.46695912018059 ] ], [ [ 10.62030382172523, 46.465969351520336 ], [ 10.619271703445985, 46.466026833723511 ], [ 10.619639668401744, 46.465652536530243 ], [ 10.620363443876336, 46.465539890871618 ], [ 10.62030382172523, 46.465969351520336 ] ], [ [ 10.621744108281288, 46.466068459390563 ], [ 10.621582261120222, 46.465956457433002 ], [ 10.62190192979523, 46.465870962435055 ], [ 10.621744108281288, 46.466068459390563 ] ], [ [ 10.622076327279885, 46.465222311025563 ], [ 10.622008213191556, 46.465249470241403 ], [ 10.621942838045447, 46.465252778925517 ], [ 10.622076327279885, 46.465222311025563 ] ], [ [ 10.623217974856157, 46.465136912579297 ], [ 10.623219617658426, 46.465122602093587 ], [ 10.623234338939636, 46.465130965411319 ], [ 10.623217974856157, 46.465136912579297 ] ], [ [ 10.623171954611081, 46.465118992098894 ], [ 10.623179754546358, 46.465103165944257 ], [ 10.623203083742023, 46.465122836804433 ], [ 10.623171954611081, 46.465118992098894 ] ], [ [ 10.623458283096896, 46.465013488777842 ], [ 10.623430354572164, 46.464978166937271 ], [ 10.62347232624089, 46.464999002228829 ], [ 10.623458283096896, 46.465013488777842 ] ], [ [ 10.622246341426965, 46.463106396513901 ], [ 10.62254024264845, 46.462995072241718 ], [ 10.622594031760071, 46.463065744814088 ], [ 10.622246341426965, 46.463106396513901 ] ], [ [ 10.622233134477275, 46.462951805466496 ], [ 10.622092818979445, 46.463013326089573 ], [ 10.62206206152549, 46.462992926992527 ], [ 10.622233134477275, 46.462951805466496 ] ], [ [ 10.621516987018731, 46.462783373294876 ], [ 10.621094491645945, 46.462625656787239 ], [ 10.621885912523631, 46.462587645082301 ], [ 10.621516987018731, 46.462783373294876 ] ], [ [ 10.620664998709463, 46.462667463389117 ], [ 10.620404215930654, 46.46273366555149 ], [ 10.62038540475935, 46.46268035546678 ], [ 10.620664998709463, 46.462667463389117 ] ], [ [ 10.622618656539178, 46.457302056550894 ], [ 10.621211632681375, 46.457260103181611 ], [ 10.620988597914328, 46.456710826009932 ], [ 10.621376414500864, 46.456543405754431 ], [ 10.62121830683609, 46.456788530617793 ], [ 10.622618656539178, 46.457302056550894 ] ], [ [ 10.622567463083747, 46.457173602580298 ], [ 10.622531608548156, 46.457126487117826 ], [ 10.622583534032051, 46.457134679886011 ], [ 10.622567463083747, 46.457173602580298 ] ], [ [ 10.619351882666018, 46.455998464359972 ], [ 10.617987338338255, 46.455121258715145 ], [ 10.618381693437748, 46.454651342879146 ], [ 10.619287541230205, 46.455745777351709 ], [ 10.62041733390749, 46.455154711681125 ], [ 10.620983175033667, 46.455239558605825 ], [ 10.620359759284725, 46.455827027134561 ], [ 10.619351882666018, 46.455998464359972 ] ], [ [ 10.625950798004208, 46.455073163970695 ], [ 10.625623009250026, 46.454999244654537 ], [ 10.625747586865133, 46.454843885494711 ], [ 10.625932814180024, 46.454816249390788 ], [ 10.625950798004208, 46.455073163970695 ] ], [ [ 10.626193510453263, 46.454719674857806 ], [ 10.626387642774665, 46.454470459467089 ], [ 10.626446062687256, 46.454523205238495 ], [ 10.626193510453263, 46.454719674857806 ] ], [ [ 10.619467161474649, 46.454157709424301 ], [ 10.61966508675005, 46.454209674294717 ], [ 10.619431537336666, 46.4542344126125 ], [ 10.619467161474649, 46.454157709424301 ] ], [ [ 10.625710473756175, 46.452943022403481 ], [ 10.624088884133588, 46.453024405969984 ], [ 10.624318802830786, 46.452646100979194 ], [ 10.625710473756175, 46.452943022403481 ] ], [ [ 10.621942336945523, 46.452395777534072 ], [ 10.620482915750644, 46.452673640416229 ], [ 10.620995714814383, 46.452132982028935 ], [ 10.620719711627537, 46.45206188651111 ], [ 10.620744770645603, 46.450526130692069 ], [ 10.622285811990794, 46.449518458205539 ], [ 10.622440562819442, 46.450321110172943 ], [ 10.621923695485297, 46.45008555974696 ], [ 10.621133810641448, 46.450459418665105 ], [ 10.621916110327399, 46.451048388692783 ], [ 10.621575244614208, 46.451867594347128 ], [ 10.621942336945523, 46.452395777534072 ] ], [ [ 10.621920512964389, 46.450297452325763 ], [ 10.622092871766149, 46.450300960691138 ], [ 10.622021461406558, 46.450361503863967 ], [ 10.621920512964389, 46.450297452325763 ] ] ] } },
{ "type": "Feature", "properties": { "HOM_ID": 42.0, "NAME_D": "Fuerkeleferner", "NAME_IT": "Vedretta Cevedale Fuorcola", "REGION": "Ortlergruppe", "ALT_MIN": 2756.0, "ALT_MAX": 3702.0, "ALT_MEDIAN": 3173.0, "area_km2": 1.7018 }, "geometry": { "type": "Polygon", "coordinates": [ [ [ 10.622502061182292, 46.449023314339016 ], [ 10.622904265071886, 46.45086940027123 ], [ 10.62445753615803, 46.450273343688139 ], [ 10.624767456190611, 46.449834369945307 ], [ 10.625876195964393, 46.449945408900753 ], [ 10.626844865511295, 46.449503013899331 ], [ 10.627135606675836, 46.449722114527887 ], [ 10.626861397297532, 46.449913536409845 ], [ 10.627451331654465, 46.450056942887322 ], [ 10.628613733512566, 46.449757624446171 ], [ 10.630109280167433, 46.450016104555232 ], [ 10.627881620762158, 46.450262150353041 ], [ 10.627096777610516, 46.450225697157087 ], [ 10.626782295516527, 46.449932521074523 ], [ 10.623594933498151, 46.45113669757496 ], [ 10.627381375430192, 46.452617315297275 ], [ 10.628136076085525, 46.45320117079234 ], [ 10.631588195489172, 46.453258153995591 ], [ 10.631599615243703, 46.452948434538726 ], [ 10.63504667876677, 46.451903851866767 ], [ 10.636655791485744, 46.452485656783402 ], [ 10.638892316607516, 46.452275031489854 ], [ 10.642420605787606, 46.452998296139576 ], [ 10.643489692367357, 46.452804344181018 ], [ 10.645941638925231, 46.453912053539327 ], [ 10.645187988733189, 46.454578073328221 ], [ 10.654426045914395, 46.457977244463763 ], [ 10.654684655590369, 46.457839530315397 ], [ 10.654306914772771, 46.457312797023285 ], [ 10.655838846131001, 46.457212042706367 ], [ 10.655583085565071, 46.456843056055767 ], [ 10.656164852647372, 46.456939404114927 ], [ 10.656179742152689, 46.456748692207483 ], [ 10.655247211829957, 46.456333578794812 ], [ 10.655795258723909, 46.456234642228814 ], [ 10.655101345194044, 46.455943564127004 ], [ 10.655652329543175, 46.455661272190234 ], [ 10.655066422714555, 46.45579167225155 ], [ 10.65400480539931, 46.455389799156869 ], [ 10.652451821632287, 46.453538245071599 ], [ 10.654025685772778, 46.45329628946611 ], [ 10.655246757648625, 46.452158016459308 ], [ 10.655984271026934, 46.452114655616015 ], [ 10.656145001344312, 46.452996970737466 ], [ 10.656709278305387, 46.453199532267199 ], [ 10.656861506666621, 46.452652626253048 ], [ 10.657272046341363, 46.452557381324326 ], [ 10.657871325655814, 46.452721330881914 ], [ 10.658154111892575, 46.453241096010174 ], [ 10.660220465289935, 46.453625183021259 ], [ 10.661147975166188, 46.453025935598454 ], [ 10.66063677167492, 46.452529736066182 ], [ 10.659506856435257, 46.45225027552673 ], [ 10.659162582475632, 46.451124199055542 ], [ 10.658074170899958, 46.450196235992621 ], [ 10.657410106473751, 46.450200325299519 ], [ 10.655879031052237, 46.451585056532039 ], [ 10.65526650114581, 46.451665361550482 ], [ 10.654393455709107, 46.451163656557597 ], [ 10.654288152001623, 46.450757994250161 ], [ 10.65182066084382, 46.449399153821119 ], [ 10.651555688291788, 46.449792060658915 ], [ 10.649032842436808, 46.44944161605887 ], [ 10.648425973046574, 46.449652169673861 ], [ 10.646469971901636, 46.448790420545471 ], [ 10.646394430535072, 46.448512907226785 ], [ 10.645670115363389, 46.448484043861804 ], [ 10.644836322536882, 46.447793569520684 ], [ 10.64231379005199, 46.447374479034508 ], [ 10.641947886889071, 46.447005885159008 ], [ 10.6406510762005, 46.447055935679117 ], [ 10.640233599753813, 46.446747606523736 ], [ 10.638745867589458, 46.446590347994587 ], [ 10.636831414330473, 46.445642665848879 ], [ 10.63504016254705, 46.445528993329319 ], [ 10.634408810267118, 46.445237988266335 ], [ 10.631186120715853, 46.44633054903575 ], [ 10.630920366201961, 46.446602224957111 ], [ 10.631442620210846, 46.446441187212216 ], [ 10.631625756241624, 46.446863619221112 ], [ 10.630296728502739, 46.448016735138737 ], [ 10.628294815537453, 46.447658077491781 ], [ 10.628879667800211, 46.447407409267875 ], [ 10.628865251099709, 46.447068292776073 ], [ 10.628276015224294, 46.446802847006921 ], [ 10.628620183364358, 46.44650327064533 ], [ 10.627292679304459, 46.446681775854607 ], [ 10.627501343202814, 46.446140564715627 ], [ 10.627192973666361, 46.446005678685033 ], [ 10.624280758671951, 46.447119222816262 ], [ 10.623871792713345, 46.448370878670147 ], [ 10.622502061182292, 46.449023314339016 ] ], [ [ 10.624943761152846, 46.451244514413524 ], [ 10.624831398228912, 46.451231228191276 ], [ 10.624950423738058, 46.451178936215669 ], [ 10.624943761152846, 46.451244514413524 ] ] ] } },
{ "type": "Feature", "properties": { "HOM_ID": 43.0, "NAME_D": "Hohenferner", "NAME_IT": "Vedretta Alta", "REGION": "Ortlergruppe", "ALT_MIN": 2812.0, "ALT_MAX": 3294.0, "ALT_MEDIAN": 3063.0, "area_km2": 1.15468 }, "geometry": { "type": "Polygon", "coordinates": [ [ [ 10.687561131367213, 46.463209624558722 ], [ 10.687053302215825, 46.461189177363551 ], [ 10.687660921645426, 46.460580147433625 ], [ 10.687286251433775, 46.460067556897307 ], [ 10.688142634914513, 46.457638840208396 ], [ 10.688768526276467, 46.457377189861731 ], [ 10.68890349942024, 46.456839424673873 ], [ 10.68801837806755, 46.456645330227516 ], [ 10.688618619331404, 46.455331566701958 ], [ 10.687489523326079, 46.455642711818697 ], [ 10.687655095897991, 46.454143679319259 ], [ 10.686550556294163, 46.452660888568104 ], [ 10.685284203272555, 46.452324164915773 ], [ 10.684954702058658, 46.45305124136322 ], [ 10.685626166576075, 46.453709273305677 ], [ 10.684808516922155, 46.454059693229738 ], [ 10.683889002051899, 46.451446136101353 ], [ 10.683357494065644, 46.451728277890545 ], [ 10.683388347728284, 46.450672472042328 ], [ 10.681949580179113, 46.449506089957424 ], [ 10.681481441871197, 46.449518690266565 ], [ 10.680859910405378, 46.450222569357145 ], [ 10.681149604697007, 46.450568348542809 ], [ 10.680706046054741, 46.450992169549394 ], [ 10.680146346590959, 46.450828445616175 ], [ 10.680172863476622, 46.449323387166238 ], [ 10.679440254867412, 46.449221846794686 ], [ 10.677664210508908, 46.449497946675415 ], [ 10.677471641735556, 46.449846047534244 ], [ 10.675047078110355, 46.450423316949106 ], [ 10.675148040475044, 46.450738537959907 ], [ 10.674405249179518, 46.451185477197122 ], [ 10.674956623048116, 46.451405699057148 ], [ 10.675428161234116, 46.452298947159285 ], [ 10.673996717983613, 46.451850814643677 ], [ 10.673843711164325, 46.452580255310103 ], [ 10.671256031211787, 46.45293903456438 ], [ 10.671428738021769, 46.453291309862664 ], [ 10.671955796865229, 46.453176450495576 ], [ 10.671934512373197, 46.453381545364699 ], [ 10.673340531309245, 46.453730064350026 ], [ 10.672482814322164, 46.454185517902388 ], [ 10.67180695599788, 46.454166827381243 ], [ 10.675328750029248, 46.455592262295852 ], [ 10.675158942343268, 46.456526277719504 ], [ 10.675679229892324, 46.457043471836954 ], [ 10.675354742551317, 46.457248247583927 ], [ 10.67648998433747, 46.45904568385329 ], [ 10.678529731021028, 46.46022017167283 ], [ 10.679528625430407, 46.460435943721514 ], [ 10.678790743794858, 46.460844421938482 ], [ 10.680411355050172, 46.461608080595632 ], [ 10.681779008212668, 46.461413152554869 ], [ 10.684459807981964, 46.461915060101845 ], [ 10.684895225939284, 46.462128764788268 ], [ 10.684851333974843, 46.462667452403323 ], [ 10.685788659463368, 46.463110923373179 ], [ 10.686819781529621, 46.462703365456619 ], [ 10.687561131367213, 46.463209624558722 ] ], [ [ 10.68260354519373, 46.450694692147529 ], [ 10.682604453994271, 46.450694352080184 ], [ 10.682611868355684, 46.450696474027602 ], [ 10.68260354519373, 46.450694692147529 ] ] ] } },
{ "type": "Feature", "properties": { "HOM_ID": 43.0, "NAME_D": "Hohenferner", "NAME_IT": "Vedretta Alta", "REGION": "Ortlergruppe", "ALT_MIN": 2866.0, "ALT_MAX": 2947.0, "ALT_MEDIAN": 2898.0, "area_km2": 0.00330097 }, "geometry": { "type": "Polygon", "coordinates": [ [ [ 10.672203502876418, 46.457341256786485 ], [ 10.671962858922683, 46.456936994405979 ], [ 10.672218601399829, 46.456198247940364 ], [ 10.671589965993419, 46.456996023218146 ], [ 10.672203502876418, 46.457341256786485 ] ] ] } },
{ "type": "Feature", "properties": { "HOM_ID": 43.0, "NAME_D": "Hohenferner", "NAME_IT": "Vedretta Alta", "REGION": "Ortlergruppe", "ALT_MIN": 2883.0, "ALT_MAX": 3128.0, "ALT_MEDIAN": 3000.0, "area_km2": 0.0331379 }, "geometry": { "type": "Polygon", "coordinates": [ [ [ 10.670152996485047, 46.45595005342556 ], [ 10.669672856399988, 46.453625517992833 ], [ 10.669414084693411, 46.453224877994721 ], [ 10.668494176081399, 46.45288588685289 ], [ 10.668669820050082, 46.453447669759541 ], [ 10.668208556799097, 46.453235329598222 ], [ 10.667152574663062, 46.453517426418195 ], [ 10.668645734896824, 46.453674236123511 ], [ 10.669130533702141, 46.453190918660489 ], [ 10.669612415954454, 46.454133984766344 ], [ 10.668987255920413, 46.454308604772478 ], [ 10.668302816542868, 46.4540090364587 ], [ 10.668700447463932, 46.454393752267059 ], [ 10.667997944779705, 46.454856431234845 ], [ 10.668897220788894, 46.455195727455632 ], [ 10.668193406716853, 46.455351938063444 ], [ 10.667854555979661, 46.455125217963989 ], [ 10.667710002943242, 46.455355922571904 ], [ 10.668208430591589, 46.455882041839679 ], [ 10.668489010636558, 46.455617165739845 ], [ 10.669760250911137, 46.455923048160749 ], [ 10.670169436630934, 46.456628456732432 ], [ 10.670956551039625, 46.456875912839948 ], [ 10.670152996485047, 46.45595005342556 ] ] ] } },
{ "type": "Feature", "properties": { "HOM_ID": 44.0, "NAME_D": "Ultenmarktferner", "NAME_IT": "Vedretta Ultima", "REGION": "Ortlergruppe", "ALT_MIN": 2803.0, "ALT_MAX": 3340.0, "ALT_MEDIAN": 3130.0, "area_km2": 0.283873 }, "geometry": { "type": "Polygon", "coordinates": [ [ [ 10.690156037133141, 46.464885614425334 ], [ 10.693162144818569, 46.464212502710431 ], [ 10.692583743757558, 46.463562425186119 ], [ 10.69298630129286, 46.462653465293613 ], [ 10.692647150780424, 46.462117476376086 ], [ 10.693213821940168, 46.462611996527301 ], [ 10.693656775638013, 46.462494948307189 ], [ 10.695508334215555, 46.459179921444516 ], [ 10.695140787087604, 46.458972395835275 ], [ 10.694788699446139, 46.459440521419594 ], [ 10.694352341001517, 46.459325070613573 ], [ 10.694751065625718, 46.457073208082392 ], [ 10.693161539404253, 46.456658615232371 ], [ 10.692751053556998, 46.456132064904224 ], [ 10.691772802821932, 46.455784599338706 ], [ 10.691410032578528, 46.456353074063514 ], [ 10.690543553576914, 46.456232540785443 ], [ 10.690176754466052, 46.456493228781518 ], [ 10.690364530738181, 46.456949549758242 ], [ 10.691948181355986, 46.457893372062856 ], [ 10.69056630077052, 46.457730935713656 ], [ 10.69041959030767, 46.457226740977077 ], [ 10.689601475250948, 46.457288838771149 ], [ 10.689528001067419, 46.457920943782796 ], [ 10.690144365938195, 46.458130905357315 ], [ 10.68985526866023, 46.458475690772893 ], [ 10.68897231997372, 46.458634843991675 ], [ 10.68894356551505, 46.459665853453203 ], [ 10.688659957742448, 46.459676138760784 ], [ 10.689131622199577, 46.460755000966863 ], [ 10.689732522866406, 46.460753742616568 ], [ 10.690581566519498, 46.461822449295497 ], [ 10.690404761330303, 46.462138549118741 ], [ 10.689625650948658, 46.462155089249222 ], [ 10.689996437171459, 46.462378204683439 ], [ 10.689366019905208, 46.462317036839735 ], [ 10.689301225992923, 46.462628503697267 ], [ 10.689848292657196, 46.462401349345321 ], [ 10.690204480917936, 46.462954238390587 ], [ 10.690770232913719, 46.462974448432057 ], [ 10.692003789006542, 46.463729072275321 ], [ 10.690935991865706, 46.464322072602783 ], [ 10.690670692250897, 46.463945003269416 ], [ 10.689540022929299, 46.463754074092428 ], [ 10.690670843229757, 46.46455082654348 ], [ 10.690156037133141, 46.464885614425334 ] ], [ [ 10.69113172851254, 46.462986247975707 ], [ 10.69111102453795, 46.462940835166172 ], [ 10.691147435534422, 46.462959345636605 ], [ 10.69113172851254, 46.462986247975707 ] ], [ [ 10.691065994661452, 46.462911021498179 ], [ 10.690970791519327, 46.462952433613438 ], [ 10.690914031874277, 46.462899933842216 ], [ 10.691065994661452, 46.462911021498179 ] ], [ [ 10.691194373128964, 46.462516700546871 ], [ 10.690828635252014, 46.46236780686143 ], [ 10.690915687895863, 46.462330325910102 ], [ 10.691194373128964, 46.462516700546871 ] ], [ [ 10.692655104674294, 46.462506515761135 ], [ 10.692620583616476, 46.462548936194835 ], [ 10.692630541946324, 46.462514498609636 ], [ 10.692655104674294, 46.462506515761135 ] ], [ [ 10.691145062894547, 46.462170726651003 ], [ 10.690933678969133, 46.462288150444806 ], [ 10.691161487161615, 46.461899978277678 ], [ 10.691145062894547, 46.462170726651003 ] ], [ [ 10.690064822399185, 46.462539116660245 ], [ 10.690013765396371, 46.462581780716512 ], [ 10.690010243362506, 46.46255706800234 ], [ 10.690064822399185, 46.462539116660245 ] ], [ [ 10.691181125024556, 46.461821965473057 ], [ 10.691249007644956, 46.461788577416392 ], [ 10.691166538821298, 46.46188504487683 ], [ 10.691181125024556, 46.461821965473057 ] ] ] } },
{ "type": "Feature", "properties": { "HOM_ID": 45.0, "NAME_D": "Schranferner", "NAME_IT": "Vedretta Serana", "REGION": "Ortlergruppe", "ALT_MIN": 2923.0, "ALT_MAX": 3321.0, "ALT_MEDIAN": 3113.0, "area_km2": 0.753269 }, "geometry": { "type": "Polygon", "coordinates": [ [ [ 10.702710676592554, 46.470336682824353 ], [ 10.704088507541428, 46.469645943586784 ], [ 10.703863612049561, 46.468791109090631 ], [ 10.704711346756554, 46.468007774531252 ], [ 10.705052649358473, 46.466831253084258 ], [ 10.704786705196923, 46.466370883428681 ], [ 10.705035180308315, 46.465885699688222 ], [ 10.705651096458887, 46.465745547584717 ], [ 10.705638080729592, 46.464998043145613 ], [ 10.70604038086376, 46.464749159003325 ], [ 10.70584802163031, 46.463555711310413 ], [ 10.706495311111006, 46.46276644673808 ], [ 10.706471187116536, 46.462104831919888 ], [ 10.706070438740506, 46.461851260247151 ], [ 10.706209411734735, 46.460895275657982 ], [ 10.705657325047953, 46.460098665525727 ], [ 10.70472523393526, 46.460153046280219 ], [ 10.704185175427066, 46.459520075994384 ], [ 10.703621786657976, 46.459464179619182 ], [ 10.703640963424091, 46.459830189969253 ], [ 10.701612567513942, 46.45889879655595 ], [ 10.701528403148291, 46.459183412746093 ], [ 10.701000558275977, 46.458719787756898 ], [ 10.700645348917336, 46.459041771419706 ], [ 10.699452298386396, 46.458792814877832 ], [ 10.698791890123566, 46.459162191054396 ], [ 10.698409414727719, 46.458718777683245 ], [ 10.697251962749236, 46.458616904167073 ], [ 10.697192386698552, 46.458362999214835 ], [ 10.696395593231005, 46.458446259498821 ], [ 10.695971535149141, 46.459825077614923 ], [ 10.6963011512966, 46.460722324798319 ], [ 10.695792237989451, 46.46126360291828 ], [ 10.695987834398906, 46.461937917815099 ], [ 10.695527415495558, 46.462286281692677 ], [ 10.696238385477171, 46.463743748666218 ], [ 10.696017601007119, 46.463922988874828 ], [ 10.69550764282363, 46.463452769190525 ], [ 10.695845872871374, 46.464218667774261 ], [ 10.695513056145854, 46.464875458466395 ], [ 10.696335879923119, 46.463907796174631 ], [ 10.696478417583055, 46.462534107961851 ], [ 10.696089179685448, 46.462483328487018 ], [ 10.696103274971206, 46.462105103102132 ], [ 10.696718077404583, 46.462622823343047 ], [ 10.696873341966121, 46.462352038749088 ], [ 10.697383026304962, 46.462674865713964 ], [ 10.697453550366799, 46.463557840283791 ], [ 10.698497005599663, 46.464699610435176 ], [ 10.698107599156662, 46.465336412921523 ], [ 10.698390126686677, 46.4661102750852 ], [ 10.697824078893261, 46.467126197825614 ], [ 10.697247575965092, 46.467091365860362 ], [ 10.697562221546518, 46.467191467985884 ], [ 10.697124618208957, 46.467658964402318 ], [ 10.697838094938286, 46.467995075422678 ], [ 10.697944376031648, 46.46934016263544 ], [ 10.702710676592554, 46.470336682824353 ] ] ] } },
{ "type": "Feature", "properties": { "HOM_ID": 44.0, "NAME_D": "Ultenmarktferner", "NAME_IT": "Vedretta Ultima", "REGION": "Ortlergruppe", "ALT_MIN": 3347.0, "ALT_MAX": 3361.0, "ALT_MEDIAN": 3352.0, "area_km2": 0.000264539 }, "geometry": { "type": "Polygon", "coordinates": [ [ [ 10.691148517521881, 46.455830029079642 ], [ 10.690910121702599, 46.455875464266128 ], [ 10.691052989681253, 46.455949549247457 ], [ 10.691148517521881, 46.455830029079642 ] ] ] } },
{ "type": "Feature", "properties": { "HOM_ID": 46.0, "NAME_D": "Gramsenferner", "NAME_IT": "Vedretta Grames", "REGION": "Ortlergruppe", "ALT_MIN": 3259.0, "ALT_MAX": 3300.0, "ALT_MEDIAN": 3280.0, "area_km2": 0.00258856 }, "geometry": { "type": "Polygon", "coordinates": [ [ [ 10.708182945224362, 46.462678716378569 ], [ 10.70748010325574, 46.463013058023392 ], [ 10.707539393943577, 46.46347650795164 ], [ 10.708014545824618, 46.463133660651735 ], [ 10.708182945224362, 46.462678716378569 ] ] ] } },
{ "type": "Feature", "properties": { "HOM_ID": 46.0, "NAME_D": "Gramsenferner", "NAME_IT": "Vedretta Grames", "REGION": "Ortlergruppe", "ALT_MIN": 2897.0, "ALT_MAX": 3294.0, "ALT_MEDIAN": 3108.0, "area_km2": 0.968921 }, "geometry": { "type": "Polygon", "coordinates": [ [ [ 10.709084599261699, 46.474910387599074 ], [ 10.709802093002811, 46.474159107512818 ], [ 10.711947288549466, 46.474578675444548 ], [ 10.712214377371298, 46.474303219953299 ], [ 10.712849640887301, 46.474310374094607 ], [ 10.712649668015048, 46.47359424613078 ], [ 10.713262755075554, 46.472922611683224 ], [ 10.713189407993019, 46.471958371520799 ], [ 10.714959633217443, 46.470711706515104 ], [ 10.715387554907013, 46.468942245015199 ], [ 10.716564543086053, 46.469196991222482 ], [ 10.717770148467547, 46.470118636254881 ], [ 10.716753711437395, 46.470565723926548 ], [ 10.716798937774316, 46.471039381257093 ], [ 10.718078359478367, 46.471130651193825 ], [ 10.718599501119616, 46.470694203002623 ], [ 10.719233225823128, 46.470943751718281 ], [ 10.719599671388163, 46.470498195063506 ], [ 10.719747475240187, 46.470726472400834 ], [ 10.721416193532235, 46.470135588615634 ], [ 10.722994805612885, 46.470447085135504 ], [ 10.721687973194362, 46.46983622748386 ], [ 10.722001920949445, 46.469210299086221 ], [ 10.721642516730471, 46.468744606435585 ], [ 10.72056512173763, 46.468151235246665 ], [ 10.719381015085846, 46.46802046019021 ], [ 10.719743916591616, 46.467813075729715 ], [ 10.721041072812982, 46.468119307595764 ], [ 10.722513502900233, 46.468125709919377 ], [ 10.722469275342307, 46.467947309711136 ], [ 10.721014683917161, 46.467632034028533 ], [ 10.720391339430684, 46.467098500273629 ], [ 10.718442288103557, 46.466376825554818 ], [ 10.717848713889541, 46.466459562176652 ], [ 10.717789402204039, 46.464793610167561 ], [ 10.716808222491286, 46.463398672730442 ], [ 10.715774839927569, 46.462643626386452 ], [ 10.715724340505611, 46.461475211957605 ], [ 10.715280583833252, 46.46106039676593 ], [ 10.713944945873898, 46.460773249213958 ], [ 10.712170157826785, 46.460876037909379 ], [ 10.711797541823131, 46.460641115789812 ], [ 10.709764550644849, 46.461026332466744 ], [ 10.708836600943403, 46.46327346576949 ], [ 10.707932775225025, 46.463461988325641 ], [ 10.708200341420076, 46.463918754634967 ], [ 10.706877117249537, 46.465379976774344 ], [ 10.706871779448035, 46.465870584651896 ], [ 10.707124023180901, 46.46600254772445 ], [ 10.707107311246661, 46.465688478071947 ], [ 10.707513906599395, 46.465687169644113 ], [ 10.707806215301703, 46.466218575220935 ], [ 10.708419856065497, 46.466226076814756 ], [ 10.707509609535146, 46.46543958881027 ], [ 10.707776900968804, 46.465171283377238 ], [ 10.708127243533973, 46.465685152842191 ], [ 10.709211502465697, 46.465645137619646 ], [ 10.709901733221889, 46.466227737712607 ], [ 10.709800736471413, 46.466924656756966 ], [ 10.709223245819786, 46.466900808630598 ], [ 10.709301226029531, 46.46950134591048 ], [ 10.70798744000597, 46.470248673192032 ], [ 10.708693376564851, 46.470781040023383 ], [ 10.706781819517872, 46.47159062360047 ], [ 10.707890119240869, 46.472645616004286 ], [ 10.707585823675975, 46.473605022029972 ], [ 10.707846426053388, 46.474553609788217 ], [ 10.709084599261699, 46.474910387599074 ] ], [ [ 10.709693793560351, 46.473892604064702 ], [ 10.709769060490924, 46.473874810108626 ], [ 10.709728541024797, 46.473901608991234 ], [ 10.709693793560351, 46.473892604064702 ] ], [ [ 10.709681221333206, 46.473821356165558 ], [ 10.70967695601983, 46.473795226034305 ], [ 10.709701294650957, 46.47380200615644 ], [ 10.709681221333206, 46.473821356165558 ] ], [ [ 10.710057009065153, 46.465831517396929 ], [ 10.709485532588452, 46.465299528901056 ], [ 10.709701029845656, 46.464808160843944 ], [ 10.710226801933832, 46.465531327259221 ], [ 10.710057009065153, 46.465831517396929 ] ], [ [ 10.708542658150428, 46.465122173185094 ], [ 10.708164739923724, 46.465158775311338 ], [ 10.707898535198726, 46.464800808365453 ], [ 10.708476729716295, 46.464887419110866 ], [ 10.708542658150428, 46.465122173185094 ] ], [ [ 10.720491019553137, 46.469911392878238 ], [ 10.720546614411298, 46.469925796606624 ], [ 10.720525228929541, 46.469947072643187 ], [ 10.720491019553137, 46.469911392878238 ] ], [ [ 10.720623720692821, 46.470010359473157 ], [ 10.720868918014817, 46.469917135828581 ], [ 10.721152240193137, 46.470158611994236 ], [ 10.720623720692821, 46.470010359473157 ] ], [ [ 10.71881995935235, 46.470428004999775 ], [ 10.719158749357549, 46.470680082012002 ], [ 10.7184699764603, 46.470608522239033 ], [ 10.71881995935235, 46.470428004999775 ] ], [ [ 10.719870219464383, 46.470509366232427 ], [ 10.71990245250656, 46.470569839765716 ], [ 10.71974614896882, 46.470509327099002 ], [ 10.719870219464383, 46.470509366232427 ] ] ] } },
{ "type": "Feature", "properties": { "HOM_ID": 48.0, "NAME_D": "Saellentjochferner", "NAME_IT": null, "REGION": "Ortlergruppe", "ALT_MIN": 2858.0, "ALT_MAX": 2959.0, "ALT_MEDIAN": 2902.0, "area_km2": 0.0210426 }, "geometry": { "type": "Polygon", "coordinates": [ [ [ 10.731995077371733, 46.478680056653594 ], [ 10.733187331775015, 46.478538168275762 ], [ 10.732705587336376, 46.477869208575257 ], [ 10.733192787455536, 46.4778851603227 ], [ 10.732766246632048, 46.477467414141458 ], [ 10.732846059375078, 46.476854712531988 ], [ 10.732208512064664, 46.476367240913511 ], [ 10.73114226955513, 46.477787638602031 ], [ 10.732279042570916, 46.478091884310814 ], [ 10.731995077371733, 46.478680056653594 ] ], [ [ 10.73244061142659, 46.478208497460059 ], [ 10.732507156963974, 46.478133194987898 ], [ 10.732530077544398, 46.478247145998793 ], [ 10.73244061142659, 46.478208497460059 ] ] ] } },
{ "type": "Feature", "properties": { "HOM_ID": 49.0, "NAME_D": null, "NAME_IT": null, "REGION": "Ortlergruppe", "ALT_MIN": 2949.0, "ALT_MAX": 3152.0, "ALT_MEDIAN": 3029.0, "area_km2": 0.17068 }, "geometry": { "type": "Polygon", "coordinates": [ [ [ 10.736916048341552, 46.486550461238572 ], [ 10.740767889636373, 46.486195429977819 ], [ 10.742166162065661, 46.485415244483882 ], [ 10.743028183096074, 46.485550693914625 ], [ 10.743215720326923, 46.485119219232978 ], [ 10.744254705984503, 46.484945740014489 ], [ 10.74318542584993, 46.484926327829747 ], [ 10.743226007642821, 46.484578054525464 ], [ 10.742663589616908, 46.484346126054213 ], [ 10.742610843759694, 46.484637435890818 ], [ 10.742236768200803, 46.484635993049615 ], [ 10.742147044443705, 46.483553438106327 ], [ 10.74157957846524, 46.483054886809271 ], [ 10.740486319435474, 46.482228588301659 ], [ 10.738937472171109, 46.482140237514329 ], [ 10.739071836602953, 46.482678725969194 ], [ 10.737198138474568, 46.48372884137374 ], [ 10.736520858878949, 46.483807708316689 ], [ 10.736488693833742, 46.484183473549017 ], [ 10.737028471677844, 46.483986683527355 ], [ 10.736974683131608, 46.484376112359286 ], [ 10.735696944877132, 46.484543625302884 ], [ 10.736300478913602, 46.484983829830185 ], [ 10.735605612684852, 46.485117248665361 ], [ 10.735707277428348, 46.485387161527761 ], [ 10.736642508866886, 46.485673814251967 ], [ 10.737118906689883, 46.486252111089506 ], [ 10.736916048341552, 46.486550461238572 ] ] ] } },
{ "type": "Feature", "properties": { "HOM_ID": 49.0, "NAME_D": null, "NAME_IT": null, "REGION": "Ortlergruppe", "ALT_MIN": 2952.0, "ALT_MAX": 3005.0, "ALT_MEDIAN": 2972.0, "area_km2": 0.0141368 }, "geometry": { "type": "Polygon", "coordinates": [ [ [ 10.735334594706007, 46.484100185032538 ], [ 10.735140806316982, 46.483706962407908 ], [ 10.735733481625948, 46.483703491309157 ], [ 10.735193369618763, 46.483304503315559 ], [ 10.733373561330177, 46.482930111062537 ], [ 10.732621766441413, 46.483195864410092 ], [ 10.733770174893847, 46.483428483074746 ], [ 10.734009593851107, 46.483893452648516 ], [ 10.735334594706007, 46.484100185032538 ] ] ] } },
{ "type": "Feature", "properties": { "HOM_ID": 50.0, "NAME_D": null, "NAME_IT": null, "REGION": "Ortlergruppe", "ALT_MIN": 2823.0, "ALT_MAX": 2953.0, "ALT_MEDIAN": 2895.0, "area_km2": 0.0265875 }, "geometry": { "type": "Polygon", "coordinates": [ [ [ 10.740198777328764, 46.490130736552494 ], [ 10.741630977498996, 46.488826062016713 ], [ 10.741487226163652, 46.488372847149066 ], [ 10.740344230256554, 46.48780090301404 ], [ 10.740309948544319, 46.488212181177161 ], [ 10.739205878807915, 46.488455193523492 ], [ 10.740139635021768, 46.488682083278 ], [ 10.739874709227497, 46.48929332003469 ], [ 10.739264543071506, 46.489484168709239 ], [ 10.738658311222245, 46.488987384541367 ], [ 10.738075314241312, 46.489219484542105 ], [ 10.739415882246803, 46.489590211415987 ], [ 10.738561925020088, 46.489613913652711 ], [ 10.73925983386116, 46.489877138352135 ], [ 10.73989304032717, 46.489462701380482 ], [ 10.740198777328764, 46.490130736552494 ] ] ] } },
{ "type": "Feature", "properties": { "HOM_ID": 52.0, "NAME_D": "Nonnenferner", "NAME_IT": "Vedretta di Monache", "REGION": "Ortlergruppe", "ALT_MIN": 2870.0, "ALT_MAX": 3213.0, "ALT_MEDIAN": 3116.0, "area_km2": 0.176422 }, "geometry": { "type": "Polygon", "coordinates": [ [ [ 10.753248592803184, 46.491742723112012 ], [ 10.753542773378729, 46.490881171006798 ], [ 10.753867793383328, 46.49108192213312 ], [ 10.754111173656195, 46.490866738053107 ], [ 10.755907050197921, 46.490896323039607 ], [ 10.757337979418995, 46.488722119419926 ], [ 10.757634576087929, 46.488477250222225 ], [ 10.757565289976625, 46.489023227976837 ], [ 10.757810886804174, 46.488941730563091 ], [ 10.758681467124038, 46.487906809614401 ], [ 10.757762787906355, 46.486999697570127 ], [ 10.757641096917842, 46.486240060930214 ], [ 10.756537232807519, 46.48586269691009 ], [ 10.755120543609122, 46.485784440875165 ], [ 10.754408716570179, 46.486032532639761 ], [ 10.754194728514475, 46.48703249008058 ], [ 10.752671315435224, 46.486807253493687 ], [ 10.751283218490833, 46.487188559131596 ], [ 10.752747796177522, 46.487127543687748 ], [ 10.753390095379629, 46.487744010409628 ], [ 10.753851974129441, 46.487376889549104 ], [ 10.753745391461827, 46.48862979698724 ], [ 10.75320416336621, 46.488780968271712 ], [ 10.753084258357005, 46.489205546348913 ], [ 10.753792570341453, 46.489388157539651 ], [ 10.75283412372622, 46.489763009925191 ], [ 10.752603755600928, 46.490426132473438 ], [ 10.753277937911474, 46.491207694257234 ], [ 10.752996887340363, 46.49152751133083 ], [ 10.753248592803184, 46.491742723112012 ] ] ] } },
{ "type": "Feature", "properties": { "HOM_ID": 51.0, "NAME_D": "Nonnenferner", "NAME_IT": "Vedretta di Monache", "REGION": "Ortlergruppe", "ALT_MIN": 3210.0, "ALT_MAX": 3218.0, "ALT_MEDIAN": 3215.0, "area_km2": 0.000174097 }, "geometry": { "type": "Polygon", "coordinates": [ [ [ 10.748280721885093, 46.485493126547127 ], [ 10.747952081773137, 46.48552196338062 ], [ 10.74796441851664, 46.485562731029255 ], [ 10.748280721885093, 46.485493126547127 ] ] ] } },
{ "type": "Feature", "properties": { "HOM_ID": 51.0, "NAME_D": "Nonnenferner", "NAME_IT": "Vedretta di Monache", "REGION": "Ortlergruppe", "ALT_MIN": 3195.0, "ALT_MAX": 3207.0, "ALT_MEDIAN": 3200.0, "area_km2": 0.000917176 }, "geometry": { "type": "Polygon", "coordinates": [ [ [ 10.750947008348806, 46.487028334177189 ], [ 10.751135635154849, 46.486804470229686 ], [ 10.750521870549466, 46.486800533102858 ], [ 10.750947008348806, 46.487028334177189 ] ] ] } },
{ "type": "Feature", "properties": { "HOM_ID": 51.0, "NAME_D": "Nonnenferner", "NAME_IT": "Vedretta di Monache", "REGION": "Ortlergruppe", "ALT_MIN": 3211.0, "ALT_MAX": 3237.0, "ALT_MEDIAN": 3220.0, "area_km2": 0.00198376 }, "geometry": { "type": "Polygon", "coordinates": [ [ [ 10.75118777424122, 46.486522451768771 ], [ 10.751909375117783, 46.486062780338692 ], [ 10.750972537244429, 46.485874252344445 ], [ 10.75140482500942, 46.486260529323999 ], [ 10.75118777424122, 46.486522451768771 ] ] ] } },
{ "type": "Feature", "properties": { "HOM_ID": 51.0, "NAME_D": "Nonnenferner", "NAME_IT": "Vedretta di Monache", "REGION": "Ortlergruppe", "ALT_MIN": 3208.0, "ALT_MAX": 3236.0, "ALT_MEDIAN": 3217.0, "area_km2": 0.00809746 }, "geometry": { "type": "Polygon", "coordinates": [ [ [ 10.750429925804911, 46.48615079431962 ], [ 10.750101062641031, 46.485248590996314 ], [ 10.749565442845068, 46.485423471867641 ], [ 10.749899495200353, 46.485799827856113 ], [ 10.74928029027164, 46.485496889058432 ], [ 10.74823967289646, 46.485554713328874 ], [ 10.748722760837763, 46.485636534879959 ], [ 10.748466213666466, 46.485911286906806 ], [ 10.749126175044987, 46.486023110842794 ], [ 10.748802967631196, 46.48566230218028 ], [ 10.749179084337754, 46.485608925000435 ], [ 10.749578855286174, 46.48605666546537 ], [ 10.750429925804911, 46.48615079431962 ] ] ] } },
{ "type": "Feature", "properties": { "HOM_ID": 51.0, "NAME_D": "Nonnenferner", "NAME_IT": "Vedretta di Monache", "REGION": "Ortlergruppe", "ALT_MIN": 3115.0, "ALT_MAX": 3181.0, "ALT_MEDIAN": 3144.0, "area_km2": 0.00943596 }, "geometry": { "type": "Polygon", "coordinates": [ [ [ 10.749677223880155, 46.487557216655304 ], [ 10.74944017606701, 46.486615507865864 ], [ 10.748866907203379, 46.487121947468211 ], [ 10.74824860825024, 46.486976624136041 ], [ 10.74764319674286, 46.487233524131767 ], [ 10.748648678347262, 46.487535803035385 ], [ 10.749201436773527, 46.487233509096683 ], [ 10.749677223880155, 46.487557216655304 ] ] ] } },
{ "type": "Feature", "properties": { "HOM_ID": 51.0, "NAME_D": "Nonnenferner", "NAME_IT": "Vedretta di Monache", "REGION": "Ortlergruppe", "ALT_MIN": 2969.0, "ALT_MAX": 3147.0, "ALT_MEDIAN": 3070.0, "area_km2": 0.0443876 }, "geometry": { "type": "Polygon", "coordinates": [ [ [ 10.74773235152769, 46.489513788587722 ], [ 10.748128478427128, 46.488876895231392 ], [ 10.74884428596082, 46.488814372764018 ], [ 10.748217800254395, 46.48843143618766 ], [ 10.74902911173209, 46.488445698283378 ], [ 10.748965644700688, 46.4879285208428 ], [ 10.747206221212728, 46.487868279926282 ], [ 10.74648707348042, 46.487042118876204 ], [ 10.744996524135368, 46.487554449463268 ], [ 10.745355753369083, 46.487834710849981 ], [ 10.744686299980993, 46.488465669457042 ], [ 10.746960093014849, 46.488794754199908 ], [ 10.746742013932911, 46.489196601585775 ], [ 10.74773235152769, 46.489513788587722 ] ] ] } },
{ "type": "Feature", "properties": { "HOM_ID": 53.0, "NAME_D": "Lorchenferner", "NAME_IT": null, "REGION": "Ortlergruppe", "ALT_MIN": 2789.0, "ALT_MAX": 3260.0, "ALT_MEDIAN": 2977.0, "area_km2": 0.256302 }, "geometry": { "type": "Polygon", "coordinates": [ [ [ 10.760914860489349, 46.494295057081963 ], [ 10.761395767713392, 46.494624668485457 ], [ 10.762591010410414, 46.494534814889356 ], [ 10.762498925107657, 46.493618233365353 ], [ 10.763043082792139, 46.492347264312038 ], [ 10.764377182751662, 46.490651181556537 ], [ 10.76511181001451, 46.488676993800318 ], [ 10.764492378141201, 46.487860139557093 ], [ 10.76400035124281, 46.487570081114974 ], [ 10.763693162570231, 46.487931998854812 ], [ 10.76361222445642, 46.487561185163173 ], [ 10.762481028616259, 46.4870196804332 ], [ 10.762039919965238, 46.486085428249439 ], [ 10.760141480610033, 46.48652423340809 ], [ 10.759758769337362, 46.487484509319152 ], [ 10.760508778250989, 46.488144438458477 ], [ 10.761792228677676, 46.488345645103038 ], [ 10.762009241548419, 46.488745677102635 ], [ 10.761015475086174, 46.488825278113879 ], [ 10.760970570906023, 46.489712569218284 ], [ 10.760213000908754, 46.490666394128276 ], [ 10.758669525402292, 46.491020820954397 ], [ 10.758303712381926, 46.491571145039721 ], [ 10.757053879740793, 46.491971349265782 ], [ 10.756820620599484, 46.492489866594532 ], [ 10.757750926395525, 46.493041731294483 ], [ 10.758332145237947, 46.492675615504048 ], [ 10.75913984777592, 46.492917980647334 ], [ 10.759285850492578, 46.491993020113135 ], [ 10.760342132035241, 46.491747550860723 ], [ 10.76082512048481, 46.493010592765259 ], [ 10.760115021099503, 46.494083539099421 ], [ 10.760158915268921, 46.495016292564401 ], [ 10.760663576542479, 46.494841839091471 ], [ 10.760914860489349, 46.494295057081963 ] ] ] } },
{ "type": "Feature", "properties": { "HOM_ID": 53.0, "NAME_D": "Lorchenferner", "NAME_IT": null, "REGION": "Ortlergruppe", "ALT_MIN": 2936.0, "ALT_MAX": 3172.0, "ALT_MEDIAN": 3039.0, "area_km2": 0.0674811 }, "geometry": { "type": "Polygon", "coordinates": [ [ [ 10.776355686634608, 46.497334681732482 ], [ 10.776509584670389, 46.496507021884995 ], [ 10.775400449441696, 46.496160401631471 ], [ 10.775976162804289, 46.495966680535126 ], [ 10.777325025327418, 46.496136218212257 ], [ 10.776858456508313, 46.495785337462202 ], [ 10.777576221513968, 46.495549396772638 ], [ 10.776959894334279, 46.495530259804973 ], [ 10.776080960613172, 46.494452040133375 ], [ 10.775830527827798, 46.495020273666398 ], [ 10.77478470628331, 46.494986505393314 ], [ 10.773422204094222, 46.495976267942609 ], [ 10.772651400508284, 46.496152779110467 ], [ 10.771856806304635, 46.496085062222669 ], [ 10.771458873784706, 46.49551081123726 ], [ 10.770545701564414, 46.4951290812228 ], [ 10.770193601846811, 46.4954351585856 ], [ 10.770979999101256, 46.496027209737136 ], [ 10.772200644701989, 46.496226831525966 ], [ 10.77373224236263, 46.497070143085821 ], [ 10.775056016105035, 46.49706150781396 ], [ 10.775709326777283, 46.497392345166681 ], [ 10.776355686634608, 46.497334681732482 ] ] ] } },
{ "type": "Feature", "properties": { "HOM_ID": 53.0, "NAME_D": "Lorchenferner", "NAME_IT": null, "REGION": "Ortlergruppe", "ALT_MIN": 2857.0, "ALT_MAX": 3136.0, "ALT_MEDIAN": 2971.0, "area_km2": 0.0785002 }, "geometry": { "type": "Polygon", "coordinates": [ [ [ 10.769354362449665, 46.495105847471663 ], [ 10.768796711929635, 46.494602518027868 ], [ 10.767699507293782, 46.495123346915001 ], [ 10.767257657886507, 46.494596788553764 ], [ 10.767817606830096, 46.494001405757189 ], [ 10.768647804033836, 46.493744732974697 ], [ 10.768274453811919, 46.494117457068086 ], [ 10.768810592863101, 46.494139637166981 ], [ 10.769388066306483, 46.49461646687304 ], [ 10.768910175301219, 46.49399474816795 ], [ 10.769843235307395, 46.493423110153564 ], [ 10.770758289572045, 46.493412515269576 ], [ 10.771270170736145, 46.493090268787221 ], [ 10.771998949294723, 46.493236136020599 ], [ 10.772781818209214, 46.492977547622431 ], [ 10.772486068229576, 46.492311348850791 ], [ 10.771725732260112, 46.492308131590285 ], [ 10.770688138883289, 46.493322639898857 ], [ 10.770440350791626, 46.492062060217123 ], [ 10.769946196390588, 46.492027325800414 ], [ 10.769548913050917, 46.49147151187973 ], [ 10.769217080956782, 46.491976698112509 ], [ 10.769390864109804, 46.492657412204323 ], [ 10.768209343347728, 46.493133832002485 ], [ 10.767676616373025, 46.493052773768582 ], [ 10.767545336073807, 46.492459503523662 ], [ 10.767029845242142, 46.492378175840678 ], [ 10.765379468711819, 46.494409429408783 ], [ 10.768422989815942, 46.495517916110686 ], [ 10.769354362449665, 46.495105847471663 ] ], [ [ 10.767125920255697, 46.493348220350967 ], [ 10.767894451698361, 46.493231567924852 ], [ 10.768013161078972, 46.493277356648228 ], [ 10.767222922263862, 46.493575315675429 ], [ 10.767125920255697, 46.493348220350967 ] ] ] } },
{ "type": "Feature", "properties": { "HOM_ID": 54.0, "NAME_D": "Lorchenferner", "NAME_IT": null, "REGION": "Ortlergruppe", "ALT_MIN": 3036.0, "ALT_MAX": 3247.0, "ALT_MEDIAN": 3128.0, "area_km2": 0.0264519 }, "geometry": { "type": "Polygon", "coordinates": [ [ [ 10.769904797232005, 46.490508881090413 ], [ 10.770280696759849, 46.490193506278487 ], [ 10.77144520960729, 46.490225953021735 ], [ 10.771247288394191, 46.489545614775579 ], [ 10.772342811329024, 46.489202415052617 ], [ 10.770354953971005, 46.489245115423955 ], [ 10.768662635385969, 46.490158777084858 ], [ 10.767915863437924, 46.489775285307417 ], [ 10.76804789757143, 46.489506536012804 ], [ 10.767476279436677, 46.489455618200132 ], [ 10.767961449831219, 46.489426687387187 ], [ 10.767974372418294, 46.489187176919486 ], [ 10.766910279285549, 46.488585703793618 ], [ 10.766768827787272, 46.488848630458996 ], [ 10.767222980331631, 46.488820181131651 ], [ 10.766836055751599, 46.489008322500567 ], [ 10.767323882858559, 46.489061504302711 ], [ 10.766867022160692, 46.489325734516548 ], [ 10.767329470651884, 46.489393594709604 ], [ 10.767431767231074, 46.489997076451701 ], [ 10.767933105098274, 46.489828595361665 ], [ 10.76878373704001, 46.490431668235246 ], [ 10.769904797232005, 46.490508881090413 ] ] ] } },
{ "type": "Feature", "properties": { "HOM_ID": 53.0, "NAME_D": "Lorchenferner", "NAME_IT": null, "REGION": "Ortlergruppe", "ALT_MIN": 3116.0, "ALT_MAX": 3140.0, "ALT_MEDIAN": 3129.0, "area_km2": 0.00267848 }, "geometry": { "type": "Polygon", "coordinates": [ [ [ 10.768732207763369, 46.491670173445343 ], [ 10.768440212485446, 46.491341322425413 ], [ 10.767461041593059, 46.49151076321219 ], [ 10.767774205781679, 46.491650091480643 ], [ 10.768732207763369, 46.491670173445343 ] ] ] } },
{ "type": "Feature", "properties": { "HOM_ID": 53.0, "NAME_D": "Lorchenferner", "NAME_IT": null, "REGION": "Ortlergruppe", "ALT_MIN": 3080.0, "ALT_MAX": 3121.0, "ALT_MEDIAN": 3103.0, "area_km2": 0.00352767 }, "geometry": { "type": "Polygon", "coordinates": [ [ [ 10.766021412953627, 46.492409383259485 ], [ 10.766460752677594, 46.491709668539784 ], [ 10.765569184823129, 46.491859165967206 ], [ 10.766040670020148, 46.491832836004221 ], [ 10.765701351596613, 46.492214304955063 ], [ 10.766021412953627, 46.492409383259485 ] ] ] } },
{ "type": "Feature", "properties": { "HOM_ID": 53.0, "NAME_D": "Lorchenferner", "NAME_IT": null, "REGION": "Ortlergruppe", "ALT_MIN": 3159.0, "ALT_MAX": 3168.0, "ALT_MEDIAN": 3165.0, "area_km2": 0.000598665 }, "geometry": { "type": "Polygon", "coordinates": [ [ [ 10.767894712891856, 46.491008179866398 ], [ 10.768134681335324, 46.490753253031116 ], [ 10.767435297116172, 46.490874790840245 ], [ 10.767894712891856, 46.491008179866398 ] ] ] } },
{ "type": "Feature", "properties": { "HOM_ID": 55.0, "NAME_D": "Weissbrunnferner", "NAME_IT": "Vedretta di Fontana Bianca", "REGION": "Ortlergruppe", "ALT_MIN": 2888.0, "ALT_MAX": 3341.0, "ALT_MEDIAN": 3153.0, "area_km2": 0.39526 }, "geometry": { "type": "Polygon", "coordinates": [ [ [ 10.768733914843404, 46.487882769170056 ], [ 10.76933291757792, 46.487367354605297 ], [ 10.772108146812185, 46.486326303429699 ], [ 10.776785486415498, 46.485601864660644 ], [ 10.775877681353878, 46.484507304179672 ], [ 10.774524026186198, 46.484916932015061 ], [ 10.773148857948501, 46.484862542830449 ], [ 10.773585464154664, 46.484677181302992 ], [ 10.77320202474556, 46.484207364775052 ], [ 10.774016080276803, 46.484053294242415 ], [ 10.773823250540769, 46.483784257031253 ], [ 10.774676289378105, 46.483186741948742 ], [ 10.773091655056616, 46.483541577556885 ], [ 10.773358758179608, 46.483359559742205 ], [ 10.772210483275289, 46.483183856224898 ], [ 10.771939174784958, 46.48280991551475 ], [ 10.774526869126001, 46.482063996955752 ], [ 10.775138720438054, 46.48213784242931 ], [ 10.774999261350169, 46.48277816968853 ], [ 10.776868909391801, 46.482156211552478 ], [ 10.779019285666076, 46.482223737267404 ], [ 10.779469921006132, 46.482655819068789 ], [ 10.780134023851936, 46.482509277193856 ], [ 10.779734795530931, 46.482190696234639 ], [ 10.777428987235208, 46.482058045038158 ], [ 10.778417973152203, 46.481343342147447 ], [ 10.778192711046268, 46.48117420862112 ], [ 10.776392235238925, 46.480591178101868 ], [ 10.77500331535221, 46.480830439243555 ], [ 10.774803050561337, 46.480524219295859 ], [ 10.775211895035469, 46.480535731763325 ], [ 10.774815770288289, 46.480151373340036 ], [ 10.773832820681337, 46.48042140539922 ], [ 10.772764138666629, 46.480205812224447 ], [ 10.772992770825944, 46.480028439704022 ], [ 10.772344155014707, 46.479670003776107 ], [ 10.772914720340051, 46.479301596465298 ], [ 10.771607074215567, 46.47865899742763 ], [ 10.772211214837109, 46.479849265929253 ], [ 10.771637881738592, 46.479708134761225 ], [ 10.771708695438759, 46.479024034383507 ], [ 10.771392418954958, 46.478815613134294 ], [ 10.770622981825184, 46.479606084742208 ], [ 10.771207803682223, 46.479517256474097 ], [ 10.771630921382874, 46.479908898601551 ], [ 10.771274965418492, 46.480093003528182 ], [ 10.772138948503434, 46.48039536359213 ], [ 10.770725995262017, 46.480512823310065 ], [ 10.77061314311115, 46.480731736097546 ], [ 10.769330022665127, 46.479830279547443 ], [ 10.769236977829264, 46.480502543773866 ], [ 10.769951836021725, 46.480777224138151 ], [ 10.769179699085514, 46.480845179468652 ], [ 10.768958472748272, 46.481735949149716 ], [ 10.767838851385063, 46.48219854974235 ], [ 10.768316113056214, 46.482252883304504 ], [ 10.768235069305019, 46.482475111356635 ], [ 10.767783002452786, 46.482623068780427 ], [ 10.767582268597568, 46.482321759257864 ], [ 10.766833811512271, 46.482649073977974 ], [ 10.767860430708472, 46.482927522804282 ], [ 10.767557792012243, 46.482970776426562 ], [ 10.767830669395869, 46.48315800694877 ], [ 10.766483507092838, 46.483434686813553 ], [ 10.767153909263008, 46.483539075255507 ], [ 10.768832522532353, 46.483076895664666 ], [ 10.768725458850477, 46.48334715167298 ], [ 10.76946668724036, 46.483450695546857 ], [ 10.768906025095385, 46.483669392383661 ], [ 10.76882725985463, 46.483759905941696 ], [ 10.770050146879029, 46.483918857614064 ], [ 10.76949554472897, 46.484133177810889 ], [ 10.769703005016305, 46.48447128796704 ], [ 10.768393809012275, 46.484666337896449 ], [ 10.769088909857977, 46.484734165536501 ], [ 10.768386912989056, 46.485027911391974 ], [ 10.768563718933402, 46.485313777752417 ], [ 10.767042565722845, 46.485244881033509 ], [ 10.766521312550214, 46.485670121477014 ], [ 10.767359306461051, 46.485805377969143 ], [ 10.766622278783732, 46.486597181743043 ], [ 10.767496222176186, 46.486442709497638 ], [ 10.768048566558742, 46.486678957331613 ], [ 10.767394311007436, 46.486829848438155 ], [ 10.767781081230192, 46.48680767713153 ], [ 10.76743874876761, 46.486972630837052 ], [ 10.76786928466637, 46.487172065873622 ], [ 10.767073463516036, 46.48739295989224 ], [ 10.767179097544394, 46.487588871877307 ], [ 10.767657403530446, 46.48788055703772 ], [ 10.768733914843404, 46.487882769170056 ] ], [ [ 10.771724677454818, 46.482982730708152 ], [ 10.771321445766995, 46.482985405972563 ], [ 10.771315118304894, 46.48294978649507 ], [ 10.771724677454818, 46.482982730708152 ] ], [ [ 10.771593155198259, 46.482913332647627 ], [ 10.771643444838483, 46.482869691927995 ], [ 10.771711790118264, 46.482904350457893 ], [ 10.771593155198259, 46.482913332647627 ] ], [ [ 10.769194532736206, 46.482873739526397 ], [ 10.769061101268221, 46.482957955039367 ], [ 10.76905894055389, 46.482891315269939 ], [ 10.769194532736206, 46.482873739526397 ] ], [ [ 10.770824376958082, 46.482665470176528 ], [ 10.770786795766774, 46.482654622444109 ], [ 10.771030665079875, 46.482585124448988 ], [ 10.770824376958082, 46.482665470176528 ] ], [ [ 10.777874051434866, 46.481444181864354 ], [ 10.77797629423832, 46.481408302835078 ], [ 10.77797685262326, 46.481425438774728 ], [ 10.777874051434866, 46.481444181864354 ] ], [ [ 10.777885982512574, 46.481302552766898 ], [ 10.777981093503271, 46.481238210251611 ], [ 10.778010825144378, 46.481262036597975 ], [ 10.777885982512574, 46.481302552766898 ] ], [ [ 10.777895789152701, 46.481173494321787 ], [ 10.777656201698623, 46.481120070640017 ], [ 10.777925634249664, 46.481137311846055 ], [ 10.777895789152701, 46.481173494321787 ] ], [ [ 10.770392633315781, 46.481100544213703 ], [ 10.770210369971583, 46.481220044897952 ], [ 10.77017015399753, 46.481149231585093 ], [ 10.770392633315781, 46.481100544213703 ] ], [ [ 10.775937968822831, 46.481091857497816 ], [ 10.775877734483327, 46.481085298890662 ], [ 10.775899517938772, 46.481054286541109 ], [ 10.775937968822831, 46.481091857497816 ] ], [ [ 10.775001059910776, 46.481028233198401 ], [ 10.77501703993287, 46.481137996004151 ], [ 10.774926524603455, 46.481089396401877 ], [ 10.775001059910776, 46.481028233198401 ] ], [ [ 10.775226276724098, 46.480974255128189 ], [ 10.775046657226719, 46.481015738317701 ], [ 10.774987670739344, 46.480924381738618 ], [ 10.775226276724098, 46.480974255128189 ] ], [ [ 10.770358690476435, 46.481010583959645 ], [ 10.77030832426825, 46.481051844866052 ], [ 10.770337864221606, 46.481006144614341 ], [ 10.770358690476435, 46.481010583959645 ] ], [ [ 10.769395588437618, 46.481287442399406 ], [ 10.769536776490057, 46.481304307377982 ], [ 10.769393882697873, 46.481319853674336 ], [ 10.769395588437618, 46.481287442399406 ] ], [ [ 10.773985273925604, 46.480494112989561 ], [ 10.774078277116638, 46.480439092416745 ], [ 10.774096741340259, 46.48047690569642 ], [ 10.773985273925604, 46.480494112989561 ] ], [ [ 10.774311162369395, 46.480392617295607 ], [ 10.774187037202616, 46.480338585271646 ], [ 10.774384404957656, 46.480312901654727 ], [ 10.774311162369395, 46.480392617295607 ] ], [ [ 10.774496277583975, 46.48036117024494 ], [ 10.774470284319888, 46.480250848165483 ], [ 10.774600585311251, 46.48033573975421 ], [ 10.774496277583975, 46.48036117024494 ] ], [ [ 10.773782177467282, 46.480449639529219 ], [ 10.77387628346532, 46.480481516701843 ], [ 10.773760634174165, 46.480476166749682 ], [ 10.773782177467282, 46.480449639529219 ] ], [ [ 10.77123350702905, 46.479069569902272 ], [ 10.771451588638469, 46.478938796554971 ], [ 10.77154017492068, 46.478960046001148 ], [ 10.771494709343312, 46.479035401075144 ], [ 10.77123350702905, 46.479069569902272 ] ] ] } },
{ "type": "Feature", "properties": { "HOM_ID": 55.0, "NAME_D": "Weissbrunnferner", "NAME_IT": "Vedretta di Fontana Bianca", "REGION": "Ortlergruppe", "ALT_MIN": 3272.0, "ALT_MAX": 3335.0, "ALT_MEDIAN": 3309.0, "area_km2": 0.00929947 }, "geometry": { "type": "Polygon", "coordinates": [ [ [ 10.766427746811031, 46.485444779370653 ], [ 10.767151870467542, 46.485003546203494 ], [ 10.76635239681057, 46.484970180100476 ], [ 10.767746668192148, 46.484554591665898 ], [ 10.767451840913829, 46.484239116593322 ], [ 10.766237112274673, 46.484156447263196 ], [ 10.767204221921507, 46.484448679175287 ], [ 10.76679166819472, 46.48467479171282 ], [ 10.765826464782613, 46.484505396571983 ], [ 10.76567671168895, 46.485054909199974 ], [ 10.766427746811031, 46.485444779370653 ] ] ] } },
{ "type": "Feature", "properties": { "HOM_ID": 56.0, "NAME_D": "Gruenseeferner", "NAME_IT": null, "REGION": "Ortlergruppe", "ALT_MIN": 2723.0, "ALT_MAX": 2849.0, "ALT_MEDIAN": 2786.0, "area_km2": 0.0320749 }, "geometry": { "type": "Polygon", "coordinates": [ [ [ 10.782686933492846, 46.479401839882826 ], [ 10.782539556208418, 46.478848999782727 ], [ 10.783442130218123, 46.478727771076045 ], [ 10.78370127129857, 46.478114140379795 ], [ 10.781561719876162, 46.47817488054978 ], [ 10.780288327964994, 46.47769402703922 ], [ 10.780075470578108, 46.478142625373039 ], [ 10.780866776902208, 46.478625594420556 ], [ 10.779973858107804, 46.47845296990117 ], [ 10.780023214882348, 46.478909392599249 ], [ 10.780804689756021, 46.479302029241587 ], [ 10.782686933492846, 46.479401839882826 ] ] ] } },
{ "type": "Feature", "properties": { "HOM_ID": 56.0, "NAME_D": "Gruenseeferner", "NAME_IT": null, "REGION": "Ortlergruppe", "ALT_MIN": 2869.0, "ALT_MAX": 3248.0, "ALT_MEDIAN": 3064.0, "area_km2": 0.150902 }, "geometry": { "type": "Polygon", "coordinates": [ [ [ 10.775491944942022, 46.478140717875903 ], [ 10.775820341084845, 46.477610543299498 ], [ 10.775423669156678, 46.477072002531564 ], [ 10.776092697234759, 46.477109236620613 ], [ 10.776098202523499, 46.476442344538732 ], [ 10.776551589428333, 46.476459677938223 ], [ 10.776550271857934, 46.476022152906495 ], [ 10.777332451625572, 46.47596445647855 ], [ 10.77790359975447, 46.475510291683307 ], [ 10.778415403512263, 46.475773790121323 ], [ 10.778084155461062, 46.475974200701913 ], [ 10.778610346664466, 46.476573223196269 ], [ 10.779251756145419, 46.476794221502452 ], [ 10.778785700656559, 46.4766657439623 ], [ 10.778800690953162, 46.476808382722318 ], [ 10.779960845336985, 46.47720195985584 ], [ 10.782002632831576, 46.476255972555315 ], [ 10.78208132228607, 46.475921377881804 ], [ 10.782946195422021, 46.476124584341434 ], [ 10.782989471538716, 46.475866739028561 ], [ 10.784198887778189, 46.475855017527792 ], [ 10.784218821118094, 46.475621348573284 ], [ 10.783785313472352, 46.475223307130477 ], [ 10.782321668303716, 46.475511367614573 ], [ 10.781821399395428, 46.475073880023437 ], [ 10.780572766097535, 46.474833779285611 ], [ 10.780757253055706, 46.475311910141826 ], [ 10.779801999178989, 46.475508707322696 ], [ 10.77993417079275, 46.475249479406052 ], [ 10.779319371093493, 46.475167610184897 ], [ 10.778942230498174, 46.47459436937794 ], [ 10.778136949663983, 46.474801439696108 ], [ 10.777423534962546, 46.474591079843194 ], [ 10.777810380847626, 46.474827949004549 ], [ 10.777199427409149, 46.474694573760857 ], [ 10.776671718127973, 46.475424279614273 ], [ 10.775897107419457, 46.475107508680601 ], [ 10.776215804267959, 46.474706682810485 ], [ 10.77423300236077, 46.474543994625456 ], [ 10.773197493438673, 46.474762460062784 ], [ 10.773677126465248, 46.47626410982955 ], [ 10.775278328825909, 46.476614299722542 ], [ 10.772651305792746, 46.476967589622831 ], [ 10.772437522349442, 46.477283437307428 ], [ 10.773626392780809, 46.477384349524662 ], [ 10.774180629593948, 46.477977719307006 ], [ 10.775491944942022, 46.478140717875903 ] ] ] } },
{ "type": "Feature", "properties": { "HOM_ID": 56.0, "NAME_D": "Gruenseeferner", "NAME_IT": null, "REGION": "Ortlergruppe", "ALT_MIN": 2731.0, "ALT_MAX": 2787.0, "ALT_MEDIAN": 2760.0, "area_km2": 0.00781142 }, "geometry": { "type": "Polygon", "coordinates": [ [ [ 10.785027060429915, 46.477385613940193 ], [ 10.785785967898981, 46.477272562766004 ], [ 10.78651206564372, 46.476683778022078 ], [ 10.785409199205846, 46.476555155199549 ], [ 10.784759390124831, 46.476842115220414 ], [ 10.785027060429915, 46.477385613940193 ] ] ] } },
{ "type": "Feature", "properties": { "HOM_ID": 57.0, "NAME_D": "Zufrittferner Oberer", "NAME_IT": "Vedretta Giovereto Superiore", "REGION": "Ortlergruppe", "ALT_MIN": 3135.0, "ALT_MAX": 3327.0, "ALT_MEDIAN": 3247.0, "area_km2": 0.0653145 }, "geometry": { "type": "Polygon", "coordinates": [ [ [ 10.778903107493544, 46.501627323265907 ], [ 10.780007406537303, 46.501927313686821 ], [ 10.781624903374574, 46.500825704239119 ], [ 10.780986301614494, 46.500407632146647 ], [ 10.778785161458233, 46.50066858434927 ], [ 10.777592448185656, 46.500003728759403 ], [ 10.776364132363435, 46.500638065084708 ], [ 10.774881007395553, 46.500885560763386 ], [ 10.775759979537172, 46.501722000212432 ], [ 10.777165977056837, 46.501525621757722 ], [ 10.777537331561909, 46.501069803354419 ], [ 10.778583148571597, 46.501522636403791 ], [ 10.777333564616091, 46.501906389323331 ], [ 10.777579398884987, 46.502571683017855 ], [ 10.778730548656913, 46.502129929716311 ], [ 10.778903107493544, 46.501627323265907 ] ] ] } },
{ "type": "Feature", "properties": { "HOM_ID": 57.0, "NAME_D": "Zufrittferner Unterer", "NAME_IT": "Vedretta Giovereto Inferiore", "REGION": "Ortlergruppe", "ALT_MIN": 2934.0, "ALT_MAX": 3120.0, "ALT_MEDIAN": 2996.0, "area_km2": 0.0790068 }, "geometry": { "type": "Polygon", "coordinates": [ [ [ 10.776525635249278, 46.50544715912293 ], [ 10.77843278646924, 46.503652453580997 ], [ 10.778284088812432, 46.50319043291006 ], [ 10.776752935923479, 46.503559508001445 ], [ 10.776265432847055, 46.502885465385205 ], [ 10.775432701932456, 46.502880836692142 ], [ 10.773997783563591, 46.50225435060878 ], [ 10.773860593798355, 46.502521939741591 ], [ 10.774253483100187, 46.502484653705444 ], [ 10.773976941365877, 46.502972802537016 ], [ 10.774718141981417, 46.502860339089764 ], [ 10.775331967959357, 46.503210013042349 ], [ 10.774491446082525, 46.503211153899031 ], [ 10.774731477258003, 46.503623129897392 ], [ 10.773616474866179, 46.503595142109894 ], [ 10.773291746898819, 46.503957021044052 ], [ 10.773980374809636, 46.503864486010357 ], [ 10.773884761276287, 46.504502938702046 ], [ 10.773330891773883, 46.50510087482126 ], [ 10.774106525260487, 46.505091820636849 ], [ 10.775371721472503, 46.505753800372517 ], [ 10.776525635249278, 46.50544715912293 ] ], [ [ 10.775385023262569, 46.502933153756381 ], [ 10.775251114808185, 46.502950949070971 ], [ 10.775318637254792, 46.502864177048252 ], [ 10.775385023262569, 46.502933153756381 ] ] ] } },
{ "type": "Feature", "properties": { "HOM_ID": 58.0, "NAME_D": "Soyferner", "NAME_IT": "Vedretta di Soi", "REGION": "Ortlergruppe", "ALT_MIN": 2776.0, "ALT_MAX": 3349.0, "ALT_MEDIAN": 2997.0, "area_km2": 0.450879 }, "geometry": { "type": "Polygon", "coordinates": [ [ [ 10.788605590594202, 46.512193586928355 ], [ 10.788984888143816, 46.511139929151717 ], [ 10.789190586395213, 46.51152246400887 ], [ 10.789863370233059, 46.511575605738322 ], [ 10.791621389526775, 46.510346193971174 ], [ 10.791802380410303, 46.509976654555985 ], [ 10.791063061224831, 46.509910066012687 ], [ 10.790720491091001, 46.508731569754794 ], [ 10.789592774552469, 46.508263619651458 ], [ 10.789877868441556, 46.507887096308778 ], [ 10.791671016996006, 46.50748754793505 ], [ 10.792048241560082, 46.507029210271227 ], [ 10.791732164985927, 46.50659364267571 ], [ 10.791058876480399, 46.506438102529181 ], [ 10.790624572037229, 46.50529002505813 ], [ 10.789941612072111, 46.504839361687822 ], [ 10.789178947644299, 46.50511203801895 ], [ 10.789024655656767, 46.505796068595146 ], [ 10.788245513068004, 46.506486896199405 ], [ 10.787771710450187, 46.507612154288033 ], [ 10.788008218010441, 46.507849871509222 ], [ 10.786514610107226, 46.507524967065358 ], [ 10.785650072670476, 46.506663383046877 ], [ 10.785765037930144, 46.505582787261346 ], [ 10.786365117072117, 46.505036217102528 ], [ 10.786375211016757, 46.505428479974604 ], [ 10.787244334220981, 46.505686098892454 ], [ 10.78765486552853, 46.505322503216881 ], [ 10.787811014380159, 46.505635272589558 ], [ 10.788408523541202, 46.505656539052715 ], [ 10.788652264975166, 46.505328408235279 ], [ 10.788133642033287, 46.505035599574938 ], [ 10.788039202471868, 46.505343281840908 ], [ 10.787914059793033, 46.505339286167811 ], [ 10.787808180721864, 46.504827556021723 ], [ 10.786234124827899, 46.504654992903333 ], [ 10.786497701419924, 46.502658672187835 ], [ 10.785311711444885, 46.502245532900147 ], [ 10.7849567912333, 46.501431942205819 ], [ 10.782916607140534, 46.502566359708752 ], [ 10.781734485800259, 46.502777186145074 ], [ 10.781803574870143, 46.503456178238544 ], [ 10.781882806961427, 46.50309490772824 ], [ 10.782473601278552, 46.502939017914741 ], [ 10.782341739685387, 46.502702953758757 ], [ 10.782795231701506, 46.50281970669338 ], [ 10.783073611890401, 46.50381196122558 ], [ 10.782472947032209, 46.5037927518365 ], [ 10.781983919599558, 46.503390808684536 ], [ 10.78179214881358, 46.503628957492587 ], [ 10.78127135847871, 46.503535257900168 ], [ 10.783005367674711, 46.504255927484699 ], [ 10.783015763511631, 46.504890115064583 ], [ 10.783702527199974, 46.505327069052839 ], [ 10.783351527636881, 46.506351694585291 ], [ 10.781737999201647, 46.506966573438817 ], [ 10.78149755914661, 46.507376074993637 ], [ 10.779751772366568, 46.507501365839012 ], [ 10.781902642085671, 46.508432108993716 ], [ 10.782396102417961, 46.50928462379229 ], [ 10.784200515229351, 46.510279800576114 ], [ 10.785482342459632, 46.510135518716801 ], [ 10.7857024328859, 46.509484397778763 ], [ 10.787975667616337, 46.510444213441573 ], [ 10.788067250587561, 46.511133326858086 ], [ 10.787626974192394, 46.510959240686589 ], [ 10.787192602332601, 46.511175574599058 ], [ 10.78818605575437, 46.511390543382781 ], [ 10.788184268140263, 46.511966819738355 ], [ 10.788605590594202, 46.512193586928355 ] ], [ [ 10.786734306311315, 46.509118958607644 ], [ 10.785892323450019, 46.508367748281728 ], [ 10.786447463594609, 46.508259066850783 ], [ 10.786117768346482, 46.507985617720237 ], [ 10.787588251307994, 46.508341248663648 ], [ 10.786536931944744, 46.508779150554595 ], [ 10.786734306311315, 46.509118958607644 ] ] ] } },
{ "type": "Feature", "properties": { "HOM_ID": 58.0, "NAME_D": "Soyferner", "NAME_IT": "Vedretta di Soi", "REGION": "Ortlergruppe", "ALT_MIN": 3100.0, "ALT_MAX": 3219.0, "ALT_MEDIAN": 3148.0, "area_km2": 0.0112792 }, "geometry": { "type": "Polygon", "coordinates": [ [ [ 10.781567942496189, 46.506062762978083 ], [ 10.782752779036475, 46.505637469476106 ], [ 10.780266206118982, 46.505042074295318 ], [ 10.780873445197836, 46.505895563208746 ], [ 10.781567942496189, 46.506062762978083 ] ] ] } },
{ "type": "Feature", "properties": { "HOM_ID": 64.0, "NAME_D": "Kuppelwiesferner", "NAME_IT": "Vedretta Pracupola", "REGION": "Ortlergruppe", "ALT_MIN": 2939.0, "ALT_MAX": 3249.0, "ALT_MEDIAN": 3097.0, "area_km2": 0.111824 }, "geometry": { "type": "Polygon", "coordinates": [ [ [ 10.863423999496744, 46.548238935649792 ], [ 10.863599147572646, 46.547375360805766 ], [ 10.863136889580508, 46.546924993215804 ], [ 10.86363907278864, 46.547029439089705 ], [ 10.863590213574691, 46.546408746318413 ], [ 10.865081797154437, 46.545815018257478 ], [ 10.86522843502579, 46.544957780551485 ], [ 10.864943426468276, 46.54479812806391 ], [ 10.864697847834158, 46.545084302409713 ], [ 10.864511858299295, 46.544692058681761 ], [ 10.864125362539243, 46.544793607575507 ], [ 10.864370117270024, 46.544684845244177 ], [ 10.863957927232935, 46.544136749067441 ], [ 10.863226976790987, 46.544446308565682 ], [ 10.862228768889739, 46.544219688316325 ], [ 10.862171176160038, 46.544846401081173 ], [ 10.861004377990303, 46.543916065106096 ], [ 10.860459350905623, 46.54412495367454 ], [ 10.859591214416481, 46.543967628629566 ], [ 10.859552813747952, 46.544813573733101 ], [ 10.858605809642132, 46.544267009972408 ], [ 10.860287677561404, 46.546217711214851 ], [ 10.860943542828769, 46.546423728133398 ], [ 10.8608218945042, 46.546799098439699 ], [ 10.862087829417778, 46.547416809946711 ], [ 10.862135074804861, 46.54788989616226 ], [ 10.862245380862872, 46.547583308758526 ], [ 10.863423999496744, 46.548238935649792 ] ], [ [ 10.862069544911115, 46.546488783701385 ], [ 10.862359461880896, 46.546549783924256 ], [ 10.862622676157409, 46.547101264486429 ], [ 10.862140179688515, 46.54673765862394 ], [ 10.862069544911115, 46.546488783701385 ] ], [ [ 10.86297750941883, 46.546759737670541 ], [ 10.862607362264209, 46.546895780085435 ], [ 10.862724128127885, 46.546616708020004 ], [ 10.86297750941883, 46.546759737670541 ] ], [ [ 10.864267437054448, 46.545527393159155 ], [ 10.864439184589862, 46.545503757799231 ], [ 10.864305188694537, 46.545622025471857 ], [ 10.864267437054448, 46.545527393159155 ] ], [ [ 10.863279762120298, 46.545281560637825 ], [ 10.863516285134192, 46.544881834300426 ], [ 10.862950938454537, 46.545001175613848 ], [ 10.862859654915502, 46.544728826905448 ], [ 10.863081743359411, 46.544915703439031 ], [ 10.86392960850961, 46.544732227198111 ], [ 10.864388155047656, 46.54514741197135 ], [ 10.864108045709493, 46.545407956078826 ], [ 10.863279762120298, 46.545281560637825 ] ] ] } },
{ "type": "Feature", "properties": { "HOM_ID": 64.0, "NAME_D": "Kuppelwiesferner", "NAME_IT": "Vedretta Pracupola", "REGION": "Ortlergruppe", "ALT_MIN": 2826.0, "ALT_MAX": 2911.0, "ALT_MEDIAN": 2851.0, "area_km2": 0.0098647 }, "geometry": { "type": "Polygon", "coordinates": [ [ [ 10.86584669478985, 46.548835530635316 ], [ 10.866807453674934, 46.548369807294044 ], [ 10.865386277147005, 46.547485767669286 ], [ 10.865532066230486, 46.548114402774388 ], [ 10.865154714877271, 46.548684898754694 ], [ 10.86584669478985, 46.548835530635316 ] ] ] } },
{ "type": "Feature", "properties": { "HOM_ID": 63.0, "NAME_D": "Hasenohrferner", "NAME_IT": "Vedretta dell Orecchia", "REGION": "Ortlergruppe", "ALT_MIN": 2884.0, "ALT_MAX": 3197.0, "ALT_MEDIAN": 3037.0, "area_km2": 0.13588 }, "geometry": { "type": "Polygon", "coordinates": [ [ [ 10.859825096893577, 46.551504099138519 ], [ 10.861377007186439, 46.550431847956638 ], [ 10.861083519104385, 46.549977337270199 ], [ 10.861385112954034, 46.549107583610542 ], [ 10.860113225738953, 46.548118086198649 ], [ 10.860205486437028, 46.547485096067867 ], [ 10.85945811749184, 46.547067528477271 ], [ 10.859273423626641, 46.54634855702335 ], [ 10.85830787733882, 46.546614252533544 ], [ 10.857934374823044, 46.546429826950913 ], [ 10.85860990105712, 46.546079768467564 ], [ 10.858487207295186, 46.545801616245718 ], [ 10.859226403201969, 46.545861035726638 ], [ 10.858669159627773, 46.545313802964088 ], [ 10.857664954971309, 46.544987229936062 ], [ 10.857684395643556, 46.545582209460328 ], [ 10.856813526418076, 46.545648740025953 ], [ 10.856816770417282, 46.545339133505777 ], [ 10.856431188523157, 46.545366823903947 ], [ 10.856759190486747, 46.545775824613628 ], [ 10.856049873531179, 46.546626389787441 ], [ 10.856485644798839, 46.547427925483504 ], [ 10.857534742838613, 46.548006978825633 ], [ 10.858512414649264, 46.54798442663288 ], [ 10.858408351334724, 46.547605127859136 ], [ 10.858690397355939, 46.547455767945266 ], [ 10.859047716238774, 46.548170553427681 ], [ 10.858609568003084, 46.548114812438897 ], [ 10.858730718078657, 46.548794332358241 ], [ 10.85809554209863, 46.549372393563168 ], [ 10.858501137194894, 46.550242553943441 ], [ 10.858230619082976, 46.550406489123489 ], [ 10.858209396547212, 46.550138713287538 ], [ 10.857795227946717, 46.550745500097101 ], [ 10.858306771488015, 46.551367209612515 ], [ 10.858701952589456, 46.551070888008731 ], [ 10.859825096893577, 46.551504099138519 ] ] ] } },
{ "type": "Feature", "properties": { "HOM_ID": 68.0, "NAME_D": "Valginferner", "NAME_IT": "Vedretta di Val China", "REGION": "Oetztaler Alpen", "ALT_MIN": 2911.0, "ALT_MAX": 3261.0, "ALT_MEDIAN": 3137.0, "area_km2": 0.244621 }, "geometry": { "type": "Polygon", "coordinates": [ [ [ 10.710738883856868, 46.846633468262745 ], [ 10.711963141022769, 46.846062753653662 ], [ 10.713122518097533, 46.844252862724993 ], [ 10.712035837563274, 46.843472661012882 ], [ 10.71191041787819, 46.842638070946357 ], [ 10.711333118504605, 46.84232526191493 ], [ 10.71048735862488, 46.842573631907761 ], [ 10.710002365931581, 46.842380871579678 ], [ 10.708013364610558, 46.842935599615529 ], [ 10.707633782761787, 46.842291235057104 ], [ 10.708046942099578, 46.842188636439289 ], [ 10.707019992750601, 46.841512143412302 ], [ 10.706814605027919, 46.840724694364496 ], [ 10.705582441334938, 46.840619687715694 ], [ 10.703405290623788, 46.839585400988376 ], [ 10.702725205584214, 46.839585998491309 ], [ 10.704434059049394, 46.840921691455279 ], [ 10.704725938559402, 46.842184584193149 ], [ 10.705345150333573, 46.84283610206036 ], [ 10.70436094523861, 46.842493605690045 ], [ 10.704354702383979, 46.84295443395272 ], [ 10.706322499386655, 46.844365983777564 ], [ 10.706816771627659, 46.84567295649201 ], [ 10.70775829339822, 46.845816060127113 ], [ 10.707977376029309, 46.845337769004757 ], [ 10.708722595077795, 46.845211146514842 ], [ 10.70939925262293, 46.846193942667995 ], [ 10.710738883856868, 46.846633468262745 ] ] ] } },
{ "type": "Feature", "properties": { "HOM_ID": 69.0, "NAME_D": "Milanzenferner", "NAME_IT": "Vedretta Mulenza", "REGION": "Oetztaler Alpen", "ALT_MIN": 2985.0, "ALT_MAX": 3084.0, "ALT_MEDIAN": 3045.0, "area_km2": 0.0127401 }, "geometry": { "type": "Polygon", "coordinates": [ [ [ 10.709527269201898, 46.83877267793752 ], [ 10.709298918128356, 46.837633972659802 ], [ 10.709916464267664, 46.837412832635373 ], [ 10.710041875778785, 46.837975270559355 ], [ 10.71159049577502, 46.837135413323345 ], [ 10.709836982238802, 46.83709495735652 ], [ 10.709051086135828, 46.837368614958706 ], [ 10.708613886894733, 46.837806115231373 ], [ 10.709040481674931, 46.837953244552985 ], [ 10.709005587821784, 46.838778565064537 ], [ 10.709527269201898, 46.83877267793752 ] ] ] } },
{ "type": "Feature", "properties": { "HOM_ID": 69.0, "NAME_D": "Milanzenferner", "NAME_IT": "Vedretta Mulenza", "REGION": "Oetztaler Alpen", "ALT_MIN": 2964.0, "ALT_MAX": 3091.0, "ALT_MEDIAN": 3020.0, "area_km2": 0.0194349 }, "geometry": { "type": "Polygon", "coordinates": [ [ [ 10.71315882224912, 46.839387524164721 ], [ 10.714233164557022, 46.839020317925602 ], [ 10.714433274531212, 46.83928971359758 ], [ 10.714711653155199, 46.838986301512293 ], [ 10.713399132035931, 46.837381978768079 ], [ 10.712533087176222, 46.838250565759935 ], [ 10.712577243042251, 46.838771765512085 ], [ 10.71315882224912, 46.839387524164721 ] ] ] } },
{ "type": "Feature", "properties": { "HOM_ID": 70.0, "NAME_D": "Gepatschferner", "NAME_IT": "Vedretta della Croda", "REGION": "Oetztaler Alpen", "ALT_MIN": 2925.0, "ALT_MAX": 3501.0, "ALT_MEDIAN": 3188.0, "area_km2": 3.5049 }, "geometry": { "type": "Polygon", "coordinates": [ [ [ 10.715399122004575, 46.8471411330191 ], [ 10.717151268140196, 46.846191956069461 ], [ 10.716520022975116, 46.844155619449538 ], [ 10.716852701412863, 46.843457264158225 ], [ 10.719376460716804, 46.842290748978613 ], [ 10.72097701808708, 46.842078109529297 ], [ 10.721969845199812, 46.839175898081322 ], [ 10.723976559890451, 46.837605611525014 ], [ 10.726284775556378, 46.837782252699078 ], [ 10.729331993202637, 46.836204742729223 ], [ 10.729707236768634, 46.835701904231939 ], [ 10.728782616112646, 46.835433006875746 ], [ 10.729265929892593, 46.835054257895067 ], [ 10.73144846428762, 46.835598424783498 ], [ 10.735751356649468, 46.833847443511878 ], [ 10.739455091553031, 46.834051214923676 ], [ 10.741806125432536, 46.833881160865346 ], [ 10.746575171386864, 46.832782705845204 ], [ 10.749688192700201, 46.833643763692749 ], [ 10.75215731083888, 46.833137389048112 ], [ 10.753945778237588, 46.833209994518683 ], [ 10.754952381337212, 46.833820305299206 ], [ 10.755408528418387, 46.833636157633215 ], [ 10.756488749473604, 46.831522336548048 ], [ 10.756276011316022, 46.830359830415034 ], [ 10.755862267090439, 46.830183314191828 ], [ 10.756097019768955, 46.82959396910924 ], [ 10.755618549721513, 46.82794122930445 ], [ 10.756027604049693, 46.826952047218001 ], [ 10.758328680324949, 46.82551664210208 ], [ 10.758022644047182, 46.826344242454596 ], [ 10.762313660114105, 46.824915311402577 ], [ 10.762919084802117, 46.824334527750793 ], [ 10.763017618482735, 46.823401534481846 ], [ 10.761958842104935, 46.823457521432346 ], [ 10.763021910321859, 46.822387131905124 ], [ 10.763010246729291, 46.821876486454848 ], [ 10.762472761155133, 46.821733330546749 ], [ 10.76275013933507, 46.821114169089512 ], [ 10.762187138080812, 46.820317371787816 ], [ 10.762313704270822, 46.819440748697438 ], [ 10.76119784110946, 46.820449408612873 ], [ 10.759975607767849, 46.820751085075386 ], [ 10.758670003987838, 46.81751859925533 ], [ 10.757771470679067, 46.817087144881768 ], [ 10.757043819991457, 46.817003078102992 ], [ 10.756758451389318, 46.817293188867815 ], [ 10.756275168467148, 46.816831535410671 ], [ 10.756404726500206, 46.816336665034513 ], [ 10.755520648905605, 46.815762106909176 ], [ 10.752641675125808, 46.814884859572032 ], [ 10.751905896916183, 46.814955177926272 ], [ 10.751747363092846, 46.815285240491328 ], [ 10.75215579228912, 46.815387563817758 ], [ 10.751803507310269, 46.815817741645539 ], [ 10.752318400450758, 46.816122254525361 ], [ 10.750719195297057, 46.815686710330311 ], [ 10.749833735403774, 46.816243139155297 ], [ 10.750164961559125, 46.816723812346986 ], [ 10.749292866447183, 46.816463324907083 ], [ 10.748281377558463, 46.816931187312129 ], [ 10.747516921184078, 46.818618495207716 ], [ 10.746203076291305, 46.819430902370847 ], [ 10.745958384030017, 46.818622690618525 ], [ 10.745435426440061, 46.818647336542867 ], [ 10.742375146218459, 46.820620263108211 ], [ 10.741044980723327, 46.8209343344312 ], [ 10.738955143627118, 46.822818585379338 ], [ 10.737432603440599, 46.823365548237923 ], [ 10.737526712724613, 46.823642687229942 ], [ 10.736461403608409, 46.824229856821141 ], [ 10.737276968014656, 46.82477941004079 ], [ 10.737182152600992, 46.825066577246325 ], [ 10.739055310223254, 46.825923882438829 ], [ 10.739148176693199, 46.826436781784714 ], [ 10.73806610974396, 46.827693759267589 ], [ 10.735683063153662, 46.828887130018529 ], [ 10.735168681866936, 46.828642537833915 ], [ 10.736234910912401, 46.82814062713004 ], [ 10.735759923002608, 46.828257361754012 ], [ 10.735679078033389, 46.827901428585889 ], [ 10.735290260652855, 46.827893039199864 ], [ 10.735503786423013, 46.828275533150112 ], [ 10.734667297079437, 46.828154877895393 ], [ 10.734279660164088, 46.828398859546454 ], [ 10.734543811845086, 46.829028696639973 ], [ 10.733986480171003, 46.829497879260927 ], [ 10.732778575120106, 46.829641183108457 ], [ 10.732205845844479, 46.830117733764361 ], [ 10.730150437330169, 46.830803623156825 ], [ 10.728620067901288, 46.831224389710059 ], [ 10.726237657461079, 46.831311546835217 ], [ 10.725338034374019, 46.832741848588235 ], [ 10.725405085028672, 46.833987325595906 ], [ 10.725154896945309, 46.834300636087654 ], [ 10.724078892985894, 46.834287089463594 ], [ 10.723807887469347, 46.835576947122156 ], [ 10.722843856081672, 46.836353405443006 ], [ 10.722475717692021, 46.836233942043215 ], [ 10.722542092403637, 46.836664113617289 ], [ 10.721609838204415, 46.837296028876246 ], [ 10.721946928782865, 46.837583827552635 ], [ 10.720719886126494, 46.838927346503411 ], [ 10.72088279674432, 46.839139192803117 ], [ 10.719668600335433, 46.839709296625223 ], [ 10.719182128563711, 46.840340444679107 ], [ 10.718162597699305, 46.839272373437446 ], [ 10.718289208746167, 46.84052243480356 ], [ 10.718806671922511, 46.840536093537025 ], [ 10.717477568419149, 46.840859515400069 ], [ 10.716359264675754, 46.84224540408556 ], [ 10.715023713340413, 46.843131181607738 ], [ 10.715894425256254, 46.84483249247414 ], [ 10.715051326737496, 46.844837987661528 ], [ 10.715864192643387, 46.844863899662826 ], [ 10.716198087355764, 46.845497453376552 ], [ 10.715399122004575, 46.8471411330191 ] ], [ [ 10.741674262134293, 46.832229809704408 ], [ 10.742838900629673, 46.830962017462568 ], [ 10.743771127426907, 46.830822809644509 ], [ 10.745492048123522, 46.831469223055542 ], [ 10.742869697452941, 46.831672124333089 ], [ 10.741674262134293, 46.832229809704408 ] ], [ [ 10.754150072228597, 46.823224422942694 ], [ 10.754774746460996, 46.822167173623804 ], [ 10.754864475612566, 46.821993170132423 ], [ 10.754846993027982, 46.822255355905178 ], [ 10.754150072228597, 46.823224422942694 ] ] ] } },
{ "type": "Feature", "properties": { "HOM_ID": 71.0, "NAME_D": "Langtaufererferner", "NAME_IT": "Vedretta di Valle Lunga", "REGION": "Oetztaler Alpen", "ALT_MIN": 3246.0, "ALT_MAX": 3428.0, "ALT_MEDIAN": 3318.0, "area_km2": 0.0334085 }, "geometry": { "type": "Polygon", "coordinates": [ [ [ 10.746111782489262, 46.809866957772215 ], [ 10.747656091759751, 46.810862481432089 ], [ 10.748410667684411, 46.810603322059073 ], [ 10.746097268166691, 46.806688791868154 ], [ 10.745889629612092, 46.808575042365774 ], [ 10.746111782489262, 46.809866957772215 ] ] ] } },
{ "type": "Feature", "properties": { "HOM_ID": 71.0, "NAME_D": "Langtaufererferner", "NAME_IT": "Vedretta di Valle Lunga", "REGION": "Oetztaler Alpen", "ALT_MIN": 2490.0, "ALT_MAX": 3649.0, "ALT_MEDIAN": 3004.0, "area_km2": 3.40997 }, "geometry": { "type": "Polygon", "coordinates": [ [ [ 10.722785717558988, 46.798820437007322 ], [ 10.719986816068262, 46.800106567600388 ], [ 10.721160106981511, 46.800691337136044 ], [ 10.722178757224796, 46.802079416387684 ], [ 10.723700484199282, 46.802931786220064 ], [ 10.723547212368688, 46.803496029153727 ], [ 10.724515930450146, 46.803795735633386 ], [ 10.725045423970931, 46.804981792669516 ], [ 10.724878876303301, 46.805737913937243 ], [ 10.723543922040234, 46.805606235676279 ], [ 10.725061545111997, 46.806163753770591 ], [ 10.726283864971833, 46.808318049736698 ], [ 10.725918003385132, 46.809022652973091 ], [ 10.725048214543495, 46.809151965612529 ], [ 10.725098913757845, 46.80967456106503 ], [ 10.725635320805859, 46.809530751365124 ], [ 10.725790612387785, 46.809940335046932 ], [ 10.725109113245024, 46.809993470869244 ], [ 10.724635339625431, 46.809710121943475 ], [ 10.724071457800854, 46.809971013451886 ], [ 10.723769256947792, 46.809630310334697 ], [ 10.723359304359443, 46.809824590016682 ], [ 10.724500533015618, 46.81037760454403 ], [ 10.7268387109361, 46.810020896141346 ], [ 10.72560942354975, 46.811457490490369 ], [ 10.725735113135794, 46.812459217313716 ], [ 10.725247028750937, 46.812162990119795 ], [ 10.724649442680215, 46.812672023894685 ], [ 10.725470368984107, 46.813127529174771 ], [ 10.724991571802629, 46.813609771428219 ], [ 10.72685117368697, 46.815887182761934 ], [ 10.728825841223703, 46.816453479396763 ], [ 10.729683868714977, 46.818062736685626 ], [ 10.722270667503212, 46.820585389004322 ], [ 10.720364817323038, 46.821733160876825 ], [ 10.71837830012046, 46.822257082110966 ], [ 10.717159478982222, 46.823038782750622 ], [ 10.7200140278698, 46.822557595336725 ], [ 10.720882266971842, 46.822915988079401 ], [ 10.722573932317417, 46.822554804167773 ], [ 10.722536614821044, 46.822798234472678 ], [ 10.719090039742371, 46.824056790769497 ], [ 10.719193333879057, 46.824337157102306 ], [ 10.72280896983478, 46.82348916796812 ], [ 10.723583094870721, 46.823832289539062 ], [ 10.724329209729857, 46.823516272228581 ], [ 10.726878755213791, 46.823973840539026 ], [ 10.729075517498387, 46.823381116130967 ], [ 10.729477490985998, 46.822854480515929 ], [ 10.729824863594736, 46.822977807241173 ], [ 10.734174768370242, 46.820711857358553 ], [ 10.735488448493911, 46.820805954598633 ], [ 10.737262926574113, 46.820444889839855 ], [ 10.737038551642444, 46.820793148606072 ], [ 10.735823822795663, 46.821186878302612 ], [ 10.735720212510268, 46.82152418160095 ], [ 10.73229881656485, 46.822890379406253 ], [ 10.732115100265776, 46.823650339965376 ], [ 10.735402881526522, 46.822657621464948 ], [ 10.738136688917018, 46.822443024602258 ], [ 10.738793705909153, 46.821518711692242 ], [ 10.739451780419079, 46.821272983950976 ], [ 10.739138862918363, 46.820927722253181 ], [ 10.739591513031536, 46.820120802495516 ], [ 10.739086972408806, 46.819964177715221 ], [ 10.73800476312384, 46.820368139403087 ], [ 10.737259700499807, 46.820174681582046 ], [ 10.739953458891099, 46.818669353659793 ], [ 10.740926028309817, 46.818711706349838 ], [ 10.742178712311928, 46.818021485653134 ], [ 10.744889992769414, 46.817652706320537 ], [ 10.74578534857601, 46.816542566021937 ], [ 10.748766024687791, 46.815004593863335 ], [ 10.750191119946679, 46.813389390400182 ], [ 10.750062361707391, 46.812948479859919 ], [ 10.749034074162664, 46.813430892658104 ], [ 10.748970248824129, 46.812746119224045 ], [ 10.748148606250526, 46.812541996622706 ], [ 10.747363705164599, 46.811265655368821 ], [ 10.746256157922261, 46.811549243779119 ], [ 10.745863529072841, 46.811419513663466 ], [ 10.747018988831561, 46.811116149569507 ], [ 10.745952652280257, 46.810958606177273 ], [ 10.746203234667831, 46.811200033660654 ], [ 10.745829326735986, 46.811112876993626 ], [ 10.745175794255234, 46.81160144288711 ], [ 10.746101930764345, 46.812757611495819 ], [ 10.745363720877979, 46.812987933705486 ], [ 10.744659699462163, 46.814489698684049 ], [ 10.74370947126056, 46.814385129303375 ], [ 10.743436740153268, 46.813136840318691 ], [ 10.743806418987408, 46.81150826635939 ], [ 10.743378308606216, 46.810068283169144 ], [ 10.74413239353985, 46.808613858772794 ], [ 10.743893005439938, 46.808288919637917 ], [ 10.743072313765447, 46.808487148167139 ], [ 10.742585682107494, 46.808076681131794 ], [ 10.743000116013331, 46.807583598065122 ], [ 10.742951376817558, 46.807255751724313 ], [ 10.742495774977675, 46.807215069045675 ], [ 10.742629698647789, 46.806315363806121 ], [ 10.742286766639099, 46.806649174867054 ], [ 10.742111739025727, 46.805954184116892 ], [ 10.741224566667196, 46.805434803691121 ], [ 10.741735275680064, 46.804819856061229 ], [ 10.74220742417007, 46.804729329773075 ], [ 10.74253709072986, 46.804521918446127 ], [ 10.741900388286133, 46.805100690067377 ], [ 10.742972439022255, 46.806619683394601 ], [ 10.742919418141602, 46.807125279442019 ], [ 10.743280664357773, 46.807143586700249 ], [ 10.744204571595146, 46.805472754092378 ], [ 10.743626651003146, 46.804114824124888 ], [ 10.744356672126859, 46.803527476479815 ], [ 10.743621761349653, 46.803212470016398 ], [ 10.742954999520634, 46.803289298280774 ], [ 10.743074358845458, 46.803983826684536 ], [ 10.742279975778734, 46.803867346489305 ], [ 10.742430058745443, 46.804326990426887 ], [ 10.742024204438776, 46.804752240047144 ], [ 10.741712177931502, 46.804109813193236 ], [ 10.742694851577719, 46.802648107640806 ], [ 10.742432678285986, 46.802690198125063 ], [ 10.742909125128502, 46.802518647223373 ], [ 10.741963760552911, 46.802021110969307 ], [ 10.741768353380369, 46.802197905104634 ], [ 10.740923763230954, 46.801491672335658 ], [ 10.739143497880979, 46.801016337612282 ], [ 10.740133666770451, 46.801291775510677 ], [ 10.74015719011849, 46.801698581791861 ], [ 10.739068566991337, 46.801865140758629 ], [ 10.739713385894756, 46.802291075366128 ], [ 10.739582348983078, 46.802528794318256 ], [ 10.738973079204721, 46.802345189083532 ], [ 10.738308053767003, 46.801722403527528 ], [ 10.738191216553377, 46.800678884346738 ], [ 10.734154476754883, 46.798878133015691 ], [ 10.732106873630851, 46.798819142860324 ], [ 10.730651422469682, 46.798195894088252 ], [ 10.729712326547583, 46.798241488488308 ], [ 10.728587995995623, 46.798645166513488 ], [ 10.728992507715962, 46.798717154574909 ], [ 10.729350674510034, 46.799903471334261 ], [ 10.730006859129402, 46.80036262417461 ], [ 10.728968160230451, 46.80008545167243 ], [ 10.728630067090354, 46.799597676401795 ], [ 10.727585223521308, 46.799561073333351 ], [ 10.727983210592964, 46.799862222574852 ], [ 10.727201566322803, 46.80035738278243 ], [ 10.727021145006599, 46.80017319179818 ], [ 10.726385413731109, 46.800352437195883 ], [ 10.726295381371655, 46.801196102257926 ], [ 10.725225734284898, 46.798360036558456 ], [ 10.72441981843857, 46.798204319707267 ], [ 10.724318693092354, 46.798511812022021 ], [ 10.722785717558988, 46.798820437007322 ] ], [ [ 10.724534564386767, 46.79927193782531 ], [ 10.725426661243677, 46.799845186819631 ], [ 10.725351067264333, 46.799996810829548 ], [ 10.724446349404616, 46.799549473027469 ], [ 10.724534564386767, 46.79927193782531 ] ], [ [ 10.728260256141768, 46.799959018035274 ], [ 10.728700415890723, 46.79975807330473 ], [ 10.728634828660349, 46.800048603297029 ], [ 10.728260256141768, 46.799959018035274 ] ], [ [ 10.727753951287941, 46.801253253614831 ], [ 10.729252568785544, 46.801923508435792 ], [ 10.729758491694673, 46.801696802369982 ], [ 10.729880811128245, 46.802159263666496 ], [ 10.73045587765793, 46.802043482419819 ], [ 10.73103671107298, 46.802899028315217 ], [ 10.731360574023162, 46.802682688177427 ], [ 10.730783282225074, 46.802262827960391 ], [ 10.73284465266044, 46.802320889269851 ], [ 10.733529723686823, 46.803353424764666 ], [ 10.73192605742933, 46.803194366163567 ], [ 10.732029926309567, 46.803729488651292 ], [ 10.731469390705985, 46.803659396349502 ], [ 10.731329237155853, 46.803290069848678 ], [ 10.730439933479502, 46.803672589376205 ], [ 10.731612306728547, 46.804654905290825 ], [ 10.731400271825647, 46.803774734608865 ], [ 10.733038070824643, 46.804030840838216 ], [ 10.733344689153038, 46.804609626380262 ], [ 10.73299633203939, 46.80456013846851 ], [ 10.73311807043318, 46.805624064076738 ], [ 10.732695925100012, 46.806300492162634 ], [ 10.731927396831212, 46.80623355240138 ], [ 10.731353850401318, 46.805758873148704 ], [ 10.731288919402564, 46.806328933263018 ], [ 10.730790198297116, 46.806565060914636 ], [ 10.730152993196048, 46.805186530314138 ], [ 10.730072921798966, 46.803824898411648 ], [ 10.728720730748448, 46.803397692851064 ], [ 10.727776004901971, 46.802483342160151 ], [ 10.727753951287941, 46.801253253614831 ] ], [ [ 10.730378859036444, 46.807209343135121 ], [ 10.732327225514831, 46.807704888992959 ], [ 10.732899233849293, 46.808373644325947 ], [ 10.732435872836449, 46.808968726790482 ], [ 10.731018400593607, 46.808565156651312 ], [ 10.732568681258032, 46.809702467904913 ], [ 10.73227245601397, 46.810266513387511 ], [ 10.732753282707733, 46.810794974230731 ], [ 10.732913737602068, 46.812261361476047 ], [ 10.732261948589203, 46.813024245640456 ], [ 10.731318081907101, 46.812576126216179 ], [ 10.730402528029847, 46.811280384266098 ], [ 10.730167773351898, 46.80852093558574 ], [ 10.730197185008809, 46.808302622713612 ], [ 10.73066627084641, 46.808331245235529 ], [ 10.730173082794996, 46.808145836524382 ], [ 10.730073786762624, 46.807644931018345 ], [ 10.730378859036444, 46.807209343135121 ] ], [ [ 10.737090290405913, 46.812650759075943 ], [ 10.737238204201038, 46.812591367832582 ], [ 10.73724826184832, 46.812903611993868 ], [ 10.737090290405913, 46.812650759075943 ] ], [ [ 10.732800523023561, 46.813803658738216 ], [ 10.732598134160011, 46.814197218925344 ], [ 10.732076312965974, 46.813824147502245 ], [ 10.732252245362945, 46.813578614379495 ], [ 10.732800523023561, 46.813803658738216 ] ], [ [ 10.733050623063709, 46.814198819620167 ], [ 10.733029883429449, 46.813812447650314 ], [ 10.73333614619594, 46.813931623984857 ], [ 10.733050623063709, 46.814198819620167 ] ], [ [ 10.73797011049229, 46.814149174282598 ], [ 10.738365796805233, 46.814804149747708 ], [ 10.738440925841976, 46.815241125517112 ], [ 10.737878972071547, 46.814937265029251 ], [ 10.73797011049229, 46.814149174282598 ] ], [ [ 10.732723946396415, 46.814653313146692 ], [ 10.732497656354287, 46.814605308522438 ], [ 10.732662628390523, 46.814385657183905 ], [ 10.732723946396415, 46.814653313146692 ] ], [ [ 10.733364746442769, 46.815226137790859 ], [ 10.733410377689614, 46.81715828145677 ], [ 10.733094639268321, 46.817451769067581 ], [ 10.732227268132547, 46.817444068645322 ], [ 10.732759716421384, 46.816608584469158 ], [ 10.731884112897863, 46.815777155333805 ], [ 10.732504606514903, 46.815010580889329 ], [ 10.733364746442769, 46.815226137790859 ] ], [ [ 10.732662777722179, 46.818152391599035 ], [ 10.733783627513791, 46.81727822813933 ], [ 10.733422169363674, 46.817902782976134 ], [ 10.732662777722179, 46.818152391599035 ] ] ] } },
{ "type": "Feature", "properties": { "HOM_ID": 72.0, "NAME_D": "Baerenbartferner Innerer", "NAME_IT": "Vedretta di Barbadorso di Dentro", "REGION": "Oetztaler Alpen", "ALT_MIN": 2769.0, "ALT_MAX": 2790.0, "ALT_MEDIAN": 2775.0, "area_km2": 0.00238159 }, "geometry": { "type": "Polygon", "coordinates": [ [ [ 10.711427244953057, 46.812256961674287 ], [ 10.712489398035276, 46.811695328917459 ], [ 10.711315515437324, 46.812211488039445 ], [ 10.711427244953057, 46.812256961674287 ] ] ] } },
{ "type": "Feature", "properties": { "HOM_ID": 72.0, "NAME_D": "Baerenbartferner Innerer", "NAME_IT": "Vedretta di Barbadorso di Dentro", "REGION": "Oetztaler Alpen", "ALT_MIN": 3161.0, "ALT_MAX": 3228.0, "ALT_MEDIAN": 3190.0, "area_km2": 0.00353802 }, "geometry": { "type": "Polygon", "coordinates": [ [ [ 10.721040134049371, 46.806261796047764 ], [ 10.721343723623875, 46.805587552081782 ], [ 10.720953345619099, 46.805307694744165 ], [ 10.720495897138285, 46.805778884046575 ], [ 10.721040134049371, 46.806261796047764 ] ] ] } },
{ "type": "Feature", "properties": { "HOM_ID": 72.0, "NAME_D": "Baerenbartferner Innerer", "NAME_IT": "Vedretta di Barbadorso di Dentro", "REGION": "Oetztaler Alpen", "ALT_MIN": 2702.0, "ALT_MAX": 3527.0, "ALT_MEDIAN": 3066.0, "area_km2": 1.33369 }, "geometry": { "type": "Polygon", "coordinates": [ [ [ 10.718660487269895, 46.815983867717833 ], [ 10.718970183649386, 46.815743489696274 ], [ 10.71903740584747, 46.813935246047016 ], [ 10.719315208939026, 46.813875236016841 ], [ 10.719338925818144, 46.814211206329475 ], [ 10.719584600006517, 46.813758087320132 ], [ 10.719471567706046, 46.812932363245594 ], [ 10.720694698388895, 46.811320146356891 ], [ 10.719888845314385, 46.810279044133175 ], [ 10.720526404508231, 46.808407131903472 ], [ 10.720278548330558, 46.808247159107019 ], [ 10.720620238394259, 46.808087252189416 ], [ 10.720077818537279, 46.807797772935999 ], [ 10.720272161227788, 46.807503169910525 ], [ 10.719859633064733, 46.807616518873402 ], [ 10.719876195661332, 46.80819708680869 ], [ 10.718900384918069, 46.808813752753025 ], [ 10.717799829266193, 46.807796873309186 ], [ 10.71764426998603, 46.80699559554072 ], [ 10.717863672353383, 46.806670856961212 ], [ 10.718300370034056, 46.807118968014329 ], [ 10.718953166083915, 46.806716998017031 ], [ 10.71942098638319, 46.805482524837124 ], [ 10.720746755932101, 46.805462595071482 ], [ 10.720232669842451, 46.804565516892033 ], [ 10.721345119112708, 46.803826725350476 ], [ 10.721556473386759, 46.804147371886032 ], [ 10.722443423968599, 46.803145877241086 ], [ 10.721383497604918, 46.801551743852571 ], [ 10.720058929055821, 46.800573039213091 ], [ 10.720212103472349, 46.800918374263013 ], [ 10.718728503168659, 46.800823996225652 ], [ 10.718362237539221, 46.800559403154111 ], [ 10.718450533606907, 46.799738987013299 ], [ 10.717784327247999, 46.800377594510188 ], [ 10.717461539642894, 46.799822886911137 ], [ 10.715925290518385, 46.799598303660865 ], [ 10.714997204181788, 46.800143991782598 ], [ 10.71248097549894, 46.799974445197179 ], [ 10.708162736243724, 46.800547996306499 ], [ 10.707557021667954, 46.80019868489746 ], [ 10.707110308629503, 46.800600609786855 ], [ 10.706700191107421, 46.800186467350649 ], [ 10.705238827906161, 46.800602323159779 ], [ 10.704839074761521, 46.801064494383269 ], [ 10.70517489860597, 46.801706428239967 ], [ 10.704806490135709, 46.802030506408883 ], [ 10.7043525494941, 46.801622961630471 ], [ 10.704406169610609, 46.800275973935484 ], [ 10.703955182482575, 46.801081303396018 ], [ 10.704262680241904, 46.802452836280288 ], [ 10.706038145968474, 46.802839494634533 ], [ 10.705806439374749, 46.803242969827188 ], [ 10.705067252917885, 46.803224223649849 ], [ 10.705696751623691, 46.803557478950829 ], [ 10.705658331371691, 46.804261658971534 ], [ 10.706479922120851, 46.804418464791006 ], [ 10.70621015949121, 46.804879653913943 ], [ 10.706583907947524, 46.805915244590956 ], [ 10.707001049648138, 46.805837590276326 ], [ 10.706812366196877, 46.806121371709203 ], [ 10.707320454313123, 46.806178080991337 ], [ 10.706983993322497, 46.806476687320576 ], [ 10.706593698310988, 46.806109632304022 ], [ 10.705766371594969, 46.806467542309825 ], [ 10.707043196323315, 46.808474909214965 ], [ 10.708728647971183, 46.809133120714492 ], [ 10.709650813065442, 46.808703848735384 ], [ 10.71047781139251, 46.809340331764645 ], [ 10.712641517050642, 46.810095150645736 ], [ 10.713086744672044, 46.811150884385924 ], [ 10.712535308592438, 46.811150566881352 ], [ 10.713270327134239, 46.811555894570922 ], [ 10.713399166050008, 46.812205426394911 ], [ 10.714378802620031, 46.812609524394169 ], [ 10.715381318923271, 46.811993219913823 ], [ 10.716899113007406, 46.813922157232469 ], [ 10.717280765661828, 46.813708800753787 ], [ 10.717516193515758, 46.814044331510701 ], [ 10.717967375037968, 46.813923267233932 ], [ 10.717703165283272, 46.813468163669619 ], [ 10.718362075211646, 46.813149635614096 ], [ 10.718660487269895, 46.815983867717833 ] ], [ [ 10.709879666165888, 46.808702322609307 ], [ 10.709358959778321, 46.808357703735915 ], [ 10.709750406926492, 46.807906594455226 ], [ 10.710171344681402, 46.808276513122479 ], [ 10.709879666165888, 46.808702322609307 ] ], [ [ 10.721393651597237, 46.803554553108107 ], [ 10.721118398819602, 46.803513453208495 ], [ 10.72122718303199, 46.80344514625812 ], [ 10.721393651597237, 46.803554553108107 ] ], [ [ 10.718599195836491, 46.802343214146866 ], [ 10.718292331739848, 46.802262572139213 ], [ 10.718313265289526, 46.801966536330276 ], [ 10.718599195836491, 46.802343214146866 ] ] ] } },
{ "type": "Feature", "properties": { "HOM_ID": 73.0, "NAME_D": "Baerenbartferner", "NAME_IT": "Vedretta di Barbadorso", "REGION": "Oetztaler Alpen", "ALT_MIN": 2769.0, "ALT_MAX": 3441.0, "ALT_MEDIAN": 3168.0, "area_km2": 0.515334 }, "geometry": { "type": "Polygon", "coordinates": [ [ [ 10.700987279403648, 46.806081694612672 ], [ 10.701854218473905, 46.806213573052425 ], [ 10.701717075844428, 46.805735588328119 ], [ 10.702523021481678, 46.804901843077793 ], [ 10.703637299280523, 46.804696677541905 ], [ 10.704210288891097, 46.805008160714941 ], [ 10.704500794372921, 46.804720009525902 ], [ 10.704435782035716, 46.802837833469312 ], [ 10.703416634313376, 46.802540232315046 ], [ 10.703916226469016, 46.802285162195631 ], [ 10.703181052128777, 46.802107525878561 ], [ 10.703240253396046, 46.802664769052164 ], [ 10.702862080409473, 46.802636110274186 ], [ 10.702584004335632, 46.801296178929135 ], [ 10.702936817823581, 46.800433741287151 ], [ 10.703863696863714, 46.800358225582144 ], [ 10.704072097244104, 46.799930337797434 ], [ 10.703531847489632, 46.799424070012378 ], [ 10.70391084399712, 46.799128126608082 ], [ 10.703135411524826, 46.798728221162797 ], [ 10.703359056168756, 46.798343919082015 ], [ 10.702308092347723, 46.797606377937342 ], [ 10.701844778176739, 46.797691368786545 ], [ 10.700039400283258, 46.796998169511909 ], [ 10.69949942081989, 46.797467167190241 ], [ 10.69898158420232, 46.797406282507843 ], [ 10.699468898907933, 46.797995267247472 ], [ 10.698437993176194, 46.798113436514228 ], [ 10.698107438079273, 46.797922142050652 ], [ 10.698419490593922, 46.796379906198233 ], [ 10.698072572435981, 46.795764606323161 ], [ 10.695887011182494, 46.795955313844601 ], [ 10.695450230731776, 46.796818498358036 ], [ 10.695868913262041, 46.797343273837136 ], [ 10.695062736889879, 46.79805906568442 ], [ 10.695288522604006, 46.798403357376209 ], [ 10.694617860341557, 46.799239525264944 ], [ 10.694881954636768, 46.799699447790971 ], [ 10.694242116657446, 46.80041372163754 ], [ 10.69506713149014, 46.801620612910774 ], [ 10.697209464889385, 46.800941204043966 ], [ 10.69673860220405, 46.801640016337664 ], [ 10.69598683414954, 46.801551156580224 ], [ 10.695934801947525, 46.801749081294133 ], [ 10.697176445016426, 46.802274068405083 ], [ 10.697458496587076, 46.803317644649987 ], [ 10.697291914522372, 46.803643941796032 ], [ 10.696123349961775, 46.803313632227763 ], [ 10.693925416672146, 46.803550963655454 ], [ 10.695255700230717, 46.804393211638711 ], [ 10.69583323326329, 46.805115642927547 ], [ 10.695733668817045, 46.805699052860547 ], [ 10.696482417907621, 46.805028397116573 ], [ 10.698029238529223, 46.804617004855459 ], [ 10.698842006854044, 46.803484740735776 ], [ 10.699538708356489, 46.803695834668915 ], [ 10.699821678758765, 46.803432093715799 ], [ 10.699541017766705, 46.802338111791308 ], [ 10.700572478319305, 46.801398929082183 ], [ 10.700614500302617, 46.802622177078582 ], [ 10.700200867369515, 46.803030725802557 ], [ 10.700853410824383, 46.803271040706584 ], [ 10.700373125191224, 46.803765347124433 ], [ 10.70079492827446, 46.804275771371792 ], [ 10.700478010978305, 46.804789082491546 ], [ 10.700963788857075, 46.804754718487786 ], [ 10.700746590902176, 46.805190825851064 ], [ 10.701186476188363, 46.805360601369436 ], [ 10.700628601109825, 46.80570414924582 ], [ 10.700809177806647, 46.806328164096456 ], [ 10.700987279403648, 46.806081694612672 ] ], [ [ 10.695532109524269, 46.800858922884252 ], [ 10.695919608535414, 46.801162719986117 ], [ 10.695565095059804, 46.801246549605303 ], [ 10.695532109524269, 46.800858922884252 ] ] ] } },
{ "type": "Feature", "properties": { "HOM_ID": 74.0, "NAME_D": "Freibrunnerferner", "NAME_IT": "Vedretta della Fontana Occidentale", "REGION": "Oetztaler Alpen", "ALT_MIN": 2949.0, "ALT_MAX": 2974.0, "ALT_MEDIAN": 2962.0, "area_km2": 0.000741787 }, "geometry": { "type": "Polygon", "coordinates": [ [ [ 10.686212319972316, 46.79745364055178 ], [ 10.686328293855375, 46.797167481703937 ], [ 10.685974283419506, 46.79718689669081 ], [ 10.686212319972316, 46.79745364055178 ] ] ] } },
{ "type": "Feature", "properties": { "HOM_ID": 74.0, "NAME_D": "Freibrunnerferner", "NAME_IT": "Vedretta della Fontana Occidentale", "REGION": "Oetztaler Alpen", "ALT_MIN": 3096.0, "ALT_MAX": 3119.0, "ALT_MEDIAN": 3110.0, "area_km2": 0.00089965 }, "geometry": { "type": "Polygon", "coordinates": [ [ [ 10.682490500966725, 46.796882859136574 ], [ 10.682898700040417, 46.796463978022295 ], [ 10.682214188251976, 46.796527617468058 ], [ 10.682490500966725, 46.796882859136574 ] ] ] } },
{ "type": "Feature", "properties": { "HOM_ID": 75.0, "NAME_D": "Freibrunnerferner", "NAME_IT": "Vedretta della Fontana Occidentale", "REGION": "Oetztaler Alpen", "ALT_MIN": 3313.0, "ALT_MAX": 3331.0, "ALT_MEDIAN": 3319.0, "area_km2": 0.00143582 }, "geometry": { "type": "Polygon", "coordinates": [ [ [ 10.686613278904113, 46.793270261707868 ], [ 10.687330930575225, 46.793003953375297 ], [ 10.685991060390746, 46.793262287999745 ], [ 10.686613278904113, 46.793270261707868 ] ] ] } },
{ "type": "Feature", "properties": { "HOM_ID": 74.0, "NAME_D": "Freibrunnerferner", "NAME_IT": "Vedretta della Fontana Occidentale", "REGION": "Oetztaler Alpen", "ALT_MIN": 2805.0, "ALT_MAX": 2889.0, "ALT_MEDIAN": 2850.0, "area_km2": 0.00511375 }, "geometry": { "type": "Polygon", "coordinates": [ [ [ 10.68450798859115, 46.800266042468841 ], [ 10.683175251181478, 46.799069592132128 ], [ 10.683264507694373, 46.799530017128035 ], [ 10.68450798859115, 46.800266042468841 ] ] ] } },
{ "type": "Feature", "properties": { "HOM_ID": 74.0, "NAME_D": "Freibrunnerferner", "NAME_IT": "Vedretta della Fontana Occidentale", "REGION": "Oetztaler Alpen", "ALT_MIN": 2828.0, "ALT_MAX": 2896.0, "ALT_MEDIAN": 2850.0, "area_km2": 0.00590227 }, "geometry": { "type": "Polygon", "coordinates": [ [ [ 10.688023171366304, 46.799196615659973 ], [ 10.687476729770911, 46.798465113256128 ], [ 10.686805254380291, 46.798194180257106 ], [ 10.686515453938663, 46.79814974504999 ], [ 10.687071627222911, 46.799037783156543 ], [ 10.688023171366304, 46.799196615659973 ] ] ] } },
{ "type": "Feature", "properties": { "HOM_ID": 79.0, "NAME_D": "Freibrunnerferner", "NAME_IT": "Vedretta della Fontana Occidentale", "REGION": "Oetztaler Alpen", "ALT_MIN": 3164.0, "ALT_MAX": 3248.0, "ALT_MEDIAN": 3221.0, "area_km2": 0.00816812 }, "geometry": { "type": "Polygon", "coordinates": [ [ [ 10.690619639602522, 46.791681398524432 ], [ 10.692214772563815, 46.791516859379179 ], [ 10.692613649904926, 46.791147129963782 ], [ 10.691433817658119, 46.791288393422064 ], [ 10.690607333407744, 46.790980829259624 ], [ 10.68993229934066, 46.79121176535827 ], [ 10.689551889429007, 46.790931653423854 ], [ 10.689624051170643, 46.79137632573476 ], [ 10.690694574667761, 46.791417420782892 ], [ 10.690619639602522, 46.791681398524432 ] ] ] } },
{ "type": "Feature", "properties": { "HOM_ID": 79.0, "NAME_D": "Freibrunnerferner", "NAME_IT": "Vedretta della Fontana Occidentale", "REGION": "Oetztaler Alpen", "ALT_MIN": 3203.0, "ALT_MAX": 3286.0, "ALT_MEDIAN": 3248.0, "area_km2": 0.0120186 }, "geometry": { "type": "Polygon", "coordinates": [ [ [ 10.688540722392512, 46.792365897055177 ], [ 10.68871373052005, 46.791413293320566 ], [ 10.688090313288397, 46.791765367948365 ], [ 10.687866211503637, 46.791250789390261 ], [ 10.68738180948619, 46.791225789234936 ], [ 10.687719187120582, 46.790706500601587 ], [ 10.687035379290389, 46.790623723362685 ], [ 10.687076330517693, 46.791933902937089 ], [ 10.688540722392512, 46.792365897055177 ] ] ] } },
{ "type": "Feature", "properties": { "HOM_ID": 75.0, "NAME_D": "Freibrunnerferner", "NAME_IT": "Vedretta della Fontana Occidentale", "REGION": "Oetztaler Alpen", "ALT_MIN": 3195.0, "ALT_MAX": 3262.0, "ALT_MEDIAN": 3218.0, "area_km2": 0.0137909 }, "geometry": { "type": "Polygon", "coordinates": [ [ [ 10.684634583770183, 46.792698965160838 ], [ 10.685846810490972, 46.791883926054908 ], [ 10.6849278761007, 46.790877407194628 ], [ 10.684819499466094, 46.791514750968041 ], [ 10.683904642099717, 46.79197157574864 ], [ 10.684634583770183, 46.792698965160838 ] ] ] } },
{ "type": "Feature", "properties": { "HOM_ID": 74.0, "NAME_D": "Freibrunnerferner", "NAME_IT": "Vedretta della Fontana Occidentale", "REGION": "Oetztaler Alpen", "ALT_MIN": 2874.0, "ALT_MAX": 2980.0, "ALT_MEDIAN": 2920.0, "area_km2": 0.0139129 }, "geometry": { "type": "Polygon", "coordinates": [ [ [ 10.68549947257007, 46.798960510102326 ], [ 10.685629344578139, 46.79839698081301 ], [ 10.686094267639913, 46.798199708774213 ], [ 10.685815934421335, 46.79790284191315 ], [ 10.685304863012082, 46.797969421342437 ], [ 10.685041639874784, 46.797445651499018 ], [ 10.684249031870699, 46.797378840656719 ], [ 10.683492094121773, 46.79881100518736 ], [ 10.683797076228633, 46.798806517624826 ], [ 10.683795273246371, 46.798393190045992 ], [ 10.68416493342059, 46.798505850501812 ], [ 10.684494999148372, 46.798060969142014 ], [ 10.684862100865894, 46.798091756785027 ], [ 10.684840110483638, 46.797653962980363 ], [ 10.68527110386132, 46.798664811098185 ], [ 10.684968425959202, 46.798920710591233 ], [ 10.68549947257007, 46.798960510102326 ] ] ] } },
{ "type": "Feature", "properties": { "HOM_ID": 74.0, "NAME_D": "Freibrunnerferner", "NAME_IT": "Vedretta della Fontana Occidentale", "REGION": "Oetztaler Alpen", "ALT_MIN": 3069.0, "ALT_MAX": 3234.0, "ALT_MEDIAN": 3163.0, "area_km2": 0.0195851 }, "geometry": { "type": "Polygon", "coordinates": [ [ [ 10.68152692543466, 46.796703243921641 ], [ 10.68215117330865, 46.79670835486111 ], [ 10.681438743129073, 46.796321186617462 ], [ 10.682003087638194, 46.796184314355038 ], [ 10.681997163903231, 46.796016495644714 ], [ 10.681325107850462, 46.79601236445999 ], [ 10.681126125061779, 46.795300964960809 ], [ 10.680832076995488, 46.795321952468633 ], [ 10.679965806400739, 46.796006138318361 ], [ 10.679970836220621, 46.79661323800579 ], [ 10.681657353976197, 46.79721706838977 ], [ 10.68152692543466, 46.796703243921641 ] ] ] } },
{ "type": "Feature", "properties": { "HOM_ID": 74.0, "NAME_D": "Freibrunnerferner", "NAME_IT": "Vedretta della Fontana Occidentale", "REGION": "Oetztaler Alpen", "ALT_MIN": 2584.0, "ALT_MAX": 3341.0, "ALT_MEDIAN": 3063.0, "area_km2": 0.53729 }, "geometry": { "type": "Polygon", "coordinates": [ [ [ 10.690416162434223, 46.805312118317524 ], [ 10.690688416894261, 46.803531814827942 ], [ 10.692494962019243, 46.802424100763943 ], [ 10.692476204098721, 46.802047215893751 ], [ 10.691585062647892, 46.802158017265818 ], [ 10.691172944309505, 46.801341539866215 ], [ 10.691885630233234, 46.800707309040469 ], [ 10.691772527811446, 46.799650758385283 ], [ 10.692369217653434, 46.797980134026339 ], [ 10.693302565343092, 46.79659969065159 ], [ 10.693774162438867, 46.796380795399799 ], [ 10.693650434503946, 46.796746931302778 ], [ 10.694169527279959, 46.797267845467083 ], [ 10.693297666070974, 46.798128612660072 ], [ 10.693455093404655, 46.798509017800313 ], [ 10.693504633160439, 46.798094595569431 ], [ 10.693781736078776, 46.798085732448882 ], [ 10.693613593331362, 46.798583484723181 ], [ 10.694059231774547, 46.798785232042043 ], [ 10.693760690823769, 46.798321055933364 ], [ 10.69438244146755, 46.797715962185229 ], [ 10.693971602374585, 46.797589839713908 ], [ 10.694661348427113, 46.796920068363612 ], [ 10.694281142537251, 46.796184707724521 ], [ 10.693039324209149, 46.796055462176732 ], [ 10.692263439787487, 46.794752585312509 ], [ 10.692240793672946, 46.79419622442704 ], [ 10.69280186477657, 46.793735520653641 ], [ 10.69359692595334, 46.794323786662289 ], [ 10.693932156680745, 46.794068811206003 ], [ 10.691322174276486, 46.792596388678454 ], [ 10.689791484614608, 46.792649958471728 ], [ 10.689370241456418, 46.793037150948599 ], [ 10.683665813300834, 46.793857746323027 ], [ 10.683585067637793, 46.794158949511115 ], [ 10.685375482297184, 46.794649285342523 ], [ 10.685103672568703, 46.794827107929493 ], [ 10.685839254960328, 46.794623405304861 ], [ 10.685658017617515, 46.794780220399204 ], [ 10.686241522645442, 46.794880199638769 ], [ 10.684796757993222, 46.795811528980963 ], [ 10.683352919335283, 46.795607053896866 ], [ 10.684077330019257, 46.794889214632271 ], [ 10.684136575927527, 46.795121211895513 ], [ 10.684357588222413, 46.795070813018029 ], [ 10.683672602388238, 46.794385143799587 ], [ 10.682580246669382, 46.794644082359753 ], [ 10.681672239211936, 46.795578907043677 ], [ 10.682776131490245, 46.795922696648915 ], [ 10.682817709849074, 46.796322106024824 ], [ 10.683805345588473, 46.795906127494895 ], [ 10.684144481624759, 46.796041143368555 ], [ 10.684520177129528, 46.796663427491069 ], [ 10.683795216609628, 46.796564092063868 ], [ 10.683807968622524, 46.797017261533966 ], [ 10.684209178974216, 46.796741342845444 ], [ 10.685329716575497, 46.79697295170989 ], [ 10.685001998153883, 46.796337745368113 ], [ 10.685342723106087, 46.796257008779762 ], [ 10.685307351485079, 46.796523258223672 ], [ 10.685459493727187, 46.796582598726552 ], [ 10.68650359118282, 46.79634072106181 ], [ 10.686751848721835, 46.795434135909979 ], [ 10.687757832171819, 46.795681241607092 ], [ 10.687795762795444, 46.796062607211915 ], [ 10.68855727061926, 46.796554255213124 ], [ 10.689719046533954, 46.796629680791668 ], [ 10.688992430736747, 46.797242153946563 ], [ 10.688913181483114, 46.798698161526396 ], [ 10.689394079767519, 46.799218231818642 ], [ 10.690744027971304, 46.799625958382485 ], [ 10.69029883598369, 46.800024936773255 ], [ 10.690621720542174, 46.800591624308609 ], [ 10.691200877690068, 46.800661165417488 ], [ 10.691119070083925, 46.801141519901591 ], [ 10.690641543488782, 46.801290653242681 ], [ 10.68972614133407, 46.800936536524446 ], [ 10.688475281398427, 46.799662768462575 ], [ 10.687287942482993, 46.799725523625121 ], [ 10.686040419013306, 46.800618103094202 ], [ 10.684623431096316, 46.800456106684017 ], [ 10.686441736286204, 46.801678275164377 ], [ 10.686770205465949, 46.80248002250039 ], [ 10.686628251628171, 46.803999135850169 ], [ 10.68780228440429, 46.804228503767206 ], [ 10.690027714569501, 46.805531438758813 ], [ 10.690416162434223, 46.805312118317524 ] ], [ [ 10.685495471470471, 46.79416177830187 ], [ 10.685531035524503, 46.79396838712087 ], [ 10.685579995980216, 46.793981952315001 ], [ 10.685495471470471, 46.79416177830187 ] ] ] } },
{ "type": "Feature", "properties": { "HOM_ID": 75.0, "NAME_D": "Planailferner", "NAME_IT": "Vedretta di Planol", "REGION": "Oetztaler Alpen", "ALT_MIN": 3051.0, "ALT_MAX": 3176.0, "ALT_MEDIAN": 3123.0, "area_km2": 0.0268562 }, "geometry": { "type": "Polygon", "coordinates": [ [ [ 10.681407031230654, 46.794179414570181 ], [ 10.681835173080781, 46.794300748072573 ], [ 10.682020486203152, 46.793905883822653 ], [ 10.681750190555789, 46.793019929562092 ], [ 10.68063454364726, 46.792958937367345 ], [ 10.680359790060626, 46.793460021705833 ], [ 10.679269401025365, 46.792818257018432 ], [ 10.67811139987279, 46.793067401778686 ], [ 10.679481690865719, 46.793094917733711 ], [ 10.679775769871913, 46.793632296484901 ], [ 10.679458223073903, 46.794011976837758 ], [ 10.679853935470058, 46.794333566178665 ], [ 10.68089263828622, 46.794672711830465 ], [ 10.681407031230654, 46.794179414570181 ] ] ] } },
{ "type": "Feature", "properties": { "HOM_ID": 78.0, "NAME_D": null, "NAME_IT": null, "REGION": "Oetztaler Alpen", "ALT_MIN": 3336.0, "ALT_MAX": 3351.0, "ALT_MEDIAN": 3346.0, "area_km2": 0.000673448 }, "geometry": { "type": "Polygon", "coordinates": [ [ [ 10.677694288949571, 46.784442530102019 ], [ 10.67817162235144, 46.784416155417951 ], [ 10.678223973951226, 46.784306568731303 ], [ 10.677824339829487, 46.784274331769744 ], [ 10.677694288949571, 46.784442530102019 ] ] ] } },
{ "type": "Feature", "properties": { "HOM_ID": 76.0, "NAME_D": null, "NAME_IT": null, "REGION": "Oetztaler Alpen", "ALT_MIN": 3023.0, "ALT_MAX": 3145.0, "ALT_MEDIAN": 3079.0, "area_km2": 0.0150221 }, "geometry": { "type": "Polygon", "coordinates": [ [ [ 10.671905926097931, 46.778536127057883 ], [ 10.675080945382717, 46.778318251338639 ], [ 10.674880225328081, 46.777378281171011 ], [ 10.674124285761554, 46.776975035877783 ], [ 10.673757020450971, 46.778041181109359 ], [ 10.673126021339321, 46.777978977565859 ], [ 10.671905926097931, 46.778536127057883 ] ] ] } },
{ "type": "Feature", "properties": { "HOM_ID": 77.0, "NAME_D": "Gawelzferner", "NAME_IT": "Vedretta di Gabelz", "REGION": "Oetztaler Alpen", "ALT_MIN": 2986.0, "ALT_MAX": 3181.0, "ALT_MEDIAN": 3072.0, "area_km2": 0.0747131 }, "geometry": { "type": "Polygon", "coordinates": [ [ [ 10.675080344147441, 46.769493770615156 ], [ 10.676616070305604, 46.769399844416661 ], [ 10.676015980803989, 46.768822889547337 ], [ 10.676078729883672, 46.768164790121112 ], [ 10.676997593597518, 46.768294191732551 ], [ 10.6776086523451, 46.767885211162074 ], [ 10.678689334671249, 46.767869360614029 ], [ 10.677373779725951, 46.767017177001804 ], [ 10.674329418545554, 46.766733177894665 ], [ 10.67421711869142, 46.767134843843699 ], [ 10.673370800816237, 46.76733294907865 ], [ 10.674691589479314, 46.76768507401016 ], [ 10.674893242294509, 46.768153577270134 ], [ 10.674237515524437, 46.769134657246312 ], [ 10.673110378542477, 46.769665459326227 ], [ 10.672724344166653, 46.770628300688443 ], [ 10.674152207110653, 46.770407405286377 ], [ 10.675080344147441, 46.769493770615156 ] ] ] } },
{ "type": "Feature", "properties": { "HOM_ID": 81.0, "NAME_D": "Matscherferner", "NAME_IT": "Vedretta di Mazia", "REGION": "Oetztaler Alpen", "ALT_MIN": 3255.0, "ALT_MAX": 3266.0, "ALT_MEDIAN": 3261.0, "area_km2": 0.000200992 }, "geometry": { "type": "Polygon", "coordinates": [ [ [ 10.711367183728338, 46.799582977036344 ], [ 10.7111762594011, 46.799565116900332 ], [ 10.711293232013761, 46.799645514285949 ], [ 10.711367183728338, 46.799582977036344 ] ] ] } },
{ "type": "Feature", "properties": { "HOM_ID": 81.0, "NAME_D": "Matscherferner", "NAME_IT": "Vedretta di Mazia", "REGION": "Oetztaler Alpen", "ALT_MIN": 3212.0, "ALT_MAX": 3253.0, "ALT_MEDIAN": 3230.0, "area_km2": 0.00300192 }, "geometry": { "type": "Polygon", "coordinates": [ [ [ 10.710031216190124, 46.79950321929563 ], [ 10.710838567359106, 46.799376858302622 ], [ 10.710404898812032, 46.799259526229001 ], [ 10.710822134317224, 46.799208524101083 ], [ 10.710828597838967, 46.798887458324039 ], [ 10.70984176880212, 46.799105187970142 ], [ 10.710031216190124, 46.79950321929563 ] ], [ [ 10.710150701554994, 46.799269150996857 ], [ 10.709969112957843, 46.799217576424041 ], [ 10.71025532627654, 46.79922258519494 ], [ 10.710150701554994, 46.799269150996857 ] ] ] } },
{ "type": "Feature", "properties": { "HOM_ID": 81.0, "NAME_D": "Matscherferner", "NAME_IT": "Vedretta di Mazia", "REGION": "Oetztaler Alpen", "ALT_MIN": 3236.0, "ALT_MAX": 3270.0, "ALT_MEDIAN": 3249.0, "area_km2": 0.00324012 }, "geometry": { "type": "Polygon", "coordinates": [ [ [ 10.708092483032656, 46.799836096886139 ], [ 10.709683699424252, 46.799717089664171 ], [ 10.709868375763737, 46.799680042672655 ], [ 10.709271362126856, 46.799397518467934 ], [ 10.70852174867367, 46.799463955399439 ], [ 10.708092483032656, 46.799836096886139 ] ] ] } },
{ "type": "Feature", "properties": { "HOM_ID": 81.0, "NAME_D": "Matscherferner", "NAME_IT": "Vedretta di Mazia", "REGION": "Oetztaler Alpen", "ALT_MIN": 3262.0, "ALT_MAX": 3294.0, "ALT_MEDIAN": 3273.0, "area_km2": 0.00424962 }, "geometry": { "type": "Polygon", "coordinates": [ [ [ 10.710892203833751, 46.800213338406785 ], [ 10.71133097347718, 46.799791517364376 ], [ 10.710977161030947, 46.799655848466102 ], [ 10.709503367679693, 46.799978844926102 ], [ 10.710892203833751, 46.800213338406785 ] ] ] } },
{ "type": "Feature", "properties": { "HOM_ID": 81.0, "NAME_D": "Matscherferner", "NAME_IT": "Vedretta di Mazia", "REGION": "Oetztaler Alpen", "ALT_MIN": 2851.0, "ALT_MAX": 2937.0, "ALT_MEDIAN": 2901.0, "area_km2": 0.0183871 }, "geometry": { "type": "Polygon", "coordinates": [ [ [ 10.707813431365865, 46.79281568671238 ], [ 10.708409785622466, 46.791846689856094 ], [ 10.708606393909053, 46.790610355165775 ], [ 10.707078370834713, 46.791607542507506 ], [ 10.707006183683623, 46.792394375892584 ], [ 10.707813431365865, 46.79281568671238 ] ] ] } },
{ "type": "Feature", "properties": { "HOM_ID": 81.0, "NAME_D": "Matscherferner", "NAME_IT": "Vedretta di Mazia", "REGION": "Oetztaler Alpen", "ALT_MIN": 2893.0, "ALT_MAX": 3066.0, "ALT_MEDIAN": 2980.0, "area_km2": 0.0359861 }, "geometry": { "type": "Polygon", "coordinates": [ [ [ 10.713690820052026, 46.778403462200473 ], [ 10.714657252220553, 46.778756384769395 ], [ 10.715079285756085, 46.778032162497581 ], [ 10.716408630588168, 46.778745602175327 ], [ 10.716885283527834, 46.778257471864372 ], [ 10.716605593908014, 46.777854502283169 ], [ 10.714058813324439, 46.777221217980866 ], [ 10.712391496814252, 46.777979557703013 ], [ 10.712859745606893, 46.778187084516368 ], [ 10.712998725649102, 46.779050052748843 ], [ 10.713690820052026, 46.778403462200473 ] ] ] } },
{ "type": "Feature", "properties": { "HOM_ID": 81.0, "NAME_D": "Matscherferner", "NAME_IT": "Vedretta di Mazia", "REGION": "Oetztaler Alpen", "ALT_MIN": 2741.0, "ALT_MAX": 3716.0, "ALT_MEDIAN": 3244.0, "area_km2": 2.16048 }, "geometry": { "type": "Polygon", "coordinates": [ [ [ 10.726109537434255, 46.79697407392613 ], [ 10.728484574952072, 46.793110888831187 ], [ 10.728459248266727, 46.791454038825243 ], [ 10.727975705616309, 46.790886627127485 ], [ 10.729672922261479, 46.786549479720392 ], [ 10.730908470875836, 46.785179053613362 ], [ 10.730027007612275, 46.783660753295052 ], [ 10.73105245827691, 46.782156073135297 ], [ 10.729973450145536, 46.781146392938552 ], [ 10.730272192476713, 46.78073411459409 ], [ 10.729296528211274, 46.779298188711302 ], [ 10.726550046330869, 46.779146798253109 ], [ 10.72527680722528, 46.777780212488281 ], [ 10.723464380676662, 46.778070836392978 ], [ 10.723037667927391, 46.7789273104774 ], [ 10.721699948513342, 46.779657840191007 ], [ 10.720352991220185, 46.779121462512506 ], [ 10.720733323657404, 46.779135744328407 ], [ 10.72064645681392, 46.778808922345306 ], [ 10.720191192221993, 46.77879790958071 ], [ 10.720218190791599, 46.779024436023974 ], [ 10.719456248141926, 46.778847649455948 ], [ 10.720420647151592, 46.778520634286316 ], [ 10.719835481733247, 46.778103813161522 ], [ 10.719388848087327, 46.778771871690374 ], [ 10.718506220250523, 46.778945855985938 ], [ 10.718495933379609, 46.779847846112972 ], [ 10.714442357484405, 46.780566629988201 ], [ 10.714466324508628, 46.782098260696706 ], [ 10.708890869967048, 46.782453111909753 ], [ 10.708205892083928, 46.782824074838594 ], [ 10.708229549627589, 46.783440331021325 ], [ 10.709263268569369, 46.784772677162742 ], [ 10.710938400505613, 46.785338327234477 ], [ 10.710335196497535, 46.785714389330437 ], [ 10.710598918765484, 46.786226189565099 ], [ 10.712472012410403, 46.786636361660094 ], [ 10.711246470885548, 46.786768989085054 ], [ 10.710961651136003, 46.787954264919073 ], [ 10.709973615880218, 46.788171426810578 ], [ 10.71029942467826, 46.788935646458718 ], [ 10.710799284045855, 46.788737687274178 ], [ 10.712277465246412, 46.789349737167704 ], [ 10.713570357973978, 46.789125609004493 ], [ 10.714617323440587, 46.789824097197069 ], [ 10.714259986723651, 46.790209623256914 ], [ 10.714531938953192, 46.790367461947469 ], [ 10.714888391891673, 46.790347833641135 ], [ 10.714990542858612, 46.789525782145482 ], [ 10.717334939677231, 46.790534961105749 ], [ 10.716359373674829, 46.789618596604967 ], [ 10.711962395206456, 46.788263797929353 ], [ 10.713341239340648, 46.786245010961174 ], [ 10.713191807718529, 46.7854686339303 ], [ 10.715498013075894, 46.783755416608031 ], [ 10.716970710737579, 46.783530918572247 ], [ 10.717696773584487, 46.783908137727302 ], [ 10.719047793631846, 46.783990234122314 ], [ 10.720110955723426, 46.783414701365942 ], [ 10.721571096940318, 46.783639847808061 ], [ 10.722805357099475, 46.783386970938899 ], [ 10.72292930436266, 46.78362130792015 ], [ 10.723865373828737, 46.783192186201568 ], [ 10.723426040056811, 46.784763287247877 ], [ 10.722844990338023, 46.785036624206356 ], [ 10.720411856048242, 46.784915130934216 ], [ 10.720085204384937, 46.785194343176826 ], [ 10.720004515289837, 46.785969312195981 ], [ 10.721084345330867, 46.788288718498286 ], [ 10.721925014837742, 46.789071588908762 ], [ 10.722311686058717, 46.790455701735219 ], [ 10.721465330767408, 46.790354146791877 ], [ 10.720949086600479, 46.789689495143158 ], [ 10.720128848045244, 46.789623730167129 ], [ 10.71849009678869, 46.790330296105466 ], [ 10.718695688293199, 46.790980338079848 ], [ 10.717603598185388, 46.790651957026412 ], [ 10.717862691587962, 46.791124283744679 ], [ 10.716554258641919, 46.790795330259272 ], [ 10.718906747241878, 46.792002921496035 ], [ 10.718767371236122, 46.792484375878949 ], [ 10.718317901308106, 46.792413979886284 ], [ 10.718343854274496, 46.792706462839618 ], [ 10.717386115128242, 46.792875136558052 ], [ 10.71650371291549, 46.791521160958304 ], [ 10.716209801813026, 46.792221321341302 ], [ 10.715649257657537, 46.792222870175493 ], [ 10.715485874803861, 46.79264534241414 ], [ 10.714785179310503, 46.79285157048993 ], [ 10.714581970770801, 46.793461219689078 ], [ 10.715006841296475, 46.794066599279567 ], [ 10.714741549913425, 46.79396628380799 ], [ 10.714644280648249, 46.793982027918069 ], [ 10.714263086401974, 46.794478790212203 ], [ 10.713806971758119, 46.794210298072656 ], [ 10.71214485955174, 46.794143748030997 ], [ 10.712031065507775, 46.794425465056804 ], [ 10.711370257858544, 46.794053902005089 ], [ 10.711266966290978, 46.794732626122929 ], [ 10.710668512033886, 46.794818721754446 ], [ 10.709909244215362, 46.795968130929701 ], [ 10.709539989583286, 46.797294968060051 ], [ 10.709907956387001, 46.797746636657877 ], [ 10.710491023410977, 46.797839443324875 ], [ 10.71307491884221, 46.797427949755843 ], [ 10.71270035454209, 46.7976430919839 ], [ 10.712933086054246, 46.797765805763866 ], [ 10.711264807868282, 46.798284495804744 ], [ 10.712274652113713, 46.798180812484567 ], [ 10.711922533102141, 46.798896059023626 ], [ 10.712462672549183, 46.799199897700078 ], [ 10.711763361283008, 46.799234171998108 ], [ 10.711936275252512, 46.799329209775308 ], [ 10.712915316327406, 46.799150263156527 ], [ 10.712734213748348, 46.799343460226289 ], [ 10.713571872662769, 46.799516642262603 ], [ 10.713901392264718, 46.799302172883223 ], [ 10.714400980614945, 46.798407379901228 ], [ 10.714475975595789, 46.797384773674459 ], [ 10.714003961713521, 46.797915682841044 ], [ 10.713415481632813, 46.797836396733942 ], [ 10.714162813325343, 46.797568046550445 ], [ 10.713936180009419, 46.797419052266555 ], [ 10.714315388947021, 46.797022875118742 ], [ 10.714862136940999, 46.797207549571191 ], [ 10.71552436155322, 46.799192172297936 ], [ 10.716653691281776, 46.799487155094376 ], [ 10.716615005159406, 46.799252008856797 ], [ 10.717922362864986, 46.79880919966849 ], [ 10.718898492855121, 46.799301708918229 ], [ 10.717719197925502, 46.796885932920475 ], [ 10.716558937836934, 46.796489037416897 ], [ 10.716973086252752, 46.79624935386078 ], [ 10.718565901839892, 46.796915150372932 ], [ 10.719490984360537, 46.798955503702793 ], [ 10.72066147200225, 46.798953146607857 ], [ 10.721037554419633, 46.799555963157331 ], [ 10.722767600093206, 46.798841980611613 ], [ 10.723742947961973, 46.797403512218203 ], [ 10.723477193675571, 46.796898917177913 ], [ 10.724010924948955, 46.795698432164826 ], [ 10.723465559440051, 46.793965285174515 ], [ 10.723716914158979, 46.793585287764593 ], [ 10.724445180433301, 46.794156836115292 ], [ 10.725668700034518, 46.79447174056375 ], [ 10.726217305192939, 46.794144995759837 ], [ 10.726363025221479, 46.79314571982642 ], [ 10.727103162465729, 46.792758394904105 ], [ 10.727611176504691, 46.793032646175512 ], [ 10.727569473388314, 46.793624482155941 ], [ 10.726697702720973, 46.793792410996147 ], [ 10.72596954638554, 46.79498203252497 ], [ 10.726109537434255, 46.79697407392613 ] ], [ [ 10.713933331546471, 46.796718525749014 ], [ 10.713894995684512, 46.796821486283015 ], [ 10.713813021588253, 46.796751281926383 ], [ 10.713933331546471, 46.796718525749014 ] ], [ [ 10.713611288070732, 46.796949551034885 ], [ 10.713792552963678, 46.796980171539815 ], [ 10.713252867718918, 46.797345415475739 ], [ 10.713611288070732, 46.796949551034885 ] ], [ [ 10.712168977761015, 46.79881567390666 ], [ 10.712289700578529, 46.798773865375864 ], [ 10.712346600469049, 46.798818730463985 ], [ 10.712168977761015, 46.79881567390666 ] ], [ [ 10.712018946544934, 46.798829824930124 ], [ 10.712016613304611, 46.798865575476647 ], [ 10.711964325902008, 46.798856833814106 ], [ 10.712018946544934, 46.798829824930124 ] ], [ [ 10.712119531517574, 46.798918323988929 ], [ 10.712074301992724, 46.798979003780993 ], [ 10.712064202362601, 46.798922962191583 ], [ 10.712119531517574, 46.798918323988929 ] ], [ [ 10.712507091632824, 46.799024911415501 ], [ 10.712504533441573, 46.799053522571029 ], [ 10.712455258486091, 46.799030449612744 ], [ 10.712507091632824, 46.799024911415501 ] ], [ [ 10.727519759392266, 46.792877192205715 ], [ 10.72771155611057, 46.792717145275986 ], [ 10.727838121341971, 46.792988581914386 ], [ 10.727519759392266, 46.792877192205715 ] ], [ [ 10.719718461502858, 46.792445663573268 ], [ 10.719075481815173, 46.792123165412534 ], [ 10.719057214192528, 46.791930572300863 ], [ 10.719610303139396, 46.791988931119441 ], [ 10.719718461502858, 46.792445663573268 ] ], [ [ 10.721181618856091, 46.791935518210877 ], [ 10.720265277100491, 46.791928464393173 ], [ 10.719467319429542, 46.791474956910271 ], [ 10.721181618856091, 46.791935518210877 ] ], [ [ 10.718364457735158, 46.791403867879346 ], [ 10.718906199233279, 46.791541571318497 ], [ 10.7187854190827, 46.791695179394935 ], [ 10.718364457735158, 46.791403867879346 ] ], [ [ 10.72621040453976, 46.788605136356416 ], [ 10.726568535685377, 46.788643465085173 ], [ 10.726066709317593, 46.789054946990483 ], [ 10.72621040453976, 46.788605136356416 ] ], [ [ 10.726625530454443, 46.788635107669357 ], [ 10.726640010113854, 46.788572980852095 ], [ 10.726674459770601, 46.788593295373488 ], [ 10.726625530454443, 46.788635107669357 ] ], [ [ 10.726603533935213, 46.788516385432523 ], [ 10.726663284617169, 46.788514888910001 ], [ 10.726641419158842, 46.788562839822283 ], [ 10.726603533935213, 46.788516385432523 ] ], [ [ 10.726651023439867, 46.788052680231921 ], [ 10.726429315121958, 46.788376121752414 ], [ 10.726453947034528, 46.788062399082222 ], [ 10.726651023439867, 46.788052680231921 ] ], [ [ 10.726895599872435, 46.788170978924484 ], [ 10.726964957934902, 46.787755151216373 ], [ 10.727190576299195, 46.787769603955454 ], [ 10.726895599872435, 46.788170978924484 ] ], [ [ 10.711817512250876, 46.782847470899213 ], [ 10.711279771551881, 46.782548355250661 ], [ 10.712639827067914, 46.782545149389591 ], [ 10.711817512250876, 46.782847470899213 ] ], [ [ 10.714984820681396, 46.781660149217835 ], [ 10.714633871747893, 46.781349200478395 ], [ 10.715022301053718, 46.781181465210565 ], [ 10.716087048248877, 46.781354082954863 ], [ 10.714984820681396, 46.781660149217835 ] ], [ [ 10.71614202009888, 46.781077052034931 ], [ 10.715744470407131, 46.781044917210487 ], [ 10.71569096261622, 46.781019051784142 ], [ 10.71614202009888, 46.781077052034931 ] ] ] } },
{ "type": "Feature", "properties": { "HOM_ID": 94.0, "NAME_D": "Steinschlagferner", "NAME_IT": "Vedretta delle Frane", "REGION": "Oetztaler Alpen", "ALT_MIN": 2901.0, "ALT_MAX": 3316.0, "ALT_MEDIAN": 3083.0, "area_km2": 0.530598 }, "geometry": { "type": "Polygon", "coordinates": [ [ [ 10.732081334745606, 46.783774003547542 ], [ 10.733966306119106, 46.783535918067962 ], [ 10.734967837161063, 46.782270189380547 ], [ 10.736415268124345, 46.782548249043181 ], [ 10.73560874610226, 46.782798594788488 ], [ 10.73638610827726, 46.783096578840542 ], [ 10.737189785848843, 46.78265006948449 ], [ 10.737304616633164, 46.781870306090553 ], [ 10.739842065960472, 46.78090788825731 ], [ 10.740173059005793, 46.78058807490109 ], [ 10.739797991352498, 46.780460879751594 ], [ 10.740595909248968, 46.780264958924533 ], [ 10.740206757665115, 46.780128012572035 ], [ 10.740594629494408, 46.780010201901419 ], [ 10.740019552429626, 46.779911799893206 ], [ 10.741023765050119, 46.779774771185068 ], [ 10.740233772577751, 46.779460580504349 ], [ 10.74234043219009, 46.779223983611615 ], [ 10.741997316747501, 46.778257724717626 ], [ 10.740559017114199, 46.777668864809151 ], [ 10.742841541205038, 46.777895237298836 ], [ 10.742881913500025, 46.777401110467494 ], [ 10.743624357511365, 46.776994537156781 ], [ 10.742205762959003, 46.776639935543137 ], [ 10.742397486897586, 46.777103708873 ], [ 10.741816795443004, 46.777260178029827 ], [ 10.741919589773929, 46.776475681477102 ], [ 10.741321285527706, 46.776687658015661 ], [ 10.740480750473584, 46.776638795328672 ], [ 10.742724114239715, 46.775866539679654 ], [ 10.742657125635997, 46.775680882457792 ], [ 10.740124281798753, 46.775421914880624 ], [ 10.73993535834947, 46.775173345626975 ], [ 10.73957160072063, 46.775048869194556 ], [ 10.739424529950263, 46.775453985398258 ], [ 10.738566054791299, 46.775193467831237 ], [ 10.737726334097308, 46.775879676172025 ], [ 10.738161673676828, 46.776268323829441 ], [ 10.737491045435506, 46.77653804803618 ], [ 10.737717874234576, 46.776852546398381 ], [ 10.736600304180138, 46.776459332195195 ], [ 10.735559449024535, 46.776554653919483 ], [ 10.735030169151116, 46.776073296591122 ], [ 10.73546224833861, 46.775745224945112 ], [ 10.733813634020439, 46.775057774516739 ], [ 10.733758203323015, 46.776294517535092 ], [ 10.733078451617526, 46.776161871776551 ], [ 10.733020166119136, 46.776505630516134 ], [ 10.732526173635108, 46.776163092242484 ], [ 10.732802074304498, 46.776012477296064 ], [ 10.732392277059176, 46.775975823390652 ], [ 10.731421181770283, 46.776474049858514 ], [ 10.731430034287467, 46.776917703439665 ], [ 10.730750148317858, 46.776959380695139 ], [ 10.731738560244548, 46.778321466269155 ], [ 10.732397435448965, 46.778440071301283 ], [ 10.73337443354651, 46.779183054802822 ], [ 10.730929280872372, 46.779782008454241 ], [ 10.731843060295802, 46.780066768860031 ], [ 10.73097303115733, 46.780606154213778 ], [ 10.731971478697581, 46.781141933293362 ], [ 10.732045770686321, 46.781545355097471 ], [ 10.732601918114883, 46.781323827224249 ], [ 10.732850353120023, 46.781835823622224 ], [ 10.731532036348213, 46.782167228220459 ], [ 10.731894904727408, 46.783041070620143 ], [ 10.731015124025756, 46.783061527874928 ], [ 10.731660350566303, 46.783185105211373 ], [ 10.732081334745606, 46.783774003547542 ] ], [ [ 10.739820968482162, 46.775639538136318 ], [ 10.739982840070812, 46.775414206256436 ], [ 10.739655984584251, 46.775165828917721 ], [ 10.740194673462888, 46.775534801507369 ], [ 10.739820968482162, 46.775639538136318 ] ] ] } },
{ "type": "Feature", "properties": { "HOM_ID": 82.0, "NAME_D": "Oberettesferner", "NAME_IT": "Vedretta di Oberettes di Ponente", "REGION": "Oetztaler Alpen", "ALT_MIN": 2886.0, "ALT_MAX": 3228.0, "ALT_MEDIAN": 3061.0, "area_km2": 0.224142 }, "geometry": { "type": "Polygon", "coordinates": [ [ [ 10.729821293913773, 46.776822486624575 ], [ 10.730861817924341, 46.776440658052948 ], [ 10.730751602995714, 46.775375439545222 ], [ 10.729034817983768, 46.774327049988216 ], [ 10.72929784299439, 46.773836568956881 ], [ 10.728967110668167, 46.773248676163611 ], [ 10.728311787497542, 46.77307642358322 ], [ 10.727813830115661, 46.772298185112128 ], [ 10.726233423413479, 46.771499563600337 ], [ 10.725776553087584, 46.770975472974847 ], [ 10.725880705996264, 46.770482445260789 ], [ 10.724515371482214, 46.768964848670429 ], [ 10.7229111401524, 46.768211829526734 ], [ 10.721632995660835, 46.768338218731699 ], [ 10.721748262093417, 46.769236535977974 ], [ 10.722681283628868, 46.769805858100838 ], [ 10.725478048838895, 46.773373916664937 ], [ 10.725100026911656, 46.773606171559472 ], [ 10.725761980789063, 46.773986092035443 ], [ 10.725309354552008, 46.774165248959704 ], [ 10.724096620331016, 46.773386164187286 ], [ 10.725006450117768, 46.774202854650184 ], [ 10.725003988349478, 46.775162460094727 ], [ 10.725584556042019, 46.774941203538503 ], [ 10.726180137505217, 46.774057169637381 ], [ 10.726650741700405, 46.774744741585387 ], [ 10.726094352387582, 46.774903144509516 ], [ 10.72627618290268, 46.775495673348615 ], [ 10.726998071084692, 46.775678242351795 ], [ 10.727305309703752, 46.776582882370967 ], [ 10.729821293913773, 46.776822486624575 ] ] ] } },
{ "type": "Feature", "properties": { "HOM_ID": 92.0, "NAME_D": "Schwemmserferner (Rossmurtferner)", "NAME_IT": "Vedretta di Oberettes di Levante", "REGION": "Oetztaler Alpen", "ALT_MIN": 3215.0, "ALT_MAX": 3332.0, "ALT_MEDIAN": 3266.0, "area_km2": 0.0244243 }, "geometry": { "type": "Polygon", "coordinates": [ [ [ 10.732060928806682, 46.77215758622976 ], [ 10.733804823658561, 46.77103515809474 ], [ 10.733837230111298, 46.770619642818566 ], [ 10.733062008884028, 46.770178460180588 ], [ 10.731240923037653, 46.771195206424785 ], [ 10.731456471975106, 46.771821980022509 ], [ 10.732060928806682, 46.77215758622976 ] ] ] } },
{ "type": "Feature", "properties": { "HOM_ID": 91.0, "NAME_D": "Schwemserferner", "NAME_IT": "Vedretta di Oberettes di Levante", "REGION": "Oetztaler Alpen", "ALT_MIN": 2988.0, "ALT_MAX": 3080.0, "ALT_MEDIAN": 3028.0, "area_km2": 0.0180529 }, "geometry": { "type": "Polygon", "coordinates": [ [ [ 10.733699874748426, 46.765644224327275 ], [ 10.735454878620063, 46.765263429348678 ], [ 10.736110108063885, 46.764491539588491 ], [ 10.734841283172743, 46.764364943689593 ], [ 10.73369765458464, 46.764900166464592 ], [ 10.733572229212969, 46.765175893017151 ], [ 10.734070417290065, 46.765448121635536 ], [ 10.733699874748426, 46.765644224327275 ] ] ] } },
{ "type": "Feature", "properties": { "HOM_ID": 91.0, "NAME_D": "Schwemserferner", "NAME_IT": "Vedretta di Oberettes di Levante", "REGION": "Oetztaler Alpen", "ALT_MIN": 3030.0, "ALT_MAX": 3205.0, "ALT_MEDIAN": 3123.0, "area_km2": 0.0959888 }, "geometry": { "type": "Polygon", "coordinates": [ [ [ 10.730883884034476, 46.76915485954077 ], [ 10.732991490489196, 46.767878835628977 ], [ 10.7326369212076, 46.767628238115996 ], [ 10.734275128444891, 46.76676249594631 ], [ 10.733906871815922, 46.766625212227744 ], [ 10.734022750285554, 46.766294992119711 ], [ 10.733157668298448, 46.766111636203618 ], [ 10.733452614101727, 46.765882321933304 ], [ 10.730991397385633, 46.765102203575815 ], [ 10.730727783759013, 46.765634793699263 ], [ 10.729762612795529, 46.765685106573748 ], [ 10.730339835749314, 46.766504998116346 ], [ 10.72966444402849, 46.766894002508209 ], [ 10.729400655809972, 46.767719466002269 ], [ 10.730123771557945, 46.769225883506088 ], [ 10.730883884034476, 46.76915485954077 ] ] ] } },
{ "type": "Feature", "properties": { "HOM_ID": 83.0, "NAME_D": "Saldurferner Noerdlicher", "NAME_IT": "Vedretta di Saldura", "REGION": "Oetztaler Alpen", "ALT_MIN": 2836.0, "ALT_MAX": 3134.0, "ALT_MEDIAN": 2987.0, "area_km2": 0.0936033 }, "geometry": { "type": "Polygon", "coordinates": [ [ [ 10.731036561586588, 46.746613251113047 ], [ 10.727626920239342, 46.747701053331845 ], [ 10.726776920333963, 46.747638166437383 ], [ 10.72710779045874, 46.748301307810571 ], [ 10.72768943758712, 46.748551588981037 ], [ 10.727581479918458, 46.748907645483783 ], [ 10.729007508937759, 46.748930392157206 ], [ 10.729465379063063, 46.748234858688008 ], [ 10.730343687739598, 46.748139032098585 ], [ 10.730692579657379, 46.747629945496847 ], [ 10.732716971492049, 46.748081823305647 ], [ 10.732790178315931, 46.747450567004314 ], [ 10.733874322617689, 46.746864582598199 ], [ 10.733681737911157, 46.746162886881613 ], [ 10.731876402491398, 46.745083494939657 ], [ 10.731057464816795, 46.74555686936727 ], [ 10.731036561586588, 46.746613251113047 ] ] ] } },
{ "type": "Feature", "properties": { "HOM_ID": 84.0, "NAME_D": "Saldurferner Suedlicher", "NAME_IT": "Vedretta di Saldura", "REGION": "Oetztaler Alpen", "ALT_MIN": 3079.0, "ALT_MAX": 3240.0, "ALT_MEDIAN": 3135.0, "area_km2": 0.0164923 }, "geometry": { "type": "Polygon", "coordinates": [ [ [ 10.728383926564103, 46.738752914124603 ], [ 10.729741748783216, 46.737756141005178 ], [ 10.730435465743957, 46.737653382849899 ], [ 10.730346110464758, 46.737431505489255 ], [ 10.728155023757768, 46.737473939295967 ], [ 10.727144940480626, 46.737914428809638 ], [ 10.728383926564103, 46.738752914124603 ] ] ] } },
{ "type": "Feature", "properties": { "HOM_ID": 84.0, "NAME_D": "Saldurferner Suedlicher", "NAME_IT": "Vedretta di Saldura", "REGION": "Oetztaler Alpen", "ALT_MIN": 2884.0, "ALT_MAX": 3332.0, "ALT_MEDIAN": 3109.0, "area_km2": 0.238693 }, "geometry": { "type": "Polygon", "coordinates": [ [ [ 10.726487153028589, 46.743941572142596 ], [ 10.727710142929093, 46.743104773404923 ], [ 10.72874117840238, 46.742858565256455 ], [ 10.729556719725833, 46.742041427767788 ], [ 10.731746431346764, 46.743144088259051 ], [ 10.73472920980223, 46.743267958320033 ], [ 10.734212686428998, 46.741310905130241 ], [ 10.733217635752581, 46.741387892042404 ], [ 10.733418550051919, 46.740632420240871 ], [ 10.733025392234138, 46.740793148472356 ], [ 10.733105662408807, 46.741244341348335 ], [ 10.732289288410703, 46.741502773796462 ], [ 10.731393989606842, 46.741332166931429 ], [ 10.731965947870327, 46.74037345010467 ], [ 10.731029242481835, 46.739892358218739 ], [ 10.730988952658775, 46.739391150301756 ], [ 10.732509536290596, 46.739421708737005 ], [ 10.73275994162894, 46.738724420187928 ], [ 10.732456408570773, 46.737898607993522 ], [ 10.730290558102174, 46.738032325441488 ], [ 10.729942554738487, 46.73902600173902 ], [ 10.731487619000328, 46.738199006932632 ], [ 10.730712065225315, 46.739397125725517 ], [ 10.729268758184347, 46.739262357212205 ], [ 10.728407936812653, 46.739535858140322 ], [ 10.727702590539815, 46.740115594801061 ], [ 10.727693537655533, 46.74093924657025 ], [ 10.725716484175566, 46.741117536452741 ], [ 10.72512765926056, 46.741836281667304 ], [ 10.723887137146747, 46.741547818933007 ], [ 10.72332194476402, 46.741745631165685 ], [ 10.724209914275562, 46.742057272277961 ], [ 10.72355090545102, 46.74296303168299 ], [ 10.724083094480633, 46.743847924731433 ], [ 10.724551914083559, 46.743722994410135 ], [ 10.724497178348432, 46.743956214872931 ], [ 10.725818031101161, 46.743346738034575 ], [ 10.726129012504646, 46.742834871977323 ], [ 10.726934796564343, 46.743034570563914 ], [ 10.726487153028589, 46.743941572142596 ] ] ] } },
{ "type": "Feature", "properties": { "HOM_ID": 90.0, "NAME_D": "Lazaunferner Westlicher", "NAME_IT": "Vedretta Lazaun", "REGION": "Oetztaler Alpen", "ALT_MIN": 2922.0, "ALT_MAX": 3339.0, "ALT_MEDIAN": 3132.0, "area_km2": 0.120843 }, "geometry": { "type": "Polygon", "coordinates": [ [ [ 10.740439254906626, 46.746852843340911 ], [ 10.739317386626457, 46.745640363332797 ], [ 10.739985741845675, 46.745454607506375 ], [ 10.739371104415852, 46.74492757155074 ], [ 10.739421259399649, 46.744596303724215 ], [ 10.73996643909741, 46.7446278081242 ], [ 10.739759440993948, 46.744249979354876 ], [ 10.737838252210878, 46.743065730440406 ], [ 10.737326623730452, 46.741540230630001 ], [ 10.736374315502381, 46.741330388336472 ], [ 10.735576714268401, 46.741995230433254 ], [ 10.734774327442853, 46.743737803203778 ], [ 10.736719570384752, 46.744745735824843 ], [ 10.73645296636353, 46.745396250946925 ], [ 10.737194605341765, 46.745623570100925 ], [ 10.73743242193202, 46.746152142610306 ], [ 10.738529435411136, 46.746302630974256 ], [ 10.738530093860668, 46.746775506745983 ], [ 10.739640352363551, 46.746677124954012 ], [ 10.739523102276216, 46.74643508309601 ], [ 10.740439254906626, 46.746852843340911 ] ] ] } },
{ "type": "Feature", "properties": { "HOM_ID": 89.0, "NAME_D": "Lazaunferner Oestlicher", "NAME_IT": "Vedretta Lazaun", "REGION": "Oetztaler Alpen", "ALT_MIN": 2769.0, "ALT_MAX": 3296.0, "ALT_MEDIAN": 3046.0, "area_km2": 0.128911 }, "geometry": { "type": "Polygon", "coordinates": [ [ [ 10.745647754937456, 46.747126916394635 ], [ 10.746111803312738, 46.746881724846084 ], [ 10.745362139998367, 46.746595526348607 ], [ 10.745153865366234, 46.745777224434249 ], [ 10.745803332619115, 46.745240497112206 ], [ 10.744023411010259, 46.744069593347348 ], [ 10.744325035789078, 46.742208051433998 ], [ 10.743512299904118, 46.740438228235128 ], [ 10.740227349961982, 46.740714446858235 ], [ 10.74002029589689, 46.740953325180911 ], [ 10.739685415159103, 46.740448862679429 ], [ 10.740015777365336, 46.740274780006139 ], [ 10.738249890040926, 46.740506398645763 ], [ 10.739051568356441, 46.741525232973274 ], [ 10.740490413611923, 46.741570022879358 ], [ 10.742058844920646, 46.742196667869855 ], [ 10.74198764315471, 46.742566822685838 ], [ 10.74349889609114, 46.743701374477197 ], [ 10.741976931212498, 46.744841294046317 ], [ 10.743673904095594, 46.745545964279117 ], [ 10.743481994140527, 46.746028918656805 ], [ 10.744361449122534, 46.746714960922134 ], [ 10.745647754937456, 46.747126916394635 ] ] ] } },
{ "type": "Feature", "properties": { "HOM_ID": 88.0, "NAME_D": "Lagaunferner", "NAME_IT": "Vedretta di Lagaun", "REGION": "Oetztaler Alpen", "ALT_MIN": 3042.0, "ALT_MAX": 3333.0, "ALT_MEDIAN": 3195.0, "area_km2": 0.664208 }, "geometry": { "type": "Polygon", "coordinates": [ [ [ 10.736596026780932, 46.739537878208736 ], [ 10.739668696083458, 46.736698500170569 ], [ 10.73934817630041, 46.735366245986917 ], [ 10.739900057171173, 46.735016853205067 ], [ 10.739337583281417, 46.734649192199541 ], [ 10.740167820885553, 46.733436490050813 ], [ 10.741985814301223, 46.732858787228047 ], [ 10.74072356606681, 46.733451846106767 ], [ 10.741267507299236, 46.73425504887674 ], [ 10.742794912946152, 46.734764920909917 ], [ 10.743657365708037, 46.733930773902649 ], [ 10.744315919767281, 46.733892209334648 ], [ 10.744112255503802, 46.733590533374823 ], [ 10.744976864538071, 46.733124939390343 ], [ 10.742784438649783, 46.732130713782048 ], [ 10.743439311801419, 46.731558199173122 ], [ 10.742868077012677, 46.731240691522821 ], [ 10.743131979773915, 46.730725685585256 ], [ 10.742325655768044, 46.730473665873888 ], [ 10.742601434804333, 46.730112300393486 ], [ 10.741613091599511, 46.729960673032416 ], [ 10.742046247341731, 46.729539765608948 ], [ 10.736340605952892, 46.728119027108342 ], [ 10.736034873051782, 46.728573100619457 ], [ 10.735480237031558, 46.728554728010252 ], [ 10.735606243048275, 46.72898339986763 ], [ 10.734719073912295, 46.728853988708231 ], [ 10.735143117387091, 46.72935620255506 ], [ 10.735181316551811, 46.730762855715135 ], [ 10.734044031479486, 46.731243542369057 ], [ 10.733902845296925, 46.732470307784205 ], [ 10.732581211389249, 46.732284777495813 ], [ 10.732271233964358, 46.733563084232266 ], [ 10.733131152133367, 46.734028662609063 ], [ 10.732791137926528, 46.734450476629213 ], [ 10.73315054071259, 46.734642663508886 ], [ 10.732127622450264, 46.735467730317993 ], [ 10.732747861841888, 46.736315416257952 ], [ 10.732516821487195, 46.737269094263084 ], [ 10.733522631340396, 46.737530065775772 ], [ 10.735312770380146, 46.739427083298743 ], [ 10.736596026780932, 46.739537878208736 ] ] ] } },
{ "type": "Feature", "properties": { "HOM_ID": 85.0, "NAME_D": "Ramudlferner Noerdlicher", "NAME_IT": "Vedretta di Ramudla", "REGION": "Oetztaler Alpen", "ALT_MIN": 2942.0, "ALT_MAX": 3352.0, "ALT_MEDIAN": 3140.0, "area_km2": 0.233592 }, "geometry": { "type": "Polygon", "coordinates": [ [ [ 10.726684163017048, 46.733979953434272 ], [ 10.727049549127502, 46.733514409068732 ], [ 10.726844503973627, 46.733205728990349 ], [ 10.727928494825443, 46.732957799394192 ], [ 10.727934483959745, 46.732364813990991 ], [ 10.728706019615833, 46.731839792139276 ], [ 10.729970724513668, 46.731279305933001 ], [ 10.732441228165742, 46.731086340865019 ], [ 10.731395628017777, 46.72992457070157 ], [ 10.733111462058352, 46.729005200124398 ], [ 10.732781826475026, 46.728833038569398 ], [ 10.73224624115252, 46.729323085373196 ], [ 10.731442790048348, 46.729234288815782 ], [ 10.73003023215831, 46.726781988134036 ], [ 10.728999370583207, 46.727008776655218 ], [ 10.728248430844301, 46.727998757097509 ], [ 10.728288169217235, 46.728483902174922 ], [ 10.729204978522393, 46.729025584256931 ], [ 10.729214503951894, 46.729236881978672 ], [ 10.728781150871766, 46.729199619375265 ], [ 10.72918322586913, 46.72947165589698 ], [ 10.727804785087473, 46.729161032398473 ], [ 10.726924241577539, 46.728032127563957 ], [ 10.726712917417721, 46.728640224199459 ], [ 10.725568021531791, 46.728973722504577 ], [ 10.725150770879075, 46.730222951970582 ], [ 10.724509982039844, 46.73076121789839 ], [ 10.724136840260281, 46.731975289836036 ], [ 10.724741685713171, 46.732426916600389 ], [ 10.724395027613713, 46.732741685646602 ], [ 10.726211216587508, 46.732247599326641 ], [ 10.72659496064138, 46.732856371338791 ], [ 10.725699774211979, 46.733866227056971 ], [ 10.726684163017048, 46.733979953434272 ] ] ] } },
{ "type": "Feature", "properties": { "HOM_ID": 86.0, "NAME_D": "Ramudlferner Suedlicher", "NAME_IT": "Vedretta di Ramudla", "REGION": "Oetztaler Alpen", "ALT_MIN": 3062.0, "ALT_MAX": 3249.0, "ALT_MEDIAN": 3160.0, "area_km2": 0.117653 }, "geometry": { "type": "Polygon", "coordinates": [ [ [ 10.722571561404353, 46.729671906952781 ], [ 10.723551882843786, 46.729247592355101 ], [ 10.724478481113492, 46.728338857567813 ], [ 10.724605055678985, 46.727616903020632 ], [ 10.72552494481511, 46.727275392430329 ], [ 10.72720486767107, 46.725794709778164 ], [ 10.727406017361078, 46.724465396581557 ], [ 10.727060706430011, 46.724061059923891 ], [ 10.725602721657326, 46.723835425153254 ], [ 10.725946279576622, 46.724702601438487 ], [ 10.724105228620592, 46.726147119962334 ], [ 10.724206678293763, 46.726786107901546 ], [ 10.722799539926472, 46.727762162038765 ], [ 10.722112051489271, 46.727377248720053 ], [ 10.720057832808969, 46.72852720762917 ], [ 10.721188041476225, 46.729614153442114 ], [ 10.722571561404353, 46.729671906952781 ] ] ] } },
{ "type": "Feature", "properties": { "HOM_ID": 87.0, "NAME_D": "Ramudlferner Suedlicher", "NAME_IT": "Vedretta di Ramudla", "REGION": "Oetztaler Alpen", "ALT_MIN": 2968.0, "ALT_MAX": 3042.0, "ALT_MEDIAN": 3006.0, "area_km2": 0.00742238 }, "geometry": { "type": "Polygon", "coordinates": [ [ [ 10.717315778311001, 46.72655702741455 ], [ 10.718078766357152, 46.72572266234679 ], [ 10.71683116902693, 46.725514710311472 ], [ 10.716599892193228, 46.725821056817587 ], [ 10.717315778311001, 46.72655702741455 ] ] ] } },
{ "type": "Feature", "properties": { "HOM_ID": 87.0, "NAME_D": "Ramudlferner Suedlicher", "NAME_IT": "Vedretta di Ramudla", "REGION": "Oetztaler Alpen", "ALT_MIN": 3115.0, "ALT_MAX": 3121.0, "ALT_MEDIAN": 3117.0, "area_km2": 0.000986111 }, "geometry": { "type": "Polygon", "coordinates": [ [ [ 10.718698165098569, 46.724341936291623 ], [ 10.719433990579994, 46.724158011924942 ], [ 10.719309957720958, 46.723981292978181 ], [ 10.718698165098569, 46.724341936291623 ] ] ] } },
{ "type": "Feature", "properties": { "HOM_ID": 96.0, "NAME_D": "Hochjochferner", "NAME_IT": "Vedretta di Giogo Alto", "REGION": "Oetztaler Alpen", "ALT_MIN": 2736.0, "ALT_MAX": 3203.0, "ALT_MEDIAN": 3005.0, "area_km2": 0.872721 }, "geometry": { "type": "Polygon", "coordinates": [ [ [ 10.802728744743371, 46.785285687292209 ], [ 10.812647476994842, 46.776542577740663 ], [ 10.812253770204958, 46.776034901709025 ], [ 10.811310954902725, 46.776445093977792 ], [ 10.810156726953565, 46.776063178180124 ], [ 10.809913161651544, 46.773971327789361 ], [ 10.810883087503818, 46.771821411777111 ], [ 10.810380717581817, 46.771170751157435 ], [ 10.809705283266297, 46.771000801900385 ], [ 10.809338377469455, 46.770056219856251 ], [ 10.80887181674307, 46.769887396271308 ], [ 10.808280822730671, 46.77034914642217 ], [ 10.808627593686531, 46.770963841510145 ], [ 10.808043889735105, 46.770737934670059 ], [ 10.806638745653698, 46.771175503298011 ], [ 10.805329079275554, 46.770026860540753 ], [ 10.805219660920091, 46.769345212355582 ], [ 10.80428843415044, 46.770100422698839 ], [ 10.803074919045033, 46.769739769259196 ], [ 10.803129780292432, 46.769981775880673 ], [ 10.802681885573133, 46.770032797737116 ], [ 10.802253940325414, 46.769506780832629 ], [ 10.801818260773262, 46.769940811113699 ], [ 10.798360843674063, 46.769640901427607 ], [ 10.797821236061534, 46.769920827112259 ], [ 10.799005197087819, 46.770445963636796 ], [ 10.79900746500835, 46.771107100895321 ], [ 10.799453090605518, 46.771376299694616 ], [ 10.798485134871333, 46.772176803864845 ], [ 10.799090551087223, 46.773497364951993 ], [ 10.800211089886679, 46.774695525465859 ], [ 10.800440207765309, 46.776162244766674 ], [ 10.802161519806555, 46.776385397747006 ], [ 10.804872087553768, 46.778493035077901 ], [ 10.804625584281723, 46.779206488907874 ], [ 10.804955350919503, 46.780052428077639 ], [ 10.80520040882641, 46.779979986545079 ], [ 10.805059149537064, 46.782099767060608 ], [ 10.802085984394287, 46.783940716559755 ], [ 10.801703288429689, 46.784645456934513 ], [ 10.802728744743371, 46.785285687292209 ] ] ] } },
{ "type": "Feature", "properties": { "HOM_ID": 96.0, "NAME_D": "Hochjochferner", "NAME_IT": "Vedretta di Giogo Alto", "REGION": "Oetztaler Alpen", "ALT_MIN": 3086.0, "ALT_MAX": 3166.0, "ALT_MEDIAN": 3118.0, "area_km2": 0.0144985 }, "geometry": { "type": "Polygon", "coordinates": [ [ [ 10.811353371878694, 46.77419072275319 ], [ 10.813007904362365, 46.774020221890765 ], [ 10.813572050422078, 46.773791029642126 ], [ 10.813352612469037, 46.773505442753851 ], [ 10.81188556406507, 46.773277881974245 ], [ 10.810572490726461, 46.774003071408536 ], [ 10.811353371878694, 46.77419072275319 ] ] ] } },
{ "type": "Feature", "properties": { "HOM_ID": 101.0, "NAME_D": "Hochjochferner", "NAME_IT": "Vedretta di Giogo Alto", "REGION": "Oetztaler Alpen", "ALT_MIN": 3293.0, "ALT_MAX": 3362.0, "ALT_MEDIAN": 3311.0, "area_km2": 0.0163995 }, "geometry": { "type": "Polygon", "coordinates": [ [ [ 10.837100426005856, 46.781833239801173 ], [ 10.838389739161935, 46.781180895383777 ], [ 10.837820638759331, 46.780816062314315 ], [ 10.83676879513971, 46.780670253399073 ], [ 10.837078019162176, 46.781787014236947 ], [ 10.835746950901935, 46.780893808674229 ], [ 10.835291152098696, 46.781148754607905 ], [ 10.835333430523704, 46.781536507207335 ], [ 10.835914713689354, 46.781766318347081 ], [ 10.837100426005856, 46.781833239801173 ] ] ] } },
{ "type": "Feature", "properties": { "HOM_ID": 97.0, "NAME_D": "Finailferner", "NAME_IT": "Vedretta di Finale", "REGION": "Oetztaler Alpen", "ALT_MIN": 3224.0, "ALT_MAX": 3244.0, "ALT_MEDIAN": 3229.0, "area_km2": 0.000988903 }, "geometry": { "type": "Polygon", "coordinates": [ [ [ 10.815394112409919, 46.774274974338773 ], [ 10.816075262547193, 46.77438202850476 ], [ 10.816222031338423, 46.77421183121011 ], [ 10.815394112409919, 46.774274974338773 ] ] ] } },
{ "type": "Feature", "properties": { "HOM_ID": 97.0, "NAME_D": "Finailferner", "NAME_IT": "Vedretta di Finale", "REGION": "Oetztaler Alpen", "ALT_MIN": 3261.0, "ALT_MAX": 3287.0, "ALT_MEDIAN": 3270.0, "area_km2": 0.00256341 }, "geometry": { "type": "Polygon", "coordinates": [ [ [ 10.81837635457458, 46.774078526084921 ], [ 10.818751312350173, 46.773851124302304 ], [ 10.818411160716961, 46.773506510339836 ], [ 10.818019590644216, 46.773919900029675 ], [ 10.817410741079819, 46.773932430471369 ], [ 10.81837635457458, 46.774078526084921 ] ] ] } },
{ "type": "Feature", "properties": { "HOM_ID": 97.0, "NAME_D": "Finailferner", "NAME_IT": "Vedretta di Finale", "REGION": "Oetztaler Alpen", "ALT_MIN": 3352.0, "ALT_MAX": 3366.0, "ALT_MEDIAN": 3354.0, "area_km2": 0.00186136 }, "geometry": { "type": "Polygon", "coordinates": [ [ [ 10.821557767012058, 46.774452897058794 ], [ 10.820620856345322, 46.77413064663989 ], [ 10.820106127464019, 46.774241700341449 ], [ 10.820553546147627, 46.774354588670242 ], [ 10.821557767012058, 46.774452897058794 ] ] ] } },
{ "type": "Feature", "properties": { "HOM_ID": 97.0, "NAME_D": "Finailferner", "NAME_IT": "Vedretta di Finale", "REGION": "Oetztaler Alpen", "ALT_MIN": 3342.0, "ALT_MAX": 3364.0, "ALT_MEDIAN": 3352.0, "area_km2": 0.0022716 }, "geometry": { "type": "Polygon", "coordinates": [ [ [ 10.821339093636841, 46.774052544868354 ], [ 10.821162714796744, 46.773508652683958 ], [ 10.820977438878836, 46.773523030940019 ], [ 10.820575054088199, 46.77400565391288 ], [ 10.821339093636841, 46.774052544868354 ] ] ] } },
{ "type": "Feature", "properties": { "HOM_ID": 102.0, "NAME_D": "Hauslabferner", "NAME_IT": null, "REGION": "Oetztaler Alpen", "ALT_MIN": 3186.0, "ALT_MAX": 3197.0, "ALT_MEDIAN": 3188.0, "area_km2": 0.00422963 }, "geometry": { "type": "Polygon", "coordinates": [ [ [ 10.841612992009999, 46.779060354065933 ], [ 10.841575284240744, 46.778564503033678 ], [ 10.841950260940209, 46.778583467987652 ], [ 10.841742091789843, 46.778272515258536 ], [ 10.841148515545454, 46.778246352034493 ], [ 10.84081396758503, 46.77849817828352 ], [ 10.840989409419887, 46.778916809707823 ], [ 10.841612992009999, 46.779060354065933 ] ] ] } },
{ "type": "Feature", "properties": { "HOM_ID": 102.0, "NAME_D": "Hauslabferner", "NAME_IT": null, "REGION": "Oetztaler Alpen", "ALT_MIN": 3213.0, "ALT_MAX": 3230.0, "ALT_MEDIAN": 3223.0, "area_km2": 0.00408648 }, "geometry": { "type": "Polygon", "coordinates": [ [ [ 10.840291308715361, 46.779952863856742 ], [ 10.840888129999122, 46.779728011433448 ], [ 10.839798639981588, 46.779328368332294 ], [ 10.839982557728717, 46.779517803353329 ], [ 10.839384695801114, 46.779712189536816 ], [ 10.840291308715361, 46.779952863856742 ] ] ] } },
{ "type": "Feature", "properties": { "HOM_ID": 103.0, "NAME_D": "Niederjochferner", "NAME_IT": "Vedretta di Giogo Basso", "REGION": "Oetztaler Alpen", "ALT_MIN": 3137.0, "ALT_MAX": 3167.0, "ALT_MEDIAN": 3147.0, "area_km2": 0.00326046 }, "geometry": { "type": "Polygon", "coordinates": [ [ [ 10.86318349342522, 46.768223841624291 ], [ 10.862549324717317, 46.767469833516735 ], [ 10.861534485379181, 46.767886375567834 ], [ 10.862667504009782, 46.767882221127401 ], [ 10.86318349342522, 46.768223841624291 ] ] ] } },
{ "type": "Feature", "properties": { "HOM_ID": 103.0, "NAME_D": "Niederjochferner", "NAME_IT": "Vedretta di Giogo Basso", "REGION": "Oetztaler Alpen", "ALT_MIN": 2938.0, "ALT_MAX": 3314.0, "ALT_MEDIAN": 3083.0, "area_km2": 0.383211 }, "geometry": { "type": "Polygon", "coordinates": [ [ [ 10.86331608879158, 46.772785117017897 ], [ 10.861809270999741, 46.771730791137159 ], [ 10.861268392346028, 46.772251528685963 ], [ 10.860609193760467, 46.772104503015171 ], [ 10.860184181552109, 46.771587571857076 ], [ 10.859259487832624, 46.771278178503344 ], [ 10.860588774623043, 46.771134537365391 ], [ 10.865035792284027, 46.771770507708545 ], [ 10.867564147497241, 46.771495596595919 ], [ 10.868586582039566, 46.766440232181836 ], [ 10.867697145082614, 46.766264023760151 ], [ 10.866927620607607, 46.765555109889959 ], [ 10.86637423434688, 46.765685574384868 ], [ 10.865438058530462, 46.766781069454765 ], [ 10.865921742454216, 46.767391077545113 ], [ 10.865738831045606, 46.768265543630442 ], [ 10.866185609537469, 46.768258256778616 ], [ 10.865979468971016, 46.768911659669712 ], [ 10.864438885035932, 46.768704618976564 ], [ 10.863116695376268, 46.768872845189094 ], [ 10.861983869912441, 46.769824777072671 ], [ 10.86204476443586, 46.76945504575648 ], [ 10.861443965400003, 46.769116256185569 ], [ 10.860088782057977, 46.769135320266756 ], [ 10.858702688756164, 46.769515012639488 ], [ 10.859646951310637, 46.770313252892123 ], [ 10.859176833131835, 46.77077726808195 ], [ 10.858931598587114, 46.769995489877608 ], [ 10.857166006014545, 46.770096760419449 ], [ 10.855554002579632, 46.770584848953163 ], [ 10.854837846956068, 46.771729865602957 ], [ 10.855390808542957, 46.772492374778309 ], [ 10.855346830050761, 46.773786336257878 ], [ 10.86331608879158, 46.772785117017897 ] ], [ [ 10.858183640640622, 46.772005145454472 ], [ 10.858128259754521, 46.771276833410923 ], [ 10.858936269312377, 46.771091078140913 ], [ 10.858183640640622, 46.772005145454472 ] ], [ [ 10.857777811877575, 46.77154146911252 ], [ 10.857468540018088, 46.771617923494468 ], [ 10.857536822046741, 46.771462043915591 ], [ 10.857777811877575, 46.77154146911252 ] ] ] } },
{ "type": "Feature", "properties": { "HOM_ID": 105.0, "NAME_D": "Grafferner", "NAME_IT": "Vedretta della Grava", "REGION": "Oetztaler Alpen", "ALT_MIN": 3022.0, "ALT_MAX": 3520.0, "ALT_MEDIAN": 3314.0, "area_km2": 1.70803 }, "geometry": { "type": "Polygon", "coordinates": [ [ [ 10.898606873915428, 46.768556707390672 ], [ 10.899966296387678, 46.768667133745659 ], [ 10.901831147316354, 46.768188501683056 ], [ 10.904372557027202, 46.767983786543084 ], [ 10.904734523318114, 46.767871087810413 ], [ 10.904626012703899, 46.767065890092951 ], [ 10.903685096745036, 46.766522467150992 ], [ 10.903839973502228, 46.766000809816383 ], [ 10.902543059854001, 46.765384248277428 ], [ 10.90063288128354, 46.765374329120107 ], [ 10.8993629570313, 46.765031109834055 ], [ 10.899590616119013, 46.764705881021563 ], [ 10.897653109701658, 46.763039354860346 ], [ 10.897352390469434, 46.761876410063337 ], [ 10.895766758434327, 46.760827626882154 ], [ 10.895167821395132, 46.759606756264517 ], [ 10.892771496168359, 46.757024330683969 ], [ 10.892844248069794, 46.756699199250505 ], [ 10.893895841899447, 46.75618614566406 ], [ 10.894206456058209, 46.755064739877056 ], [ 10.892871559776767, 46.75373836361323 ], [ 10.892951675889856, 46.753058422036787 ], [ 10.892441231599735, 46.753197827787993 ], [ 10.892219682281272, 46.752930641436372 ], [ 10.891873602397194, 46.751951181001147 ], [ 10.891624509551036, 46.753866139326675 ], [ 10.89063552621076, 46.753830153180587 ], [ 10.891035377782661, 46.753005038450702 ], [ 10.890613923682936, 46.753336430646819 ], [ 10.890308591352694, 46.753025978917947 ], [ 10.889787145120074, 46.753273730650818 ], [ 10.890187513882823, 46.754269131849725 ], [ 10.889871065427968, 46.754012438157538 ], [ 10.888896006095898, 46.753992825320985 ], [ 10.888271215298326, 46.754330541095683 ], [ 10.888031814062588, 46.753923751276183 ], [ 10.887552767920555, 46.754270468151013 ], [ 10.886845874815432, 46.753621371822696 ], [ 10.886050803214081, 46.753423158975835 ], [ 10.885310421655353, 46.751813232070731 ], [ 10.885101662552293, 46.753153069300204 ], [ 10.884206991494661, 46.753575572821511 ], [ 10.884020295629313, 46.756075833716544 ], [ 10.881392670477677, 46.756033356029967 ], [ 10.878637912639004, 46.757394702380772 ], [ 10.878178837400656, 46.757984221863587 ], [ 10.878271710570743, 46.758634326521602 ], [ 10.879869612678736, 46.760047459143351 ], [ 10.881239377855628, 46.760309604462826 ], [ 10.881066454685662, 46.761612531200868 ], [ 10.88162572193065, 46.762299807559017 ], [ 10.883416199698543, 46.76222391388643 ], [ 10.883259333678073, 46.760258513510394 ], [ 10.883698093602101, 46.759614066128407 ], [ 10.884463542492195, 46.759705634156468 ], [ 10.886080468731095, 46.761087412278165 ], [ 10.886553157895422, 46.76103009195262 ], [ 10.883900128609417, 46.764191032395892 ], [ 10.886774678372117, 46.765154519858342 ], [ 10.887125418657124, 46.766085084118664 ], [ 10.887797047380978, 46.766116863434746 ], [ 10.889491580215971, 46.768073765624379 ], [ 10.890826822685577, 46.768401727409803 ], [ 10.891447570182011, 46.768117640023576 ], [ 10.892453047995117, 46.768627235827282 ], [ 10.893130582032651, 46.768282672344775 ], [ 10.893385906452325, 46.768547511069904 ], [ 10.894016948927908, 46.7682608580905 ], [ 10.895000748239404, 46.768349335539135 ], [ 10.894887121233621, 46.767975003694744 ], [ 10.895521238701837, 46.767776391334621 ], [ 10.895536314518486, 46.768304746363448 ], [ 10.896388615738882, 46.768914947270162 ], [ 10.896877031325374, 46.769871197373341 ], [ 10.898606873915428, 46.768556707390672 ] ] ] } },
{ "type": "Feature", "properties": { "HOM_ID": 106.0, "NAME_D": "Stockferner", "NAME_IT": null, "REGION": "Oetztaler Alpen", "ALT_MIN": 3151.0, "ALT_MAX": 3272.0, "ALT_MEDIAN": 3215.0, "area_km2": 0.00126874 }, "geometry": { "type": "Polygon", "coordinates": [ [ [ 10.897632903094951, 46.76106695308939 ], [ 10.898677448052755, 46.760738173395168 ], [ 10.89867684593276, 46.760721039455973 ], [ 10.896585773541089, 46.760967166905182 ], [ 10.898090938948846, 46.760849341096865 ], [ 10.897632903094951, 46.76106695308939 ] ] ] } },
{ "type": "Feature", "properties": { "HOM_ID": 106.0, "NAME_D": "Stockferner", "NAME_IT": null, "REGION": "Oetztaler Alpen", "ALT_MIN": 2990.0, "ALT_MAX": 3102.0, "ALT_MEDIAN": 3035.0, "area_km2": 0.0343667 }, "geometry": { "type": "Polygon", "coordinates": [ [ [ 10.901430978694993, 46.762133842662593 ], [ 10.902238691967996, 46.761209642469048 ], [ 10.902080935007037, 46.760309453271432 ], [ 10.900802936812713, 46.759644951105336 ], [ 10.90075403584108, 46.759968641035108 ], [ 10.89984211599891, 46.76004807860653 ], [ 10.899437522760643, 46.760510818175788 ], [ 10.900118383716173, 46.761018672490394 ], [ 10.899931219275652, 46.761608128563481 ], [ 10.901430978694993, 46.762133842662593 ] ] ] } },
{ "type": "Feature", "properties": { "HOM_ID": 107.0, "NAME_D": "Scharferner", "NAME_IT": "Vedretta Sara", "REGION": "Oetztaler Alpen", "ALT_MIN": 3010.0, "ALT_MAX": 3404.0, "ALT_MEDIAN": 3155.0, "area_km2": 0.119622 }, "geometry": { "type": "Polygon", "coordinates": [ [ [ 10.912060623131632, 46.76956635187446 ], [ 10.912564687753861, 46.768575181173688 ], [ 10.913489649720258, 46.768200048527497 ], [ 10.913645724086745, 46.765288917568839 ], [ 10.914323476275131, 46.764613250170825 ], [ 10.913543060162379, 46.764048768948847 ], [ 10.912603855446664, 46.764093047560216 ], [ 10.911733365526011, 46.764904076994981 ], [ 10.910646241998782, 46.767414402135742 ], [ 10.909439942416036, 46.768163060253087 ], [ 10.910003148163533, 46.768341016305435 ], [ 10.908211251192816, 46.768794314215626 ], [ 10.908372946995895, 46.76920235745316 ], [ 10.909804887770356, 46.769006272994368 ], [ 10.912060623131632, 46.76956635187446 ] ] ] } },
{ "type": "Feature", "properties": { "HOM_ID": 108.0, "NAME_D": "Scharferner", "NAME_IT": "Vedretta Sara", "REGION": "Oetztaler Alpen", "ALT_MIN": 3400.0, "ALT_MAX": 3532.0, "ALT_MEDIAN": 3467.0, "area_km2": 0.014212 }, "geometry": { "type": "Polygon", "coordinates": [ [ [ 10.913336245809832, 46.772272327739294 ], [ 10.914229031766283, 46.771945171633973 ], [ 10.9138384997219, 46.771633351388658 ], [ 10.913856922059999, 46.770705840981236 ], [ 10.913099972521753, 46.770351335236484 ], [ 10.912880674385228, 46.770816787186369 ], [ 10.913468369434341, 46.771490098866437 ], [ 10.912471745629635, 46.771237698314202 ], [ 10.913336245809832, 46.772272327739294 ] ] ] } },
{ "type": "Feature", "properties": { "HOM_ID": 109.0, "NAME_D": "Rossbergferner", "NAME_IT": "Vedretta delle Fosse", "REGION": "Oetztaler Alpen", "ALT_MIN": 2932.0, "ALT_MAX": 2991.0, "ALT_MEDIAN": 2957.0, "area_km2": 0.00643476 }, "geometry": { "type": "Polygon", "coordinates": [ [ [ 10.923261252430821, 46.766598920945341 ], [ 10.922788639614472, 46.766463998084646 ], [ 10.923020462478222, 46.766064838147635 ], [ 10.921924558547163, 46.765747518093896 ], [ 10.92222508342687, 46.766597286207855 ], [ 10.923261252430821, 46.766598920945341 ] ] ] } },
{ "type": "Feature", "properties": { "HOM_ID": 109.0, "NAME_D": "Rossbergferner", "NAME_IT": "Vedretta delle Fosse", "REGION": "Oetztaler Alpen", "ALT_MIN": 2946.0, "ALT_MAX": 3380.0, "ALT_MEDIAN": 3080.0, "area_km2": 0.207116 }, "geometry": { "type": "Polygon", "coordinates": [ [ [ 10.923352184688733, 46.774912463541476 ], [ 10.924135741849847, 46.774464562611392 ], [ 10.92412251481165, 46.774093332756728 ], [ 10.923268729661752, 46.774545811526032 ], [ 10.923014524784849, 46.774511987351389 ], [ 10.923063702082899, 46.771958095451787 ], [ 10.922408990880831, 46.770839706866447 ], [ 10.922958048456481, 46.770667218990219 ], [ 10.924186928116933, 46.771159264711656 ], [ 10.925402055278161, 46.770856065182734 ], [ 10.925612313110843, 46.770313801407305 ], [ 10.923733825886876, 46.768289537542117 ], [ 10.922130680296126, 46.767352690461344 ], [ 10.922052103918258, 46.768761141807019 ], [ 10.919873378341855, 46.766826073064472 ], [ 10.919202024015984, 46.766851623957351 ], [ 10.918801586230201, 46.767870311240664 ], [ 10.919078319270486, 46.769046340528739 ], [ 10.919846170311349, 46.769078103043043 ], [ 10.920120837060658, 46.770005101407179 ], [ 10.919240628513917, 46.77093215058666 ], [ 10.919772507065966, 46.771466119216974 ], [ 10.920582007380538, 46.771674094165142 ], [ 10.920269290433533, 46.772032510799683 ], [ 10.921380621684538, 46.773032200598372 ], [ 10.92165426253953, 46.773977665353016 ], [ 10.922579435870642, 46.774362147238776 ], [ 10.922510361336029, 46.77466094517051 ], [ 10.921746957430598, 46.774744320188297 ], [ 10.923352184688733, 46.774912463541476 ] ], [ [ 10.919865495804872, 46.768066761496833 ], [ 10.919869549088617, 46.768065941124661 ], [ 10.919872422788639, 46.768066645253008 ], [ 10.919865495804872, 46.768066761496833 ] ] ] } },
{ "type": "Feature", "properties": { "HOM_ID": 111.0, "NAME_D": "Gurglerferner", "NAME_IT": null, "REGION": "Oetztaler Alpen", "ALT_MIN": 3228.0, "ALT_MAX": 3250.0, "ALT_MEDIAN": 3244.0, "area_km2": 0.0237751 }, "geometry": { "type": "Polygon", "coordinates": [ [ [ 10.99163433557646, 46.767752679397915 ], [ 10.990565941664267, 46.767723651746735 ], [ 10.990387257496463, 46.766636211497797 ], [ 10.989122809493328, 46.768631440351321 ], [ 10.991815563698518, 46.768644024574797 ], [ 10.99163433557646, 46.767752679397915 ] ] ] } },
{ "type": "Feature", "properties": { "HOM_ID": 112.0, "NAME_D": "Kesselferner", "NAME_IT": null, "REGION": "Oetztaler Alpen", "ALT_MIN": 3114.0, "ALT_MAX": 3236.0, "ALT_MEDIAN": 3178.0, "area_km2": 0.0071813 }, "geometry": { "type": "Polygon", "coordinates": [ [ [ 11.013770201664109, 46.768358597169538 ], [ 11.012810841978871, 46.767936931106959 ], [ 11.012629696358379, 46.767293978880545 ], [ 11.012413357744132, 46.768801784469062 ], [ 11.01291463609425, 46.768368891740998 ], [ 11.013775869942373, 46.768789479116194 ], [ 11.013770201664109, 46.768358597169538 ] ] ] } },
{ "type": "Feature", "properties": { "HOM_ID": 112.0, "NAME_D": "Kesselferner", "NAME_IT": null, "REGION": "Oetztaler Alpen", "ALT_MIN": 2980.0, "ALT_MAX": 3310.0, "ALT_MEDIAN": 3114.0, "area_km2": 0.14837 }, "geometry": { "type": "Polygon", "coordinates": [ [ [ 11.013399246386305, 46.767331723018742 ], [ 11.013835671031259, 46.766909529422797 ], [ 11.013653772991516, 46.76654875499321 ], [ 11.015441778593637, 46.766942376836731 ], [ 11.019812030751686, 46.765899996795142 ], [ 11.020430972124013, 46.765493802367082 ], [ 11.020162591723532, 46.764896119943025 ], [ 11.020944317024494, 46.764025111240137 ], [ 11.01992032463736, 46.764347978650825 ], [ 11.020420274948725, 46.764003412999585 ], [ 11.020101889197186, 46.76419952476536 ], [ 11.019471279850023, 46.763922543045602 ], [ 11.019255810196011, 46.764276371122797 ], [ 11.01815300343231, 46.763695789606423 ], [ 11.016047532352212, 46.764547572658742 ], [ 11.015651346439023, 46.764237865147678 ], [ 11.014772229503057, 46.764265257540593 ], [ 11.012707335295193, 46.764803781895793 ], [ 11.012973911167034, 46.765039108346699 ], [ 11.012377343233984, 46.765191518384619 ], [ 11.012347975080099, 46.765589124895151 ], [ 11.012678214080701, 46.767024399407468 ], [ 11.013399246386305, 46.767331723018742 ] ] ] } },
{ "type": "Feature", "properties": { "HOM_ID": 133.0, "NAME_D": "Eisjoechlferner", "NAME_IT": "Vedretta di Giogo Gelato", "REGION": "Oetztaler Alpen", "ALT_MIN": 2958.0, "ALT_MAX": 3024.0, "ALT_MEDIAN": 2976.0, "area_km2": 0.0157411 }, "geometry": { "type": "Polygon", "coordinates": [ [ [ 11.025944563215425, 46.761408327870171 ], [ 11.026349798851186, 46.759990624157538 ], [ 11.026157281783057, 46.759633723603322 ], [ 11.025357635073819, 46.759542162291048 ], [ 11.024639059615547, 46.760393511303704 ], [ 11.025200287962178, 46.760603949319716 ], [ 11.025249527483346, 46.761390632039259 ], [ 11.025686259239595, 46.761172884985058 ], [ 11.025944563215425, 46.761408327870171 ] ], [ [ 11.025373996625307, 46.760158693508082 ], [ 11.025466197006651, 46.760399934605232 ], [ 11.025071285161289, 46.760402164359235 ], [ 11.025069485621701, 46.760261709814117 ], [ 11.025373996625307, 46.760158693508082 ] ], [ [ 11.025322862214946, 46.759934582970764 ], [ 11.025252524755542, 46.759814391005207 ], [ 11.025431887713754, 46.75993146208485 ], [ 11.025322862214946, 46.759934582970764 ] ] ] } },
{ "type": "Feature", "properties": { "HOM_ID": 132.0, "NAME_D": "Grafferner", "NAME_IT": "Ghiacciaio della Grava", "REGION": "Texelgruppe", "ALT_MIN": 2679.0, "ALT_MAX": 3036.0, "ALT_MEDIAN": 2780.0, "area_km2": 0.141407 }, "geometry": { "type": "Polygon", "coordinates": [ [ [ 11.036246624794739, 46.756583968760687 ], [ 11.03880249915559, 46.755041911488455 ], [ 11.040585777501169, 46.752158453413095 ], [ 11.039834586494191, 46.751714675293648 ], [ 11.039385020395549, 46.752286540830546 ], [ 11.038954877324191, 46.751841890053889 ], [ 11.039078952183125, 46.750560563591769 ], [ 11.038770225782505, 46.750366052307101 ], [ 11.039103807602112, 46.749933885850808 ], [ 11.037473588289131, 46.751082621909902 ], [ 11.037534017945488, 46.751827108073108 ], [ 11.036880594449478, 46.752211724162109 ], [ 11.036381447367095, 46.75435195919593 ], [ 11.035731886651737, 46.7544676938832 ], [ 11.03500828465719, 46.755147282271423 ], [ 11.034807692110659, 46.754305552448542 ], [ 11.035319762521983, 46.753873794328015 ], [ 11.034788988072693, 46.753808826039752 ], [ 11.034165961103239, 46.754284225183852 ], [ 11.034514864757169, 46.754349454013131 ], [ 11.034414747355227, 46.755687923628244 ], [ 11.034783709074706, 46.755963524302466 ], [ 11.035099198102992, 46.755647176024361 ], [ 11.036246624794739, 46.756583968760687 ] ] ] } },
{ "type": "Feature", "properties": { "HOM_ID": 131.0, "NAME_D": null, "NAME_IT": null, "REGION": "Texelgruppe", "ALT_MIN": 3056.0, "ALT_MAX": 3087.0, "ALT_MEDIAN": 3061.0, "area_km2": 0.0114601 }, "geometry": { "type": "Polygon", "coordinates": [ [ [ 11.037093192862608, 46.74917141953447 ], [ 11.039054115573634, 46.748350712682623 ], [ 11.038700564850508, 46.747702204865575 ], [ 11.037994097709477, 46.747914212187837 ], [ 11.037258951007775, 46.748858921735724 ], [ 11.036901650441253, 46.748799803077056 ], [ 11.037093192862608, 46.74917141953447 ] ] ] } },
{ "type": "Feature", "properties": { "HOM_ID": 130.0, "NAME_D": null, "NAME_IT": null, "REGION": "Texelgruppe", "ALT_MIN": 2816.0, "ALT_MAX": 2939.0, "ALT_MEDIAN": 2859.0, "area_km2": 0.0267816 }, "geometry": { "type": "Polygon", "coordinates": [ [ [ 11.041197415549805, 46.742004612504715 ], [ 11.041599932473723, 46.741111293275019 ], [ 11.040929732572003, 46.740607024282333 ], [ 11.039383378184157, 46.740381251434926 ], [ 11.038479623784948, 46.74058975512699 ], [ 11.039467358879815, 46.741831645561192 ], [ 11.041197415549805, 46.742004612504715 ] ] ] } },
{ "type": "Feature", "properties": { "HOM_ID": 126.0, "NAME_D": "Lodnerferner Westlicher", "NAME_IT": "Vedretta Cima Fiammante Occidentale", "REGION": "Texelgruppe", "ALT_MIN": 2870.0, "ALT_MAX": 3021.0, "ALT_MEDIAN": 2932.0, "area_km2": 0.0550673 }, "geometry": { "type": "Polygon", "coordinates": [ [ [ 11.036533576651447, 46.738279425532966 ], [ 11.038140547402596, 46.737772199216508 ], [ 11.03828586926409, 46.736665957668855 ], [ 11.037790629801112, 46.736896225849655 ], [ 11.036340368484776, 46.73632200716284 ], [ 11.03392298542189, 46.736635510361204 ], [ 11.033701420458426, 46.737015429642071 ], [ 11.034500441997011, 46.737954863360628 ], [ 11.036533576651447, 46.738279425532966 ] ] ] } },
{ "type": "Feature", "properties": { "HOM_ID": 127.0, "NAME_D": "Lodnerferner Westlicher", "NAME_IT": "Vedretta Cima Fiammante Occidentale", "REGION": "Texelgruppe", "ALT_MIN": 3192.0, "ALT_MAX": 3202.0, "ALT_MEDIAN": 3197.0, "area_km2": 0.00444477 }, "geometry": { "type": "Polygon", "coordinates": [ [ [ 11.039300498212697, 46.734633371954899 ], [ 11.039795824172089, 46.734360234432273 ], [ 11.039226689259204, 46.734053692127354 ], [ 11.038476783508566, 46.734371842202108 ], [ 11.039300498212697, 46.734633371954899 ] ] ] } },
{ "type": "Feature", "properties": { "HOM_ID": 129.0, "NAME_D": "Andelsferner", "NAME_IT": null, "REGION": "Texelgruppe", "ALT_MIN": 2792.0, "ALT_MAX": 2830.0, "ALT_MEDIAN": 2808.0, "area_km2": 0.0021849 }, "geometry": { "type": "Polygon", "coordinates": [ [ [ 11.043894262320956, 46.738082800076114 ], [ 11.043869036824177, 46.737690365111725 ], [ 11.043434826348276, 46.737473105684295 ], [ 11.043333090315176, 46.737942814268727 ], [ 11.043894262320956, 46.738082800076114 ] ] ] } },
{ "type": "Feature", "properties": { "HOM_ID": 129.0, "NAME_D": "Andelsferner", "NAME_IT": null, "REGION": "Texelgruppe", "ALT_MIN": 2733.0, "ALT_MAX": 2923.0, "ALT_MEDIAN": 2804.0, "area_km2": 0.014785 }, "geometry": { "type": "Polygon", "coordinates": [ [ [ 11.044677480102536, 46.739292226479655 ], [ 11.044107584174078, 46.738692842763214 ], [ 11.043775407298073, 46.738884506496767 ], [ 11.042561758026547, 46.738296614835839 ], [ 11.041264051136224, 46.737086950447825 ], [ 11.041087114511413, 46.737331196660499 ], [ 11.040282418677336, 46.737345551986294 ], [ 11.04190518314017, 46.738100463985646 ], [ 11.042265426296902, 46.738697649564209 ], [ 11.043505439385211, 46.738929093904325 ], [ 11.044114524538884, 46.739426106477048 ], [ 11.044677480102536, 46.739292226479655 ] ] ] } },
{ "type": "Feature", "properties": { "HOM_ID": 128.0, "NAME_D": "Lodnerferner Oestlicher", "NAME_IT": "Vedretta Cima Fiammante Orientale", "REGION": "Texelgruppe", "ALT_MIN": 2803.0, "ALT_MAX": 2895.0, "ALT_MEDIAN": 2840.0, "area_km2": 0.0165096 }, "geometry": { "type": "Polygon", "coordinates": [ [ [ 11.044347598644247, 46.734687812371227 ], [ 11.044764254631232, 46.734716082611484 ], [ 11.044111606562979, 46.73366695423919 ], [ 11.043071270177583, 46.733767688425075 ], [ 11.042515333392508, 46.734177646078514 ], [ 11.042575402378414, 46.734530171050572 ], [ 11.04400747659102, 46.735172497599812 ], [ 11.044493980620997, 46.735124515102434 ], [ 11.044347598644247, 46.734687812371227 ] ] ] } },
{ "type": "Feature", "properties": { "HOM_ID": 113.0, "NAME_D": "Grubferner", "NAME_IT": "Vedretta di Fossa", "REGION": "Texelgruppe", "ALT_MIN": 2673.0, "ALT_MAX": 2913.0, "ALT_MEDIAN": 2780.0, "area_km2": 0.19076 }, "geometry": { "type": "Polygon", "coordinates": [ [ [ 11.02777977172522, 46.749330052324446 ], [ 11.029212360254423, 46.748843472618923 ], [ 11.03202786664435, 46.748844721718605 ], [ 11.03313991842543, 46.748293971455453 ], [ 11.033401673349621, 46.747424971794388 ], [ 11.03272803176139, 46.74730824393054 ], [ 11.03279340374524, 46.746983249609713 ], [ 11.0321197908908, 46.746682814416758 ], [ 11.03242393301875, 46.746061838891272 ], [ 11.031928664424594, 46.745344180130736 ], [ 11.030507589116198, 46.745928500108803 ], [ 11.027109838979635, 46.746223300375249 ], [ 11.025860811727199, 46.745800156591763 ], [ 11.024264475816635, 46.745906992951198 ], [ 11.023790036505417, 46.744833881295541 ], [ 11.022396326200615, 46.745016873817029 ], [ 11.021992624183799, 46.745906368949001 ], [ 11.022314986874244, 46.745589025053086 ], [ 11.023491224927209, 46.746348332301238 ], [ 11.025091199735606, 46.746461839225894 ], [ 11.025314890647506, 46.746958867755062 ], [ 11.026855614986575, 46.747178835348031 ], [ 11.026455975930014, 46.748194312050906 ], [ 11.026951381847969, 46.748301801419707 ], [ 11.025776974936374, 46.748484520792758 ], [ 11.026349081547462, 46.748591063961989 ], [ 11.026234001766007, 46.74902481007161 ], [ 11.027380117884716, 46.748918783475702 ], [ 11.02777977172522, 46.749330052324446 ] ] ] } },
{ "type": "Feature", "properties": { "HOM_ID": 114.0, "NAME_D": "Grubjochferner", "NAME_IT": null, "REGION": "Texelgruppe", "ALT_MIN": 2704.0, "ALT_MAX": 2873.0, "ALT_MEDIAN": 2788.0, "area_km2": 0.0373448 }, "geometry": { "type": "Polygon", "coordinates": [ [ [ 11.014325641279846, 46.745209661535121 ], [ 11.016664883007659, 46.743150445784813 ], [ 11.016456128294669, 46.74284696103188 ], [ 11.015068351591987, 46.742692830966341 ], [ 11.014747570473224, 46.742171300154993 ], [ 11.013415885740777, 46.743369235409226 ], [ 11.014134502459235, 46.743984368606824 ], [ 11.014325641279846, 46.745209661535121 ] ] ] } },
{ "type": "Feature", "properties": { "HOM_ID": 115.0, "NAME_D": "Schrottnerferner", "NAME_IT": "Vedretta di Ceppo", "REGION": "Texelgruppe", "ALT_MIN": 2711.0, "ALT_MAX": 2903.0, "ALT_MEDIAN": 2804.0, "area_km2": 0.0347495 }, "geometry": { "type": "Polygon", "coordinates": [ [ [ 11.005929695730892, 46.741537867434971 ], [ 11.0087819013792, 46.741394953784159 ], [ 11.00969897860926, 46.740768087630912 ], [ 11.00837281465644, 46.740147839995274 ], [ 11.008101969576758, 46.73970970582306 ], [ 11.006785390393429, 46.7395113662486 ], [ 11.006785307364574, 46.739229204453281 ], [ 11.005596859673616, 46.74010367953305 ], [ 11.005756906304832, 46.74063662550374 ], [ 11.006108719510602, 46.740341785629575 ], [ 11.006301988584383, 46.740509836664337 ], [ 11.006619781037237, 46.739693490192018 ], [ 11.007796667142459, 46.74018716254038 ], [ 11.007321406578557, 46.740959843485271 ], [ 11.005929695730892, 46.741537867434971 ] ] ] } },
{ "type": "Feature", "properties": { "HOM_ID": 115.0, "NAME_D": "Schrottnerferner", "NAME_IT": "Vedretta di Ceppo", "REGION": "Texelgruppe", "ALT_MIN": 2768.0, "ALT_MAX": 2805.0, "ALT_MEDIAN": 2784.0, "area_km2": 0.00103113 }, "geometry": { "type": "Polygon", "coordinates": [ [ [ 11.002987796147185, 46.740198205155437 ], [ 11.00356063421545, 46.740047687776489 ], [ 11.003631160987977, 46.739801197174778 ], [ 11.002987796147185, 46.740198205155437 ] ] ] } },
{ "type": "Feature", "properties": { "HOM_ID": 115.0, "NAME_D": "Schrottnerferner", "NAME_IT": "Vedretta di Ceppo", "REGION": "Texelgruppe", "ALT_MIN": 2635.0, "ALT_MAX": 2853.0, "ALT_MEDIAN": 2757.0, "area_km2": 0.0212725 }, "geometry": { "type": "Polygon", "coordinates": [ [ [ 11.001183028106306, 46.741891928958282 ], [ 11.002513115318376, 46.741916274875138 ], [ 11.002423645782905, 46.74125410363753 ], [ 11.003122535573956, 46.741420452038547 ], [ 11.005165200206683, 46.740345900645963 ], [ 11.004971502367759, 46.739405001296205 ], [ 11.003755626538476, 46.739773949858602 ], [ 11.004107820806141, 46.740024940976532 ], [ 11.003610358738003, 46.741085456519329 ], [ 11.002042867347521, 46.741085904468711 ], [ 11.001279666964704, 46.741577387866158 ], [ 11.001183028106306, 46.741891928958282 ] ] ] } },
{ "type": "Feature", "properties": { "HOM_ID": 115.0, "NAME_D": "Schrottnerferner", "NAME_IT": "Vedretta di Ceppo", "REGION": "Texelgruppe", "ALT_MIN": 2826.0, "ALT_MAX": 2884.0, "ALT_MEDIAN": 2855.0, "area_km2": 0.00482673 }, "geometry": { "type": "Polygon", "coordinates": [ [ [ 11.01018310301502, 46.741387503719494 ], [ 11.011252581558104, 46.741366324120769 ], [ 11.011330187862567, 46.740872662515478 ], [ 11.010907258018838, 46.740676512018609 ], [ 11.010323863921712, 46.740915353271689 ], [ 11.01018310301502, 46.741387503719494 ] ], [ [ 11.010821217287972, 46.741063767489756 ], [ 11.011032059873152, 46.740958862587156 ], [ 11.010982214234623, 46.74106212800374 ], [ 11.010821217287972, 46.741063767489756 ] ] ] } },
{ "type": "Feature", "properties": { "HOM_ID": 115.0, "NAME_D": "Schrottnerferner", "NAME_IT": "Vedretta di Ceppo", "REGION": "Texelgruppe", "ALT_MIN": 2830.0, "ALT_MAX": 2946.0, "ALT_MEDIAN": 2895.0, "area_km2": 0.0240703 }, "geometry": { "type": "Polygon", "coordinates": [ [ [ 11.013161049922763, 46.741616703547429 ], [ 11.012940991782239, 46.740841471899863 ], [ 11.011546884978426, 46.740683124980151 ], [ 11.012007244955303, 46.741547609059232 ], [ 11.010308491386317, 46.742024917381002 ], [ 11.011657637150966, 46.742607744126978 ], [ 11.013161049922763, 46.741616703547429 ] ] ] } },
{ "type": "Feature", "properties": { "HOM_ID": 115.0, "NAME_D": "Schrottnerferner", "NAME_IT": "Vedretta di Ceppo", "REGION": "Texelgruppe", "ALT_MIN": 2828.0, "ALT_MAX": 2919.0, "ALT_MEDIAN": 2870.0, "area_km2": 0.00537418 }, "geometry": { "type": "Polygon", "coordinates": [ [ [ 11.000274376410518, 46.739863454105596 ], [ 11.000885482588242, 46.739670611485195 ], [ 11.000007993105205, 46.738982333953722 ], [ 10.99980590852074, 46.739418041006495 ], [ 11.000274376410518, 46.739863454105596 ] ] ] } },
{ "type": "Feature", "properties": { "HOM_ID": 115.0, "NAME_D": "Schrottnerferner", "NAME_IT": "Vedretta di Ceppo", "REGION": "Texelgruppe", "ALT_MIN": 2949.0, "ALT_MAX": 3007.0, "ALT_MEDIAN": 2976.0, "area_km2": 0.00249851 }, "geometry": { "type": "Polygon", "coordinates": [ [ [ 11.004773933918718, 46.738625179464876 ], [ 11.004913636401135, 46.737956016237646 ], [ 11.004353126685377, 46.738251573795637 ], [ 11.004773933918718, 46.738625179464876 ] ] ] } },
{ "type": "Feature", "properties": { "HOM_ID": 115.0, "NAME_D": "Schrottnerferner", "NAME_IT": "Vedretta di Ceppo", "REGION": "Texelgruppe", "ALT_MIN": 3028.0, "ALT_MAX": 3060.0, "ALT_MEDIAN": 3042.0, "area_km2": 0.00112357 }, "geometry": { "type": "Polygon", "coordinates": [ [ [ 11.003459940472606, 46.737981485126099 ], [ 11.003078329319781, 46.737964357035302 ], [ 11.003201838011694, 46.738259834900326 ], [ 11.003480056359731, 46.738290678884553 ], [ 11.003459940472606, 46.737981485126099 ] ] ] } },
{ "type": "Feature", "properties": { "HOM_ID": 116.0, "NAME_D": "Truebferner Oestlicher", "NAME_IT": "Vedretta Piccola di Riotorbo", "REGION": "Texelgruppe", "ALT_MIN": 2629.0, "ALT_MAX": 3016.0, "ALT_MEDIAN": 2874.0, "area_km2": 0.100427 }, "geometry": { "type": "Polygon", "coordinates": [ [ [ 10.997510756236013, 46.7425359364344 ], [ 10.997816427768774, 46.739349062365278 ], [ 10.996945532581595, 46.738700534704812 ], [ 10.996666661521173, 46.738029506625409 ], [ 10.996928476310686, 46.737147413860477 ], [ 10.996145963225695, 46.73630561254037 ], [ 10.994476014598366, 46.73572517267533 ], [ 10.993698084480759, 46.736136381021979 ], [ 10.993754681027372, 46.737483507627758 ], [ 10.995819994127535, 46.739484543670073 ], [ 10.996304514715503, 46.74052973542755 ], [ 10.996807941091234, 46.739976267794724 ], [ 10.997048172349793, 46.740150658472444 ], [ 10.997110418214207, 46.742364342027059 ], [ 10.997510756236013, 46.7425359364344 ] ] ] } },
{ "type": "Feature", "properties": { "HOM_ID": 125.0, "NAME_D": "Truebwandferner", "NAME_IT": null, "REGION": "Texelgruppe", "ALT_MIN": 2947.0, "ALT_MAX": 3042.0, "ALT_MEDIAN": 2992.0, "area_km2": 0.0245299 }, "geometry": { "type": "Polygon", "coordinates": [ [ [ 10.999144540262359, 46.734851877790334 ], [ 10.999490817622126, 46.734007669956732 ], [ 10.998261439274289, 46.733352911630917 ], [ 10.997376273667049, 46.733296937053836 ], [ 10.996985955741135, 46.733887127673533 ], [ 10.997190302070205, 46.734450267294456 ], [ 10.997896298620237, 46.734811775959301 ], [ 10.999144540262359, 46.734851877790334 ] ] ] } },
{ "type": "Feature", "properties": { "HOM_ID": 117.0, "NAME_D": "Truebferner Mittlerer", "NAME_IT": "Vedretta Grande di Riotorbo", "REGION": "Texelgruppe", "ALT_MIN": 2715.0, "ALT_MAX": 3203.0, "ALT_MEDIAN": 2944.0, "area_km2": 0.247353 }, "geometry": { "type": "Polygon", "coordinates": [ [ [ 10.992522566017156, 46.740665677056761 ], [ 10.993192123213518, 46.739351538731938 ], [ 10.992533957605529, 46.738501475277232 ], [ 10.993158436801249, 46.737942937967567 ], [ 10.992837894786067, 46.736646047932702 ], [ 10.993396434493604, 46.736307404266057 ], [ 10.99258318492646, 46.735478654992548 ], [ 10.992781818978672, 46.732736762846741 ], [ 10.990859461588288, 46.732351157733738 ], [ 10.989756760956968, 46.731345507317776 ], [ 10.98816202024371, 46.730920820940256 ], [ 10.987596670590754, 46.731857855817346 ], [ 10.988017134946032, 46.732650607445052 ], [ 10.987329191008783, 46.734629547897939 ], [ 10.987942616709406, 46.735065349371922 ], [ 10.988192045991903, 46.73436096464048 ], [ 10.989197827530917, 46.73388273174141 ], [ 10.989004061112524, 46.733275343207843 ], [ 10.989489050317458, 46.732931170242423 ], [ 10.989954073977897, 46.733846858628574 ], [ 10.989467234068618, 46.734451500582573 ], [ 10.990940560841294, 46.734585402932545 ], [ 10.989060930712636, 46.734703822374101 ], [ 10.988924704056876, 46.735237181542743 ], [ 10.98991053379388, 46.736484294435982 ], [ 10.988571358167988, 46.737174295566177 ], [ 10.988399505706967, 46.737586836619407 ], [ 10.988915714361074, 46.738193184655529 ], [ 10.989793147541743, 46.737613599529439 ], [ 10.990926199382796, 46.738511887577353 ], [ 10.991381365856327, 46.739530867221447 ], [ 10.991581582420102, 46.738866147060989 ], [ 10.991526691567081, 46.740052021717226 ], [ 10.992117104723002, 46.740753697216768 ], [ 10.992522566017156, 46.740665677056761 ] ] ] } },
{ "type": "Feature", "properties": { "HOM_ID": 118.0, "NAME_D": "Rotwandferner", "NAME_IT": "Vedretta di Croda Rossa", "REGION": "Texelgruppe", "ALT_MIN": 2884.0, "ALT_MAX": 3204.0, "ALT_MEDIAN": 3062.0, "area_km2": 0.109806 }, "geometry": { "type": "Polygon", "coordinates": [ [ [ 10.985220819940606, 46.735213537014388 ], [ 10.986268870493644, 46.733744620380222 ], [ 10.986077577640058, 46.733246120307548 ], [ 10.986528734815369, 46.733309720075717 ], [ 10.986290361189123, 46.732100425292302 ], [ 10.986781115232262, 46.731544733719517 ], [ 10.986586463423293, 46.730205159804186 ], [ 10.986017668240837, 46.729426883482596 ], [ 10.985745195746171, 46.72958876853928 ], [ 10.985200481483997, 46.729088661666303 ], [ 10.984713927137586, 46.729135202985674 ], [ 10.984110162691602, 46.730045742068384 ], [ 10.983823681319086, 46.731344319830491 ], [ 10.984163011423021, 46.73230779041603 ], [ 10.9833861158315, 46.733944078191463 ], [ 10.984639481072968, 46.73454738538684 ], [ 10.984985249919616, 46.734381373969995 ], [ 10.985220819940606, 46.735213537014388 ] ] ] } },
{ "type": "Feature", "properties": { "HOM_ID": 124.0, "NAME_D": "Roteckferner", "NAME_IT": "Vedretta Grande di Riotorbo", "REGION": "Texelgruppe", "ALT_MIN": 2842.0, "ALT_MAX": 3109.0, "ALT_MEDIAN": 2941.0, "area_km2": 0.219882 }, "geometry": { "type": "Polygon", "coordinates": [ [ [ 10.990685685343228, 46.728332909590435 ], [ 10.994527674797853, 46.728065256577757 ], [ 10.995324720295997, 46.727670430407869 ], [ 10.995150788958991, 46.727273434731089 ], [ 10.995938733045872, 46.727231115656039 ], [ 10.996101467086108, 46.726761574606883 ], [ 10.997107222796021, 46.72633516101763 ], [ 10.993671399561643, 46.725137858602466 ], [ 10.993078630642492, 46.725401778445892 ], [ 10.992513501322289, 46.725046602128359 ], [ 10.992137198966621, 46.72526507589366 ], [ 10.99168729399252, 46.724983390254174 ], [ 10.991282823936272, 46.72509520156374 ], [ 10.990400050532914, 46.724140493531124 ], [ 10.989391769285831, 46.724498534501954 ], [ 10.988792544906461, 46.723927959583186 ], [ 10.987970332465396, 46.72458182218746 ], [ 10.988320852083804, 46.725960116863426 ], [ 10.987881807808018, 46.726297367262511 ], [ 10.987223968468236, 46.726299272145518 ], [ 10.98737245941177, 46.726733105954281 ], [ 10.98694596645972, 46.726958147372784 ], [ 10.987685647158363, 46.727177028170381 ], [ 10.987565484861522, 46.727564652565619 ], [ 10.987956566504419, 46.727766215374643 ], [ 10.990685685343228, 46.728332909590435 ] ] ] } },
{ "type": "Feature", "properties": { "HOM_ID": 124.0, "NAME_D": "Roteckferner", "NAME_IT": "Vedretta Grande di Riotorbo", "REGION": "Texelgruppe", "ALT_MIN": 3118.0, "ALT_MAX": 3195.0, "ALT_MEDIAN": 3150.0, "area_km2": 0.00768763 }, "geometry": { "type": "Polygon", "coordinates": [ [ [ 10.986045199840794, 46.725475776386183 ], [ 10.987208599125978, 46.725474620967482 ], [ 10.986910042869484, 46.725092278899076 ], [ 10.985609215911229, 46.724823773149645 ], [ 10.986045199840794, 46.725475776386183 ] ] ] } },
{ "type": "Feature", "properties": { "HOM_ID": 119.0, "NAME_D": "Texelferner", "NAME_IT": "Vedretta di Tessa", "REGION": "Texelgruppe", "ALT_MIN": 2719.0, "ALT_MAX": 3262.0, "ALT_MEDIAN": 2984.0, "area_km2": 0.404389 }, "geometry": { "type": "Polygon", "coordinates": [ [ [ 10.980139749345804, 46.734273354371759 ], [ 10.980764545845805, 46.733501440540323 ], [ 10.980435890468327, 46.733756672682667 ], [ 10.980647171812459, 46.733322508129376 ], [ 10.980161304331034, 46.732670157064874 ], [ 10.980153819273886, 46.731724831895193 ], [ 10.980903420151748, 46.731011803755528 ], [ 10.980369710036099, 46.73071685584037 ], [ 10.981259920675633, 46.72996686337649 ], [ 10.982216453626688, 46.729685511530477 ], [ 10.98163409888646, 46.728157204198332 ], [ 10.982257329176388, 46.727399303572675 ], [ 10.982144942453905, 46.726675865064614 ], [ 10.981827082212973, 46.725334226976656 ], [ 10.981347358818294, 46.724942507791447 ], [ 10.982375861939103, 46.723786388379523 ], [ 10.981130186229217, 46.724488711286085 ], [ 10.979080682269721, 46.723112774954565 ], [ 10.978037643004013, 46.722767932789381 ], [ 10.97720369500596, 46.721619565729803 ], [ 10.976613654860181, 46.72167500432802 ], [ 10.976516827126211, 46.721327604074141 ], [ 10.976086581428813, 46.721492192333542 ], [ 10.975867933579782, 46.721193565599918 ], [ 10.975059905541238, 46.72125276128083 ], [ 10.97474946453058, 46.720241379483184 ], [ 10.973504257650074, 46.719800136169781 ], [ 10.973567170104998, 46.720006208924005 ], [ 10.972322423438568, 46.720241979597297 ], [ 10.973290464740913, 46.721264940475592 ], [ 10.972943305623669, 46.722277668625459 ], [ 10.974655402377897, 46.724708902049848 ], [ 10.975277955090366, 46.722742296171674 ], [ 10.976604521935609, 46.723133697801721 ], [ 10.975735207941476, 46.723127286030874 ], [ 10.975326540785954, 46.724167752687187 ], [ 10.978098831607053, 46.727631259861141 ], [ 10.978756803832175, 46.72981672347489 ], [ 10.978315902630419, 46.731372080016762 ], [ 10.979207117162908, 46.732544166607688 ], [ 10.979181069946803, 46.733585429686933 ], [ 10.979509770924782, 46.732858261880722 ], [ 10.97988414962963, 46.732882715066161 ], [ 10.979737924506729, 46.734258908378095 ], [ 10.980139749345804, 46.734273354371759 ] ] ] } },
{ "type": "Feature", "properties": { "HOM_ID": 119.0, "NAME_D": "Texelferner", "NAME_IT": "Vedretta di Tessa", "REGION": "Texelgruppe", "ALT_MIN": 2870.0, "ALT_MAX": 2982.0, "ALT_MEDIAN": 2929.0, "area_km2": 0.0187099 }, "geometry": { "type": "Polygon", "coordinates": [ [ [ 10.976326310227432, 46.727988424437108 ], [ 10.975466606533423, 46.727132032382038 ], [ 10.974846263372624, 46.727002823662332 ], [ 10.974589364069299, 46.726364817527077 ], [ 10.974472644421079, 46.726735590815046 ], [ 10.973563724942327, 46.726542927985101 ], [ 10.972387769474429, 46.726768985856964 ], [ 10.973078015124344, 46.727039437475895 ], [ 10.973768237208846, 46.726833468350947 ], [ 10.974249246991587, 46.72764926286964 ], [ 10.975269682934442, 46.727619741592441 ], [ 10.976080675048712, 46.728373647788473 ], [ 10.976326310227432, 46.727988424437108 ] ] ] } },
{ "type": "Feature", "properties": { "HOM_ID": 119.0, "NAME_D": "Texelferner", "NAME_IT": "Vedretta di Tessa", "REGION": "Texelgruppe", "ALT_MIN": 2975.0, "ALT_MAX": 3201.0, "ALT_MEDIAN": 3073.0, "area_km2": 0.0816637 }, "geometry": { "type": "Polygon", "coordinates": [ [ [ 10.974321768899621, 46.725870824674047 ], [ 10.973428658120566, 46.725625607958527 ], [ 10.972345124510747, 46.724631899692604 ], [ 10.971084102524689, 46.721346143364485 ], [ 10.969847739073108, 46.721098214649146 ], [ 10.969382294957285, 46.721475779567541 ], [ 10.969666934153507, 46.721893053324791 ], [ 10.969158747146478, 46.723063650751463 ], [ 10.96978020782514, 46.723024518937436 ], [ 10.971363499554549, 46.723820033875782 ], [ 10.970815410885656, 46.724210458049527 ], [ 10.96917497797509, 46.724042504061053 ], [ 10.969325216317065, 46.724697823494843 ], [ 10.970663399550194, 46.725464930698173 ], [ 10.972200610634546, 46.725558446879347 ], [ 10.974131947656995, 46.726205181941303 ], [ 10.974321768899621, 46.725870824674047 ] ] ] } },
{ "type": "Feature", "properties": { "HOM_ID": 123.0, "NAME_D": "Blaulackenferner", "NAME_IT": "Vedretta di Monterosso", "REGION": "Texelgruppe", "ALT_MIN": 3002.0, "ALT_MAX": 3041.0, "ALT_MEDIAN": 3020.0, "area_km2": 0.00439893 }, "geometry": { "type": "Polygon", "coordinates": [ [ [ 10.977806693069951, 46.713414032707071 ], [ 10.979276078356895, 46.713380997328798 ], [ 10.978328096572264, 46.712904026815906 ], [ 10.977746074292412, 46.713043624261957 ], [ 10.977806693069951, 46.713414032707071 ] ] ] } },
{ "type": "Feature", "properties": { "HOM_ID": 123.0, "NAME_D": "Blaulackenferner", "NAME_IT": "Vedretta di Monterosso", "REGION": "Texelgruppe", "ALT_MIN": 3008.0, "ALT_MAX": 3060.0, "ALT_MEDIAN": 3031.0, "area_km2": 0.00764092 }, "geometry": { "type": "Polygon", "coordinates": [ [ [ 10.97584863618682, 46.712408031224236 ], [ 10.977024261014387, 46.712294378886767 ], [ 10.976866670821773, 46.712074228164347 ], [ 10.975747997535167, 46.711775436616541 ], [ 10.975414500397985, 46.711364022158165 ], [ 10.975014870418882, 46.711948108731995 ], [ 10.975775723276266, 46.712079742183072 ], [ 10.97584863618682, 46.712408031224236 ] ] ] } },
{ "type": "Feature", "properties": { "HOM_ID": 122.0, "NAME_D": "Gfalleitferner", "NAME_IT": "Vedretta di Fosse", "REGION": "Texelgruppe", "ALT_MIN": 2851.0, "ALT_MAX": 2951.0, "ALT_MEDIAN": 2888.0, "area_km2": 0.0166211 }, "geometry": { "type": "Polygon", "coordinates": [ [ [ 10.990545096827212, 46.703591519112877 ], [ 10.990156382865408, 46.702432954654086 ], [ 10.990215292839229, 46.701869981554445 ], [ 10.989480918932713, 46.702606622058894 ], [ 10.988983940214277, 46.702362865261613 ], [ 10.988324741667345, 46.702791023833925 ], [ 10.988280840728009, 46.703197770978605 ], [ 10.990545096827212, 46.703591519112877 ] ] ] } },
{ "type": "Feature", "properties": { "HOM_ID": 122.0, "NAME_D": "Gfalleitferner", "NAME_IT": "Vedretta di Fosse", "REGION": "Texelgruppe", "ALT_MIN": 2970.0, "ALT_MAX": 3021.0, "ALT_MEDIAN": 2999.0, "area_km2": 0.00132429 }, "geometry": { "type": "Polygon", "coordinates": [ [ [ 10.995751795972431, 46.70187598534757 ], [ 10.995426290038992, 46.7019185713757 ], [ 10.995102650407414, 46.702481402416595 ], [ 10.995350167689093, 46.702370871346112 ], [ 10.995751795972431, 46.70187598534757 ] ] ] } },
{ "type": "Feature", "properties": { "HOM_ID": 122.0, "NAME_D": "Gfalleitferner", "NAME_IT": "Vedretta di Fosse", "REGION": "Texelgruppe", "ALT_MIN": 2861.0, "ALT_MAX": 2909.0, "ALT_MEDIAN": 2883.0, "area_km2": 0.00581523 }, "geometry": { "type": "Polygon", "coordinates": [ [ [ 10.993150945061505, 46.703919307655575 ], [ 10.994190753397673, 46.703590166283419 ], [ 10.994320619924533, 46.703169298851307 ], [ 10.993363815128555, 46.703203358583472 ], [ 10.993150945061505, 46.703919307655575 ] ] ] } },
{ "type": "Feature", "properties": { "HOM_ID": 122.0, "NAME_D": "Gfalleitferner", "NAME_IT": "Vedretta di Fosse", "REGION": "Texelgruppe", "ALT_MIN": 2802.0, "ALT_MAX": 2923.0, "ALT_MEDIAN": 2847.0, "area_km2": 0.0111428 }, "geometry": { "type": "Polygon", "coordinates": [ [ [ 10.996903597228867, 46.70612345727757 ], [ 10.997248161209182, 46.705705505210936 ], [ 10.997574415593176, 46.70441637619242 ], [ 10.99677107060838, 46.704782810560602 ], [ 10.996041075140777, 46.706012311849058 ], [ 10.996903597228867, 46.70612345727757 ] ] ] } },
{ "type": "Feature", "properties": { "HOM_ID": 122.0, "NAME_D": "Gfalleitferner", "NAME_IT": "Vedretta di Fosse", "REGION": "Texelgruppe", "ALT_MIN": 2971.0, "ALT_MAX": 3029.0, "ALT_MEDIAN": 3003.0, "area_km2": 0.00305294 }, "geometry": { "type": "Polygon", "coordinates": [ [ [ 10.993597497689201, 46.701856008540709 ], [ 10.994622634644211, 46.701272378314435 ], [ 10.994434036191581, 46.701057078561632 ], [ 10.993597497689201, 46.701856008540709 ] ] ] } },
{ "type": "Feature", "properties": { "HOM_ID": 122.0, "NAME_D": "Gfalleitferner", "NAME_IT": "Vedretta di Fosse", "REGION": "Texelgruppe", "ALT_MIN": 3007.0, "ALT_MAX": 3103.0, "ALT_MEDIAN": 3046.0, "area_km2": 0.0080493 }, "geometry": { "type": "Polygon", "coordinates": [ [ [ 10.993624514969495, 46.701082739789435 ], [ 10.994184827523723, 46.700508643061241 ], [ 10.994134273286567, 46.701085902620797 ], [ 10.994444746936173, 46.70088904563589 ], [ 10.994742025853638, 46.699883213062378 ], [ 10.99326417306021, 46.700489258831176 ], [ 10.992950696698093, 46.701055907072323 ], [ 10.993624514969495, 46.701082739789435 ] ] ] } },
{ "type": "Feature", "properties": { "HOM_ID": 121.0, "NAME_D": "Lahnbachferner", "NAME_IT": null, "REGION": "Texelgruppe", "ALT_MIN": 2837.0, "ALT_MAX": 2879.0, "ALT_MEDIAN": 2853.0, "area_km2": 0.00525571 }, "geometry": { "type": "Polygon", "coordinates": [ [ [ 11.001864177124048, 46.697882384013468 ], [ 11.001100427028456, 46.697098368154002 ], [ 11.001872272803595, 46.698850218737356 ], [ 11.00197608800101, 46.698662673386622 ], [ 11.001864177124048, 46.697882384013468 ] ] ] } },
{ "type": "Feature", "properties": { "HOM_ID": 121.0, "NAME_D": "Lahnbachferner", "NAME_IT": null, "REGION": "Texelgruppe", "ALT_MIN": 2894.0, "ALT_MAX": 2913.0, "ALT_MEDIAN": 2903.0, "area_km2": 0.00190992 }, "geometry": { "type": "Polygon", "coordinates": [ [ [ 11.002164834773106, 46.69628503722457 ], [ 11.001677962699485, 46.695986986510853 ], [ 11.001649540629352, 46.696505381696689 ], [ 11.002164834773106, 46.69628503722457 ] ] ] } },
{ "type": "Feature", "properties": { "HOM_ID": 135.0, "NAME_D": "Planferner", "NAME_IT": "Vedretta del Campo di Sabbia", "REGION": "Oetztaler Alpen", "ALT_MIN": 2903.0, "ALT_MAX": 3441.0, "ALT_MEDIAN": 3048.0, "area_km2": 0.411494 }, "geometry": { "type": "Polygon", "coordinates": [ [ [ 11.05488585050395, 46.808106731471177 ], [ 11.056092477728033, 46.807882755018873 ], [ 11.056859294609406, 46.806764238915548 ], [ 11.055930287563525, 46.805864307370435 ], [ 11.055297060454171, 46.805768534826065 ], [ 11.055315938513106, 46.804534784257228 ], [ 11.055774146258596, 46.803869247719625 ], [ 11.054352192297824, 46.803317371679952 ], [ 11.055531653753441, 46.802835939616052 ], [ 11.054260017180548, 46.802155758309397 ], [ 11.053389708290974, 46.802521404028958 ], [ 11.052487873136998, 46.802423293763923 ], [ 11.052138353857874, 46.802715295593892 ], [ 11.052148310826176, 46.802977039156339 ], [ 11.053199559208876, 46.803313323488162 ], [ 11.053188621230921, 46.803748404694332 ], [ 11.052441792647496, 46.804056466086465 ], [ 11.050015171761917, 46.804418445591757 ], [ 11.048919598776779, 46.804104717055459 ], [ 11.048503794348479, 46.804341344092322 ], [ 11.048243864283197, 46.80336721278163 ], [ 11.047746257871381, 46.80313959008172 ], [ 11.048912037131046, 46.802472248781591 ], [ 11.048235389381979, 46.801637881786391 ], [ 11.047540110938334, 46.801682472232955 ], [ 11.046841508186439, 46.802187860896673 ], [ 11.046498214179378, 46.803092631227919 ], [ 11.045400646041905, 46.803090828509639 ], [ 11.046208065764118, 46.804905077971242 ], [ 11.045341821483207, 46.805064993875931 ], [ 11.044910712571003, 46.804230741717546 ], [ 11.044556893419207, 46.804557085747334 ], [ 11.04485160342578, 46.804793738614833 ], [ 11.044429224702601, 46.805067970669469 ], [ 11.043863221452977, 46.804773302573878 ], [ 11.043726076058666, 46.805253877620473 ], [ 11.043685099254361, 46.804465226741769 ], [ 11.044078972078559, 46.803804815717889 ], [ 11.044285428228189, 46.803982090084823 ], [ 11.044209292538401, 46.802082758528343 ], [ 11.043731300282964, 46.801620791718072 ], [ 11.04273932939576, 46.802749435727115 ], [ 11.039379999640067, 46.804861004213699 ], [ 11.044128991521246, 46.806462360512384 ], [ 11.042516690565218, 46.805679219616707 ], [ 11.044144098558382, 46.805450232187653 ], [ 11.044030814372142, 46.805242718950488 ], [ 11.045642674925306, 46.805426876175027 ], [ 11.04793514785484, 46.806566890724199 ], [ 11.048605594316436, 46.806072237728941 ], [ 11.049511183603352, 46.805948273979972 ], [ 11.050496639332373, 46.806237778540023 ], [ 11.050545231009218, 46.806877424697021 ], [ 11.051409443402743, 46.807078612333505 ], [ 11.051965020356162, 46.807665671134508 ], [ 11.05488585050395, 46.808106731471177 ] ], [ [ 11.048207658938168, 46.802688446280662 ], [ 11.048313154743095, 46.802590122383428 ], [ 11.04825457530184, 46.80269117732017 ], [ 11.048207658938168, 46.802688446280662 ] ] ] } },
{ "type": "Feature", "properties": { "HOM_ID": 134.0, "NAME_D": null, "NAME_IT": null, "REGION": "Oetztaler Alpen", "ALT_MIN": 2872.0, "ALT_MAX": 2961.0, "ALT_MEDIAN": 2901.0, "area_km2": 0.0293061 }, "geometry": { "type": "Polygon", "coordinates": [ [ [ 11.054609051713726, 46.800641289819318 ], [ 11.054822725389648, 46.800151706860994 ], [ 11.055418009594986, 46.80003148242028 ], [ 11.054232882407018, 46.799080800928294 ], [ 11.052981417417017, 46.798873249887201 ], [ 11.052251197194908, 46.7992197054513 ], [ 11.052263031908868, 46.799676665429885 ], [ 11.053207482946508, 46.80044024625402 ], [ 11.054609051713726, 46.800641289819318 ] ] ] } },
{ "type": "Feature", "properties": { "HOM_ID": 136.0, "NAME_D": "Hangenderferner", "NAME_IT": null, "REGION": "Oetztaler Alpen", "ALT_MIN": 2938.0, "ALT_MAX": 3175.0, "ALT_MEDIAN": 3037.0, "area_km2": 0.033169 }, "geometry": { "type": "Polygon", "coordinates": [ [ [ 11.083479161255161, 46.820002188642221 ], [ 11.084517693170108, 46.819768972226129 ], [ 11.084725180302687, 46.819393739749586 ], [ 11.083352831353896, 46.817182981588395 ], [ 11.083260556959733, 46.817891849038084 ], [ 11.082444438913971, 46.818287921092583 ], [ 11.082156141601381, 46.819014007350042 ], [ 11.083479161255161, 46.820002188642221 ] ] ] } },
{ "type": "Feature", "properties": { "HOM_ID": 137.0, "NAME_D": "Imstalmferner", "NAME_IT": null, "REGION": "Oetztaler Alpen", "ALT_MIN": 2807.0, "ALT_MAX": 2879.0, "ALT_MEDIAN": 2813.0, "area_km2": 0.0561979 }, "geometry": { "type": "Polygon", "coordinates": [ [ [ 11.09972226194181, 46.824735803061408 ], [ 11.10082364657463, 46.824266474162364 ], [ 11.100685949667971, 46.824068072423707 ], [ 11.098682446597733, 46.823886553543261 ], [ 11.098172513578822, 46.82353016893785 ], [ 11.098124607368462, 46.822566701087958 ], [ 11.095899894029895, 46.821912195481005 ], [ 11.095964106394874, 46.824034585210676 ], [ 11.097598905036758, 46.824652898861139 ], [ 11.09972226194181, 46.824735803061408 ] ] ] } },
{ "type": "Feature", "properties": { "HOM_ID": 138.0, "NAME_D": "Seewerferner Oestlicher", "NAME_IT": "Vedretta del Lago", "REGION": "Oetztaler Alpen", "ALT_MIN": 2735.0, "ALT_MAX": 2769.0, "ALT_MEDIAN": 2750.0, "area_km2": 0.00251203 }, "geometry": { "type": "Polygon", "coordinates": [ [ [ 11.098290298964052, 46.828864371880385 ], [ 11.098880920816113, 46.828529709099747 ], [ 11.098848448371175, 46.828268554161326 ], [ 11.098052232798896, 46.828683707956124 ], [ 11.098290298964052, 46.828864371880385 ] ] ] } },
{ "type": "Feature", "properties": { "HOM_ID": 138.0, "NAME_D": "Seewerferner Oestlicher", "NAME_IT": "Vedretta del Lago", "REGION": "Oetztaler Alpen", "ALT_MIN": 2550.0, "ALT_MAX": 2611.0, "ALT_MEDIAN": 2571.0, "area_km2": 0.00860875 }, "geometry": { "type": "Polygon", "coordinates": [ [ [ 11.100161239731278, 46.832393422985753 ], [ 11.100753278873277, 46.832094440708779 ], [ 11.100703816268354, 46.831359589569693 ], [ 11.099311393869217, 46.831863748009006 ], [ 11.099475955247419, 46.832258371811513 ], [ 11.100161239731278, 46.832393422985753 ] ] ] } },
{ "type": "Feature", "properties": { "HOM_ID": 138.0, "NAME_D": "Seewerferner Oestlicher", "NAME_IT": "Vedretta del Lago", "REGION": "Oetztaler Alpen", "ALT_MIN": 2631.0, "ALT_MAX": 2774.0, "ALT_MEDIAN": 2692.0, "area_km2": 0.0410759 }, "geometry": { "type": "Polygon", "coordinates": [ [ [ 11.100829856618839, 46.830826504500216 ], [ 11.101561994860706, 46.830167008168921 ], [ 11.101414768620614, 46.829185622103353 ], [ 11.099364124983465, 46.828385597008946 ], [ 11.098605242211239, 46.828825537964129 ], [ 11.098431263066535, 46.82948055463963 ], [ 11.099571727979749, 46.829367364505259 ], [ 11.099640578390124, 46.82968754922107 ], [ 11.098945749907864, 46.829702791020985 ], [ 11.098460692995166, 46.830321893572382 ], [ 11.099190506526947, 46.830713727551668 ], [ 11.100251947360171, 46.830575192920733 ], [ 11.100724606087285, 46.830128989306957 ], [ 11.100829856618839, 46.830826504500216 ] ] ] } },
{ "type": "Feature", "properties": { "HOM_ID": 138.0, "NAME_D": "Seewerferner Oestlicher", "NAME_IT": "Vedretta del Lago", "REGION": "Oetztaler Alpen", "ALT_MIN": 2503.0, "ALT_MAX": 3251.0, "ALT_MEDIAN": 2732.0, "area_km2": 0.554868 }, "geometry": { "type": "Polygon", "coordinates": [ [ [ 11.090904714462519, 46.833737966609796 ], [ 11.092922094459768, 46.834001100103478 ], [ 11.09315888548209, 46.833308630745606 ], [ 11.094102354114879, 46.83339137241169 ], [ 11.09444189498646, 46.831549093131621 ], [ 11.095210401938417, 46.831237384966563 ], [ 11.095291338858653, 46.830530503032541 ], [ 11.096574607915741, 46.828974321498137 ], [ 11.097568726486308, 46.828577504965686 ], [ 11.097518215734592, 46.82722337940082 ], [ 11.098068005747731, 46.826820417656755 ], [ 11.097524702333059, 46.825821594342507 ], [ 11.095148413052618, 46.826179438859469 ], [ 11.094457769492722, 46.826796883348706 ], [ 11.093334466655568, 46.826390629622423 ], [ 11.091921362904447, 46.826449810289951 ], [ 11.091280376570767, 46.826023406247245 ], [ 11.090860400721949, 46.826107277305752 ], [ 11.090710576548153, 46.827432001910246 ], [ 11.091388744326276, 46.829180676064055 ], [ 11.091086648588346, 46.829531456474982 ], [ 11.090445037456011, 46.829000290879357 ], [ 11.090450507657355, 46.828336340466272 ], [ 11.08858965052811, 46.827675044231903 ], [ 11.089030874073019, 46.826882274464708 ], [ 11.089761553080155, 46.826973699331319 ], [ 11.089963323705371, 46.82673761837399 ], [ 11.089449368677109, 46.826724147060517 ], [ 11.088904434131461, 46.82595247788705 ], [ 11.088256170108256, 46.826411957893725 ], [ 11.087747027295842, 46.826379342946119 ], [ 11.087922710611787, 46.826042782599743 ], [ 11.087617319355001, 46.825914537626851 ], [ 11.088105042919281, 46.825322744504206 ], [ 11.087549963131757, 46.825178577891798 ], [ 11.087959637906296, 46.82466202344775 ], [ 11.086730211172606, 46.824751362014283 ], [ 11.08624733885849, 46.82446491157225 ], [ 11.085339474947203, 46.825029115374349 ], [ 11.085927896183691, 46.824107723018614 ], [ 11.087335455301577, 46.823551359361282 ], [ 11.086937628289109, 46.823310982407726 ], [ 11.087562707837879, 46.822880504880104 ], [ 11.087169583311297, 46.82276147924685 ], [ 11.085738363457839, 46.823672554988249 ], [ 11.08525339295571, 46.82268133224342 ], [ 11.084630122071818, 46.823046879282813 ], [ 11.083214125493244, 46.823096481146813 ], [ 11.08317536973111, 46.823888903080274 ], [ 11.083828128460075, 46.825167564284286 ], [ 11.083159704503439, 46.824926744137066 ], [ 11.084305581112909, 46.826188692499684 ], [ 11.084511924542927, 46.82737548236031 ], [ 11.085389847148718, 46.827538066469401 ], [ 11.086107227364373, 46.828411241477248 ], [ 11.087675625955587, 46.829404124471168 ], [ 11.090119148400785, 46.83273364329991 ], [ 11.090721742050679, 46.831172641646397 ], [ 11.090497742353286, 46.830597890096556 ], [ 11.090829536840698, 46.830431103254874 ], [ 11.090245843948367, 46.830141154826308 ], [ 11.090195353135414, 46.829174756030923 ], [ 11.091148814412234, 46.829829993390412 ], [ 11.091519543173462, 46.831001860386337 ], [ 11.091065405301713, 46.831731931650019 ], [ 11.091475311819156, 46.833201050919136 ], [ 11.090904714462519, 46.833737966609796 ] ] ] } },
{ "type": "Feature", "properties": { "HOM_ID": 138.0, "NAME_D": "Seewerferner Oestlicher", "NAME_IT": "Vedretta del Lago", "REGION": "Oetztaler Alpen", "ALT_MIN": 2311.0, "ALT_MAX": 2350.0, "ALT_MEDIAN": 2322.0, "area_km2": 0.00365298 }, "geometry": { "type": "Polygon", "coordinates": [ [ [ 11.094586644922279, 46.836949614159266 ], [ 11.095620544652123, 46.836590185188342 ], [ 11.095696121764854, 46.836303069013198 ], [ 11.094307495679038, 46.836373736384566 ], [ 11.094586644922279, 46.836949614159266 ] ] ] } },
{ "type": "Feature", "properties": { "HOM_ID": 138.0, "NAME_D": "Seewerferner Oestlicher", "NAME_IT": "Vedretta del Lago", "REGION": "Oetztaler Alpen", "ALT_MIN": 2804.0, "ALT_MAX": 2894.0, "ALT_MEDIAN": 2849.0, "area_km2": 0.00579236 }, "geometry": { "type": "Polygon", "coordinates": [ [ [ 11.103261409132543, 46.829169215505814 ], [ 11.103817393153355, 46.828392279323673 ], [ 11.103654051043454, 46.827940492788002 ], [ 11.103006107310819, 46.828583395703099 ], [ 11.102904359736481, 46.82908767796124 ], [ 11.103261409132543, 46.829169215505814 ] ] ] } },
{ "type": "Feature", "properties": { "HOM_ID": 138.0, "NAME_D": "Seewerferner Oestlicher", "NAME_IT": "Vedretta del Lago", "REGION": "Oetztaler Alpen", "ALT_MIN": 2912.0, "ALT_MAX": 2975.0, "ALT_MEDIAN": 2941.0, "area_km2": 0.00437217 }, "geometry": { "type": "Polygon", "coordinates": [ [ [ 11.099679933792444, 46.827046768012458 ], [ 11.100691286734468, 46.826673783830877 ], [ 11.100674593954533, 46.827021366086932 ], [ 11.100839721597982, 46.826451631890635 ], [ 11.099755514737566, 46.826671547908653 ], [ 11.099679933792444, 46.827046768012458 ] ] ] } },
{ "type": "Feature", "properties": { "HOM_ID": 139.0, "NAME_D": "Seewerferner Westlicher", "NAME_IT": "Vedretta del Principe", "REGION": "Oetztaler Alpen", "ALT_MIN": 2676.0, "ALT_MAX": 3027.0, "ALT_MEDIAN": 2881.0, "area_km2": 0.256458 }, "geometry": { "type": "Polygon", "coordinates": [ [ [ 11.084040056187296, 46.835537178211816 ], [ 11.084431979720666, 46.835622901770478 ], [ 11.084753388677358, 46.834693181066356 ], [ 11.086642623327441, 46.834584525547108 ], [ 11.086879911971154, 46.833939162328065 ], [ 11.087838737089827, 46.834131682468097 ], [ 11.088149129834544, 46.834637902150291 ], [ 11.088411349058438, 46.834460047794302 ], [ 11.087817063160491, 46.833542399366841 ], [ 11.086743806391123, 46.833600671832023 ], [ 11.086183568983564, 46.833244794433732 ], [ 11.086180850966803, 46.831860117554776 ], [ 11.085635450494005, 46.831662905368027 ], [ 11.086504402924277, 46.829911717538067 ], [ 11.086181064383963, 46.82935615143321 ], [ 11.085106577964005, 46.828754271536894 ], [ 11.082706423876411, 46.829667088016876 ], [ 11.082036803387123, 46.831507005722706 ], [ 11.081295422144107, 46.831894326047603 ], [ 11.080376634003594, 46.831820554079663 ], [ 11.080016704607591, 46.832562857580911 ], [ 11.080374817689959, 46.833335053978125 ], [ 11.080879880117477, 46.833498498649149 ], [ 11.08107586434841, 46.83408127916465 ], [ 11.080752799986954, 46.834250855727554 ], [ 11.082478341858881, 46.835617998254172 ], [ 11.082889743034423, 46.835848619254278 ], [ 11.08335964320251, 46.835528140321564 ], [ 11.084285094271026, 46.83595178782349 ], [ 11.084040056187296, 46.835537178211816 ] ], [ [ 11.083679424103087, 46.835008953592535 ], [ 11.083607387523074, 46.834581668190793 ], [ 11.08381213599044, 46.834582701829419 ], [ 11.083679424103087, 46.835008953592535 ] ] ] } },
{ "type": "Feature", "properties": { "HOM_ID": 140.0, "NAME_D": "Granatenferner", "NAME_IT": "Vedretta dei Granati", "REGION": "Oetztaler Alpen", "ALT_MIN": 2853.0, "ALT_MAX": 2898.0, "ALT_MEDIAN": 2875.0, "area_km2": 0.00291449 }, "geometry": { "type": "Polygon", "coordinates": [ [ [ 11.079188471715179, 46.840830735402172 ], [ 11.078902982280715, 46.839951942619429 ], [ 11.078489706201411, 46.840370189359902 ], [ 11.079188471715179, 46.840830735402172 ] ] ] } },
{ "type": "Feature", "properties": { "HOM_ID": 140.0, "NAME_D": "Granatenferner", "NAME_IT": "Vedretta dei Granati", "REGION": "Oetztaler Alpen", "ALT_MIN": 2807.0, "ALT_MAX": 3132.0, "ALT_MEDIAN": 3003.0, "area_km2": 0.274327 }, "geometry": { "type": "Polygon", "coordinates": [ [ [ 11.077004334512912, 46.843297541954975 ], [ 11.078012399721951, 46.842140043820343 ], [ 11.078143068917505, 46.842276210736472 ], [ 11.078552167050974, 46.842266398399055 ], [ 11.07770662315048, 46.841891851908194 ], [ 11.077828783379417, 46.840358184245808 ], [ 11.078620108834196, 46.839395540684471 ], [ 11.079231714480441, 46.839845764619156 ], [ 11.079219350038167, 46.839188212129194 ], [ 11.078386929814052, 46.838747951626054 ], [ 11.077755992605058, 46.836671191793251 ], [ 11.076216884775988, 46.83601158998183 ], [ 11.074983088107125, 46.836859616033998 ], [ 11.073767150619885, 46.837158463477728 ], [ 11.073649441273975, 46.837818969866056 ], [ 11.071790386427223, 46.839102721388379 ], [ 11.071587097602862, 46.839929714858329 ], [ 11.072663495899276, 46.841526387601206 ], [ 11.073805040446452, 46.842109309742341 ], [ 11.074732797357299, 46.841782263680159 ], [ 11.075857883689977, 46.842904037416268 ], [ 11.077004334512912, 46.843297541954975 ] ] ] } },
{ "type": "Feature", "properties": { "HOM_ID": 140.0, "NAME_D": "Granatenferner", "NAME_IT": "Vedretta dei Granati", "REGION": "Oetztaler Alpen", "ALT_MIN": 2702.0, "ALT_MAX": 2798.0, "ALT_MEDIAN": 2745.0, "area_km2": 0.00663367 }, "geometry": { "type": "Polygon", "coordinates": [ [ [ 11.081836284072088, 46.84195237069185 ], [ 11.081368048058597, 46.840970354492519 ], [ 11.080614195698423, 46.840948349508686 ], [ 11.0803231946716, 46.841320329046745 ], [ 11.079886959787828, 46.841166345495445 ], [ 11.081836284072088, 46.84195237069185 ] ] ] } },
{ "type": "Feature", "properties": { "HOM_ID": 140.0, "NAME_D": "Granatenferner", "NAME_IT": "Vedretta dei Granati", "REGION": "Oetztaler Alpen", "ALT_MIN": 2848.0, "ALT_MAX": 2881.0, "ALT_MEDIAN": 2864.0, "area_km2": 0.000493853 }, "geometry": { "type": "Polygon", "coordinates": [ [ [ 11.080497124246866, 46.839855813210825 ], [ 11.080476177113516, 46.839529032035799 ], [ 11.080300785019599, 46.840055109124343 ], [ 11.080497124246866, 46.839855813210825 ] ] ] } },
{ "type": "Feature", "properties": { "HOM_ID": 142.0, "NAME_D": "Timmelsferner", "NAME_IT": "Vedretta Nera", "REGION": "Stubaier Alpen", "ALT_MIN": 2729.0, "ALT_MAX": 2765.0, "ALT_MEDIAN": 2744.0, "area_km2": 0.00161179 }, "geometry": { "type": "Polygon", "coordinates": [ [ [ 11.179321589289589, 46.909853809703023 ], [ 11.178864928742037, 46.9101082334887 ], [ 11.179210343527078, 46.910332144184324 ], [ 11.179540010705328, 46.910030611879783 ], [ 11.179321589289589, 46.909853809703023 ] ] ] } },
{ "type": "Feature", "properties": { "HOM_ID": 142.0, "NAME_D": "Timmelsferner", "NAME_IT": "Vedretta Nera", "REGION": "Stubaier Alpen", "ALT_MIN": 2664.0, "ALT_MAX": 2755.0, "ALT_MEDIAN": 2710.0, "area_km2": 0.0211164 }, "geometry": { "type": "Polygon", "coordinates": [ [ [ 11.178446018623022, 46.91106186967302 ], [ 11.179965531692037, 46.910858740462302 ], [ 11.180144825246641, 46.910550547025601 ], [ 11.178338464470887, 46.910155037761015 ], [ 11.178595434480954, 46.909781442184922 ], [ 11.177117657490749, 46.909716937139812 ], [ 11.176678605608393, 46.910028876563437 ], [ 11.176781047048717, 46.910949596018703 ], [ 11.177263028662171, 46.910303488026535 ], [ 11.177733174198771, 46.910949746101124 ], [ 11.178327160743185, 46.910559849399689 ], [ 11.178446018623022, 46.91106186967302 ] ] ] } },
{ "type": "Feature", "properties": { "HOM_ID": 142.0, "NAME_D": "Timmelsferner", "NAME_IT": "Vedretta Nera", "REGION": "Stubaier Alpen", "ALT_MIN": 2674.0, "ALT_MAX": 2818.0, "ALT_MEDIAN": 2742.0, "area_km2": 0.0531102 }, "geometry": { "type": "Polygon", "coordinates": [ [ [ 11.184010438837612, 46.912069100343309 ], [ 11.185716857694565, 46.912069378596065 ], [ 11.186511547587598, 46.911771324291585 ], [ 11.186573290325262, 46.911392981554179 ], [ 11.185554179627868, 46.91109386227258 ], [ 11.184500907720604, 46.911518281800333 ], [ 11.184703032990235, 46.91111844968529 ], [ 11.181899072917446, 46.91060040946261 ], [ 11.182078467379586, 46.910074780832105 ], [ 11.180833868299874, 46.910125651026682 ], [ 11.180740250877069, 46.910897625031069 ], [ 11.181229889402523, 46.911665476932633 ], [ 11.182311693684076, 46.911677709425689 ], [ 11.183367380067621, 46.912466416274263 ], [ 11.184010438837612, 46.912069100343309 ] ] ] } },
{ "type": "Feature", "properties": { "HOM_ID": 143.0, "NAME_D": "Hochferner", "NAME_IT": "Vedretta Alta", "REGION": "Stubaier Alpen", "ALT_MIN": 2836.0, "ALT_MAX": 2870.0, "ALT_MEDIAN": 2842.0, "area_km2": 0.00382524 }, "geometry": { "type": "Polygon", "coordinates": [ [ [ 11.197772188826573, 46.915288565713894 ], [ 11.198901136788615, 46.91492331003851 ], [ 11.19691321498612, 46.915000779876777 ], [ 11.197772188826573, 46.915288565713894 ] ] ] } },
{ "type": "Feature", "properties": { "HOM_ID": 143.0, "NAME_D": "Hochferner", "NAME_IT": "Vedretta Alta", "REGION": "Stubaier Alpen", "ALT_MIN": 2933.0, "ALT_MAX": 2949.0, "ALT_MEDIAN": 2945.0, "area_km2": 0.000684953 }, "geometry": { "type": "Polygon", "coordinates": [ [ [ 11.199552621957128, 46.918048320023203 ], [ 11.199157484371083, 46.917648750559998 ], [ 11.199401164919284, 46.918423155432215 ], [ 11.199552621957128, 46.918048320023203 ] ] ] } },
{ "type": "Feature", "properties": { "HOM_ID": 148.0, "NAME_D": null, "NAME_IT": null, "REGION": "Stubaier Alpen", "ALT_MIN": 2871.0, "ALT_MAX": 2915.0, "ALT_MEDIAN": 2881.0, "area_km2": 0.00710238 }, "geometry": { "type": "Polygon", "coordinates": [ [ [ 11.201332257832526, 46.916175459959767 ], [ 11.202203774616143, 46.915183639454597 ], [ 11.201498363768442, 46.914886482800632 ], [ 11.201106655015813, 46.915376186189469 ], [ 11.201332257832526, 46.916175459959767 ] ] ] } },
{ "type": "Feature", "properties": { "HOM_ID": 149.0, "NAME_D": null, "NAME_IT": null, "REGION": "Stubaier Alpen", "ALT_MIN": 2702.0, "ALT_MAX": 2766.0, "ALT_MEDIAN": 2720.0, "area_km2": 0.00367493 }, "geometry": { "type": "Polygon", "coordinates": [ [ [ 11.205118762267841, 46.917145945067773 ], [ 11.20469106815224, 46.916123179120667 ], [ 11.204280401154032, 46.916362054791783 ], [ 11.203903815866072, 46.916076435751044 ], [ 11.205118762267841, 46.917145945067773 ] ] ] } },
{ "type": "Feature", "properties": { "HOM_ID": 144.0, "NAME_D": null, "NAME_IT": null, "REGION": "Stubaier Alpen", "ALT_MIN": 2811.0, "ALT_MAX": 3064.0, "ALT_MEDIAN": 2926.0, "area_km2": 0.0620733 }, "geometry": { "type": "Polygon", "coordinates": [ [ [ 11.195952340908324, 46.927981655594877 ], [ 11.201393798789528, 46.926877056465912 ], [ 11.201777857804837, 46.926580366528583 ], [ 11.201506856703412, 46.926014598773328 ], [ 11.199977648425097, 46.926270210042027 ], [ 11.19861595394176, 46.925829688993431 ], [ 11.197267257901812, 46.926165132986604 ], [ 11.196684937420551, 46.926883492512303 ], [ 11.197038584329119, 46.927117191231972 ], [ 11.195057007048465, 46.927190934835082 ], [ 11.196131270842082, 46.92776749662162 ], [ 11.195952340908324, 46.927981655594877 ] ] ] } },
{ "type": "Feature", "properties": { "HOM_ID": 152.0, "NAME_D": "Hochgwandferner", "NAME_IT": null, "REGION": "Stubaier Alpen", "ALT_MIN": 2911.0, "ALT_MAX": 2987.0, "ALT_MEDIAN": 2928.0, "area_km2": 0.0144869 }, "geometry": { "type": "Polygon", "coordinates": [ [ [ 11.211268978054399, 46.934354807734366 ], [ 11.211231864513483, 46.93320741137903 ], [ 11.210890584315298, 46.932854462976607 ], [ 11.210298427776499, 46.93307781768906 ], [ 11.21046144460478, 46.933491356075308 ], [ 11.209588924651161, 46.933399114058695 ], [ 11.209269896650721, 46.934083800130729 ], [ 11.210361432679662, 46.933841361506708 ], [ 11.210250496230225, 46.934186378925624 ], [ 11.211268978054399, 46.934354807734366 ] ] ] } },
{ "type": "Feature", "properties": { "HOM_ID": 151.0, "NAME_D": "Hangenderferner", "NAME_IT": "Vedretta Capro Orientale", "REGION": "Stubaier Alpen", "ALT_MIN": 2868.0, "ALT_MAX": 3172.0, "ALT_MEDIAN": 3033.0, "area_km2": 0.283822 }, "geometry": { "type": "Polygon", "coordinates": [ [ [ 11.203147618386071, 46.934243313083286 ], [ 11.205021707304603, 46.93347460169479 ], [ 11.20590793211751, 46.931386147435859 ], [ 11.207063273313091, 46.93141863523811 ], [ 11.2072030358653, 46.931182594584939 ], [ 11.206330992847654, 46.930854154950964 ], [ 11.206381829374061, 46.930484108374635 ], [ 11.20666750982436, 46.930330973357286 ], [ 11.207554877168368, 46.930609587980832 ], [ 11.20789676540196, 46.929541033163318 ], [ 11.20722784305584, 46.92928439963827 ], [ 11.207272954760899, 46.927675828192555 ], [ 11.20662023507626, 46.927862234565168 ], [ 11.205960818113157, 46.92574483856118 ], [ 11.205322824264139, 46.926204777904431 ], [ 11.205103436813136, 46.925601831298927 ], [ 11.203595072315029, 46.926449500255025 ], [ 11.204767657757436, 46.927412679303508 ], [ 11.204244937248276, 46.927718002403978 ], [ 11.203635361490228, 46.930302969248991 ], [ 11.203119959092854, 46.93044861432211 ], [ 11.201865696101583, 46.930079877788444 ], [ 11.201330114002838, 46.930411626412003 ], [ 11.200552586400915, 46.93035276731257 ], [ 11.199830320085519, 46.930709527738479 ], [ 11.200035573566673, 46.931053219067991 ], [ 11.199530273013202, 46.93093673500907 ], [ 11.199035721790271, 46.931767392510395 ], [ 11.199349271778495, 46.932463782834041 ], [ 11.200570588618154, 46.932409350747839 ], [ 11.2010497329169, 46.933727503629576 ], [ 11.202225517612316, 46.934257291924126 ], [ 11.203147618386071, 46.934243313083286 ] ] ] } },
{ "type": "Feature", "properties": { "HOM_ID": 153.0, "NAME_D": "Bodenbachferner", "NAME_IT": null, "REGION": "Stubaier Alpen", "ALT_MIN": 2590.0, "ALT_MAX": 2648.0, "ALT_MEDIAN": 2614.0, "area_km2": 0.00243758 }, "geometry": { "type": "Polygon", "coordinates": [ [ [ 11.213881958478805, 46.939905091162622 ], [ 11.213930485700843, 46.940749080966761 ], [ 11.21429274639863, 46.940909098263845 ], [ 11.214229206572263, 46.940422208074686 ], [ 11.213881958478805, 46.939905091162622 ] ] ] } },
{ "type": "Feature", "properties": { "HOM_ID": 153.0, "NAME_D": "Bodenbachferner", "NAME_IT": null, "REGION": "Stubaier Alpen", "ALT_MIN": 2688.0, "ALT_MAX": 2877.0, "ALT_MEDIAN": 2783.0, "area_km2": 0.0462832 }, "geometry": { "type": "Polygon", "coordinates": [ [ [ 11.214348376875671, 46.939228123159999 ], [ 11.215002745503023, 46.939036878903643 ], [ 11.215008919977073, 46.93855459176163 ], [ 11.215785786611892, 46.938196573405108 ], [ 11.21558758427401, 46.937774199120668 ], [ 11.215894621000816, 46.937556641774734 ], [ 11.215211638706831, 46.937096031137564 ], [ 11.215461872314526, 46.936570619128176 ], [ 11.213280369944741, 46.9370307100017 ], [ 11.212742743295125, 46.936891099062343 ], [ 11.213145895619617, 46.937436902768191 ], [ 11.212950320017693, 46.93852874179715 ], [ 11.214348376875671, 46.939228123159999 ] ] ] } },
{ "type": "Feature", "properties": { "HOM_ID": 154.0, "NAME_D": "Uebeltalferner", "NAME_IT": "Vedretta di Malavalle", "REGION": "Stubaier Alpen", "ALT_MIN": 3097.0, "ALT_MAX": 3132.0, "ALT_MEDIAN": 3113.0, "area_km2": 0.00110437 }, "geometry": { "type": "Polygon", "coordinates": [ [ [ 11.199696370836655, 46.933839444970019 ], [ 11.200063790318069, 46.934102395325191 ], [ 11.200200077976996, 46.933865478096394 ], [ 11.199696370836655, 46.933839444970019 ] ] ] } },
{ "type": "Feature", "properties": { "HOM_ID": 154.0, "NAME_D": "Uebeltalferner", "NAME_IT": "Vedretta di Malavalle", "REGION": "Stubaier Alpen", "ALT_MIN": 3348.0, "ALT_MAX": 3380.0, "ALT_MEDIAN": 3361.0, "area_km2": 0.00268779 }, "geometry": { "type": "Polygon", "coordinates": [ [ [ 11.169492354286813, 46.953966312986317 ], [ 11.16994129112067, 46.953807438310534 ], [ 11.169467412598117, 46.953401045810139 ], [ 11.169200947347871, 46.95351895931573 ], [ 11.169492354286813, 46.953966312986317 ] ] ] } },
{ "type": "Feature", "properties": { "HOM_ID": 154.0, "NAME_D": "Uebeltalferner", "NAME_IT": "Vedretta di Malavalle", "REGION": "Stubaier Alpen", "ALT_MIN": 3185.0, "ALT_MAX": 3439.0, "ALT_MEDIAN": 3337.0, "area_km2": 0.330915 }, "geometry": { "type": "Polygon", "coordinates": [ [ [ 11.16480105618162, 46.955883097573171 ], [ 11.166041147326053, 46.955590573662533 ], [ 11.167866561020231, 46.954310239081302 ], [ 11.168213816523425, 46.954470335196717 ], [ 11.169070973468372, 46.954082646934225 ], [ 11.16862892686691, 46.953986257441443 ], [ 11.168617806131307, 46.953366916172527 ], [ 11.168040662321445, 46.953610242839872 ], [ 11.16770923785022, 46.953256504230644 ], [ 11.168307264530224, 46.95160243310022 ], [ 11.16797718857279, 46.9511477418962 ], [ 11.168288641511626, 46.947826815420555 ], [ 11.168006008269654, 46.947234046520656 ], [ 11.16965744682013, 46.945786397072041 ], [ 11.169447516617884, 46.945323688568777 ], [ 11.167971894623728, 46.945201644910455 ], [ 11.167067862531516, 46.946147382186595 ], [ 11.165299723677329, 46.946815856033545 ], [ 11.162566196103624, 46.950147264413864 ], [ 11.163089007955861, 46.951083855322885 ], [ 11.164140808251402, 46.951556850657084 ], [ 11.164770894993147, 46.952694986621296 ], [ 11.164334235569331, 46.953507567651712 ], [ 11.1637658150267, 46.952993292439572 ], [ 11.163394435583186, 46.953096745969482 ], [ 11.163694144193506, 46.953355818703379 ], [ 11.163448112104525, 46.954153362977806 ], [ 11.163886593352025, 46.954678906912697 ], [ 11.164750563810578, 46.954631614059416 ], [ 11.16480105618162, 46.955883097573171 ] ] ] } },
{ "type": "Feature", "properties": { "HOM_ID": 154.0, "NAME_D": "Uebeltalferner", "NAME_IT": "Vedretta di Malavalle", "REGION": "Stubaier Alpen", "ALT_MIN": 2634.0, "ALT_MAX": 2937.0, "ALT_MEDIAN": 2757.0, "area_km2": 0.364787 }, "geometry": { "type": "Polygon", "coordinates": [ [ [ 11.208052486132226, 46.943682838949478 ], [ 11.208294613011871, 46.943863889992471 ], [ 11.208946329651843, 46.942972697977837 ], [ 11.20944604499924, 46.941556553092916 ], [ 11.211177825242812, 46.940238041094126 ], [ 11.210702098886861, 46.939829353896499 ], [ 11.210237488871261, 46.940070483306975 ], [ 11.210083218230777, 46.939869880492118 ], [ 11.211653726330251, 46.939170508387065 ], [ 11.210806677835066, 46.93779267861477 ], [ 11.211644203921526, 46.936945596474985 ], [ 11.209569333349469, 46.936788048770353 ], [ 11.209092088717915, 46.936594870732144 ], [ 11.209391728362187, 46.936189066812759 ], [ 11.208225523516795, 46.936571117614314 ], [ 11.207531951659368, 46.936189241227758 ], [ 11.206315010099551, 46.936267474369153 ], [ 11.205965276876428, 46.935962296069007 ], [ 11.205707390497516, 46.936369668318882 ], [ 11.205185121838612, 46.935953006159259 ], [ 11.205365023108824, 46.937899636926737 ], [ 11.203502830835529, 46.938265882116816 ], [ 11.203538370132069, 46.938919991643445 ], [ 11.202636203690746, 46.940007982244815 ], [ 11.203460315892711, 46.940520714673703 ], [ 11.203329651725722, 46.940894677517754 ], [ 11.204985705415268, 46.942639620720712 ], [ 11.206193615626745, 46.942897035045391 ], [ 11.206853307265728, 46.943816690435142 ], [ 11.207823284233934, 46.944026343831155 ], [ 11.208052486132226, 46.943682838949478 ] ] ] } },
{ "type": "Feature", "properties": { "HOM_ID": 154.0, "NAME_D": "Uebeltalferner", "NAME_IT": "Vedretta di Malavalle", "REGION": "Stubaier Alpen", "ALT_MIN": 2530.0, "ALT_MAX": 3385.0, "ALT_MEDIAN": 2977.0, "area_km2": 5.64843 }, "geometry": { "type": "Polygon", "coordinates": [ [ [ 11.189900693265258, 46.970293975208094 ], [ 11.191952846113914, 46.968844151680301 ], [ 11.192578365627259, 46.967638782412209 ], [ 11.190740193044642, 46.964993478794121 ], [ 11.189584069192875, 46.964703684637506 ], [ 11.189431728317649, 46.964294675850823 ], [ 11.188468631961166, 46.964558345297569 ], [ 11.188185213213785, 46.964185997097054 ], [ 11.190218473914108, 46.962874188997247 ], [ 11.19070287854321, 46.964694714686139 ], [ 11.191271082293303, 46.962027144800736 ], [ 11.190633224136835, 46.960634149135437 ], [ 11.19020131013359, 46.960770137864209 ], [ 11.188978095706627, 46.959899214082391 ], [ 11.188850585099427, 46.959501634474833 ], [ 11.189405235652407, 46.959883900688943 ], [ 11.189510687784889, 46.959655682131469 ], [ 11.188354907889048, 46.958092477658042 ], [ 11.188084481854546, 46.956748537726043 ], [ 11.188346208377565, 46.95608874176218 ], [ 11.187432608240631, 46.955259977942987 ], [ 11.187500094216995, 46.95486819327688 ], [ 11.188017112887408, 46.954670205927094 ], [ 11.188467598953755, 46.952841031314627 ], [ 11.189267957584613, 46.952599522037005 ], [ 11.190574293819315, 46.951326192107103 ], [ 11.191777029969353, 46.95089123970368 ], [ 11.193005024218969, 46.949288044334168 ], [ 11.194477788073886, 46.948443107747813 ], [ 11.195719159296891, 46.948657403733478 ], [ 11.196170641185878, 46.950377679756507 ], [ 11.197241022452893, 46.950635242322186 ], [ 11.198590297346854, 46.951477060516851 ], [ 11.201515280049378, 46.952194021646392 ], [ 11.201925533426271, 46.951501393966652 ], [ 11.203090758114589, 46.951086568043173 ], [ 11.204930602290267, 46.951005511996087 ], [ 11.205108550766283, 46.950597301671358 ], [ 11.206114354199396, 46.951057678022288 ], [ 11.207616096945221, 46.950771443436977 ], [ 11.208086712489315, 46.950392355625624 ], [ 11.205963486772601, 46.950833353305136 ], [ 11.205289220669881, 46.950533952531543 ], [ 11.205233250179097, 46.950255018208182 ], [ 11.205862906825834, 46.950279074802182 ], [ 11.20413824717412, 46.94966182175439 ], [ 11.203345086406406, 46.948551564954428 ], [ 11.203280291771438, 46.948201366744414 ], [ 11.20399840590361, 46.947907763569695 ], [ 11.203368960290295, 46.947943873665537 ], [ 11.203177137333286, 46.947421350279242 ], [ 11.202256601895872, 46.947103338193919 ], [ 11.202449123198685, 46.94688057514611 ], [ 11.200977869728971, 46.946401712817497 ], [ 11.199977424443905, 46.945236130574429 ], [ 11.200584990668458, 46.944536320881156 ], [ 11.199269435322959, 46.943824907424798 ], [ 11.199163577390431, 46.943362633883574 ], [ 11.197656518669804, 46.94264297662037 ], [ 11.197591908297554, 46.941744173415834 ], [ 11.198567046213018, 46.941693266558438 ], [ 11.199035435149009, 46.941339382466936 ], [ 11.198807592633775, 46.941777590464419 ], [ 11.199679628938503, 46.941720830152292 ], [ 11.199709274037293, 46.941248897780362 ], [ 11.198957525149906, 46.941229057861449 ], [ 11.199127141174872, 46.940888639820734 ], [ 11.200567963675027, 46.94007804711093 ], [ 11.201548223554479, 46.939070889937547 ], [ 11.201337158054061, 46.938857797027794 ], [ 11.20274669459654, 46.936888577747261 ], [ 11.204017869407474, 46.936081682988359 ], [ 11.204255796886743, 46.935436274033542 ], [ 11.20270962248877, 46.935030309879721 ], [ 11.203226466439951, 46.934579862218129 ], [ 11.202615564665882, 46.934855921029985 ], [ 11.201755937970075, 46.934322435553909 ], [ 11.201221402510351, 46.934935129710453 ], [ 11.200667129067384, 46.934557674987346 ], [ 11.200580967032639, 46.934999830897311 ], [ 11.199938164260045, 46.935176483083524 ], [ 11.199552804874275, 46.934385267746748 ], [ 11.198799276488796, 46.934404510996664 ], [ 11.198576530607006, 46.934737377833677 ], [ 11.199035136536583, 46.935495271065214 ], [ 11.19738602564267, 46.937584511662543 ], [ 11.196694494095071, 46.93733586963949 ], [ 11.196514432326909, 46.936758345269936 ], [ 11.197000536196269, 46.936489476760116 ], [ 11.197473906820095, 46.936758973961254 ], [ 11.197122630448209, 46.936329982354664 ], [ 11.197312540194892, 46.935873932921758 ], [ 11.196780642180395, 46.935957957842042 ], [ 11.196206528731716, 46.935349898892461 ], [ 11.194247633689276, 46.936064366644509 ], [ 11.193963503193288, 46.935576456230365 ], [ 11.194131588537967, 46.936218979555861 ], [ 11.193322543018185, 46.936666891620554 ], [ 11.192657293884842, 46.936039607689288 ], [ 11.193139038328495, 46.93537434420643 ], [ 11.19268707107862, 46.93499822359648 ], [ 11.191177625149335, 46.935021302109917 ], [ 11.190365859208523, 46.935581631397184 ], [ 11.190699289025952, 46.936256235185148 ], [ 11.190242325371502, 46.936899298617661 ], [ 11.190397963898112, 46.937305863498814 ], [ 11.189358330998438, 46.937471002885545 ], [ 11.190026394561819, 46.938167778750277 ], [ 11.189766850812507, 46.939645674847419 ], [ 11.191199861520227, 46.940702203584209 ], [ 11.19102855675548, 46.941428375275919 ], [ 11.192045351467906, 46.942214816406405 ], [ 11.192134925875736, 46.943180202499633 ], [ 11.190492032626354, 46.944873733656614 ], [ 11.188690325182314, 46.944855821778461 ], [ 11.190455512118684, 46.942530509594 ], [ 11.189905620133795, 46.942345785816237 ], [ 11.189237291303971, 46.941217565075419 ], [ 11.187748250892742, 46.940679347197104 ], [ 11.18750041541783, 46.940996004860565 ], [ 11.186994383930585, 46.940948530069349 ], [ 11.186014512597868, 46.942497802751383 ], [ 11.185276199091058, 46.942466663176297 ], [ 11.185290157880061, 46.941613973812046 ], [ 11.184809641797992, 46.941339325237614 ], [ 11.185018639341632, 46.940580537288774 ], [ 11.185503435560063, 46.940618900603369 ], [ 11.185668891176144, 46.941010998674948 ], [ 11.186448216644285, 46.940598473468981 ], [ 11.186521887568423, 46.938736974532127 ], [ 11.186032391609194, 46.936875282017041 ], [ 11.183813933087251, 46.93673239111282 ], [ 11.180658885802263, 46.938107698547618 ], [ 11.18055453977667, 46.938928024192187 ], [ 11.180171049935611, 46.939089623552945 ], [ 11.180696004912855, 46.940077646709192 ], [ 11.17992962019845, 46.94152034006742 ], [ 11.179495835702413, 46.941248589340582 ], [ 11.179956467693419, 46.94061478526455 ], [ 11.178836646159439, 46.940005723422736 ], [ 11.177034949608146, 46.94149484448868 ], [ 11.17711566250216, 46.942516182564582 ], [ 11.17605961640662, 46.943373483263095 ], [ 11.175250023631273, 46.943471020961844 ], [ 11.175798615211214, 46.94401061865527 ], [ 11.175329744871394, 46.944934159028882 ], [ 11.176407905769972, 46.946657790340467 ], [ 11.175876398804881, 46.946626227725964 ], [ 11.174523588890183, 46.944280400150745 ], [ 11.174262151480271, 46.944521092937826 ], [ 11.173999875274493, 46.944226061076336 ], [ 11.173385103664645, 46.945013965834697 ], [ 11.17278427950718, 46.944944418012653 ], [ 11.168763693883214, 46.947490798084402 ], [ 11.168861570232298, 46.948019920383693 ], [ 11.169294480218189, 46.947547408321469 ], [ 11.170025340329072, 46.948252633258861 ], [ 11.169412252809741, 46.949015940272133 ], [ 11.16947206496152, 46.949859036564838 ], [ 11.170949676945197, 46.951935113988611 ], [ 11.171001507553921, 46.952597398729232 ], [ 11.173036511007563, 46.954488770130361 ], [ 11.171954478984349, 46.954695509754664 ], [ 11.170878731847008, 46.954373047475649 ], [ 11.169816143690538, 46.954431668729342 ], [ 11.167919779410365, 46.955779571749815 ], [ 11.167710156696373, 46.955514482364869 ], [ 11.166931334871498, 46.95594829848536 ], [ 11.164498167448693, 46.958802564598635 ], [ 11.164236627953555, 46.960422821154566 ], [ 11.164927926288797, 46.962040770814347 ], [ 11.168341778137449, 46.963338583411847 ], [ 11.170076139022726, 46.963619534457081 ], [ 11.170441511187242, 46.963795946847092 ], [ 11.170364226211447, 46.964292673056256 ], [ 11.175728216308453, 46.963678896743936 ], [ 11.176794404496539, 46.963177649096117 ], [ 11.177410151554794, 46.962367170429729 ], [ 11.178869380180032, 46.962672746312229 ], [ 11.17963126177758, 46.963148737217651 ], [ 11.179213152050149, 46.963823633645745 ], [ 11.179422933403835, 46.964261563781292 ], [ 11.1802814370521, 46.964435696574448 ], [ 11.180125470283787, 46.963756018078776 ], [ 11.180859716811323, 46.963594403153074 ], [ 11.180679101485355, 46.964498599619134 ], [ 11.182927183410028, 46.965345544111571 ], [ 11.184314736630739, 46.967272490325684 ], [ 11.185625596950894, 46.968371322732182 ], [ 11.186744397117323, 46.969151892133119 ], [ 11.189033560127424, 46.96975815917785 ], [ 11.189900693265258, 46.970293975208094 ] ], [ [ 11.188422678811316, 46.965097185515148 ], [ 11.188594108970916, 46.964780797800366 ], [ 11.188527145427271, 46.965142809269693 ], [ 11.188422678811316, 46.965097185515148 ] ], [ [ 11.186979348102934, 46.962582756399037 ], [ 11.186236381510771, 46.961846916836897 ], [ 11.186825915269221, 46.96137848992781 ], [ 11.187057401427193, 46.962364587726022 ], [ 11.186979348102934, 46.962582756399037 ] ], [ [ 11.186084648247423, 46.960001159835912 ], [ 11.186654413515107, 46.96024266754587 ], [ 11.186471849127184, 46.960627125169275 ], [ 11.18619353461723, 46.960539581284607 ], [ 11.186084648247423, 46.960001159835912 ] ], [ [ 11.178404584795981, 46.958060176066731 ], [ 11.177917360301983, 46.956183886407167 ], [ 11.178301832967444, 46.955717881704835 ], [ 11.178032467733866, 46.954564859818213 ], [ 11.178410598213414, 46.954075664491384 ], [ 11.177773550928418, 46.953159173579834 ], [ 11.178267833526194, 46.952807489189823 ], [ 11.177730883862273, 46.952750442934502 ], [ 11.177922687530094, 46.950559349788634 ], [ 11.179839076556322, 46.949586629875434 ], [ 11.181335724495053, 46.950136710579656 ], [ 11.182435987582672, 46.951284836286632 ], [ 11.181222155958636, 46.950935579541081 ], [ 11.180855703041228, 46.951073521762119 ], [ 11.180714740168316, 46.950086161295104 ], [ 11.179703398537178, 46.950269721589038 ], [ 11.180083621792216, 46.950958702872406 ], [ 11.179074974066713, 46.952286584779884 ], [ 11.179283642689139, 46.95451346842767 ], [ 11.178678114609351, 46.955615523849353 ], [ 11.17926830903216, 46.956361988446353 ], [ 11.17935286333862, 46.957313517035303 ], [ 11.178404584795981, 46.958060176066731 ] ], [ [ 11.19129445950648, 46.950952388657853 ], [ 11.191464296576996, 46.950853894452131 ], [ 11.191486114910841, 46.95087728694967 ], [ 11.19129445950648, 46.950952388657853 ] ], [ [ 11.177753196727764, 46.954240551773275 ], [ 11.178043046357827, 46.954287895776616 ], [ 11.177730353374498, 46.954457425250936 ], [ 11.177753196727764, 46.954240551773275 ] ], [ [ 11.173254832964595, 46.954312713218499 ], [ 11.173288707078685, 46.954668276364863 ], [ 11.173021664620688, 46.954564447012743 ], [ 11.173254832964595, 46.954312713218499 ] ] ] } },
{ "type": "Feature", "properties": { "HOM_ID": 154.0, "NAME_D": "Uebeltalferner", "NAME_IT": "Vedretta di Malavalle", "REGION": "Stubaier Alpen", "ALT_MIN": 2952.0, "ALT_MAX": 3033.0, "ALT_MEDIAN": 2991.0, "area_km2": 0.00547459 }, "geometry": { "type": "Polygon", "coordinates": [ [ [ 11.193574968702556, 46.963575264975574 ], [ 11.194165928220444, 46.962887715448488 ], [ 11.193562404669779, 46.96292785737807 ], [ 11.193823743362554, 46.962684741821022 ], [ 11.193302643219678, 46.962358999426627 ], [ 11.19254821785081, 46.962961578011537 ], [ 11.193742394039059, 46.96307679468795 ], [ 11.193574968702556, 46.963575264975574 ] ] ] } },
{ "type": "Feature", "properties": { "HOM_ID": 154.0, "NAME_D": "Uebeltalferner", "NAME_IT": "Vedretta di Malavalle", "REGION": "Stubaier Alpen", "ALT_MIN": 2798.0, "ALT_MAX": 3220.0, "ALT_MEDIAN": 2905.0, "area_km2": 0.19258 }, "geometry": { "type": "Polygon", "coordinates": [ [ [ 11.196364591970392, 46.968994830975184 ], [ 11.197264080520226, 46.968150747377848 ], [ 11.197015806531409, 46.967172404649126 ], [ 11.197467396884289, 46.967022419206387 ], [ 11.197785765068859, 46.965819823089603 ], [ 11.197161519458103, 46.966271829119457 ], [ 11.19731734725465, 46.965536113689943 ], [ 11.198725068078373, 46.965037103654232 ], [ 11.199299579928518, 46.96239451581755 ], [ 11.199176794244265, 46.961265870392573 ], [ 11.198869310967185, 46.961748506879445 ], [ 11.198500652376445, 46.961748446731548 ], [ 11.198836218034845, 46.961280549761206 ], [ 11.198466342014878, 46.960656674397228 ], [ 11.197781852678348, 46.96092697639002 ], [ 11.195941000539946, 46.960390857570502 ], [ 11.194443369930978, 46.962122995437042 ], [ 11.194489899962567, 46.962410212103052 ], [ 11.195090068362587, 46.962458228848107 ], [ 11.194356685606701, 46.963574723890154 ], [ 11.194300699813528, 46.964629178477935 ], [ 11.194635754556826, 46.964827524971042 ], [ 11.194967067970818, 46.964254479330094 ], [ 11.196365006823175, 46.964056183050026 ], [ 11.196244494042364, 46.965784764560269 ], [ 11.19558763571813, 46.966280128009601 ], [ 11.195703534459755, 46.9658826487453 ], [ 11.195378274776235, 46.965838885931689 ], [ 11.195012163230716, 46.966581655676656 ], [ 11.195091887308656, 46.967021099443201 ], [ 11.195841229641852, 46.967075298935598 ], [ 11.195607642627074, 46.967898864433579 ], [ 11.195818137617291, 46.968350561160428 ], [ 11.196001625771514, 46.967968451540401 ], [ 11.196099978091244, 46.968161811384057 ], [ 11.195793691984488, 46.968721992287421 ], [ 11.196364591970392, 46.968994830975184 ] ], [ [ 11.195216036587532, 46.966510155467056 ], [ 11.195490375932584, 46.966626922091891 ], [ 11.195134870770692, 46.966651599531701 ], [ 11.195216036587532, 46.966510155467056 ] ] ] } },
{ "type": "Feature", "properties": { "HOM_ID": 154.0, "NAME_D": "Uebeltalferner", "NAME_IT": "Vedretta di Malavalle", "REGION": "Stubaier Alpen", "ALT_MIN": 3082.0, "ALT_MAX": 3186.0, "ALT_MEDIAN": 3124.0, "area_km2": 0.0168333 }, "geometry": { "type": "Polygon", "coordinates": [ [ [ 11.197992229369797, 46.9684733944013 ], [ 11.199290296565742, 46.968083583908026 ], [ 11.200193885842852, 46.968139459505949 ], [ 11.2006636287927, 46.967539304103703 ], [ 11.198425090571199, 46.96741627302012 ], [ 11.197992229369797, 46.9684733944013 ] ] ] } },
{ "type": "Feature", "properties": { "HOM_ID": 154.0, "NAME_D": "Uebeltalferner", "NAME_IT": "Vedretta di Malavalle", "REGION": "Stubaier Alpen", "ALT_MIN": 2862.0, "ALT_MAX": 3062.0, "ALT_MEDIAN": 2967.0, "area_km2": 0.0545403 }, "geometry": { "type": "Polygon", "coordinates": [ [ [ 11.201192804769249, 46.966984046544418 ], [ 11.202596899290688, 46.966957032379483 ], [ 11.203044053845376, 46.966369232955998 ], [ 11.203225533177289, 46.965897545357734 ], [ 11.202724654882202, 46.965642889127963 ], [ 11.202801654594941, 46.965156819947914 ], [ 11.203341170227851, 46.964902417349293 ], [ 11.204223955598946, 46.965011191157764 ], [ 11.204654260219666, 46.96437811221395 ], [ 11.204247071121353, 46.963512844541228 ], [ 11.202765481187976, 46.963979870121179 ], [ 11.202002731634243, 46.962746488335043 ], [ 11.202391689255363, 46.964649251789702 ], [ 11.201787690249651, 46.964932314877366 ], [ 11.202055327958599, 46.965605767901003 ], [ 11.201458278799224, 46.965486253660103 ], [ 11.200835395696119, 46.966326604352275 ], [ 11.201192804769249, 46.966984046544418 ] ] ] } },
{ "type": "Feature", "properties": { "HOM_ID": 154.0, "NAME_D": "Uebeltalferner", "NAME_IT": "Vedretta di Malavalle", "REGION": "Stubaier Alpen", "ALT_MIN": 3057.0, "ALT_MAX": 3095.0, "ALT_MEDIAN": 3077.0, "area_km2": 0.0011367 }, "geometry": { "type": "Polygon", "coordinates": [ [ [ 11.190881914793264, 46.95965553442668 ], [ 11.190726280820639, 46.960272828165948 ], [ 11.1909126195624, 46.960407362067727 ], [ 11.190881914793264, 46.95965553442668 ] ] ] } },
{ "type": "Feature", "properties": { "HOM_ID": 145.0, "NAME_D": "Botzerferner", "NAME_IT": "Vedretta del Capro", "REGION": "Stubaier Alpen", "ALT_MIN": 3146.0, "ALT_MAX": 3184.0, "ALT_MEDIAN": 3164.0, "area_km2": 0.000600391 }, "geometry": { "type": "Polygon", "coordinates": [ [ [ 11.196684235185199, 46.931383793719533 ], [ 11.197077359527551, 46.931052420937824 ], [ 11.196482669626995, 46.931044788088805 ], [ 11.196684235185199, 46.931383793719533 ] ] ] } },
{ "type": "Feature", "properties": { "HOM_ID": 145.0, "NAME_D": "Botzerferner", "NAME_IT": "Vedretta del Capro", "REGION": "Stubaier Alpen", "ALT_MIN": 2952.0, "ALT_MAX": 3180.0, "ALT_MEDIAN": 3057.0, "area_km2": 0.0892342 }, "geometry": { "type": "Polygon", "coordinates": [ [ [ 11.194468205601366, 46.93417034613897 ], [ 11.19454469397488, 46.933949583364097 ], [ 11.196531764736415, 46.934156697738601 ], [ 11.197392521185371, 46.933848491887495 ], [ 11.197265781252444, 46.933550942521435 ], [ 11.198789047598236, 46.933569306267614 ], [ 11.198575057850844, 46.933097203040163 ], [ 11.197988687042098, 46.933208471800768 ], [ 11.198580314200795, 46.932819493159094 ], [ 11.198590203002011, 46.932500715908226 ], [ 11.198217644797877, 46.932825031174495 ], [ 11.197509050040217, 46.932836467968926 ], [ 11.197512558931017, 46.932310660030438 ], [ 11.19721857277535, 46.932329639314894 ], [ 11.197733308274094, 46.932100011715889 ], [ 11.196886700743283, 46.932256274300755 ], [ 11.196861222867064, 46.93164909039794 ], [ 11.196078493517005, 46.931378384951486 ], [ 11.19386839510959, 46.931928311190191 ], [ 11.19330863761013, 46.93173367402634 ], [ 11.192237335258934, 46.9325250734653 ], [ 11.193662599659937, 46.932953141425209 ], [ 11.193243269421808, 46.933618582735555 ], [ 11.192305367966044, 46.93397466624279 ], [ 11.193311772449446, 46.934274445034852 ], [ 11.194468205601366, 46.93417034613897 ] ], [ [ 11.195492255488761, 46.932544255789914 ], [ 11.196253923093597, 46.932554641477822 ], [ 11.196492647086799, 46.93278221393971 ], [ 11.195083425655309, 46.933002120651487 ], [ 11.195492255488761, 46.932544255789914 ] ] ] } },
{ "type": "Feature", "properties": { "HOM_ID": 145.0, "NAME_D": "Botzerferner", "NAME_IT": "Vedretta del Capro", "REGION": "Stubaier Alpen", "ALT_MIN": 2914.0, "ALT_MAX": 2928.0, "ALT_MEDIAN": 2920.0, "area_km2": 0.000331639 }, "geometry": { "type": "Polygon", "coordinates": [ [ [ 11.191326850108149, 46.934382521524554 ], [ 11.191451052743457, 46.934487291558483 ], [ 11.191596438628444, 46.934429742991732 ], [ 11.191326850108149, 46.934382521524554 ] ] ] } },
{ "type": "Feature", "properties": { "HOM_ID": 147.0, "NAME_D": "Schwarzwandferner", "NAME_IT": null, "REGION": "Stubaier Alpen", "ALT_MIN": 2983.0, "ALT_MAX": 3004.0, "ALT_MEDIAN": 2993.0, "area_km2": 0.00181501 }, "geometry": { "type": "Polygon", "coordinates": [ [ [ 11.177672720561565, 46.938728221482933 ], [ 11.177581035641897, 46.938238718090574 ], [ 11.176872193239747, 46.938300859521448 ], [ 11.177672720561565, 46.938728221482933 ] ] ] } },
{ "type": "Feature", "properties": { "HOM_ID": 147.0, "NAME_D": "Schwarzwandferner", "NAME_IT": null, "REGION": "Stubaier Alpen", "ALT_MIN": 2945.0, "ALT_MAX": 3017.0, "ALT_MEDIAN": 2971.0, "area_km2": 0.00731575 }, "geometry": { "type": "Polygon", "coordinates": [ [ [ 11.176679525596736, 46.940408196981174 ], [ 11.177921411615664, 46.94004169620856 ], [ 11.177214928950976, 46.93959440248733 ], [ 11.176324051664613, 46.93961491978326 ], [ 11.176071180857782, 46.940066177831184 ], [ 11.176679525596736, 46.940408196981174 ] ] ] } },
{ "type": "Feature", "properties": { "HOM_ID": 147.0, "NAME_D": "Schwarzwandferner", "NAME_IT": null, "REGION": "Stubaier Alpen", "ALT_MIN": 2951.0, "ALT_MAX": 3045.0, "ALT_MEDIAN": 2999.0, "area_km2": 0.0105674 }, "geometry": { "type": "Polygon", "coordinates": [ [ [ 11.173817441315213, 46.944003639131417 ], [ 11.174042215019723, 46.943672094123535 ], [ 11.173574121477797, 46.943146315536339 ], [ 11.171909529696807, 46.942433004056504 ], [ 11.172182858196056, 46.943389408009963 ], [ 11.173817441315213, 46.944003639131417 ] ] ] } },
{ "type": "Feature", "properties": { "HOM_ID": 155.0, "NAME_D": "Geisswandferner", "NAME_IT": "Vedretta Pendente", "REGION": "Stubaier Alpen", "ALT_MIN": 2851.0, "ALT_MAX": 2875.0, "ALT_MEDIAN": 2860.0, "area_km2": 0.00202131 }, "geometry": { "type": "Polygon", "coordinates": [ [ [ 11.210794997306532, 46.961241039262831 ], [ 11.211079181242328, 46.960845531283816 ], [ 11.210554595258934, 46.960724230744418 ], [ 11.210260309276306, 46.961178507008917 ], [ 11.210794997306532, 46.961241039262831 ] ] ] } },
{ "type": "Feature", "properties": { "HOM_ID": 155.0, "NAME_D": "Geisswandferner", "NAME_IT": "Vedretta Pendente", "REGION": "Stubaier Alpen", "ALT_MIN": 2884.0, "ALT_MAX": 2942.0, "ALT_MEDIAN": 2912.0, "area_km2": 0.00368033 }, "geometry": { "type": "Polygon", "coordinates": [ [ [ 11.209648036079937, 46.961240766650114 ], [ 11.209964030409525, 46.961347050760686 ], [ 11.210065702838044, 46.961046026138639 ], [ 11.208887425178652, 46.961080203239064 ], [ 11.209204107290308, 46.961811267953564 ], [ 11.209648036079937, 46.961240766650114 ] ] ] } },
{ "type": "Feature", "properties": { "HOM_ID": 155.0, "NAME_D": "Geisswandferner", "NAME_IT": "Vedretta Pendente", "REGION": "Stubaier Alpen", "ALT_MIN": 2919.0, "ALT_MAX": 2948.0, "ALT_MEDIAN": 2932.0, "area_km2": 0.000736253 }, "geometry": { "type": "Polygon", "coordinates": [ [ [ 11.210547656592361, 46.963160499161518 ], [ 11.211627609230627, 46.962832477383031 ], [ 11.211594036511627, 46.962777408959234 ], [ 11.210734480136969, 46.962934023416551 ], [ 11.210547656592361, 46.963160499161518 ] ] ] } },
{ "type": "Feature", "properties": { "HOM_ID": 155.0, "NAME_D": "Geisswandferner", "NAME_IT": "Vedretta Pendente", "REGION": "Stubaier Alpen", "ALT_MIN": 2915.0, "ALT_MAX": 2947.0, "ALT_MEDIAN": 2929.0, "area_km2": 0.00608221 }, "geometry": { "type": "Polygon", "coordinates": [ [ [ 11.211715257586224, 46.964036672727204 ], [ 11.2122905565778, 46.963227897262783 ], [ 11.210638358136588, 46.963224108010166 ], [ 11.210723147162458, 46.963424860234547 ], [ 11.211239429776938, 46.963293451664789 ], [ 11.211715257586224, 46.964036672727204 ] ] ] } },
{ "type": "Feature", "properties": { "HOM_ID": 155.0, "NAME_D": "Geisswandferner", "NAME_IT": "Vedretta Pendente", "REGION": "Stubaier Alpen", "ALT_MIN": 2953.0, "ALT_MAX": 2986.0, "ALT_MEDIAN": 2965.0, "area_km2": 0.00255699 }, "geometry": { "type": "Polygon", "coordinates": [ [ [ 11.209641272781097, 46.963616922496264 ], [ 11.209899440721502, 46.963450501477858 ], [ 11.210142731792565, 46.963024354763164 ], [ 11.209186251522718, 46.963158542060143 ], [ 11.209641272781097, 46.963616922496264 ] ] ] } },
{ "type": "Feature", "properties": { "HOM_ID": 155.0, "NAME_D": "Geisswandferner", "NAME_IT": "Vedretta Pendente", "REGION": "Stubaier Alpen", "ALT_MIN": 2927.0, "ALT_MAX": 2947.0, "ALT_MEDIAN": 2935.0, "area_km2": 0.00114649 }, "geometry": { "type": "Polygon", "coordinates": [ [ [ 11.210197068202726, 46.962743840163292 ], [ 11.210321034955305, 46.962342380383461 ], [ 11.209745939921412, 46.962363009959198 ], [ 11.210197068202726, 46.962743840163292 ] ] ] } },
{ "type": "Feature", "properties": { "HOM_ID": 156.0, "NAME_D": "Hangenderferner", "NAME_IT": "Vedretta Pendente", "REGION": "Stubaier Alpen", "ALT_MIN": 2824.0, "ALT_MAX": 2873.0, "ALT_MEDIAN": 2840.0, "area_km2": 0.00866228 }, "geometry": { "type": "Polygon", "coordinates": [ [ [ 11.236261222256196, 46.964147348613601 ], [ 11.235011512989161, 46.964156711064255 ], [ 11.235477156548884, 46.964714204000941 ], [ 11.235019697378762, 46.965272635830715 ], [ 11.235492178412413, 46.965341664442512 ], [ 11.235511979845002, 46.964948878390992 ], [ 11.236447967517508, 46.964707724039769 ], [ 11.236261222256196, 46.964147348613601 ] ] ] } },
{ "type": "Feature", "properties": { "HOM_ID": 156.0, "NAME_D": "Hangenderferner", "NAME_IT": "Vedretta Pendente", "REGION": "Stubaier Alpen", "ALT_MIN": 2621.0, "ALT_MAX": 3020.0, "ALT_MEDIAN": 2760.0, "area_km2": 0.771918 }, "geometry": { "type": "Polygon", "coordinates": [ [ [ 11.227539010130112, 46.968961731925909 ], [ 11.230134447204527, 46.968431996635793 ], [ 11.230502281169375, 46.968076597706549 ], [ 11.231974855626966, 46.968357426336105 ], [ 11.232214372422403, 46.967664627947229 ], [ 11.232632777089995, 46.967793376809439 ], [ 11.232940646991144, 46.967355802831072 ], [ 11.233874652174743, 46.967545918730451 ], [ 11.234110094479961, 46.967770500225924 ], [ 11.233783013783064, 46.967955464647119 ], [ 11.234967992699294, 46.968429376744524 ], [ 11.236121619669365, 46.968150877366803 ], [ 11.236837438765829, 46.968321421715601 ], [ 11.238471843010911, 46.967797120266326 ], [ 11.239297517239665, 46.968161937631535 ], [ 11.23979547852613, 46.967259294493047 ], [ 11.235274549723368, 46.966518978641446 ], [ 11.234933490646933, 46.966147050658527 ], [ 11.235154566628779, 46.965718141714603 ], [ 11.23478114551112, 46.965621143359805 ], [ 11.235003563922554, 46.965349644576555 ], [ 11.234577160091142, 46.965583767564532 ], [ 11.234506171400199, 46.965990315612864 ], [ 11.234088438170774, 46.96589001351024 ], [ 11.234263165600254, 46.965675878050753 ], [ 11.233446012491175, 46.965739449684193 ], [ 11.233395219793323, 46.965254703891873 ], [ 11.233719076209146, 46.965264098764266 ], [ 11.233056781433204, 46.964391743583015 ], [ 11.231635749932872, 46.964845672685676 ], [ 11.232715253742162, 46.964960338330265 ], [ 11.232819675280908, 46.965296412151687 ], [ 11.231833027680022, 46.964989451628163 ], [ 11.23092852880708, 46.965235668844322 ], [ 11.230380570009967, 46.964939192120084 ], [ 11.228943490190717, 46.965802944032433 ], [ 11.228323542235795, 46.965531669830753 ], [ 11.228349027998926, 46.965225615716953 ], [ 11.229632473121706, 46.964807742390782 ], [ 11.22948727379176, 46.964410552241716 ], [ 11.228708741654367, 46.964419751473649 ], [ 11.226365446259909, 46.962543973703873 ], [ 11.225685185191194, 46.962772246757197 ], [ 11.225313344126892, 46.962161917331755 ], [ 11.223918843107752, 46.961518080298774 ], [ 11.221838676599958, 46.961508481428382 ], [ 11.222308669300979, 46.962275583404278 ], [ 11.221606517712708, 46.963158304108916 ], [ 11.222147413910815, 46.963672113402559 ], [ 11.221752855857627, 46.964222656092929 ], [ 11.221309922375927, 46.964193156535643 ], [ 11.221699985301498, 46.964373689619308 ], [ 11.221594584550989, 46.964851947703075 ], [ 11.220869740968038, 46.965154125146661 ], [ 11.219395369029851, 46.964742230231863 ], [ 11.219332902478321, 46.964493430047817 ], [ 11.220041100241872, 46.964377308677449 ], [ 11.219162271743672, 46.96406814742658 ], [ 11.219364606059749, 46.963578486998571 ], [ 11.218622479997554, 46.963504776973771 ], [ 11.21893359997746, 46.963122536698712 ], [ 11.218385181978903, 46.962552403783974 ], [ 11.215814174174918, 46.962448632361003 ], [ 11.215065380744825, 46.962002391726315 ], [ 11.214611912603425, 46.962264751118795 ], [ 11.215002756744857, 46.96270935135545 ], [ 11.214167274784812, 46.962943385629423 ], [ 11.214240230697699, 46.963320562825793 ], [ 11.213632535074527, 46.962753721148736 ], [ 11.213640461502225, 46.963325022693915 ], [ 11.213044403779152, 46.963040107967181 ], [ 11.213455050688982, 46.964022989233811 ], [ 11.21267792926669, 46.964779417341788 ], [ 11.214118090138925, 46.96520131457082 ], [ 11.214300007042617, 46.965767906939043 ], [ 11.21529149077851, 46.966278267033374 ], [ 11.216198634693926, 46.966346423020696 ], [ 11.21603423134048, 46.966744862617389 ], [ 11.216629391047336, 46.966080925644995 ], [ 11.21866807334499, 46.966523982987169 ], [ 11.218990066570498, 46.966320112652021 ], [ 11.220116629023096, 46.96647922503363 ], [ 11.220343446013397, 46.967001039271658 ], [ 11.221402889080183, 46.967134772722389 ], [ 11.221513972655559, 46.967549302629308 ], [ 11.222558191280058, 46.967902855468623 ], [ 11.22338421702011, 46.96777537646598 ], [ 11.223936543304292, 46.968537721917464 ], [ 11.227539010130112, 46.968961731925909 ] ], [ [ 11.233965068693653, 46.967305393100574 ], [ 11.233905217851015, 46.966995832510726 ], [ 11.234482385975058, 46.966948849560012 ], [ 11.234512596234687, 46.967298275837351 ], [ 11.233965068693653, 46.967305393100574 ] ], [ [ 11.235489388132253, 46.966758223615535 ], [ 11.235301022106409, 46.966745235326677 ], [ 11.23531393289046, 46.966721171963258 ], [ 11.235489388132253, 46.966758223615535 ] ], [ [ 11.213442218173878, 46.963451482051624 ], [ 11.213350919675721, 46.96334610063429 ], [ 11.213582443694159, 46.963394005716552 ], [ 11.213442218173878, 46.963451482051624 ] ], [ [ 11.23664715194934, 46.967830891403125 ], [ 11.237235201409032, 46.967669391082481 ], [ 11.237305500232797, 46.967937076340419 ], [ 11.23664715194934, 46.967830891403125 ] ], [ [ 11.237618689407187, 46.967857140320362 ], [ 11.237984903443067, 46.967797596522701 ], [ 11.237696439379597, 46.967969911863733 ], [ 11.237618689407187, 46.967857140320362 ] ] ] } },
{ "type": "Feature", "properties": { "HOM_ID": 159.0, "NAME_D": "Feuersteinferner", "NAME_IT": "Vedretta di Montarso", "REGION": "Stubaier Alpen", "ALT_MIN": 2769.0, "ALT_MAX": 2777.0, "ALT_MEDIAN": 2773.0, "area_km2": 0.000405938 }, "geometry": { "type": "Polygon", "coordinates": [ [ [ 11.265130624632981, 46.960419718124996 ], [ 11.264802194701613, 46.960219065180922 ], [ 11.264790686607837, 46.960440732400073 ], [ 11.265130624632981, 46.960419718124996 ] ] ] } },
{ "type": "Feature", "properties": { "HOM_ID": 159.0, "NAME_D": "Feuersteinferner", "NAME_IT": "Vedretta di Montarso", "REGION": "Stubaier Alpen", "ALT_MIN": 2778.0, "ALT_MAX": 2794.0, "ALT_MEDIAN": 2786.0, "area_km2": 0.00260676 }, "geometry": { "type": "Polygon", "coordinates": [ [ [ 11.265911934150427, 46.960309008703028 ], [ 11.266571173022543, 46.96010784969468 ], [ 11.265270277499102, 46.959938359401917 ], [ 11.265911934150427, 46.960309008703028 ] ] ] } },
{ "type": "Feature", "properties": { "HOM_ID": 159.0, "NAME_D": "Feuersteinferner", "NAME_IT": "Vedretta di Montarso", "REGION": "Stubaier Alpen", "ALT_MIN": 2585.0, "ALT_MAX": 3131.0, "ALT_MEDIAN": 2876.0, "area_km2": 1.20346 }, "geometry": { "type": "Polygon", "coordinates": [ [ [ 11.253003833613402, 46.973760824870823 ], [ 11.253513213257614, 46.972803132399534 ], [ 11.254518936097934, 46.972818247127265 ], [ 11.255261936852314, 46.972453591749506 ], [ 11.255823809568815, 46.971835346515299 ], [ 11.255569831094171, 46.971668916109692 ], [ 11.256943130610692, 46.971635174196109 ], [ 11.257297280385322, 46.970875773039708 ], [ 11.258469014409943, 46.969954994342451 ], [ 11.259287090711149, 46.969722646670469 ], [ 11.260717670986034, 46.96982773574797 ], [ 11.260978484340795, 46.969001115021229 ], [ 11.262274648445464, 46.968690725076769 ], [ 11.262569873779245, 46.968927757973731 ], [ 11.263257744425365, 46.968330794823437 ], [ 11.263639657114441, 46.968561348173161 ], [ 11.263951403612504, 46.968036108857362 ], [ 11.264670209476572, 46.9680076005899 ], [ 11.265621919143518, 46.966987763530177 ], [ 11.266413744877669, 46.96679445701723 ], [ 11.266340532614247, 46.96654351363614 ], [ 11.264174856877924, 46.965831582092946 ], [ 11.263463894219461, 46.965880410093064 ], [ 11.262456434662706, 46.965166961934024 ], [ 11.263661476394024, 46.963708062956542 ], [ 11.263371691769608, 46.962857562866724 ], [ 11.263693446356671, 46.961416367196435 ], [ 11.263080087805756, 46.960632386793534 ], [ 11.265075665770798, 46.959545236071015 ], [ 11.2648908509235, 46.958792190314981 ], [ 11.26429075694279, 46.95849928852931 ], [ 11.26337522452959, 46.959219814615032 ], [ 11.26218149301666, 46.95961153131389 ], [ 11.261936443513004, 46.96048070278362 ], [ 11.260256744217287, 46.960970841715074 ], [ 11.260175453455064, 46.961483637859502 ], [ 11.260556701860594, 46.961699928322105 ], [ 11.259985251799343, 46.963090091200179 ], [ 11.26020441831378, 46.963669124149824 ], [ 11.259780798805016, 46.964098463171574 ], [ 11.260056200455059, 46.96495961430638 ], [ 11.2593139344077, 46.965586204240047 ], [ 11.260572719623491, 46.966280428568254 ], [ 11.2603799120494, 46.966822358431308 ], [ 11.25922306135177, 46.966690431906372 ], [ 11.257740718612782, 46.967088750545813 ], [ 11.256999520155691, 46.966773662717145 ], [ 11.256428641464638, 46.967362328585494 ], [ 11.256524824552695, 46.966961603532987 ], [ 11.255551458152032, 46.966550603202073 ], [ 11.255999152235438, 46.966100904537456 ], [ 11.25574827627147, 46.965924888446857 ], [ 11.255463308763874, 46.966261473612683 ], [ 11.2556180368802, 46.965722683861202 ], [ 11.255101647128061, 46.965849532667832 ], [ 11.255443757609239, 46.966292812879111 ], [ 11.255613673946007, 46.966363277106723 ], [ 11.25526040825244, 46.966566864672203 ], [ 11.253777086669333, 46.965704425705617 ], [ 11.254773633920864, 46.965726465340516 ], [ 11.254489393638767, 46.964859998933143 ], [ 11.252552729159138, 46.963065903106418 ], [ 11.25097385243615, 46.962737428427715 ], [ 11.250294966750186, 46.962969837476386 ], [ 11.249913894070991, 46.962611836332336 ], [ 11.247551742555057, 46.963343998046419 ], [ 11.246869947346815, 46.9641717107028 ], [ 11.246047856084449, 46.964473576184666 ], [ 11.24606671654799, 46.96484990985337 ], [ 11.247456791833033, 46.965444673812996 ], [ 11.24790002450564, 46.96772129467584 ], [ 11.246907501627579, 46.967484821521957 ], [ 11.246681068310727, 46.966257065215515 ], [ 11.245514439629732, 46.966015068706014 ], [ 11.244609287333878, 46.966410819445414 ], [ 11.244416331827727, 46.965747905325181 ], [ 11.243776158320166, 46.966034280426427 ], [ 11.243844055640125, 46.96697545401009 ], [ 11.242936297473573, 46.967143255572545 ], [ 11.24254462688801, 46.966593762132327 ], [ 11.241284407181798, 46.967482775405159 ], [ 11.242266677624972, 46.968514536877827 ], [ 11.243761891416135, 46.969085259847411 ], [ 11.244932686077723, 46.970214734743273 ], [ 11.246803402037774, 46.970530421138982 ], [ 11.246637152560757, 46.97137777214639 ], [ 11.247406035479006, 46.971173381445681 ], [ 11.248272489557531, 46.972093311351522 ], [ 11.249430215630136, 46.972161042546475 ], [ 11.249813312798585, 46.972503528200868 ], [ 11.251613197239354, 46.972289551277278 ], [ 11.252474045057744, 46.972742633985 ], [ 11.251966830377308, 46.972924051937134 ], [ 11.252285931125023, 46.973398747858504 ], [ 11.2529397547617, 46.973312065766358 ], [ 11.253003833613402, 46.973760824870823 ] ] ] } },
{ "type": "Feature", "properties": { "HOM_ID": 158.0, "NAME_D": "Lorenzenferner", "NAME_IT": null, "REGION": "Stubaier Alpen", "ALT_MIN": 2530.0, "ALT_MAX": 2647.0, "ALT_MEDIAN": 2569.0, "area_km2": 0.0203607 }, "geometry": { "type": "Polygon", "coordinates": [ [ [ 11.269459314549469, 46.957949751359905 ], [ 11.268503434730835, 46.956932937356733 ], [ 11.266858654832967, 46.956647656889437 ], [ 11.266098347435326, 46.957048447471401 ], [ 11.266929434127965, 46.957582015191548 ], [ 11.269110094514431, 46.958203116763272 ], [ 11.269459314549469, 46.957949751359905 ] ] ] } },
{ "type": "Feature", "properties": { "HOM_ID": 157.0, "NAME_D": null, "NAME_IT": null, "REGION": "Stubaier Alpen", "ALT_MIN": null, "ALT_MAX": null, "ALT_MEDIAN": null, "area_km2": 0.0152141 }, "geometry": { "type": "Polygon", "coordinates": [ [ [ 11.280892467835315, 46.952208360948767 ], [ 11.281768516184156, 46.951344424863969 ], [ 11.281504192362272, 46.951874721826307 ], [ 11.282079273237736, 46.952273990521817 ], [ 11.281967512229949, 46.951240451776805 ], [ 11.281484679009855, 46.950706370879018 ], [ 11.281032498101011, 46.950459305550289 ], [ 11.280415848553879, 46.950689209826564 ], [ 11.279906612308922, 46.950488631232659 ], [ 11.279618244606532, 46.950944399037198 ], [ 11.280302811325704, 46.950852184821727 ], [ 11.280601970640928, 46.95126410190916 ], [ 11.28075609225103, 46.951086021370521 ], [ 11.280892467835315, 46.952208360948767 ] ] ] } },
{ "type": "Feature", "properties": { "HOM_ID": 160.0, "NAME_D": "Stubenferner", "NAME_IT": "Vedretta della Stua", "REGION": "Stubaier Alpen", "ALT_MIN": 2829.0, "ALT_MAX": 2850.0, "ALT_MEDIAN": 2839.0, "area_km2": 0.00122957 }, "geometry": { "type": "Polygon", "coordinates": [ [ [ 11.262589857253554, 46.975305352917111 ], [ 11.262072578573765, 46.975165571182572 ], [ 11.262383881089468, 46.975497373023984 ], [ 11.262589857253554, 46.975305352917111 ] ] ] } },
{ "type": "Feature", "properties": { "HOM_ID": 160.0, "NAME_D": "Stubenferner", "NAME_IT": "Vedretta della Stua", "REGION": "Stubaier Alpen", "ALT_MIN": 2745.0, "ALT_MAX": 2773.0, "ALT_MEDIAN": 2758.0, "area_km2": 0.00158938 }, "geometry": { "type": "Polygon", "coordinates": [ [ [ 11.265027816493683, 46.975153790557052 ], [ 11.265562209614169, 46.974957489386647 ], [ 11.264989712834844, 46.974622376717363 ], [ 11.265027816493683, 46.975153790557052 ] ] ] } },
{ "type": "Feature", "properties": { "HOM_ID": 160.0, "NAME_D": "Stubenferner", "NAME_IT": "Vedretta della Stua", "REGION": "Stubaier Alpen", "ALT_MIN": 2661.0, "ALT_MAX": 2730.0, "ALT_MEDIAN": 2700.0, "area_km2": 0.0055787 }, "geometry": { "type": "Polygon", "coordinates": [ [ [ 11.265620958207043, 46.976857211788001 ], [ 11.266844041630714, 46.976904424290559 ], [ 11.266880321110468, 46.976775128495888 ], [ 11.26501528445711, 46.976354890729496 ], [ 11.265209396696934, 46.977243947327139 ], [ 11.265620958207043, 46.976857211788001 ] ] ] } },
{ "type": "Feature", "properties": { "HOM_ID": 160.0, "NAME_D": "Stubenferner", "NAME_IT": "Vedretta della Stua", "REGION": "Stubaier Alpen", "ALT_MIN": 2804.0, "ALT_MAX": 2933.0, "ALT_MEDIAN": 2857.0, "area_km2": 0.0431183 }, "geometry": { "type": "Polygon", "coordinates": [ [ [ 11.263566408274942, 46.974186109783659 ], [ 11.264583626366198, 46.973561195647932 ], [ 11.263647185569548, 46.972803494896169 ], [ 11.261647180075633, 46.972890656916526 ], [ 11.260345860495745, 46.973378292854534 ], [ 11.263193419635604, 46.97507447990786 ], [ 11.263566408274942, 46.974186109783659 ] ] ] } },
{ "type": "Feature", "properties": { "HOM_ID": 160.0, "NAME_D": "Stubenferner", "NAME_IT": "Vedretta della Stua", "REGION": "Stubaier Alpen", "ALT_MIN": 2924.0, "ALT_MAX": 3046.0, "ALT_MEDIAN": 2971.0, "area_km2": 0.033679 }, "geometry": { "type": "Polygon", "coordinates": [ [ [ 11.259893256088885, 46.975024093838144 ], [ 11.260689695540504, 46.974936932431604 ], [ 11.260278672007304, 46.974759327304163 ], [ 11.260624250690803, 46.974704881072974 ], [ 11.260483550470688, 46.974320580524257 ], [ 11.259531434086158, 46.973702604222318 ], [ 11.260285651684292, 46.972919737529473 ], [ 11.259820337879791, 46.972278895831238 ], [ 11.258956399298324, 46.971960221057721 ], [ 11.259363452365823, 46.972209341131432 ], [ 11.258212650676269, 46.972760650585528 ], [ 11.2587593183575, 46.973103450534801 ], [ 11.258094077657889, 46.973273809130944 ], [ 11.257784246913989, 46.973846615537909 ], [ 11.258472781094278, 46.974171141025501 ], [ 11.258019446291712, 46.974475338194132 ], [ 11.258594968060947, 46.974263971780246 ], [ 11.259062662154243, 46.97463094935982 ], [ 11.259730757631404, 46.97447013375983 ], [ 11.259893256088885, 46.975024093838144 ] ] ] } },
{ "type": "Feature", "properties": { "HOM_ID": 160.0, "NAME_D": "Stubenferner", "NAME_IT": "Vedretta della Stua", "REGION": "Stubaier Alpen", "ALT_MIN": 2858.0, "ALT_MAX": 2889.0, "ALT_MEDIAN": 2874.0, "area_km2": 0.00206368 }, "geometry": { "type": "Polygon", "coordinates": [ [ [ 11.262583643111734, 46.979508614921691 ], [ 11.262003588463987, 46.979032086182954 ], [ 11.261768681131207, 46.978989107361727 ], [ 11.261949524813648, 46.979399838221205 ], [ 11.262583643111734, 46.979508614921691 ] ] ] } },
{ "type": "Feature", "properties": { "HOM_ID": 160.0, "NAME_D": "Stubenferner", "NAME_IT": "Vedretta della Stua", "REGION": "Stubaier Alpen", "ALT_MIN": 2886.0, "ALT_MAX": 2980.0, "ALT_MEDIAN": 2929.0, "area_km2": 0.02223 }, "geometry": { "type": "Polygon", "coordinates": [ [ [ 11.261744095203067, 46.978241463778204 ], [ 11.260089363108541, 46.97744601948137 ], [ 11.259206620989859, 46.977384874042833 ], [ 11.259427827628416, 46.978258642823207 ], [ 11.260560576272606, 46.979050597809291 ], [ 11.261370786828444, 46.979206027741526 ], [ 11.261744095203067, 46.978241463778204 ] ] ] } },
{ "type": "Feature", "properties": { "HOM_ID": 160.0, "NAME_D": "Stubenferner", "NAME_IT": "Vedretta della Stua", "REGION": "Stubaier Alpen", "ALT_MIN": 2775.0, "ALT_MAX": 2807.0, "ALT_MEDIAN": 2786.0, "area_km2": 0.00340773 }, "geometry": { "type": "Polygon", "coordinates": [ [ [ 11.263601602624231, 46.979259137960575 ], [ 11.264760113760111, 46.979209549815749 ], [ 11.265049413890537, 46.978744756218177 ], [ 11.263962123340665, 46.978832939347313 ], [ 11.263601602624231, 46.979259137960575 ] ] ] } },
{ "type": "Feature", "properties": { "HOM_ID": 160.0, "NAME_D": "Stubenferner", "NAME_IT": "Vedretta della Stua", "REGION": "Stubaier Alpen", "ALT_MIN": 2735.0, "ALT_MAX": 2754.0, "ALT_MEDIAN": 2745.0, "area_km2": 0.00164039 }, "geometry": { "type": "Polygon", "coordinates": [ [ [ 11.267687044726562, 46.979509441742231 ], [ 11.268023644551013, 46.97907775211543 ], [ 11.267947475302025, 46.979004257995989 ], [ 11.26729349598425, 46.979335088263198 ], [ 11.267687044726562, 46.979509441742231 ] ] ] } },
{ "type": "Feature", "properties": { "HOM_ID": 162.0, "NAME_D": "Weissspitzenferner", "NAME_IT": null, "REGION": "Zillertaler Alpen", "ALT_MIN": 2783.0, "ALT_MAX": 2825.0, "ALT_MEDIAN": 2814.0, "area_km2": 0.00104451 }, "geometry": { "type": "Polygon", "coordinates": [ [ [ 11.701134500444054, 46.978357979027336 ], [ 11.701801580188373, 46.978008872388052 ], [ 11.701178877355961, 46.977968332980019 ], [ 11.701134500444054, 46.978357979027336 ] ] ] } },
{ "type": "Feature", "properties": { "HOM_ID": 162.0, "NAME_D": "Weissspitzenferner", "NAME_IT": null, "REGION": "Zillertaler Alpen", "ALT_MIN": 2874.0, "ALT_MAX": 2909.0, "ALT_MEDIAN": 2889.0, "area_km2": 0.00168508 }, "geometry": { "type": "Polygon", "coordinates": [ [ [ 11.702375374997301, 46.977723398200681 ], [ 11.702382190164286, 46.977306542366961 ], [ 11.701779725568239, 46.977432681924611 ], [ 11.702375374997301, 46.977723398200681 ] ] ] } },
{ "type": "Feature", "properties": { "HOM_ID": 162.0, "NAME_D": "Weissspitzenferner", "NAME_IT": null, "REGION": "Zillertaler Alpen", "ALT_MIN": 2936.0, "ALT_MAX": 3250.0, "ALT_MEDIAN": 3122.0, "area_km2": 0.0824939 }, "geometry": { "type": "Polygon", "coordinates": [ [ [ 11.702441691625364, 46.97693415861589 ], [ 11.702967091820833, 46.976119311160005 ], [ 11.704687809269506, 46.975954831784563 ], [ 11.705841465279445, 46.975101307405708 ], [ 11.705254253394619, 46.974984441689841 ], [ 11.705076733961734, 46.974148369274126 ], [ 11.704622900460278, 46.973868600669611 ], [ 11.702918887666502, 46.973673136346413 ], [ 11.702291042576912, 46.973087924506515 ], [ 11.701509263211786, 46.973175437615559 ], [ 11.701386943449583, 46.973854564032031 ], [ 11.702070623398432, 46.974443224752285 ], [ 11.702965017112346, 46.973691095838028 ], [ 11.702908253835847, 46.974359150155294 ], [ 11.702296601305218, 46.974964829379999 ], [ 11.701345655739514, 46.975205156359074 ], [ 11.701146646511299, 46.975881329419373 ], [ 11.701567228411974, 46.976702410245409 ], [ 11.702441691625364, 46.97693415861589 ] ] ] } },
{ "type": "Feature", "properties": { "HOM_ID": 163.0, "NAME_D": "Weissspitzenferner", "NAME_IT": null, "REGION": "Zillertaler Alpen", "ALT_MIN": 3204.0, "ALT_MAX": 3385.0, "ALT_MEDIAN": 3287.0, "area_km2": 0.0379118 }, "geometry": { "type": "Polygon", "coordinates": [ [ [ 11.707898157858367, 46.978430124775976 ], [ 11.70995448485332, 46.977061280313571 ], [ 11.71036278903752, 46.976407427776216 ], [ 11.710171435044346, 46.976041043846934 ], [ 11.709131882953891, 46.975819692732877 ], [ 11.707384357750554, 46.976072975675343 ], [ 11.708004675543702, 46.976945747063724 ], [ 11.707575628517827, 46.977830572147148 ], [ 11.707898157858367, 46.978430124775976 ] ] ] } },
{ "type": "Feature", "properties": { "HOM_ID": 163.0, "NAME_D": "Weissspitzenferner", "NAME_IT": null, "REGION": "Zillertaler Alpen", "ALT_MIN": 3019.0, "ALT_MAX": 3133.0, "ALT_MEDIAN": 3076.0, "area_km2": 0.00712198 }, "geometry": { "type": "Polygon", "coordinates": [ [ [ 11.705705872938756, 46.977735648944879 ], [ 11.706367709899691, 46.977131860506105 ], [ 11.705753218757756, 46.976674931994857 ], [ 11.704904338009628, 46.97729504510405 ], [ 11.70498046034534, 46.977700416325483 ], [ 11.70539934548121, 46.977521453038577 ], [ 11.705294398025812, 46.977716805016286 ], [ 11.705705872938756, 46.977735648944879 ] ] ] } },
{ "type": "Feature", "properties": { "HOM_ID": 166.0, "NAME_D": "Weisskarferner", "NAME_IT": "Vedretta di Quaira Bianca", "REGION": "Zillertaler Alpen", "ALT_MIN": 3100.0, "ALT_MAX": 3349.0, "ALT_MEDIAN": 3233.0, "area_km2": 0.0128999 }, "geometry": { "type": "Polygon", "coordinates": [ [ [ 11.711797914591962, 46.975745901983792 ], [ 11.712186097402824, 46.975607168864023 ], [ 11.71187855475832, 46.975414443880787 ], [ 11.712257263785135, 46.975363559467844 ], [ 11.71218147614462, 46.975075811797353 ], [ 11.710620342111742, 46.974995584146484 ], [ 11.710415671343849, 46.974781060231685 ], [ 11.710791789783091, 46.974734051512591 ], [ 11.709838840199978, 46.974449936411503 ], [ 11.710345945409632, 46.974035039766427 ], [ 11.709563764398982, 46.973715446395211 ], [ 11.709682028008478, 46.974458412682878 ], [ 11.708981421850929, 46.974032114099408 ], [ 11.708330776498206, 46.974016086176299 ], [ 11.709302291887591, 46.974360412763886 ], [ 11.709946854557076, 46.97516550227683 ], [ 11.710812879744989, 46.97558446876883 ], [ 11.710815221541928, 46.975300583836905 ], [ 11.711781636340936, 46.975369118331159 ], [ 11.711797914591962, 46.975745901983792 ] ] ] } },
{ "type": "Feature", "properties": { "HOM_ID": 166.0, "NAME_D": "Weisskarferner", "NAME_IT": "Vedretta di Quaira Bianca", "REGION": "Zillertaler Alpen", "ALT_MIN": 2646.0, "ALT_MAX": 3490.0, "ALT_MEDIAN": 3165.0, "area_km2": 1.02535 }, "geometry": { "type": "Polygon", "coordinates": [ [ [ 11.722692643376172, 46.977699161762082 ], [ 11.724384421496977, 46.977444590815047 ], [ 11.724955784163926, 46.976776177300032 ], [ 11.725834024143596, 46.976564133152664 ], [ 11.726801935423627, 46.975231493311114 ], [ 11.727032240696495, 46.974116997340147 ], [ 11.726755577185749, 46.973721776002108 ], [ 11.727275160045014, 46.973506997236669 ], [ 11.727490221813696, 46.972605973335938 ], [ 11.726467330464718, 46.972158295423185 ], [ 11.72700294928749, 46.972600919944369 ], [ 11.725452908136672, 46.97230449601259 ], [ 11.725323818259085, 46.971989095705169 ], [ 11.722571980848695, 46.97208734905616 ], [ 11.722507288337162, 46.971235891627266 ], [ 11.723434136656104, 46.971266218257689 ], [ 11.723482177485185, 46.970979340634791 ], [ 11.720234385743527, 46.970180348535308 ], [ 11.719745081685828, 46.969791951892773 ], [ 11.718965773401193, 46.969926672544204 ], [ 11.718944568975019, 46.969577151718866 ], [ 11.716661529067393, 46.969829014310442 ], [ 11.712496058418044, 46.969193741189578 ], [ 11.711350636075531, 46.969311372701419 ], [ 11.707689352999539, 46.968683016906922 ], [ 11.707490101308428, 46.968525815807688 ], [ 11.708005133083367, 46.968530295301207 ], [ 11.707714441955975, 46.968146670639349 ], [ 11.706998612395596, 46.968023122933403 ], [ 11.707307261085546, 46.968349176809504 ], [ 11.706997811801385, 46.96835173683214 ], [ 11.704854940321328, 46.967386429464263 ], [ 11.704373465418183, 46.967426384018296 ], [ 11.704194764931318, 46.968090178759887 ], [ 11.702312190645973, 46.967792012774602 ], [ 11.699600394171245, 46.966782142527634 ], [ 11.699198455682357, 46.967158317682888 ], [ 11.698585803194238, 46.967079905898672 ], [ 11.700907045626998, 46.96932144709502 ], [ 11.701813120988309, 46.968940506523658 ], [ 11.70256309764385, 46.969120426920284 ], [ 11.704547564840226, 46.970413512175071 ], [ 11.706089358306484, 46.971893831138843 ], [ 11.706873207827028, 46.973776852171078 ], [ 11.707907467731937, 46.973935726055757 ], [ 11.708183715009808, 46.973619642390354 ], [ 11.707483956377233, 46.973264748029436 ], [ 11.707900386863717, 46.972969158638861 ], [ 11.706964161311282, 46.972477942459633 ], [ 11.706926709152222, 46.971874024087406 ], [ 11.708977023103321, 46.971901695171347 ], [ 11.713476020230461, 46.973607596787588 ], [ 11.713674714689525, 46.974371510356768 ], [ 11.714822487389553, 46.975053856719455 ], [ 11.716289538721398, 46.975102377446042 ], [ 11.717489184210493, 46.976017768283668 ], [ 11.718882561873077, 46.976187300102637 ], [ 11.719172932443755, 46.976809015149314 ], [ 11.718238635559715, 46.976276890369448 ], [ 11.717851658501896, 46.976548958177709 ], [ 11.718733992781482, 46.976769918804692 ], [ 11.719169018606852, 46.977637071142915 ], [ 11.722433339565237, 46.977388642394374 ], [ 11.722692643376172, 46.977699161762082 ] ], [ [ 11.719929686406294, 46.977338495309112 ], [ 11.719485853350294, 46.977299042091168 ], [ 11.719845638401313, 46.977190483427464 ], [ 11.719402094596502, 46.976951007538609 ], [ 11.719945753636431, 46.977038092851309 ], [ 11.719929686406294, 46.977338495309112 ] ], [ [ 11.703617200616936, 46.968087159725208 ], [ 11.703362741370288, 46.968076504186151 ], [ 11.703275642386432, 46.968004747307965 ], [ 11.703617200616936, 46.968087159725208 ] ] ] } },
{ "type": "Feature", "properties": { "HOM_ID": 164.0, "NAME_D": "Hochferner", "NAME_IT": "Gran Vedretta Occidentale", "REGION": "Zillertaler Alpen", "ALT_MIN": 3388.0, "ALT_MAX": 3403.0, "ALT_MEDIAN": 3395.0, "area_km2": 0.000132735 }, "geometry": { "type": "Polygon", "coordinates": [ [ [ 11.71693758968404, 46.978130277289587 ], [ 11.716902599734214, 46.978039251260356 ], [ 11.716792585006704, 46.978126459595998 ], [ 11.71693758968404, 46.978130277289587 ] ] ] } },
{ "type": "Feature", "properties": { "HOM_ID": 164.0, "NAME_D": "Hochferner", "NAME_IT": "Gran Vedretta Occidentale", "REGION": "Zillertaler Alpen", "ALT_MIN": 3227.0, "ALT_MAX": 3250.0, "ALT_MEDIAN": 3237.0, "area_km2": 0.000248583 }, "geometry": { "type": "Polygon", "coordinates": [ [ [ 11.715013181314808, 46.97888241738098 ], [ 11.715238499860885, 46.978879928035951 ], [ 11.715167051984405, 46.978760662310258 ], [ 11.715013181314808, 46.97888241738098 ] ] ] } },
{ "type": "Feature", "properties": { "HOM_ID": 164.0, "NAME_D": "Hochferner", "NAME_IT": "Gran Vedretta Occidentale", "REGION": "Zillertaler Alpen", "ALT_MIN": 3386.0, "ALT_MAX": 3418.0, "ALT_MEDIAN": 3407.0, "area_km2": 0.000788757 }, "geometry": { "type": "Polygon", "coordinates": [ [ [ 11.712654391646518, 46.976180766960525 ], [ 11.712988871894945, 46.976355706221788 ], [ 11.713218484640324, 46.976108340128448 ], [ 11.712654391646518, 46.976180766960525 ] ] ] } },
{ "type": "Feature", "properties": { "HOM_ID": 164.0, "NAME_D": "Hochferner", "NAME_IT": "Gran Vedretta Occidentale", "REGION": "Zillertaler Alpen", "ALT_MIN": 3280.0, "ALT_MAX": 3389.0, "ALT_MEDIAN": 3358.0, "area_km2": 0.0221819 }, "geometry": { "type": "Polygon", "coordinates": [ [ [ 11.711572085976714, 46.976189519377421 ], [ 11.710345316415111, 46.976403176330713 ], [ 11.709919930031289, 46.977119465034527 ], [ 11.710204480748288, 46.977975372827181 ], [ 11.711441448603564, 46.977531752086939 ], [ 11.711929394408743, 46.976662270616266 ], [ 11.711572085976714, 46.976189519377421 ] ] ] } },
{ "type": "Feature", "properties": { "HOM_ID": 164.0, "NAME_D": "Hochferner", "NAME_IT": "Gran Vedretta Occidentale", "REGION": "Zillertaler Alpen", "ALT_MIN": 2749.0, "ALT_MAX": 3435.0, "ALT_MEDIAN": 3169.0, "area_km2": 0.141439 }, "geometry": { "type": "Polygon", "coordinates": [ [ [ 11.711213796998821, 46.98245206638596 ], [ 11.711940840974096, 46.981968138135585 ], [ 11.712153600357725, 46.980878909738976 ], [ 11.713369424654104, 46.979764277665467 ], [ 11.713114792516151, 46.979270280994641 ], [ 11.713412065244198, 46.978854155651128 ], [ 11.715461090560579, 46.97854890834148 ], [ 11.716074448032773, 46.979036290317588 ], [ 11.717534904109494, 46.978801599469783 ], [ 11.716022609626334, 46.978782264800891 ], [ 11.715791844335266, 46.97834771151107 ], [ 11.71622389354005, 46.977866185119076 ], [ 11.717323855955382, 46.977822923672136 ], [ 11.717552418118009, 46.977335556558415 ], [ 11.714421339719996, 46.976545818529672 ], [ 11.712515350978986, 46.976995047554119 ], [ 11.712075260722642, 46.977613855865997 ], [ 11.712257142311342, 46.97865056908666 ], [ 11.709493907749698, 46.981122711927732 ], [ 11.709386142303137, 46.98160624906798 ], [ 11.710019303739504, 46.982499412830407 ], [ 11.711213796998821, 46.98245206638596 ] ] ] } },
{ "type": "Feature", "properties": { "HOM_ID": 165.0, "NAME_D": "Griessferner", "NAME_IT": "Gran Vedretta Orientale", "REGION": "Zillertaler Alpen", "ALT_MIN": 2525.0, "ALT_MAX": 3373.0, "ALT_MEDIAN": 3158.0, "area_km2": 0.312835 }, "geometry": { "type": "Polygon", "coordinates": [ [ [ 11.712497403591717, 46.987262437764151 ], [ 11.713469778240496, 46.986022037024654 ], [ 11.713169060860988, 46.985621799495277 ], [ 11.713984696638288, 46.985072895558154 ], [ 11.714262257690594, 46.984397694589234 ], [ 11.717000893082162, 46.983381155898037 ], [ 11.717854774943834, 46.983546604493576 ], [ 11.718448964765313, 46.983325331856101 ], [ 11.719170715233941, 46.9822539438833 ], [ 11.720950996642751, 46.981752066263041 ], [ 11.724381556441818, 46.979835544797218 ], [ 11.724862690439229, 46.978692103987541 ], [ 11.7246928611273, 46.977815133162153 ], [ 11.724001038495858, 46.977619686469787 ], [ 11.722934068631531, 46.978099876831664 ], [ 11.721294442100623, 46.978100786171545 ], [ 11.720884441029108, 46.977562879912675 ], [ 11.718780380724501, 46.979360636038479 ], [ 11.718490041020869, 46.980632861415394 ], [ 11.717414869450989, 46.980768833794549 ], [ 11.715949259267145, 46.981712317633189 ], [ 11.715697132406472, 46.982266275940603 ], [ 11.71638718130502, 46.982590872058239 ], [ 11.71628965434369, 46.982808440537561 ], [ 11.715321168677299, 46.983031442052848 ], [ 11.714962512613223, 46.98353242858726 ], [ 11.713424340194498, 46.983683136054736 ], [ 11.71236382128126, 46.984453093554983 ], [ 11.711772804351451, 46.985426271670946 ], [ 11.709421349763545, 46.985715325401443 ], [ 11.708893873513272, 46.986465960190209 ], [ 11.71010125168497, 46.987185278271596 ], [ 11.711245219283736, 46.987443911907562 ], [ 11.712497403591717, 46.987262437764151 ] ] ] } },
{ "type": "Feature", "properties": { "HOM_ID": 165.0, "NAME_D": "Griessferner", "NAME_IT": "Gran Vedretta Orientale", "REGION": "Zillertaler Alpen", "ALT_MIN": 3322.0, "ALT_MAX": 3448.0, "ALT_MEDIAN": 3384.0, "area_km2": 0.0107859 }, "geometry": { "type": "Polygon", "coordinates": [ [ [ 11.717596984517321, 46.979603050222707 ], [ 11.719093210099022, 46.9786296993245 ], [ 11.718628572096401, 46.978599824846476 ], [ 11.718555642367683, 46.978035406128193 ], [ 11.717824433174963, 46.978222312916252 ], [ 11.71777896086529, 46.978869271847522 ], [ 11.716762151769267, 46.979637519265751 ], [ 11.717596984517321, 46.979603050222707 ] ] ] } },
{ "type": "Feature", "properties": { "HOM_ID": 165.0, "NAME_D": "Griessferner", "NAME_IT": "Gran Vedretta Orientale", "REGION": "Zillertaler Alpen", "ALT_MIN": 3217.0, "ALT_MAX": 3277.0, "ALT_MEDIAN": 3242.0, "area_km2": 0.00159662 }, "geometry": { "type": "Polygon", "coordinates": [ [ [ 11.715927390990549, 46.980868888554468 ], [ 11.716117619554772, 46.980338622294006 ], [ 11.716265393132328, 46.980178912986936 ], [ 11.715641658393418, 46.980668037048787 ], [ 11.715927390990549, 46.980868888554468 ] ] ] } },
{ "type": "Feature", "properties": { "HOM_ID": 165.0, "NAME_D": "Griessferner", "NAME_IT": "Gran Vedretta Orientale", "REGION": "Zillertaler Alpen", "ALT_MIN": 3179.0, "ALT_MAX": 3201.0, "ALT_MEDIAN": 3190.0, "area_km2": 0.000902248 }, "geometry": { "type": "Polygon", "coordinates": [ [ [ 11.716460328292955, 46.981038948460274 ], [ 11.71680288711735, 46.980919379149164 ], [ 11.716985810819876, 46.980739309029929 ], [ 11.716421651157907, 46.980811279791467 ], [ 11.716460328292955, 46.981038948460274 ] ] ] } },
{ "type": "Feature", "properties": { "HOM_ID": 170.0, "NAME_D": "Gliderferner", "NAME_IT": "Ghiacciaio del Gran Pilastro", "REGION": "Zillertaler Alpen", "ALT_MIN": 3280.0, "ALT_MAX": 3294.0, "ALT_MEDIAN": 3287.0, "area_km2": 0.000636483 }, "geometry": { "type": "Polygon", "coordinates": [ [ [ 11.73660891161756, 46.970572479354566 ], [ 11.736783244769324, 46.970239714111187 ], [ 11.736444116902737, 46.970478794139567 ], [ 11.73660891161756, 46.970572479354566 ] ] ] } },
{ "type": "Feature", "properties": { "HOM_ID": 170.0, "NAME_D": "Gliderferner", "NAME_IT": "Ghiacciaio del Gran Pilastro", "REGION": "Zillertaler Alpen", "ALT_MIN": 2518.0, "ALT_MAX": 3333.0, "ALT_MEDIAN": 3028.0, "area_km2": 1.53688 }, "geometry": { "type": "Polygon", "coordinates": [ [ [ 11.740658767847053, 46.962489749590169 ], [ 11.737239445789575, 46.961554863341632 ], [ 11.736759558216843, 46.960704374683068 ], [ 11.734348719052598, 46.960396116543578 ], [ 11.732762298952993, 46.959157735289175 ], [ 11.731691827368754, 46.958788983667446 ], [ 11.730657658027912, 46.959242273398552 ], [ 11.731394932653759, 46.959241818887811 ], [ 11.731721440289791, 46.959807399194624 ], [ 11.733217245063987, 46.960124320124706 ], [ 11.733530282124649, 46.960397814633957 ], [ 11.733282564020016, 46.960587079931777 ], [ 11.734096252302066, 46.960710259218082 ], [ 11.733275422062855, 46.961061094933456 ], [ 11.730454810204293, 46.960398389420845 ], [ 11.731894843927829, 46.960811665608581 ], [ 11.731809448870997, 46.961024803537207 ], [ 11.729599694786785, 46.961069983854372 ], [ 11.729172132810614, 46.961397289483685 ], [ 11.731373109606922, 46.961249522849428 ], [ 11.731908907852254, 46.96161175756243 ], [ 11.731239605563374, 46.961615831325766 ], [ 11.729979938525005, 46.962235223234757 ], [ 11.729599255994355, 46.961845467200348 ], [ 11.728461464136334, 46.961613658491387 ], [ 11.729006074433499, 46.961132719309759 ], [ 11.727774065084944, 46.960749111734735 ], [ 11.727689923789899, 46.959915342673362 ], [ 11.72694859347331, 46.959596798394166 ], [ 11.726046155185674, 46.958400595325919 ], [ 11.724480455425144, 46.958523610634984 ], [ 11.721601161707628, 46.957837320449485 ], [ 11.720665047706728, 46.958116745429805 ], [ 11.719605132953985, 46.957789537835588 ], [ 11.716895052397268, 46.958018221842629 ], [ 11.71550334627725, 46.957710760021982 ], [ 11.715258103138547, 46.957949930501805 ], [ 11.715107169925604, 46.957441570592337 ], [ 11.714318405907878, 46.957317418424637 ], [ 11.71377722568427, 46.958031259344274 ], [ 11.712899526234445, 46.958211609235086 ], [ 11.713176617066818, 46.958760158219171 ], [ 11.712328269281185, 46.959039814668046 ], [ 11.712906201957617, 46.959533292576076 ], [ 11.714307123846243, 46.959520543981142 ], [ 11.714925059641162, 46.959910674385078 ], [ 11.716495318718014, 46.95991585389713 ], [ 11.717335171682453, 46.960253012013411 ], [ 11.717828088617543, 46.959891279071719 ], [ 11.718580933824503, 46.959923397319308 ], [ 11.721016550554349, 46.960767945850812 ], [ 11.721579543403097, 46.9606224028946 ], [ 11.724329091846297, 46.962871691033136 ], [ 11.726671796674625, 46.965851819153784 ], [ 11.729230960294258, 46.966507418820051 ], [ 11.731111392909863, 46.966530876049198 ], [ 11.733157955353052, 46.967443980757743 ], [ 11.733367138398462, 46.967862823585946 ], [ 11.732801654890871, 46.967414393871941 ], [ 11.733925652349976, 46.968379042044347 ], [ 11.733921299973783, 46.968702978945956 ], [ 11.733700964807786, 46.968474893503213 ], [ 11.733552471509567, 46.968768938220947 ], [ 11.73321797544315, 46.968655491732356 ], [ 11.73240088868968, 46.967979719251247 ], [ 11.732672598271941, 46.968669947747031 ], [ 11.732102062051121, 46.968395456277285 ], [ 11.732240504222025, 46.968723127060315 ], [ 11.729780642020803, 46.968779460450087 ], [ 11.729747128586142, 46.969282677210629 ], [ 11.729297376560401, 46.969262451808881 ], [ 11.729608428051399, 46.969564577616637 ], [ 11.729109605109018, 46.96957123821629 ], [ 11.731222660089852, 46.970940302832723 ], [ 11.734762527507154, 46.971583945256988 ], [ 11.735568612783933, 46.971454561210443 ], [ 11.736662940028511, 46.970745008969693 ], [ 11.736274832134823, 46.970842392816685 ], [ 11.736246216269786, 46.97014540748097 ], [ 11.734922014633437, 46.969463587835484 ], [ 11.735636099932302, 46.969551286193742 ], [ 11.735712096735767, 46.969063719766851 ], [ 11.739127631487253, 46.969729973377625 ], [ 11.74249504161088, 46.969707089942524 ], [ 11.743492250206733, 46.969209338836642 ], [ 11.746504158764834, 46.968793244098016 ], [ 11.746506806033517, 46.967446129519288 ], [ 11.74602823469624, 46.96718902507822 ], [ 11.747078891061294, 46.966962075157753 ], [ 11.746942229239101, 46.966699795487706 ], [ 11.745264393311203, 46.966237950711943 ], [ 11.744646343587041, 46.965239847779706 ], [ 11.743088714798745, 46.964231887921947 ], [ 11.742488474848736, 46.964195082489717 ], [ 11.742011623248679, 46.963304064161299 ], [ 11.74086561155729, 46.962998165938203 ], [ 11.740658767847053, 46.962489749590169 ] ], [ [ 11.736627032284391, 46.96180393614933 ], [ 11.735391274701263, 46.96178288825157 ], [ 11.73480078042809, 46.961627348879091 ], [ 11.735521621853497, 46.961440461249644 ], [ 11.736627032284391, 46.96180393614933 ] ], [ [ 11.73476950757955, 46.961184611864653 ], [ 11.735085422669059, 46.961156225501739 ], [ 11.735551961069895, 46.961353420590179 ], [ 11.735188226587407, 46.96129663525096 ], [ 11.73476950757955, 46.961184611864653 ] ] ] } },
{ "type": "Feature", "properties": { "HOM_ID": 169.0, "NAME_D": "Gliderferner", "NAME_IT": "Ghiacciaio del Gran Pilastro", "REGION": "Zillertaler Alpen", "ALT_MIN": 3064.0, "ALT_MAX": 3128.0, "ALT_MEDIAN": 3095.0, "area_km2": 0.00541216 }, "geometry": { "type": "Polygon", "coordinates": [ [ [ 11.726794320767272, 46.968591573381858 ], [ 11.726795793975617, 46.968073405282119 ], [ 11.726012121374533, 46.96749203636093 ], [ 11.726031854902885, 46.967880165734648 ], [ 11.725734368882794, 46.96788534792212 ], [ 11.726419808223232, 46.968669074443625 ], [ 11.726794320767272, 46.968591573381858 ] ] ] } },
{ "type": "Feature", "properties": { "HOM_ID": 169.0, "NAME_D": "Gliderferner", "NAME_IT": "Ghiacciaio del Gran Pilastro", "REGION": "Zillertaler Alpen", "ALT_MIN": 3038.0, "ALT_MAX": 3287.0, "ALT_MEDIAN": 3159.0, "area_km2": 0.084272 }, "geometry": { "type": "Polygon", "coordinates": [ [ [ 11.7267484129791, 46.970876069071124 ], [ 11.7281504128701, 46.97030451513065 ], [ 11.727782639150382, 46.969461793903875 ], [ 11.726849166107808, 46.968958673591708 ], [ 11.726991561870886, 46.969296256639986 ], [ 11.726288116832105, 46.968979663382527 ], [ 11.72558038066564, 46.968359526563511 ], [ 11.724238524686138, 46.96823637736297 ], [ 11.723849086231727, 46.967759900053231 ], [ 11.722167225519295, 46.967049331322833 ], [ 11.72206129010989, 46.96779212382507 ], [ 11.723355950225553, 46.96931505893842 ], [ 11.725645329780201, 46.970731863686275 ], [ 11.7267484129791, 46.970876069071124 ] ] ] } },
{ "type": "Feature", "properties": { "HOM_ID": 170.0, "NAME_D": "Gliderferner", "NAME_IT": "Ghiacciaio del Gran Pilastro", "REGION": "Zillertaler Alpen", "ALT_MIN": 2911.0, "ALT_MAX": 2941.0, "ALT_MEDIAN": 2925.0, "area_km2": 0.00148655 }, "geometry": { "type": "Polygon", "coordinates": [ [ [ 11.728662526424193, 46.956600547712767 ], [ 11.729646641189918, 46.956483788533049 ], [ 11.729720394489428, 46.956429644501014 ], [ 11.728663831189012, 46.95633906883203 ], [ 11.728662526424193, 46.956600547712767 ] ] ] } },
{ "type": "Feature", "properties": { "HOM_ID": 170.0, "NAME_D": "Gliderferner", "NAME_IT": "Ghiacciaio del Gran Pilastro", "REGION": "Zillertaler Alpen", "ALT_MIN": 2852.0, "ALT_MAX": 2922.0, "ALT_MEDIAN": 2888.0, "area_km2": 0.0158407 }, "geometry": { "type": "Polygon", "coordinates": [ [ [ 11.726758913881357, 46.957684658718257 ], [ 11.728542201913253, 46.957532613185442 ], [ 11.727617048141532, 46.957394184231731 ], [ 11.728463868461249, 46.957154929248688 ], [ 11.727852072546431, 46.956955216356427 ], [ 11.728375208563497, 46.956360001062173 ], [ 11.725917971309402, 46.9558547203942 ], [ 11.72565598321798, 46.956447672183039 ], [ 11.726627948170881, 46.95629829471531 ], [ 11.726844399088215, 46.956588395998601 ], [ 11.726389141185644, 46.956978180045162 ], [ 11.727109552999361, 46.956672740043217 ], [ 11.727235886074428, 46.957079437245099 ], [ 11.727687591338789, 46.957140102851724 ], [ 11.726758913881357, 46.957684658718257 ] ] ] } },
{ "type": "Feature", "properties": { "HOM_ID": 170.0, "NAME_D": "Gliderferner", "NAME_IT": "Ghiacciaio del Gran Pilastro", "REGION": "Zillertaler Alpen", "ALT_MIN": 2908.0, "ALT_MAX": 3187.0, "ALT_MEDIAN": 3080.0, "area_km2": 0.0439192 }, "geometry": { "type": "Polygon", "coordinates": [ [ [ 11.735551877666346, 46.959695949704845 ], [ 11.735554370614096, 46.959212997448709 ], [ 11.736262372611542, 46.959097874456923 ], [ 11.736098245381065, 46.958666524208724 ], [ 11.734454416433337, 46.957734323175636 ], [ 11.732922847400259, 46.95740708100373 ], [ 11.732418666440598, 46.956817689497463 ], [ 11.731187665803597, 46.956478006907851 ], [ 11.729217387920698, 46.956679201131799 ], [ 11.729079820663008, 46.957051200127303 ], [ 11.730918064261731, 46.956715412361135 ], [ 11.731603978524799, 46.957072874729263 ], [ 11.731412531293575, 46.957206026021559 ], [ 11.732636043549181, 46.957306780385871 ], [ 11.733258688678605, 46.958551524465406 ], [ 11.734333398694764, 46.958675856466151 ], [ 11.733817145117373, 46.958863920456714 ], [ 11.734645126254103, 46.959428461508772 ], [ 11.735551877666346, 46.959695949704845 ] ] ] } },
{ "type": "Feature", "properties": { "HOM_ID": 170.0, "NAME_D": "Gliderferner", "NAME_IT": "Ghiacciaio del Gran Pilastro", "REGION": "Zillertaler Alpen", "ALT_MIN": 2841.0, "ALT_MAX": 2947.0, "ALT_MEDIAN": 2889.0, "area_km2": 0.0162449 }, "geometry": { "type": "Polygon", "coordinates": [ [ [ 11.722310712618112, 46.955760756516277 ], [ 11.723703698865375, 46.955525208135484 ], [ 11.725828041729182, 46.955379371830915 ], [ 11.725515433554786, 46.954839159633401 ], [ 11.724495474189087, 46.954969269620854 ], [ 11.724441845560984, 46.954378979391592 ], [ 11.723634272385233, 46.95504825474729 ], [ 11.722395185798597, 46.95523251772282 ], [ 11.722310712618112, 46.955760756516277 ] ], [ [ 11.72471615485132, 46.955288228369582 ], [ 11.723727009574022, 46.955244633164035 ], [ 11.72398885615328, 46.955018382654636 ], [ 11.72471615485132, 46.955288228369582 ] ] ] } },
{ "type": "Feature", "properties": { "HOM_ID": 168.0, "NAME_D": "Gliderferner", "NAME_IT": "Ghiacciaio del Gran Pilastro", "REGION": "Zillertaler Alpen", "ALT_MIN": 3179.0, "ALT_MAX": 3201.0, "ALT_MEDIAN": 3187.0, "area_km2": 0.00176793 }, "geometry": { "type": "Polygon", "coordinates": [ [ [ 11.720922457513302, 46.969005333620103 ], [ 11.721260461714486, 46.96864012741019 ], [ 11.720229038384247, 46.968628460570599 ], [ 11.720922457513302, 46.969005333620103 ] ] ] } },
{ "type": "Feature", "properties": { "HOM_ID": 172.0, "NAME_D": "Hochwartferner", "NAME_IT": null, "REGION": "Zillertaler Alpen", "ALT_MIN": 2723.0, "ALT_MAX": 2932.0, "ALT_MEDIAN": 2818.0, "area_km2": 0.104645 }, "geometry": { "type": "Polygon", "coordinates": [ [ [ 11.715301487115619, 46.954006311883582 ], [ 11.71543544179255, 46.953286412995851 ], [ 11.717006783694076, 46.953078303012113 ], [ 11.716470748594359, 46.952381455168158 ], [ 11.717824365389708, 46.952056429029703 ], [ 11.719433688297007, 46.952522988093641 ], [ 11.719724471488698, 46.952497027794699 ], [ 11.719208585602399, 46.952335466852389 ], [ 11.7197385584803, 46.952363349730135 ], [ 11.718131872305069, 46.951193822930883 ], [ 11.716516415554311, 46.95087978372797 ], [ 11.715228172344492, 46.951053230963652 ], [ 11.713424882592099, 46.95180320806471 ], [ 11.712513922485408, 46.952836787514812 ], [ 11.710518904597844, 46.95371016070672 ], [ 11.710169249732742, 46.954154189377903 ], [ 11.711201163103519, 46.953998779409801 ], [ 11.711679092251991, 46.953615997251227 ], [ 11.712217946346897, 46.953681802190268 ], [ 11.712647983723244, 46.953211731875264 ], [ 11.713251152669624, 46.953288706277576 ], [ 11.713485470948445, 46.953716037713036 ], [ 11.714266944829454, 46.953628448763119 ], [ 11.714514076645191, 46.954320256073302 ], [ 11.715301487115619, 46.954006311883582 ] ] ] } },
{ "type": "Feature", "properties": { "HOM_ID": 171.0, "NAME_D": "Pockshornferner", "NAME_IT": null, "REGION": "Zillertaler Alpen", "ALT_MIN": 2821.0, "ALT_MAX": 2981.0, "ALT_MEDIAN": 2931.0, "area_km2": 0.0202945 }, "geometry": { "type": "Polygon", "coordinates": [ [ [ 11.718775789665584, 46.954512151493638 ], [ 11.721516931477996, 46.95306798124421 ], [ 11.721564169112643, 46.953519271594089 ], [ 11.721166434447939, 46.953562067960505 ], [ 11.721630506591998, 46.953798666702987 ], [ 11.721296641226195, 46.953935189699237 ], [ 11.722197117993634, 46.954068541208265 ], [ 11.722873453549656, 46.953759568684902 ], [ 11.723173564660735, 46.953095235084305 ], [ 11.722209538346942, 46.952737194975988 ], [ 11.721110515713365, 46.952843185187234 ], [ 11.719690733816314, 46.953468575598791 ], [ 11.718775789665584, 46.954512151493638 ] ] ] } },
{ "type": "Feature", "properties": { "HOM_ID": 173.0, "NAME_D": "Weisszintferner", "NAME_IT": "Vedretta della Punta Bianca", "REGION": "Zillertaler Alpen", "ALT_MIN": 3137.0, "ALT_MAX": 3245.0, "ALT_MEDIAN": 3200.0, "area_km2": 0.0125197 }, "geometry": { "type": "Polygon", "coordinates": [ [ [ 11.744034866463409, 46.963021427170098 ], [ 11.743578995365672, 46.962472794648285 ], [ 11.743652301934624, 46.961210205628518 ], [ 11.742939605361347, 46.960930129795933 ], [ 11.742889107249997, 46.961411597205512 ], [ 11.743491858066154, 46.961962679994642 ], [ 11.742605681300269, 46.962442459628832 ], [ 11.74272552173284, 46.962867904625689 ], [ 11.743409094932634, 46.96302690941662 ], [ 11.743632964707997, 46.963459668471529 ], [ 11.744034866463409, 46.963021427170098 ] ] ] } },
{ "type": "Feature", "properties": { "HOM_ID": 173.0, "NAME_D": "Weisszintferner", "NAME_IT": "Vedretta della Punta Bianca", "REGION": "Zillertaler Alpen", "ALT_MIN": 2999.0, "ALT_MAX": 3199.0, "ALT_MEDIAN": 3108.0, "area_km2": 0.153409 }, "geometry": { "type": "Polygon", "coordinates": [ [ [ 11.739915471910283, 46.962069480249006 ], [ 11.740510972659072, 46.96240985342758 ], [ 11.741597770069029, 46.96242858111399 ], [ 11.742397219284985, 46.961956372451048 ], [ 11.742717913170459, 46.958434140258454 ], [ 11.739981471310877, 46.9578596580278 ], [ 11.739931648645547, 46.957021218016379 ], [ 11.738308273848119, 46.956762441586825 ], [ 11.737779456329761, 46.957098930398658 ], [ 11.738445588963623, 46.959615397606655 ], [ 11.739915471910283, 46.962069480249006 ] ] ] } },
{ "type": "Feature", "properties": { "HOM_ID": 176.0, "NAME_D": "Weisszintferner", "NAME_IT": "Vedretta della Punta Bianca", "REGION": "Zillertaler Alpen", "ALT_MIN": 2764.0, "ALT_MAX": 3106.0, "ALT_MEDIAN": 2994.0, "area_km2": 0.130035 }, "geometry": { "type": "Polygon", "coordinates": [ [ [ 11.753500789921825, 46.970591016826852 ], [ 11.755485893352173, 46.96950396031253 ], [ 11.755236530178106, 46.968987872868986 ], [ 11.755713249416177, 46.968905761910577 ], [ 11.755344324115287, 46.968590337629777 ], [ 11.75570511997525, 46.96882880933363 ], [ 11.756469281785197, 46.968550383132623 ], [ 11.75591907699785, 46.968727934339704 ], [ 11.755510504670417, 46.968372034476729 ], [ 11.755152688428215, 46.968516374957616 ], [ 11.755225572719578, 46.968797498131174 ], [ 11.754903458490023, 46.968837935377252 ], [ 11.75423433830851, 46.968109228275495 ], [ 11.754586629800944, 46.967340437192256 ], [ 11.754219254195156, 46.966898514292573 ], [ 11.755869725701194, 46.965313418630316 ], [ 11.75573881195821, 46.964864157709137 ], [ 11.755172078791924, 46.964868282317262 ], [ 11.754933142100768, 46.965966973905985 ], [ 11.753972431876827, 46.966494900929845 ], [ 11.7534123851069, 46.966494093265567 ], [ 11.753182583657743, 46.966828219167006 ], [ 11.752942296250829, 46.966483975476713 ], [ 11.752158336685079, 46.966593318769149 ], [ 11.750506458720563, 46.968657507476827 ], [ 11.750877489496371, 46.969093023111704 ], [ 11.750333426344492, 46.969625561051259 ], [ 11.7511908404017, 46.970478953087934 ], [ 11.753500789921825, 46.970591016826852 ] ], [ [ 11.755238865707813, 46.968923520465601 ], [ 11.755209275124137, 46.968923042400945 ], [ 11.755239625191201, 46.968904453795048 ], [ 11.755238865707813, 46.968923520465601 ] ], [ [ 11.755204910346531, 46.968871953746373 ], [ 11.755058393876025, 46.968931438202446 ], [ 11.755074446343425, 46.968871523448641 ], [ 11.755204910346531, 46.968871953746373 ] ], [ [ 11.755446817798061, 46.968841126586632 ], [ 11.755432824154031, 46.96880574630373 ], [ 11.75545156510181, 46.96879815114837 ], [ 11.755446817798061, 46.968841126586632 ] ], [ [ 11.754805286544869, 46.968845859043924 ], [ 11.754808298544749, 46.968802926315512 ], [ 11.754844629394718, 46.968833006301779 ], [ 11.754805286544869, 46.968845859043924 ] ], [ [ 11.753438186765802, 46.967142706734101 ], [ 11.753804197214368, 46.966954837167876 ], [ 11.753422737563554, 46.967221179959225 ], [ 11.753438186765802, 46.967142706734101 ] ], [ [ 11.753633926589616, 46.966890358891767 ], [ 11.753511640247471, 46.966893301919967 ], [ 11.75362729250241, 46.966869564972434 ], [ 11.753633926589616, 46.966890358891767 ] ], [ [ 11.755339571097325, 46.96858178465542 ], [ 11.755345226278692, 46.968488785127747 ], [ 11.755470086443085, 46.968515542273067 ], [ 11.755339571097325, 46.96858178465542 ] ] ] } },
{ "type": "Feature", "properties": { "HOM_ID": 174.0, "NAME_D": "Weisszintferner", "NAME_IT": "Vedretta della Punta Bianca", "REGION": "Zillertaler Alpen", "ALT_MIN": 3053.0, "ALT_MAX": 3055.0, "ALT_MEDIAN": 3054.0, "area_km2": 3.51408e-05 }, "geometry": { "type": "Polygon", "coordinates": [ [ [ 11.745905729252391, 46.961932286218321 ], [ 11.745829345239946, 46.961907688702645 ], [ 11.745885030479171, 46.961976357771903 ], [ 11.745905729252391, 46.961932286218321 ] ] ] } },
{ "type": "Feature", "properties": { "HOM_ID": 174.0, "NAME_D": "Weisszintferner", "NAME_IT": "Vedretta della Punta Bianca", "REGION": "Zillertaler Alpen", "ALT_MIN": 3046.0, "ALT_MAX": 3051.0, "ALT_MEDIAN": 3049.0, "area_km2": 6.51965e-05 }, "geometry": { "type": "Polygon", "coordinates": [ [ [ 11.745967982310491, 46.961843928744315 ], [ 11.746008389411946, 46.961777239935515 ], [ 11.74582695013634, 46.961820168230481 ], [ 11.745967982310491, 46.961843928744315 ] ] ] } },
{ "type": "Feature", "properties": { "HOM_ID": 174.0, "NAME_D": "Weisszintferner", "NAME_IT": "Vedretta della Punta Bianca", "REGION": "Zillertaler Alpen", "ALT_MIN": 3104.0, "ALT_MAX": 3116.0, "ALT_MEDIAN": 3108.0, "area_km2": 0.000414142 }, "geometry": { "type": "Polygon", "coordinates": [ [ [ 11.744975344157176, 46.962722049349949 ], [ 11.74502582011247, 46.962485106678649 ], [ 11.744768803958182, 46.962322212251806 ], [ 11.744975344157176, 46.962722049349949 ] ] ] } },
{ "type": "Feature", "properties": { "HOM_ID": 174.0, "NAME_D": "Weisszintferner", "NAME_IT": "Vedretta della Punta Bianca", "REGION": "Zillertaler Alpen", "ALT_MIN": 3058.0, "ALT_MAX": 3079.0, "ALT_MEDIAN": 3064.0, "area_km2": 0.00053401 }, "geometry": { "type": "Polygon", "coordinates": [ [ [ 11.745384836265657, 46.962139979732441 ], [ 11.745822786416742, 46.962093752840588 ], [ 11.745876283795852, 46.962038179318917 ], [ 11.745482371329294, 46.961884763535565 ], [ 11.745384836265657, 46.962139979732441 ] ] ] } },
{ "type": "Feature", "properties": { "HOM_ID": 174.0, "NAME_D": "Weisszintferner", "NAME_IT": "Vedretta della Punta Bianca", "REGION": "Zillertaler Alpen", "ALT_MIN": 3092.0, "ALT_MAX": 3112.0, "ALT_MEDIAN": 3102.0, "area_km2": 0.000735131 }, "geometry": { "type": "Polygon", "coordinates": [ [ [ 11.744758912557039, 46.962008914314538 ], [ 11.744444171339978, 46.961812164529796 ], [ 11.744629711321968, 46.96221631459607 ], [ 11.744758912557039, 46.962008914314538 ] ] ] } },
{ "type": "Feature", "properties": { "HOM_ID": 174.0, "NAME_D": "Weisszintferner", "NAME_IT": "Vedretta della Punta Bianca", "REGION": "Zillertaler Alpen", "ALT_MIN": 3039.0, "ALT_MAX": 3231.0, "ALT_MEDIAN": 3130.0, "area_km2": 0.0317328 }, "geometry": { "type": "Polygon", "coordinates": [ [ [ 11.745126487823065, 46.964907949507747 ], [ 11.747871185407542, 46.964848015614059 ], [ 11.747811060123167, 46.963746251600867 ], [ 11.748482095572825, 46.963361534928104 ], [ 11.747645886570202, 46.963677719121463 ], [ 11.74762947236688, 46.963316657430525 ], [ 11.748521619174577, 46.96272661591631 ], [ 11.746510793145312, 46.963271149057512 ], [ 11.745271393469315, 46.963186488737144 ], [ 11.744970230569118, 46.96284749846135 ], [ 11.744879080737851, 46.964535523892579 ], [ 11.745126487823065, 46.964907949507747 ] ], [ [ 11.745954568379728, 46.964709493815022 ], [ 11.745039782890371, 46.964063538632693 ], [ 11.745368816770281, 46.963662758186011 ], [ 11.745646437157736, 46.963888256044619 ], [ 11.746128030600593, 46.963715971962337 ], [ 11.746176928385902, 46.963957672873086 ], [ 11.746827235797337, 46.963266772411608 ], [ 11.747196756740877, 46.964125107740209 ], [ 11.747353231692562, 46.96387990416617 ], [ 11.747679892167456, 46.964077997621082 ], [ 11.747330925131191, 46.964476406038891 ], [ 11.745954568379728, 46.964709493815022 ] ] ] } },
{ "type": "Feature", "properties": { "HOM_ID": 175.0, "NAME_D": "Weisszintferner", "NAME_IT": "Vedretta della Punta Bianca", "REGION": "Zillertaler Alpen", "ALT_MIN": 2834.0, "ALT_MAX": 2962.0, "ALT_MEDIAN": 2889.0, "area_km2": 0.010824 }, "geometry": { "type": "Polygon", "coordinates": [ [ [ 11.752916755818054, 46.964243587576881 ], [ 11.75360583330327, 46.964429556001242 ], [ 11.753652120650248, 46.963989837605219 ], [ 11.751569562861727, 46.963911360033507 ], [ 11.75141830100986, 46.964176445513964 ], [ 11.751029244889141, 46.964081031133567 ], [ 11.750924927350573, 46.964488331564759 ], [ 11.751220822213266, 46.964692130480628 ], [ 11.751339744801202, 46.964467825839947 ], [ 11.752916755818054, 46.964243587576881 ] ] ] } },
{ "type": "Feature", "properties": { "HOM_ID": 178.0, "NAME_D": "Muttenockferner", "NAME_IT": "Vedretta della Mutta", "REGION": "Zillertaler Alpen", "ALT_MIN": 2794.0, "ALT_MAX": 2873.0, "ALT_MEDIAN": 2831.0, "area_km2": 0.0116697 }, "geometry": { "type": "Polygon", "coordinates": [ [ [ 11.761743921672764, 46.970805299752556 ], [ 11.761680732218805, 46.969916282870223 ], [ 11.760698132441737, 46.970154298106621 ], [ 11.759885029442119, 46.969833413138353 ], [ 11.759522010846913, 46.970146953244623 ], [ 11.760189963920915, 46.970621353725541 ], [ 11.761743921672764, 46.970805299752556 ] ] ] } },
{ "type": "Feature", "properties": { "HOM_ID": 178.0, "NAME_D": "Muttenockferner", "NAME_IT": "Vedretta della Mutta", "REGION": "Zillertaler Alpen", "ALT_MIN": 2724.0, "ALT_MAX": 2838.0, "ALT_MEDIAN": 2781.0, "area_km2": 0.0320677 }, "geometry": { "type": "Polygon", "coordinates": [ [ [ 11.763443573176808, 46.971243621298235 ], [ 11.765662046056541, 46.970532111800537 ], [ 11.765258541504558, 46.969284628700962 ], [ 11.76476684610854, 46.969260794944461 ], [ 11.764079577518901, 46.969795295930872 ], [ 11.764021988710153, 46.970425780748407 ], [ 11.763643049628371, 46.970038715279792 ], [ 11.763407994765801, 46.970281721786982 ], [ 11.762984567915419, 46.969956553696662 ], [ 11.762208619967057, 46.970504100285879 ], [ 11.762009108219587, 46.970952758666542 ], [ 11.762328782038573, 46.971168629767213 ], [ 11.763443573176808, 46.971243621298235 ] ] ] } },
{ "type": "Feature", "properties": { "HOM_ID": 177.0, "NAME_D": "Muttenockferner", "NAME_IT": "Vedretta della Mutta", "REGION": "Zillertaler Alpen", "ALT_MIN": 3111.0, "ALT_MAX": 3185.0, "ALT_MEDIAN": 3150.0, "area_km2": 0.00665654 }, "geometry": { "type": "Polygon", "coordinates": [ [ [ 11.758065854487915, 46.972352641763351 ], [ 11.757299933019056, 46.971310313987686 ], [ 11.756960518864156, 46.971831091996734 ], [ 11.756655866843252, 46.971792000398594 ], [ 11.757284362305311, 46.972344754340376 ], [ 11.758065854487915, 46.972352641763351 ] ] ] } },
{ "type": "Feature", "properties": { "HOM_ID": 179.0, "NAME_D": "Nevesferner Westlicher", "NAME_IT": "Ghiacciao di Neves Occidentrale", "REGION": "Zillertaler Alpen", "ALT_MIN": 2905.0, "ALT_MAX": 2919.0, "ALT_MEDIAN": 2911.0, "area_km2": 0.000218799 }, "geometry": { "type": "Polygon", "coordinates": [ [ [ 11.767022396663387, 46.972208329992064 ], [ 11.767218192403218, 46.972328604323543 ], [ 11.767215614386586, 46.972278662637478 ], [ 11.767022396663387, 46.972208329992064 ] ] ] } },
{ "type": "Feature", "properties": { "HOM_ID": 179.0, "NAME_D": "Nevesferner Westlicher", "NAME_IT": "Ghiacciao di Neves Occidentrale", "REGION": "Zillertaler Alpen", "ALT_MIN": 3044.0, "ALT_MAX": 3054.0, "ALT_MEDIAN": 3049.0, "area_km2": 0.000364046 }, "geometry": { "type": "Polygon", "coordinates": [ [ [ 11.776875406996961, 46.983618303020116 ], [ 11.777004234068986, 46.983472308200597 ], [ 11.776710615863619, 46.983553725143423 ], [ 11.776875406996961, 46.983618303020116 ] ] ] } },
{ "type": "Feature", "properties": { "HOM_ID": 179.0, "NAME_D": "Nevesferner Westlicher", "NAME_IT": "Ghiacciao di Neves Occidentrale", "REGION": "Zillertaler Alpen", "ALT_MIN": 2984.0, "ALT_MAX": 2994.0, "ALT_MEDIAN": 2990.0, "area_km2": 0.000523746 }, "geometry": { "type": "Polygon", "coordinates": [ [ [ 11.775511337346282, 46.982262680244581 ], [ 11.775960488499654, 46.982282261694181 ], [ 11.775612465020638, 46.982119264089462 ], [ 11.775511337346282, 46.982262680244581 ] ] ] } },
{ "type": "Feature", "properties": { "HOM_ID": 179.0, "NAME_D": "Nevesferner Westlicher", "NAME_IT": "Ghiacciao di Neves Occidentrale", "REGION": "Zillertaler Alpen", "ALT_MIN": 2966.0, "ALT_MAX": 2986.0, "ALT_MEDIAN": 2974.0, "area_km2": 0.00111405 }, "geometry": { "type": "Polygon", "coordinates": [ [ [ 11.777825257362911, 46.982494165968546 ], [ 11.77775155535439, 46.982307369567522 ], [ 11.77814362786205, 46.982299755587597 ], [ 11.778470103150017, 46.982208012846804 ], [ 11.777724915388774, 46.982115621997075 ], [ 11.777433122261046, 46.982393201235837 ], [ 11.777825257362911, 46.982494165968546 ] ] ] } },
{ "type": "Feature", "properties": { "HOM_ID": 179.0, "NAME_D": "Nevesferner Westlicher", "NAME_IT": "Ghiacciao di Neves Occidentrale", "REGION": "Zillertaler Alpen", "ALT_MIN": 3054.0, "ALT_MAX": 3086.0, "ALT_MEDIAN": 3070.0, "area_km2": 0.00171547 }, "geometry": { "type": "Polygon", "coordinates": [ [ [ 11.768999413192928, 46.978949005070675 ], [ 11.768555102305116, 46.978548786082342 ], [ 11.76813581233286, 46.978731789086702 ], [ 11.76820179673379, 46.978914729499721 ], [ 11.768999413192928, 46.978949005070675 ] ] ] } },
{ "type": "Feature", "properties": { "HOM_ID": 179.0, "NAME_D": "Nevesferner Westlicher", "NAME_IT": "Ghiacciao di Neves Occidentrale", "REGION": "Zillertaler Alpen", "ALT_MIN": 2872.0, "ALT_MAX": 2919.0, "ALT_MEDIAN": 2900.0, "area_km2": 0.00177053 }, "geometry": { "type": "Polygon", "coordinates": [ [ [ 11.767312080275747, 46.97362221402021 ], [ 11.768077146678081, 46.973360677803157 ], [ 11.76844522382941, 46.973091752679032 ], [ 11.767231392973839, 46.973352562744516 ], [ 11.767312080275747, 46.97362221402021 ] ] ] } },
{ "type": "Feature", "properties": { "HOM_ID": 179.0, "NAME_D": "Nevesferner Westlicher", "NAME_IT": "Ghiacciao di Neves Occidentrale", "REGION": "Zillertaler Alpen", "ALT_MIN": 2910.0, "ALT_MAX": 2943.0, "ALT_MEDIAN": 2927.0, "area_km2": 0.00191615 }, "geometry": { "type": "Polygon", "coordinates": [ [ [ 11.766990318043812, 46.973163890080265 ], [ 11.767195702602915, 46.972937478036663 ], [ 11.766733246742504, 46.972388907011101 ], [ 11.766458751403501, 46.972651277472515 ], [ 11.766990318043812, 46.973163890080265 ] ] ] } },
{ "type": "Feature", "properties": { "HOM_ID": 179.0, "NAME_D": "Nevesferner Westlicher", "NAME_IT": "Ghiacciao di Neves Occidentrale", "REGION": "Zillertaler Alpen", "ALT_MIN": 2924.0, "ALT_MAX": 2980.0, "ALT_MEDIAN": 2948.0, "area_km2": 0.00539496 }, "geometry": { "type": "Polygon", "coordinates": [ [ [ 11.766413363918231, 46.973935570438485 ], [ 11.76694549785582, 46.974014138017601 ], [ 11.767208247625735, 46.973726334398144 ], [ 11.766555812569942, 46.973500665802803 ], [ 11.766713564047473, 46.973119680516845 ], [ 11.766057064777693, 46.973502723242106 ], [ 11.766196440097644, 46.974198899743378 ], [ 11.766413363918231, 46.973935570438485 ] ] ] } },
{ "type": "Feature", "properties": { "HOM_ID": 179.0, "NAME_D": "Nevesferner Westlicher", "NAME_IT": "Ghiacciao di Neves Occidentrale", "REGION": "Zillertaler Alpen", "ALT_MIN": 2954.0, "ALT_MAX": 3071.0, "ALT_MEDIAN": 3010.0, "area_km2": 0.024036 }, "geometry": { "type": "Polygon", "coordinates": [ [ [ 11.767492914098083, 46.978469244545707 ], [ 11.768577178507021, 46.978445870728073 ], [ 11.768551477878157, 46.977544236375337 ], [ 11.767546528275814, 46.977304867603571 ], [ 11.76760700801346, 46.976946199524107 ], [ 11.767077912456118, 46.976860216078265 ], [ 11.767111512977644, 46.97608192900644 ], [ 11.76643877339867, 46.975503868048932 ], [ 11.766686733163795, 46.975164407912892 ], [ 11.767677848729956, 46.975170916125542 ], [ 11.766169133422027, 46.974323633580255 ], [ 11.766424996355909, 46.975991856146166 ], [ 11.767232322006844, 46.977909792081419 ], [ 11.767492914098083, 46.978469244545707 ] ] ] } },
{ "type": "Feature", "properties": { "HOM_ID": 179.0, "NAME_D": "Nevesferner Westlicher", "NAME_IT": "Ghiacciao di Neves Occidentrale", "REGION": "Zillertaler Alpen", "ALT_MIN": 2957.0, "ALT_MAX": 3319.0, "ALT_MEDIAN": 3128.0, "area_km2": 0.392795 }, "geometry": { "type": "Polygon", "coordinates": [ [ [ 11.777973956417584, 46.988258125211615 ], [ 11.779841116420704, 46.988498512473903 ], [ 11.782509026496237, 46.986836880487566 ], [ 11.782469701151408, 46.986280653666562 ], [ 11.783376690392371, 46.985588068580618 ], [ 11.784233938817648, 46.981434130658641 ], [ 11.783002517170306, 46.981505760157702 ], [ 11.782898456905395, 46.982275648563245 ], [ 11.781910692068621, 46.982349673180153 ], [ 11.781881384467221, 46.983326647822608 ], [ 11.781088133953546, 46.983193539377851 ], [ 11.779297158570678, 46.98325130491876 ], [ 11.779286137984242, 46.982787252585005 ], [ 11.779126064800348, 46.982719707134976 ], [ 11.779186560826551, 46.983215297971967 ], [ 11.778657435479579, 46.983579365063356 ], [ 11.778517117954944, 46.983808979881793 ], [ 11.779313401500204, 46.983396753783225 ], [ 11.780236286691787, 46.983540456069754 ], [ 11.781552511442223, 46.983291782312236 ], [ 11.781831727667774, 46.983668580376417 ], [ 11.781550140728831, 46.984499824948294 ], [ 11.780298309457784, 46.984715979107186 ], [ 11.776540199924087, 46.984207194372985 ], [ 11.776071952713792, 46.984034257033372 ], [ 11.775761230445498, 46.983275073156719 ], [ 11.772190474853216, 46.981912490166245 ], [ 11.772513793904166, 46.980189293119921 ], [ 11.772079209480671, 46.979186415589965 ], [ 11.771518079800007, 46.979369069612474 ], [ 11.770382979732464, 46.978813183116401 ], [ 11.770519279296616, 46.978219363421026 ], [ 11.770336938949825, 46.978057100304234 ], [ 11.770059355890199, 46.978273359431867 ], [ 11.769968718727958, 46.977862369805969 ], [ 11.769434015218023, 46.979008502657962 ], [ 11.768507718276272, 46.979304030661297 ], [ 11.769234134888658, 46.980466113007324 ], [ 11.770912082226184, 46.981897977841037 ], [ 11.772456259597464, 46.98410501943804 ], [ 11.776140736922402, 46.986047734120923 ], [ 11.777973956417584, 46.988258125211615 ] ], [ [ 11.780687546818696, 46.985042258668521 ], [ 11.780346777298142, 46.98491243514507 ], [ 11.780631243272314, 46.984895997193462 ], [ 11.780687546818696, 46.985042258668521 ] ], [ [ 11.779581161860628, 46.984842934484476 ], [ 11.780004324273333, 46.985018382036316 ], [ 11.779451141962264, 46.985086586974596 ], [ 11.779581161860628, 46.984842934484476 ] ] ] } },
{ "type": "Feature", "properties": { "HOM_ID": 179.0, "NAME_D": "Nevesferner Westlicher", "NAME_IT": "Ghiacciao di Neves Occidentrale", "REGION": "Zillertaler Alpen", "ALT_MIN": 2924.0, "ALT_MAX": 2939.0, "ALT_MEDIAN": 2932.0, "area_km2": 0.000172001 }, "geometry": { "type": "Polygon", "coordinates": [ [ [ 11.766587652518862, 46.971869682355297 ], [ 11.766824258311592, 46.97172252173057 ], [ 11.766677601583137, 46.971711781408409 ], [ 11.766587652518862, 46.971869682355297 ] ] ] } },
{ "type": "Feature", "properties": { "HOM_ID": 179.0, "NAME_D": "Nevesferner Westlicher", "NAME_IT": "Ghiacciao di Neves Occidentrale", "REGION": "Zillertaler Alpen", "ALT_MIN": 2883.0, "ALT_MAX": 2930.0, "ALT_MEDIAN": 2908.0, "area_km2": 0.00267643 }, "geometry": { "type": "Polygon", "coordinates": [ [ [ 11.766725109386867, 46.972133520999343 ], [ 11.767687579971421, 46.971505436399724 ], [ 11.76718632713818, 46.971229444497446 ], [ 11.766843564346745, 46.971328216900055 ], [ 11.76705233574082, 46.971868446388193 ], [ 11.766725109386867, 46.972133520999343 ] ] ] } },
{ "type": "Feature", "properties": { "HOM_ID": 179.0, "NAME_D": "Nevesferner Westlicher", "NAME_IT": "Ghiacciao di Neves Occidentrale", "REGION": "Zillertaler Alpen", "ALT_MIN": 2791.0, "ALT_MAX": 2812.0, "ALT_MEDIAN": 2799.0, "area_km2": 0.000177612 }, "geometry": { "type": "Polygon", "coordinates": [ [ [ 11.76946303548177, 46.971565386624988 ], [ 11.769930795991506, 46.971408338505292 ], [ 11.769409606482622, 46.971662401512951 ], [ 11.76946303548177, 46.971565386624988 ] ] ] } },
{ "type": "Feature", "properties": { "HOM_ID": 179.0, "NAME_D": "Nevesferner Westlicher", "NAME_IT": "Ghiacciao di Neves Occidentrale", "REGION": "Zillertaler Alpen", "ALT_MIN": 2873.0, "ALT_MAX": 2886.0, "ALT_MEDIAN": 2879.0, "area_km2": 0.000791019 }, "geometry": { "type": "Polygon", "coordinates": [ [ [ 11.76795377513564, 46.970691794550213 ], [ 11.767635716072808, 46.970325651210345 ], [ 11.767716385831921, 46.97074277881125 ], [ 11.76795377513564, 46.970691794550213 ] ] ] } },
{ "type": "Feature", "properties": { "HOM_ID": 181.0, "NAME_D": "Nevesferner Oestlicher", "NAME_IT": "Ghiacciao di Neves Orientale", "REGION": "Zillertaler Alpen", "ALT_MIN": 2963.0, "ALT_MAX": 2970.0, "ALT_MEDIAN": 2966.0, "area_km2": 0.000394049 }, "geometry": { "type": "Polygon", "coordinates": [ [ [ 11.80429835443339, 46.984137683705477 ], [ 11.804234418400119, 46.98399638326336 ], [ 11.803919982085784, 46.984138027535373 ], [ 11.80429835443339, 46.984137683705477 ] ] ] } },
{ "type": "Feature", "properties": { "HOM_ID": 181.0, "NAME_D": "Nevesferner Oestlicher", "NAME_IT": "Ghiacciao di Neves Orientale", "REGION": "Zillertaler Alpen", "ALT_MIN": 2924.0, "ALT_MAX": 2968.0, "ALT_MEDIAN": 2945.0, "area_km2": 0.00118631 }, "geometry": { "type": "Polygon", "coordinates": [ [ [ 11.80184213277971, 46.98432584434569 ], [ 11.803654736561672, 46.9843885936642 ], [ 11.802807215068837, 46.98423374958292 ], [ 11.80184213277971, 46.98432584434569 ] ] ] } },
{ "type": "Feature", "properties": { "HOM_ID": 181.0, "NAME_D": "Nevesferner Oestlicher", "NAME_IT": "Ghiacciao di Neves Orientale", "REGION": "Zillertaler Alpen", "ALT_MIN": 2963.0, "ALT_MAX": 3010.0, "ALT_MEDIAN": 2988.0, "area_km2": 0.00259821 }, "geometry": { "type": "Polygon", "coordinates": [ [ [ 11.806560311932421, 46.983584565570816 ], [ 11.807347159488383, 46.983660507476074 ], [ 11.805668538005513, 46.983165927995657 ], [ 11.806070548898576, 46.983534073752814 ], [ 11.805473496663467, 46.983843379356173 ], [ 11.806560311932421, 46.983584565570816 ] ] ] } },
{ "type": "Feature", "properties": { "HOM_ID": 181.0, "NAME_D": "Nevesferner Oestlicher", "NAME_IT": "Ghiacciao di Neves Orientale", "REGION": "Zillertaler Alpen", "ALT_MIN": 2729.0, "ALT_MAX": 3280.0, "ALT_MEDIAN": 3053.0, "area_km2": 1.08017 }, "geometry": { "type": "Polygon", "coordinates": [ [ [ 11.805011448866322, 46.990915488376693 ], [ 11.807925981711886, 46.990585885618678 ], [ 11.808160618722614, 46.989684822409558 ], [ 11.80759352930469, 46.988823912765504 ], [ 11.807724631766542, 46.987474405723596 ], [ 11.808812009158208, 46.987507245138076 ], [ 11.809154227681764, 46.987132149771718 ], [ 11.809890645704181, 46.987061542928579 ], [ 11.809988516590245, 46.986356706530408 ], [ 11.81233317562392, 46.984086440747006 ], [ 11.812490866684442, 46.983511092584656 ], [ 11.812043174590672, 46.982936338736124 ], [ 11.811099992487071, 46.982698577246332 ], [ 11.811323630018153, 46.982484733350603 ], [ 11.810126969255244, 46.981892060464425 ], [ 11.809094472974436, 46.982024564998333 ], [ 11.809346886504512, 46.982110637006151 ], [ 11.809051095801149, 46.982275648645917 ], [ 11.808230920765771, 46.982227324522732 ], [ 11.80866467292509, 46.982288112261308 ], [ 11.808449849807666, 46.982421370562584 ], [ 11.809877776233861, 46.982282137492909 ], [ 11.809937755937023, 46.982679503871587 ], [ 11.807733047091681, 46.982821291864873 ], [ 11.807070020227966, 46.982482615474957 ], [ 11.807109555641816, 46.98283881432225 ], [ 11.808629033605575, 46.98315155158361 ], [ 11.808603329071998, 46.983358150295167 ], [ 11.807331085259921, 46.98331496270707 ], [ 11.808244684502995, 46.984149749622723 ], [ 11.805205083003848, 46.984542789981447 ], [ 11.807891002726141, 46.984405472357523 ], [ 11.80836129306244, 46.984615375018329 ], [ 11.807853613930556, 46.984887159960564 ], [ 11.807850240294695, 46.985071779850642 ], [ 11.809702430276552, 46.98471102939591 ], [ 11.810500399312735, 46.984998596524107 ], [ 11.810064223772923, 46.98506348073213 ], [ 11.810425915870676, 46.98532545035966 ], [ 11.809898881423509, 46.98580866781893 ], [ 11.809522619028829, 46.985600630301469 ], [ 11.808822908119225, 46.986191859870139 ], [ 11.808256800873624, 46.986178968838125 ], [ 11.808798013253501, 46.986546664449001 ], [ 11.807236596789892, 46.986793472352396 ], [ 11.80626332670691, 46.986617164008592 ], [ 11.805338233784999, 46.985935144741447 ], [ 11.805580528199833, 46.985744666694053 ], [ 11.80505039326318, 46.985588009362914 ], [ 11.805229553379899, 46.985437772401745 ], [ 11.80401507126725, 46.985003222648778 ], [ 11.805444156536845, 46.984801511586888 ], [ 11.804125820332516, 46.984875498750057 ], [ 11.803552082863753, 46.98455024765186 ], [ 11.803606464987176, 46.985173961800413 ], [ 11.802009376492952, 46.985656569795097 ], [ 11.800975993871578, 46.985607462344511 ], [ 11.801295055509982, 46.985431980099783 ], [ 11.800759578122111, 46.98464026715844 ], [ 11.801174190885817, 46.984251518061221 ], [ 11.801200823396851, 46.982830760773794 ], [ 11.801558602818631, 46.982686276271124 ], [ 11.800781113177981, 46.980791835238165 ], [ 11.800530818817872, 46.980995595177284 ], [ 11.799445877955842, 46.980407338784921 ], [ 11.798303914928942, 46.980259070435743 ], [ 11.797769441794221, 46.981150777421973 ], [ 11.796899865295883, 46.980955355134412 ], [ 11.796094672152636, 46.981693660007195 ], [ 11.795051971918369, 46.981447687727545 ], [ 11.794469084519509, 46.982946797360633 ], [ 11.793479690093799, 46.983456708725562 ], [ 11.793836312651045, 46.984690949303875 ], [ 11.793078516885744, 46.985766757354007 ], [ 11.790052729564234, 46.987397838126206 ], [ 11.789688537742478, 46.988257507118746 ], [ 11.790612032228125, 46.989352688008267 ], [ 11.79194681624247, 46.98939155906379 ], [ 11.79323935760628, 46.990221980136504 ], [ 11.794597168704673, 46.990535040288513 ], [ 11.79572159898801, 46.990009916132486 ], [ 11.79758676951278, 46.990875822050782 ], [ 11.801075318517166, 46.990242812687143 ], [ 11.802509488307948, 46.990817261556991 ], [ 11.803682541774984, 46.990590890212111 ], [ 11.805011448866322, 46.990915488376693 ] ], [ [ 11.807688145685736, 46.986910973306792 ], [ 11.808100113428841, 46.987069923780844 ], [ 11.807620415860654, 46.987079314611584 ], [ 11.807688145685736, 46.986910973306792 ] ], [ [ 11.804439116443614, 46.985376786350173 ], [ 11.804281326204819, 46.985270526629968 ], [ 11.804440958889776, 46.985245779207332 ], [ 11.804439116443614, 46.985376786350173 ] ] ] } },
{ "type": "Feature", "properties": { "HOM_ID": 180.0, "NAME_D": "Nevesferner Oestlicher", "NAME_IT": "Ghiacciao di Neves Orientale", "REGION": "Zillertaler Alpen", "ALT_MIN": 3092.0, "ALT_MAX": 3127.0, "ALT_MEDIAN": 3100.0, "area_km2": 0.00468775 }, "geometry": { "type": "Polygon", "coordinates": [ [ [ 11.786777783296353, 46.987431513100205 ], [ 11.78716168859029, 46.987346441914838 ], [ 11.787056799248742, 46.986694662994779 ], [ 11.786039269393369, 46.987040896763872 ], [ 11.786351780886601, 46.987229015392629 ], [ 11.78627573609765, 46.987292299713118 ], [ 11.785666516678161, 46.98721998505016 ], [ 11.786777783296353, 46.987431513100205 ] ] ] } },
{ "type": "Feature", "properties": { "HOM_ID": 180.0, "NAME_D": "Nevesferner Oestlicher", "NAME_IT": "Ghiacciao di Neves Orientale", "REGION": "Zillertaler Alpen", "ALT_MIN": 3068.0, "ALT_MAX": 3258.0, "ALT_MEDIAN": 3183.0, "area_km2": 0.0319579 }, "geometry": { "type": "Polygon", "coordinates": [ [ [ 11.783300441278897, 46.988400504150597 ], [ 11.78476853507784, 46.987211047800557 ], [ 11.784302928985646, 46.986875687221861 ], [ 11.784950551522309, 46.986214163985061 ], [ 11.784194976266702, 46.985923196766599 ], [ 11.784666255524515, 46.985243108094487 ], [ 11.784262521811415, 46.984919575146037 ], [ 11.784969016093582, 46.984266525608142 ], [ 11.784447143101113, 46.983919200528391 ], [ 11.784901050324532, 46.983226579498869 ], [ 11.784127693931945, 46.983771152956606 ], [ 11.783943380702297, 46.985902650455344 ], [ 11.782925444966613, 46.987313037927912 ], [ 11.783300441278897, 46.988400504150597 ] ], [ [ 11.784132733259501, 46.986921736746247 ], [ 11.784030631672829, 46.987046134823927 ], [ 11.78385808704463, 46.986939848757522 ], [ 11.784132733259501, 46.986921736746247 ] ] ] } },
{ "type": "Feature", "properties": { "HOM_ID": 180.0, "NAME_D": "Nevesferner Oestlicher", "NAME_IT": "Ghiacciao di Neves Orientale", "REGION": "Zillertaler Alpen", "ALT_MIN": 3109.0, "ALT_MAX": 3382.0, "ALT_MEDIAN": 3214.0, "area_km2": 0.0998919 }, "geometry": { "type": "Polygon", "coordinates": [ [ [ 11.783838070206565, 46.990549819499279 ], [ 11.785460397026908, 46.990335943102409 ], [ 11.786674222773243, 46.989784148862434 ], [ 11.788264628750511, 46.990268060737186 ], [ 11.789079306356024, 46.989981518897061 ], [ 11.789318363199319, 46.989600426154553 ], [ 11.789095909578126, 46.989070571503142 ], [ 11.788648002180659, 46.988969100344356 ], [ 11.788807474418961, 46.988075243622212 ], [ 11.785815329002116, 46.989232508026937 ], [ 11.784097250024184, 46.988682378914213 ], [ 11.783458479197332, 46.988912220875612 ], [ 11.783583392741654, 46.988704405403737 ], [ 11.782796250049502, 46.988623545302964 ], [ 11.783375350094952, 46.988785662634974 ], [ 11.782369155573663, 46.989110156246888 ], [ 11.78210344249351, 46.988818024500816 ], [ 11.782412004824113, 46.988327153227083 ], [ 11.782119848455617, 46.988262823858314 ], [ 11.781789507718839, 46.988724274362042 ], [ 11.781257786950182, 46.988481414682077 ], [ 11.781779690372781, 46.988078223208383 ], [ 11.7824407232039, 46.988143107847563 ], [ 11.782580438875817, 46.98781825844938 ], [ 11.781564521848685, 46.98788820179545 ], [ 11.780589027818444, 46.988724881113725 ], [ 11.781309330376136, 46.988525279003696 ], [ 11.782418943471843, 46.989345314908846 ], [ 11.782455724532941, 46.989571103675495 ], [ 11.781924211761664, 46.989514657835016 ], [ 11.782789226793897, 46.991152517480764 ], [ 11.783461888743952, 46.991132346224788 ], [ 11.783838070206565, 46.990549819499279 ] ] ] } },
{ "type": "Feature", "properties": { "HOM_ID": 183.0, "NAME_D": "Trattenbachkees", "NAME_IT": "Vedretta di Dentro", "REGION": "Zillertaler Alpen", "ALT_MIN": 2884.0, "ALT_MAX": 2889.0, "ALT_MEDIAN": 2887.0, "area_km2": 3.46331e-05 }, "geometry": { "type": "Polygon", "coordinates": [ [ [ 11.82384968427473, 46.990694313 ], [ 11.823808138850719, 46.990649725140685 ], [ 11.823777647641377, 46.990731435620425 ], [ 11.82384968427473, 46.990694313 ] ] ] } },
{ "type": "Feature", "properties": { "HOM_ID": 183.0, "NAME_D": "Trattenbachkees", "NAME_IT": "Vedretta di Dentro", "REGION": "Zillertaler Alpen", "ALT_MIN": 2896.0, "ALT_MAX": 2905.0, "ALT_MEDIAN": 2900.0, "area_km2": 0.000205753 }, "geometry": { "type": "Polygon", "coordinates": [ [ [ 11.82387375694991, 46.990991226183311 ], [ 11.823999139940037, 46.990910744640352 ], [ 11.823729656685273, 46.990881679205607 ], [ 11.82387375694991, 46.990991226183311 ] ] ] } },
{ "type": "Feature", "properties": { "HOM_ID": 183.0, "NAME_D": "Trattenbachkees", "NAME_IT": "Vedretta di Dentro", "REGION": "Zillertaler Alpen", "ALT_MIN": 2874.0, "ALT_MAX": 2893.0, "ALT_MEDIAN": 2883.0, "area_km2": 0.000992002 }, "geometry": { "type": "Polygon", "coordinates": [ [ [ 11.823385294223609, 46.990496342675129 ], [ 11.823482721022613, 46.99038393005479 ], [ 11.823107711917126, 46.989844713640515 ], [ 11.823385294223609, 46.990496342675129 ] ] ] } },
{ "type": "Feature", "properties": { "HOM_ID": 182.0, "NAME_D": "Trattenbachkees", "NAME_IT": "Vedretta di Dentro", "REGION": "Zillertaler Alpen", "ALT_MIN": 2890.0, "ALT_MAX": 2921.0, "ALT_MEDIAN": 2908.0, "area_km2": 0.00125821 }, "geometry": { "type": "Polygon", "coordinates": [ [ [ 11.822545263731985, 46.989553150578004 ], [ 11.823031009172544, 46.989341152105851 ], [ 11.823228491606278, 46.989166266562414 ], [ 11.822380136778389, 46.989351494749826 ], [ 11.822545263731985, 46.989553150578004 ] ] ] } },
{ "type": "Feature", "properties": { "HOM_ID": 182.0, "NAME_D": "Trattenbachkees", "NAME_IT": "Vedretta di Dentro", "REGION": "Zillertaler Alpen", "ALT_MIN": 2836.0, "ALT_MAX": 3293.0, "ALT_MEDIAN": 3056.0, "area_km2": 0.326296 }, "geometry": { "type": "Polygon", "coordinates": [ [ [ 11.821534767289627, 46.9904051199645 ], [ 11.822274683736255, 46.989348460474332 ], [ 11.82171296922734, 46.988924187066431 ], [ 11.821922022470291, 46.988476735841544 ], [ 11.821481608341978, 46.988108997796161 ], [ 11.821192726574502, 46.988504245744629 ], [ 11.819909765219496, 46.988127746955882 ], [ 11.818734045925289, 46.988201959328634 ], [ 11.817211488867814, 46.987503689549285 ], [ 11.818121266130241, 46.987302223983008 ], [ 11.818632141785164, 46.986761028018201 ], [ 11.819185482015586, 46.987159331553478 ], [ 11.819061660821999, 46.988079593784263 ], [ 11.820090989105625, 46.987604193763119 ], [ 11.820992184508274, 46.987603408380664 ], [ 11.820120328387784, 46.987434410835206 ], [ 11.820239228165583, 46.986652373635188 ], [ 11.818420353858645, 46.98663766442602 ], [ 11.818465795008334, 46.986377002192675 ], [ 11.81760148492666, 46.987012621278936 ], [ 11.816538867235071, 46.987119743179889 ], [ 11.815499612002419, 46.986113815224101 ], [ 11.816640107059813, 46.985469627800157 ], [ 11.817364756499597, 46.9854785734465 ], [ 11.81684678637818, 46.985418540352512 ], [ 11.817243048970697, 46.985273221254566 ], [ 11.815279646832293, 46.985735270996045 ], [ 11.815011374801919, 46.985182306122546 ], [ 11.814555248799879, 46.985110187312785 ], [ 11.814850035524374, 46.98480465940866 ], [ 11.814457394062455, 46.984550013085013 ], [ 11.814845854611043, 46.984195192522627 ], [ 11.818001881147792, 46.983216286489231 ], [ 11.81646676350884, 46.983368379739289 ], [ 11.816333243924664, 46.983078787395179 ], [ 11.816088496859225, 46.983409795555758 ], [ 11.814633222515116, 46.983724197982923 ], [ 11.814847659005199, 46.984030849981423 ], [ 11.814150735891241, 46.98420991045144 ], [ 11.813647525426081, 46.983572238428586 ], [ 11.811591762970886, 46.985406716856289 ], [ 11.811356413743917, 46.986160174424192 ], [ 11.810055224436988, 46.98758660739783 ], [ 11.81098514281136, 46.989800121483505 ], [ 11.811922458596474, 46.990089017759104 ], [ 11.813654340244712, 46.989405917772032 ], [ 11.816220924550358, 46.989542788764496 ], [ 11.815819617998867, 46.989124062384668 ], [ 11.8164858202126, 46.988624295967277 ], [ 11.818148054524844, 46.989794408248706 ], [ 11.821534767289627, 46.9904051199645 ] ], [ [ 11.812715529373424, 46.986626435622696 ], [ 11.812546524510015, 46.986059199364675 ], [ 11.813438412610481, 46.985682854952572 ], [ 11.813731990257098, 46.98623758239804 ], [ 11.812715529373424, 46.986626435622696 ] ] ] } },
{ "type": "Feature", "properties": { "HOM_ID": 183.0, "NAME_D": "Trattenbachkees", "NAME_IT": "Vedretta di Dentro", "REGION": "Zillertaler Alpen", "ALT_MIN": 2899.0, "ALT_MAX": 2912.0, "ALT_MEDIAN": 2905.0, "area_km2": 0.000346946 }, "geometry": { "type": "Polygon", "coordinates": [ [ [ 11.83337863003972, 46.990643006979028 ], [ 11.833018408923802, 46.990581801607142 ], [ 11.833406399668863, 46.990773281406788 ], [ 11.83337863003972, 46.990643006979028 ] ] ] } },
{ "type": "Feature", "properties": { "HOM_ID": 183.0, "NAME_D": "Trattenbachkees", "NAME_IT": "Vedretta di Dentro", "REGION": "Zillertaler Alpen", "ALT_MIN": 2916.0, "ALT_MAX": 3047.0, "ALT_MEDIAN": 2973.0, "area_km2": 0.0468183 }, "geometry": { "type": "Polygon", "coordinates": [ [ [ 11.83555827735233, 46.992593385884383 ], [ 11.836229433167762, 46.99053354874151 ], [ 11.835877607380525, 46.990776573339133 ], [ 11.835181972195068, 46.990360014762842 ], [ 11.834551804390026, 46.990388534597969 ], [ 11.835166161349779, 46.990799919528925 ], [ 11.835012433931162, 46.991051366197297 ], [ 11.832703335197619, 46.991133512801504 ], [ 11.833051286316202, 46.991724942468039 ], [ 11.832485936926462, 46.991958003541427 ], [ 11.833381213861831, 46.992554454517716 ], [ 11.83494119566984, 46.993032518292821 ], [ 11.83555827735233, 46.992593385884383 ] ] ] } },
{ "type": "Feature", "properties": { "HOM_ID": 183.0, "NAME_D": "Trattenbachkees", "NAME_IT": "Vedretta di Dentro", "REGION": "Zillertaler Alpen", "ALT_MIN": 2930.0, "ALT_MAX": 2965.0, "ALT_MEDIAN": 2941.0, "area_km2": 0.003818 }, "geometry": { "type": "Polygon", "coordinates": [ [ [ 11.825438631585143, 46.991903021896007 ], [ 11.825853142498792, 46.991437467458816 ], [ 11.825137258561981, 46.991170408176721 ], [ 11.824512061469965, 46.991654926026079 ], [ 11.825083686444623, 46.991375317383699 ], [ 11.825438631585143, 46.991903021896007 ] ] ] } },
{ "type": "Feature", "properties": { "HOM_ID": 183.0, "NAME_D": "Trattenbachkees", "NAME_IT": "Vedretta di Dentro", "REGION": "Zillertaler Alpen", "ALT_MIN": 2925.0, "ALT_MAX": 2950.0, "ALT_MEDIAN": 2936.0, "area_km2": 0.000749513 }, "geometry": { "type": "Polygon", "coordinates": [ [ [ 11.827918469417078, 46.992609223535624 ], [ 11.827799145656874, 46.992247042895997 ], [ 11.827659280959635, 46.992140289523299 ], [ 11.827603573407808, 46.992497608405571 ], [ 11.827918469417078, 46.992609223535624 ] ] ] } },
{ "type": "Feature", "properties": { "HOM_ID": 183.0, "NAME_D": "Trattenbachkees", "NAME_IT": "Vedretta di Dentro", "REGION": "Zillertaler Alpen", "ALT_MIN": 2892.0, "ALT_MAX": 2914.0, "ALT_MEDIAN": 2899.0, "area_km2": 0.000603794 }, "geometry": { "type": "Polygon", "coordinates": [ [ [ 11.827097631895855, 46.992113851573308 ], [ 11.827010945881353, 46.991745380250876 ], [ 11.826762364525464, 46.991690478132945 ], [ 11.827097631895855, 46.992113851573308 ] ] ] } },
{ "type": "Feature", "properties": { "HOM_ID": 184.0, "NAME_D": "Mitterbachkees", "NAME_IT": "Vedretta del Rio di Mezzo", "REGION": "Zillertaler Alpen", "ALT_MIN": 2767.0, "ALT_MAX": 2797.0, "ALT_MEDIAN": 2784.0, "area_km2": 0.0010248 }, "geometry": { "type": "Polygon", "coordinates": [ [ [ 11.8401807570815, 46.994626097801678 ], [ 11.840348933929755, 46.994332377426637 ], [ 11.83986331498048, 46.994269426901987 ], [ 11.839946203615424, 46.994508101646637 ], [ 11.8401807570815, 46.994626097801678 ] ] ] } },
{ "type": "Feature", "properties": { "HOM_ID": 184.0, "NAME_D": "Mitterbachkees", "NAME_IT": "Vedretta del Rio di Mezzo", "REGION": "Zillertaler Alpen", "ALT_MIN": 2758.0, "ALT_MAX": 2800.0, "ALT_MEDIAN": 2773.0, "area_km2": 0.0011591 }, "geometry": { "type": "Polygon", "coordinates": [ [ [ 11.839624933853777, 46.994203909574111 ], [ 11.840115258185309, 46.994073396539676 ], [ 11.840117125130364, 46.99368855894285 ], [ 11.839973666284756, 46.993608304524045 ], [ 11.839624933853777, 46.994203909574111 ] ] ] } },
{ "type": "Feature", "properties": { "HOM_ID": 184.0, "NAME_D": "Mitterbachkees", "NAME_IT": "Vedretta del Rio di Mezzo", "REGION": "Zillertaler Alpen", "ALT_MIN": 2751.0, "ALT_MAX": 2793.0, "ALT_MEDIAN": 2770.0, "area_km2": 0.00206935 }, "geometry": { "type": "Polygon", "coordinates": [ [ [ 11.839969378825389, 46.993263829588827 ], [ 11.840308595746228, 46.992638696335874 ], [ 11.840168586923927, 46.992492160433173 ], [ 11.839605694706623, 46.992968070729596 ], [ 11.839969378825389, 46.993263829588827 ] ] ] } },
{ "type": "Feature", "properties": { "HOM_ID": 184.0, "NAME_D": "Mitterbachkees", "NAME_IT": "Vedretta del Rio di Mezzo", "REGION": "Zillertaler Alpen", "ALT_MIN": 2556.0, "ALT_MAX": 2755.0, "ALT_MEDIAN": 2654.0, "area_km2": 0.138064 }, "geometry": { "type": "Polygon", "coordinates": [ [ [ 11.846383045367775, 46.996822154387743 ], [ 11.847733555573507, 46.996105164290874 ], [ 11.847439509804493, 46.995614826176023 ], [ 11.848195559884113, 46.994724314842919 ], [ 11.847739703967751, 46.994414209038588 ], [ 11.847818441375527, 46.993686003714608 ], [ 11.846873114918647, 46.995051892719097 ], [ 11.846466395885031, 46.994356601232077 ], [ 11.846181245054577, 46.994393459079049 ], [ 11.846320178940942, 46.993405999859029 ], [ 11.84742204292052, 46.992039196536034 ], [ 11.846819380518873, 46.992158367393586 ], [ 11.845600664177882, 46.993274699914721 ], [ 11.844835696882939, 46.993555825114328 ], [ 11.845458461304537, 46.992668249658024 ], [ 11.844150318472316, 46.993510359805292 ], [ 11.842089732510379, 46.992521889150581 ], [ 11.842425883256253, 46.992305142706627 ], [ 11.842910091329802, 46.992445504380711 ], [ 11.842513799852755, 46.992060082665112 ], [ 11.842987140388562, 46.991274453690423 ], [ 11.842619500515712, 46.99142883802898 ], [ 11.842411517103216, 46.991050642809668 ], [ 11.841546993407832, 46.991907893929358 ], [ 11.841415241547741, 46.992573120530587 ], [ 11.840330704927995, 46.993306086653185 ], [ 11.840421438360714, 46.994229618044123 ], [ 11.841580342989994, 46.994505626542605 ], [ 11.841745632604409, 46.993632884550379 ], [ 11.842647451111006, 46.993812402474013 ], [ 11.843172099774778, 46.993626020131231 ], [ 11.842675479807223, 46.994183162800319 ], [ 11.844413307289106, 46.994858130729938 ], [ 11.845075695310767, 46.996317480028665 ], [ 11.844782213691582, 46.99656194472626 ], [ 11.846383045367775, 46.996822154387743 ] ], [ [ 11.842637069101636, 46.993606264175021 ], [ 11.842446984311737, 46.993696707190551 ], [ 11.842309741622678, 46.993602490579029 ], [ 11.842637069101636, 46.993606264175021 ] ] ] } },
{ "type": "Feature", "properties": { "HOM_ID": 185.0, "NAME_D": "Schwarzenbachkees", "NAME_IT": "Vedretta di Rio Nero", "REGION": "Zillertaler Alpen", "ALT_MIN": 2655.0, "ALT_MAX": 2677.0, "ALT_MEDIAN": 2665.0, "area_km2": 0.000837143 }, "geometry": { "type": "Polygon", "coordinates": [ [ [ 11.866203280075062, 47.002819075826821 ], [ 11.866442624668363, 47.002660687124077 ], [ 11.865880259258283, 47.002714777365853 ], [ 11.866203280075062, 47.002819075826821 ] ] ] } },
{ "type": "Feature", "properties": { "HOM_ID": 185.0, "NAME_D": "Schwarzenbachkees", "NAME_IT": "Vedretta di Rio Nero", "REGION": "Zillertaler Alpen", "ALT_MIN": 2953.0, "ALT_MAX": 3036.0, "ALT_MEDIAN": 2999.0, "area_km2": 0.0131206 }, "geometry": { "type": "Polygon", "coordinates": [ [ [ 11.871210738524354, 47.00758113420256 ], [ 11.871653506126892, 47.007593833515237 ], [ 11.871737033861809, 47.007528637782301 ], [ 11.871692223113001, 47.007411422179921 ], [ 11.872492793879356, 47.007406087528814 ], [ 11.873118758118846, 47.006908191026639 ], [ 11.873344907404991, 47.006380727007191 ], [ 11.872815652761973, 47.005975604050143 ], [ 11.872788800214099, 47.005436237631685 ], [ 11.872786798033125, 47.006060620897038 ], [ 11.87227111097838, 47.006141875816354 ], [ 11.872054499703045, 47.006672114922672 ], [ 11.871397022427681, 47.006710205625986 ], [ 11.872084400840894, 47.00729871296857 ], [ 11.871686076680986, 47.007273040306465 ], [ 11.871598624042383, 47.007589543917362 ], [ 11.870891257150243, 47.007481668476728 ], [ 11.871114965066305, 47.007878845505822 ], [ 11.871309230270215, 47.007918259127912 ], [ 11.871210738524354, 47.00758113420256 ] ] ] } },
{ "type": "Feature", "properties": { "HOM_ID": 185.0, "NAME_D": "Schwarzenbachkees", "NAME_IT": "Vedretta di Rio Nero", "REGION": "Zillertaler Alpen", "ALT_MIN": 2654.0, "ALT_MAX": 3133.0, "ALT_MEDIAN": 2847.0, "area_km2": 0.314067 }, "geometry": { "type": "Polygon", "coordinates": [ [ [ 11.86710042766922, 47.010770986337711 ], [ 11.868691311618171, 47.010640628169519 ], [ 11.869223013376031, 47.010298700928686 ], [ 11.869074912050582, 47.009419015385618 ], [ 11.869574501415029, 47.008494513172643 ], [ 11.870704510821446, 47.008599510789935 ], [ 11.871085421085798, 47.008237545999002 ], [ 11.870770219448852, 47.008266885453757 ], [ 11.869759191079485, 47.006947682372775 ], [ 11.868760329149049, 47.006820933830298 ], [ 11.868135849763751, 47.007184829959954 ], [ 11.868327400435644, 47.009290126810264 ], [ 11.867261628640161, 47.009266755979361 ], [ 11.867452165491265, 47.008859569802219 ], [ 11.867062094700909, 47.008986020004357 ], [ 11.867248194896787, 47.009340907663294 ], [ 11.867186090575755, 47.009416278972623 ], [ 11.866770802414059, 47.008421847626579 ], [ 11.866430550013348, 47.008568477154157 ], [ 11.866634877657393, 47.009003868049227 ], [ 11.866267013665381, 47.00902498933273 ], [ 11.866202507800216, 47.008600382986131 ], [ 11.866017909020163, 47.008903758143028 ], [ 11.86494490815125, 47.007937779466083 ], [ 11.865202641146334, 47.007777742486212 ], [ 11.866504093956609, 47.008257087748497 ], [ 11.865486624669915, 47.007327740476775 ], [ 11.865698797886955, 47.007129554979201 ], [ 11.864822396851972, 47.006799729850655 ], [ 11.864489127149865, 47.006100877992687 ], [ 11.864784578994762, 47.004921963986291 ], [ 11.864390631443127, 47.005105649308909 ], [ 11.862544494409828, 47.004435726145395 ], [ 11.863406630345374, 47.004220302855309 ], [ 11.864780129372873, 47.00321778039136 ], [ 11.865189687186142, 47.003326105753366 ], [ 11.863381144125697, 47.001764592197645 ], [ 11.863614388892806, 47.001190477243213 ], [ 11.861866729827732, 47.000922276525465 ], [ 11.862413709270022, 47.001322910925538 ], [ 11.861833101243738, 47.001335053451363 ], [ 11.862206755480351, 47.001618586013102 ], [ 11.860954351349539, 47.002509497489051 ], [ 11.860833111335351, 47.003367355107081 ], [ 11.860083092426919, 47.00418330765396 ], [ 11.860472095515536, 47.004623617370079 ], [ 11.859928299091079, 47.005130104590705 ], [ 11.859277139776824, 47.00473444317155 ], [ 11.859622216240496, 47.004678197380095 ], [ 11.8595487247579, 47.003999506625085 ], [ 11.859083416520559, 47.004215911852484 ], [ 11.859171844094503, 47.004763743638456 ], [ 11.859893355332384, 47.005433858122501 ], [ 11.85986168850591, 47.006211692453377 ], [ 11.861943673335013, 47.008214093387608 ], [ 11.864573143962518, 47.008888824368761 ], [ 11.86632356469295, 47.009850380136648 ], [ 11.86710042766922, 47.010770986337711 ] ] ] } },
{ "type": "Feature", "properties": { "HOM_ID": 185.0, "NAME_D": "Schwarzenbachkees", "NAME_IT": "Vedretta di Rio Nero", "REGION": "Zillertaler Alpen", "ALT_MIN": 2915.0, "ALT_MAX": 2922.0, "ALT_MEDIAN": 2919.0, "area_km2": 4.88105e-05 }, "geometry": { "type": "Polygon", "coordinates": [ [ [ 11.855568940894001, 46.99854230077775 ], [ 11.855693191849726, 46.998588012288238 ], [ 11.855586092150761, 46.998504964723402 ], [ 11.855568940894001, 46.99854230077775 ] ] ] } },
{ "type": "Feature", "properties": { "HOM_ID": 185.0, "NAME_D": "Schwarzenbachkees", "NAME_IT": "Vedretta di Rio Nero", "REGION": "Zillertaler Alpen", "ALT_MIN": 2840.0, "ALT_MAX": 2847.0, "ALT_MEDIAN": 2844.0, "area_km2": 7.67138e-05 }, "geometry": { "type": "Polygon", "coordinates": [ [ [ 11.857422895858575, 47.001287463538198 ], [ 11.85752674777221, 47.001237724068034 ], [ 11.857587456772372, 47.001240493448293 ], [ 11.857621160810876, 47.001206792581641 ], [ 11.857511006133775, 47.001216686616964 ], [ 11.857422895858575, 47.001287463538198 ] ] ] } },
{ "type": "Feature", "properties": { "HOM_ID": 185.0, "NAME_D": "Schwarzenbachkees", "NAME_IT": "Vedretta di Rio Nero", "REGION": "Zillertaler Alpen", "ALT_MIN": 2856.0, "ALT_MAX": 2863.0, "ALT_MEDIAN": 2860.0, "area_km2": 0.00011846 }, "geometry": { "type": "Polygon", "coordinates": [ [ [ 11.856957205496096, 47.00128766317745 ], [ 11.857085003698526, 47.001334476147115 ], [ 11.857110227367604, 47.001180977507886 ], [ 11.856957205496096, 47.00128766317745 ] ] ] } },
{ "type": "Feature", "properties": { "HOM_ID": 185.0, "NAME_D": "Schwarzenbachkees", "NAME_IT": "Vedretta di Rio Nero", "REGION": "Zillertaler Alpen", "ALT_MIN": 2882.0, "ALT_MAX": 2906.0, "ALT_MEDIAN": 2891.0, "area_km2": 0.000365454 }, "geometry": { "type": "Polygon", "coordinates": [ [ [ 11.856964557616807, 47.002806879742877 ], [ 11.857459645608747, 47.002848553332754 ], [ 11.857467889590412, 47.002794310656483 ], [ 11.856964557616807, 47.002806879742877 ] ] ] } },
{ "type": "Feature", "properties": { "HOM_ID": 185.0, "NAME_D": "Schwarzenbachkees", "NAME_IT": "Vedretta di Rio Nero", "REGION": "Zillertaler Alpen", "ALT_MIN": 2834.0, "ALT_MAX": 2858.0, "ALT_MEDIAN": 2846.0, "area_km2": 0.000421477 }, "geometry": { "type": "Polygon", "coordinates": [ [ [ 11.858254439523598, 47.003111655773878 ], [ 11.858855832104775, 47.003123540406534 ], [ 11.858327909805977, 47.002981955943781 ], [ 11.858254439523598, 47.003111655773878 ] ] ] } },
{ "type": "Feature", "properties": { "HOM_ID": 185.0, "NAME_D": "Schwarzenbachkees", "NAME_IT": "Vedretta di Rio Nero", "REGION": "Zillertaler Alpen", "ALT_MIN": 2850.0, "ALT_MAX": 2870.0, "ALT_MEDIAN": 2857.0, "area_km2": 0.000996999 }, "geometry": { "type": "Polygon", "coordinates": [ [ [ 11.858024039680846, 47.002936622215586 ], [ 11.858441078420539, 47.002768096924321 ], [ 11.858043961167521, 47.002475137932969 ], [ 11.857852126021589, 47.00263028932217 ], [ 11.858024039680846, 47.002936622215586 ] ] ] } },
{ "type": "Feature", "properties": { "HOM_ID": 185.0, "NAME_D": "Schwarzenbachkees", "NAME_IT": "Vedretta di Rio Nero", "REGION": "Zillertaler Alpen", "ALT_MIN": 2873.0, "ALT_MAX": 2899.0, "ALT_MEDIAN": 2883.0, "area_km2": 0.00145741 }, "geometry": { "type": "Polygon", "coordinates": [ [ [ 11.85785418079371, 47.003725273164214 ], [ 11.857922304469264, 47.003077808391325 ], [ 11.857429097948383, 47.003162751024902 ], [ 11.85785418079371, 47.003725273164214 ] ] ] } },
{ "type": "Feature", "properties": { "HOM_ID": 185.0, "NAME_D": "Schwarzenbachkees", "NAME_IT": "Vedretta di Rio Nero", "REGION": "Zillertaler Alpen", "ALT_MIN": 2880.0, "ALT_MAX": 2972.0, "ALT_MEDIAN": 2910.0, "area_km2": 0.00418705 }, "geometry": { "type": "Polygon", "coordinates": [ [ [ 11.856117772905197, 46.998822433188238 ], [ 11.8567969889287, 46.998454020991403 ], [ 11.856275596081913, 46.998205495387154 ], [ 11.855336897630139, 46.998237353995613 ], [ 11.85466849695753, 46.998625965202912 ], [ 11.855933190290395, 46.998291524143596 ], [ 11.856117772905197, 46.998822433188238 ] ] ] } },
{ "type": "Feature", "properties": { "HOM_ID": 185.0, "NAME_D": "Schwarzenbachkees", "NAME_IT": "Vedretta di Rio Nero", "REGION": "Zillertaler Alpen", "ALT_MIN": 2827.0, "ALT_MAX": 3026.0, "ALT_MEDIAN": 2939.0, "area_km2": 0.0321286 }, "geometry": { "type": "Polygon", "coordinates": [ [ [ 11.856455436614278, 47.00260814623369 ], [ 11.856153609888231, 47.002169933249576 ], [ 11.85645446470259, 47.002015745682684 ], [ 11.856641387118531, 47.002283480438514 ], [ 11.857191346606138, 47.002101163756258 ], [ 11.857429280160749, 47.002333335173113 ], [ 11.857943589783147, 47.002370017853316 ], [ 11.856856147472854, 47.001924758009508 ], [ 11.857110335074815, 47.001783163315785 ], [ 11.856803556619223, 47.001617477128285 ], [ 11.858172351594304, 47.001804260802828 ], [ 11.858155215093564, 47.00158753011921 ], [ 11.857257631452381, 47.001360405613468 ], [ 11.856511949239367, 47.001683999801614 ], [ 11.855395938537857, 47.001067998222432 ], [ 11.85562427599575, 47.00054607016768 ], [ 11.854432611941252, 47.000390649065515 ], [ 11.854591107746872, 47.000020952919023 ], [ 11.854116899978372, 46.999377876923596 ], [ 11.854532010058422, 46.998912248331699 ], [ 11.854145404788877, 46.998815599393467 ], [ 11.853633113620075, 46.999234122338152 ], [ 11.853700575821811, 46.999925348996783 ], [ 11.854820281306262, 47.001133795167888 ], [ 11.854983644012144, 47.002108840228196 ], [ 11.856455436614278, 47.00260814623369 ] ], [ [ 11.853963219405436, 46.999433047302972 ], [ 11.853806626431959, 46.999498862768526 ], [ 11.853706949309521, 46.999391816452743 ], [ 11.853963219405436, 46.999433047302972 ] ] ] } },
{ "type": "Feature", "properties": { "HOM_ID": 186.0, "NAME_D": "Rotbachkees", "NAME_IT": "Vedretta di Rio Rosso", "REGION": "Zillertaler Alpen", "ALT_MIN": 2838.0, "ALT_MAX": 2848.0, "ALT_MEDIAN": 2843.0, "area_km2": 0.000589263 }, "geometry": { "type": "Polygon", "coordinates": [ [ [ 11.881277501047601, 47.009261756004349 ], [ 11.881602597209476, 47.009286904160774 ], [ 11.881415445829809, 47.009108270699009 ], [ 11.881277501047601, 47.009261756004349 ] ] ] } },
{ "type": "Feature", "properties": { "HOM_ID": 186.0, "NAME_D": "Rotbachkees", "NAME_IT": "Vedretta di Rio Rosso", "REGION": "Zillertaler Alpen", "ALT_MIN": 2642.0, "ALT_MAX": 2781.0, "ALT_MEDIAN": 2690.0, "area_km2": 0.0700651 }, "geometry": { "type": "Polygon", "coordinates": [ [ [ 11.88415099233443, 47.009586730669618 ], [ 11.884063274470325, 47.009008540767105 ], [ 11.885697363785205, 47.008965116684273 ], [ 11.885327340270925, 47.008397024311371 ], [ 11.885757995886726, 47.008475455087464 ], [ 11.886345993425078, 47.007695089193724 ], [ 11.887181494991664, 47.007312336646415 ], [ 11.88608291404385, 47.007419447607063 ], [ 11.885446517043325, 47.006720563062451 ], [ 11.885766739900394, 47.006575611169261 ], [ 11.885324505409288, 47.006603744454452 ], [ 11.885083216269724, 47.006163366091165 ], [ 11.88560720075734, 47.005932874563115 ], [ 11.884125281100093, 47.005659501096581 ], [ 11.883370428706579, 47.006329977085528 ], [ 11.883677845175644, 47.006786551104931 ], [ 11.882996830781465, 47.00876517073155 ], [ 11.883407247866202, 47.009108414282792 ], [ 11.883288180919171, 47.00956383059804 ], [ 11.88415099233443, 47.009586730669618 ] ] ] } },
{ "type": "Feature", "properties": { "HOM_ID": 186.0, "NAME_D": "Rotbachkees", "NAME_IT": "Vedretta di Rio Rosso", "REGION": "Zillertaler Alpen", "ALT_MIN": 2807.0, "ALT_MAX": 3117.0, "ALT_MEDIAN": 2950.0, "area_km2": 0.0825904 }, "geometry": { "type": "Polygon", "coordinates": [ [ [ 11.87936469427761, 47.01167260575329 ], [ 11.879851562821838, 47.011598443028987 ], [ 11.879007700513823, 47.011175459687635 ], [ 11.88104988962715, 47.009511977920958 ], [ 11.880141099794407, 47.009249121420098 ], [ 11.880753136981877, 47.00904322304013 ], [ 11.880196487674295, 47.007819881179863 ], [ 11.880864122370339, 47.007608066593995 ], [ 11.881195116841903, 47.007871570466527 ], [ 11.881670288582077, 47.007774835542619 ], [ 11.880427191450526, 47.007142375807263 ], [ 11.880846199702326, 47.007144823773231 ], [ 11.880535511277145, 47.007020592124974 ], [ 11.880725917049029, 47.006677677550471 ], [ 11.879251348193971, 47.008314180954713 ], [ 11.87642437529035, 47.008880679552064 ], [ 11.876688941624503, 47.009851196792155 ], [ 11.878517426162448, 47.010644559630663 ], [ 11.878607360719347, 47.011378305050442 ], [ 11.879591227367737, 47.012511082640891 ], [ 11.87936469427761, 47.01167260575329 ] ] ] } },
{ "type": "Feature", "properties": { "HOM_ID": 186.0, "NAME_D": "Rotbachkees", "NAME_IT": "Vedretta di Rio Rosso", "REGION": "Zillertaler Alpen", "ALT_MIN": 2836.0, "ALT_MAX": 2892.0, "ALT_MEDIAN": 2863.0, "area_km2": 0.00301314 }, "geometry": { "type": "Polygon", "coordinates": [ [ [ 11.880010885994198, 47.00548806280576 ], [ 11.880831871032056, 47.005478824137256 ], [ 11.880607897802131, 47.005353023981314 ], [ 11.881000091888859, 47.005085987356033 ], [ 11.87977637573854, 47.005166320947708 ], [ 11.880010885994198, 47.00548806280576 ] ] ] } },
{ "type": "Feature", "properties": { "HOM_ID": 186.0, "NAME_D": "Rotbachkees", "NAME_IT": "Vedretta di Rio Rosso", "REGION": "Zillertaler Alpen", "ALT_MIN": 2881.0, "ALT_MAX": 2989.0, "ALT_MEDIAN": 2936.0, "area_km2": 0.0133495 }, "geometry": { "type": "Polygon", "coordinates": [ [ [ 11.878988083602984, 47.007123449352726 ], [ 11.878710462302749, 47.00688041475437 ], [ 11.879185486976297, 47.007039904424772 ], [ 11.879204486587996, 47.006487003084494 ], [ 11.88001079021465, 47.006055727474738 ], [ 11.879165093546451, 47.006019863486365 ], [ 11.879396394784242, 47.00541132650222 ], [ 11.87870591239145, 47.005248501329575 ], [ 11.878310864937557, 47.005669899832796 ], [ 11.878719356229208, 47.005686291330562 ], [ 11.879270657460337, 47.006358185239321 ], [ 11.878281546091577, 47.006218774164445 ], [ 11.878038037017932, 47.006674933270439 ], [ 11.878988083602984, 47.007123449352726 ] ] ] } },
{ "type": "Feature", "properties": { "HOM_ID": 186.0, "NAME_D": "Rotbachkees", "NAME_IT": "Vedretta di Rio Rosso", "REGION": "Zillertaler Alpen", "ALT_MIN": 3107.0, "ALT_MAX": 3206.0, "ALT_MEDIAN": 3160.0, "area_km2": 0.00721748 }, "geometry": { "type": "Polygon", "coordinates": [ [ [ 11.87984544800331, 47.015552940832606 ], [ 11.879584570143459, 47.014793735690255 ], [ 11.879637945538684, 47.013135892764758 ], [ 11.879111310125987, 47.013560522282276 ], [ 11.87984544800331, 47.015552940832606 ] ] ] } },
{ "type": "Feature", "properties": { "HOM_ID": 187.0, "NAME_D": "Trippachkees", "NAME_IT": "Vedretta Rio Torbo", "REGION": "Zillertaler Alpen", "ALT_MIN": 2750.0, "ALT_MAX": 2767.0, "ALT_MEDIAN": 2756.0, "area_km2": 0.000783245 }, "geometry": { "type": "Polygon", "coordinates": [ [ [ 11.899565924560497, 47.016786506662562 ], [ 11.899393778288921, 47.016539420975491 ], [ 11.89917322009987, 47.016581203180444 ], [ 11.899195784724633, 47.016792075598843 ], [ 11.899565924560497, 47.016786506662562 ] ] ] } },
{ "type": "Feature", "properties": { "HOM_ID": 187.0, "NAME_D": "Trippachkees", "NAME_IT": "Vedretta Rio Torbo", "REGION": "Zillertaler Alpen", "ALT_MIN": 2489.0, "ALT_MAX": 3003.0, "ALT_MEDIAN": 2743.0, "area_km2": 0.605833 }, "geometry": { "type": "Polygon", "coordinates": [ [ [ 11.907353900130714, 47.024593575123703 ], [ 11.907447296463753, 47.02400544294251 ], [ 11.909021505652689, 47.023654693434608 ], [ 11.90954294512566, 47.022322288412362 ], [ 11.91061774283018, 47.021357381651725 ], [ 11.910745356548551, 47.020502880504466 ], [ 11.911292534879214, 47.020480624915017 ], [ 11.910990673547982, 47.019934691997896 ], [ 11.911366493196484, 47.019722732989131 ], [ 11.909564533687181, 47.018748623191335 ], [ 11.909674674297426, 47.018223984787447 ], [ 11.908913378433542, 47.017829619538155 ], [ 11.909831312430757, 47.01636628785937 ], [ 11.909076356914316, 47.01679265952049 ], [ 11.908221557827513, 47.016342924965258 ], [ 11.908486118676596, 47.016021890204485 ], [ 11.907420683241266, 47.016020394793571 ], [ 11.907849166984558, 47.016409536678623 ], [ 11.907534470231354, 47.017249740677549 ], [ 11.905405630579363, 47.018514226981047 ], [ 11.904930147706976, 47.018157224106943 ], [ 11.903873061554197, 47.018374547589332 ], [ 11.903403410319813, 47.018009294403882 ], [ 11.903934831212649, 47.017729121318247 ], [ 11.9036736395117, 47.017342862475907 ], [ 11.902513288958799, 47.017159192513766 ], [ 11.902295025327126, 47.01680994020672 ], [ 11.900977970291967, 47.017144554068054 ], [ 11.900604195081074, 47.017089500739417 ], [ 11.900511139021363, 47.016657303474503 ], [ 11.899496191560457, 47.017195923194706 ], [ 11.898329823363817, 47.016899735869529 ], [ 11.898717782473108, 47.016400346494841 ], [ 11.898049754910948, 47.015993665599552 ], [ 11.897315253593115, 47.016059888933604 ], [ 11.897062561330815, 47.015816744509927 ], [ 11.897499552924517, 47.015759961492741 ], [ 11.896807091217649, 47.015547954573023 ], [ 11.896315566933293, 47.015922329439661 ], [ 11.896714806032094, 47.016884131411572 ], [ 11.895183569159702, 47.017089566441328 ], [ 11.893990971498502, 47.017569770244549 ], [ 11.894007553748434, 47.017940807530834 ], [ 11.895226434969208, 47.018459804902108 ], [ 11.896453490847662, 47.019902669844903 ], [ 11.898320397985222, 47.020043505468493 ], [ 11.898026394518592, 47.021153177430755 ], [ 11.899167854848097, 47.021302845934763 ], [ 11.899509955278379, 47.020965581857588 ], [ 11.899202806664302, 47.020694771675423 ], [ 11.903517159462238, 47.020935240119499 ], [ 11.904375195926461, 47.022309997923067 ], [ 11.903918370978863, 47.022650188272806 ], [ 11.904455409852462, 47.022900386780975 ], [ 11.90394563772057, 47.023708623511283 ], [ 11.90445748658917, 47.024093281677281 ], [ 11.904319421625894, 47.024536699593391 ], [ 11.907353900130714, 47.024593575123703 ] ], [ [ 11.904520431337243, 47.021714123823131 ], [ 11.90562695876549, 47.021893188163787 ], [ 11.904916960046142, 47.02276485154767 ], [ 11.904589514941007, 47.022698158554164 ], [ 11.904520431337243, 47.021714123823131 ] ], [ [ 11.904730427298594, 47.020803962437441 ], [ 11.903596876045839, 47.020575571123977 ], [ 11.903951765852584, 47.020314165436005 ], [ 11.903346465141315, 47.01993902011246 ], [ 11.904323081730345, 47.019585638234894 ], [ 11.904496475798201, 47.020086037124898 ], [ 11.904202355925335, 47.0201839860026 ], [ 11.904730427298594, 47.020803962437441 ] ] ] } },
{ "type": "Feature", "properties": { "HOM_ID": 187.0, "NAME_D": "Trippachkees", "NAME_IT": "Vedretta Rio Torbo", "REGION": "Zillertaler Alpen", "ALT_MIN": 2731.0, "ALT_MAX": 2745.0, "ALT_MEDIAN": 2739.0, "area_km2": 8.28629e-05 }, "geometry": { "type": "Polygon", "coordinates": [ [ [ 11.893836766997179, 47.011348195492879 ], [ 11.89356707395916, 47.011305012043842 ], [ 11.893477068711094, 47.011340148219816 ], [ 11.893544742601346, 47.011355580945278 ], [ 11.893836766997179, 47.011348195492879 ] ] ] } },
{ "type": "Feature", "properties": { "HOM_ID": 187.0, "NAME_D": "Trippachkees", "NAME_IT": "Vedretta Rio Torbo", "REGION": "Zillertaler Alpen", "ALT_MIN": 2724.0, "ALT_MAX": 2736.0, "ALT_MEDIAN": 2729.0, "area_km2": 0.000208088 }, "geometry": { "type": "Polygon", "coordinates": [ [ [ 11.894928983517012, 47.013360169164493 ], [ 11.894855211545922, 47.013219167957459 ], [ 11.894709061103306, 47.013284775197427 ], [ 11.894928983517012, 47.013360169164493 ] ] ] } },
{ "type": "Feature", "properties": { "HOM_ID": 187.0, "NAME_D": "Trippachkees", "NAME_IT": "Vedretta Rio Torbo", "REGION": "Zillertaler Alpen", "ALT_MIN": 2731.0, "ALT_MAX": 2749.0, "ALT_MEDIAN": 2742.0, "area_km2": 0.00034903 }, "geometry": { "type": "Polygon", "coordinates": [ [ [ 11.893184762178162, 47.011071804718298 ], [ 11.893545521018037, 47.011292699458082 ], [ 11.893669851041446, 47.01100381880493 ], [ 11.893184762178162, 47.011071804718298 ] ] ] } },
{ "type": "Feature", "properties": { "HOM_ID": 187.0, "NAME_D": "Trippachkees", "NAME_IT": "Vedretta Rio Torbo", "REGION": "Zillertaler Alpen", "ALT_MIN": 2712.0, "ALT_MAX": 2731.0, "ALT_MEDIAN": 2725.0, "area_km2": 0.000488738 }, "geometry": { "type": "Polygon", "coordinates": [ [ [ 11.894450609816541, 47.011745759340052 ], [ 11.894016709586088, 47.011511478540378 ], [ 11.893925673174449, 47.011566165656653 ], [ 11.894013982994419, 47.011782996190135 ], [ 11.894450609816541, 47.011745759340052 ] ] ] } },
{ "type": "Feature", "properties": { "HOM_ID": 187.0, "NAME_D": "Trippachkees", "NAME_IT": "Vedretta Rio Torbo", "REGION": "Zillertaler Alpen", "ALT_MIN": 2713.0, "ALT_MAX": 2815.0, "ALT_MEDIAN": 2763.0, "area_km2": 0.0132228 }, "geometry": { "type": "Polygon", "coordinates": [ [ [ 11.893892733251969, 47.01330132103044 ], [ 11.894911292065746, 47.012662413498582 ], [ 11.894029055887721, 47.012210409954378 ], [ 11.893295162715782, 47.012217493163384 ], [ 11.893220999550119, 47.011925834073821 ], [ 11.89236255529835, 47.012507996773643 ], [ 11.893508967605086, 47.012745269666198 ], [ 11.893440323080958, 47.013175609584678 ], [ 11.893892733251969, 47.01330132103044 ] ] ] } },
{ "type": "Feature", "properties": { "HOM_ID": 187.0, "NAME_D": "Trippachkees", "NAME_IT": "Vedretta Rio Torbo", "REGION": "Zillertaler Alpen", "ALT_MIN": 2626.0, "ALT_MAX": 2731.0, "ALT_MEDIAN": 2672.0, "area_km2": 0.0239994 }, "geometry": { "type": "Polygon", "coordinates": [ [ [ 11.896906763473808, 47.014621163962133 ], [ 11.897714258627969, 47.0144245127548 ], [ 11.898336969998899, 47.013708687806265 ], [ 11.899863082748805, 47.0137962192507 ], [ 11.898258811316223, 47.013422549981406 ], [ 11.897810205793546, 47.012981497364237 ], [ 11.897204506369052, 47.013046839255267 ], [ 11.895966434088471, 47.013521072818108 ], [ 11.896071610154566, 47.01404940342551 ], [ 11.895695106345142, 47.01397559322691 ], [ 11.896906763473808, 47.014621163962133 ] ] ] } },
{ "type": "Feature", "properties": { "HOM_ID": 187.0, "NAME_D": "Trippachkees", "NAME_IT": "Vedretta Rio Torbo", "REGION": "Zillertaler Alpen", "ALT_MIN": 2723.0, "ALT_MAX": 3060.0, "ALT_MEDIAN": 2966.0, "area_km2": 0.235231 }, "geometry": { "type": "Polygon", "coordinates": [ [ [ 11.884539889112649, 47.0165443922779 ], [ 11.888264041963035, 47.016325951907227 ], [ 11.88941144497792, 47.015317686755033 ], [ 11.890782296113798, 47.015430690869614 ], [ 11.890692102558722, 47.014921026452633 ], [ 11.890373350278599, 47.015271961297998 ], [ 11.889387255183111, 47.014944039337699 ], [ 11.888698469542755, 47.01357019894234 ], [ 11.889345382383096, 47.01355862726254 ], [ 11.889533826902506, 47.013953897861093 ], [ 11.890161612705443, 47.013588015845833 ], [ 11.890531648857946, 47.013800113644962 ], [ 11.892097039090418, 47.013444263623548 ], [ 11.891860924571928, 47.013133540442475 ], [ 11.891530613447149, 47.01339905109721 ], [ 11.891200360087689, 47.013214524804788 ], [ 11.891733954197173, 47.012356484903883 ], [ 11.890787911714847, 47.011005194304737 ], [ 11.89206730042784, 47.010587119436401 ], [ 11.893103566471201, 47.0110767151685 ], [ 11.893431939611178, 47.01065980901501 ], [ 11.892068527409524, 47.0093898540376 ], [ 11.890671374719085, 47.009180172305285 ], [ 11.890069578448148, 47.009397770757147 ], [ 11.888378726205975, 47.01229337640919 ], [ 11.888121083762224, 47.012499196399567 ], [ 11.886646635687203, 47.012351867147075 ], [ 11.88658299836618, 47.012624326283785 ], [ 11.887167267834959, 47.012564938005426 ], [ 11.887974085843918, 47.013204666394529 ], [ 11.88789578238265, 47.013608458581416 ], [ 11.885998719163071, 47.013602164837721 ], [ 11.883835945762657, 47.014249003092452 ], [ 11.88395814581729, 47.015535649701867 ], [ 11.883211055764342, 47.016229286835113 ], [ 11.884007444068368, 47.015967293595075 ], [ 11.884539889112649, 47.0165443922779 ] ] ] } },
{ "type": "Feature", "properties": { "HOM_ID": 187.0, "NAME_D": "Trippachkees", "NAME_IT": "Vedretta Rio Torbo", "REGION": "Zillertaler Alpen", "ALT_MIN": 2785.0, "ALT_MAX": 2832.0, "ALT_MEDIAN": 2803.0, "area_km2": 0.00171714 }, "geometry": { "type": "Polygon", "coordinates": [ [ [ 11.919604775557852, 47.020894627763681 ], [ 11.918955748706411, 47.020562588710682 ], [ 11.918422862330111, 47.020636186464031 ], [ 11.918953283248475, 47.020976969070546 ], [ 11.919604775557852, 47.020894627763681 ] ] ] } },
{ "type": "Feature", "properties": { "HOM_ID": 187.0, "NAME_D": "Trippachkees", "NAME_IT": "Vedretta Rio Torbo", "REGION": "Zillertaler Alpen", "ALT_MIN": 2806.0, "ALT_MAX": 2869.0, "ALT_MEDIAN": 2833.0, "area_km2": 0.00626501 }, "geometry": { "type": "Polygon", "coordinates": [ [ [ 11.918906637749911, 47.022007503521834 ], [ 11.918924177587975, 47.022073727388467 ], [ 11.919010666125454, 47.021935796148497 ], [ 11.918824723754824, 47.021654804147893 ], [ 11.91686320757011, 47.02118573803476 ], [ 11.917592373855921, 47.021914823023842 ], [ 11.918088658541942, 47.022140280649872 ], [ 11.918308656373565, 47.021896556220163 ], [ 11.918906637749911, 47.022007503521834 ] ] ] } },
{ "type": "Feature", "properties": { "HOM_ID": 187.0, "NAME_D": "Trippachkees", "NAME_IT": "Vedretta Rio Torbo", "REGION": "Zillertaler Alpen", "ALT_MIN": 2874.0, "ALT_MAX": 2985.0, "ALT_MEDIAN": 2931.0, "area_km2": 0.0151323 }, "geometry": { "type": "Polygon", "coordinates": [ [ [ 11.915659439875471, 47.02408641862791 ], [ 11.917537566339156, 47.02424415540866 ], [ 11.91856314762031, 47.023456673051463 ], [ 11.918190675376612, 47.022373232865348 ], [ 11.917536796365287, 47.02296137955225 ], [ 11.917155924951636, 47.022809173527662 ], [ 11.916888770385661, 47.023018380468336 ], [ 11.917517247837752, 47.023209515698717 ], [ 11.917458928690102, 47.023432359046048 ], [ 11.916925211289502, 47.023367478736709 ], [ 11.917387369794101, 47.023924786394467 ], [ 11.916640154001554, 47.023950978772781 ], [ 11.916958594363528, 47.024171450306895 ], [ 11.915659439875471, 47.02408641862791 ] ] ] } },
{ "type": "Feature", "properties": { "HOM_ID": 187.0, "NAME_D": "Trippachkees", "NAME_IT": "Vedretta Rio Torbo", "REGION": "Zillertaler Alpen", "ALT_MIN": 2885.0, "ALT_MAX": 3156.0, "ALT_MEDIAN": 3029.0, "area_km2": 0.147704 }, "geometry": { "type": "Polygon", "coordinates": [ [ [ 11.911257854097078, 47.028059698675328 ], [ 11.913976129854762, 47.028057473730222 ], [ 11.916879950062281, 47.024532728520974 ], [ 11.916066635479845, 47.024496312125024 ], [ 11.916647124954531, 47.024605334909523 ], [ 11.916364561679041, 47.024979232497927 ], [ 11.914984848485796, 47.025028677260465 ], [ 11.914817583502737, 47.025537737754661 ], [ 11.914101120581805, 47.025553606710957 ], [ 11.914720119914369, 47.026049783337285 ], [ 11.914154473771083, 47.026085620720004 ], [ 11.91231552090418, 47.024479936064893 ], [ 11.911487378512001, 47.024709559606379 ], [ 11.910088424763316, 47.024533226998763 ], [ 11.91057595321592, 47.024789894661673 ], [ 11.910073856703971, 47.025033635102965 ], [ 11.910220798376139, 47.025558508918188 ], [ 11.908203261899247, 47.024828794709371 ], [ 11.908128372913918, 47.025180725097933 ], [ 11.909014350345736, 47.025913021554665 ], [ 11.90908072024745, 47.026846524245492 ], [ 11.91016185531441, 47.027116672730955 ], [ 11.911257854097078, 47.028059698675328 ] ] ] } },
{ "type": "Feature", "properties": { "HOM_ID": 186.0, "NAME_D": "Trippachkees", "NAME_IT": "Vedretta Rio Torbo", "REGION": "Zillertaler Alpen", "ALT_MIN": 3079.0, "ALT_MAX": 3085.0, "ALT_MEDIAN": 3081.0, "area_km2": 9.55461e-05 }, "geometry": { "type": "Polygon", "coordinates": [ [ [ 11.882481691955418, 47.014243579322347 ], [ 11.882660903707716, 47.014216205628337 ], [ 11.882613881426373, 47.014118811206707 ], [ 11.882481691955418, 47.014243579322347 ] ] ] } },
{ "type": "Feature", "properties": { "HOM_ID": 186.0, "NAME_D": "Trippachkees", "NAME_IT": "Vedretta Rio Torbo", "REGION": "Zillertaler Alpen", "ALT_MIN": 3119.0, "ALT_MAX": 3179.0, "ALT_MEDIAN": 3147.0, "area_km2": 0.00588252 }, "geometry": { "type": "Polygon", "coordinates": [ [ [ 11.881133621557739, 47.016481211801221 ], [ 11.88193563153631, 47.01633786855632 ], [ 11.881922551611284, 47.015319074088751 ], [ 11.881236115019881, 47.015631621666181 ], [ 11.881133621557739, 47.016481211801221 ] ] ] } },
{ "type": "Feature", "properties": { "HOM_ID": 186.0, "NAME_D": "Trippachkees", "NAME_IT": "Vedretta Rio Torbo", "REGION": "Zillertaler Alpen", "ALT_MIN": 3092.0, "ALT_MAX": 3169.0, "ALT_MEDIAN": 3134.0, "area_km2": 0.00826208 }, "geometry": { "type": "Polygon", "coordinates": [ [ [ 11.881237514061407, 47.01553062790633 ], [ 11.88208097388644, 47.014786570080382 ], [ 11.882302013041711, 47.014253973385479 ], [ 11.881994711300331, 47.014581108391276 ], [ 11.880814376798721, 47.01428128403203 ], [ 11.880572653452369, 47.014447381459995 ], [ 11.880933175874326, 47.014522120799221 ], [ 11.88073876999588, 47.015205161654599 ], [ 11.881237514061407, 47.01553062790633 ] ] ] } },
{ "type": "Feature", "properties": { "HOM_ID": 186.0, "NAME_D": "Trippachkees", "NAME_IT": "Vedretta Rio Torbo", "REGION": "Zillertaler Alpen", "ALT_MIN": 3019.0, "ALT_MAX": 3066.0, "ALT_MEDIAN": 3033.0, "area_km2": 0.0112368 }, "geometry": { "type": "Polygon", "coordinates": [ [ [ 11.882824967307958, 47.013985149806039 ], [ 11.883665332334164, 47.013363928700201 ], [ 11.884252886167841, 47.013349119285905 ], [ 11.884351872183492, 47.012989454087212 ], [ 11.883798279189536, 47.012665287460223 ], [ 11.882165644084358, 47.012861197552802 ], [ 11.881903172644572, 47.013029725695766 ], [ 11.882775185099373, 47.012931563335329 ], [ 11.882824967307958, 47.013985149806039 ] ] ] } },
{ "type": "Feature", "properties": { "HOM_ID": 190.0, "NAME_D": "Frankbachkees", "NAME_IT": "Vedretta di Rio Franco", "REGION": "Zillertaler Alpen", "ALT_MIN": 2723.0, "ALT_MAX": 3158.0, "ALT_MEDIAN": 2934.0, "area_km2": 0.288971 }, "geometry": { "type": "Polygon", "coordinates": [ [ [ 11.927430382552547, 47.03502500738346 ], [ 11.927204906428102, 47.034468828749475 ], [ 11.926405155058626, 47.034508047753619 ], [ 11.926638675828823, 47.034049946646313 ], [ 11.927936793655732, 47.034268184567495 ], [ 11.928468450768062, 47.033953603790053 ], [ 11.927357048336861, 47.032458276842384 ], [ 11.927775534894067, 47.032214218775565 ], [ 11.927555013725279, 47.031748397019904 ], [ 11.926455896926814, 47.031426651875854 ], [ 11.926045463618449, 47.03096909148676 ], [ 11.92569513096826, 47.03099471697525 ], [ 11.925708463621778, 47.031365832850078 ], [ 11.924105934060609, 47.030973432076046 ], [ 11.924385157420621, 47.030666273086219 ], [ 11.923716310387816, 47.030726225803882 ], [ 11.923976547512359, 47.030836251283844 ], [ 11.923698264284955, 47.031100128066349 ], [ 11.923028349627595, 47.030821983361143 ], [ 11.923241761877778, 47.030521270932219 ], [ 11.924053513916293, 47.030591012557529 ], [ 11.924739875949673, 47.030278210035291 ], [ 11.925341733238358, 47.030458076471284 ], [ 11.927410279835316, 47.029947995013607 ], [ 11.925506771989209, 47.030291939926791 ], [ 11.923944065271302, 47.029942569684522 ], [ 11.923648349955952, 47.029438181975877 ], [ 11.924380720034373, 47.029202783602599 ], [ 11.92440015790433, 47.028921313112299 ], [ 11.923570611373822, 47.029290157700778 ], [ 11.923523739216829, 47.029579471917764 ], [ 11.92291874914935, 47.029485396558044 ], [ 11.923558760744118, 47.029885743002964 ], [ 11.923024029490197, 47.02993035937201 ], [ 11.922915076623594, 47.030230784315933 ], [ 11.921663263586325, 47.030076034635137 ], [ 11.920534645753538, 47.030624212367343 ], [ 11.921036180316182, 47.031007868256907 ], [ 11.918381881349568, 47.031041309849464 ], [ 11.917980496375025, 47.03096106352929 ], [ 11.917956524493901, 47.030585455680061 ], [ 11.91894865338743, 47.03002106209469 ], [ 11.918127298527034, 47.029391964200713 ], [ 11.918428276713216, 47.028653279920086 ], [ 11.917239325685983, 47.028626452033052 ], [ 11.916134011476881, 47.029111804525861 ], [ 11.916493594107825, 47.029766975366663 ], [ 11.916309837150923, 47.030995560310345 ], [ 11.917803370958675, 47.031114638783734 ], [ 11.91759942622684, 47.031334141521683 ], [ 11.918445257877295, 47.031695456924808 ], [ 11.918661776293831, 47.032663816742001 ], [ 11.919046773134534, 47.032634946382245 ], [ 11.920031467706448, 47.033384165464895 ], [ 11.92090521195775, 47.03344044114764 ], [ 11.920647711440346, 47.03324033272046 ], [ 11.92271759224994, 47.033867292133586 ], [ 11.923565218032866, 47.033700389076117 ], [ 11.92484984940365, 47.034423910091398 ], [ 11.926982558672151, 47.034669769708785 ], [ 11.927430382552547, 47.03502500738346 ] ] ] } },
{ "type": "Feature", "properties": { "HOM_ID": 190.0, "NAME_D": "Frankbachkees", "NAME_IT": "Vedretta di Rio Franco", "REGION": "Zillertaler Alpen", "ALT_MIN": 2828.0, "ALT_MAX": 2845.0, "ALT_MEDIAN": 2836.0, "area_km2": 0.000824509 }, "geometry": { "type": "Polygon", "coordinates": [ [ [ 11.940497162631646, 47.033793245695534 ], [ 11.940805803079916, 47.033743881483325 ], [ 11.941125849309325, 47.033559927580129 ], [ 11.940789754487421, 47.033489988480625 ], [ 11.940497162631646, 47.033793245695534 ] ] ] } },
{ "type": "Feature", "properties": { "HOM_ID": 190.0, "NAME_D": "Frankbachkees", "NAME_IT": "Vedretta di Rio Franco", "REGION": "Zillertaler Alpen", "ALT_MIN": 2614.0, "ALT_MAX": 2690.0, "ALT_MEDIAN": 2652.0, "area_km2": 0.0254866 }, "geometry": { "type": "Polygon", "coordinates": [ [ [ 11.933909353703775, 47.036553037877816 ], [ 11.933865699119753, 47.035899893676614 ], [ 11.934331312709496, 47.036007010760692 ], [ 11.934572939516141, 47.035776987485427 ], [ 11.933688816061299, 47.034643757645284 ], [ 11.933538054758758, 47.033371388556297 ], [ 11.933406881515079, 47.03521815287889 ], [ 11.932866322884736, 47.034356794877773 ], [ 11.93255988117461, 47.036024893493071 ], [ 11.932759491007205, 47.036330514324021 ], [ 11.933909353703775, 47.036553037877816 ] ] ] } },
{ "type": "Feature", "properties": { "HOM_ID": 190.0, "NAME_D": "Frankbachkees", "NAME_IT": "Vedretta di Rio Franco", "REGION": "Zillertaler Alpen", "ALT_MIN": 2745.0, "ALT_MAX": 2990.0, "ALT_MEDIAN": 2868.0, "area_km2": 0.129148 }, "geometry": { "type": "Polygon", "coordinates": [ [ [ 11.937083612048182, 47.036626179616448 ], [ 11.940242104411896, 47.036519577343931 ], [ 11.942646188513573, 47.034905753483059 ], [ 11.944034435272531, 47.034829979430945 ], [ 11.945361813711123, 47.033901941569447 ], [ 11.945465894793795, 47.033105033544793 ], [ 11.944371480673492, 47.032550847740183 ], [ 11.940720784444862, 47.031911101942811 ], [ 11.940716601020267, 47.032173375188513 ], [ 11.941247929311155, 47.032209246446683 ], [ 11.940923964433104, 47.032347106812644 ], [ 11.942280157388032, 47.032487492711951 ], [ 11.942772443709368, 47.032775808115389 ], [ 11.942175111885071, 47.032806409056363 ], [ 11.942620916355176, 47.033299387407929 ], [ 11.94424107709829, 47.033889353323993 ], [ 11.94207596939343, 47.034079828865046 ], [ 11.942184056955398, 47.033575582452606 ], [ 11.941766959427984, 47.03359059326219 ], [ 11.941946495200371, 47.033777420044167 ], [ 11.941454789799067, 47.034107704839869 ], [ 11.93959200580692, 47.034025174159439 ], [ 11.938532693825099, 47.034364371899663 ], [ 11.939368148238305, 47.03473722791162 ], [ 11.938833419820078, 47.034836398574868 ], [ 11.939193595826271, 47.035154314653425 ], [ 11.93717023997463, 47.035324334498732 ], [ 11.93709546794987, 47.035903440123555 ], [ 11.936233352284717, 47.036072720578368 ], [ 11.93708254192949, 47.03622617765577 ], [ 11.937083612048182, 47.036626179616448 ] ], [ [ 11.937457434001953, 47.036406186873108 ], [ 11.937454418969731, 47.036199105719639 ], [ 11.937553298988462, 47.036439443146264 ], [ 11.937457434001953, 47.036406186873108 ] ], [ [ 11.93819433229894, 47.036163821773577 ], [ 11.938147531022683, 47.036110732937601 ], [ 11.93826251034843, 47.036073492186581 ], [ 11.93819433229894, 47.036163821773577 ] ], [ [ 11.938128113241499, 47.035985507998518 ], [ 11.93774381469291, 47.036065380958561 ], [ 11.938045779240658, 47.035856183879751 ], [ 11.938128113241499, 47.035985507998518 ] ] ] } },
{ "type": "Feature", "properties": { "HOM_ID": 188.0, "NAME_D": "Frankbachkees", "NAME_IT": "Vedretta di Rio Franco", "REGION": "Zillertaler Alpen", "ALT_MIN": 2549.0, "ALT_MAX": 2666.0, "ALT_MEDIAN": 2607.0, "area_km2": 0.0325628 }, "geometry": { "type": "Polygon", "coordinates": [ [ [ 11.922544996270632, 47.023488256902809 ], [ 11.925016101735899, 47.022257165609034 ], [ 11.924088353974954, 47.022005858106709 ], [ 11.923134913465326, 47.022144514451945 ], [ 11.924094263334631, 47.021444949813024 ], [ 11.923242007088536, 47.020663093462922 ], [ 11.923085019118995, 47.021613605454128 ], [ 11.92245718072207, 47.021976098766487 ], [ 11.921814836273944, 47.02188178031119 ], [ 11.921673057987087, 47.022346150397681 ], [ 11.922544996270632, 47.023488256902809 ] ] ] } },
{ "type": "Feature", "properties": { "HOM_ID": 189.0, "NAME_D": "Frankbachkees", "NAME_IT": "Vedretta di Rio Franco", "REGION": "Zillertaler Alpen", "ALT_MIN": 2757.0, "ALT_MAX": 2886.0, "ALT_MEDIAN": 2838.0, "area_km2": 0.0186166 }, "geometry": { "type": "Polygon", "coordinates": [ [ [ 11.919031423062373, 47.026114211781071 ], [ 11.92029615090925, 47.025999195307513 ], [ 11.919774902918899, 47.025699974252603 ], [ 11.920570092032619, 47.025467758704075 ], [ 11.920379632723046, 47.024986526008625 ], [ 11.921665984783544, 47.024620671364502 ], [ 11.921423660301482, 47.024455416582981 ], [ 11.920372798982196, 47.024277465461211 ], [ 11.920148755978907, 47.024702263405494 ], [ 11.918894982905696, 47.025336680955114 ], [ 11.919031423062373, 47.026114211781071 ] ] ] } },
{ "type": "Feature", "properties": { "HOM_ID": 189.0, "NAME_D": "Frankbachkees", "NAME_IT": "Vedretta di Rio Franco", "REGION": "Zillertaler Alpen", "ALT_MIN": 2904.0, "ALT_MAX": 3213.0, "ALT_MEDIAN": 3079.0, "area_km2": 0.0319984 }, "geometry": { "type": "Polygon", "coordinates": [ [ [ 11.91585406061064, 47.028834513201673 ], [ 11.916566968913667, 47.028113909238549 ], [ 11.915532895615568, 47.028245032667769 ], [ 11.915357531385622, 47.028030436956996 ], [ 11.915965529737081, 47.027397635338431 ], [ 11.916941422359631, 47.027413240055182 ], [ 11.917282557630339, 47.026440184977481 ], [ 11.918198504805149, 47.025676295801375 ], [ 11.917578380642441, 47.025351607807202 ], [ 11.918369208946926, 47.025486214017306 ], [ 11.91816128277768, 47.024993859685253 ], [ 11.917420841525809, 47.025272285417437 ], [ 11.917602628629195, 47.025796261494307 ], [ 11.916827407507164, 47.026458931549918 ], [ 11.91547888759928, 47.02669807744428 ], [ 11.914769341478209, 47.027716825603321 ], [ 11.914649796967188, 47.028462784167317 ], [ 11.914898816312389, 47.028623120116407 ], [ 11.91534994897618, 47.028083014641275 ], [ 11.915167384548331, 47.028694854735306 ], [ 11.91585406061064, 47.028834513201673 ] ] ] } },
{ "type": "Feature", "properties": { "HOM_ID": 192.0, "NAME_D": "Frankbachkees", "NAME_IT": "Vedretta di Rio Franco", "REGION": "Zillertaler Alpen", "ALT_MIN": 2622.0, "ALT_MAX": 2711.0, "ALT_MEDIAN": 2649.0, "area_km2": 0.00936973 }, "geometry": { "type": "Polygon", "coordinates": [ [ [ 11.943659307265753, 47.029691838353621 ], [ 11.943840252500712, 47.029372872915957 ], [ 11.944362963103465, 47.029568963320209 ], [ 11.945586250894555, 47.029080299884036 ], [ 11.943331085570296, 47.029043089009718 ], [ 11.942892965394648, 47.029561539632581 ], [ 11.943659307265753, 47.029691838353621 ] ] ] } },
{ "type": "Feature", "properties": { "HOM_ID": 191.0, "NAME_D": "Frankbachkees", "NAME_IT": "Vedretta di Rio Franco", "REGION": "Zillertaler Alpen", "ALT_MIN": 3006.0, "ALT_MAX": 3019.0, "ALT_MEDIAN": 3012.0, "area_km2": 0.00017727 }, "geometry": { "type": "Polygon", "coordinates": [ [ [ 11.946816049049035, 47.032438987140488 ], [ 11.947027049158118, 47.032371761901501 ], [ 11.946863740049286, 47.032299533933887 ], [ 11.946816049049035, 47.032438987140488 ] ] ] } },
{ "type": "Feature", "properties": { "HOM_ID": 191.0, "NAME_D": "Frankbachkees", "NAME_IT": "Vedretta di Rio Franco", "REGION": "Zillertaler Alpen", "ALT_MIN": 2930.0, "ALT_MAX": 2949.0, "ALT_MEDIAN": 2940.0, "area_km2": 0.000323014 }, "geometry": { "type": "Polygon", "coordinates": [ [ [ 11.946024681610353, 47.031694799927664 ], [ 11.946406897892572, 47.031710674430776 ], [ 11.946226834942244, 47.031590301018014 ], [ 11.946024681610353, 47.031694799927664 ] ] ] } },
{ "type": "Feature", "properties": { "HOM_ID": 191.0, "NAME_D": "Frankbachkees", "NAME_IT": "Vedretta di Rio Franco", "REGION": "Zillertaler Alpen", "ALT_MIN": 2920.0, "ALT_MAX": 2957.0, "ALT_MEDIAN": 2941.0, "area_km2": 0.00111271 }, "geometry": { "type": "Polygon", "coordinates": [ [ [ 11.946467386281217, 47.031556962334363 ], [ 11.946545007303262, 47.031265417396249 ], [ 11.945973958296895, 47.031254405389738 ], [ 11.945958869496678, 47.031460999627257 ], [ 11.946467386281217, 47.031556962334363 ] ] ] } },
{ "type": "Feature", "properties": { "HOM_ID": 191.0, "NAME_D": "Frankbachkees", "NAME_IT": "Vedretta di Rio Franco", "REGION": "Zillertaler Alpen", "ALT_MIN": 3001.0, "ALT_MAX": 3054.0, "ALT_MEDIAN": 3025.0, "area_km2": 0.00432762 }, "geometry": { "type": "Polygon", "coordinates": [ [ [ 11.946410060318456, 47.033219042194183 ], [ 11.947023791504471, 47.032980361893898 ], [ 11.946609774430819, 47.032444315602184 ], [ 11.945798210233603, 47.033036685483857 ], [ 11.946410060318456, 47.033219042194183 ] ] ] } },
{ "type": "Feature", "properties": { "HOM_ID": 193.0, "NAME_D": "Keilbachkees", "NAME_IT": null, "REGION": "Zillertaler Alpen", "ALT_MIN": 2816.0, "ALT_MAX": 2835.0, "ALT_MEDIAN": 2825.0, "area_km2": 0.00081957 }, "geometry": { "type": "Polygon", "coordinates": [ [ [ 11.948522534496703, 47.030036117128581 ], [ 11.948906408067639, 47.030019080465173 ], [ 11.948991106147975, 47.029628772967499 ], [ 11.948522534496703, 47.030036117128581 ] ] ] } },
{ "type": "Feature", "properties": { "HOM_ID": 193.0, "NAME_D": "Keilbachkees", "NAME_IT": null, "REGION": "Zillertaler Alpen", "ALT_MIN": 2720.0, "ALT_MAX": 2774.0, "ALT_MEDIAN": 2745.0, "area_km2": 0.00120937 }, "geometry": { "type": "Polygon", "coordinates": [ [ [ 11.950575749793295, 47.030530850080687 ], [ 11.950870164271741, 47.030438727454928 ], [ 11.949804128489736, 47.030494788991923 ], [ 11.950575749793295, 47.030530850080687 ] ] ] } },
{ "type": "Feature", "properties": { "HOM_ID": 193.0, "NAME_D": "Keilbachkees", "NAME_IT": null, "REGION": "Zillertaler Alpen", "ALT_MIN": 2747.0, "ALT_MAX": 2824.0, "ALT_MEDIAN": 2784.0, "area_km2": 0.00223728 }, "geometry": { "type": "Polygon", "coordinates": [ [ [ 11.950242487003784, 47.030211561071262 ], [ 11.949293913308454, 47.029378806418215 ], [ 11.949139893290209, 47.02961708059857 ], [ 11.950242487003784, 47.030211561071262 ] ] ] } },
{ "type": "Feature", "properties": { "HOM_ID": 193.0, "NAME_D": "Keilbachkees", "NAME_IT": null, "REGION": "Zillertaler Alpen", "ALT_MIN": 2648.0, "ALT_MAX": 2681.0, "ALT_MEDIAN": 2664.0, "area_km2": 0.00230905 }, "geometry": { "type": "Polygon", "coordinates": [ [ [ 11.951688455733715, 47.031267559279186 ], [ 11.952561033703166, 47.031580309966415 ], [ 11.951944042041106, 47.030900937660199 ], [ 11.951688455733715, 47.031267559279186 ] ] ] } },
{ "type": "Feature", "properties": { "HOM_ID": 193.0, "NAME_D": "Keilbachkees", "NAME_IT": null, "REGION": "Zillertaler Alpen", "ALT_MIN": 2828.0, "ALT_MAX": 2887.0, "ALT_MEDIAN": 2856.0, "area_km2": 0.00327604 }, "geometry": { "type": "Polygon", "coordinates": [ [ [ 11.947775187611002, 47.030626845681404 ], [ 11.948945735648199, 47.030836702035373 ], [ 11.948281473435562, 47.030562368802102 ], [ 11.94806152864453, 47.029958464888587 ], [ 11.947775187611002, 47.030626845681404 ] ] ] } },
{ "type": "Feature", "properties": { "HOM_ID": 193.0, "NAME_D": "Keilbachkees", "NAME_IT": null, "REGION": "Zillertaler Alpen", "ALT_MIN": 2620.0, "ALT_MAX": 2763.0, "ALT_MEDIAN": 2688.0, "area_km2": 0.0162661 }, "geometry": { "type": "Polygon", "coordinates": [ [ [ 11.952544291393428, 47.029643298462148 ], [ 11.951599174155605, 47.029081923563623 ], [ 11.952059886616732, 47.029193274228142 ], [ 11.951962833769157, 47.02876180347544 ], [ 11.951463658841769, 47.028613954235887 ], [ 11.953261644941966, 47.028160385664393 ], [ 11.952948381095146, 47.027879163050443 ], [ 11.952461220387033, 47.028138182211883 ], [ 11.951105235489397, 47.027987435634493 ], [ 11.950098311325723, 47.028577731528515 ], [ 11.952544291393428, 47.029643298462148 ] ] ] } },
{ "type": "Feature", "properties": { "HOM_ID": 193.0, "NAME_D": "Keilbachkees", "NAME_IT": null, "REGION": "Zillertaler Alpen", "ALT_MIN": 2592.0, "ALT_MAX": 2887.0, "ALT_MEDIAN": 2782.0, "area_km2": 0.106037 }, "geometry": { "type": "Polygon", "coordinates": [ [ [ 11.951278216210946, 47.0374108338155 ], [ 11.952823301766458, 47.03675568646463 ], [ 11.952204969139082, 47.036330845877671 ], [ 11.952343777013033, 47.035805673178089 ], [ 11.951718273411734, 47.035539531199746 ], [ 11.952366391662698, 47.035570432779124 ], [ 11.95340986440724, 47.034667250061524 ], [ 11.95216668910393, 47.03455684478697 ], [ 11.953639805432285, 47.034189357580345 ], [ 11.954429259432548, 47.033380819670029 ], [ 11.953692490564155, 47.032904565424147 ], [ 11.952998674297783, 47.033963029632453 ], [ 11.951296177513107, 47.034330105827117 ], [ 11.951065890045804, 47.033533364084143 ], [ 11.951421419977168, 47.033128449550908 ], [ 11.950869899914272, 47.033074097855852 ], [ 11.951210557859746, 47.032715285205292 ], [ 11.950662462034662, 47.032628221734058 ], [ 11.950369228926469, 47.032070168738478 ], [ 11.950639530883704, 47.031723886735065 ], [ 11.9515505053601, 47.031792065020674 ], [ 11.950863879815522, 47.031371645348045 ], [ 11.950835432996801, 47.030679230835005 ], [ 11.950128285361419, 47.030890337755594 ], [ 11.94835748686403, 47.032637873279199 ], [ 11.948916356696719, 47.033620016231815 ], [ 11.94999561723702, 47.034176724535477 ], [ 11.951573738219439, 47.034485654494603 ], [ 11.951489108650421, 47.035173604854116 ], [ 11.950429282984924, 47.035407049328064 ], [ 11.950267098605305, 47.036154144631134 ], [ 11.950441554281582, 47.036993139420851 ], [ 11.951278216210946, 47.0374108338155 ] ] ] } },
{ "type": "Feature", "properties": { "HOM_ID": 193.0, "NAME_D": "Keilbachkees", "NAME_IT": null, "REGION": "Zillertaler Alpen", "ALT_MIN": 2469.0, "ALT_MAX": 2486.0, "ALT_MEDIAN": 2482.0, "area_km2": 0.00662066 }, "geometry": { "type": "Polygon", "coordinates": [ [ [ 11.958368622057581, 47.035482829891166 ], [ 11.959159622138834, 47.033884873034268 ], [ 11.957873269757753, 47.034712838230405 ], [ 11.958368622057581, 47.035482829891166 ] ] ] } },
{ "type": "Feature", "properties": { "HOM_ID": 194.0, "NAME_D": "Keilbachkees", "NAME_IT": null, "REGION": "Zillertaler Alpen", "ALT_MIN": 2770.0, "ALT_MAX": 2783.0, "ALT_MEDIAN": 2778.0, "area_km2": 0.000145825 }, "geometry": { "type": "Polygon", "coordinates": [ [ [ 11.965461074029589, 47.039407804884462 ], [ 11.965524341558448, 47.039380448946211 ], [ 11.965358274061176, 47.039287601850468 ], [ 11.965461074029589, 47.039407804884462 ] ] ] } },
{ "type": "Feature", "properties": { "HOM_ID": 194.0, "NAME_D": "Keilbachkees", "NAME_IT": null, "REGION": "Zillertaler Alpen", "ALT_MIN": 2776.0, "ALT_MAX": 2790.0, "ALT_MEDIAN": 2783.0, "area_km2": 0.000209849 }, "geometry": { "type": "Polygon", "coordinates": [ [ [ 11.965724372779317, 47.039558135304219 ], [ 11.965768661464335, 47.039376973860691 ], [ 11.96562988146894, 47.039286278127598 ], [ 11.965724372779317, 47.039558135304219 ] ] ] } },
{ "type": "Feature", "properties": { "HOM_ID": 194.0, "NAME_D": "Keilbachkees", "NAME_IT": null, "REGION": "Zillertaler Alpen", "ALT_MIN": 2824.0, "ALT_MAX": 2867.0, "ALT_MEDIAN": 2849.0, "area_km2": 0.00135966 }, "geometry": { "type": "Polygon", "coordinates": [ [ [ 11.966681636897745, 47.040352727795813 ], [ 11.966648708086494, 47.04003803394172 ], [ 11.96616322383319, 47.039936135172873 ], [ 11.966325233492373, 47.04029482050354 ], [ 11.966681636897745, 47.040352727795813 ] ] ] } },
{ "type": "Feature", "properties": { "HOM_ID": 194.0, "NAME_D": "Keilbachkees", "NAME_IT": null, "REGION": "Zillertaler Alpen", "ALT_MIN": 2779.0, "ALT_MAX": 2837.0, "ALT_MEDIAN": 2806.0, "area_km2": 0.00337032 }, "geometry": { "type": "Polygon", "coordinates": [ [ [ 11.965500115693349, 47.040438419491188 ], [ 11.964957716599619, 47.040116735856913 ], [ 11.965284249200559, 47.040088272592541 ], [ 11.965247596561788, 47.039954926682306 ], [ 11.963957349590059, 47.039789769559498 ], [ 11.964042397619371, 47.040117591604577 ], [ 11.965500115693349, 47.040438419491188 ] ] ] } },
{ "type": "Feature", "properties": { "HOM_ID": 194.0, "NAME_D": "Keilbachkees", "NAME_IT": null, "REGION": "Zillertaler Alpen", "ALT_MIN": 2790.0, "ALT_MAX": 2872.0, "ALT_MEDIAN": 2823.0, "area_km2": 0.0129778 }, "geometry": { "type": "Polygon", "coordinates": [ [ [ 11.967154049754138, 47.040127300521149 ], [ 11.9679230635221, 47.039894006368947 ], [ 11.967580936809114, 47.039817158506189 ], [ 11.967797426990442, 47.039575811065944 ], [ 11.968855862996591, 47.039693603073118 ], [ 11.968916201780683, 47.03921200045901 ], [ 11.968123350265296, 47.038858731364655 ], [ 11.968180769647573, 47.038638177465437 ], [ 11.96853934931254, 47.038886037241802 ], [ 11.968486704306507, 47.038627859556385 ], [ 11.967261610622327, 47.038519148781454 ], [ 11.967704629244064, 47.038719580643033 ], [ 11.966887255511855, 47.038991273025196 ], [ 11.967425372526872, 47.039210669801967 ], [ 11.966760089659875, 47.039273163111254 ], [ 11.967459171620124, 47.039443145308972 ], [ 11.967531182207058, 47.039736538596962 ], [ 11.96663010016807, 47.039912296805007 ], [ 11.967154049754138, 47.040127300521149 ] ], [ [ 11.968373430848359, 47.039410858703121 ], [ 11.968271255437287, 47.039201587899782 ], [ 11.968460778773446, 47.039415735588193 ], [ 11.968373430848359, 47.039410858703121 ] ], [ [ 11.967771298791977, 47.039105023859555 ], [ 11.968022898435555, 47.03930803793731 ], [ 11.96790424878288, 47.039303972639914 ], [ 11.967771298791977, 47.039105023859555 ] ], [ [ 11.967788076359195, 47.039030773470174 ], [ 11.967259772219727, 47.038925418229795 ], [ 11.967233710602853, 47.038895140119784 ], [ 11.967375386446962, 47.038874797941673 ], [ 11.967788076359195, 47.039030773470174 ] ] ] } },
{ "type": "Feature", "properties": { "HOM_ID": 193.0, "NAME_D": "Keilbachkees", "NAME_IT": null, "REGION": "Zillertaler Alpen", "ALT_MIN": 2561.0, "ALT_MAX": 2571.0, "ALT_MEDIAN": 2567.0, "area_km2": 0.000125842 }, "geometry": { "type": "Polygon", "coordinates": [ [ [ 11.954669578419585, 47.032008894419441 ], [ 11.954945127936904, 47.031922011025436 ], [ 11.954556323664585, 47.031976102422064 ], [ 11.954669578419585, 47.032008894419441 ] ] ] } },
{ "type": "Feature", "properties": { "HOM_ID": 193.0, "NAME_D": "Keilbachkees", "NAME_IT": null, "REGION": "Zillertaler Alpen", "ALT_MIN": 2573.0, "ALT_MAX": 2596.0, "ALT_MEDIAN": 2583.0, "area_km2": 0.00181776 }, "geometry": { "type": "Polygon", "coordinates": [ [ [ 11.954188233723054, 47.032373732143476 ], [ 11.954568859985674, 47.032076976874031 ], [ 11.954074894811866, 47.031834949230451 ], [ 11.953916765339848, 47.031998567643448 ], [ 11.954188233723054, 47.032373732143476 ] ] ] } },
{ "type": "Feature", "properties": { "HOM_ID": 193.0, "NAME_D": "Keilbachkees", "NAME_IT": null, "REGION": "Zillertaler Alpen", "ALT_MIN": 2572.0, "ALT_MAX": 2654.0, "ALT_MEDIAN": 2614.0, "area_km2": 0.0115818 }, "geometry": { "type": "Polygon", "coordinates": [ [ [ 11.955678516159825, 47.039001322468252 ], [ 11.956964871856581, 47.038126879469246 ], [ 11.957294446147099, 47.037485932214466 ], [ 11.954830431637554, 47.038327554523377 ], [ 11.955678516159825, 47.039001322468252 ] ] ] } },
{ "type": "Feature", "properties": { "HOM_ID": 193.0, "NAME_D": "Keilbachkees", "NAME_IT": null, "REGION": "Zillertaler Alpen", "ALT_MIN": 2695.0, "ALT_MAX": 2733.0, "ALT_MEDIAN": 2720.0, "area_km2": 0.00116845 }, "geometry": { "type": "Polygon", "coordinates": [ [ [ 11.95283157764235, 47.037907353479746 ], [ 11.95354979873296, 47.03793310587043 ], [ 11.952895636368437, 47.037742831067455 ], [ 11.95283157764235, 47.037907353479746 ] ] ] } },
{ "type": "Feature", "properties": { "HOM_ID": 193.0, "NAME_D": "Keilbachkees", "NAME_IT": null, "REGION": "Zillertaler Alpen", "ALT_MIN": 2675.0, "ALT_MAX": 2710.0, "ALT_MEDIAN": 2695.0, "area_km2": 0.00119505 }, "geometry": { "type": "Polygon", "coordinates": [ [ [ 11.953748646770043, 47.037874218582083 ], [ 11.953436069057554, 47.037385820108476 ], [ 11.953063891142932, 47.03742638094991 ], [ 11.953147007663487, 47.037638538365506 ], [ 11.953748646770043, 47.037874218582083 ] ] ] } },
{ "type": "Feature", "properties": { "HOM_ID": 196.0, "NAME_D": "Wollbachkees", "NAME_IT": null, "REGION": "Zillertaler Alpen", "ALT_MIN": 2825.0, "ALT_MAX": 2842.0, "ALT_MEDIAN": 2834.0, "area_km2": 0.000924911 }, "geometry": { "type": "Polygon", "coordinates": [ [ [ 11.978891641205239, 47.047019057907363 ], [ 11.979351518504872, 47.047133665850076 ], [ 11.979038386881186, 47.046765599823644 ], [ 11.978891641205239, 47.047019057907363 ] ] ] } },
{ "type": "Feature", "properties": { "HOM_ID": 196.0, "NAME_D": "Wollbachkees", "NAME_IT": null, "REGION": "Zillertaler Alpen", "ALT_MIN": 2753.0, "ALT_MAX": 2825.0, "ALT_MEDIAN": 2783.0, "area_km2": 0.00435602 }, "geometry": { "type": "Polygon", "coordinates": [ [ [ 11.978169792878258, 47.04646000255859 ], [ 11.978625817422582, 47.045258803060939 ], [ 11.979173840029492, 47.04492879721716 ], [ 11.978923258072713, 47.044745306540356 ], [ 11.978374791723798, 47.045237430751961 ], [ 11.978169792878258, 47.04646000255859 ] ] ] } },
{ "type": "Feature", "properties": { "HOM_ID": 196.0, "NAME_D": "Wollbachkees", "NAME_IT": null, "REGION": "Zillertaler Alpen", "ALT_MIN": 2798.0, "ALT_MAX": 2876.0, "ALT_MEDIAN": 2828.0, "area_km2": 0.0136107 }, "geometry": { "type": "Polygon", "coordinates": [ [ [ 11.980799922442321, 47.047066734911112 ], [ 11.981856887734558, 47.046330568764169 ], [ 11.98122055064758, 47.045656223830946 ], [ 11.980864804880614, 47.04567977887293 ], [ 11.980776072813127, 47.046442481423959 ], [ 11.980012417472096, 47.046606693867353 ], [ 11.980167492532331, 47.046873603552029 ], [ 11.979702357542742, 47.046300022860727 ], [ 11.97920605119654, 47.046520581134608 ], [ 11.979912635163366, 47.04716359641975 ], [ 11.980799922442321, 47.047066734911112 ] ] ] } },
{ "type": "Feature", "properties": { "HOM_ID": 195.0, "NAME_D": "Wollbachkees", "NAME_IT": null, "REGION": "Zillertaler Alpen", "ALT_MIN": 2805.0, "ALT_MAX": 2999.0, "ALT_MEDIAN": 2908.0, "area_km2": 0.0439614 }, "geometry": { "type": "Polygon", "coordinates": [ [ [ 11.977426160950314, 47.048082741706466 ], [ 11.976478895039525, 47.04776798686958 ], [ 11.976652961268115, 47.047077691461865 ], [ 11.975983671743249, 47.046475291084882 ], [ 11.976740393547697, 47.045957712610438 ], [ 11.976657526149179, 47.045595554053151 ], [ 11.976993274230953, 47.045682065028004 ], [ 11.975771618683611, 47.04510641483585 ], [ 11.975220551424274, 47.045344571947325 ], [ 11.975646890406479, 47.046057350654522 ], [ 11.974908976301776, 47.046193213821681 ], [ 11.975347807381414, 47.046511623609966 ], [ 11.974173194976688, 47.046452868536356 ], [ 11.973701542933467, 47.047054457924233 ], [ 11.975740962574463, 47.048411665061664 ], [ 11.977426160950314, 47.048082741706466 ] ], [ [ 11.975044130639457, 47.047236241866536 ], [ 11.975063556690804, 47.047194066179166 ], [ 11.975107369566491, 47.047198880211063 ], [ 11.975044130639457, 47.047236241866536 ] ], [ [ 11.974742168344047, 47.047130988107618 ], [ 11.974501480036237, 47.047187844260719 ], [ 11.97446404907379, 47.047141195297556 ], [ 11.974742168344047, 47.047130988107618 ] ], [ [ 11.97499332356637, 47.047183986758782 ], [ 11.974986329409655, 47.047136545705506 ], [ 11.975052874986972, 47.047158627408344 ], [ 11.97499332356637, 47.047183986758782 ] ], [ [ 11.974976831638292, 47.046809387332615 ], [ 11.974842086358519, 47.046735503504152 ], [ 11.974914517886202, 47.046706832306377 ], [ 11.974976831638292, 47.046809387332615 ] ] ] } },
{ "type": "Feature", "properties": { "HOM_ID": 197.0, "NAME_D": "Hollenzkees", "NAME_IT": null, "REGION": "Zillertaler Alpen", "ALT_MIN": 2618.0, "ALT_MAX": 2792.0, "ALT_MEDIAN": 2726.0, "area_km2": 0.0240217 }, "geometry": { "type": "Polygon", "coordinates": [ [ [ 11.988736096933453, 47.044543621087925 ], [ 11.990412866453072, 47.043132356520189 ], [ 11.989491749316054, 47.043067848254793 ], [ 11.99011744537653, 47.042147618089679 ], [ 11.98956133283426, 47.042705049759611 ], [ 11.988912827767008, 47.042806283613906 ], [ 11.989304508912602, 47.04300844911004 ], [ 11.988729245586372, 47.043486337553368 ], [ 11.987690278246271, 47.043594429371367 ], [ 11.987788947532177, 47.043136850562099 ], [ 11.987147015234783, 47.043168850015903 ], [ 11.987280239274321, 47.044225335321549 ], [ 11.988736096933453, 47.044543621087925 ] ], [ [ 11.987285716707536, 47.043780991262459 ], [ 11.987627691922182, 47.043692056454745 ], [ 11.987623713520314, 47.043807883849375 ], [ 11.987285716707536, 47.043780991262459 ] ] ] } },
{ "type": "Feature", "properties": { "HOM_ID": 197.0, "NAME_D": "Hollenzkees", "NAME_IT": null, "REGION": "Zillertaler Alpen", "ALT_MIN": 2746.0, "ALT_MAX": 2762.0, "ALT_MEDIAN": 2756.0, "area_km2": 0.000125624 }, "geometry": { "type": "Polygon", "coordinates": [ [ [ 11.987606340459617, 47.040421532235975 ], [ 11.987752709449168, 47.040360563105487 ], [ 11.987643560514837, 47.040339601224524 ], [ 11.987606340459617, 47.040421532235975 ] ] ] } },
{ "type": "Feature", "properties": { "HOM_ID": 197.0, "NAME_D": "Hollenzkees", "NAME_IT": null, "REGION": "Zillertaler Alpen", "ALT_MIN": 2696.0, "ALT_MAX": 2750.0, "ALT_MEDIAN": 2717.0, "area_km2": 0.0017457 }, "geometry": { "type": "Polygon", "coordinates": [ [ [ 11.98807178888212, 47.04109232866665 ], [ 11.988554469713726, 47.040941140944831 ], [ 11.987721582300049, 47.04050999916084 ], [ 11.98807178888212, 47.04109232866665 ] ] ] } },
{ "type": "Feature", "properties": { "HOM_ID": 198.0, "NAME_D": "Klausenkees", "NAME_IT": null, "REGION": "Hohe Tauern", "ALT_MIN": 2609.0, "ALT_MAX": 2772.0, "ALT_MEDIAN": 2688.0, "area_km2": 0.0267894 }, "geometry": { "type": "Polygon", "coordinates": [ [ [ 12.025055278476056, 46.965324896011893 ], [ 12.026755826755005, 46.965164097562464 ], [ 12.027163394209047, 46.96484937802547 ], [ 12.026826839114527, 46.964802563899681 ], [ 12.028543806385255, 46.964382682521141 ], [ 12.027875492928366, 46.96368411866829 ], [ 12.026292223850083, 46.963659341510208 ], [ 12.02593460877571, 46.964274571262017 ], [ 12.025000832778467, 46.964574747230813 ], [ 12.025243737800979, 46.964811203234454 ], [ 12.025996300963474, 46.964692810032318 ], [ 12.026178014150279, 46.965065180279801 ], [ 12.025055278476056, 46.965324896011893 ] ] ] } },
{ "type": "Feature", "properties": { "HOM_ID": 198.0, "NAME_D": "Klausenkees", "NAME_IT": null, "REGION": "Hohe Tauern", "ALT_MIN": 2786.0, "ALT_MAX": 2931.0, "ALT_MEDIAN": 2870.0, "area_km2": 0.0241449 }, "geometry": { "type": "Polygon", "coordinates": [ [ [ 12.024258309990712, 46.962405836957913 ], [ 12.025776791917639, 46.961659190297979 ], [ 12.025963783522759, 46.962239150037668 ], [ 12.026985412502723, 46.961874856744927 ], [ 12.026033189743597, 46.961056402043859 ], [ 12.024690462144415, 46.961021668644349 ], [ 12.023591135398204, 46.962157735323302 ], [ 12.024258309990712, 46.962405836957913 ] ] ] } },
{ "type": "Feature", "properties": { "HOM_ID": 200.0, "NAME_D": "Lengkees", "NAME_IT": null, "REGION": "Hohe Tauern", "ALT_MIN": 2705.0, "ALT_MAX": 2825.0, "ALT_MEDIAN": 2767.0, "area_km2": 0.0297326 }, "geometry": { "type": "Polygon", "coordinates": [ [ [ 12.125187964781475, 47.013770288813127 ], [ 12.12297760662547, 47.012687688659511 ], [ 12.120869000652291, 47.01264700706411 ], [ 12.121269027295561, 47.013984429931341 ], [ 12.122432754200952, 47.013425840248985 ], [ 12.122542110770475, 47.013771101393601 ], [ 12.125187964781475, 47.013770288813127 ] ] ] } },
{ "type": "Feature", "properties": { "HOM_ID": 201.0, "NAME_D": "Merbkees", "NAME_IT": null, "REGION": "Hohe Tauern", "ALT_MIN": 2539.0, "ALT_MAX": 2788.0, "ALT_MEDIAN": 2684.0, "area_km2": 0.054412 }, "geometry": { "type": "Polygon", "coordinates": [ [ [ 12.130264374731974, 47.022427237585013 ], [ 12.130826517922623, 47.022438643608588 ], [ 12.130668504306128, 47.02204412228658 ], [ 12.130235800608013, 47.022259723835852 ], [ 12.13057834754208, 47.020053850358913 ], [ 12.132364468756144, 47.019698106785796 ], [ 12.132877677368837, 47.019245919387224 ], [ 12.132881805777908, 47.018543362101987 ], [ 12.132230345940387, 47.018120683307338 ], [ 12.131219686260701, 47.018208474575992 ], [ 12.130320614085701, 47.018671213263012 ], [ 12.129548339923231, 47.019635283940723 ], [ 12.129571516640267, 47.022041395213598 ], [ 12.130264374731974, 47.022427237585013 ] ] ] } },
{ "type": "Feature", "properties": { "HOM_ID": 201.0, "NAME_D": "Merbkees", "NAME_IT": null, "REGION": "Hohe Tauern", "ALT_MIN": 2719.0, "ALT_MAX": 2803.0, "ALT_MEDIAN": 2761.0, "area_km2": 0.0125969 }, "geometry": { "type": "Polygon", "coordinates": [ [ [ 12.133708845466209, 47.019177893207775 ], [ 12.135235118173201, 47.018486016664852 ], [ 12.134815841208916, 47.017985555280404 ], [ 12.134310958690683, 47.017925572492437 ], [ 12.133319593174274, 47.01841705609975 ], [ 12.133708845466209, 47.019177893207775 ] ] ] } },
{ "type": "Feature", "properties": { "HOM_ID": 202.0, "NAME_D": "Roetfleckkees", "NAME_IT": "Vedretta di Valle Rossa", "REGION": "Hohe Tauern", "ALT_MIN": 2595.0, "ALT_MAX": 2959.0, "ALT_MEDIAN": 2746.0, "area_km2": 0.170542 }, "geometry": { "type": "Polygon", "coordinates": [ [ [ 12.149419417995443, 47.027796189496783 ], [ 12.150270219972171, 47.028054981059796 ], [ 12.150619049049881, 47.026764306640288 ], [ 12.151402460189358, 47.026023616572346 ], [ 12.152196309138674, 47.026150283212402 ], [ 12.152645702776729, 47.026626039836209 ], [ 12.154308940590965, 47.026604005071896 ], [ 12.153839099810025, 47.026279785502197 ], [ 12.154107457793042, 47.025496125418094 ], [ 12.154564880443646, 47.025576379251909 ], [ 12.154527533996834, 47.025120224470214 ], [ 12.155432894891046, 47.025238126656831 ], [ 12.157669791921739, 47.023201032313708 ], [ 12.157979298592467, 47.023173350370037 ], [ 12.158022527569482, 47.023519103838652 ], [ 12.159159912277261, 47.023055518539088 ], [ 12.159027948887719, 47.02356278033897 ], [ 12.159342414205275, 47.023476236648357 ], [ 12.159585934022775, 47.023886688076765 ], [ 12.160908984276217, 47.023235798458323 ], [ 12.160613858563529, 47.024016404197745 ], [ 12.161164116507786, 47.023074924529396 ], [ 12.161922730554465, 47.022569034451465 ], [ 12.161838884312917, 47.023035680702165 ], [ 12.162210508781618, 47.023137323880768 ], [ 12.162841359594921, 47.022381721439167 ], [ 12.162570226550738, 47.022257062049817 ], [ 12.16337643367595, 47.021758538381498 ], [ 12.163195484004945, 47.020759281840469 ], [ 12.162248257848898, 47.020521158582319 ], [ 12.159184235895104, 47.021786873201059 ], [ 12.157464561850775, 47.02302763276677 ], [ 12.15512712653333, 47.02402981034497 ], [ 12.154618988868258, 47.024722428685678 ], [ 12.153648559713343, 47.024918246227372 ], [ 12.152819699467251, 47.024502956646018 ], [ 12.151718443374561, 47.024777370044596 ], [ 12.151435281294999, 47.025694110899543 ], [ 12.150900258464192, 47.025596933111046 ], [ 12.150266002447339, 47.026002529846878 ], [ 12.149728023468697, 47.026938914569733 ], [ 12.148352696956383, 47.027888758302119 ], [ 12.148811434385863, 47.028109487498817 ], [ 12.149419417995443, 47.027796189496783 ] ] ] } },
{ "type": "Feature", "properties": { "HOM_ID": 203.0, "NAME_D": "Roetfleckkees", "NAME_IT": "Vedretta di Valle Rossa", "REGION": "Hohe Tauern", "ALT_MIN": 2670.0, "ALT_MAX": 2916.0, "ALT_MEDIAN": 2804.0, "area_km2": 0.0936739 }, "geometry": { "type": "Polygon", "coordinates": [ [ [ 12.165342312242647, 47.024977106285633 ], [ 12.165908030272121, 47.023368448413059 ], [ 12.166504373911989, 47.023136685808801 ], [ 12.166956698283007, 47.023766129107713 ], [ 12.168232980437224, 47.024255641236834 ], [ 12.168614098383083, 47.023811713199905 ], [ 12.170661232161715, 47.023688321756502 ], [ 12.170825473778999, 47.02334564319564 ], [ 12.170382577115898, 47.0228054862948 ], [ 12.169250457572536, 47.022327601000775 ], [ 12.165026957826138, 47.02215910246575 ], [ 12.163701961092379, 47.02309964450918 ], [ 12.163134588692257, 47.02415237339126 ], [ 12.165082081182167, 47.024286623534302 ], [ 12.165021450356578, 47.024909785938306 ], [ 12.165342312242647, 47.024977106285633 ] ] ] } },
{ "type": "Feature", "properties": { "HOM_ID": 205.0, "NAME_D": "Roetfleckkees", "NAME_IT": "Vedretta di Valle Rossa", "REGION": "Hohe Tauern", "ALT_MIN": 2667.0, "ALT_MAX": 2706.0, "ALT_MEDIAN": 2688.0, "area_km2": 0.000973938 }, "geometry": { "type": "Polygon", "coordinates": [ [ [ 12.174110159137291, 47.026839793189332 ], [ 12.174500494095657, 47.026522386433335 ], [ 12.174308980346835, 47.02637590093471 ], [ 12.174122996700444, 47.026395944030263 ], [ 12.174110159137291, 47.026839793189332 ] ] ] } },
{ "type": "Feature", "properties": { "HOM_ID": 205.0, "NAME_D": "Roetfleckkees", "NAME_IT": "Vedretta di Valle Rossa", "REGION": "Hohe Tauern", "ALT_MIN": 2704.0, "ALT_MAX": 2815.0, "ALT_MEDIAN": 2779.0, "area_km2": 0.00615393 }, "geometry": { "type": "Polygon", "coordinates": [ [ [ 12.175062342630524, 47.025447450930642 ], [ 12.175895520088433, 47.025345745277399 ], [ 12.176436794614366, 47.025078313303666 ], [ 12.175786116540083, 47.024910646763999 ], [ 12.174393171215058, 47.025613653552021 ], [ 12.175141772265702, 47.026315483226995 ], [ 12.175062342630524, 47.025447450930642 ] ] ] } },
{ "type": "Feature", "properties": { "HOM_ID": 203.0, "NAME_D": "Roetfleckkees", "NAME_IT": "Vedretta di Valle Rossa", "REGION": "Hohe Tauern", "ALT_MIN": 2922.0, "ALT_MAX": 3017.0, "ALT_MEDIAN": 2973.0, "area_km2": 0.0101486 }, "geometry": { "type": "Polygon", "coordinates": [ [ [ 12.172586215242585, 47.024799237232862 ], [ 12.173211055260465, 47.023979158499685 ], [ 12.172496754667458, 47.023865623389256 ], [ 12.170702128587866, 47.02460686929134 ], [ 12.172586215242585, 47.024799237232862 ] ] ] } },
{ "type": "Feature", "properties": { "HOM_ID": 202.0, "NAME_D": "Roetfleckkees", "NAME_IT": "Vedretta di Valle Rossa", "REGION": "Hohe Tauern", "ALT_MIN": 2936.0, "ALT_MAX": 3014.0, "ALT_MEDIAN": 2979.0, "area_km2": 0.00811638 }, "geometry": { "type": "Polygon", "coordinates": [ [ [ 12.164126846128092, 47.021692583206409 ], [ 12.165009914933787, 47.021022262570732 ], [ 12.164622645649828, 47.020214447931998 ], [ 12.164131601582067, 47.020448288767675 ], [ 12.164126846128092, 47.021692583206409 ] ] ] } },
{ "type": "Feature", "properties": { "HOM_ID": 204.0, "NAME_D": "Roetfleckkees", "NAME_IT": "Vedretta di Valle Rossa", "REGION": "Hohe Tauern", "ALT_MIN": 2703.0, "ALT_MAX": 2788.0, "ALT_MEDIAN": 2739.0, "area_km2": 0.00724249 }, "geometry": { "type": "Polygon", "coordinates": [ [ [ 12.169244434083792, 47.026297454922663 ], [ 12.170827815779239, 47.026225035103792 ], [ 12.171114432038058, 47.025844184213682 ], [ 12.169876526624726, 47.025686091972076 ], [ 12.169244434083792, 47.026297454922663 ] ] ] } },
{ "type": "Feature", "properties": { "HOM_ID": 205.0, "NAME_D": "Roetfleckkees", "NAME_IT": "Vedretta di Valle Rossa", "REGION": "Hohe Tauern", "ALT_MIN": 2841.0, "ALT_MAX": 2908.0, "ALT_MEDIAN": 2875.0, "area_km2": 0.00682069 }, "geometry": { "type": "Polygon", "coordinates": [ [ [ 12.177440014932413, 47.023794384668129 ], [ 12.176344018337819, 47.023867682063447 ], [ 12.176051340590632, 47.02439252251844 ], [ 12.176502074616231, 47.024594313421957 ], [ 12.177557739620825, 47.024193533488798 ], [ 12.177241933508988, 47.024035622285602 ], [ 12.177440014932413, 47.023794384668129 ] ] ] } },
{ "type": "Feature", "properties": { "HOM_ID": 207.0, "NAME_D": "Roetkees", "NAME_IT": "Vedretta Rossa", "REGION": "Hohe Tauern", "ALT_MIN": 2933.0, "ALT_MAX": 2965.0, "ALT_MEDIAN": 2944.0, "area_km2": 0.00148076 }, "geometry": { "type": "Polygon", "coordinates": [ [ [ 12.202071949342365, 47.035767612908593 ], [ 12.201369102296656, 47.035476777262417 ], [ 12.201117922093275, 47.035609532471049 ], [ 12.201707111436582, 47.035863546008848 ], [ 12.202071949342365, 47.035767612908593 ] ] ] } },
{ "type": "Feature", "properties": { "HOM_ID": 207.0, "NAME_D": "Roetkees", "NAME_IT": "Vedretta Rossa", "REGION": "Hohe Tauern", "ALT_MIN": 2621.0, "ALT_MAX": 3240.0, "ALT_MEDIAN": 2912.0, "area_km2": 0.480048 }, "geometry": { "type": "Polygon", "coordinates": [ [ [ 12.204737827002003, 47.035682678926584 ], [ 12.208782835670471, 47.034367515945085 ], [ 12.20924615799947, 47.033543788591544 ], [ 12.207922240795988, 47.03260701885042 ], [ 12.206845241048642, 47.032534823215414 ], [ 12.206589668586027, 47.03286106423969 ], [ 12.207362342882941, 47.033201343474985 ], [ 12.207640484217585, 47.032903041988995 ], [ 12.207864453559512, 47.033501580772096 ], [ 12.207252947584806, 47.033313943994422 ], [ 12.207519551869037, 47.033473628127766 ], [ 12.206930019362382, 47.033542065749756 ], [ 12.205831768316616, 47.033115660983007 ], [ 12.205401519789534, 47.032677674122674 ], [ 12.206075210031242, 47.032815983179511 ], [ 12.206120984439645, 47.032490265588642 ], [ 12.205369864470537, 47.032233310698103 ], [ 12.205127973854061, 47.031160820096581 ], [ 12.204512087263149, 47.030530393546982 ], [ 12.201343783832211, 47.029880932708323 ], [ 12.199241471530446, 47.030956505061738 ], [ 12.197840446372357, 47.030895666850732 ], [ 12.194749888901828, 47.031453486776783 ], [ 12.189649561046972, 47.031452931155883 ], [ 12.190635399299955, 47.032397871268806 ], [ 12.190069725211897, 47.03248984298834 ], [ 12.189639840123352, 47.032989969887154 ], [ 12.190644020404847, 47.03335962415921 ], [ 12.191219990791032, 47.033264981106768 ], [ 12.191086721989283, 47.03359968107106 ], [ 12.191904889722776, 47.033755444845518 ], [ 12.19264179775073, 47.034373037096401 ], [ 12.194488804484966, 47.034450061121213 ], [ 12.1954014185654, 47.033828328592904 ], [ 12.196655125323371, 47.033943318459599 ], [ 12.198533154188182, 47.033607467110514 ], [ 12.199831510224634, 47.033819635863551 ], [ 12.200896195304908, 47.033511253541434 ], [ 12.201854668575123, 47.033755886493609 ], [ 12.20156242105713, 47.033935509676454 ], [ 12.201851394694502, 47.034108391908049 ], [ 12.201518948793034, 47.034081978666677 ], [ 12.202671276087607, 47.034597394839729 ], [ 12.201614083593739, 47.03496130287143 ], [ 12.201846096970167, 47.035299604239832 ], [ 12.202547795401864, 47.034919929563706 ], [ 12.203338438132928, 47.035374029117122 ], [ 12.203670847826238, 47.035248519603236 ], [ 12.204737827002003, 47.035682678926584 ] ], [ [ 12.202845350632066, 47.033549567151688 ], [ 12.202059382007635, 47.033743013812114 ], [ 12.201275304063216, 47.033386349573924 ], [ 12.202845350632066, 47.033549567151688 ] ] ] } },
{ "type": "Feature", "properties": { "HOM_ID": 206.0, "NAME_D": "Roetkees", "NAME_IT": "Vedretta Rossa", "REGION": "Hohe Tauern", "ALT_MIN": 2587.0, "ALT_MAX": 2627.0, "ALT_MEDIAN": 2607.0, "area_km2": 0.00203057 }, "geometry": { "type": "Polygon", "coordinates": [ [ [ 12.181056696063425, 47.027791000337004 ], [ 12.180460299147985, 47.027834250891161 ], [ 12.180793272312856, 47.028280274443276 ], [ 12.18105216151389, 47.028276885690111 ], [ 12.181056696063425, 47.027791000337004 ] ] ] } },
{ "type": "Feature", "properties": { "HOM_ID": 206.0, "NAME_D": "Roetkees", "NAME_IT": "Vedretta Rossa", "REGION": "Hohe Tauern", "ALT_MIN": 2589.0, "ALT_MAX": 2676.0, "ALT_MEDIAN": 2623.0, "area_km2": 0.0104417 }, "geometry": { "type": "Polygon", "coordinates": [ [ [ 12.183868955171299, 47.028164804137745 ], [ 12.183579124538387, 47.027472805322496 ], [ 12.181605052802638, 47.027184420378617 ], [ 12.181397620107399, 47.027843668418463 ], [ 12.181827697059843, 47.027638832555674 ], [ 12.182373592711253, 47.027887184671144 ], [ 12.18262358863937, 47.027558771925648 ], [ 12.182687615175601, 47.028002746415218 ], [ 12.183868955171299, 47.028164804137745 ] ] ] } },
{ "type": "Feature", "properties": { "HOM_ID": 206.0, "NAME_D": "Roetkees", "NAME_IT": "Vedretta Rossa", "REGION": "Hohe Tauern", "ALT_MIN": 2653.0, "ALT_MAX": 3087.0, "ALT_MEDIAN": 2902.0, "area_km2": 0.223071 }, "geometry": { "type": "Polygon", "coordinates": [ [ [ 12.196499480682908, 47.030377094334291 ], [ 12.198769986758709, 47.029416702605921 ], [ 12.199250830316135, 47.028000457867883 ], [ 12.198093935191634, 47.027428939163492 ], [ 12.19277542189227, 47.027074589870296 ], [ 12.191174300246272, 47.026363383367745 ], [ 12.188085735299065, 47.02641973110115 ], [ 12.187060407269087, 47.026160178134177 ], [ 12.185526878644719, 47.026422433726978 ], [ 12.183805028848017, 47.027156144382268 ], [ 12.184475300609748, 47.02712558307244 ], [ 12.184771967907402, 47.027429257728585 ], [ 12.186090190977142, 47.027168723230936 ], [ 12.186364718862137, 47.027568257741088 ], [ 12.187526578270598, 47.027204431571477 ], [ 12.188397967022793, 47.027451603382346 ], [ 12.188347937119897, 47.026729120555423 ], [ 12.189115001342012, 47.026721788582918 ], [ 12.189949343176156, 47.027165237856323 ], [ 12.189050588743092, 47.027568901473707 ], [ 12.189857724043389, 47.02755592338454 ], [ 12.189388436267732, 47.027861892802918 ], [ 12.190566427077679, 47.028052875404242 ], [ 12.190575217894134, 47.027797539200172 ], [ 12.191273380305686, 47.027592333675031 ], [ 12.193994491467693, 47.028373618084494 ], [ 12.193114997442366, 47.028997630333244 ], [ 12.192918068501799, 47.029591039181994 ], [ 12.19152851740678, 47.029742204377904 ], [ 12.191747557203586, 47.03009803160846 ], [ 12.192324271571499, 47.029958119679875 ], [ 12.192649259880676, 47.030217122783533 ], [ 12.191845483358247, 47.030351228350668 ], [ 12.192897706074033, 47.030569508256619 ], [ 12.192756874917581, 47.030403898798177 ], [ 12.196499480682908, 47.030377094334291 ] ] ] } },
{ "type": "Feature", "properties": { "HOM_ID": 206.0, "NAME_D": "Roetkees", "NAME_IT": "Vedretta Rossa", "REGION": "Hohe Tauern", "ALT_MIN": 3107.0, "ALT_MAX": 3373.0, "ALT_MEDIAN": 3268.0, "area_km2": 0.0386022 }, "geometry": { "type": "Polygon", "coordinates": [ [ [ 12.199680025220793, 47.029232868634921 ], [ 12.200908091366474, 47.028246043387654 ], [ 12.201878459741391, 47.028818944819434 ], [ 12.202286594090056, 47.028609407968517 ], [ 12.202765438032589, 47.028853825017762 ], [ 12.203590075106801, 47.028597856487394 ], [ 12.203756438522536, 47.027747403514574 ], [ 12.201536703922608, 47.026925949352162 ], [ 12.200975205862711, 47.027086437226387 ], [ 12.201573862387951, 47.027643806820102 ], [ 12.199486290393434, 47.027577654646414 ], [ 12.200184146032193, 47.027943005016326 ], [ 12.200250612180339, 47.028525414565728 ], [ 12.199942887907653, 47.028364482400455 ], [ 12.199680025220793, 47.029232868634921 ] ] ] } },
{ "type": "Feature", "properties": { "HOM_ID": 208.0, "NAME_D": "Roetkees", "NAME_IT": "Vedretta Rossa", "REGION": "Hohe Tauern", "ALT_MIN": 2842.0, "ALT_MAX": 2863.0, "ALT_MEDIAN": 2852.0, "area_km2": 0.00043058 }, "geometry": { "type": "Polygon", "coordinates": [ [ [ 12.200183313023835, 47.03668620802889 ], [ 12.200189060550455, 47.036424243444031 ], [ 12.199972620326749, 47.036578882634416 ], [ 12.200183313023835, 47.03668620802889 ] ] ] } },
{ "type": "Feature", "properties": { "HOM_ID": 208.0, "NAME_D": "Roetkees", "NAME_IT": "Vedretta Rossa", "REGION": "Hohe Tauern", "ALT_MIN": 2819.0, "ALT_MAX": 2873.0, "ALT_MEDIAN": 2843.0, "area_km2": 0.00329189 }, "geometry": { "type": "Polygon", "coordinates": [ [ [ 12.200776086937012, 47.037600931327226 ], [ 12.201595326705538, 47.037322269789762 ], [ 12.200882207442076, 47.036895040244488 ], [ 12.200583932123045, 47.037323424376332 ], [ 12.200776086937012, 47.037600931327226 ] ] ] } },
{ "type": "Feature", "properties": { "HOM_ID": 208.0, "NAME_D": "Roetkees", "NAME_IT": "Vedretta Rossa", "REGION": "Hohe Tauern", "ALT_MIN": 2738.0, "ALT_MAX": 2858.0, "ALT_MEDIAN": 2780.0, "area_km2": 0.0070026 }, "geometry": { "type": "Polygon", "coordinates": [ [ [ 12.197494773532707, 47.037061106145799 ], [ 12.198743226217687, 47.037203365959911 ], [ 12.199014380017481, 47.036426188870358 ], [ 12.199438121728177, 47.036522920504652 ], [ 12.19966685329276, 47.036154584609193 ], [ 12.197992201251527, 47.03657287266396 ], [ 12.197302720163229, 47.037064569381094 ], [ 12.197290595073628, 47.037327789246945 ], [ 12.197494773532707, 47.037061106145799 ] ] ] } },
{ "type": "Feature", "properties": { "HOM_ID": 209.0, "NAME_D": "Virgilkees", "NAME_IT": null, "REGION": "Hohe Tauern", "ALT_MIN": 2929.0, "ALT_MAX": 2972.0, "ALT_MEDIAN": 2951.0, "area_km2": 0.00120026 }, "geometry": { "type": "Polygon", "coordinates": [ [ [ 12.210109909468834, 47.037240402612795 ], [ 12.209763096594479, 47.037404433384403 ], [ 12.209671558842548, 47.03750415334094 ], [ 12.210365040284596, 47.037591372101559 ], [ 12.210109909468834, 47.037240402612795 ] ] ] } },
{ "type": "Feature", "properties": { "HOM_ID": 209.0, "NAME_D": "Virgilkees", "NAME_IT": null, "REGION": "Hohe Tauern", "ALT_MIN": 2881.0, "ALT_MAX": 2937.0, "ALT_MEDIAN": 2911.0, "area_km2": 0.00308944 }, "geometry": { "type": "Polygon", "coordinates": [ [ [ 12.208188599228595, 47.037122852582016 ], [ 12.209322325068019, 47.037024381592254 ], [ 12.208807694396162, 47.036806414410663 ], [ 12.208188599228595, 47.037122852582016 ] ] ] } },
{ "type": "Feature", "properties": { "HOM_ID": 209.0, "NAME_D": "Virgilkees", "NAME_IT": null, "REGION": "Hohe Tauern", "ALT_MIN": 2501.0, "ALT_MAX": 2880.0, "ALT_MEDIAN": 2723.0, "area_km2": 0.151728 }, "geometry": { "type": "Polygon", "coordinates": [ [ [ 12.202387963863078, 47.042604356862604 ], [ 12.20361149285219, 47.041502860832729 ], [ 12.202727385598843, 47.041746206234293 ], [ 12.202370768959097, 47.041538073445679 ], [ 12.203355238422676, 47.040440889127765 ], [ 12.205059119976445, 47.040566992767786 ], [ 12.205453915316898, 47.04029638426578 ], [ 12.205218880178284, 47.040036277869042 ], [ 12.206117856559867, 47.039925365970817 ], [ 12.207181514585411, 47.039312958153751 ], [ 12.209702001428779, 47.038885094968656 ], [ 12.207369828230222, 47.036994129387786 ], [ 12.206573007834425, 47.036844545669553 ], [ 12.205198910625295, 47.037221178275736 ], [ 12.204743877651698, 47.03805543072103 ], [ 12.203750473832477, 47.038159451930611 ], [ 12.202273110152934, 47.039012673938124 ], [ 12.19979791034018, 47.039194462260461 ], [ 12.199903117713957, 47.039701090256898 ], [ 12.200201249672347, 47.039473683314107 ], [ 12.200521194873986, 47.039901678043741 ], [ 12.201192655806778, 47.039357128744129 ], [ 12.20279787129844, 47.039439445254061 ], [ 12.202213599712953, 47.040152294077011 ], [ 12.202623518136072, 47.040233259047753 ], [ 12.202308080858586, 47.040665937489877 ], [ 12.200769082232682, 47.041238847673036 ], [ 12.202061151925461, 47.041719135949606 ], [ 12.2019771128844, 47.042270110951819 ], [ 12.202317068574802, 47.041734832969176 ], [ 12.202583068684941, 47.041918832942073 ], [ 12.202387963863078, 47.042604356862604 ] ] ] } },
{ "type": "Feature", "properties": { "HOM_ID": 210.0, "NAME_D": "Virgilkees", "NAME_IT": null, "REGION": "Hohe Tauern", "ALT_MIN": 2623.0, "ALT_MAX": 2803.0, "ALT_MEDIAN": 2684.0, "area_km2": 0.0495717 }, "geometry": { "type": "Polygon", "coordinates": [ [ [ 12.21162760088259, 47.044376790216724 ], [ 12.212709414949835, 47.043974356894815 ], [ 12.210852977279812, 47.043731804399407 ], [ 12.208726618361778, 47.042981863494688 ], [ 12.206869177051475, 47.043121153966375 ], [ 12.207658066036892, 47.043511397597861 ], [ 12.207001595844506, 47.044065565830486 ], [ 12.207270248673735, 47.044336165594032 ], [ 12.209896809747292, 47.044394656750505 ], [ 12.210776282773493, 47.044840011885434 ], [ 12.211668979497054, 47.044695896184223 ], [ 12.21162760088259, 47.044376790216724 ] ] ] } },
{ "type": "Feature", "properties": { "HOM_ID": 209.0, "NAME_D": "Virgilkees", "NAME_IT": null, "REGION": "Hohe Tauern", "ALT_MIN": 2784.0, "ALT_MAX": 2935.0, "ALT_MEDIAN": 2854.0, "area_km2": 0.0222701 }, "geometry": { "type": "Polygon", "coordinates": [ [ [ 12.209102234399321, 47.041619507328228 ], [ 12.211071760301396, 47.041101701156379 ], [ 12.21136180116623, 47.040490922281535 ], [ 12.209884549300655, 47.04048475605385 ], [ 12.210564500175954, 47.040322806159736 ], [ 12.210248554139145, 47.040107841688226 ], [ 12.208795170985651, 47.040150996643355 ], [ 12.209363997301402, 47.040458880492587 ], [ 12.208419917265026, 47.041739477202114 ], [ 12.208614883809441, 47.04210928302669 ], [ 12.209102234399321, 47.041619507328228 ] ] ] } },
{ "type": "Feature", "properties": { "HOM_ID": 211.0, "NAME_D": "Windtalkees", "NAME_IT": null, "REGION": "Hohe Tauern", "ALT_MIN": 2914.0, "ALT_MAX": 2917.0, "ALT_MEDIAN": 2915.0, "area_km2": 3.52934e-05 }, "geometry": { "type": "Polygon", "coordinates": [ [ [ 12.211571275921493, 47.057226848821671 ], [ 12.211480909038245, 47.05723057613109 ], [ 12.211551309254704, 47.057271460933173 ], [ 12.211571275921493, 47.057226848821671 ] ] ] } },
{ "type": "Feature", "properties": { "HOM_ID": 211.0, "NAME_D": "Windtalkees", "NAME_IT": null, "REGION": "Hohe Tauern", "ALT_MIN": 2907.0, "ALT_MAX": 2912.0, "ALT_MEDIAN": 2909.0, "area_km2": 5.33535e-05 }, "geometry": { "type": "Polygon", "coordinates": [ [ [ 12.210825069222475, 47.057157254573831 ], [ 12.210703340329678, 47.057064088912256 ], [ 12.210671301023414, 47.057072846558995 ], [ 12.210825069222475, 47.057157254573831 ] ] ] } },
{ "type": "Feature", "properties": { "HOM_ID": 211.0, "NAME_D": "Windtalkees", "NAME_IT": null, "REGION": "Hohe Tauern", "ALT_MIN": 2980.0, "ALT_MAX": 2987.0, "ALT_MEDIAN": 2985.0, "area_km2": 7.96447e-05 }, "geometry": { "type": "Polygon", "coordinates": [ [ [ 12.211487475492499, 47.05827124062607 ], [ 12.211783841638463, 47.058367216660642 ], [ 12.211728919907873, 47.058323040088005 ], [ 12.211487475492499, 47.05827124062607 ] ] ] } },
{ "type": "Feature", "properties": { "HOM_ID": 211.0, "NAME_D": "Windtalkees", "NAME_IT": null, "REGION": "Hohe Tauern", "ALT_MIN": 2920.0, "ALT_MAX": 2925.0, "ALT_MEDIAN": 2922.0, "area_km2": 0.000102377 }, "geometry": { "type": "Polygon", "coordinates": [ [ [ 12.211575371536982, 47.057418934598601 ], [ 12.211481073704153, 47.057291291443271 ], [ 12.211355110795763, 47.057311495482125 ], [ 12.211575371536982, 47.057418934598601 ] ] ] } },
{ "type": "Feature", "properties": { "HOM_ID": 211.0, "NAME_D": "Windtalkees", "NAME_IT": null, "REGION": "Hohe Tauern", "ALT_MIN": 2827.0, "ALT_MAX": 2830.0, "ALT_MEDIAN": 2828.0, "area_km2": 0.000102532 }, "geometry": { "type": "Polygon", "coordinates": [ [ [ 12.210588518998097, 47.055750405146355 ], [ 12.210794017455605, 47.05576926128844 ], [ 12.21063223200165, 47.055683268384719 ], [ 12.210588518998097, 47.055750405146355 ] ] ] } },
{ "type": "Feature", "properties": { "HOM_ID": 211.0, "NAME_D": "Windtalkees", "NAME_IT": null, "REGION": "Hohe Tauern", "ALT_MIN": 2902.0, "ALT_MAX": 2909.0, "ALT_MEDIAN": 2906.0, "area_km2": 0.00018244 }, "geometry": { "type": "Polygon", "coordinates": [ [ [ 12.211646161917963, 47.057110450747061 ], [ 12.211718993311559, 47.057064097204936 ], [ 12.211507524156893, 47.057122676156744 ], [ 12.211646161917963, 47.057110450747061 ] ] ] } },
{ "type": "Feature", "properties": { "HOM_ID": 211.0, "NAME_D": "Windtalkees", "NAME_IT": null, "REGION": "Hohe Tauern", "ALT_MIN": 2959.0, "ALT_MAX": 2972.0, "ALT_MEDIAN": 2966.0, "area_km2": 0.000209287 }, "geometry": { "type": "Polygon", "coordinates": [ [ [ 12.209604482200783, 47.058150255890503 ], [ 12.209844214065816, 47.058109796785345 ], [ 12.209629506943696, 47.058015811451959 ], [ 12.209604482200783, 47.058150255890503 ] ] ] } },
{ "type": "Feature", "properties": { "HOM_ID": 211.0, "NAME_D": "Windtalkees", "NAME_IT": null, "REGION": "Hohe Tauern", "ALT_MIN": 2860.0, "ALT_MAX": 2868.0, "ALT_MEDIAN": 2865.0, "area_km2": 0.000804187 }, "geometry": { "type": "Polygon", "coordinates": [ [ [ 12.211886907590873, 47.056533956837633 ], [ 12.212458153342364, 47.056270275056868 ], [ 12.2124913888766, 47.056214576079874 ], [ 12.21219482413521, 47.056091938718787 ], [ 12.211886907590873, 47.056533956837633 ] ] ] } },
{ "type": "Feature", "properties": { "HOM_ID": 211.0, "NAME_D": "Windtalkees", "NAME_IT": null, "REGION": "Hohe Tauern", "ALT_MIN": 2834.0, "ALT_MAX": 2845.0, "ALT_MEDIAN": 2840.0, "area_km2": 0.00141976 }, "geometry": { "type": "Polygon", "coordinates": [ [ [ 12.211232274754748, 47.056130946383142 ], [ 12.21151677225334, 47.055960088109259 ], [ 12.211800046665051, 47.055490665736606 ], [ 12.211061069186018, 47.055717141444404 ], [ 12.211232274754748, 47.056130946383142 ] ] ] } },
{ "type": "Feature", "properties": { "HOM_ID": 211.0, "NAME_D": "Windtalkees", "NAME_IT": null, "REGION": "Hohe Tauern", "ALT_MIN": 2924.0, "ALT_MAX": 2949.0, "ALT_MEDIAN": 2934.0, "area_km2": 0.00179046 }, "geometry": { "type": "Polygon", "coordinates": [ [ [ 12.209982534169873, 47.057827850291368 ], [ 12.210940133320074, 47.057618486114642 ], [ 12.210394169589755, 47.057392833036026 ], [ 12.209982534169873, 47.057827850291368 ] ] ] } },
{ "type": "Feature", "properties": { "HOM_ID": 211.0, "NAME_D": "Windtalkees", "NAME_IT": null, "REGION": "Hohe Tauern", "ALT_MIN": 2867.0, "ALT_MAX": 3025.0, "ALT_MEDIAN": 2957.0, "area_km2": 0.0553328 }, "geometry": { "type": "Polygon", "coordinates": [ [ [ 12.212663219851221, 47.058359709781705 ], [ 12.215410770293266, 47.057695803525519 ], [ 12.21578421846862, 47.057011436346066 ], [ 12.215386936528098, 47.056315394795234 ], [ 12.215861513330886, 47.056211571464573 ], [ 12.215305723452543, 47.055834299757855 ], [ 12.215612404890932, 47.056182856251226 ], [ 12.214311737326421, 47.056281315713996 ], [ 12.214008634342886, 47.055644534007527 ], [ 12.213156586655909, 47.055323197736698 ], [ 12.21300589998304, 47.056543016644916 ], [ 12.212372633791265, 47.057137042497772 ], [ 12.21270387197707, 47.057587068959243 ], [ 12.211993732331702, 47.058061812261293 ], [ 12.212663219851221, 47.058359709781705 ] ] ] } },
{ "type": "Feature", "properties": { "HOM_ID": 211.0, "NAME_D": "Windtalkees", "NAME_IT": null, "REGION": "Hohe Tauern", "ALT_MIN": 2762.0, "ALT_MAX": 2920.0, "ALT_MEDIAN": 2828.0, "area_km2": 0.0166319 }, "geometry": { "type": "Polygon", "coordinates": [ [ [ 12.211997323463637, 47.048740768900259 ], [ 12.212255575009902, 47.048307764420016 ], [ 12.213232183532954, 47.048350346168881 ], [ 12.21288988032286, 47.048149940189866 ], [ 12.213953553785412, 47.047728598926518 ], [ 12.214849883433729, 47.046744650126719 ], [ 12.213984174365962, 47.046806820085834 ], [ 12.2139684537458, 47.04706680923384 ], [ 12.211843504012895, 47.047995613038438 ], [ 12.211668566464796, 47.04866141895927 ], [ 12.211997323463637, 47.048740768900259 ] ] ] } },
{ "type": "Feature", "properties": { "HOM_ID": 211.0, "NAME_D": "Windtalkees", "NAME_IT": null, "REGION": "Hohe Tauern", "ALT_MIN": 2804.0, "ALT_MAX": 2862.0, "ALT_MEDIAN": 2821.0, "area_km2": 0.00330381 }, "geometry": { "type": "Polygon", "coordinates": [ [ [ 12.214064611389075, 47.053641214058402 ], [ 12.213373681547312, 47.053087279425498 ], [ 12.212340798010565, 47.05268455347916 ], [ 12.213524042025906, 47.053620681995689 ], [ 12.214064611389075, 47.053641214058402 ] ] ] } },
{ "type": "Feature", "properties": { "HOM_ID": 211.0, "NAME_D": "Windtalkees", "NAME_IT": null, "REGION": "Hohe Tauern", "ALT_MIN": 2816.0, "ALT_MAX": 2861.0, "ALT_MEDIAN": 2833.0, "area_km2": 0.00449603 }, "geometry": { "type": "Polygon", "coordinates": [ [ [ 12.213689589345902, 47.054486375154241 ], [ 12.213939896954919, 47.053908107766489 ], [ 12.213038944066628, 47.053807910471221 ], [ 12.213038060993201, 47.054209520950273 ], [ 12.213689589345902, 47.054486375154241 ] ] ] } },
{ "type": "Feature", "properties": { "HOM_ID": 211.0, "NAME_D": "Windtalkees", "NAME_IT": null, "REGION": "Hohe Tauern", "ALT_MIN": 2679.0, "ALT_MAX": 2703.0, "ALT_MEDIAN": 2689.0, "area_km2": 0.0015918 }, "geometry": { "type": "Polygon", "coordinates": [ [ [ 12.21164097921856, 47.050773148353677 ], [ 12.210976970874867, 47.050622722915108 ], [ 12.210650263752859, 47.050867627860917 ], [ 12.21164097921856, 47.050773148353677 ] ] ] } },
{ "type": "Feature", "properties": { "HOM_ID": 212.0, "NAME_D": "Gamstodkees", "NAME_IT": null, "REGION": "Hohe Tauern", "ALT_MIN": 2805.0, "ALT_MAX": 2882.0, "ALT_MEDIAN": 2849.0, "area_km2": 0.00701295 }, "geometry": { "type": "Polygon", "coordinates": [ [ [ 12.204760286234112, 47.058836121513657 ], [ 12.205059316420975, 47.057501243377992 ], [ 12.204701329645749, 47.057388403376244 ], [ 12.204204892705343, 47.057895209238737 ], [ 12.203396198462844, 47.057517819518473 ], [ 12.204760286234112, 47.058836121513657 ] ] ] } },
{ "type": "Feature", "properties": { "HOM_ID": 213.0, "NAME_D": "Kerrakees", "NAME_IT": null, "REGION": "Hohe Tauern", "ALT_MIN": 2519.0, "ALT_MAX": 3070.0, "ALT_MEDIAN": 2757.0, "area_km2": 0.1464 }, "geometry": { "type": "Polygon", "coordinates": [ [ [ 12.19971458774479, 47.064955982944731 ], [ 12.201252241063205, 47.065074888961327 ], [ 12.201068403363228, 47.064077323279705 ], [ 12.201735544554586, 47.063556706570864 ], [ 12.204316085643988, 47.063472326530778 ], [ 12.205028550527086, 47.063963368763567 ], [ 12.206224287751731, 47.063826046818775 ], [ 12.207003312346224, 47.062987472326405 ], [ 12.206890558983671, 47.062328192281392 ], [ 12.208829734269109, 47.061428506551138 ], [ 12.210231416240235, 47.059761418789968 ], [ 12.210075040582046, 47.059420536582927 ], [ 12.208791469654422, 47.059108893188935 ], [ 12.208350126536583, 47.059592741827259 ], [ 12.206444279461408, 47.060408144320689 ], [ 12.2056794058677, 47.061069997315371 ], [ 12.205866014344164, 47.061450517865438 ], [ 12.205369343769737, 47.062290698959096 ], [ 12.201712687608337, 47.062908834748583 ], [ 12.199805833784655, 47.062838360536837 ], [ 12.198681274496893, 47.063410687772013 ], [ 12.19874678105429, 47.064213689982658 ], [ 12.200908210697589, 47.063357930536384 ], [ 12.200873435777686, 47.063894190031668 ], [ 12.19971458774479, 47.064955982944731 ] ], [ [ 12.205919005920922, 47.06247876897843 ], [ 12.206330012164155, 47.061633842302349 ], [ 12.206673180434654, 47.061618272197485 ], [ 12.205919005920922, 47.06247876897843 ] ] ] } },
{ "type": "Feature", "properties": { "HOM_ID": 214.0, "NAME_D": "Rosshufkees", "NAME_IT": null, "REGION": "Hohe Tauern", "ALT_MIN": 2588.0, "ALT_MAX": 3034.0, "ALT_MEDIAN": 2788.0, "area_km2": 0.13964 }, "geometry": { "type": "Polygon", "coordinates": [ [ [ 12.20686999610464, 47.065878811251935 ], [ 12.208598416279171, 47.065587472541694 ], [ 12.208929775182753, 47.064954313286982 ], [ 12.209610843965631, 47.064863774251428 ], [ 12.20999865170627, 47.06528626711475 ], [ 12.211227850851245, 47.064392290378912 ], [ 12.21218864512614, 47.062803637600588 ], [ 12.211871796476833, 47.06205198047649 ], [ 12.212415196283954, 47.062048630746553 ], [ 12.213314756846778, 47.061478081692201 ], [ 12.213000786867962, 47.061124485167177 ], [ 12.21358105272218, 47.060517657985208 ], [ 12.213393450595349, 47.059947636411408 ], [ 12.211999195819716, 47.059882016443211 ], [ 12.212165166204931, 47.060034514531885 ], [ 12.208745794112362, 47.062571646603224 ], [ 12.209018784636795, 47.062607319846286 ], [ 12.207891857554891, 47.063512811295077 ], [ 12.207114653517332, 47.065136173045374 ], [ 12.20686999610464, 47.065878811251935 ] ] ] } },
{ "type": "Feature", "properties": { "HOM_ID": 215.0, "NAME_D": "Lahnerkees Aeusseres", "NAME_IT": "Vedretta di Lana", "REGION": "Hohe Tauern", "ALT_MIN": 2750.0, "ALT_MAX": 2777.0, "ALT_MEDIAN": 2763.0, "area_km2": 0.00151007 }, "geometry": { "type": "Polygon", "coordinates": [ [ [ 12.224314643389413, 47.066879523708231 ], [ 12.225063384487692, 47.066813178034622 ], [ 12.224258475246121, 47.066757286365529 ], [ 12.224314643389413, 47.066879523708231 ] ] ] } },
{ "type": "Feature", "properties": { "HOM_ID": 215.0, "NAME_D": "Lahnerkees Aeusseres", "NAME_IT": "Vedretta di Lana", "REGION": "Hohe Tauern", "ALT_MIN": 2383.0, "ALT_MAX": 3160.0, "ALT_MEDIAN": 2760.0, "area_km2": 0.922201 }, "geometry": { "type": "Polygon", "coordinates": [ [ [ 12.210767119867526, 47.069611123042669 ], [ 12.216018958012604, 47.06761234179303 ], [ 12.216289563675929, 47.066897528203874 ], [ 12.218165790868218, 47.066994782783809 ], [ 12.220279615913011, 47.066240956299062 ], [ 12.222054382655417, 47.065993887851022 ], [ 12.223738058861102, 47.066175051278847 ], [ 12.224380815198494, 47.066604598743538 ], [ 12.225444777078145, 47.066550023368549 ], [ 12.225817200101618, 47.067234824181895 ], [ 12.225054688740396, 47.067534918253656 ], [ 12.224551332554258, 47.067394329478446 ], [ 12.225116456093115, 47.067749863228961 ], [ 12.224211787199932, 47.068094685907468 ], [ 12.22313652916232, 47.068005924084638 ], [ 12.222401732633751, 47.067552769365932 ], [ 12.221714588786597, 47.067831667767784 ], [ 12.221975257338178, 47.068224363703365 ], [ 12.220834848953366, 47.068442205040206 ], [ 12.220983789768214, 47.068773756558699 ], [ 12.222744702908761, 47.068884375526899 ], [ 12.224120634866035, 47.068613446288055 ], [ 12.22536962580498, 47.069030030115002 ], [ 12.226113745596553, 47.06848281128029 ], [ 12.227915684557914, 47.068081955168587 ], [ 12.230858798465986, 47.068497023401292 ], [ 12.234121051962118, 47.068357230094229 ], [ 12.234867518613468, 47.068195637239548 ], [ 12.235012339608701, 47.067479573056339 ], [ 12.235314633693276, 47.067694854442465 ], [ 12.235406045475131, 47.067477964492859 ], [ 12.234811619830337, 47.066467059261583 ], [ 12.233884689315103, 47.066007504585528 ], [ 12.234122651737374, 47.065793616215153 ], [ 12.23266812389655, 47.065310865288644 ], [ 12.230251640620715, 47.065286252849141 ], [ 12.229551524550695, 47.065003608673521 ], [ 12.229639823901598, 47.06467727696301 ], [ 12.226089821355055, 47.064463118971808 ], [ 12.225228376887976, 47.063989742088069 ], [ 12.223842330469264, 47.064293116257254 ], [ 12.222462483192521, 47.064179594924546 ], [ 12.221175980019416, 47.063649104433082 ], [ 12.222370555597438, 47.063117801069509 ], [ 12.225563208328303, 47.062497944421956 ], [ 12.225702369167559, 47.061743952290541 ], [ 12.225059232668613, 47.061307279862703 ], [ 12.222665811661164, 47.061084219969665 ], [ 12.220446256243845, 47.061606284530733 ], [ 12.219158708500665, 47.063254570848997 ], [ 12.214927223376062, 47.064395075208964 ], [ 12.215431423618551, 47.063392721200714 ], [ 12.216457509136079, 47.063013847541193 ], [ 12.216389342423962, 47.062691924971901 ], [ 12.216939101791679, 47.062909822793024 ], [ 12.21791351640096, 47.062599061114014 ], [ 12.220199160286249, 47.060979371444105 ], [ 12.221253710261172, 47.06061155878151 ], [ 12.219761313767597, 47.060213051884602 ], [ 12.217929769016784, 47.060928927884881 ], [ 12.217457663421104, 47.061572024642615 ], [ 12.217071485520135, 47.060728640101921 ], [ 12.217454940312034, 47.060369610940349 ], [ 12.217215822065516, 47.06008761832625 ], [ 12.217212456416176, 47.060465723802594 ], [ 12.216496213116004, 47.060072133690682 ], [ 12.215020153509638, 47.060804161838007 ], [ 12.21411989341644, 47.062115584851348 ], [ 12.212980985491948, 47.062994080208689 ], [ 12.212638863253105, 47.06425753090457 ], [ 12.210478901462054, 47.067058472890672 ], [ 12.208624829518536, 47.067988849081011 ], [ 12.208623888824267, 47.068817282936585 ], [ 12.208899819686955, 47.068261875988384 ], [ 12.209546436795835, 47.068365773202416 ], [ 12.20933600879281, 47.068979787007315 ], [ 12.210271445170241, 47.068829722679418 ], [ 12.21125286856295, 47.068125929795478 ], [ 12.211857309412673, 47.068180397977166 ], [ 12.211471819446013, 47.06915916290906 ], [ 12.210767119867526, 47.069611123042669 ] ], [ [ 12.232682051638028, 47.065598593929657 ], [ 12.233044838888679, 47.065662159004532 ], [ 12.233719351648981, 47.066212195832492 ], [ 12.233060926983274, 47.065985543590415 ], [ 12.232682051638028, 47.065598593929657 ] ], [ [ 12.225292126117564, 47.06754251203165 ], [ 12.225235851805142, 47.067591721102154 ], [ 12.225081768067401, 47.067579396303536 ], [ 12.225292126117564, 47.06754251203165 ] ] ] } },
{ "type": "Feature", "properties": { "HOM_ID": 215.0, "NAME_D": "Lahnerkees Aeusseres", "NAME_IT": "Vedretta di Lana", "REGION": "Hohe Tauern", "ALT_MIN": 3260.0, "ALT_MAX": 3289.0, "ALT_MEDIAN": 3270.0, "area_km2": 0.000701866 }, "geometry": { "type": "Polygon", "coordinates": [ [ [ 12.237076998217853, 47.067224367228469 ], [ 12.237353518729885, 47.066985568905636 ], [ 12.236728209730312, 47.066903251998085 ], [ 12.236694251481323, 47.067004221688364 ], [ 12.237076998217853, 47.067224367228469 ] ] ] } },
{ "type": "Feature", "properties": { "HOM_ID": 215.0, "NAME_D": "Lahnerkees Aeusseres", "NAME_IT": "Vedretta di Lana", "REGION": "Hohe Tauern", "ALT_MIN": 3220.0, "ALT_MAX": 3261.0, "ALT_MEDIAN": 3240.0, "area_km2": 0.0010838 }, "geometry": { "type": "Polygon", "coordinates": [ [ [ 12.23627171881331, 47.067335251989341 ], [ 12.236863312156109, 47.067464958260054 ], [ 12.237057715768826, 47.067423740126515 ], [ 12.236624462124299, 47.067175259601832 ], [ 12.23627171881331, 47.067335251989341 ] ] ] } },
{ "type": "Feature", "properties": { "HOM_ID": 215.0, "NAME_D": "Lahnerkees Aeusseres", "NAME_IT": "Vedretta di Lana", "REGION": "Hohe Tauern", "ALT_MIN": 3240.0, "ALT_MAX": 3494.0, "ALT_MEDIAN": 3350.0, "area_km2": 0.0776928 }, "geometry": { "type": "MultiPolygon", "coordinates": [ [ [ [ 12.238206553158676, 47.065702903950722 ], [ 12.238303946314677, 47.065745865736268 ], [ 12.238210160395422, 47.065670417379067 ], [ 12.238206553158676, 47.065702903950722 ] ] ], [ [ [ 12.237991677479165, 47.065699460248041 ], [ 12.238147992492864, 47.065702656183142 ], [ 12.237975225009537, 47.065658017939356 ], [ 12.237991677479165, 47.065699460248041 ] ] ], [ [ [ 12.236884070593991, 47.065290380869527 ], [ 12.235278376965123, 47.065798697738956 ], [ 12.236466627140713, 47.066857762686062 ], [ 12.236803194184562, 47.066531545054779 ], [ 12.237931459620468, 47.067106818262488 ], [ 12.23746964984238, 47.067803949498348 ], [ 12.238132816808267, 47.067935671929767 ], [ 12.2381045740155, 47.068113630964561 ], [ 12.23670899772172, 47.068557824001594 ], [ 12.237130025810499, 47.068776886367814 ], [ 12.236581133680454, 47.068999834683673 ], [ 12.238775055582352, 47.069070797980324 ], [ 12.239189243989323, 47.069406722807159 ], [ 12.238915031318037, 47.069698061503516 ], [ 12.239477358151641, 47.069720062855467 ], [ 12.240686826486067, 47.069119092731654 ], [ 12.239490516497655, 47.06904927233758 ], [ 12.240162553049826, 47.068287077585765 ], [ 12.240090595565627, 47.067853575657523 ], [ 12.238711522776155, 47.066168654551078 ], [ 12.236884070593991, 47.065290380869527 ] ], [ [ 12.239490900080092, 47.069332830720121 ], [ 12.239478296624718, 47.069216986362939 ], [ 12.239592512435204, 47.069261375966001 ], [ 12.239490900080092, 47.069332830720121 ] ], [ [ 12.237500037416321, 47.068489248012 ], [ 12.237680833581253, 47.068482227499132 ], [ 12.237567740699596, 47.068548290630545 ], [ 12.237500037416321, 47.068489248012 ] ] ] ] } },
{ "type": "Feature", "properties": { "HOM_ID": 216.0, "NAME_D": "Prettaukees", "NAME_IT": "Vedretta di Predoi", "REGION": "Hohe Tauern", "ALT_MIN": 2506.0, "ALT_MAX": 3127.0, "ALT_MEDIAN": 2746.0, "area_km2": 0.521005 }, "geometry": { "type": "Polygon", "coordinates": [ [ [ 12.220530269980067, 47.077006148643051 ], [ 12.221798007591449, 47.076573278746025 ], [ 12.221942654923371, 47.076197743440019 ], [ 12.22290728022271, 47.07624105779248 ], [ 12.225116812506004, 47.074707806947607 ], [ 12.226787237877042, 47.074499069643402 ], [ 12.226640985220266, 47.074085732906269 ], [ 12.227146461287241, 47.073821930011412 ], [ 12.227559508105506, 47.07438175880435 ], [ 12.228511915737489, 47.074661582042502 ], [ 12.231026098961996, 47.074634899033306 ], [ 12.231292116136647, 47.074365458088735 ], [ 12.230526467546483, 47.07265596959865 ], [ 12.229206855409451, 47.072187339896978 ], [ 12.228662442262495, 47.070965571251648 ], [ 12.231922384830838, 47.071021162704561 ], [ 12.232516060072875, 47.070505297558441 ], [ 12.233909709219718, 47.070227797432288 ], [ 12.234418564519739, 47.0691347429809 ], [ 12.231372708341423, 47.068583607796363 ], [ 12.230485536590759, 47.06889678327375 ], [ 12.226948567405554, 47.069179947098029 ], [ 12.225102330749369, 47.06969633318954 ], [ 12.218336369285707, 47.072704728111084 ], [ 12.21796201463226, 47.073548666419875 ], [ 12.219210389270835, 47.073239930356792 ], [ 12.219978180713996, 47.073344310088771 ], [ 12.220681913808685, 47.072876842786471 ], [ 12.220882838968324, 47.073318846320163 ], [ 12.220430197882322, 47.07378877186833 ], [ 12.221510343705381, 47.074324152791526 ], [ 12.219637670838056, 47.075903074019251 ], [ 12.218450863291293, 47.076047903244223 ], [ 12.218379272018117, 47.076652827878711 ], [ 12.220490153259304, 47.076514377063162 ], [ 12.220530269980067, 47.077006148643051 ] ] ] } },
{ "type": "Feature", "properties": { "HOM_ID": 216.0, "NAME_D": "Prettaukees", "NAME_IT": "Vedretta di Predoi", "REGION": "Hohe Tauern", "ALT_MIN": 3124.0, "ALT_MAX": 3403.0, "ALT_MEDIAN": 3287.0, "area_km2": 0.0637495 }, "geometry": { "type": "Polygon", "coordinates": [ [ [ 12.235161148193008, 47.073105748743444 ], [ 12.236199493282719, 47.072830647123716 ], [ 12.237408897679044, 47.071508218830935 ], [ 12.238778224147001, 47.071214678352646 ], [ 12.23868622862223, 47.070617227875395 ], [ 12.239106099628735, 47.070471996014305 ], [ 12.237957238838257, 47.070090192087413 ], [ 12.236565540964783, 47.070186718225202 ], [ 12.235297625045904, 47.071101230525343 ], [ 12.236050890206236, 47.071511395411918 ], [ 12.235274986310246, 47.0715904875671 ], [ 12.234698146626558, 47.072309242380769 ], [ 12.23395399865592, 47.072337421873939 ], [ 12.233250916997209, 47.07195011337739 ], [ 12.233814249845439, 47.072331847558239 ], [ 12.233404305308225, 47.072583932134954 ], [ 12.233762075128469, 47.072966713188009 ], [ 12.235161148193008, 47.073105748743444 ] ] ] } },
{ "type": "Feature", "properties": { "HOM_ID": 217.0, "NAME_D": null, "NAME_IT": null, "REGION": "Rieserfernergruppe", "ALT_MIN": 2659.0, "ALT_MAX": 2766.0, "ALT_MEDIAN": 2707.0, "area_km2": 0.0230912 }, "geometry": { "type": "Polygon", "coordinates": [ [ [ 12.0153557621815, 46.892852429431002 ], [ 12.015115484807517, 46.89215658459581 ], [ 12.014297424521388, 46.891582849719477 ], [ 12.013019642158854, 46.891405187525898 ], [ 12.011949442101979, 46.891600058452354 ], [ 12.013456482970486, 46.892474857165027 ], [ 12.0153557621815, 46.892852429431002 ] ] ] } },
{ "type": "Feature", "properties": { "HOM_ID": 218.0, "NAME_D": null, "NAME_IT": null, "REGION": "Rieserfernergruppe", "ALT_MIN": 2824.0, "ALT_MAX": 2849.0, "ALT_MEDIAN": 2838.0, "area_km2": 0.00199309 }, "geometry": { "type": "Polygon", "coordinates": [ [ [ 12.029453777963189, 46.892949869327957 ], [ 12.02936050614418, 46.892669549504902 ], [ 12.028577869699518, 46.892115586741141 ], [ 12.028815686000385, 46.892617304693715 ], [ 12.029453777963189, 46.892949869327957 ] ] ] } },
{ "type": "Feature", "properties": { "HOM_ID": 218.0, "NAME_D": null, "NAME_IT": null, "REGION": "Rieserfernergruppe", "ALT_MIN": 2834.0, "ALT_MAX": 2849.0, "ALT_MEDIAN": 2841.0, "area_km2": 0.000264304 }, "geometry": { "type": "Polygon", "coordinates": [ [ [ 12.02967994139742, 46.893159471406634 ], [ 12.029547091730604, 46.893128012848209 ], [ 12.029555451335323, 46.893366598993929 ], [ 12.02967994139742, 46.893159471406634 ] ] ] } },
{ "type": "Feature", "properties": { "HOM_ID": 219.0, "NAME_D": "Althauskees", "NAME_IT": "Vedretta di Casavecchia", "REGION": "Rieserfernergruppe", "ALT_MIN": 2464.0, "ALT_MAX": 2793.0, "ALT_MEDIAN": 2596.0, "area_km2": 0.186828 }, "geometry": { "type": "Polygon", "coordinates": [ [ [ 12.032686883773408, 46.893816258601241 ], [ 12.033703729036578, 46.894353634313319 ], [ 12.034332494837926, 46.893985015104384 ], [ 12.034939496200785, 46.894768989972022 ], [ 12.036099400674789, 46.89503404504692 ], [ 12.036351732263077, 46.896549021542739 ], [ 12.036685111128119, 46.896178872908301 ], [ 12.037884959838253, 46.896111293008964 ], [ 12.037987715900444, 46.896822920141602 ], [ 12.038713101236691, 46.897210834447264 ], [ 12.0399181305008, 46.897050228046325 ], [ 12.040487759881156, 46.897263681425244 ], [ 12.04082368076245, 46.897951249250944 ], [ 12.041940937216356, 46.897528643048595 ], [ 12.043349563798118, 46.898064799442764 ], [ 12.043741693570414, 46.898563344195829 ], [ 12.043359595012179, 46.899008674393528 ], [ 12.04387804258641, 46.899202369253544 ], [ 12.044101711554653, 46.899911448849643 ], [ 12.044864407284615, 46.899995492143944 ], [ 12.045152750682655, 46.898706986571476 ], [ 12.043544812005159, 46.896635890139628 ], [ 12.041789370120922, 46.896554005435164 ], [ 12.041175073237673, 46.895827409210007 ], [ 12.039331017441393, 46.895222290469732 ], [ 12.036735053634194, 46.893287377764487 ], [ 12.034659444881637, 46.893623448585409 ], [ 12.032475630933806, 46.893150364701256 ], [ 12.031235377137364, 46.893222043044389 ], [ 12.031882490790972, 46.893904258320951 ], [ 12.032686883773408, 46.893816258601241 ] ] ] } },
{ "type": "Feature", "properties": { "HOM_ID": 220.0, "NAME_D": "Gelttalferner Grosser", "NAME_IT": "Vedretta di Val Fredda", "REGION": "Rieserfernergruppe", "ALT_MIN": 2648.0, "ALT_MAX": 2894.0, "ALT_MEDIAN": 2716.0, "area_km2": 0.281676 }, "geometry": { "type": "Polygon", "coordinates": [ [ [ 12.073000994444143, 46.889670269667903 ], [ 12.073188880307839, 46.888612484253343 ], [ 12.07338276328138, 46.88850440593037 ], [ 12.073520388364948, 46.889210495269438 ], [ 12.073828838623294, 46.889162201720957 ], [ 12.073347828154821, 46.89019525190006 ], [ 12.073602637211549, 46.890464674340031 ], [ 12.076354153832835, 46.88988212004692 ], [ 12.07683830356031, 46.888681791595516 ], [ 12.076251177289189, 46.888011800680552 ], [ 12.077510638449832, 46.887199741966583 ], [ 12.077217118229063, 46.886198011168588 ], [ 12.07885029659057, 46.884877734953207 ], [ 12.077444435247131, 46.884829848655841 ], [ 12.076844440325994, 46.884541198573388 ], [ 12.075637270804314, 46.884687965736575 ], [ 12.074655706273008, 46.884042860290357 ], [ 12.072947436248707, 46.884747034523848 ], [ 12.072556786329912, 46.885204005025614 ], [ 12.072732523459029, 46.883949153768924 ], [ 12.07225206167578, 46.883973967049187 ], [ 12.07174376582317, 46.884651379585101 ], [ 12.071908457111654, 46.885102360689515 ], [ 12.071057069112308, 46.885607159411506 ], [ 12.071483571357705, 46.886142191147606 ], [ 12.070867400401696, 46.887758902391084 ], [ 12.071136172334148, 46.888160636530259 ], [ 12.070729169346183, 46.888514456577816 ], [ 12.071501686603368, 46.888979004344556 ], [ 12.071485270727401, 46.890515317261055 ], [ 12.070652149901116, 46.892345131632936 ], [ 12.071011215411078, 46.892306916570654 ], [ 12.072219443011484, 46.890034158901159 ], [ 12.073000994444143, 46.889670269667903 ] ] ] } },
{ "type": "Feature", "properties": { "HOM_ID": 220.0, "NAME_D": "Gelttalferner Grosser", "NAME_IT": "Vedretta di Val Fredda", "REGION": "Rieserfernergruppe", "ALT_MIN": 2833.0, "ALT_MAX": 3001.0, "ALT_MEDIAN": 2901.0, "area_km2": 0.164572 }, "geometry": { "type": "Polygon", "coordinates": [ [ [ 12.063230940848307, 46.889911803638434 ], [ 12.065366946559482, 46.889553158568354 ], [ 12.065620375574388, 46.88882010087346 ], [ 12.066525686626356, 46.888226324193631 ], [ 12.066497374454924, 46.887730009228392 ], [ 12.065222111106062, 46.887622318249107 ], [ 12.063618209109334, 46.88704716993049 ], [ 12.063343645508263, 46.886678295668681 ], [ 12.063998059929014, 46.885972599263667 ], [ 12.061304704154091, 46.885826268543141 ], [ 12.06047961834367, 46.886240354562766 ], [ 12.059844195794136, 46.887873476958383 ], [ 12.058963278253177, 46.888414951423457 ], [ 12.059414911714319, 46.888743339010233 ], [ 12.059110835403974, 46.889137226359317 ], [ 12.061346330646545, 46.889784626362442 ], [ 12.063230940848307, 46.889911803638434 ] ], [ [ 12.062569835619247, 46.88657390682183 ], [ 12.061299264605456, 46.886493148412669 ], [ 12.061202871637917, 46.886386193959261 ], [ 12.06181993019633, 46.886030355824339 ], [ 12.062563228998119, 46.886061649751085 ], [ 12.062569835619247, 46.88657390682183 ] ] ] } },
{ "type": "Feature", "properties": { "HOM_ID": 220.0, "NAME_D": "Gelttalferner Grosser", "NAME_IT": "Vedretta di Val Fredda", "REGION": "Rieserfernergruppe", "ALT_MIN": 2878.0, "ALT_MAX": 2939.0, "ALT_MEDIAN": 2903.0, "area_km2": 0.00819326 }, "geometry": { "type": "Polygon", "coordinates": [ [ [ 12.0703948738929, 46.885205510966003 ], [ 12.070708297287183, 46.884821059132733 ], [ 12.070323208722968, 46.884406757212801 ], [ 12.069163634051513, 46.884550987484815 ], [ 12.069658743724332, 46.885162764711893 ], [ 12.0703948738929, 46.885205510966003 ] ] ] } },
{ "type": "Feature", "properties": { "HOM_ID": 220.0, "NAME_D": "Gelttalferner Grosser", "NAME_IT": "Vedretta di Val Fredda", "REGION": "Rieserfernergruppe", "ALT_MIN": 2868.0, "ALT_MAX": 2923.0, "ALT_MEDIAN": 2889.0, "area_km2": 0.00276493 }, "geometry": { "type": "Polygon", "coordinates": [ [ [ 12.068603958467911, 46.886140473492944 ], [ 12.069850896426207, 46.885959376457244 ], [ 12.068022598581527, 46.886056059191532 ], [ 12.068603958467911, 46.886140473492944 ] ] ] } },
{ "type": "Feature", "properties": { "HOM_ID": 221.0, "NAME_D": "Gelttalferner Kleiner", "NAME_IT": null, "REGION": "Rieserfernergruppe", "ALT_MIN": 2805.0, "ALT_MAX": 3027.0, "ALT_MEDIAN": 2899.0, "area_km2": 0.0742369 }, "geometry": { "type": "Polygon", "coordinates": [ [ [ 12.086154879363137, 46.900600419000163 ], [ 12.086755641740472, 46.899688876550499 ], [ 12.083687257410681, 46.898271659245694 ], [ 12.081709271897372, 46.897852115816576 ], [ 12.081008431670023, 46.898110980138433 ], [ 12.082254189609317, 46.898873251452663 ], [ 12.081350474141763, 46.899509950683409 ], [ 12.081752297923529, 46.900383143469377 ], [ 12.083909836834314, 46.900143422749508 ], [ 12.084274275240107, 46.900440173858485 ], [ 12.084650886425369, 46.900343699468031 ], [ 12.08447916980812, 46.900000080600904 ], [ 12.08508642625733, 46.90006347161804 ], [ 12.085166138208772, 46.900317300301268 ], [ 12.085752062460488, 46.900236011311719 ], [ 12.086154879363137, 46.900600419000163 ] ] ] } },
{ "type": "Feature", "properties": { "HOM_ID": 223.0, "NAME_D": "Schneebigernockferner", "NAME_IT": "Vedretta di Monte Nevoso", "REGION": "Rieserfernergruppe", "ALT_MIN": 3088.0, "ALT_MAX": 3118.0, "ALT_MEDIAN": 3101.0, "area_km2": 0.00105125 }, "geometry": { "type": "Polygon", "coordinates": [ [ [ 12.087535751213993, 46.91020997578142 ], [ 12.087133361352036, 46.909774363542191 ], [ 12.086963673704435, 46.909868952872991 ], [ 12.087535751213993, 46.91020997578142 ] ] ] } },
{ "type": "Feature", "properties": { "HOM_ID": 223.0, "NAME_D": "Schneebigernockferner", "NAME_IT": "Vedretta di Monte Nevoso", "REGION": "Rieserfernergruppe", "ALT_MIN": 2857.0, "ALT_MAX": 2910.0, "ALT_MEDIAN": 2882.0, "area_km2": 0.00391602 }, "geometry": { "type": "Polygon", "coordinates": [ [ [ 12.081167118162149, 46.912208971982331 ], [ 12.081410317753981, 46.911699512621979 ], [ 12.080788977997502, 46.911335259029606 ], [ 12.080618162660071, 46.911798192578296 ], [ 12.081167118162149, 46.912208971982331 ] ], [ [ 12.080813027838015, 46.911706077302355 ], [ 12.080702646768525, 46.911623327718587 ], [ 12.080822930422896, 46.911684856422987 ], [ 12.080813027838015, 46.911706077302355 ] ] ] } },
{ "type": "Feature", "properties": { "HOM_ID": 223.0, "NAME_D": "Schneebigernockferner", "NAME_IT": "Vedretta di Monte Nevoso", "REGION": "Rieserfernergruppe", "ALT_MIN": 3041.0, "ALT_MAX": 3140.0, "ALT_MEDIAN": 3108.0, "area_km2": 0.00954331 }, "geometry": { "type": "Polygon", "coordinates": [ [ [ 12.084484422122237, 46.911617425738008 ], [ 12.086223817533522, 46.910853883861051 ], [ 12.08555237954798, 46.910912360697722 ], [ 12.085429096963805, 46.910520408671857 ], [ 12.085827498915959, 46.91037869507678 ], [ 12.085332178692012, 46.909982492688513 ], [ 12.084454488905971, 46.910249046584106 ], [ 12.084448192257804, 46.910744504962395 ], [ 12.084902265599855, 46.911027526641341 ], [ 12.084484422122237, 46.911617425738008 ] ] ] } },
{ "type": "Feature", "properties": { "HOM_ID": 223.0, "NAME_D": "Schneebigernockferner", "NAME_IT": "Vedretta di Monte Nevoso", "REGION": "Rieserfernergruppe", "ALT_MIN": 2668.0, "ALT_MAX": 2743.0, "ALT_MEDIAN": 2704.0, "area_km2": 0.0111205 }, "geometry": { "type": "Polygon", "coordinates": [ [ [ 12.080547158391578, 46.916134803805299 ], [ 12.081371662171144, 46.915096778201061 ], [ 12.081015718978726, 46.914646796959289 ], [ 12.080390487272124, 46.914530290617662 ], [ 12.08000523611452, 46.914659725105473 ], [ 12.08038627714779, 46.915123320656051 ], [ 12.079860461531228, 46.915225584633994 ], [ 12.079867853527725, 46.915596851457224 ], [ 12.080547158391578, 46.916134803805299 ] ] ] } },
{ "type": "Feature", "properties": { "HOM_ID": 223.0, "NAME_D": "Schneebigernockferner", "NAME_IT": "Vedretta di Monte Nevoso", "REGION": "Rieserfernergruppe", "ALT_MIN": 2670.0, "ALT_MAX": 2722.0, "ALT_MEDIAN": 2693.0, "area_km2": 0.0216717 }, "geometry": { "type": "Polygon", "coordinates": [ [ [ 12.078827729287626, 46.915195605608091 ], [ 12.07952028435232, 46.914874073475744 ], [ 12.079718027683949, 46.914249927665736 ], [ 12.078284686545249, 46.913736076203207 ], [ 12.077214704125582, 46.914038467067861 ], [ 12.077168136628082, 46.914663801739678 ], [ 12.078827729287626, 46.915195605608091 ] ] ] } },
{ "type": "Feature", "properties": { "HOM_ID": 223.0, "NAME_D": "Schneebigernockferner", "NAME_IT": "Vedretta di Monte Nevoso", "REGION": "Rieserfernergruppe", "ALT_MIN": 2918.0, "ALT_MAX": 3300.0, "ALT_MEDIAN": 3110.0, "area_km2": 0.164735 }, "geometry": { "type": "Polygon", "coordinates": [ [ [ 12.082490726461428, 46.911318030695718 ], [ 12.083849099537405, 46.910173564375576 ], [ 12.084302846241844, 46.909180278356793 ], [ 12.084489609053049, 46.909346687414434 ], [ 12.084884647563554, 46.909086008057756 ], [ 12.083653597903956, 46.908081520006029 ], [ 12.084023461419976, 46.906656166583446 ], [ 12.082957679763712, 46.906187230372936 ], [ 12.081829787372881, 46.906936747217337 ], [ 12.081416321403385, 46.906755010589869 ], [ 12.079622498540184, 46.907343855023001 ], [ 12.079510803978236, 46.908238642863353 ], [ 12.07887165232003, 46.908859745845206 ], [ 12.079140367295064, 46.909716860085183 ], [ 12.078248077094011, 46.910638587320179 ], [ 12.078643797242696, 46.910692228066793 ], [ 12.079004157401016, 46.910189621572258 ], [ 12.079719348108343, 46.909815568721747 ], [ 12.079850086496375, 46.910338291483718 ], [ 12.079027103121582, 46.910408073383408 ], [ 12.079587830150771, 46.910854928608572 ], [ 12.07997576849508, 46.91065160606648 ], [ 12.080456042807363, 46.911210157794805 ], [ 12.080268543928684, 46.910620203505744 ], [ 12.081003674922943, 46.91083614125963 ], [ 12.08104956318364, 46.910606310257236 ], [ 12.082490726461428, 46.911318030695718 ] ], [ [ 12.080483979641661, 46.910485522983919 ], [ 12.080368930123932, 46.910357656102008 ], [ 12.080420151693058, 46.910341989468918 ], [ 12.080483979641661, 46.910485522983919 ] ], [ [ 12.081219620880008, 46.91046808894626 ], [ 12.080881817156703, 46.910091435426473 ], [ 12.080909964388296, 46.909976380237687 ], [ 12.081219620880008, 46.91046808894626 ] ], [ [ 12.080185189571033, 46.910364985786721 ], [ 12.080341659268862, 46.910427444837296 ], [ 12.080322888304462, 46.910463668628957 ], [ 12.080185189571033, 46.910364985786721 ] ] ] } },
{ "type": "Feature", "properties": { "HOM_ID": 223.0, "NAME_D": "Schneebigernockferner", "NAME_IT": "Vedretta di Monte Nevoso", "REGION": "Rieserfernergruppe", "ALT_MIN": 2981.0, "ALT_MAX": 2989.0, "ALT_MEDIAN": 2985.0, "area_km2": 0.000175391 }, "geometry": { "type": "Polygon", "coordinates": [ [ [ 12.087891875251152, 46.911462026429305 ], [ 12.087664287530799, 46.911492459138181 ], [ 12.087874011200178, 46.911513942380154 ], [ 12.087891875251152, 46.911462026429305 ] ] ] } },
{ "type": "Feature", "properties": { "HOM_ID": 223.0, "NAME_D": "Schneebigernockferner", "NAME_IT": "Vedretta di Monte Nevoso", "REGION": "Rieserfernergruppe", "ALT_MIN": 2973.0, "ALT_MAX": 2990.0, "ALT_MEDIAN": 2980.0, "area_km2": 0.000474407 }, "geometry": { "type": "Polygon", "coordinates": [ [ [ 12.087001636424803, 46.911534633681143 ], [ 12.087406264430507, 46.911573717452669 ], [ 12.087309209445547, 46.911444895692895 ], [ 12.087001636424803, 46.911534633681143 ] ] ] } },
{ "type": "Feature", "properties": { "HOM_ID": 223.0, "NAME_D": "Schneebigernockferner", "NAME_IT": "Vedretta di Monte Nevoso", "REGION": "Rieserfernergruppe", "ALT_MIN": 2739.0, "ALT_MAX": 2768.0, "ALT_MEDIAN": 2750.0, "area_km2": 0.00152359 }, "geometry": { "type": "Polygon", "coordinates": [ [ [ 12.090033213450516, 46.914719571682554 ], [ 12.089972635883242, 46.91428552878962 ], [ 12.089402272289325, 46.914588743252132 ], [ 12.089487928631318, 46.91471858569529 ], [ 12.089636007533967, 46.914538139995159 ], [ 12.090033213450516, 46.914719571682554 ] ] ] } },
{ "type": "Feature", "properties": { "HOM_ID": 223.0, "NAME_D": "Schneebigernockferner", "NAME_IT": "Vedretta di Monte Nevoso", "REGION": "Rieserfernergruppe", "ALT_MIN": 2891.0, "ALT_MAX": 2922.0, "ALT_MEDIAN": 2905.0, "area_km2": 0.00221842 }, "geometry": { "type": "Polygon", "coordinates": [ [ [ 12.089209169171866, 46.91245405078817 ], [ 12.087717624166533, 46.912185723753169 ], [ 12.087431129163676, 46.912352045232517 ], [ 12.087906743295763, 46.912537797165065 ], [ 12.089209169171866, 46.91245405078817 ] ] ] } },
{ "type": "Feature", "properties": { "HOM_ID": 223.0, "NAME_D": "Schneebigernockferner", "NAME_IT": "Vedretta di Monte Nevoso", "REGION": "Rieserfernergruppe", "ALT_MIN": 2931.0, "ALT_MAX": 3016.0, "ALT_MEDIAN": 2983.0, "area_km2": 0.00865307 }, "geometry": { "type": "Polygon", "coordinates": [ [ [ 12.085444691888979, 46.912756570719012 ], [ 12.085769441590733, 46.912343111952453 ], [ 12.085167914911723, 46.912172738848888 ], [ 12.086955642835497, 46.911210124925908 ], [ 12.08484901089359, 46.911992750440952 ], [ 12.084666096620193, 46.912534880461976 ], [ 12.08512894720899, 46.912220271031671 ], [ 12.085444691888979, 46.912756570719012 ] ], [ [ 12.085341212352231, 46.912008483099164 ], [ 12.085427238349164, 46.911872815675807 ], [ 12.08551346882642, 46.911891919712481 ], [ 12.085341212352231, 46.912008483099164 ] ] ] } },
{ "type": "Feature", "properties": { "HOM_ID": 222.0, "NAME_D": "Schneebigernockferner", "NAME_IT": "Vedretta di Monte Nevoso", "REGION": "Rieserfernergruppe", "ALT_MIN": 3184.0, "ALT_MAX": 3229.0, "ALT_MEDIAN": 3208.0, "area_km2": 0.00419186 }, "geometry": { "type": "Polygon", "coordinates": [ [ [ 12.082350668594968, 46.906062911712631 ], [ 12.082390526744046, 46.905332537636902 ], [ 12.081842086282235, 46.905159797598721 ], [ 12.081780711452927, 46.905787764180687 ], [ 12.082350668594968, 46.906062911712631 ] ] ] } },
{ "type": "Feature", "properties": { "HOM_ID": 224.0, "NAME_D": "Rieserferner Westlicher", "NAME_IT": "Vedretta di Ries Occidentale", "REGION": "Rieserfernergruppe", "ALT_MIN": 2742.0, "ALT_MAX": 3224.0, "ALT_MEDIAN": 3011.0, "area_km2": 1.67408 }, "geometry": { "type": "Polygon", "coordinates": [ [ [ 12.095713424410466, 46.914826866941262 ], [ 12.096797094686348, 46.914576556184976 ], [ 12.096188752342234, 46.913632452698039 ], [ 12.097175543943688, 46.912238929845486 ], [ 12.097434984640664, 46.91093217697729 ], [ 12.098122796642027, 46.910519222033201 ], [ 12.097885614682177, 46.908933466813764 ], [ 12.098137208103054, 46.908717106644687 ], [ 12.09818978653902, 46.909098578713674 ], [ 12.09861864897438, 46.908582147232607 ], [ 12.098754261332072, 46.907993651526077 ], [ 12.098455731351081, 46.907847178013327 ], [ 12.098808984630006, 46.907248976346942 ], [ 12.099339859893769, 46.907453185512928 ], [ 12.099041026901006, 46.908397509923482 ], [ 12.099564608481121, 46.908349472869624 ], [ 12.099547106216685, 46.908877144146878 ], [ 12.099884780620371, 46.908839988943875 ], [ 12.099929316549449, 46.90919024650902 ], [ 12.100127042446525, 46.909003916207126 ], [ 12.100640080629981, 46.909705320237656 ], [ 12.10120691890954, 46.908870821268494 ], [ 12.101758060936078, 46.90914876286157 ], [ 12.102647913009024, 46.908553140360944 ], [ 12.103405562658645, 46.908796897562688 ], [ 12.103462446944182, 46.908578665505317 ], [ 12.103553366440767, 46.908528574298018 ], [ 12.10366448558168, 46.90834696920453 ], [ 12.10368856412463, 46.908222493250541 ], [ 12.103200362715562, 46.90753043028414 ], [ 12.103050073384255, 46.906853485560852 ], [ 12.103267862049194, 46.907195230838241 ], [ 12.103750711942091, 46.906731114682856 ], [ 12.104107671376452, 46.907569133675153 ], [ 12.104562322535655, 46.907644420740333 ], [ 12.104853999927689, 46.907352664388405 ], [ 12.105293678013567, 46.907601706975143 ], [ 12.105734685983975, 46.907056345233627 ], [ 12.106702725355571, 46.907597731099706 ], [ 12.10617632620937, 46.906762417551107 ], [ 12.106716939097431, 46.906545808740397 ], [ 12.107376107446745, 46.906745067469032 ], [ 12.107449071226418, 46.906468770838032 ], [ 12.107704856251985, 46.907286667257985 ], [ 12.107992700185374, 46.906112249773734 ], [ 12.107756625307362, 46.905394780593859 ], [ 12.108245063226271, 46.905141483353404 ], [ 12.106859822748794, 46.903297022074447 ], [ 12.103259820653761, 46.901300642642667 ], [ 12.101404547222417, 46.899575400924334 ], [ 12.099040607214308, 46.898609938886416 ], [ 12.09714994524653, 46.899335448602407 ], [ 12.09521815734591, 46.898909123392897 ], [ 12.094415135018023, 46.899080868201075 ], [ 12.0935742900093, 46.899666768109768 ], [ 12.092891662538822, 46.900783675835591 ], [ 12.092183369018823, 46.899994173824723 ], [ 12.090063468066123, 46.900078137148618 ], [ 12.090031106971249, 46.901007534903293 ], [ 12.089145227982316, 46.902240589193532 ], [ 12.089090172582907, 46.901935616681648 ], [ 12.088580897164272, 46.901887935349698 ], [ 12.088016210594333, 46.903451198463017 ], [ 12.087215330452334, 46.903480391361349 ], [ 12.08669516304958, 46.902989378697477 ], [ 12.085497853530617, 46.903792478071438 ], [ 12.085682950583205, 46.90423867371927 ], [ 12.086406680795342, 46.904199857646283 ], [ 12.086846634798707, 46.904657375795303 ], [ 12.087554875574858, 46.90680341141811 ], [ 12.087182125375648, 46.907521545492507 ], [ 12.088051416436457, 46.909104431987465 ], [ 12.090274770038338, 46.911170786296779 ], [ 12.090491535173793, 46.911863215029442 ], [ 12.09153686286683, 46.91227548552768 ], [ 12.092950790654349, 46.914033612236857 ], [ 12.093262413244979, 46.914070388054952 ], [ 12.093004310801087, 46.913249326555324 ], [ 12.093604770557512, 46.913150697792886 ], [ 12.094509740860087, 46.913994844652642 ], [ 12.093942879590671, 46.914107808586785 ], [ 12.094658104837041, 46.91412201828053 ], [ 12.094965228923572, 46.91467566967227 ], [ 12.095713424410466, 46.914826866941262 ] ], [ [ 12.098342681799087, 46.908568669214446 ], [ 12.098175359948607, 46.90860749090708 ], [ 12.098310321642073, 46.908489537830867 ], [ 12.098342681799087, 46.908568669214446 ] ], [ [ 12.098535912994988, 46.908304360672524 ], [ 12.098389883559051, 46.90837498973562 ], [ 12.098384727375885, 46.908285596950826 ], [ 12.098535912994988, 46.908304360672524 ] ], [ [ 12.098332687047025, 46.908250812311039 ], [ 12.098355735043684, 46.908313051381882 ], [ 12.098315674123176, 46.908293182435152 ], [ 12.098332687047025, 46.908250812311039 ] ], [ [ 12.09835458165033, 46.908052103535944 ], [ 12.098493019253604, 46.908042638363661 ], [ 12.098444676113033, 46.908120146413353 ], [ 12.09835458165033, 46.908052103535944 ] ], [ [ 12.103996565136507, 46.906379921189931 ], [ 12.103937647728046, 46.906334372095877 ], [ 12.103952733026354, 46.906306817560591 ], [ 12.103996565136507, 46.906379921189931 ] ], [ [ 12.103627416554511, 46.906088479643117 ], [ 12.103060919894642, 46.906278153940761 ], [ 12.103432880955626, 46.905896594797063 ], [ 12.103627416554511, 46.906088479643117 ] ], [ [ 12.107796981024519, 46.906140427575743 ], [ 12.107732271787789, 46.906126946538237 ], [ 12.107748286350903, 46.906067457512613 ], [ 12.107796981024519, 46.906140427575743 ] ], [ [ 12.103802812335541, 46.905985138166159 ], [ 12.103608111747983, 46.905790401562193 ], [ 12.103639456521281, 46.905719543492289 ], [ 12.103802812335541, 46.905985138166159 ] ], [ [ 12.099621933776993, 46.907471042294887 ], [ 12.099818492938127, 46.908035296687792 ], [ 12.099510980609022, 46.9080531559921 ], [ 12.099621933776993, 46.907471042294887 ] ], [ [ 12.10054407183854, 46.907844183620441 ], [ 12.100587879411691, 46.907736318078356 ], [ 12.100597131028024, 46.907848460091564 ], [ 12.10054407183854, 46.907844183620441 ] ], [ [ 12.100658768090627, 46.90780868947779 ], [ 12.100729560300218, 46.907686758255998 ], [ 12.100732791838363, 46.907839067477163 ], [ 12.100658768090627, 46.90780868947779 ] ], [ [ 12.103409455019296, 46.908034332543544 ], [ 12.103351063803304, 46.908034012560748 ], [ 12.103387721246543, 46.907994918249145 ], [ 12.103409455019296, 46.908034332543544 ] ], [ [ 12.103624882687528, 46.908298991476904 ], [ 12.103613972294278, 46.908350721272328 ], [ 12.10360856046246, 46.908305149252222 ], [ 12.103624882687528, 46.908298991476904 ] ] ] } },
{ "type": "Feature", "properties": { "HOM_ID": 225.0, "NAME_D": "Rieserferner Oestlicher", "NAME_IT": "Vedretta di Ries Orientale", "REGION": "Rieserfernergruppe", "ALT_MIN": 2740.0, "ALT_MAX": 3109.0, "ALT_MEDIAN": 2890.0, "area_km2": 0.418226 }, "geometry": { "type": "Polygon", "coordinates": [ [ [ 12.122337019657884, 46.9052689877823 ], [ 12.124341010406642, 46.904188410763361 ], [ 12.127437014368546, 46.904194874019105 ], [ 12.129670392026346, 46.903791642054543 ], [ 12.130841148722094, 46.904028675079232 ], [ 12.130367153823318, 46.9042416700103 ], [ 12.131310631737986, 46.904692083286967 ], [ 12.132045826776341, 46.904692430431922 ], [ 12.13264614010469, 46.904453109209328 ], [ 12.133616289715656, 46.903239899669813 ], [ 12.131909211918842, 46.902313223458073 ], [ 12.129877578107703, 46.900418158919109 ], [ 12.125640185758961, 46.900087844754218 ], [ 12.123941633744417, 46.900565447929935 ], [ 12.124035728363403, 46.901963383998094 ], [ 12.123181312573021, 46.901902095040079 ], [ 12.122525171822888, 46.901372334457072 ], [ 12.12105063904229, 46.901535609652363 ], [ 12.120408385808338, 46.901244531267935 ], [ 12.11860389679746, 46.902046208789208 ], [ 12.118116225971464, 46.901944156745365 ], [ 12.117838780955159, 46.902326759838182 ], [ 12.11777545825132, 46.904065744717506 ], [ 12.118477799366214, 46.903789546426466 ], [ 12.119130809630519, 46.904468131607146 ], [ 12.120546161084455, 46.904584454884272 ], [ 12.121564284483519, 46.905304367981628 ], [ 12.122337019657884, 46.9052689877823 ] ] ] } },
{ "type": "Feature", "properties": { "HOM_ID": 225.0, "NAME_D": "Rieserferner Oestlicher", "NAME_IT": "Vedretta di Ries Orientale", "REGION": "Rieserfernergruppe", "ALT_MIN": 2865.0, "ALT_MAX": 2927.0, "ALT_MEDIAN": 2894.0, "area_km2": 0.00670613 }, "geometry": { "type": "Polygon", "coordinates": [ [ [ 12.132273049813451, 46.913111983174915 ], [ 12.133069340501688, 46.912623814464396 ], [ 12.132752707042428, 46.912163867735572 ], [ 12.132224632513729, 46.912072516738959 ], [ 12.131812107982554, 46.912894581110741 ], [ 12.132273049813451, 46.913111983174915 ] ] ] } },
{ "type": "Feature", "properties": { "HOM_ID": 225.0, "NAME_D": "Rieserferner Oestlicher", "NAME_IT": "Vedretta di Ries Orientale", "REGION": "Rieserfernergruppe", "ALT_MIN": 2627.0, "ALT_MAX": 3031.0, "ALT_MEDIAN": 2761.0, "area_km2": 0.262241 }, "geometry": { "type": "Polygon", "coordinates": [ [ [ 12.132302362810455, 46.910473839378909 ], [ 12.131833652936271, 46.90990864257499 ], [ 12.130516182019178, 46.909978236212602 ], [ 12.130384903444904, 46.908971196824034 ], [ 12.130987584868313, 46.908296167706268 ], [ 12.131768970820515, 46.908039035339378 ], [ 12.132852695427312, 46.908515693567495 ], [ 12.132452484443704, 46.909395031127865 ], [ 12.133163516931482, 46.909361267759415 ], [ 12.133765659404782, 46.908819001845444 ], [ 12.134445292421383, 46.908961823502921 ], [ 12.133603771161578, 46.908427905449628 ], [ 12.134683497086646, 46.90692435418854 ], [ 12.13444162537434, 46.906173284773281 ], [ 12.133953623984839, 46.905967587487844 ], [ 12.13258584724208, 46.906315090906972 ], [ 12.131516441303235, 46.907232020166646 ], [ 12.131132422986544, 46.908134329101621 ], [ 12.130332243759577, 46.907902110888308 ], [ 12.131148630140389, 46.907554015135588 ], [ 12.129196830748068, 46.907674392247571 ], [ 12.128741646633991, 46.907161076288176 ], [ 12.128315380834957, 46.907144162053825 ], [ 12.127259779692345, 46.907346381518039 ], [ 12.125935312239694, 46.908257476432667 ], [ 12.125158122349772, 46.908034718462282 ], [ 12.124460200406761, 46.909903501730611 ], [ 12.122580060013766, 46.910065217297728 ], [ 12.121905756438682, 46.910480094390181 ], [ 12.122053471975017, 46.910779664665085 ], [ 12.123421150558245, 46.910277989567561 ], [ 12.124325419778913, 46.911019615889806 ], [ 12.12381258610213, 46.911433492436444 ], [ 12.124463828297907, 46.911613818540452 ], [ 12.12613441024979, 46.911116456208887 ], [ 12.129676516775248, 46.911339141831355 ], [ 12.130858775066946, 46.91047110265756 ], [ 12.131821651007867, 46.910720245791595 ], [ 12.131550574911595, 46.911220099947116 ], [ 12.132218390537982, 46.911566613247196 ], [ 12.132302362810455, 46.910473839378909 ] ] ] } },
{ "type": "Feature", "properties": { "HOM_ID": 225.0, "NAME_D": "Rieserferner Oestlicher", "NAME_IT": "Vedretta di Ries Orientale", "REGION": "Rieserfernergruppe", "ALT_MIN": 3019.0, "ALT_MAX": 3052.0, "ALT_MEDIAN": 3036.0, "area_km2": 0.00244748 }, "geometry": { "type": "Polygon", "coordinates": [ [ [ 12.129826692875618, 46.905551612255337 ], [ 12.130552580594475, 46.905666283579883 ], [ 12.130837894195379, 46.90528581634716 ], [ 12.129826692875618, 46.905551612255337 ] ] ] } },
{ "type": "Feature", "properties": { "HOM_ID": 233.0, "NAME_D": "Schwarzerferner", "NAME_IT": null, "REGION": "Rieserfernergruppe", "ALT_MIN": 2498.0, "ALT_MAX": 2927.0, "ALT_MEDIAN": 2680.0, "area_km2": 0.288463 }, "geometry": { "type": "Polygon", "coordinates": [ [ [ 12.136786703738716, 46.907299571383319 ], [ 12.138028662871594, 46.906747468269401 ], [ 12.138895185357313, 46.906877992378384 ], [ 12.139442195404648, 46.906487700230571 ], [ 12.140671185543441, 46.906961273345793 ], [ 12.140915870140628, 46.906154470664404 ], [ 12.141638797256709, 46.906373032223648 ], [ 12.142070561398119, 46.906008753405722 ], [ 12.144885273256294, 46.906442981838659 ], [ 12.147224869402487, 46.903484569617696 ], [ 12.147160606491203, 46.90274340286286 ], [ 12.145474965683734, 46.901961116035558 ], [ 12.143550662687502, 46.902561700735255 ], [ 12.141587806215506, 46.902584807896709 ], [ 12.14171793233516, 46.903027709299863 ], [ 12.140671462701155, 46.903401724858 ], [ 12.140425324199864, 46.903054280208032 ], [ 12.139796977466837, 46.903151897549144 ], [ 12.139683028404761, 46.903584447812676 ], [ 12.138670073882711, 46.903923085304548 ], [ 12.138516253813721, 46.904263651644207 ], [ 12.137363235221136, 46.904375652235935 ], [ 12.137520738674183, 46.904916031046724 ], [ 12.136358516110665, 46.905316994719968 ], [ 12.135174360487333, 46.906547999777246 ], [ 12.135349056665676, 46.906862292357758 ], [ 12.136307183134287, 46.906907458292572 ], [ 12.136786703738716, 46.907299571383319 ] ] ] } },
{ "type": "Feature", "properties": { "HOM_ID": 226.0, "NAME_D": "Hochgallferner", "NAME_IT": "Vedretta di Collalto", "REGION": "Rieserfernergruppe", "ALT_MIN": 2629.0, "ALT_MAX": 3256.0, "ALT_MEDIAN": 2889.0, "area_km2": 0.485533 }, "geometry": { "type": "Polygon", "coordinates": [ [ [ 12.135329880088461, 46.920700174881794 ], [ 12.136771701957416, 46.918833072294071 ], [ 12.138458846836958, 46.918712376963285 ], [ 12.139103155421033, 46.919076847670418 ], [ 12.140433414669648, 46.918395025128973 ], [ 12.141212563760531, 46.916624637660114 ], [ 12.140700759009722, 46.916065865337416 ], [ 12.141039592379499, 46.915442211259908 ], [ 12.140302352249217, 46.914277045496377 ], [ 12.14121782612216, 46.913947111676485 ], [ 12.141129200269082, 46.913526039737768 ], [ 12.140103989901785, 46.912692196706715 ], [ 12.138545562940742, 46.912604006979748 ], [ 12.138203693371569, 46.91371112139268 ], [ 12.137251924902554, 46.914724715604024 ], [ 12.136586625542773, 46.914876310015948 ], [ 12.136998668972236, 46.915088842203346 ], [ 12.135362444353401, 46.914505492558824 ], [ 12.135260299807214, 46.913886799558384 ], [ 12.136318872288916, 46.913388680300315 ], [ 12.137001236675724, 46.913589036749293 ], [ 12.138106420694031, 46.913175345381504 ], [ 12.138423233509592, 46.912357996633403 ], [ 12.137370359101672, 46.912120188622588 ], [ 12.134019144794834, 46.913578875399175 ], [ 12.133105952600308, 46.914870812158469 ], [ 12.13411659370181, 46.915039333201101 ], [ 12.133555067167896, 46.915531316314869 ], [ 12.134012902679085, 46.916199159342426 ], [ 12.13368745270254, 46.916458102476554 ], [ 12.132908334771274, 46.916148459666054 ], [ 12.132810184614215, 46.91550846347257 ], [ 12.131814299426322, 46.915414296135665 ], [ 12.131027774955832, 46.915602990513442 ], [ 12.130322345213761, 46.916664311959465 ], [ 12.127470657531404, 46.916783852332735 ], [ 12.127629846586258, 46.917279550636295 ], [ 12.128272916494513, 46.917222674284176 ], [ 12.12892091425144, 46.917787151182253 ], [ 12.131069564598405, 46.917446179616491 ], [ 12.131402847891334, 46.917619216308353 ], [ 12.131954000055195, 46.919144284247245 ], [ 12.131321655888764, 46.920547454690123 ], [ 12.132208335559721, 46.920644616379626 ], [ 12.134336673512362, 46.920221988214486 ], [ 12.135329880088461, 46.920700174881794 ] ] ] } },
{ "type": "Feature", "properties": { "HOM_ID": 234.0, "NAME_D": "Patscherkees", "NAME_IT": null, "REGION": "Rieserfernergruppe", "ALT_MIN": 2875.0, "ALT_MAX": 3153.0, "ALT_MEDIAN": 3013.0, "area_km2": 0.120665 }, "geometry": { "type": "Polygon", "coordinates": [ [ [ 12.148517035741692, 46.915106848663733 ], [ 12.14930370283348, 46.914861743990251 ], [ 12.149308730028464, 46.914206775789253 ], [ 12.148126123029298, 46.913965494898598 ], [ 12.149651896272781, 46.913166592510471 ], [ 12.149684739205711, 46.912695639319281 ], [ 12.152627183920094, 46.911864370911935 ], [ 12.151848264366688, 46.911854884273339 ], [ 12.15169798229911, 46.911425646484616 ], [ 12.15145155421812, 46.911963445101236 ], [ 12.150695255579143, 46.912099859342234 ], [ 12.150651613018251, 46.911536389758865 ], [ 12.151217457675765, 46.911349353555856 ], [ 12.151901884145847, 46.911406692415099 ], [ 12.152096241182489, 46.911225127107997 ], [ 12.151633306216278, 46.911211691765608 ], [ 12.151819050648347, 46.911001789883166 ], [ 12.151014850652354, 46.911331124046342 ], [ 12.150432392776747, 46.911175723519818 ], [ 12.150696330138306, 46.910869349841498 ], [ 12.150230954687963, 46.911051233960563 ], [ 12.150267151862144, 46.910483511289058 ], [ 12.149377084156349, 46.910415156965115 ], [ 12.150341224565471, 46.910383841123043 ], [ 12.150034899379561, 46.910137490414662 ], [ 12.150603905366133, 46.909886078210981 ], [ 12.15005181007545, 46.910070350513827 ], [ 12.149236008707989, 46.909549902769179 ], [ 12.149050831401212, 46.909828839439918 ], [ 12.148448416822427, 46.909688265504897 ], [ 12.147396836061224, 46.910525547792822 ], [ 12.146336798727585, 46.910686347089907 ], [ 12.145957073370385, 46.911084928814105 ], [ 12.146100139923337, 46.911640544282022 ], [ 12.147994626190115, 46.912738361318411 ], [ 12.147482543347568, 46.914721946239268 ], [ 12.148517035741692, 46.915106848663733 ] ], [ [ 12.149019234598459, 46.91063112739856 ], [ 12.149193708804964, 46.910477736671844 ], [ 12.14919667346264, 46.910670531595137 ], [ 12.149019234598459, 46.91063112739856 ] ] ] } },
{ "type": "Feature", "properties": { "HOM_ID": 234.0, "NAME_D": "Patscherkees", "NAME_IT": null, "REGION": "Rieserfernergruppe", "ALT_MIN": 3415.0, "ALT_MAX": 3420.0, "ALT_MEDIAN": 3418.0, "area_km2": 8.57754e-05 }, "geometry": { "type": "Polygon", "coordinates": [ [ [ 12.141692646497507, 46.911504397824586 ], [ 12.141802716538608, 46.911485182709718 ], [ 12.141661667345886, 46.911450005339184 ], [ 12.141692646497507, 46.911504397824586 ] ] ] } },
{ "type": "Feature", "properties": { "HOM_ID": 234.0, "NAME_D": "Patscherkees", "NAME_IT": null, "REGION": "Rieserfernergruppe", "ALT_MIN": 3393.0, "ALT_MAX": 3400.0, "ALT_MEDIAN": 3396.0, "area_km2": 0.000162484 }, "geometry": { "type": "Polygon", "coordinates": [ [ [ 12.142635653553789, 46.911837778443925 ], [ 12.142470209168232, 46.9118251796869 ], [ 12.142511766550525, 46.911894044570438 ], [ 12.142635653553789, 46.911837778443925 ] ] ] } },
{ "type": "Feature", "properties": { "HOM_ID": 234.0, "NAME_D": "Patscherkees", "NAME_IT": null, "REGION": "Rieserfernergruppe", "ALT_MIN": 3398.0, "ALT_MAX": 3404.0, "ALT_MEDIAN": 3401.0, "area_km2": 0.000186871 }, "geometry": { "type": "Polygon", "coordinates": [ [ [ 12.142006865883641, 46.911410996074494 ], [ 12.142130020166366, 46.911282837742405 ], [ 12.142010956994495, 46.911290870491968 ], [ 12.142006865883641, 46.911410996074494 ] ] ] } },
{ "type": "Feature", "properties": { "HOM_ID": 234.0, "NAME_D": "Patscherkees", "NAME_IT": null, "REGION": "Rieserfernergruppe", "ALT_MIN": 3395.0, "ALT_MAX": 3403.0, "ALT_MEDIAN": 3398.0, "area_km2": 0.00045324 }, "geometry": { "type": "Polygon", "coordinates": [ [ [ 12.142524633332236, 46.911615090629653 ], [ 12.142393133961736, 46.911398681147553 ], [ 12.142311035600533, 46.911385220446938 ], [ 12.142186339189227, 46.911605812354892 ], [ 12.142524633332236, 46.911615090629653 ] ] ] } },
{ "type": "Feature", "properties": { "HOM_ID": 234.0, "NAME_D": "Patscherkees", "NAME_IT": null, "REGION": "Rieserfernergruppe", "ALT_MIN": 3377.0, "ALT_MAX": 3407.0, "ALT_MEDIAN": 3399.0, "area_km2": 0.000709869 }, "geometry": { "type": "Polygon", "coordinates": [ [ [ 12.142997152917234, 46.912333807991622 ], [ 12.142446827486149, 46.912050327441833 ], [ 12.142985613600715, 46.912564149090102 ], [ 12.142997152917234, 46.912333807991622 ] ] ] } },
{ "type": "Feature", "properties": { "HOM_ID": 234.0, "NAME_D": "Patscherkees", "NAME_IT": null, "REGION": "Rieserfernergruppe", "ALT_MIN": 3279.0, "ALT_MAX": 3374.0, "ALT_MEDIAN": 3325.0, "area_km2": 0.0118356 }, "geometry": { "type": "Polygon", "coordinates": [ [ [ 12.143849740813367, 46.913773402822912 ], [ 12.144995182637437, 46.913715718312211 ], [ 12.144563722606003, 46.913516131540966 ], [ 12.144567047024246, 46.912860733466381 ], [ 12.143106379488534, 46.912583976009508 ], [ 12.143354190645546, 46.913535569089191 ], [ 12.143849740813367, 46.913773402822912 ] ] ] } },
{ "type": "Feature", "properties": { "HOM_ID": 227.0, "NAME_D": "Lenksteinferner", "NAME_IT": "Vedretta di Sasso Lungo", "REGION": "Rieserfernergruppe", "ALT_MIN": 2762.0, "ALT_MAX": 3234.0, "ALT_MEDIAN": 2924.0, "area_km2": 0.293315 }, "geometry": { "type": "Polygon", "coordinates": [ [ [ 12.157851151077116, 46.931702159776513 ], [ 12.158584435472713, 46.930435116853985 ], [ 12.159483406733571, 46.930117399334613 ], [ 12.159633477837136, 46.928001845044314 ], [ 12.15736898545503, 46.927308269629627 ], [ 12.157404035756004, 46.925821613272184 ], [ 12.156737540766953, 46.924232224010957 ], [ 12.155914949560245, 46.923111432733364 ], [ 12.154468426609789, 46.922143405722537 ], [ 12.1538664428406, 46.919045635688569 ], [ 12.153214340222851, 46.918830258246757 ], [ 12.153300757246514, 46.91828972396312 ], [ 12.152589763598796, 46.917071099766318 ], [ 12.151285996563757, 46.916054538537644 ], [ 12.149679364449955, 46.915679703730341 ], [ 12.149500851794565, 46.916546613776532 ], [ 12.150194827090075, 46.916765621732267 ], [ 12.150593489766242, 46.917395809401647 ], [ 12.150721828852591, 46.917100189249282 ], [ 12.151828015430258, 46.917355455250515 ], [ 12.151242834451034, 46.918043078011593 ], [ 12.152151906588795, 46.918965745315518 ], [ 12.15267092202404, 46.918808568195921 ], [ 12.152403874270819, 46.919587437266841 ], [ 12.150814334432242, 46.919277838387266 ], [ 12.150255919653926, 46.919533721981075 ], [ 12.150552314392723, 46.920261348445109 ], [ 12.151431114317642, 46.920608603933374 ], [ 12.151163229936445, 46.920899943590584 ], [ 12.15187077784754, 46.923598735168227 ], [ 12.153633036302098, 46.924606815359724 ], [ 12.155566941143473, 46.924690394916318 ], [ 12.155841159506366, 46.926503334219952 ], [ 12.157428573551861, 46.927490582130609 ], [ 12.157636509942003, 46.928440297823606 ], [ 12.158349506993879, 46.928451160294173 ], [ 12.158149189013763, 46.929547687234027 ], [ 12.157189532764272, 46.929968815590357 ], [ 12.157019420789675, 46.930799786797785 ], [ 12.156531728730767, 46.931077559925249 ], [ 12.157880177678424, 46.932668124071384 ], [ 12.157851151077116, 46.931702159776513 ] ] ] } },
{ "type": "Feature", "properties": { "HOM_ID": 227.0, "NAME_D": "Lenksteinferner", "NAME_IT": "Vedretta di Sasso Lungo", "REGION": "Rieserfernergruppe", "ALT_MIN": 2552.0, "ALT_MAX": 3067.0, "ALT_MEDIAN": 2746.0, "area_km2": 0.545926 }, "geometry": { "type": "Polygon", "coordinates": [ [ [ 12.146862307531983, 46.930277228940867 ], [ 12.148770853137641, 46.928486389803012 ], [ 12.149173008040222, 46.927135418400425 ], [ 12.150060815916422, 46.926360892352591 ], [ 12.151211118138725, 46.926150615634761 ], [ 12.149406301660475, 46.925246657357953 ], [ 12.148046559017228, 46.923544724688711 ], [ 12.147727064461694, 46.921533666815591 ], [ 12.148509351385677, 46.921538922443091 ], [ 12.150341547513626, 46.920815424969945 ], [ 12.14883904423524, 46.917990222702514 ], [ 12.148566400371209, 46.917726272344169 ], [ 12.147415853262617, 46.917662691460663 ], [ 12.146982142709074, 46.917022176847247 ], [ 12.146793199378138, 46.917459861444868 ], [ 12.145357550406576, 46.917868437974796 ], [ 12.145532434042101, 46.91707187888229 ], [ 12.142988316681079, 46.917987145862391 ], [ 12.142576230161881, 46.918739617235552 ], [ 12.141830396880181, 46.919112872302136 ], [ 12.14187066517408, 46.920543462221886 ], [ 12.143123674963327, 46.921198749051548 ], [ 12.143366690793005, 46.922351409428884 ], [ 12.144220591259549, 46.922927868654263 ], [ 12.144389170902455, 46.924471012653804 ], [ 12.143922521087811, 46.924544490317736 ], [ 12.14372020735553, 46.925084256813953 ], [ 12.144526260230167, 46.926802335416781 ], [ 12.144190699507899, 46.926860344679199 ], [ 12.145314380964541, 46.928301028550266 ], [ 12.14541126489652, 46.929064633373358 ], [ 12.146249228690715, 46.9300178765167 ], [ 12.146882069351973, 46.929902838008623 ], [ 12.146862307531983, 46.930277228940867 ] ] ] } },
{ "type": "Feature", "properties": { "HOM_ID": 227.0, "NAME_D": "Lenksteinferner", "NAME_IT": "Vedretta di Sasso Lungo", "REGION": "Rieserfernergruppe", "ALT_MIN": 2952.0, "ALT_MAX": 2964.0, "ALT_MEDIAN": 2959.0, "area_km2": 0.000547065 }, "geometry": { "type": "Polygon", "coordinates": [ [ [ 12.164368278627965, 46.934756507478077 ], [ 12.164700684205451, 46.93469873425699 ], [ 12.164682280573576, 46.934563515019093 ], [ 12.164368278627965, 46.934756507478077 ] ] ] } },
{ "type": "Feature", "properties": { "HOM_ID": 227.0, "NAME_D": "Lenksteinferner", "NAME_IT": "Vedretta di Sasso Lungo", "REGION": "Rieserfernergruppe", "ALT_MIN": 2920.0, "ALT_MAX": 3027.0, "ALT_MEDIAN": 2981.0, "area_km2": 0.0179562 }, "geometry": { "type": "Polygon", "coordinates": [ [ [ 12.161404067617218, 46.932058268741216 ], [ 12.162083441775431, 46.930786144972991 ], [ 12.162000871151207, 46.93104845407246 ], [ 12.1625250765535, 46.930938510890648 ], [ 12.162519446784239, 46.931314896351331 ], [ 12.162932721934258, 46.931201695251787 ], [ 12.163280773749564, 46.931462812139799 ], [ 12.163114797380633, 46.930713276926639 ], [ 12.161686196687034, 46.930347675532978 ], [ 12.160442573043609, 46.930715413646155 ], [ 12.159448906906645, 46.931703918343516 ], [ 12.161240638145918, 46.930986245903597 ], [ 12.161404067617218, 46.932058268741216 ] ] ] } },
{ "type": "Feature", "properties": { "HOM_ID": 227.0, "NAME_D": "Lenksteinferner", "NAME_IT": "Vedretta di Sasso Lungo", "REGION": "Rieserfernergruppe", "ALT_MIN": 2918.0, "ALT_MAX": 3088.0, "ALT_MEDIAN": 3019.0, "area_km2": 0.043072 }, "geometry": { "type": "Polygon", "coordinates": [ [ [ 12.164856375412684, 46.935752894492516 ], [ 12.16672925457412, 46.93549638988268 ], [ 12.167539657850691, 46.934525660981357 ], [ 12.167358531683448, 46.933393417097435 ], [ 12.16594779500257, 46.932696685022002 ], [ 12.165624054340553, 46.932924715878592 ], [ 12.166285400975942, 46.934058909726161 ], [ 12.164533251258673, 46.935047211706653 ], [ 12.164445404054373, 46.935443968615346 ], [ 12.165099160320112, 46.93550479668027 ], [ 12.164856375412684, 46.935752894492516 ] ] ] } },
{ "type": "Feature", "properties": { "HOM_ID": 227.0, "NAME_D": "Lenksteinferner", "NAME_IT": "Vedretta di Sasso Lungo", "REGION": "Rieserfernergruppe", "ALT_MIN": 2854.0, "ALT_MAX": 2994.0, "ALT_MEDIAN": 2935.0, "area_km2": 0.0473687 }, "geometry": { "type": "Polygon", "coordinates": [ [ [ 12.161573783679776, 46.934243669683184 ], [ 12.165178248319121, 46.933875721515328 ], [ 12.164189137150943, 46.932496384055888 ], [ 12.16263352716112, 46.931526293260269 ], [ 12.161648601209603, 46.93331179972985 ], [ 12.161573783679776, 46.934243669683184 ] ] ] } },
{ "type": "Feature", "properties": { "HOM_ID": 229.0, "NAME_D": "Lenksteinferner", "NAME_IT": "Vedretta di Sasso Lungo", "REGION": "Rieserfernergruppe", "ALT_MIN": 2977.0, "ALT_MAX": 3016.0, "ALT_MEDIAN": 2996.0, "area_km2": 0.00181618 }, "geometry": { "type": "Polygon", "coordinates": [ [ [ 12.160753141804658, 46.94084908329193 ], [ 12.161805404752151, 46.940722847502826 ], [ 12.160664842689348, 46.940695793013894 ], [ 12.160753141804658, 46.94084908329193 ] ] ] } },
{ "type": "Feature", "properties": { "HOM_ID": 229.0, "NAME_D": "Lenksteinferner", "NAME_IT": "Vedretta di Sasso Lungo", "REGION": "Rieserfernergruppe", "ALT_MIN": 2934.0, "ALT_MAX": 3104.0, "ALT_MEDIAN": 3028.0, "area_km2": 0.0437188 }, "geometry": { "type": "Polygon", "coordinates": [ [ [ 12.163011292255298, 46.943275078829579 ], [ 12.164444381820624, 46.94281396839132 ], [ 12.164606845657445, 46.942473725172185 ], [ 12.16461116665338, 46.941975221422894 ], [ 12.163901829020242, 46.941366732675789 ], [ 12.162594566183719, 46.941529953187974 ], [ 12.162265412523373, 46.941388889924404 ], [ 12.16269050285651, 46.941286650974462 ], [ 12.161889613093425, 46.940970663944107 ], [ 12.161229173988888, 46.941327048908278 ], [ 12.162451018293911, 46.941588540963181 ], [ 12.161460365279991, 46.941887383772965 ], [ 12.160469212347618, 46.941731002488304 ], [ 12.161577757180691, 46.942932530749829 ], [ 12.163011292255298, 46.943275078829579 ] ], [ [ 12.1616958719832, 46.941399872095936 ], [ 12.161857580762684, 46.941312060453008 ], [ 12.161946911281305, 46.941411982331445 ], [ 12.1616958719832, 46.941399872095936 ] ], [ [ 12.162023939893535, 46.941208761001263 ], [ 12.162021027374145, 46.941371714956134 ], [ 12.161857786183084, 46.941291933076528 ], [ 12.162023939893535, 46.941208761001263 ] ] ] } },
{ "type": "Feature", "properties": { "HOM_ID": 228.0, "NAME_D": "Lenksteinferner", "NAME_IT": "Vedretta di Sasso Lungo", "REGION": "Rieserfernergruppe", "ALT_MIN": 3115.0, "ALT_MAX": 3175.0, "ALT_MEDIAN": 3141.0, "area_km2": 0.0283024 }, "geometry": { "type": "Polygon", "coordinates": [ [ [ 12.16488667513031, 46.938505051533816 ], [ 12.166692581700325, 46.938399203481993 ], [ 12.166908330630564, 46.93788713085101 ], [ 12.167877206088617, 46.938222241832896 ], [ 12.168581626216703, 46.937604489656543 ], [ 12.168287532669988, 46.936810732401362 ], [ 12.167231535927861, 46.936727086663751 ], [ 12.16716653499552, 46.93712264151759 ], [ 12.166313118602599, 46.937167819882504 ], [ 12.166386824521725, 46.937827752136897 ], [ 12.165815814865347, 46.937636394182185 ], [ 12.165773011148019, 46.938030476087704 ], [ 12.164882150421546, 46.937906626525994 ], [ 12.16488667513031, 46.938505051533816 ] ] ] } },
{ "type": "Feature", "properties": { "HOM_ID": 228.0, "NAME_D": "Lenksteinferner", "NAME_IT": "Vedretta di Sasso Lungo", "REGION": "Rieserfernergruppe", "ALT_MIN": 3156.0, "ALT_MAX": 3164.0, "ALT_MEDIAN": 3161.0, "area_km2": 0.000139231 }, "geometry": { "type": "Polygon", "coordinates": [ [ [ 12.16563789781164, 46.940213367553717 ], [ 12.165468862842888, 46.940153277993645 ], [ 12.165581815725192, 46.94032350295182 ], [ 12.16563789781164, 46.940213367553717 ] ] ] } },
{ "type": "Feature", "properties": { "HOM_ID": 228.0, "NAME_D": "Lenksteinferner", "NAME_IT": "Vedretta di Sasso Lungo", "REGION": "Rieserfernergruppe", "ALT_MIN": 3087.0, "ALT_MAX": 3134.0, "ALT_MEDIAN": 3108.0, "area_km2": 0.00947817 }, "geometry": { "type": "Polygon", "coordinates": [ [ [ 12.16463732717289, 46.94095810781338 ], [ 12.164414982696407, 46.940758738737266 ], [ 12.165002547460281, 46.940253645088724 ], [ 12.164777649682968, 46.939871257664507 ], [ 12.164095787033171, 46.939910981171813 ], [ 12.163300804186155, 46.940508743745205 ], [ 12.162852329222263, 46.940438280647435 ], [ 12.16463732717289, 46.94095810781338 ] ] ] } },
{ "type": "Feature", "properties": { "HOM_ID": 226.0, "NAME_D": "Lenksteinferner", "NAME_IT": "Vedretta di Sasso Lungo", "REGION": "Rieserfernergruppe", "ALT_MIN": 3197.0, "ALT_MAX": 3331.0, "ALT_MEDIAN": 3272.0, "area_km2": 0.0273421 }, "geometry": { "type": "Polygon", "coordinates": [ [ [ 12.144430942281124, 46.916324820053916 ], [ 12.145556447049833, 46.915368179425116 ], [ 12.145529467106204, 46.914907564064698 ], [ 12.144718416010416, 46.914557804809078 ], [ 12.143838237498356, 46.914659390630817 ], [ 12.14316668271799, 46.915505315266778 ], [ 12.143288231413628, 46.916246100185205 ], [ 12.144430942281124, 46.916324820053916 ] ] ] } },
{ "type": "Feature", "properties": { "HOM_ID": 230.0, "NAME_D": "Muklarferner", "NAME_IT": null, "REGION": "Rieserfernergruppe", "ALT_MIN": 2964.0, "ALT_MAX": 3033.0, "ALT_MEDIAN": 2993.0, "area_km2": 0.0096917 }, "geometry": { "type": "Polygon", "coordinates": [ [ [ 12.160890745359518, 46.946806790876799 ], [ 12.15982461310117, 46.946215614433804 ], [ 12.160061809519092, 46.945543756243318 ], [ 12.159346087131148, 46.945257782221915 ], [ 12.158985323580943, 46.945402045534316 ], [ 12.160570294944652, 46.947316649648414 ], [ 12.160890745359518, 46.946806790876799 ] ] ] } },
{ "type": "Feature", "properties": { "HOM_ID": 230.0, "NAME_D": "Muklarferner", "NAME_IT": null, "REGION": "Rieserfernergruppe", "ALT_MIN": 2986.0, "ALT_MAX": 2991.0, "ALT_MEDIAN": 2988.0, "area_km2": 9.28671e-05 }, "geometry": { "type": "Polygon", "coordinates": [ [ [ 12.155727890367238, 46.948291556066387 ], [ 12.15591784700433, 46.948269646621135 ], [ 12.155899485396997, 46.948193955835052 ], [ 12.155727890367238, 46.948291556066387 ] ] ] } },
{ "type": "Feature", "properties": { "HOM_ID": 230.0, "NAME_D": "Muklarferner", "NAME_IT": null, "REGION": "Rieserfernergruppe", "ALT_MIN": 2997.0, "ALT_MAX": 3001.0, "ALT_MEDIAN": 2998.0, "area_km2": 0.000158471 }, "geometry": { "type": "Polygon", "coordinates": [ [ [ 12.156539539759793, 46.948552760692181 ], [ 12.156427677539943, 46.948247244840935 ], [ 12.156314985229097, 46.948400369883203 ], [ 12.156539539759793, 46.948552760692181 ] ] ] } },
{ "type": "Feature", "properties": { "HOM_ID": 231.0, "NAME_D": "Rotsteinferner", "NAME_IT": null, "REGION": "Rieserfernergruppe", "ALT_MIN": 2853.0, "ALT_MAX": 2890.0, "ALT_MEDIAN": 2864.0, "area_km2": 0.00335537 }, "geometry": { "type": "Polygon", "coordinates": [ [ [ 12.149479770207071, 46.951155744381673 ], [ 12.149816538028711, 46.951028155789196 ], [ 12.149431037928395, 46.950740377626744 ], [ 12.148375402674585, 46.950469408561659 ], [ 12.149479770207071, 46.951155744381673 ] ] ] } },
{ "type": "Feature", "properties": { "HOM_ID": 65.0, "NAME_D": null, "NAME_IT": null, "REGION": "Oetztaler Alpen", "ALT_MIN": null, "ALT_MAX": null, "ALT_MEDIAN": null, "area_km2": 0.00768208 }, "geometry": { "type": "Polygon", "coordinates": [ [ [ 10.688891355123257, 46.863385727438228 ], [ 10.690814925564847, 46.863549983758936 ], [ 10.692414532535357, 46.863104126133301 ], [ 10.692191500330638, 46.862853276717786 ], [ 10.688891355123257, 46.863385727438228 ] ] ] } },
{ "type": "Feature", "properties": { "HOM_ID": 66.0, "NAME_D": null, "NAME_IT": null, "REGION": "Oetztaler Alpen", "ALT_MIN": null, "ALT_MAX": null, "ALT_MEDIAN": null, "area_km2": 0.00415802 }, "geometry": { "type": "Polygon", "coordinates": [ [ [ 10.697989739260654, 46.847541063867531 ], [ 10.698601261002203, 46.847986995800035 ], [ 10.698647686001092, 46.846617185567638 ], [ 10.697989739260654, 46.847541063867531 ] ] ] } },
{ "type": "Feature", "properties": { "HOM_ID": 95.0, "NAME_D": null, "NAME_IT": null, "REGION": "Oetztaler Alpen", "ALT_MIN": null, "ALT_MAX": null, "ALT_MEDIAN": null, "area_km2": 0.0054229 }, "geometry": { "type": "Polygon", "coordinates": [ [ [ 10.787135172915647, 46.796009584754152 ], [ 10.788257471523064, 46.796013912172803 ], [ 10.786868869160594, 46.79541799196322 ], [ 10.786258011668579, 46.795476720624713 ], [ 10.787135172915647, 46.796009584754152 ] ] ] } },
{ "type": "Feature", "properties": { "HOM_ID": 138.0, "NAME_D": null, "NAME_IT": null, "REGION": "Oetztaler Alpen", "ALT_MIN": null, "ALT_MAX": null, "ALT_MEDIAN": null, "area_km2": 0.00508037 }, "geometry": { "type": "Polygon", "coordinates": [ [ [ 11.108403494835208, 46.830237995669584 ], [ 11.109155916297249, 46.829928982423539 ], [ 11.108753741109018, 46.829419891683287 ], [ 11.108184222412381, 46.829823913978743 ], [ 11.108403494835208, 46.830237995669584 ] ] ] } },
{ "type": "Feature", "properties": { "HOM_ID": 138.0, "NAME_D": null, "NAME_IT": null, "REGION": "Oetztaler Alpen", "ALT_MIN": 2546.0, "ALT_MAX": 2638.0, "ALT_MEDIAN": 2580.0, "area_km2": 0.0125107 }, "geometry": { "type": "Polygon", "coordinates": [ [ [ 11.102744071416803, 46.832145811448314 ], [ 11.104417527104442, 46.831254204128825 ], [ 11.105274860064052, 46.830877699070065 ], [ 11.10439129427634, 46.830582411848319 ], [ 11.102533783708934, 46.831961111184604 ], [ 11.102744071416803, 46.832145811448314 ] ] ] } },
{ "type": "Feature", "properties": { "HOM_ID": 164.0, "NAME_D": "Hochferner", "NAME_IT": "Gran Vedretta Occidentale", "REGION": "Zillertaler Alpen", "ALT_MIN": 2409.0, "ALT_MAX": 2619.0, "ALT_MEDIAN": 2466.0, "area_km2": 0.042003 }, "geometry": { "type": "Polygon", "coordinates": [ [ [ 11.705659721259988, 46.983619627252665 ], [ 11.70640461051909, 46.983262247620956 ], [ 11.706258044465953, 46.98284312254183 ], [ 11.706693041342497, 46.982507233088498 ], [ 11.705706263683457, 46.983022888221157 ], [ 11.704659945265508, 46.983090470000278 ], [ 11.703662533324854, 46.983696310111078 ], [ 11.703458016477313, 46.984645828897243 ], [ 11.704149885334282, 46.985288061428292 ], [ 11.706144651703264, 46.985049805153587 ], [ 11.706140635666991, 46.984126806400695 ], [ 11.705659721259988, 46.983619627252665 ] ] ] } },
{ "type": "Feature", "properties": { "HOM_ID": 164.0, "NAME_D": "Hochferner", "NAME_IT": "Gran Vedretta Occidentale", "REGION": "Zillertaler Alpen", "ALT_MIN": 2578.0, "ALT_MAX": 2716.0, "ALT_MEDIAN": 2630.0, "area_km2": 0.0102338 }, "geometry": { "type": "Polygon", "coordinates": [ [ [ 11.707146791304229, 46.983338619386828 ], [ 11.708309900863386, 46.983690049446956 ], [ 11.708870580041218, 46.983265433432017 ], [ 11.709242412564492, 46.982382119688864 ], [ 11.707146791304229, 46.983338619386828 ] ] ] } },
{ "type": "Feature", "properties": { "HOM_ID": 185.0, "NAME_D": "Schwarzenbachkees", "NAME_IT": "Vedretta di Rio Nero", "REGION": "Zillertaler Alpen", "ALT_MIN": 2933.0, "ALT_MAX": 2971.0, "ALT_MEDIAN": 2946.0, "area_km2": 0.00149968 }, "geometry": { "type": "Polygon", "coordinates": [ [ [ 11.872671492421809, 47.004979349280148 ], [ 11.872549613295819, 47.004428549045635 ], [ 11.87225488065741, 47.004428660557892 ], [ 11.872079712588677, 47.004605531725318 ], [ 11.872671492421809, 47.004979349280148 ] ] ] } },
{ "type": "Feature", "properties": { "HOM_ID": 174.0, "NAME_D": "Weisszintferner", "NAME_IT": "Vedretta della Punta Bianca", "REGION": "Zillertaler Alpen", "ALT_MIN": 3262.0, "ALT_MAX": 3331.0, "ALT_MEDIAN": 3302.0, "area_km2": 0.00661739 }, "geometry": { "type": "Polygon", "coordinates": [ [ [ 11.746656527320956, 46.966124801829608 ], [ 11.747671105578526, 46.967121944901656 ], [ 11.74743904982369, 46.966732536783326 ], [ 11.747925570322291, 46.966318155998472 ], [ 11.747812515305114, 46.965944652656766 ], [ 11.746656527320956, 46.966124801829608 ] ] ] } },
{ "type": "Feature", "properties": { "HOM_ID": 75.0, "NAME_D": "Planailferner", "NAME_IT": "Vedretta di Planol", "REGION": "Oetztaler Alpen", "ALT_MIN": 2890.0, "ALT_MAX": 3372.0, "ALT_MEDIAN": 3181.0, "area_km2": 0.679184 }, "geometry": { "type": "Polygon", "coordinates": [ [ [ 10.67817162235144, 46.784416155417951 ], [ 10.677492271125205, 46.784631600409611 ], [ 10.674811468867942, 46.78441498556127 ], [ 10.674429367986566, 46.784053891727176 ], [ 10.67391732610681, 46.784309015962926 ], [ 10.673015663954702, 46.783848368384234 ], [ 10.672295804387183, 46.784220815425968 ], [ 10.672142658304654, 46.78554360110369 ], [ 10.672751297964565, 46.785720428601479 ], [ 10.672388149518961, 46.786194809415626 ], [ 10.673193562441202, 46.786456859109428 ], [ 10.673732317485896, 46.786279922489442 ], [ 10.673978857634509, 46.786740626675964 ], [ 10.671818938582511, 46.787179370123518 ], [ 10.673115925122802, 46.787642818888799 ], [ 10.67262573879478, 46.787821422886722 ], [ 10.672494440445098, 46.788394801597065 ], [ 10.673353055618083, 46.78925372259409 ], [ 10.674442491477745, 46.789729715394451 ], [ 10.673138204095002, 46.790039286115665 ], [ 10.673084687507396, 46.790549619714881 ], [ 10.672553629298909, 46.790640721068307 ], [ 10.672960633803735, 46.79146862447454 ], [ 10.672004888469868, 46.791951666388371 ], [ 10.671988212850792, 46.792370185278074 ], [ 10.673955794244275, 46.792468448025957 ], [ 10.674986894355813, 46.792179535280241 ], [ 10.675294029363677, 46.792413145721625 ], [ 10.676757127618469, 46.792415525909142 ], [ 10.678525044049536, 46.791963392182552 ], [ 10.679712182412732, 46.792122170787763 ], [ 10.681654217316453, 46.791084067889841 ], [ 10.683716126029154, 46.791223992902395 ], [ 10.684023138407856, 46.790397050104197 ], [ 10.684603815714533, 46.79056351147706 ], [ 10.684352513531566, 46.790064803517716 ], [ 10.682704796282687, 46.790143335624442 ], [ 10.682767133570637, 46.789585246737253 ], [ 10.68311253175356, 46.789544449949631 ], [ 10.682695442900295, 46.789064844545003 ], [ 10.685098151256746, 46.788330638449501 ], [ 10.685570013136926, 46.787663533799439 ], [ 10.68519353250705, 46.787152385002265 ], [ 10.683555498068147, 46.786037866175533 ], [ 10.681748710672927, 46.785457261178365 ], [ 10.681800151665392, 46.785161251151195 ], [ 10.682736524844913, 46.785064146531326 ], [ 10.681897418219108, 46.784500262484435 ], [ 10.680024193649109, 46.784344438837053 ], [ 10.681264196293714, 46.784647670786001 ], [ 10.680958274168361, 46.784730741489085 ], [ 10.681338772411344, 46.784927542452479 ], [ 10.680852474232582, 46.785118030870237 ], [ 10.679243461449175, 46.784541624454612 ], [ 10.678435301806697, 46.78474873016664 ], [ 10.67817162235144, 46.784416155417951 ] ], [ [ 10.679860861489116, 46.79027243001925 ], [ 10.679232298812064, 46.789858776952507 ], [ 10.679277328045494, 46.789612389325569 ], [ 10.679915968325627, 46.789993511002002 ], [ 10.679860861489116, 46.79027243001925 ] ], [ [ 10.676594615811894, 46.788304515636476 ], [ 10.675482008982305, 46.788019844812645 ], [ 10.675622144309989, 46.787575865094098 ], [ 10.67761084291436, 46.78812008829965 ], [ 10.676594615811894, 46.788304515636476 ] ], [ [ 10.675026138435735, 46.787628403154635 ], [ 10.674680996733388, 46.787677267589451 ], [ 10.674284124606798, 46.787578308043237 ], [ 10.67460703022965, 46.787527865984856 ], [ 10.675026138435735, 46.787628403154635 ] ] ] } },
{ "type": "Feature", "properties": { "HOM_ID": 63.0, "NAME_D": "Hasenohrferner", "NAME_IT": "Vedretta dell Orecchia", "REGION": "Ortlergruppe", "ALT_MIN": 3036.0, "ALT_MAX": 3059.0, "ALT_MEDIAN": 3048.0, "area_km2": 0.00172041 }, "geometry": { "type": "Polygon", "coordinates": [ [ [ 10.85628734819954, 46.548506608379036 ], [ 10.856976478611173, 46.548220393548569 ], [ 10.856726354999887, 46.548020864056248 ], [ 10.85628734819954, 46.548506608379036 ] ] ] } },
{ "type": "Feature", "properties": { "HOM_ID": 98.0, "NAME_D": "Finailferner", "NAME_IT": "Vedretta di Finale", "REGION": "Oetztaler Alpen", "ALT_MIN": 3234.0, "ALT_MAX": 3389.0, "ALT_MEDIAN": 3311.0, "area_km2": 0.0685153 }, "geometry": { "type": "Polygon", "coordinates": [ [ [ 10.82622068235934, 46.771907756700564 ], [ 10.826456119652422, 46.771457844556757 ], [ 10.826764868075072, 46.771569588895026 ], [ 10.827639235848519, 46.771078214498161 ], [ 10.827614794970778, 46.770189473767438 ], [ 10.827123236051131, 46.770666400922238 ], [ 10.826616997644324, 46.770569016805617 ], [ 10.82436975414039, 46.771762577801034 ], [ 10.823691342818528, 46.772436781708144 ], [ 10.823754736807858, 46.773539949745455 ], [ 10.826771309414914, 46.773889467518309 ], [ 10.826862646861546, 46.772001387521236 ], [ 10.82622068235934, 46.771907756700564 ] ] ] } }
]
}
