{
"type": "FeatureCollection",
"name": "glaciers_change",
"crs": { "type": "name", "properties": { "name": "urn:ogc:def:crs:OGC:1.3:CRS84" } },
"features": [
{ "type": "Feature", "properties": { "HOM_ID": 1.0, "area_97": 0.07660821236, "region": "Sesvenna", "name_d": null, "name_it": null, "area_05": null, "area_17": null, "change_pct": -100.0, "status": "disappeared" }, "geometry": { "type": "Polygon", "coordinates": [ [ [ 10.417868531914232, 46.712268384986686 ], [ 10.422180640409135, 46.712510147676063 ], [ 10.421902081312764, 46.712150510178866 ], [ 10.422677505718188, 46.711768884695175 ], [ 10.422772271276447, 46.710771853550625 ], [ 10.421671361308515, 46.71044067803566 ], [ 10.420730117778799, 46.710707988627824 ], [ 10.418562707264131, 46.710395526840934 ], [ 10.418449784283196, 46.710731875808968 ], [ 10.416854837489785, 46.711483236209425 ], [ 10.417442671486407, 46.711665465726497 ], [ 10.417153568000145, 46.711880593719833 ], [ 10.417868531914232, 46.712268384986686 ] ] ] } },
{ "type": "Feature", "properties": { "HOM_ID": 2.0, "area_97": 1.3680954275299999, "region": "Ortlergruppe", "name_d": "Ebenferner", "name_it": "Vedretta Piana", "area_05": 1.1449691267000002, "area_17": 0.979314592, "change_pct": -28.417669389621185, "status": "present" }, "geometry": { "type": "Polygon", "coordinates": [ [ [ 10.457767479408984, 46.511378335987416 ], [ 10.457140784639886, 46.512736412229074 ], [ 10.45760550012392, 46.512771597057515 ], [ 10.457088214321601, 46.513068989458084 ], [ 10.457824456403467, 46.513306049406019 ], [ 10.457028386139713, 46.513320701569377 ], [ 10.456609928526561, 46.515339357098398 ], [ 10.457376721890832, 46.515486679231003 ], [ 10.457299431613572, 46.515821028469603 ], [ 10.4581087663431, 46.515774994463214 ], [ 10.458143383277198, 46.516101964113425 ], [ 10.457386400436143, 46.516171142566904 ], [ 10.458757176118588, 46.516520841836204 ], [ 10.459054944015859, 46.517336166009322 ], [ 10.46033814551169, 46.517853169582921 ], [ 10.460198926294373, 46.518321656044094 ], [ 10.459303133597489, 46.518875996439505 ], [ 10.46010155831287, 46.519837322163148 ], [ 10.459552614638826, 46.520463433043929 ], [ 10.460539354058803, 46.520212718652765 ], [ 10.46201932143671, 46.520860535585506 ], [ 10.462272964115741, 46.52054297916839 ], [ 10.464050278290996, 46.520958374904438 ], [ 10.465135095169924, 46.520763513169058 ], [ 10.464339638709536, 46.519916480476837 ], [ 10.466303526818677, 46.518762290064771 ], [ 10.466005061004838, 46.51778912951778 ], [ 10.466551076526109, 46.516670151969265 ], [ 10.466937190699067, 46.51660026629979 ], [ 10.466720826694088, 46.51642447607491 ], [ 10.467560707874046, 46.515896932461878 ], [ 10.46765141092432, 46.515335721000099 ], [ 10.469279898615483, 46.515558309359214 ], [ 10.470085077350182, 46.514679482605501 ], [ 10.469355402746636, 46.513779797475216 ], [ 10.469586708213244, 46.513419694459017 ], [ 10.467840235805575, 46.513397481914311 ], [ 10.467099559149858, 46.512960572108412 ], [ 10.466237926033969, 46.513052788794347 ], [ 10.466093217301822, 46.51335495900171 ], [ 10.465657154175521, 46.513096757769425 ], [ 10.465656870135236, 46.513742033365531 ], [ 10.465173380228338, 46.513968740789537 ], [ 10.466206073231874, 46.514990375430308 ], [ 10.465614960451063, 46.51530638410879 ], [ 10.464885711721154, 46.515076287409642 ], [ 10.465155775769372, 46.514407264390904 ], [ 10.464327541812535, 46.513555480456446 ], [ 10.46458671568509, 46.512699915792197 ], [ 10.46681646302717, 46.512073264303801 ], [ 10.466420707541662, 46.506965579706815 ], [ 10.467369351082677, 46.505840662183381 ], [ 10.469349639586776, 46.505403325798483 ], [ 10.469610209116253, 46.504399625186643 ], [ 10.470776760804103, 46.503938899109514 ], [ 10.471367928280106, 46.502427808195073 ], [ 10.472517685075973, 46.502025146504373 ], [ 10.472488690683917, 46.50015749452119 ], [ 10.470082903510072, 46.499916178288899 ], [ 10.469626725128187, 46.50091151855807 ], [ 10.468430241789465, 46.501329607961566 ], [ 10.466885877334233, 46.501159343527959 ], [ 10.465596396077119, 46.501641898172373 ], [ 10.46480984919979, 46.501308918740612 ], [ 10.461471095228582, 46.504103075939319 ], [ 10.460024879626717, 46.504639682991169 ], [ 10.460569564554579, 46.505067103444645 ], [ 10.459806191870358, 46.505641339229314 ], [ 10.45934837781865, 46.507836363875455 ], [ 10.45898586926883, 46.506262878826355 ], [ 10.459195777361757, 46.509029807087352 ], [ 10.458966109734366, 46.509339908408151 ], [ 10.458389035089759, 46.509040097940321 ], [ 10.458314861939158, 46.50974825194232 ], [ 10.45942324121647, 46.510569903764825 ], [ 10.459938820128905, 46.511663424887772 ], [ 10.457767479408984, 46.511378335987416 ] ], [ [ 10.457867909681633, 46.513027202781942 ], [ 10.457998085254447, 46.512903836929489 ], [ 10.458270024828662, 46.512902108383209 ], [ 10.457867909681633, 46.513027202781942 ] ], [ [ 10.45750794116946, 46.512562351361694 ], [ 10.457544665916332, 46.512146341795734 ], [ 10.457663082294427, 46.512148309987751 ], [ 10.457644924374732, 46.512411080216708 ], [ 10.45750794116946, 46.512562351361694 ] ], [ [ 10.467816040861761, 46.515118517520698 ], [ 10.467167309966724, 46.514822468289658 ], [ 10.46717644231426, 46.514724952064981 ], [ 10.467867704383124, 46.514854063827066 ], [ 10.467816040861761, 46.515118517520698 ] ], [ [ 10.466371614191948, 46.513761279378272 ], [ 10.466217199754579, 46.513811959202407 ], [ 10.466197878054617, 46.51374930273262 ], [ 10.466371614191948, 46.513761279378272 ] ], [ [ 10.46782783361078, 46.514464977505412 ], [ 10.467416657531786, 46.514040072934655 ], [ 10.466737742952294, 46.514369389744964 ], [ 10.466233644118388, 46.513986255834489 ], [ 10.468155068901208, 46.513519248057555 ], [ 10.46760282319881, 46.513749543841676 ], [ 10.468204969610143, 46.51406242234377 ], [ 10.46782783361078, 46.514464977505412 ] ] ] } },
{ "type": "Feature", "properties": { "HOM_ID": 3.0, "area_97": 3.3697919305, "region": "Ortlergruppe", "name_d": "Madatschferner", "name_it": "Vedretta di Madaccio", "area_05": 3.0869223447, "area_17": 2.83963409, "change_pct": -15.732658022637514, "status": "present" }, "geometry": { "type": "MultiPolygon", "coordinates": [ [ [ [ 10.466816358458937, 46.512075433669473 ], [ 10.467576199680149, 46.512613381886581 ], [ 10.468994181862037, 46.51274313573068 ], [ 10.468838479263514, 46.51304167979859 ], [ 10.469435063074174, 46.512777841558616 ], [ 10.470394058224533, 46.512834005651968 ], [ 10.471541526894153, 46.51224318001686 ], [ 10.472820734113354, 46.513266492345949 ], [ 10.473490176143487, 46.513424122757463 ], [ 10.472704452313488, 46.512403037171836 ], [ 10.472713390900212, 46.511460545849765 ], [ 10.473548086476844, 46.511388898280956 ], [ 10.473265469641854, 46.511761953286559 ], [ 10.473770369241254, 46.512063912959682 ], [ 10.474066015715634, 46.51192634111419 ], [ 10.473708087750939, 46.51147791968927 ], [ 10.474415489466553, 46.511807332968026 ], [ 10.474595430608847, 46.511372054079978 ], [ 10.475204506968158, 46.511450923480091 ], [ 10.47584581947198, 46.511968668235411 ], [ 10.475543600074957, 46.512096339841968 ], [ 10.475764676662257, 46.512369186325387 ], [ 10.476540824863088, 46.512703881163802 ], [ 10.476258986067442, 46.513074828434817 ], [ 10.476856188800921, 46.51409698422826 ], [ 10.475903035039876, 46.51517661042417 ], [ 10.476191694279638, 46.5154091030373 ], [ 10.47592703674073, 46.515282594129118 ], [ 10.475597882111073, 46.517286763595443 ], [ 10.475931448345644, 46.518030472056125 ], [ 10.478111897097353, 46.518194030176993 ], [ 10.480118985459645, 46.520863361490186 ], [ 10.480402926788429, 46.520856183601907 ], [ 10.480465248666675, 46.519157762264371 ], [ 10.481165821536329, 46.518774387962281 ], [ 10.482397245663336, 46.520551219742465 ], [ 10.483941626752966, 46.520805190307065 ], [ 10.48430305079982, 46.519744583964474 ], [ 10.486922340141884, 46.521584887038223 ], [ 10.487059172616524, 46.521348194721071 ], [ 10.487634831541055, 46.52143961891273 ], [ 10.487854093761648, 46.521106033787142 ], [ 10.486999278330641, 46.519809674873173 ], [ 10.48585292004193, 46.519247140869908 ], [ 10.486188653858237, 46.51895306514362 ], [ 10.484992377626339, 46.51678107134201 ], [ 10.48512626478958, 46.515915694261523 ], [ 10.485600317751006, 46.515797242638094 ], [ 10.485670606025764, 46.515419231936455 ], [ 10.486031026092938, 46.515501095514374 ], [ 10.486814952829581, 46.514038153525568 ], [ 10.487311671613282, 46.513864782754219 ], [ 10.486765644112504, 46.513871882771603 ], [ 10.486544476081921, 46.513017181168358 ], [ 10.487231919991322, 46.512746890414952 ], [ 10.486607941938658, 46.512648048384861 ], [ 10.485928476878646, 46.51149122463768 ], [ 10.486530852818854, 46.511501074239654 ], [ 10.487291632286652, 46.507745953510558 ], [ 10.487851005503288, 46.507626467238751 ], [ 10.488113410790312, 46.506930555907743 ], [ 10.489275239419834, 46.506225610024671 ], [ 10.491270943491953, 46.50580350452833 ], [ 10.492387297394501, 46.504890547198869 ], [ 10.492466572182954, 46.504247709622369 ], [ 10.492101436499066, 46.504494572652888 ], [ 10.49210065280959, 46.50420555381374 ], [ 10.493347421415722, 46.503092967223409 ], [ 10.493844761170728, 46.501707854313501 ], [ 10.49424677028248, 46.501516760043529 ], [ 10.494082513911264, 46.500092100446004 ], [ 10.493789032527031, 46.500134229071989 ], [ 10.493889891231007, 46.500587477885283 ], [ 10.493207185352539, 46.500527155888115 ], [ 10.493547184875217, 46.498479789700397 ], [ 10.492598580290254, 46.498155524462142 ], [ 10.491278417000208, 46.498209284745947 ], [ 10.490215602229856, 46.499014214980683 ], [ 10.490063381392581, 46.499539405649465 ], [ 10.49028921023725, 46.498599113360243 ], [ 10.48986728343435, 46.498980020511546 ], [ 10.489257282021297, 46.498629670501842 ], [ 10.489024121285814, 46.499616637788279 ], [ 10.488544937349205, 46.499507819343862 ], [ 10.488143843810851, 46.499933195425342 ], [ 10.48812528788771, 46.500646462177485 ], [ 10.488332510076328, 46.50090674858631 ], [ 10.489359280509809, 46.500667234420234 ], [ 10.48978506572821, 46.500878871988213 ], [ 10.487769196821526, 46.501219336907255 ], [ 10.487916657419644, 46.501493685980272 ], [ 10.487321581891008, 46.501632193611073 ], [ 10.486671990677738, 46.501254248648522 ], [ 10.486603277627452, 46.500683068338077 ], [ 10.487234252988463, 46.500200800080563 ], [ 10.488054541942585, 46.50057658296339 ], [ 10.487441805414877, 46.499919878266013 ], [ 10.487501775297934, 46.498502713114895 ], [ 10.48730653341098, 46.498290335858336 ], [ 10.48711752214135, 46.498798749570994 ], [ 10.486763084071196, 46.498765175103756 ], [ 10.486136342653333, 46.498079135283696 ], [ 10.486790129876889, 46.497998412608197 ], [ 10.487200050230514, 46.49831089908956 ], [ 10.48737431485762, 46.497836659009664 ], [ 10.48845202198412, 46.497472881941349 ], [ 10.488587741607709, 46.49763585059344 ], [ 10.488385477632212, 46.497950534798534 ], [ 10.488338226466551, 46.497614089860519 ], [ 10.487978722029165, 46.497830567403369 ], [ 10.488272158149799, 46.498311137706708 ], [ 10.488040031908223, 46.498146867281825 ], [ 10.487920673858973, 46.498561373871624 ], [ 10.488440781838008, 46.498876823027295 ], [ 10.488877835512351, 46.498727300263091 ], [ 10.488769114737526, 46.498258453803196 ], [ 10.489042617100948, 46.498474129431187 ], [ 10.48937967378442, 46.497725583667787 ], [ 10.488548430121005, 46.497508164102236 ], [ 10.487524005989755, 46.496692155261485 ], [ 10.486988062494477, 46.496834284001807 ], [ 10.486997091824117, 46.496337364410195 ], [ 10.486542869820951, 46.496425456096716 ], [ 10.486603178269238, 46.495790725062498 ], [ 10.485683541564661, 46.49521788118777 ], [ 10.485953817656949, 46.495062789127438 ], [ 10.485240920394441, 46.495073331869662 ], [ 10.485338993895345, 46.494849534703661 ], [ 10.484250735585892, 46.494981141416972 ], [ 10.483872937415081, 46.494800205562491 ], [ 10.48446296703168, 46.494892773248232 ], [ 10.484843251462955, 46.494829480192294 ], [ 10.48310227510393, 46.4945817631694 ], [ 10.483466648748678, 46.494835978607689 ], [ 10.482985134920224, 46.495001266887371 ], [ 10.482707479591546, 46.494438238823662 ], [ 10.482310965441512, 46.494372420037841 ], [ 10.482594613581302, 46.495373010395177 ], [ 10.482121845228464, 46.495304688548153 ], [ 10.482454538582074, 46.495607294345916 ], [ 10.481813998372811, 46.49572961530292 ], [ 10.482344937767737, 46.495829385374357 ], [ 10.482340508604743, 46.496133339708841 ], [ 10.481581286175947, 46.497047880004651 ], [ 10.480779448549209, 46.497278174424665 ], [ 10.480155881797122, 46.496503577286539 ], [ 10.480712301686239, 46.495336221019308 ], [ 10.480468175446669, 46.495204794621586 ], [ 10.48098014772358, 46.495342479481927 ], [ 10.481220509095113, 46.494889711895276 ], [ 10.481645052916495, 46.495071498914712 ], [ 10.48162205145932, 46.494416926360493 ], [ 10.480295743198205, 46.495056384188487 ], [ 10.477976326931341, 46.495191179768838 ], [ 10.475469972187339, 46.495854103565811 ], [ 10.475837199074419, 46.497764221680669 ], [ 10.476359340125558, 46.497629201959803 ], [ 10.476593139777549, 46.498156390439696 ], [ 10.477238617188465, 46.498220541432666 ], [ 10.476481209655567, 46.499389136090151 ], [ 10.476920911854673, 46.501514908020937 ], [ 10.476140436153207, 46.50168491071198 ], [ 10.475297867569351, 46.500368922859352 ], [ 10.474271989768949, 46.500110156469859 ], [ 10.474521113174587, 46.499522241767401 ], [ 10.472333499103405, 46.499290732178792 ], [ 10.472517685075973, 46.502025146504373 ], [ 10.471367928280106, 46.502427808195073 ], [ 10.470776760804103, 46.503938899109514 ], [ 10.469610209116253, 46.504399625186643 ], [ 10.469349639586776, 46.505403325798483 ], [ 10.467369351082677, 46.505840662183381 ], [ 10.466420707541662, 46.506965579706815 ], [ 10.466816358458937, 46.512075433669473 ] ], [ [ 10.477340472031242, 46.504598866772064 ], [ 10.477015658135947, 46.504528880573133 ], [ 10.476665592080723, 46.504171477518177 ], [ 10.476982158736689, 46.504203179407895 ], [ 10.477340472031242, 46.504598866772064 ] ], [ [ 10.487905051390966, 46.50430354828211 ], [ 10.487627842702206, 46.504246652371883 ], [ 10.4876173017296, 46.504204779782505 ], [ 10.487905051390966, 46.50430354828211 ] ], [ [ 10.487869184666382, 46.504332465692208 ], [ 10.487971947567987, 46.504359607302035 ], [ 10.487867546636393, 46.504396336290917 ], [ 10.487869184666382, 46.504332465692208 ] ], [ [ 10.488055457655948, 46.504334565277034 ], [ 10.488151385679652, 46.504383812533618 ], [ 10.487971947567987, 46.504359607302035 ], [ 10.488055457655948, 46.504334565277034 ] ], [ [ 10.487940157541846, 46.504163895818557 ], [ 10.487698066440446, 46.503964952630277 ], [ 10.487214229299655, 46.503973984482492 ], [ 10.486780410962785, 46.503780351275751 ], [ 10.487003957915107, 46.503613651920546 ], [ 10.487669056691079, 46.50388146358587 ], [ 10.488493015441307, 46.503534280787093 ], [ 10.488771104364886, 46.503988447841635 ], [ 10.489146235242906, 46.503930941440757 ], [ 10.487940157541846, 46.504163895818557 ] ], [ [ 10.475427680660138, 46.503076595343543 ], [ 10.476189048648932, 46.504153973299346 ], [ 10.475342621027254, 46.503514504023492 ], [ 10.475427680660138, 46.503076595343543 ] ], [ [ 10.47751518300776, 46.502993933918546 ], [ 10.477787846262835, 46.501971409528529 ], [ 10.478290153949208, 46.50176991271411 ], [ 10.478541018489993, 46.502344384835503 ], [ 10.47809502878043, 46.502550949735621 ], [ 10.478148373503673, 46.503016679718733 ], [ 10.47751518300776, 46.502993933918546 ] ], [ [ 10.478376170365642, 46.502690092295317 ], [ 10.478362529263572, 46.502579268106743 ], [ 10.478415413209259, 46.502623312064202 ], [ 10.478376170365642, 46.502690092295317 ] ], [ [ 10.479699717059082, 46.497552314984468 ], [ 10.479521760267707, 46.497150116472639 ], [ 10.478938132544087, 46.497276345872045 ], [ 10.479511830605013, 46.496843315185082 ], [ 10.480070142345426, 46.49725651930936 ], [ 10.479699717059082, 46.497552314984468 ] ], [ [ 10.493390195233394, 46.501145302321845 ], [ 10.493179453735882, 46.500606669525681 ], [ 10.493359539689818, 46.500950673569491 ], [ 10.493471113169031, 46.500788519519148 ], [ 10.493707905279187, 46.500838586331589 ], [ 10.493390195233394, 46.501145302321845 ] ] ], [ [ [ 10.491692719064831, 46.51083524847396 ], [ 10.492326451404624, 46.508793783705279 ], [ 10.491674467991453, 46.508147676202441 ], [ 10.489740931957581, 46.508311463124357 ], [ 10.4900096473564, 46.508875241063471 ], [ 10.489416528782003, 46.509023183519929 ], [ 10.489334308978288, 46.509584124456637 ], [ 10.489299017935581, 46.509315390578294 ], [ 10.488842598350375, 46.509360232069369 ], [ 10.488885549103902, 46.510087806670114 ], [ 10.489656569394565, 46.50996191016683 ], [ 10.489315430025901, 46.510352228730383 ], [ 10.489862141931397, 46.510145017372878 ], [ 10.489995982684107, 46.509717406299558 ], [ 10.490565896702645, 46.509691104399138 ], [ 10.490736131498556, 46.510087545804538 ], [ 10.491178160026132, 46.510032516767033 ], [ 10.490857289331375, 46.510182818399556 ], [ 10.491040493811674, 46.510452917237238 ], [ 10.491324807134863, 46.510227513303477 ], [ 10.491439235442821, 46.510829781689623 ], [ 10.491434316891342, 46.510504359315632 ], [ 10.491692719064831, 46.51083524847396 ] ] ] ] } },
{ "type": "Feature", "properties": { "HOM_ID": 4.0, "area_97": 1.2464741885000001, "region": "Ortlergruppe", "name_d": "Trafoierferner", "name_it": "Vedretta di Trafoi", "area_05": 1.0975925109, "area_17": 0.91010512, "change_pct": -26.985642510960034, "status": "present" }, "geometry": { "type": "MultiPolygon", "coordinates": [ [ [ [ 10.493857354397939, 46.502041562742789 ], [ 10.493486679088146, 46.502585957367266 ], [ 10.493436301363616, 46.505123064878624 ], [ 10.494571751028086, 46.506339815100667 ], [ 10.495477298308803, 46.506035915795188 ], [ 10.495050916009786, 46.505537285247165 ], [ 10.495514615484719, 46.505267478728449 ], [ 10.495037758319723, 46.504819626592131 ], [ 10.495632593607336, 46.504708872210031 ], [ 10.495027802736693, 46.504729392524901 ], [ 10.495209799673724, 46.503618079477093 ], [ 10.494077202762874, 46.50302540133945 ], [ 10.495014141744706, 46.502690490037111 ], [ 10.494287271188336, 46.502025639469572 ], [ 10.493857354397939, 46.502041562742789 ] ] ], [ [ [ 10.504793131010977, 46.51553881480163 ], [ 10.504015378753612, 46.513893967917106 ], [ 10.504832222824049, 46.512351226111171 ], [ 10.504572347595778, 46.51086317188846 ], [ 10.504983157005306, 46.510717299073185 ], [ 10.505156209908705, 46.509582906425941 ], [ 10.506069335021657, 46.508876195992805 ], [ 10.506685661329335, 46.506831714279322 ], [ 10.505852894192778, 46.504854693468985 ], [ 10.5066026815971, 46.503828841982198 ], [ 10.506075020330746, 46.501628000142929 ], [ 10.506734159731424, 46.501419053194297 ], [ 10.507439964288627, 46.499960620692185 ], [ 10.50812834235828, 46.499825727617704 ], [ 10.508514234291891, 46.49925984590643 ], [ 10.507880290514672, 46.498385705476871 ], [ 10.508472088215672, 46.497595998120559 ], [ 10.508019382697572, 46.497562786781359 ], [ 10.507825319735304, 46.496868079159476 ], [ 10.508191703550143, 46.496407823261336 ], [ 10.508379720504394, 46.49679867700889 ], [ 10.508698244961513, 46.496437244865803 ], [ 10.507573916060439, 46.496039719885118 ], [ 10.505609214302121, 46.496115076301784 ], [ 10.504409023345545, 46.496865710274619 ], [ 10.50446188673461, 46.496397523619095 ], [ 10.504352494825847, 46.496748676424609 ], [ 10.504285097729419, 46.496541908039809 ], [ 10.503963156981975, 46.496461259879268 ], [ 10.503629370093526, 46.497170092123248 ], [ 10.50320950631464, 46.496871581763607 ], [ 10.5034392678969, 46.496542713086036 ], [ 10.502811663991006, 46.496327030589335 ], [ 10.503180586303966, 46.49619280187369 ], [ 10.501361888951273, 46.495622687998122 ], [ 10.499979732273607, 46.495828690316415 ], [ 10.498822749726244, 46.496861982872424 ], [ 10.49724431566794, 46.497116048531787 ], [ 10.49725059280459, 46.497600366978126 ], [ 10.496777751350839, 46.49783072078737 ], [ 10.496033611845391, 46.497592560133121 ], [ 10.496319963409587, 46.498059416804622 ], [ 10.49485626071546, 46.49792837404339 ], [ 10.493550759365485, 46.498426150630721 ], [ 10.494919495557433, 46.499521439617979 ], [ 10.496480124990699, 46.499862818947165 ], [ 10.497206225368403, 46.499465799036493 ], [ 10.496773971494703, 46.50053795193061 ], [ 10.498175481297011, 46.50153719763545 ], [ 10.498190764607923, 46.502129752383581 ], [ 10.497649779869665, 46.502739171786011 ], [ 10.498455045623587, 46.503145657764946 ], [ 10.498500136510765, 46.503635676886027 ], [ 10.498300694645284, 46.503925593102231 ], [ 10.49758945671705, 46.503751178622018 ], [ 10.498856526814343, 46.505282897578205 ], [ 10.498386099909997, 46.505882935603168 ], [ 10.498931264250547, 46.507957084571636 ], [ 10.498484985342758, 46.508705622505083 ], [ 10.499031115775832, 46.510359999029021 ], [ 10.498669527212433, 46.512132924314841 ], [ 10.500717933451414, 46.512463954536017 ], [ 10.501170977110888, 46.51109706032679 ], [ 10.501626966880156, 46.511087085091219 ], [ 10.502226514206013, 46.511686595028813 ], [ 10.501686588949193, 46.512177243346898 ], [ 10.502703945096828, 46.513165665219709 ], [ 10.503379789313641, 46.515601364043249 ], [ 10.504583341804942, 46.515756492157237 ], [ 10.504793131010977, 46.51553881480163 ] ], [ [ 10.501999354612584, 46.507741006585277 ], [ 10.503045361277666, 46.507141639432596 ], [ 10.502596953668494, 46.507618750119256 ], [ 10.502983790765766, 46.507905915762201 ], [ 10.502365459210697, 46.508199581301902 ], [ 10.501999354612584, 46.507741006585277 ] ], [ [ 10.501857016542436, 46.500909226143079 ], [ 10.501501606695747, 46.500317458972482 ], [ 10.501959313578784, 46.499935975045602 ], [ 10.502688267257026, 46.499889236186291 ], [ 10.502650377044242, 46.50038497919364 ], [ 10.503243850357448, 46.50026305319652 ], [ 10.502325351677822, 46.500971485832309 ], [ 10.501857016542436, 46.500909226143079 ] ], [ [ 10.505029284277162, 46.499917600242696 ], [ 10.503825324125932, 46.499790352539684 ], [ 10.50407796629159, 46.499585772081154 ], [ 10.503656947716859, 46.499764894293335 ], [ 10.503197883528847, 46.499357060629791 ], [ 10.503806312712245, 46.498814007688473 ], [ 10.504209044513228, 46.498885825956755 ], [ 10.50367376645648, 46.498635075955654 ], [ 10.50426936497769, 46.498579154730542 ], [ 10.503696675229721, 46.498178659307541 ], [ 10.503893715754071, 46.497994788762881 ], [ 10.504303466070404, 46.498359396615555 ], [ 10.504739550162414, 46.497952240543825 ], [ 10.505013425491693, 46.498067321125042 ], [ 10.504721718465129, 46.499083754568083 ], [ 10.505174349680564, 46.49933808040916 ], [ 10.505029284277162, 46.499917600242696 ] ], [ [ 10.503722188423163, 46.497943237777363 ], [ 10.502848166093852, 46.497775002099246 ], [ 10.502770516040188, 46.497261391805999 ], [ 10.503774851674191, 46.4972266476057 ], [ 10.503705839106837, 46.497639681773386 ], [ 10.503162541738112, 46.49744492212767 ], [ 10.503722188423163, 46.497943237777363 ] ], [ [ 10.504899039025464, 46.497770662307055 ], [ 10.504847191764178, 46.497490009878241 ], [ 10.505200575869695, 46.497245087339223 ], [ 10.504899039025464, 46.497770662307055 ] ], [ [ 10.499525188532091, 46.497371894832185 ], [ 10.499842600384534, 46.49780850139161 ], [ 10.499879184749453, 46.498676865626642 ], [ 10.499545759855454, 46.497566375312871 ], [ 10.498869907211711, 46.497189230718107 ], [ 10.499525188532091, 46.497371894832185 ] ], [ [ 10.498692245295693, 46.497491605180734 ], [ 10.499478408456369, 46.498140494359625 ], [ 10.499521393935312, 46.498344922591819 ], [ 10.498692245295693, 46.497491605180734 ] ], [ [ 10.496454375683131, 46.497935074693778 ], [ 10.496302562035995, 46.4979942174784 ], [ 10.496292284546033, 46.497935495628127 ], [ 10.496454375683131, 46.497935074693778 ] ], [ [ 10.496761294587063, 46.498118435629237 ], [ 10.496678262744647, 46.498075982648459 ], [ 10.496757265236969, 46.498023426195523 ], [ 10.496761294587063, 46.498118435629237 ] ], [ [ 10.499699007622036, 46.498509326659985 ], [ 10.499653352228213, 46.498470768531739 ], [ 10.499662269097808, 46.498414521285063 ], [ 10.499699007622036, 46.498509326659985 ] ], [ [ 10.499765578161957, 46.498694159103181 ], [ 10.50162305515834, 46.499911495570601 ], [ 10.50018822421427, 46.500599776197987 ], [ 10.499480879266313, 46.499914579781965 ], [ 10.499359288653821, 46.498812064181401 ], [ 10.499765578161957, 46.498694159103181 ] ], [ [ 10.496837490606017, 46.499011120573535 ], [ 10.496688091222309, 46.499258899511723 ], [ 10.49645888526682, 46.49919405296486 ], [ 10.496837490606017, 46.499011120573535 ] ], [ [ 10.501727327493976, 46.500009453441194 ], [ 10.501589629538463, 46.500070065707938 ], [ 10.50176502760154, 46.499953539037321 ], [ 10.501727327493976, 46.500009453441194 ] ] ], [ [ [ 10.496725650941036, 46.508861946685592 ], [ 10.494820709202385, 46.507974761166103 ], [ 10.495370243843034, 46.50783591923954 ], [ 10.495186926783468, 46.506906576395011 ], [ 10.495541101946202, 46.506884772855017 ], [ 10.493581953738781, 46.50643194487175 ], [ 10.493283991689415, 46.506668079569039 ], [ 10.494286183542309, 46.50799418712834 ], [ 10.494777095125116, 46.508375783611683 ], [ 10.496725650941036, 46.508861946685592 ] ], [ [ 10.493840141679813, 46.506741898884492 ], [ 10.493873094411855, 46.506897007539358 ], [ 10.493775747923804, 46.506857710289452 ], [ 10.493840141679813, 46.506741898884492 ] ] ] ] } },
{ "type": "Feature", "properties": { "HOM_ID": 5.0, "area_97": 1.61419570244, "region": "Ortlergruppe", "name_d": "Nasenhornferner", "name_it": "Vedretta Bassa dell Ortles", "area_05": 1.4615912221, "area_17": 1.3012666, "change_pct": -19.386069605251688, "status": "present" }, "geometry": { "type": "Polygon", "coordinates": [ [ [ 10.522536397474958, 46.499133796874681 ], [ 10.526390372677369, 46.498646274935979 ], [ 10.527557352007463, 46.49796225542174 ], [ 10.527738479367855, 46.49753598496234 ], [ 10.527255253049583, 46.497285864775371 ], [ 10.52721075848812, 46.497686619882948 ], [ 10.526067458460352, 46.498548202041455 ], [ 10.524843112493173, 46.498726071076256 ], [ 10.526263000612662, 46.497863842046812 ], [ 10.526284215094107, 46.49725823411508 ], [ 10.526689322469144, 46.497688322084009 ], [ 10.526006039141539, 46.495967844162635 ], [ 10.524573193235945, 46.496212634491279 ], [ 10.524123209466733, 46.496780771527284 ], [ 10.521698734152055, 46.496195342467068 ], [ 10.517770655409421, 46.496883420915331 ], [ 10.518054437457227, 46.495598219009153 ], [ 10.517776208346211, 46.49538815163401 ], [ 10.516449528785859, 46.495987181856385 ], [ 10.516321246308694, 46.496494345893979 ], [ 10.515749386819744, 46.496633471528128 ], [ 10.516294316927054, 46.496639073768037 ], [ 10.515948160808291, 46.497074826119267 ], [ 10.515356570540977, 46.497200869240253 ], [ 10.515103127216847, 46.496545843949718 ], [ 10.515316869617411, 46.496440406073148 ], [ 10.515533804217723, 46.496941591172373 ], [ 10.515961211728179, 46.496066379427766 ], [ 10.515521793999877, 46.495944124215328 ], [ 10.515947369000386, 46.495603326612049 ], [ 10.515128426598103, 46.495642710833422 ], [ 10.514778409728011, 46.496249811530276 ], [ 10.513721703030656, 46.496847370950732 ], [ 10.513868222569686, 46.49627148330174 ], [ 10.514691784923325, 46.495929171255568 ], [ 10.513309327660865, 46.495359468395307 ], [ 10.511410603110797, 46.495714545733577 ], [ 10.511103468160174, 46.496024282813188 ], [ 10.51146813861326, 46.496689664436111 ], [ 10.50974210453103, 46.497283091836856 ], [ 10.509518303341114, 46.498717786795403 ], [ 10.508846355249359, 46.499027045271376 ], [ 10.509330059943927, 46.499474794929966 ], [ 10.508197104094046, 46.500133882615167 ], [ 10.508709852269909, 46.500068943144989 ], [ 10.507771570365154, 46.500809548636724 ], [ 10.507272189573399, 46.502622200792793 ], [ 10.507899995856915, 46.5038656136649 ], [ 10.509092289066906, 46.504340768828897 ], [ 10.508356165490788, 46.504845287949337 ], [ 10.508489938306356, 46.505975791622674 ], [ 10.508038527435964, 46.506622551143174 ], [ 10.50821858300621, 46.507685676581076 ], [ 10.507837569269205, 46.508002815980497 ], [ 10.507651320362202, 46.509694044505387 ], [ 10.50929936053582, 46.511844088380883 ], [ 10.509718158105299, 46.510789368567842 ], [ 10.510510294736807, 46.510684102896043 ], [ 10.510297081290446, 46.510028487506588 ], [ 10.510998443774225, 46.510417690681777 ], [ 10.512009903898589, 46.511552828351697 ], [ 10.512940748314847, 46.51441609713202 ], [ 10.511641368176107, 46.515944200426674 ], [ 10.511878160954254, 46.516407911115458 ], [ 10.510541070126317, 46.518896146291254 ], [ 10.510370347677201, 46.519990248305689 ], [ 10.511792263244022, 46.517822528745498 ], [ 10.51331748414683, 46.516710962793667 ], [ 10.515134029367013, 46.513893999892161 ], [ 10.515098593880568, 46.513239646201278 ], [ 10.515883519712146, 46.513156416157408 ], [ 10.517112004765796, 46.511168942578415 ], [ 10.517041486637302, 46.508900770202544 ], [ 10.51777213551817, 46.507121137021116 ], [ 10.516846420239606, 46.505895745791513 ], [ 10.516981419502747, 46.505073113432132 ], [ 10.517712878360037, 46.505659800715897 ], [ 10.519363462250457, 46.504900408174841 ], [ 10.51969551757669, 46.503818641730184 ], [ 10.519189906112416, 46.503337985787034 ], [ 10.519172581604067, 46.502716172126057 ], [ 10.521462352352167, 46.500072503789532 ], [ 10.521508286759383, 46.499388926687523 ], [ 10.522259266775015, 46.498679934312122 ], [ 10.522692720809049, 46.498905025201751 ], [ 10.522536397474958, 46.499133796874681 ] ], [ [ 10.517539220429279, 46.504258979794471 ], [ 10.516365635815122, 46.503469096826663 ], [ 10.51622297809925, 46.502881008777194 ], [ 10.516789559782325, 46.502950449095096 ], [ 10.518050830553703, 46.504221407818797 ], [ 10.517539220429279, 46.504258979794471 ] ], [ [ 10.513530159899275, 46.498676560851358 ], [ 10.513073665792964, 46.49704432383087 ], [ 10.513399697989495, 46.497122976159545 ], [ 10.513501194806002, 46.497810610787795 ], [ 10.514052168450457, 46.497921954320063 ], [ 10.514063142614264, 46.497439244169648 ], [ 10.514363441817032, 46.498054105524069 ], [ 10.515054596279439, 46.497528718024284 ], [ 10.515852454004937, 46.497606321315637 ], [ 10.516653866793879, 46.497310725568219 ], [ 10.515840478207794, 46.497906279560041 ], [ 10.514739749464756, 46.498061947149473 ], [ 10.515133187894197, 46.498184991839402 ], [ 10.514832642225452, 46.498397390683238 ], [ 10.513530159899275, 46.498676560851358 ] ], [ [ 10.512910980485389, 46.497020691150176 ], [ 10.512427037991387, 46.49717567883976 ], [ 10.511880188728499, 46.496874952176711 ], [ 10.512172971618218, 46.496707755887279 ], [ 10.512551928258333, 46.496916670185534 ], [ 10.512421952999956, 46.496761293767221 ], [ 10.512771428617954, 46.496653534452051 ], [ 10.512910980485389, 46.497020691150176 ] ] ] } },
{ "type": "Feature", "properties": { "HOM_ID": 6.0, "area_97": 1.59911156179, "region": "Ortlergruppe", "name_d": "Ortlerferner Niederer", "name_it": "Vedretta Bassa dell Ortles", "area_05": 1.4330265966, "area_17": 1.25562, "change_pct": -21.48014997812319, "status": "present" }, "geometry": { "type": "Polygon", "coordinates": [ [ [ 10.526512472326063, 46.498610331893438 ], [ 10.521536349286338, 46.499396248970719 ], [ 10.521509025197735, 46.499881377735896 ], [ 10.522003877343032, 46.49976068887527 ], [ 10.521014212786785, 46.500902513299614 ], [ 10.520515599603252, 46.501005336613993 ], [ 10.519850095062653, 46.502450656346852 ], [ 10.521394787841807, 46.50364213986159 ], [ 10.521023143485143, 46.504968125689516 ], [ 10.521710037325585, 46.506036340745482 ], [ 10.521470119226638, 46.50675776893933 ], [ 10.522127407359232, 46.506514954240693 ], [ 10.52084775639387, 46.507322816899133 ], [ 10.520066930788355, 46.506064606223383 ], [ 10.519092634967448, 46.506096791263552 ], [ 10.520391462903961, 46.507044660047399 ], [ 10.520507138688956, 46.508861155846112 ], [ 10.519482095379892, 46.509407044154834 ], [ 10.519336047552933, 46.509832230639745 ], [ 10.517132617255394, 46.510143351406697 ], [ 10.517175909831394, 46.511021208004344 ], [ 10.515911105252757, 46.513119359639276 ], [ 10.515098593880568, 46.513239646201278 ], [ 10.514479877335864, 46.514991205530478 ], [ 10.51331748414683, 46.516710962793667 ], [ 10.511252266948661, 46.518449143189549 ], [ 10.511165067846024, 46.519123640267921 ], [ 10.512743846326211, 46.517767620711197 ], [ 10.513932933140843, 46.51723233709567 ], [ 10.514564160685941, 46.517653410856724 ], [ 10.51509146299616, 46.517505681855695 ], [ 10.517628505406874, 46.515840623172444 ], [ 10.517865940121673, 46.515160279389718 ], [ 10.519327989000445, 46.514425194684954 ], [ 10.521671629623986, 46.512529829991792 ], [ 10.521750392986204, 46.511957400123165 ], [ 10.522462790059526, 46.511922908044596 ], [ 10.5231946769951, 46.511189796881112 ], [ 10.524978898778398, 46.510591105598898 ], [ 10.525205780738489, 46.510166440289886 ], [ 10.526974483719826, 46.509842717980497 ], [ 10.528016795667074, 46.508589838945909 ], [ 10.529154872802149, 46.507905128696017 ], [ 10.52969674393893, 46.506959044015026 ], [ 10.529665138241285, 46.506075352577916 ], [ 10.533139600835973, 46.504346527813375 ], [ 10.533314253152547, 46.503919015483909 ], [ 10.535971462542349, 46.502902194064831 ], [ 10.537230521454626, 46.502892971847842 ], [ 10.53787161952129, 46.50349613563116 ], [ 10.539561485327713, 46.503942816579915 ], [ 10.540061557942606, 46.503497446039376 ], [ 10.539869583512756, 46.504000231745131 ], [ 10.540287478830926, 46.504590996828291 ], [ 10.540601399983151, 46.503671016679277 ], [ 10.541042964969499, 46.503718933999103 ], [ 10.541499007096016, 46.503293389162543 ], [ 10.541243995371596, 46.502354140342881 ], [ 10.541707068559173, 46.502374832662582 ], [ 10.542234852077236, 46.501925230588135 ], [ 10.541539037894548, 46.501950003699648 ], [ 10.540787172050003, 46.500582660351931 ], [ 10.54027955536321, 46.50056256519224 ], [ 10.539694660999567, 46.499581583153081 ], [ 10.539672560057465, 46.500297034446149 ], [ 10.539177810393499, 46.500615875962524 ], [ 10.538600026440577, 46.500281206501562 ], [ 10.537727082749944, 46.500346815985289 ], [ 10.537670777986035, 46.500672165937232 ], [ 10.537139024729028, 46.500635604102911 ], [ 10.537258348813232, 46.500322336275985 ], [ 10.536805416258163, 46.50046309311859 ], [ 10.536968045394197, 46.498325435024746 ], [ 10.536664727708795, 46.498040934313877 ], [ 10.534948121966178, 46.497923547836663 ], [ 10.535151099082817, 46.497414850703997 ], [ 10.534149630172683, 46.496970414230084 ], [ 10.533677089349267, 46.497205690328215 ], [ 10.533557373843253, 46.498099962028419 ], [ 10.533032556412966, 46.498359023424705 ], [ 10.532148529864756, 46.498128465431876 ], [ 10.531649943848771, 46.498811056725359 ], [ 10.528790254696828, 46.497286516902307 ], [ 10.528496290604528, 46.497532851236677 ], [ 10.5282322596351, 46.497157381957294 ], [ 10.528121099402385, 46.497564798948055 ], [ 10.527738479367855, 46.49753598496234 ], [ 10.526512472326063, 46.498610331893438 ] ], [ [ 10.526842224128105, 46.503760640665675 ], [ 10.527300108819459, 46.50366218115218 ], [ 10.526899978678472, 46.503169889834659 ], [ 10.527234246273384, 46.502637008961592 ], [ 10.526790567733162, 46.502181210326896 ], [ 10.527141737156654, 46.501986701121368 ], [ 10.528265418811502, 46.503377381052204 ], [ 10.527879363521224, 46.503387670371637 ], [ 10.527683812960355, 46.504098258685225 ], [ 10.527043163425523, 46.504568538194853 ], [ 10.526655911531966, 46.504271023155638 ], [ 10.526842224128105, 46.503760640665675 ] ], [ [ 10.538577024508871, 46.50288897160079 ], [ 10.538888237358304, 46.502793722235751 ], [ 10.538684292357416, 46.503004242051539 ], [ 10.538577024508871, 46.50288897160079 ] ], [ [ 10.538325104923119, 46.503044985967698 ], [ 10.53843734003156, 46.503270490329811 ], [ 10.538370823022687, 46.503282928195993 ], [ 10.538325104923119, 46.503044985967698 ] ], [ [ 10.538100683973168, 46.503122393600044 ], [ 10.53782915888322, 46.503176065712907 ], [ 10.537974851624757, 46.503007372279434 ], [ 10.538100683973168, 46.503122393600044 ] ], [ [ 10.53907203496472, 46.503415857751278 ], [ 10.539362609283124, 46.503313189212037 ], [ 10.539221827538267, 46.503524142166164 ], [ 10.53907203496472, 46.503415857751278 ] ], [ [ 10.539035414571496, 46.503072623597703 ], [ 10.538860172105554, 46.502983919197597 ], [ 10.539003112757674, 46.502915302312253 ], [ 10.539035414571496, 46.503072623597703 ] ], [ [ 10.539337143947479, 46.50198351172142 ], [ 10.539124286987619, 46.50174653701383 ], [ 10.53924658412139, 46.501670501987213 ], [ 10.539337143947479, 46.50198351172142 ] ], [ [ 10.527387034467594, 46.501991120767627 ], [ 10.527099577347624, 46.501807705427268 ], [ 10.526707438042932, 46.502131017302546 ], [ 10.526787010288615, 46.501788792897955 ], [ 10.526293943813961, 46.501956978172515 ], [ 10.526999859629928, 46.501165189306853 ], [ 10.527387034467594, 46.501991120767627 ] ], [ [ 10.526826731182604, 46.500952029770517 ], [ 10.526919881170086, 46.500696838367773 ], [ 10.52710423109419, 46.500514817093325 ], [ 10.527092866816099, 46.500904868940395 ], [ 10.526826731182604, 46.500952029770517 ] ], [ [ 10.52966631645714, 46.500908952057387 ], [ 10.528961761811223, 46.499429315236497 ], [ 10.530192961029211, 46.499224310350847 ], [ 10.531455008111147, 46.499522927231695 ], [ 10.53240138597414, 46.499294778163758 ], [ 10.532275651211011, 46.499777425041422 ], [ 10.531457417546292, 46.500203936927932 ], [ 10.530275856302373, 46.50019282082274 ], [ 10.530430170966429, 46.500529352989538 ], [ 10.52966631645714, 46.500908952057387 ] ], [ [ 10.525157125053411, 46.499462806020261 ], [ 10.525462734452486, 46.499631876192716 ], [ 10.525095336804439, 46.500042707847093 ], [ 10.524777672047245, 46.499841092473467 ], [ 10.525157125053411, 46.499462806020261 ] ], [ [ 10.525640092596326, 46.49989692506513 ], [ 10.525936341715321, 46.500129605540685 ], [ 10.525799732072198, 46.500225696764723 ], [ 10.525427615362061, 46.500169097663942 ], [ 10.525640092596326, 46.49989692506513 ] ], [ [ 10.526190258903064, 46.500442369000424 ], [ 10.526353167786088, 46.500622319270413 ], [ 10.52624841730043, 46.500662194745836 ], [ 10.526190258903064, 46.500442369000424 ] ], [ [ 10.540413921245143, 46.503708171320824 ], [ 10.540114243771212, 46.503817377420454 ], [ 10.54039125070873, 46.503628957020126 ], [ 10.540413921245143, 46.503708171320824 ] ] ] } },
{ "type": "Feature", "properties": { "HOM_ID": 7.0, "area_97": 1.43356456519, "region": "Ortlergruppe", "name_d": "Ortlerferner Oberer", "name_it": "Vedretta Alto dell Ortles", "area_05": 1.3149228361, "area_17": 1.24313321, "change_pct": -13.283765504120195, "status": "present" }, "geometry": { "type": "MultiPolygon", "coordinates": [ [ [ [ 10.537407275173161, 46.507569800387415 ], [ 10.536691839390127, 46.507681565743276 ], [ 10.53720505579872, 46.507893559089823 ], [ 10.538068154427211, 46.507521999876488 ], [ 10.537719426412723, 46.507147279000719 ], [ 10.537992478145204, 46.506088065325528 ], [ 10.537382331400122, 46.505935749833533 ], [ 10.536588578025556, 46.50626745839466 ], [ 10.537673785712258, 46.507527303310916 ], [ 10.537110315783671, 46.507281938043427 ], [ 10.537407275173161, 46.507569800387415 ] ] ], [ [ [ 10.537246841949134, 46.50753115153902 ], [ 10.53725257346146, 46.507537216794063 ], [ 10.537265059085932, 46.507523069708881 ], [ 10.537246841949134, 46.50753115153902 ] ] ], [ [ [ 10.537246841949134, 46.50753115153902 ], [ 10.537244068874626, 46.507528216212329 ], [ 10.537241060518003, 46.507533716774773 ], [ 10.537246841949134, 46.50753115153902 ] ] ], [ [ [ 10.541714720566995, 46.513268120767052 ], [ 10.543967575967864, 46.511724658314577 ], [ 10.544914955426702, 46.509059120390191 ], [ 10.544761269492549, 46.507326265061451 ], [ 10.543446126625756, 46.506251781841335 ], [ 10.542995113754925, 46.505092131848258 ], [ 10.542379895621588, 46.504661768996158 ], [ 10.541545121427442, 46.505677217320141 ], [ 10.538643984753753, 46.506207005440551 ], [ 10.538489883379938, 46.507279600465907 ], [ 10.537331678264522, 46.508011841950818 ], [ 10.537654644574229, 46.508805235615633 ], [ 10.536806631017596, 46.509098212241959 ], [ 10.53652119304161, 46.510250557678958 ], [ 10.532692544808846, 46.511671708921121 ], [ 10.531112702681046, 46.512810830735752 ], [ 10.529823877042521, 46.512870383980378 ], [ 10.529491996553483, 46.513223385999098 ], [ 10.528892360346193, 46.513141628646537 ], [ 10.527333979456651, 46.513667226464733 ], [ 10.527816399321205, 46.513903263089077 ], [ 10.526997205859411, 46.514051983447089 ], [ 10.526916790809723, 46.51451443647872 ], [ 10.529212945866222, 46.514692901136776 ], [ 10.530605693459627, 46.514422543760958 ], [ 10.52810376561327, 46.516556381862479 ], [ 10.530339652669513, 46.517277400841806 ], [ 10.532239087625969, 46.517094320551486 ], [ 10.533526808869906, 46.516373820243565 ], [ 10.533865075909659, 46.516866487986391 ], [ 10.534320634756984, 46.516841034700704 ], [ 10.535623366822565, 46.516216775235989 ], [ 10.535688498350094, 46.51653706913585 ], [ 10.536069263228468, 46.516547711136248 ], [ 10.535838025303018, 46.516343276710565 ], [ 10.536326863615757, 46.516187540675062 ], [ 10.536581179318562, 46.516544077469888 ], [ 10.535028849205027, 46.517610364136267 ], [ 10.533105693440046, 46.518251659976208 ], [ 10.533086104474163, 46.518572369186479 ], [ 10.532548304402628, 46.518337745041855 ], [ 10.532446482303252, 46.518623972237343 ], [ 10.531695553778359, 46.518557909349738 ], [ 10.531407275703522, 46.51883497906573 ], [ 10.532597800292018, 46.518901531538404 ], [ 10.532315899289856, 46.51971766066923 ], [ 10.533773216937464, 46.520045446201337 ], [ 10.536508290520997, 46.520109267843964 ], [ 10.534457054565346, 46.520273055425989 ], [ 10.534828825983672, 46.520298648344514 ], [ 10.53502786027564, 46.520767636214153 ], [ 10.536465501305063, 46.520650444156566 ], [ 10.537129860121796, 46.521415580471036 ], [ 10.537898760433356, 46.520816052360281 ], [ 10.539070672628519, 46.521196480005585 ], [ 10.539243353560112, 46.520989858497153 ], [ 10.539911947794815, 46.521541865738754 ], [ 10.539779852955391, 46.522519733358521 ], [ 10.540729823846171, 46.52205618676993 ], [ 10.541570543450495, 46.520574856889588 ], [ 10.54118058560759, 46.520309031367674 ], [ 10.541283377559227, 46.519826845676349 ], [ 10.540944080850121, 46.519868605645115 ], [ 10.541092560067117, 46.518943269825442 ], [ 10.540689774457777, 46.519326895517366 ], [ 10.540904101530112, 46.519753609007331 ], [ 10.539940950465173, 46.52021724745731 ], [ 10.539785409164265, 46.51922821488369 ], [ 10.540300669940351, 46.519172612939435 ], [ 10.540089408007734, 46.518737624090257 ], [ 10.540978611471525, 46.518138871135285 ], [ 10.541438024504494, 46.517999187252343 ], [ 10.541442632122749, 46.518369825214883 ], [ 10.542154934310672, 46.518441123809083 ], [ 10.541503660837188, 46.516325324959212 ], [ 10.54194575265632, 46.515623296006119 ], [ 10.541169902811342, 46.515124857534964 ], [ 10.541684008378757, 46.514616337917595 ], [ 10.541714720566995, 46.513268120767052 ] ], [ [ 10.538777248741432, 46.52045457932563 ], [ 10.538922443617704, 46.52052234615811 ], [ 10.538839473054368, 46.520578591139987 ], [ 10.538777248741432, 46.52045457932563 ] ], [ [ 10.537280656881975, 46.518930015388861 ], [ 10.537879383502212, 46.518595966039726 ], [ 10.53736114210186, 46.519146029393013 ], [ 10.537280656881975, 46.518930015388861 ] ], [ [ 10.535388276817566, 46.516051848982769 ], [ 10.535706335236146, 46.515708735265669 ], [ 10.534982300958463, 46.515531782364128 ], [ 10.535109476585435, 46.514954229722811 ], [ 10.534648876014213, 46.515103677859273 ], [ 10.534484597602761, 46.514830686858389 ], [ 10.535260798782543, 46.514802958168481 ], [ 10.536050788183019, 46.513992403693599 ], [ 10.536178897776692, 46.51439211620832 ], [ 10.535549756243903, 46.515278545522513 ], [ 10.536021667448649, 46.515248258017159 ], [ 10.535725903021827, 46.516025057480689 ], [ 10.535388276817566, 46.516051848982769 ] ], [ [ 10.529922256968328, 46.514155389262157 ], [ 10.529929485386532, 46.513967157495607 ], [ 10.529631866560459, 46.514273137053578 ], [ 10.529286077420053, 46.514302350655655 ], [ 10.529785414538919, 46.51389010528117 ], [ 10.529349801893678, 46.513752697864021 ], [ 10.529999518140034, 46.513736614883058 ], [ 10.529922256968328, 46.514155389262157 ] ], [ [ 10.536452323531401, 46.513649723434305 ], [ 10.536662870866154, 46.513300458245538 ], [ 10.536912691638186, 46.513245114319616 ], [ 10.536452323531401, 46.513649723434305 ] ], [ [ 10.529958913355458, 46.513252488402173 ], [ 10.529429604691195, 46.513478673394985 ], [ 10.529319912033323, 46.51331341556125 ], [ 10.529958913355458, 46.513252488402173 ] ], [ [ 10.530146056627499, 46.51366809250586 ], [ 10.529993669172885, 46.513576636215866 ], [ 10.530173434883137, 46.513547510016608 ], [ 10.530146056627499, 46.51366809250586 ] ] ], [ [ [ 10.532920534234405, 46.520504049186854 ], [ 10.534322303220154, 46.520235553659994 ], [ 10.533447941598856, 46.520214852634609 ], [ 10.532920534234405, 46.520504049186854 ] ] ], [ [ [ 10.529003497363256, 46.522984599445188 ], [ 10.529690995429817, 46.52281123784806 ], [ 10.529380180284758, 46.52234810156655 ], [ 10.528357552818662, 46.522336975999984 ], [ 10.528867632374157, 46.522474760439742 ], [ 10.529003497363256, 46.522984599445188 ] ] ], [ [ [ 10.538818256469197, 46.524414005702177 ], [ 10.541458005258264, 46.523551043296337 ], [ 10.540890648213335, 46.523091722527802 ], [ 10.541013340333928, 46.52277875847129 ], [ 10.540544434717351, 46.522976403040673 ], [ 10.539948250353886, 46.522660150526406 ], [ 10.539652800383696, 46.523011110577706 ], [ 10.538705167089084, 46.522560140600611 ], [ 10.538971435698157, 46.52217923323488 ], [ 10.539511673730914, 46.52217311925434 ], [ 10.539449509503587, 46.521635647880522 ], [ 10.538891614184875, 46.522036513077843 ], [ 10.538696490434342, 46.521587410975648 ], [ 10.538392531979495, 46.522136294527627 ], [ 10.537790573992933, 46.52228058909013 ], [ 10.537443000055248, 46.522116635197214 ], [ 10.538059379055072, 46.521651109866184 ], [ 10.537686613704084, 46.521519203202182 ], [ 10.536736256753803, 46.521849033959043 ], [ 10.536609101734145, 46.522199185214298 ], [ 10.536118546211201, 46.521962563475661 ], [ 10.534834003019329, 46.522057638880526 ], [ 10.534882410970736, 46.522942279257983 ], [ 10.534227278150988, 46.523624443626822 ], [ 10.532655726442096, 46.523448837058403 ], [ 10.531992696875317, 46.522925898145346 ], [ 10.52995490732226, 46.522966149608223 ], [ 10.529625222814907, 46.523606153363673 ], [ 10.531877864209623, 46.524522904715013 ], [ 10.535158799945599, 46.523914658064257 ], [ 10.538818256469197, 46.524414005702177 ] ] ], [ [ [ 10.521037719506765, 46.525885323237503 ], [ 10.522931918638923, 46.525294648395601 ], [ 10.524253007761434, 46.524529172968307 ], [ 10.525340138271627, 46.523526023587607 ], [ 10.525853579447421, 46.522421074318714 ], [ 10.524838605838852, 46.52217782670413 ], [ 10.524478285605042, 46.522607401128326 ], [ 10.523605245091739, 46.522826344318453 ], [ 10.522993306815586, 46.52224187163182 ], [ 10.52228456178392, 46.522674739529066 ], [ 10.520487094290448, 46.525473105537372 ], [ 10.521037719506765, 46.525885323237503 ] ] ] ] } },
{ "type": "Feature", "properties": { "HOM_ID": 8.0, "area_97": 0.09401106065000001, "region": "Ortlergruppe", "name_d": "Tabarettaferner", "name_it": "Vedretta di Tabaretta", "area_05": 0.0685109613, "area_17": 0.05080238, "change_pct": -45.961273440860815, "status": "present" }, "geometry": { "type": "Polygon", "coordinates": [ [ [ 10.538078344384793, 46.53089370059255 ], [ 10.539668561314015, 46.528972011110866 ], [ 10.53975264753506, 46.528289887814637 ], [ 10.539212232668913, 46.528452817414738 ], [ 10.539384894774965, 46.527912185757387 ], [ 10.541563480009094, 46.527860140011384 ], [ 10.542833459330774, 46.527246335271528 ], [ 10.542199274180454, 46.526917636052879 ], [ 10.542901502603971, 46.526579828796741 ], [ 10.542627271224946, 46.526020898737016 ], [ 10.541700025472059, 46.525795055041954 ], [ 10.541473554986512, 46.526878063313902 ], [ 10.540041881901823, 46.526318413087871 ], [ 10.540238243949448, 46.525772595549661 ], [ 10.539662483360633, 46.526318841757906 ], [ 10.539514692911318, 46.525937993937013 ], [ 10.539192304251969, 46.526466880725451 ], [ 10.537517936530923, 46.52669921866439 ], [ 10.537409212836478, 46.527293875303748 ], [ 10.538099611217042, 46.528499694326655 ], [ 10.53762042883886, 46.528986595671313 ], [ 10.536950385925218, 46.528885346596418 ], [ 10.536810882458521, 46.529269874076654 ], [ 10.537720950893377, 46.529218727200245 ], [ 10.537730833134821, 46.529568818517063 ], [ 10.53808966195351, 46.529620529069767 ], [ 10.538078344384793, 46.53089370059255 ] ] ] } },
{ "type": "Feature", "properties": { "HOM_ID": 9.0, "area_97": 0.50363736440999995, "region": "Ortlergruppe", "name_d": "Marltferner", "name_it": "Vedretta del Marlet", "area_05": 0.4773227803, "area_17": 0.393254, "change_pct": -21.917230970206436, "status": "present" }, "geometry": { "type": "Polygon", "coordinates": [ [ [ 10.546283836841384, 46.51125720012832 ], [ 10.544589900778849, 46.509978684228244 ], [ 10.544170304117191, 46.510746858931995 ], [ 10.54427238043184, 46.511292488893034 ], [ 10.544831782722099, 46.511515985561154 ], [ 10.544987157550993, 46.512399178350812 ], [ 10.544333380733171, 46.512823901464898 ], [ 10.544726485792626, 46.5126483439143 ], [ 10.544688836304905, 46.512935842163309 ], [ 10.545040440489283, 46.512787597512201 ], [ 10.545133364230095, 46.513083060398301 ], [ 10.545598269390988, 46.513079210599862 ], [ 10.545670172587396, 46.513653572585056 ], [ 10.545617081256506, 46.514330074956248 ], [ 10.544804024042307, 46.515011317135134 ], [ 10.54525449551592, 46.515100135637233 ], [ 10.545077580982486, 46.515464860179755 ], [ 10.545897371954858, 46.515648838909421 ], [ 10.545917837906419, 46.516397166086371 ], [ 10.546507349810771, 46.516725887658573 ], [ 10.546591703820351, 46.517300099265768 ], [ 10.545980725211713, 46.517993548660542 ], [ 10.54655322443495, 46.518519522123256 ], [ 10.546354439043053, 46.519492214271878 ], [ 10.547332207693712, 46.520083420820072 ], [ 10.546567230567987, 46.522231143764458 ], [ 10.545640413878319, 46.522846839284064 ], [ 10.548039475898269, 46.522877753748155 ], [ 10.548913595564338, 46.523295932900318 ], [ 10.550282054532293, 46.524664847578777 ], [ 10.555876771930111, 46.527928973650745 ], [ 10.560625376431949, 46.529025200110532 ], [ 10.561517329176837, 46.528834669883437 ], [ 10.560503799789629, 46.527923295567156 ], [ 10.556945544535532, 46.526574555243727 ], [ 10.557122829242472, 46.525973402363974 ], [ 10.554956506216676, 46.524424103736592 ], [ 10.555085063451132, 46.523967473673856 ], [ 10.555687422335406, 46.523676602760716 ], [ 10.55313332327988, 46.521759894310584 ], [ 10.551835245515536, 46.519151216108398 ], [ 10.551398213875629, 46.519438923406909 ], [ 10.550456923499482, 46.519439346838354 ], [ 10.550763210875111, 46.520110463343123 ], [ 10.549970273289608, 46.520282254508523 ], [ 10.548617494931483, 46.51914795644484 ], [ 10.547946560404748, 46.519161300469804 ], [ 10.548540631837655, 46.518438710820966 ], [ 10.548147291136299, 46.518482950135351 ], [ 10.547221870213923, 46.517746539503094 ], [ 10.547230249049941, 46.517206338207352 ], [ 10.546872890239403, 46.517400878034628 ], [ 10.546722978025979, 46.517208335886465 ], [ 10.546955299541711, 46.515959948620406 ], [ 10.546248128239116, 46.515665594456664 ], [ 10.545998083535384, 46.515089586147418 ], [ 10.546470917617764, 46.514789859519702 ], [ 10.546535807785229, 46.513343797491807 ], [ 10.545771384981938, 46.512848251320108 ], [ 10.547217122795256, 46.512504408616365 ], [ 10.54718816914111, 46.512187011824679 ], [ 10.546599828220208, 46.511627069950727 ], [ 10.545828368994458, 46.511565753250558 ], [ 10.546283836841384, 46.51125720012832 ] ] ] } },
{ "type": "Feature", "properties": { "HOM_ID": 10.0, "area_97": 0.11509263357000001, "region": "Ortlergruppe", "name_d": null, "name_it": null, "area_05": 0.0834309545, "area_17": 0.0670609, "change_pct": -41.733108436333431, "status": "present" }, "geometry": { "type": "Polygon", "coordinates": [ [ [ 10.553376542311419, 46.519995348454906 ], [ 10.554563292582401, 46.519974358056665 ], [ 10.555045817512887, 46.519598115551105 ], [ 10.55364316848547, 46.517977932283245 ], [ 10.553913363070494, 46.517816173435001 ], [ 10.553227536749072, 46.517363387444831 ], [ 10.552837777896954, 46.516088459949209 ], [ 10.551277809197888, 46.515951253932172 ], [ 10.551088802229998, 46.515489589774823 ], [ 10.55029513317904, 46.515340741252302 ], [ 10.550536723320031, 46.514854689606288 ], [ 10.549755476185558, 46.514760698479044 ], [ 10.550947105446713, 46.513800880911916 ], [ 10.549685647181406, 46.514163343763578 ], [ 10.548257966072708, 46.514131606389498 ], [ 10.548840047021338, 46.513353958276703 ], [ 10.548524423882727, 46.513404443321711 ], [ 10.547379369683258, 46.514268752214697 ], [ 10.54777019534586, 46.51426103159806 ], [ 10.548315905848787, 46.51548916103836 ], [ 10.548738885102049, 46.515962041974824 ], [ 10.551078742324078, 46.51675533761582 ], [ 10.551164939160966, 46.517060615371079 ], [ 10.551764050843547, 46.517067080482626 ], [ 10.552115016732891, 46.517514690985514 ], [ 10.551664228198355, 46.518510681259293 ], [ 10.551938552473636, 46.518988518088371 ], [ 10.553376542311419, 46.519995348454906 ] ] ] } },
{ "type": "Feature", "properties": { "HOM_ID": 11.0, "area_97": 0.88906615516999998, "region": "Ortlergruppe", "name_d": "Endderweltferner", "name_it": "Vedretta Fine del Mondo", "area_05": 0.778112176, "area_17": 0.7021032, "change_pct": -21.0291387297552, "status": "present" }, "geometry": { "type": "MultiPolygon", "coordinates": [ [ [ [ 10.555291604032217, 46.508199551214545 ], [ 10.555755485500113, 46.507774302079717 ], [ 10.556088312251971, 46.50808108541986 ], [ 10.555927168615398, 46.50734072350658 ], [ 10.556680048224878, 46.506996715885045 ], [ 10.55843098916133, 46.505253863811944 ], [ 10.554255792873006, 46.505331506419012 ], [ 10.552245948418733, 46.506277841550798 ], [ 10.551881058847103, 46.506795726196344 ], [ 10.552044942933657, 46.507583660583656 ], [ 10.553545058944714, 46.507998922318841 ], [ 10.553944255493128, 46.50750383143108 ], [ 10.554482589184877, 46.507441386364178 ], [ 10.555291604032217, 46.508199551214545 ] ] ], [ [ [ 10.57409127671426, 46.516340369424135 ], [ 10.575550474760497, 46.51611921971255 ], [ 10.577112554889249, 46.51685650856448 ], [ 10.577592832651481, 46.516246718512505 ], [ 10.578531564937146, 46.515896510631038 ], [ 10.578649893450804, 46.515440880800732 ], [ 10.57635911950651, 46.514519089726363 ], [ 10.57321059069368, 46.514471648159351 ], [ 10.568443917062746, 46.513519083056714 ], [ 10.565114020487696, 46.511967313630372 ], [ 10.564653702535756, 46.510470979024191 ], [ 10.563964101246269, 46.510018576756814 ], [ 10.564215080044232, 46.509685993149901 ], [ 10.564850876509407, 46.510071858261597 ], [ 10.563608083151852, 46.508584924110778 ], [ 10.563918872900283, 46.508285576369786 ], [ 10.565510591720454, 46.508759950561242 ], [ 10.565311919640841, 46.506693473928472 ], [ 10.565696913924869, 46.506743602124082 ], [ 10.56575634974199, 46.506360133938017 ], [ 10.566495076027476, 46.506080861563646 ], [ 10.566363421772223, 46.505748653048514 ], [ 10.569455331267154, 46.506131071588825 ], [ 10.573220653802858, 46.508120696662125 ], [ 10.574294468544032, 46.507979448673304 ], [ 10.574564167721748, 46.507072606800222 ], [ 10.571799946827666, 46.505787287461914 ], [ 10.570492286353293, 46.505852545223739 ], [ 10.569513681137558, 46.505510650106331 ], [ 10.568437371811335, 46.504784670150663 ], [ 10.566023395745221, 46.504947466250655 ], [ 10.564159125283426, 46.505888504096475 ], [ 10.563846926406583, 46.505859301263698 ], [ 10.563884992540968, 46.505385327200635 ], [ 10.563312710745898, 46.505736891717156 ], [ 10.563438814123154, 46.506695046823161 ], [ 10.562817891414197, 46.507316429105288 ], [ 10.562698183904876, 46.508219571662714 ], [ 10.561649053805317, 46.508313368073772 ], [ 10.561542636286941, 46.508122644995566 ], [ 10.561168973841292, 46.508473165594069 ], [ 10.562188386275185, 46.509605551049184 ], [ 10.561779687925643, 46.510063543407085 ], [ 10.560543805129495, 46.510237657214198 ], [ 10.560269980154001, 46.50986036115988 ], [ 10.56024667186022, 46.510245452746027 ], [ 10.559257591540836, 46.510577483266196 ], [ 10.557367185005127, 46.510266368825583 ], [ 10.556909900172187, 46.510700649412144 ], [ 10.558156724931308, 46.51093985083331 ], [ 10.55794206246893, 46.511327007173549 ], [ 10.5547257529768, 46.511419754508402 ], [ 10.555658024420959, 46.513051458261316 ], [ 10.556798670792668, 46.513323771661831 ], [ 10.557127759520741, 46.513718959026171 ], [ 10.55803640337229, 46.513945289454519 ], [ 10.557878073024288, 46.514282679096311 ], [ 10.559089519682184, 46.514431554260455 ], [ 10.559410174866747, 46.514803349968339 ], [ 10.561362855406232, 46.515144387274205 ], [ 10.564557577574401, 46.515028944515947 ], [ 10.565138997496216, 46.515393110040264 ], [ 10.5727587541001, 46.517370465059585 ], [ 10.573689270344001, 46.517059323883885 ], [ 10.57409127671426, 46.516340369424135 ] ] ] ] } },
{ "type": "Feature", "properties": { "HOM_ID": 12.0, "area_97": 6.4030803523099999, "region": "Ortlergruppe", "name_d": "Suldenferner", "name_it": "Vedretta di Solda", "area_05": 5.7868314005999997, "area_17": 5.13016362, "change_pct": -19.879755715556158, "status": "present" }, "geometry": { "type": "MultiPolygon", "coordinates": [ [ [ [ 10.591235392628555, 46.472728759085477 ], [ 10.591139564702539, 46.471695622827895 ], [ 10.591629414410672, 46.471432619835269 ], [ 10.591249891825361, 46.471133074152995 ], [ 10.591585402118723, 46.470969504736999 ], [ 10.591171877920161, 46.470710967016672 ], [ 10.590214384360086, 46.471032357981457 ], [ 10.58912553849447, 46.472081964989236 ], [ 10.587898835232707, 46.472024420647074 ], [ 10.589396843020891, 46.472533814875838 ], [ 10.590596228784065, 46.471975581706317 ], [ 10.591119006343769, 46.472117479810059 ], [ 10.591235392628555, 46.472728759085477 ] ] ], [ [ [ 10.571436986355314, 46.478822251150618 ], [ 10.573832775173619, 46.478069390010127 ], [ 10.574410148023581, 46.476767545557315 ], [ 10.575557102915051, 46.477799187908673 ], [ 10.576011675086368, 46.477935608615013 ], [ 10.576525406040645, 46.477519928907171 ], [ 10.577089023051879, 46.477693755957986 ], [ 10.577369345438767, 46.477485590392469 ], [ 10.576837336149458, 46.477078923535316 ], [ 10.577154899437197, 46.476805928130645 ], [ 10.576406831706974, 46.476827593845698 ], [ 10.576359182855477, 46.47647802318788 ], [ 10.575452576901743, 46.476454846121641 ], [ 10.574964331680752, 46.476289700741781 ], [ 10.577251066068271, 46.476316553621153 ], [ 10.575132557060511, 46.475612871203282 ], [ 10.573376366358097, 46.476078075859938 ], [ 10.572211680937137, 46.476872379313875 ], [ 10.571219210360956, 46.47680170639326 ], [ 10.569746719712724, 46.477830455274784 ], [ 10.568700130891152, 46.478000474727416 ], [ 10.57034351782581, 46.478668644278947 ], [ 10.570359973635133, 46.478751110765238 ], [ 10.570232551895643, 46.478890681948933 ], [ 10.571436986355314, 46.478822251150618 ] ] ], [ [ [ 10.56850775745861, 46.481106517419953 ], [ 10.568895156289631, 46.480049161359389 ], [ 10.56828528797444, 46.479327624489798 ], [ 10.568892870563648, 46.479479811482641 ], [ 10.569271584228934, 46.480243168804073 ], [ 10.570124798266322, 46.478734883591429 ], [ 10.567726835647628, 46.478761298395817 ], [ 10.56630146407513, 46.479501207640851 ], [ 10.566683190473851, 46.479852227360794 ], [ 10.567416129356749, 46.479710847994014 ], [ 10.567688075908514, 46.480026540273506 ], [ 10.567713830007705, 46.480269400167543 ], [ 10.566854886008683, 46.480436829874655 ], [ 10.566978490109209, 46.48081779219595 ], [ 10.567706964986364, 46.481174248547319 ], [ 10.567846684257111, 46.480645370383378 ], [ 10.56850775745861, 46.481106517419953 ] ] ], [ [ [ 10.604785458529705, 46.483905181112085 ], [ 10.605762049564637, 46.483589886886676 ], [ 10.606583104047907, 46.482775749447839 ], [ 10.606087741408457, 46.48197523883055 ], [ 10.605670479678375, 46.481674649640198 ], [ 10.604996619936358, 46.481747344869483 ], [ 10.604821430279236, 46.481297426195837 ], [ 10.604277095349035, 46.481703935498231 ], [ 10.604233330983019, 46.482370954718085 ], [ 10.603190545348776, 46.482589878438702 ], [ 10.603850054334742, 46.482507666427495 ], [ 10.603721317983284, 46.482679721333632 ], [ 10.601698119842093, 46.482844277834005 ], [ 10.602000616313173, 46.483793436894608 ], [ 10.604785458529705, 46.483905181112085 ] ] ], [ [ [ 10.551065585429455, 46.495918297423664 ], [ 10.553271839286836, 46.495914971567117 ], [ 10.555106767043576, 46.496784470197376 ], [ 10.5552528822456, 46.497156432560182 ], [ 10.554252924566265, 46.497303812403644 ], [ 10.553211370831537, 46.498179605789907 ], [ 10.552746645699372, 46.498199077209904 ], [ 10.55259218617838, 46.497792153985323 ], [ 10.55187058195842, 46.497787912926306 ], [ 10.551698861214943, 46.498071318977971 ], [ 10.55258489423516, 46.498677816028092 ], [ 10.552266112170429, 46.498987422386421 ], [ 10.551142865128099, 46.499103546306493 ], [ 10.550607684012549, 46.498857937350436 ], [ 10.549801982078126, 46.499409711338707 ], [ 10.549456011275067, 46.499333485779566 ], [ 10.549540549823142, 46.499674980429191 ], [ 10.548897462939424, 46.500048547604678 ], [ 10.547742593162761, 46.499735426862784 ], [ 10.547291574773862, 46.499882951895984 ], [ 10.547515254064946, 46.50023246405803 ], [ 10.548076901070676, 46.500250390811907 ], [ 10.546903945740668, 46.500672150041176 ], [ 10.547006012267039, 46.500097956010464 ], [ 10.546180736312429, 46.500423341730588 ], [ 10.545478926630018, 46.501266443831369 ], [ 10.545211118176985, 46.501190607031575 ], [ 10.545069001994602, 46.502011964221694 ], [ 10.544489108372794, 46.502315299832958 ], [ 10.545308619389624, 46.502581799702611 ], [ 10.54582642129466, 46.501763379662371 ], [ 10.546713270583894, 46.502565870670296 ], [ 10.54648428877371, 46.502933657645649 ], [ 10.54721757847396, 46.503161215160851 ], [ 10.546606087857059, 46.503714152384369 ], [ 10.547818523312975, 46.503963042975748 ], [ 10.546956379681255, 46.504385368563696 ], [ 10.547100743540161, 46.504638516104201 ], [ 10.548521969898877, 46.504423730469412 ], [ 10.548439401562618, 46.504989100919111 ], [ 10.547540325307065, 46.505743879922697 ], [ 10.547895189230831, 46.505670977229265 ], [ 10.548078557372977, 46.506008992910836 ], [ 10.547695393451905, 46.506325895990756 ], [ 10.548165177091601, 46.50757086407981 ], [ 10.547787928599178, 46.508013752526281 ], [ 10.547143346186456, 46.50813921734062 ], [ 10.547988793478599, 46.508636900490586 ], [ 10.548441901430733, 46.508549694965154 ], [ 10.54804207923654, 46.508414085263894 ], [ 10.548281536611842, 46.508029770613255 ], [ 10.548611663229801, 46.508381228272775 ], [ 10.549902580916417, 46.507870332266897 ], [ 10.549719538218595, 46.507562781901086 ], [ 10.548930625299109, 46.507897753146217 ], [ 10.549351037918749, 46.507486704770116 ], [ 10.548736657203806, 46.507352341948085 ], [ 10.549110011970091, 46.506810003140409 ], [ 10.549537629095523, 46.50676407821485 ], [ 10.550376868192636, 46.507720877991439 ], [ 10.551071036914157, 46.507262114643481 ], [ 10.551033178710679, 46.50642791113048 ], [ 10.550008408986804, 46.506159585393142 ], [ 10.549631287167502, 46.506479046388307 ], [ 10.549093488367996, 46.505943363882693 ], [ 10.549835639511592, 46.505038286659342 ], [ 10.550794310258661, 46.505059339629589 ], [ 10.550902128180388, 46.50463955180583 ], [ 10.553299343770778, 46.50396979973636 ], [ 10.553334369419668, 46.503468306125569 ], [ 10.554725162778112, 46.503327799208868 ], [ 10.555527678815857, 46.502567791515652 ], [ 10.558041343735201, 46.502280630976458 ], [ 10.5598054176285, 46.50140047432199 ], [ 10.560545862527462, 46.50065219882368 ], [ 10.562388668616695, 46.500348581113833 ], [ 10.564601387103927, 46.499297556859354 ], [ 10.569266161303771, 46.498722169362885 ], [ 10.576092089428951, 46.499489268043384 ], [ 10.576691597027127, 46.499922029125827 ], [ 10.577884466260445, 46.499925033330079 ], [ 10.578737764574937, 46.499715443044273 ], [ 10.579129724862062, 46.499142535185221 ], [ 10.579780884273969, 46.499250283195281 ], [ 10.58022962503305, 46.498530659145551 ], [ 10.582990526236486, 46.496903482650573 ], [ 10.583687197832845, 46.495830184912215 ], [ 10.58344397164908, 46.494966325955154 ], [ 10.58211660720724, 46.494619646399087 ], [ 10.580402298338164, 46.494766579606356 ], [ 10.580524885453626, 46.494135774950863 ], [ 10.582030760314481, 46.493602583089341 ], [ 10.582321719375514, 46.49278784652703 ], [ 10.583337845548087, 46.492033845521426 ], [ 10.583304935048794, 46.49172031463371 ], [ 10.581916706924268, 46.491450914676996 ], [ 10.582341429935905, 46.49087754077658 ], [ 10.581932807029313, 46.490387039427631 ], [ 10.581371986637857, 46.490301700323833 ], [ 10.583994062058215, 46.489904508248237 ], [ 10.585083798934267, 46.490486091136603 ], [ 10.586672676345984, 46.490551612687959 ], [ 10.587882983471816, 46.491160681136286 ], [ 10.588848329551114, 46.491257529112787 ], [ 10.589979710925819, 46.490768348787171 ], [ 10.591124293159643, 46.489766604506677 ], [ 10.591926607398129, 46.489586809806028 ], [ 10.590552719760321, 46.488198533948754 ], [ 10.589782505804274, 46.486257052211847 ], [ 10.589375136765973, 46.48613300158992 ], [ 10.589716496721113, 46.485602914907425 ], [ 10.589232027203247, 46.485732877217444 ], [ 10.589075135777042, 46.48485948969806 ], [ 10.588441152056657, 46.484368900014076 ], [ 10.588187027640823, 46.48338011871116 ], [ 10.588508616189147, 46.48249359747664 ], [ 10.588104675946877, 46.482486236794422 ], [ 10.587689745949001, 46.483069224924925 ], [ 10.587019052777805, 46.482929365112021 ], [ 10.586894842910661, 46.481886892248454 ], [ 10.587229646030471, 46.481454189192661 ], [ 10.588192767117679, 46.481641872960502 ], [ 10.587576799484696, 46.480800800683106 ], [ 10.587654803846641, 46.480254919097412 ], [ 10.588750872939825, 46.479769483562656 ], [ 10.588089103861472, 46.478805820926688 ], [ 10.587818038248015, 46.477233561205225 ], [ 10.58876560279246, 46.478582395854502 ], [ 10.589648376483122, 46.478551480614811 ], [ 10.590720228325088, 46.479129205750127 ], [ 10.591687003977556, 46.480730691393269 ], [ 10.591352456693279, 46.480848847183616 ], [ 10.591614617877664, 46.481467825202145 ], [ 10.59126964177632, 46.481550454445703 ], [ 10.589080500241844, 46.480530214955074 ], [ 10.589594240193248, 46.482695782466081 ], [ 10.590727679289376, 46.481713279515816 ], [ 10.590321120949318, 46.483152645133757 ], [ 10.591496861063616, 46.482902802375513 ], [ 10.59180607870581, 46.483203326374451 ], [ 10.593942338154616, 46.483566271280523 ], [ 10.594099290692826, 46.483923720813834 ], [ 10.594595012844694, 46.48385843851861 ], [ 10.594172469820728, 46.485263932188516 ], [ 10.592928608031098, 46.485850948735404 ], [ 10.592878296689229, 46.486483127034504 ], [ 10.594820888479671, 46.486125280161595 ], [ 10.596224008865518, 46.485301476571884 ], [ 10.596886505806451, 46.485480312679655 ], [ 10.597111399945092, 46.486366927009868 ], [ 10.598279223138142, 46.486226166241337 ], [ 10.600665268638487, 46.482742403142382 ], [ 10.600708947510125, 46.481997919357084 ], [ 10.601865971395238, 46.481387866986182 ], [ 10.604092185206515, 46.48146209966373 ], [ 10.603003345486011, 46.479713258783647 ], [ 10.601916953884761, 46.479134973116274 ], [ 10.601496287336385, 46.47920513457872 ], [ 10.60178612338232, 46.478105389640106 ], [ 10.600664743181568, 46.478299901447549 ], [ 10.600359218278115, 46.477749456585109 ], [ 10.601116686498862, 46.477648053449776 ], [ 10.603426536990632, 46.475654310472777 ], [ 10.605534250935756, 46.474790774985983 ], [ 10.604059240719549, 46.473834526299456 ], [ 10.604047300935008, 46.47290808889867 ], [ 10.603021433486825, 46.471539398704003 ], [ 10.603280122884494, 46.471078529281854 ], [ 10.60235977628602, 46.470844419358031 ], [ 10.601585412488975, 46.46962677957054 ], [ 10.600409260195763, 46.469130876303218 ], [ 10.601247359591246, 46.469062393211217 ], [ 10.601020655935248, 46.468533739196445 ], [ 10.600115827405025, 46.468406961959481 ], [ 10.59897551944816, 46.46889312734217 ], [ 10.598094104535118, 46.468924906776159 ], [ 10.597319108169295, 46.469512174703695 ], [ 10.597836707024118, 46.46949190879328 ], [ 10.597064530655038, 46.469641177611109 ], [ 10.597721552685073, 46.469850929582101 ], [ 10.596955663086895, 46.469747013600859 ], [ 10.596898243674254, 46.470050391570766 ], [ 10.595493023719303, 46.46990997510548 ], [ 10.595257461053338, 46.470251225750815 ], [ 10.594241550710374, 46.469916358602255 ], [ 10.59185094236325, 46.470667891609317 ], [ 10.592541916632982, 46.472624924063474 ], [ 10.590489920538641, 46.473723336271405 ], [ 10.589767777154259, 46.473278764065014 ], [ 10.591040228717011, 46.472796331613822 ], [ 10.590080639157168, 46.472644294149106 ], [ 10.589632056008409, 46.473156416277455 ], [ 10.588262421403165, 46.472825219564491 ], [ 10.587982448993369, 46.473043136881529 ], [ 10.588240827732733, 46.473373562258907 ], [ 10.589408459717067, 46.473799429617529 ], [ 10.588102032201606, 46.473926774408746 ], [ 10.587669240766514, 46.473338135404447 ], [ 10.587687602792732, 46.471956008057184 ], [ 10.584797849808835, 46.471711750739622 ], [ 10.58397983091729, 46.472099146789652 ], [ 10.582690959044244, 46.472045256144817 ], [ 10.582358692216015, 46.472410912715659 ], [ 10.583125378115533, 46.47306248659406 ], [ 10.583874827999059, 46.473079543979033 ], [ 10.583250695693929, 46.473245899268775 ], [ 10.583529418318648, 46.473668403786242 ], [ 10.582156629446461, 46.473280533106426 ], [ 10.581333193787415, 46.473499584960869 ], [ 10.581455634119262, 46.473141245263825 ], [ 10.580811657282567, 46.473532438270446 ], [ 10.581765770360322, 46.473847139871225 ], [ 10.582111267098353, 46.474375953617184 ], [ 10.583222724304759, 46.474519988520839 ], [ 10.583553951950901, 46.474992500305667 ], [ 10.582878648962415, 46.474932835511979 ], [ 10.58230804976658, 46.475398060205308 ], [ 10.581657088649511, 46.475378306406832 ], [ 10.581142642379952, 46.474311609478846 ], [ 10.577948696253557, 46.474018125933569 ], [ 10.577371141609435, 46.474989787453076 ], [ 10.577545664085839, 46.475425164420621 ], [ 10.58008553210348, 46.476835217298479 ], [ 10.583294480074944, 46.479307660838842 ], [ 10.583129801248328, 46.47969908235774 ], [ 10.581985329628546, 46.480241017564097 ], [ 10.58292455523865, 46.481360875131571 ], [ 10.58312563439595, 46.483869715055988 ], [ 10.582686257308531, 46.484372973168085 ], [ 10.579391835000232, 46.484996350609002 ], [ 10.577520792495715, 46.485890984693931 ], [ 10.576723797186014, 46.485848469664184 ], [ 10.576276243190483, 46.485713576888521 ], [ 10.577139003268364, 46.485351452988695 ], [ 10.576444122566363, 46.484699494618951 ], [ 10.578430155070135, 46.485192575084504 ], [ 10.578975566547411, 46.484572146978927 ], [ 10.577254815663576, 46.484242422895079 ], [ 10.576824158316841, 46.483845167934852 ], [ 10.575792880682219, 46.484338787142235 ], [ 10.574449228493428, 46.484247040138769 ], [ 10.574417816985072, 46.484027686120974 ], [ 10.57478440317583, 46.484167601753477 ], [ 10.575944504084754, 46.483729091143857 ], [ 10.572326772975268, 46.483192714998914 ], [ 10.57176868933791, 46.482763271159342 ], [ 10.572171551677419, 46.482638999323598 ], [ 10.572239429494354, 46.48202752466036 ], [ 10.571231039912375, 46.481549481729381 ], [ 10.568471898006631, 46.482104589585326 ], [ 10.56805275956337, 46.482956720364925 ], [ 10.56870387314231, 46.484045112467207 ], [ 10.568255268875136, 46.484278300536928 ], [ 10.568043840584552, 46.483914909257052 ], [ 10.567325743330674, 46.48416148241774 ], [ 10.566404253873843, 46.483575758730495 ], [ 10.566115673690227, 46.483536335296634 ], [ 10.566101820762887, 46.483876520246504 ], [ 10.56667521747881, 46.484135833285492 ], [ 10.566226581351406, 46.484424973348077 ], [ 10.565161517361027, 46.483559393330687 ], [ 10.564213721393987, 46.483281292284694 ], [ 10.563553530764928, 46.483669734357008 ], [ 10.562446617052931, 46.483049266719163 ], [ 10.560954837080688, 46.483251238749943 ], [ 10.562114561006075, 46.482765190339101 ], [ 10.56305834000873, 46.483099278240587 ], [ 10.563935227816399, 46.48273706080294 ], [ 10.564777865453109, 46.483003705658049 ], [ 10.563776381081446, 46.48218156183372 ], [ 10.563155838499695, 46.482620310778046 ], [ 10.563199532782336, 46.482237005390076 ], [ 10.562591560135102, 46.482315209627743 ], [ 10.562434716961741, 46.482101111251197 ], [ 10.561738524189305, 46.482523940483702 ], [ 10.561341173990595, 46.482349997939068 ], [ 10.561139717531402, 46.482732307480035 ], [ 10.560909408009344, 46.482568555608623 ], [ 10.560641446799576, 46.482879693939843 ], [ 10.559911581319394, 46.482939127870203 ], [ 10.560352408040689, 46.483485622503501 ], [ 10.559908453022677, 46.483763622195077 ], [ 10.560376129387617, 46.483988726717399 ], [ 10.558235818625354, 46.48437143208136 ], [ 10.557509792131189, 46.486566999326158 ], [ 10.558120745039719, 46.486753247191295 ], [ 10.558872076416119, 46.488685116543088 ], [ 10.559794525463341, 46.489678032897366 ], [ 10.561210373265865, 46.490312573333483 ], [ 10.561579389349401, 46.489940547873807 ], [ 10.561663378236792, 46.490427248847432 ], [ 10.562406415233692, 46.490723126237256 ], [ 10.562712160264256, 46.491264779829102 ], [ 10.563793893631003, 46.491400625204001 ], [ 10.562931427244767, 46.491826819979508 ], [ 10.563891469310537, 46.493162393119455 ], [ 10.563306553358718, 46.49373263310185 ], [ 10.561544530690657, 46.494307824448072 ], [ 10.561575712842256, 46.494597607613983 ], [ 10.557823514965484, 46.494922767105386 ], [ 10.557504400530647, 46.494730842358351 ], [ 10.557947691104344, 46.494457465049159 ], [ 10.559055779341739, 46.494567901351338 ], [ 10.559913264586783, 46.494245843663407 ], [ 10.56006580040474, 46.493762032305256 ], [ 10.560498550467749, 46.493668478410704 ], [ 10.559979947070632, 46.493316420753636 ], [ 10.560869872752262, 46.493408978282929 ], [ 10.562918286638936, 46.492959430936118 ], [ 10.563402887866818, 46.492502051306339 ], [ 10.562954174547881, 46.492245515201404 ], [ 10.5587897354186, 46.493302167184822 ], [ 10.558071413356691, 46.493106580871448 ], [ 10.557870056849124, 46.492606746633427 ], [ 10.557136891772887, 46.49254872499727 ], [ 10.555729791959648, 46.493354267021417 ], [ 10.556101835610688, 46.493533298072094 ], [ 10.55582625459092, 46.494041963361695 ], [ 10.556541996828273, 46.494457734109979 ], [ 10.556565464073605, 46.494845647781645 ], [ 10.556037659875372, 46.495013566116 ], [ 10.556938999250713, 46.495231546083303 ], [ 10.555995218294639, 46.495179807954436 ], [ 10.554575261967441, 46.495795187577968 ], [ 10.551796336077791, 46.495476463067334 ], [ 10.551065585429455, 46.495918297423664 ] ], [ [ 10.566008491792017, 46.4920821224596 ], [ 10.566422335324958, 46.491410050769275 ], [ 10.566913691169171, 46.491597889792608 ], [ 10.566916407608723, 46.49126069448257 ], [ 10.567649108956793, 46.491466770242923 ], [ 10.568562999251975, 46.491152087268674 ], [ 10.566925255300506, 46.492123071210528 ], [ 10.566008491792017, 46.4920821224596 ] ], [ [ 10.567990839562372, 46.490748416507181 ], [ 10.56641659169788, 46.490528695041938 ], [ 10.565991512228353, 46.490018692459742 ], [ 10.566103394055347, 46.489377509998143 ], [ 10.565543545577009, 46.490128402420034 ], [ 10.564472539587227, 46.490384047800433 ], [ 10.565468133188251, 46.489837228571758 ], [ 10.565796190931186, 46.48890364970044 ], [ 10.566438563395423, 46.488786775971505 ], [ 10.567059140110421, 46.489263924673978 ], [ 10.567792176241472, 46.488721556642339 ], [ 10.569569674871996, 46.488616958276808 ], [ 10.56981258297338, 46.488169142809447 ], [ 10.570628695383778, 46.487851721017698 ], [ 10.567441074684112, 46.487189296414712 ], [ 10.567929160373277, 46.487005059043966 ], [ 10.567379512524111, 46.486499800407827 ], [ 10.568770084143235, 46.485157974320494 ], [ 10.569039511768423, 46.485112815031549 ], [ 10.569819299961965, 46.486512334394327 ], [ 10.570898173447452, 46.486982445552727 ], [ 10.574818652504568, 46.487548030305831 ], [ 10.576583201180226, 46.487441023494064 ], [ 10.57656669098307, 46.488088197831324 ], [ 10.57546816792151, 46.488823249006799 ], [ 10.572303295070412, 46.489604055028742 ], [ 10.571976627309951, 46.490005618321376 ], [ 10.57142404275297, 46.489744930044665 ], [ 10.569201640354098, 46.490216683332648 ], [ 10.568125086519329, 46.491039636857138 ], [ 10.567990839562372, 46.490748416507181 ] ], [ [ 10.568042383673227, 46.485140762470117 ], [ 10.567396300121143, 46.48577558124309 ], [ 10.567743601771141, 46.485896173289717 ], [ 10.567235161874294, 46.486542422628148 ], [ 10.565822299211943, 46.486168108143275 ], [ 10.566198740807167, 46.484694523628235 ], [ 10.566444378591106, 46.484795489499042 ], [ 10.566869762897971, 46.484315948138402 ], [ 10.567974070512413, 46.484590088441848 ], [ 10.568042383673227, 46.485140762470117 ] ], [ [ 10.569072664217389, 46.484630630615875 ], [ 10.569422815062293, 46.484256489291816 ], [ 10.569241900469576, 46.48474303440932 ], [ 10.569072664217389, 46.484630630615875 ] ], [ [ 10.565982570802065, 46.486231580972415 ], [ 10.566426216647578, 46.486721659694339 ], [ 10.565498415310588, 46.487519943878759 ], [ 10.565230900409309, 46.487300713734491 ], [ 10.565628809725235, 46.487059016952408 ], [ 10.56517277366642, 46.486920656379866 ], [ 10.565982570802065, 46.486231580972415 ] ], [ [ 10.591451301988752, 46.476511783062449 ], [ 10.592564018334862, 46.476761393886228 ], [ 10.593524124314849, 46.478294858103382 ], [ 10.592683426152851, 46.479646677501137 ], [ 10.591915199188456, 46.479139329795601 ], [ 10.592082486604648, 46.47811550345736 ], [ 10.591457957824396, 46.477705869168098 ], [ 10.591819552053865, 46.477550044151954 ], [ 10.591451301988752, 46.476511783062449 ] ], [ [ 10.591520834082958, 46.475764737439611 ], [ 10.59052101740275, 46.474976159259484 ], [ 10.591177023009534, 46.475420825279564 ], [ 10.591527033938362, 46.475385569277734 ], [ 10.590839232455961, 46.474859766523565 ], [ 10.591145903968192, 46.474750904335188 ], [ 10.590759241539644, 46.474643683452044 ], [ 10.590757483269368, 46.473989625449953 ], [ 10.592161280357676, 46.475005215147888 ], [ 10.592285428931504, 46.475393699278229 ], [ 10.591966120306022, 46.475453932910391 ], [ 10.59227272474233, 46.475585863709703 ], [ 10.591520834082958, 46.475764737439611 ] ], [ [ 10.596139736367803, 46.474315882667085 ], [ 10.597371729738631, 46.474095887311407 ], [ 10.598161458388219, 46.474485006634765 ], [ 10.597205578963006, 46.474574611924069 ], [ 10.596547362990419, 46.475257604017933 ], [ 10.596139736367803, 46.474315882667085 ] ], [ [ 10.590264606710516, 46.474483281214177 ], [ 10.590627799353667, 46.474487506610124 ], [ 10.590426009990727, 46.47479193341276 ], [ 10.590264606710516, 46.474483281214177 ] ], [ [ 10.548510148923821, 46.500458091025237 ], [ 10.548083929434243, 46.500415698837415 ], [ 10.548809968951584, 46.500201006257306 ], [ 10.548510148923821, 46.500458091025237 ] ] ] ] } },
{ "type": "Feature", "properties": { "HOM_ID": 13.0, "area_97": 0.71263028030999997, "region": "Ortlergruppe", "name_d": "Zebruferner", "name_it": "Vedretta de Lo Zebru", "area_05": 0.6718441678, "area_17": 0.63147803, "change_pct": -11.387707279951417, "status": "present" }, "geometry": { "type": "Polygon", "coordinates": [ [ [ 10.551055036000708, 46.495919524079227 ], [ 10.550731355698083, 46.49564310795882 ], [ 10.549552455817421, 46.495635147551056 ], [ 10.54891563200195, 46.495183760193477 ], [ 10.549621533274598, 46.493883079243439 ], [ 10.549356899608128, 46.493327465815931 ], [ 10.550174853802851, 46.492964956382217 ], [ 10.550004708058726, 46.492336239287773 ], [ 10.547407732696367, 46.492699748525006 ], [ 10.546633944025865, 46.493310458191644 ], [ 10.545275441537992, 46.493079592448751 ], [ 10.544287295783233, 46.493697902029091 ], [ 10.543810692734823, 46.493293299806396 ], [ 10.54512466086681, 46.493106254922566 ], [ 10.545008689987068, 46.492473720562238 ], [ 10.543329931880782, 46.492684157208686 ], [ 10.54301391889225, 46.49222669768163 ], [ 10.542674664343645, 46.492680686326693 ], [ 10.541914790671845, 46.492244698373845 ], [ 10.539874879135205, 46.492135419486765 ], [ 10.539500496356254, 46.491861577479597 ], [ 10.539131617710179, 46.492214375351004 ], [ 10.538290069847335, 46.491673021842097 ], [ 10.538313453762493, 46.491886786589816 ], [ 10.537864661931614, 46.491750190700976 ], [ 10.537753052357512, 46.492165201342026 ], [ 10.538182894201283, 46.49191932370772 ], [ 10.53813587918189, 46.492464790798422 ], [ 10.537169908987496, 46.492348496690568 ], [ 10.537617358598657, 46.49171983114023 ], [ 10.535660789580222, 46.491890401806195 ], [ 10.532664349478885, 46.492721736374612 ], [ 10.530057741586306, 46.494056783442772 ], [ 10.529825863319745, 46.494877473889872 ], [ 10.531506834627331, 46.495350045014717 ], [ 10.532159406904974, 46.495177135063209 ], [ 10.532782710073857, 46.493863769689909 ], [ 10.533425022876617, 46.493855158485168 ], [ 10.533208595519843, 46.494612210531521 ], [ 10.534879936565224, 46.495533758522413 ], [ 10.534663262612192, 46.495885524660139 ], [ 10.535654830221866, 46.49680335722995 ], [ 10.537761907116147, 46.498090954784949 ], [ 10.539755254589243, 46.498438642396678 ], [ 10.542590190582589, 46.49819243247579 ], [ 10.544612900318969, 46.498537301202596 ], [ 10.547342702964054, 46.496997228609935 ], [ 10.548116660115266, 46.495823892546404 ], [ 10.551055036000708, 46.495919524079227 ] ], [ [ 10.542468799417069, 46.495487668152677 ], [ 10.541286338572533, 46.49496801174999 ], [ 10.541760874517434, 46.495041646789055 ], [ 10.542295042430247, 46.493913992873615 ], [ 10.543298535732994, 46.493937392872176 ], [ 10.543596942014807, 46.494087273235792 ], [ 10.54329772263247, 46.494223672627982 ], [ 10.543473338871197, 46.494916967028637 ], [ 10.542468799417069, 46.495487668152677 ] ], [ [ 10.540900217151504, 46.494868557458886 ], [ 10.540748839068984, 46.495347712267588 ], [ 10.54010347948843, 46.494906994377253 ], [ 10.540436513312866, 46.494231469168284 ], [ 10.540900217151504, 46.494868557458886 ] ] ] } },
{ "type": "Feature", "properties": { "HOM_ID": 14.0, "area_97": 0.75334196022, "region": "Ortlergruppe", "name_d": "Ebenwandferner", "name_it": "Vedretta del Madiccio", "area_05": 0.5830496673, "area_17": 0.46007611, "change_pct": -38.928649365867919, "status": "present" }, "geometry": { "type": "MultiPolygon", "coordinates": [ [ [ [ 10.626611423115557, 46.495763403316381 ], [ 10.627718450011153, 46.495692981050141 ], [ 10.628353364618626, 46.495096995370979 ], [ 10.628815151551414, 46.495747173313717 ], [ 10.629303433615609, 46.495587803826254 ], [ 10.628511754409253, 46.494707298908409 ], [ 10.628574370578528, 46.494072491038402 ], [ 10.627405168469714, 46.492167065645759 ], [ 10.6267799802035, 46.491775024321875 ], [ 10.624391043510634, 46.491662737141837 ], [ 10.623872513208758, 46.490868349134615 ], [ 10.622612411068099, 46.490808408600287 ], [ 10.622111917335346, 46.490082626311093 ], [ 10.620514534250793, 46.490337678887357 ], [ 10.620100161149644, 46.489190719021721 ], [ 10.618196919089787, 46.48841992717464 ], [ 10.620365681461468, 46.488912951269945 ], [ 10.621065311506628, 46.489399341053861 ], [ 10.621217128617179, 46.490068764693113 ], [ 10.622215190631769, 46.489848442088395 ], [ 10.623719295598489, 46.490224759337885 ], [ 10.623395999593969, 46.490607148311057 ], [ 10.62370974401253, 46.49069743865148 ], [ 10.625637407026357, 46.489958516811548 ], [ 10.627707010293721, 46.490162560241473 ], [ 10.626116522436133, 46.487957353489897 ], [ 10.624409349454275, 46.487933873917008 ], [ 10.624367727080633, 46.487408225125797 ], [ 10.623550442456539, 46.487227581818104 ], [ 10.623200729364736, 46.487595045930071 ], [ 10.62351200945206, 46.487760877067849 ], [ 10.62302351405101, 46.487911307258138 ], [ 10.623220930763472, 46.487327224310455 ], [ 10.62287066166172, 46.487232260816214 ], [ 10.622254874855425, 46.488051911594994 ], [ 10.621551742532846, 46.488092243451845 ], [ 10.620646259924939, 46.487541289556496 ], [ 10.620872941124444, 46.486993278215785 ], [ 10.620208586466886, 46.486557613020267 ], [ 10.618817271088963, 46.486779185147164 ], [ 10.618522612921444, 46.487291672265968 ], [ 10.61744052624862, 46.487017559057968 ], [ 10.61531866976105, 46.487302925685 ], [ 10.61453260281592, 46.488307163354619 ], [ 10.612915144596547, 46.487828143909717 ], [ 10.611763395683639, 46.48793680470439 ], [ 10.609255804912754, 46.48672686883328 ], [ 10.609138089453273, 46.485638626243883 ], [ 10.607881425207964, 46.484537824218805 ], [ 10.606415645507276, 46.485219965824726 ], [ 10.605066085729835, 46.486741975655264 ], [ 10.606037924384545, 46.486981273010628 ], [ 10.605062360464718, 46.487812166925544 ], [ 10.606339879730115, 46.487191059320267 ], [ 10.606254497421324, 46.487639771396985 ], [ 10.605016057997522, 46.4881533161318 ], [ 10.606450703603315, 46.488016051430897 ], [ 10.605520275036332, 46.488535379024604 ], [ 10.608189020412713, 46.48828385030977 ], [ 10.608184401090591, 46.488604956212825 ], [ 10.606931877760474, 46.48911871969041 ], [ 10.608083805820195, 46.489014969496708 ], [ 10.609278231982445, 46.489397036241833 ], [ 10.61131569375585, 46.488985785853892 ], [ 10.612589325406695, 46.489101772635827 ], [ 10.61191811515598, 46.489902490654345 ], [ 10.61417724385087, 46.490298678258256 ], [ 10.613791836567772, 46.490602459722922 ], [ 10.615517936084853, 46.490755363098415 ], [ 10.617462379965726, 46.490459800455795 ], [ 10.617015878633653, 46.490852164914351 ], [ 10.619793195711464, 46.490738121023902 ], [ 10.62112012681426, 46.491045763356922 ], [ 10.621299296184047, 46.491386965054112 ], [ 10.619813011309631, 46.491771998917805 ], [ 10.620438195965804, 46.492746572656152 ], [ 10.623315288939546, 46.493338119830788 ], [ 10.623656795214737, 46.493926711997737 ], [ 10.626875732812119, 46.49515792031125 ], [ 10.626611423115557, 46.495763403316381 ] ] ], [ [ [ 10.624025011472618, 46.500309071135945 ], [ 10.626306088467494, 46.498921865317925 ], [ 10.626875777019244, 46.499024018580116 ], [ 10.627699878782879, 46.498187713341501 ], [ 10.628542095778789, 46.498240874778297 ], [ 10.627861540357403, 46.497458461529867 ], [ 10.627887572275521, 46.496672750831756 ], [ 10.627424295766568, 46.497472621072532 ], [ 10.626293114498592, 46.498171872821864 ], [ 10.626109242282213, 46.497884794079084 ], [ 10.626686965270343, 46.497522026145909 ], [ 10.625978954561687, 46.496874880356366 ], [ 10.625177160781082, 46.49900745080128 ], [ 10.62327768224346, 46.499420157420261 ], [ 10.622073954457109, 46.499270228480029 ], [ 10.621527436208822, 46.500122559877497 ], [ 10.622895552708394, 46.500043201801624 ], [ 10.624025011472618, 46.500309071135945 ] ] ] ] } },
{ "type": "Feature", "properties": { "HOM_ID": 15.0, "area_97": 0.36715986272000001, "region": "Ortlergruppe", "name_d": "Schoentaufferner", "name_it": null, "area_05": 0.3103967771, "area_17": 0.2480567, "change_pct": -32.439047622923127, "status": "present" }, "geometry": { "type": "Polygon", "coordinates": [ [ [ 10.628581306408712, 46.510095293387728 ], [ 10.629823491878131, 46.509610627338972 ], [ 10.629805421397398, 46.509145866339857 ], [ 10.630434306745956, 46.508933695876323 ], [ 10.631265757481948, 46.509255690329041 ], [ 10.631088081918653, 46.508248793722245 ], [ 10.632266460153531, 46.507679084270876 ], [ 10.632992826346198, 46.50767736181033 ], [ 10.632384503246227, 46.508135720376245 ], [ 10.6334362895439, 46.508126466722246 ], [ 10.633561883481143, 46.50785948035665 ], [ 10.634322015082763, 46.508148401140815 ], [ 10.635267744958847, 46.508082995851325 ], [ 10.637117141325779, 46.506310195178088 ], [ 10.636270592242346, 46.506050348553686 ], [ 10.635517459311277, 46.50541309139733 ], [ 10.635608878070418, 46.505120649688962 ], [ 10.634931332894535, 46.505496419019742 ], [ 10.634051405611617, 46.505387929887583 ], [ 10.634580793489187, 46.506057756755986 ], [ 10.634158725145868, 46.506110708255449 ], [ 10.632171567162503, 46.505119647178695 ], [ 10.63160870029653, 46.504615305904423 ], [ 10.631960059150332, 46.50434693743081 ], [ 10.63028879583282, 46.5033215376219 ], [ 10.628722963364226, 46.503333326951108 ], [ 10.6267778408266, 46.502754678165971 ], [ 10.623372497621622, 46.503650482795877 ], [ 10.622981200459215, 46.503526374258406 ], [ 10.623055304985659, 46.503211127407688 ], [ 10.621527022822585, 46.503898670890919 ], [ 10.622970590912615, 46.504363069759101 ], [ 10.624949992393907, 46.503963942311422 ], [ 10.625746398472366, 46.504690915762893 ], [ 10.626700468437678, 46.504708688609675 ], [ 10.627008523775062, 46.505137390254255 ], [ 10.628697731875963, 46.505390161325366 ], [ 10.629972972891606, 46.50640759140056 ], [ 10.629275664599932, 46.507508244439826 ], [ 10.627995072387256, 46.507760226293335 ], [ 10.626943047145032, 46.507102054839564 ], [ 10.626223649215813, 46.507337124221529 ], [ 10.625681922440997, 46.507020543180872 ], [ 10.625168052895543, 46.507218093447356 ], [ 10.624559617829089, 46.506764094183374 ], [ 10.624045943993881, 46.507809097781454 ], [ 10.624570641941411, 46.507974596247983 ], [ 10.624691584992403, 46.508880872094963 ], [ 10.625580648070025, 46.509084426008258 ], [ 10.626867208626573, 46.508897503028578 ], [ 10.628581306408712, 46.510095293387728 ] ], [ [ 10.632645343986143, 46.505700327106794 ], [ 10.631566657129708, 46.505359992883868 ], [ 10.631324157496374, 46.504998813982695 ], [ 10.630644809719453, 46.505106506762068 ], [ 10.630544723026389, 46.504878591035499 ], [ 10.631237609879014, 46.504901922717849 ], [ 10.632406727938427, 46.505252881225431 ], [ 10.632645343986143, 46.505700327106794 ] ] ] } },
{ "type": "Feature", "properties": { "HOM_ID": 16.0, "area_97": 0.0747942414, "region": "Ortlergruppe", "name_d": "Plattenferner", "name_it": "Vedretta delle Laste", "area_05": 0.0596133743, "area_17": 0.0384791, "change_pct": -48.553392240167838, "status": "present" }, "geometry": { "type": "Polygon", "coordinates": [ [ [ 10.633561036429729, 46.511105210613245 ], [ 10.633648846963807, 46.510273790969507 ], [ 10.634380550175797, 46.510727420902356 ], [ 10.634867266194911, 46.510668578410289 ], [ 10.635112784977279, 46.509249750421489 ], [ 10.634445297369497, 46.508498624841501 ], [ 10.633287770637851, 46.508255418545232 ], [ 10.632705955841594, 46.508344437414209 ], [ 10.632351720233338, 46.50892311644715 ], [ 10.632568677659672, 46.509894311690488 ], [ 10.631595079018028, 46.510006212203685 ], [ 10.631262360933155, 46.51032803630774 ], [ 10.63174587199458, 46.510580565008283 ], [ 10.630065967199164, 46.511227147763989 ], [ 10.631077494203497, 46.511126248902364 ], [ 10.63358579023215, 46.512070501256609 ], [ 10.634123777223909, 46.511771680886966 ], [ 10.633561036429729, 46.511105210613245 ] ] ] } },
{ "type": "Feature", "properties": { "HOM_ID": 17.0, "area_97": 0.14955409802, "region": "Ortlergruppe", "name_d": "Pederferner", "name_it": "Vedretta di Peder di Dentro", "area_05": 0.1211244519, "area_17": 0.0790233, "change_pct": -47.16072575327749, "status": "present" }, "geometry": { "type": "Polygon", "coordinates": [ [ [ 10.639401384188441, 46.518026153335747 ], [ 10.639764270417512, 46.517735581157687 ], [ 10.639458762014792, 46.516324645244858 ], [ 10.640118863336651, 46.516753322990382 ], [ 10.640707289393255, 46.516465277992125 ], [ 10.640203151913674, 46.516003511206257 ], [ 10.639646504611365, 46.516180710145449 ], [ 10.639625627971308, 46.515152780758854 ], [ 10.638332619416691, 46.51449037662821 ], [ 10.638740948591385, 46.513420707527324 ], [ 10.637097232743642, 46.512996230928962 ], [ 10.636925117742432, 46.512399837921421 ], [ 10.636593489896578, 46.512540584713086 ], [ 10.636770865475226, 46.513192450992321 ], [ 10.63609170747805, 46.513210744723679 ], [ 10.63653306561015, 46.513614569137701 ], [ 10.636281239461807, 46.514081895056997 ], [ 10.634323739938077, 46.514541806680818 ], [ 10.634627209219982, 46.514915078545705 ], [ 10.635888380943054, 46.51495333824834 ], [ 10.634894316683402, 46.51588555165948 ], [ 10.635682856951181, 46.516436148605273 ], [ 10.635017231230512, 46.51705986205075 ], [ 10.637914276847626, 46.518145468708028 ], [ 10.638601286348884, 46.517524532470155 ], [ 10.638807230665844, 46.517985666975783 ], [ 10.639401384188441, 46.518026153335747 ] ] ] } },
{ "type": "Feature", "properties": { "HOM_ID": 18.0, "area_97": 0.7032134269, "region": "Ortlergruppe", "name_d": "Rosimferner", "name_it": "Vedretta di Rosim", "area_05": 0.6268289264, "area_17": 0.527247, "change_pct": -25.023189286319354, "status": "present" }, "geometry": { "type": "Polygon", "coordinates": [ [ [ 10.640600806240128, 46.531892282887789 ], [ 10.641387551510832, 46.531719511969271 ], [ 10.641873092539283, 46.531303945882286 ], [ 10.641631442672043, 46.531081153649104 ], [ 10.642500317071146, 46.530600975006166 ], [ 10.641535021485922, 46.530754758857938 ], [ 10.641666698684471, 46.530179827276008 ], [ 10.64261679669052, 46.530064198808709 ], [ 10.643139475345315, 46.52961649311068 ], [ 10.645408291077189, 46.529582360528629 ], [ 10.647070824597252, 46.528901214578269 ], [ 10.647251770447509, 46.528117446760966 ], [ 10.646362575478369, 46.527617182077222 ], [ 10.646203648220011, 46.526972961845779 ], [ 10.646922320831242, 46.527028277808796 ], [ 10.646925075399903, 46.52642867600251 ], [ 10.647502050141798, 46.527002632654536 ], [ 10.647528449864604, 46.52661180552694 ], [ 10.648191081578368, 46.526724629808243 ], [ 10.647764560336549, 46.526223453888463 ], [ 10.648015792115467, 46.52596905504133 ], [ 10.646869972579598, 46.525133261668003 ], [ 10.647039515556784, 46.524412150084459 ], [ 10.646618260551309, 46.523324301842479 ], [ 10.64547661690708, 46.522664086876212 ], [ 10.64542223695436, 46.52233515863476 ], [ 10.644546839433076, 46.522229902404945 ], [ 10.644343948419136, 46.52243683170348 ], [ 10.643671365210492, 46.52165827014732 ], [ 10.643029314933244, 46.521519511690471 ], [ 10.641319107535757, 46.521806449773898 ], [ 10.640747212042598, 46.522739590004406 ], [ 10.639789555217282, 46.523273839474193 ], [ 10.63899513493339, 46.523122500715125 ], [ 10.6374676486162, 46.524404041153133 ], [ 10.637264611097011, 46.524873915954757 ], [ 10.637578604843233, 46.524483162600234 ], [ 10.637947339552813, 46.52454544619539 ], [ 10.637566774205446, 46.524600827671136 ], [ 10.638092218037777, 46.524950341296432 ], [ 10.637601831523298, 46.525203818894639 ], [ 10.637875848384697, 46.525516081278369 ], [ 10.635263853695102, 46.526826260534918 ], [ 10.636018593961429, 46.527037554904304 ], [ 10.635369155905348, 46.527600823273772 ], [ 10.635487240135605, 46.528838511149615 ], [ 10.634996052661815, 46.528841851169062 ], [ 10.633762566544627, 46.527299191895771 ], [ 10.632919943657162, 46.527611007692968 ], [ 10.633195752591122, 46.527895320496896 ], [ 10.632718959251433, 46.529074230644035 ], [ 10.633684291272226, 46.529981045962614 ], [ 10.632671794652197, 46.530008837708834 ], [ 10.634359086949969, 46.530808413717054 ], [ 10.635822104468277, 46.53070966815239 ], [ 10.635914527931924, 46.530345149805953 ], [ 10.637887432489622, 46.530042630069794 ], [ 10.638531029070615, 46.529397400859089 ], [ 10.640135518814249, 46.529802094098756 ], [ 10.642218526811059, 46.528994962220601 ], [ 10.641838042270095, 46.529508010320896 ], [ 10.642199586056055, 46.529353562675539 ], [ 10.642215819970687, 46.529580327181172 ], [ 10.641093868506852, 46.530174816786122 ], [ 10.640860582356648, 46.53107202417425 ], [ 10.641346101358838, 46.531138870479907 ], [ 10.640595596010874, 46.53132227997321 ], [ 10.640600806240128, 46.531892282887789 ] ] ] } },
{ "type": "Feature", "properties": { "HOM_ID": 19.0, "area_97": 0.05140427564, "region": "Ortlergruppe", "name_d": null, "name_it": null, "area_05": 0.0259660549, "area_17": 0.01910462, "change_pct": -62.834570155612056, "status": "present" }, "geometry": { "type": "Polygon", "coordinates": [ [ [ 10.638440266773257, 46.53542941010889 ], [ 10.638767508829336, 46.534347678708841 ], [ 10.640199161749397, 46.533605009940381 ], [ 10.640015089696016, 46.533208214639977 ], [ 10.640739056519045, 46.532484276663723 ], [ 10.639667193724186, 46.53279162336964 ], [ 10.638907584532291, 46.533781845127827 ], [ 10.635206128245512, 46.534450968184004 ], [ 10.635975946471078, 46.534636625701403 ], [ 10.635720906576248, 46.53523161653402 ], [ 10.637111838790144, 46.535546686209585 ], [ 10.636625135767405, 46.536282355540934 ], [ 10.637261290338813, 46.535750348857128 ], [ 10.638440266773257, 46.53542941010889 ] ] ] } },
{ "type": "Feature", "properties": { "HOM_ID": 20.0, "area_97": 0.0409431098, "region": "Ortlergruppe", "name_d": null, "name_it": null, "area_05": null, "area_17": null, "change_pct": -100.0, "status": "disappeared" }, "geometry": { "type": "Polygon", "coordinates": [ [ [ 10.633325004244357, 46.540353842686351 ], [ 10.633720352086737, 46.539433719846386 ], [ 10.633251584718453, 46.539472844069259 ], [ 10.633185759228605, 46.539785094867497 ], [ 10.631276249449547, 46.538164996030702 ], [ 10.630737887305058, 46.538704496027897 ], [ 10.6315421698287, 46.539140452770738 ], [ 10.630724963690852, 46.539528356502913 ], [ 10.630225062181992, 46.53884152086134 ], [ 10.630852058399388, 46.538436956985088 ], [ 10.630050215904031, 46.538338132851273 ], [ 10.629598867757391, 46.539901373586716 ], [ 10.630999089505671, 46.540062163012792 ], [ 10.631873836910065, 46.540543185350721 ], [ 10.632621106173964, 46.539922009290095 ], [ 10.633145138989068, 46.540311011607109 ], [ 10.632322075711809, 46.540445989678553 ], [ 10.632836596580704, 46.540678612993226 ], [ 10.633325004244357, 46.540353842686351 ] ] ] } },
{ "type": "Feature", "properties": { "HOM_ID": 21.0, "area_97": 0.5486119836, "region": "Ortlergruppe", "name_d": "Zayferner", "name_it": "Vedretta di Zai", "area_05": 0.4378165745, "area_17": 0.33194492, "change_pct": -39.493680429331391, "status": "present" }, "geometry": { "type": "Polygon", "coordinates": [ [ [ 10.635075629170112, 46.547946206161697 ], [ 10.635196905818249, 46.547289422970515 ], [ 10.635660044094013, 46.547373599435822 ], [ 10.636961196551116, 46.546722633068441 ], [ 10.637755446122508, 46.547658164010656 ], [ 10.639475949198548, 46.54735462953326 ], [ 10.638990251069126, 46.547770186382074 ], [ 10.639331319088349, 46.548170650302502 ], [ 10.640773833113148, 46.548312104354288 ], [ 10.640505519280754, 46.547206910375891 ], [ 10.641178566364836, 46.546146580400233 ], [ 10.640854024788917, 46.545982611310102 ], [ 10.642077661353532, 46.545413768565282 ], [ 10.642530050776712, 46.544518740168293 ], [ 10.642919575989573, 46.544655829429153 ], [ 10.643554176691353, 46.544192715956164 ], [ 10.643452006786399, 46.543299166136713 ], [ 10.644078172988166, 46.54349122066494 ], [ 10.644297251825522, 46.542769378973844 ], [ 10.643055603866509, 46.54160893330549 ], [ 10.64186830041038, 46.541952566738821 ], [ 10.640092874586102, 46.541622210317335 ], [ 10.637997694755262, 46.542303455597015 ], [ 10.636571864921185, 46.542146113410141 ], [ 10.636093126693739, 46.539474794858847 ], [ 10.635252604649413, 46.538998147245096 ], [ 10.634449064291106, 46.540931218609742 ], [ 10.634964649951341, 46.541903180482791 ], [ 10.636293670365527, 46.542652720873079 ], [ 10.636225131603327, 46.54287421344285 ], [ 10.634710078263694, 46.543593492647524 ], [ 10.631134131644346, 46.54351694989586 ], [ 10.630937982697928, 46.54386305263057 ], [ 10.632044164934257, 46.543957851785109 ], [ 10.626907257645012, 46.54513119315984 ], [ 10.626488801219407, 46.545597625253066 ], [ 10.624311243917379, 46.546335508183233 ], [ 10.62585335356396, 46.546352508736632 ], [ 10.627157557963782, 46.545957793477946 ], [ 10.631174016168199, 46.546361056694401 ], [ 10.633220938798505, 46.545501681434736 ], [ 10.633495429659778, 46.545721515485027 ], [ 10.633136257917009, 46.546595720194098 ], [ 10.631648098995674, 46.546591533274544 ], [ 10.63183937062648, 46.547233610888149 ], [ 10.632918118514377, 46.54794136110786 ], [ 10.633862344808721, 46.547924632638008 ], [ 10.633172631164424, 46.548278222140972 ], [ 10.633715586208712, 46.548672576910924 ], [ 10.635075629170112, 46.547946206161697 ] ], [ [ 10.639991048026667, 46.544950802488792 ], [ 10.63949838362052, 46.544666012267207 ], [ 10.639618417216926, 46.544125983793052 ], [ 10.6403027514116, 46.543752974876888 ], [ 10.640675512001252, 46.542554270231086 ], [ 10.641456020120255, 46.542254459345962 ], [ 10.641886038281209, 46.54248825479133 ], [ 10.641690972829739, 46.542876950669942 ], [ 10.642718477537068, 46.543442660933721 ], [ 10.642656902838132, 46.544049952769456 ], [ 10.641314436113662, 46.543637932419799 ], [ 10.64120196007371, 46.544116240688538 ], [ 10.640792400622029, 46.543625966136766 ], [ 10.639991048026667, 46.544950802488792 ] ] ] } },
{ "type": "Feature", "properties": { "HOM_ID": 22.0, "area_97": 0.60414151211, "region": "Ortlergruppe", "name_d": "Zayferner", "name_it": "Vedretta di Zai", "area_05": 0.5203300843000001, "area_17": 0.38236483, "change_pct": -36.709393025390987, "status": "present" }, "geometry": { "type": "Polygon", "coordinates": [ [ [ 10.64640127948314, 46.555893189414569 ], [ 10.646581352265388, 46.555008551650538 ], [ 10.647338814431272, 46.554874416444626 ], [ 10.647699181669191, 46.554045550513635 ], [ 10.647011584687077, 46.55353660446788 ], [ 10.64763455586688, 46.553774085112622 ], [ 10.646848355713972, 46.552647180829418 ], [ 10.647239870190345, 46.552226462347704 ], [ 10.645928343218285, 46.551510658420426 ], [ 10.645225943332955, 46.551740015167134 ], [ 10.64508506466086, 46.551400673528143 ], [ 10.645962975765247, 46.551075961051772 ], [ 10.647186350416389, 46.551463569940147 ], [ 10.647483181748514, 46.551036118116031 ], [ 10.647140337870631, 46.550419326894335 ], [ 10.648125213044857, 46.549945230294846 ], [ 10.647072072437712, 46.550254004267032 ], [ 10.6460353036307, 46.550009506715213 ], [ 10.645716909198844, 46.548536803603241 ], [ 10.64667182512456, 46.548210308635376 ], [ 10.646404108077608, 46.547750439593749 ], [ 10.646854911201878, 46.547426153182499 ], [ 10.646366834347219, 46.547384458149956 ], [ 10.646376185292873, 46.547137949332367 ], [ 10.647368341715595, 46.546997192093237 ], [ 10.648905206420508, 46.546219466699817 ], [ 10.648266279703515, 46.545654847803938 ], [ 10.647987268906014, 46.544703336912683 ], [ 10.64623103160506, 46.544202856540338 ], [ 10.644169125841699, 46.545335887542372 ], [ 10.643074039247097, 46.54642580953864 ], [ 10.643613424210683, 46.546778011602655 ], [ 10.644370542455377, 46.546376698509611 ], [ 10.644498996349029, 46.546609625989362 ], [ 10.643127178103471, 46.5469406545471 ], [ 10.642838186339448, 46.547721461090944 ], [ 10.641525162728501, 46.54856694513326 ], [ 10.640638614026395, 46.548738042204917 ], [ 10.63969285321769, 46.549484482529444 ], [ 10.63991932360438, 46.549824974062346 ], [ 10.639006878752284, 46.550117747082261 ], [ 10.638899083391101, 46.55044033079016 ], [ 10.639478197823795, 46.550784685873325 ], [ 10.638284166104393, 46.551404960874223 ], [ 10.638374365583822, 46.551903062015768 ], [ 10.637529902393497, 46.552894486731276 ], [ 10.639177666495993, 46.55500870543127 ], [ 10.641336213583925, 46.555038549418803 ], [ 10.644375516531529, 46.556058532683004 ], [ 10.64640127948314, 46.555893189414569 ] ], [ [ 10.640030913731916, 46.550096580423244 ], [ 10.640726537738503, 46.55040764160379 ], [ 10.640542387413497, 46.551003718827502 ], [ 10.639973437816499, 46.550373044707506 ], [ 10.640030913731916, 46.550096580423244 ] ], [ [ 10.646720497226868, 46.546400926038757 ], [ 10.645623523331915, 46.546192276936509 ], [ 10.645326518401513, 46.545810071810997 ], [ 10.646556000141468, 46.546012534883936 ], [ 10.646720497226868, 46.546400926038757 ] ], [ [ 10.644671834566442, 46.546029918384576 ], [ 10.645285794890043, 46.545972445778645 ], [ 10.645321371638131, 46.545983283436591 ], [ 10.644671834566442, 46.546029918384576 ] ] ] } },
{ "type": "Feature", "properties": { "HOM_ID": 23.0, "area_97": 0.33697852673000001, "region": "Ortlergruppe", "name_d": "Angelusferner Kleiner", "name_it": "Vedretta dell Angelo Piccolo", "area_05": 0.2251245394, "area_17": 0.167021, "change_pct": -50.435714221688798, "status": "present" }, "geometry": { "type": "Polygon", "coordinates": [ [ [ 10.642016608906982, 46.563567103033911 ], [ 10.646432470770952, 46.562517803231472 ], [ 10.64633851347274, 46.561562432354535 ], [ 10.647023234437391, 46.561501848744719 ], [ 10.646277952385503, 46.561399631024919 ], [ 10.645760749998804, 46.561110283394072 ], [ 10.646376660416818, 46.561321821029004 ], [ 10.647285724264098, 46.561176707663158 ], [ 10.647111024793579, 46.560860685547603 ], [ 10.647484203572406, 46.560608856594577 ], [ 10.64716952197011, 46.560152910177152 ], [ 10.64771958046593, 46.559687749972191 ], [ 10.647173579159515, 46.559355120346673 ], [ 10.647630765074627, 46.559393934378697 ], [ 10.647348013125235, 46.559060754384042 ], [ 10.645586233642355, 46.55847646941487 ], [ 10.645365880353889, 46.558807164397393 ], [ 10.645765905647039, 46.559287830158276 ], [ 10.645078597808141, 46.559820853488759 ], [ 10.644647789639931, 46.559676615833588 ], [ 10.64480218438378, 46.559468207001679 ], [ 10.644139927222394, 46.559463628992177 ], [ 10.644273560963137, 46.559685461731341 ], [ 10.643457971100318, 46.559298319168995 ], [ 10.641661065068334, 46.559135702086259 ], [ 10.641485163435295, 46.558574320129246 ], [ 10.639854296713986, 46.55874364214182 ], [ 10.639800914308845, 46.559156244440473 ], [ 10.64012811656325, 46.558977751106013 ], [ 10.641182190591671, 46.559255494680741 ], [ 10.640932138558986, 46.559476934707853 ], [ 10.641447959896629, 46.560178879023084 ], [ 10.640673233590935, 46.560022535568592 ], [ 10.641265518117471, 46.560459639824323 ], [ 10.641038641263298, 46.560769614528901 ], [ 10.640187324630459, 46.560474498631017 ], [ 10.638552952995902, 46.558772022960468 ], [ 10.636219728195089, 46.558409804949264 ], [ 10.637647650896916, 46.560140484694607 ], [ 10.637482531717419, 46.560694126365554 ], [ 10.636215218378878, 46.561386768772564 ], [ 10.636740486124072, 46.561969444422402 ], [ 10.636650165221557, 46.562405273449414 ], [ 10.639931805774163, 46.563655387396025 ], [ 10.642016608906982, 46.563567103033911 ] ] ] } },
{ "type": "Feature", "properties": { "HOM_ID": 24.0, "area_97": 0.03687000201, "region": "Ortlergruppe", "name_d": null, "name_it": null, "area_05": 0.0095414103, "area_17": null, "change_pct": -100.0, "status": "disappeared" }, "geometry": { "type": "Polygon", "coordinates": [ [ [ 10.623562835091006, 46.562608025224854 ], [ 10.625099984629415, 46.562443510280119 ], [ 10.625517791593989, 46.562134254834938 ], [ 10.625502607396498, 46.561785219486595 ], [ 10.624720374876002, 46.56169657183046 ], [ 10.624436394616838, 46.561317954190486 ], [ 10.624501566793226, 46.56069761408861 ], [ 10.623997026927041, 46.560563417628252 ], [ 10.623567088274338, 46.560855762087101 ], [ 10.624126183119227, 46.560952062160993 ], [ 10.623449255779802, 46.560867821291644 ], [ 10.622873335931626, 46.561116680823098 ], [ 10.623077517808067, 46.561378411662872 ], [ 10.622202929831314, 46.561148602004813 ], [ 10.621296161573738, 46.561641396161235 ], [ 10.623562835091006, 46.562608025224854 ] ] ] } },
{ "type": "Feature", "properties": { "HOM_ID": 25.0, "area_97": 0.01166449501, "region": "Ortlergruppe", "name_d": null, "name_it": null, "area_05": 0.0025946332, "area_17": null, "change_pct": -100.0, "status": "disappeared" }, "geometry": { "type": "Polygon", "coordinates": [ [ [ 10.628505042190719, 46.565783808381816 ], [ 10.629282236773937, 46.565831109883078 ], [ 10.628772855507014, 46.565306544933662 ], [ 10.627283068277237, 46.565327752148285 ], [ 10.62651218109813, 46.565805681759294 ], [ 10.626918392949284, 46.56618255530303 ], [ 10.627710407861546, 46.565782149408712 ], [ 10.628098798926885, 46.566191699913624 ], [ 10.628505042190719, 46.565783808381816 ] ] ] } },
{ "type": "Feature", "properties": { "HOM_ID": 26.0, "area_97": 0.21342144263000001, "region": "Ortlergruppe", "name_d": "Tschenglser Ferner", "name_it": "Vedretta di Cengles", "area_05": 0.1732600217, "area_17": 0.12871232, "change_pct": -39.691008357045341, "status": "present" }, "geometry": { "type": "Polygon", "coordinates": [ [ [ 10.63800090674671, 46.568699680697108 ], [ 10.643435654479779, 46.567587258798909 ], [ 10.645033390871363, 46.567557803348905 ], [ 10.64563066397068, 46.567717836201389 ], [ 10.645245486775464, 46.568041173318541 ], [ 10.648074288559682, 46.568274367365937 ], [ 10.648669343542124, 46.567947608407145 ], [ 10.649824847621904, 46.567955154365464 ], [ 10.648978036634968, 46.567085916506613 ], [ 10.649116768568565, 46.566078645612116 ], [ 10.648557751695218, 46.565874672395822 ], [ 10.649329739740558, 46.56534918580828 ], [ 10.645553645252562, 46.565899934072746 ], [ 10.645016876479948, 46.565456701684319 ], [ 10.644237394658603, 46.565601473723476 ], [ 10.644954829573953, 46.565139479958276 ], [ 10.643555171322539, 46.565601584598745 ], [ 10.643878924178743, 46.565428126027257 ], [ 10.642867991336834, 46.565410242003253 ], [ 10.640396697208923, 46.566599674995089 ], [ 10.637892085147236, 46.567115507527461 ], [ 10.637372310000488, 46.567654770641532 ], [ 10.63654221544553, 46.567569367537374 ], [ 10.636800612620426, 46.56834394260737 ], [ 10.63800090674671, 46.568699680697108 ] ] ] } },
{ "type": "Feature", "properties": { "HOM_ID": 27.0, "area_97": 0.40739603565, "region": "Ortlergruppe", "name_d": "Ofenwandferner", "name_it": "Vedretta del Forno", "area_05": 0.3691900242, "area_17": 0.301069, "change_pct": -26.09918269831844, "status": "present" }, "geometry": { "type": "Polygon", "coordinates": [ [ [ 10.65517109876432, 46.555443131514266 ], [ 10.657273651610668, 46.554817638788386 ], [ 10.65706137219993, 46.554689367346271 ], [ 10.657914964786769, 46.554317043645703 ], [ 10.657635868002037, 46.553487685874934 ], [ 10.658862595810053, 46.5531748030118 ], [ 10.658684670458431, 46.552580705608669 ], [ 10.656933059450985, 46.551555424091497 ], [ 10.656446501959753, 46.55023561661671 ], [ 10.656651614862092, 46.548949033746887 ], [ 10.657070418348434, 46.549273733958252 ], [ 10.658137393678818, 46.548502692171198 ], [ 10.65729001516452, 46.548304191936751 ], [ 10.657433841948134, 46.548088081771446 ], [ 10.657024083228748, 46.547905936261678 ], [ 10.655757734225759, 46.547689427534294 ], [ 10.655718507450965, 46.54731718114779 ], [ 10.655339245714432, 46.547314961386498 ], [ 10.65548009073342, 46.546815833554248 ], [ 10.654773813825983, 46.54635033589949 ], [ 10.654743229814571, 46.54575716142822 ], [ 10.653322102736688, 46.546028416729129 ], [ 10.651158084962928, 46.545419224553179 ], [ 10.651042722621748, 46.545644644603982 ], [ 10.650480725592505, 46.545555472940173 ], [ 10.650288156866381, 46.545192509504389 ], [ 10.650770952263782, 46.544771438414621 ], [ 10.650052564632087, 46.545019775333735 ], [ 10.650214367976233, 46.54487572361775 ], [ 10.649707531287865, 46.544792953734429 ], [ 10.65011621006143, 46.544670709823535 ], [ 10.649574387197589, 46.544683226981462 ], [ 10.649498482181762, 46.544379607969724 ], [ 10.648735355320458, 46.544683038071845 ], [ 10.649287275569108, 46.545369524723824 ], [ 10.650594292090375, 46.545701965889414 ], [ 10.650913601150584, 46.546191302360491 ], [ 10.650069822493993, 46.546435158585396 ], [ 10.649603154350796, 46.546994974146997 ], [ 10.64984953055791, 46.549250164673659 ], [ 10.651479617552594, 46.550879144792177 ], [ 10.652667652163979, 46.551343710705417 ], [ 10.653350084791672, 46.552044678561103 ], [ 10.654325578902442, 46.552303709872724 ], [ 10.655099756770571, 46.553891591082959 ], [ 10.65517109876432, 46.555443131514266 ] ] ] } },
{ "type": "Feature", "properties": { "HOM_ID": 28.0, "area_97": 0.14143631347, "region": "Ortlergruppe", "name_d": "Angelusferner Grosser", "name_it": "Vedretta dell Angelo", "area_05": 0.1321097557, "area_17": 0.120575, "change_pct": -14.749616246484591, "status": "present" }, "geometry": { "type": "Polygon", "coordinates": [ [ [ 10.657098267164693, 46.545865128438976 ], [ 10.658062985865969, 46.544557292140595 ], [ 10.657283953213796, 46.543544064918756 ], [ 10.655903910432107, 46.543226707069387 ], [ 10.655664572157558, 46.542816258903017 ], [ 10.654915395393925, 46.54284056978031 ], [ 10.655452212728163, 46.542589459618327 ], [ 10.65391575373126, 46.542333316815622 ], [ 10.653870858323589, 46.54189075144707 ], [ 10.653409416045449, 46.542051194222232 ], [ 10.652683666023002, 46.541718209012188 ], [ 10.650887225458252, 46.542376506232081 ], [ 10.65062612028076, 46.543607682421467 ], [ 10.651182174082727, 46.544043921880295 ], [ 10.654367751004116, 46.545097198844026 ], [ 10.656335917018421, 46.545370293120996 ], [ 10.657098267164693, 46.545865128438976 ] ] ] } },
{ "type": "Feature", "properties": { "HOM_ID": 29.0, "area_97": 4.8935657906200003, "region": "Ortlergruppe", "name_d": "Laaserferner", "name_it": "Vedretta Lasa", "area_05": 4.5015849115000002, "area_17": 4.089353081, "change_pct": -16.43408393857742, "status": "present" }, "geometry": { "type": "Polygon", "coordinates": [ [ [ 10.668065628240928, 46.550168164873106 ], [ 10.6687485066898, 46.549547111877878 ], [ 10.667999434569071, 46.549279340418813 ], [ 10.668261345137401, 46.548818783754378 ], [ 10.669981464668826, 46.547246169214439 ], [ 10.669316840425745, 46.547371172849822 ], [ 10.669121949412606, 46.546981416308427 ], [ 10.668232506526158, 46.54666501685454 ], [ 10.668524376041274, 46.546135545567509 ], [ 10.668055329176415, 46.545838863784908 ], [ 10.66810836178537, 46.544438348817636 ], [ 10.670770126253199, 46.543360356351293 ], [ 10.671328157929926, 46.543028045324533 ], [ 10.671224181636045, 46.542748599107178 ], [ 10.672377429714757, 46.542212889222426 ], [ 10.674526121811807, 46.542804068963299 ], [ 10.67407262398371, 46.543271909111979 ], [ 10.675735557112016, 46.544095011441534 ], [ 10.676248381009827, 46.543926075664857 ], [ 10.675296122553862, 46.543573742223273 ], [ 10.675361265692581, 46.542520880974351 ], [ 10.677050687048531, 46.542847785183014 ], [ 10.677034143543134, 46.543395703817417 ], [ 10.676417537637738, 46.543992776709899 ], [ 10.677604158921385, 46.54372747943507 ], [ 10.678731241453535, 46.543970366119268 ], [ 10.68005827602107, 46.54486209052839 ], [ 10.680653871768373, 46.544228264989826 ], [ 10.682706386428716, 46.543436337259038 ], [ 10.68412441989615, 46.543291508882554 ], [ 10.685566776084196, 46.54238244664208 ], [ 10.685809530054199, 46.542667119513517 ], [ 10.685270835149804, 46.543078609909166 ], [ 10.686817108079429, 46.543367123755623 ], [ 10.689446062108436, 46.544619680960018 ], [ 10.690349453344339, 46.544652451390142 ], [ 10.690408034772476, 46.544386395236295 ], [ 10.68785115083532, 46.542763835188616 ], [ 10.686732958318467, 46.541475535385558 ], [ 10.687090063848437, 46.540941317961398 ], [ 10.689296494117428, 46.541145583145216 ], [ 10.688671998860132, 46.540735774295065 ], [ 10.689476654872992, 46.540299587303558 ], [ 10.687235392849786, 46.539580972344389 ], [ 10.687478887505467, 46.53926419648203 ], [ 10.688597805572819, 46.539360098209301 ], [ 10.688756169235754, 46.53867460443643 ], [ 10.687870026079711, 46.538655979075287 ], [ 10.688126132648552, 46.538328694776901 ], [ 10.687747103756973, 46.538064556589816 ], [ 10.686681489716346, 46.538045127293984 ], [ 10.687701770452177, 46.53754004731455 ], [ 10.687614189995784, 46.53681491734816 ], [ 10.688059980304212, 46.5367968515394 ], [ 10.688598929477823, 46.535624346056075 ], [ 10.688575302174399, 46.534714108622666 ], [ 10.687330558181957, 46.534187398108536 ], [ 10.687008144552651, 46.534431403821287 ], [ 10.686062996229658, 46.534393456733547 ], [ 10.684308441820262, 46.535330186145458 ], [ 10.684286968298652, 46.53579298894649 ], [ 10.68585003421437, 46.535720846750067 ], [ 10.685427188763247, 46.535962923835136 ], [ 10.685807217352446, 46.536108197785218 ], [ 10.685196568002944, 46.5360896157121 ], [ 10.684094113598668, 46.536758222881957 ], [ 10.683089804572777, 46.536432057436528 ], [ 10.682851401582452, 46.536671364335547 ], [ 10.683151024342035, 46.536710159686194 ], [ 10.682046355544086, 46.537146652164168 ], [ 10.682674495928236, 46.53755268270929 ], [ 10.682558843552464, 46.538322046822252 ], [ 10.681258291183783, 46.538410354130846 ], [ 10.680869710434285, 46.538000984916962 ], [ 10.679581600981166, 46.538221686392838 ], [ 10.6789197775584, 46.537620311728155 ], [ 10.67963489459237, 46.537511805873969 ], [ 10.681280597326799, 46.53642685823614 ], [ 10.68210266048254, 46.536535835217869 ], [ 10.681345482226332, 46.5351460686623 ], [ 10.682081341256739, 46.53489888193662 ], [ 10.681190931800121, 46.534907570021005 ], [ 10.67972279620712, 46.533465304446779 ], [ 10.67889011389407, 46.533169779130404 ], [ 10.677202886510868, 46.531776281630741 ], [ 10.676238564543823, 46.531860234871765 ], [ 10.675321444848082, 46.533241120570089 ], [ 10.674326982072458, 46.532943283625301 ], [ 10.673988472458863, 46.533225481388826 ], [ 10.67335398033385, 46.533168633077771 ], [ 10.673339505850112, 46.532802932288995 ], [ 10.672750486072456, 46.532706456440621 ], [ 10.672068792639241, 46.532709859547261 ], [ 10.671747747573246, 46.533187427226366 ], [ 10.670626546647313, 46.532998277719805 ], [ 10.671777294191232, 46.532797036421698 ], [ 10.672551529278902, 46.532104258853167 ], [ 10.672323353327464, 46.531568936573819 ], [ 10.6727123924964, 46.531358217307599 ], [ 10.672754857221101, 46.530564904865123 ], [ 10.670737202232575, 46.529421564713736 ], [ 10.670736668392381, 46.529608997699839 ], [ 10.669198315277795, 46.529320121970251 ], [ 10.667657414336533, 46.52974620563748 ], [ 10.66647166474961, 46.529141296401413 ], [ 10.665675447710479, 46.529344906080198 ], [ 10.665267148368436, 46.529168982776532 ], [ 10.665587590294505, 46.529004374208405 ], [ 10.663509727679452, 46.528682190328674 ], [ 10.661921506415348, 46.529212118824731 ], [ 10.661276389399251, 46.528946145385767 ], [ 10.660917046286787, 46.529109713904354 ], [ 10.661231423519812, 46.530123885202997 ], [ 10.660516029077913, 46.530475362132009 ], [ 10.660968548925879, 46.530909738131164 ], [ 10.660680574954936, 46.5314966600532 ], [ 10.660306815900293, 46.531360896151547 ], [ 10.660549703340333, 46.53085054054268 ], [ 10.660084559730429, 46.530614407992637 ], [ 10.659558739220401, 46.530616390755831 ], [ 10.659710288574248, 46.530974937236721 ], [ 10.659086711481901, 46.53081322261918 ], [ 10.659551252342798, 46.530188913638888 ], [ 10.658108292754591, 46.530197352084478 ], [ 10.657675079094842, 46.529787118195927 ], [ 10.657429873299989, 46.53036297238507 ], [ 10.655851012600145, 46.529799100711102 ], [ 10.65508922482524, 46.529885234598289 ], [ 10.652996913891116, 46.529057339513905 ], [ 10.652079991630425, 46.528081553637641 ], [ 10.652310292236754, 46.528861149267506 ], [ 10.651956423288008, 46.528951759691587 ], [ 10.650870863122352, 46.528499771787622 ], [ 10.648263783744675, 46.528581411517763 ], [ 10.647761125078228, 46.528319090821064 ], [ 10.647972835910283, 46.528690767046122 ], [ 10.647408520653014, 46.529035857416659 ], [ 10.646558862332745, 46.529172580717358 ], [ 10.645688702168465, 46.529940064936682 ], [ 10.641409982827103, 46.5321000418487 ], [ 10.641983384480055, 46.532970976153592 ], [ 10.64311061390784, 46.533231506552752 ], [ 10.643193351939175, 46.533654701028645 ], [ 10.641717313346835, 46.534849213514406 ], [ 10.640774401414657, 46.535124861800078 ], [ 10.640226814095351, 46.534944747616905 ], [ 10.640014101384731, 46.535360184825102 ], [ 10.639200833378338, 46.535468513208954 ], [ 10.638522894350249, 46.536821888446624 ], [ 10.637924116312954, 46.536947481731978 ], [ 10.638473411865165, 46.53765799700664 ], [ 10.63750501324254, 46.538879510031194 ], [ 10.6382171570217, 46.540144449076394 ], [ 10.640627168705748, 46.540568556698304 ], [ 10.641224084417971, 46.541131485156583 ], [ 10.641553562842605, 46.540422479760551 ], [ 10.643677480283168, 46.540458458247421 ], [ 10.643951150375145, 46.541774713281278 ], [ 10.644256144449184, 46.541914453081723 ], [ 10.644398983930845, 46.541526143714371 ], [ 10.644872258400019, 46.541673847687335 ], [ 10.645657403542163, 46.542695062292871 ], [ 10.645528018493577, 46.543498833418674 ], [ 10.646043482786192, 46.542867314484148 ], [ 10.646602471804941, 46.54311152487147 ], [ 10.646104369722769, 46.543770141928078 ], [ 10.646922963407636, 46.543210679839781 ], [ 10.647647653142409, 46.543177378490014 ], [ 10.647033085277332, 46.544061590441189 ], [ 10.64805408920148, 46.543315455801917 ], [ 10.64821814752098, 46.544000971242532 ], [ 10.648676478364118, 46.544226612257624 ], [ 10.648545575304409, 46.543129650916541 ], [ 10.651049582942543, 46.542220128291866 ], [ 10.652118340061033, 46.540821090082886 ], [ 10.652577473699603, 46.540808691073572 ], [ 10.652330267682943, 46.540371239755196 ], [ 10.653222066095344, 46.539035278354682 ], [ 10.654461196658463, 46.538708469342623 ], [ 10.656285180176525, 46.539050858129045 ], [ 10.657526980081764, 46.539826188027469 ], [ 10.657712239461803, 46.541795138876225 ], [ 10.658875362931651, 46.543225291788893 ], [ 10.658486091333801, 46.543682215157624 ], [ 10.65943777748798, 46.54413376889449 ], [ 10.659180362838649, 46.544460344915976 ], [ 10.659739729099995, 46.544994139482824 ], [ 10.65902036063606, 46.545653141272339 ], [ 10.660143446280102, 46.546040394464427 ], [ 10.661025398708658, 46.545918053008585 ], [ 10.661533720941316, 46.546694710164964 ], [ 10.6629447765521, 46.546326075876522 ], [ 10.663142819435151, 46.546506539229362 ], [ 10.665261910482977, 46.545690455541994 ], [ 10.666642373701215, 46.545977221401479 ], [ 10.667068276492479, 46.546247431752604 ], [ 10.666160410859371, 46.546831578606231 ], [ 10.667401649973188, 46.546725744702762 ], [ 10.667455591748405, 46.54749733236968 ], [ 10.666417464106019, 46.547520417117468 ], [ 10.665447490720508, 46.546951985956106 ], [ 10.664645635427522, 46.547017842210821 ], [ 10.663954904252176, 46.547319807071837 ], [ 10.663682851537903, 46.547859129869366 ], [ 10.663370088780688, 46.547726968847407 ], [ 10.662697596789714, 46.548689783357247 ], [ 10.663565397642607, 46.549743689656957 ], [ 10.665946755801377, 46.550285525827924 ], [ 10.666377025493055, 46.550146662256701 ], [ 10.666760059549373, 46.550648401117165 ], [ 10.668065628240928, 46.550168164873106 ] ], [ [ 10.687094918024101, 46.539696260070748 ], [ 10.68651001061899, 46.539544681187259 ], [ 10.686890912000749, 46.539426387027213 ], [ 10.687094918024101, 46.539696260070748 ] ], [ [ 10.686119803342557, 46.539425334820614 ], [ 10.684899429890228, 46.539446355361875 ], [ 10.685590810287209, 46.539110442703937 ], [ 10.684722610170063, 46.538966464185172 ], [ 10.684955997437378, 46.538439525068547 ], [ 10.686065906081614, 46.538683378230985 ], [ 10.685622059111456, 46.538876944872072 ], [ 10.68621541458233, 46.539046467026665 ], [ 10.685694213105283, 46.539077210827692 ], [ 10.685590434807727, 46.539405171181649 ], [ 10.686119803342557, 46.539425334820614 ] ], [ [ 10.671632667233599, 46.538555371685383 ], [ 10.668696426812618, 46.5369280556503 ], [ 10.668662224335694, 46.537161391228011 ], [ 10.668382099743603, 46.536675086699518 ], [ 10.664857923761627, 46.536508533169552 ], [ 10.665439859665304, 46.534676732105474 ], [ 10.666411176126193, 46.534323609708579 ], [ 10.667816981174701, 46.534505705511428 ], [ 10.668232524172518, 46.534270396921961 ], [ 10.668371261812608, 46.534506959489839 ], [ 10.668977210339834, 46.533992628047642 ], [ 10.668498582456953, 46.535278962593104 ], [ 10.671932652280463, 46.536907453934653 ], [ 10.672506793965969, 46.537511887421424 ], [ 10.672359782742284, 46.538355116432619 ], [ 10.671632667233599, 46.538555371685383 ] ], [ [ 10.654214813733979, 46.538052401266555 ], [ 10.653943968745098, 46.538211973743529 ], [ 10.653917778424367, 46.538174880511384 ], [ 10.654214813733979, 46.538052401266555 ] ], [ [ 10.651581446927315, 46.53873562226218 ], [ 10.651952419128236, 46.539238869801309 ], [ 10.651522846830002, 46.539497294064319 ], [ 10.651291975257786, 46.53919287821396 ], [ 10.651581446927315, 46.53873562226218 ] ], [ [ 10.652121456445288, 46.539546976534993 ], [ 10.652203479017231, 46.539496789159983 ], [ 10.65214338327851, 46.539581250063598 ], [ 10.652121456445288, 46.539546976534993 ] ], [ [ 10.65231474989845, 46.539584539438046 ], [ 10.652341530890507, 46.539503441497686 ], [ 10.652435401582686, 46.539568383164855 ], [ 10.65231474989845, 46.539584539438046 ] ], [ [ 10.651771264515137, 46.539707690970808 ], [ 10.651640883350916, 46.539816226651652 ], [ 10.651568240623435, 46.539762508167406 ], [ 10.651771264515137, 46.539707690970808 ] ], [ [ 10.65229286589822, 46.53982698590908 ], [ 10.65245013403738, 46.539778593780184 ], [ 10.652490423488873, 46.539867369506034 ], [ 10.65229286589822, 46.53982698590908 ] ], [ [ 10.669292837856398, 46.53359388481234 ], [ 10.669657114416809, 46.53342559221025 ], [ 10.669103055534299, 46.533914033826179 ], [ 10.669292837856398, 46.53359388481234 ] ], [ [ 10.67014729895979, 46.533260498619363 ], [ 10.670485070644343, 46.532999931325115 ], [ 10.670567991665843, 46.533166425863222 ], [ 10.67014729895979, 46.533260498619363 ] ], [ [ 10.673793208818067, 46.542336301081427 ], [ 10.673816288930842, 46.542543504192359 ], [ 10.673568258382817, 46.542356888864205 ], [ 10.673793208818067, 46.542336301081427 ] ] ] } },
{ "type": "Feature", "properties": { "HOM_ID": 30.0, "area_97": 0.03793534554, "region": "Ortlergruppe", "name_d": null, "name_it": null, "area_05": null, "area_17": null, "change_pct": -100.0, "status": "disappeared" }, "geometry": { "type": "Polygon", "coordinates": [ [ [ 10.709318825553581, 46.562552622444876 ], [ 10.71003050654517, 46.56265872419587 ], [ 10.710040002424364, 46.561564672436184 ], [ 10.709105670869423, 46.561154911526856 ], [ 10.707896004755606, 46.561358904486291 ], [ 10.707070491752106, 46.563336002068915 ], [ 10.707597044541748, 46.563485290663344 ], [ 10.709318825553581, 46.562552622444876 ] ] ] } },
{ "type": "Feature", "properties": { "HOM_ID": 31.0, "area_97": 0.10990893717, "region": "Ortlergruppe", "name_d": null, "name_it": null, "area_05": 0.0758412176, "area_17": null, "change_pct": -100.0, "status": "disappeared" }, "geometry": { "type": "Polygon", "coordinates": [ [ [ 10.72418965662202, 46.566739168848549 ], [ 10.723630038592852, 46.56543318333776 ], [ 10.721949030183366, 46.56461105072573 ], [ 10.719907587503968, 46.564019149612378 ], [ 10.718792314080831, 46.564433702041562 ], [ 10.718042424565194, 46.564233278715875 ], [ 10.717831419806586, 46.564911821209719 ], [ 10.718137989891865, 46.565152629600554 ], [ 10.722940818858854, 46.566590782424583 ], [ 10.721701699917212, 46.566726841473482 ], [ 10.7208068056763, 46.567608749931445 ], [ 10.720996325775927, 46.568314993298557 ], [ 10.722039346620342, 46.569048742410097 ], [ 10.72242086662005, 46.569055321194554 ], [ 10.723160871171601, 46.56750988952372 ], [ 10.72418965662202, 46.566739168848549 ] ] ] } },
{ "type": "Feature", "properties": { "HOM_ID": 32.0, "area_97": 0.08515381761, "region": "Ortlergruppe", "name_d": null, "name_it": null, "area_05": 0.0666891859, "area_17": 0.0549468, "change_pct": -35.473474305458097, "status": "present" }, "geometry": { "type": "Polygon", "coordinates": [ [ [ 10.703373472958853, 46.547194704321377 ], [ 10.705352201211529, 46.544740501460424 ], [ 10.706267330533025, 46.544353005762332 ], [ 10.70621793134711, 46.543974333699886 ], [ 10.707207786674346, 46.543367205576509 ], [ 10.706715917526273, 46.542868666375782 ], [ 10.703038215931656, 46.5444913412829 ], [ 10.701136969956535, 46.546817237195164 ], [ 10.701185491924123, 46.547166740092031 ], [ 10.702164315294421, 46.547606169945624 ], [ 10.703373472958853, 46.547194704321377 ] ] ] } },
{ "type": "Feature", "properties": { "HOM_ID": 33.0, "area_97": 0.05894487628, "region": "Ortlergruppe", "name_d": null, "name_it": null, "area_05": null, "area_17": null, "change_pct": -100.0, "status": "disappeared" }, "geometry": { "type": "Polygon", "coordinates": [ [ [ 10.656039573061607, 46.528689536376767 ], [ 10.655727824812399, 46.528412552286397 ], [ 10.656205330485241, 46.52864678121842 ], [ 10.657407168448596, 46.52770336064269 ], [ 10.65746342226088, 46.526345703620834 ], [ 10.656479537669378, 46.525852535290262 ], [ 10.656498924958557, 46.52621545118177 ], [ 10.655940629797247, 46.526286739125673 ], [ 10.655734151668415, 46.525939062408078 ], [ 10.654734012486829, 46.525733172692298 ], [ 10.654174105330666, 46.526122273019119 ], [ 10.654975091119748, 46.528018907917726 ], [ 10.654083087232932, 46.527942684846543 ], [ 10.654063027698751, 46.528136546034631 ], [ 10.654994523390213, 46.528658545276819 ], [ 10.656039573061607, 46.528689536376767 ] ] ] } },
{ "type": "Feature", "properties": { "HOM_ID": 34.0, "area_97": 0.03532076249, "region": "Ortlergruppe", "name_d": null, "name_it": null, "area_05": null, "area_17": null, "change_pct": -100.0, "status": "disappeared" }, "geometry": { "type": "Polygon", "coordinates": [ [ [ 10.648381462460961, 46.525600340608399 ], [ 10.649068959440079, 46.525441878706218 ], [ 10.64888850232261, 46.525154066550904 ], [ 10.649559712575559, 46.52514130508613 ], [ 10.648792266413308, 46.52423411887878 ], [ 10.64920194303849, 46.524110028185689 ], [ 10.649881952006341, 46.52450088916472 ], [ 10.650088891496495, 46.524163531781163 ], [ 10.650150393192952, 46.524516904388896 ], [ 10.650629240465253, 46.523721981860518 ], [ 10.650175000545342, 46.523297480130779 ], [ 10.649617107429131, 46.523433613061549 ], [ 10.649882929612847, 46.523843661393052 ], [ 10.6489131994443, 46.523814410717549 ], [ 10.649179755829808, 46.522963107423926 ], [ 10.64872000786306, 46.523226280625877 ], [ 10.648748159248708, 46.522914563066927 ], [ 10.648313621215934, 46.522859957674406 ], [ 10.647929801608155, 46.523268572841275 ], [ 10.64841518844853, 46.523331302452675 ], [ 10.647682292132275, 46.523740179982944 ], [ 10.647688589678204, 46.524680973689293 ], [ 10.648381462460961, 46.525600340608399 ] ] ] } },
{ "type": "Feature", "properties": { "HOM_ID": 35.0, "area_97": 0.01856862631, "region": "Ortlergruppe", "name_d": null, "name_it": null, "area_05": null, "area_17": null, "change_pct": -100.0, "status": "disappeared" }, "geometry": { "type": "MultiPolygon", "coordinates": [ [ [ [ 10.639205616537643, 46.513183446075949 ], [ 10.640175786239757, 46.512956229177796 ], [ 10.642036811091604, 46.512364547769664 ], [ 10.640959406162292, 46.512080230672332 ], [ 10.638932655524126, 46.5127146255182 ], [ 10.639205616537643, 46.513183446075949 ] ] ], [ [ [ 10.641824943107343, 46.513647428801626 ], [ 10.643762284772771, 46.513254401315351 ], [ 10.643423745175493, 46.51294418852244 ], [ 10.641049581885152, 46.513133939181259 ], [ 10.641824943107343, 46.513647428801626 ] ] ] ] } },
{ "type": "Feature", "properties": { "HOM_ID": 36.0, "area_97": 0.02803703917, "region": "Ortlergruppe", "name_d": "Butzenferner", "name_it": null, "area_05": 0.0184035692, "area_17": 0.00582672, "change_pct": -79.217777010367527, "status": "present" }, "geometry": { "type": "Polygon", "coordinates": [ [ [ 10.627447182145044, 46.488045707371676 ], [ 10.629498526076999, 46.48686348183228 ], [ 10.631032484682718, 46.486524533793371 ], [ 10.631266846664738, 46.48626752798512 ], [ 10.630408571721821, 46.486314359170237 ], [ 10.630944627394436, 46.485539961282413 ], [ 10.63039144585807, 46.486020584795213 ], [ 10.628965437146173, 46.48634069168655 ], [ 10.626350286871062, 46.487928717184644 ], [ 10.627447182145044, 46.488045707371676 ] ] ] } },
{ "type": "Feature", "properties": { "HOM_ID": 37.0, "area_97": 0.10457922507, "region": "Ortlergruppe", "name_d": "Butzenferner", "name_it": null, "area_05": 0.0882952071, "area_17": 0.0525786, "change_pct": -49.72366646931399, "status": "present" }, "geometry": { "type": "Polygon", "coordinates": [ [ [ 10.626032209363057, 46.486144592784314 ], [ 10.62783233996063, 46.48472963764344 ], [ 10.627981664395703, 46.483946114682126 ], [ 10.629029263764485, 46.483431710205053 ], [ 10.628189346616555, 46.483304750536774 ], [ 10.628530239217705, 46.482526093705467 ], [ 10.630905482701717, 46.481438282299791 ], [ 10.626844203080445, 46.482013722754751 ], [ 10.625740881701107, 46.482873646320733 ], [ 10.625799866763439, 46.483404450708861 ], [ 10.624665102867841, 46.48389262733307 ], [ 10.624498500597825, 46.484604097182455 ], [ 10.62370325199128, 46.485150205530395 ], [ 10.624657889219668, 46.485455901873998 ], [ 10.624777231736244, 46.485914552904298 ], [ 10.625721264484335, 46.485866562805498 ], [ 10.626032209363057, 46.486144592784314 ] ] ] } },
{ "type": "Feature", "properties": { "HOM_ID": 38.0, "area_97": 0.01627124272, "region": "Ortlergruppe", "name_d": null, "name_it": null, "area_05": null, "area_17": null, "change_pct": -100.0, "status": "disappeared" }, "geometry": { "type": "Polygon", "coordinates": [ [ [ 10.616250667364818, 46.483272499353724 ], [ 10.616784270282759, 46.482126967601282 ], [ 10.616176065682042, 46.481740046522845 ], [ 10.614198538890053, 46.481612322907566 ], [ 10.616250667364818, 46.483272499353724 ] ], [ [ 10.615947113128673, 46.482181427593133 ], [ 10.616459800985652, 46.482203006634137 ], [ 10.615952744992825, 46.482371594880696 ], [ 10.615947113128673, 46.482181427593133 ] ] ] } },
{ "type": "Feature", "properties": { "HOM_ID": 39.0, "area_97": 2.3063349092499998, "region": "Ortlergruppe", "name_d": "Langenferner", "name_it": "Vedretta Lunga", "area_05": 1.9077092949000001, "area_17": 1.5846393, "change_pct": -31.291882473594825, "status": "present" }, "geometry": { "type": "Polygon", "coordinates": [ [ [ 10.618986541636707, 46.467246921004339 ], [ 10.617325101254369, 46.465089985290518 ], [ 10.616508271152815, 46.465484933924557 ], [ 10.615842926224975, 46.464853266966372 ], [ 10.615208574187237, 46.464763798717797 ], [ 10.616406815576674, 46.46433587220379 ], [ 10.616647244922527, 46.46380191493418 ], [ 10.611559895092162, 46.460113101758054 ], [ 10.611130755360545, 46.458669776391602 ], [ 10.609584781453895, 46.459954612528378 ], [ 10.608120599389187, 46.460586197209231 ], [ 10.606632825891166, 46.460576945764707 ], [ 10.605896917508638, 46.460118945103844 ], [ 10.604947735685704, 46.46019749509734 ], [ 10.603181904556333, 46.461333006516568 ], [ 10.603172830891793, 46.461971136012878 ], [ 10.602338219883416, 46.462296818325392 ], [ 10.60293842409545, 46.463269643862084 ], [ 10.601483176694787, 46.463838198294496 ], [ 10.601161970897435, 46.464332247066537 ], [ 10.601501902919798, 46.464354390516355 ], [ 10.60074960191805, 46.46506442115561 ], [ 10.600673966518697, 46.465899494390413 ], [ 10.601394007770947, 46.465985497009832 ], [ 10.600594284358287, 46.466823576145032 ], [ 10.601335396980907, 46.467400683930137 ], [ 10.602415936164958, 46.467498501138934 ], [ 10.602167170484948, 46.467786822849526 ], [ 10.602739726604021, 46.467869118135603 ], [ 10.602494247777742, 46.468412554424681 ], [ 10.603580010498515, 46.468355055636295 ], [ 10.602345333973396, 46.468929654517879 ], [ 10.601795652069596, 46.469911652964242 ], [ 10.602586655142717, 46.470707680476401 ], [ 10.603657033622556, 46.470421144438021 ], [ 10.603786052128349, 46.471197666202563 ], [ 10.60347215216726, 46.471462357208175 ], [ 10.604569623480982, 46.471933813223245 ], [ 10.604217788246203, 46.472076112442288 ], [ 10.604705977693339, 46.472189423814967 ], [ 10.604796427361757, 46.472836669162191 ], [ 10.605761616383258, 46.473499554818005 ], [ 10.605593395128457, 46.473832448039268 ], [ 10.607489143473984, 46.474924236751129 ], [ 10.608550244600176, 46.474686398745156 ], [ 10.608189276136772, 46.474330198139334 ], [ 10.609502395974735, 46.47433862676121 ], [ 10.608978636792704, 46.474876384000694 ], [ 10.608636020623548, 46.474954228556875 ], [ 10.608696394043267, 46.474717205408112 ], [ 10.607581283608697, 46.475030556181146 ], [ 10.606132547018076, 46.475896458029581 ], [ 10.606493418790475, 46.47606049702518 ], [ 10.606249767634036, 46.477043982043178 ], [ 10.60663462731095, 46.476888683241789 ], [ 10.606283299262257, 46.477616174316736 ], [ 10.606681620636344, 46.477310890548061 ], [ 10.606595207283226, 46.478384310790219 ], [ 10.607314675545391, 46.479200526983178 ], [ 10.608544607811686, 46.479213978934602 ], [ 10.608782166472436, 46.478968503661918 ], [ 10.6083171301579, 46.478804259503029 ], [ 10.60961740099212, 46.478009462105845 ], [ 10.610978931539842, 46.474417762297328 ], [ 10.614435517012101, 46.473919336646389 ], [ 10.61531894672105, 46.473318823174658 ], [ 10.615115071241018, 46.472554301151668 ], [ 10.617135415410523, 46.472421529170752 ], [ 10.61801565288143, 46.472628095720331 ], [ 10.614441880640486, 46.47413447639488 ], [ 10.6139734320726, 46.474471619520017 ], [ 10.614439394461501, 46.474426608148946 ], [ 10.614401500003099, 46.474650059446752 ], [ 10.61589584429548, 46.474390662257264 ], [ 10.617610475571558, 46.473305645378623 ], [ 10.617957320813019, 46.473746570888089 ], [ 10.62098336042126, 46.474676089149838 ], [ 10.622194145898829, 46.474797280318541 ], [ 10.623912545860758, 46.474490951462187 ], [ 10.628744776969693, 46.473216772984728 ], [ 10.631320337664581, 46.4719117405023 ], [ 10.632168094649392, 46.47086961601515 ], [ 10.631717529823918, 46.470683877703301 ], [ 10.631882231016233, 46.469866729213969 ], [ 10.633324142409354, 46.468977536691398 ], [ 10.629691066908357, 46.469040624798701 ], [ 10.627098854023419, 46.469881087888353 ], [ 10.622428021195839, 46.470126173312252 ], [ 10.619625589586331, 46.46933172836129 ], [ 10.619667211335182, 46.469021677702621 ], [ 10.620244364005433, 46.46889650573241 ], [ 10.618885050888442, 46.467536157548516 ], [ 10.618986541636707, 46.467246921004339 ] ], [ [ 10.61354141957333, 46.467667241434647 ], [ 10.614769065661584, 46.467748600403254 ], [ 10.61435239938935, 46.46800554255632 ], [ 10.61453524589391, 46.468236673614683 ], [ 10.61354141957333, 46.467667241434647 ] ], [ [ 10.617171139639279, 46.468240514546807 ], [ 10.616972115313349, 46.468281763604352 ], [ 10.617042689416248, 46.468223114781601 ], [ 10.617171139639279, 46.468240514546807 ] ], [ [ 10.61845131031531, 46.468856928291295 ], [ 10.617887781674563, 46.468971048299224 ], [ 10.617691221640522, 46.468709737854375 ], [ 10.61845131031531, 46.468856928291295 ] ], [ [ 10.613825512000298, 46.471648597712644 ], [ 10.615017635959347, 46.472143810677771 ], [ 10.614361200222694, 46.472600283569676 ], [ 10.613353605572522, 46.471873724737947 ], [ 10.613825512000298, 46.471648597712644 ] ], [ [ 10.610163894510938, 46.474321627206919 ], [ 10.609694519168697, 46.474439693342099 ], [ 10.610184777124671, 46.474275212915671 ], [ 10.610163894510938, 46.474321627206919 ] ], [ [ 10.608198177742208, 46.475198676895069 ], [ 10.607857142892508, 46.475330304697103 ], [ 10.608168675301417, 46.475141441083437 ], [ 10.608198177742208, 46.475198676895069 ] ], [ [ 10.607523445591802, 46.474577850117313 ], [ 10.607597772150768, 46.474645986440215 ], [ 10.607497112401356, 46.474628184343402 ], [ 10.607523445591802, 46.474577850117313 ] ], [ [ 10.613505748145235, 46.465519291911583 ], [ 10.612054243428584, 46.465526312583002 ], [ 10.612063378646223, 46.465270598870447 ], [ 10.613890655695309, 46.464537023038936 ], [ 10.613360675673199, 46.465033229186126 ], [ 10.613672646512054, 46.465049965698654 ], [ 10.613505748145235, 46.465519291911583 ] ] ] } },
{ "type": "Feature", "properties": { "HOM_ID": 40.0, "area_97": 0.37604967032999997, "region": "Ortlergruppe", "name_d": "Cedecferner", "name_it": "Vedretta di Cedec", "area_05": 0.3257609882, "area_17": 0.306418, "change_pct": -18.516615177163999, "status": "present" }, "geometry": { "type": "Polygon", "coordinates": [ [ [ 10.609584781453895, 46.459954612528378 ], [ 10.611957082533516, 46.457751628501121 ], [ 10.61263278844104, 46.454986539530161 ], [ 10.613929098880483, 46.452874638152963 ], [ 10.613675773880132, 46.45183910498362 ], [ 10.612853876403486, 46.450722825588954 ], [ 10.61210280071027, 46.45035672415122 ], [ 10.609874038587504, 46.450580295725175 ], [ 10.609864465764458, 46.451387543053585 ], [ 10.61034450742727, 46.45182661757115 ], [ 10.608918248020146, 46.453622343162941 ], [ 10.609157511908805, 46.454406482310809 ], [ 10.607475352258975, 46.455233801795231 ], [ 10.608154184412534, 46.455435642956594 ], [ 10.607942012727616, 46.455784532278948 ], [ 10.607368681054181, 46.45557736304135 ], [ 10.60689410787306, 46.455891505128413 ], [ 10.608340180924014, 46.456086403332968 ], [ 10.609335180856485, 46.456637382050666 ], [ 10.607780625966187, 46.456536262566331 ], [ 10.606813840290888, 46.457510700413835 ], [ 10.606139392051281, 46.457458682261453 ], [ 10.606356401523447, 46.458597120184848 ], [ 10.604778343657326, 46.4582656873677 ], [ 10.604148189680599, 46.458585844186004 ], [ 10.605489595766798, 46.459758467889536 ], [ 10.605943601530747, 46.459121776558185 ], [ 10.606215815895952, 46.459726169881712 ], [ 10.605780495917349, 46.460012210909952 ], [ 10.606632825891166, 46.460576945764707 ], [ 10.607751544556519, 46.460642073753725 ], [ 10.609584781453895, 46.459954612528378 ] ] ] } },
{ "type": "Feature", "properties": { "HOM_ID": 41.0, "area_97": 4.0462604340199997, "region": "Ortlergruppe", "name_d": "Zufallferner", "name_it": "Vedretta del Cevedale Principale", "area_05": 3.6223093131000001, "area_17": 3.14149098, "change_pct": -22.36063320128661, "status": "present" }, "geometry": { "type": "Polygon", "coordinates": [ [ [ 10.617248407343759, 46.465093451383751 ], [ 10.618986541636707, 46.467246921004339 ], [ 10.620313983294254, 46.467104348006657 ], [ 10.620626229555061, 46.467367786260823 ], [ 10.621521443204909, 46.466919111943682 ], [ 10.621579636519728, 46.467636636066729 ], [ 10.622035395442781, 46.467515199615988 ], [ 10.621712301213892, 46.467838964238091 ], [ 10.622974141224992, 46.467762863179331 ], [ 10.622994353994011, 46.468056160065757 ], [ 10.623596666256093, 46.468109104042689 ], [ 10.625848843601537, 46.4677158247734 ], [ 10.625982148432687, 46.468082894375584 ], [ 10.627324187092722, 46.46776017528898 ], [ 10.627704361406433, 46.466735511298722 ], [ 10.628398927070487, 46.466554229192667 ], [ 10.629497961385651, 46.466791431425065 ], [ 10.629607387142757, 46.467289512285333 ], [ 10.628738834974468, 46.467075127730169 ], [ 10.627995685125196, 46.46770833940495 ], [ 10.628860291309548, 46.4676037847807 ], [ 10.629780957033313, 46.467886606995108 ], [ 10.630948312365494, 46.46748946777511 ], [ 10.63140019478635, 46.46697569449212 ], [ 10.630046524704719, 46.46570633348874 ], [ 10.631563479536908, 46.46536682856258 ], [ 10.63178022536469, 46.464802600494792 ], [ 10.630675153145917, 46.464303351352889 ], [ 10.629075696645085, 46.464261953679227 ], [ 10.627047116580529, 46.462404716292873 ], [ 10.626500348176126, 46.462956939435323 ], [ 10.624638700660766, 46.461629724873283 ], [ 10.625902553911022, 46.461861580567195 ], [ 10.630474201964457, 46.461857977932027 ], [ 10.634787795737981, 46.46131596299017 ], [ 10.635036567681391, 46.461915818961849 ], [ 10.638341680698435, 46.462797650302981 ], [ 10.643256845277769, 46.462008404433341 ], [ 10.64015085723557, 46.461368875805363 ], [ 10.639292694405176, 46.460943035033246 ], [ 10.638160074502869, 46.46133425016496 ], [ 10.63694063254316, 46.461145841079549 ], [ 10.639157080634639, 46.460871954820568 ], [ 10.640379540806309, 46.461100608865117 ], [ 10.644699622021927, 46.460972902045455 ], [ 10.646331628402068, 46.461556266932377 ], [ 10.646190013198073, 46.461894150436372 ], [ 10.648207008888276, 46.462262091527506 ], [ 10.647692688184886, 46.463033210710442 ], [ 10.649571015214631, 46.463717155780984 ], [ 10.650659402287861, 46.463659172530051 ], [ 10.651968871413569, 46.464474277290847 ], [ 10.652436901432671, 46.464317622016772 ], [ 10.653557474995303, 46.464954798804264 ], [ 10.656979362013473, 46.465178143800749 ], [ 10.658515163792437, 46.463918305792497 ], [ 10.657689477634346, 46.462919466679523 ], [ 10.656021051117616, 46.462332134868895 ], [ 10.655333604021918, 46.461600604444243 ], [ 10.65603118914451, 46.461240872853686 ], [ 10.655893307671956, 46.460912337577263 ], [ 10.65665402229657, 46.461055054943643 ], [ 10.657255160661006, 46.460704281088937 ], [ 10.658140978264942, 46.460937416065512 ], [ 10.657472516616881, 46.459986259988874 ], [ 10.65828006495253, 46.460152978608349 ], [ 10.656580626453742, 46.458716381672005 ], [ 10.644709615981496, 46.454354788928619 ], [ 10.644139890989122, 46.454923862289498 ], [ 10.642974774020587, 46.454204602665882 ], [ 10.641374495097736, 46.454828526394088 ], [ 10.639746812328809, 46.454673713585436 ], [ 10.639376046781953, 46.45436387114583 ], [ 10.638766842269442, 46.454543258322104 ], [ 10.638055401684085, 46.453717890570509 ], [ 10.638280590919637, 46.453253457385742 ], [ 10.637307571855075, 46.452886897916841 ], [ 10.637142090584328, 46.453287449559944 ], [ 10.636816430430923, 46.453033859649899 ], [ 10.636021083989185, 46.453193567297411 ], [ 10.635428667542438, 46.453651719371315 ], [ 10.635681375469288, 46.454105468570269 ], [ 10.635004203808728, 46.454153137282695 ], [ 10.634360768440533, 46.453690551770229 ], [ 10.633937739133129, 46.452516171879587 ], [ 10.632188756597863, 46.452975408292005 ], [ 10.632704556282892, 46.453499454172366 ], [ 10.631367669336521, 46.454047677761075 ], [ 10.631860739455723, 46.454196648125496 ], [ 10.63169506715691, 46.454445855522842 ], [ 10.630599045751678, 46.454327951635108 ], [ 10.630274570670741, 46.453598904261149 ], [ 10.62899766889902, 46.453736940810636 ], [ 10.627381375448556, 46.452617315443426 ], [ 10.622652197349018, 46.450731866227073 ], [ 10.622229159555303, 46.447740883842734 ], [ 10.621949348242433, 46.447864120681452 ], [ 10.621215755759952, 46.446983331338814 ], [ 10.620123529437363, 46.446575472024975 ], [ 10.618665950739755, 46.447365826367005 ], [ 10.617050504982599, 46.448843436937302 ], [ 10.612945852484971, 46.450228417908619 ], [ 10.613341677557159, 46.450597915901682 ], [ 10.612654464617012, 46.450806466383767 ], [ 10.613804133333566, 46.452037417607208 ], [ 10.613929098880483, 46.452874638152963 ], [ 10.61263278844104, 46.454986539530161 ], [ 10.611957082533516, 46.457751628501121 ], [ 10.611130755360545, 46.458669776391602 ], [ 10.611559895092162, 46.460113101758054 ], [ 10.616766362785683, 46.464090675541946 ], [ 10.617462891061493, 46.463936599737757 ], [ 10.618109941491577, 46.463085575919024 ], [ 10.619289551583616, 46.463029561420406 ], [ 10.618303339490838, 46.463205994789533 ], [ 10.618269733265146, 46.463741853526535 ], [ 10.617690511240289, 46.46373778639478 ], [ 10.617807264104682, 46.464108523367464 ], [ 10.61671150380414, 46.464858108973161 ], [ 10.617474147105554, 46.464700363287214 ], [ 10.618227732454342, 46.46497117921465 ], [ 10.617248407343759, 46.465093451383751 ] ], [ [ 10.619287671773138, 46.455910754611473 ], [ 10.619817020457534, 46.455570803364623 ], [ 10.62039765322168, 46.455741294554812 ], [ 10.619287671773138, 46.455910754611473 ] ], [ [ 10.620306428212583, 46.455431272445004 ], [ 10.620883349994534, 46.455242456144738 ], [ 10.620947823455657, 46.45530687984332 ], [ 10.620306428212583, 46.455431272445004 ] ], [ [ 10.631674273933637, 46.454946289460587 ], [ 10.631555285067375, 46.454782867940963 ], [ 10.631772677118638, 46.454898060111397 ], [ 10.631674273933637, 46.454946289460587 ] ], [ [ 10.629366136455364, 46.454335918886045 ], [ 10.62883250267158, 46.454902735559187 ], [ 10.628306188760554, 46.454316427330511 ], [ 10.628879384651936, 46.454263789803058 ], [ 10.629044943368772, 46.453868775050807 ], [ 10.629366136455364, 46.454335918886045 ] ], [ [ 10.632203038142157, 46.454638727916873 ], [ 10.631870772102037, 46.454550915519981 ], [ 10.632137215776405, 46.454504395903975 ], [ 10.632203038142157, 46.454638727916873 ] ], [ [ 10.625162808665593, 46.452960229791636 ], [ 10.6246574799539, 46.452890543622381 ], [ 10.624622337439687, 46.45273730644157 ], [ 10.625162808665593, 46.452960229791636 ] ], [ [ 10.620740464141088, 46.452488767444819 ], [ 10.621035005394402, 46.452107939382763 ], [ 10.620928489008387, 46.450579778079415 ], [ 10.621853876524954, 46.4512200330689 ], [ 10.621427684173671, 46.45184870761306 ], [ 10.621631694728459, 46.452164816246722 ], [ 10.620740464141088, 46.452488767444819 ] ], [ [ 10.622400562798688, 46.45015534339246 ], [ 10.621856024331123, 46.44979410243036 ], [ 10.622278869884282, 46.449615150921439 ], [ 10.622400562798688, 46.45015534339246 ] ] ] } },
{ "type": "Feature", "properties": { "HOM_ID": 42.0, "area_97": 2.3148512137, "region": "Ortlergruppe", "name_d": "Fuerkeleferner", "name_it": "Vedretta Cevedale Fuorcola", "area_05": 1.9838203324000001, "area_17": 1.7018, "change_pct": -26.483395998489005, "status": "present" }, "geometry": { "type": "MultiPolygon", "coordinates": [ [ [ [ 10.662885550857718, 46.452186281168451 ], [ 10.662161801924944, 46.452158369913946 ], [ 10.660634429612207, 46.451304267921586 ], [ 10.660468945495509, 46.451714072237003 ], [ 10.661179234793833, 46.451665320515907 ], [ 10.661757864185706, 46.452041252413558 ], [ 10.661362107536924, 46.4521930533271 ], [ 10.661678617413891, 46.452726529622907 ], [ 10.663333833446089, 46.453394275150877 ], [ 10.662885550857718, 46.452186281168451 ] ] ], [ [ [ 10.622169521874183, 46.447943550766674 ], [ 10.622652197349018, 46.450731866227073 ], [ 10.627381375448556, 46.452617315443426 ], [ 10.628485653405226, 46.453352152186341 ], [ 10.629267372984826, 46.453355338408279 ], [ 10.629373547070511, 46.453676318270475 ], [ 10.629944994988859, 46.453522995148724 ], [ 10.630652597401671, 46.454026730302232 ], [ 10.630642281168649, 46.453716690078259 ], [ 10.631381608089896, 46.454035482148129 ], [ 10.63220619770512, 46.453561324028861 ], [ 10.631926059452148, 46.4531129049398 ], [ 10.632404346214511, 46.45284170200928 ], [ 10.635335976910877, 46.452076347772163 ], [ 10.636094383708469, 46.452182777627819 ], [ 10.636512456914863, 46.452528427229822 ], [ 10.636308491869885, 46.452703411854174 ], [ 10.637954166613063, 46.452381839489377 ], [ 10.640277070831354, 46.452702131892181 ], [ 10.642922239928836, 46.453567353810158 ], [ 10.644549716942388, 46.453690006724536 ], [ 10.644709615981496, 46.454354788928619 ], [ 10.646245530337072, 46.45506550247935 ], [ 10.657071974684046, 46.458936768104678 ], [ 10.658503559914605, 46.460240347131659 ], [ 10.663493900046324, 46.461205571065967 ], [ 10.662445616438328, 46.459727638758096 ], [ 10.663021791243352, 46.459582839339411 ], [ 10.66190955584924, 46.458123146633191 ], [ 10.660902542416492, 46.457561268972327 ], [ 10.660798609613249, 46.457801069245704 ], [ 10.660383513627012, 46.45768410901168 ], [ 10.660374121365017, 46.456988540398392 ], [ 10.659133890105711, 46.456469522816938 ], [ 10.659914799601788, 46.456168929633591 ], [ 10.658603475683183, 46.455473086740106 ], [ 10.659000197367691, 46.455352029355815 ], [ 10.660675360491664, 46.455942655471382 ], [ 10.662069476274993, 46.456068448946468 ], [ 10.662440451436405, 46.455832451895049 ], [ 10.662264102986377, 46.455519856737496 ], [ 10.660732389120717, 46.45525770294153 ], [ 10.660529146061592, 46.454791760025472 ], [ 10.66203287232241, 46.455231120177359 ], [ 10.661460765948748, 46.454705202255326 ], [ 10.661894632285732, 46.454525944046303 ], [ 10.660910769215784, 46.45454023977176 ], [ 10.660347158369309, 46.454110278442108 ], [ 10.66228835271237, 46.454489473875846 ], [ 10.662468824386336, 46.453476035949969 ], [ 10.659853773135156, 46.452159911957565 ], [ 10.658749324882402, 46.450570637749607 ], [ 10.657837989102612, 46.450039707039252 ], [ 10.656330153696381, 46.449969024158165 ], [ 10.655947579288163, 46.450780358736949 ], [ 10.657036533766789, 46.45049009996 ], [ 10.655384256991628, 46.451641749582926 ], [ 10.653302440883488, 46.449734797528663 ], [ 10.652389869189866, 46.449713398367109 ], [ 10.651809711050303, 46.449375874826664 ], [ 10.651096590273506, 46.449543948632339 ], [ 10.650838661778771, 46.449259223303962 ], [ 10.648315779091812, 46.44949547772584 ], [ 10.646882488818463, 46.44827074320736 ], [ 10.638809822735499, 46.446334481022042 ], [ 10.637022678801731, 46.444864999129543 ], [ 10.637422712872358, 46.44485542726968 ], [ 10.637033743632093, 46.444492030299507 ], [ 10.635241016410237, 46.444225584906278 ], [ 10.634743627837073, 46.444697748624947 ], [ 10.633686142646486, 46.444847382211243 ], [ 10.633815834676758, 46.44527983344102 ], [ 10.633333164448798, 46.445129149669562 ], [ 10.632591278791077, 46.445793122869517 ], [ 10.632141725106441, 46.445634274477946 ], [ 10.632353473765399, 46.445277658690301 ], [ 10.631410158119865, 46.445341086105657 ], [ 10.63180321630465, 46.445597972309272 ], [ 10.630964819652021, 46.446254482452758 ], [ 10.63130133222065, 46.446537936185379 ], [ 10.63110143767423, 46.447105768535415 ], [ 10.629693231547297, 46.447056666675586 ], [ 10.630593326538202, 46.447433137408325 ], [ 10.630304519565742, 46.447697487138505 ], [ 10.628998577250099, 46.447535460337704 ], [ 10.629017375996661, 46.447047080287142 ], [ 10.629822234937681, 46.446628210504826 ], [ 10.629088053681301, 46.446678950994929 ], [ 10.628346836750683, 46.446376349748007 ], [ 10.628550589634949, 46.446123627354034 ], [ 10.626632420190758, 46.445939544837572 ], [ 10.626699389607573, 46.44613460542304 ], [ 10.626196329249096, 46.446045675581942 ], [ 10.62613800278114, 46.446413667941435 ], [ 10.624749027763029, 46.447039403278097 ], [ 10.624442662486892, 46.446874088090844 ], [ 10.623843741917872, 46.447328143829651 ], [ 10.6238236591952, 46.448271094778519 ], [ 10.623195867558241, 46.448476021888723 ], [ 10.623539351162819, 46.447796948526474 ], [ 10.622169521874183, 46.447943550766674 ] ], [ [ 10.636335188410213, 46.445301457555466 ], [ 10.635907743776231, 46.445138463726153 ], [ 10.63664779975468, 46.445343103798912 ], [ 10.636335188410213, 46.445301457555466 ] ], [ [ 10.63672759726021, 46.445222815636654 ], [ 10.636856459280498, 46.445255561776271 ], [ 10.636807245602073, 46.445283170355914 ], [ 10.63672759726021, 46.445222815636654 ] ], [ [ 10.635033311464321, 46.445273960041845 ], [ 10.634551442625627, 46.445150174014827 ], [ 10.634527143318403, 46.445081340662597 ], [ 10.635065662198636, 46.445054423800002 ], [ 10.635033311464321, 46.445273960041845 ] ], [ [ 10.6267761398859, 46.449641824874021 ], [ 10.626775589214784, 46.449697312950597 ], [ 10.626740824431485, 46.4496556992341 ], [ 10.6267761398859, 46.449641824874021 ] ], [ [ 10.626854057741744, 46.449811498518613 ], [ 10.625854099466297, 46.450309988806779 ], [ 10.625381207253854, 46.450114934433955 ], [ 10.625170573422205, 46.450417713025082 ], [ 10.624414571881035, 46.450473897613378 ], [ 10.623840288954487, 46.451028496261934 ], [ 10.623472624825116, 46.450912649852469 ], [ 10.623430641540967, 46.450674270390657 ], [ 10.624570721373171, 46.450347447561256 ], [ 10.624777608257524, 46.450012054005263 ], [ 10.625443769141992, 46.449881518765942 ], [ 10.625911786832178, 46.45009970331607 ], [ 10.626854057741744, 46.449811498518613 ] ], [ [ 10.627774035076692, 46.450175058300189 ], [ 10.62876064876073, 46.449882361780482 ], [ 10.629558215574624, 46.449963239683882 ], [ 10.627774035076692, 46.450175058300189 ] ], [ [ 10.656051734437057, 46.453193513304981 ], [ 10.654164567221782, 46.45406567423727 ], [ 10.653633081744225, 46.453851927861962 ], [ 10.656051734437057, 46.453193513304981 ] ] ] ] } },
{ "type": "Feature", "properties": { "HOM_ID": 43.0, "area_97": 1.6158963667900001, "region": "Ortlergruppe", "name_d": "Hohenferner", "name_it": "Vedretta Alta", "area_05": 1.4211029163000002, "area_17": 1.19111887, "change_pct": -26.287421985719689, "status": "present" }, "geometry": { "type": "MultiPolygon", "coordinates": [ [ [ [ 10.671209732174274, 46.457386743695487 ], [ 10.671846589301213, 46.457843766050615 ], [ 10.672337533702697, 46.457652103134357 ], [ 10.672418983890692, 46.456195545052729 ], [ 10.671323705717745, 46.456749636223435 ], [ 10.67049855131777, 46.4564388487345 ], [ 10.669647356439599, 46.453335566330281 ], [ 10.668610370726126, 46.452884371389572 ], [ 10.667036187383157, 46.453294235199181 ], [ 10.667487131245828, 46.453736056677378 ], [ 10.668803904793677, 46.454001257241067 ], [ 10.666082135966096, 46.454345859096129 ], [ 10.667486716377056, 46.455058192163229 ], [ 10.667524324772501, 46.455682836408208 ], [ 10.668325906339593, 46.456193845446698 ], [ 10.668492817277821, 46.456560376154776 ], [ 10.667571679154133, 46.456748047504703 ], [ 10.667902642584222, 46.456902080378796 ], [ 10.66760229971568, 46.457265178237719 ], [ 10.668648663420926, 46.457050056791758 ], [ 10.669012102154598, 46.456568170951712 ], [ 10.669534571730924, 46.457165238031905 ], [ 10.66900473272756, 46.457782792179728 ], [ 10.669567770187493, 46.458251153662381 ], [ 10.671209732174274, 46.457386743695487 ] ], [ [ 10.667207347699494, 46.454529314101613 ], [ 10.667309825568859, 46.45460725038604 ], [ 10.667177436601399, 46.454642490002016 ], [ 10.667207347699494, 46.454529314101613 ] ], [ [ 10.667565283203546, 46.454595838304705 ], [ 10.667838626112356, 46.454320251512051 ], [ 10.667866725729704, 46.454512011071316 ], [ 10.667565283203546, 46.454595838304705 ] ], [ [ 10.668889867246239, 46.453902636285981 ], [ 10.669250933460573, 46.453707758472689 ], [ 10.669321156729392, 46.453822035308086 ], [ 10.668889867246239, 46.453902636285981 ] ] ], [ [ [ 10.685554693574804, 46.46695249538061 ], [ 10.68853797276774, 46.464795894443839 ], [ 10.688030036660621, 46.46473805651528 ], [ 10.687733629878018, 46.464265850917116 ], [ 10.688052091766687, 46.463292614191779 ], [ 10.687475246226132, 46.461346908790112 ], [ 10.687896404687267, 46.46060779479609 ], [ 10.68740426762462, 46.459720262327579 ], [ 10.687916361852194, 46.458662044233762 ], [ 10.688413083286246, 46.458418981995983 ], [ 10.688015822262324, 46.458281359816425 ], [ 10.688171011498401, 46.457780314269456 ], [ 10.688985028818108, 46.457423871823636 ], [ 10.688996160602658, 46.456652655395963 ], [ 10.687989070006397, 46.456573915716227 ], [ 10.689384844701445, 46.45483539128697 ], [ 10.688529864522229, 46.454881329696619 ], [ 10.688709590556925, 46.45517846118716 ], [ 10.687584223403197, 46.455712654050387 ], [ 10.687522038566581, 46.454540053176885 ], [ 10.688051527612156, 46.453986131911243 ], [ 10.687453895252535, 46.453763786771638 ], [ 10.687650411335575, 46.453295458876049 ], [ 10.687113104259101, 46.453303388222729 ], [ 10.687335398134035, 46.453658825548011 ], [ 10.687007712709551, 46.453491989214953 ], [ 10.686190763906962, 46.452307460516103 ], [ 10.68517446625876, 46.452363708597225 ], [ 10.685232730985833, 46.452857098432624 ], [ 10.684829071925812, 46.452991160504865 ], [ 10.685098038134001, 46.454024044536858 ], [ 10.68468240421376, 46.453959848227775 ], [ 10.684380120556501, 46.453041945246945 ], [ 10.684626655114721, 46.452376720180034 ], [ 10.684152130818516, 46.452355247757403 ], [ 10.683931292893108, 46.451046814074168 ], [ 10.683628178981195, 46.451556044511619 ], [ 10.683284877339046, 46.451220845450045 ], [ 10.68370390724068, 46.450656946879285 ], [ 10.682963925900051, 46.450431225788343 ], [ 10.681913867899473, 46.449330526656865 ], [ 10.680952423646366, 46.449534067504274 ], [ 10.681404473583294, 46.449527420837811 ], [ 10.680832352646561, 46.449728003203582 ], [ 10.681168749434434, 46.449817861704268 ], [ 10.680830055734221, 46.450617143938011 ], [ 10.680224295258608, 46.449242422394072 ], [ 10.679464161257748, 46.44911522766693 ], [ 10.677736647903561, 46.449458300806342 ], [ 10.677573432424635, 46.449767909074311 ], [ 10.675635274907544, 46.450337235400426 ], [ 10.675037215655857, 46.450297315572598 ], [ 10.673814050234423, 46.451391380636863 ], [ 10.674235812583795, 46.451605560020766 ], [ 10.674643366024062, 46.45135617622217 ], [ 10.674755163261919, 46.451979731964933 ], [ 10.673855309196528, 46.451769992156599 ], [ 10.673694540657255, 46.452538975360774 ], [ 10.673312752450677, 46.452695224726803 ], [ 10.670998997245148, 46.452680379171113 ], [ 10.670303904280916, 46.453589890600831 ], [ 10.671406431579484, 46.453637836528756 ], [ 10.671132404979106, 46.453890381678825 ], [ 10.671411717070274, 46.454052846084821 ], [ 10.670541202775748, 46.454075816760721 ], [ 10.670508117579802, 46.454327402185527 ], [ 10.6726730902264, 46.454808204766927 ], [ 10.670875121130113, 46.454811432553797 ], [ 10.673839944144524, 46.455723874405834 ], [ 10.673807139737374, 46.456258547557425 ], [ 10.673512677091082, 46.455992725632399 ], [ 10.673188380652295, 46.456322513368562 ], [ 10.673615302251916, 46.457131523216468 ], [ 10.674502194930303, 46.456385674590898 ], [ 10.674791620788195, 46.45685043209518 ], [ 10.675153428027757, 46.456762558743087 ], [ 10.674504689484849, 46.458976870915556 ], [ 10.675639428649799, 46.459853689877029 ], [ 10.675147486312866, 46.460526163842566 ], [ 10.675664621012237, 46.460551324188771 ], [ 10.675863564692634, 46.460099712314175 ], [ 10.677458540593694, 46.4608974793505 ], [ 10.678049247056695, 46.460736669205225 ], [ 10.678217463533297, 46.461118241069627 ], [ 10.678872384321107, 46.461192725516568 ], [ 10.678779947636313, 46.461448097768354 ], [ 10.679729303651349, 46.461674548254486 ], [ 10.679072397854814, 46.461720775369621 ], [ 10.679323943178831, 46.461912506640701 ], [ 10.680114848767609, 46.461951380531794 ], [ 10.679608745223025, 46.462140027059455 ], [ 10.680445543123284, 46.462377071643189 ], [ 10.680768302530455, 46.46208648757321 ], [ 10.681452512115779, 46.462396380131779 ], [ 10.681367560606548, 46.463007715368605 ], [ 10.682023384262799, 46.462763661783328 ], [ 10.683603680819456, 46.463112620704052 ], [ 10.683940904755284, 46.463563944068397 ], [ 10.68325074390334, 46.464870006752385 ], [ 10.683588118318001, 46.46522888105644 ], [ 10.684287287213753, 46.46529545254112 ], [ 10.683523172726908, 46.466008764749958 ], [ 10.684259775776328, 46.466807592225784 ], [ 10.684915104540821, 46.466654450917332 ], [ 10.685112602443487, 46.467046128645109 ], [ 10.685554693574804, 46.46695249538061 ] ], [ [ 10.674630544888922, 46.456140461509193 ], [ 10.674020790401432, 46.456138324119316 ], [ 10.674031770616319, 46.455802061722466 ], [ 10.674630544888922, 46.456140461509193 ] ] ], [ [ [ 10.68129197650638, 46.466164582446048 ], [ 10.683101661367317, 46.46592785379729 ], [ 10.681684692403497, 46.465310699336463 ], [ 10.68129197650638, 46.466164582446048 ] ] ] ] } },
{ "type": "Feature", "properties": { "HOM_ID": 44.0, "area_97": 0.4357938574, "region": "Ortlergruppe", "name_d": "Ultenmarktferner", "name_it": "Vedretta Ultima", "area_05": 0.3580173017, "area_17": 0.284137539, "change_pct": -34.800012855803047, "status": "present" }, "geometry": { "type": "Polygon", "coordinates": [ [ [ 10.688536339266882, 46.4647944542982 ], [ 10.687326896015593, 46.466462588494224 ], [ 10.688464888586982, 46.46608963522192 ], [ 10.689836443131014, 46.466674067682064 ], [ 10.689711412360756, 46.466947515014404 ], [ 10.691081701801131, 46.466891384935508 ], [ 10.692185523076164, 46.464937984571492 ], [ 10.693240083021013, 46.464507285751672 ], [ 10.69311214839686, 46.463849398113545 ], [ 10.693738476686459, 46.463360978659026 ], [ 10.693954977024262, 46.461873352021037 ], [ 10.695707180716756, 46.459133642314121 ], [ 10.695611938676681, 46.458257364914935 ], [ 10.695554807034657, 46.458686110133762 ], [ 10.695110799668118, 46.458357036338008 ], [ 10.695262339533466, 46.458938986516998 ], [ 10.694641104252751, 46.458394746504986 ], [ 10.694627097193786, 46.45697030214756 ], [ 10.693498490546482, 46.456759013148634 ], [ 10.693297004917293, 46.456387739777519 ], [ 10.691773435525128, 46.455707116990261 ], [ 10.690734311999259, 46.455803396329941 ], [ 10.691123985865856, 46.456107147247316 ], [ 10.690465604963441, 46.456180199375183 ], [ 10.690130065996629, 46.456856923055007 ], [ 10.690683487829185, 46.457238935516536 ], [ 10.689515885459841, 46.457213800501606 ], [ 10.689543811341668, 46.458356158214976 ], [ 10.688608087512391, 46.458790193042937 ], [ 10.688849304516244, 46.460595589001123 ], [ 10.688388078634295, 46.461221168894127 ], [ 10.68850547736128, 46.462126495426219 ], [ 10.688729210067645, 46.462287175912707 ], [ 10.688933201293855, 46.461689718420381 ], [ 10.689526242718266, 46.461563092920265 ], [ 10.690389374899331, 46.462016667331241 ], [ 10.689606571440272, 46.462150168542053 ], [ 10.689111649869602, 46.46278373154135 ], [ 10.689656166388639, 46.462672782606674 ], [ 10.69014582149798, 46.46304334693496 ], [ 10.689975311174962, 46.46373309963284 ], [ 10.688956431901397, 46.46339968610814 ], [ 10.68882345976143, 46.464375310337459 ], [ 10.689367131506421, 46.464344412375368 ], [ 10.689467580923695, 46.464700170080079 ], [ 10.688536339266882, 46.4647944542982 ] ] ] } },
{ "type": "Feature", "properties": { "HOM_ID": 45.0, "area_97": 1.06011314615, "region": "Ortlergruppe", "name_d": "Schranferner", "name_it": "Vedretta Serana", "area_05": 0.9121668282, "area_17": 0.753269, "change_pct": -28.944471376886717, "status": "present" }, "geometry": { "type": "Polygon", "coordinates": [ [ [ 10.702957521460046, 46.471301578735243 ], [ 10.704427926631125, 46.469460464850485 ], [ 10.703967432418542, 46.469225501720608 ], [ 10.703985936250838, 46.468713966130522 ], [ 10.705164451637364, 46.46787112976255 ], [ 10.704814333892681, 46.467584252821901 ], [ 10.705127494500925, 46.466687915006453 ], [ 10.705652900202672, 46.466413603448551 ], [ 10.705120935274063, 46.466477907861602 ], [ 10.704912927138192, 46.466196342122423 ], [ 10.705702251598261, 46.465856856527374 ], [ 10.706127207493045, 46.46426703713734 ], [ 10.706924926855766, 46.463927161184202 ], [ 10.706857986328961, 46.463446454638174 ], [ 10.706314915530848, 46.463984949552561 ], [ 10.705919309569415, 46.463870253229139 ], [ 10.706808419818522, 46.462468009693858 ], [ 10.706403801387895, 46.462588274452777 ], [ 10.706537712197953, 46.462049797128934 ], [ 10.706096476297812, 46.46185507929998 ], [ 10.70611252203928, 46.46121809680951 ], [ 10.706697988342185, 46.460581668284057 ], [ 10.705974963461195, 46.460594248218555 ], [ 10.705662457482665, 46.459953991781262 ], [ 10.704661765116777, 46.46005299495436 ], [ 10.704418683227011, 46.459553701838288 ], [ 10.705465506654749, 46.459464974483907 ], [ 10.702771889235359, 46.458454591070755 ], [ 10.701919931183269, 46.458702507139947 ], [ 10.702735274764288, 46.459182820064008 ], [ 10.700901425945279, 46.458649964270471 ], [ 10.700042174962473, 46.458905189056111 ], [ 10.699055757364441, 46.458538056386878 ], [ 10.698344819767632, 46.458686980672184 ], [ 10.696289130888834, 46.458394650195636 ], [ 10.695592452137552, 46.460316434191022 ], [ 10.695884609993445, 46.460650320583099 ], [ 10.694941008803307, 46.461069149578677 ], [ 10.695197023758801, 46.461910901751864 ], [ 10.694773071743652, 46.461919067319066 ], [ 10.694200426632971, 46.463729506064041 ], [ 10.694760521214731, 46.464571877418045 ], [ 10.694645080034409, 46.465870094017966 ], [ 10.695285632421676, 46.46667539776135 ], [ 10.692026643872223, 46.466810787410353 ], [ 10.692880403563693, 46.466839146323203 ], [ 10.693305855070738, 46.467165940967242 ], [ 10.694597721645877, 46.466972568911444 ], [ 10.693512997093114, 46.467388352442647 ], [ 10.695857688884642, 46.468761096669866 ], [ 10.695563863453375, 46.469663994085181 ], [ 10.696158896575422, 46.470228146536741 ], [ 10.697012539459662, 46.470457302371251 ], [ 10.69773512380579, 46.470177025687484 ], [ 10.699657457551018, 46.470602499938337 ], [ 10.700353374954954, 46.471037987157835 ], [ 10.700902044363609, 46.470794098690845 ], [ 10.702957521460046, 46.471301578735243 ] ], [ [ 10.696412781158889, 46.466909782397558 ], [ 10.695994314945796, 46.466808374942936 ], [ 10.696327511197556, 46.466552330592705 ], [ 10.696412781158889, 46.466909782397558 ] ] ] } },
{ "type": "Feature", "properties": { "HOM_ID": 46.0, "area_97": 1.4438912993499999, "region": "Ortlergruppe", "name_d": "Gramsenferner", "name_it": "Vedretta di Grames", "area_05": 1.2080513815, "area_17": 0.97150956, "change_pct": -32.715879620761839, "status": "present" }, "geometry": { "type": "Polygon", "coordinates": [ [ [ 10.716441283319327, 46.471259190916967 ], [ 10.718724452073099, 46.47160630623921 ], [ 10.718513658664367, 46.471978440297072 ], [ 10.72029772682126, 46.471633891870361 ], [ 10.721523263524761, 46.472020838554656 ], [ 10.721562220381299, 46.471748098016633 ], [ 10.724508444263034, 46.472974583932071 ], [ 10.725480842997548, 46.472130483444026 ], [ 10.723834795144489, 46.471841972261586 ], [ 10.723921351317939, 46.470590283238977 ], [ 10.725510163800857, 46.470171729584806 ], [ 10.72380343776652, 46.469674771138521 ], [ 10.721963408667767, 46.468477734311591 ], [ 10.720993528294164, 46.468275797416041 ], [ 10.722234135974359, 46.468360917221133 ], [ 10.722484844181208, 46.467844688112301 ], [ 10.718111730045438, 46.466160456380969 ], [ 10.717849617040596, 46.464783334166896 ], [ 10.715952070287475, 46.462454542972985 ], [ 10.716578411832925, 46.462209413006057 ], [ 10.715974919244827, 46.461892448754412 ], [ 10.715634447634079, 46.460960382815458 ], [ 10.711917530311482, 46.460611530791816 ], [ 10.709627935472954, 46.460963233810674 ], [ 10.709767058755052, 46.461617093309144 ], [ 10.709149011200815, 46.462246401668878 ], [ 10.708477981040069, 46.46165685988646 ], [ 10.708176562815096, 46.462214813057969 ], [ 10.707506619373577, 46.461896849305965 ], [ 10.707171631141286, 46.46351607824095 ], [ 10.707490875864684, 46.464238994556901 ], [ 10.707288564753563, 46.464646853048997 ], [ 10.706967582131311, 46.464579902459676 ], [ 10.70719195168147, 46.465114627855158 ], [ 10.706734768038022, 46.465198321223532 ], [ 10.706818250483368, 46.465970878518604 ], [ 10.706361971296298, 46.466321032138175 ], [ 10.706527147988389, 46.466771394970372 ], [ 10.707068386669658, 46.466617959084267 ], [ 10.706880845099102, 46.467261324474876 ], [ 10.707539869677387, 46.467702443397577 ], [ 10.707048439349833, 46.468114618432232 ], [ 10.707798360022862, 46.467733858556386 ], [ 10.708068276746504, 46.467761170427387 ], [ 10.708372452369657, 46.468238330810699 ], [ 10.707833540977331, 46.468318125061565 ], [ 10.708580986690203, 46.46921399934169 ], [ 10.708286341664474, 46.469515624702481 ], [ 10.707764571244246, 46.469195448896876 ], [ 10.707828162919373, 46.46956858938001 ], [ 10.706642721576932, 46.46906161497364 ], [ 10.706719975611403, 46.468283507098604 ], [ 10.706065061668077, 46.468211288004326 ], [ 10.705429135894095, 46.468272019536776 ], [ 10.705134852763127, 46.469060461306604 ], [ 10.705366105046675, 46.469815441993816 ], [ 10.706409827271418, 46.469512896683831 ], [ 10.707417011605607, 46.470650879908199 ], [ 10.70738550903682, 46.47106643638211 ], [ 10.706631644623922, 46.471626015140274 ], [ 10.707303931933106, 46.472963727450896 ], [ 10.706940639693292, 46.473917188030946 ], [ 10.707614476727437, 46.476725612934061 ], [ 10.710687601906042, 46.477268997549075 ], [ 10.71361085181414, 46.477014268960893 ], [ 10.714156462874094, 46.476611787473267 ], [ 10.71292265593395, 46.475037924620935 ], [ 10.71395596009974, 46.472551818953107 ], [ 10.713772283951922, 46.472040954386927 ], [ 10.715377339195729, 46.470325008532832 ], [ 10.715494662354477, 46.469374394627899 ], [ 10.715984732870684, 46.469628392589499 ], [ 10.715697693751379, 46.470170774776477 ], [ 10.716441283319327, 46.471259190916967 ] ], [ [ 10.720650717684608, 46.46807272990948 ], [ 10.720745289088191, 46.468021460401339 ], [ 10.720717750602358, 46.468036389716744 ], [ 10.720650717684608, 46.46807272990948 ] ], [ [ 10.707349594149091, 46.466598386990967 ], [ 10.707209480877209, 46.466149520373811 ], [ 10.708052070716073, 46.46633277078903 ], [ 10.707635491813935, 46.466491626936651 ], [ 10.707800546526951, 46.466669769027561 ], [ 10.707349594149091, 46.466598386990967 ] ], [ [ 10.724400709293995, 46.472381763756488 ], [ 10.724337869864591, 46.472505700007851 ], [ 10.724296756823893, 46.472378206927125 ], [ 10.724400709293995, 46.472381763756488 ] ], [ [ 10.7226781022131, 46.471618552051886 ], [ 10.723830806589367, 46.472185375742669 ], [ 10.724004040169037, 46.472034152912052 ], [ 10.724949928764214, 46.472158249404821 ], [ 10.723114278826481, 46.472278168559171 ], [ 10.7226781022131, 46.471618552051886 ] ] ] } },
{ "type": "Feature", "properties": { "HOM_ID": 47.0, "area_97": 0.03044897581, "region": "Ortlergruppe", "name_d": null, "name_it": null, "area_05": null, "area_17": null, "change_pct": -100.0, "status": "disappeared" }, "geometry": { "type": "MultiPolygon", "coordinates": [ [ [ [ 10.726051058924535, 46.474024895053255 ], [ 10.725660935275663, 46.473415840610926 ], [ 10.724629263858349, 46.473159806337783 ], [ 10.725631477041819, 46.473657137846374 ], [ 10.725550609606877, 46.473914584350233 ], [ 10.726051058924535, 46.474024895053255 ] ] ], [ [ [ 10.719565441500531, 46.474640190379411 ], [ 10.721437389676549, 46.473786976049063 ], [ 10.721036892928597, 46.47368041914357 ], [ 10.721353757031851, 46.473337876153309 ], [ 10.720197880462553, 46.473101739654517 ], [ 10.720359891299612, 46.47280945016383 ], [ 10.719503485921436, 46.472930530385511 ], [ 10.718647217911624, 46.473511227253091 ], [ 10.719565441500531, 46.474640190379411 ] ] ], [ [ [ 10.727058121306708, 46.474440149051183 ], [ 10.726926533632398, 46.474032174026114 ], [ 10.726466108425692, 46.474249232638975 ], [ 10.727058121306708, 46.474440149051183 ] ] ] ] } },
{ "type": "Feature", "properties": { "HOM_ID": 48.0, "area_97": 0.17983729213, "region": "Ortlergruppe", "name_d": "Saellentjochferner", "name_it": null, "area_05": 0.0714016096, "area_17": 0.0210426, "change_pct": -88.299089832386485, "status": "present" }, "geometry": { "type": "MultiPolygon", "coordinates": [ [ [ [ 10.732466592836447, 46.474360892802352 ], [ 10.732163469884144, 46.475093167612087 ], [ 10.732565253741461, 46.475599532526402 ], [ 10.73322424026115, 46.474861863037354 ], [ 10.732466592836447, 46.474360892802352 ] ] ], [ [ [ 10.730663509200129, 46.480819105509148 ], [ 10.731658117774817, 46.480906904057385 ], [ 10.732834384737346, 46.48057136378668 ], [ 10.733380767824052, 46.479322948621807 ], [ 10.734093063415447, 46.478861190358941 ], [ 10.733353759520869, 46.478472687574616 ], [ 10.73358845814847, 46.477454474516307 ], [ 10.73314630149077, 46.477312566360027 ], [ 10.732468222312411, 46.47616469972224 ], [ 10.731502015333012, 46.476010984868843 ], [ 10.73089897591086, 46.476385393504934 ], [ 10.731321978575377, 46.475690107077185 ], [ 10.730838060164359, 46.47540021132815 ], [ 10.730819217017126, 46.474806051715269 ], [ 10.72989074344904, 46.474621644137095 ], [ 10.73040165334459, 46.474269172515918 ], [ 10.730840779538832, 46.474667363296895 ], [ 10.731904943995911, 46.474776800609227 ], [ 10.731691411907482, 46.474241960025651 ], [ 10.730784195365693, 46.474286442888335 ], [ 10.730396880804371, 46.473182845440014 ], [ 10.72913418384959, 46.47265874814557 ], [ 10.729538643768953, 46.474889485647189 ], [ 10.729968271636192, 46.475339068263843 ], [ 10.729303744629076, 46.475669403393375 ], [ 10.729681832428982, 46.475896850515703 ], [ 10.73035231086889, 46.475520302769873 ], [ 10.730548647465502, 46.475630071022046 ], [ 10.730599954180736, 46.475844524677008 ], [ 10.730239858751524, 46.475716735787657 ], [ 10.730328289336466, 46.47616635590127 ], [ 10.728833667427899, 46.476752661630051 ], [ 10.728754269997367, 46.477056208417707 ], [ 10.729632987733394, 46.476930180208655 ], [ 10.729394755744694, 46.477605096381033 ], [ 10.729984980091565, 46.478908044647945 ], [ 10.729720440990539, 46.480157304841555 ], [ 10.730285152894185, 46.481122419490362 ], [ 10.730663509200129, 46.480819105509148 ] ] ] ] } },
{ "type": "Feature", "properties": { "HOM_ID": 49.0, "area_97": 0.27351228873, "region": "Ortlergruppe", "name_d": null, "name_it": null, "area_05": 0.2152635137, "area_17": 0.1848168, "change_pct": -32.428337732772405, "status": "present" }, "geometry": { "type": "MultiPolygon", "coordinates": [ [ [ [ 10.738314289775264, 46.486906644580998 ], [ 10.741153507209253, 46.486253629282729 ], [ 10.741450646610803, 46.485800708854946 ], [ 10.742405397891211, 46.485496629357762 ], [ 10.743069015511578, 46.485717118469985 ], [ 10.743933320827784, 46.485252982013961 ], [ 10.743549078651887, 46.485881470338065 ], [ 10.742629413075468, 46.486099497897698 ], [ 10.742121281841529, 46.486696755506934 ], [ 10.74381014091405, 46.486128415078376 ], [ 10.744858715188641, 46.484959578653125 ], [ 10.7435140677654, 46.484746895159802 ], [ 10.741618052014307, 46.483001212094493 ], [ 10.740581057686352, 46.482495825222387 ], [ 10.740728302511345, 46.482212512144343 ], [ 10.738584750076082, 46.481890755092174 ], [ 10.738174252703331, 46.482045607648324 ], [ 10.73880460682404, 46.48227175168055 ], [ 10.738595707644571, 46.482700262767239 ], [ 10.737617427131502, 46.482730506676539 ], [ 10.737703973785049, 46.483118654652337 ], [ 10.735570037583948, 46.484129191911009 ], [ 10.735266468588273, 46.483919224458184 ], [ 10.735678212930408, 46.483569633281093 ], [ 10.735055029219891, 46.483102510900871 ], [ 10.733268269953003, 46.482904130140589 ], [ 10.732359871866592, 46.483266363574891 ], [ 10.734453575498202, 46.484088748098394 ], [ 10.733791007093636, 46.484413061777282 ], [ 10.734208521486547, 46.484944805053701 ], [ 10.734768985483338, 46.484838937448139 ], [ 10.734653697081542, 46.484246242461275 ], [ 10.735304841986594, 46.484425969120657 ], [ 10.735608674187976, 46.484961646438094 ], [ 10.734485055050914, 46.486175618808758 ], [ 10.734825176849998, 46.486606042303208 ], [ 10.735315738633215, 46.486634469889033 ], [ 10.735235388404671, 46.486907289231965 ], [ 10.737937036612056, 46.486694898393097 ], [ 10.738314289775264, 46.486906644580998 ] ], [ [ 10.744209965770908, 46.484972038733162 ], [ 10.744522878981725, 46.48501338545438 ], [ 10.744370925940057, 46.485133567582061 ], [ 10.744209965770908, 46.484972038733162 ] ] ], [ [ [ 10.746646844044678, 46.485835495422123 ], [ 10.747104632022072, 46.48536086818072 ], [ 10.747391333788059, 46.485510223410941 ], [ 10.747282500620305, 46.484891819976596 ], [ 10.746770652883212, 46.485125119211332 ], [ 10.745958662860373, 46.484789053259966 ], [ 10.746579660915742, 46.485184405991198 ], [ 10.746646844044678, 46.485835495422123 ] ] ] ] } },
{ "type": "Feature", "properties": { "HOM_ID": 50.0, "area_97": 0.11226125008, "region": "Ortlergruppe", "name_d": null, "name_it": null, "area_05": 0.0545670614, "area_17": 0.0265875, "change_pct": -76.316404831539714, "status": "present" }, "geometry": { "type": "Polygon", "coordinates": [ [ [ 10.739216129318335, 46.493319068934937 ], [ 10.739190853486466, 46.491246588820083 ], [ 10.740669044380889, 46.491531567315654 ], [ 10.740629045932105, 46.492603198295292 ], [ 10.741233475893356, 46.492245528957909 ], [ 10.740906315162659, 46.491061624425619 ], [ 10.741908003097841, 46.49024950737347 ], [ 10.741365660477605, 46.488251521352424 ], [ 10.741654166497099, 46.487760298454212 ], [ 10.74158230808794, 46.487136202236833 ], [ 10.741271509993226, 46.487161433459185 ], [ 10.741182452839316, 46.488090327123295 ], [ 10.740435128944416, 46.487456015900136 ], [ 10.73931920005804, 46.487360256453215 ], [ 10.738767372357779, 46.487737614040732 ], [ 10.738742005301642, 46.488803897992788 ], [ 10.736414760804184, 46.48888025907462 ], [ 10.737075351264245, 46.489587656685742 ], [ 10.740703720605891, 46.490641936000529 ], [ 10.740083391799637, 46.490733370139587 ], [ 10.739698610300197, 46.49123117807364 ], [ 10.738451215538257, 46.490737698524548 ], [ 10.738506812377784, 46.49108532017209 ], [ 10.738993986718354, 46.491006168662821 ], [ 10.738646505945589, 46.491277927102026 ], [ 10.737955085934962, 46.491001465793659 ], [ 10.737863119928978, 46.489977961531004 ], [ 10.73747804859144, 46.490306621885942 ], [ 10.737619044315311, 46.491112332803993 ], [ 10.738673746502043, 46.491666975583307 ], [ 10.739176737834349, 46.491618330546345 ], [ 10.739216129318335, 46.493319068934937 ] ] ] } },
{ "type": "Feature", "properties": { "HOM_ID": 51.0, "area_97": 0.19038996317000001, "region": "Ortlergruppe", "name_d": "Nonnenferner", "name_it": "Vedretta di Monache", "area_05": 0.1212519908, "area_17": 0.064996053, "change_pct": -65.861617956212982, "status": "present" }, "geometry": { "type": "Polygon", "coordinates": [ [ [ 10.752139639275685, 46.486631303151199 ], [ 10.751734014981464, 46.485822991187334 ], [ 10.751119959987683, 46.485942847531369 ], [ 10.750700378557694, 46.485588265671325 ], [ 10.750984858498818, 46.485365572130426 ], [ 10.750253738679634, 46.485123102037008 ], [ 10.749017712197652, 46.48544564270258 ], [ 10.748351050528479, 46.485362315823195 ], [ 10.748708487213113, 46.485172366914306 ], [ 10.748169637892513, 46.485257474537477 ], [ 10.746846665796062, 46.486314401334262 ], [ 10.746646844044678, 46.485835495422123 ], [ 10.745902462423855, 46.485814814477628 ], [ 10.745993211450267, 46.486100401438094 ], [ 10.745529812629833, 46.486225340292329 ], [ 10.746217354410051, 46.486418189158094 ], [ 10.744562076522799, 46.486819179689881 ], [ 10.74606823901431, 46.486820320486643 ], [ 10.745840555566144, 46.486595783839391 ], [ 10.746526939852066, 46.486876589023986 ], [ 10.746734341735563, 46.486433635571473 ], [ 10.747466725119148, 46.486548634042521 ], [ 10.747708093262439, 46.486217312346589 ], [ 10.748076936467635, 46.486517694821664 ], [ 10.747848259337758, 46.485646726185294 ], [ 10.748953222530478, 46.48632676520738 ], [ 10.748336212539368, 46.486748781815052 ], [ 10.747745109784525, 46.486619011846493 ], [ 10.746964825943929, 46.486910612166774 ], [ 10.745556337758478, 46.487017158661672 ], [ 10.744984094808576, 46.487719779040319 ], [ 10.744097663555404, 46.487840918044306 ], [ 10.74441267742572, 46.488179455398686 ], [ 10.744140313516743, 46.488328312281347 ], [ 10.744785010989403, 46.488686225879874 ], [ 10.744340073762107, 46.48919478004408 ], [ 10.744758114312859, 46.488995709535928 ], [ 10.745465392882178, 46.489332962033195 ], [ 10.745412150517778, 46.489040495239983 ], [ 10.745842949251593, 46.489442436693935 ], [ 10.745378104208013, 46.489599587325479 ], [ 10.745660849103141, 46.489856621210642 ], [ 10.748423199060687, 46.490291655912941 ], [ 10.748121135663734, 46.490042549716442 ], [ 10.749579543538678, 46.489894094262738 ], [ 10.749742879175983, 46.489666117120457 ], [ 10.749286062596465, 46.489302859946854 ], [ 10.749826491679222, 46.489034522497285 ], [ 10.749074613752693, 46.488784134993622 ], [ 10.749319901504052, 46.488135936029494 ], [ 10.750111433662752, 46.487971948987806 ], [ 10.75046124261951, 46.48846879686139 ], [ 10.750809139159978, 46.488212369330377 ], [ 10.750246742554713, 46.486870669232978 ], [ 10.751121501535712, 46.487080192811391 ], [ 10.751343208006604, 46.486714787152742 ], [ 10.752139639275685, 46.486631303151199 ] ], [ [ 10.750827138891665, 46.486692675082317 ], [ 10.750848654264939, 46.48655398380604 ], [ 10.751120047083745, 46.486688189750225 ], [ 10.750827138891665, 46.486692675082317 ] ], [ [ 10.751931832716879, 46.486423237021356 ], [ 10.751601324312501, 46.486427154752299 ], [ 10.751605448942762, 46.486397109674591 ], [ 10.751931832716879, 46.486423237021356 ] ], [ [ 10.750709834625924, 46.486389561956329 ], [ 10.750159864200734, 46.486359547525993 ], [ 10.749906438573532, 46.486207128658556 ], [ 10.750386453671487, 46.486253588640437 ], [ 10.750709834625924, 46.486389561956329 ] ] ] } },
{ "type": "Feature", "properties": { "HOM_ID": 52.0, "area_97": 0.25145296796, "region": "Ortlergruppe", "name_d": "Nonnenferner", "name_it": "Vedretta di Monache", "area_05": 0.2132491761, "area_17": 0.176422, "change_pct": -29.83896693235118, "status": "present" }, "geometry": { "type": "Polygon", "coordinates": [ [ [ 10.752181617947389, 46.486442631819401 ], [ 10.752348032763777, 46.486807739149796 ], [ 10.751358813267302, 46.486845954933777 ], [ 10.751236351423113, 46.487191173330125 ], [ 10.751604225379502, 46.487441764337689 ], [ 10.752691101997096, 46.487209879837899 ], [ 10.752615333987698, 46.487704284411471 ], [ 10.753017017343636, 46.48774432013419 ], [ 10.752651587203593, 46.487960245146539 ], [ 10.753511932907848, 46.488279199054759 ], [ 10.75290621571175, 46.488435066691302 ], [ 10.753339703028768, 46.488584640603129 ], [ 10.753156738371555, 46.488770843614127 ], [ 10.752243620838408, 46.488754093148223 ], [ 10.751957193020454, 46.489076201448164 ], [ 10.752978001023404, 46.489377567546292 ], [ 10.752216366666946, 46.489984393375686 ], [ 10.752830575136496, 46.490931876155983 ], [ 10.752195762027826, 46.492440162665375 ], [ 10.753218248113452, 46.492531292985632 ], [ 10.754935387513331, 46.491130301950996 ], [ 10.755438524089374, 46.491317309872244 ], [ 10.756051823121847, 46.491008109187469 ], [ 10.757253223789126, 46.489262691086061 ], [ 10.757396871003856, 46.489921545533797 ], [ 10.758285841772221, 46.489533789731816 ], [ 10.758184189241922, 46.488566819235579 ], [ 10.758532756340744, 46.488511436471676 ], [ 10.758927175699821, 46.487679100349659 ], [ 10.758633406514763, 46.487196789775766 ], [ 10.758355448443391, 46.487330858514916 ], [ 10.758038260914535, 46.487049871798632 ], [ 10.757803143704651, 46.486271681069873 ], [ 10.756552438042609, 46.485800175928233 ], [ 10.754462633726039, 46.485890052427195 ], [ 10.753281715304119, 46.486422858455086 ], [ 10.752751921546899, 46.485985469577358 ], [ 10.753103143062125, 46.486410544272026 ], [ 10.752885196618243, 46.486835876627637 ], [ 10.752767776535107, 46.486524375076534 ], [ 10.752181617947389, 46.486442631819401 ] ] ] } },
{ "type": "Feature", "properties": { "HOM_ID": 53.0, "area_97": 0.78296829665000001, "region": "Ortlergruppe", "name_d": "Lorchenferner", "name_it": null, "area_05": 0.5765636793, "area_17": 0.409088115, "change_pct": -47.751637358712969, "status": "present" }, "geometry": { "type": "Polygon", "coordinates": [ [ [ 10.768646367601201, 46.490862462963335 ], [ 10.767736530117569, 46.490629681743734 ], [ 10.766985575884675, 46.490949849133031 ], [ 10.767179530047876, 46.490237746942874 ], [ 10.766654387049277, 46.490345789048668 ], [ 10.766455703825342, 46.490052918600448 ], [ 10.766272677952781, 46.490759085500038 ], [ 10.766626899747825, 46.49069980541833 ], [ 10.766526857704161, 46.491047255971154 ], [ 10.766908393561197, 46.490972180508386 ], [ 10.767008210923068, 46.491305012461602 ], [ 10.766459901597441, 46.491213556113216 ], [ 10.766675897938894, 46.491525376253584 ], [ 10.766283358375164, 46.491604465609093 ], [ 10.765885311378693, 46.491341575765631 ], [ 10.765481624351626, 46.491935848061921 ], [ 10.766126773008638, 46.49248017196669 ], [ 10.766645891931482, 46.492118698827568 ], [ 10.766893339715418, 46.49263894005248 ], [ 10.765985758168451, 46.493584562248557 ], [ 10.765868825384555, 46.49320433550033 ], [ 10.765464583037943, 46.493300512420568 ], [ 10.765399661327255, 46.495077158838214 ], [ 10.764304080167241, 46.495220899544492 ], [ 10.762849651280677, 46.494495793575553 ], [ 10.7626698713074, 46.493524907673446 ], [ 10.763190043824448, 46.492143944195149 ], [ 10.764628280273895, 46.49034773556518 ], [ 10.764962706573323, 46.488387483687283 ], [ 10.764613150915768, 46.487908097883917 ], [ 10.764843875898245, 46.487576256185889 ], [ 10.764318469975668, 46.487714682181327 ], [ 10.763979371169075, 46.486832408640879 ], [ 10.762622262573323, 46.486869894385656 ], [ 10.762484432180583, 46.48606390975705 ], [ 10.761901490874775, 46.485931968608661 ], [ 10.759143891290176, 46.486807160867293 ], [ 10.758853656410263, 46.48735482500382 ], [ 10.75950854086126, 46.487531794075771 ], [ 10.75880456770388, 46.488176086242703 ], [ 10.759152170353879, 46.488444316367094 ], [ 10.759681214423555, 46.48788114830225 ], [ 10.759842309024704, 46.488333769425353 ], [ 10.758864346296392, 46.489412153188219 ], [ 10.760502639024331, 46.488449155237703 ], [ 10.760859960529507, 46.488945855721362 ], [ 10.760403374695359, 46.489511457755782 ], [ 10.760730683310459, 46.489767768373099 ], [ 10.760059455469014, 46.490632566993149 ], [ 10.759374785665626, 46.490285716885921 ], [ 10.758272957214452, 46.490400030833044 ], [ 10.758221058668553, 46.490631432119528 ], [ 10.759368544756185, 46.490552287523776 ], [ 10.758136895952372, 46.491473146649241 ], [ 10.756948530455681, 46.491896248639591 ], [ 10.756561930925683, 46.492793853159867 ], [ 10.757491168315649, 46.494229811652126 ], [ 10.757805935141178, 46.493866257402239 ], [ 10.758431717806326, 46.493943752696275 ], [ 10.757992209096066, 46.494580825462222 ], [ 10.759254677779687, 46.494843256786901 ], [ 10.759039611195053, 46.495591306925341 ], [ 10.760648886098782, 46.49550848277957 ], [ 10.761548418966457, 46.496709136838255 ], [ 10.764555441246275, 46.495807620540241 ], [ 10.76585861319691, 46.496026646875961 ], [ 10.766909416783918, 46.495784935756717 ], [ 10.767253602648363, 46.496025593323672 ], [ 10.768857285091116, 46.495747987512708 ], [ 10.769167018445037, 46.49614632461649 ], [ 10.769876576847722, 46.496060184254638 ], [ 10.772070062937711, 46.497187767418048 ], [ 10.772145577477627, 46.49753250176191 ], [ 10.773271089000428, 46.497914764591904 ], [ 10.774353282661995, 46.497877479036212 ], [ 10.774858979200804, 46.497519476491746 ], [ 10.77515313398948, 46.497829193342781 ], [ 10.774890963015633, 46.497981873702848 ], [ 10.774952968877432, 46.498518985389559 ], [ 10.77459737232601, 46.498309274957933 ], [ 10.77507506067278, 46.498850182665237 ], [ 10.777560201335692, 46.499508510870143 ], [ 10.778060452905274, 46.49914714187193 ], [ 10.776854278972477, 46.498340844797774 ], [ 10.777142680310703, 46.49785465879787 ], [ 10.776574378500589, 46.496174934150403 ], [ 10.777371768058993, 46.496231752559595 ], [ 10.777624145359434, 46.495551394136186 ], [ 10.775726403547134, 46.494240820449953 ], [ 10.775496175144816, 46.49491826954565 ], [ 10.774911443538661, 46.494963218770096 ], [ 10.775002146250573, 46.494672275235146 ], [ 10.774146444870119, 46.495214916942658 ], [ 10.774190048466721, 46.494912919619964 ], [ 10.773434902462585, 46.494965630689173 ], [ 10.772897816420576, 46.495563277552627 ], [ 10.773776805714389, 46.495211428553546 ], [ 10.773316552345177, 46.495889877975571 ], [ 10.771924845378258, 46.495963338103735 ], [ 10.771572631085547, 46.495399975253171 ], [ 10.770602761866341, 46.495010160307046 ], [ 10.76993233420996, 46.49556925264136 ], [ 10.769299597692491, 46.494066924249402 ], [ 10.773482802739043, 46.493215506452394 ], [ 10.772482539358903, 46.49230384657988 ], [ 10.771791416589499, 46.4921988888591 ], [ 10.77120052746587, 46.492510389181355 ], [ 10.770190328058746, 46.491790664748343 ], [ 10.769871985904279, 46.49188897976277 ], [ 10.769559770763697, 46.491373324635262 ], [ 10.769066993274976, 46.491928475816408 ], [ 10.769422587947988, 46.492368806872179 ], [ 10.768211879706396, 46.492787247290934 ], [ 10.767009370752382, 46.491711631805373 ], [ 10.768747872536434, 46.491754695755148 ], [ 10.768646367601201, 46.490862462963335 ] ], [ [ 10.76988386731135, 46.493550554594215 ], [ 10.769811044920349, 46.493936021037207 ], [ 10.76933285740667, 46.493948545769122 ], [ 10.76988386731135, 46.493550554594215 ] ], [ [ 10.775695740485952, 46.498312721465609 ], [ 10.775312316490107, 46.498615896274956 ], [ 10.774986299920284, 46.498175125616307 ], [ 10.775418393650368, 46.497999308041031 ], [ 10.775695740485952, 46.498312721465609 ] ] ] } },
{ "type": "Feature", "properties": { "HOM_ID": 54.0, "area_97": 0.0881818095, "region": "Ortlergruppe", "name_d": "Lorchenferner", "name_it": null, "area_05": 0.0395340779, "area_17": 0.0264519, "change_pct": -70.002997046686815, "status": "present" }, "geometry": { "type": "Polygon", "coordinates": [ [ [ 10.767736530117569, 46.490629681743734 ], [ 10.769344151696705, 46.490922985671752 ], [ 10.770486816490692, 46.490667703404696 ], [ 10.771310260161957, 46.490977100512005 ], [ 10.771657614963789, 46.490706525117936 ], [ 10.772149488487772, 46.490944879752099 ], [ 10.772969507330847, 46.490721952700227 ], [ 10.772492636965405, 46.491058705600572 ], [ 10.773048456561012, 46.491038558705554 ], [ 10.773694896163994, 46.490724905470714 ], [ 10.773235639870116, 46.490462991500188 ], [ 10.773678157777118, 46.490210151359669 ], [ 10.77345838164873, 46.48978310036938 ], [ 10.772743098743017, 46.489690420843552 ], [ 10.773923459414469, 46.489026426018079 ], [ 10.772988532491651, 46.488852600522812 ], [ 10.770366757406489, 46.489131638081354 ], [ 10.768675151561773, 46.489855265607076 ], [ 10.766930530064384, 46.48847747994536 ], [ 10.766468040357278, 46.48905921180566 ], [ 10.76683204245864, 46.489130455984899 ], [ 10.766549211993159, 46.489503791068095 ], [ 10.766998722507747, 46.48946609867933 ], [ 10.767042981686529, 46.489801710673667 ], [ 10.766579856666713, 46.489762746389445 ], [ 10.767890474808439, 46.490282485692518 ], [ 10.767736530117569, 46.490629681743734 ] ], [ [ 10.766990558271289, 46.48887049918067 ], [ 10.767161355024607, 46.488817895571408 ], [ 10.767156726031056, 46.488846792533423 ], [ 10.766990558271289, 46.48887049918067 ] ] ] } },
{ "type": "Feature", "properties": { "HOM_ID": 55.0, "area_97": 0.66273944212000002, "region": "Ortlergruppe", "name_d": "Weissbrunnferner", "name_it": "Vedretta di Fontana Bianca", "area_05": 0.5169968322, "area_17": 0.40455947, "change_pct": -38.956482097115362, "status": "present" }, "geometry": { "type": "Polygon", "coordinates": [ [ [ 10.76827966403043, 46.488841603712245 ], [ 10.768973436486462, 46.488500341119696 ], [ 10.76853760478749, 46.488673629347723 ], [ 10.76859504667647, 46.488385768214748 ], [ 10.771972920623174, 46.486737184234435 ], [ 10.775429045331686, 46.486238186573374 ], [ 10.776183236301751, 46.486395136112783 ], [ 10.777252924414981, 46.485753323418727 ], [ 10.777042240841956, 46.48532101319276 ], [ 10.777903002533757, 46.484984788326429 ], [ 10.777326868889983, 46.484834885158143 ], [ 10.777128757353386, 46.485130061779941 ], [ 10.776339019558387, 46.484561183926701 ], [ 10.774933884558438, 46.484251988129998 ], [ 10.774682193292776, 46.48358458283564 ], [ 10.775321040188624, 46.483382496630263 ], [ 10.775100176652975, 46.483206566821444 ], [ 10.77807581507582, 46.483116775135386 ], [ 10.779026700016935, 46.483544633383886 ], [ 10.77991352376891, 46.483104181333658 ], [ 10.78107712769185, 46.48326841525946 ], [ 10.781321508763989, 46.483023641414647 ], [ 10.780969492697913, 46.482911123974546 ], [ 10.781544445020629, 46.482713743812099 ], [ 10.78099439331268, 46.482074633020552 ], [ 10.781850173548895, 46.48181532303704 ], [ 10.780628603277416, 46.481549941042907 ], [ 10.779493571185846, 46.481890456380377 ], [ 10.778406021930179, 46.481753641037088 ], [ 10.778613845526118, 46.481342115399485 ], [ 10.778241943148606, 46.481032886914583 ], [ 10.7760362268537, 46.480511905202249 ], [ 10.775917572946314, 46.480711099411614 ], [ 10.774664510301683, 46.479961819338548 ], [ 10.773824700438785, 46.48019878641098 ], [ 10.773146123825102, 46.479967134750574 ], [ 10.772789319943813, 46.479741000649263 ], [ 10.77296251254843, 46.479291286976981 ], [ 10.77155476345259, 46.478597208122572 ], [ 10.770439228505921, 46.479256079444625 ], [ 10.770334341006171, 46.479795778234269 ], [ 10.769426401963722, 46.479476737625461 ], [ 10.768748491919016, 46.480532629572224 ], [ 10.768938820384719, 46.481535850300759 ], [ 10.768225629620428, 46.481668605551235 ], [ 10.767366379742205, 46.482475311257552 ], [ 10.766902863079794, 46.482364842891279 ], [ 10.766419666922227, 46.482954095002263 ], [ 10.767244890138727, 46.482916767915867 ], [ 10.765973729781702, 46.483501619793948 ], [ 10.766847738590521, 46.484058117212328 ], [ 10.766095055659873, 46.48404532881554 ], [ 10.765322719060348, 46.485392372056786 ], [ 10.767071084527055, 46.485888066957529 ], [ 10.766174322047149, 46.487062625118213 ], [ 10.76731616059317, 46.486811816758902 ], [ 10.766410964069241, 46.487497116374861 ], [ 10.76686181499598, 46.487444029439231 ], [ 10.767173309389822, 46.488013162077664 ], [ 10.766580895015403, 46.488047938602136 ], [ 10.766893750239351, 46.488430005613232 ], [ 10.767581491627366, 46.488360444793265 ], [ 10.76827966403043, 46.488841603712245 ] ], [ [ 10.768106024774619, 46.48508673553286 ], [ 10.766908971374308, 46.485209891687347 ], [ 10.769079858956021, 46.484346553144981 ], [ 10.768106024774619, 46.48508673553286 ] ], [ [ 10.769151032654294, 46.484580447402884 ], [ 10.769267253003884, 46.484498371882971 ], [ 10.769272210860724, 46.484558807091219 ], [ 10.769151032654294, 46.484580447402884 ] ], [ [ 10.768009615279546, 46.483536611200051 ], [ 10.768561977004422, 46.483246387162254 ], [ 10.76872585439356, 46.483610255651783 ], [ 10.768009615279546, 46.483536611200051 ] ], [ [ 10.774070304795893, 46.483132870867792 ], [ 10.774329445809208, 46.482944313548074 ], [ 10.774659048910507, 46.482940813887687 ], [ 10.774499532156934, 46.483100588033032 ], [ 10.774070304795893, 46.483132870867792 ] ] ] } },
{ "type": "Feature", "properties": { "HOM_ID": 56.0, "area_97": 0.37694203296000001, "region": "Ortlergruppe", "name_d": "Gruenseeferner", "name_it": null, "area_05": 0.2490529315, "area_17": 0.19078832, "change_pct": -49.385236105986102, "status": "present" }, "geometry": { "type": "Polygon", "coordinates": [ [ [ 10.783133635927426, 46.480001730670232 ], [ 10.784264229531891, 46.479640750285824 ], [ 10.783630208020931, 46.479307299609715 ], [ 10.784112730824019, 46.478864186429824 ], [ 10.785344705099623, 46.478655349835634 ], [ 10.786959453543503, 46.478809483610036 ], [ 10.78683942024805, 46.478088800859879 ], [ 10.785947495527205, 46.477354554566929 ], [ 10.786959425948936, 46.476769922096651 ], [ 10.785357595930337, 46.476328612389977 ], [ 10.785848730290377, 46.475750665964334 ], [ 10.786523694817889, 46.475695454986884 ], [ 10.786710680715197, 46.475969257681946 ], [ 10.787398520962311, 46.475681782888429 ], [ 10.788810723094747, 46.476674355144816 ], [ 10.789237471730189, 46.475663270251104 ], [ 10.787754717786363, 46.475686463183479 ], [ 10.78709566382723, 46.475040826149957 ], [ 10.787550344577395, 46.474429024007598 ], [ 10.786129780896108, 46.474538340033313 ], [ 10.785519100395948, 46.47491684415386 ], [ 10.785595503773733, 46.475438353842684 ], [ 10.78449181476207, 46.475711810618321 ], [ 10.783735961954267, 46.475172145563434 ], [ 10.782569555248877, 46.475319774622292 ], [ 10.780602176378991, 46.474825670697442 ], [ 10.780464428323842, 46.475371917324466 ], [ 10.780044940095658, 46.475398088008802 ], [ 10.778910879845412, 46.474543830147852 ], [ 10.777996950403463, 46.474752173087346 ], [ 10.777348974555185, 46.474194319530909 ], [ 10.777131008782614, 46.474432579130216 ], [ 10.773853673026329, 46.474529591024947 ], [ 10.773076476612131, 46.474808120942278 ], [ 10.773596639943484, 46.476434778045551 ], [ 10.77221845439461, 46.476937852967353 ], [ 10.772474240429078, 46.477733314861631 ], [ 10.772911081108607, 46.477936647294086 ], [ 10.773477899389901, 46.477574264707741 ], [ 10.77425012290113, 46.47805423926787 ], [ 10.775713295878729, 46.478338997834705 ], [ 10.776107072201132, 46.477902421149885 ], [ 10.77570761860474, 46.477252686078671 ], [ 10.776276420076863, 46.477407835858983 ], [ 10.7767595501881, 46.47629855591682 ], [ 10.777199214258538, 46.476132862974573 ], [ 10.777671094924445, 46.476886972610458 ], [ 10.779159683488235, 46.477793469344611 ], [ 10.778914951312442, 46.478022756484961 ], [ 10.77977676394269, 46.478291194012037 ], [ 10.779382345245931, 46.478707294493603 ], [ 10.779891293971657, 46.479073463556311 ], [ 10.77927360744631, 46.479467416412248 ], [ 10.779438661960558, 46.479751821956171 ], [ 10.781979945177429, 46.479655874932497 ], [ 10.783133635927426, 46.480001730670232 ] ], [ [ 10.782107706391198, 46.478116526024152 ], [ 10.78032008227034, 46.477437188544151 ], [ 10.781655838357617, 46.476545212951592 ], [ 10.78346526511703, 46.476076294391135 ], [ 10.784734998562405, 46.476343456613215 ], [ 10.784568366445072, 46.477145483554473 ], [ 10.78381338340154, 46.477649219119343 ], [ 10.782107706391198, 46.478116526024152 ] ], [ [ 10.776885952946559, 46.474713112912021 ], [ 10.776750441825156, 46.475335286752056 ], [ 10.776127264570812, 46.475104115693753 ], [ 10.776132677950352, 46.475042536800466 ], [ 10.776885952946559, 46.474713112912021 ] ] ] } },
{ "type": "Feature", "properties": { "HOM_ID": 57.0, "area_97": 0.29658949087999997, "region": "Ortlergruppe", "name_d": "Zufrittferner", "name_it": "Vedretta Giovereto", "area_05": 0.2221320999, "area_17": 0.1443213, "change_pct": -51.339712148333547, "status": "present" }, "geometry": { "type": "Polygon", "coordinates": [ [ [ 10.777751559444436, 46.506439847727975 ], [ 10.779072673730303, 46.506289480210775 ], [ 10.778017316676523, 46.506244400505992 ], [ 10.778074299885931, 46.505867717498617 ], [ 10.777035745726298, 46.50497170046156 ], [ 10.777456672926997, 46.5045278666773 ], [ 10.778214440093402, 46.504399929675699 ], [ 10.778493088570148, 46.503794681481203 ], [ 10.779448146542601, 46.50354373570935 ], [ 10.778740667950743, 46.503544494202075 ], [ 10.77855295468539, 46.503250192117761 ], [ 10.779004838593632, 46.502542813943016 ], [ 10.779447309354262, 46.502911726324584 ], [ 10.779556417492801, 46.502161850314323 ], [ 10.780939233520387, 46.502237686451636 ], [ 10.780514412907641, 46.50173870213893 ], [ 10.781837985965957, 46.500975013149443 ], [ 10.781295576633871, 46.5002728652562 ], [ 10.779016847186414, 46.500390174724657 ], [ 10.778269936048449, 46.499957827597669 ], [ 10.777507110158561, 46.499928691517006 ], [ 10.776370286336023, 46.500568131384675 ], [ 10.775029967357652, 46.500732431372803 ], [ 10.773258572205911, 46.502550077028282 ], [ 10.77381599422494, 46.502575594498083 ], [ 10.773695916501989, 46.503294888199896 ], [ 10.772240319775687, 46.504024639343271 ], [ 10.772899842276985, 46.504526866087552 ], [ 10.771992407310314, 46.505073879945556 ], [ 10.77228705090366, 46.505462192120845 ], [ 10.775183702047368, 46.50613810714291 ], [ 10.775193709117126, 46.506445422476716 ], [ 10.776241575486386, 46.506716122035463 ], [ 10.777144112177476, 46.507385365463037 ], [ 10.777806508722621, 46.507214501409223 ], [ 10.777751559444436, 46.506439847727975 ] ], [ [ 10.778358584520783, 46.502856066985835 ], [ 10.778190813048274, 46.502992166992037 ], [ 10.777994611630877, 46.502887810143406 ], [ 10.778358584520783, 46.502856066985835 ] ], [ [ 10.775686236962784, 46.50280632740629 ], [ 10.775717001095284, 46.502231786676624 ], [ 10.776259532838662, 46.502417599692109 ], [ 10.776094384148189, 46.502773328589839 ], [ 10.775686236962784, 46.50280632740629 ] ], [ [ 10.776856986044601, 46.502371229291285 ], [ 10.776834918238741, 46.502149510038016 ], [ 10.777000056402521, 46.502358757072479 ], [ 10.776856986044601, 46.502371229291285 ] ], [ [ 10.775412885943151, 46.50223650892535 ], [ 10.774670306390981, 46.501766332405886 ], [ 10.774690029439849, 46.501612290398029 ], [ 10.775724796321214, 46.501787541287612 ], [ 10.775274199423107, 46.501927774950239 ], [ 10.775412885943151, 46.50223650892535 ] ], [ [ 10.774796454194938, 46.501310001222429 ], [ 10.774894515913429, 46.501130829938887 ], [ 10.775015473399348, 46.501351013663552 ], [ 10.774796454194938, 46.501310001222429 ] ], [ [ 10.77816678619835, 46.500283983380911 ], [ 10.777963205799272, 46.50010949975254 ], [ 10.778002095517088, 46.50008839716665 ], [ 10.77816678619835, 46.500283983380911 ] ] ] } },
{ "type": "Feature", "properties": { "HOM_ID": 58.0, "area_97": 0.71368490313, "region": "Ortlergruppe", "name_d": "Soyferner", "name_it": "Vedretta di Soi", "area_05": 0.5725205039, "area_17": 0.4621582, "change_pct": -35.243382902858414, "status": "present" }, "geometry": { "type": "MultiPolygon", "coordinates": [ [ [ [ 10.790691964104635, 46.511239448117408 ], [ 10.791769255586665, 46.510744285725146 ], [ 10.79204478440815, 46.509943962306892 ], [ 10.791249335310976, 46.509830021274638 ], [ 10.790794754449205, 46.508644839819048 ], [ 10.790288317207791, 46.508290638274104 ], [ 10.792321739775344, 46.507418637617199 ], [ 10.792290560665055, 46.508088456147654 ], [ 10.79299225539007, 46.50791005544145 ], [ 10.7931424320736, 46.507210767498414 ], [ 10.792631956090936, 46.506583332796559 ], [ 10.791553566182996, 46.506139027894733 ], [ 10.790843658760675, 46.505012507973603 ], [ 10.789760394924475, 46.504354250570003 ], [ 10.789799420967613, 46.50489885398747 ], [ 10.788850050996484, 46.505323852827168 ], [ 10.787991113786466, 46.504780424210686 ], [ 10.788425950567213, 46.504763375121158 ], [ 10.788374964743722, 46.504415705901359 ], [ 10.787737585022231, 46.504593072900214 ], [ 10.787226783053169, 46.504156347584264 ], [ 10.787335952654622, 46.504563753733827 ], [ 10.786263442585854, 46.504550909910606 ], [ 10.786706613919486, 46.502709926129349 ], [ 10.786324307162827, 46.502230555756377 ], [ 10.785228175277156, 46.501844546476285 ], [ 10.785361763556409, 46.501391503652449 ], [ 10.783970779299528, 46.501603388577053 ], [ 10.782845385940531, 46.50250691265439 ], [ 10.782603707116454, 46.502227123796189 ], [ 10.78299746693787, 46.501862269855089 ], [ 10.782540717419524, 46.501965047777887 ], [ 10.7821191803892, 46.502388412183791 ], [ 10.781692352786454, 46.502347234280499 ], [ 10.781294644757162, 46.503651639425001 ], [ 10.782967595572476, 46.50426348872324 ], [ 10.782807369568326, 46.505278155026573 ], [ 10.783498603586068, 46.505687585827353 ], [ 10.781755043163269, 46.505325303933915 ], [ 10.781760616172486, 46.505041661382847 ], [ 10.782539723118042, 46.50496119246295 ], [ 10.781949383539356, 46.50476199675834 ], [ 10.780128629350534, 46.504913344341446 ], [ 10.780574285140338, 46.505681913873516 ], [ 10.780347434043597, 46.505856262561913 ], [ 10.781128489850516, 46.506137904694171 ], [ 10.782998990098575, 46.505842279599364 ], [ 10.783322762413784, 46.506223991156808 ], [ 10.783088901380065, 46.506480744877891 ], [ 10.782380843615153, 46.506306288713503 ], [ 10.781325970252219, 46.506578951688276 ], [ 10.7825974875276, 46.506589168995767 ], [ 10.781595961446309, 46.50696762481833 ], [ 10.781455710255241, 46.50736952100921 ], [ 10.780585133360905, 46.507225929402694 ], [ 10.778877547924932, 46.507512147915506 ], [ 10.779756861051226, 46.507771772012177 ], [ 10.780433861031838, 46.508502577718183 ], [ 10.782023472870762, 46.508841126576122 ], [ 10.781603203706627, 46.509157382391898 ], [ 10.782020025734919, 46.509950310159418 ], [ 10.784122446555473, 46.510754596173811 ], [ 10.784438273039491, 46.511182661875523 ], [ 10.783624522440926, 46.51191787106449 ], [ 10.78454025816545, 46.512682507454087 ], [ 10.78578342949527, 46.512754486844237 ], [ 10.78578721881023, 46.51151088225577 ], [ 10.786258878018984, 46.510652848029117 ], [ 10.786090320820412, 46.511851198227596 ], [ 10.788233642744885, 46.51417240799492 ], [ 10.789502855701718, 46.513491491526871 ], [ 10.789519471797263, 46.5124150870409 ], [ 10.790691964104635, 46.511239448117408 ] ], [ [ 10.786660563406549, 46.508521729231624 ], [ 10.787119937880613, 46.508351195960834 ], [ 10.787250468726459, 46.508369998407822 ], [ 10.787188994202721, 46.508591242889295 ], [ 10.786660563406549, 46.508521729231624 ] ], [ [ 10.786692602966328, 46.507279273498547 ], [ 10.785748177522258, 46.506392113710547 ], [ 10.786276788208552, 46.505461445768049 ], [ 10.786509642008662, 46.506376802309454 ], [ 10.787009901180177, 46.506392900508828 ], [ 10.78700211693771, 46.506608250715004 ], [ 10.787163825201837, 46.505956619655059 ], [ 10.786572787146817, 46.505736960865605 ], [ 10.787653635908923, 46.506007759637669 ], [ 10.788779290854137, 46.505722962904919 ], [ 10.788205354437089, 46.506370228583172 ], [ 10.787549855409566, 46.506427252103578 ], [ 10.787498645627672, 46.506812303132477 ], [ 10.788023299464086, 46.506817765722403 ], [ 10.78751907974115, 46.506982801093294 ], [ 10.787989653815087, 46.507149676771668 ], [ 10.78764431819126, 46.507633363278501 ], [ 10.786692602966328, 46.507279273498547 ] ], [ [ 10.78245844230397, 46.503534429962635 ], [ 10.78272435940009, 46.503496121374596 ], [ 10.782647470758114, 46.503565646340505 ], [ 10.78245844230397, 46.503534429962635 ] ], [ [ 10.782591922769718, 46.502925949057506 ], [ 10.782796844794843, 46.502989373295677 ], [ 10.782467817702923, 46.503064537139828 ], [ 10.782591922769718, 46.502925949057506 ] ], [ [ 10.782234700586462, 46.502441272742068 ], [ 10.782390818462474, 46.502373929390686 ], [ 10.782423055353842, 46.502452002108328 ], [ 10.782234700586462, 46.502441272742068 ] ] ], [ [ [ 10.783306780678179, 46.511507742559019 ], [ 10.783510107433987, 46.511143294055941 ], [ 10.783383342767582, 46.511012034187885 ], [ 10.782788061641719, 46.511533766580555 ], [ 10.783306780678179, 46.511507742559019 ] ] ] ] } },
{ "type": "Feature", "properties": { "HOM_ID": 59.0, "area_97": 0.00566458139, "region": "Ortlergruppe", "name_d": null, "name_it": null, "area_05": null, "area_17": null, "change_pct": -100.0, "status": "disappeared" }, "geometry": { "type": "Polygon", "coordinates": [ [ [ 10.797095999713116, 46.514420371535635 ], [ 10.799183381428058, 46.513793105164069 ], [ 10.797944868079378, 46.513751091856669 ], [ 10.797095999713116, 46.514420371535635 ] ] ] } },
{ "type": "Feature", "properties": { "HOM_ID": 60.0, "area_97": 0.02546657871, "region": "Ortlergruppe", "name_d": null, "name_it": null, "area_05": 0.0034651127, "area_17": null, "change_pct": -100.0, "status": "disappeared" }, "geometry": { "type": "Polygon", "coordinates": [ [ [ 10.811549872404681, 46.533087528347991 ], [ 10.812494554560118, 46.532638522377063 ], [ 10.812992746059297, 46.532935743923119 ], [ 10.81403727428777, 46.53229102046754 ], [ 10.814260426545935, 46.53185702365618 ], [ 10.813636783791841, 46.531636314267701 ], [ 10.813522912010615, 46.531115422556368 ], [ 10.812106899612484, 46.531404343751419 ], [ 10.811943783476597, 46.531857883796434 ], [ 10.812645045508356, 46.532179861080635 ], [ 10.811705644734298, 46.532610481003374 ], [ 10.811863417747697, 46.532120505981638 ], [ 10.811486121229899, 46.532162354607792 ], [ 10.811217625938477, 46.532844809795989 ], [ 10.811549872404681, 46.533087528347991 ] ] ] } },
{ "type": "Feature", "properties": { "HOM_ID": 61.0, "area_97": 0.0057224306, "region": "Ortlergruppe", "name_d": null, "name_it": null, "area_05": null, "area_17": null, "change_pct": -100.0, "status": "disappeared" }, "geometry": { "type": "Polygon", "coordinates": [ [ [ 10.814689917381006, 46.535721758542472 ], [ 10.815987060107718, 46.535725080693453 ], [ 10.816413983802319, 46.535315174123227 ], [ 10.81691070397553, 46.535365360994213 ], [ 10.816870878672681, 46.53506194041185 ], [ 10.814698616831452, 46.535537139446596 ], [ 10.814689917381006, 46.535721758542472 ] ] ] } },
{ "type": "Feature", "properties": { "HOM_ID": 62.0, "area_97": 0.00801974919, "region": "Ortlergruppe", "name_d": null, "name_it": null, "area_05": 0.0012328506, "area_17": null, "change_pct": -100.0, "status": "disappeared" }, "geometry": { "type": "Polygon", "coordinates": [ [ [ 10.840511940174615, 46.544643318686767 ], [ 10.840641460996148, 46.544300455692436 ], [ 10.842469397880178, 46.544327387513 ], [ 10.841789613914015, 46.543772083316306 ], [ 10.839420248248425, 46.544645509854121 ], [ 10.840511940174615, 46.544643318686767 ] ] ] } },
{ "type": "Feature", "properties": { "HOM_ID": 63.0, "area_97": 0.37917961556000002, "region": "Ortlergruppe", "name_d": "Hasenohrferner", "name_it": "Vedretta di Orecchia", "area_05": 0.2108928308, "area_17": 0.13760041, "change_pct": -63.711021280302283, "status": "present" }, "geometry": { "type": "MultiPolygon", "coordinates": [ [ [ [ 10.845796786217305, 46.546630990093291 ], [ 10.846943258034175, 46.546709844446738 ], [ 10.847275513770116, 46.546432880323692 ], [ 10.84616937165891, 46.546010037731584 ], [ 10.845881348484152, 46.546496388688887 ], [ 10.845157481476685, 46.546395332221742 ], [ 10.84516984884524, 46.546979323790538 ], [ 10.845796786217305, 46.546630990093291 ] ] ], [ [ [ 10.844971769812924, 46.546613557066372 ], [ 10.844645322674978, 46.546623947881031 ], [ 10.844176311810594, 46.546810869847604 ], [ 10.844688553933006, 46.547022959833498 ], [ 10.844971769812924, 46.546613557066372 ] ] ], [ [ [ 10.852577916240513, 46.548050992894005 ], [ 10.853398469459117, 46.547064045040337 ], [ 10.853248361161105, 46.546800004882904 ], [ 10.852104912370079, 46.547028633302268 ], [ 10.852577916240513, 46.548050992894005 ] ] ], [ [ [ 10.857844437037322, 46.553069534213577 ], [ 10.859565033264056, 46.55331572741968 ], [ 10.861033219439713, 46.552479613997654 ], [ 10.86091868666866, 46.551628251948785 ], [ 10.861614204639737, 46.551114732534501 ], [ 10.861110421826551, 46.550935888686858 ], [ 10.861798888929671, 46.550325117498176 ], [ 10.861262057247886, 46.550157062157417 ], [ 10.861798463613328, 46.549118309722374 ], [ 10.859845667493552, 46.547289898508879 ], [ 10.859763084133499, 46.546441906510104 ], [ 10.858914790176861, 46.545260365910707 ], [ 10.857601402396467, 46.544970734595616 ], [ 10.857526644932268, 46.544737165750618 ], [ 10.856285232296914, 46.54481369311128 ], [ 10.856094156231453, 46.545090954386431 ], [ 10.85662773484022, 46.545274461086919 ], [ 10.855796484118317, 46.546054064282579 ], [ 10.854020023979732, 46.545795909080546 ], [ 10.853793236988279, 46.545430983817205 ], [ 10.85428998432838, 46.54521758939191 ], [ 10.853069158359162, 46.544699308553767 ], [ 10.853094184332312, 46.545068654252269 ], [ 10.850735360596286, 46.545085568343502 ], [ 10.848752901472807, 46.545758196057854 ], [ 10.848141267784463, 46.546447076118568 ], [ 10.848780823387555, 46.545924290014831 ], [ 10.849808549754099, 46.545683412930856 ], [ 10.850719376689007, 46.545926241551378 ], [ 10.850228360463454, 46.5463390219441 ], [ 10.85167801376258, 46.546269436709231 ], [ 10.849319403236512, 46.546802116712357 ], [ 10.849623379467253, 46.547004742254316 ], [ 10.85133479348905, 46.546909473709491 ], [ 10.85220355679165, 46.546435158584188 ], [ 10.851961991410642, 46.545993240631802 ], [ 10.85229289320508, 46.545895640273649 ], [ 10.853733893032546, 46.546553846698217 ], [ 10.855158931444757, 46.547832355317986 ], [ 10.855889213968659, 46.547466916269805 ], [ 10.855704933589561, 46.548161712309394 ], [ 10.856528054165054, 46.548993891607651 ], [ 10.85613522095211, 46.549235994739412 ], [ 10.856236789950973, 46.549818536240274 ], [ 10.855306215358336, 46.550192351509878 ], [ 10.855288084577682, 46.550641037992044 ], [ 10.856615005747313, 46.550998713818089 ], [ 10.857812126758983, 46.550164478904094 ], [ 10.857145463797606, 46.551633222295848 ], [ 10.8575086853333, 46.552590725152193 ], [ 10.856917598899736, 46.552916578618664 ], [ 10.857423821889016, 46.553382486039652 ], [ 10.857844437037322, 46.553069534213577 ] ], [ [ 10.857679910692134, 46.549404072009608 ], [ 10.857410765496093, 46.549140978387499 ], [ 10.857532443780141, 46.548716232611184 ], [ 10.858084165721797, 46.549107758022487 ], [ 10.857679910692134, 46.549404072009608 ] ], [ [ 10.855468289821705, 46.5464488505256 ], [ 10.855541382199993, 46.546632146376758 ], [ 10.855318688013028, 46.546635759663623 ], [ 10.855468289821705, 46.5464488505256 ] ], [ [ 10.852965355266514, 46.545577277259149 ], [ 10.853625655171404, 46.545556327093244 ], [ 10.853639007423995, 46.545730342728717 ], [ 10.853617261649212, 46.5457460685572 ], [ 10.852965355266514, 46.545577277259149 ] ], [ [ 10.852629924910399, 46.545541715543372 ], [ 10.852435183891567, 46.545493625888867 ], [ 10.852552209568875, 46.545440485649529 ], [ 10.852629924910399, 46.545541715543372 ] ], [ [ 10.85682046829074, 46.545045854260628 ], [ 10.857122231587486, 46.545074262872319 ], [ 10.857522288533607, 46.545262495963861 ], [ 10.857323789681276, 46.545322089061692 ], [ 10.85682046829074, 46.545045854260628 ] ], [ [ 10.857094721575109, 46.544920975319492 ], [ 10.857173798530395, 46.544952999993512 ], [ 10.857088696403645, 46.544962068746166 ], [ 10.857094721575109, 46.544920975319492 ] ] ] ] } },
{ "type": "Feature", "properties": { "HOM_ID": 64.0, "area_97": 0.22789331937000001, "region": "Ortlergruppe", "name_d": "Kuppelwiesferner", "name_it": "Vedretta di Pracupola", "area_05": 0.1620907788, "area_17": 0.1216887, "change_pct": -46.602778731556285, "status": "present" }, "geometry": { "type": "Polygon", "coordinates": [ [ [ 10.865115912069005, 46.549039908689814 ], [ 10.866299399396187, 46.549112840784119 ], [ 10.866746876203424, 46.548516221171077 ], [ 10.867388799525976, 46.54860823023661 ], [ 10.867629725373561, 46.547836904004178 ], [ 10.868785078661698, 46.54795638983601 ], [ 10.869294331084667, 46.547645722252533 ], [ 10.868815552085238, 46.546089091813897 ], [ 10.868254388958647, 46.545694914781109 ], [ 10.867748529746033, 46.5458876592172 ], [ 10.86846661168803, 46.544953521358941 ], [ 10.867016738655655, 46.544690230477066 ], [ 10.867557595088785, 46.545301461559951 ], [ 10.867303588702265, 46.546340756210149 ], [ 10.867699560738837, 46.546841613511489 ], [ 10.867366222117212, 46.547733592970751 ], [ 10.866407126450373, 46.547922202152193 ], [ 10.865756134822158, 46.547348633964162 ], [ 10.864468817981351, 46.547062161555118 ], [ 10.864650954300773, 46.547392282613679 ], [ 10.865307531969824, 46.547478939957529 ], [ 10.864855430227815, 46.548157621477188 ], [ 10.864100119472194, 46.547790724711092 ], [ 10.863652911919942, 46.546660377726703 ], [ 10.864223904588336, 46.546200116615182 ], [ 10.865468168897182, 46.546097833408865 ], [ 10.865335360392114, 46.545690041339114 ], [ 10.866203897723516, 46.545460641796105 ], [ 10.865101433372375, 46.544784904538226 ], [ 10.864846789503051, 46.544219595700888 ], [ 10.86379900781122, 46.543985578126957 ], [ 10.862187592770862, 46.54412676986864 ], [ 10.86231852438257, 46.544782874569584 ], [ 10.861665862862758, 46.543829438538772 ], [ 10.859609068184286, 46.543888588068661 ], [ 10.858224207237795, 46.544285126488766 ], [ 10.858444292235125, 46.544858054803754 ], [ 10.85927947659564, 46.545282621494074 ], [ 10.860838873422255, 46.5470123921897 ], [ 10.861946864851909, 46.547593921558402 ], [ 10.861807354984828, 46.548075332290026 ], [ 10.863544319436803, 46.549020691234901 ], [ 10.863569157088227, 46.548696667951546 ], [ 10.864016949297655, 46.548832350116527 ], [ 10.863850182546459, 46.547866540944781 ], [ 10.864131917026759, 46.547851699722145 ], [ 10.865115912069005, 46.549039908689814 ] ] ] } },
{ "type": "Feature", "properties": { "HOM_ID": 65.0, "area_97": 0.0190375933, "region": "Oetztaler Alpen", "name_d": null, "name_it": null, "area_05": 0.011071481, "area_17": 0.00768208, "change_pct": -59.647840570267874, "status": "present" }, "geometry": { "type": "Polygon", "coordinates": [ [ [ 10.691138090433148, 46.863754265334457 ], [ 10.691803761858333, 46.86325662772618 ], [ 10.692674776925152, 46.863588076478621 ], [ 10.692278012424129, 46.862753617770615 ], [ 10.688548418685784, 46.863312904379754 ], [ 10.688917501612494, 46.86364768737343 ], [ 10.691138090433148, 46.863754265334457 ] ] ] } },
{ "type": "Feature", "properties": { "HOM_ID": 66.0, "area_97": 0.02071207418, "region": "Oetztaler Alpen", "name_d": null, "name_it": null, "area_05": 0.0090219921, "area_17": 0.00415802, "change_pct": -79.924656681583969, "status": "present" }, "geometry": { "type": "Polygon", "coordinates": [ [ [ 10.698771832956153, 46.848091041950852 ], [ 10.699093177408272, 46.847860817405625 ], [ 10.698775692693474, 46.847455614797227 ], [ 10.700066012062315, 46.847260188160199 ], [ 10.698300740624818, 46.846224715987645 ], [ 10.697467705004183, 46.847659486357415 ], [ 10.698304029129245, 46.84841362164439 ], [ 10.699077506971991, 46.848500519954051 ], [ 10.698771832956153, 46.848091041950852 ] ] ] } },
{ "type": "Feature", "properties": { "HOM_ID": 67.0, "area_97": 0.01470737061, "region": "Oetztaler Alpen", "name_d": null, "name_it": null, "area_05": 0.0031179162, "area_17": null, "change_pct": -100.0, "status": "disappeared" }, "geometry": { "type": "MultiPolygon", "coordinates": [ [ [ [ 10.704050644779755, 46.843581805707075 ], [ 10.702950812286932, 46.843226756061178 ], [ 10.703825683203227, 46.844207781906015 ], [ 10.703740223722356, 46.844905912921526 ], [ 10.70451963028575, 46.844992686134184 ], [ 10.705046173973335, 46.844640511386942 ], [ 10.704050644779755, 46.843581805707075 ] ] ], [ [ [ 10.703489491097004, 46.845856553084154 ], [ 10.703716440191155, 46.845381769895347 ], [ 10.703560817804131, 46.84494752542836 ], [ 10.703093043450194, 46.845647247479121 ], [ 10.703489491097004, 46.845856553084154 ] ] ] ] } },
{ "type": "Feature", "properties": { "HOM_ID": 68.0, "area_97": 0.36909675718000001, "region": "Oetztaler Alpen", "name_d": "Valginferner", "name_it": "Vedretta di Val China", "area_05": 0.3019109632, "area_17": 0.244621, "change_pct": -33.724424492653036, "status": "present" }, "geometry": { "type": "Polygon", "coordinates": [ [ [ 10.715208218287968, 46.847216562022396 ], [ 10.714641163579932, 46.846514961575551 ], [ 10.712799249169603, 46.846083438905495 ], [ 10.712308530355749, 46.845642304495641 ], [ 10.712837949794887, 46.845045770328724 ], [ 10.713942300379072, 46.84614420870971 ], [ 10.715466567509338, 46.846825400892435 ], [ 10.715576265296354, 46.846424087504808 ], [ 10.714405478568024, 46.846055287264086 ], [ 10.71358571144774, 46.845264128688832 ], [ 10.713724200302202, 46.844905189958681 ], [ 10.712815255082644, 46.844646183680887 ], [ 10.71368676815673, 46.843804336035085 ], [ 10.712951211710115, 46.844028088763572 ], [ 10.712542546183123, 46.843780585338706 ], [ 10.712406755351399, 46.843485613788239 ], [ 10.712881615145511, 46.843283498266082 ], [ 10.712002141914814, 46.843243369951821 ], [ 10.712556912357581, 46.842841549032649 ], [ 10.712112064058077, 46.842942486334941 ], [ 10.711996752284481, 46.84250969908409 ], [ 10.711306012929866, 46.84220439511067 ], [ 10.710395165479465, 46.842492656889505 ], [ 10.708211955235752, 46.84233402150069 ], [ 10.707838562703678, 46.841747899312544 ], [ 10.707314530008123, 46.841612248115197 ], [ 10.706637156759829, 46.840348534926179 ], [ 10.707076931342977, 46.839687132836566 ], [ 10.706616524460795, 46.839508512583649 ], [ 10.706649619143516, 46.840176184077158 ], [ 10.705593071466838, 46.840579308104793 ], [ 10.705043818105079, 46.839433902329112 ], [ 10.704326235600908, 46.839434018743184 ], [ 10.704204305260303, 46.839073057960874 ], [ 10.703177805826463, 46.838631283018529 ], [ 10.702656426616105, 46.838696430170423 ], [ 10.702155408092818, 46.839288015439308 ], [ 10.703019601647068, 46.841638162412551 ], [ 10.70366385622434, 46.842219378921108 ], [ 10.703205043856938, 46.842718417084313 ], [ 10.704192736156033, 46.843687106716963 ], [ 10.705290570044616, 46.84383197754989 ], [ 10.705984809456455, 46.844838654493159 ], [ 10.705874717374245, 46.845323996930169 ], [ 10.706887802268581, 46.846186112169022 ], [ 10.707999434946123, 46.846198220033685 ], [ 10.708410150724692, 46.845208289130959 ], [ 10.708868404511731, 46.845340818437883 ], [ 10.70958628113415, 46.846500408438466 ], [ 10.709134530047342, 46.846949866865572 ], [ 10.710096094036745, 46.846751039167309 ], [ 10.709641932169504, 46.846420430346434 ], [ 10.710237343060063, 46.846838915473022 ], [ 10.71175484588813, 46.84639457403037 ], [ 10.712226001575569, 46.845768182729671 ], [ 10.712682352092182, 46.846728758012802 ], [ 10.7131413679601, 46.846508729883588 ], [ 10.712983478098611, 46.846240548685678 ], [ 10.713862527227914, 46.846641403142023 ], [ 10.713808806702666, 46.84683076918995 ], [ 10.71315930500274, 46.846697023758033 ], [ 10.713013552789894, 46.846998444554799 ], [ 10.715208218287968, 46.847216562022396 ] ] ] } },
{ "type": "Feature", "properties": { "HOM_ID": 69.0, "area_97": 0.16292460517, "region": "Oetztaler Alpen", "name_d": "Milanzenferner", "name_it": "Vedretta di Mulenza", "area_05": 0.092944166, "area_17": 0.032175, "change_pct": -80.251601674021103, "status": "present" }, "geometry": { "type": "MultiPolygon", "coordinates": [ [ [ [ 10.711884459590475, 46.840291678184478 ], [ 10.713468130701946, 46.839747381739421 ], [ 10.713894730912005, 46.839275431251679 ], [ 10.714399590908421, 46.83973343068223 ], [ 10.714955564217004, 46.838568301142523 ], [ 10.715820156627357, 46.838195445253334 ], [ 10.714903706497056, 46.836803166127751 ], [ 10.713828855093297, 46.837190244305205 ], [ 10.713723437663974, 46.835941575403545 ], [ 10.711835661774462, 46.837439384567247 ], [ 10.711927904241733, 46.836958400960519 ], [ 10.709795913143637, 46.836997748150544 ], [ 10.709091861296434, 46.837183770316557 ], [ 10.70842262793731, 46.837872335712106 ], [ 10.708571333610516, 46.839678441473538 ], [ 10.710785969729168, 46.83919174118769 ], [ 10.710466861071604, 46.839422219445041 ], [ 10.710725637213992, 46.839933117462152 ], [ 10.711255036483728, 46.840223208248553 ], [ 10.711612871058257, 46.839828435684034 ], [ 10.711884459590475, 46.840291678184478 ] ] ], [ [ [ 10.711162884313023, 46.840331164612309 ], [ 10.710823333182043, 46.840549399115382 ], [ 10.710657638992689, 46.84153977618648 ], [ 10.711494327679315, 46.840986174683344 ], [ 10.711162884313023, 46.840331164612309 ] ] ] ] } },
{ "type": "Feature", "properties": { "HOM_ID": 70.0, "area_97": 3.69245583961, "region": "Oetztaler Alpen", "name_d": "Gepatschferner", "name_it": "Vedretta della Croda", "area_05": 3.61755141, "area_17": 3.5049, "change_pct": -5.0794335195030982, "status": "present" }, "geometry": { "type": "Polygon", "coordinates": [ [ [ 10.740884975651669, 46.820838058320255 ], [ 10.738566718386171, 46.822975162185521 ], [ 10.7374965107176, 46.823229278930086 ], [ 10.735329253391862, 46.824947847798164 ], [ 10.736212269945732, 46.825477595967016 ], [ 10.737474949650018, 46.825556810764837 ], [ 10.73815019423726, 46.826124540265255 ], [ 10.738141244811082, 46.826587884414096 ], [ 10.737432315289924, 46.82682820473326 ], [ 10.737517418071306, 46.827245029716664 ], [ 10.736941362173942, 46.827716982468658 ], [ 10.73558265955633, 46.827253895377062 ], [ 10.734753082807996, 46.827750423605941 ], [ 10.734182715521893, 46.828760720907951 ], [ 10.732758394785151, 46.829225361633696 ], [ 10.731754646262015, 46.829957913417438 ], [ 10.73155283705778, 46.829714917793211 ], [ 10.728709821246634, 46.831020550017669 ], [ 10.726436442581393, 46.831183995215319 ], [ 10.725451368413488, 46.831664109806397 ], [ 10.724594396512199, 46.83241488079522 ], [ 10.724773324115921, 46.832873341522074 ], [ 10.725285574243712, 46.83264221398889 ], [ 10.724471162497929, 46.833416937252892 ], [ 10.724680047997014, 46.833598252855865 ], [ 10.722702963373703, 46.835280001344458 ], [ 10.722641207056883, 46.835590418947206 ], [ 10.723048628108531, 46.835162070250924 ], [ 10.723005649333647, 46.835575703326406 ], [ 10.723532780172782, 46.835265456757348 ], [ 10.723296436849621, 46.835719926038379 ], [ 10.72283886410766, 46.835980964627687 ], [ 10.722517322929169, 46.835825937494384 ], [ 10.72228333905935, 46.836634946943249 ], [ 10.720818003663746, 46.837325157611986 ], [ 10.721144392445062, 46.837631785874649 ], [ 10.719689690395807, 46.837907805847273 ], [ 10.719509981679231, 46.838453646774035 ], [ 10.72054984037268, 46.839122577946355 ], [ 10.719564090013616, 46.839774817011339 ], [ 10.718503162586208, 46.838913531516845 ], [ 10.716696424962027, 46.838641409900404 ], [ 10.717276051757089, 46.839022134906841 ], [ 10.717981937411174, 46.839005151910428 ], [ 10.718185795313381, 46.839826263444259 ], [ 10.717797773119377, 46.840584287518915 ], [ 10.717396642908239, 46.84074402666478 ], [ 10.717261803378797, 46.840543141895324 ], [ 10.71692804648692, 46.841717549246816 ], [ 10.715631632416478, 46.84258408589244 ], [ 10.715324026376388, 46.842254914408279 ], [ 10.715268517880725, 46.842575482306053 ], [ 10.714917087481588, 46.842326600229008 ], [ 10.715419066772034, 46.842800728861285 ], [ 10.71480834192988, 46.84322697308005 ], [ 10.715472645260697, 46.843826767999765 ], [ 10.715821422343742, 46.844836083644616 ], [ 10.71466529373946, 46.844832916906299 ], [ 10.715256497948815, 46.845012618436989 ], [ 10.715463501977993, 46.845509613507517 ], [ 10.715654429570371, 46.845314090475277 ], [ 10.715192868555032, 46.844890597227135 ], [ 10.715821438616929, 46.844930364185615 ], [ 10.716028447492507, 46.845427358176231 ], [ 10.715927660679585, 46.846670917939882 ], [ 10.715208071459404, 46.847218253384248 ], [ 10.717073754633876, 46.846373127060943 ], [ 10.717232255704719, 46.845727862065118 ], [ 10.716513221941055, 46.844072860883585 ], [ 10.7168527014326, 46.843457264307737 ], [ 10.719376460736568, 46.842290749128118 ], [ 10.72097701810686, 46.842078109678781 ], [ 10.721969845219604, 46.839175898230785 ], [ 10.723976559910264, 46.837605611674455 ], [ 10.72628477557622, 46.837782252848527 ], [ 10.729331993222511, 46.836204742878664 ], [ 10.72970723678851, 46.835701904381359 ], [ 10.728782616132511, 46.835433007025173 ], [ 10.729265929912463, 46.835054258044487 ], [ 10.731448464307515, 46.835598424932947 ], [ 10.735751356669409, 46.833847443661277 ], [ 10.739455091573019, 46.834051215073089 ], [ 10.74180612545255, 46.833881161014766 ], [ 10.746575171406931, 46.832782705994603 ], [ 10.749688192720306, 46.833643763842147 ], [ 10.75215731085901, 46.833137389197525 ], [ 10.753945778257744, 46.833209994668103 ], [ 10.754952381357379, 46.833820305448597 ], [ 10.755408528438558, 46.833636157782642 ], [ 10.756488749493784, 46.831522336697432 ], [ 10.756276011336199, 46.830359830564412 ], [ 10.75586226711061, 46.830183314341198 ], [ 10.756097019789127, 46.82959396925861 ], [ 10.75561854974168, 46.827941229453813 ], [ 10.756027604069864, 46.826952047367357 ], [ 10.758328680345146, 46.825516642251422 ], [ 10.758022644067374, 46.826344242603938 ], [ 10.762313660134343, 46.824915311551898 ], [ 10.763165658965855, 46.823727841762889 ], [ 10.762530125174514, 46.823315431095175 ], [ 10.76321059655003, 46.821746319389433 ], [ 10.762580004269028, 46.821736761622653 ], [ 10.763082555997363, 46.821061144488723 ], [ 10.762509974928594, 46.820831284769163 ], [ 10.762313704291058, 46.819440748846716 ], [ 10.761197841129684, 46.820449408762158 ], [ 10.759975607788061, 46.820751085224678 ], [ 10.758589354666032, 46.817488661695286 ], [ 10.757555105784252, 46.816965661557759 ], [ 10.756668449863945, 46.817218416758635 ], [ 10.756255483148349, 46.816697155738225 ], [ 10.75653414153266, 46.816345248308807 ], [ 10.755135725983553, 46.815579901017649 ], [ 10.752687094044239, 46.814841139193895 ], [ 10.751803176234901, 46.814923743943048 ], [ 10.751792925442144, 46.815402197478448 ], [ 10.751411071683325, 46.815539093592086 ], [ 10.752088135001387, 46.816038766369211 ], [ 10.750529264301345, 46.815689910570647 ], [ 10.749562136458051, 46.816247844933777 ], [ 10.749802280243427, 46.816563909532007 ], [ 10.748728333905659, 46.816590575792503 ], [ 10.747451403523764, 46.818508501126416 ], [ 10.746405405272828, 46.819167551067693 ], [ 10.745987853622541, 46.819062517047819 ], [ 10.746005176181757, 46.818449536498093 ], [ 10.746760044341968, 46.81813324134324 ], [ 10.745524451814457, 46.818516924071616 ], [ 10.744752002524693, 46.818450820347785 ], [ 10.745571668860764, 46.818684270401995 ], [ 10.740884975651669, 46.820838058320255 ] ], [ [ 10.71939714481258, 46.839972035595707 ], [ 10.718699969454205, 46.839652526201149 ], [ 10.718402699428006, 46.839228627045856 ], [ 10.718749156615999, 46.839282390706103 ], [ 10.71939714481258, 46.839972035595707 ] ], [ [ 10.723808451514081, 46.834826791200847 ], [ 10.723720600434193, 46.834881404706515 ], [ 10.723561367283565, 46.834945290765432 ], [ 10.723808451514081, 46.834826791200847 ] ], [ [ 10.724601079457722, 46.834023707883141 ], [ 10.724914392868554, 46.833641860657472 ], [ 10.724875332646533, 46.833261226323714 ], [ 10.725097861073827, 46.833682136706194 ], [ 10.724601079457722, 46.834023707883141 ] ], [ [ 10.74338801135354, 46.831115548420229 ], [ 10.744299406238937, 46.831224635472111 ], [ 10.741929060861173, 46.831990396606813 ], [ 10.742816611076657, 46.831546468692359 ], [ 10.74338801135354, 46.831115548420229 ] ] ] } },
{ "type": "Feature", "properties": { "HOM_ID": 71.0, "area_97": 4.3580245212299999, "region": "Oetztaler Alpen", "name_d": "Langtaufererferner", "name_it": "Vedretta di Valle Lunga", "area_05": 4.0189109836999997, "area_17": 3.4433785, "change_pct": -20.987629068499412, "status": "present" }, "geometry": { "type": "Polygon", "coordinates": [ [ [ 10.746085846026357, 46.806629004863318 ], [ 10.745999858208554, 46.809810125075316 ], [ 10.746532946537334, 46.810323398455836 ], [ 10.745057269937899, 46.811821288908732 ], [ 10.745107893098446, 46.811985740765124 ], [ 10.745836562433896, 46.812413177496921 ], [ 10.745714560790153, 46.812751374023463 ], [ 10.744920799694039, 46.812875713567394 ], [ 10.745090472585977, 46.813490989473863 ], [ 10.744076250947861, 46.814431886770095 ], [ 10.743514679510668, 46.814115758601041 ], [ 10.743416494600325, 46.812391280068425 ], [ 10.744276326426284, 46.811344761741495 ], [ 10.743786632109499, 46.811457527513333 ], [ 10.743595765908212, 46.810527503529904 ], [ 10.744110233354379, 46.808333016415268 ], [ 10.745970691280034, 46.808100226077258 ], [ 10.745125171708224, 46.8081438789308 ], [ 10.744982539451531, 46.807905984597497 ], [ 10.744997216719405, 46.808147307152616 ], [ 10.743727118342253, 46.808241342365186 ], [ 10.745457431534057, 46.807739462323575 ], [ 10.745711486600539, 46.807068081350806 ], [ 10.745216780806956, 46.806855843577665 ], [ 10.745312821721232, 46.807588278260688 ], [ 10.744926039663259, 46.807689786087955 ], [ 10.745158537692463, 46.807352433712566 ], [ 10.744972827350981, 46.80726402451171 ], [ 10.744759122753157, 46.80782417962785 ], [ 10.743278995932863, 46.808367358491935 ], [ 10.742706374459834, 46.808079093540321 ], [ 10.743965026555456, 46.806664283462787 ], [ 10.744341763380913, 46.805429090473019 ], [ 10.743694205455554, 46.804125958318977 ], [ 10.745150170757313, 46.804007003315867 ], [ 10.744566526480725, 46.803110230562943 ], [ 10.743333879093301, 46.802791825455358 ], [ 10.741510033420882, 46.801499819926811 ], [ 10.737369561705901, 46.800275613976567 ], [ 10.734257097489365, 46.798880378230969 ], [ 10.732983508949106, 46.798925916693484 ], [ 10.730662405209083, 46.798199973106613 ], [ 10.728864322196761, 46.79857214060744 ], [ 10.728830017490582, 46.798308217997963 ], [ 10.727927063395914, 46.798378124905383 ], [ 10.726574385338182, 46.797975581892857 ], [ 10.725920953009801, 46.798289622953789 ], [ 10.724642248132666, 46.798125527841307 ], [ 10.720442569275797, 46.799640829366624 ], [ 10.720680291685481, 46.799795073289353 ], [ 10.719934589217612, 46.799832444894022 ], [ 10.719938064552958, 46.800424921086197 ], [ 10.721176328666962, 46.800709210723362 ], [ 10.721049481849285, 46.801076669643109 ], [ 10.721669662134873, 46.801243605047993 ], [ 10.72224268703529, 46.802198842805467 ], [ 10.722785040456822, 46.802272804293757 ], [ 10.723637977369837, 46.803086060293218 ], [ 10.723449875045439, 46.803560807503061 ], [ 10.724436806288033, 46.80377163476529 ], [ 10.724745317642089, 46.804638867335484 ], [ 10.723049160472545, 46.804823985005335 ], [ 10.724858772737456, 46.804957967723944 ], [ 10.724840003159617, 46.80564430146471 ], [ 10.72407039023879, 46.805571114846806 ], [ 10.72389943811293, 46.805184204342972 ], [ 10.723557881613603, 46.805611567336577 ], [ 10.724607979085958, 46.80587244079026 ], [ 10.725463325873822, 46.806576904133614 ], [ 10.725548649755133, 46.807471291962678 ], [ 10.726252837400294, 46.808387944134111 ], [ 10.726244826754483, 46.80875673288309 ], [ 10.725384321584746, 46.808914936236718 ], [ 10.723671975548116, 46.808746748901832 ], [ 10.724034075850772, 46.809458704888634 ], [ 10.722555113251653, 46.8100927397685 ], [ 10.722261071566667, 46.810794027867203 ], [ 10.722277909998578, 46.812630212972067 ], [ 10.723694945964851, 46.813199202584848 ], [ 10.723783287703659, 46.812149487897564 ], [ 10.725152969706393, 46.811732974109013 ], [ 10.725391927879965, 46.811394000908344 ], [ 10.725311689961407, 46.810877195806931 ], [ 10.724797767028644, 46.81080245502509 ], [ 10.725567975203578, 46.810676570183503 ], [ 10.725262108762267, 46.810535754314351 ], [ 10.726022498708078, 46.810182215639138 ], [ 10.726680447855466, 46.810178133155048 ], [ 10.725631021244977, 46.811060943095548 ], [ 10.725350440661261, 46.812106663905482 ], [ 10.723830078584113, 46.812623236660762 ], [ 10.724945652603123, 46.813220763023963 ], [ 10.724625705052555, 46.813627795561544 ], [ 10.725360489613383, 46.814400241699062 ], [ 10.725438067446209, 46.81529421795036 ], [ 10.726770857624158, 46.817391182116666 ], [ 10.727727561522935, 46.817446272164695 ], [ 10.726918543498972, 46.818124849084249 ], [ 10.725856577452594, 46.817936821019579 ], [ 10.724987350740347, 46.818280140344733 ], [ 10.723611786234432, 46.818310050740152 ], [ 10.723648682000094, 46.818903877383882 ], [ 10.722450833263858, 46.818979303224054 ], [ 10.719567387374145, 46.820313913982382 ], [ 10.719624676099649, 46.820612293276547 ], [ 10.720421352708016, 46.820501937653454 ], [ 10.718454941329755, 46.822025180329724 ], [ 10.717088477971181, 46.822167077722838 ], [ 10.715007445933894, 46.823497853887581 ], [ 10.713624813110046, 46.82363761590441 ], [ 10.713818006594543, 46.824135136373236 ], [ 10.714751405237232, 46.824470134685058 ], [ 10.714802907058992, 46.82508704462262 ], [ 10.716324609190602, 46.825700760479492 ], [ 10.717209375870061, 46.825728478196396 ], [ 10.721376554101512, 46.824936211830845 ], [ 10.722341658565439, 46.825048764909234 ], [ 10.722749370071872, 46.82453842757262 ], [ 10.723870571865556, 46.824283779826978 ], [ 10.72524034087944, 46.824198989895294 ], [ 10.727748004182157, 46.824725410162543 ], [ 10.729018939972029, 46.824076431708953 ], [ 10.730328258320711, 46.823925696021448 ], [ 10.732286423051191, 46.82471418328489 ], [ 10.733142164575932, 46.824582349102712 ], [ 10.733194126337706, 46.824155247315375 ], [ 10.734261997018349, 46.823422770294925 ], [ 10.735996773409967, 46.823564370293795 ], [ 10.736117082641494, 46.823243048238879 ], [ 10.738772593442224, 46.822684922079723 ], [ 10.740136740066161, 46.821716626002001 ], [ 10.740616535699774, 46.820615661913195 ], [ 10.74043304794834, 46.819741226620671 ], [ 10.74168043273303, 46.818944750022034 ], [ 10.745299564546736, 46.817489074776503 ], [ 10.745893115264757, 46.816534260636494 ], [ 10.748491575169252, 46.814795366630833 ], [ 10.748623127750044, 46.81508947344625 ], [ 10.750350483247988, 46.813309036775301 ], [ 10.74988966012925, 46.812802307611697 ], [ 10.749922879915045, 46.813048376435738 ], [ 10.749381601893212, 46.813107015056403 ], [ 10.749595059445166, 46.81333182474831 ], [ 10.749020833845398, 46.813449335010546 ], [ 10.748143062867426, 46.812523070399848 ], [ 10.74744992059613, 46.811163431303335 ], [ 10.748040270125477, 46.811335663165984 ], [ 10.748238829354394, 46.811750207129982 ], [ 10.748539285059961, 46.811614056021611 ], [ 10.748050837733182, 46.811013934366493 ], [ 10.747431440764181, 46.810890481516935 ], [ 10.748593742227611, 46.81082068867191 ], [ 10.746085846026357, 46.806629004863318 ] ], [ [ 10.745601546411736, 46.812250103733959 ], [ 10.745551593364583, 46.812215441761552 ], [ 10.745708893159337, 46.812310366972206 ], [ 10.745601546411736, 46.812250103733959 ] ], [ [ 10.732377073129312, 46.822483644944668 ], [ 10.73144515203637, 46.82325121005168 ], [ 10.731238210063896, 46.823316805306924 ], [ 10.731400833396734, 46.822800969834546 ], [ 10.732377073129312, 46.822483644944668 ] ], [ [ 10.731263342202416, 46.812457118822422 ], [ 10.73106227198633, 46.811612799729986 ], [ 10.730543719492982, 46.811306487196354 ], [ 10.731144438756244, 46.811269923707968 ], [ 10.731072233239747, 46.810659018447737 ], [ 10.731451405718275, 46.810979170177959 ], [ 10.731768770147761, 46.810759201862659 ], [ 10.730656618695207, 46.809358064372702 ], [ 10.730573681995958, 46.808518581615772 ], [ 10.731032755511897, 46.809056830766202 ], [ 10.731399844787472, 46.808961094585655 ], [ 10.731135091498707, 46.808710950581997 ], [ 10.731740695116674, 46.809070970329195 ], [ 10.731336544296555, 46.809552666928035 ], [ 10.731806860545493, 46.809830112634941 ], [ 10.732510921237118, 46.809723124023975 ], [ 10.731840095257288, 46.810028420770131 ], [ 10.732740207944433, 46.810936477856806 ], [ 10.732593490262495, 46.812593977940331 ], [ 10.732048655711138, 46.813017863328277 ], [ 10.731263342202416, 46.812457118822422 ] ], [ [ 10.732277629174021, 46.808779742274069 ], [ 10.730231150994205, 46.808076949858666 ], [ 10.730474707876754, 46.807294419545244 ], [ 10.731013499032779, 46.807712585793283 ], [ 10.732504179624884, 46.808026159477592 ], [ 10.732478199259585, 46.808518455740384 ], [ 10.731838109993474, 46.808478955177399 ], [ 10.731735708904424, 46.808078784314816 ], [ 10.731389291225611, 46.808260291814989 ], [ 10.731750703974722, 46.808545865107376 ], [ 10.732438796236671, 46.808592837760685 ], [ 10.732277629174021, 46.808779742274069 ] ], [ [ 10.732406739682613, 46.806061045153463 ], [ 10.731672931771595, 46.805518761941983 ], [ 10.731302686136031, 46.805608397613391 ], [ 10.731758300780223, 46.805109599824647 ], [ 10.731725122683505, 46.805470830912057 ], [ 10.73193897290896, 46.805344618439257 ], [ 10.731795206000527, 46.804521121607017 ], [ 10.732341056096017, 46.804666263154147 ], [ 10.732496133618572, 46.804383120017114 ], [ 10.731830482517612, 46.803917690391579 ], [ 10.733060886218473, 46.804308980505283 ], [ 10.732782194256107, 46.804600144800943 ], [ 10.733005163298776, 46.805547782575623 ], [ 10.732406739682613, 46.806061045153463 ] ], [ [ 10.730210281358918, 46.803470793121619 ], [ 10.731482208075819, 46.804691560309244 ], [ 10.731150040148723, 46.804479329063525 ], [ 10.730927254687161, 46.8047921889764 ], [ 10.730986632349602, 46.80441006488109 ], [ 10.730354692385905, 46.803878529609221 ], [ 10.730795942205898, 46.804699893887999 ], [ 10.730257045188537, 46.805208145641529 ], [ 10.729927433131216, 46.803663626385735 ], [ 10.727846251311025, 46.802454377352475 ], [ 10.727933712191469, 46.801273688241473 ], [ 10.728887931242371, 46.802376099995222 ], [ 10.729609629422036, 46.802511685047087 ], [ 10.729010390598459, 46.801888194049354 ], [ 10.72949971396681, 46.801696334282802 ], [ 10.730015942394902, 46.80197137561877 ], [ 10.729704832096651, 46.802135947636614 ], [ 10.730405746319208, 46.802026969202551 ], [ 10.731217236812821, 46.802370873227261 ], [ 10.73059152731663, 46.802421781353488 ], [ 10.730926953098859, 46.803145918776771 ], [ 10.730210281358918, 46.803470793121619 ] ], [ [ 10.733284444558304, 46.803147142260258 ], [ 10.732196005646411, 46.803161516340232 ], [ 10.73158495297108, 46.802796394025449 ], [ 10.732219555619073, 46.802562904241547 ], [ 10.733029935831924, 46.802790312301973 ], [ 10.733284444558304, 46.803147142260258 ] ], [ [ 10.739216526680647, 46.802202874177709 ], [ 10.738842368424447, 46.802077386521162 ], [ 10.738832968576718, 46.801970949379367 ], [ 10.739216526680647, 46.802202874177709 ] ], [ [ 10.738780110754664, 46.801627420178463 ], [ 10.739108801661338, 46.801638821626661 ], [ 10.739035905904105, 46.801414473769846 ], [ 10.739332472741662, 46.801725604119618 ], [ 10.738780110754664, 46.801627420178463 ] ], [ [ 10.739607508899882, 46.801368892080056 ], [ 10.739057263059749, 46.801336264444295 ], [ 10.73897958986292, 46.801148881019451 ], [ 10.739119485270001, 46.801044274895233 ], [ 10.739607508899882, 46.801368892080056 ] ], [ [ 10.727180449541532, 46.802858646759518 ], [ 10.727259749555721, 46.802817955269731 ], [ 10.727294736322992, 46.802885615927231 ], [ 10.727180449541532, 46.802858646759518 ] ], [ [ 10.730460082321539, 46.805116943030626 ], [ 10.730586270202982, 46.805514705392369 ], [ 10.730448212383147, 46.805584430479179 ], [ 10.73027508981105, 46.8053984856749 ], [ 10.730460082321539, 46.805116943030626 ] ], [ [ 10.729838361096627, 46.800342578992833 ], [ 10.729122497859851, 46.799984470724382 ], [ 10.728941390014672, 46.799548593494478 ], [ 10.726990235614997, 46.79906795915128 ], [ 10.727193695470124, 46.80014887654864 ], [ 10.726031297579187, 46.800194363514109 ], [ 10.725442496761119, 46.798540740666546 ], [ 10.72607779412972, 46.798480944325689 ], [ 10.725844183977985, 46.798828800636905 ], [ 10.726426796267821, 46.799127462894603 ], [ 10.727550191083298, 46.798721332006842 ], [ 10.727387890332942, 46.798942829699357 ], [ 10.727954104978904, 46.799102347369136 ], [ 10.728311487185252, 46.798705476048504 ], [ 10.728932331704211, 46.798872557374395 ], [ 10.729838361096627, 46.800342578992833 ] ] ] } },
{ "type": "Feature", "properties": { "HOM_ID": 72.0, "area_97": 1.77203598212, "region": "Oetztaler Alpen", "name_d": "Baerenbartferner Innerer", "name_it": "Vedretta di Barbadorso", "area_05": 1.5833134656000001, "area_17": 1.33960961, "change_pct": -24.402798616011204, "status": "present" }, "geometry": { "type": "Polygon", "coordinates": [ [ [ 10.704266454606961, 46.802430263911056 ], [ 10.705827190917866, 46.802876659135038 ], [ 10.705727754342858, 46.803130242170766 ], [ 10.705327724940751, 46.802939443617916 ], [ 10.704890768468559, 46.803185758125657 ], [ 10.70553207884601, 46.803673556449453 ], [ 10.705402429654212, 46.80457407357261 ], [ 10.706217382446889, 46.80445518078858 ], [ 10.705874510938335, 46.805128460853041 ], [ 10.706470505480601, 46.805618072306522 ], [ 10.705702210661412, 46.805909876250929 ], [ 10.705329017299929, 46.805624396364387 ], [ 10.70555325657679, 46.806674546545743 ], [ 10.706013765040391, 46.806889037676662 ], [ 10.705720583224323, 46.807057376921904 ], [ 10.706367111792508, 46.807584730947234 ], [ 10.706005817522028, 46.807864764676111 ], [ 10.706753286709086, 46.808374214714803 ], [ 10.706007218809557, 46.808569803997649 ], [ 10.709308461883724, 46.809975961481996 ], [ 10.709472222355222, 46.810147519469226 ], [ 10.708883507483643, 46.810410462695948 ], [ 10.710756863134739, 46.810931761612174 ], [ 10.710825544244793, 46.810056608216236 ], [ 10.711434155686662, 46.810261663588093 ], [ 10.712040081127947, 46.811293793528371 ], [ 10.71186859697727, 46.811684503916112 ], [ 10.710794551029634, 46.812119962908731 ], [ 10.710750727688806, 46.812620719602897 ], [ 10.711472623041661, 46.813167413609413 ], [ 10.712424519865801, 46.813247454248724 ], [ 10.71307654194978, 46.815091247710328 ], [ 10.714301025356777, 46.815894164441715 ], [ 10.714880429102019, 46.817814062106855 ], [ 10.715859200094998, 46.817422264616916 ], [ 10.716664379283275, 46.81795537919875 ], [ 10.716494530114902, 46.817121693049835 ], [ 10.717238098153707, 46.81703265203484 ], [ 10.717626372549921, 46.817412148516141 ], [ 10.716278413668292, 46.818211219918439 ], [ 10.716135881094793, 46.818610978307916 ], [ 10.716785018628354, 46.818556149946822 ], [ 10.717235167659332, 46.818065690945268 ], [ 10.717840109417642, 46.818310761036926 ], [ 10.718773729989261, 46.818001599178565 ], [ 10.719436383386913, 46.816310976815728 ], [ 10.72076178640021, 46.817053501956082 ], [ 10.721159599929637, 46.816047317136004 ], [ 10.719750703692705, 46.813387079315248 ], [ 10.720031763334708, 46.813059541084669 ], [ 10.719785334351485, 46.812547982365359 ], [ 10.720446235830865, 46.811869118518416 ], [ 10.720866074470784, 46.811899537738086 ], [ 10.7205818234875, 46.811520458674615 ], [ 10.720985285900406, 46.81095124925924 ], [ 10.72032080867602, 46.810983445267404 ], [ 10.720190096251423, 46.809960714254572 ], [ 10.720711996607928, 46.807456003020498 ], [ 10.720391947990102, 46.807583826258842 ], [ 10.720295322404061, 46.807161347191752 ], [ 10.7196946164919, 46.807484136310329 ], [ 10.71921052833039, 46.808638211742057 ], [ 10.718444786693652, 46.80813278907484 ], [ 10.719700899517422, 46.805881039863984 ], [ 10.720312815391541, 46.805830109045552 ], [ 10.720255302654914, 46.80644016292289 ], [ 10.720588904291555, 46.806241105499559 ], [ 10.721116674950373, 46.806429365086913 ], [ 10.721319694326231, 46.805262511733162 ], [ 10.720473076412448, 46.805143617840834 ], [ 10.720496589296207, 46.804647797599841 ], [ 10.721203753713633, 46.804230846469991 ], [ 10.721511980652403, 46.804265893887667 ], [ 10.721247070914579, 46.804745864189108 ], [ 10.721674491575206, 46.804803640357093 ], [ 10.721771092724968, 46.803850390434384 ], [ 10.722606273738919, 46.803118170137964 ], [ 10.721417203648237, 46.801641094304919 ], [ 10.719403825935386, 46.799895896392769 ], [ 10.718557224173647, 46.800547524151312 ], [ 10.718515862694098, 46.799703834644532 ], [ 10.718079072247187, 46.8000462183658 ], [ 10.717698213676563, 46.799850950812399 ], [ 10.717912350451344, 46.800206181067587 ], [ 10.717603050483449, 46.799930897600632 ], [ 10.71773543343182, 46.799788882552164 ], [ 10.716051378053063, 46.799601268014477 ], [ 10.710163234571196, 46.800399558247364 ], [ 10.708275694157527, 46.800455423219532 ], [ 10.707287325832651, 46.800064354734552 ], [ 10.706980400321608, 46.800363050772432 ], [ 10.706654225230285, 46.800053303440897 ], [ 10.70475383532866, 46.800363451882426 ], [ 10.704453583841826, 46.800187360605719 ], [ 10.704020658124694, 46.801893896942957 ], [ 10.704266454606961, 46.802430263911056 ] ] ] } },
{ "type": "Feature", "properties": { "HOM_ID": 73.0, "area_97": 0.81696126906, "region": "Oetztaler Alpen", "name_d": "Baerenbartferner", "name_it": "Vedretta di Barbadorso", "area_05": 0.7137747436, "area_17": 0.515334, "change_pct": -36.920632652151795, "status": "present" }, "geometry": { "type": "Polygon", "coordinates": [ [ [ 10.69953674048241, 46.803810266077903 ], [ 10.700007822284961, 46.805616226403444 ], [ 10.699268853791413, 46.80624178050725 ], [ 10.700264705598677, 46.806723291304223 ], [ 10.699772569619267, 46.807070534086854 ], [ 10.700250598842397, 46.807797289069867 ], [ 10.69946197178789, 46.808960775190862 ], [ 10.70004339790405, 46.809981034790958 ], [ 10.700789223420001, 46.809965852294894 ], [ 10.701141503108101, 46.810534502409048 ], [ 10.702366893330085, 46.81114755363771 ], [ 10.702268501460617, 46.809165008925042 ], [ 10.702851768321398, 46.809107140124894 ], [ 10.702869863057554, 46.80733720192233 ], [ 10.703824716557186, 46.805695735205262 ], [ 10.704757236648959, 46.804895269460943 ], [ 10.704326814208128, 46.804229761642233 ], [ 10.70477854610396, 46.802758623332743 ], [ 10.704016265491608, 46.801809462324556 ], [ 10.704211777613018, 46.800058950327703 ], [ 10.704625791315234, 46.799630515126964 ], [ 10.704196709794545, 46.799677058008328 ], [ 10.704675287160073, 46.79945815520702 ], [ 10.70413964509126, 46.798878634586124 ], [ 10.703719519775611, 46.799058371819541 ], [ 10.702448755642726, 46.797661012554137 ], [ 10.699678519986508, 46.796884406807713 ], [ 10.699413044125604, 46.797362832345961 ], [ 10.698779233206842, 46.797517764942342 ], [ 10.698996308552713, 46.797776891182686 ], [ 10.698228074860356, 46.797833386815817 ], [ 10.698511281210996, 46.796021436960672 ], [ 10.69810175402546, 46.795715975693511 ], [ 10.696638453676233, 46.795686443270185 ], [ 10.695632545233375, 46.796156364905073 ], [ 10.694987739216373, 46.79858213315395 ], [ 10.694104968802998, 46.79991174181658 ], [ 10.6944891800319, 46.801563746502374 ], [ 10.693831468445676, 46.802100230958494 ], [ 10.694818738442372, 46.801983132243485 ], [ 10.69533110020172, 46.802609395632274 ], [ 10.695086937988972, 46.803349936481915 ], [ 10.693505818879521, 46.803326610433018 ], [ 10.694597122674967, 46.804696044171685 ], [ 10.694944828046733, 46.806756823500834 ], [ 10.694390931252244, 46.807179045625197 ], [ 10.695641842365021, 46.807279391867155 ], [ 10.696326970296491, 46.807043781769579 ], [ 10.698766579383197, 46.803668235506265 ], [ 10.69953674048241, 46.803810266077903 ] ], [ [ 10.703964538332192, 46.79967060474825 ], [ 10.703915505523508, 46.79968440104691 ], [ 10.703857709937227, 46.799700662235423 ], [ 10.703964538332192, 46.79967060474825 ] ], [ [ 10.700508557348861, 46.801429710166559 ], [ 10.700390485046309, 46.802430289573216 ], [ 10.699990221066409, 46.802231277475585 ], [ 10.70018925364894, 46.802463469813482 ], [ 10.699844309135488, 46.802540513697132 ], [ 10.699810007573911, 46.80211291480633 ], [ 10.700508557348861, 46.801429710166559 ] ], [ [ 10.69954872168341, 46.802754423937948 ], [ 10.70002579365622, 46.802655326989637 ], [ 10.699789012797725, 46.803234469926949 ], [ 10.69954872168341, 46.802754423937948 ] ], [ [ 10.699908951972455, 46.80357905391881 ], [ 10.700428364320539, 46.80418117951433 ], [ 10.700219423614188, 46.804509740155787 ], [ 10.699822146269602, 46.804023678697661 ], [ 10.699908951972455, 46.80357905391881 ] ], [ [ 10.703878401820667, 46.801333969892632 ], [ 10.703441394396261, 46.801345392879625 ], [ 10.703937296425527, 46.801512596965615 ], [ 10.704004957486616, 46.80214286571568 ], [ 10.703138759569125, 46.801934405639415 ], [ 10.702916250372017, 46.802314654846072 ], [ 10.702733076184577, 46.801374754051842 ], [ 10.704058507366573, 46.800515766404814 ], [ 10.703878401820667, 46.801333969892632 ] ], [ [ 10.696816173871248, 46.803387218788977 ], [ 10.696462081067565, 46.803073671018964 ], [ 10.697038777597422, 46.802532312929259 ], [ 10.69721836391791, 46.802762663277271 ], [ 10.696816173871248, 46.803387218788977 ] ], [ [ 10.696135116293425, 46.803030442013664 ], [ 10.696167011677087, 46.803095556245623 ], [ 10.696058062022395, 46.803047980940939 ], [ 10.696135116293425, 46.803030442013664 ] ], [ [ 10.695711286158136, 46.801986305293106 ], [ 10.69554348793215, 46.801775633087615 ], [ 10.695686361107599, 46.801774560705766 ], [ 10.695711286158136, 46.801986305293106 ] ] ] } },
{ "type": "Feature", "properties": { "HOM_ID": 74.0, "area_97": 0.92756634728999998, "region": "Oetztaler Alpen", "name_d": "Freibrunnerferner", "name_it": "Vedretta della Fontana Occidentale", "area_05": 0.770765222, "area_17": 0.583445457, "change_pct": -37.099328936996443, "status": "present" }, "geometry": { "type": "Polygon", "coordinates": [ [ [ 10.690267630324746, 46.80610147803079 ], [ 10.690850701591323, 46.803975633667982 ], [ 10.692041397793677, 46.803648540656177 ], [ 10.692107972682932, 46.803106463263795 ], [ 10.693227760669426, 46.80207534760239 ], [ 10.691771140411687, 46.802161913278752 ], [ 10.691310596096436, 46.801559319215286 ], [ 10.692092222251532, 46.800891081982407 ], [ 10.691820002050047, 46.799748867359391 ], [ 10.692137733481331, 46.799736985796372 ], [ 10.692487751692399, 46.798003943516804 ], [ 10.69333772050714, 46.797019412083252 ], [ 10.693617259462442, 46.797367805432259 ], [ 10.693071598151914, 46.797859586323938 ], [ 10.693185057921074, 46.798431795253656 ], [ 10.694145885306128, 46.798995559323743 ], [ 10.693979874242928, 46.798461023020089 ], [ 10.694579392170914, 46.798353765228192 ], [ 10.694713217381397, 46.796912964765859 ], [ 10.694238157762078, 46.796040721560452 ], [ 10.694522199870528, 46.795011715991883 ], [ 10.69405379143819, 46.793511032813683 ], [ 10.692634275571738, 46.793460235725384 ], [ 10.692376476398127, 46.792970022667554 ], [ 10.69172153967914, 46.792923448469949 ], [ 10.691236350351268, 46.792445370711064 ], [ 10.689591205008082, 46.792698900986316 ], [ 10.689392022147659, 46.793009282565031 ], [ 10.6858324844232, 46.793333253523144 ], [ 10.682864625705275, 46.794039494967343 ], [ 10.682775703212442, 46.794635063410205 ], [ 10.681756211732054, 46.795320969970412 ], [ 10.68056191484745, 46.795383854954636 ], [ 10.679911953427563, 46.796194032264637 ], [ 10.679929711106675, 46.796749531938971 ], [ 10.680973040634957, 46.797310357578716 ], [ 10.681108858103359, 46.797742705485852 ], [ 10.681739059994023, 46.797565548948256 ], [ 10.68212094112805, 46.797752597570629 ], [ 10.682618997617872, 46.796943980339215 ], [ 10.683046491898089, 46.797188038983982 ], [ 10.683145806630463, 46.797630271716748 ], [ 10.68277352385585, 46.797671224466136 ], [ 10.683224481940947, 46.799642494620471 ], [ 10.685128400561954, 46.800971304821516 ], [ 10.685762193015329, 46.802150734862721 ], [ 10.685061947283875, 46.802284025703905 ], [ 10.685581849887027, 46.802874849691896 ], [ 10.685636127093039, 46.8046121074456 ], [ 10.686276161425234, 46.80542089993682 ], [ 10.686750263196434, 46.80518424248563 ], [ 10.687746867698909, 46.80560873601118 ], [ 10.68843539736655, 46.805365100087634 ], [ 10.689816686806365, 46.806190122141636 ], [ 10.690267630324746, 46.80610147803079 ] ], [ [ 10.689899245360593, 46.800630398119409 ], [ 10.688000478829512, 46.799469657905142 ], [ 10.687904572756924, 46.799266113159021 ], [ 10.688532594152313, 46.799306037518036 ], [ 10.688197741074372, 46.798866438939584 ], [ 10.688353748277017, 46.798550325341985 ], [ 10.687179105601251, 46.797827747099667 ], [ 10.687592136108576, 46.797674085264546 ], [ 10.687185548662699, 46.797270161107015 ], [ 10.687962189300492, 46.79729150028529 ], [ 10.687887119824959, 46.797563155256775 ], [ 10.688562003139007, 46.79738101827683 ], [ 10.688446793802813, 46.798047745002982 ], [ 10.688735786688508, 46.798135350690259 ], [ 10.688383207153278, 46.798734221078568 ], [ 10.689751491360685, 46.799915220960386 ], [ 10.689899245360593, 46.800630398119409 ] ], [ [ 10.683333834884516, 46.79779010004502 ], [ 10.683690324782503, 46.797928326679163 ], [ 10.683365086442242, 46.798145280880064 ], [ 10.683333834884516, 46.79779010004502 ] ], [ [ 10.685922514898042, 46.799639666141388 ], [ 10.68708022483049, 46.79943813892384 ], [ 10.686900622251347, 46.79999417847943 ], [ 10.685869399350555, 46.800423394932338 ], [ 10.684795999505592, 46.800267038953699 ], [ 10.684314314753804, 46.799560870420379 ], [ 10.685922514898042, 46.799639666141388 ] ], [ [ 10.693492882023531, 46.795686926121476 ], [ 10.692742236918614, 46.795542264147031 ], [ 10.692686466599511, 46.795096276144108 ], [ 10.693663042941914, 46.795212999327703 ], [ 10.694014631713964, 46.79576528589466 ], [ 10.693121903741339, 46.795848185513279 ], [ 10.693492882023531, 46.795686926121476 ] ], [ [ 10.685633352027267, 46.795203938343327 ], [ 10.684930317274915, 46.795394829456427 ], [ 10.684362091038311, 46.795354392140382 ], [ 10.685353737384556, 46.794991412813935 ], [ 10.685633352027267, 46.795203938343327 ] ], [ [ 10.693987494655918, 46.79490075678477 ], [ 10.692750659241952, 46.794669010292274 ], [ 10.693131227654414, 46.794052598637485 ], [ 10.693614182825188, 46.794607041769268 ], [ 10.694335035969834, 46.794563576226871 ], [ 10.693987494655918, 46.79490075678477 ] ] ] } },
{ "type": "Feature", "properties": { "HOM_ID": 75.0, "area_97": 0.95506032291999998, "region": "Oetztaler Alpen", "name_d": "Planailferner", "name_it": "Vedretta di Planol", "area_05": 0.8594893666000001, "area_17": 0.72126692, "change_pct": -24.479438346386367, "status": "present" }, "geometry": { "type": "MultiPolygon", "coordinates": [ [ [ [ 10.678482303409064, 46.784416902031026 ], [ 10.675287902497853, 46.784428001187351 ], [ 10.673169111072628, 46.783739412400216 ], [ 10.671953506354333, 46.784143054581556 ], [ 10.672061474707373, 46.785911102027399 ], [ 10.672372101548275, 46.78584285511301 ], [ 10.672378920896024, 46.786252290018133 ], [ 10.673209432660471, 46.786594963168156 ], [ 10.67168857376944, 46.787036580986268 ], [ 10.671997237717814, 46.787594418658969 ], [ 10.672589319202505, 46.787712793504447 ], [ 10.672127925892722, 46.788456482635212 ], [ 10.671771976491833, 46.788414737046786 ], [ 10.672200433770115, 46.788561387432402 ], [ 10.671794917709914, 46.789046548221862 ], [ 10.673196459797518, 46.789434760192187 ], [ 10.673270136744051, 46.789706141127041 ], [ 10.673054261889328, 46.789869161037373 ], [ 10.67240056480035, 46.789583070540495 ], [ 10.671293597430441, 46.789989590751667 ], [ 10.670183924436008, 46.791689984776376 ], [ 10.669763712090834, 46.791828864995466 ], [ 10.670194064722544, 46.792131416627235 ], [ 10.668873913138752, 46.792981984472043 ], [ 10.66966535206824, 46.792819859915177 ], [ 10.670500112202713, 46.793035034885428 ], [ 10.672030368139579, 46.792532389741638 ], [ 10.673188832166593, 46.792703288475721 ], [ 10.672801137282459, 46.793056489440637 ], [ 10.67332085684399, 46.792825365826424 ], [ 10.673850099842417, 46.793112083750209 ], [ 10.673648623332936, 46.792670599186856 ], [ 10.674772717695923, 46.792601050126265 ], [ 10.675601629368263, 46.792856050523504 ], [ 10.674548862349491, 46.793302528382966 ], [ 10.675470239195095, 46.793065963372612 ], [ 10.676479764792523, 46.79343657899966 ], [ 10.676920020908423, 46.793332547048692 ], [ 10.676647780861947, 46.79298906174995 ], [ 10.676968989653984, 46.792650124044229 ], [ 10.677603349625523, 46.792660440029294 ], [ 10.678453980653719, 46.792188256193086 ], [ 10.679158801785782, 46.792706984612025 ], [ 10.678687933896089, 46.793111516402405 ], [ 10.67921116869479, 46.793239112201931 ], [ 10.67950510711991, 46.793861975600592 ], [ 10.678838858785218, 46.794125902925792 ], [ 10.680642613885873, 46.794931560505553 ], [ 10.68138224910358, 46.794508725863686 ], [ 10.681705172663055, 46.794743782535704 ], [ 10.682117550269785, 46.793878843189411 ], [ 10.682589377895324, 46.79375801938955 ], [ 10.682045902915673, 46.793614133715188 ], [ 10.682413133966099, 46.792946124949502 ], [ 10.682023987326826, 46.793099417137988 ], [ 10.681191765582737, 46.792545958246464 ], [ 10.681602598518449, 46.79183485878535 ], [ 10.682058418299263, 46.791906043595731 ], [ 10.682656061755424, 46.791548824767027 ], [ 10.683640989757528, 46.791936057514604 ], [ 10.683705592971243, 46.791328425999907 ], [ 10.684045122355339, 46.7913070325489 ], [ 10.683843868729408, 46.790977958666438 ], [ 10.684665044342127, 46.790591250526631 ], [ 10.684420284521034, 46.790001418133031 ], [ 10.68333859718496, 46.789895006185439 ], [ 10.683186482255593, 46.789610300219529 ], [ 10.684167625227211, 46.789112156791681 ], [ 10.684996814288896, 46.789099948880285 ], [ 10.68641939197196, 46.788214059082478 ], [ 10.683548302392518, 46.786013826074011 ], [ 10.68222793654304, 46.785676418628654 ], [ 10.682146699183424, 46.785214398968748 ], [ 10.682894917933837, 46.785043977737779 ], [ 10.681865408557355, 46.784453010547324 ], [ 10.680666848851022, 46.784315267311143 ], [ 10.679947167726297, 46.784584086648124 ], [ 10.680859189102163, 46.784742858789159 ], [ 10.680661819539679, 46.784855984653433 ], [ 10.679246255254313, 46.784486802818932 ], [ 10.678572118198311, 46.784685258670912 ], [ 10.678482303409064, 46.784416902031026 ] ], [ [ 10.680812141331124, 46.792613023329231 ], [ 10.680132728789266, 46.792549216130837 ], [ 10.679929367588157, 46.792439473751124 ], [ 10.680812141331124, 46.792613023329231 ] ] ], [ [ [ 10.686806981040821, 46.79316692624483 ], [ 10.686728382393596, 46.791978192543027 ], [ 10.686120065724216, 46.791569498479674 ], [ 10.685556593983586, 46.791634101171979 ], [ 10.685670295928199, 46.791409881681481 ], [ 10.684937773930223, 46.790971889571189 ], [ 10.684790016275414, 46.791408749250678 ], [ 10.684044475791424, 46.79162651742736 ], [ 10.684247154646846, 46.792723373897886 ], [ 10.685021037877705, 46.792738063639426 ], [ 10.684748721709965, 46.793047030237034 ], [ 10.685439127743994, 46.793050155500424 ], [ 10.685597237272813, 46.792333074439263 ], [ 10.686018951799223, 46.792751588178625 ], [ 10.685524118672474, 46.793210064436373 ], [ 10.684449254380713, 46.79354402827331 ], [ 10.686806981040821, 46.79316692624483 ] ] ] ] } },
{ "type": "Feature", "properties": { "HOM_ID": 76.0, "area_97": 0.13262851723, "region": "Oetztaler Alpen", "name_d": null, "name_it": null, "area_05": 0.1020378667, "area_17": 0.0150221, "change_pct": -88.673552028068613, "status": "present" }, "geometry": { "type": "Polygon", "coordinates": [ [ [ 10.669846237521989, 46.77952137688051 ], [ 10.671683844353351, 46.778846132815396 ], [ 10.673870763969258, 46.778646829275708 ], [ 10.675126964095831, 46.779132646843422 ], [ 10.675345390285241, 46.778390939863613 ], [ 10.674976681436833, 46.777365629142473 ], [ 10.674169556296441, 46.776928989015076 ], [ 10.673496097117363, 46.777063961782545 ], [ 10.673304128552626, 46.776728489243688 ], [ 10.672643513878301, 46.776783240636696 ], [ 10.671573022906202, 46.777089928278187 ], [ 10.670950073402686, 46.777783595266868 ], [ 10.670197351230675, 46.776982942378439 ], [ 10.669681136150773, 46.777076559837816 ], [ 10.66915859740697, 46.776772643617583 ], [ 10.668604558565379, 46.77699388419024 ], [ 10.669184444999262, 46.777415842311044 ], [ 10.668659054087184, 46.777985097388957 ], [ 10.666205636008289, 46.777758502394256 ], [ 10.665980088677054, 46.778184004486008 ], [ 10.666287298743637, 46.778277911814442 ], [ 10.665766378213696, 46.778799947090086 ], [ 10.669846237521989, 46.77952137688051 ] ] ] } },
{ "type": "Feature", "properties": { "HOM_ID": 77.0, "area_97": 0.22763737373000001, "region": "Oetztaler Alpen", "name_d": "Gawelzferner", "name_it": "Vedretta di Gabelz", "area_05": 0.1619440969, "area_17": 0.0747131, "change_pct": -67.178895637490101, "status": "present" }, "geometry": { "type": "Polygon", "coordinates": [ [ [ 10.672165387302494, 46.774638144298173 ], [ 10.672795775284747, 46.774571540811941 ], [ 10.672757706471874, 46.774112985489239 ], [ 10.673170351863995, 46.774336508347645 ], [ 10.673202321633022, 46.773827738457484 ], [ 10.672801607492149, 46.773604042165559 ], [ 10.673620021206288, 46.773059176170953 ], [ 10.674388124754234, 46.771084416313151 ], [ 10.675666171585098, 46.770549204914261 ], [ 10.675101040129377, 46.770409908583346 ], [ 10.67506676755186, 46.770074275267916 ], [ 10.675756922658007, 46.769873500676603 ], [ 10.678027515132198, 46.770317835785036 ], [ 10.678225410770857, 46.769966500531766 ], [ 10.677505813274788, 46.768503385194826 ], [ 10.678859908933708, 46.768114595174659 ], [ 10.679339169293018, 46.768562574116828 ], [ 10.681133110763476, 46.76888876233582 ], [ 10.681495557771127, 46.76864978127275 ], [ 10.681277409890773, 46.768349644601976 ], [ 10.678455758394191, 46.767587626482047 ], [ 10.677743812962818, 46.76694629303023 ], [ 10.676634420991832, 46.76656903115942 ], [ 10.676277420146635, 46.766791520249079 ], [ 10.674413989448206, 46.766529811092077 ], [ 10.673962214494583, 46.767063171603901 ], [ 10.67346157612505, 46.766982361669527 ], [ 10.6726760479287, 46.767430414575053 ], [ 10.674142455485962, 46.767777896177954 ], [ 10.6729410285377, 46.768666552629256 ], [ 10.673668406673876, 46.768651815676947 ], [ 10.673938408164801, 46.769086481150708 ], [ 10.672304612878031, 46.769499798109315 ], [ 10.672667102432671, 46.769646170096102 ], [ 10.672215921988499, 46.769911015204173 ], [ 10.672803117182946, 46.77018527797054 ], [ 10.672393803347353, 46.770453610847518 ], [ 10.6723969708715, 46.771519359374828 ], [ 10.671114177413832, 46.77190293274441 ], [ 10.671492657048951, 46.772565575784022 ], [ 10.671384010846779, 46.774067473125868 ], [ 10.672165387302494, 46.774638144298173 ] ] ] } },
{ "type": "Feature", "properties": { "HOM_ID": 78.0, "area_97": 0.03371088495, "region": "Oetztaler Alpen", "name_d": null, "name_it": null, "area_05": 0.011021229, "area_17": 0.000673448, "change_pct": -98.002283235818766, "status": "present" }, "geometry": { "type": "Polygon", "coordinates": [ [ [ 10.677366995367645, 46.7845041202334 ], [ 10.679126717359859, 46.784097083116222 ], [ 10.679218403941665, 46.783469749697979 ], [ 10.678560010597465, 46.783672698230738 ], [ 10.678907220939339, 46.783381886658546 ], [ 10.678446276764973, 46.783335359691172 ], [ 10.677521625579573, 46.783718905295707 ], [ 10.675430694429448, 46.783827651405474 ], [ 10.676034420010069, 46.782534476683637 ], [ 10.675041186862579, 46.783499721713547 ], [ 10.673671156544165, 46.783758275020013 ], [ 10.672718947352738, 46.783575001449172 ], [ 10.675289290251229, 46.784280409705303 ], [ 10.677366995367645, 46.7845041202334 ] ] ] } },
{ "type": "Feature", "properties": { "HOM_ID": 79.0, "area_97": 0.11631598617, "region": "Oetztaler Alpen", "name_d": "Freibrunnerferner", "name_it": "Vedretta della Fontana Occidentale", "area_05": 0.0654714559, "area_17": 0.02018672, "change_pct": -82.644930705830603, "status": "present" }, "geometry": { "type": "Polygon", "coordinates": [ [ [ 10.685497192887127, 46.791261454437965 ], [ 10.686697894789361, 46.791136180306601 ], [ 10.686120065724216, 46.791569498479674 ], [ 10.686920625395414, 46.792294181359566 ], [ 10.68680099034507, 46.793181395488453 ], [ 10.68753860927834, 46.793099144563413 ], [ 10.68880087893182, 46.792238136027656 ], [ 10.688637506978138, 46.791785535580829 ], [ 10.689162241091916, 46.791007141434157 ], [ 10.689772844646466, 46.791637600264671 ], [ 10.690605008788074, 46.791578823568258 ], [ 10.69046661424324, 46.791903642873265 ], [ 10.692089976398236, 46.791582107222041 ], [ 10.692724972427465, 46.791757896944773 ], [ 10.693248750044845, 46.79247164249626 ], [ 10.693938716423149, 46.792395842890208 ], [ 10.693864346111795, 46.791167184029113 ], [ 10.69212602825495, 46.790883804412573 ], [ 10.692957611227055, 46.790610814290119 ], [ 10.69323845174989, 46.790811618512151 ], [ 10.693389290323083, 46.79029288739904 ], [ 10.692895236083235, 46.790144428679184 ], [ 10.69186982995112, 46.790561316668352 ], [ 10.690983240374715, 46.790281841717508 ], [ 10.690526816443549, 46.79055657192265 ], [ 10.689847988291039, 46.790496913008212 ], [ 10.689485760629625, 46.790141473349635 ], [ 10.689753293154254, 46.789297245816968 ], [ 10.688700400565821, 46.789751168336323 ], [ 10.688759358234575, 46.790027080828217 ], [ 10.687907988584586, 46.78983158218373 ], [ 10.687997264008279, 46.789268590569066 ], [ 10.687686954554424, 46.789169346274726 ], [ 10.687456565358545, 46.789400163757222 ], [ 10.688291127684209, 46.790347728976727 ], [ 10.688063737368868, 46.790566208496038 ], [ 10.686966896798971, 46.790527891377828 ], [ 10.686799611572331, 46.78980973235933 ], [ 10.685743427345928, 46.790131131197462 ], [ 10.685224885808989, 46.790011704414802 ], [ 10.685927523245773, 46.790915475281665 ], [ 10.685497192887127, 46.791261454437965 ] ], [ [ 10.687847906033246, 46.79076076960304 ], [ 10.687881452076965, 46.790655317326333 ], [ 10.687976735476603, 46.790707743926241 ], [ 10.687847906033246, 46.79076076960304 ] ], [ [ 10.688381787538118, 46.79067022777776 ], [ 10.688316749450676, 46.790499021198499 ], [ 10.688590068724505, 46.790650757428701 ], [ 10.688381787538118, 46.79067022777776 ] ], [ [ 10.689121716635949, 46.790093617017497 ], [ 10.689041857654223, 46.790021010351943 ], [ 10.689160141224582, 46.789986470650319 ], [ 10.689121716635949, 46.790093617017497 ] ] ] } },
{ "type": "Feature", "properties": { "HOM_ID": 80.0, "area_97": 0.04591443949, "region": "Oetztaler Alpen", "name_d": null, "name_it": null, "area_05": 0.0142492509, "area_17": null, "change_pct": -100.0, "status": "disappeared" }, "geometry": { "type": "Polygon", "coordinates": [ [ [ 10.697189501000011, 46.79382700171606 ], [ 10.697759719750643, 46.793359432423983 ], [ 10.696921492947641, 46.79289635915837 ], [ 10.697556184361305, 46.792960730146369 ], [ 10.697894977290931, 46.792558561817131 ], [ 10.698576033727962, 46.792958373231279 ], [ 10.69857771778743, 46.792253285523117 ], [ 10.697919578168396, 46.79161080083265 ], [ 10.698402448490482, 46.790476833809635 ], [ 10.698079095381907, 46.79006351485193 ], [ 10.6972465083578, 46.790157851960792 ], [ 10.696914506611384, 46.791070845223267 ], [ 10.69524714271194, 46.792035751047315 ], [ 10.695870534579834, 46.792120794773375 ], [ 10.695997016727665, 46.792939240789934 ], [ 10.696784497669292, 46.793095152194304 ], [ 10.697189501000011, 46.79382700171606 ] ], [ [ 10.696259852561544, 46.792566416975099 ], [ 10.696800795080762, 46.791927119207237 ], [ 10.696598054650096, 46.792692577007642 ], [ 10.696259852561544, 46.792566416975099 ] ] ] } },
{ "type": "Feature", "properties": { "HOM_ID": 81.0, "area_97": 3.28563378021, "region": "Oetztaler Alpen", "name_d": "Matscherferner", "name_it": "Vedretta di Mazzia", "area_05": 2.8701403197, "area_17": 2.225545852, "change_pct": -32.264336171459881, "status": "present" }, "geometry": { "type": "MultiPolygon", "coordinates": [ [ [ [ 10.728603085223774, 46.792983153754598 ], [ 10.728332518611554, 46.790241327934787 ], [ 10.729783928476285, 46.786368151264021 ], [ 10.730884306073415, 46.785478438147628 ], [ 10.730943444664941, 46.784827342879403 ], [ 10.730393519054726, 46.784023415224802 ], [ 10.731011594235136, 46.783761221092035 ], [ 10.730630203136691, 46.78301564952983 ], [ 10.731212002713585, 46.78215428752754 ], [ 10.730241570524418, 46.781186015402682 ], [ 10.730323494730314, 46.780483810949235 ], [ 10.729630262041635, 46.780102778138527 ], [ 10.729122418346511, 46.779126313611059 ], [ 10.729307917481052, 46.778608502678949 ], [ 10.728373355578107, 46.778951801788509 ], [ 10.727542872192023, 46.778589856312436 ], [ 10.727145429305551, 46.778738001442576 ], [ 10.725990436935636, 46.777936008915901 ], [ 10.724616496460278, 46.777700526687894 ], [ 10.722718960110891, 46.778369683859843 ], [ 10.72152357285707, 46.778290250778902 ], [ 10.722625977034548, 46.778666788433796 ], [ 10.7215231320036, 46.779165438911711 ], [ 10.720590932861629, 46.778421106601513 ], [ 10.720603922084555, 46.777772917676728 ], [ 10.719864980251447, 46.777635815294005 ], [ 10.718256186587002, 46.778938367498952 ], [ 10.718191522484494, 46.77947610532911 ], [ 10.71723006849655, 46.780005794021712 ], [ 10.715600946232112, 46.780147042091819 ], [ 10.714616222669889, 46.779680098100975 ], [ 10.715663018258919, 46.779197096718633 ], [ 10.715174814003889, 46.778772875401863 ], [ 10.715640016011074, 46.778650873696826 ], [ 10.71551834588003, 46.778869279299869 ], [ 10.71615046750067, 46.779232827681447 ], [ 10.716105801973312, 46.778766187929556 ], [ 10.716867576172657, 46.77907859716727 ], [ 10.717084052133639, 46.778755610435638 ], [ 10.716718665204418, 46.777905283021511 ], [ 10.714863834394032, 46.777206179276419 ], [ 10.715130549984446, 46.776710708341724 ], [ 10.714695679272271, 46.777108701253617 ], [ 10.71328624813594, 46.777256891319794 ], [ 10.712313492189036, 46.777935888659101 ], [ 10.712581421758282, 46.778550496323646 ], [ 10.711577248782003, 46.778684399313754 ], [ 10.712648292469041, 46.779906334762991 ], [ 10.712594504938336, 46.780932678510595 ], [ 10.713534077356085, 46.781637164626609 ], [ 10.713404654983899, 46.781918852210843 ], [ 10.711396562377473, 46.782035363461105 ], [ 10.709914734750265, 46.781394239814084 ], [ 10.709343574317112, 46.781447865356022 ], [ 10.709700666880082, 46.781606499122276 ], [ 10.709381309320733, 46.781697354025155 ], [ 10.706401645935063, 46.780965728525139 ], [ 10.705232384662686, 46.781107310338747 ], [ 10.705182083082409, 46.781832207239653 ], [ 10.707196341024375, 46.783676007470149 ], [ 10.706821026201688, 46.784234161404761 ], [ 10.707068288064816, 46.784978459736237 ], [ 10.709286724097669, 46.787003141641328 ], [ 10.708421916560514, 46.787208720044276 ], [ 10.70884673898337, 46.787809058809614 ], [ 10.708499463258621, 46.788904633097602 ], [ 10.707528160523893, 46.788763362731956 ], [ 10.706939062480213, 46.789714969417318 ], [ 10.706980018738973, 46.790632579949509 ], [ 10.70591527804714, 46.791312530423234 ], [ 10.704734095804179, 46.791330134792993 ], [ 10.704416122154964, 46.791088919901483 ], [ 10.704003708536671, 46.791259030435477 ], [ 10.704610791130108, 46.791900941407683 ], [ 10.704062148862302, 46.793488126201169 ], [ 10.703709115522312, 46.793649152820642 ], [ 10.702877039576892, 46.793382793888554 ], [ 10.702281968372574, 46.793817964941553 ], [ 10.702686611696176, 46.793779150642258 ], [ 10.7032636933763, 46.794287061333989 ], [ 10.702974078813986, 46.795701496315345 ], [ 10.704396641952524, 46.795008046939508 ], [ 10.705193472233287, 46.795291316847056 ], [ 10.705892797469271, 46.795133321796378 ], [ 10.706758399957442, 46.794571120186397 ], [ 10.707512174997326, 46.795002588154084 ], [ 10.707663928083592, 46.794139491281136 ], [ 10.708218679196642, 46.793518761783453 ], [ 10.708908943636789, 46.793346294636272 ], [ 10.70926680608372, 46.794431196237753 ], [ 10.708525870292528, 46.79497105947253 ], [ 10.709229044573732, 46.795324114451113 ], [ 10.708337813440501, 46.796383991625525 ], [ 10.709159716662047, 46.796703753216626 ], [ 10.708812646375437, 46.797053269397558 ], [ 10.709250639861398, 46.796936049152478 ], [ 10.709341174517249, 46.797156053228257 ], [ 10.708995137975515, 46.797349785090745 ], [ 10.709773608447138, 46.797616901420412 ], [ 10.709546764760537, 46.797804754614759 ], [ 10.710397973816207, 46.79829302913523 ], [ 10.710571676000589, 46.798760106544961 ], [ 10.710249066728204, 46.798986886616433 ], [ 10.709367765568997, 46.798503639437371 ], [ 10.707864791135886, 46.798411958617294 ], [ 10.707444125272261, 46.7985909230025 ], [ 10.707673216425261, 46.798771447762384 ], [ 10.706448287296183, 46.798920896610504 ], [ 10.707521841504445, 46.799646835921685 ], [ 10.707493171425821, 46.800061283150434 ], [ 10.709007110501307, 46.799989490772234 ], [ 10.710188786063506, 46.800358184421448 ], [ 10.711478343754962, 46.80018856125016 ], [ 10.711807218240398, 46.799585969311892 ], [ 10.712377413752064, 46.799897570599292 ], [ 10.713081756613315, 46.799553100398064 ], [ 10.713582195661237, 46.799654107340977 ], [ 10.714854973957735, 46.797805311675589 ], [ 10.715399003939099, 46.799398214237371 ], [ 10.716851967399567, 46.799791091687865 ], [ 10.717698641942043, 46.799727236007023 ], [ 10.717345163299022, 46.799345076640456 ], [ 10.717915399032869, 46.79963165863775 ], [ 10.717932545127869, 46.798954579612882 ], [ 10.718883622454067, 46.79948184436055 ], [ 10.718760322314091, 46.799733747419481 ], [ 10.719678542344578, 46.799888017920168 ], [ 10.719641226971445, 46.799466361682754 ], [ 10.718768501176742, 46.799093505829461 ], [ 10.718666326914501, 46.798178284132227 ], [ 10.717626447964964, 46.796698873076458 ], [ 10.717306086480699, 46.796711341040137 ], [ 10.716866883653065, 46.796609332568721 ], [ 10.716739422227407, 46.796347403468715 ], [ 10.718441819172826, 46.796949025658719 ], [ 10.719553192482017, 46.799326262041085 ], [ 10.720611380360772, 46.799002914874755 ], [ 10.720885504255248, 46.799582039044175 ], [ 10.721254824255693, 46.799497452722832 ], [ 10.72310113447104, 46.798661389610977 ], [ 10.723188513760986, 46.797979684562577 ], [ 10.723941483241374, 46.797324384216807 ], [ 10.723577687640404, 46.797016012118085 ], [ 10.724050634965829, 46.796067911899151 ], [ 10.72368240568307, 46.793659859737502 ], [ 10.725098268162331, 46.794553309081621 ], [ 10.72619947664473, 46.794241849392108 ], [ 10.726293553243346, 46.793481785704529 ], [ 10.727026093568981, 46.793804816505713 ], [ 10.725919021801817, 46.795114819589365 ], [ 10.725843497258445, 46.796579374270657 ], [ 10.72613606570631, 46.79700565841604 ], [ 10.726528119729638, 46.795864554393113 ], [ 10.728603085223774, 46.792983153754598 ] ], [ [ 10.709432432207249, 46.79914177683235 ], [ 10.709059855175546, 46.799157589940116 ], [ 10.709388329675681, 46.799068650214593 ], [ 10.709432432207249, 46.79914177683235 ] ], [ [ 10.712527518782318, 46.793923328937659 ], [ 10.711710919812592, 46.793017326809149 ], [ 10.71142094851705, 46.793284013922523 ], [ 10.711412070996426, 46.792251146975644 ], [ 10.712581451723247, 46.790356215245048 ], [ 10.713204165157245, 46.790043552270539 ], [ 10.713985689899134, 46.790597537460997 ], [ 10.71373053208611, 46.791208041836576 ], [ 10.714538849006072, 46.793356212886401 ], [ 10.7135661119973, 46.794112740455873 ], [ 10.712527518782318, 46.793923328937659 ] ], [ [ 10.726329535447693, 46.793288763124401 ], [ 10.727026245705243, 46.792784171941705 ], [ 10.727567360976581, 46.793293183662662 ], [ 10.7271421369264, 46.793260440671141 ], [ 10.727428837379822, 46.793501159297158 ], [ 10.727100341707985, 46.793709770585167 ], [ 10.726329535447693, 46.793288763124401 ] ], [ [ 10.727561955294362, 46.792831365075628 ], [ 10.727685853660191, 46.792804401471678 ], [ 10.727746767131224, 46.792881977551147 ], [ 10.727561955294362, 46.792831365075628 ] ], [ [ 10.718216801720022, 46.792600077420985 ], [ 10.717287660229392, 46.792286090375747 ], [ 10.71705386514369, 46.791660704493395 ], [ 10.718124180592115, 46.79175293307209 ], [ 10.717755260861896, 46.791975729730588 ], [ 10.718625574097889, 46.792222960280768 ], [ 10.718216801720022, 46.792600077420985 ] ], [ [ 10.722212507621597, 46.790340916913721 ], [ 10.721113616308534, 46.789805997262569 ], [ 10.721318759834418, 46.789445408711615 ], [ 10.720430161283677, 46.789521673316905 ], [ 10.720333861709111, 46.789174438940869 ], [ 10.71869463163768, 46.790174370282912 ], [ 10.71766747490449, 46.789779874496205 ], [ 10.717780014194936, 46.790365839397928 ], [ 10.716578464801724, 46.789316610139089 ], [ 10.716981539829252, 46.78866698678128 ], [ 10.715992315593491, 46.78932865740741 ], [ 10.714930170906927, 46.788906810596437 ], [ 10.714701885482109, 46.788483915006509 ], [ 10.713561728941523, 46.788287837384665 ], [ 10.713122847138711, 46.787092592667726 ], [ 10.713479238151214, 46.786723175841352 ], [ 10.713984724654447, 46.786854977695185 ], [ 10.713957108463607, 46.785609232842766 ], [ 10.715244096014493, 46.785544854760616 ], [ 10.71478163110379, 46.785076279020572 ], [ 10.71536061930888, 46.784017654196894 ], [ 10.717009620316359, 46.783733169428409 ], [ 10.718130012077856, 46.785936072149852 ], [ 10.718747946183582, 46.785475878152027 ], [ 10.718795842252772, 46.784356075005007 ], [ 10.719922318285814, 46.783937425373033 ], [ 10.720406034506031, 46.784447088549825 ], [ 10.719823855601884, 46.784967806692549 ], [ 10.719913134516483, 46.785896984924683 ], [ 10.720980815912434, 46.788199949443381 ], [ 10.720507297825984, 46.788249195710684 ], [ 10.721101508985869, 46.788355036736888 ], [ 10.721851027049523, 46.78915808918714 ], [ 10.722212507621597, 46.790340916913721 ] ], [ [ 10.726281738021871, 46.788655147788205 ], [ 10.726263550818992, 46.788843856818872 ], [ 10.726220713823682, 46.788830572112566 ], [ 10.726281738021871, 46.788655147788205 ] ], [ [ 10.713513048645424, 46.790000722942715 ], [ 10.712928247407012, 46.789875896612003 ], [ 10.712835636580683, 46.789709844853959 ], [ 10.713343936003906, 46.789746316080183 ], [ 10.713513048645424, 46.790000722942715 ] ], [ [ 10.716893801967895, 46.799417437283495 ], [ 10.717109996014438, 46.799270721295393 ], [ 10.717192383661866, 46.799421155089526 ], [ 10.716893801967895, 46.799417437283495 ] ], [ [ 10.717330947321832, 46.7996486303987 ], [ 10.717159975238269, 46.799528220512151 ], [ 10.717437822964246, 46.799630629503312 ], [ 10.717330947321832, 46.7996486303987 ] ] ], [ [ [ 10.706482585265947, 46.798165108435384 ], [ 10.707253540318083, 46.798006035990369 ], [ 10.707678189979895, 46.797466803877093 ], [ 10.705985492886347, 46.79679109065939 ], [ 10.705934290729402, 46.796115485977779 ], [ 10.704791000350278, 46.796202212112675 ], [ 10.705123127302096, 46.796701465079593 ], [ 10.705422141170944, 46.7964745507212 ], [ 10.705716174440489, 46.796775696922033 ], [ 10.705160607276136, 46.796754196075298 ], [ 10.705187385997025, 46.7979794570008 ], [ 10.706011787626743, 46.797622835998197 ], [ 10.706482585265947, 46.798165108435384 ] ] ] ] } },
{ "type": "Feature", "properties": { "HOM_ID": 82.0, "area_97": 0.40138783772999997, "region": "Oetztaler Alpen", "name_d": "Oberettesferner", "name_it": "Vedretta di Oberettes di Ponente", "area_05": 0.3175153166, "area_17": 0.224142, "change_pct": -44.158248225056397, "status": "present" }, "geometry": { "type": "Polygon", "coordinates": [ [ [ 10.722790001869186, 46.777411891120309 ], [ 10.725691167328192, 46.77572479137757 ], [ 10.727085011037452, 46.776164259357813 ], [ 10.727191672845441, 46.776787697480181 ], [ 10.728071367973861, 46.77707808810279 ], [ 10.728938814332361, 46.776681081269416 ], [ 10.729303698219928, 46.777104952729054 ], [ 10.729839967543782, 46.777093090746902 ], [ 10.729798470876798, 46.776823345691099 ], [ 10.730860768331963, 46.776743938321111 ], [ 10.730681445893525, 46.776347384162449 ], [ 10.731049897189978, 46.776554126920395 ], [ 10.730709680383397, 46.776226205375231 ], [ 10.730812748794644, 46.775380654998166 ], [ 10.729127169048066, 46.774214728272312 ], [ 10.729485875196444, 46.773858316858686 ], [ 10.72889442971786, 46.773068516479142 ], [ 10.728318973086832, 46.772968314642775 ], [ 10.728772644083097, 46.77268692769313 ], [ 10.72815660771832, 46.772722794015571 ], [ 10.727495715511273, 46.771975756328878 ], [ 10.726347812198245, 46.771488186918269 ], [ 10.726567870353824, 46.771279905639688 ], [ 10.727436214849812, 46.771381576599282 ], [ 10.727657840166975, 46.770849430703414 ], [ 10.727047882747874, 46.771178378181503 ], [ 10.72592200162293, 46.771232261292703 ], [ 10.725941487320711, 46.770535100008004 ], [ 10.726891733050751, 46.77058634900321 ], [ 10.727288123005982, 46.770481984310806 ], [ 10.72572190175263, 46.770411336600333 ], [ 10.7250062553438, 46.769085782653107 ], [ 10.724444179574268, 46.769077858774359 ], [ 10.72338279746824, 46.768314999151123 ], [ 10.723346328177326, 46.767171866282077 ], [ 10.723682418534079, 46.767047926161808 ], [ 10.723256917283205, 46.766800183386124 ], [ 10.721459936471605, 46.766946112102936 ], [ 10.721005799963583, 46.767297279183914 ], [ 10.722310591677903, 46.768179473498158 ], [ 10.721309683102618, 46.768596259267177 ], [ 10.721310115868725, 46.769358707650326 ], [ 10.722229312235433, 46.771144791895871 ], [ 10.72225169298213, 46.771494119277293 ], [ 10.721611890781917, 46.771526753351587 ], [ 10.721530013988346, 46.771765739705216 ], [ 10.723036267969594, 46.773045474679741 ], [ 10.723677028518289, 46.774760661086411 ], [ 10.723035944903819, 46.775816721225503 ], [ 10.722229367004564, 46.775462007680076 ], [ 10.72171721567083, 46.775793438096223 ], [ 10.723058786407625, 46.776485520494283 ], [ 10.723214862766113, 46.776888991748898 ], [ 10.722790001869186, 46.777411891120309 ] ], [ [ 10.725582780345514, 46.77555385334859 ], [ 10.725609064283862, 46.775442778232907 ], [ 10.725702448232692, 46.775564346121428 ], [ 10.725582780345514, 46.77555385334859 ] ], [ [ 10.725557165012189, 46.775312385299571 ], [ 10.725792309897363, 46.775202259218645 ], [ 10.725800892275815, 46.775284113995518 ], [ 10.725557165012189, 46.775312385299571 ] ], [ [ 10.725848090551969, 46.774893976960463 ], [ 10.725999158003933, 46.774580157147014 ], [ 10.726143262588796, 46.774795242312102 ], [ 10.725848090551969, 46.774893976960463 ] ] ] } },
{ "type": "Feature", "properties": { "HOM_ID": 83.0, "area_97": 0.16857896711000001, "region": "Oetztaler Alpen", "name_d": "Saldurferner Noerdlicher", "name_it": "Vedretta di Saldura", "area_05": 0.1490580135, "area_17": 0.0936033, "change_pct": -44.475101725517987, "status": "present" }, "geometry": { "type": "Polygon", "coordinates": [ [ [ 10.726811520883212, 46.746880193049037 ], [ 10.726132051186887, 46.747125127718533 ], [ 10.725964574759834, 46.747996692882211 ], [ 10.726887298119648, 46.748318905756044 ], [ 10.726883974521982, 46.748868253520889 ], [ 10.730003347089035, 46.749997606709009 ], [ 10.729909261900909, 46.749293961104499 ], [ 10.729267511414433, 46.748807656147662 ], [ 10.729431260169187, 46.748333768704335 ], [ 10.730338605261259, 46.748361041685776 ], [ 10.730988525886341, 46.747864380148506 ], [ 10.732592250378715, 46.748249049409878 ], [ 10.734127251826934, 46.746362011856576 ], [ 10.733198831649961, 46.7455917558243 ], [ 10.732472760308053, 46.745451081457958 ], [ 10.732245100122162, 46.744609466817437 ], [ 10.731568756057206, 46.744321653835236 ], [ 10.730808366122481, 46.744634441344161 ], [ 10.730772386572033, 46.744194472519105 ], [ 10.730304803505623, 46.744392691866047 ], [ 10.730353593852634, 46.744904578446977 ], [ 10.731014926026832, 46.746379680363901 ], [ 10.728235961339941, 46.746204539037585 ], [ 10.727685211340964, 46.747040098214896 ], [ 10.726811520883212, 46.746880193049037 ] ] ] } },
{ "type": "Feature", "properties": { "HOM_ID": 84.0, "area_97": 0.44553657215999998, "region": "Oetztaler Alpen", "name_d": "Saldurferner Suedlicher", "name_it": "Vedretta di Saldura", "area_05": 0.4092504728, "area_17": 0.2551853, "change_pct": -42.724050965594245, "status": "present" }, "geometry": { "type": "Polygon", "coordinates": [ [ [ 10.724959848492327, 46.747253487423798 ], [ 10.726811520883212, 46.746880193049037 ], [ 10.726252428878141, 46.745587345546191 ], [ 10.727005491463292, 46.744574373927506 ], [ 10.726977390932232, 46.743963739867553 ], [ 10.729256884213314, 46.742318312325075 ], [ 10.729720227773083, 46.742229394373908 ], [ 10.731372184766911, 46.743263906639157 ], [ 10.733110512948755, 46.743470836923422 ], [ 10.734775709360214, 46.743272183274499 ], [ 10.734246039984574, 46.741361458785263 ], [ 10.735384788115168, 46.741033287410431 ], [ 10.73344934332968, 46.741476389907319 ], [ 10.733568195138712, 46.740683040734581 ], [ 10.733178844587393, 46.740495997672618 ], [ 10.732613143528376, 46.74086225355915 ], [ 10.732937370021601, 46.740995021380044 ], [ 10.732606114888345, 46.741364563504405 ], [ 10.731520837479351, 46.741397514371762 ], [ 10.731893325368869, 46.740351541731428 ], [ 10.731268647754169, 46.739864952112057 ], [ 10.732749396794933, 46.739506799778972 ], [ 10.73276765489792, 46.739062877924773 ], [ 10.733498361687648, 46.738714601934682 ], [ 10.732917153751844, 46.738777379272548 ], [ 10.732623107400647, 46.737721738769366 ], [ 10.731541614255519, 46.737836495009446 ], [ 10.72934435098796, 46.737181057101822 ], [ 10.727210502899283, 46.737730503438549 ], [ 10.726740418045321, 46.737605716548309 ], [ 10.726715830558444, 46.738394370281888 ], [ 10.727506892632055, 46.738454985945594 ], [ 10.726686871907541, 46.738729717149425 ], [ 10.726526716058054, 46.739502790438479 ], [ 10.728406863667221, 46.73900298920006 ], [ 10.730542761138476, 46.739059175006268 ], [ 10.730628540579055, 46.739301441342349 ], [ 10.729087780603935, 46.739226356530132 ], [ 10.7276775330907, 46.740063410452748 ], [ 10.727256506788773, 46.740854061500123 ], [ 10.725986600510824, 46.7408882847432 ], [ 10.724972968710119, 46.741637336068173 ], [ 10.723775905697623, 46.741549913542428 ], [ 10.723110961174287, 46.741844609749762 ], [ 10.723421154090268, 46.742152631963428 ], [ 10.722949916124053, 46.74214743200433 ], [ 10.722663098453738, 46.742877315230224 ], [ 10.723330742696904, 46.743805985401842 ], [ 10.722978012886795, 46.744713130780433 ], [ 10.723292383416529, 46.745916016716031 ], [ 10.724820031318107, 46.746672417623188 ], [ 10.724959848492327, 46.747253487423798 ] ] ] } },
{ "type": "Feature", "properties": { "HOM_ID": 85.0, "area_97": 0.39259398489000003, "region": "Oetztaler Alpen", "name_d": "Ramudlferner Noerdlicher", "name_it": "Vedretta di Ramudla", "area_05": 0.3355531827, "area_17": 0.233592, "change_pct": -40.500361953979102, "status": "present" }, "geometry": { "type": "Polygon", "coordinates": [ [ [ 10.727062851591349, 46.727997068570239 ], [ 10.726694240103601, 46.728596275829545 ], [ 10.725496541318995, 46.728959773526775 ], [ 10.723993011207071, 46.731584966299728 ], [ 10.723617451562095, 46.731287710630859 ], [ 10.722705959806484, 46.731682669769214 ], [ 10.722800483863248, 46.733152875039018 ], [ 10.721863672892178, 46.733402223475174 ], [ 10.721877873536048, 46.732637962058874 ], [ 10.721401632676832, 46.732472960832048 ], [ 10.720066394291678, 46.733042341834832 ], [ 10.720375158485291, 46.7346896938447 ], [ 10.720879311218791, 46.734419760299097 ], [ 10.721654053408393, 46.734596668941123 ], [ 10.725313113947575, 46.732857325944323 ], [ 10.726289046699947, 46.732964826037446 ], [ 10.723591953217101, 46.736661177384164 ], [ 10.72439331771856, 46.736923750351892 ], [ 10.725432570475423, 46.736793302720912 ], [ 10.725349630045129, 46.736249355082371 ], [ 10.725893169809625, 46.73646661468613 ], [ 10.726020784007579, 46.735607947981073 ], [ 10.727221573932939, 46.73512251144593 ], [ 10.727028796686925, 46.734251801617368 ], [ 10.727706787456794, 46.733923796862996 ], [ 10.727679269838065, 46.733398574794705 ], [ 10.72817500421163, 46.733272915004889 ], [ 10.72926727719271, 46.731812156523269 ], [ 10.730478377602926, 46.731441365790594 ], [ 10.732353533979243, 46.731540063181264 ], [ 10.732178335469358, 46.731252397921693 ], [ 10.732853195686459, 46.731151056876321 ], [ 10.732286215270507, 46.730929526148856 ], [ 10.733167885553399, 46.730786047112851 ], [ 10.732011580794625, 46.730800136326458 ], [ 10.731456764606198, 46.729954453345741 ], [ 10.732471945135243, 46.729373867778357 ], [ 10.733100648015943, 46.729366395325762 ], [ 10.732970198864859, 46.728737087162258 ], [ 10.732682415705401, 46.728686106791308 ], [ 10.732301363510562, 46.729259622904372 ], [ 10.731534929681672, 46.729340912845082 ], [ 10.730280129486518, 46.727540214721344 ], [ 10.730716531436105, 46.727332368147337 ], [ 10.730090228855833, 46.726761796985294 ], [ 10.72881068432053, 46.727014797914435 ], [ 10.728034488933071, 46.727806415065338 ], [ 10.728245827603565, 46.728661590543055 ], [ 10.728808249110481, 46.728901047088229 ], [ 10.728935558699186, 46.729031861227618 ], [ 10.728984109474087, 46.729169120306231 ], [ 10.728695618894797, 46.728949797188143 ], [ 10.728215248463052, 46.729278070931116 ], [ 10.727907571665433, 46.729163407494973 ], [ 10.727062851591349, 46.727997068570239 ] ] ] } },
{ "type": "Feature", "properties": { "HOM_ID": 86.0, "area_97": 0.2273286874, "region": "Oetztaler Alpen", "name_d": "Ramudlferner Suedlicher", "name_it": "Vedretta di Ramudla", "area_05": 0.1857629154, "area_17": 0.117653, "change_pct": -48.24542324788878, "status": "present" }, "geometry": { "type": "Polygon", "coordinates": [ [ [ 10.726783069331464, 46.728051088474238 ], [ 10.728111611219392, 46.727524442531724 ], [ 10.728467162900237, 46.726711520260181 ], [ 10.728369544743272, 46.726081710646802 ], [ 10.727683245076346, 46.725834165759011 ], [ 10.727670010072169, 46.724430031043582 ], [ 10.726634262393432, 46.723355267793039 ], [ 10.725339833676202, 46.723887203438814 ], [ 10.725404660672373, 46.724618355368932 ], [ 10.723894055364047, 46.726180392015415 ], [ 10.722205815748726, 46.726834643784009 ], [ 10.721357132489532, 46.727796391626796 ], [ 10.720272718332092, 46.728001268126476 ], [ 10.720395231056344, 46.728289455070424 ], [ 10.719000839351985, 46.728873029254189 ], [ 10.719731360333927, 46.729937962850556 ], [ 10.720402476808058, 46.730121435933185 ], [ 10.72031452307248, 46.730909053989109 ], [ 10.720904133406453, 46.731265019640006 ], [ 10.721984487161583, 46.730275192633016 ], [ 10.721629011396693, 46.729876766985811 ], [ 10.72306454408338, 46.729838758109068 ], [ 10.724873206385569, 46.728602225925272 ], [ 10.724920407926509, 46.727839054307452 ], [ 10.725801965381796, 46.727504014075791 ], [ 10.726068701931851, 46.726792060148391 ], [ 10.72663264055736, 46.726892625227336 ], [ 10.725831327784462, 46.727848333187879 ], [ 10.726645034562031, 46.72766078030137 ], [ 10.726783069331464, 46.728051088474238 ] ], [ [ 10.726991104643821, 46.726332659323909 ], [ 10.72726771073186, 46.726299214551766 ], [ 10.727034524636078, 46.726591191247934 ], [ 10.726991104643821, 46.726332659323909 ] ], [ [ 10.72760785830145, 46.726310475425969 ], [ 10.728097487514017, 46.726335874382265 ], [ 10.728078104230724, 46.726475541460886 ], [ 10.727686947600438, 46.726547037197022 ], [ 10.72760785830145, 46.726310475425969 ] ] ] } },
{ "type": "Feature", "properties": { "HOM_ID": 87.0, "area_97": 0.05072021028, "region": "Oetztaler Alpen", "name_d": "Ramudlferner Suedlicher", "name_it": "Vedretta di Ramudla", "area_05": 0.0162131421, "area_17": 0.008408491, "change_pct": -83.421813605304322, "status": "present" }, "geometry": { "type": "MultiPolygon", "coordinates": [ [ [ [ 10.722580589076639, 46.725031480918219 ], [ 10.723205556548756, 46.724146293979238 ], [ 10.721531370508727, 46.72408239960604 ], [ 10.721817598475983, 46.724657637028017 ], [ 10.722580589076639, 46.725031480918219 ] ] ], [ [ [ 10.718989173827971, 46.726442352355662 ], [ 10.718597266092869, 46.725927635659055 ], [ 10.718775565159875, 46.725535528067788 ], [ 10.719362277275986, 46.72523976483216 ], [ 10.719621541935149, 46.725707281921665 ], [ 10.720302766225052, 46.725196931622584 ], [ 10.719395841474041, 46.724734940935235 ], [ 10.720104669351784, 46.724216090857226 ], [ 10.719585825443046, 46.723645896440196 ], [ 10.718514371472523, 46.724256387786959 ], [ 10.719004402904986, 46.724535867439606 ], [ 10.718852735540434, 46.724997974327145 ], [ 10.718310119106564, 46.725102789473446 ], [ 10.718456928887795, 46.725544414022579 ], [ 10.717483350240974, 46.725202399951577 ], [ 10.71649199751209, 46.725614904998032 ], [ 10.716624373188722, 46.726686922097223 ], [ 10.717339455149965, 46.727241885432406 ], [ 10.718989173827971, 46.726442352355662 ] ] ] ] } },
{ "type": "Feature", "properties": { "HOM_ID": 88.0, "area_97": 0.91346524026999998, "region": "Oetztaler Alpen", "name_d": "Lagaunferner", "name_it": "vedretta di Lagaun", "area_05": 0.7994068677, "area_17": 0.664208, "change_pct": -27.28699782777997, "status": "present" }, "geometry": { "type": "Polygon", "coordinates": [ [ [ 10.736301616810355, 46.740125514758155 ], [ 10.738138272448722, 46.738200666295562 ], [ 10.738718845813983, 46.738158061342659 ], [ 10.738856171113532, 46.737422209755231 ], [ 10.739544105312062, 46.736936240060913 ], [ 10.740627068324994, 46.737423974630687 ], [ 10.741739732589775, 46.736611787279834 ], [ 10.741267797080001, 46.73621314657202 ], [ 10.740682302238808, 46.736361430575464 ], [ 10.740889982707385, 46.736145110075434 ], [ 10.740601822015826, 46.736083906814748 ], [ 10.741293922507454, 46.735913503575347 ], [ 10.740818411187663, 46.735588701719593 ], [ 10.740827368551926, 46.734961767836516 ], [ 10.740073262815846, 46.734480944396687 ], [ 10.740412292027534, 46.734065747192375 ], [ 10.741704777102489, 46.734790741633724 ], [ 10.742390327748245, 46.735708245476474 ], [ 10.742813456035242, 46.735517334628526 ], [ 10.743809818635881, 46.735907976634905 ], [ 10.744761508024096, 46.735662226230687 ], [ 10.744456405868977, 46.734881506782564 ], [ 10.744984531191788, 46.733655252735879 ], [ 10.745547408129124, 46.733421275995369 ], [ 10.746286570789831, 46.733719792084713 ], [ 10.746466236312822, 46.733337611816495 ], [ 10.745451177611718, 46.733288215303546 ], [ 10.745181523557472, 46.73273589595042 ], [ 10.746985276798094, 46.732325981131659 ], [ 10.744333623883366, 46.73137922402551 ], [ 10.746469825922155, 46.729616069099166 ], [ 10.74671496970689, 46.729084841488003 ], [ 10.746227729011553, 46.729034101935959 ], [ 10.746562258403403, 46.728754857016021 ], [ 10.742152440421162, 46.72949511336828 ], [ 10.741311960773531, 46.729232122440877 ], [ 10.740844550027798, 46.728544314621615 ], [ 10.741322831020945, 46.728421185041512 ], [ 10.741069226883928, 46.728311133577961 ], [ 10.740846482675648, 46.728477933256087 ], [ 10.739482252746244, 46.728071640340325 ], [ 10.738907183847354, 46.728357374665492 ], [ 10.736172159795709, 46.72776826849519 ], [ 10.735412969823424, 46.728042129117838 ], [ 10.735590192700572, 46.728363280870703 ], [ 10.734855416560428, 46.727942615616037 ], [ 10.734526337480942, 46.728092468481769 ], [ 10.734333297618374, 46.729116535917555 ], [ 10.733995827832425, 46.729246931644596 ], [ 10.73464841721459, 46.729773652362248 ], [ 10.734369735048928, 46.729972200545951 ], [ 10.734725912746155, 46.730093976693958 ], [ 10.734895183257665, 46.730929915895707 ], [ 10.733635374734099, 46.731032155722623 ], [ 10.733379073779457, 46.731595606013322 ], [ 10.733738372377546, 46.731746288205251 ], [ 10.733697400288154, 46.732257104854533 ], [ 10.732523898701976, 46.732205660460174 ], [ 10.731807127807151, 46.73299016329436 ], [ 10.732359721513024, 46.733036194057426 ], [ 10.732002383031716, 46.733605068604568 ], [ 10.732763384144558, 46.7338300509211 ], [ 10.73293598945328, 46.73423318562488 ], [ 10.731808485744184, 46.735557376043197 ], [ 10.732327629268136, 46.735943043175553 ], [ 10.732005505438348, 46.7361241884755 ], [ 10.732656505984414, 46.736323836671609 ], [ 10.73240261310958, 46.737210177677326 ], [ 10.733267921774646, 46.737748864633268 ], [ 10.733250862679514, 46.738146749958588 ], [ 10.734230549807746, 46.738947652421238 ], [ 10.734701891078688, 46.738956903516787 ], [ 10.735085022718943, 46.73956188065533 ], [ 10.735723637104236, 46.739580888259091 ], [ 10.736301616810355, 46.740125514758155 ] ], [ [ 10.741020705893057, 46.736610622116494 ], [ 10.741226091633198, 46.736516351063159 ], [ 10.741250243417189, 46.73657330892113 ], [ 10.741020705893057, 46.736610622116494 ] ], [ [ 10.740232315449671, 46.735707891137693 ], [ 10.740320900635801, 46.735573254891911 ], [ 10.740523974813367, 46.735660130128238 ], [ 10.740232315449671, 46.735707891137693 ] ] ] } },
{ "type": "Feature", "properties": { "HOM_ID": 89.0, "area_97": 0.21043886664, "region": "Oetztaler Alpen", "name_d": "Lazaunferner Oestlicher", "name_it": "Vedretta di Lazaun", "area_05": 0.1852508259, "area_17": 0.128911, "change_pct": -38.74182936913008, "status": "present" }, "geometry": { "type": "Polygon", "coordinates": [ [ [ 10.743980104531206, 46.747057364507178 ], [ 10.746602608925606, 46.747382190608178 ], [ 10.746184709888546, 46.747183607189868 ], [ 10.745848302096022, 46.746184428310301 ], [ 10.746021166200885, 46.745812859282928 ], [ 10.746821850898897, 46.74567765982426 ], [ 10.744150360413336, 46.744029550168229 ], [ 10.745063855720705, 46.743128116433354 ], [ 10.744074631580105, 46.742778369089351 ], [ 10.744534229706487, 46.742607391476483 ], [ 10.744665779165967, 46.742064286370223 ], [ 10.745556862774537, 46.742144976497904 ], [ 10.744222058814932, 46.741525852884173 ], [ 10.744259982529835, 46.740852999061509 ], [ 10.743948434430736, 46.740931515037197 ], [ 10.744039214504474, 46.740663700623422 ], [ 10.743411635074535, 46.740346240454848 ], [ 10.739911872647438, 46.740736957056022 ], [ 10.740330119747295, 46.740285664130361 ], [ 10.738570389622474, 46.740263228615873 ], [ 10.738317311119596, 46.73998013222068 ], [ 10.738419913035209, 46.740404889261264 ], [ 10.737902985967676, 46.740461933733791 ], [ 10.738745147551647, 46.741432955078459 ], [ 10.739575466885753, 46.74167421726974 ], [ 10.739516098916184, 46.741988555309227 ], [ 10.739825307291149, 46.741714733045477 ], [ 10.740426174432882, 46.741973089835014 ], [ 10.740515104827107, 46.74251283595121 ], [ 10.741558533921106, 46.74232478915706 ], [ 10.742950441355436, 46.74355161083659 ], [ 10.742881639506949, 46.744061164732749 ], [ 10.741368399409216, 46.744104703738408 ], [ 10.741337213586213, 46.744617582626233 ], [ 10.740753499162743, 46.744638763304536 ], [ 10.741161767817024, 46.745280230342445 ], [ 10.742247611781689, 46.745296493575609 ], [ 10.742622421407637, 46.745639220888663 ], [ 10.742049693233572, 46.745631545290955 ], [ 10.743980104531206, 46.747057364507178 ] ] ] } },
{ "type": "Feature", "properties": { "HOM_ID": 90.0, "area_97": 0.23229937632, "region": "Oetztaler Alpen", "name_d": "Lazaunferner Westlicher", "name_it": "Vedretta di Lazaun", "area_05": 0.2100731018, "area_17": 0.120843, "change_pct": -47.979627877461532, "status": "present" }, "geometry": { "type": "Polygon", "coordinates": [ [ [ 10.740662998137484, 46.749050919341784 ], [ 10.746063859067315, 46.74898091793888 ], [ 10.745621446205874, 46.748762210459297 ], [ 10.745685306975675, 46.748339015208813 ], [ 10.744905654463837, 46.748203336519254 ], [ 10.743580240343912, 46.748526886726296 ], [ 10.743571691102245, 46.747707169802403 ], [ 10.742177958699681, 46.747761195656409 ], [ 10.742144080679521, 46.747450169928982 ], [ 10.742656165412606, 46.74742597406739 ], [ 10.742421473256673, 46.747175395379259 ], [ 10.740609660333938, 46.746653677793802 ], [ 10.74093579634161, 46.746410959078361 ], [ 10.740076084674595, 46.746010015610921 ], [ 10.740583959634913, 46.745670252114472 ], [ 10.739646541245399, 46.745077822745273 ], [ 10.739335352304686, 46.743746202287902 ], [ 10.73813468125738, 46.743124968507004 ], [ 10.737364046257326, 46.741207295061557 ], [ 10.736732996275135, 46.740779823224727 ], [ 10.736105956208236, 46.741011705088155 ], [ 10.734621474204449, 46.743838266808297 ], [ 10.735696808336002, 46.744828320740503 ], [ 10.735593295677099, 46.745133234319624 ], [ 10.736128215585062, 46.745077977438307 ], [ 10.736099587328658, 46.745840869983027 ], [ 10.737056468257501, 46.745690797329488 ], [ 10.736768129099481, 46.746415575054691 ], [ 10.737344888199273, 46.746641813404793 ], [ 10.737881780159617, 46.746485122941358 ], [ 10.739419184448487, 46.747278469965707 ], [ 10.739306507546083, 46.747854076309345 ], [ 10.740756639508135, 46.748069776605654 ], [ 10.740662998137484, 46.749050919341784 ] ] ] } },
{ "type": "Feature", "properties": { "HOM_ID": 91.0, "area_97": 0.21296993243000001, "region": "Oetztaler Alpen", "name_d": "Schwemserferner", "name_it": "Vedretta di Oberettes Levante", "area_05": 0.1718303033, "area_17": 0.1140417, "change_pct": -46.451736778625417, "status": "present" }, "geometry": { "type": "Polygon", "coordinates": [ [ [ 10.731939284535335, 46.76966356376218 ], [ 10.732311986665398, 46.76937917467329 ], [ 10.732656613290457, 46.769521528017791 ], [ 10.73299819269006, 46.768639121469853 ], [ 10.733417441178217, 46.768690159456661 ], [ 10.735188632684327, 46.767766179395679 ], [ 10.73650455914348, 46.766231044396086 ], [ 10.735533352103497, 46.765401263431329 ], [ 10.73658516379397, 46.764575987109616 ], [ 10.737059258249115, 46.764875939176086 ], [ 10.737921944656787, 46.764247954303649 ], [ 10.73677790380046, 46.764474386817298 ], [ 10.736823153204515, 46.763980937660854 ], [ 10.736120053904319, 46.76442288279798 ], [ 10.734595930986902, 46.764331221930384 ], [ 10.73330810603605, 46.765096798138153 ], [ 10.733561774963244, 46.765379900196642 ], [ 10.733183404509781, 46.765681651081493 ], [ 10.732069624610858, 46.765541872746219 ], [ 10.730659066125998, 46.764899144782468 ], [ 10.730763019017569, 46.765537050413108 ], [ 10.729493369577241, 46.765568547482246 ], [ 10.72941245558728, 46.765836220655849 ], [ 10.730176066849987, 46.766318357446806 ], [ 10.729986670784099, 46.766734930093179 ], [ 10.729221931120767, 46.766593357366631 ], [ 10.729535476350094, 46.76688376172222 ], [ 10.728965687067678, 46.767720416332786 ], [ 10.729235024944057, 46.768679662687703 ], [ 10.729698617151262, 46.76887816663411 ], [ 10.729630312921403, 46.769473035688925 ], [ 10.731939284535335, 46.76966356376218 ] ] ] } },
{ "type": "Feature", "properties": { "HOM_ID": 92.0, "area_97": 0.08439335067000001, "region": "Oetztaler Alpen", "name_d": "Schwemserferner", "name_it": "Vedretta di Oberettes Levante", "area_05": 0.0380677771, "area_17": 0.0244243, "change_pct": -71.058975848102804, "status": "present" }, "geometry": { "type": "Polygon", "coordinates": [ [ [ 10.732680081866206, 46.77248490879056 ], [ 10.733816640295759, 46.771090353230562 ], [ 10.735283374809969, 46.770875453958823 ], [ 10.735706592583856, 46.771049399835043 ], [ 10.735940418554611, 46.770713815886516 ], [ 10.736362848117798, 46.770863176004426 ], [ 10.738076639439086, 46.769427022115458 ], [ 10.735264723160974, 46.770109182576135 ], [ 10.73403601125664, 46.769746583347654 ], [ 10.732806185084101, 46.769921345981857 ], [ 10.73163498489026, 46.770779058915323 ], [ 10.730472690234089, 46.770682098290969 ], [ 10.730173939194918, 46.770985626916904 ], [ 10.730349873923394, 46.770704218771435 ], [ 10.729573999694878, 46.770695454063457 ], [ 10.73133503125948, 46.772402789841969 ], [ 10.731797447114191, 46.772220582779752 ], [ 10.732680081866206, 46.77248490879056 ] ] ] } },
{ "type": "Feature", "properties": { "HOM_ID": 93.0, "area_97": 0.01312330776, "region": "Oetztaler Alpen", "name_d": null, "name_it": null, "area_05": null, "area_17": null, "change_pct": -100.0, "status": "disappeared" }, "geometry": { "type": "Polygon", "coordinates": [ [ [ 10.741856591835441, 46.772624490015403 ], [ 10.744618201378715, 46.77247115871868 ], [ 10.745107757899449, 46.77188374503308 ], [ 10.743968485287668, 46.772077701105019 ], [ 10.742156113982027, 46.771893410055341 ], [ 10.742404318925225, 46.772303343432391 ], [ 10.741856591835441, 46.772624490015403 ] ] ] } },
{ "type": "Feature", "properties": { "HOM_ID": 94.0, "area_97": 0.92874994495999996, "region": "Oetztaler Alpen", "name_d": "Steinschlagferner", "name_it": "Vedretta delle Frane", "area_05": 0.7358828373, "area_17": 0.530598, "change_pct": -42.869660140561066, "status": "present" }, "geometry": { "type": "Polygon", "coordinates": [ [ [ 10.733552162417157, 46.775553106671815 ], [ 10.733126455874693, 46.776084876943102 ], [ 10.732119394700533, 46.775801592933128 ], [ 10.730772462969471, 46.776982179760374 ], [ 10.731187958768654, 46.778051685958324 ], [ 10.730491931327345, 46.777931040464232 ], [ 10.730684169097916, 46.778157688565337 ], [ 10.731552527892626, 46.778628257059552 ], [ 10.732362565150714, 46.778604626329042 ], [ 10.733220359494187, 46.779223330345303 ], [ 10.730835988390552, 46.779729490351201 ], [ 10.731748410054335, 46.780084612861891 ], [ 10.731388674793678, 46.780520761083103 ], [ 10.730410266175165, 46.780820122267627 ], [ 10.731277707082139, 46.780860225822344 ], [ 10.73179103574188, 46.781597993077952 ], [ 10.732632507455046, 46.781712668354899 ], [ 10.731969543175293, 46.782156128430671 ], [ 10.731212002713585, 46.78215428752754 ], [ 10.731827723595369, 46.782700127364826 ], [ 10.731763385566234, 46.782998983504271 ], [ 10.731055343672873, 46.783058459110904 ], [ 10.732356151511283, 46.784147979856066 ], [ 10.731883708470642, 46.784302704313255 ], [ 10.732280242001401, 46.785501868961262 ], [ 10.733030495448734, 46.785449515639336 ], [ 10.733427221722549, 46.784823932759991 ], [ 10.733791106793692, 46.785011900053405 ], [ 10.734083004656608, 46.784468540200976 ], [ 10.73462649737368, 46.784375553130843 ], [ 10.734934585197418, 46.7830846434329 ], [ 10.735494189404536, 46.783619444275708 ], [ 10.734926573454775, 46.785769213444965 ], [ 10.735307232243567, 46.785915112364343 ], [ 10.7347650602242, 46.786195887409399 ], [ 10.735151945988722, 46.786452201787966 ], [ 10.733836977545351, 46.787423159407474 ], [ 10.734322702486514, 46.787963247376666 ], [ 10.735033499066596, 46.788167679782319 ], [ 10.736194970756669, 46.787818024928889 ], [ 10.737832343026746, 46.786401485976349 ], [ 10.739395727542103, 46.786025198129913 ], [ 10.740354334195738, 46.786141795820114 ], [ 10.742070194618512, 46.784943309695642 ], [ 10.742022359833459, 46.784755473559521 ], [ 10.741201192261043, 46.785013926367185 ], [ 10.741171537191306, 46.784649547307012 ], [ 10.740323865077738, 46.784826412107968 ], [ 10.73989722250559, 46.78455005538661 ], [ 10.739911064876443, 46.785164726852862 ], [ 10.738466080365502, 46.785510528486888 ], [ 10.738199567355119, 46.785203037892352 ], [ 10.737173823133206, 46.785595743106612 ], [ 10.736095533485692, 46.786357069662074 ], [ 10.735490441879849, 46.787437238859198 ], [ 10.735067338087234, 46.787363721655005 ], [ 10.736154131784279, 46.784840401194707 ], [ 10.736861164911881, 46.784317437120286 ], [ 10.736829528471125, 46.784818020596191 ], [ 10.738393985925621, 46.784105594999403 ], [ 10.738046510878238, 46.783692753761997 ], [ 10.737314481096741, 46.784310554856198 ], [ 10.737756749100596, 46.783775039948203 ], [ 10.737204658303758, 46.783539555520484 ], [ 10.738061090075199, 46.783434553093208 ], [ 10.738965893887686, 46.782889739337683 ], [ 10.739125773215118, 46.782477061780995 ], [ 10.738407766528555, 46.782364202277257 ], [ 10.738704483161889, 46.78209633910182 ], [ 10.742242453779555, 46.781047693148423 ], [ 10.742670514796584, 46.780338949311961 ], [ 10.744395128438851, 46.779787969729007 ], [ 10.744875174260063, 46.779870832536282 ], [ 10.744914654712957, 46.780353937321109 ], [ 10.745192208591474, 46.779710226307145 ], [ 10.748099163971082, 46.779435753528652 ], [ 10.746482873774015, 46.778911107147188 ], [ 10.747971270680127, 46.778856089154779 ], [ 10.745423966618542, 46.778612659636103 ], [ 10.744633111583873, 46.778153399427055 ], [ 10.744890215440728, 46.77793577256061 ], [ 10.744426365943015, 46.777614908570243 ], [ 10.746066847156689, 46.777233253774035 ], [ 10.745703992071718, 46.776529625901418 ], [ 10.744729257420264, 46.776093579555742 ], [ 10.745308404881776, 46.776105242648235 ], [ 10.745734755922552, 46.775635527050035 ], [ 10.747960940702082, 46.775973762270368 ], [ 10.747333158718995, 46.775430761183515 ], [ 10.745842377161445, 46.775088688546454 ], [ 10.744017604493711, 46.775674012029164 ], [ 10.744551933079054, 46.776145474025192 ], [ 10.743694252023683, 46.776448239916597 ], [ 10.742150166147391, 46.776078438635771 ], [ 10.742943341389005, 46.775665786633972 ], [ 10.741949828042531, 46.775201308171667 ], [ 10.740289979806793, 46.775330015775253 ], [ 10.739630798434753, 46.774892257664057 ], [ 10.739227990193051, 46.775353394177387 ], [ 10.738345127485511, 46.775174148206723 ], [ 10.737900202135107, 46.77574426060059 ], [ 10.7371165756072, 46.775748251219113 ], [ 10.736948665957575, 46.776464064258178 ], [ 10.735773593942923, 46.776475747831917 ], [ 10.73546926408042, 46.775732257680616 ], [ 10.734380984944361, 46.775287597866551 ], [ 10.734517617918284, 46.77471163591548 ], [ 10.733654685779159, 46.77496656907492 ], [ 10.733359239385749, 46.775435822303038 ], [ 10.732457168411836, 46.775199333939689 ], [ 10.733552162417157, 46.775553106671815 ] ], [ [ 10.733552162417157, 46.775553106671815 ], [ 10.733552365455269, 46.775552453841108 ], [ 10.733552679193087, 46.775553250031315 ], [ 10.733552162417157, 46.775553106671815 ] ], [ [ 10.73511918421767, 46.781821478536429 ], [ 10.734841870370845, 46.781751789895736 ], [ 10.734963626281912, 46.781639645752101 ], [ 10.73511918421767, 46.781821478536429 ] ], [ [ 10.734741313977034, 46.787989695045148 ], [ 10.73545332519976, 46.787767788265533 ], [ 10.735323175180245, 46.787989070148711 ], [ 10.734741313977034, 46.787989695045148 ] ] ] } },
{ "type": "Feature", "properties": { "HOM_ID": 95.0, "area_97": 0.07825750477, "region": "Oetztaler Alpen", "name_d": null, "name_it": null, "area_05": 0.0190480187, "area_17": 0.0054229, "change_pct": -93.070440955231092, "status": "present" }, "geometry": { "type": "MultiPolygon", "coordinates": [ [ [ [ 10.785034960216556, 46.794110275104956 ], [ 10.785476605540545, 46.793026657750055 ], [ 10.7843597735363, 46.79366715990956 ], [ 10.783779494145199, 46.793446652354298 ], [ 10.784232743363257, 46.794450233774455 ], [ 10.785169812811668, 46.794578213893637 ], [ 10.785034960216556, 46.794110275104956 ] ] ], [ [ [ 10.788447925025739, 46.79599727128906 ], [ 10.789609905142241, 46.795998232645843 ], [ 10.789390603061804, 46.794424832122665 ], [ 10.789795707619005, 46.793802493445803 ], [ 10.790328051951278, 46.793655912269806 ], [ 10.789706282127343, 46.792424944640921 ], [ 10.789205353524958, 46.792197758021651 ], [ 10.78834101447635, 46.792329385711717 ], [ 10.787929321934548, 46.792835319305631 ], [ 10.788427536006811, 46.792980570656269 ], [ 10.787624930392646, 46.793736436794369 ], [ 10.788650525982789, 46.794906447497077 ], [ 10.788730070596083, 46.795718338135977 ], [ 10.786520955845422, 46.795366035884335 ], [ 10.785976988134465, 46.795522099512503 ], [ 10.786453258763633, 46.795845333927915 ], [ 10.785945441532581, 46.795891521387013 ], [ 10.785508496353955, 46.795193276408931 ], [ 10.784484736755402, 46.795280300320627 ], [ 10.786073797890339, 46.79616279851556 ], [ 10.786729858891192, 46.796026846219071 ], [ 10.787864825753395, 46.796413572519285 ], [ 10.788447925025739, 46.79599727128906 ] ] ] ] } },
{ "type": "Feature", "properties": { "HOM_ID": 96.0, "area_97": 1.2119046578299999, "region": "Oetztaler Alpen", "name_d": "Hochjochferner", "name_it": "Vedretta di Giogo Alto", "area_05": 1.0760069058, "area_17": 0.8872195, "change_pct": -26.791311984176335, "status": "present" }, "geometry": { "type": "MultiPolygon", "coordinates": [ [ [ [ 10.811587774508029, 46.774549575576337 ], [ 10.81418669873382, 46.773765068237886 ], [ 10.814101193676768, 46.773351035352519 ], [ 10.812195844746485, 46.772993170417024 ], [ 10.811553029585747, 46.773276632292067 ], [ 10.811031819544588, 46.773153707703536 ], [ 10.810563141532606, 46.774123077929637 ], [ 10.811785708120969, 46.774284090123587 ], [ 10.811587774508029, 46.774549575576337 ] ] ], [ [ [ 10.800958420577182, 46.786765728487758 ], [ 10.812691954633191, 46.776476825620954 ], [ 10.812838160101348, 46.775775934980473 ], [ 10.811068934000176, 46.776274906904568 ], [ 10.810229597993049, 46.77583575010901 ], [ 10.810335300191305, 46.775087573629335 ], [ 10.809915920062211, 46.774988028476024 ], [ 10.809802458461176, 46.773916665537222 ], [ 10.810298794649462, 46.772855558333092 ], [ 10.811225508536651, 46.772094264655365 ], [ 10.811116386132552, 46.771576382238905 ], [ 10.811616899831021, 46.771606588492709 ], [ 10.809719654951214, 46.770896249206956 ], [ 10.809666680339516, 46.770398764370306 ], [ 10.809050283162694, 46.769928396335651 ], [ 10.80780451312031, 46.770033623243613 ], [ 10.808358947723148, 46.770080626939972 ], [ 10.808194534269637, 46.770406820475372 ], [ 10.806670130662519, 46.771183983846896 ], [ 10.805983229391376, 46.770904329967742 ], [ 10.80571187088996, 46.770122380740851 ], [ 10.805278160147745, 46.769998049832743 ], [ 10.805726140394455, 46.769597453734143 ], [ 10.805264200726212, 46.76934239306906 ], [ 10.804273262271213, 46.770101106681729 ], [ 10.803097817432967, 46.769737287377247 ], [ 10.803186681101824, 46.769952199973005 ], [ 10.8028196224894, 46.769982159539516 ], [ 10.802326184290624, 46.769498026746561 ], [ 10.801458828080371, 46.769841050551634 ], [ 10.80000650417723, 46.769842742348835 ], [ 10.798667190258119, 46.769476999050809 ], [ 10.797771867240595, 46.769784684414773 ], [ 10.798720637819729, 46.771250852088855 ], [ 10.796118298292592, 46.770595863418592 ], [ 10.795527603315369, 46.77100565219483 ], [ 10.79665652973924, 46.772188843752971 ], [ 10.797628935585736, 46.771528624430296 ], [ 10.798516370611512, 46.771687494784487 ], [ 10.79808654605816, 46.771893096783884 ], [ 10.798214591037357, 46.772393923612185 ], [ 10.797776563294896, 46.772378944157992 ], [ 10.798732108434086, 46.773123649612096 ], [ 10.79871303919478, 46.773506543212051 ], [ 10.799530496203261, 46.774122861320265 ], [ 10.799237659077798, 46.774313275435333 ], [ 10.799836771462294, 46.774753999023034 ], [ 10.799736839722161, 46.774328000131121 ], [ 10.800408755172064, 46.776168963838053 ], [ 10.802830805079935, 46.777340208083181 ], [ 10.80285357347323, 46.7779064209561 ], [ 10.803317711609118, 46.778012233165384 ], [ 10.802566934891521, 46.778232895691794 ], [ 10.803119479476162, 46.778995806202452 ], [ 10.802529406617669, 46.779751044051444 ], [ 10.802219589675808, 46.779651661402966 ], [ 10.802192398489844, 46.780644001613602 ], [ 10.799836095706636, 46.781505164195387 ], [ 10.798460494369905, 46.78307488458335 ], [ 10.799115284594301, 46.783431271583936 ], [ 10.798598638515692, 46.783804006862155 ], [ 10.799275354214446, 46.784653054725617 ], [ 10.798827573251305, 46.785005463699726 ], [ 10.799449655337273, 46.785812077852107 ], [ 10.799178459547866, 46.785928852891637 ], [ 10.800958420577182, 46.786765728487758 ] ], [ [ 10.797118947899602, 46.771766461794719 ], [ 10.796568990420603, 46.771381475391131 ], [ 10.796989138792208, 46.771057067178717 ], [ 10.7972806458904, 46.771574955259837 ], [ 10.797118947899602, 46.771766461794719 ] ], [ [ 10.796674817412239, 46.771207387899935 ], [ 10.796322423659664, 46.77106183490578 ], [ 10.796795586731765, 46.77083213077875 ], [ 10.796835587513797, 46.770924248523642 ], [ 10.796674817412239, 46.771207387899935 ] ] ] ] } },
{ "type": "Feature", "properties": { "HOM_ID": 97.0, "area_97": 0.04671823186, "region": "Oetztaler Alpen", "name_d": "Finailferner", "name_it": "Vedretta di Finale", "area_05": 0.0155434735, "area_17": 0.007685273, "change_pct": -83.549734880741269, "status": "present" }, "geometry": { "type": "Polygon", "coordinates": [ [ [ 10.814476678599865, 46.775055825427053 ], [ 10.816210648158938, 46.774809687943751 ], [ 10.817436370478124, 46.774117950108455 ], [ 10.818577011475101, 46.774444160076591 ], [ 10.82010807899821, 46.774315966657809 ], [ 10.82271285466739, 46.774651627686694 ], [ 10.820826655495424, 46.774156959944335 ], [ 10.821430199718957, 46.774125490852711 ], [ 10.821683822590266, 46.773154034768467 ], [ 10.821219383782175, 46.772828024456743 ], [ 10.820270816899169, 46.774187667766782 ], [ 10.81893006811463, 46.774061418994989 ], [ 10.818470134571479, 46.773396456379096 ], [ 10.8190296863238, 46.773239989280626 ], [ 10.818247324282069, 46.77339453221564 ], [ 10.817506827357096, 46.773138481324274 ], [ 10.816957245462053, 46.773354904903513 ], [ 10.817235297664608, 46.773580045431139 ], [ 10.816867065814018, 46.773984885409355 ], [ 10.814501442752896, 46.774372228418414 ], [ 10.814301444334886, 46.774812650949258 ], [ 10.814476678599865, 46.775055825427053 ] ] ] } },
{ "type": "Feature", "properties": { "HOM_ID": 98.0, "area_97": 0.12257877817, "region": "Oetztaler Alpen", "name_d": "Finailferner", "name_it": "Vedretta di Finale", "area_05": 0.0868658772, "area_17": 0.0685153, "change_pct": -44.105088154020713, "status": "present" }, "geometry": { "type": "MultiPolygon", "coordinates": [ [ [ [ 10.827790200020598, 46.76962148761109 ], [ 10.82888142239908, 46.768724080106615 ], [ 10.828755139758114, 46.768518404111525 ], [ 10.827790200020598, 46.76962148761109 ] ] ], [ [ [ 10.825037919612427, 46.769151653865364 ], [ 10.824364709726503, 46.769473932157105 ], [ 10.824619843333899, 46.769726748829093 ], [ 10.825037919612427, 46.769151653865364 ] ] ], [ [ [ 10.827240312381546, 46.771508988455082 ], [ 10.827870343314322, 46.771049472758229 ], [ 10.827943053272328, 46.769877288870035 ], [ 10.826210266175311, 46.77041737330601 ], [ 10.826617601892107, 46.769995481615169 ], [ 10.826192165791964, 46.769882029415577 ], [ 10.82566445229426, 46.77050806883954 ], [ 10.824611844626313, 46.770424847613867 ], [ 10.825131068702106, 46.769789648505082 ], [ 10.824283678826383, 46.770136567007789 ], [ 10.823668192571162, 46.769812975782031 ], [ 10.824226700170628, 46.770569261472446 ], [ 10.823909408199553, 46.770713693879266 ], [ 10.82409219239822, 46.771768382276917 ], [ 10.823434027901023, 46.772658648804708 ], [ 10.823788685936817, 46.773554303630775 ], [ 10.827024471442945, 46.774145605915727 ], [ 10.827208020804012, 46.772281624028437 ], [ 10.829076546600374, 46.771795064646085 ], [ 10.828883041444847, 46.771593381151227 ], [ 10.827300199593084, 46.771855091215073 ], [ 10.827240312381546, 46.771508988455082 ] ] ] ] } },
{ "type": "Feature", "properties": { "HOM_ID": 99.0, "area_97": 0.03188073159, "region": "Oetztaler Alpen", "name_d": null, "name_it": null, "area_05": null, "area_17": null, "change_pct": -100.0, "status": "disappeared" }, "geometry": { "type": "Polygon", "coordinates": [ [ [ 10.831524704032642, 46.772338779329189 ], [ 10.835453624985602, 46.771116631607477 ], [ 10.835272772232274, 46.770944633010622 ], [ 10.836221044200066, 46.770524959125474 ], [ 10.834003257997743, 46.770806486716069 ], [ 10.832663659371791, 46.770478151344655 ], [ 10.832609322630962, 46.770752303951767 ], [ 10.831102242185313, 46.770880281174747 ], [ 10.831183057296705, 46.77115226992008 ], [ 10.833751462781469, 46.77112206414602 ], [ 10.831299038067526, 46.771992123218482 ], [ 10.831524704032642, 46.772338779329189 ] ] ] } },
{ "type": "Feature", "properties": { "HOM_ID": 100.0, "area_97": 0.08030992497, "region": "Oetztaler Alpen", "name_d": null, "name_it": null, "area_05": 0.0342079267, "area_17": null, "change_pct": -100.0, "status": "disappeared" }, "geometry": { "type": "Polygon", "coordinates": [ [ [ 10.837465149499312, 46.777632183486169 ], [ 10.841629867424118, 46.777510564629978 ], [ 10.841391462691528, 46.776585242785309 ], [ 10.839699381277279, 46.775256984774899 ], [ 10.838904085195388, 46.776198929419323 ], [ 10.839268805797266, 46.774761068710617 ], [ 10.837768766337444, 46.776501385138602 ], [ 10.835113512810429, 46.777495026413462 ], [ 10.835468949082239, 46.77765329379951 ], [ 10.835199775190896, 46.778160450278492 ], [ 10.835699440707364, 46.778618070277261 ], [ 10.836322136923037, 46.778645280214889 ], [ 10.837465149499312, 46.777632183486169 ] ] ] } },
{ "type": "Feature", "properties": { "HOM_ID": 101.0, "area_97": 0.02687032609, "region": "Oetztaler Alpen", "name_d": "Hochjochferner", "name_it": "Vedretta di Giogo Alto", "area_05": 0.0221002015, "area_17": 0.0163995, "change_pct": -38.9679903955345, "status": "present" }, "geometry": { "type": "Polygon", "coordinates": [ [ [ 10.834744912713072, 46.781397937106348 ], [ 10.836824575459348, 46.781940693020061 ], [ 10.838468945503619, 46.781155871613684 ], [ 10.836519186479586, 46.780462175411294 ], [ 10.836295120229227, 46.780892091044656 ], [ 10.83501447743356, 46.780901706386729 ], [ 10.834744912713072, 46.781397937106348 ] ] ] } },
{ "type": "Feature", "properties": { "HOM_ID": 102.0, "area_97": 0.02734798948, "region": "Oetztaler Alpen", "name_d": "Hauslabferner", "name_it": null, "area_05": 0.0090733067, "area_17": 0.00831611, "change_pct": -69.591512362977554, "status": "present" }, "geometry": { "type": "Polygon", "coordinates": [ [ [ 10.841578337224853, 46.780665067614287 ], [ 10.840704088854519, 46.779525887256177 ], [ 10.842012961856534, 46.779411906003162 ], [ 10.841806840633224, 46.778967041842101 ], [ 10.842133542617072, 46.778748622398979 ], [ 10.841566248687487, 46.778211191014897 ], [ 10.840707906868815, 46.778470957179827 ], [ 10.841355329584548, 46.77925852292789 ], [ 10.840054730079194, 46.779148271464877 ], [ 10.839442362255596, 46.779622697736556 ], [ 10.838726700475288, 46.779634201466443 ], [ 10.840948400303084, 46.780390992816763 ], [ 10.840779288133286, 46.780798170830067 ], [ 10.841210614825256, 46.781080909146745 ], [ 10.841578337224853, 46.780665067614287 ] ] ] } },
{ "type": "Feature", "properties": { "HOM_ID": 103.0, "area_97": 0.52581575205999997, "region": "Oetztaler Alpen", "name_d": "Niederjochferner", "name_it": "Vedretta di Giogo Basso", "area_05": 0.4932610898, "area_17": 0.38647146, "change_pct": -26.500592938512725, "status": "present" }, "geometry": { "type": "Polygon", "coordinates": [ [ [ 10.867450412886468, 46.772051105306574 ], [ 10.868595453139619, 46.766440777696488 ], [ 10.866978442019448, 46.765551725772177 ], [ 10.865561199077765, 46.76588547137581 ], [ 10.865841416721084, 46.766189987744617 ], [ 10.865358280596816, 46.766804276763246 ], [ 10.865779666533932, 46.76737604480364 ], [ 10.865435327795847, 46.768344334877447 ], [ 10.866023533999382, 46.768332009448983 ], [ 10.865803527301656, 46.76882699193726 ], [ 10.863276346359383, 46.768620018342673 ], [ 10.863525056015355, 46.768056778803562 ], [ 10.864627661094078, 46.768220859387917 ], [ 10.865204172679078, 46.767869859262085 ], [ 10.865277676355754, 46.767349423202504 ], [ 10.864551499556223, 46.766692200273631 ], [ 10.86341884864221, 46.766614523116473 ], [ 10.863239435330449, 46.76706289576255 ], [ 10.862948134305244, 46.766895314134437 ], [ 10.862307612240892, 46.767250480297825 ], [ 10.861903015313379, 46.767060057465486 ], [ 10.862057578053468, 46.767354479585123 ], [ 10.860869185932476, 46.767874862346808 ], [ 10.861692632897469, 46.768664304739211 ], [ 10.862327462576808, 46.768743494470613 ], [ 10.862355323916114, 46.769104342316524 ], [ 10.859937147186043, 46.768759056937355 ], [ 10.859257657631781, 46.769354926617964 ], [ 10.858493443422036, 46.769569571914069 ], [ 10.858198590926779, 46.769322941889655 ], [ 10.855845063807315, 46.770279372252908 ], [ 10.854908799395981, 46.770349211878404 ], [ 10.854969492156684, 46.771189938319544 ], [ 10.854288230467427, 46.771736615138174 ], [ 10.854960555281576, 46.77255102890296 ], [ 10.855234192679617, 46.77380100691331 ], [ 10.863801536252554, 46.772868921122345 ], [ 10.863587076728688, 46.771951724374254 ], [ 10.866030159163817, 46.771977490985186 ], [ 10.86644488656775, 46.772238542177632 ], [ 10.866538994211391, 46.771969190640988 ], [ 10.867450412886468, 46.772051105306574 ] ] ] } },
{ "type": "Feature", "properties": { "HOM_ID": 104.0, "area_97": 0.04384795943, "region": "Oetztaler Alpen", "name_d": null, "name_it": null, "area_05": 0.0066508473, "area_17": null, "change_pct": -100.0, "status": "disappeared" }, "geometry": { "type": "Polygon", "coordinates": [ [ [ 10.876674159180851, 46.763282432568694 ], [ 10.877644723313129, 46.763288369971271 ], [ 10.875522992900249, 46.762656362417282 ], [ 10.875713360296034, 46.762183194930536 ], [ 10.875359780200053, 46.761620562202218 ], [ 10.87725770931908, 46.76176433644136 ], [ 10.877913374793907, 46.76232200513833 ], [ 10.877773658187371, 46.761963564346459 ], [ 10.878118857562628, 46.761826722248536 ], [ 10.876322725036891, 46.761408009784681 ], [ 10.878289069474707, 46.760774521170752 ], [ 10.876982042690834, 46.760697590491297 ], [ 10.876710983856727, 46.760221058986367 ], [ 10.876307891215168, 46.760522816042879 ], [ 10.875760924054665, 46.760345952408983 ], [ 10.875549355433265, 46.760666429652879 ], [ 10.874453173334523, 46.760706258322003 ], [ 10.875410477199457, 46.761248066347569 ], [ 10.873487972994564, 46.761312359081302 ], [ 10.875146337103532, 46.762345528035191 ], [ 10.875325796057169, 46.762932877980312 ], [ 10.876454276827594, 46.763821673514038 ], [ 10.876674159180851, 46.763282432568694 ] ] ] } },
{ "type": "Feature", "properties": { "HOM_ID": 105.0, "area_97": 2.02988231405, "region": "Oetztaler Alpen", "name_d": "Grafferner", "name_it": "Vedretta di Grava", "area_05": 1.8743218728, "area_17": 1.70803, "change_pct": -15.855713004752658, "status": "present" }, "geometry": { "type": "Polygon", "coordinates": [ [ [ 10.896089435231497, 46.760984139879675 ], [ 10.895743824244766, 46.760194003800407 ], [ 10.895462482083772, 46.760231181327249 ], [ 10.895574693057405, 46.759668081100436 ], [ 10.895022105760852, 46.759275632931775 ], [ 10.894634252546565, 46.757740738677093 ], [ 10.894011032893379, 46.757204491346684 ], [ 10.894461784053282, 46.757131440095336 ], [ 10.894612417248208, 46.756210713433603 ], [ 10.893913497225238, 46.753740872332727 ], [ 10.894057053470055, 46.75216438228648 ], [ 10.893539245299905, 46.752064962405321 ], [ 10.893338228211647, 46.752486109529606 ], [ 10.893345685637575, 46.752111967183957 ], [ 10.892590294824695, 46.751933577196311 ], [ 10.891819492749274, 46.751143675136348 ], [ 10.891267573501638, 46.752233717379809 ], [ 10.890842336327335, 46.752435889634292 ], [ 10.890435727910491, 46.752163597619855 ], [ 10.890310181769685, 46.752604937014119 ], [ 10.88911216927899, 46.75248894221177 ], [ 10.888091360154664, 46.751759812756276 ], [ 10.887307458109463, 46.75238679158398 ], [ 10.885110478271269, 46.751083077401908 ], [ 10.884934928288189, 46.751844169870566 ], [ 10.884065941325403, 46.752293775838474 ], [ 10.883774534643033, 46.752975418406393 ], [ 10.883209802736035, 46.752376249926506 ], [ 10.88288059024487, 46.750687310323663 ], [ 10.882481995245897, 46.750201959991763 ], [ 10.881793964620847, 46.750082103450616 ], [ 10.882666209595431, 46.753664162905281 ], [ 10.883798469071444, 46.754891697155003 ], [ 10.883667739792649, 46.755932325940492 ], [ 10.880984890058363, 46.756080315975204 ], [ 10.879913321171443, 46.756824862613428 ], [ 10.879226922014551, 46.756754154726281 ], [ 10.878092893463732, 46.757762061708483 ], [ 10.877849316141944, 46.75761848730685 ], [ 10.877387998689546, 46.758303800679158 ], [ 10.879717164716221, 46.760102018701183 ], [ 10.880973140895135, 46.760540490781814 ], [ 10.881049057660189, 46.761807276230776 ], [ 10.880211517274429, 46.761934564611167 ], [ 10.881000393472396, 46.761992598014317 ], [ 10.881398023893452, 46.762692440364404 ], [ 10.883322609201175, 46.762458545443017 ], [ 10.883759711261964, 46.760410698702522 ], [ 10.884448591105199, 46.760361260905739 ], [ 10.885831206664436, 46.761446546488301 ], [ 10.884903664438133, 46.76182699228454 ], [ 10.884587326738512, 46.763110444429948 ], [ 10.884410275751627, 46.763365476302191 ], [ 10.884018839259607, 46.763241984817228 ], [ 10.884033413770748, 46.764426539623841 ], [ 10.8867567374958, 46.765262667747145 ], [ 10.888414759048599, 46.767342589370195 ], [ 10.889932474704068, 46.768267486378249 ], [ 10.891195442199789, 46.768443380253828 ], [ 10.891496689058402, 46.768186979526227 ], [ 10.892476230315346, 46.768673620723234 ], [ 10.893324675523408, 46.76836990302742 ], [ 10.893135591966287, 46.768875873193622 ], [ 10.89560383505423, 46.769622058218545 ], [ 10.895990456340007, 46.769305475614267 ], [ 10.896852243099641, 46.769928723368238 ], [ 10.898726113439329, 46.768648744790497 ], [ 10.899110434941599, 46.768836666172149 ], [ 10.904516816954018, 46.767923149967295 ], [ 10.905331547481323, 46.768018897623904 ], [ 10.903363609969814, 46.765718575578063 ], [ 10.901852410777334, 46.765223530259732 ], [ 10.90042667096156, 46.765184865524375 ], [ 10.89912519590785, 46.764466303632332 ], [ 10.89783857728977, 46.763070158654287 ], [ 10.897400116148484, 46.76184010511227 ], [ 10.896089435231497, 46.760984139879675 ] ], [ [ 10.894002139896427, 46.768407880463293 ], [ 10.894911493639716, 46.768480273508708 ], [ 10.895436489195641, 46.769160249868314 ], [ 10.894583346246959, 46.768649677697077 ], [ 10.894029341209398, 46.76872990390715 ], [ 10.894002139896427, 46.768407880463293 ] ], [ [ 10.893790940422628, 46.768509759316686 ], [ 10.893713832788087, 46.768806180865013 ], [ 10.893569682834226, 46.768551680881089 ], [ 10.893790940422628, 46.768509759316686 ] ], [ [ 10.888017418243066, 46.75250939657932 ], [ 10.887910193167626, 46.752148458645337 ], [ 10.888010589081505, 46.752120622438426 ], [ 10.888017418243066, 46.75250939657932 ] ] ] } },
{ "type": "Feature", "properties": { "HOM_ID": 106.0, "area_97": 0.18355461863, "region": "Oetztaler Alpen", "name_d": "Stockferner", "name_it": null, "area_05": 0.1142942312, "area_17": 0.03563544, "change_pct": -80.585920274862673, "status": "present" }, "geometry": { "type": "Polygon", "coordinates": [ [ [ 10.895938361553409, 46.760884200302996 ], [ 10.896840192591096, 46.76136781486418 ], [ 10.898904392981745, 46.760901117908183 ], [ 10.899927489734818, 46.761036202506098 ], [ 10.899337088159406, 46.761741908155315 ], [ 10.898278878141307, 46.762148101510974 ], [ 10.898364306928853, 46.76247947687196 ], [ 10.897817531882932, 46.762607287890347 ], [ 10.898241619324475, 46.763282970907028 ], [ 10.898859840997337, 46.76298913208371 ], [ 10.899253211832969, 46.763226255785376 ], [ 10.899767191651938, 46.762495194091095 ], [ 10.901953205265377, 46.762549327207601 ], [ 10.902935152981222, 46.761975500186082 ], [ 10.903196682618383, 46.761271544122678 ], [ 10.904003497604412, 46.761596991444982 ], [ 10.905308851028435, 46.760722614468555 ], [ 10.905110377744027, 46.760507293578335 ], [ 10.903882317515032, 46.760866608497111 ], [ 10.903418309278161, 46.759530454531536 ], [ 10.903859446408136, 46.759314739261107 ], [ 10.904311384383492, 46.759952166965277 ], [ 10.90461227592222, 46.759914364104596 ], [ 10.904953925199495, 46.759679117079003 ], [ 10.904692359959405, 46.7590275918174 ], [ 10.906435425117445, 46.75793821951487 ], [ 10.905807750792276, 46.757730050332356 ], [ 10.904006210750641, 46.758514309804973 ], [ 10.903470188213557, 46.757747104819906 ], [ 10.902381786888741, 46.758005698185372 ], [ 10.901658482766539, 46.758695466221525 ], [ 10.900856199176513, 46.758949288664603 ], [ 10.901358230655413, 46.759203297892 ], [ 10.899881581690723, 46.759730670940066 ], [ 10.899351441432323, 46.760568054816027 ], [ 10.898627353084562, 46.760024776070949 ], [ 10.897950759186735, 46.760008674984071 ], [ 10.898846225772587, 46.760595038688301 ], [ 10.896593953435591, 46.760531222827673 ], [ 10.895938361553409, 46.760884200302996 ] ] ] } },
{ "type": "Feature", "properties": { "HOM_ID": 107.0, "area_97": 0.14541794905, "region": "Oetztaler Alpen", "name_d": "Scharferner", "name_it": "Vedretta Sara", "area_05": 0.1295984825, "area_17": 0.119622, "change_pct": -17.739178154087707, "status": "present" }, "geometry": { "type": "Polygon", "coordinates": [ [ [ 10.911945074082521, 46.769799682800517 ], [ 10.912960733334687, 46.768475232968406 ], [ 10.9138642368676, 46.768062307478637 ], [ 10.913971278454557, 46.7647975155515 ], [ 10.91320994290888, 46.764187163995658 ], [ 10.911674131201101, 46.764841388728108 ], [ 10.910086970941981, 46.767868547999406 ], [ 10.90793718097164, 46.768259688003482 ], [ 10.909130729828146, 46.768329528386417 ], [ 10.907734651701874, 46.768831493768822 ], [ 10.908662363855498, 46.769422708811341 ], [ 10.910618856155143, 46.769187821654334 ], [ 10.911945074082521, 46.769799682800517 ] ] ] } },
{ "type": "Feature", "properties": { "HOM_ID": 108.0, "area_97": 0.02389978699, "region": "Oetztaler Alpen", "name_d": "Scharferner", "name_it": "Vedretta Sara", "area_05": 0.0166087291, "area_17": 0.014212, "change_pct": -40.535034868944663, "status": "present" }, "geometry": { "type": "Polygon", "coordinates": [ [ [ 10.913525006719109, 46.772407716187026 ], [ 10.91451923561409, 46.771505645155187 ], [ 10.913941771791109, 46.771597292891421 ], [ 10.913900734454135, 46.77043925962704 ], [ 10.913384135681389, 46.77020741155922 ], [ 10.912552137092447, 46.77031970506134 ], [ 10.912448706200939, 46.771217801585841 ], [ 10.913080188406473, 46.772201993849194 ], [ 10.913525006719109, 46.772407716187026 ] ] ] } },
{ "type": "Feature", "properties": { "HOM_ID": 109.0, "area_97": 0.29650052673, "region": "Oetztaler Alpen", "name_d": "Rossbergferner", "name_it": "Vedretta delle Fosse", "area_05": 0.2490219011, "area_17": 0.21355076, "change_pct": -27.976262856873742, "status": "present" }, "geometry": { "type": "Polygon", "coordinates": [ [ [ 10.92172408662821, 46.77473769395322 ], [ 10.924204683155153, 46.774775946195263 ], [ 10.924190346689985, 46.774533218062125 ], [ 10.923816661465162, 46.774708735751204 ], [ 10.92427468864336, 46.773923196036478 ], [ 10.923201611680062, 46.774466830654795 ], [ 10.923147946624377, 46.772078273511951 ], [ 10.922623139472668, 46.771801163396034 ], [ 10.922420571555355, 46.771116262970907 ], [ 10.922966579151648, 46.770811940527643 ], [ 10.924556661992563, 46.771233387263287 ], [ 10.925609908170903, 46.770876793538442 ], [ 10.925750547547977, 46.770347612915437 ], [ 10.922928406966124, 46.767700912231149 ], [ 10.922848280976133, 46.767237677397901 ], [ 10.923401005478382, 46.766676354342486 ], [ 10.923149077492608, 46.76607936580244 ], [ 10.921532962032392, 46.765368656436586 ], [ 10.921518686423921, 46.766308991157935 ], [ 10.920836587282484, 46.766364171095987 ], [ 10.921237250536398, 46.76756535507154 ], [ 10.920708882848336, 46.767470378780502 ], [ 10.920241154476063, 46.766396029097208 ], [ 10.919186806923527, 46.766076558007846 ], [ 10.918375998996293, 46.767882894093617 ], [ 10.918820806095743, 46.768312687463357 ], [ 10.918784380878197, 46.769302583717732 ], [ 10.91972754807129, 46.770101145183361 ], [ 10.919116770195332, 46.770597836016407 ], [ 10.918646162025395, 46.770562003783745 ], [ 10.918477070319522, 46.770280624748075 ], [ 10.919132849657046, 46.770154847312185 ], [ 10.918619384081472, 46.769808191525726 ], [ 10.917824004615618, 46.770482872393877 ], [ 10.9191615761231, 46.770963283884733 ], [ 10.919591975533409, 46.771601270146917 ], [ 10.92021784534287, 46.771642410358758 ], [ 10.920044711579148, 46.771995874563814 ], [ 10.921357742207245, 46.773310566558457 ], [ 10.92152716421559, 46.774200618326233 ], [ 10.92260286002497, 46.774551096308464 ], [ 10.92172408662821, 46.77473769395322 ] ] ] } },
{ "type": "Feature", "properties": { "HOM_ID": 110.0, "area_97": 0.03129270368, "region": "Oetztaler Alpen", "name_d": null, "name_it": null, "area_05": 0.0123811408, "area_17": null, "change_pct": -100.0, "status": "disappeared" }, "geometry": { "type": "Polygon", "coordinates": [ [ [ 10.9451989980049, 46.77055086835589 ], [ 10.944078872017155, 46.769487706458889 ], [ 10.943613262487851, 46.769369907125288 ], [ 10.942400478029862, 46.769488886524918 ], [ 10.941864791046791, 46.769191903054207 ], [ 10.941717773705573, 46.769527804276329 ], [ 10.939622257981062, 46.769432175095076 ], [ 10.939559340359509, 46.76967373112376 ], [ 10.943745420091453, 46.770389741842877 ], [ 10.944909686037382, 46.77091105529847 ], [ 10.9451989980049, 46.77055086835589 ] ] ] } },
{ "type": "Feature", "properties": { "HOM_ID": 111.0, "area_97": 0.04855556134, "region": "Oetztaler Alpen", "name_d": "Gurglerferner", "name_it": null, "area_05": 0.0243024683, "area_17": 0.0237751, "change_pct": -51.035268991084429, "status": "present" }, "geometry": { "type": "Polygon", "coordinates": [ [ [ 10.992002182597629, 46.767818807113855 ], [ 10.991565416346416, 46.76737835618443 ], [ 10.990807542803138, 46.767649291652418 ], [ 10.990362305274475, 46.767055167480322 ], [ 10.990676160662545, 46.766431787416543 ], [ 10.990233622784388, 46.765646963875454 ], [ 10.989845347097296, 46.766021223642269 ], [ 10.989436316446488, 46.764731666074674 ], [ 10.989100853901295, 46.764693774483128 ], [ 10.988805019698964, 46.765300142184017 ], [ 10.989827712993108, 46.76671983183742 ], [ 10.989675362280343, 46.767766426153003 ], [ 10.988689217981214, 46.76863621844268 ], [ 10.991986134852521, 46.769029294171922 ], [ 10.992002182597629, 46.767818807113855 ] ] ] } },
{ "type": "Feature", "properties": { "HOM_ID": 112.0, "area_97": 0.2178846642, "region": "Oetztaler Alpen", "name_d": "Kesselferner", "name_it": null, "area_05": 0.1876627884, "area_17": 0.1555513, "change_pct": -28.608421996503225, "status": "present" }, "geometry": { "type": "Polygon", "coordinates": [ [ [ 11.013727734010502, 46.768569890066111 ], [ 11.014251780484067, 46.768544267387242 ], [ 11.013489481908962, 46.767940064915869 ], [ 11.014246623853222, 46.767256692838238 ], [ 11.015640000515107, 46.766914359304209 ], [ 11.016523841736445, 46.767025137704373 ], [ 11.016258948567403, 46.766807121073768 ], [ 11.016745724433344, 46.766547868698353 ], [ 11.018382390674198, 46.76609998100902 ], [ 11.019611774321129, 46.766164706093619 ], [ 11.019156088697386, 46.766098868666511 ], [ 11.020867588237923, 46.765291387860898 ], [ 11.020265181240754, 46.764879268519259 ], [ 11.020954977724038, 46.764038244082698 ], [ 11.020523515138953, 46.764099278163791 ], [ 11.020787406961661, 46.76378590892503 ], [ 11.019995831031361, 46.764100501866579 ], [ 11.017996616115456, 46.763600148267308 ], [ 11.015999415816712, 46.764285049385137 ], [ 11.015917548446398, 46.763942882282819 ], [ 11.015189815014242, 46.764341280863484 ], [ 11.015019143109837, 46.764166405404502 ], [ 11.013947691435904, 46.764442159970734 ], [ 11.012718508761797, 46.764113989276495 ], [ 11.011858798828296, 46.764522640398184 ], [ 11.011933170062338, 46.764811013733002 ], [ 11.010512164007269, 46.764885186954892 ], [ 11.011092558564025, 46.765733098336703 ], [ 11.012287619550101, 46.766212193115543 ], [ 11.01258331415638, 46.767103363741107 ], [ 11.012048995616174, 46.768561168054099 ], [ 11.012410367424176, 46.768866355285773 ], [ 11.013151309722735, 46.76847072212427 ], [ 11.014025514209672, 46.76908935379295 ], [ 11.013727734010502, 46.768569890066111 ] ] ] } },
{ "type": "Feature", "properties": { "HOM_ID": 113.0, "area_97": 0.26985174622000002, "region": "Texelgruppe", "name_d": "Grubferner", "name_it": "Vedretta di Fossa", "area_05": 0.2224285071, "area_17": 0.19076, "change_pct": -29.309332745810536, "status": "present" }, "geometry": { "type": "Polygon", "coordinates": [ [ [ 11.029078691022796, 46.749368333052075 ], [ 11.031933748377853, 46.749237493004721 ], [ 11.033709813025771, 46.747974327014468 ], [ 11.033821241012719, 46.747272735534793 ], [ 11.033138558524572, 46.747303090396869 ], [ 11.032061016491973, 46.746418573090693 ], [ 11.032601079081969, 46.74597900997712 ], [ 11.03217766555284, 46.745855355799819 ], [ 11.032273532298836, 46.745303438345097 ], [ 11.030566588728826, 46.745871493186627 ], [ 11.027871349776968, 46.746113747590961 ], [ 11.028206371549365, 46.745641021093661 ], [ 11.02694801615641, 46.746184671261247 ], [ 11.026035922605931, 46.745552547133485 ], [ 11.025570083669512, 46.745852300389217 ], [ 11.024436188357809, 46.745865084697989 ], [ 11.024598479397259, 46.744820085526733 ], [ 11.024109036660031, 46.745338879100565 ], [ 11.024054579525393, 46.744450754840507 ], [ 11.023034867931196, 46.744964350303277 ], [ 11.022037900093332, 46.744952825865283 ], [ 11.022266649229284, 46.745116397980652 ], [ 11.021562866564913, 46.745857597029421 ], [ 11.021764766357252, 46.746437037204934 ], [ 11.022920920770254, 46.746168819277408 ], [ 11.022721835580441, 46.74651485702082 ], [ 11.023700934780271, 46.746756250891622 ], [ 11.024248023334692, 46.746502436494445 ], [ 11.025812969569118, 46.747524148209685 ], [ 11.02633564304012, 46.747467522166126 ], [ 11.025318330062387, 46.74790457426775 ], [ 11.024993410747909, 46.748711962927324 ], [ 11.025738397245314, 46.749070440503829 ], [ 11.026896008087181, 46.749122811557228 ], [ 11.026164989390036, 46.74941997746096 ], [ 11.027480777325762, 46.749731895105732 ], [ 11.028108634920326, 46.749793640819057 ], [ 11.029078691022796, 46.749368333052075 ] ] ] } },
{ "type": "Feature", "properties": { "HOM_ID": 114.0, "area_97": 0.05768522296, "region": "Texelgruppe", "name_d": "Grubjochferner", "name_it": null, "area_05": 0.0513340369, "area_17": 0.0373448, "change_pct": -35.261063260697505, "status": "present" }, "geometry": { "type": "Polygon", "coordinates": [ [ [ 11.014614279781764, 46.74545182924485 ], [ 11.015490535065553, 46.744202682452439 ], [ 11.016720550046211, 46.743370543628622 ], [ 11.016375560001821, 46.742647864332291 ], [ 11.015790983433565, 46.742859932147631 ], [ 11.014647930183562, 46.742157004544175 ], [ 11.013105609069923, 46.743656487658185 ], [ 11.013495064509891, 46.745289343959129 ], [ 11.014614279781764, 46.74545182924485 ] ] ] } },
{ "type": "Feature", "properties": { "HOM_ID": 115.0, "area_97": 0.26390117677000002, "region": "Texelgruppe", "name_d": "Schrottnerferner", "name_it": "Vedretta di Ceppo", "area_05": 0.1524643958, "area_17": 0.09494642, "change_pct": -64.021979302218327, "status": "present" }, "geometry": { "type": "MultiPolygon", "coordinates": [ [ [ [ 11.00350968483327, 46.737885555882961 ], [ 11.002925306369074, 46.737848419500317 ], [ 11.002509730984105, 46.738362184489908 ], [ 11.002919020414673, 46.738537208540549 ], [ 11.003622160557935, 46.738346349444619 ], [ 11.00350968483327, 46.737885555882961 ] ] ], [ [ [ 10.999335642237073, 46.741963123048293 ], [ 11.00065706390218, 46.743725481830822 ], [ 11.001734623623895, 46.743480716061178 ], [ 11.002738871525807, 46.742375028508938 ], [ 11.003638824912118, 46.741942489846778 ], [ 11.00398296117806, 46.742074926232306 ], [ 11.003074634743747, 46.743023648134695 ], [ 11.006995058371983, 46.741971107405014 ], [ 11.007538436633462, 46.74218748817384 ], [ 11.010005769155516, 46.741972902991485 ], [ 11.010639569274847, 46.742624937181986 ], [ 11.011731163860738, 46.742616676498272 ], [ 11.013202159251311, 46.741694422596261 ], [ 11.013235873143946, 46.741176410020238 ], [ 11.0128721789347, 46.740803854537724 ], [ 11.011688149023852, 46.740606054012332 ], [ 11.010492147636228, 46.740656230470748 ], [ 11.010115886623788, 46.741085524158684 ], [ 11.008100314472223, 46.739619676988333 ], [ 11.007740834469335, 46.73975308322597 ], [ 11.006769376415148, 46.739283413603374 ], [ 11.005429177827818, 46.740052778990432 ], [ 11.005525996309126, 46.740805347915824 ], [ 11.007034302067337, 46.740458240729069 ], [ 11.007224938900556, 46.740739112753865 ], [ 11.006833351438583, 46.740899022330986 ], [ 11.006539211516504, 46.740685553585344 ], [ 11.006096868458899, 46.741334621560839 ], [ 11.005128477517076, 46.741377106198058 ], [ 11.004567128178394, 46.740818511482523 ], [ 11.005239273937365, 46.740220078951197 ], [ 11.004996807630524, 46.739112968601006 ], [ 11.005435692548271, 46.738085010511405 ], [ 11.005069761845879, 46.738364710334437 ], [ 11.004901742388341, 46.737835660270143 ], [ 11.004186433090153, 46.737840906996013 ], [ 11.003822319548046, 46.738455800737242 ], [ 11.004364807744263, 46.738792458180875 ], [ 11.004505824620233, 46.738593222088184 ], [ 11.004993086276871, 46.738726791307343 ], [ 11.005151776639886, 46.738432505057197 ], [ 11.004895869405086, 46.739249558379896 ], [ 11.002868326041909, 46.74011686452512 ], [ 11.002144888481896, 46.740103020491539 ], [ 11.001793084263092, 46.73976301594665 ], [ 11.001057060528993, 46.739925289540977 ], [ 11.000409352794538, 46.739036598340491 ], [ 10.999371510981772, 46.738919921729078 ], [ 11.000092642950449, 46.740361192233571 ], [ 11.001951623003784, 46.740609247314836 ], [ 11.001200575678975, 46.741511476096122 ], [ 10.999335642237073, 46.741963123048293 ] ], [ [ 11.003025793528023, 46.741705446816759 ], [ 11.003084799456111, 46.742010492895368 ], [ 11.002469159010076, 46.742418446159483 ], [ 11.002449662573314, 46.742178296539379 ], [ 11.003025793528023, 46.741705446816759 ] ], [ [ 11.003289967634405, 46.74168260229122 ], [ 11.003871686175396, 46.741074829773765 ], [ 11.004646622213256, 46.741247086719866 ], [ 11.004007114309353, 46.74158259045403 ], [ 11.003289967634405, 46.74168260229122 ] ] ] ] } },
{ "type": "Feature", "properties": { "HOM_ID": 116.0, "area_97": 0.17555318209000001, "region": "Texelgruppe", "name_d": "Truebferner Oestlicher", "name_it": "Vedretta Piccola di Riotorbo", "area_05": 0.1616130098, "area_17": 0.100427, "change_pct": -42.793973424808343, "status": "present" }, "geometry": { "type": "Polygon", "coordinates": [ [ [ 10.999138213401247, 46.742644320197037 ], [ 10.999280517447692, 46.741905785029878 ], [ 10.997739787532559, 46.741383531940826 ], [ 10.997857531154349, 46.7394568489498 ], [ 10.996843964314303, 46.738220802096222 ], [ 10.997172657830369, 46.737170560053052 ], [ 10.996678691420801, 46.736818635894338 ], [ 10.996804765680009, 46.736458495270874 ], [ 10.994498730028724, 46.735678501317786 ], [ 10.993713936179189, 46.736125485484877 ], [ 10.993486299957567, 46.737138785644611 ], [ 10.994100259944101, 46.738840672021638 ], [ 10.995245515402592, 46.740001293745024 ], [ 10.994790834292658, 46.740606807115412 ], [ 10.99537195053103, 46.741974975926766 ], [ 10.99711205387014, 46.743085471154544 ], [ 10.997976026496321, 46.742547239430102 ], [ 10.999138213401247, 46.742644320197037 ] ] ] } },
{ "type": "Feature", "properties": { "HOM_ID": 117.0, "area_97": 0.36014047984000003, "region": "Texelgruppe", "name_d": "Truebferner Mittlerer", "name_it": "Vedretta Grande di Riotorbo", "area_05": 0.3042352145, "area_17": 0.247353, "change_pct": -31.317634688027361, "status": "present" }, "geometry": { "type": "Polygon", "coordinates": [ [ [ 10.992367115016837, 46.742292399664883 ], [ 10.992288244739191, 46.741590519385632 ], [ 10.993443259050288, 46.738702726641719 ], [ 10.992836887373878, 46.737115771290938 ], [ 10.993435582503398, 46.736738505811608 ], [ 10.993346083745188, 46.73591411521825 ], [ 10.992633317508465, 46.735460002465523 ], [ 10.992836827194179, 46.732772455210032 ], [ 10.991369977956291, 46.732504251319163 ], [ 10.991342552481374, 46.732103949115704 ], [ 10.990825609666084, 46.732296173260792 ], [ 10.98960637498714, 46.731223207302357 ], [ 10.988151810549521, 46.73086589813623 ], [ 10.987530189442577, 46.731703316874963 ], [ 10.987532422503499, 46.733842519378904 ], [ 10.986788781900538, 46.734442288787697 ], [ 10.98727994371699, 46.734251566752015 ], [ 10.987296650672871, 46.734994612169984 ], [ 10.98816430076069, 46.735241889215729 ], [ 10.989763838017852, 46.733132060376263 ], [ 10.989910259732174, 46.733865145688434 ], [ 10.989383217563692, 46.734368331421663 ], [ 10.990735126868024, 46.734534007558992 ], [ 10.989748130334757, 46.734788026718434 ], [ 10.988937595867577, 46.734652725918465 ], [ 10.988720883166151, 46.735388898507814 ], [ 10.989608791090014, 46.736317490585868 ], [ 10.989205956852729, 46.736761465250318 ], [ 10.988003167234057, 46.736913551954061 ], [ 10.988382587580437, 46.738007385000877 ], [ 10.98808246173513, 46.738493583193176 ], [ 10.988505635308725, 46.739047373758353 ], [ 10.988774100790751, 46.738853228598003 ], [ 10.988951879561933, 46.739651774358798 ], [ 10.989398174168967, 46.73846017390396 ], [ 10.990126051558613, 46.739188190995314 ], [ 10.989901634866282, 46.73991567892174 ], [ 10.990240016599186, 46.740957906998887 ], [ 10.991608277101284, 46.742293463240344 ], [ 10.992003565738669, 46.7424954958082 ], [ 10.992367115016837, 46.742292399664883 ] ] ] } },
{ "type": "Feature", "properties": { "HOM_ID": 118.0, "area_97": 0.18156184175000001, "region": "Texelgruppe", "name_d": "Rotwandferner", "name_it": "Vedretta di Croda Rossa", "area_05": 0.1412192755, "area_17": 0.109806, "change_pct": -39.52143306014905, "status": "present" }, "geometry": { "type": "Polygon", "coordinates": [ [ [ 10.983214382788361, 46.737901118001147 ], [ 10.98301367620873, 46.736996509251099 ], [ 10.984252507339097, 46.73704881713406 ], [ 10.984844166311243, 46.736184988898543 ], [ 10.985121021308546, 46.736508127593652 ], [ 10.985643906046764, 46.736458970618692 ], [ 10.985659980992169, 46.734516990411159 ], [ 10.986685553208179, 46.733191564678066 ], [ 10.986341131173301, 46.73235487519495 ], [ 10.986805594638573, 46.731644596527218 ], [ 10.986673760090673, 46.730349955226018 ], [ 10.986169403074626, 46.729968090529226 ], [ 10.98612139023952, 46.729401742586084 ], [ 10.985730770685992, 46.729578588659813 ], [ 10.985290220831068, 46.72906272113751 ], [ 10.984724172299748, 46.729088940683013 ], [ 10.984063964497661, 46.730135732243802 ], [ 10.983651140483454, 46.731691011375354 ], [ 10.984144415376257, 46.732274444160289 ], [ 10.983153369101043, 46.734013457126245 ], [ 10.983708643655881, 46.734703439115037 ], [ 10.983065248757105, 46.734645362178512 ], [ 10.982477658429564, 46.736109424399835 ], [ 10.982325965033446, 46.737415411128787 ], [ 10.983214382788361, 46.737901118001147 ] ] ] } },
{ "type": "Feature", "properties": { "HOM_ID": 119.0, "area_97": 0.76617851085, "region": "Texelgruppe", "name_d": "Texelferner", "name_it": "Vedretta Tessa", "area_05": 0.6454306963, "area_17": 0.5047626, "change_pct": -34.119452209640357, "status": "present" }, "geometry": { "type": "MultiPolygon", "coordinates": [ [ [ [ 10.979694856521721, 46.722452327491744 ], [ 10.979177424296598, 46.722333376458707 ], [ 10.979442992884564, 46.722053417625531 ], [ 10.978949170425993, 46.721956266922618 ], [ 10.979196434319347, 46.721642419038417 ], [ 10.97872225356436, 46.721210348758852 ], [ 10.978217851203688, 46.721186786097213 ], [ 10.978338092181554, 46.722161145501481 ], [ 10.979172405115538, 46.722628183134425 ], [ 10.979600502242205, 46.722501198861117 ], [ 10.979585424874962, 46.722806457063882 ], [ 10.979694856521721, 46.722452327491744 ] ] ], [ [ [ 10.977060104883359, 46.728686017464234 ], [ 10.974888563071383, 46.726974501048218 ], [ 10.974362413183012, 46.725700818196948 ], [ 10.973576390093873, 46.72557606306367 ], [ 10.972447703240443, 46.724652073743222 ], [ 10.971597467361576, 46.72249408451534 ], [ 10.971807137025014, 46.722248333158518 ], [ 10.971461831477075, 46.722165283193945 ], [ 10.971694436739419, 46.72182721657925 ], [ 10.971349396187126, 46.722011981931281 ], [ 10.971156391800914, 46.721329028115449 ], [ 10.970431064375003, 46.720835035222635 ], [ 10.970525143104727, 46.720127990071497 ], [ 10.969805762142331, 46.72034487702949 ], [ 10.968409356533591, 46.723000360525383 ], [ 10.96888397878095, 46.723017199352512 ], [ 10.969533807980564, 46.723702657967699 ], [ 10.970691881850518, 46.723885651138843 ], [ 10.969103421115584, 46.724031463353853 ], [ 10.969404615464606, 46.725473407066019 ], [ 10.96890554976434, 46.726815282661015 ], [ 10.969619538582165, 46.726923237403433 ], [ 10.970176605454105, 46.726149028940362 ], [ 10.970774954252933, 46.725994251963549 ], [ 10.973893265185746, 46.726165830586865 ], [ 10.974065122248772, 46.726458663622665 ], [ 10.972357089054405, 46.726494849939343 ], [ 10.972320702610899, 46.726887627382091 ], [ 10.971762168408345, 46.727119528709402 ], [ 10.973876824668006, 46.72742024471362 ], [ 10.976817436534025, 46.729440835093023 ], [ 10.977060104883359, 46.728686017464234 ] ] ], [ [ [ 10.981055987848832, 46.734337659363717 ], [ 10.980205637367359, 46.731666898887376 ], [ 10.981118455184347, 46.730834881792262 ], [ 10.981191065968529, 46.730068425776821 ], [ 10.982719711319914, 46.729557314329234 ], [ 10.981724912437656, 46.728823419151162 ], [ 10.98218746757461, 46.72666884038312 ], [ 10.981865271599915, 46.725337517176634 ], [ 10.981352092125928, 46.724956935874928 ], [ 10.98232891471638, 46.723869272307589 ], [ 10.981177696654269, 46.724460340176989 ], [ 10.980467577737542, 46.724054332015342 ], [ 10.980690217539413, 46.723659508485845 ], [ 10.980217641704886, 46.723922887703068 ], [ 10.978821834579076, 46.72291701026959 ], [ 10.978376083985591, 46.722944656065039 ], [ 10.978501035387108, 46.722519470835138 ], [ 10.978011515508138, 46.72209166775184 ], [ 10.977555955392267, 46.722293590971496 ], [ 10.977124304712376, 46.721565294957657 ], [ 10.976761526521596, 46.721678469912412 ], [ 10.976503500449795, 46.721307548672542 ], [ 10.976107045218221, 46.721494657620148 ], [ 10.975833572959528, 46.721146391605181 ], [ 10.975092447199165, 46.721258907804945 ], [ 10.974664463837913, 46.720018420546914 ], [ 10.974562619687903, 46.720261830107212 ], [ 10.973820940007357, 46.719789120558232 ], [ 10.972774670456751, 46.719865469976668 ], [ 10.972154174635296, 46.720575780290581 ], [ 10.97321256835647, 46.721294706622778 ], [ 10.97281512433087, 46.722317467772399 ], [ 10.973448467552187, 46.724248280527775 ], [ 10.973860176730415, 46.724204738969284 ], [ 10.974268542812938, 46.724973926847262 ], [ 10.975041175000888, 46.725058867785535 ], [ 10.974590047553816, 46.725343371118022 ], [ 10.976025605874112, 46.725967393807309 ], [ 10.97838174588237, 46.729323910804531 ], [ 10.97828500262373, 46.729747447565003 ], [ 10.976681295094677, 46.731035834918742 ], [ 10.976993002160752, 46.732639322164204 ], [ 10.977374204640782, 46.732864365366027 ], [ 10.977162264669145, 46.733372694739764 ], [ 10.977564491546236, 46.733238768019334 ], [ 10.978997190259735, 46.73451337115138 ], [ 10.980081101372724, 46.734489358804083 ], [ 10.980881923882214, 46.735517621294797 ], [ 10.981055987848832, 46.734337659363717 ] ] ] ] } },
{ "type": "Feature", "properties": { "HOM_ID": 120.0, "area_97": 0.03405143151, "region": "Texelgruppe", "name_d": null, "name_it": null, "area_05": null, "area_17": null, "change_pct": -100.0, "status": "disappeared" }, "geometry": { "type": "Polygon", "coordinates": [ [ [ 11.007215434297656, 46.696245566710672 ], [ 11.007886583054077, 46.696135404042934 ], [ 11.009163340770172, 46.694577110574599 ], [ 11.00891265791644, 46.694029473866671 ], [ 11.007563731697195, 46.694069554504473 ], [ 11.007221281912225, 46.694474563837694 ], [ 11.007122161594522, 46.695443739415438 ], [ 11.006390764636091, 46.695709357281288 ], [ 11.006109844842383, 46.697494753637734 ], [ 11.007215434297656, 46.696245566710672 ] ] ] } },
{ "type": "Feature", "properties": { "HOM_ID": 121.0, "area_97": 0.06070596855, "region": "Texelgruppe", "name_d": "Lahnbachferner", "name_it": null, "area_05": 0.0239131989, "area_17": 0.00716563, "change_pct": -88.196168892193711, "status": "present" }, "geometry": { "type": "Polygon", "coordinates": [ [ [ 11.003616782980629, 46.699571706203628 ], [ 11.002135276360345, 46.698608348590724 ], [ 11.002670184079895, 46.697391056325692 ], [ 11.002311306872564, 46.697031134384758 ], [ 11.002486952376769, 46.696410431295483 ], [ 11.003478172855376, 46.695288993928415 ], [ 11.002440696046982, 46.695159586343514 ], [ 11.002180679588871, 46.695431959636636 ], [ 11.001034012202787, 46.695572271228478 ], [ 11.000942451004308, 46.696749007005103 ], [ 11.000067622802735, 46.697152374652624 ], [ 11.000761713237821, 46.697449506730784 ], [ 11.001572819280948, 46.699295943618871 ], [ 11.002459669375034, 46.69964662605129 ], [ 11.003616782980629, 46.699571706203628 ] ] ] } },
{ "type": "Feature", "properties": { "HOM_ID": 122.0, "area_97": 0.21477399422000001, "region": "Texelgruppe", "name_d": "Gfalleitferner", "name_it": "Vedretta di Fosse", "area_05": 0.1078064626, "area_17": 0.04600566, "change_pct": -78.579501597909982, "status": "present" }, "geometry": { "type": "MultiPolygon", "coordinates": [ [ [ [ 10.994025280459578, 46.702089579927993 ], [ 10.995039590859001, 46.700940485797538 ], [ 10.994627742843111, 46.700874603625664 ], [ 10.994686975087777, 46.699563804358029 ], [ 10.994340370236177, 46.699859532068118 ], [ 10.993972637876093, 46.699581725398737 ], [ 10.993269964720373, 46.699916450730619 ], [ 10.99403023893475, 46.700067171509353 ], [ 10.994013461797326, 46.700258764806563 ], [ 10.993231305221007, 46.700169462909571 ], [ 10.99207864910878, 46.702085237459592 ], [ 10.993610288132643, 46.701391733754896 ], [ 10.992926307511516, 46.701135809006459 ], [ 10.993776779043412, 46.701016973943496 ], [ 10.993903449603778, 46.701370226690507 ], [ 10.993281162378974, 46.702162671804714 ], [ 10.994025280459578, 46.702089579927993 ] ] ], [ [ [ 10.996728128039736, 46.707303196823617 ], [ 10.997902086207697, 46.706173154859648 ], [ 10.997614984076197, 46.705713581882087 ], [ 10.997998547139691, 46.704050765925658 ], [ 10.99689842157388, 46.704587259224056 ], [ 10.995924622511424, 46.704259144181826 ], [ 10.996674772291462, 46.703918107777433 ], [ 10.996422188862628, 46.703747612960704 ], [ 10.996851712651173, 46.703330185936025 ], [ 10.995343532529331, 46.703486454582979 ], [ 10.996313114616937, 46.702082468551012 ], [ 10.99580442930233, 46.701429991565931 ], [ 10.993269461484083, 46.70282232229733 ], [ 10.992946296754232, 46.702777936487337 ], [ 10.993199154652359, 46.702308943224693 ], [ 10.992845481120185, 46.701981695584251 ], [ 10.991173110878341, 46.702737762099026 ], [ 10.991118956227162, 46.701913379415338 ], [ 10.991971116577671, 46.701106011414424 ], [ 10.991709818192659, 46.700913795318392 ], [ 10.989702462416671, 46.702282369458345 ], [ 10.988937438183074, 46.702219153828814 ], [ 10.988679525848534, 46.702551581719078 ], [ 10.988122739588258, 46.702533931599262 ], [ 10.988084896723151, 46.703234203453782 ], [ 10.990354758452272, 46.704249615997604 ], [ 10.991066861957634, 46.703521211646994 ], [ 10.992003768180615, 46.704152588835555 ], [ 10.992268802553225, 46.703798165952925 ], [ 10.992660473734674, 46.703862397626558 ], [ 10.992945664463207, 46.704738536161848 ], [ 10.993738936975541, 46.704536638741963 ], [ 10.994652147914904, 46.704753431767983 ], [ 10.994577185953609, 46.705424985643219 ], [ 10.994856278267369, 46.70502112014811 ], [ 10.996248195623567, 46.704846529241422 ], [ 10.995398424145531, 46.706796224624327 ], [ 10.995664714540348, 46.707338152020874 ], [ 10.996728128039736, 46.707303196823617 ] ] ] ] } },
{ "type": "Feature", "properties": { "HOM_ID": 123.0, "area_97": 0.10612744676, "region": "Texelgruppe", "name_d": "Blaulackenferner", "name_it": "Vedretta di Monterosso", "area_05": 0.0443178879, "area_17": 0.01203985, "change_pct": -88.655291003817979, "status": "present" }, "geometry": { "type": "Polygon", "coordinates": [ [ [ 10.975590880089181, 46.71472404948257 ], [ 10.977218033263421, 46.714482795307049 ], [ 10.976880355472259, 46.714214566224761 ], [ 10.977727954430886, 46.714108566858272 ], [ 10.979346972051989, 46.714133119697166 ], [ 10.980700762686778, 46.713566814587367 ], [ 10.975994549345861, 46.711496407852017 ], [ 10.975805614455894, 46.710951406383586 ], [ 10.975020277960716, 46.711205459592847 ], [ 10.974344399310256, 46.711048879214154 ], [ 10.973310560362124, 46.711734190541833 ], [ 10.974300696913108, 46.711925380702773 ], [ 10.974599688357639, 46.712649707441017 ], [ 10.975223765480534, 46.712824837893862 ], [ 10.974945184975203, 46.714175298174119 ], [ 10.975590880089181, 46.71472404948257 ] ] ] } },
{ "type": "Feature", "properties": { "HOM_ID": 124.0, "area_97": 0.37421822456000003, "region": "Texelgruppe", "name_d": "Roteckferner", "name_it": "Vedretta Grande di Riotorbo", "area_05": 0.3245785588, "area_17": 0.22756963, "change_pct": -39.187988434402726, "status": "present" }, "geometry": { "type": "MultiPolygon", "coordinates": [ [ [ [ 10.985853788501364, 46.725432816917468 ], [ 10.987250632723224, 46.725521517243102 ], [ 10.987260711422119, 46.725218906177226 ], [ 10.986106102766367, 46.724655949353306 ], [ 10.985565894103237, 46.724807436089613 ], [ 10.985853788501364, 46.725432816917468 ] ] ], [ [ [ 10.998494643671696, 46.729822088292799 ], [ 11.000107223858162, 46.729037068281293 ], [ 10.999477607078983, 46.7286024542883 ], [ 10.997873191333326, 46.728671797503132 ], [ 10.99700809485855, 46.728312292175779 ], [ 10.996468512812584, 46.727477646078242 ], [ 10.996551448201034, 46.726779746599696 ], [ 10.999089354403296, 46.725839945083607 ], [ 10.999728843732134, 46.725938082074393 ], [ 10.999546153191604, 46.72572629059831 ], [ 10.996716544376682, 46.726012565502216 ], [ 10.995538569550968, 46.725537562691784 ], [ 10.994386645666888, 46.725481131888174 ], [ 10.994500980949455, 46.725132976391869 ], [ 10.99303691556109, 46.725377123162062 ], [ 10.992665427202875, 46.725073871162401 ], [ 10.991142838647349, 46.725023863992625 ], [ 10.990387366324597, 46.723932937965657 ], [ 10.989677851731608, 46.724378894307634 ], [ 10.989116488732977, 46.72424290448582 ], [ 10.988913211827917, 46.723758169205652 ], [ 10.988147313422751, 46.724256109245488 ], [ 10.987872206798029, 46.72539085454639 ], [ 10.988262904641212, 46.725959402617939 ], [ 10.987076159540091, 46.726253309167042 ], [ 10.986858782502386, 46.726971271220137 ], [ 10.989180169681322, 46.729000610730601 ], [ 10.989621387818367, 46.729182415011834 ], [ 10.990055246919493, 46.728876076144161 ], [ 10.991719453632042, 46.728883550267916 ], [ 10.994582562863163, 46.729788341198805 ], [ 10.996894662261777, 46.730119671381765 ], [ 10.998494643671696, 46.729822088292799 ] ] ] ] } },
{ "type": "Feature", "properties": { "HOM_ID": 125.0, "area_97": 0.0521302815, "region": "Texelgruppe", "name_d": "Truebwandferner", "name_it": null, "area_05": 0.0315087028, "area_17": 0.0245299, "change_pct": -52.945007596016914, "status": "present" }, "geometry": { "type": "MultiPolygon", "coordinates": [ [ [ [ 11.002001443504316, 46.733652354236142 ], [ 11.001557223187222, 46.733248377627802 ], [ 11.000444768554116, 46.733690518930274 ], [ 11.001150064175276, 46.733845797855665 ], [ 11.002001443504316, 46.733652354236142 ] ] ], [ [ [ 10.999040990456475, 46.73574470894863 ], [ 11.000610557103212, 46.735593329428823 ], [ 11.001652713454801, 46.735112334810225 ], [ 11.000913559812441, 46.735045103037663 ], [ 11.000657037770075, 46.734557675692876 ], [ 10.999594975531767, 46.73465931189331 ], [ 10.999387973695738, 46.734048062079793 ], [ 10.998554831483224, 46.733464060865835 ], [ 10.997180851079911, 46.733277498594745 ], [ 10.997025791095874, 46.734288600623408 ], [ 10.999040990456475, 46.73574470894863 ] ] ] ] } },
{ "type": "Feature", "properties": { "HOM_ID": 126.0, "area_97": 0.09631978637, "region": "Texelgruppe", "name_d": "Lodnerferner Westlicher", "name_it": "Vedretta Cima Fiammante Occidentale", "area_05": 0.0720448049, "area_17": 0.0550673, "change_pct": -42.828673032489824, "status": "present" }, "geometry": { "type": "Polygon", "coordinates": [ [ [ 11.034322747034762, 46.73888710481355 ], [ 11.036469908310606, 46.738696538346574 ], [ 11.037658779895553, 46.738071720245493 ], [ 11.03818178315268, 46.73809662438439 ], [ 11.038459911280782, 46.736678218698508 ], [ 11.037332560483275, 46.736489289626569 ], [ 11.038449930462267, 46.735980730459893 ], [ 11.038472129094416, 46.735420457660986 ], [ 11.036846347798713, 46.736351666344454 ], [ 11.036191297123134, 46.736047940117437 ], [ 11.032515046414829, 46.736914066200775 ], [ 11.032424262804341, 46.737359114142116 ], [ 11.033167714724385, 46.737022488886346 ], [ 11.033161577225378, 46.737591842538166 ], [ 11.034088185827024, 46.738100989889936 ], [ 11.033793617135276, 46.738576706759105 ], [ 11.034322747034762, 46.73888710481355 ] ] ] } },
{ "type": "Feature", "properties": { "HOM_ID": 127.0, "area_97": 0.01069316944, "region": "Texelgruppe", "name_d": "Lodnerferner Westlicher", "name_it": "Vedretta Cima Fiammante Occidentale", "area_05": 0.0061115166, "area_17": 0.00444477, "change_pct": -58.43355868491691, "status": "present" }, "geometry": { "type": "Polygon", "coordinates": [ [ [ 11.039069451949352, 46.734737771599178 ], [ 11.040199131588134, 46.734264360887039 ], [ 11.039682338940157, 46.733709977286509 ], [ 11.037889367821176, 46.734287484374846 ], [ 11.039069451949352, 46.734737771599178 ] ] ] } },
{ "type": "Feature", "properties": { "HOM_ID": 128.0, "area_97": 0.0568488686, "region": "Texelgruppe", "name_d": "Lodnerferner Oestlicher", "name_it": "Vedretta Cima Fiammante Orientale", "area_05": 0.0217738118, "area_17": 0.0165096, "change_pct": -70.958788791093014, "status": "present" }, "geometry": { "type": "Polygon", "coordinates": [ [ [ 11.04607037959012, 46.735962552556465 ], [ 11.046412707587265, 46.73566715461196 ], [ 11.046154120695844, 46.735374401920822 ], [ 11.046736603855047, 46.734941298935574 ], [ 11.045702367906333, 46.734220105965171 ], [ 11.045887302088737, 46.733925293155906 ], [ 11.045364981518617, 46.733847182637973 ], [ 11.044677705707624, 46.73305054263728 ], [ 11.044269856180517, 46.733476870618084 ], [ 11.043882211796502, 46.733316182292924 ], [ 11.043752430937015, 46.733668307206237 ], [ 11.042938008093213, 46.733573540614472 ], [ 11.042381436487474, 46.734272159674006 ], [ 11.043306747053412, 46.734776700231414 ], [ 11.043193397257539, 46.735143105641939 ], [ 11.04607037959012, 46.735962552556465 ] ] ] } },
{ "type": "Feature", "properties": { "HOM_ID": 129.0, "area_97": 0.06403776871, "region": "Texelgruppe", "name_d": "Andelsferner", "name_it": null, "area_05": 0.0350440596, "area_17": 0.0169699, "change_pct": -73.500169756305056, "status": "present" }, "geometry": { "type": "Polygon", "coordinates": [ [ [ 11.045598056446034, 46.740008340616797 ], [ 11.043921794453871, 46.738289275608217 ], [ 11.044289722311399, 46.738067716890562 ], [ 11.043400447629114, 46.736695313719849 ], [ 11.043261644466124, 46.736949216290832 ], [ 11.042835320132324, 46.736607024574106 ], [ 11.043412906172341, 46.737445715887233 ], [ 11.041726796185431, 46.737005771793797 ], [ 11.039998663852177, 46.736996521370507 ], [ 11.040418965479963, 46.737881758448005 ], [ 11.041429706482131, 46.738066218938506 ], [ 11.041928374980708, 46.738835009211996 ], [ 11.044345732279917, 46.739649994701672 ], [ 11.045361726405753, 46.740486261411945 ], [ 11.045598056446034, 46.740008340616797 ] ] ] } },
{ "type": "Feature", "properties": { "HOM_ID": 130.0, "area_97": 0.03714493804, "region": "Texelgruppe", "name_d": null, "name_it": null, "area_05": 0.0327703723, "area_17": 0.0267816, "change_pct": -27.899731664217903, "status": "present" }, "geometry": { "type": "Polygon", "coordinates": [ [ [ 11.041591464679746, 46.742124093102213 ], [ 11.041934600844558, 46.741385563947752 ], [ 11.040958190802888, 46.740496550732139 ], [ 11.040446502335129, 46.74062811826645 ], [ 11.039418299650452, 46.740305618055068 ], [ 11.038467099675273, 46.740563571184246 ], [ 11.038450025121552, 46.740904784191493 ], [ 11.039491242828168, 46.741669643557415 ], [ 11.039308583413796, 46.742026348628059 ], [ 11.041591464679746, 46.742124093102213 ] ] ] } },
{ "type": "Feature", "properties": { "HOM_ID": 131.0, "area_97": 0.01616632224, "region": "Texelgruppe", "name_d": null, "name_it": null, "area_05": 0.0116394695, "area_17": 0.0114601, "change_pct": -29.111273239101283, "status": "present" }, "geometry": { "type": "Polygon", "coordinates": [ [ [ 11.037154764212763, 46.749221155111385 ], [ 11.039249282607914, 46.748393132226489 ], [ 11.038568573188545, 46.747632778112497 ], [ 11.036786789020214, 46.748881547058247 ], [ 11.037154764212763, 46.749221155111385 ] ] ] } },
{ "type": "Feature", "properties": { "HOM_ID": 132.0, "area_97": 0.20223769702000002, "region": "Texelgruppe", "name_d": "Grafferner", "name_it": "Vedretta di Grava", "area_05": 0.1709251174, "area_17": 0.141407, "change_pct": -30.078812168230062, "status": "present" }, "geometry": { "type": "MultiPolygon", "coordinates": [ [ [ [ 11.041621676313913, 46.750221908121532 ], [ 11.042370643595362, 46.750121087903757 ], [ 11.039798401638976, 46.749809889969924 ], [ 11.04021159551777, 46.750363667333545 ], [ 11.041006379769097, 46.750633706578895 ], [ 11.04154330784816, 46.750533029954035 ], [ 11.041621676313913, 46.750221908121532 ] ] ], [ [ [ 11.034214504915905, 46.752651281445999 ], [ 11.035069154426532, 46.752399232865812 ], [ 11.03524944308905, 46.751696416319184 ], [ 11.034521405335019, 46.751931638103393 ], [ 11.034214504915905, 46.752651281445999 ] ] ], [ [ [ 11.038223148812692, 46.756746612105651 ], [ 11.03845278032138, 46.755525492272504 ], [ 11.039756611919127, 46.754110319720262 ], [ 11.039987539783109, 46.753102989435156 ], [ 11.040733723858313, 46.75270805955634 ], [ 11.040269550018458, 46.752741414427504 ], [ 11.040712014799483, 46.752072005072172 ], [ 11.040380658806589, 46.751779319540518 ], [ 11.039895651182011, 46.751577261257822 ], [ 11.039250106400379, 46.752067890526071 ], [ 11.038934801913562, 46.751720062740375 ], [ 11.039044470424738, 46.749894157940808 ], [ 11.037511824046831, 46.750912085413376 ], [ 11.037478749944436, 46.751791983021327 ], [ 11.036669465450718, 46.752379862784203 ], [ 11.036861616288824, 46.753258240992359 ], [ 11.036282777045161, 46.754358041800117 ], [ 11.035415311734647, 46.754552025942218 ], [ 11.035687623214942, 46.753618011583733 ], [ 11.035078723660089, 46.753920348869052 ], [ 11.034744485863916, 46.753773255296572 ], [ 11.033055541036939, 46.755242584196857 ], [ 11.033455372139695, 46.755301065998104 ], [ 11.033558642920315, 46.755791142421742 ], [ 11.033924860652156, 46.755660743031569 ], [ 11.033656724368685, 46.754945860367677 ], [ 11.034306657496037, 46.754606362109925 ], [ 11.033861368042244, 46.755100726625862 ], [ 11.034410713277213, 46.755187519421824 ], [ 11.034060901024612, 46.7556127768895 ], [ 11.034447455219269, 46.756163403443352 ], [ 11.035381666546412, 46.756192333720783 ], [ 11.035523365066112, 46.756576054408775 ], [ 11.036153506989814, 46.756696016797967 ], [ 11.037101714560176, 46.756533384449959 ], [ 11.037525417208146, 46.756802767372726 ], [ 11.038223148812692, 46.756746612105651 ] ] ] ] } },
{ "type": "Feature", "properties": { "HOM_ID": 133.0, "area_97": 0.03876040222, "region": "Oetztaler Alpen", "name_d": "Eisjoechlferner", "name_it": "Vedretta di Giogo di Gelato", "area_05": 0.026962681, "area_17": 0.0157411, "change_pct": -59.388708324915825, "status": "present" }, "geometry": { "type": "Polygon", "coordinates": [ [ [ 11.025997082372063, 46.761803661208276 ], [ 11.026612017393704, 46.761093161192498 ], [ 11.027125417456244, 46.758948801005687 ], [ 11.026508487755876, 46.759039895101672 ], [ 11.026178302556367, 46.759519436891708 ], [ 11.025108095195174, 46.759447292447426 ], [ 11.025105887210694, 46.759246922957459 ], [ 11.024189083103266, 46.760457730966991 ], [ 11.024951118074192, 46.760891110440355 ], [ 11.025187559728895, 46.761708681882318 ], [ 11.025521361675059, 46.761560664057058 ], [ 11.025997082372063, 46.761803661208276 ] ] ] } },
{ "type": "Feature", "properties": { "HOM_ID": 134.0, "area_97": 0.08170806417, "region": "Oetztaler Alpen", "name_d": null, "name_it": null, "area_05": 0.0369502734, "area_17": 0.0293061, "change_pct": -64.13316078688834, "status": "present" }, "geometry": { "type": "Polygon", "coordinates": [ [ [ 11.050913683698223, 46.801719950363569 ], [ 11.05172312559643, 46.801656245386837 ], [ 11.051783286600893, 46.801354555704478 ], [ 11.052350039637403, 46.801606741677759 ], [ 11.052699241578354, 46.801370919294214 ], [ 11.054243725066881, 46.801412538459687 ], [ 11.055428125850444, 46.800190532354968 ], [ 11.056506342086474, 46.800914487127038 ], [ 11.056174369871368, 46.799931168383281 ], [ 11.056653552333518, 46.79955635560124 ], [ 11.055427594832548, 46.799758755215642 ], [ 11.053764280489649, 46.798717355513162 ], [ 11.052323640424598, 46.798715879312795 ], [ 11.052862368714102, 46.798790021181993 ], [ 11.052159716565784, 46.799218928405722 ], [ 11.051986559781302, 46.799793196065032 ], [ 11.052580749273206, 46.799930110020881 ], [ 11.052734665899326, 46.800419258554264 ], [ 11.051675887736646, 46.799995531448438 ], [ 11.050676708059916, 46.801139371853033 ], [ 11.050913683698223, 46.801719950363569 ] ] ] } },
{ "type": "Feature", "properties": { "HOM_ID": 135.0, "area_97": 0.55049757316000003, "region": "Oetztaler Alpen", "name_d": "Planferner", "name_it": "Vedretta del Campo di Sabbia", "area_05": 0.4781582196, "area_17": 0.411494, "change_pct": -25.250533324258477, "status": "present" }, "geometry": { "type": "Polygon", "coordinates": [ [ [ 11.055095708653297, 46.808179100947761 ], [ 11.05651639943965, 46.807650732532728 ], [ 11.057129327752875, 46.806606704259899 ], [ 11.056788853791348, 46.806027999574155 ], [ 11.056117539244173, 46.805958081384411 ], [ 11.056108328844244, 46.805615367762947 ], [ 11.055734511695656, 46.805724475346381 ], [ 11.056032595322916, 46.805257415767109 ], [ 11.05714490718044, 46.805439160380971 ], [ 11.056151702340166, 46.804989247588829 ], [ 11.056032371555876, 46.804409715746765 ], [ 11.057682390058162, 46.804591002559064 ], [ 11.060117733024862, 46.805447351320467 ], [ 11.060260637541649, 46.805200572131646 ], [ 11.059435179176109, 46.804872062453448 ], [ 11.061130704115836, 46.805365449111449 ], [ 11.059883617197031, 46.804768073419012 ], [ 11.060495122120305, 46.804792785092374 ], [ 11.06145358352512, 46.805290551271327 ], [ 11.060760697414933, 46.804370407411277 ], [ 11.060399843356505, 46.804720806475018 ], [ 11.059389708675416, 46.804542104134583 ], [ 11.058751814883465, 46.804064334140762 ], [ 11.058610733892083, 46.804277987755079 ], [ 11.05808553203623, 46.804037439768685 ], [ 11.058193527833211, 46.804499714680915 ], [ 11.057282806046233, 46.804052169634879 ], [ 11.05741654020696, 46.804419103233002 ], [ 11.056124387349756, 46.804210995253221 ], [ 11.055848356202546, 46.803527396582979 ], [ 11.055060464418462, 46.803270524922333 ], [ 11.056158998942815, 46.802869238235175 ], [ 11.054282738394535, 46.802091292516778 ], [ 11.053301055415194, 46.802439587638915 ], [ 11.052358102927643, 46.802341728315191 ], [ 11.051993236101014, 46.80279372513877 ], [ 11.052208477008001, 46.803325498898239 ], [ 11.049113392313959, 46.80377723548893 ], [ 11.048118253164823, 46.802934213236121 ], [ 11.0492873873776, 46.802700117123187 ], [ 11.04795396809388, 46.801526811870779 ], [ 11.046752361116534, 46.80205426016235 ], [ 11.046369407046637, 46.80314667667799 ], [ 11.045792053631228, 46.803080826383798 ], [ 11.045530100134169, 46.802690836618005 ], [ 11.044723945020548, 46.802841888198763 ], [ 11.045506509482212, 46.803805785464426 ], [ 11.045305613141517, 46.804071265847917 ], [ 11.044471762099951, 46.80412103707237 ], [ 11.044340781899088, 46.801867650067216 ], [ 11.043761763235864, 46.801500863942685 ], [ 11.04269958106083, 46.802667622605988 ], [ 11.040064956321029, 46.80456202428627 ], [ 11.039144600670665, 46.804851714537079 ], [ 11.044335846833793, 46.806568203828128 ], [ 11.042834050992052, 46.805794979222789 ], [ 11.045979626776901, 46.805833750165235 ], [ 11.048090635845575, 46.806714209835199 ], [ 11.048708063736985, 46.806121145384907 ], [ 11.05004785043786, 46.806196385568249 ], [ 11.051455412852436, 46.807697866618916 ], [ 11.055095708653297, 46.808179100947761 ] ], [ [ 11.048060750233125, 46.803149114982773 ], [ 11.04784076850776, 46.803121115552479 ], [ 11.047948915372141, 46.802846024538908 ], [ 11.048060750233125, 46.803149114982773 ] ] ] } },
{ "type": "Feature", "properties": { "HOM_ID": 136.0, "area_97": 0.04672141645, "region": "Oetztaler Alpen", "name_d": "Hangenderferner", "name_it": null, "area_05": 0.0408752573, "area_17": 0.033169, "change_pct": -29.006861263513773, "status": "present" }, "geometry": { "type": "Polygon", "coordinates": [ [ [ 11.083857206086666, 46.819875734656918 ], [ 11.084591328758858, 46.819832362510432 ], [ 11.084948308688928, 46.818971628217447 ], [ 11.084055054117956, 46.817967731074461 ], [ 11.083896403990069, 46.817034475706471 ], [ 11.083011927545233, 46.816880501323155 ], [ 11.082986548230151, 46.81800753360249 ], [ 11.082440940234775, 46.818104916731201 ], [ 11.082390835505462, 46.818813297477362 ], [ 11.081960506977161, 46.81884600525791 ], [ 11.082815800600441, 46.819770583216012 ], [ 11.083391978337113, 46.819907239463433 ], [ 11.083350036545706, 46.820406724002837 ], [ 11.083857206086666, 46.819875734656918 ] ] ] } },
{ "type": "Feature", "properties": { "HOM_ID": 137.0, "area_97": 0.09800406111, "region": "Oetztaler Alpen", "name_d": "Imstalmferner", "name_it": null, "area_05": 0.0681912406, "area_17": 0.0561979, "change_pct": -42.657580345651859, "status": "present" }, "geometry": { "type": "Polygon", "coordinates": [ [ [ 11.099679226349782, 46.825075574096715 ], [ 11.100163850402669, 46.824842587460815 ], [ 11.100627415775854, 46.82509096293299 ], [ 11.100407332036779, 46.824756133102589 ], [ 11.101520082832971, 46.824090752440462 ], [ 11.099710760791815, 46.823227604462787 ], [ 11.099480659839445, 46.823542074027813 ], [ 11.098999018814018, 46.8234634944872 ], [ 11.098731716065293, 46.823032407711757 ], [ 11.099364143619702, 46.823119186546307 ], [ 11.099404227714917, 46.822921686788895 ], [ 11.095685431708375, 46.82148134502544 ], [ 11.095669336186607, 46.824109214840171 ], [ 11.098106512828751, 46.824929792815603 ], [ 11.099679226349782, 46.825075574096715 ] ] ] } },
{ "type": "Feature", "properties": { "HOM_ID": 138.0, "area_97": 1.0680898855300001, "region": "Oetztaler Alpen", "name_d": "Seewerferner Oestlicher", "name_it": "Vedretta del Lago", "area_05": 0.857206738, "area_17": 0.63847326, "change_pct": -40.222890540417268, "status": "present" }, "geometry": { "type": "MultiPolygon", "coordinates": [ [ [ [ 11.099208327542131, 46.826887879924364 ], [ 11.100626877384828, 46.827222576521415 ], [ 11.101135866609555, 46.826592878925176 ], [ 11.100085097770354, 46.826500125627113 ], [ 11.099208327542131, 46.826887879924364 ] ] ], [ [ [ 11.103727588199122, 46.827911666500675 ], [ 11.103043157827145, 46.828126478690677 ], [ 11.10261492642827, 46.828784761296852 ], [ 11.103009537523004, 46.830122058815817 ], [ 11.10382088246577, 46.828669676272 ], [ 11.104320795904982, 46.828419994095299 ], [ 11.103727588199122, 46.827911666500675 ] ] ], [ [ [ 11.092307261234561, 46.836555257672558 ], [ 11.093442689859495, 46.836259839405983 ], [ 11.094104627400464, 46.835309002122862 ], [ 11.094899943269652, 46.835023893866364 ], [ 11.093794691032523, 46.835021433364162 ], [ 11.093308311462787, 46.834337061407219 ], [ 11.094684403003891, 46.834660291925722 ], [ 11.094583921970482, 46.833828487007651 ], [ 11.095665664211612, 46.833484231903945 ], [ 11.095769266641849, 46.832495143501447 ], [ 11.095069110891336, 46.83193711783526 ], [ 11.096237052224206, 46.831094084775366 ], [ 11.096128518420119, 46.830828372320141 ], [ 11.096750136063443, 46.830993249130991 ], [ 11.09636142495094, 46.830213318769452 ], [ 11.097849589191419, 46.830391003479079 ], [ 11.098145735141214, 46.829713299070455 ], [ 11.099485864709775, 46.82949056463768 ], [ 11.098537378042336, 46.829939791437567 ], [ 11.098063130378254, 46.830586160203623 ], [ 11.098499039287711, 46.831270677640255 ], [ 11.099281491798187, 46.83132191142704 ], [ 11.099189737435209, 46.831624205780827 ], [ 11.098214614667794, 46.831942702499241 ], [ 11.100112392113333, 46.832820646917156 ], [ 11.1008729377742, 46.832309310375173 ], [ 11.101120165864321, 46.830991930311797 ], [ 11.101932502736908, 46.830480720709062 ], [ 11.101562383447412, 46.829158163438429 ], [ 11.100422621783778, 46.828928877087613 ], [ 11.099431607816044, 46.828017042422204 ], [ 11.0989129256824, 46.828144785075217 ], [ 11.097837106831781, 46.827803103172045 ], [ 11.098120318978248, 46.826861378662251 ], [ 11.097777791877544, 46.825600966510088 ], [ 11.097403152931124, 46.825533916497641 ], [ 11.095098566304927, 46.826151561776037 ], [ 11.094378263102502, 46.826673054488367 ], [ 11.093768773452286, 46.826255156507294 ], [ 11.092392820410579, 46.826400573179924 ], [ 11.091363040546069, 46.825924760226393 ], [ 11.090759337419987, 46.825963121430597 ], [ 11.090571601288655, 46.82666615551755 ], [ 11.091146584909772, 46.829492821043708 ], [ 11.09055632107121, 46.828325258442931 ], [ 11.088706367643912, 46.827645778650158 ], [ 11.089490949613605, 46.827262997967146 ], [ 11.090295193972018, 46.827649557012826 ], [ 11.090228883344396, 46.826863715021119 ], [ 11.089305422815881, 46.826483803480613 ], [ 11.089803782705483, 46.825655372707629 ], [ 11.08934985019636, 46.825551617719462 ], [ 11.088958162852638, 46.825821120766584 ], [ 11.089145144120454, 46.826022669222588 ], [ 11.088122906819704, 46.826254490524043 ], [ 11.08797429462153, 46.824576515465417 ], [ 11.085982479558115, 46.824342298478058 ], [ 11.086049190978992, 46.824051632201162 ], [ 11.088238923076892, 46.823391104686252 ], [ 11.088428708484999, 46.823048770247489 ], [ 11.087122161977691, 46.822722810937016 ], [ 11.086068442739755, 46.823477158107977 ], [ 11.085312301977149, 46.822559048273284 ], [ 11.08424567823792, 46.822980209781278 ], [ 11.083722423043437, 46.822730121994056 ], [ 11.083325303360322, 46.823065293413684 ], [ 11.083140042672404, 46.822907429548152 ], [ 11.083063848639062, 46.824026542272392 ], [ 11.083626138723449, 46.824973424365858 ], [ 11.083107946488804, 46.824860346752217 ], [ 11.083198376399368, 46.825319642051717 ], [ 11.084290405570608, 46.826204486791603 ], [ 11.08457778229227, 46.827500873711173 ], [ 11.085365423134508, 46.827557403349175 ], [ 11.086061991701163, 46.828400665051838 ], [ 11.087463348667532, 46.829228820481497 ], [ 11.090412360931557, 46.833167648375721 ], [ 11.091195206720622, 46.835452398427066 ], [ 11.092307261234561, 46.836555257672558 ] ], [ [ 11.08794142825206, 46.823008473016422 ], [ 11.088028825376723, 46.82320910753328 ], [ 11.087436807484647, 46.823342887405282 ], [ 11.087380499727546, 46.823122556081366 ], [ 11.08794142825206, 46.823008473016422 ] ] ], [ [ [ 11.101407555836991, 46.833867450249826 ], [ 11.103316961973071, 46.833356853248922 ], [ 11.105366190380437, 46.832304488657392 ], [ 11.106913100908638, 46.832142901721838 ], [ 11.107828996625093, 46.831125818350642 ], [ 11.108146733084864, 46.831308528955688 ], [ 11.109366714275177, 46.830736745283474 ], [ 11.110712390646789, 46.830629943214824 ], [ 11.109979307474344, 46.829602258729871 ], [ 11.109049274752531, 46.82934065767293 ], [ 11.108920516172006, 46.828187046162228 ], [ 11.108291086418003, 46.828280631173442 ], [ 11.107328139821453, 46.829314982369397 ], [ 11.107970721361955, 46.829557298450979 ], [ 11.107808578439359, 46.829892888770551 ], [ 11.106639039524152, 46.829868772294347 ], [ 11.104036912635044, 46.83053154040401 ], [ 11.103667506089977, 46.831013844046218 ], [ 11.101784822328316, 46.83190108564969 ], [ 11.101164984030286, 46.833314409066084 ], [ 11.101618297026866, 46.833297884804864 ], [ 11.101407555836991, 46.833867450249826 ] ] ], [ [ [ 11.095598032710935, 46.837606570546022 ], [ 11.096155482495412, 46.836128186978861 ], [ 11.09599652072478, 46.835573604192376 ], [ 11.094651492200633, 46.836315600998297 ], [ 11.094294132570212, 46.836035196890485 ], [ 11.093880430067335, 46.836149348604174 ], [ 11.094514691540018, 46.837252730898811 ], [ 11.093877368880092, 46.837223402934214 ], [ 11.094598109819035, 46.837708267984624 ], [ 11.095598032710935, 46.837606570546022 ] ] ] ] } },
{ "type": "Feature", "properties": { "HOM_ID": 139.0, "area_97": 0.3630458484, "region": "Oetztaler Alpen", "name_d": "Seewerferner Westlicher", "name_it": "Vedretta del Lago", "area_05": 0.2885242651, "area_17": 0.256458, "change_pct": -29.359335430979129, "status": "present" }, "geometry": { "type": "Polygon", "coordinates": [ [ [ 11.088199643272223, 46.836841409353234 ], [ 11.087345547605217, 46.835610828677972 ], [ 11.088556013380924, 46.835555945217941 ], [ 11.087806924781111, 46.834876846555183 ], [ 11.087875134037601, 46.83450868551153 ], [ 11.088407671524561, 46.83465682217782 ], [ 11.088571465962151, 46.833797092905463 ], [ 11.087474743634184, 46.833394886296361 ], [ 11.08677403620773, 46.833549934569845 ], [ 11.086559414571177, 46.833301981621439 ], [ 11.086564328962259, 46.832447452710376 ], [ 11.085736548013934, 46.831632610070898 ], [ 11.086496929649176, 46.830516265800284 ], [ 11.086356373888226, 46.829424681989686 ], [ 11.084760310445791, 46.828617531557299 ], [ 11.083502177116481, 46.829443899365671 ], [ 11.083023162542164, 46.829567399752058 ], [ 11.082775399636347, 46.829338254185828 ], [ 11.082563775092051, 46.830198846180537 ], [ 11.082040372704903, 46.830565004846413 ], [ 11.081942734513966, 46.831581205125374 ], [ 11.08128272232169, 46.831877520448572 ], [ 11.080437081317514, 46.831767752648574 ], [ 11.080080099863002, 46.832078104395116 ], [ 11.08033871306232, 46.833617803982186 ], [ 11.080036201545742, 46.834735533326118 ], [ 11.080526931845457, 46.834759404757044 ], [ 11.080548195123423, 46.834381888423898 ], [ 11.080868065459876, 46.834409856039287 ], [ 11.081983703359024, 46.835823300503222 ], [ 11.084150536332764, 46.836788161933775 ], [ 11.084730877373866, 46.836502941114738 ], [ 11.085847801181915, 46.83704008010158 ], [ 11.087028077109453, 46.836821793354979 ], [ 11.087927659259774, 46.837067732093644 ], [ 11.088199643272223, 46.836841409353234 ] ] ] } },
{ "type": "Feature", "properties": { "HOM_ID": 140.0, "area_97": 0.40693383878, "region": "Oetztaler Alpen", "name_d": "Granatenferner", "name_it": "Vedretta dei Granati", "area_05": 0.3446295243, "area_17": 0.284369013, "change_pct": -30.119103918084832, "status": "present" }, "geometry": { "type": "Polygon", "coordinates": [ [ [ 11.077770664662456, 46.844353554524339 ], [ 11.078146875963892, 46.844136598195568 ], [ 11.077776274864219, 46.843512048008321 ], [ 11.07851960159971, 46.8437322026545 ], [ 11.078110494040789, 46.843038667170156 ], [ 11.078747655244392, 46.843449312641546 ], [ 11.078927035272448, 46.843298481593855 ], [ 11.078843827843688, 46.842225996747111 ], [ 11.078088038750899, 46.841682231193964 ], [ 11.078789446871813, 46.841462580398307 ], [ 11.078106167539977, 46.841145840791235 ], [ 11.078092826428694, 46.840657353301616 ], [ 11.08032653101243, 46.841481683371526 ], [ 11.080820499970823, 46.842206462518945 ], [ 11.08111938226646, 46.841901782533583 ], [ 11.082096884302191, 46.84246198982828 ], [ 11.082134231834905, 46.841264336594811 ], [ 11.081824639951211, 46.841446236592496 ], [ 11.081575977746303, 46.840731345935957 ], [ 11.081159327048841, 46.840925440313207 ], [ 11.080747171139777, 46.840617296278118 ], [ 11.081228169732361, 46.839923976948711 ], [ 11.08077822046765, 46.839255787932977 ], [ 11.078622230952124, 46.838495627028735 ], [ 11.077879588454236, 46.836742349177868 ], [ 11.077145197659457, 46.836414311673479 ], [ 11.077165165800315, 46.836029757804511 ], [ 11.076628294389172, 46.836117455939842 ], [ 11.076290712236588, 46.835814131107071 ], [ 11.075114532284941, 46.836759737391006 ], [ 11.073681149561009, 46.837076769864524 ], [ 11.073576151124071, 46.83776324393903 ], [ 11.071771934531963, 46.839001100675382 ], [ 11.071539652919105, 46.83988154714654 ], [ 11.073064286337557, 46.842158690599433 ], [ 11.072518021746053, 46.8433327668426 ], [ 11.072949817245094, 46.843841446270488 ], [ 11.073707481820936, 46.843348108283941 ], [ 11.073840151710398, 46.842759514420479 ], [ 11.074600972884971, 46.842503867927228 ], [ 11.074927133747648, 46.843526858613707 ], [ 11.075328363514824, 46.843396605178626 ], [ 11.075203386184976, 46.842943857688027 ], [ 11.076344222001573, 46.844054854781554 ], [ 11.077770664662456, 46.844353554524339 ] ], [ [ 11.079896306370031, 46.84055078220107 ], [ 11.080139799342012, 46.840513561898518 ], [ 11.079939043279239, 46.840574600644693 ], [ 11.079896306370031, 46.84055078220107 ] ], [ [ 11.07978481900961, 46.840757769884611 ], [ 11.079667479934008, 46.8408131926073 ], [ 11.079593471104973, 46.840753049455003 ], [ 11.07978481900961, 46.840757769884611 ] ] ] } },
{ "type": "Feature", "properties": { "HOM_ID": 141.0, "area_97": 0.0064175867, "region": "Oetztaler Alpen", "name_d": null, "name_it": null, "area_05": null, "area_17": null, "change_pct": -100.0, "status": "disappeared" }, "geometry": { "type": "Polygon", "coordinates": [ [ [ 11.078729361340306, 46.850406024892251 ], [ 11.078332152067885, 46.849093292075722 ], [ 11.077670388890448, 46.849285676048041 ], [ 11.078729361340306, 46.850406024892251 ] ] ] } },
{ "type": "Feature", "properties": { "HOM_ID": 142.0, "area_97": 0.21459919971, "region": "Stubaier Alpen", "name_d": "Timmelsferner", "name_it": "Vedretta Nera", "area_05": 0.1318429488, "area_17": 0.07583839, "change_pct": -64.660450690177456, "status": "present" }, "geometry": { "type": "Polygon", "coordinates": [ [ [ 11.184736922636208, 46.914270915577895 ], [ 11.185584799817299, 46.913153406541035 ], [ 11.186579678304243, 46.913003226310856 ], [ 11.186685193486319, 46.91246011533002 ], [ 11.187474904917577, 46.912070628064747 ], [ 11.187222197111751, 46.91134466498432 ], [ 11.185688982444148, 46.91091051988596 ], [ 11.184785282236417, 46.911438811759417 ], [ 11.18505818292774, 46.910990886960725 ], [ 11.182506442160962, 46.910686278159467 ], [ 11.182211798535347, 46.910054209156037 ], [ 11.181536539404913, 46.909931794742569 ], [ 11.181035816603556, 46.909918672906045 ], [ 11.18062587035171, 46.910488792792705 ], [ 11.180138867386159, 46.9104721838074 ], [ 11.179062904301858, 46.909518739572185 ], [ 11.176109336936117, 46.909609184729895 ], [ 11.175734951078795, 46.910605576788839 ], [ 11.175250790147279, 46.910860733011496 ], [ 11.175406370035642, 46.91174866857147 ], [ 11.17604857981161, 46.912047996806557 ], [ 11.176890949951025, 46.911381569273061 ], [ 11.177397012372639, 46.911863844438095 ], [ 11.17734109282979, 46.912461792550147 ], [ 11.177657351473814, 46.912078735051374 ], [ 11.177814750061959, 46.912528163786511 ], [ 11.178112221295704, 46.91213001882916 ], [ 11.178401414349104, 46.912637240796393 ], [ 11.178901224746559, 46.912088648061065 ], [ 11.178407942672901, 46.911912924295592 ], [ 11.178528814534221, 46.911549894080103 ], [ 11.179907552160422, 46.911326875336286 ], [ 11.180365949676425, 46.910859599051285 ], [ 11.180939661739053, 46.911346101514916 ], [ 11.180855565387436, 46.912596752863678 ], [ 11.181586709145785, 46.911976052638579 ], [ 11.181960197615053, 46.912202196996802 ], [ 11.182165487127799, 46.912840812984378 ], [ 11.181730417250819, 46.913417748478132 ], [ 11.182267891043375, 46.912984421601429 ], [ 11.182353149480871, 46.913316196516384 ], [ 11.182948005558076, 46.913233797948514 ], [ 11.183077554929515, 46.91367404045522 ], [ 11.184736922636208, 46.914270915577895 ] ] ] } },
{ "type": "Feature", "properties": { "HOM_ID": 143.0, "area_97": 0.07766904183, "region": "Stubaier Alpen", "name_d": "Hochferner", "name_it": "Vedretta Alta", "area_05": 0.0175744193, "area_17": 0.004510193, "change_pct": -94.193062134239042, "status": "present" }, "geometry": { "type": "Polygon", "coordinates": [ [ [ 11.199631037003588, 46.918328005953775 ], [ 11.199855266264674, 46.916011746708826 ], [ 11.199253402139894, 46.915728173342799 ], [ 11.199735476146182, 46.915423765256882 ], [ 11.200153578874469, 46.915699937894189 ], [ 11.200431780109334, 46.915481430427214 ], [ 11.19934940958175, 46.915118193697019 ], [ 11.199274553408561, 46.914784656485153 ], [ 11.197816332852879, 46.914526023448715 ], [ 11.195685290616629, 46.914687176008144 ], [ 11.195641552282067, 46.914983157352147 ], [ 11.196819554262216, 46.914922289683062 ], [ 11.19683875749069, 46.915391962468576 ], [ 11.196150395255252, 46.915830534253097 ], [ 11.197626440501899, 46.915559229244721 ], [ 11.197885253234434, 46.915703291979682 ], [ 11.1974955687838, 46.915968560027089 ], [ 11.198365284406696, 46.916199002872261 ], [ 11.195961761894452, 46.916365376715241 ], [ 11.195117599579017, 46.916020224824379 ], [ 11.194763855454706, 46.916440180107209 ], [ 11.195174144920486, 46.916916016067169 ], [ 11.196337889753373, 46.916991049580979 ], [ 11.196125855100354, 46.917514000581612 ], [ 11.199158300254524, 46.917107332602896 ], [ 11.19929657633234, 46.918536662023726 ], [ 11.199631037003588, 46.918328005953775 ] ] ] } },
{ "type": "Feature", "properties": { "HOM_ID": 144.0, "area_97": 0.09776002, "region": "Stubaier Alpen", "name_d": null, "name_it": null, "area_05": 0.0708287085, "area_17": 0.0620733, "change_pct": -36.504411517100763, "status": "present" }, "geometry": { "type": "Polygon", "coordinates": [ [ [ 11.19718461758557, 46.928113494359394 ], [ 11.201574894270019, 46.926928998624554 ], [ 11.201919743364908, 46.926583497001886 ], [ 11.201556275445625, 46.925890893864349 ], [ 11.200011906674447, 46.926162603674051 ], [ 11.198407067741227, 46.925746477254265 ], [ 11.197238250048587, 46.926135120331068 ], [ 11.196433014317211, 46.926831044928626 ], [ 11.19641648699009, 46.926426907643226 ], [ 11.19555515690246, 46.926629266904499 ], [ 11.194273528378258, 46.92611275529665 ], [ 11.193964535653269, 46.926555926858036 ], [ 11.194709158682498, 46.927011689902159 ], [ 11.194173827213371, 46.927382684126634 ], [ 11.195060779730291, 46.9276116256124 ], [ 11.194339574526458, 46.927729303952098 ], [ 11.195368083516225, 46.92810309933779 ], [ 11.19718461758557, 46.928113494359394 ] ], [ [ 11.200314849538726, 46.926726938225293 ], [ 11.199901781076528, 46.926621861884634 ], [ 11.199855991407549, 46.926494962615585 ], [ 11.200295282962289, 46.926527713157043 ], [ 11.200314849538726, 46.926726938225293 ] ] ] } },
{ "type": "Feature", "properties": { "HOM_ID": 145.0, "area_97": 0.19449954123, "region": "Stubaier Alpen", "name_d": "Botzerferner", "name_it": "Vedretta del Capro", "area_05": 0.1408461657, "area_17": 0.09016623, "change_pct": -53.64193178565062, "status": "present" }, "geometry": { "type": "Polygon", "coordinates": [ [ [ 11.192108919039327, 46.934826933603027 ], [ 11.192079871105994, 46.934573167885233 ], [ 11.192891049309463, 46.934311675663409 ], [ 11.193733338211995, 46.934421240002948 ], [ 11.195340534119003, 46.934016027336497 ], [ 11.196943744268282, 46.93429406533032 ], [ 11.199013626769551, 46.933643530799571 ], [ 11.198590079786801, 46.932263409317486 ], [ 11.197973456995637, 46.932810855525041 ], [ 11.197467248850362, 46.932229083979578 ], [ 11.197930530470192, 46.93206502076778 ], [ 11.196791047631649, 46.932076917703064 ], [ 11.197359925219107, 46.931400245681175 ], [ 11.196743117199535, 46.931425075525283 ], [ 11.197261540564414, 46.930945758111051 ], [ 11.196415326037306, 46.931049487048 ], [ 11.196520581516875, 46.931361703831314 ], [ 11.196229518738198, 46.931170528367581 ], [ 11.195807526384037, 46.931484699198002 ], [ 11.195017436409263, 46.931382347340339 ], [ 11.193751715034523, 46.931843865016482 ], [ 11.193645416885678, 46.931487906588472 ], [ 11.193102782001459, 46.931746169694414 ], [ 11.192029368563167, 46.931605280232141 ], [ 11.191119445417659, 46.93231843003732 ], [ 11.18954764624489, 46.931774386544262 ], [ 11.189711638018633, 46.932482621444485 ], [ 11.189404657286673, 46.932367095258599 ], [ 11.188788619170877, 46.932717745789915 ], [ 11.189059193967722, 46.933483217716628 ], [ 11.190450202969608, 46.933352754198467 ], [ 11.189852463283094, 46.933940991863196 ], [ 11.190602473173914, 46.933852596471219 ], [ 11.190916043246215, 46.93409594900416 ], [ 11.190486915483147, 46.934057111933086 ], [ 11.190194509617607, 46.934713112607362 ], [ 11.192108919039327, 46.934826933603027 ] ] ] } },
{ "type": "Feature", "properties": { "HOM_ID": 146.0, "area_97": 0.00912843343, "region": "Stubaier Alpen", "name_d": null, "name_it": null, "area_05": 0.0028586229, "area_17": null, "change_pct": -100.0, "status": "disappeared" }, "geometry": { "type": "Polygon", "coordinates": [ [ [ 11.178937049781524, 46.936119508496986 ], [ 11.181430474651954, 46.936214111123448 ], [ 11.181389785762326, 46.935980364117754 ], [ 11.180523950675196, 46.936094748688276 ], [ 11.178366789873809, 46.935391960001041 ], [ 11.178937049781524, 46.936119508496986 ] ] ] } },
{ "type": "Feature", "properties": { "HOM_ID": 147.0, "area_97": 0.069794106, "region": "Stubaier Alpen", "name_d": "Schwarzwandferner", "name_it": null, "area_05": 0.0469353246, "area_17": 0.01969816, "change_pct": -71.776757194941368, "status": "present" }, "geometry": { "type": "MultiPolygon", "coordinates": [ [ [ [ 11.178037718558349, 46.940193377926434 ], [ 11.178923505158622, 46.938430418340985 ], [ 11.176413479343873, 46.937839996802602 ], [ 11.175916453389521, 46.938177383355772 ], [ 11.176797020114869, 46.93885058142375 ], [ 11.175426828853615, 46.939026758742393 ], [ 11.175751164991354, 46.940202789239628 ], [ 11.176857096655816, 46.940515157142507 ], [ 11.178037718558349, 46.940193377926434 ] ] ], [ [ [ 11.173782142010221, 46.944145359173987 ], [ 11.174160846363513, 46.943643531155118 ], [ 11.173707780609353, 46.943097382104114 ], [ 11.17169099631664, 46.942125696938561 ], [ 11.171920236883267, 46.94388830214276 ], [ 11.173782142010221, 46.944145359173987 ] ] ] ] } },
{ "type": "Feature", "properties": { "HOM_ID": 148.0, "area_97": 0.02925013529, "region": "Stubaier Alpen", "name_d": null, "name_it": null, "area_05": 0.0089104908, "area_17": 0.00710238, "change_pct": -75.718471283693006, "status": "present" }, "geometry": { "type": "Polygon", "coordinates": [ [ [ 11.201661601610562, 46.916198364659188 ], [ 11.202518903479634, 46.915162902081221 ], [ 11.203159290401032, 46.915175786077675 ], [ 11.203554940450305, 46.914713536765696 ], [ 11.203657288083617, 46.914470018272603 ], [ 11.202892447180508, 46.914507667738832 ], [ 11.203076661520877, 46.913789389512537 ], [ 11.20171648537225, 46.914133786462244 ], [ 11.201782159055298, 46.914624347340769 ], [ 11.200988204810663, 46.914850383743676 ], [ 11.201187864203078, 46.916316789659334 ], [ 11.201661601610562, 46.916198364659188 ] ] ] } },
{ "type": "Feature", "properties": { "HOM_ID": 149.0, "area_97": 0.02691498155, "region": "Stubaier Alpen", "name_d": null, "name_it": null, "area_05": 0.011527381, "area_17": 0.00367493, "change_pct": -86.346154489561599, "status": "present" }, "geometry": { "type": "Polygon", "coordinates": [ [ [ 11.204561814357328, 46.918403919878251 ], [ 11.205594391334238, 46.918296573187497 ], [ 11.205847477793668, 46.917721167777238 ], [ 11.206189055039022, 46.917820533800409 ], [ 11.205407430450883, 46.917239850006439 ], [ 11.206013437852416, 46.916457519148317 ], [ 11.205695301706237, 46.916480048523809 ], [ 11.205539307120977, 46.915788923954992 ], [ 11.204609142173164, 46.91605826518208 ], [ 11.203871437043212, 46.915907938608669 ], [ 11.203576449988201, 46.91624631135366 ], [ 11.204058333283868, 46.917019890081299 ], [ 11.205300976640469, 46.917755668120314 ], [ 11.204772563670096, 46.917902489883076 ], [ 11.204561814357328, 46.918403919878251 ] ] ] } },
{ "type": "Feature", "properties": { "HOM_ID": 150.0, "area_97": 0.02915819168, "region": "Stubaier Alpen", "name_d": null, "name_it": null, "area_05": 0.0121420469, "area_17": null, "change_pct": -100.0, "status": "disappeared" }, "geometry": { "type": "Polygon", "coordinates": [ [ [ 11.201237936241307, 46.922749198945311 ], [ 11.201932463233456, 46.922841833701405 ], [ 11.202107035403547, 46.921727040693703 ], [ 11.202726493554421, 46.921307227547381 ], [ 11.202472628379388, 46.921925957962479 ], [ 11.20286345329836, 46.922734800879361 ], [ 11.203239812830898, 46.922563624473803 ], [ 11.203952099745266, 46.921352106933185 ], [ 11.203647158500907, 46.920629471455705 ], [ 11.202062640035264, 46.921403853576372 ], [ 11.201120790258047, 46.921067232174373 ], [ 11.201885380662144, 46.92100161893606 ], [ 11.201852842405083, 46.920802598554367 ], [ 11.200870187462719, 46.920791702523772 ], [ 11.201163052259423, 46.921522145131576 ], [ 11.200190597460471, 46.922106274082893 ], [ 11.200221974835346, 46.922482796479656 ], [ 11.200926313395529, 46.921955485896909 ], [ 11.201395645608681, 46.921987516672544 ], [ 11.201237936241307, 46.922749198945311 ] ], [ [ 11.201666640824136, 46.922147346247002 ], [ 11.201835716080152, 46.922051652992813 ], [ 11.201759038028216, 46.922220252113405 ], [ 11.201666640824136, 46.922147346247002 ] ] ] } },
{ "type": "Feature", "properties": { "HOM_ID": 151.0, "area_97": 0.37300883201000001, "region": "Stubaier Alpen", "name_d": "Hangenderferner", "name_it": "Vedretta di Capro Orientale", "area_05": 0.3193298435, "area_17": 0.283822, "change_pct": -23.910112671972598, "status": "present" }, "geometry": { "type": "Polygon", "coordinates": [ [ [ 11.204170298908656, 46.933891388786201 ], [ 11.206270403924666, 46.933736142037802 ], [ 11.205870314824185, 46.933514299493879 ], [ 11.206046045463632, 46.932994671853329 ], [ 11.205421953149884, 46.932770243264976 ], [ 11.206247530472032, 46.931698428565781 ], [ 11.207248508218553, 46.931520113511574 ], [ 11.20723920278269, 46.930711385937514 ], [ 11.207762117852949, 46.930816076004916 ], [ 11.208093025272008, 46.930520015162649 ], [ 11.207707404089849, 46.930042857375341 ], [ 11.208112004430483, 46.92962329176855 ], [ 11.207756973116913, 46.929102154527776 ], [ 11.208043294241971, 46.927952146361996 ], [ 11.207544115062397, 46.926677362515001 ], [ 11.207083757414347, 46.927511547506938 ], [ 11.206610289138117, 46.92705610272786 ], [ 11.206187900705411, 46.925673632924237 ], [ 11.206422432095007, 46.924425308376243 ], [ 11.205797158485719, 46.924934731901971 ], [ 11.205934948097969, 46.925376003421576 ], [ 11.204137979001766, 46.925639821308813 ], [ 11.204438881873985, 46.925852370308831 ], [ 11.203456695224331, 46.92633691786957 ], [ 11.204374639396512, 46.927426337141469 ], [ 11.203831080955787, 46.929249879233318 ], [ 11.203304493115333, 46.92977138103987 ], [ 11.202500360116401, 46.929944592625766 ], [ 11.202073106928008, 46.92954562930413 ], [ 11.201273557529245, 46.929796031979187 ], [ 11.201261436463373, 46.930181589684437 ], [ 11.200597500517308, 46.930139702654515 ], [ 11.200027089312313, 46.930530528550662 ], [ 11.199922797129474, 46.930029699575428 ], [ 11.199259750686178, 46.931239162825214 ], [ 11.198578298559067, 46.931585902968706 ], [ 11.199031637268044, 46.932719500108611 ], [ 11.1996802265855, 46.932840190461633 ], [ 11.200389640783539, 46.932573105340779 ], [ 11.200679912258439, 46.933805527182642 ], [ 11.201509707026803, 46.93419402002931 ], [ 11.20327279387419, 46.934575473296462 ], [ 11.204170298908656, 46.933891388786201 ] ], [ [ 11.205224798476321, 46.933630587260033 ], [ 11.205342381825176, 46.933385102346008 ], [ 11.205534726128153, 46.933600019325738 ], [ 11.205224798476321, 46.933630587260033 ] ] ] } },
{ "type": "Feature", "properties": { "HOM_ID": 152.0, "area_97": 0.02408187835, "region": "Stubaier Alpen", "name_d": "Hochgwandferner", "name_it": null, "area_05": 0.0196021232, "area_17": 0.0144869, "change_pct": -39.843147658787167, "status": "present" }, "geometry": { "type": "Polygon", "coordinates": [ [ [ 11.211459608921347, 46.934772821121136 ], [ 11.2110720299147, 46.932820897063849 ], [ 11.209295048707791, 46.933459164677593 ], [ 11.209244082396026, 46.934159744372316 ], [ 11.209937730425976, 46.934534407734489 ], [ 11.210009023056195, 46.934134042844121 ], [ 11.211459608921347, 46.934772821121136 ] ] ] } },
{ "type": "Feature", "properties": { "HOM_ID": 153.0, "area_97": 0.08795203576000001, "region": "Stubaier Alpen", "name_d": "Bodenbachferner", "name_it": null, "area_05": 0.0656538465, "area_17": 0.04872078, "change_pct": -44.605284483752811, "status": "present" }, "geometry": { "type": "Polygon", "coordinates": [ [ [ 11.214434902817882, 46.941955820481475 ], [ 11.215591180420152, 46.940774736427976 ], [ 11.214705807547919, 46.939430944385307 ], [ 11.215398551560476, 46.939007616281145 ], [ 11.215240155571244, 46.938649954294 ], [ 11.215845855394223, 46.938244705077345 ], [ 11.215986471273043, 46.937591577837381 ], [ 11.215888028976059, 46.937139840515727 ], [ 11.215473647702005, 46.937153328875198 ], [ 11.215707463971258, 46.936438275796 ], [ 11.214939115074381, 46.936382096708535 ], [ 11.212709986681757, 46.93679687986107 ], [ 11.212696523319016, 46.938212726979081 ], [ 11.212872193768552, 46.938702495843962 ], [ 11.213349452972835, 46.938855970893719 ], [ 11.213716352882217, 46.940980452399202 ], [ 11.214168517053102, 46.941108343887521 ], [ 11.214434902817882, 46.941955820481475 ] ] ] } },
{ "type": "Feature", "properties": { "HOM_ID": 154.0, "area_97": 8.1146777130899999, "region": "Stubaier Alpen", "name_d": "Uebeltalferner", "name_it": "Vedretta di Malavalle", "area_05": 7.3600841008, "area_17": 6.61848905, "change_pct": -18.438054054524653, "status": "present" }, "geometry": { "type": "MultiPolygon", "coordinates": [ [ [ [ 11.192108919039327, 46.934826933603027 ], [ 11.189172506026059, 46.935753914177667 ], [ 11.189048464060171, 46.936230227116766 ], [ 11.190358893249019, 46.936297718749678 ], [ 11.189853240980328, 46.936714580958466 ], [ 11.190078125507274, 46.937288262890206 ], [ 11.188992811721636, 46.937090405382364 ], [ 11.189663163440564, 46.937998731139238 ], [ 11.189363175090344, 46.938961509179265 ], [ 11.189472654785405, 46.939775536589771 ], [ 11.190202528457304, 46.940450270109885 ], [ 11.190080841743923, 46.941739017571955 ], [ 11.188967566063086, 46.940923625121982 ], [ 11.188120970941485, 46.940919866705471 ], [ 11.187800183114831, 46.940554721332525 ], [ 11.186643391181349, 46.940849267937345 ], [ 11.18671511675088, 46.941220065014996 ], [ 11.1857419911364, 46.94202261975078 ], [ 11.186585971777237, 46.940481634280935 ], [ 11.186518411182991, 46.937964527030303 ], [ 11.186852201118436, 46.937299338264282 ], [ 11.185833583622514, 46.936726976224179 ], [ 11.183703863937744, 46.936735285383151 ], [ 11.18064927569834, 46.938097145661068 ], [ 11.180138305142355, 46.939370511613618 ], [ 11.180630773388824, 46.940027454399463 ], [ 11.179845911448798, 46.941334656793956 ], [ 11.17991498759849, 46.940552597617071 ], [ 11.17894649858297, 46.939935616271995 ], [ 11.176944971122028, 46.941501388913949 ], [ 11.177087561904173, 46.942410060437183 ], [ 11.176026875875944, 46.943334253521897 ], [ 11.175399532220817, 46.943310205743323 ], [ 11.175920359948117, 46.943736623749167 ], [ 11.175738886598793, 46.943976895643736 ], [ 11.175297701412694, 46.943786179670319 ], [ 11.175696294005649, 46.944201667011271 ], [ 11.175037072647264, 46.945160162147978 ], [ 11.174790885555279, 46.944157003824301 ], [ 11.174265818838716, 46.94375149009425 ], [ 11.174157358796071, 46.944076328923742 ], [ 11.173168361559334, 46.944458988913077 ], [ 11.173188854208814, 46.944890745354975 ], [ 11.16888307453222, 46.947099448436106 ], [ 11.168495105662517, 46.946878462688865 ], [ 11.169198939611251, 46.946654937738643 ], [ 11.168811432521823, 46.946515541665747 ], [ 11.17002326624181, 46.945527066479841 ], [ 11.167827945273565, 46.945155901807567 ], [ 11.167499238029658, 46.94581203702046 ], [ 11.164334519877315, 46.947549240801024 ], [ 11.162569925484361, 46.950213328840142 ], [ 11.163013255784824, 46.951104075910941 ], [ 11.163818408135318, 46.95138106991412 ], [ 11.164452946010881, 46.952175973236301 ], [ 11.164091673736081, 46.952337375884937 ], [ 11.163405089086787, 46.951922236440865 ], [ 11.163910111705407, 46.952718826005018 ], [ 11.162976448983637, 46.953454364600901 ], [ 11.163474944249339, 46.954335828079671 ], [ 11.164777090380129, 46.955054520725838 ], [ 11.164623405754293, 46.956191531229145 ], [ 11.167968358552855, 46.95457704972408 ], [ 11.170078550760445, 46.953945398130145 ], [ 11.169820583891324, 46.953393893328318 ], [ 11.16894541266613, 46.953311264195463 ], [ 11.16875096964511, 46.952772285924823 ], [ 11.1682884771812, 46.952861943827223 ], [ 11.168422760837927, 46.952483731316534 ], [ 11.167952365616491, 46.952193128528307 ], [ 11.168315784757338, 46.951759692485822 ], [ 11.168033399529763, 46.949742448556286 ], [ 11.168634685938786, 46.948294370308375 ], [ 11.169277933911374, 46.950208590271984 ], [ 11.169630329239352, 46.950254472107197 ], [ 11.170733650111544, 46.951862113315272 ], [ 11.170826121746639, 46.952651730994454 ], [ 11.172700414282113, 46.954388020600831 ], [ 11.170177835589303, 46.954473418527847 ], [ 11.171163166323602, 46.954162882486749 ], [ 11.170618814704962, 46.954043768202467 ], [ 11.168518090718186, 46.955023029758166 ], [ 11.16790708891333, 46.955751352115769 ], [ 11.167648457556725, 46.955387676180052 ], [ 11.167537386806853, 46.955723971227421 ], [ 11.166974809026554, 46.95552963776057 ], [ 11.167078613495955, 46.955802287510622 ], [ 11.165786762075461, 46.957051005711286 ], [ 11.165015485619529, 46.957157484097884 ], [ 11.165048430143241, 46.958141641164893 ], [ 11.164162132003886, 46.959334520546115 ], [ 11.164204639403479, 46.96043447641005 ], [ 11.164974274192129, 46.962208747265123 ], [ 11.166927319672249, 46.962973404645396 ], [ 11.16686325015092, 46.963227040542428 ], [ 11.165920105706173, 46.96310892468513 ], [ 11.166118595457338, 46.963765830389349 ], [ 11.166744187282223, 46.963653668124728 ], [ 11.16723768634931, 46.964195552654978 ], [ 11.167977922498629, 46.964238920967261 ], [ 11.169439757840157, 46.9636673967753 ], [ 11.169429398153278, 46.964102105121448 ], [ 11.168702397321567, 46.96448480811479 ], [ 11.171029821607853, 46.964167870546945 ], [ 11.171363353137606, 46.964346905230329 ], [ 11.175635353607831, 46.963778592188561 ], [ 11.177642280768929, 46.962465437308879 ], [ 11.178880870270554, 46.962743812657962 ], [ 11.178694929070451, 46.963035208304156 ], [ 11.179321053859786, 46.96341407465075 ], [ 11.179064194007072, 46.963854499153918 ], [ 11.179517437452066, 46.964515956950393 ], [ 11.180541801860976, 46.964772936747543 ], [ 11.18119436372616, 46.964616016771842 ], [ 11.182944721133202, 46.965425391351317 ], [ 11.183611308506769, 46.966608039325891 ], [ 11.186236921673249, 46.968928243064127 ], [ 11.187861878036543, 46.969711060068249 ], [ 11.188949277695032, 46.96978166475219 ], [ 11.189827360338654, 46.970499800208451 ], [ 11.191946800250568, 46.968865449178686 ], [ 11.192593620163491, 46.967644530618365 ], [ 11.190794652084739, 46.964826212882571 ], [ 11.191428749046944, 46.962015852089706 ], [ 11.190766543895851, 46.960702884093728 ], [ 11.191041651978146, 46.95964435108111 ], [ 11.190176782402867, 46.958907433710536 ], [ 11.190678834771305, 46.959990826492913 ], [ 11.190091340806378, 46.960373385922196 ], [ 11.188640701602841, 46.958007724546903 ], [ 11.188350422147883, 46.956502307557244 ], [ 11.188650050899312, 46.955759287954358 ], [ 11.188186920593543, 46.955746179510768 ], [ 11.188015723519772, 46.955175985622596 ], [ 11.188325055534536, 46.954179591059329 ], [ 11.189486354130134, 46.953578774453575 ], [ 11.189077189373284, 46.953201666613964 ], [ 11.189859966766907, 46.95259424764464 ], [ 11.190343121876472, 46.95282999963657 ], [ 11.191298309029666, 46.95265379206058 ], [ 11.191518963782309, 46.953231088591522 ], [ 11.193544422386887, 46.953965253001286 ], [ 11.191604238748681, 46.953950910665405 ], [ 11.191235661273712, 46.95508934044247 ], [ 11.191930411269121, 46.954901137770918 ], [ 11.192103318665257, 46.955225760497832 ], [ 11.194510355614527, 46.955332665013572 ], [ 11.195179381068742, 46.955101211974409 ], [ 11.195360445704109, 46.954493620784177 ], [ 11.194824732791526, 46.953651440277746 ], [ 11.19539952256927, 46.953263290557558 ], [ 11.195879925176261, 46.953494558866382 ], [ 11.196191436220815, 46.952914697135633 ], [ 11.195365177411409, 46.952766940717268 ], [ 11.195005851581403, 46.953083251827351 ], [ 11.194844636159022, 46.952064090249422 ], [ 11.195894561284277, 46.952291852548321 ], [ 11.194669569076492, 46.951418998063161 ], [ 11.193543070075245, 46.951197377304666 ], [ 11.193598883815918, 46.950670287696852 ], [ 11.192886066265324, 46.950745394814774 ], [ 11.194285007425988, 46.949822226463198 ], [ 11.193812446757507, 46.949365072025088 ], [ 11.19453272124421, 46.948997971032902 ], [ 11.196066532250818, 46.950135771018985 ], [ 11.196046022710043, 46.950531765948128 ], [ 11.198287029331096, 46.951461612162404 ], [ 11.198142508885633, 46.951830581593455 ], [ 11.200881141021403, 46.952630575683365 ], [ 11.201910665462869, 46.95262716855877 ], [ 11.203011360621414, 46.951829874496838 ], [ 11.20442548546105, 46.951862764395138 ], [ 11.206039993872015, 46.952498453977924 ], [ 11.208850639172427, 46.952329463060458 ], [ 11.209492922244349, 46.951644798755503 ], [ 11.211111829847708, 46.951804826620524 ], [ 11.210640401768764, 46.950950336157234 ], [ 11.210985641506975, 46.950011652447138 ], [ 11.210700484119908, 46.948803026306607 ], [ 11.211729760751643, 46.94607589238673 ], [ 11.211054397074864, 46.946813541906934 ], [ 11.210638158783995, 46.946801141244322 ], [ 11.210888586422017, 46.946536190508013 ], [ 11.21030385779641, 46.946566107753306 ], [ 11.210429802520677, 46.946317386041898 ], [ 11.20979194313645, 46.946031296992842 ], [ 11.210226699208956, 46.945623960555196 ], [ 11.208930975897397, 46.94496090898069 ], [ 11.2095225899672, 46.942049737302824 ], [ 11.211839707723897, 46.939999845709124 ], [ 11.211354083210592, 46.939906112217294 ], [ 11.212124238265616, 46.93911978984012 ], [ 11.211354554724972, 46.938625129287146 ], [ 11.210923644178122, 46.9376384216311 ], [ 11.211189457979836, 46.937415640241454 ], [ 11.211117090289267, 46.937803777496171 ], [ 11.211716381147786, 46.93766437767222 ], [ 11.211940812269795, 46.937222122736692 ], [ 11.211103443420162, 46.93696922572623 ], [ 11.211680418517854, 46.936439317311631 ], [ 11.210365891910277, 46.936778477832284 ], [ 11.209392610785773, 46.936497570542898 ], [ 11.210508724278091, 46.936241051950333 ], [ 11.210300359395154, 46.93563632998643 ], [ 11.210080235469155, 46.936116691677427 ], [ 11.209100788695419, 46.936159662842257 ], [ 11.20883524270605, 46.936511905498499 ], [ 11.206972835787466, 46.936016709638231 ], [ 11.206523213283905, 46.936222364894036 ], [ 11.206106573403867, 46.935914603763372 ], [ 11.205731381497731, 46.936104933281591 ], [ 11.205185794190221, 46.93593508383087 ], [ 11.205255765842871, 46.937917818915409 ], [ 11.20390326985026, 46.938167672304154 ], [ 11.203234452416087, 46.937877301218464 ], [ 11.203485877349911, 46.938719358753218 ], [ 11.202345677295583, 46.939891989725666 ], [ 11.203153127555845, 46.94046256585392 ], [ 11.202956969723012, 46.941281332234198 ], [ 11.2034782912678, 46.941941459007381 ], [ 11.203140895883143, 46.942355419780796 ], [ 11.203575015344491, 46.942703748637193 ], [ 11.203218645052607, 46.943061767246022 ], [ 11.203834389275292, 46.943110255890907 ], [ 11.203702281874481, 46.943429615666169 ], [ 11.204275564519643, 46.944044476824189 ], [ 11.20334337087554, 46.944094282372092 ], [ 11.202776327464925, 46.943819132413701 ], [ 11.202602797242967, 46.942702028472851 ], [ 11.200576421886044, 46.943107205988056 ], [ 11.201314838967015, 46.943404542097667 ], [ 11.201274025635231, 46.943771521118471 ], [ 11.202460480475219, 46.944028851195739 ], [ 11.20219017046178, 46.944333241043445 ], [ 11.202540724395631, 46.94505285752291 ], [ 11.202002643929402, 46.945193253000731 ], [ 11.202920741303533, 46.946133635033576 ], [ 11.202424009482296, 46.946169791424616 ], [ 11.200743548007667, 46.945253404510119 ], [ 11.201324054940587, 46.944513198635917 ], [ 11.200014925139815, 46.94369714151653 ], [ 11.200123030132229, 46.943114212674338 ], [ 11.198777711490729, 46.942997512751688 ], [ 11.19800644169789, 46.942254929248058 ], [ 11.1982531449253, 46.941863388234296 ], [ 11.198859957165419, 46.941831920263574 ], [ 11.198975276282024, 46.942099812948925 ], [ 11.199951977037609, 46.94150140006861 ], [ 11.200013082988134, 46.940716653704548 ], [ 11.20160663930557, 46.939074900380362 ], [ 11.202013006602416, 46.937824531796153 ], [ 11.204034002585912, 46.936159499005271 ], [ 11.204149171212809, 46.935271856023263 ], [ 11.202829497868311, 46.935002125068138 ], [ 11.202923433724132, 46.934725111677764 ], [ 11.201655619840619, 46.934299875054002 ], [ 11.201224316882056, 46.934901776363652 ], [ 11.200666865460397, 46.934445877302771 ], [ 11.200044556489754, 46.934949120450895 ], [ 11.200139941282353, 46.934258622718765 ], [ 11.200449736681824, 46.934247239656429 ], [ 11.200246769903599, 46.934509652746989 ], [ 11.200949187916812, 46.934243061452882 ], [ 11.200321065870874, 46.933908075679462 ], [ 11.200631722554782, 46.933884772172306 ], [ 11.199484674615263, 46.933639888576067 ], [ 11.199325445554765, 46.934438246524046 ], [ 11.198092467373383, 46.934209330896174 ], [ 11.198997567749954, 46.935458801701287 ], [ 11.197469834191743, 46.937488530441286 ], [ 11.197138773413574, 46.9371436253914 ], [ 11.19751245024805, 46.936888657290147 ], [ 11.197618234979387, 46.935839835805027 ], [ 11.196591756345455, 46.935490953404468 ], [ 11.197181808774156, 46.934700780177458 ], [ 11.196520255878003, 46.935024433023685 ], [ 11.196764029009858, 46.93453387042161 ], [ 11.196446997874801, 46.934488064887788 ], [ 11.195901312946713, 46.935192666223728 ], [ 11.195996575851375, 46.934934497499135 ], [ 11.195269515534491, 46.935420987126207 ], [ 11.194723961757077, 46.935239880355205 ], [ 11.194191180800058, 46.935944491379502 ], [ 11.193975144013892, 46.935383128838339 ], [ 11.193621360300401, 46.936334957516841 ], [ 11.193250467201455, 46.936273763534089 ], [ 11.193097488595248, 46.935165815917273 ], [ 11.192108919039327, 46.934826933603027 ] ], [ [ 11.190703270506818, 46.941150129698819 ], [ 11.190458682350291, 46.941237119119229 ], [ 11.19046849725822, 46.941100672028043 ], [ 11.190703270506818, 46.941150129698819 ] ], [ [ 11.191921353361257, 46.942616402102431 ], [ 11.191549592970313, 46.942840449076407 ], [ 11.191737882679499, 46.943492505507159 ], [ 11.190832674213, 46.943779790099107 ], [ 11.190215720962241, 46.943008090387494 ], [ 11.191697578464163, 46.942204825187886 ], [ 11.191921353361257, 46.942616402102431 ] ], [ [ 11.179523158037528, 46.950939875006924 ], [ 11.179784186819758, 46.950835876353686 ], [ 11.179793713196103, 46.951166394052983 ], [ 11.179055265636116, 46.951416762598988 ], [ 11.179053647229988, 46.95191881533998 ], [ 11.178586045067865, 46.951673351433371 ], [ 11.178352769753431, 46.952004021069115 ], [ 11.178885162286404, 46.952542864367054 ], [ 11.178660637340286, 46.952902711018822 ], [ 11.177887424549953, 46.952193131358314 ], [ 11.178008627531549, 46.951096909689326 ], [ 11.179199464884453, 46.950471981528771 ], [ 11.179523158037528, 46.950939875006924 ] ], [ [ 11.192015439096563, 46.952390813545009 ], [ 11.189813077751541, 46.952504028951914 ], [ 11.191240813093231, 46.951599477129555 ], [ 11.192015439096563, 46.952390813545009 ] ], [ [ 11.193314774957569, 46.951567946271055 ], [ 11.193148680510653, 46.951409894654304 ], [ 11.193445782153459, 46.951453390745115 ], [ 11.193314774957569, 46.951567946271055 ] ], [ [ 11.179293550987616, 46.951781150605306 ], [ 11.179135476701045, 46.951721306998813 ], [ 11.17928368523153, 46.95163650142235 ], [ 11.179293550987616, 46.951781150605306 ] ], [ [ 11.192176729134721, 46.951388372821157 ], [ 11.1922448086155, 46.951106412604595 ], [ 11.192355921622877, 46.951121183830772 ], [ 11.192176729134721, 46.951388372821157 ] ], [ [ 11.178620288852663, 46.952105507118205 ], [ 11.17857753063365, 46.952133649185669 ], [ 11.178563904214013, 46.95209291598232 ], [ 11.178620288852663, 46.952105507118205 ] ], [ [ 11.192648032921266, 46.950780016859298 ], [ 11.192950931970886, 46.950965507231842 ], [ 11.192968668635157, 46.951008892173903 ], [ 11.192769840829381, 46.951026366501608 ], [ 11.192648032921266, 46.950780016859298 ] ], [ [ 11.17836731300191, 46.953099589535782 ], [ 11.178996757208267, 46.954758273149004 ], [ 11.178440904052312, 46.955676536063407 ], [ 11.178908122201122, 46.956000038683065 ], [ 11.179072886861938, 46.956935058378178 ], [ 11.178273534544969, 46.957625320617581 ], [ 11.178143702598948, 46.955397912237288 ], [ 11.178612258468142, 46.954871343753119 ], [ 11.178495963927991, 46.954400678188996 ], [ 11.178262008107579, 46.954634684850284 ], [ 11.17836731300191, 46.953099589535782 ] ], [ [ 11.178757824404288, 46.953282980806932 ], [ 11.178875244018176, 46.953326719919978 ], [ 11.178814247674207, 46.953367698493047 ], [ 11.178757824404288, 46.953282980806932 ] ], [ [ 11.189922231943944, 46.963515673310908 ], [ 11.18999111834354, 46.963160204376123 ], [ 11.19009259651874, 46.963152142081732 ], [ 11.190174474165811, 46.963307240706051 ], [ 11.189922231943944, 46.963515673310908 ] ], [ [ 11.189577932109273, 46.964002887375599 ], [ 11.18908346347105, 46.964177284071383 ], [ 11.189557144510641, 46.963729432977779 ], [ 11.189577932109273, 46.964002887375599 ] ], [ [ 11.167452404554618, 46.963582076672132 ], [ 11.16825722466268, 46.96364334973785 ], [ 11.167450794984848, 46.963937368053315 ], [ 11.167452404554618, 46.963582076672132 ] ] ], [ [ [ 11.195409300719236, 46.956818883424489 ], [ 11.197452606152691, 46.956520990750057 ], [ 11.197277201994837, 46.956136303450293 ], [ 11.19794771245712, 46.955746304136298 ], [ 11.197512306404377, 46.954898548844625 ], [ 11.196217056502089, 46.955022815087091 ], [ 11.197249892473389, 46.955851016119162 ], [ 11.196688608725633, 46.955797807128185 ], [ 11.195318202512107, 46.956512465144463 ], [ 11.195409300719236, 46.956818883424489 ] ] ], [ [ [ 11.197048573305704, 46.968294485888713 ], [ 11.197617094738936, 46.966642239121768 ], [ 11.198015890597054, 46.966642092368133 ], [ 11.198045225051452, 46.966979903985006 ], [ 11.198338247399366, 46.966781828402787 ], [ 11.197693379556897, 46.966441830239134 ], [ 11.197905629288607, 46.965776420801198 ], [ 11.198096146155907, 46.966198600721199 ], [ 11.199032145512888, 46.96579577336491 ], [ 11.198274052869708, 46.9658048711307 ], [ 11.198282988533276, 46.965438506793994 ], [ 11.198966996419738, 46.965405234934991 ], [ 11.199426450237448, 46.965728735437743 ], [ 11.198673789033419, 46.966791924217517 ], [ 11.199736979327188, 46.966629389217047 ], [ 11.200171173328513, 46.967287841557756 ], [ 11.198285808763421, 46.967455244403943 ], [ 11.197977758202548, 46.968510547847906 ], [ 11.200150590468578, 46.968343089465478 ], [ 11.200887517589592, 46.968011918492522 ], [ 11.201086019673246, 46.967401423732476 ], [ 11.20325574317196, 46.967031066739089 ], [ 11.203041162412697, 46.966544405483674 ], [ 11.203889470715721, 46.965881203640421 ], [ 11.204252114132178, 46.96459534531656 ], [ 11.204722007429055, 46.964502734951658 ], [ 11.204316575555294, 46.963336675363706 ], [ 11.202824946277872, 46.963421828407867 ], [ 11.201841681440442, 46.961835602215558 ], [ 11.201856385071283, 46.963920485369059 ], [ 11.201386491312473, 46.964023393537218 ], [ 11.201359654259006, 46.965166207519175 ], [ 11.200688385537111, 46.965785799325388 ], [ 11.200187740328511, 46.965608799293932 ], [ 11.200022144218298, 46.96619246233486 ], [ 11.199458635697187, 46.966341253024595 ], [ 11.199798093969711, 46.965486677535857 ], [ 11.199395159796264, 46.965480907545121 ], [ 11.199346295478383, 46.964939524718694 ], [ 11.198941752822135, 46.965228432625473 ], [ 11.199042320306894, 46.964842966864197 ], [ 11.19934487719631, 46.964877718913371 ], [ 11.198972792808954, 46.964375097218777 ], [ 11.199406644378632, 46.963976742854726 ], [ 11.199244818692046, 46.962587758512818 ], [ 11.199594369538454, 46.96251929591017 ], [ 11.200114374648093, 46.961377929166098 ], [ 11.199879357310103, 46.96075382711129 ], [ 11.200842477311012, 46.95791515751236 ], [ 11.200687301416915, 46.957245876670363 ], [ 11.199971088429765, 46.957494666542544 ], [ 11.199707988163427, 46.959218987771443 ], [ 11.198141080827117, 46.960074549895147 ], [ 11.197844805313141, 46.959940611879986 ], [ 11.196715699091264, 46.960349320989401 ], [ 11.195649576583621, 46.960163436402873 ], [ 11.195556893847428, 46.960468044485729 ], [ 11.196207849412383, 46.960696294815726 ], [ 11.195812741540655, 46.961004367348437 ], [ 11.195380818445932, 46.960893570847119 ], [ 11.194292177504964, 46.962033584550497 ], [ 11.193251340831397, 46.962320986231219 ], [ 11.19242386359533, 46.963013623825873 ], [ 11.193427788682232, 46.964540787834075 ], [ 11.192874279104482, 46.965613273774089 ], [ 11.193883951004951, 46.96524417587915 ], [ 11.194564848589357, 46.965887837205294 ], [ 11.19519865396682, 46.965797484608728 ], [ 11.194767791027949, 46.966477219216635 ], [ 11.195156536963676, 46.967083796648318 ], [ 11.195765204341185, 46.96716795715168 ], [ 11.195517149322422, 46.968067975173625 ], [ 11.195921431120604, 46.968906708157441 ], [ 11.196392402911673, 46.968999600664048 ], [ 11.197048573305704, 46.968294485888713 ] ], [ [ 11.195051976224924, 46.965497790393265 ], [ 11.19531277599682, 46.965432666628075 ], [ 11.195304868936018, 46.965629578212294 ], [ 11.195051976224924, 46.965497790393265 ] ], [ [ 11.194603222565176, 46.965457206534282 ], [ 11.194260950435014, 46.96509211147908 ], [ 11.194788806093712, 46.96511478306445 ], [ 11.195259716766563, 46.964526401918015 ], [ 11.195943313010467, 46.964453165976842 ], [ 11.195995418069398, 46.96514082687716 ], [ 11.195532052746177, 46.96513332035606 ], [ 11.195280811634492, 46.964651704420135 ], [ 11.194603222565176, 46.965457206534282 ] ], [ [ 11.194299695900174, 46.962331260380559 ], [ 11.194390190004285, 46.962591871926435 ], [ 11.194075349108013, 46.962701754442413 ], [ 11.194008787543597, 46.962440682951424 ], [ 11.194299695900174, 46.962331260380559 ] ], [ [ 11.199591781975135, 46.959341120420753 ], [ 11.19977689732316, 46.959572582036877 ], [ 11.199578867330663, 46.959707561693186 ], [ 11.199372173416315, 46.959533902827665 ], [ 11.199591781975135, 46.959341120420753 ] ] ] ] } },
{ "type": "Feature", "properties": { "HOM_ID": 155.0, "area_97": 0.05685787733, "region": "Stubaier Alpen", "name_d": "Geisswandferner", "name_it": "Vedretta Pendente", "area_05": 0.0300558644, "area_17": 0.016223583, "change_pct": -71.466428643054655, "status": "present" }, "geometry": { "type": "Polygon", "coordinates": [ [ [ 11.211777808121839, 46.964088121479534 ], [ 11.212548274159674, 46.963411895527365 ], [ 11.211206032709388, 46.96304841601625 ], [ 11.212325691862333, 46.962757598278522 ], [ 11.21109143685263, 46.96273772622564 ], [ 11.210502844715423, 46.963053572464801 ], [ 11.210100385153449, 46.962848698743045 ], [ 11.210779087528987, 46.961526728194677 ], [ 11.211338445863049, 46.962048391449905 ], [ 11.212550941017676, 46.962024956703623 ], [ 11.212078126209482, 46.960994843120311 ], [ 11.212722248554936, 46.960487283253642 ], [ 11.21109622691324, 46.960208870407548 ], [ 11.210829419119529, 46.960683438025747 ], [ 11.210497346934105, 46.960490919900863 ], [ 11.210128185210133, 46.960898684006892 ], [ 11.208758701188811, 46.961022698648684 ], [ 11.209007572491311, 46.960585101104094 ], [ 11.208688988819068, 46.960621718838368 ], [ 11.208186752193697, 46.961082415548603 ], [ 11.208704467701915, 46.961072493512127 ], [ 11.209185904075415, 46.961557772443996 ], [ 11.20900454010884, 46.962166068631007 ], [ 11.209672464215426, 46.961427094912928 ], [ 11.210269210182354, 46.961368466559399 ], [ 11.210512021330725, 46.961645735879131 ], [ 11.210277880448382, 46.962281070399378 ], [ 11.209274424370118, 46.962378294076125 ], [ 11.210020441107678, 46.962901883989439 ], [ 11.208522270501341, 46.963064711572628 ], [ 11.20901983425443, 46.963224540656221 ], [ 11.208626095851232, 46.963453495947725 ], [ 11.209287015674281, 46.963315031063459 ], [ 11.209575007692912, 46.963682751121517 ], [ 11.210077031034933, 46.963356555778859 ], [ 11.211207386572937, 46.963359697235838 ], [ 11.211777808121839, 46.964088121479534 ] ] ] } },
{ "type": "Feature", "properties": { "HOM_ID": 156.0, "area_97": 1.1337895024, "region": "Stubaier Alpen", "name_d": "Hangenderferner", "name_it": "Vedretta Pendente", "area_05": 0.9776041695, "area_17": 0.78058028, "change_pct": -31.152980482914018, "status": "present" }, "geometry": { "type": "Polygon", "coordinates": [ [ [ 11.226513732375848, 46.969016107258369 ], [ 11.227953113320773, 46.968720427259804 ], [ 11.228503138066255, 46.968938310729442 ], [ 11.228904647926692, 46.968578047792718 ], [ 11.22941784963246, 46.968648861545951 ], [ 11.229375963936469, 46.968294104457705 ], [ 11.229933846611775, 46.968500200928311 ], [ 11.231298403868358, 46.968219930483315 ], [ 11.233581166908994, 46.968654276263358 ], [ 11.237039510404488, 46.968544144172945 ], [ 11.237498284010462, 46.968168926653256 ], [ 11.237811571631465, 46.968485202096169 ], [ 11.238474109285239, 46.968192611484476 ], [ 11.23937930903071, 46.968238170323637 ], [ 11.239996605924183, 46.967307788898992 ], [ 11.24078411144, 46.967429011267555 ], [ 11.241120141490537, 46.966987034505877 ], [ 11.242327077736087, 46.966598022280195 ], [ 11.242882911470218, 46.965810332053323 ], [ 11.242158901342966, 46.966128607471028 ], [ 11.242036895853014, 46.96575888006398 ], [ 11.240798187451128, 46.965775084396348 ], [ 11.240434494556395, 46.965175843109229 ], [ 11.239971643499308, 46.965424078128528 ], [ 11.240116327443173, 46.965635334618007 ], [ 11.239512972976994, 46.96572905631394 ], [ 11.239895589071905, 46.965482433159231 ], [ 11.238881583860438, 46.96505194619283 ], [ 11.238922942244956, 46.964719266926238 ], [ 11.238454312197746, 46.964789765943188 ], [ 11.238366448983321, 46.964309025693119 ], [ 11.238676760330829, 46.964283826209297 ], [ 11.238281780475296, 46.963810581566399 ], [ 11.236668694767584, 46.964088070195203 ], [ 11.234124647472687, 46.963934318311864 ], [ 11.233943813097046, 46.964133796014913 ], [ 11.233193376484333, 46.963623860446916 ], [ 11.233532890517997, 46.963191611065696 ], [ 11.233933759962021, 46.963343455685397 ], [ 11.234068579564898, 46.962963724263886 ], [ 11.233615118485954, 46.962807722981132 ], [ 11.232558483474369, 46.96311347034554 ], [ 11.232414626463546, 46.96349340143874 ], [ 11.23050195133624, 46.963574419280633 ], [ 11.230887520848235, 46.964015080700783 ], [ 11.22990046159873, 46.963700917527298 ], [ 11.230304055791121, 46.963999124752185 ], [ 11.22988237132515, 46.964225964956746 ], [ 11.230776467844668, 46.964416232135875 ], [ 11.229689980441918, 46.964399146475927 ], [ 11.229452317499653, 46.964059445220251 ], [ 11.229774870650242, 46.963752554625657 ], [ 11.229034169259183, 46.963603016846314 ], [ 11.229060211067337, 46.96326911056785 ], [ 11.229756993451565, 46.96293840048962 ], [ 11.228411121340706, 46.963210698349286 ], [ 11.227794590888875, 46.962980746003645 ], [ 11.226858757134242, 46.962355492800278 ], [ 11.227023818638607, 46.962100864362007 ], [ 11.226223446053323, 46.961326116843665 ], [ 11.225119623563529, 46.961340849601697 ], [ 11.223662912892213, 46.960049881828901 ], [ 11.222874011219316, 46.960760070185309 ], [ 11.221457499644004, 46.961282633365883 ], [ 11.221837241003779, 46.961488419456572 ], [ 11.221485029768788, 46.962140193824432 ], [ 11.222049055510666, 46.962385732513283 ], [ 11.221269551615405, 46.962816641330043 ], [ 11.221562827104963, 46.96363310384406 ], [ 11.221089188959761, 46.964823272058503 ], [ 11.220213897936222, 46.964700883285019 ], [ 11.21984371867045, 46.96369229694762 ], [ 11.219642172297641, 46.964025556223611 ], [ 11.219223302842863, 46.963950242613791 ], [ 11.21967265451026, 46.963707988907231 ], [ 11.218947923222405, 46.96352088660376 ], [ 11.219177618746658, 46.962906415038724 ], [ 11.219711085307047, 46.962968487471251 ], [ 11.219443143875202, 46.962570599189362 ], [ 11.21898280724764, 46.962442886055861 ], [ 11.219371768397959, 46.962678561818755 ], [ 11.219093780858639, 46.962809659700802 ], [ 11.217107790916263, 46.961985958327936 ], [ 11.216429465972263, 46.962281940200526 ], [ 11.214453918619878, 46.961806420089971 ], [ 11.214019434485937, 46.96249802264677 ], [ 11.213683713710129, 46.962359933684724 ], [ 11.213278594605656, 46.963018403250175 ], [ 11.212763669119399, 46.963001438170394 ], [ 11.212725195127643, 46.963235591734858 ], [ 11.213058629794842, 46.963138152800468 ], [ 11.212698149572351, 46.96336800620675 ], [ 11.212625085275446, 46.964112735428891 ], [ 11.212988183263638, 46.964302474986241 ], [ 11.212596800619103, 46.96439475882719 ], [ 11.212674202920438, 46.964819576795797 ], [ 11.213901292831247, 46.965233573028222 ], [ 11.214090535331172, 46.965767787720033 ], [ 11.215797333532521, 46.966768041226395 ], [ 11.217170748395979, 46.966398307026751 ], [ 11.217619634218796, 46.966914489616691 ], [ 11.217996800950381, 46.966687609165035 ], [ 11.218667737297366, 46.96687708059487 ], [ 11.218864614662213, 46.967390216967821 ], [ 11.218969055455085, 46.967150326880677 ], [ 11.219799004828857, 46.967190328130116 ], [ 11.219926111330079, 46.966877896250011 ], [ 11.220721911337877, 46.966875852543978 ], [ 11.220473589462317, 46.967408200013594 ], [ 11.220927727448615, 46.967273326102735 ], [ 11.221614665036048, 46.967909733566493 ], [ 11.222011415338933, 46.967736931418003 ], [ 11.222849653522324, 46.968196630457733 ], [ 11.223677034609688, 46.968148227533774 ], [ 11.224242220428247, 46.968690957179355 ], [ 11.226513732375848, 46.969016107258369 ] ], [ [ 11.239186472690609, 46.966596722143017 ], [ 11.23771347541995, 46.966694595233683 ], [ 11.238019512451773, 46.966151415968817 ], [ 11.237397388872539, 46.96552399775296 ], [ 11.237534307081475, 46.965314088139095 ], [ 11.236629224151001, 46.965717892524324 ], [ 11.236557439264434, 46.964962002296474 ], [ 11.237065781251371, 46.964609025775594 ], [ 11.238203108586426, 46.964702898083253 ], [ 11.23870170707047, 46.965138005530839 ], [ 11.237832081471044, 46.965940668766251 ], [ 11.238813928428618, 46.96581361458076 ], [ 11.239186472690609, 46.966596722143017 ] ], [ [ 11.238288386281711, 46.964638486353351 ], [ 11.2380859948049, 46.96447574542627 ], [ 11.238258985671544, 46.964316592749725 ], [ 11.23834810122953, 46.964443291187344 ], [ 11.238288386281711, 46.964638486353351 ] ], [ [ 11.238150041117532, 46.964288663102323 ], [ 11.237635284778811, 46.964484558728877 ], [ 11.238047820039093, 46.964230540661276 ], [ 11.238150041117532, 46.964288663102323 ] ], [ [ 11.237448619373245, 46.964507337188692 ], [ 11.237097054429114, 46.964500546363212 ], [ 11.236995634330867, 46.964365889125865 ], [ 11.237335690821201, 46.964288189597198 ], [ 11.237448619373245, 46.964507337188692 ] ], [ [ 11.236493393877653, 46.965000015973651 ], [ 11.236214167299838, 46.965042729382375 ], [ 11.236391054021531, 46.964845179097104 ], [ 11.236493393877653, 46.965000015973651 ] ], [ [ 11.238187535354143, 46.964134893411789 ], [ 11.238399840300852, 46.964056956009067 ], [ 11.238438813971106, 46.964129978844582 ], [ 11.238187535354143, 46.964134893411789 ] ] ] } },
{ "type": "Feature", "properties": { "HOM_ID": 157.0, "area_97": 0.06468795212, "region": "Stubaier Alpen", "name_d": null, "name_it": "Gavignes Vedretta di", "area_05": 0.0268909184, "area_17": 0.0152141, "change_pct": -76.480782740228136, "status": "present" }, "geometry": { "type": "MultiPolygon", "coordinates": [ [ [ [ 11.281685243593724, 46.952519652396425 ], [ 11.282282218850066, 46.952198942031366 ], [ 11.281803535944512, 46.950702717077775 ], [ 11.281260443255579, 46.950269184369475 ], [ 11.279194026491714, 46.950432249254739 ], [ 11.279374777039148, 46.95111731396031 ], [ 11.278561795327944, 46.951144434658595 ], [ 11.278187019653164, 46.951529022481942 ], [ 11.278695263286062, 46.951374064799438 ], [ 11.279013745114712, 46.952201225979088 ], [ 11.279934207847628, 46.952248233639764 ], [ 11.280192061015082, 46.95090973650786 ], [ 11.280563603601658, 46.951670248290895 ], [ 11.280148426016822, 46.951949067862962 ], [ 11.281685243593724, 46.952519652396425 ] ] ], [ [ [ 11.273233005769191, 46.954851856715365 ], [ 11.273507457753745, 46.954201843358128 ], [ 11.273568824163114, 46.954583795086158 ], [ 11.27421551080438, 46.95481085181185 ], [ 11.274052383076789, 46.954163688045426 ], [ 11.274556665325203, 46.953820265935789 ], [ 11.274191067202707, 46.953175766557152 ], [ 11.273967446543915, 46.953566653365321 ], [ 11.273123855470033, 46.953228364862618 ], [ 11.272958812664143, 46.953786426346511 ], [ 11.272472520380214, 46.953773559575694 ], [ 11.272807228026426, 46.954045677095138 ], [ 11.271662963444189, 46.953829422081292 ], [ 11.271967497614881, 46.954243815355646 ], [ 11.271529294962452, 46.954571896134389 ], [ 11.273233005769191, 46.954851856715365 ] ] ] ] } },
{ "type": "Feature", "properties": { "HOM_ID": 158.0, "area_97": 0.03687771055, "region": "Stubaier Alpen", "name_d": "Lorenzenferner", "name_it": null, "area_05": 0.0295419193, "area_17": 0.0203607, "change_pct": -44.788600766323874, "status": "present" }, "geometry": { "type": "Polygon", "coordinates": [ [ [ 11.269551324986006, 46.958524397076523 ], [ 11.2687834992945, 46.956790634778905 ], [ 11.26785853171886, 46.95681443391716 ], [ 11.266884253535789, 46.956237988425777 ], [ 11.266638718549732, 46.956472406149231 ], [ 11.266922948589093, 46.956587019551797 ], [ 11.265734933936294, 46.957375727784388 ], [ 11.267555347236119, 46.958328942989503 ], [ 11.268570743866036, 46.958177645236766 ], [ 11.269551324986006, 46.958524397076523 ] ] ] } },
{ "type": "Feature", "properties": { "HOM_ID": 159.0, "area_97": 1.4513131214599999, "region": "Stubaier Alpen", "name_d": "Feuersteinferner", "name_it": "Vedretta di Montarso", "area_05": 1.3255718047, "area_17": 1.206472698, "change_pct": -16.870268713183961, "status": "present" }, "geometry": { "type": "Polygon", "coordinates": [ [ [ 11.252914385228546, 46.973786690454162 ], [ 11.253459798985, 46.973083404013323 ], [ 11.254851539304445, 46.972867533384211 ], [ 11.256037988529176, 46.971856932017104 ], [ 11.257274256617702, 46.971693683398371 ], [ 11.257338862386126, 46.971212269526255 ], [ 11.257972229983066, 46.970903376460434 ], [ 11.257527839074028, 46.970884878240163 ], [ 11.258782940299366, 46.970020668155279 ], [ 11.260125668767998, 46.969949335204966 ], [ 11.260455249195052, 46.97029065009616 ], [ 11.260426582867341, 46.969884239831408 ], [ 11.26149872945895, 46.969191285110163 ], [ 11.26523377776252, 46.968451236125745 ], [ 11.266493577481171, 46.967930362257412 ], [ 11.266818614247942, 46.967263125545635 ], [ 11.267784301142305, 46.96727529593668 ], [ 11.267416068312993, 46.966798369088757 ], [ 11.268155258927008, 46.966515354345468 ], [ 11.265908498463475, 46.966211139472321 ], [ 11.264591727627383, 46.965615784173771 ], [ 11.264694178655024, 46.965335557180452 ], [ 11.2639435743158, 46.965254301327441 ], [ 11.264229928016363, 46.964769458035839 ], [ 11.26394547647933, 46.964523813546215 ], [ 11.264910837978359, 46.964229467953572 ], [ 11.265526160517451, 46.963562373792371 ], [ 11.264014736026603, 46.962021556242142 ], [ 11.264155630319895, 46.961705498772943 ], [ 11.264279051176969, 46.962087319705979 ], [ 11.264451186060532, 46.961844329108111 ], [ 11.264841855196716, 46.962255775661454 ], [ 11.265146779804613, 46.961724755842688 ], [ 11.264652225782346, 46.961383543889113 ], [ 11.264849211691661, 46.961270305033722 ], [ 11.265618421602714, 46.961779887002805 ], [ 11.265718260109168, 46.961569076315612 ], [ 11.266127893282643, 46.961832485270435 ], [ 11.266027455366091, 46.961518002027653 ], [ 11.266402906681645, 46.961885414970446 ], [ 11.266997422821024, 46.961824167750159 ], [ 11.266749266395481, 46.961615517313945 ], [ 11.267063142493205, 46.961151862818184 ], [ 11.266096323279017, 46.961187125432438 ], [ 11.266120948681275, 46.961442645374554 ], [ 11.265112347535542, 46.96084018353833 ], [ 11.265632253060131, 46.961251364245278 ], [ 11.264369327078976, 46.960955384561736 ], [ 11.264686679990833, 46.960719550754433 ], [ 11.265067107587484, 46.960843195590527 ], [ 11.265072567020205, 46.960588069885432 ], [ 11.265987121208045, 46.960794922231258 ], [ 11.265919635851771, 46.960520246324442 ], [ 11.266431395910647, 46.960540173647132 ], [ 11.266646014026177, 46.960133937807392 ], [ 11.265611021709431, 46.959716631771755 ], [ 11.264911746343955, 46.958616328328802 ], [ 11.264181157652226, 46.9584831993471 ], [ 11.262082729369007, 46.959621684768507 ], [ 11.261442322444717, 46.960548687355697 ], [ 11.260388944840241, 46.960441888867066 ], [ 11.260031308085056, 46.960820933638793 ], [ 11.260333819072757, 46.962187334750581 ], [ 11.25991294171178, 46.962962761894865 ], [ 11.259355215203938, 46.963030373347998 ], [ 11.259266912245288, 46.963313133068922 ], [ 11.259865020164261, 46.964986467582577 ], [ 11.258411097612601, 46.965534397894864 ], [ 11.259267025794813, 46.966331874792935 ], [ 11.258598992893875, 46.966678460115268 ], [ 11.258561772995924, 46.96632581688192 ], [ 11.25747134378946, 46.966728037470034 ], [ 11.256696001946354, 46.966246625873715 ], [ 11.25616225220139, 46.966326670902617 ], [ 11.256312199737419, 46.965855489811347 ], [ 11.254949124613701, 46.965321186868508 ], [ 11.255359748692245, 46.965250377472579 ], [ 11.254670935757307, 46.964996049291862 ], [ 11.254319811668287, 46.964245971288392 ], [ 11.252570659733824, 46.963045822985009 ], [ 11.249879416032465, 46.962605535358882 ], [ 11.247443295572381, 46.963316435692612 ], [ 11.245923910260528, 46.964512720502775 ], [ 11.245913581035058, 46.964874319244345 ], [ 11.247416059305815, 46.965505864474999 ], [ 11.247669574623085, 46.967627718989021 ], [ 11.24705995643172, 46.967389310359792 ], [ 11.246668936611876, 46.966250583761394 ], [ 11.244609102518032, 46.965664133744774 ], [ 11.245151092437258, 46.965561648387038 ], [ 11.245130313889156, 46.965255984040347 ], [ 11.243676588533232, 46.966003216120988 ], [ 11.243819304923125, 46.966902917456359 ], [ 11.243196078896188, 46.967004684046614 ], [ 11.242679570318936, 46.966503728638649 ], [ 11.24129518752034, 46.967383477854064 ], [ 11.242198354131972, 46.968538460235116 ], [ 11.243773017849628, 46.969148741455662 ], [ 11.244782265567128, 46.969963243420132 ], [ 11.244757941906714, 46.970333665549987 ], [ 11.246149914149214, 46.970365821741638 ], [ 11.246809120528562, 46.970680301799867 ], [ 11.246551172125731, 46.97151077577599 ], [ 11.247390947998301, 46.971239886463451 ], [ 11.248116130914426, 46.971804238613231 ], [ 11.248001324271286, 46.97206710834412 ], [ 11.24881777456295, 46.972143664497658 ], [ 11.249000146833088, 46.972419961910973 ], [ 11.24962445661399, 46.972303496268815 ], [ 11.249791388347669, 46.97263529570165 ], [ 11.251781152651771, 46.972501670746048 ], [ 11.251589728041591, 46.973076279168744 ], [ 11.251888404649662, 46.972936304402658 ], [ 11.252106980713759, 46.973596344420756 ], [ 11.252617689720557, 46.973408521610139 ], [ 11.252914385228546, 46.973786690454162 ] ], [ [ 11.244814548971981, 46.96591394690126 ], [ 11.245303224354469, 46.965953550568067 ], [ 11.245369558383969, 46.966012370640215 ], [ 11.244961936302627, 46.966192532704405 ], [ 11.244814548971981, 46.96591394690126 ] ], [ [ 11.259668999269174, 46.966113513566007 ], [ 11.260008647257468, 46.966216118409442 ], [ 11.260060961035698, 46.966510226020098 ], [ 11.259487897692656, 46.966363039851984 ], [ 11.259668999269174, 46.966113513566007 ] ], [ [ 11.264391829017724, 46.961244874235064 ], [ 11.26456329674572, 46.961216219430334 ], [ 11.264489564521524, 46.961352135138355 ], [ 11.264391829017724, 46.961244874235064 ] ], [ [ 11.265900223776413, 46.960438647055334 ], [ 11.265398262647743, 46.960418249806303 ], [ 11.265302242767651, 46.960267388292792 ], [ 11.265900223776413, 46.960438647055334 ] ] ] } },
{ "type": "Feature", "properties": { "HOM_ID": 160.0, "area_97": 0.33466988119000002, "region": "Stubaier Alpen", "name_d": "Stubenferner", "name_it": "Vedretta della Stua", "area_05": 0.2315241023, "area_17": 0.11453675, "change_pct": -65.776200238654042, "status": "present" }, "geometry": { "type": "MultiPolygon", "coordinates": [ [ [ [ 11.267361704892913, 46.977731471685544 ], [ 11.269120553750049, 46.977401472113229 ], [ 11.269147855584924, 46.9769144954506 ], [ 11.270185107224725, 46.976139676226701 ], [ 11.267985975442169, 46.976019429888865 ], [ 11.267921377821859, 46.975644664277247 ], [ 11.265458871791527, 46.974276656220482 ], [ 11.265688319959233, 46.97463358816082 ], [ 11.26542834572934, 46.974566905056015 ], [ 11.26545733879866, 46.973894411472827 ], [ 11.265064460236907, 46.973753057198699 ], [ 11.265169787016472, 46.974064528230024 ], [ 11.264863970783901, 46.973847871912163 ], [ 11.265164669632638, 46.973430388907495 ], [ 11.263966183843278, 46.972839380843872 ], [ 11.261668355028954, 46.972886095338666 ], [ 11.260388181061952, 46.973235974953312 ], [ 11.260625495712491, 46.972989442654537 ], [ 11.260256336387879, 46.972187830020587 ], [ 11.258924558899439, 46.971943579161277 ], [ 11.259210849124353, 46.972200275032215 ], [ 11.258857116189883, 46.972617174657884 ], [ 11.258058950503832, 46.972669091987292 ], [ 11.258602943984586, 46.973060723346634 ], [ 11.257856321198959, 46.973311921686417 ], [ 11.257672694667965, 46.973872058782248 ], [ 11.258398780343077, 46.97419818373843 ], [ 11.25784456165932, 46.974559439331514 ], [ 11.258746380098323, 46.974351766616834 ], [ 11.259793985384148, 46.975027296991037 ], [ 11.260340132381007, 46.97500549387555 ], [ 11.260071927972851, 46.975114561374035 ], [ 11.260465362146826, 46.975330884879135 ], [ 11.261013754421928, 46.97535941936588 ], [ 11.26050650371209, 46.974326435803178 ], [ 11.259716224166228, 46.973776578235551 ], [ 11.259886000041657, 46.973314476782313 ], [ 11.26021594755921, 46.973213144582601 ], [ 11.261979385764851, 46.975606130832006 ], [ 11.263332408188241, 46.976225267093376 ], [ 11.263864637351643, 46.976173773720276 ], [ 11.265105076034017, 46.977431826612197 ], [ 11.267361704892913, 46.977731471685544 ] ], [ [ 11.259736664126212, 46.974719867861694 ], [ 11.259582398747973, 46.974616562969054 ], [ 11.259770197566466, 46.974617442792479 ], [ 11.259736664126212, 46.974719867861694 ] ] ], [ [ [ 11.264661891998525, 46.979936994403062 ], [ 11.265965188226604, 46.979785489284922 ], [ 11.26636136001777, 46.979239286434336 ], [ 11.265315506780908, 46.979197695915467 ], [ 11.265883940632374, 46.978524552681243 ], [ 11.264812644666256, 46.978262334717904 ], [ 11.264656868612818, 46.978778394021347 ], [ 11.263806306163248, 46.978587530165129 ], [ 11.262836673926168, 46.978981097284752 ], [ 11.262574322022461, 46.978346812859392 ], [ 11.263331988895542, 46.978323633129691 ], [ 11.263330635445945, 46.977629533158847 ], [ 11.261028442809915, 46.976816944603797 ], [ 11.261742878594992, 46.977283797687804 ], [ 11.260384005902523, 46.977441817801093 ], [ 11.260214676934412, 46.977024313614429 ], [ 11.260828627417977, 46.976682545266719 ], [ 11.259621959786397, 46.9767619538096 ], [ 11.259790895607454, 46.977291013555885 ], [ 11.259453055593548, 46.977379584460984 ], [ 11.258667477164112, 46.977119079680072 ], [ 11.258811680636779, 46.976561478713229 ], [ 11.258065773859084, 46.976578931262424 ], [ 11.258350964946301, 46.977188179444859 ], [ 11.259027017494137, 46.977369958373473 ], [ 11.259467894078456, 46.978561057289902 ], [ 11.260486748044164, 46.979168273710265 ], [ 11.262532087588914, 46.9797113060051 ], [ 11.264428444041869, 46.979532379735225 ], [ 11.264661891998525, 46.979936994403062 ] ], [ [ 11.262560876122249, 46.979352742178854 ], [ 11.262651440706183, 46.979227976644495 ], [ 11.262763354342388, 46.979419791956239 ], [ 11.262560876122249, 46.979352742178854 ] ], [ [ 11.263229909125791, 46.97940510133089 ], [ 11.262644986872552, 46.979075068886786 ], [ 11.263485614571518, 46.979219680011227 ], [ 11.263229909125791, 46.97940510133089 ] ] ], [ [ [ 11.266606546187047, 46.979655279197083 ], [ 11.268192337340478, 46.979574671648479 ], [ 11.268470305758715, 46.978877768607028 ], [ 11.267633011633798, 46.979000940217084 ], [ 11.266606546187047, 46.979655279197083 ] ] ] ] } },
{ "type": "Feature", "properties": { "HOM_ID": 161.0, "area_97": 0.03075693817, "region": "Zillertaler Alpen", "name_d": null, "name_it": null, "area_05": null, "area_17": null, "change_pct": -100.0, "status": "disappeared" }, "geometry": { "type": "Polygon", "coordinates": [ [ [ 11.69692050247434, 46.975848185836206 ], [ 11.69797787127696, 46.975947250622589 ], [ 11.698841296603799, 46.974559456500565 ], [ 11.699574807426909, 46.975169791048906 ], [ 11.700573361266979, 46.974807354418779 ], [ 11.701186127376925, 46.974495515633308 ], [ 11.700930346521256, 46.973968142601898 ], [ 11.700211609896222, 46.973755547612726 ], [ 11.699287414171403, 46.974002661635133 ], [ 11.69973398947274, 46.973286039505496 ], [ 11.697997403888015, 46.975032094465483 ], [ 11.696816571918378, 46.975369654619122 ], [ 11.696332627742448, 46.976226419728164 ], [ 11.69692050247434, 46.975848185836206 ] ], [ [ 11.699835385371715, 46.97478016042831 ], [ 11.699620349768857, 46.974847501595839 ], [ 11.699555257382089, 46.97471700414922 ], [ 11.699835385371715, 46.97478016042831 ] ] ] } },
{ "type": "Feature", "properties": { "HOM_ID": 162.0, "area_97": 0.11570434464, "region": "Zillertaler Alpen", "name_d": "Weissspitzenferner", "name_it": null, "area_05": 0.1056804491, "area_17": 0.08522349, "change_pct": -26.343742523098395, "status": "present" }, "geometry": { "type": "Polygon", "coordinates": [ [ [ 11.70150677822752, 46.978633050889542 ], [ 11.703014555290554, 46.97771697326565 ], [ 11.703030330180525, 46.976278990044122 ], [ 11.705128602176524, 46.975910858735013 ], [ 11.706035536659256, 46.975337830337729 ], [ 11.705227423006445, 46.974087553836675 ], [ 11.702004453026122, 46.973028129908478 ], [ 11.701476597262818, 46.973097426623596 ], [ 11.701154836909977, 46.973579018739656 ], [ 11.70168179380244, 46.974512760762359 ], [ 11.702809879885683, 46.974036904988317 ], [ 11.702623267599632, 46.97458064402327 ], [ 11.70243182809398, 46.974448286249626 ], [ 11.702293500769478, 46.974819577285373 ], [ 11.701362448483982, 46.975148767061974 ], [ 11.701013191092686, 46.975929256933277 ], [ 11.70158901199574, 46.97731945847093 ], [ 11.700859604246276, 46.978480829789078 ], [ 11.70150677822752, 46.978633050889542 ] ] ] } },
{ "type": "Feature", "properties": { "HOM_ID": 163.0, "area_97": 0.06321221388000001, "region": "Zillertaler Alpen", "name_d": "Weissspitzenferner", "name_it": null, "area_05": 0.0554036923, "area_17": 0.04503378, "change_pct": -28.757787086067495, "status": "present" }, "geometry": { "type": "MultiPolygon", "coordinates": [ [ [ [ 11.705219060164969, 46.978010554787595 ], [ 11.706488825976164, 46.977279780395804 ], [ 11.705509156964276, 46.976572659141205 ], [ 11.704654823310658, 46.977129214498333 ], [ 11.704847162458904, 46.977775692203778 ], [ 11.704447808485224, 46.977950317534351 ], [ 11.705219060164969, 46.978010554787595 ] ] ], [ [ [ 11.709870554051861, 46.977625270820809 ], [ 11.710397050569476, 46.97637299965632 ], [ 11.710093540643465, 46.975891596822137 ], [ 11.708841735691262, 46.975736620608579 ], [ 11.707219426863633, 46.976010648363278 ], [ 11.707082978155968, 46.976260441008463 ], [ 11.707882023386686, 46.976899444402271 ], [ 11.707232163408939, 46.978124962992652 ], [ 11.707420147485992, 46.978533135042184 ], [ 11.708099140495094, 46.978751054133681 ], [ 11.709567515215747, 46.977491535311145 ], [ 11.709870554051861, 46.977625270820809 ] ] ] ] } },
{ "type": "Feature", "properties": { "HOM_ID": 164.0, "area_97": 0.31410230176000004, "region": "Zillertaler Alpen", "name_d": "Hochferner", "name_it": "Gran Vedretta Occidentale", "area_05": 0.2645053471, "area_17": 0.217027775, "change_pct": -30.905385352499881, "status": "present" }, "geometry": { "type": "MultiPolygon", "coordinates": [ [ [ [ 11.713410259601829, 46.976523530505709 ], [ 11.714931013175239, 46.976417010181983 ], [ 11.714988942420243, 46.976369480850479 ], [ 11.713975867706869, 46.976058284937601 ], [ 11.713410259601829, 46.976523530505709 ] ] ], [ [ [ 11.710082441660608, 46.976782007912995 ], [ 11.710114643744172, 46.978150386353413 ], [ 11.711465462363268, 46.977609256412705 ], [ 11.712048985427501, 46.97830800886117 ], [ 11.711395876638907, 46.979264504887837 ], [ 11.710887717798171, 46.979446752702842 ], [ 11.711039489229357, 46.979800537053109 ], [ 11.709682807997019, 46.9807281760745 ], [ 11.709324007773285, 46.982048128007854 ], [ 11.706699946829625, 46.983530017852175 ], [ 11.707108801256432, 46.982323102798603 ], [ 11.705665580065912, 46.982896722451464 ], [ 11.704516355545818, 46.983001423063712 ], [ 11.703237626018453, 46.983969309987188 ], [ 11.702617608949543, 46.985470622289206 ], [ 11.704414115609667, 46.985617653058128 ], [ 11.70694373571847, 46.985028271746238 ], [ 11.706388372776511, 46.984504556931903 ], [ 11.706415943626409, 46.983996203930324 ], [ 11.708501639482826, 46.983799474924901 ], [ 11.70946252515429, 46.982955821164751 ], [ 11.711081374895777, 46.98273856990361 ], [ 11.712346699342923, 46.981649453492146 ], [ 11.71224973990245, 46.980847109124163 ], [ 11.714011749203342, 46.979615874950753 ], [ 11.713397586628423, 46.979267645702301 ], [ 11.713763929487087, 46.978670651314246 ], [ 11.715086332633689, 46.978747606341877 ], [ 11.714804303876495, 46.978915108293599 ], [ 11.715107066966326, 46.979070388464955 ], [ 11.715464277056773, 46.978635808405919 ], [ 11.71580667948133, 46.979105949656542 ], [ 11.717022910412407, 46.978920597801618 ], [ 11.716937494866063, 46.979342282907147 ], [ 11.717554271518759, 46.978739433748245 ], [ 11.717676001691016, 46.978494469790782 ], [ 11.717687054740288, 46.978321058015105 ], [ 11.716512417198336, 46.978687309148796 ], [ 11.716022170159569, 46.97862350914081 ], [ 11.716826200161572, 46.978521235853151 ], [ 11.716221476601262, 46.978259190867675 ], [ 11.716986423337191, 46.978427131390916 ], [ 11.71672449854147, 46.978296472087642 ], [ 11.717793105931516, 46.978131486489943 ], [ 11.717243467534944, 46.978024700751227 ], [ 11.717724203911716, 46.977588326451219 ], [ 11.71756263203185, 46.977313483159925 ], [ 11.714518365209226, 46.976538543746642 ], [ 11.713175011069907, 46.976853564005893 ], [ 11.71363199718709, 46.976001865039386 ], [ 11.710643257463053, 46.976166072760762 ], [ 11.710082441660608, 46.976782007912995 ] ], [ [ 11.712042377273709, 46.976985929530677 ], [ 11.712116820798512, 46.976984165004332 ], [ 11.712079805943059, 46.97709435553346 ], [ 11.712042377273709, 46.976985929530677 ] ] ] ] } },
{ "type": "Feature", "properties": { "HOM_ID": 165.0, "area_97": 0.42364558442, "region": "Zillertaler Alpen", "name_d": "Griessferner", "name_it": "Gran Vedretta Orientale", "area_05": 0.4026438652, "area_17": 0.326119768, "change_pct": -23.020614401899074, "status": "present" }, "geometry": { "type": "MultiPolygon", "coordinates": [ [ [ [ 11.717918670063337, 46.978094911527961 ], [ 11.71565511138752, 46.980579119787024 ], [ 11.715795836651525, 46.981022689603066 ], [ 11.716317310873185, 46.980398151812217 ], [ 11.716172849472033, 46.981128330944152 ], [ 11.717164655390231, 46.980857396762708 ], [ 11.716923868257217, 46.980624569682476 ], [ 11.716335800222705, 46.980770131343256 ], [ 11.716666678060378, 46.979751856872525 ], [ 11.718081193025503, 46.979612931680791 ], [ 11.719228978954748, 46.978613170815962 ], [ 11.718985192987956, 46.978052152130005 ], [ 11.717918670063337, 46.978094911527961 ] ] ], [ [ [ 11.724503111424585, 46.977593218187891 ], [ 11.722308013020257, 46.978034736160517 ], [ 11.721345255823781, 46.977973428331076 ], [ 11.720942209605401, 46.977538736705867 ], [ 11.720572854972334, 46.977650592481311 ], [ 11.718539767484847, 46.979393714382425 ], [ 11.7182214578957, 46.980065932920041 ], [ 11.71850966594408, 46.980513540894258 ], [ 11.71631924100657, 46.981206569252528 ], [ 11.715462083194042, 46.98231446980887 ], [ 11.716306269229559, 46.982578545073672 ], [ 11.716132054172446, 46.982777496108817 ], [ 11.714774260852129, 46.983223231085269 ], [ 11.715118300726646, 46.983231928370792 ], [ 11.714899319054947, 46.983481258702632 ], [ 11.713392775652791, 46.983644527308591 ], [ 11.711302193497678, 46.985366584810158 ], [ 11.710183309508549, 46.985247340927458 ], [ 11.709835151731374, 46.984785536975046 ], [ 11.708255198817206, 46.985551702272893 ], [ 11.708530864768562, 46.985738297849103 ], [ 11.707121856216308, 46.985989359277987 ], [ 11.706179553478059, 46.986625324196069 ], [ 11.706315062655143, 46.986988926900054 ], [ 11.707979586738189, 46.987262608571768 ], [ 11.709124342648398, 46.987146198938866 ], [ 11.711157028691225, 46.987765210310506 ], [ 11.713534800979888, 46.987050205286977 ], [ 11.714056147080868, 46.986387144969299 ], [ 11.713411123645024, 46.98551259173545 ], [ 11.714087148726463, 46.985218772487336 ], [ 11.714350697159835, 46.984488326513734 ], [ 11.715301209079071, 46.984101422195423 ], [ 11.716647411409232, 46.984030062873984 ], [ 11.717087384345726, 46.983417175437253 ], [ 11.717387709075361, 46.983827787653304 ], [ 11.717799363254795, 46.983728346031199 ], [ 11.71927180579657, 46.982285410266684 ], [ 11.719756624909984, 46.98242131140784 ], [ 11.719547181647528, 46.982685480160534 ], [ 11.720064797826218, 46.982124304997207 ], [ 11.721103559416408, 46.9818152127133 ], [ 11.7243758404173, 46.979878408824824 ], [ 11.724912015058807, 46.978787288829288 ], [ 11.724872785306907, 46.9778294991415 ], [ 11.724503111424585, 46.977593218187891 ] ] ] ] } },
{ "type": "Feature", "properties": { "HOM_ID": 166.0, "area_97": 1.30059728995, "region": "Zillertaler Alpen", "name_d": "Weisskarferner", "name_it": "Vedretta di Quaira Bianca", "area_05": 1.1958666468000001, "area_17": 1.0382499, "change_pct": -20.171300676790246, "status": "present" }, "geometry": { "type": "Polygon", "coordinates": [ [ [ 11.722646869264121, 46.97770602520611 ], [ 11.724521133119117, 46.977590108112487 ], [ 11.726038099299847, 46.976457155913664 ], [ 11.726940003155271, 46.974933913128957 ], [ 11.727585957205667, 46.97239787903478 ], [ 11.724466058410931, 46.971781214517023 ], [ 11.724253510149646, 46.972074614888562 ], [ 11.723042082521724, 46.971902801223557 ], [ 11.722626071611362, 46.971330620797005 ], [ 11.723509354174608, 46.971299882438373 ], [ 11.723543262444025, 46.970942792310844 ], [ 11.722699333110105, 46.970831354554356 ], [ 11.721674988420123, 46.970221339963651 ], [ 11.720492140987103, 46.970186797149111 ], [ 11.719822184615687, 46.969757963137447 ], [ 11.719023813324974, 46.969927645912662 ], [ 11.718834458543547, 46.969506189410865 ], [ 11.718084527466642, 46.969852559954113 ], [ 11.715641197000426, 46.969600275503815 ], [ 11.716467381692263, 46.969444147347041 ], [ 11.716692202971297, 46.969296259222197 ], [ 11.715171865949483, 46.969545973133677 ], [ 11.710551258464033, 46.96907399914749 ], [ 11.709748451376516, 46.968614400942883 ], [ 11.710254234024019, 46.9683238725748 ], [ 11.709729174029603, 46.968326591932005 ], [ 11.710053966247163, 46.968083903720427 ], [ 11.709689516251084, 46.967644795129893 ], [ 11.708270548792632, 46.967457465112062 ], [ 11.709174925574697, 46.968219876772274 ], [ 11.708571231428571, 46.968186143629453 ], [ 11.708792826040966, 46.968523665960078 ], [ 11.707898245332085, 46.968257508138223 ], [ 11.707308738982189, 46.967243785250901 ], [ 11.706366649000431, 46.966907594103283 ], [ 11.706479155512197, 46.967587304346509 ], [ 11.705963008659838, 46.967016504323851 ], [ 11.705220596483656, 46.967306130857381 ], [ 11.704300511698442, 46.966981315064636 ], [ 11.702608692101073, 46.967209147495048 ], [ 11.700701102327907, 46.966723004741418 ], [ 11.70048212229392, 46.966332596072469 ], [ 11.698711314134076, 46.966482855965083 ], [ 11.695911701234945, 46.965741774005643 ], [ 11.694050261799136, 46.9656457642538 ], [ 11.693822646709174, 46.96636904518418 ], [ 11.694706339530505, 46.967544523285838 ], [ 11.698288297307377, 46.967996150051484 ], [ 11.698938164779802, 46.968592980524164 ], [ 11.700146855947366, 46.968917506808012 ], [ 11.701002067476747, 46.969750100654132 ], [ 11.700915663363142, 46.969555667941584 ], [ 11.701721906230384, 46.969281953951523 ], [ 11.704497764157175, 46.970721194125801 ], [ 11.70493521339187, 46.971424173646945 ], [ 11.705680958990545, 46.971784545057055 ], [ 11.705891896587369, 46.972272862904653 ], [ 11.705569483948436, 46.972356505872916 ], [ 11.706443575245961, 46.97373607934874 ], [ 11.708791204698368, 46.974238271001454 ], [ 11.710213847164484, 46.975520061634242 ], [ 11.711534086858178, 46.976135003683254 ], [ 11.711828677996964, 46.976111827456997 ], [ 11.711188311149749, 46.975707561015398 ], [ 11.71235597312554, 46.975831333198862 ], [ 11.712442394551681, 46.97502625563002 ], [ 11.711709642584978, 46.97449731453549 ], [ 11.709677098786765, 46.973731021675498 ], [ 11.709814544883359, 46.973529744516817 ], [ 11.709141861047653, 46.97386125717528 ], [ 11.708561690791562, 46.973511179261607 ], [ 11.708122755333347, 46.973122460585216 ], [ 11.709007669382972, 46.973069389805246 ], [ 11.707163927786846, 46.972463754220996 ], [ 11.707403252948932, 46.971761838740044 ], [ 11.708621373218035, 46.971786988607739 ], [ 11.710024758794367, 46.972512214195291 ], [ 11.711148833487657, 46.972670289433246 ], [ 11.714859315898304, 46.975107672037446 ], [ 11.716454021072124, 46.975218564602407 ], [ 11.719428530795527, 46.977835943587621 ], [ 11.722454994221057, 46.977419027057415 ], [ 11.722646869264121, 46.97770602520611 ] ], [ [ 11.722694478064541, 46.972025363411696 ], [ 11.722838812762514, 46.971885894101121 ], [ 11.722884508568942, 46.972040275686197 ], [ 11.722694478064541, 46.972025363411696 ] ], [ [ 11.708670073209058, 46.973726677469038 ], [ 11.708479236217064, 46.97378949552747 ], [ 11.708409471766208, 46.973719890787493 ], [ 11.708670073209058, 46.973726677469038 ] ], [ [ 11.709128833929414, 46.974096390185402 ], [ 11.709350825614733, 46.97418182436973 ], [ 11.709506001971253, 46.974302848533135 ], [ 11.709128833929414, 46.974096390185402 ] ], [ [ 11.710067762296879, 46.97413569540992 ], [ 11.710546261841003, 46.974100068610404 ], [ 11.710671266828534, 46.974237704442643 ], [ 11.710427008215165, 46.974212997875298 ], [ 11.710067762296879, 46.97413569540992 ] ], [ [ 11.709929497749636, 46.974473903261476 ], [ 11.710978148054107, 46.974505500484028 ], [ 11.710556112067083, 46.974518281810951 ], [ 11.711285120438918, 46.974744986547918 ], [ 11.709929497749636, 46.974473903261476 ] ], [ [ 11.707359389079624, 46.967873896006516 ], [ 11.706892001250326, 46.967839566380285 ], [ 11.70688441985339, 46.967592109325231 ], [ 11.707359389079624, 46.967873896006516 ] ] ] } },
{ "type": "Feature", "properties": { "HOM_ID": 167.0, "area_97": 0.02319602655, "region": "Zillertaler Alpen", "name_d": null, "name_it": null, "area_05": null, "area_17": null, "change_pct": -100.0, "status": "disappeared" }, "geometry": { "type": "MultiPolygon", "coordinates": [ [ [ [ 11.709723203888604, 46.965727489393956 ], [ 11.710198613429654, 46.965210955092047 ], [ 11.709406735149466, 46.96564429321031 ], [ 11.709723203888604, 46.965727489393956 ] ] ], [ [ [ 11.716670241962991, 46.968244038150033 ], [ 11.717376532083691, 46.9682146812018 ], [ 11.717191722773624, 46.968018437174969 ], [ 11.715448804960213, 46.967797461574804 ], [ 11.715850005138293, 46.967778222455983 ], [ 11.715069772026075, 46.967226687129056 ], [ 11.714468855030988, 46.967506537428974 ], [ 11.71235015688535, 46.966403722627888 ], [ 11.710936827064929, 46.966150724462672 ], [ 11.711106491856011, 46.966456392448841 ], [ 11.715427373798029, 46.967947715570197 ], [ 11.715816593240504, 46.968396978763352 ], [ 11.717178892424142, 46.968698918671755 ], [ 11.716670241962991, 46.968244038150033 ] ] ], [ [ [ 11.719980606198236, 46.96889794153595 ], [ 11.718696886309239, 46.968215885548531 ], [ 11.717636393420806, 46.96839007057411 ], [ 11.718929693843521, 46.968514813804248 ], [ 11.719521408285946, 46.968986590992237 ], [ 11.719980606198236, 46.96889794153595 ] ] ] ] } },
{ "type": "Feature", "properties": { "HOM_ID": 168.0, "area_97": 0.03022752018, "region": "Zillertaler Alpen", "name_d": "Gliderferner", "name_it": "Ghiacciao del Gran Pilastro", "area_05": 0.0076900875, "area_17": 0.00176793, "change_pct": -94.151256902742062, "status": "present" }, "geometry": { "type": "MultiPolygon", "coordinates": [ [ [ [ 11.719141294517982, 46.967570860101283 ], [ 11.718837080413238, 46.967417488814924 ], [ 11.719195530823908, 46.966807784875265 ], [ 11.718822368434262, 46.966514691544731 ], [ 11.718161994278567, 46.966448652814599 ], [ 11.717860452546232, 46.966789891096013 ], [ 11.718606014506785, 46.967221898939641 ], [ 11.718409669503615, 46.967542982024789 ], [ 11.717084431319465, 46.967179315792215 ], [ 11.718652392272237, 46.96784812342689 ], [ 11.719141294517982, 46.967570860101283 ] ] ], [ [ [ 11.722468384539701, 46.969263991121281 ], [ 11.720986356821534, 46.968251118373665 ], [ 11.720351038394277, 46.968277739311858 ], [ 11.720123171962786, 46.967692252203257 ], [ 11.721279975181993, 46.968177664126642 ], [ 11.720591800108556, 46.967437144431962 ], [ 11.719699221823115, 46.967144867872292 ], [ 11.71984198747206, 46.967521552007568 ], [ 11.719507050473462, 46.967585635231472 ], [ 11.720038077996179, 46.967754984923786 ], [ 11.719192569604211, 46.968037948587288 ], [ 11.71947256948798, 46.968344658289254 ], [ 11.720820319053132, 46.969040557737245 ], [ 11.721897616633331, 46.968927598998739 ], [ 11.722468384539701, 46.969263991121281 ] ] ] ] } },
{ "type": "Feature", "properties": { "HOM_ID": 169.0, "area_97": 0.12233344455, "region": "Zillertaler Alpen", "name_d": "Gliderferner", "name_it": "Ghiacciao del Gran Pilastro", "area_05": 0.1110256203, "area_17": 0.08968416, "change_pct": -26.688764196985904, "status": "present" }, "geometry": { "type": "Polygon", "coordinates": [ [ [ 11.726313216134828, 46.971072779925912 ], [ 11.728319465795455, 46.970328586114512 ], [ 11.728174328929521, 46.969661587464714 ], [ 11.726841839923049, 46.968770787505704 ], [ 11.726941425372418, 46.968191933710195 ], [ 11.726285163763059, 46.967499093994093 ], [ 11.725426322398471, 46.967119349760111 ], [ 11.725997689734783, 46.967566052101439 ], [ 11.725648072751452, 46.967762239655585 ], [ 11.725144384284722, 46.967440626769921 ], [ 11.725566314575161, 46.968126118564975 ], [ 11.724382424821156, 46.967777299098451 ], [ 11.724801257061589, 46.967578356566122 ], [ 11.723983800797965, 46.967129366390637 ], [ 11.723784923509932, 46.966631281577527 ], [ 11.723355154342034, 46.966773901756916 ], [ 11.722570464265855, 46.96622900131247 ], [ 11.723839137174817, 46.967546203543144 ], [ 11.72306158321609, 46.966955791690147 ], [ 11.722804829846696, 46.967117370269861 ], [ 11.722011419706426, 46.966773488468782 ], [ 11.721637853569444, 46.967430162131642 ], [ 11.723164099979362, 46.969343283246978 ], [ 11.726313216134828, 46.971072779925912 ] ], [ [ 11.723701443379888, 46.969026545625987 ], [ 11.723897896281834, 46.968782377714021 ], [ 11.723833066357013, 46.969053154708973 ], [ 11.723701443379888, 46.969026545625987 ] ] ] } },
{ "type": "Feature", "properties": { "HOM_ID": 170.0, "area_97": 2.2240383398799999, "region": "Zillertaler Alpen", "name_d": "Gliderferner", "name_it": "Ghiacciao del Gran Pilastro", "area_05": 1.9848255644, "area_17": 1.615007833, "change_pct": -27.383993160516312, "status": "present" }, "geometry": { "type": "Polygon", "coordinates": [ [ [ 11.747167165713092, 46.967160270658532 ], [ 11.747404954263121, 46.96751552257485 ], [ 11.747307285344853, 46.967016019678894 ], [ 11.74671912769487, 46.966510093927816 ], [ 11.745323157342257, 46.966249718855565 ], [ 11.745491746186451, 46.965895318720179 ], [ 11.744081211075461, 46.964652966274642 ], [ 11.742609444794235, 46.964047355503297 ], [ 11.742074334260939, 46.963222605155956 ], [ 11.740973892823678, 46.962908921119208 ], [ 11.739731970923598, 46.961963101739279 ], [ 11.737474861373407, 46.96159899039543 ], [ 11.737467054828299, 46.961035187229577 ], [ 11.737019634701243, 46.960725399581115 ], [ 11.734479530388205, 46.960353523896273 ], [ 11.732989851753414, 46.958931869489376 ], [ 11.730385151651534, 46.958598946109397 ], [ 11.729132792651688, 46.958806750779139 ], [ 11.729745318534478, 46.958862959213725 ], [ 11.729289707443666, 46.959152792891757 ], [ 11.730926739102186, 46.958904187445668 ], [ 11.730511149273733, 46.959289823655624 ], [ 11.731720530633588, 46.959576350342935 ], [ 11.731142256826734, 46.959824025220847 ], [ 11.729676589831778, 46.959615911074053 ], [ 11.730150334820705, 46.959247204270056 ], [ 11.729135699845061, 46.95926287596803 ], [ 11.728733348951867, 46.959588460962514 ], [ 11.727277011726137, 46.959174269229621 ], [ 11.72738010223746, 46.958910433460446 ], [ 11.72661189890777, 46.958526971515113 ], [ 11.727494443830182, 46.958363398951789 ], [ 11.727468766521802, 46.957913107337397 ], [ 11.729201173458266, 46.957813927109569 ], [ 11.728582778085224, 46.958208677639902 ], [ 11.729939696211536, 46.958286432676282 ], [ 11.729436657422895, 46.957824083112364 ], [ 11.729956502652289, 46.957548278986089 ], [ 11.730887049523625, 46.957923082073044 ], [ 11.73127147218452, 46.957684594406494 ], [ 11.731762409004626, 46.958035635349468 ], [ 11.732714671557693, 46.957885392358314 ], [ 11.732276867476203, 46.958476802432521 ], [ 11.733707199335909, 46.958695274160895 ], [ 11.73545128085323, 46.959735459138727 ], [ 11.735859311068848, 46.959688624098149 ], [ 11.736296045958904, 46.958939347277209 ], [ 11.735511866941378, 46.958096099620938 ], [ 11.733027316162733, 46.957392118676132 ], [ 11.732513117407128, 46.956799866546369 ], [ 11.731554160674859, 46.956479494691493 ], [ 11.726041297166635, 46.955733742704197 ], [ 11.726274440864691, 46.955078747912211 ], [ 11.724864970576869, 46.954306905417084 ], [ 11.722839465263577, 46.954847445924074 ], [ 11.720738184989502, 46.956074305983044 ], [ 11.719347954158152, 46.956177837716723 ], [ 11.720975799410056, 46.956136076062897 ], [ 11.721443298972854, 46.956490103425395 ], [ 11.721638655892011, 46.956043713395196 ], [ 11.722426642337897, 46.9559677796708 ], [ 11.722756517319439, 46.956094145123224 ], [ 11.722446788947593, 46.956867928766982 ], [ 11.723395465113757, 46.956880452951914 ], [ 11.722948807589612, 46.957170687212745 ], [ 11.723203675358809, 46.957455842029624 ], [ 11.724064914664172, 46.957276926065333 ], [ 11.72356612018465, 46.957271965365109 ], [ 11.72367962594906, 46.956628319537273 ], [ 11.724324665679227, 46.95683926490554 ], [ 11.724562414212659, 46.95666319049279 ], [ 11.724207052835153, 46.956447219613324 ], [ 11.725439505581317, 46.956454073898087 ], [ 11.725367956799543, 46.956772268806958 ], [ 11.724219822748855, 46.957244231414357 ], [ 11.72585800921301, 46.957043864244447 ], [ 11.725551218994744, 46.95736706058608 ], [ 11.726555993248631, 46.957253769639401 ], [ 11.72655533204389, 46.95754142349282 ], [ 11.725816774410484, 46.957606199663616 ], [ 11.726806958795004, 46.957905127850239 ], [ 11.725974041141161, 46.958231912313309 ], [ 11.724552431158767, 46.958195308007305 ], [ 11.722046537960429, 46.957239750894196 ], [ 11.717549347009999, 46.957522879490959 ], [ 11.71721072297659, 46.957285546631887 ], [ 11.714906607253972, 46.957135710963797 ], [ 11.713811192156985, 46.956661983600846 ], [ 11.711896258291274, 46.957147883829712 ], [ 11.708186493757767, 46.957518446719163 ], [ 11.706900330121538, 46.958141991878286 ], [ 11.706802258252646, 46.958473617544684 ], [ 11.707573079410713, 46.959179885200314 ], [ 11.71300500937391, 46.959750160771698 ], [ 11.7156166523456, 46.960594468567862 ], [ 11.717408631271979, 46.960669524194756 ], [ 11.719897445988314, 46.96122466874931 ], [ 11.722572655009042, 46.962203799676388 ], [ 11.723895684976238, 46.963158045857035 ], [ 11.72518339488907, 46.965098205113136 ], [ 11.726644172367696, 46.966114752973667 ], [ 11.726928173744925, 46.966883136424279 ], [ 11.729651535467816, 46.966659488692208 ], [ 11.732456621017965, 46.967571127375365 ], [ 11.732183698214937, 46.967969523127636 ], [ 11.731286163841629, 46.967637130237769 ], [ 11.731452175093056, 46.967974295313255 ], [ 11.730793505401557, 46.967993990216158 ], [ 11.728606337494776, 46.967597800210086 ], [ 11.727142270917366, 46.967971898313678 ], [ 11.728586935396935, 46.969437953524363 ], [ 11.731132103501984, 46.970788059217831 ], [ 11.731156512401141, 46.971051130539458 ], [ 11.735238968058457, 46.971616223147173 ], [ 11.736992022827671, 46.970866925688973 ], [ 11.736978344589057, 46.970094252800841 ], [ 11.736563392901191, 46.970029682082028 ], [ 11.736285941021922, 46.970421504746049 ], [ 11.736333885708309, 46.969992429754171 ], [ 11.735633792555358, 46.969663338587118 ], [ 11.736287653063464, 46.969630187496271 ], [ 11.736201111683117, 46.969272023003633 ], [ 11.739175534758854, 46.969792308349732 ], [ 11.742795048811837, 46.969804931056295 ], [ 11.743689188033764, 46.969226202810923 ], [ 11.746744329044741, 46.968959963472386 ], [ 11.746342619661831, 46.967279026013209 ], [ 11.747167165713092, 46.967160270658532 ] ], [ [ 11.73360876612707, 46.961024792637751 ], [ 11.731683162561621, 46.960503888643636 ], [ 11.732648392278286, 46.960495341077085 ], [ 11.73360876612707, 46.961024792637751 ] ], [ [ 11.731746707642381, 46.95735583279177 ], [ 11.731427397601054, 46.957402323389068 ], [ 11.731260824192741, 46.957289697656044 ], [ 11.731746707642381, 46.95735583279177 ] ], [ [ 11.730464091831346, 46.957250413750835 ], [ 11.730148074493073, 46.957361601636343 ], [ 11.729945350749498, 46.957282225887397 ], [ 11.730464091831346, 46.957250413750835 ] ] ] } },
{ "type": "Feature", "properties": { "HOM_ID": 171.0, "area_97": 0.05984682001, "region": "Zillertaler Alpen", "name_d": "Pockshornferner", "name_it": null, "area_05": 0.0377856363, "area_17": 0.0202945, "change_pct": -66.089259217768088, "status": "present" }, "geometry": { "type": "Polygon", "coordinates": [ [ [ 11.720219657999742, 46.952563856577228 ], [ 11.719045345925581, 46.953460783920626 ], [ 11.71951843279694, 46.953458111949402 ], [ 11.719366529118565, 46.953728238765663 ], [ 11.71835100696318, 46.954049788217432 ], [ 11.719236447027694, 46.954063498223135 ], [ 11.717694363455383, 46.955491420450358 ], [ 11.718527993038547, 46.954815261386308 ], [ 11.719274452740137, 46.954708091670781 ], [ 11.719080267747787, 46.954524909303139 ], [ 11.719678383206471, 46.954479048215745 ], [ 11.71940750198794, 46.95439890527912 ], [ 11.719890209765001, 46.954332874198414 ], [ 11.719630262938846, 46.95421537673505 ], [ 11.719990208009241, 46.95397175542147 ], [ 11.720992231922549, 46.954102155071155 ], [ 11.720207423421225, 46.954278850248954 ], [ 11.72075488758888, 46.954425054952395 ], [ 11.720107187174856, 46.95464666060402 ], [ 11.720418792644361, 46.95494115245409 ], [ 11.721259014722536, 46.954297591881733 ], [ 11.721791699284664, 46.954411745782529 ], [ 11.722663799969069, 46.953900057616835 ], [ 11.723036603956634, 46.95415329015735 ], [ 11.723505681519372, 46.95403044912311 ], [ 11.723342697402757, 46.95361220620196 ], [ 11.723771288376582, 46.953146975292718 ], [ 11.723318280540202, 46.9527459867708 ], [ 11.720219657999742, 46.952563856577228 ] ] ] } },
{ "type": "Feature", "properties": { "HOM_ID": 172.0, "area_97": 0.15188196177, "region": "Zillertaler Alpen", "name_d": "Hochwartferner", "name_it": null, "area_05": 0.1537103419, "area_17": 0.104645, "change_pct": -31.101100630720403, "status": "present" }, "geometry": { "type": "Polygon", "coordinates": [ [ [ 11.719045345925581, 46.953460783920626 ], [ 11.720219657999742, 46.952563856577228 ], [ 11.718723452519823, 46.951301567566809 ], [ 11.716511383393771, 46.950759300777214 ], [ 11.713446924184396, 46.951747550822276 ], [ 11.712525113132077, 46.952748219998739 ], [ 11.710988721585013, 46.953381003881631 ], [ 11.709956008012439, 46.954224676861287 ], [ 11.710110779549163, 46.954674334377543 ], [ 11.710557759304402, 46.95396745532377 ], [ 11.711073184155252, 46.954163737711056 ], [ 11.710977636170991, 46.954912038906834 ], [ 11.711742940200601, 46.954162458298136 ], [ 11.71276000413914, 46.953934201230489 ], [ 11.711943079803923, 46.953894212360922 ], [ 11.712699489616497, 46.952805128529654 ], [ 11.713386678905559, 46.95284119616381 ], [ 11.713486784683038, 46.952566609138529 ], [ 11.713771022510663, 46.952905611968696 ], [ 11.713362655171803, 46.952983308503939 ], [ 11.713219364267662, 46.953570531360441 ], [ 11.714126025458398, 46.9537726109481 ], [ 11.714094614119011, 46.954579779291436 ], [ 11.714853091213394, 46.954743918280066 ], [ 11.714742737710345, 46.955028648149728 ], [ 11.715548770450882, 46.954222703284231 ], [ 11.71689226753411, 46.954153290816784 ], [ 11.716102246883326, 46.953928656277412 ], [ 11.716363984900369, 46.953432695015316 ], [ 11.719045345925581, 46.953460783920626 ] ], [ [ 11.71839050705092, 46.953308579931125 ], [ 11.717385560983576, 46.953292843885457 ], [ 11.718172259166483, 46.953226689447121 ], [ 11.717346367081351, 46.952636011632087 ], [ 11.718525935875023, 46.952498172722443 ], [ 11.719259008196994, 46.952756183220941 ], [ 11.719321184578666, 46.953046752466989 ], [ 11.718161183757967, 46.953127167705674 ], [ 11.71839050705092, 46.953308579931125 ] ] ] } },
{ "type": "Feature", "properties": { "HOM_ID": 173.0, "area_97": 0.25602300185, "region": "Zillertaler Alpen", "name_d": "Weisszintferner", "name_it": "Vedretta della Punta Bianca", "area_05": 0.2133313913, "area_17": 0.1659287, "change_pct": -35.189924811046822, "status": "present" }, "geometry": { "type": "Polygon", "coordinates": [ [ [ 11.739687003694089, 46.961898383923241 ], [ 11.740709206900002, 46.962554911169782 ], [ 11.741686710064945, 46.962632686626442 ], [ 11.742621347774504, 46.961689617225041 ], [ 11.742817346561671, 46.963252497462221 ], [ 11.743658899881154, 46.963660334444363 ], [ 11.744220237631989, 46.963396663881227 ], [ 11.743705618683553, 46.960534536297466 ], [ 11.743115792742616, 46.960604054179285 ], [ 11.743603865861656, 46.960412227668606 ], [ 11.743305259105409, 46.959381204578492 ], [ 11.742720527202945, 46.959478974725016 ], [ 11.743064453708557, 46.95682543780616 ], [ 11.742419027337608, 46.957016509948843 ], [ 11.74234160477201, 46.956565836206806 ], [ 11.741256751987974, 46.956859046932195 ], [ 11.74087745643368, 46.956518327845984 ], [ 11.740549247969437, 46.956820169417291 ], [ 11.739221464026269, 46.956465677175686 ], [ 11.739531358647287, 46.956142460384825 ], [ 11.739874361820968, 46.956328583524865 ], [ 11.740764000769008, 46.956103222032688 ], [ 11.74031905063706, 46.955866100573665 ], [ 11.740991959708278, 46.955704229671156 ], [ 11.740169175579524, 46.955432432859325 ], [ 11.738683002628946, 46.955647779055681 ], [ 11.737709330325664, 46.957007145817229 ], [ 11.738654400358332, 46.960368413184746 ], [ 11.739687003694089, 46.961898383923241 ] ], [ [ 11.742920216156497, 46.962260603433627 ], [ 11.742791504447814, 46.962380291345568 ], [ 11.742885963711867, 46.962215269646464 ], [ 11.742920216156497, 46.962260603433627 ] ] ] } },
{ "type": "Feature", "properties": { "HOM_ID": 174.0, "area_97": 0.17162963492000002, "region": "Zillertaler Alpen", "name_d": "Weisszintferner", "name_it": "Vedretta della Punta Bianca", "area_05": 0.084467117, "area_17": 0.0401338103, "change_pct": -76.616037015573013, "status": "present" }, "geometry": { "type": "MultiPolygon", "coordinates": [ [ [ [ 11.751322257009317, 46.959766908181983 ], [ 11.750699775142399, 46.958975378372934 ], [ 11.750133123891185, 46.95879422272008 ], [ 11.749926391011369, 46.959115429804129 ], [ 11.750427480592705, 46.959200553698601 ], [ 11.74960374525787, 46.959881097405933 ], [ 11.750748306318984, 46.959921603578032 ], [ 11.750935081794704, 46.960242626696413 ], [ 11.751322257009317, 46.959766908181983 ] ] ], [ [ [ 11.742984527566492, 46.959347103305163 ], [ 11.743813652358901, 46.958954283967792 ], [ 11.743713898261728, 46.959754370647623 ], [ 11.743954395140921, 46.959652561059414 ], [ 11.74389556117363, 46.959972090828181 ], [ 11.744421252123676, 46.960239260385052 ], [ 11.744787796609835, 46.964849074820492 ], [ 11.745184095355899, 46.965104350786817 ], [ 11.748340059156297, 46.964993361751688 ], [ 11.748065987660064, 46.964353775747348 ], [ 11.748875138190007, 46.963243183977845 ], [ 11.748556985838881, 46.963202683553824 ], [ 11.74885516947016, 46.962651377254069 ], [ 11.748267192239899, 46.962602342728275 ], [ 11.748031613017179, 46.962159702582426 ], [ 11.747292069086734, 46.962130203711936 ], [ 11.747348470120551, 46.961638149493432 ], [ 11.74680881978837, 46.961354743282072 ], [ 11.746994849757018, 46.960968891532609 ], [ 11.747984816849089, 46.960554016401453 ], [ 11.747098809661688, 46.960643310737311 ], [ 11.746590568516048, 46.960349432552796 ], [ 11.74746140127986, 46.960241072961082 ], [ 11.745963602084139, 46.960094496034401 ], [ 11.745863650756293, 46.959870951003801 ], [ 11.744755298986966, 46.959985368422544 ], [ 11.744893227251916, 46.959491359473624 ], [ 11.745182801239341, 46.959741908094685 ], [ 11.745694404955646, 46.959465143746733 ], [ 11.746021199743973, 46.959752343036762 ], [ 11.746660099716618, 46.959628717506504 ], [ 11.746706473450544, 46.959263716492387 ], [ 11.744834312153717, 46.959172117123764 ], [ 11.743494601109244, 46.958645532328795 ], [ 11.742984527566492, 46.959347103305163 ] ], [ [ 11.745902652767207, 46.960149745390851 ], [ 11.74581459424008, 46.960647416659647 ], [ 11.746761986587991, 46.960690847813076 ], [ 11.745854926040899, 46.960963906023593 ], [ 11.745486301356051, 46.960755788122491 ], [ 11.745642318122027, 46.961759764892541 ], [ 11.745152218931748, 46.961639853027243 ], [ 11.745274432469468, 46.961947858649118 ], [ 11.744806795747353, 46.961478707241426 ], [ 11.745243755419615, 46.960308879822286 ], [ 11.745902652767207, 46.960149745390851 ] ], [ [ 11.746918040267298, 46.961913268359929 ], [ 11.746997834317133, 46.962060241584048 ], [ 11.746727260601268, 46.962042332679346 ], [ 11.746918040267298, 46.961913268359929 ] ], [ [ 11.745840296888932, 46.961520111766198 ], [ 11.74593529371138, 46.961625832440376 ], [ 11.745793839005199, 46.961559302796068 ], [ 11.745840296888932, 46.961520111766198 ] ], [ [ 11.746668078798633, 46.961490077591854 ], [ 11.745948037690825, 46.961389851575035 ], [ 11.746713770773109, 46.961324355091847 ], [ 11.746668078798633, 46.961490077591854 ] ], [ [ 11.746312613008014, 46.961075038988383 ], [ 11.746479051266958, 46.960962916288693 ], [ 11.746809352042902, 46.960830550534851 ], [ 11.746765773387656, 46.961035468374973 ], [ 11.746312613008014, 46.961075038988383 ] ], [ [ 11.747748103121889, 46.962260464926459 ], [ 11.747963619095451, 46.962748505039585 ], [ 11.746271960144293, 46.962927181473937 ], [ 11.746181044448949, 46.962569617714998 ], [ 11.746720072273698, 46.962711266050228 ], [ 11.747097961610455, 46.962219886547423 ], [ 11.747225226503353, 46.962418455213033 ], [ 11.747748103121889, 46.962260464926459 ] ], [ [ 11.748227150856072, 46.963205747865352 ], [ 11.748248849183863, 46.963282961838033 ], [ 11.748124438155328, 46.963278662348884 ], [ 11.748227150856072, 46.963205747865352 ] ] ], [ [ [ 11.745292832669984, 46.965542818035004 ], [ 11.747514779370194, 46.967524251717585 ], [ 11.748555864682309, 46.9668667030599 ], [ 11.748234516897575, 46.966767124626081 ], [ 11.747956952662355, 46.967047742083771 ], [ 11.747846962232714, 46.965768857772389 ], [ 11.746919870975793, 46.965492445411272 ], [ 11.745292832669984, 46.965542818035004 ] ] ] ] } },
{ "type": "Feature", "properties": { "HOM_ID": 175.0, "area_97": 0.05790468168, "region": "Zillertaler Alpen", "name_d": "Weisszintferner", "name_it": "Vedretta della Punta Bianca", "area_05": 0.016748884, "area_17": 0.010824, "change_pct": -81.307210943983904, "status": "present" }, "geometry": { "type": "Polygon", "coordinates": [ [ [ 11.75374014329682, 46.964815207411526 ], [ 11.753433946697658, 46.96468066765253 ], [ 11.753876177219356, 46.96438355322001 ], [ 11.753511674832987, 46.963851899234783 ], [ 11.752228360017423, 46.963733875108069 ], [ 11.751693412056198, 46.963360073968701 ], [ 11.751567847475064, 46.963684048287355 ], [ 11.750185419993217, 46.963889884627477 ], [ 11.749968866241991, 46.963571688339798 ], [ 11.75101312395419, 46.96262624998414 ], [ 11.751691472835242, 46.962743987995005 ], [ 11.752372348144386, 46.961611658634915 ], [ 11.753228990839837, 46.961262368674362 ], [ 11.753305633759652, 46.961039868504741 ], [ 11.752492431749589, 46.960875635942152 ], [ 11.751321396422979, 46.961901468976137 ], [ 11.750524994199013, 46.961849635562146 ], [ 11.749777902390051, 46.962326060706509 ], [ 11.750225360386393, 46.962396036866309 ], [ 11.749360221905235, 46.96270215938884 ], [ 11.749567544609944, 46.962973294291643 ], [ 11.750202026927488, 46.962579267382807 ], [ 11.750535323478038, 46.962740746930898 ], [ 11.750138322837246, 46.963370780404873 ], [ 11.749412448657674, 46.963278914922839 ], [ 11.74890806597859, 46.963709120670643 ], [ 11.750021219826381, 46.963735100552626 ], [ 11.749336604904553, 46.963944293825612 ], [ 11.749920552438793, 46.964260626342195 ], [ 11.750819087780116, 46.964104202972884 ], [ 11.750483376967637, 46.96477084809262 ], [ 11.748616369126797, 46.964568900743942 ], [ 11.750719901444116, 46.965010303411326 ], [ 11.752967452263618, 46.96426729658274 ], [ 11.753398970691181, 46.964832862441121 ], [ 11.75374014329682, 46.964815207411526 ] ] ] } },
{ "type": "Feature", "properties": { "HOM_ID": 176.0, "area_97": 0.22284935471, "region": "Zillertaler Alpen", "name_d": "Weisszintferner", "name_it": "Vedretta della Punta Bianca", "area_05": 0.1894297687, "area_17": 0.130035, "change_pct": -41.648922354198362, "status": "present" }, "geometry": { "type": "Polygon", "coordinates": [ [ [ 11.753463725119333, 46.970792575667225 ], [ 11.755556180122534, 46.969701944512074 ], [ 11.755748302370481, 46.969069727784046 ], [ 11.757081406992413, 46.968394285188829 ], [ 11.756451748919693, 46.967616102899697 ], [ 11.755711051153119, 46.968016027113279 ], [ 11.755440415479088, 46.967712409984465 ], [ 11.755765500830373, 46.96739612552274 ], [ 11.756489393774661, 46.967381992269281 ], [ 11.756141169183, 46.967234911806557 ], [ 11.756379028141845, 46.966916918138274 ], [ 11.756124874216635, 46.966365648152994 ], [ 11.755709323417065, 46.9670953259727 ], [ 11.755983509718858, 46.967261706057762 ], [ 11.755458144582439, 46.967242739010807 ], [ 11.755527051568796, 46.966932931388982 ], [ 11.755124211140428, 46.967193258464704 ], [ 11.754896862075604, 46.96677045466312 ], [ 11.755934850208703, 46.965360440341989 ], [ 11.756469561102087, 46.964986798045267 ], [ 11.756646292549297, 46.965242206932338 ], [ 11.757737401510683, 46.964502392733515 ], [ 11.757820477775484, 46.964155542868774 ], [ 11.757170307436516, 46.963735935391405 ], [ 11.754953430944557, 46.964285308901175 ], [ 11.75467672398902, 46.965654948267307 ], [ 11.753714282871639, 46.96561046245661 ], [ 11.753388695594085, 46.965323808674206 ], [ 11.752560162064482, 46.965614196297473 ], [ 11.75120948982503, 46.967252167265343 ], [ 11.751284873465638, 46.967709411001557 ], [ 11.750326641244815, 46.968462796943356 ], [ 11.750794027798701, 46.969077139760671 ], [ 11.750192884066612, 46.969595747483083 ], [ 11.751178144614924, 46.970500149989611 ], [ 11.753463725119333, 46.970792575667225 ] ], [ [ 11.756101381370801, 46.968427918838564 ], [ 11.7562059799604, 46.968310927049778 ], [ 11.756207857903842, 46.96841827038169 ], [ 11.756101381370801, 46.968427918838564 ] ], [ [ 11.755911884408873, 46.964845236224214 ], [ 11.756198649229315, 46.964901488035551 ], [ 11.75596998083814, 46.965009023085528 ], [ 11.755911884408873, 46.964845236224214 ] ], [ [ 11.755562037869744, 46.96452814886171 ], [ 11.756345170567499, 46.96430037364334 ], [ 11.756455232088129, 46.964370598437704 ], [ 11.755562037869744, 46.96452814886171 ] ] ] } },
{ "type": "Feature", "properties": { "HOM_ID": 177.0, "area_97": 0.02478600392, "region": "Zillertaler Alpen", "name_d": "Muttennockferner", "name_it": "Vedretta della Muta", "area_05": 0.0134726803, "area_17": 0.00665654, "change_pct": -73.143956478483446, "status": "present" }, "geometry": { "type": "Polygon", "coordinates": [ [ [ 11.758106069541467, 46.972548669198567 ], [ 11.75853274832915, 46.972219443613071 ], [ 11.757087706399181, 46.97077959715503 ], [ 11.7557679211767, 46.97101949571671 ], [ 11.75553455079956, 46.971933639072013 ], [ 11.758106069541467, 46.972548669198567 ] ], [ [ 11.756200993601247, 46.97188912854287 ], [ 11.756073493226575, 46.971645284667126 ], [ 11.756427017989829, 46.971518003496357 ], [ 11.756200993601247, 46.97188912854287 ] ] ] } },
{ "type": "Feature", "properties": { "HOM_ID": 178.0, "area_97": 0.1399678539, "region": "Zillertaler Alpen", "name_d": "Muttennockferner", "name_it": "Vedretta della Muta", "area_05": 0.0775832993, "area_17": 0.0437374, "change_pct": -68.751824950285965, "status": "present" }, "geometry": { "type": "MultiPolygon", "coordinates": [ [ [ [ 11.756009827171154, 46.969686129488565 ], [ 11.758866448141339, 46.968434274419515 ], [ 11.759805531089084, 46.967721100375194 ], [ 11.761423514477725, 46.969020454907955 ], [ 11.762785089257227, 46.968204507495216 ], [ 11.762453637410015, 46.967645795364376 ], [ 11.761330776032397, 46.968543451492422 ], [ 11.762136959917946, 46.965158881382827 ], [ 11.761522387909137, 46.965430733158449 ], [ 11.761759271175459, 46.965565899393368 ], [ 11.760834736000653, 46.967421252744145 ], [ 11.759962994563418, 46.967741203889958 ], [ 11.760086600066174, 46.966926568645917 ], [ 11.758835347121657, 46.968361797048203 ], [ 11.756660015191573, 46.969061862735238 ], [ 11.756009827171154, 46.969686129488565 ] ] ], [ [ [ 11.762962672330948, 46.971767411714225 ], [ 11.765026328246362, 46.971127918179413 ], [ 11.76466958783589, 46.971134200785066 ], [ 11.766626693593617, 46.969981949951269 ], [ 11.766720583152319, 46.969677247001115 ], [ 11.766113945193196, 46.969812950367412 ], [ 11.766495016588108, 46.969488388126422 ], [ 11.766058369178747, 46.969310005675027 ], [ 11.766793469847261, 46.969403199362866 ], [ 11.766525636391979, 46.969145824222743 ], [ 11.766971279931496, 46.968893107195633 ], [ 11.76588128855496, 46.968556505074631 ], [ 11.766195084707594, 46.968992874374905 ], [ 11.765630680379807, 46.968915348939767 ], [ 11.765498841922124, 46.968566679480254 ], [ 11.765177286391388, 46.968922358544823 ], [ 11.765148160751316, 46.968649329332187 ], [ 11.764672915445805, 46.96890352038902 ], [ 11.764684700639224, 46.968451962587892 ], [ 11.765418157556942, 46.968433099533925 ], [ 11.765217883104492, 46.968066617862149 ], [ 11.764343182928604, 46.96826388624946 ], [ 11.764079659002443, 46.968854798983322 ], [ 11.763427704613584, 46.967766716218854 ], [ 11.763489495323359, 46.968752327543378 ], [ 11.763052641402194, 46.969277086636112 ], [ 11.762008644425194, 46.969509491692598 ], [ 11.763592364165763, 46.96959015800153 ], [ 11.761989268740241, 46.969926153086341 ], [ 11.762353278176336, 46.970362336662461 ], [ 11.760940300929459, 46.969413854479107 ], [ 11.760321600608078, 46.969817207386861 ], [ 11.759413000154742, 46.969579318059345 ], [ 11.759077274829389, 46.969845284012322 ], [ 11.759687923994957, 46.970600133563579 ], [ 11.761173266061654, 46.97067107495559 ], [ 11.761245243330176, 46.970924181800157 ], [ 11.761663055063783, 46.970847284395319 ], [ 11.761483794735916, 46.971067524881725 ], [ 11.761997087073039, 46.971068271661011 ], [ 11.762086355437159, 46.971497634626317 ], [ 11.762694226880692, 46.971487301588112 ], [ 11.762962672330948, 46.971767411714225 ] ], [ [ 11.760667886944487, 46.97007343209448 ], [ 11.76102649641285, 46.970089785750211 ], [ 11.76064383675719, 46.970135370217427 ], [ 11.760667886944487, 46.97007343209448 ] ], [ [ 11.76447563854363, 46.96912709887814 ], [ 11.764343391270133, 46.969030393152785 ], [ 11.764434995730467, 46.968783621423526 ], [ 11.76447563854363, 46.96912709887814 ] ] ] ] } },
{ "type": "Feature", "properties": { "HOM_ID": 179.0, "area_97": 0.97092500809000004, "region": "Zillertaler Alpen", "name_d": "Nevesferner Westlicher", "name_it": "Vedretta di Neves Occidentale", "area_05": 0.7136307439, "area_17": 0.433665813, "change_pct": -55.334777723656984, "status": "present" }, "geometry": { "type": "Polygon", "coordinates": [ [ [ 11.779177677464045, 46.988640849948723 ], [ 11.779951874320682, 46.988545696945302 ], [ 11.78144247077929, 46.987343830514469 ], [ 11.782070719736449, 46.987365918794758 ], [ 11.782872993517749, 46.985899172994998 ], [ 11.783510180296789, 46.985592487103922 ], [ 11.784292325396985, 46.981486256239577 ], [ 11.784013417559784, 46.980509337110469 ], [ 11.783531273804554, 46.980683662090748 ], [ 11.782241626339577, 46.980020115433994 ], [ 11.78213906982705, 46.980258825017884 ], [ 11.781329482157666, 46.980252215941519 ], [ 11.781410737042686, 46.979766191675729 ], [ 11.782605512495991, 46.979110445827054 ], [ 11.782215130468865, 46.978745091254929 ], [ 11.781102223957387, 46.979863659278706 ], [ 11.78022412734302, 46.979921524246038 ], [ 11.780223489180598, 46.980385879788919 ], [ 11.778996407834045, 46.980814611835193 ], [ 11.778431209977612, 46.979614903600094 ], [ 11.77903718634337, 46.979308478164292 ], [ 11.778926265600726, 46.979141030949521 ], [ 11.778201225918394, 46.97930139948587 ], [ 11.778403445556149, 46.979058679532784 ], [ 11.777657539300785, 46.979047907119906 ], [ 11.77781066000548, 46.978400086095142 ], [ 11.777351580064883, 46.978412574419536 ], [ 11.77699773007504, 46.97749013693123 ], [ 11.776164734931974, 46.977278811973633 ], [ 11.775878193937695, 46.97764246373373 ], [ 11.776407972326782, 46.977515593585835 ], [ 11.776647412759889, 46.977944450863532 ], [ 11.776449661913675, 46.978241757465774 ], [ 11.775675928476412, 46.978291572500396 ], [ 11.776245475397058, 46.978428877674553 ], [ 11.775685154399753, 46.979262650396741 ], [ 11.775905736422496, 46.979766030847678 ], [ 11.775383854801323, 46.98001587257852 ], [ 11.776136006032644, 46.980177895508682 ], [ 11.776176176595696, 46.980451455556178 ], [ 11.775593881274906, 46.980569051055923 ], [ 11.77532589831625, 46.980159144068317 ], [ 11.774885227579745, 46.980139191612935 ], [ 11.774857643551245, 46.979323223827087 ], [ 11.774052246440789, 46.979696917925295 ], [ 11.773691169420987, 46.979355851569487 ], [ 11.772984326123449, 46.979541177548676 ], [ 11.773389047433847, 46.978506735385096 ], [ 11.772921267850863, 46.978092234926017 ], [ 11.773431404567335, 46.977257191229789 ], [ 11.772986332035645, 46.976423491076332 ], [ 11.77248905000298, 46.978401274328455 ], [ 11.771884708059424, 46.978656436147212 ], [ 11.771454099964457, 46.978394028155243 ], [ 11.770925817399585, 46.978516420266807 ], [ 11.771393818725144, 46.978305179963229 ], [ 11.771223938029554, 46.977956430870712 ], [ 11.771735748566973, 46.977802219019573 ], [ 11.770984770122549, 46.977537599223055 ], [ 11.770598918823787, 46.977682277121779 ], [ 11.771291549490392, 46.97682658864381 ], [ 11.771307815229726, 46.976290678361003 ], [ 11.770857654523013, 46.976433891893699 ], [ 11.77065378938037, 46.976275258066011 ], [ 11.771087807441639, 46.976095232289929 ], [ 11.770531046534787, 46.976113452725876 ], [ 11.771139191761737, 46.97557248367545 ], [ 11.769460704612444, 46.97623289307613 ], [ 11.768927725954946, 46.976009355577958 ], [ 11.769024952429415, 46.97534868068535 ], [ 11.768011439074138, 46.975044329000902 ], [ 11.768405351601468, 46.975292870533906 ], [ 11.768035621411213, 46.975363328538684 ], [ 11.767968829352609, 46.975001380088464 ], [ 11.767378700346052, 46.974817033039102 ], [ 11.767863767059231, 46.974498203705544 ], [ 11.767701004399354, 46.973869549560675 ], [ 11.767877611899623, 46.974140774176703 ], [ 11.768463537538819, 46.974057065282423 ], [ 11.76812293316749, 46.974000639300357 ], [ 11.768578897821181, 46.973589546799701 ], [ 11.768057329264206, 46.973748723517481 ], [ 11.767871965565444, 46.973526641380339 ], [ 11.76947272476062, 46.973561295645702 ], [ 11.769350972411846, 46.973380062067193 ], [ 11.769923655533201, 46.973306431550576 ], [ 11.768583608084233, 46.972958685239611 ], [ 11.769578653882601, 46.972355587335976 ], [ 11.769633824187215, 46.971625969089573 ], [ 11.77102436504317, 46.971254213786473 ], [ 11.77123046378477, 46.971465853197579 ], [ 11.77086921045467, 46.971877460807718 ], [ 11.77022931085401, 46.971921911041399 ], [ 11.770196539306847, 46.972320575201167 ], [ 11.771492276080416, 46.971746977036673 ], [ 11.77138167406402, 46.971222329917765 ], [ 11.769986540696626, 46.971240337709432 ], [ 11.77072509441531, 46.970863861612287 ], [ 11.771220018656594, 46.971122969632958 ], [ 11.771345802195244, 46.970767335995923 ], [ 11.769734552728639, 46.970875350831484 ], [ 11.767569013378562, 46.972323871845198 ], [ 11.767019474369121, 46.972138749024133 ], [ 11.767154781398382, 46.971935932985623 ], [ 11.768581235086671, 46.971089422276442 ], [ 11.767373853316393, 46.971309749356095 ], [ 11.768036927407064, 46.97099749111262 ], [ 11.768203176551612, 46.970536058250126 ], [ 11.767653994496623, 46.970155885876501 ], [ 11.76749200540544, 46.97115846420165 ], [ 11.766662689906482, 46.971577862981434 ], [ 11.766913146416238, 46.972175581594733 ], [ 11.765975298134299, 46.973892289581265 ], [ 11.767464737293395, 46.97857628697836 ], [ 11.768602021911999, 46.979115257427203 ], [ 11.76836292808782, 46.979330522517238 ], [ 11.769160311678405, 46.980417467509646 ], [ 11.770621174444694, 46.981699247978128 ], [ 11.772585704555919, 46.984243345327769 ], [ 11.775338659976253, 46.985541581404057 ], [ 11.775506922906285, 46.985953278089355 ], [ 11.776011479705714, 46.985984167817165 ], [ 11.777068161588616, 46.986825580752367 ], [ 11.777726034217757, 46.988131737345959 ], [ 11.779177677464045, 46.988640849948723 ] ], [ [ 11.77555011711442, 46.981007625922047 ], [ 11.775357750717598, 46.980749196814102 ], [ 11.775977444740194, 46.980658223785184 ], [ 11.775989256575388, 46.980904987395526 ], [ 11.77555011711442, 46.981007625922047 ] ], [ [ 11.769242452512303, 46.978878152977806 ], [ 11.768766158005318, 46.978593525603038 ], [ 11.769063966489588, 46.978526794866198 ], [ 11.768780313378835, 46.977234532602779 ], [ 11.767992098553714, 46.977188253161636 ], [ 11.767388587212761, 46.976697776593376 ], [ 11.767822055413037, 46.976600274240219 ], [ 11.767941390154128, 46.976796768044622 ], [ 11.768481667622588, 46.976817927003168 ], [ 11.767933538763151, 46.976691098479684 ], [ 11.767737130607969, 46.976232464698413 ], [ 11.768081598902153, 46.97592939187922 ], [ 11.768521852028448, 46.976205915405636 ], [ 11.768294621792752, 46.976571164636049 ], [ 11.769149936354747, 46.976814197049023 ], [ 11.769814949302575, 46.977868321722227 ], [ 11.769657276028349, 46.978732077339103 ], [ 11.769242452512303, 46.978878152977806 ] ], [ [ 11.769786171716818, 46.977190958852574 ], [ 11.769874502002585, 46.976712438309498 ], [ 11.77026496892754, 46.976743858013727 ], [ 11.769912353499489, 46.976621555593148 ], [ 11.770711632913692, 46.976669486925147 ], [ 11.769786171716818, 46.977190958852574 ] ], [ [ 11.76884954978433, 46.976270258057156 ], [ 11.769027591557549, 46.976107658628187 ], [ 11.769050354870712, 46.976228814490575 ], [ 11.76884954978433, 46.976270258057156 ] ], [ [ 11.768505590846454, 46.975674582309146 ], [ 11.76829932561466, 46.975896350766966 ], [ 11.768344948905789, 46.975644371858436 ], [ 11.768505590846454, 46.975674582309146 ] ], [ [ 11.766588966867781, 46.97401565009654 ], [ 11.766989040734366, 46.974095063563155 ], [ 11.767315503153966, 46.974287276822963 ], [ 11.766898697802597, 46.974489409560455 ], [ 11.766588966867781, 46.97401565009654 ] ], [ [ 11.767703982112019, 46.973039130547775 ], [ 11.767964059155497, 46.973045899086024 ], [ 11.767781675020224, 46.97310041066072 ], [ 11.767703982112019, 46.973039130547775 ] ], [ [ 11.767103726026406, 46.972532989139388 ], [ 11.767597641839709, 46.972433745665207 ], [ 11.767204215763822, 46.972744057993395 ], [ 11.767103726026406, 46.972532989139388 ] ], [ [ 11.768526075387076, 46.972570324333098 ], [ 11.768722490309775, 46.972328113691255 ], [ 11.768933646820315, 46.972409441428965 ], [ 11.768526075387076, 46.972570324333098 ] ], [ [ 11.768894657173703, 46.972089936333084 ], [ 11.769189528995042, 46.972034983644939 ], [ 11.768585325414158, 46.97228310632908 ], [ 11.768894657173703, 46.972089936333084 ] ], [ [ 11.782894972262655, 46.980616170162818 ], [ 11.782997856002394, 46.980541266592247 ], [ 11.783039142768867, 46.980664237022978 ], [ 11.782894972262655, 46.980616170162818 ] ] ] } },
{ "type": "Feature", "properties": { "HOM_ID": 180.0, "area_97": 0.3865374208, "region": "Zillertaler Alpen", "name_d": "Nevesferner Oestlicher", "name_it": "Vedretta di Neves Orientale", "area_05": 0.2732787182, "area_17": 0.13653755, "change_pct": -64.676757629982092, "status": "present" }, "geometry": { "type": "Polygon", "coordinates": [ [ [ 11.78959198227702, 46.987270135364163 ], [ 11.789244437713283, 46.98735281732651 ], [ 11.789607727948088, 46.986424296538424 ], [ 11.788756615545505, 46.985806778857608 ], [ 11.788258220434622, 46.985666182038884 ], [ 11.788619407098723, 46.986207823316214 ], [ 11.788193354727847, 46.986287611557557 ], [ 11.788421945583238, 46.986561991505475 ], [ 11.788033557913231, 46.986494054842183 ], [ 11.785968738540763, 46.985939866112119 ], [ 11.786955380703533, 46.985582162973877 ], [ 11.786044558644221, 46.985081253536187 ], [ 11.786757737777055, 46.985094290381241 ], [ 11.786478221897484, 46.984858414312072 ], [ 11.787095516497189, 46.984812535231065 ], [ 11.788536529453905, 46.985363769038031 ], [ 11.789480194251384, 46.984921481696425 ], [ 11.790086378084885, 46.985268544070266 ], [ 11.789391589224568, 46.985409490663187 ], [ 11.790402533879972, 46.985424827812068 ], [ 11.791038212620998, 46.985210244807668 ], [ 11.790594878866534, 46.985193612597286 ], [ 11.790992264604295, 46.984947999243687 ], [ 11.789967118728313, 46.98461764892825 ], [ 11.788733873122323, 46.984814407529534 ], [ 11.788598672545152, 46.984600179920037 ], [ 11.789114035067072, 46.984384095039317 ], [ 11.788092387534133, 46.984305498663502 ], [ 11.788205504401327, 46.984052262228438 ], [ 11.788019525061888, 46.984041280804277 ], [ 11.787967050814718, 46.984299176178659 ], [ 11.787800439960382, 46.984290943374965 ], [ 11.787909738727693, 46.983850352913784 ], [ 11.787441647896333, 46.984222040637839 ], [ 11.785801687957433, 46.983990462751528 ], [ 11.785849079846299, 46.984647655850637 ], [ 11.785596250855985, 46.984680864931775 ], [ 11.785456736167944, 46.983743029086959 ], [ 11.786010110244545, 46.983272358014922 ], [ 11.786430312359919, 46.983389194158775 ], [ 11.786832403435962, 46.982642855438982 ], [ 11.788324226969905, 46.982457985061103 ], [ 11.789323149302993, 46.983010787909265 ], [ 11.788657535099805, 46.982368956189283 ], [ 11.78778653593834, 46.982387981237551 ], [ 11.787842262387619, 46.982170341581877 ], [ 11.786676203670888, 46.981692197877912 ], [ 11.785934568011955, 46.981795126595237 ], [ 11.786228430989263, 46.982518114489665 ], [ 11.786837200920759, 46.982602124659635 ], [ 11.784329510230753, 46.98296887235594 ], [ 11.783812622124199, 46.985699770216108 ], [ 11.783066846851991, 46.98636461045183 ], [ 11.782635019273517, 46.9876102142779 ], [ 11.781497545164342, 46.987929320906659 ], [ 11.780652792712544, 46.988980607771488 ], [ 11.781085563851901, 46.989595196269988 ], [ 11.781168349862202, 46.98934166220036 ], [ 11.781765417857166, 46.98963725551188 ], [ 11.782180816957677, 46.990696869340347 ], [ 11.782938192217058, 46.991362335839106 ], [ 11.784077224905028, 46.990873077610217 ], [ 11.783604029913983, 46.991945076150031 ], [ 11.78499191974713, 46.991873512346892 ], [ 11.785753673436398, 46.991570751540237 ], [ 11.784253221879643, 46.991265161260422 ], [ 11.784219983236397, 46.990678889028921 ], [ 11.783902691982721, 46.990572895223671 ], [ 11.784831048987263, 46.990520413769858 ], [ 11.785289516889286, 46.990803188091512 ], [ 11.786511021991503, 46.989920796232234 ], [ 11.787109289849111, 46.989922318503801 ], [ 11.787472464734625, 46.990181594703579 ], [ 11.787053652238974, 46.990304356617401 ], [ 11.786848038738624, 46.991039969266104 ], [ 11.786445510983169, 46.990583770972719 ], [ 11.786532487519922, 46.991362147761691 ], [ 11.787622128981923, 46.990642919846373 ], [ 11.78735541108153, 46.990360215729226 ], [ 11.787653685578094, 46.990113078845347 ], [ 11.788231909997936, 46.990346799361731 ], [ 11.789676565163091, 46.989728576892688 ], [ 11.789221350148578, 46.989385524160667 ], [ 11.789869337241718, 46.988524459480388 ], [ 11.78959198227702, 46.987270135364163 ] ], [ [ 11.788220238357871, 46.984555444170361 ], [ 11.788268673834773, 46.984458195795405 ], [ 11.788475933713666, 46.984472509982183 ], [ 11.788220238357871, 46.984555444170361 ] ], [ [ 11.789581213248745, 46.984916345060455 ], [ 11.789766287004902, 46.984859401475639 ], [ 11.78977424998957, 46.984926945786064 ], [ 11.789581213248745, 46.984916345060455 ] ], [ [ 11.786491571686859, 46.986254597915533 ], [ 11.786596504090687, 46.986186537614479 ], [ 11.786655424003875, 46.986262424654399 ], [ 11.786491571686859, 46.986254597915533 ] ], [ [ 11.787966983557528, 46.984951343099908 ], [ 11.788124911099962, 46.984728009212056 ], [ 11.788212755958392, 46.984838404825794 ], [ 11.787966983557528, 46.984951343099908 ] ], [ [ 11.787684729114233, 46.986739455687513 ], [ 11.788152249000406, 46.986643440701883 ], [ 11.788152038162664, 46.986721271840182 ], [ 11.787684729114233, 46.986739455687513 ] ], [ [ 11.789159253849004, 46.986907465025055 ], [ 11.789272644800729, 46.98664916321443 ], [ 11.789434343110504, 46.986626042353109 ], [ 11.789159253849004, 46.986907465025055 ] ], [ [ 11.787253913748826, 46.984770815750302 ], [ 11.7873111318835, 46.984837791201883 ], [ 11.787301097152827, 46.984838258844846 ], [ 11.787253913748826, 46.984770815750302 ] ], [ [ 11.78777560917209, 46.984853180321885 ], [ 11.787262766792143, 46.984665972609491 ], [ 11.787766507199947, 46.98475257330859 ], [ 11.78777560917209, 46.984853180321885 ] ], [ [ 11.786781621204412, 46.984450695955708 ], [ 11.787116038868874, 46.984342286667008 ], [ 11.787280512212238, 46.984388531601716 ], [ 11.786968896601449, 46.984629909085918 ], [ 11.786781621204412, 46.984450695955708 ] ] ] } },
{ "type": "Feature", "properties": { "HOM_ID": 181.0, "area_97": 1.86785354496, "region": "Zillertaler Alpen", "name_d": "Nevesferner Oestlicher", "name_it": "Vedretta di Neves Orientale", "area_05": 1.4329982609, "area_17": 1.084348569, "change_pct": -41.946809913128313, "status": "present" }, "geometry": { "type": "Polygon", "coordinates": [ [ [ 11.78959669578499, 46.987267660772524 ], [ 11.789566461058376, 46.988145349247688 ], [ 11.790153042369223, 46.988546786335796 ], [ 11.790482716509285, 46.989457461831606 ], [ 11.790828515522815, 46.989687184614176 ], [ 11.791016951251025, 46.989419086118396 ], [ 11.791898361569132, 46.989495454800419 ], [ 11.79245868180486, 46.990126446871159 ], [ 11.792748181753678, 46.98988935621729 ], [ 11.794289119026917, 46.990574103633755 ], [ 11.794900215587598, 46.990574140596046 ], [ 11.795624484544792, 46.990093930053149 ], [ 11.797808003682141, 46.991013736265174 ], [ 11.798772381566398, 46.990597692750704 ], [ 11.800160451303995, 46.990704247515133 ], [ 11.800897988610812, 46.990260557809847 ], [ 11.802263177994121, 46.990781518712822 ], [ 11.803930906656586, 46.99064276648312 ], [ 11.804806217793477, 46.991055239771285 ], [ 11.807857479155814, 46.99062366754783 ], [ 11.808366491947613, 46.990213885780662 ], [ 11.807782390033701, 46.988741214794921 ], [ 11.808376764210998, 46.988651974527677 ], [ 11.807790443782469, 46.988360721632034 ], [ 11.807847940193918, 46.98737445681175 ], [ 11.80890170128048, 46.98752225139377 ], [ 11.810027212270462, 46.987187320624869 ], [ 11.810014089114475, 46.986393467165946 ], [ 11.811994500618004, 46.984728099742881 ], [ 11.812611657209088, 46.983639050444943 ], [ 11.81245436854525, 46.982886862652158 ], [ 11.813073152614182, 46.982582947347865 ], [ 11.813463535011435, 46.981803107257441 ], [ 11.813295215212808, 46.981014006496949 ], [ 11.813995720235448, 46.979700514660678 ], [ 11.813234610497451, 46.978803189373622 ], [ 11.812671328594119, 46.978705764223591 ], [ 11.813185725543478, 46.97860366927943 ], [ 11.813097482518566, 46.976416182804243 ], [ 11.812179426888662, 46.976232293087925 ], [ 11.811645618887779, 46.976457824021587 ], [ 11.809672084600084, 46.975452051892979 ], [ 11.808853692118278, 46.975631836057211 ], [ 11.810412745979903, 46.976094581850504 ], [ 11.80983773846572, 46.976402132870426 ], [ 11.810769356163345, 46.976837159809072 ], [ 11.810043227933642, 46.976923848000467 ], [ 11.810636053640033, 46.97705331051759 ], [ 11.811047336892088, 46.976735485142513 ], [ 11.811879778407855, 46.976973838402373 ], [ 11.81139090755979, 46.977204080091802 ], [ 11.812316337942711, 46.977484619123949 ], [ 11.811278628483807, 46.977885501312826 ], [ 11.809113578752667, 46.977677287986481 ], [ 11.809427032230891, 46.978008716598367 ], [ 11.810182043853159, 46.977922157224448 ], [ 11.812184983516559, 46.978477042750697 ], [ 11.811340405219681, 46.978692504451878 ], [ 11.812483325277876, 46.978571769546591 ], [ 11.811787569781725, 46.978914327703748 ], [ 11.812721489769133, 46.978939657484098 ], [ 11.811899511030724, 46.97926565617724 ], [ 11.812416968087859, 46.979377549783962 ], [ 11.809859349749962, 46.979206870165044 ], [ 11.809589893333133, 46.978885326497341 ], [ 11.81012485462975, 46.979021755434538 ], [ 11.810097264667034, 46.978933959537102 ], [ 11.809194510472576, 46.978615453609557 ], [ 11.809256916323298, 46.979217868436947 ], [ 11.80780050432757, 46.97909079224668 ], [ 11.809113002693501, 46.979324797565461 ], [ 11.80906253339896, 46.979382416965343 ], [ 11.808021659311494, 46.979217232215866 ], [ 11.804961063260411, 46.979640481832618 ], [ 11.803824218031691, 46.979115413790723 ], [ 11.803846023828456, 46.979684394968736 ], [ 11.803474679581607, 46.979889323417126 ], [ 11.803785945160625, 46.98000428414305 ], [ 11.803364527256365, 46.98009564217444 ], [ 11.80446793574462, 46.980421992270088 ], [ 11.80457998475609, 46.980109792370556 ], [ 11.805057513255928, 46.980126242836825 ], [ 11.805408570815459, 46.980427742314703 ], [ 11.805766703931781, 46.98015866971383 ], [ 11.803888336783078, 46.979821553038683 ], [ 11.805654972374191, 46.979625552304491 ], [ 11.805624003208466, 46.980016722214238 ], [ 11.80700605859194, 46.980263461535031 ], [ 11.806368193667845, 46.980540400394005 ], [ 11.80760303640499, 46.980846720355707 ], [ 11.806763819332142, 46.981117893610268 ], [ 11.80674199329184, 46.980857159145984 ], [ 11.805914939101816, 46.980714614536097 ], [ 11.806618485686821, 46.981050814245684 ], [ 11.806242380973863, 46.981158557407028 ], [ 11.806267957107389, 46.981831353248609 ], [ 11.805510006114751, 46.981906839673712 ], [ 11.80498029696078, 46.981538004112679 ], [ 11.803842464200017, 46.981420505951206 ], [ 11.804436176703934, 46.98185086289206 ], [ 11.80261794040824, 46.981836164174425 ], [ 11.803452217986617, 46.982237700674951 ], [ 11.804276039364858, 46.981988303118378 ], [ 11.805896619974643, 46.982459367081518 ], [ 11.804994491707204, 46.982590996072574 ], [ 11.805201179836482, 46.98234783092024 ], [ 11.804422772072572, 46.982242159772781 ], [ 11.804345406629695, 46.982564874820355 ], [ 11.805107952806839, 46.982870830199872 ], [ 11.802887000759924, 46.982345433321754 ], [ 11.80249058075267, 46.982716714304026 ], [ 11.802741264177644, 46.982900539413819 ], [ 11.801630330904187, 46.983462820676714 ], [ 11.802040119081543, 46.982661802068648 ], [ 11.801532833754552, 46.980994099009571 ], [ 11.801777845806662, 46.980149338864024 ], [ 11.800798038672346, 46.979118184503882 ], [ 11.800942737525761, 46.975898751240351 ], [ 11.800479599104758, 46.974816919348257 ], [ 11.799564330080319, 46.974093815074447 ], [ 11.798654550962851, 46.973954935134344 ], [ 11.798633529767722, 46.974984708107698 ], [ 11.797704429699467, 46.975545355326204 ], [ 11.797039196623286, 46.977292139896377 ], [ 11.796453854309771, 46.977223863814153 ], [ 11.797018351490891, 46.9777855267509 ], [ 11.796614434165686, 46.977925137556888 ], [ 11.796858516891399, 46.978348340783207 ], [ 11.796035012855048, 46.979138404927355 ], [ 11.796200481279367, 46.979955750698828 ], [ 11.795549828978583, 46.980212674583392 ], [ 11.794417963618413, 46.980056347825965 ], [ 11.794324679460972, 46.981027750762941 ], [ 11.793496908498334, 46.981797723361026 ], [ 11.793738027199984, 46.982010114161156 ], [ 11.79263542552488, 46.982280353353367 ], [ 11.792913000564528, 46.982922196084886 ], [ 11.793400570327533, 46.982767399014975 ], [ 11.793085538716346, 46.983126660685372 ], [ 11.793413414341499, 46.984357224288864 ], [ 11.791515213775275, 46.984675238381151 ], [ 11.79160219645974, 46.985097021380902 ], [ 11.792107990736543, 46.984942990329699 ], [ 11.791937956070258, 46.985522379745071 ], [ 11.79258487279686, 46.985599920845502 ], [ 11.791715945261572, 46.98589359578844 ], [ 11.790755576368444, 46.985765056561839 ], [ 11.790686858995635, 46.986293826211444 ], [ 11.78959669578499, 46.987267660772524 ] ], [ [ 11.805177694635002, 46.983147461325196 ], [ 11.805326946108339, 46.983033387656576 ], [ 11.805258687327063, 46.983179123896917 ], [ 11.805177694635002, 46.983147461325196 ] ], [ [ 11.807834433808791, 46.986939164493762 ], [ 11.808000027089824, 46.987051722776528 ], [ 11.80777432464644, 46.98701049299337 ], [ 11.807834433808791, 46.986939164493762 ] ], [ [ 11.806888054754872, 46.986508255659899 ], [ 11.80719263465952, 46.986533152727382 ], [ 11.807172532425737, 46.986591250988418 ], [ 11.806888054754872, 46.986508255659899 ] ], [ [ 11.80494523771786, 46.982056642523851 ], [ 11.804876696935434, 46.981882016641947 ], [ 11.805162900397129, 46.982085610616942 ], [ 11.80494523771786, 46.982056642523851 ] ], [ [ 11.805375427676042, 46.982105174610922 ], [ 11.80579288188618, 46.982083272099175 ], [ 11.805816562125035, 46.982134194794661 ], [ 11.805375427676042, 46.982105174610922 ] ], [ [ 11.807136393305324, 46.980437082183585 ], [ 11.807578199472587, 46.980311776670973 ], [ 11.807679990492526, 46.98038105728331 ], [ 11.807136393305324, 46.980437082183585 ] ], [ [ 11.810216731246058, 46.976393848835613 ], [ 11.81060643186297, 46.976405215580627 ], [ 11.811185389621713, 46.976611275304428 ], [ 11.810458317972374, 46.976541182273202 ], [ 11.810216731246058, 46.976393848835613 ] ], [ [ 11.811585159511514, 46.977972000738774 ], [ 11.812034638572856, 46.97786998709455 ], [ 11.812085736374812, 46.978090727303751 ], [ 11.811585159511514, 46.977972000738774 ] ], [ [ 11.81106296261555, 46.980985569451107 ], [ 11.81141272780674, 46.981181717586452 ], [ 11.811177160385261, 46.981342809783676 ], [ 11.810913054393932, 46.981297571967033 ], [ 11.81106296261555, 46.980985569451107 ] ], [ [ 11.81032775507868, 46.980471951542853 ], [ 11.811014103722373, 46.98072226007033 ], [ 11.81097848325501, 46.980933063731563 ], [ 11.810745154037988, 46.980916982940897 ], [ 11.81032775507868, 46.980471951542853 ] ], [ [ 11.811637201679288, 46.980489575824656 ], [ 11.812023112417005, 46.980574718247119 ], [ 11.812184495802834, 46.980766342208369 ], [ 11.81144883830056, 46.980802623069856 ], [ 11.811637201679288, 46.980489575824656 ] ], [ [ 11.809203379544588, 46.979552034310636 ], [ 11.810708674997727, 46.97937339793021 ], [ 11.811168120927661, 46.979753535095107 ], [ 11.809203379544588, 46.979552034310636 ] ], [ [ 11.808242176210019, 46.979563045654395 ], [ 11.809693896436253, 46.980057721137726 ], [ 11.811688683031067, 46.980273080536534 ], [ 11.810849443973916, 46.980544528344076 ], [ 11.81087060207002, 46.980346022399168 ], [ 11.809894545698738, 46.980376202625919 ], [ 11.807599872917342, 46.979716107533953 ], [ 11.808242176210019, 46.979563045654395 ] ] ] } },
{ "type": "Feature", "properties": { "HOM_ID": 182.0, "area_97": 0.56989515809000002, "region": "Zillertaler Alpen", "name_d": "Trattenbachkees", "name_it": "Vedretta di Dentro", "area_05": 0.4713054241, "area_17": 0.32755421, "change_pct": -42.523777338660715, "status": "present" }, "geometry": { "type": "Polygon", "coordinates": [ [ [ 11.822744775566475, 46.98968119952594 ], [ 11.823517949189606, 46.988950408647909 ], [ 11.823203279158381, 46.988679843247567 ], [ 11.822628473627432, 46.989043617213795 ], [ 11.822441224301114, 46.988761931725151 ], [ 11.823407019823014, 46.98814062072136 ], [ 11.823349424961618, 46.987647409700322 ], [ 11.8238307738006, 46.987901675767993 ], [ 11.824194089696173, 46.987758352578929 ], [ 11.823747966890224, 46.987261270741115 ], [ 11.822473215869525, 46.987527877432385 ], [ 11.822560896162706, 46.987104129578022 ], [ 11.822188427829911, 46.987489250469558 ], [ 11.821986941596178, 46.987221233777944 ], [ 11.821402189687893, 46.987389556685002 ], [ 11.821432915011611, 46.986946714133225 ], [ 11.822655757752644, 46.986964647289959 ], [ 11.821303677197779, 46.986810086975083 ], [ 11.820890225848222, 46.986334740322874 ], [ 11.82000253031392, 46.986304413839783 ], [ 11.819973492039669, 46.986030847209292 ], [ 11.819509466925071, 46.986201825793273 ], [ 11.819202202252759, 46.98580895765329 ], [ 11.819541463838572, 46.98564512810843 ], [ 11.818227656581186, 46.985396417967706 ], [ 11.817544691822308, 46.984909457209874 ], [ 11.818128880827118, 46.984019517750021 ], [ 11.817804371907039, 46.983883080280123 ], [ 11.818013003130808, 46.983311620161508 ], [ 11.820263189650506, 46.982833748951201 ], [ 11.819408156570702, 46.982937892121221 ], [ 11.819026450391672, 46.982641312393937 ], [ 11.818256538875966, 46.983106760751546 ], [ 11.81687677368534, 46.983152832283409 ], [ 11.81688498477385, 46.982545721337054 ], [ 11.816248958244335, 46.982467419780612 ], [ 11.816580931242296, 46.982196068287458 ], [ 11.815940301140026, 46.982288551823409 ], [ 11.816194996820172, 46.982037524496967 ], [ 11.817006880023806, 46.98207744245795 ], [ 11.816699179162359, 46.981614629352904 ], [ 11.817505668405799, 46.981278026152836 ], [ 11.817936231667897, 46.981244078615802 ], [ 11.817916400869565, 46.981676966859887 ], [ 11.81848816420516, 46.981075013892941 ], [ 11.81956754541339, 46.980946392352934 ], [ 11.818590570492454, 46.980727543388852 ], [ 11.817838960534836, 46.981149305391597 ], [ 11.816139891105699, 46.98117080187405 ], [ 11.816300809435942, 46.98075663943289 ], [ 11.817188219595042, 46.980519160807134 ], [ 11.815381141170505, 46.980714252585038 ], [ 11.814028706399004, 46.983180644080392 ], [ 11.811531175539816, 46.985407826953256 ], [ 11.810954969366993, 46.986534151555212 ], [ 11.811073986378311, 46.986019707888978 ], [ 11.810083879193234, 46.986759421570895 ], [ 11.80998122169372, 46.98803020538562 ], [ 11.810557604534287, 46.989584085853245 ], [ 11.811749737270137, 46.990143599618733 ], [ 11.814004047448519, 46.989365741914952 ], [ 11.81626723632384, 46.989559894639946 ], [ 11.816530692498624, 46.98941653850143 ], [ 11.816174670377235, 46.989291418693099 ], [ 11.816586523472395, 46.989291826520436 ], [ 11.816380663645713, 46.988625115306618 ], [ 11.818081265514321, 46.989553754674574 ], [ 11.818025684677375, 46.989800699100918 ], [ 11.819650873946085, 46.989922468741291 ], [ 11.820848188129956, 46.990455779446094 ], [ 11.821625267524087, 46.990497359069202 ], [ 11.822387197424657, 46.989516421595589 ], [ 11.822744775566475, 46.98968119952594 ] ], [ [ 11.810467917200047, 46.986723448385362 ], [ 11.810596148495842, 46.986596409220802 ], [ 11.81049831579042, 46.986761569738178 ], [ 11.810467917200047, 46.986723448385362 ] ], [ [ 11.81872152574593, 46.987016276625873 ], [ 11.819050824413862, 46.987626876816869 ], [ 11.817807893318816, 46.987537323436833 ], [ 11.81765835773432, 46.987791487249055 ], [ 11.817476983839402, 46.987458108680819 ], [ 11.818335679149307, 46.987365347359201 ], [ 11.81872152574593, 46.987016276625873 ] ] ] } },
{ "type": "Feature", "properties": { "HOM_ID": 183.0, "area_97": 0.26475188635000002, "region": "Zillertaler Alpen", "name_d": "Trattenbachkees", "name_it": "Vedretta di Dentro", "area_05": 0.0877006484, "area_17": 0.0535689411, "change_pct": -79.766360935694237, "status": "present" }, "geometry": { "type": "MultiPolygon", "coordinates": [ [ [ [ 11.822744775566475, 46.98968119952594 ], [ 11.823676678215881, 46.990960286466816 ], [ 11.824561642637736, 46.991208250756877 ], [ 11.825253314976306, 46.990632056263159 ], [ 11.824555739755525, 46.990540184170897 ], [ 11.825104342789208, 46.989915947806288 ], [ 11.824251238954032, 46.98960275296038 ], [ 11.825696282673118, 46.989842435684395 ], [ 11.825732547122167, 46.989476075421713 ], [ 11.826548605517367, 46.989343115493867 ], [ 11.826767936398344, 46.988909253482348 ], [ 11.827483944883181, 46.989436317561875 ], [ 11.82708565756827, 46.989560417526597 ], [ 11.827629745497365, 46.989765167904935 ], [ 11.826974977003159, 46.989803949123157 ], [ 11.82745774090016, 46.990536130080649 ], [ 11.828591753686474, 46.990114416191609 ], [ 11.82871982133498, 46.990381006497579 ], [ 11.828120497593421, 46.990457938619173 ], [ 11.828560012839413, 46.990661436445009 ], [ 11.827622179513385, 46.990723211882987 ], [ 11.828592240419106, 46.991415586952414 ], [ 11.82788152801964, 46.991445371763682 ], [ 11.828419688043489, 46.991807672987107 ], [ 11.828879116878072, 46.991289341577399 ], [ 11.828887680337251, 46.992091162571185 ], [ 11.829738838461639, 46.9922166291365 ], [ 11.830772399605896, 46.991831271204084 ], [ 11.831323060218407, 46.992119572171887 ], [ 11.832797785867339, 46.992182632159334 ], [ 11.833512856117917, 46.992711955066589 ], [ 11.835060215829388, 46.993064548754319 ], [ 11.835593140772001, 46.99276978490829 ], [ 11.835841979787, 46.991519029879349 ], [ 11.836511429211372, 46.990978145878508 ], [ 11.836408601806511, 46.99023229908709 ], [ 11.836845921089251, 46.990242063166882 ], [ 11.836652524771161, 46.989369014526979 ], [ 11.836951824079236, 46.989651921493483 ], [ 11.837244486136187, 46.989540649656384 ], [ 11.836760491332264, 46.988574242506871 ], [ 11.83714097311525, 46.988385047086005 ], [ 11.836628490485001, 46.988494921945012 ], [ 11.836574258692121, 46.988060538525126 ], [ 11.836901420383445, 46.988086991595786 ], [ 11.836557321140416, 46.987765769969897 ], [ 11.837449104991961, 46.987559552128808 ], [ 11.835917240385953, 46.987822907951831 ], [ 11.836326469958896, 46.988288638844182 ], [ 11.836075861464904, 46.990126476453675 ], [ 11.834461920760429, 46.98957081655832 ], [ 11.834420716974165, 46.989037908343121 ], [ 11.834134150618008, 46.988930086636721 ], [ 11.834383292860633, 46.989471235250711 ], [ 11.830559267807683, 46.988914184383646 ], [ 11.832050278228378, 46.989516328894297 ], [ 11.83414909499597, 46.989672026062976 ], [ 11.834120380239721, 46.989915513302847 ], [ 11.830840509183183, 46.989340315412704 ], [ 11.831025816573298, 46.989622377293237 ], [ 11.829569878927956, 46.989614666709578 ], [ 11.828728673993849, 46.988564668445726 ], [ 11.828041396720238, 46.988591219226223 ], [ 11.828129116949363, 46.988855989743811 ], [ 11.827998379227793, 46.988919536114679 ], [ 11.827003436756577, 46.988709803705447 ], [ 11.827530442236341, 46.987290439310321 ], [ 11.826649656798747, 46.987389672433984 ], [ 11.826320189068442, 46.987839071237765 ], [ 11.825305637191397, 46.987799203100828 ], [ 11.825752680151874, 46.988162533901722 ], [ 11.825546807377778, 46.989062787251726 ], [ 11.824749704294179, 46.989429722433904 ], [ 11.824333741261153, 46.989012847312495 ], [ 11.824008473965058, 46.989472167348509 ], [ 11.822744775566475, 46.98968119952594 ] ], [ [ 11.828198416556649, 46.988914086771395 ], [ 11.829008501941335, 46.989049276466211 ], [ 11.8292724136421, 46.989459528143591 ], [ 11.828400082729967, 46.989602952159707 ], [ 11.828198416556649, 46.988914086771395 ] ], [ [ 11.828707409503975, 46.989766494133917 ], [ 11.830015701187465, 46.990339989368103 ], [ 11.830474264898402, 46.990864232598007 ], [ 11.830090367912209, 46.990557088524156 ], [ 11.829286936748067, 46.990551593443634 ], [ 11.829207534121451, 46.990890358950182 ], [ 11.829554121469926, 46.990984775285007 ], [ 11.829101578470034, 46.991060646463296 ], [ 11.829225517106696, 46.99040396657508 ], [ 11.828707409503975, 46.989766494133917 ] ], [ [ 11.828526866616205, 46.991060837892789 ], [ 11.828050040907039, 46.990987700603888 ], [ 11.828022479002612, 46.990871704739845 ], [ 11.828526866616205, 46.991060837892789 ] ], [ [ 11.82998109604922, 46.991278562307834 ], [ 11.829622665318016, 46.990782321303826 ], [ 11.830349832152645, 46.991256678233654 ], [ 11.82998109604922, 46.991278562307834 ] ], [ [ 11.830606824199217, 46.991197168522753 ], [ 11.830928859347054, 46.99122463942021 ], [ 11.830824920924222, 46.991298333454061 ], [ 11.830606824199217, 46.991197168522753 ] ], [ [ 11.832441691485112, 46.991423817658813 ], [ 11.832113975574108, 46.991131084626979 ], [ 11.832505357674318, 46.990895095720973 ], [ 11.832768045757916, 46.991296712079347 ], [ 11.832441691485112, 46.991423817658813 ] ], [ [ 11.830424869076312, 46.991347605366876 ], [ 11.830906510811728, 46.991495524802325 ], [ 11.830811874929235, 46.99161736023504 ], [ 11.830424869076312, 46.991347605366876 ] ], [ [ 11.829618477265109, 46.991570590311262 ], [ 11.829515445490868, 46.991845459620492 ], [ 11.829296448589133, 46.991490749088825 ], [ 11.829618477265109, 46.991570590311262 ] ], [ [ 11.83136341634278, 46.991618603666268 ], [ 11.83155659945804, 46.991596264878972 ], [ 11.831548041373845, 46.991663278395755 ], [ 11.83136341634278, 46.991618603666268 ] ], [ [ 11.832953250060511, 46.99091146160994 ], [ 11.832642856894074, 46.990796959896151 ], [ 11.832999075653278, 46.990819719653068 ], [ 11.832953250060511, 46.99091146160994 ] ], [ [ 11.831719967513511, 46.990720235478406 ], [ 11.831826170006218, 46.99095031150533 ], [ 11.831616636162725, 46.990992963279396 ], [ 11.831719967513511, 46.990720235478406 ] ], [ [ 11.83194669065022, 46.990656294436114 ], [ 11.831176022842582, 46.990741114761057 ], [ 11.831351344821107, 46.990994723658076 ], [ 11.830631337117195, 46.990894535095038 ], [ 11.8311503698544, 46.990537454741556 ], [ 11.829941235779634, 46.990147328809826 ], [ 11.830235521262248, 46.989846416478208 ], [ 11.832011909575026, 46.989739365505628 ], [ 11.833130208263089, 46.990075014572504 ], [ 11.833065774639163, 46.990402673959416 ], [ 11.832551542095358, 46.990012409354684 ], [ 11.830743814697897, 46.990197789422439 ], [ 11.832544202672576, 46.990408299655655 ], [ 11.832291163365248, 46.990725502131539 ], [ 11.83194669065022, 46.990656294436114 ] ], [ [ 11.833308993089638, 46.990512509537503 ], [ 11.833523915262777, 46.9903347704902 ], [ 11.833658317194713, 46.990506178683397 ], [ 11.833308993089638, 46.990512509537503 ] ], [ [ 11.834570739787617, 46.990061747904086 ], [ 11.833994514849019, 46.990309226073698 ], [ 11.833349257501537, 46.989989975946848 ], [ 11.834570739787617, 46.990061747904086 ] ], [ [ 11.823298224948273, 46.98976777369478 ], [ 11.823828161402297, 46.989712845421408 ], [ 11.824488277014257, 46.989785641609437 ], [ 11.823663701392867, 46.990205607467288 ], [ 11.823298224948273, 46.98976777369478 ] ], [ [ 11.824221231025694, 46.99067712493364 ], [ 11.824400171179038, 46.990795458764836 ], [ 11.82418398596684, 46.990688592620394 ], [ 11.824221231025694, 46.99067712493364 ] ] ], [ [ [ 11.827259977088643, 46.992866178611514 ], [ 11.828556735290761, 46.992725585751266 ], [ 11.828511889065142, 46.99238723848066 ], [ 11.8279781546709, 46.991876746458367 ], [ 11.82751510336147, 46.99212990437357 ], [ 11.826969078913447, 46.991112738183709 ], [ 11.826470888971993, 46.991233812741761 ], [ 11.82687943439206, 46.99130631275645 ], [ 11.826345655340065, 46.99168630954135 ], [ 11.825263096588117, 46.991105190859415 ], [ 11.824207839536669, 46.991469686660345 ], [ 11.825007721091293, 46.992030980993071 ], [ 11.826118534009545, 46.991775095158282 ], [ 11.82601464468987, 46.992141459928554 ], [ 11.827095092513304, 46.992320956721578 ], [ 11.82682857987661, 46.992495452096698 ], [ 11.827259977088643, 46.992866178611514 ] ] ] ] } },
{ "type": "Feature", "properties": { "HOM_ID": 184.0, "area_97": 0.30216714737, "region": "Zillertaler Alpen", "name_d": "Mitterbachkees", "name_it": "Vedretta del Rio di Mezzo", "area_05": 0.2579476959, "area_17": 0.14231725, "change_pct": -52.901150492798521, "status": "present" }, "geometry": { "type": "Polygon", "coordinates": [ [ [ 11.846171748185288, 46.997329111412355 ], [ 11.845900711234918, 46.997162211767282 ], [ 11.847069737630122, 46.996973104214746 ], [ 11.848129170357277, 46.996157324029021 ], [ 11.847708898588737, 46.995359778742362 ], [ 11.848504455149959, 46.99457934351252 ], [ 11.848991490949157, 46.993384578907182 ], [ 11.84868689238021, 46.993133234681636 ], [ 11.847250251355561, 46.993373730606528 ], [ 11.848106720142308, 46.992254410901062 ], [ 11.847967844074772, 46.991378493042149 ], [ 11.845476967248725, 46.991270423103117 ], [ 11.844716787275027, 46.992445884617801 ], [ 11.843651278858307, 46.992863274361667 ], [ 11.843587953991763, 46.991241369419079 ], [ 11.844049095447845, 46.990931755625844 ], [ 11.843682375020107, 46.9902562721389 ], [ 11.843070137281526, 46.990299379375003 ], [ 11.842450144207737, 46.99054775478686 ], [ 11.841974315839835, 46.991650436807454 ], [ 11.840572536219284, 46.99238426351711 ], [ 11.840185231167061, 46.992236642990967 ], [ 11.839507842642007, 46.99296025248276 ], [ 11.839851780481652, 46.993835984442228 ], [ 11.83953129587228, 46.994346438243184 ], [ 11.841327535225412, 46.995070913694548 ], [ 11.841110192601629, 46.994620439452795 ], [ 11.841933631462904, 46.994999755013239 ], [ 11.84220000677068, 46.994312289424087 ], [ 11.843033292624517, 46.994978864186876 ], [ 11.84373603185486, 46.994819746723152 ], [ 11.843542351927294, 46.995751074022216 ], [ 11.845220143228326, 46.997035754298459 ], [ 11.844945814148035, 46.997151172196823 ], [ 11.845720371556707, 46.997063412287879 ], [ 11.846171748185288, 46.997329111412355 ] ] ] } },
{ "type": "Feature", "properties": { "HOM_ID": 185.0, "area_97": 0.727700725, "region": "Zillertaler Alpen", "name_d": "Schwarzenbachkees", "name_it": "Vedretta di Rio Nero", "area_05": 0.6035578875, "area_17": 0.3693253973, "change_pct": -49.247625485050875, "status": "present" }, "geometry": { "type": "Polygon", "coordinates": [ [ [ 11.86806641527798, 47.01099449072052 ], [ 11.869367981376142, 47.01039435842636 ], [ 11.869468564010997, 47.00864599450248 ], [ 11.870734172368351, 47.008692715565829 ], [ 11.871678087723359, 47.007697145141243 ], [ 11.873045058571025, 47.007107352126575 ], [ 11.873414906359681, 47.006320696370814 ], [ 11.87284856195947, 47.005962913818642 ], [ 11.872807335067012, 47.005257727355584 ], [ 11.873857182161212, 47.005435416597948 ], [ 11.873906111922711, 47.005288434682775 ], [ 11.872797892310983, 47.005151078733554 ], [ 11.872641978987202, 47.004363070829456 ], [ 11.872005989637536, 47.004422762714469 ], [ 11.871861923078374, 47.004649866188416 ], [ 11.872693325543402, 47.005187713403899 ], [ 11.870394866864897, 47.005303698713334 ], [ 11.871732814731208, 47.005685521038984 ], [ 11.871234495106025, 47.005928802217198 ], [ 11.871857875805294, 47.006428150282467 ], [ 11.870758291174662, 47.006319708168341 ], [ 11.870487955201918, 47.005994806423359 ], [ 11.870855194818304, 47.005875160213485 ], [ 11.870142235804527, 47.005532661308443 ], [ 11.869975734185447, 47.004838087738641 ], [ 11.868865422282227, 47.00473288622392 ], [ 11.868912009422255, 47.004116583576604 ], [ 11.868379460372385, 47.004472438067125 ], [ 11.866391948756489, 47.003945036056756 ], [ 11.866200946015034, 47.004573186317216 ], [ 11.86662812399441, 47.004952231941694 ], [ 11.866115352399701, 47.005362394618317 ], [ 11.866637802836955, 47.00564123318653 ], [ 11.866169763007631, 47.006060920876756 ], [ 11.866647380437165, 47.006016591469134 ], [ 11.865619984054637, 47.006183154751156 ], [ 11.865644044180236, 47.005177304282221 ], [ 11.86414794881663, 47.004484725315912 ], [ 11.864529447878203, 47.004151168228617 ], [ 11.865710999903337, 47.004047968536256 ], [ 11.865151657436742, 47.003613361351206 ], [ 11.86537893329216, 47.003037126283957 ], [ 11.867012621724379, 47.0029320989957 ], [ 11.86664658779527, 47.002533006295764 ], [ 11.86417866714161, 47.000987797692069 ], [ 11.862258324193053, 47.000972634119933 ], [ 11.860742351768469, 47.000612064379965 ], [ 11.861511094748513, 47.001005467154364 ], [ 11.861260916251608, 47.001449444957764 ], [ 11.860755914812815, 47.00154016421326 ], [ 11.861058738590359, 47.001792536747004 ], [ 11.860435780883531, 47.002503345350632 ], [ 11.860424454979677, 47.00317721301009 ], [ 11.859825627164096, 47.003499955258135 ], [ 11.859799413430023, 47.003058749583786 ], [ 11.85868053193397, 47.002529340854764 ], [ 11.859393653277515, 47.003175166963373 ], [ 11.858854672824615, 47.003341178220758 ], [ 11.859019734137163, 47.003129662337678 ], [ 11.858541036950767, 47.003074813865034 ], [ 11.858545336032629, 47.002565521888634 ], [ 11.858100202865787, 47.002439952559811 ], [ 11.859007151581217, 47.002546474915569 ], [ 11.859279981101857, 47.00226166527505 ], [ 11.860002527386467, 47.002802140236824 ], [ 11.860126129715223, 47.0024622925256 ], [ 11.859531460806027, 47.002294364736251 ], [ 11.860163865842953, 47.001960633119729 ], [ 11.85955926282168, 47.001376561529803 ], [ 11.860257666468817, 47.001344448891444 ], [ 11.859361555036745, 47.001244937298367 ], [ 11.859733161824812, 47.00178549189642 ], [ 11.858862003093147, 47.002352674448986 ], [ 11.85820850650834, 47.001670671362106 ], [ 11.859293483633774, 47.001460508776432 ], [ 11.858471197796245, 47.001533508552953 ], [ 11.858821059582318, 47.001371371311187 ], [ 11.858731006271391, 47.001255163162675 ], [ 11.858115844371369, 47.001439047682624 ], [ 11.858554972715181, 47.001276876351781 ], [ 11.858359768960469, 47.001003871738526 ], [ 11.857936359690518, 47.001103139830583 ], [ 11.857929758439697, 47.000716052934635 ], [ 11.856841081836848, 47.000285232045499 ], [ 11.857666888275592, 47.000107494105876 ], [ 11.857443139654173, 46.999897638722274 ], [ 11.856753742476705, 46.999833962177398 ], [ 11.856659413191045, 47.000098973278668 ], [ 11.856347235805265, 46.999806351723102 ], [ 11.856633031317102, 46.999738901780773 ], [ 11.856162298055741, 46.999607322439346 ], [ 11.855914141297372, 46.999874392665959 ], [ 11.855507579166028, 46.999601331793748 ], [ 11.855268078612733, 46.999772250434098 ], [ 11.855624086582834, 47.000334805583023 ], [ 11.85712288808927, 47.000920695563309 ], [ 11.856581438974985, 47.000733684520846 ], [ 11.856073884268866, 47.000998781299899 ], [ 11.855219160786179, 47.000226175642879 ], [ 11.854870083854319, 47.000513104017031 ], [ 11.854667486398885, 46.999718884210203 ], [ 11.855144786661803, 46.999502205623848 ], [ 11.854737106253392, 46.999226446664274 ], [ 11.855589337132111, 46.999253147603682 ], [ 11.854601057414609, 46.998771932087067 ], [ 11.855039595932656, 46.998706335911642 ], [ 11.855815225275878, 46.999462858706536 ], [ 11.85643264447571, 46.999588340463355 ], [ 11.85610926108699, 46.999024990485879 ], [ 11.857519676074173, 46.999165235825345 ], [ 11.856853160994209, 46.998823824303194 ], [ 11.856803490207332, 46.998386338888437 ], [ 11.855234277765506, 46.99816219324326 ], [ 11.85371716603184, 46.998971063032279 ], [ 11.853510077049089, 46.999388232015619 ], [ 11.853708689069192, 47.000116899855428 ], [ 11.854827905504878, 47.00133797727689 ], [ 11.854905436810473, 47.002166774285925 ], [ 11.85742831629433, 47.003254082646272 ], [ 11.858262592369131, 47.00398613656035 ], [ 11.859093759791866, 47.004025543839141 ], [ 11.858809010211505, 47.004481981141033 ], [ 11.860186790597862, 47.006845044666044 ], [ 11.86192907749585, 47.008241512102664 ], [ 11.864581534044236, 47.008890913846983 ], [ 11.866057173036081, 47.00972797042467 ], [ 11.867098884784632, 47.010880091330741 ], [ 11.86806641527798, 47.01099449072052 ] ], [ [ 11.867589045132718, 47.00761621469352 ], [ 11.867227241402833, 47.007576750864231 ], [ 11.865082116457987, 47.006317084081815 ], [ 11.867052034873904, 47.006961886132409 ], [ 11.867301238293569, 47.006751341224124 ], [ 11.867589045132718, 47.00761621469352 ] ], [ [ 11.870671619639744, 47.007403252426322 ], [ 11.870023082328336, 47.00716275620681 ], [ 11.870679299842127, 47.007032789195243 ], [ 11.871531090280483, 47.007156597445004 ], [ 11.870671619639744, 47.007403252426322 ] ], [ [ 11.870819025429778, 47.006723862672914 ], [ 11.869554882803765, 47.006328032883644 ], [ 11.869679244770225, 47.006130577015725 ], [ 11.870819025429778, 47.006723862672914 ] ], [ [ 11.865841112817426, 47.006789932835368 ], [ 11.865891094788219, 47.006949687954304 ], [ 11.865743875840316, 47.006764119658399 ], [ 11.865841112817426, 47.006789932835368 ] ], [ [ 11.858945381657454, 47.003936396965067 ], [ 11.858309242362512, 47.003664386281457 ], [ 11.85879823019107, 47.003386874285354 ], [ 11.85949968666001, 47.003643408604269 ], [ 11.858945381657454, 47.003936396965067 ] ], [ [ 11.869837036822425, 47.005563042368117 ], [ 11.869322660996469, 47.005374318126051 ], [ 11.869213944941926, 47.00506853492076 ], [ 11.869949066221992, 47.005334315231039 ], [ 11.869837036822425, 47.005563042368117 ] ] ] } },
{ "type": "Feature", "properties": { "HOM_ID": 186.0, "area_97": 0.39433283711, "region": "Zillertaler Alpen", "name_d": "Rotbachkees", "name_it": "Vedretta di Rio Rosso", "area_05": 0.3191527363, "area_17": 0.2023018291, "change_pct": -48.697696447844265, "status": "present" }, "geometry": { "type": "MultiPolygon", "coordinates": [ [ [ [ 11.878771810369331, 47.007392083595036 ], [ 11.880079547240589, 47.005823911049298 ], [ 11.881998318453325, 47.005581259126487 ], [ 11.88169184978867, 47.005297473133488 ], [ 11.880028715756611, 47.005076993868194 ], [ 11.879533904455588, 47.005186615906247 ], [ 11.879762934511355, 47.005479360172664 ], [ 11.878717136741825, 47.00521267359094 ], [ 11.87779000242567, 47.005643457766119 ], [ 11.877527833041832, 47.006315654714498 ], [ 11.877887795531054, 47.006802160941234 ], [ 11.878771810369331, 47.007392083595036 ] ] ], [ [ [ 11.881073377873234, 47.016473733318598 ], [ 11.882319110211244, 47.016549887491685 ], [ 11.882110082868559, 47.015754407946453 ], [ 11.882462549278296, 47.015308271662533 ], [ 11.882108462707656, 47.015031759422008 ], [ 11.881718205518803, 47.015336737520137 ], [ 11.881842581185694, 47.01500809105552 ], [ 11.883560484335799, 47.013569229055783 ], [ 11.884801117176902, 47.01345779200463 ], [ 11.884330119512654, 47.012807707108458 ], [ 11.883094316710215, 47.012612936023643 ], [ 11.881682064477584, 47.012966738987572 ], [ 11.881133275214598, 47.014450231326521 ], [ 11.880750032768521, 47.014119864179698 ], [ 11.88130455059569, 47.01370724402409 ], [ 11.881125653338055, 47.013282147173562 ], [ 11.8805701296188, 47.014414983840631 ], [ 11.879889766242485, 47.013759860593346 ], [ 11.879459598162079, 47.01186031475207 ], [ 11.880164329434136, 47.011418249330752 ], [ 11.879500892082083, 47.011175452247187 ], [ 11.880065585650794, 47.010845442311222 ], [ 11.880925930599062, 47.01099382841177 ], [ 11.882161643726999, 47.009977280268281 ], [ 11.882234136545742, 47.00954337557036 ], [ 11.881800428955732, 47.009385339070519 ], [ 11.882245567791369, 47.00914022058619 ], [ 11.880891802243092, 47.008401293837068 ], [ 11.881179556451386, 47.008051739943738 ], [ 11.881324683784609, 47.00850477777162 ], [ 11.881969369418792, 47.0084739655316 ], [ 11.881195827072483, 47.007100293972691 ], [ 11.881529912825517, 47.007303222336191 ], [ 11.881605517486143, 47.007058397264807 ], [ 11.882481526422795, 47.006905154302537 ], [ 11.882946571555562, 47.007099920396186 ], [ 11.882584739903981, 47.009921820325943 ], [ 11.883257424648175, 47.010255605622156 ], [ 11.884815028936115, 47.010074545090511 ], [ 11.884475407357481, 47.009968789894799 ], [ 11.884987477020212, 47.009723342208211 ], [ 11.884520746561925, 47.009551344414568 ], [ 11.884572087439222, 47.009170086825364 ], [ 11.887120316381029, 47.009361033381936 ], [ 11.886959956444107, 47.008882614258411 ], [ 11.885842752744052, 47.008861865513168 ], [ 11.885989475752275, 47.008387315982489 ], [ 11.886779067766017, 47.008152527671271 ], [ 11.886879830713825, 47.007721266953396 ], [ 11.888033573530953, 47.007595961059813 ], [ 11.888136015485756, 47.007388107360399 ], [ 11.88751575785342, 47.007174569142997 ], [ 11.888022082597349, 47.006853631243125 ], [ 11.888903806185182, 47.007068428188042 ], [ 11.889100998887775, 47.006844105913359 ], [ 11.888264003505505, 47.006678460069807 ], [ 11.886045627858293, 47.007012075409357 ], [ 11.885995872852778, 47.006352583937009 ], [ 11.886450130176913, 47.006083629220228 ], [ 11.885783707735127, 47.005974120037024 ], [ 11.885752033958088, 47.005518227119531 ], [ 11.88553402079072, 47.00582203880623 ], [ 11.884429140876982, 47.00548356613146 ], [ 11.882497101800448, 47.006007167422915 ], [ 11.882599284147085, 47.006453997841277 ], [ 11.881780277951396, 47.006165757275156 ], [ 11.881810192085167, 47.005912726879274 ], [ 11.880832440631039, 47.005956782805107 ], [ 11.880862544232354, 47.006509866501482 ], [ 11.880211959430206, 47.006744186388929 ], [ 11.879212940813714, 47.00813282505802 ], [ 11.878512662438137, 47.00825247156628 ], [ 11.878521115220837, 47.008475746221251 ], [ 11.877136321968768, 47.008347818816439 ], [ 11.876962615775129, 47.008816165851322 ], [ 11.875505104952667, 47.00885523443629 ], [ 11.876436844754725, 47.009045121620929 ], [ 11.877182901766155, 47.010602169536547 ], [ 11.877831517299612, 47.010842139102948 ], [ 11.878273571184206, 47.010580957868825 ], [ 11.878944332012601, 47.012053041908089 ], [ 11.879637441915623, 47.012657477841707 ], [ 11.879090406149439, 47.013514069078838 ], [ 11.879308972702415, 47.014888533830224 ], [ 11.879975581300132, 47.015549961662934 ], [ 11.87982582522136, 47.013743822760759 ], [ 11.8808956754444, 47.014824212864504 ], [ 11.881073377873234, 47.016473733318598 ] ], [ [ 11.882894999958177, 47.013660089814067 ], [ 11.882886225700085, 47.013563142025703 ], [ 11.882966347603148, 47.013599990447922 ], [ 11.882894999958177, 47.013660089814067 ] ], [ [ 11.882378090863961, 47.013624527738067 ], [ 11.881898368165203, 47.013554018376972 ], [ 11.882083207514603, 47.013095100403667 ], [ 11.882516985619022, 47.013038018220954 ], [ 11.882378090863961, 47.013624527738067 ] ] ] ] } },
{ "type": "Feature", "properties": { "HOM_ID": 187.0, "area_97": 1.8171122394199999, "region": "Zillertaler Alpen", "name_d": "Trippachkees", "name_it": "Vedretta di Rio Torbo", "area_05": 1.5341258093000001, "area_17": 1.0510166139, "change_pct": -42.160060831714411, "status": "present" }, "geometry": { "type": "MultiPolygon", "coordinates": [ [ [ [ 11.88430185216321, 47.016572589554663 ], [ 11.88871730465139, 47.016326988547888 ], [ 11.889628955166256, 47.015353428025982 ], [ 11.889961038814029, 47.015451925647348 ], [ 11.889473267916896, 47.016119049769905 ], [ 11.891148336375995, 47.015536104685324 ], [ 11.890876394965797, 47.014183831584603 ], [ 11.891278857313253, 47.01400726182893 ], [ 11.8910986486082, 47.013827195308536 ], [ 11.892241552712665, 47.013550531259988 ], [ 11.892409514886154, 47.012846672955511 ], [ 11.893338503221377, 47.012883914875459 ], [ 11.893447224269989, 47.013384013049723 ], [ 11.894355661638709, 47.013258261879656 ], [ 11.894934762233973, 47.013701050786075 ], [ 11.894942083702015, 47.014230433561657 ], [ 11.896561268526803, 47.014944939883179 ], [ 11.898218070113616, 47.014582328887606 ], [ 11.898553054034583, 47.015062115152574 ], [ 11.898987612970306, 47.014691582143797 ], [ 11.898075932769876, 47.014449892972294 ], [ 11.898844679371029, 47.013823116439077 ], [ 11.900644380737209, 47.01413217072502 ], [ 11.901837476756226, 47.01478209720635 ], [ 11.90289548969033, 47.014643515640749 ], [ 11.901377936931489, 47.014429369381467 ], [ 11.901494043963611, 47.014081477136507 ], [ 11.898545167492948, 47.01340802102979 ], [ 11.899174132542882, 47.013217182373808 ], [ 11.899146278134346, 47.012834072938027 ], [ 11.899840132934996, 47.012923374681485 ], [ 11.898484478024535, 47.012418439685341 ], [ 11.898658661139441, 47.012093371523292 ], [ 11.89930941689733, 47.012042874159064 ], [ 11.89906560904182, 47.011606934884519 ], [ 11.899645412185979, 47.010902346443636 ], [ 11.898065971096962, 47.011379620997303 ], [ 11.898048892318233, 47.011720143662423 ], [ 11.897816151772657, 47.01146176141814 ], [ 11.897406541366992, 47.011925889938823 ], [ 11.895792491376689, 47.012319486426847 ], [ 11.895449820615612, 47.011732502214286 ], [ 11.89581789712779, 47.011577434112468 ], [ 11.89548924635403, 47.011410848090215 ], [ 11.896041233847185, 47.01097905349647 ], [ 11.894186584515406, 47.01052443627816 ], [ 11.893635984181469, 47.009188847443738 ], [ 11.892930927266606, 47.008759701315022 ], [ 11.892875826586394, 47.008134357148222 ], [ 11.890116700234405, 47.009185434282877 ], [ 11.888891270023793, 47.011227820990229 ], [ 11.888304681507016, 47.01161187026549 ], [ 11.887407023762803, 47.011364884264175 ], [ 11.886314951248943, 47.012320396566182 ], [ 11.886156479218597, 47.012543023399942 ], [ 11.887040707322466, 47.01300169961425 ], [ 11.887139121779335, 47.013509350571873 ], [ 11.884961520392679, 47.012908390283947 ], [ 11.885269720357279, 47.013882020011089 ], [ 11.884209874448397, 47.013855298017987 ], [ 11.88357188500922, 47.014143450363925 ], [ 11.883300681866347, 47.015306587960168 ], [ 11.882610215912395, 47.015280260017796 ], [ 11.8832637945958, 47.015676757465314 ], [ 11.88280114827174, 47.016451187047515 ], [ 11.883439916115041, 47.016308772380562 ], [ 11.88430185216321, 47.016572589554663 ] ], [ [ 11.889675772797849, 47.015036448353854 ], [ 11.889928091700115, 47.014447065079729 ], [ 11.890031494603472, 47.015178074824732 ], [ 11.889675772797849, 47.015036448353854 ] ], [ [ 11.894790441990278, 47.01109815776816 ], [ 11.894862180101192, 47.010848562834219 ], [ 11.895001675731548, 47.010932484658447 ], [ 11.894790441990278, 47.01109815776816 ] ] ], [ [ [ 11.901492515897058, 47.014905019050119 ], [ 11.900594743140779, 47.014592550645993 ], [ 11.899230638412016, 47.014588255477342 ], [ 11.899899563061284, 47.014872526513834 ], [ 11.901492515897058, 47.014905019050119 ] ] ], [ [ [ 11.904998945686625, 47.014854914286857 ], [ 11.903937485527891, 47.014668088425807 ], [ 11.903192642340812, 47.014686990135402 ], [ 11.90427933150217, 47.014946059030393 ], [ 11.904998945686625, 47.014854914286857 ] ] ], [ [ [ 11.900659135685286, 47.015125344324268 ], [ 11.902826432566735, 47.0151383985243 ], [ 11.901920511254319, 47.014937890060743 ], [ 11.900659135685286, 47.015125344324268 ] ] ], [ [ [ 11.917106622274559, 47.020257948684581 ], [ 11.918376299047841, 47.020012306342878 ], [ 11.918263930130244, 47.019421448025952 ], [ 11.919257909113153, 47.019122639985824 ], [ 11.918731513652284, 47.01869111623769 ], [ 11.919016764287825, 47.018632038845602 ], [ 11.918793780663766, 47.018116941497908 ], [ 11.917956154987113, 47.01790002421496 ], [ 11.915931077356895, 47.01836647869542 ], [ 11.915800781693273, 47.019239535978677 ], [ 11.916937523179415, 47.01888261860951 ], [ 11.91724899869144, 47.018471427674449 ], [ 11.91795840196971, 47.018434921626088 ], [ 11.918265728091956, 47.018877900642302 ], [ 11.917421157059941, 47.018632224824771 ], [ 11.917381906727515, 47.019085059551045 ], [ 11.918072589528354, 47.019521479337115 ], [ 11.917023776936833, 47.01992289104173 ], [ 11.917106622274559, 47.020257948684581 ] ] ], [ [ [ 11.907567285632737, 47.024538103992235 ], [ 11.907607698740945, 47.024235854518622 ], [ 11.908978267786843, 47.023831778783688 ], [ 11.909970978600914, 47.024122484755992 ], [ 11.910187129725136, 47.02365528591875 ], [ 11.909396033682436, 47.023609815412399 ], [ 11.909211643982912, 47.023354578267437 ], [ 11.909586951643334, 47.022984965535791 ], [ 11.910338104032702, 47.023320328643678 ], [ 11.909679454365953, 47.022485171005158 ], [ 11.910760538433308, 47.021592875140769 ], [ 11.911933807351588, 47.021677194634577 ], [ 11.911388859163294, 47.021265571874501 ], [ 11.912192506333243, 47.021209060122118 ], [ 11.911957228773991, 47.02080208259504 ], [ 11.912579117431589, 47.021524733789001 ], [ 11.912133776013237, 47.021696397801776 ], [ 11.913181740879139, 47.021893208298891 ], [ 11.912856562702498, 47.021401069365453 ], [ 11.913188347871888, 47.021101116460365 ], [ 11.912372320348593, 47.019552619247328 ], [ 11.911440355077737, 47.019658930570039 ], [ 11.911863342706527, 47.019468405338905 ], [ 11.911779133445059, 47.018965271715444 ], [ 11.911060828471909, 47.019211895464117 ], [ 11.910733514316981, 47.018418581969158 ], [ 11.910067138026127, 47.018004700623877 ], [ 11.911184657389429, 47.017149123714027 ], [ 11.91318062694895, 47.016522246818717 ], [ 11.913118016975504, 47.015763497044922 ], [ 11.913521251942464, 47.015537030092631 ], [ 11.912410906134058, 47.015431691114564 ], [ 11.912460424686067, 47.014905720995912 ], [ 11.912038429211423, 47.014722124807591 ], [ 11.911313140704008, 47.014643412761941 ], [ 11.910833500075142, 47.01509773319242 ], [ 11.910031612522454, 47.014982094442736 ], [ 11.909793541004328, 47.014196225886487 ], [ 11.907468876912437, 47.01475088062206 ], [ 11.907986765936514, 47.01500007506715 ], [ 11.907882251291005, 47.015299095342598 ], [ 11.906583902007293, 47.015001711594074 ], [ 11.905932930274901, 47.015572107242832 ], [ 11.906234067263822, 47.016735338946091 ], [ 11.905618667360214, 47.018223071158054 ], [ 11.904501460477011, 47.017493401718632 ], [ 11.904008085163611, 47.016427475643532 ], [ 11.902181990218178, 47.015764477953546 ], [ 11.90010524858447, 47.016004847171239 ], [ 11.898711225767459, 47.015818451348366 ], [ 11.898297938995842, 47.015139024262524 ], [ 11.896854992892647, 47.015384478472143 ], [ 11.89617290786264, 47.015907020932246 ], [ 11.896364416062257, 47.016689237801998 ], [ 11.894779159305967, 47.016998540471221 ], [ 11.893873416414721, 47.017610466077734 ], [ 11.893984416625502, 47.017976002394001 ], [ 11.895217526491431, 47.018462777126722 ], [ 11.896487355965814, 47.019947071378553 ], [ 11.898261308276391, 47.020102269113522 ], [ 11.897770118376377, 47.020932152823967 ], [ 11.89858765966358, 47.021431604683521 ], [ 11.900553335220721, 47.020679694016849 ], [ 11.902044243595158, 47.021046808558829 ], [ 11.903420924359125, 47.02096130876847 ], [ 11.903689171536387, 47.021876162126745 ], [ 11.904227756979331, 47.022185621291229 ], [ 11.9039546215968, 47.022769361790125 ], [ 11.904418683164655, 47.022988243901111 ], [ 11.904042180036209, 47.023654521503445 ], [ 11.903678909853053, 47.023652179150659 ], [ 11.904360668744163, 47.024066329833374 ], [ 11.904230508161751, 47.024583979436926 ], [ 11.907567285632737, 47.024538103992235 ] ], [ [ 11.912236520152213, 47.020712381042273 ], [ 11.912606190450708, 47.020586368926509 ], [ 11.91276105498776, 47.020951667060828 ], [ 11.912236520152213, 47.020712381042273 ] ], [ [ 11.91153673902468, 47.020516419325119 ], [ 11.911402901380459, 47.020145725662111 ], [ 11.911797352828621, 47.020344600817914 ], [ 11.912234005124876, 47.020144009693773 ], [ 11.912372301679456, 47.020466003981056 ], [ 11.91153673902468, 47.020516419325119 ] ] ], [ [ [ 11.913598842326099, 47.028215692749541 ], [ 11.914878958057503, 47.027323324816109 ], [ 11.917098656562329, 47.024366018984864 ], [ 11.918526339705133, 47.023591214771592 ], [ 11.918673790673166, 47.02232183355823 ], [ 11.919467335428216, 47.021468368534023 ], [ 11.91968371931249, 47.020811818276918 ], [ 11.919395282413717, 47.020668567101438 ], [ 11.919813272166925, 47.020517006252128 ], [ 11.919425408244676, 47.020439452063883 ], [ 11.919415007262534, 47.020053472227723 ], [ 11.918173925475301, 47.020711869233665 ], [ 11.918683189610432, 47.020800906632111 ], [ 11.918579783899181, 47.021119341959171 ], [ 11.917597566492708, 47.021086091088222 ], [ 11.918010488540087, 47.020711178601836 ], [ 11.9170239158742, 47.020434960700527 ], [ 11.916586179978925, 47.021038999649939 ], [ 11.915815182525566, 47.020677263791079 ], [ 11.915814952970218, 47.020184138735488 ], [ 11.916222038869453, 47.020029277188975 ], [ 11.915754951160702, 47.019702254557956 ], [ 11.915251325625405, 47.020759649161079 ], [ 11.916564731418879, 47.021134285473579 ], [ 11.917059126031381, 47.021650215496408 ], [ 11.916500833542052, 47.021949700592295 ], [ 11.91550168424415, 47.021605923663337 ], [ 11.915169662851472, 47.02201155653745 ], [ 11.915825807821838, 47.022321888019761 ], [ 11.916170382444886, 47.022276758247045 ], [ 11.915994022198328, 47.021976804733065 ], [ 11.917712546624909, 47.022217601084257 ], [ 11.91729917696871, 47.022845161629952 ], [ 11.915124906432345, 47.022514332160426 ], [ 11.916704994819606, 47.022910202188719 ], [ 11.916371013363007, 47.02301222054232 ], [ 11.916523948557934, 47.023253598569703 ], [ 11.915032591457908, 47.022873777751528 ], [ 11.914876977229254, 47.023296261288408 ], [ 11.914248932264904, 47.023486467738863 ], [ 11.91404792708761, 47.022665655246634 ], [ 11.913482686755788, 47.022592598167975 ], [ 11.912480236768394, 47.02362381228869 ], [ 11.912048103233454, 47.023124676769086 ], [ 11.910887192807474, 47.023202801498357 ], [ 11.910700159108773, 47.024009198720741 ], [ 11.910002400758424, 47.024148424138353 ], [ 11.909274590262973, 47.025230909105133 ], [ 11.90881341920854, 47.0246547654354 ], [ 11.907892228528056, 47.024928388934477 ], [ 11.908875229171986, 47.025889661695018 ], [ 11.90898659813119, 47.026892523677105 ], [ 11.910490235640491, 47.027449565668789 ], [ 11.910466149459463, 47.027669727330384 ], [ 11.909788955930658, 47.027732061693378 ], [ 11.91169225203191, 47.028237504301252 ], [ 11.913598842326099, 47.028215692749541 ] ], [ [ 11.915065182862534, 47.024743440510953 ], [ 11.915266089155663, 47.024779618969923 ], [ 11.915235087325167, 47.024797413475 ], [ 11.915065182862534, 47.024743440510953 ] ], [ [ 11.915542862806483, 47.024578229906318 ], [ 11.914325351636656, 47.024400334210682 ], [ 11.914242975637482, 47.024123271141072 ], [ 11.914745250825666, 47.02436297553448 ], [ 11.914837100369462, 47.023947611781232 ], [ 11.915754566101118, 47.02429104623355 ], [ 11.914939726257426, 47.024396830910803 ], [ 11.915511288555878, 47.024455144092435 ], [ 11.915542862806483, 47.024578229906318 ] ], [ [ 11.915358618181664, 47.024065502293745 ], [ 11.915246643001394, 47.023966328421665 ], [ 11.915494082501944, 47.024074196442349 ], [ 11.915358618181664, 47.024065502293745 ] ], [ [ 11.914515980511545, 47.023921782549046 ], [ 11.914275730520417, 47.023684980994275 ], [ 11.91448499821651, 47.024005164995685 ], [ 11.914173990972063, 47.023969360413339 ], [ 11.913989141165922, 47.023575677521279 ], [ 11.914341109002221, 47.023515700269613 ], [ 11.914515980511545, 47.023921782549046 ] ], [ [ 11.916244312201377, 47.023695554161236 ], [ 11.916272360032073, 47.023493215394389 ], [ 11.91656038467902, 47.023563608453678 ], [ 11.916244312201377, 47.023695554161236 ] ], [ [ 11.915962038222863, 47.023535132642998 ], [ 11.915938065672428, 47.0233559822546 ], [ 11.916090229782929, 47.023410405147729 ], [ 11.915962038222863, 47.023535132642998 ] ], [ [ 11.91576626836479, 47.023527975835101 ], [ 11.915400487437154, 47.023530008618351 ], [ 11.915321608906631, 47.023386266349817 ], [ 11.91576626836479, 47.023527975835101 ] ], [ [ 11.912991916299761, 47.023593783006795 ], [ 11.913069167681108, 47.023577240607437 ], [ 11.913064979109283, 47.023630790105763 ], [ 11.912991916299761, 47.023593783006795 ] ], [ [ 11.913742271645209, 47.023151994302864 ], [ 11.91384031563318, 47.023256382371116 ], [ 11.91365792566997, 47.023168717822038 ], [ 11.913742271645209, 47.023151994302864 ] ], [ [ 11.919080791196423, 47.021252314297229 ], [ 11.919365976098888, 47.021140581436541 ], [ 11.919313877499992, 47.021292522587267 ], [ 11.919080791196423, 47.021252314297229 ] ] ] ] } },
{ "type": "Feature", "properties": { "HOM_ID": 188.0, "area_97": 0.08668075109, "region": "Zillertaler Alpen", "name_d": "Frankbachkees", "name_it": "Vedretta di Rio Franco", "area_05": 0.0782072112, "area_17": 0.0325628, "change_pct": -62.433643466944254, "status": "present" }, "geometry": { "type": "Polygon", "coordinates": [ [ [ 11.922400051761137, 47.023946604435061 ], [ 11.924255716981396, 47.023033410479286 ], [ 11.92415972305832, 47.022842161170075 ], [ 11.926320626332858, 47.022287851933029 ], [ 11.926357934728845, 47.021572850205757 ], [ 11.927634703621457, 47.020931738055573 ], [ 11.923204436458075, 47.020658764452342 ], [ 11.922944672869548, 47.021593360174386 ], [ 11.921542285607702, 47.021704482415025 ], [ 11.92172703887868, 47.022058125833858 ], [ 11.921364176786106, 47.022390345112413 ], [ 11.921433266200923, 47.023587271761329 ], [ 11.921859151188114, 47.023132499910346 ], [ 11.922400051761137, 47.023946604435061 ] ] ] } },
{ "type": "Feature", "properties": { "HOM_ID": 189.0, "area_97": 0.14746403194000002, "region": "Zillertaler Alpen", "name_d": "Frankbachkees", "name_it": "Vedretta di Rio Franco", "area_05": 0.0743922945, "area_17": 0.050615, "change_pct": -65.676375903926072, "status": "present" }, "geometry": { "type": "MultiPolygon", "coordinates": [ [ [ [ 11.924857243450987, 47.027418082302553 ], [ 11.926028649050725, 47.027347287111034 ], [ 11.926518689945848, 47.026233533527368 ], [ 11.929657255347214, 47.024509199079091 ], [ 11.930279647729927, 47.023797470274744 ], [ 11.928497339153019, 47.024421816327596 ], [ 11.928838638046569, 47.024007827284159 ], [ 11.928548923366181, 47.023458254590807 ], [ 11.927923155941237, 47.023350278981852 ], [ 11.928313776541046, 47.023818129707131 ], [ 11.928148826480628, 47.024226866348918 ], [ 11.927357160167785, 47.024808517780066 ], [ 11.926777006691813, 47.024265688863728 ], [ 11.926931553086145, 47.024705890125709 ], [ 11.926540481275705, 47.025116376674895 ], [ 11.925913671248637, 47.024889553416457 ], [ 11.925555046852544, 47.025253643920998 ], [ 11.921777429839619, 47.025161787775041 ], [ 11.921887881760457, 47.02548046149689 ], [ 11.922690804751106, 47.025254817497135 ], [ 11.925814912497099, 47.025499223139299 ], [ 11.925957136285524, 47.025696199592481 ], [ 11.924305978457651, 47.025893884590175 ], [ 11.923768957913936, 47.026239967665923 ], [ 11.924763936869931, 47.026547141117788 ], [ 11.925744036499589, 47.026278447505398 ], [ 11.925640758800766, 47.026788005504358 ], [ 11.924518278158166, 47.027033439612573 ], [ 11.924857243450987, 47.027418082302553 ] ], [ [ 11.925398634610502, 47.026995397132644 ], [ 11.925388520267957, 47.027243624591449 ], [ 11.925114860223308, 47.027243603087697 ], [ 11.92510687558643, 47.027114225517593 ], [ 11.925398634610502, 47.026995397132644 ] ], [ [ 11.925973549372712, 47.025866579507444 ], [ 11.926332426335138, 47.025748597184496 ], [ 11.926251566007947, 47.025908820464373 ], [ 11.925973549372712, 47.025866579507444 ] ] ], [ [ [ 11.914989952567479, 47.028806997980574 ], [ 11.91609463191751, 47.028803141525998 ], [ 11.916631052154939, 47.028213531479643 ], [ 11.91645744641267, 47.027902277205236 ], [ 11.91605756159475, 47.027992730530059 ], [ 11.916248600612688, 47.027523325467079 ], [ 11.917349434945997, 47.027187309894451 ], [ 11.917872953050464, 47.025916682115557 ], [ 11.918585239066838, 47.025925912079074 ], [ 11.918730299919897, 47.026581230062092 ], [ 11.919097634748992, 47.026264071395389 ], [ 11.920031900065482, 47.026280807031348 ], [ 11.920913968523582, 47.025747326196637 ], [ 11.920549627092953, 47.025578620086726 ], [ 11.920915596223779, 47.02506423118956 ], [ 11.921460450627151, 47.02518277520803 ], [ 11.921372016581623, 47.024864377670404 ], [ 11.922005250993728, 47.024339257052951 ], [ 11.921040163599177, 47.024159294368843 ], [ 11.920538317490244, 47.023698379849613 ], [ 11.919869912259024, 47.024736396291253 ], [ 11.917399859160696, 47.025130727738137 ], [ 11.916958385161738, 47.026170138197124 ], [ 11.915426913695102, 47.026681141834096 ], [ 11.914649055493229, 47.027831851266214 ], [ 11.914550433360361, 47.028434378557677 ], [ 11.914850358705595, 47.028657513500335 ], [ 11.915307029150298, 47.028432108636899 ], [ 11.914989952567479, 47.028806997980574 ] ] ] ] } },
{ "type": "Feature", "properties": { "HOM_ID": 190.0, "area_97": 0.84023333210999995, "region": "Zillertaler Alpen", "name_d": "Frankbachkees", "name_it": "Vedretta di Rio Franco", "area_05": 0.7004561152, "area_17": 0.444430109, "change_pct": -47.106346295029269, "status": "present" }, "geometry": { "type": "MultiPolygon", "coordinates": [ [ [ [ 11.931411525210152, 47.036448175830195 ], [ 11.930979425484933, 47.036285163444845 ], [ 11.931381007114261, 47.036323227883031 ], [ 11.930965852219652, 47.035800751219696 ], [ 11.93130481175927, 47.035548741457745 ], [ 11.930767976467807, 47.035406320448004 ], [ 11.931594575845558, 47.035463354869812 ], [ 11.931523859086232, 47.035136977011227 ], [ 11.931163851005682, 47.035241226912028 ], [ 11.930492439859076, 47.034713595341024 ], [ 11.930908687387916, 47.0348232865787 ], [ 11.931340737999053, 47.034534823463126 ], [ 11.929726492137005, 47.03416873804882 ], [ 11.930255815727461, 47.034888990575581 ], [ 11.927718081597384, 47.034919437366554 ], [ 11.927402642496229, 47.034483631233556 ], [ 11.92679195870075, 47.034357690763251 ], [ 11.927375754323101, 47.034109801727162 ], [ 11.928918660359686, 47.03454718504824 ], [ 11.929628297566863, 47.03383213892306 ], [ 11.930813708488419, 47.033831149175519 ], [ 11.92994474661703, 47.033495160766549 ], [ 11.930562613031046, 47.033204727639713 ], [ 11.929637215831917, 47.032663863416332 ], [ 11.929980171745807, 47.032014647795464 ], [ 11.929199875905715, 47.031524995727771 ], [ 11.930517850390689, 47.031533510601172 ], [ 11.929440497105066, 47.031064195047662 ], [ 11.929757940401377, 47.030635110290497 ], [ 11.928967916770628, 47.030669901890029 ], [ 11.929550606264891, 47.030288247104238 ], [ 11.928495715689909, 47.030089129313318 ], [ 11.929658164754199, 47.029214458760087 ], [ 11.928817275569374, 47.029154386263059 ], [ 11.928921566824027, 47.029586362106024 ], [ 11.928342234092609, 47.029711953006284 ], [ 11.928119637274069, 47.029405821876338 ], [ 11.928558092221669, 47.029041113073774 ], [ 11.927630367847316, 47.028967686028999 ], [ 11.928038523047729, 47.029479522263522 ], [ 11.927236930247343, 47.02963363941695 ], [ 11.927758927060854, 47.029758749085936 ], [ 11.926743762019161, 47.02984059203466 ], [ 11.926095600205311, 47.029154468219573 ], [ 11.924757864615676, 47.029551028697412 ], [ 11.924405322230275, 47.029229557661694 ], [ 11.925175590172982, 47.029366921106487 ], [ 11.925393682082039, 47.028863498976101 ], [ 11.923805803883512, 47.028636451440875 ], [ 11.923552972637795, 47.028896984040649 ], [ 11.924131126242891, 47.028840965392625 ], [ 11.924120247464419, 47.029031298364664 ], [ 11.923073062588296, 47.029047762415821 ], [ 11.922816793417798, 47.030024546336037 ], [ 11.921576048629065, 47.030078144723149 ], [ 11.919632134389875, 47.030770472824543 ], [ 11.919464343005144, 47.030544052875769 ], [ 11.920335177824228, 47.030517040726266 ], [ 11.920216942644268, 47.030154981401282 ], [ 11.920863524757936, 47.029882046841649 ], [ 11.920546299309107, 47.029135583594538 ], [ 11.919507999557389, 47.029549177056886 ], [ 11.919900259697616, 47.029990440417535 ], [ 11.919599315002429, 47.030072841996066 ], [ 11.919485405761652, 47.02983450333322 ], [ 11.91897162127305, 47.029929814112826 ], [ 11.918637282755768, 47.029467075885563 ], [ 11.919456973207113, 47.029588267149741 ], [ 11.919895643660437, 47.028959606516928 ], [ 11.918869221433882, 47.02850890866025 ], [ 11.917564421524171, 47.0284911734771 ], [ 11.916063597650371, 47.029118260970442 ], [ 11.916491652042341, 47.029765103618786 ], [ 11.916276832380039, 47.031046205066815 ], [ 11.917153790116773, 47.031052175826112 ], [ 11.917987211389725, 47.031759690019747 ], [ 11.918484616186833, 47.031788937487271 ], [ 11.918140402225996, 47.032231920578688 ], [ 11.920063821571807, 47.033439683314981 ], [ 11.92417073793114, 47.034055142602263 ], [ 11.924810142388122, 47.034462487467792 ], [ 11.926835300877233, 47.034885129214771 ], [ 11.927976473347185, 47.035593885122708 ], [ 11.930610239078108, 47.036279848751271 ], [ 11.930456591290104, 47.036458687126412 ], [ 11.931411525210152, 47.036448175830195 ] ], [ [ 11.930119401502507, 47.036076218791159 ], [ 11.930321383515937, 47.036066188342886 ], [ 11.930383072354932, 47.036154488643326 ], [ 11.930119401502507, 47.036076218791159 ] ], [ [ 11.930234688357153, 47.03590480511302 ], [ 11.93041368209386, 47.035854818499338 ], [ 11.930313293562071, 47.035951522773267 ], [ 11.930234688357153, 47.03590480511302 ] ], [ [ 11.930040194217446, 47.035788160618552 ], [ 11.930177801536537, 47.035788960179566 ], [ 11.930105052084832, 47.035824467908377 ], [ 11.930040194217446, 47.035788160618552 ] ], [ [ 11.919452168611036, 47.030272218488868 ], [ 11.91963361234316, 47.030211717029118 ], [ 11.919650778432493, 47.030276637230237 ], [ 11.919452168611036, 47.030272218488868 ] ] ], [ [ [ 11.932589664139961, 47.036933275910648 ], [ 11.934862844866073, 47.036657908029689 ], [ 11.935375967877855, 47.036885699192986 ], [ 11.940272114438354, 47.036616203850407 ], [ 11.942924015912647, 47.034915411293312 ], [ 11.943840534749585, 47.035041471037204 ], [ 11.945092717622956, 47.034275376570413 ], [ 11.945500230450397, 47.033929901299096 ], [ 11.945562527954156, 47.033071277164488 ], [ 11.944530274358632, 47.032470467916518 ], [ 11.938690212935484, 47.031300430010752 ], [ 11.938482554846573, 47.031594839290257 ], [ 11.939023788153117, 47.032069210448931 ], [ 11.940244243287843, 47.032367333951917 ], [ 11.940751855961159, 47.032804587315873 ], [ 11.938862328496329, 47.033139781805865 ], [ 11.936929994918513, 47.033019352088886 ], [ 11.936332369514195, 47.033437909184336 ], [ 11.937046757663474, 47.033155284518244 ], [ 11.937409267456461, 47.033357029735299 ], [ 11.937472060696338, 47.033139351316798 ], [ 11.939906420143135, 47.033327376788435 ], [ 11.939760583748393, 47.033124678767223 ], [ 11.94121920401466, 47.032813820206627 ], [ 11.940603215747544, 47.032621358228447 ], [ 11.94061351508763, 47.032356308958185 ], [ 11.941303270760448, 47.032537285623178 ], [ 11.941226558041873, 47.032863920619995 ], [ 11.94184801921668, 47.03316285523141 ], [ 11.940607467188252, 47.033229821484433 ], [ 11.94021401943041, 47.033805969370555 ], [ 11.939188181523539, 47.033998287405588 ], [ 11.938207932925067, 47.034033533689438 ], [ 11.937741785100599, 47.033743320773752 ], [ 11.937007823744239, 47.033824210897798 ], [ 11.938018585269377, 47.034402777237801 ], [ 11.937140944947833, 47.034243924300839 ], [ 11.936539780757187, 47.034587330766804 ], [ 11.935380091951432, 47.034112687452257 ], [ 11.935490812667584, 47.033839964286912 ], [ 11.936153581073372, 47.03354097735258 ], [ 11.936111563252894, 47.033463014396418 ], [ 11.935496448947085, 47.03332951879262 ], [ 11.935464446584145, 47.033779993710219 ], [ 11.935015330190389, 47.033729340593098 ], [ 11.935205064377691, 47.034095399494767 ], [ 11.934552903392053, 47.033528197508168 ], [ 11.934911286440542, 47.034411066850971 ], [ 11.934362330098317, 47.034237917113281 ], [ 11.93420381822167, 47.034426353791609 ], [ 11.935014449029307, 47.035206367424742 ], [ 11.935463914571136, 47.035112347651051 ], [ 11.935405564258348, 47.034664928738046 ], [ 11.936796525468109, 47.034961485741611 ], [ 11.936817893229577, 47.034634907409014 ], [ 11.937711340065125, 47.034671056874117 ], [ 11.937474055165548, 47.035162526320306 ], [ 11.93629714302693, 47.035212167878292 ], [ 11.936087660027676, 47.035926872591411 ], [ 11.933757147741645, 47.034517031031172 ], [ 11.933907505397912, 47.032268782576793 ], [ 11.933358142367466, 47.03319357059916 ], [ 11.933004977245263, 47.032949691889769 ], [ 11.932718793450741, 47.034152361313559 ], [ 11.931713498315164, 47.035140783913626 ], [ 11.932091592741125, 47.035409310156211 ], [ 11.931492434756697, 47.035850226701726 ], [ 11.932589664139961, 47.036933275910648 ] ], [ [ 11.942820600311311, 47.033680386450548 ], [ 11.94235100757809, 47.034012186202041 ], [ 11.942305928178619, 47.033902932718284 ], [ 11.942820600311311, 47.033680386450548 ] ], [ [ 11.942396314369295, 47.033598597255292 ], [ 11.942602215792226, 47.033529909429745 ], [ 11.942703037034001, 47.033596800213843 ], [ 11.942396314369295, 47.033598597255292 ] ], [ [ 11.942053362001428, 47.03342733146107 ], [ 11.942035210188326, 47.033220857281265 ], [ 11.942014278166088, 47.033076523533623 ], [ 11.94211633538141, 47.033194868545102 ], [ 11.942053362001428, 47.03342733146107 ] ], [ [ 11.941528825580862, 47.033335131256855 ], [ 11.941123783719526, 47.033320041310155 ], [ 11.941522998168308, 47.033305520477278 ], [ 11.941528825580862, 47.033335131256855 ] ], [ [ 11.94038938608853, 47.032092426306036 ], [ 11.940550456136785, 47.032049419780861 ], [ 11.940505185740559, 47.032130747535106 ], [ 11.94038938608853, 47.032092426306036 ] ], [ [ 11.939774805391941, 47.031770557962965 ], [ 11.940020276308491, 47.031776396685551 ], [ 11.939875531362381, 47.031857851148992 ], [ 11.939774805391941, 47.031770557962965 ] ] ] ] } },
{ "type": "Feature", "properties": { "HOM_ID": 191.0, "area_97": 0.01853470269, "region": "Zillertaler Alpen", "name_d": "Frankbachkees", "name_it": "Vedretta di Rio Franco", "area_05": 0.0147090451, "area_17": 0.005940614, "change_pct": -67.948695485657126, "status": "present" }, "geometry": { "type": "Polygon", "coordinates": [ [ [ 11.94647693517553, 47.033355615382298 ], [ 11.94704210302786, 47.033116809517196 ], [ 11.947290540414148, 47.031995098317353 ], [ 11.946997136920524, 47.031547034524166 ], [ 11.946587149168671, 47.031421921599232 ], [ 11.947185956155566, 47.031421093030012 ], [ 11.946687023671206, 47.031352263320777 ], [ 11.946903286585474, 47.031087441849678 ], [ 11.945959761125632, 47.03098474502201 ], [ 11.945681366393115, 47.031477755779349 ], [ 11.946513525069312, 47.032476953652179 ], [ 11.94571587632203, 47.033031942263086 ], [ 11.94647693517553, 47.033355615382298 ] ], [ [ 11.946520655661956, 47.032201913951539 ], [ 11.946784158246993, 47.032166754238425 ], [ 11.946755278072395, 47.032268748325336 ], [ 11.946520655661956, 47.032201913951539 ] ], [ [ 11.94662337755096, 47.031873754100523 ], [ 11.946978978372973, 47.031750423130624 ], [ 11.946755557676541, 47.031937370575527 ], [ 11.94662337755096, 47.031873754100523 ] ] ] } },
{ "type": "Feature", "properties": { "HOM_ID": 192.0, "area_97": 0.03289716145, "region": "Zillertaler Alpen", "name_d": "Frankbachkees", "name_it": "Vedretta di Rio Franco", "area_05": 0.0287595955, "area_17": 0.00936973, "change_pct": -71.518120144678917, "status": "present" }, "geometry": { "type": "Polygon", "coordinates": [ [ [ 11.944097921105882, 47.029949236865448 ], [ 11.944508239133187, 47.0295937301685 ], [ 11.946071124498253, 47.029458760642015 ], [ 11.94544359527155, 47.029353455868048 ], [ 11.945829123760742, 47.029064171221165 ], [ 11.947125112642686, 47.028921482693121 ], [ 11.945829497502157, 47.028748363755518 ], [ 11.945647278342642, 47.028342517068971 ], [ 11.946354461475577, 47.028346172459926 ], [ 11.945703522653922, 47.028202603783434 ], [ 11.945223429907465, 47.028387437265437 ], [ 11.945516249610595, 47.028608246055221 ], [ 11.944703282736281, 47.02874820222879 ], [ 11.942101814781129, 47.028538194357004 ], [ 11.942053539913346, 47.02895240155496 ], [ 11.942911947654004, 47.02970281604388 ], [ 11.944097921105882, 47.029949236865448 ] ] ] } },
{ "type": "Feature", "properties": { "HOM_ID": 193.0, "area_97": 0.46551992839, "region": "Zillertaler Alpen", "name_d": "Keilbachkees", "name_it": null, "area_05": 0.3611316781, "area_17": 0.154663972, "change_pct": -66.77607926799071, "status": "present" }, "geometry": { "type": "MultiPolygon", "coordinates": [ [ [ [ 11.953846674990695, 47.038279179427384 ], [ 11.95421843503099, 47.037682541346257 ], [ 11.953576972360542, 47.03731140176744 ], [ 11.954161933947773, 47.036653184002645 ], [ 11.953715855068678, 47.036568777556667 ], [ 11.953337494882378, 47.037284862629612 ], [ 11.952725933218558, 47.037030340181929 ], [ 11.953389588106562, 47.036330267214268 ], [ 11.953148656029294, 47.035757015766251 ], [ 11.954006477915449, 47.035662639542174 ], [ 11.954201620682708, 47.034915204334126 ], [ 11.953829664841225, 47.034579574573343 ], [ 11.95437906771982, 47.034094881082531 ], [ 11.954009294833593, 47.034024767738551 ], [ 11.954927404825549, 47.03340718614205 ], [ 11.954543652269171, 47.032900559555614 ], [ 11.95371918060086, 47.032668040651103 ], [ 11.95304416358525, 47.033069814104252 ], [ 11.95242825541866, 47.032952440221173 ], [ 11.953000950813612, 47.032406937118822 ], [ 11.954654316293437, 47.032695314634971 ], [ 11.954292168375748, 47.0324900237528 ], [ 11.955266571757695, 47.031940334466832 ], [ 11.954861962859928, 47.031552760876117 ], [ 11.956290610648765, 47.030971944198114 ], [ 11.955292057150546, 47.030491763223935 ], [ 11.954821441529655, 47.031114061249838 ], [ 11.953895818505414, 47.031195121847482 ], [ 11.953960426677302, 47.031684477577606 ], [ 11.953113791284681, 47.031873491376956 ], [ 11.952026173796884, 47.032840290196503 ], [ 11.951619381044539, 47.032838997050646 ], [ 11.951919089620485, 47.032730939207838 ], [ 11.952188147268876, 47.032351672597372 ], [ 11.951853895884812, 47.03258594914977 ], [ 11.951946513294592, 47.032398189698476 ], [ 11.950955830979124, 47.032140341158794 ], [ 11.952211962059941, 47.032119504201411 ], [ 11.952648741969618, 47.03156858287781 ], [ 11.952170825937777, 47.030905809697636 ], [ 11.952464696799025, 47.030703217582747 ], [ 11.953948297818458, 47.030842006877897 ], [ 11.954424074673936, 47.030242474051711 ], [ 11.954317516964158, 47.029713073667942 ], [ 11.954823754203073, 47.029514098529013 ], [ 11.954311092405289, 47.029053511852524 ], [ 11.955457177081456, 47.028939421743587 ], [ 11.956048392305187, 47.029186708404275 ], [ 11.955558002045363, 47.029663170646884 ], [ 11.955724000158328, 47.03002203899775 ], [ 11.956655535690706, 47.029009365615117 ], [ 11.957993331287055, 47.029158308178111 ], [ 11.957163416490248, 47.028527611061143 ], [ 11.954642976515325, 47.028031959215895 ], [ 11.954434521586842, 47.028165764748941 ], [ 11.955377340568321, 47.028474765995838 ], [ 11.955221594817978, 47.028770468852109 ], [ 11.954035442342525, 47.028978565485332 ], [ 11.953428592570521, 47.028761753020262 ], [ 11.953129337435103, 47.028983169757495 ], [ 11.953866756843244, 47.028377207126013 ], [ 11.953755805593905, 47.02798044071875 ], [ 11.951040218629139, 47.02795577293729 ], [ 11.949940973889669, 47.028508828859479 ], [ 11.950597005807674, 47.0289902428391 ], [ 11.950342668654267, 47.029482166998513 ], [ 11.950783717909179, 47.030026539332859 ], [ 11.952294199500155, 47.030205190800501 ], [ 11.952371465274217, 47.030615611548718 ], [ 11.95162948766637, 47.030844699549775 ], [ 11.95033018538455, 47.03012272424759 ], [ 11.950456841838342, 47.029842527692871 ], [ 11.949978962576751, 47.02989385619167 ], [ 11.949704976890969, 47.029538353032699 ], [ 11.95009604867221, 47.028937231288403 ], [ 11.949484242727685, 47.029370338427867 ], [ 11.949185152854865, 47.029255694506134 ], [ 11.949213614539049, 47.029526714979049 ], [ 11.948846005954975, 47.029406123634367 ], [ 11.948115360614612, 47.029745873862133 ], [ 11.947687368669381, 47.030679142156494 ], [ 11.948335405238723, 47.031070555398848 ], [ 11.94941541692584, 47.031078595839602 ], [ 11.949687293188438, 47.030572938414821 ], [ 11.950284377894853, 47.030709346033632 ], [ 11.949207999330394, 47.031555304511592 ], [ 11.948630809299358, 47.031481764198638 ], [ 11.948566546684434, 47.031578355588927 ], [ 11.949133678826307, 47.031658292260289 ], [ 11.949194644128836, 47.031804167708813 ], [ 11.948337322341233, 47.032321483830771 ], [ 11.948156751932874, 47.032846023340582 ], [ 11.948978679708235, 47.033769806825148 ], [ 11.951327508018238, 47.034677156469236 ], [ 11.951400052661151, 47.0351064904631 ], [ 11.951021723843626, 47.035218439281167 ], [ 11.950825863479853, 47.03498765290702 ], [ 11.95009806010682, 47.035528677201519 ], [ 11.950289538231631, 47.036824924127572 ], [ 11.951113176378938, 47.037448782311053 ], [ 11.950937199811367, 47.03768254556303 ], [ 11.951613167313504, 47.037285376399026 ], [ 11.952596327143665, 47.037257172189882 ], [ 11.95305587469247, 47.038194150167676 ], [ 11.953846674990695, 47.038279179427384 ] ], [ [ 11.952527904619179, 47.037047596060845 ], [ 11.952385977830858, 47.037180006638152 ], [ 11.952322577543116, 47.037125770643378 ], [ 11.952527904619179, 47.037047596060845 ] ], [ [ 11.952503907962665, 47.033976012870092 ], [ 11.952181919621783, 47.033177527602788 ], [ 11.951907302039951, 47.033599224664258 ], [ 11.951595766597428, 47.033459709360699 ], [ 11.951699003114538, 47.032911278450293 ], [ 11.953111578380916, 47.033284022899672 ], [ 11.953002189534937, 47.033816371501906 ], [ 11.952503907962665, 47.033976012870092 ] ], [ [ 11.951881777582154, 47.031811092101236 ], [ 11.951773469422603, 47.031522379992339 ], [ 11.952011106246189, 47.031836905969442 ], [ 11.951881777582154, 47.031811092101236 ] ], [ [ 11.953929098897564, 47.029849104769582 ], [ 11.953180804898771, 47.029398503673157 ], [ 11.953527788867945, 47.029448714999425 ], [ 11.953285869135092, 47.02905656807652 ], [ 11.954286586974241, 47.029502908311315 ], [ 11.953929098897564, 47.029849104769582 ] ], [ [ 11.952811389753695, 47.028899204726429 ], [ 11.952716437563691, 47.029231195411406 ], [ 11.952559292612721, 47.028787837744261 ], [ 11.952811389753695, 47.028899204726429 ] ], [ [ 11.951469482713641, 47.029527993253943 ], [ 11.951267181776773, 47.029641637183964 ], [ 11.951230651994893, 47.029552100597265 ], [ 11.951469482713641, 47.029527993253943 ] ], [ [ 11.952806190463198, 47.029793627329632 ], [ 11.953151915420234, 47.029575591982464 ], [ 11.953351169494994, 47.029741455010317 ], [ 11.952806190463198, 47.029793627329632 ] ], [ [ 11.956467676448609, 47.028882397050744 ], [ 11.955799848409463, 47.028882821932008 ], [ 11.956568606951832, 47.028734974488174 ], [ 11.956467676448609, 47.028882397050744 ] ], [ [ 11.953647642822578, 47.032101810470174 ], [ 11.953891309757669, 47.032279448509733 ], [ 11.953886381372445, 47.032312001126414 ], [ 11.953499798275855, 47.032292634827648 ], [ 11.953647642822578, 47.032101810470174 ] ] ], [ [ [ 11.955618609764613, 47.039114200738993 ], [ 11.95772076098879, 47.037396895203017 ], [ 11.955415672787696, 47.038122061703966 ], [ 11.955092166119055, 47.037926363253547 ], [ 11.955770907502664, 47.037284524282533 ], [ 11.955450336857893, 47.036884697062796 ], [ 11.95716641987509, 47.035048891134828 ], [ 11.957522277275906, 47.034889554949885 ], [ 11.957691500538317, 47.035279352987679 ], [ 11.957479472277205, 47.036216370658153 ], [ 11.958495888364189, 47.03579707601331 ], [ 11.957945812153152, 47.036647577146425 ], [ 11.958263092312258, 47.036853604328662 ], [ 11.958445894097725, 47.036339025627328 ], [ 11.958640952450443, 47.036621723765187 ], [ 11.959030715976645, 47.036347615098279 ], [ 11.958737147976052, 47.036086394608503 ], [ 11.959105107945895, 47.035853482427541 ], [ 11.959502044134261, 47.036068211390784 ], [ 11.960184545488985, 47.03555985497124 ], [ 11.96070513594503, 47.035721289129917 ], [ 11.961000579741828, 47.035409991869486 ], [ 11.960610577094066, 47.035104285905177 ], [ 11.961370540042381, 47.03477610937685 ], [ 11.960471402565412, 47.03342444042962 ], [ 11.959833963231604, 47.03333404659206 ], [ 11.960208972685168, 47.034203721246264 ], [ 11.959421243217419, 47.034158509449071 ], [ 11.959831813535153, 47.033744639337733 ], [ 11.959437913987575, 47.033689239356569 ], [ 11.959470936276869, 47.032738178154077 ], [ 11.958522484565361, 47.034044288195361 ], [ 11.957402894563867, 47.034812573468294 ], [ 11.956610740420697, 47.034736443285283 ], [ 11.957160403839721, 47.033881731055764 ], [ 11.956839821594832, 47.033224410908822 ], [ 11.957785339602243, 47.032203994178566 ], [ 11.95693841164135, 47.032308477788476 ], [ 11.956499177662476, 47.032718219324529 ], [ 11.95654265478993, 47.033320409699023 ], [ 11.956157775100369, 47.033476766898701 ], [ 11.956386662307185, 47.033857951753738 ], [ 11.955990512659456, 47.034094343675989 ], [ 11.956212061012163, 47.035237445762569 ], [ 11.954970743193531, 47.036444980692053 ], [ 11.954801818344798, 47.037941594815585 ], [ 11.954302916786052, 47.037983182210148 ], [ 11.955618609764613, 47.039114200738993 ] ], [ [ 11.955008759034246, 47.037193341696337 ], [ 11.955177660161423, 47.03710043304725 ], [ 11.955152244625339, 47.037212205058765 ], [ 11.955008759034246, 47.037193341696337 ] ] ] ] } },
{ "type": "Feature", "properties": { "HOM_ID": 194.0, "area_97": 0.06582490971, "region": "Zillertaler Alpen", "name_d": "Keilbachkees", "name_it": null, "area_05": 0.0472668422, "area_17": 0.018063454, "change_pct": -72.558330760223086, "status": "present" }, "geometry": { "type": "Polygon", "coordinates": [ [ [ 11.965835068249524, 47.0402799009916 ], [ 11.966595971092284, 47.040423494097411 ], [ 11.968942759131616, 47.039970307621303 ], [ 11.968752954733146, 47.038607854861397 ], [ 11.967331092074211, 47.038462275199734 ], [ 11.966974896203183, 47.038831036032072 ], [ 11.965764305584413, 47.038335019919899 ], [ 11.964826821060758, 47.038466206705408 ], [ 11.96423714258888, 47.038224243304981 ], [ 11.964509770649888, 47.038809542286778 ], [ 11.963478950552185, 47.03852081336322 ], [ 11.963603768540017, 47.039115166839913 ], [ 11.963989408567798, 47.038871947279127 ], [ 11.964704736794472, 47.03911378103313 ], [ 11.964638781549883, 47.038792754376132 ], [ 11.9649944394589, 47.038980623526434 ], [ 11.965352713507864, 47.038797782686238 ], [ 11.96596049438384, 47.038846030954211 ], [ 11.966085678110277, 47.039139206851438 ], [ 11.965497160626819, 47.039067710921088 ], [ 11.965148070405611, 47.039542811282281 ], [ 11.964593650710945, 47.039208615767059 ], [ 11.964106143406369, 47.039215713747481 ], [ 11.964760133021723, 47.039455879194698 ], [ 11.963764809981264, 47.039597546351402 ], [ 11.963007843294342, 47.040205877052152 ], [ 11.96550823320057, 47.040480841921287 ], [ 11.965835068249524, 47.0402799009916 ] ], [ [ 11.965491677503412, 47.040278431066291 ], [ 11.965366055482795, 47.040191805576576 ], [ 11.965608774228699, 47.040275396182786 ], [ 11.965491677503412, 47.040278431066291 ] ], [ [ 11.968138840093529, 47.039717972285608 ], [ 11.968006163902727, 47.039816745233715 ], [ 11.967717477752686, 47.03976869965156 ], [ 11.968138840093529, 47.039717972285608 ] ], [ [ 11.968223894858884, 47.039695022829164 ], [ 11.967861383945303, 47.039661915041101 ], [ 11.968186343676328, 47.039584534802074 ], [ 11.968223894858884, 47.039695022829164 ] ], [ [ 11.967357209025684, 47.039637338009065 ], [ 11.967119885886241, 47.039763466318874 ], [ 11.965964442142864, 47.039647594185183 ], [ 11.966349102516205, 47.039482003269477 ], [ 11.967357209025684, 47.039637338009065 ] ], [ [ 11.965245416989527, 47.039549404218377 ], [ 11.965396537993762, 47.039876432737891 ], [ 11.965089803407215, 47.039735261058127 ], [ 11.965245416989527, 47.039549404218377 ] ], [ [ 11.966651068385522, 47.039177498873144 ], [ 11.966510329642567, 47.038944986065417 ], [ 11.966858189635062, 47.039070704515062 ], [ 11.966651068385522, 47.039177498873144 ] ], [ [ 11.968390322264202, 47.038934943715248 ], [ 11.968270037547766, 47.038822953589325 ], [ 11.968447763570232, 47.038942182183696 ], [ 11.968390322264202, 47.038934943715248 ] ] ] } },
{ "type": "Feature", "properties": { "HOM_ID": 195.0, "area_97": 0.08300352936, "region": "Zillertaler Alpen", "name_d": "Wollbachkees", "name_it": null, "area_05": 0.0708438959, "area_17": 0.0439614, "change_pct": -47.036709958040269, "status": "present" }, "geometry": { "type": "Polygon", "coordinates": [ [ [ 11.976663198259557, 47.048597486557696 ], [ 11.977823670997354, 47.047912020146072 ], [ 11.977082719817483, 47.047600838294926 ], [ 11.976897453193562, 47.047198167043796 ], [ 11.977447313703124, 47.047330160454784 ], [ 11.976500343957822, 47.046576500051785 ], [ 11.977156644903001, 47.046197682519228 ], [ 11.976825523790355, 47.045810947279442 ], [ 11.977462101211966, 47.045864368345484 ], [ 11.976885611371229, 47.045455150052256 ], [ 11.977118846349617, 47.045037087820226 ], [ 11.976576595808382, 47.044338689990155 ], [ 11.976972352902742, 47.044443979807085 ], [ 11.97698367144938, 47.044090279253645 ], [ 11.977593134945048, 47.043885385267593 ], [ 11.976823932833035, 47.043459240505086 ], [ 11.976939496985544, 47.043684053058684 ], [ 11.975478379200064, 47.043713579478954 ], [ 11.976224823048693, 47.044343999461354 ], [ 11.975567947212056, 47.044490362962776 ], [ 11.975657887400997, 47.045328395660334 ], [ 11.974995964681693, 47.04529702357555 ], [ 11.9755997246831, 47.045594022481936 ], [ 11.975512899207434, 47.046016229009048 ], [ 11.974034318466792, 47.046130586798029 ], [ 11.973520195865493, 47.046850009749782 ], [ 11.975746580788936, 47.048475575168894 ], [ 11.976663198259557, 47.048597486557696 ] ], [ [ 11.975035183171213, 47.047251531796697 ], [ 11.975073988843851, 47.047182505156911 ], [ 11.975120759066513, 47.047256594596846 ], [ 11.975035183171213, 47.047251531796697 ] ], [ [ 11.975103887969137, 47.046506406244774 ], [ 11.974917001615037, 47.046341219769978 ], [ 11.975303775401864, 47.046394322975083 ], [ 11.975103887969137, 47.046506406244774 ] ], [ [ 11.974266231702909, 47.046333845930597 ], [ 11.974255815408727, 47.04640213436474 ], [ 11.974237976805208, 47.046337009352818 ], [ 11.974266231702909, 47.046333845930597 ] ], [ [ 11.976254433927181, 47.044045294622492 ], [ 11.976482067754917, 47.043876162903125 ], [ 11.976493081697107, 47.043946323081791 ], [ 11.976254433927181, 47.044045294622492 ] ] ] } },
{ "type": "Feature", "properties": { "HOM_ID": 196.0, "area_97": 0.1361408264, "region": "Zillertaler Alpen", "name_d": "Wollbachkees", "name_it": null, "area_05": 0.1172663488, "area_17": 0.018891631, "change_pct": -86.123463842878508, "status": "present" }, "geometry": { "type": "Polygon", "coordinates": [ [ [ 11.980897657186437, 47.04747912670112 ], [ 11.980826813099725, 47.047081890843494 ], [ 11.983024878579091, 47.045985594214557 ], [ 11.982632749110968, 47.045709169047889 ], [ 11.982483052517209, 47.043662813425783 ], [ 11.981129103269396, 47.042706977066302 ], [ 11.980230023195597, 47.043153082022179 ], [ 11.980143848089771, 47.043519708556801 ], [ 11.979509503785144, 47.043487644394297 ], [ 11.979881735068446, 47.044682841735522 ], [ 11.978587063212245, 47.044663108504686 ], [ 11.977626115565362, 47.046998302062271 ], [ 11.978195699661102, 47.047462033829575 ], [ 11.980897657186437, 47.04747912670112 ] ] ] } },
{ "type": "Feature", "properties": { "HOM_ID": 197.0, "area_97": 0.08555239261, "region": "Zillertaler Alpen", "name_d": "Hollenzkees", "name_it": null, "area_05": 0.0710987309, "area_17": 0.025893024, "change_pct": -69.734307586187327, "status": "present" }, "geometry": { "type": "Polygon", "coordinates": [ [ [ 11.988635834333419, 47.044793968218741 ], [ 11.990001778962762, 47.044409120902316 ], [ 11.989682568423056, 47.044050562519878 ], [ 11.991432749690553, 47.043244561348025 ], [ 11.991879140614783, 47.042902516068033 ], [ 11.991827426454998, 47.042422884012126 ], [ 11.990811406023283, 47.041700570933195 ], [ 11.989259443672729, 47.042128047685061 ], [ 11.989754143425822, 47.04220500379477 ], [ 11.98939266502741, 47.042681121592047 ], [ 11.987433697563487, 47.042409182360103 ], [ 11.987834947612864, 47.04235235670378 ], [ 11.988153252881062, 47.041537492149054 ], [ 11.988976795121008, 47.04097901586789 ], [ 11.988327750185203, 47.040590398252952 ], [ 11.989095474929737, 47.040402728933174 ], [ 11.987948093132077, 47.040375156745753 ], [ 11.986996722405893, 47.03982866675404 ], [ 11.987938644715118, 47.041003809569837 ], [ 11.987095915765385, 47.042336207680663 ], [ 11.986522685360772, 47.04211934969814 ], [ 11.986638867678389, 47.042920510506988 ], [ 11.987384139219616, 47.042505446827271 ], [ 11.988939098925709, 47.04310483106056 ], [ 11.988631339460829, 47.043351776838023 ], [ 11.987093200380208, 47.043044563648031 ], [ 11.986737198867079, 47.043542129747372 ], [ 11.987639900930279, 47.04464694274597 ], [ 11.988635834333419, 47.044793968218741 ] ] ] } },
{ "type": "Feature", "properties": { "HOM_ID": 198.0, "area_97": 0.11346103429, "region": "Hohe Tauern", "name_d": "Klausenkees", "name_it": null, "area_05": 0.0917245992, "area_17": 0.0509343, "change_pct": -55.108553065174071, "status": "present" }, "geometry": { "type": "MultiPolygon", "coordinates": [ [ [ [ 12.025188600147736, 46.963160860105383 ], [ 12.025460721238632, 46.961843683720865 ], [ 12.025955237341162, 46.962268842082246 ], [ 12.027479302328043, 46.96198672410533 ], [ 12.027543897193373, 46.961678390245986 ], [ 12.026589017306923, 46.961580575737955 ], [ 12.026322196629579, 46.961211911025856 ], [ 12.026274214781639, 46.961134529527563 ], [ 12.026773335818291, 46.960990520313381 ], [ 12.026777687385811, 46.960955855420892 ], [ 12.024770134711693, 46.960954973288963 ], [ 12.023841822050192, 46.961523666464586 ], [ 12.023488114254405, 46.962316620711256 ], [ 12.023726588776064, 46.962632048575536 ], [ 12.024775753671756, 46.962771329545099 ], [ 12.025188600147736, 46.963160860105383 ] ] ], [ [ [ 12.023664719001845, 46.965548904725402 ], [ 12.026685642407523, 46.965471292795421 ], [ 12.028214879103579, 46.964315947015386 ], [ 12.028642302250891, 46.964555859306103 ], [ 12.028500335859627, 46.964118597872336 ], [ 12.027659391018631, 46.963495477105418 ], [ 12.026103473083495, 46.963552794731434 ], [ 12.023040917824954, 46.96418461693608 ], [ 12.022798973264251, 46.96459264580777 ], [ 12.023413724361131, 46.964838758246472 ], [ 12.021351313538943, 46.965434160504586 ], [ 12.022462155342863, 46.965835602408376 ], [ 12.023664719001845, 46.965548904725402 ] ] ] ] } },
{ "type": "Feature", "properties": { "HOM_ID": 199.0, "area_97": 0.05181715843, "region": "Hohe Tauern", "name_d": "Alprechkees", "name_it": "Vedretta di Alpre", "area_05": 0.0267074193, "area_17": null, "change_pct": -100.0, "status": "disappeared" }, "geometry": { "type": "MultiPolygon", "coordinates": [ [ [ [ 12.112907320378422, 47.00919021415573 ], [ 12.113359179010438, 47.009143368327173 ], [ 12.111813595143085, 47.00894789323246 ], [ 12.11161760505982, 47.009160519844635 ], [ 12.112461083796434, 47.009768099992669 ], [ 12.113071363113372, 47.009513968395325 ], [ 12.112907320378422, 47.00919021415573 ] ] ], [ [ [ 12.113858436993066, 47.010520642572438 ], [ 12.114385965238421, 47.010694610826611 ], [ 12.113786843834369, 47.010163889545453 ], [ 12.114809332364308, 47.009796320073093 ], [ 12.115528466722028, 47.010637984991902 ], [ 12.116237139710899, 47.009884116684731 ], [ 12.117501825744984, 47.009555992067327 ], [ 12.117376888044957, 47.009723505655352 ], [ 12.117844081046016, 47.009773768094746 ], [ 12.117408632216231, 47.010183829785689 ], [ 12.118681925996578, 47.010217983308216 ], [ 12.119359155505656, 47.009944775624355 ], [ 12.118849582964899, 47.009810881615579 ], [ 12.118835527167485, 47.00941958818477 ], [ 12.119736244243891, 47.009458766621954 ], [ 12.119592547455957, 47.009111816619892 ], [ 12.12067811050126, 47.008962677529254 ], [ 12.121052965611298, 47.009099277604157 ], [ 12.120404426336179, 47.009237891306164 ], [ 12.121937285164885, 47.009322752110513 ], [ 12.120802900098262, 47.008913672047967 ], [ 12.120333243638109, 47.008218025829358 ], [ 12.119614568804929, 47.007906177511273 ], [ 12.119294894707108, 47.008038770335368 ], [ 12.119828355188863, 47.008381232661144 ], [ 12.119473274289378, 47.008716254680991 ], [ 12.119719484697004, 47.008968661257676 ], [ 12.114451346661689, 47.009575737754183 ], [ 12.113296852245531, 47.010064334973308 ], [ 12.113390913015696, 47.010882925793119 ], [ 12.113858436993066, 47.010520642572438 ] ] ] ] } },
{ "type": "Feature", "properties": { "HOM_ID": 200.0, "area_97": 0.0464811926, "region": "Hohe Tauern", "name_d": "Lengkees", "name_it": null, "area_05": 0.0404818757, "area_17": 0.0297326, "change_pct": -36.033052645899616, "status": "present" }, "geometry": { "type": "Polygon", "coordinates": [ [ [ 12.123132127965969, 47.01398783720952 ], [ 12.122311342527842, 47.014004063905645 ], [ 12.12404387099753, 47.013900610818936 ], [ 12.123512118739997, 47.014041942975012 ], [ 12.12379861390742, 47.014494645410934 ], [ 12.1243890637137, 47.014076310822155 ], [ 12.125224912561793, 47.014157703734767 ], [ 12.125506352318471, 47.013895213619399 ], [ 12.123305331762415, 47.01275041812513 ], [ 12.120852604838019, 47.012484816912142 ], [ 12.121054473357381, 47.014177983422414 ], [ 12.122121411671873, 47.013697037092761 ], [ 12.122111085277405, 47.014575261129885 ], [ 12.123132127965969, 47.01398783720952 ] ] ] } },
{ "type": "Feature", "properties": { "HOM_ID": 201.0, "area_97": 0.15903401768, "region": "Hohe Tauern", "name_d": "Merbkees", "name_it": null, "area_05": 0.1318766866, "area_17": 0.0670089, "change_pct": -57.865052409836096, "status": "present" }, "geometry": { "type": "Polygon", "coordinates": [ [ [ 12.12889281340702, 47.023865124991289 ], [ 12.131239649269304, 47.023828851641412 ], [ 12.131001702705616, 47.022886115139407 ], [ 12.131618776103208, 47.022998784748168 ], [ 12.132048381452947, 47.021694992326253 ], [ 12.131317727694395, 47.020732530769671 ], [ 12.132361253834773, 47.020400793861882 ], [ 12.132124970530892, 47.019851019483397 ], [ 12.132973386340939, 47.01962928188523 ], [ 12.133150846161158, 47.019144898734773 ], [ 12.133658757239033, 47.019337624489381 ], [ 12.134625140351384, 47.018988024735833 ], [ 12.134637783713048, 47.019410791642322 ], [ 12.133919291291939, 47.019561098129898 ], [ 12.1348965361575, 47.019571639061411 ], [ 12.134897921647257, 47.019904727580752 ], [ 12.134308973846883, 47.019942358396996 ], [ 12.134418711949161, 47.020306438574288 ], [ 12.13488546873562, 47.020269783236188 ], [ 12.13549298464185, 47.01996975638508 ], [ 12.135462337783393, 47.019533685603342 ], [ 12.134716556568112, 47.019098041029586 ], [ 12.134766234704133, 47.018727546499093 ], [ 12.136917523167625, 47.019117938728733 ], [ 12.137267548600322, 47.018634406851881 ], [ 12.135483430832556, 47.018650407799555 ], [ 12.135932000270074, 47.018363049466736 ], [ 12.134294446461274, 47.017826116044574 ], [ 12.133125332813668, 47.018427788969817 ], [ 12.133344662523269, 47.019006875075895 ], [ 12.132013303414086, 47.018000654513841 ], [ 12.13024465651608, 47.018643498337731 ], [ 12.129366325588874, 47.019706714759863 ], [ 12.12961822076903, 47.02178372173352 ], [ 12.129054110698537, 47.022319200424377 ], [ 12.128526875390401, 47.022359282944223 ], [ 12.129003331876707, 47.022752279832588 ], [ 12.12889281340702, 47.023865124991289 ] ], [ [ 12.135242201830835, 47.01865926170813 ], [ 12.135291877613486, 47.018563818627413 ], [ 12.135388516740514, 47.018577053652017 ], [ 12.135242201830835, 47.01865926170813 ] ], [ [ 12.136216835412789, 47.018698067827174 ], [ 12.136192940324703, 47.018878127790806 ], [ 12.135965197930565, 47.018869901111529 ], [ 12.136216835412789, 47.018698067827174 ] ] ] } },
{ "type": "Feature", "properties": { "HOM_ID": 202.0, "area_97": 0.36160889304, "region": "Hohe Tauern", "name_d": "Roetfeckkees", "name_it": "Vedretta di Valle Rossa", "area_05": 0.3119470551, "area_17": 0.17865838, "change_pct": -50.593477251612448, "status": "present" }, "geometry": { "type": "MultiPolygon", "coordinates": [ [ [ [ 12.164041408386861, 47.021725776595083 ], [ 12.165186438761852, 47.020662389744956 ], [ 12.165274812132544, 47.020073138732009 ], [ 12.163773793582424, 47.019612340698146 ], [ 12.162669461225043, 47.019699957164136 ], [ 12.162853404204016, 47.020215637974822 ], [ 12.164045144859882, 47.02059711406703 ], [ 12.164041408386861, 47.021725776595083 ] ] ], [ [ [ 12.150835934578748, 47.028815561870751 ], [ 12.150736337411965, 47.027771436791973 ], [ 12.151109557351916, 47.027430307087705 ], [ 12.151614216281546, 47.027663762807023 ], [ 12.151629743433205, 47.026998260919029 ], [ 12.154904451572349, 47.026622969375723 ], [ 12.15532585677089, 47.025986580921099 ], [ 12.156235677775015, 47.0262781861693 ], [ 12.15620920913044, 47.025472765660282 ], [ 12.158349525285567, 47.025782223850143 ], [ 12.160856418583919, 47.024745269493074 ], [ 12.161957058148209, 47.024628818386404 ], [ 12.16208823254903, 47.023571437755031 ], [ 12.163049925980497, 47.022675360408577 ], [ 12.162726341056226, 47.022258197524025 ], [ 12.163690949172546, 47.021767989168531 ], [ 12.163556575308011, 47.020919487695778 ], [ 12.162376714899436, 47.020483072493654 ], [ 12.15899913202424, 47.021730993024526 ], [ 12.157586546739495, 47.02293135069781 ], [ 12.155098167131559, 47.023970823387927 ], [ 12.154461138627671, 47.024762882683149 ], [ 12.153521416358229, 47.024852489616194 ], [ 12.153211443907907, 47.024366357224146 ], [ 12.151576070323197, 47.024692021857021 ], [ 12.151266381194581, 47.025605500797745 ], [ 12.150298658728122, 47.025611999715395 ], [ 12.149502226098303, 47.026988242176927 ], [ 12.148196364459913, 47.028013558026899 ], [ 12.147479159381845, 47.028088543518237 ], [ 12.148834545240609, 47.028724958275568 ], [ 12.150835934578748, 47.028815561870751 ] ] ] ] } },
{ "type": "Feature", "properties": { "HOM_ID": 203.0, "area_97": 0.19692698488, "region": "Hohe Tauern", "name_d": "Roetfeckkees", "name_it": "Vedretta di Valle Rossa", "area_05": 0.1683542307, "area_17": 0.1038225, "change_pct": -47.278682978228915, "status": "present" }, "geometry": { "type": "MultiPolygon", "coordinates": [ [ [ [ 12.162320631538265, 47.025771347733176 ], [ 12.163232672958392, 47.026228890040905 ], [ 12.164438593951747, 47.02618690314447 ], [ 12.165077006452618, 47.02587557301203 ], [ 12.1653817277338, 47.026186723670207 ], [ 12.166176467342616, 47.025813480111879 ], [ 12.166119418770643, 47.024280491913572 ], [ 12.167647186001025, 47.024341847920937 ], [ 12.166731619706644, 47.024522667333194 ], [ 12.166381654212822, 47.024996273489649 ], [ 12.166819091125795, 47.024577827833518 ], [ 12.168251261732486, 47.024731075498657 ], [ 12.169025647946698, 47.0240152957265 ], [ 12.170254274877911, 47.024214928570075 ], [ 12.171416518420301, 47.023437024193299 ], [ 12.169409406042339, 47.02233995694241 ], [ 12.16720266117866, 47.022262130962865 ], [ 12.167284562362132, 47.021732157686451 ], [ 12.16705939292674, 47.022305578878452 ], [ 12.164797861179487, 47.022021892812461 ], [ 12.163663847444823, 47.023256573224884 ], [ 12.163146532359256, 47.023155849211093 ], [ 12.163284467567328, 47.023455380532901 ], [ 12.162801518966528, 47.023536818601798 ], [ 12.163207616244806, 47.0238682898352 ], [ 12.162956592327857, 47.024135759503196 ], [ 12.162509879665448, 47.023678533491683 ], [ 12.162821580859463, 47.024341666481632 ], [ 12.162488439717496, 47.02539149068761 ], [ 12.161836939841738, 47.025766507803645 ], [ 12.161384227449451, 47.0256580963838 ], [ 12.161741161459098, 47.026425592562163 ], [ 12.162320631538265, 47.025771347733176 ] ], [ [ 12.165319033581548, 47.025857423828157 ], [ 12.165446578782577, 47.025361503159161 ], [ 12.165598536080628, 47.025296836820431 ], [ 12.165319033581548, 47.025857423828157 ] ], [ [ 12.166228750190498, 47.023851357002222 ], [ 12.166480463891874, 47.023622698227541 ], [ 12.167070381823127, 47.023986411990087 ], [ 12.166228750190498, 47.023851357002222 ] ] ], [ [ [ 12.170543727825073, 47.024978508875755 ], [ 12.17300155984768, 47.024890213116869 ], [ 12.172765386640769, 47.024661755244033 ], [ 12.173253896232897, 47.023607766228942 ], [ 12.172838333797076, 47.023699907001301 ], [ 12.172508705679771, 47.023395225644052 ], [ 12.171963922722691, 47.024006308517123 ], [ 12.170925513163088, 47.024245270394566 ], [ 12.170949941884274, 47.023876066788276 ], [ 12.170297925076603, 47.024568026813171 ], [ 12.170543727825073, 47.024978508875755 ] ] ] ] } },
{ "type": "Feature", "properties": { "HOM_ID": 204.0, "area_97": 0.0166355462, "region": "Hohe Tauern", "name_d": "Roetfeckkees", "name_it": "Vedretta di Valle Rossa", "area_05": 0.013581278, "area_17": 0.00724249, "change_pct": -56.463767928461515, "status": "present" }, "geometry": { "type": "Polygon", "coordinates": [ [ [ 12.168956734724945, 47.026531808206968 ], [ 12.170622775220606, 47.02652528141325 ], [ 12.171687824650466, 47.026248732941681 ], [ 12.171653653186835, 47.025996289584072 ], [ 12.169795190907207, 47.025401732699422 ], [ 12.168669466015794, 47.026555822416931 ], [ 12.168712959950103, 47.027362747187475 ], [ 12.168956734724945, 47.026531808206968 ] ] ] } },
{ "type": "Feature", "properties": { "HOM_ID": 205.0, "area_97": 0.05366918675, "region": "Hohe Tauern", "name_d": "Roetfeckkees", "name_it": "Vedretta di Valle Rossa", "area_05": 0.0343873387, "area_17": 0.013948558, "change_pct": -74.010118571435228, "status": "present" }, "geometry": { "type": "Polygon", "coordinates": [ [ [ 12.172267625921281, 47.028603572477024 ], [ 12.173718502636016, 47.027133405120217 ], [ 12.173939961052517, 47.027380785207768 ], [ 12.174396879251553, 47.026859398556219 ], [ 12.174959705003113, 47.027307605189179 ], [ 12.175193232247077, 47.026489213404943 ], [ 12.175767054200419, 47.026808350531439 ], [ 12.176339618066292, 47.025586458571738 ], [ 12.177106296094815, 47.025521982592075 ], [ 12.177190411912001, 47.025945755860896 ], [ 12.177492829153808, 47.025862499053865 ], [ 12.177375005440577, 47.025072921122586 ], [ 12.17616609024045, 47.024720343797291 ], [ 12.177767885637078, 47.024255511037097 ], [ 12.177277500280688, 47.023668906877774 ], [ 12.175883043699292, 47.024066006152061 ], [ 12.175946606411555, 47.024621652850044 ], [ 12.175260441268341, 47.025211886669574 ], [ 12.174349377362761, 47.025544298698996 ], [ 12.174295095177337, 47.025151385328257 ], [ 12.174035478105631, 47.026661700575126 ], [ 12.17283781886934, 47.027402157740774 ], [ 12.173068969056432, 47.027565134430517 ], [ 12.172267625921281, 47.028603572477024 ] ], [ [ 12.175145739268515, 47.025618160059054 ], [ 12.175605627441454, 47.025634187099385 ], [ 12.175209939679242, 47.025777608567878 ], [ 12.175145739268515, 47.025618160059054 ] ] ] } },
{ "type": "Feature", "properties": { "HOM_ID": 206.0, "area_97": 0.47355249748, "region": "Hohe Tauern", "name_d": "Roetkees", "name_it": "Vedretta Rossa", "area_05": 0.4323270067, "area_17": 0.27414547, "change_pct": -42.108747929984624, "status": "present" }, "geometry": { "type": "Polygon", "coordinates": [ [ [ 12.193229655903885, 47.030696542018084 ], [ 12.197460672752213, 47.030363019706392 ], [ 12.199057627435259, 47.029463498485541 ], [ 12.199117814827853, 47.028891829212185 ], [ 12.199651466181031, 47.029399511354747 ], [ 12.200429339286966, 47.029347475871695 ], [ 12.200321523366865, 47.028987625811233 ], [ 12.200947683757921, 47.028791699243634 ], [ 12.202851196204353, 47.028937082543536 ], [ 12.203973927065295, 47.028560150102408 ], [ 12.203710536126119, 47.028122953612446 ], [ 12.204028080984973, 47.027847491064911 ], [ 12.201690225797094, 47.026424439079918 ], [ 12.200625132691474, 47.027130834986096 ], [ 12.201165903963451, 47.02751302336047 ], [ 12.19904815848313, 47.027445580877597 ], [ 12.199659783402579, 47.027812040759144 ], [ 12.199720675041513, 47.02803052262319 ], [ 12.197887964851576, 47.027336941379758 ], [ 12.196059883613755, 47.027373578653652 ], [ 12.1931483244757, 47.027008672988494 ], [ 12.19121358577879, 47.026319770376205 ], [ 12.187034269077833, 47.02602448003811 ], [ 12.182987445504116, 47.027277433476613 ], [ 12.182928188336481, 47.026706138234601 ], [ 12.182557481600282, 47.027197846084562 ], [ 12.181649203022644, 47.027051806151732 ], [ 12.18124846924113, 47.027626293258947 ], [ 12.180215665364747, 47.027964891107182 ], [ 12.181000499146785, 47.02855920180982 ], [ 12.180756417717095, 47.02898633866743 ], [ 12.181818549985143, 47.02957005465646 ], [ 12.184114662576469, 47.029025358996037 ], [ 12.184124592619598, 47.029687279075148 ], [ 12.184502669028662, 47.028611482672297 ], [ 12.184133913785113, 47.028287769922592 ], [ 12.184284423575134, 47.027611776066806 ], [ 12.187067444407795, 47.027908886088859 ], [ 12.187326015070223, 47.027588507384266 ], [ 12.188413262790347, 47.027542274869326 ], [ 12.188976628608932, 47.027942704791244 ], [ 12.188445640050729, 47.028190841904291 ], [ 12.189545820711015, 47.028254671682561 ], [ 12.18873467065267, 47.02840434962053 ], [ 12.188631261626371, 47.028807850662652 ], [ 12.18949155502504, 47.028881337722105 ], [ 12.189501929035449, 47.028984697097506 ], [ 12.18785031847028, 47.028826314350667 ], [ 12.188638043401145, 47.02921319511691 ], [ 12.187908025523322, 47.029158683194858 ], [ 12.189086748691123, 47.029260606922634 ], [ 12.188989725551838, 47.029326588364803 ], [ 12.189578496252739, 47.029778759170519 ], [ 12.189873238794277, 47.029593285060827 ], [ 12.18918364909182, 47.029296739363765 ], [ 12.190150470611004, 47.029492056843345 ], [ 12.19105623963741, 47.030489749564737 ], [ 12.193229655903885, 47.030696542018084 ] ], [ [ 12.199417689364848, 47.028871927114395 ], [ 12.199125484567643, 47.028456867914684 ], [ 12.199286847189354, 47.028409168570626 ], [ 12.199417689364848, 47.028871927114395 ] ] ] } },
{ "type": "Feature", "properties": { "HOM_ID": 207.0, "area_97": 0.74619244192, "region": "Hohe Tauern", "name_d": "Roetkees", "name_it": "Vedretta Rossa", "area_05": 0.6543559593, "area_17": 0.48152876, "change_pct": -35.468555703807951, "status": "present" }, "geometry": { "type": "Polygon", "coordinates": [ [ [ 12.203089468880499, 47.036563655819663 ], [ 12.202426925634311, 47.036157719758577 ], [ 12.203164981793215, 47.036055823420163 ], [ 12.203409945073865, 47.035583871799496 ], [ 12.204674480173976, 47.03582469497217 ], [ 12.207778124025369, 47.034911406446646 ], [ 12.209350754632204, 47.033567797824773 ], [ 12.209360977953498, 47.033082220005902 ], [ 12.207940780970686, 47.032517381353266 ], [ 12.206522503086735, 47.032441774379102 ], [ 12.20651920835488, 47.033299843452689 ], [ 12.205801946349927, 47.032925506044862 ], [ 12.206197091812273, 47.032584271223307 ], [ 12.205550263396262, 47.03220414149682 ], [ 12.205627398992092, 47.031348322295202 ], [ 12.204897430338695, 47.030410027764674 ], [ 12.205784404230959, 47.030139011769478 ], [ 12.204476127229059, 47.030300906859722 ], [ 12.203691040215386, 47.030003910490585 ], [ 12.202121527810622, 47.030082968194932 ], [ 12.201488326651001, 47.029744626539063 ], [ 12.200966844528995, 47.029930347295547 ], [ 12.20084737455649, 47.029560525460965 ], [ 12.201390860440352, 47.029526289860925 ], [ 12.201082319577306, 47.029349957212538 ], [ 12.200831759109832, 47.029468968306894 ], [ 12.200124566111356, 47.030508324317601 ], [ 12.198656166044959, 47.030920628471947 ], [ 12.19473085600225, 47.031404088113547 ], [ 12.1887390852376, 47.031303496186062 ], [ 12.188794445310174, 47.031561073185493 ], [ 12.189279961112994, 47.031441011629063 ], [ 12.189054907422562, 47.031692010418105 ], [ 12.189399440438688, 47.031961679791983 ], [ 12.188573912739239, 47.032369745907161 ], [ 12.189000467513079, 47.032812591071064 ], [ 12.187146105339687, 47.033721977429117 ], [ 12.18737476406972, 47.034277589944224 ], [ 12.189800191045503, 47.034631883797047 ], [ 12.190302700072966, 47.036667367394244 ], [ 12.191148452406287, 47.036749818273876 ], [ 12.191992093352498, 47.036057863434337 ], [ 12.194257033392162, 47.035322359907425 ], [ 12.194892628303936, 47.035557013505873 ], [ 12.196572891203514, 47.035111510576428 ], [ 12.197188188143922, 47.03451549871351 ], [ 12.198505759875836, 47.034851439454869 ], [ 12.198824877971942, 47.03475274418409 ], [ 12.198643309313034, 47.034540818419821 ], [ 12.201153167959333, 47.03471777533813 ], [ 12.200474943684231, 47.035254471105041 ], [ 12.201081539852517, 47.035387536358392 ], [ 12.199813977277994, 47.035572135067518 ], [ 12.201499294142712, 47.036095215644643 ], [ 12.202068994945083, 47.036846296701377 ], [ 12.202972856950165, 47.036523029167043 ], [ 12.202998883314804, 47.037098123541853 ], [ 12.203089468880499, 47.036563655819663 ] ], [ [ 12.206868587569161, 47.033367787073274 ], [ 12.20678309201767, 47.033206074045943 ], [ 12.206931302685289, 47.033360271045076 ], [ 12.206868587569161, 47.033367787073274 ] ] ] } },
{ "type": "Feature", "properties": { "HOM_ID": 208.0, "area_97": 0.06260077709, "region": "Hohe Tauern", "name_d": "Roetkees", "name_it": "Vedretta Rossa", "area_05": 0.0316830676, "area_17": 0.01072507, "change_pct": -82.867512994957295, "status": "present" }, "geometry": { "type": "Polygon", "coordinates": [ [ [ 12.198387824945177, 47.038900345210187 ], [ 12.19860264561928, 47.038227390178626 ], [ 12.199420783756297, 47.038208540459273 ], [ 12.199814990115506, 47.037674460482613 ], [ 12.200289621422368, 47.037602931106242 ], [ 12.200362170161295, 47.037900329526551 ], [ 12.201786442006396, 47.037535677880214 ], [ 12.200246442874082, 47.036296864103029 ], [ 12.200131291517065, 47.035824550331434 ], [ 12.197713182735294, 47.036491658772484 ], [ 12.19722929477927, 47.036901512312269 ], [ 12.196792208218843, 47.036724693538567 ], [ 12.197227185677283, 47.037328482442781 ], [ 12.19686824603237, 47.037577443200355 ], [ 12.196213429523493, 47.037299487452792 ], [ 12.196344335365373, 47.037685302567617 ], [ 12.196751915027228, 47.037569481137801 ], [ 12.196539345509608, 47.03780881597379 ], [ 12.195868381273341, 47.03778023636989 ], [ 12.195550611341128, 47.037441731040545 ], [ 12.195667245095114, 47.038064256718961 ], [ 12.196894393633258, 47.037996414928877 ], [ 12.196994778689321, 47.037598583600555 ], [ 12.197866199531441, 47.037641906320189 ], [ 12.198355497672663, 47.037302888448629 ], [ 12.198206564018776, 47.037488436341022 ], [ 12.199455078852731, 47.037450647815533 ], [ 12.197774590457286, 47.037742439418402 ], [ 12.197515210929717, 47.037911717831683 ], [ 12.197819937881807, 47.038147527745004 ], [ 12.197274457971062, 47.037902311804437 ], [ 12.196795394299899, 47.038119163383456 ], [ 12.197079946162898, 47.038475709174556 ], [ 12.197773929194698, 47.038233139073583 ], [ 12.197705490529236, 47.038442428296413 ], [ 12.198360645991144, 47.038466256177301 ], [ 12.198066504073827, 47.038808106559202 ], [ 12.198387824945177, 47.038900345210187 ] ], [ [ 12.200048749546003, 47.0374484385027 ], [ 12.199633284603719, 47.037442472628022 ], [ 12.199583139893557, 47.037127484541962 ], [ 12.200063978109867, 47.037139947626166 ], [ 12.199495555911284, 47.036809278528644 ], [ 12.200188118724059, 47.037032826564854 ], [ 12.200048749546003, 47.0374484385027 ] ], [ [ 12.197774348582216, 47.037232760328259 ], [ 12.197983891689377, 47.03735646353951 ], [ 12.197722191615483, 47.03734650374539 ], [ 12.197774348582216, 47.037232760328259 ] ] ] } },
{ "type": "Feature", "properties": { "HOM_ID": 209.0, "area_97": 0.34967867305999994, "region": "Hohe Tauern", "name_d": "Virgilkees", "name_it": null, "area_05": 0.2929873262, "area_17": 0.1782878, "change_pct": -49.013819333097189, "status": "present" }, "geometry": { "type": "MultiPolygon", "coordinates": [ [ [ [ 12.201084488492619, 47.043484971588903 ], [ 12.202215599336563, 47.043321662703022 ], [ 12.204219743208826, 47.041546279608845 ], [ 12.204107316435922, 47.041131425994863 ], [ 12.205617410025718, 47.040770510595905 ], [ 12.206444554030764, 47.03995557388901 ], [ 12.207362053274656, 47.039955945245723 ], [ 12.206997228306093, 47.039620501580202 ], [ 12.207563995738585, 47.039380041216099 ], [ 12.208727052760098, 47.039531689819931 ], [ 12.208685138806834, 47.039236158889082 ], [ 12.209688923634923, 47.039267365098127 ], [ 12.210093472102159, 47.039639960436645 ], [ 12.209285619028096, 47.039544519676468 ], [ 12.210009820455372, 47.039824485784365 ], [ 12.210214049338642, 47.039581957892523 ], [ 12.211699082971176, 47.039575304427039 ], [ 12.210816857489332, 47.039234503058026 ], [ 12.211074690591179, 47.038996669026403 ], [ 12.20950029075459, 47.038591561872622 ], [ 12.208262463506081, 47.037684810453378 ], [ 12.208717878352646, 47.037506861277429 ], [ 12.209603446294025, 47.037854493173739 ], [ 12.210787269716301, 47.037848558153023 ], [ 12.210053138114274, 47.037067393455963 ], [ 12.21087383856716, 47.036452009218777 ], [ 12.20979251198861, 47.037085670445364 ], [ 12.208712381923572, 47.036721121209965 ], [ 12.209445867690189, 47.036117530557789 ], [ 12.20947616504907, 47.035253727147378 ], [ 12.20880642359749, 47.036327885769026 ], [ 12.20857295231092, 47.035735577750835 ], [ 12.2085820263447, 47.036518442964407 ], [ 12.20791249488556, 47.036730120248457 ], [ 12.207795147922937, 47.037123480093051 ], [ 12.2069184770939, 47.036909414843734 ], [ 12.206889375867602, 47.036488167239249 ], [ 12.206160845507211, 47.037015311104426 ], [ 12.205239644994467, 47.037082136623567 ], [ 12.204525762242074, 47.038117911134329 ], [ 12.203493196371737, 47.038077871870811 ], [ 12.202162112971193, 47.038961248204437 ], [ 12.200271033026558, 47.038871887569229 ], [ 12.199713669510963, 47.039168005116537 ], [ 12.199700618806885, 47.03991845025859 ], [ 12.199105253256713, 47.040754136609507 ], [ 12.199284138875782, 47.04120979237301 ], [ 12.199877258354729, 47.041268062133838 ], [ 12.199327329868737, 47.04207231883796 ], [ 12.200673175417469, 47.042208280323756 ], [ 12.200600618011848, 47.043287031977329 ], [ 12.201084488492619, 47.043484971588903 ] ], [ [ 12.201603438693624, 47.039570035803699 ], [ 12.202534966718011, 47.039653368878447 ], [ 12.202130699886821, 47.039935321796079 ], [ 12.201603438693624, 47.039570035803699 ] ] ], [ [ [ 12.212372308791069, 47.040235544243608 ], [ 12.212303782408426, 47.039866062547027 ], [ 12.211768727006346, 47.03972273345304 ], [ 12.211920701479869, 47.040219433212684 ], [ 12.212372308791069, 47.040235544243608 ] ] ], [ [ [ 12.208343564520963, 47.042159560777968 ], [ 12.210533762474546, 47.041600031013452 ], [ 12.210722464848439, 47.041375922993119 ], [ 12.209789741894602, 47.041605181106796 ], [ 12.209695066407871, 47.041475523817958 ], [ 12.211161003103271, 47.041129269809275 ], [ 12.211632599615227, 47.040296567074421 ], [ 12.209969247582109, 47.039979677406492 ], [ 12.209169547506608, 47.040001704180831 ], [ 12.208089291213335, 47.039579177374975 ], [ 12.20828637054805, 47.040085534553874 ], [ 12.209197941740085, 47.040607089407516 ], [ 12.208675305463451, 47.040789591416498 ], [ 12.207916738731763, 47.04010000627629 ], [ 12.207613052046808, 47.040934827392171 ], [ 12.208541516754586, 47.041247803975153 ], [ 12.208343564520963, 47.042159560777968 ] ], [ [ 12.208238843170522, 47.040905764040339 ], [ 12.208490490897997, 47.040818091139094 ], [ 12.208561149280044, 47.040942790994457 ], [ 12.208238843170522, 47.040905764040339 ] ], [ [ 12.209830953205802, 47.040206106614669 ], [ 12.209366170170643, 47.040040640707232 ], [ 12.209966831939449, 47.040084249663963 ], [ 12.209830953205802, 47.040206106614669 ] ] ] ] } },
{ "type": "Feature", "properties": { "HOM_ID": 210.0, "area_97": 0.08701822586000001, "region": "Hohe Tauern", "name_d": "Windtalkees", "name_it": null, "area_05": 0.0721614154, "area_17": 0.0495717, "change_pct": -43.032968656757212, "status": "present" }, "geometry": { "type": "Polygon", "coordinates": [ [ [ 12.211751401909797, 47.045112924057584 ], [ 12.212773822315739, 47.044954656121675 ], [ 12.211934710826831, 47.04444846029714 ], [ 12.213684031902014, 47.044681487522197 ], [ 12.214325583045293, 47.044283421573233 ], [ 12.213399348429391, 47.044276632977471 ], [ 12.212116175855511, 47.043639374259641 ], [ 12.210868941069801, 47.043693473205771 ], [ 12.208706983178084, 47.042855296393213 ], [ 12.205704934034527, 47.042967701679899 ], [ 12.207161628920833, 47.0437301477034 ], [ 12.205749131066272, 47.043985669177154 ], [ 12.206683673550137, 47.044117829922115 ], [ 12.207278768649259, 47.044684093409316 ], [ 12.211751401909797, 47.045112924057584 ] ] ] } },
{ "type": "Feature", "properties": { "HOM_ID": 211.0, "area_97": 0.230061023, "region": "Hohe Tauern", "name_d": "Windtalkees", "name_it": null, "area_05": 0.1879975244, "area_17": 0.0861356746, "change_pct": -62.559640274224101, "status": "present" }, "geometry": { "type": "MultiPolygon", "coordinates": [ [ [ [ 12.211058300361584, 47.050192421646784 ], [ 12.212574563644772, 47.050049085094876 ], [ 12.213908347667424, 47.049252978371634 ], [ 12.213814042254249, 47.048034883535095 ], [ 12.214633252225578, 47.048134502204086 ], [ 12.214422100389942, 47.047245270862945 ], [ 12.214983948588008, 47.046686257469958 ], [ 12.214244099374088, 47.046640826324186 ], [ 12.213050217023756, 47.047243705381526 ], [ 12.212345185394877, 47.047213841697385 ], [ 12.211903927393596, 47.047721437745842 ], [ 12.211791148117527, 47.047456846054956 ], [ 12.211321562205152, 47.047493060976613 ], [ 12.211635673015564, 47.048086603617158 ], [ 12.211389925858091, 47.04872757418002 ], [ 12.211922063931443, 47.0489942729603 ], [ 12.211683754153164, 47.049427749077587 ], [ 12.212481083491783, 47.049334811071724 ], [ 12.211058300361584, 47.050192421646784 ] ], [ [ 12.212332969196135, 47.047474349557014 ], [ 12.212699313029495, 47.047433172091395 ], [ 12.212571558016496, 47.047616318704058 ], [ 12.212332969196135, 47.047474349557014 ] ] ], [ [ [ 12.213743459896616, 47.05127442867785 ], [ 12.215105289227628, 47.050804299019738 ], [ 12.210879301071783, 47.05050838913759 ], [ 12.210376835146558, 47.050839192480758 ], [ 12.211012054373542, 47.051175497154837 ], [ 12.211851006621103, 47.050766146345779 ], [ 12.212699904429655, 47.050802772101626 ], [ 12.213743459896616, 47.05127442867785 ] ] ], [ [ [ 12.213850986643534, 47.054743618073751 ], [ 12.214363827854257, 47.053954729320694 ], [ 12.213586315130506, 47.053775033403753 ], [ 12.21419934441704, 47.053671438871447 ], [ 12.212662605034051, 47.052634935180762 ], [ 12.212202827590176, 47.052624812319571 ], [ 12.21223024237346, 47.052940745087689 ], [ 12.213546966913592, 47.05368112807907 ], [ 12.213059526112737, 47.053631477869985 ], [ 12.212632858033301, 47.054242314871416 ], [ 12.213850986643534, 47.054743618073751 ] ] ], [ [ [ 12.214170807723171, 47.058905025460902 ], [ 12.213965449307183, 47.058166024286798 ], [ 12.214888038622151, 47.058081601760534 ], [ 12.215417157252615, 47.057716263142524 ], [ 12.215768865460181, 47.057106740884677 ], [ 12.215555826375462, 47.056407853832688 ], [ 12.216005331835667, 47.056182927449214 ], [ 12.213102383673942, 47.055079907209389 ], [ 12.212170044791842, 47.055408394231449 ], [ 12.211586052568888, 47.055179784495316 ], [ 12.21178532057904, 47.055387938447964 ], [ 12.211326202879437, 47.05531691870894 ], [ 12.211280908677855, 47.055614738545565 ], [ 12.210323978947837, 47.055393990475352 ], [ 12.210413200960273, 47.055757133959197 ], [ 12.209906801418997, 47.055532377091936 ], [ 12.210335118870846, 47.056070269325723 ], [ 12.210904276428849, 47.056077330087128 ], [ 12.211291400699858, 47.057051120551236 ], [ 12.210268444310517, 47.05679088608705 ], [ 12.210389311203075, 47.057052394688256 ], [ 12.209600533509835, 47.057236765469682 ], [ 12.20913619613134, 47.056800649398298 ], [ 12.208518350921173, 47.056754637461246 ], [ 12.208186205773284, 47.057397356226424 ], [ 12.207296073618618, 47.057307148883275 ], [ 12.208911459568451, 47.058810812904944 ], [ 12.209204621472193, 47.058641359953093 ], [ 12.208309148021378, 47.057480282195044 ], [ 12.209068181421372, 47.057211390931492 ], [ 12.209789582159763, 47.057649882912358 ], [ 12.209705502351824, 47.058212717364903 ], [ 12.213073513170258, 47.058383058123006 ], [ 12.214170807723171, 47.058905025460902 ] ] ] ] } },
{ "type": "Feature", "properties": { "HOM_ID": 212.0, "area_97": 0.03478935393, "region": "Hohe Tauern", "name_d": "Gamstodkees", "name_it": null, "area_05": 0.0274562337, "area_17": 0.00701295, "change_pct": -79.841677962428321, "status": "present" }, "geometry": { "type": "Polygon", "coordinates": [ [ [ 12.205207495056916, 47.059255814929287 ], [ 12.204721077070641, 47.059013200459198 ], [ 12.205007258218719, 47.059008062917144 ], [ 12.20520498462751, 47.057528419468177 ], [ 12.204104130720953, 47.05726126749299 ], [ 12.204085018426753, 47.057796460778192 ], [ 12.203451703268984, 47.057270900250828 ], [ 12.202674020753436, 47.057580582954444 ], [ 12.203023446296514, 47.057927810773407 ], [ 12.202339443766197, 47.057621619036787 ], [ 12.202702204310766, 47.05812106673055 ], [ 12.201941442401683, 47.058994576183828 ], [ 12.202623950739312, 47.059064725558997 ], [ 12.202367299105866, 47.058773258189746 ], [ 12.20264713111812, 47.058678276054614 ], [ 12.203855121058766, 47.059256265071653 ], [ 12.205207495056916, 47.059255814929287 ] ], [ [ 12.203722912233397, 47.058746583670306 ], [ 12.203919501849935, 47.058736280847107 ], [ 12.203885492957653, 47.058800097735016 ], [ 12.203722912233397, 47.058746583670306 ] ], [ [ 12.203485832566095, 47.058061944699169 ], [ 12.203494164943159, 47.057933188858797 ], [ 12.203651992698028, 47.058111918293164 ], [ 12.203485832566095, 47.058061944699169 ] ] ] } },
{ "type": "Feature", "properties": { "HOM_ID": 213.0, "area_97": 0.25094612338, "region": "Hohe Tauern", "name_d": "Kerrakees", "name_it": null, "area_05": 0.2188473534, "area_17": 0.1464, "change_pct": -41.660784383462669, "status": "present" }, "geometry": { "type": "Polygon", "coordinates": [ [ [ 12.200451856520484, 47.065812231425284 ], [ 12.201388945687892, 47.065207314446333 ], [ 12.202894872389775, 47.065165166856509 ], [ 12.202784461530728, 47.065502233448136 ], [ 12.204470005949693, 47.064315406416867 ], [ 12.206309294653025, 47.063809715247231 ], [ 12.206957850523505, 47.063148264137055 ], [ 12.206930592362134, 47.062575384714563 ], [ 12.207191357499061, 47.062335567792488 ], [ 12.207646539038626, 47.062478279140308 ], [ 12.209427890827182, 47.060895106182038 ], [ 12.210434411092464, 47.059110605440132 ], [ 12.208681432128765, 47.059119571580887 ], [ 12.208287454338933, 47.059574722668145 ], [ 12.206361665803172, 47.060324761279389 ], [ 12.205420605422455, 47.061266800497627 ], [ 12.205620102538045, 47.061800748505945 ], [ 12.205205634026088, 47.062350326612119 ], [ 12.201809308660987, 47.062855441271374 ], [ 12.199905598885209, 47.062707280227492 ], [ 12.197816857251862, 47.06367439845225 ], [ 12.197353340975909, 47.064519773005536 ], [ 12.198020675804393, 47.06489843796701 ], [ 12.197877900863604, 47.065469612570283 ], [ 12.198283833147441, 47.065774967552699 ], [ 12.200186524261795, 47.0654626438238 ], [ 12.200451856520484, 47.065812231425284 ] ] ] } },
{ "type": "Feature", "properties": { "HOM_ID": 214.0, "area_97": 0.18099472004, "region": "Hohe Tauern", "name_d": "Rosshufkees", "name_it": null, "area_05": 0.1671209358, "area_17": 0.13964, "change_pct": -22.84857814131848, "status": "present" }, "geometry": { "type": "Polygon", "coordinates": [ [ [ 12.207689531120737, 47.067182444225125 ], [ 12.211409246629486, 47.064347551917649 ], [ 12.212307995491756, 47.062564045377137 ], [ 12.212024374974037, 47.062093344396999 ], [ 12.212455809852766, 47.062207870139112 ], [ 12.213371206294276, 47.061509129217583 ], [ 12.213094802022677, 47.061176865449831 ], [ 12.213654549765891, 47.060772667668495 ], [ 12.213548380873707, 47.060242779830141 ], [ 12.214047285297584, 47.060198622851821 ], [ 12.213543750161868, 47.059986729585475 ], [ 12.213895735308883, 47.059778878351942 ], [ 12.212011264157718, 47.059799555732418 ], [ 12.207753646188257, 47.063476934132169 ], [ 12.207601704911783, 47.064400269951058 ], [ 12.206380890142205, 47.066507442474283 ], [ 12.206040189846105, 47.066555636400629 ], [ 12.20746107177837, 47.066832163581999 ], [ 12.207689531120737, 47.067182444225125 ] ] ] } },
{ "type": "Feature", "properties": { "HOM_ID": 215.0, "area_97": 1.3655409295099998, "region": "Hohe Tauern", "name_d": "Lahnerkees Aeusseres", "name_it": "Vedretta di Lana", "area_05": 1.2257391515, "area_17": 1.003189536, "change_pct": -26.535374054296796, "status": "present" }, "geometry": { "type": "MultiPolygon", "coordinates": [ [ [ [ 12.209083842442816, 47.072732127530827 ], [ 12.209471824201277, 47.071554169522031 ], [ 12.210459357243527, 47.07129530528465 ], [ 12.210928751832864, 47.071483044194757 ], [ 12.211915948698188, 47.07052083857937 ], [ 12.214165263894804, 47.069308763947426 ], [ 12.216301335295444, 47.068418806879336 ], [ 12.218689089053013, 47.068023982103824 ], [ 12.218971133924793, 47.067268879005567 ], [ 12.221066205617694, 47.066434901521461 ], [ 12.222308113979715, 47.066467182612648 ], [ 12.222663570829861, 47.067260442307372 ], [ 12.221825814742875, 47.067203421157721 ], [ 12.221814087503381, 47.067707595476932 ], [ 12.22120534152385, 47.067744889965738 ], [ 12.221103515710508, 47.068071744134521 ], [ 12.220507341114004, 47.067839396331571 ], [ 12.220966276522581, 47.068252585514074 ], [ 12.219594209311403, 47.068694982720359 ], [ 12.219503775601394, 47.069016404788954 ], [ 12.220381712812257, 47.068812901030761 ], [ 12.220940288903469, 47.069070030223472 ], [ 12.223719298012938, 47.069223897940866 ], [ 12.224362118440283, 47.068977479059264 ], [ 12.225558747984032, 47.069390965547342 ], [ 12.225879222568727, 47.068723199742429 ], [ 12.226842337701086, 47.068328548311506 ], [ 12.228325729746787, 47.068145994832932 ], [ 12.231055223840384, 47.068533376316857 ], [ 12.23365254458642, 47.068229773682589 ], [ 12.234896134444448, 47.068370471491505 ], [ 12.235852110102027, 47.067540306076459 ], [ 12.23476380938631, 47.065978306388608 ], [ 12.233306428831135, 47.065503333548293 ], [ 12.232984464283438, 47.065126630901013 ], [ 12.232485407911367, 47.065304841359541 ], [ 12.232763882306697, 47.064962996646308 ], [ 12.231563739412456, 47.065168551684515 ], [ 12.231046652346091, 47.06490985262797 ], [ 12.229980674669944, 47.065204373396909 ], [ 12.229672613733511, 47.065018870407812 ], [ 12.230081238174169, 47.064810504375259 ], [ 12.228381421518597, 47.064363886371268 ], [ 12.22607209406204, 47.064426402610579 ], [ 12.225079015116789, 47.063920941859152 ], [ 12.223758549250242, 47.064273615139953 ], [ 12.221648032073126, 47.063835051634953 ], [ 12.221359137796135, 47.063591129483825 ], [ 12.222196428899268, 47.063540034918169 ], [ 12.223779536031376, 47.062832497204965 ], [ 12.224425995768582, 47.063337571600933 ], [ 12.224849733109691, 47.063306754439019 ], [ 12.224581604236034, 47.062843493516411 ], [ 12.225206324327109, 47.063025482003823 ], [ 12.225034522387277, 47.062736545664272 ], [ 12.225695782085321, 47.062530007560731 ], [ 12.225899653684467, 47.061997282934165 ], [ 12.22660217675047, 47.062126958877499 ], [ 12.225032077787244, 47.061324957679993 ], [ 12.222647419841978, 47.061064701286242 ], [ 12.220341729819243, 47.061479528897443 ], [ 12.219138724399812, 47.062915723051177 ], [ 12.219657452859884, 47.063049129792809 ], [ 12.214997531949491, 47.064347066348169 ], [ 12.216552214896989, 47.062897823436792 ], [ 12.217064581548305, 47.063010097855525 ], [ 12.218002881907188, 47.062616805997457 ], [ 12.221275498601461, 47.060532883129596 ], [ 12.219598462447767, 47.060217912153924 ], [ 12.217440430568711, 47.061229872766049 ], [ 12.217239814174787, 47.060899672439355 ], [ 12.217597973671362, 47.060476416929511 ], [ 12.217273899773751, 47.060062301748317 ], [ 12.215702449309054, 47.059897104634544 ], [ 12.215762630191007, 47.060394677486947 ], [ 12.215186255650664, 47.060360626756989 ], [ 12.214499400757795, 47.060920028206013 ], [ 12.214482022247093, 47.06164227703885 ], [ 12.212712746404723, 47.063173230452392 ], [ 12.212430672865731, 47.064400299623586 ], [ 12.210546331808995, 47.065814919119731 ], [ 12.210074045711645, 47.066818875325303 ], [ 12.20777777683965, 47.068137082725791 ], [ 12.2070584933187, 47.06808814845504 ], [ 12.208306116437809, 47.069719472201371 ], [ 12.208860213689354, 47.06980094503411 ], [ 12.207684772693327, 47.070568253932542 ], [ 12.206854986494811, 47.071949382701675 ], [ 12.207430968684909, 47.072295058724151 ], [ 12.207442905292588, 47.072776628884775 ], [ 12.208460400882798, 47.073058595681125 ], [ 12.209083842442816, 47.072732127530827 ] ] ], [ [ [ 12.23691753256302, 47.065295656689855 ], [ 12.235178630499547, 47.065711447831006 ], [ 12.236747584827352, 47.06712678176131 ], [ 12.235901229805972, 47.066928071379202 ], [ 12.236094572881477, 47.067255865622421 ], [ 12.236517145806637, 47.067171688980274 ], [ 12.236149149502342, 47.067589012946833 ], [ 12.236504785852956, 47.067709472755283 ], [ 12.237632709887135, 47.067084462560835 ], [ 12.237297110638133, 47.067758074551207 ], [ 12.237136831840782, 47.067662800417359 ], [ 12.236221963297082, 47.0681416623313 ], [ 12.237911185164437, 47.067971026252572 ], [ 12.236966061327264, 47.068275124244323 ], [ 12.236197327078052, 47.068986898402926 ], [ 12.237563488714544, 47.069806234669237 ], [ 12.238418956412684, 47.069951879187187 ], [ 12.240766069564911, 47.069135859219628 ], [ 12.240328846854306, 47.068948339378551 ], [ 12.240423986667139, 47.0683446827097 ], [ 12.238675203772686, 47.06614996180339 ], [ 12.23691753256302, 47.065295656689855 ] ], [ [ 12.236637664948564, 47.066889005870792 ], [ 12.236828859350833, 47.066799142911314 ], [ 12.236872996059738, 47.066878508885779 ], [ 12.236637664948564, 47.066889005870792 ] ] ] ] } },
{ "type": "Feature", "properties": { "HOM_ID": 216.0, "area_97": 0.7728460406, "region": "Hohe Tauern", "name_d": "Prettaukees", "name_it": "Vedretta di Predoi", "area_05": 0.7118064456000001, "area_17": 0.5847545, "change_pct": -24.337517528584968, "status": "present" }, "geometry": { "type": "MultiPolygon", "coordinates": [ [ [ [ 12.23376677525499, 47.073321973202475 ], [ 12.236193656687188, 47.072867083768514 ], [ 12.237309296992299, 47.071620537271016 ], [ 12.238846193772174, 47.071252659869828 ], [ 12.238674027079497, 47.0706836301867 ], [ 12.239111493286616, 47.07043899822402 ], [ 12.238484841709761, 47.070343492082735 ], [ 12.238104870993803, 47.069914703232534 ], [ 12.236534647804366, 47.070168106198302 ], [ 12.235212789773744, 47.070905167770242 ], [ 12.235475503311802, 47.071513106173413 ], [ 12.234990318146343, 47.07183200493661 ], [ 12.234721462817767, 47.071474918848985 ], [ 12.234762257042599, 47.072009279631821 ], [ 12.234319229353799, 47.071234848353619 ], [ 12.233059764885478, 47.070709978810314 ], [ 12.233009552898121, 47.071411981220393 ], [ 12.232626887006662, 47.071587862319035 ], [ 12.233588844781783, 47.072395621130354 ], [ 12.232398976086332, 47.07218547861833 ], [ 12.2336778877357, 47.072887451333727 ], [ 12.23376677525499, 47.073321973202475 ] ] ], [ [ [ 12.222745560100593, 47.07661812655401 ], [ 12.226160218609841, 47.074863797140644 ], [ 12.227420178424245, 47.074873083576236 ], [ 12.22782101633792, 47.075203527514425 ], [ 12.22742051038164, 47.074651679624232 ], [ 12.228057457948639, 47.074904749082826 ], [ 12.23125749000118, 47.074608822555156 ], [ 12.231084738908526, 47.073037565943736 ], [ 12.232986972272899, 47.073780527689394 ], [ 12.232837456209323, 47.073349206045009 ], [ 12.229392160297248, 47.072266070449899 ], [ 12.229146538897163, 47.071340171520063 ], [ 12.231959016652496, 47.071229087069035 ], [ 12.232693883064229, 47.070470382825896 ], [ 12.234013939341251, 47.07022955103308 ], [ 12.234012827779287, 47.069700668579841 ], [ 12.234481966180995, 47.069329555061458 ], [ 12.235007424933491, 47.069378039385903 ], [ 12.234709736230103, 47.069124456644531 ], [ 12.233962141175919, 47.068817372428299 ], [ 12.233181412817615, 47.068937327543168 ], [ 12.231383591429296, 47.068613834682409 ], [ 12.22693130076707, 47.069184772994014 ], [ 12.225447967845815, 47.069567950689191 ], [ 12.218232937204826, 47.072842653363431 ], [ 12.217609242287081, 47.07356782527053 ], [ 12.218259672962574, 47.073918057077684 ], [ 12.218986893333126, 47.073770918168471 ], [ 12.218743960035484, 47.074063925935015 ], [ 12.219758045554954, 47.074511838515846 ], [ 12.217374207774442, 47.075584633075181 ], [ 12.217562825554708, 47.075864674913383 ], [ 12.216553558471082, 47.076340208541872 ], [ 12.216766449422146, 47.076607707711197 ], [ 12.216362138414675, 47.076944633356398 ], [ 12.21700565572781, 47.077883103550917 ], [ 12.218648687252431, 47.078479125625528 ], [ 12.220644628281434, 47.077809344587791 ], [ 12.22196082670664, 47.076735168835278 ], [ 12.222745560100593, 47.07661812655401 ] ] ] ] } },
{ "type": "Feature", "properties": { "HOM_ID": 217.0, "area_97": 0.04367534583, "region": "Rieserfernergruppe", "name_d": null, "name_it": null, "area_05": 0.0299050369, "area_17": 0.0230912, "change_pct": -47.129897746249853, "status": "present" }, "geometry": { "type": "Polygon", "coordinates": [ [ [ 12.015344092717857, 46.892906072428666 ], [ 12.014987896993313, 46.891569978627636 ], [ 12.014460290047264, 46.891552897445436 ], [ 12.014733013749021, 46.890870753330866 ], [ 12.01406926745479, 46.891506325004812 ], [ 12.013466388419722, 46.891458677024509 ], [ 12.013626266520902, 46.890987771864118 ], [ 12.013300470408323, 46.891351049215977 ], [ 12.012348093499801, 46.891272502399801 ], [ 12.011902958170303, 46.89170113217881 ], [ 12.01232228545806, 46.892017229853614 ], [ 12.01177646981734, 46.891889086472162 ], [ 12.011895275912764, 46.892575870366436 ], [ 12.012177980069083, 46.892730376793381 ], [ 12.01257758674253, 46.892188652048063 ], [ 12.014062415615271, 46.893642723164504 ], [ 12.014358031826886, 46.892905037955472 ], [ 12.014350941682622, 46.893648075526791 ], [ 12.015344092717857, 46.892906072428666 ] ] ] } },
{ "type": "Feature", "properties": { "HOM_ID": 218.0, "area_97": 0.00874079134, "region": "Rieserfernergruppe", "name_d": null, "name_it": null, "area_05": 0.0042439596, "area_17": 0.002257394, "change_pct": -74.174031707293921, "status": "present" }, "geometry": { "type": "Polygon", "coordinates": [ [ [ 12.029816464522652, 46.893072757672996 ], [ 12.028720179765346, 46.892036319561747 ], [ 12.028272172645206, 46.89192182928079 ], [ 12.028555816347092, 46.892428816026658 ], [ 12.028246478515323, 46.892904987555042 ], [ 12.02900834663803, 46.892844326197284 ], [ 12.028758055106422, 46.893025109583768 ], [ 12.029486464506085, 46.893626440383954 ], [ 12.029816464522652, 46.893072757672996 ] ] ] } },
{ "type": "Feature", "properties": { "HOM_ID": 219.0, "area_97": 0.35624029272000002, "region": "Rieserfernergruppe", "name_d": "Althauskees", "name_it": "Vedretta di Casavecchia", "area_05": 0.3056082754, "area_17": 0.186828, "change_pct": -47.555623600712615, "status": "present" }, "geometry": { "type": "Polygon", "coordinates": [ [ [ 12.043889734415385, 46.900174469137383 ], [ 12.045033256606914, 46.899951470200449 ], [ 12.045307914725628, 46.89846068373808 ], [ 12.044758175900432, 46.89741584114541 ], [ 12.043408829866376, 46.89629416101819 ], [ 12.041964089578915, 46.89644898630921 ], [ 12.041332176968153, 46.895869886672024 ], [ 12.039463593942139, 46.895104142115386 ], [ 12.037025906501807, 46.893389981385205 ], [ 12.036899862468895, 46.892915537349317 ], [ 12.034577718368602, 46.893576278662827 ], [ 12.033920222763511, 46.893198673501189 ], [ 12.031734419961197, 46.892812887182529 ], [ 12.030439476888713, 46.89349082155573 ], [ 12.03032210184862, 46.894171170104372 ], [ 12.033346007183434, 46.895163797953984 ], [ 12.033578151015567, 46.895844314128617 ], [ 12.034683843161142, 46.895342084970338 ], [ 12.035685238743978, 46.895503374376872 ], [ 12.035845782784239, 46.895835971302631 ], [ 12.035176356599019, 46.896365504360062 ], [ 12.03576632357105, 46.897100731414398 ], [ 12.036405564809373, 46.897296792364571 ], [ 12.036571808931809, 46.898064582839304 ], [ 12.037586649337511, 46.898128327519366 ], [ 12.038277505192028, 46.897643558245186 ], [ 12.039064106018641, 46.897849391908657 ], [ 12.04004287418114, 46.897609605222918 ], [ 12.039904926103977, 46.898345291060011 ], [ 12.040667815873329, 46.899802008556186 ], [ 12.041494724020993, 46.899216431635963 ], [ 12.042980978467211, 46.899092684926394 ], [ 12.043547801647041, 46.899270822418615 ], [ 12.043889734415385, 46.900174469137383 ] ] ] } },
{ "type": "Feature", "properties": { "HOM_ID": 220.0, "area_97": 0.72287043105000004, "region": "Rieserfernergruppe", "name_d": "Gelttalferner Grosser", "name_it": "Vedretta di Val Fredda", "area_05": 0.5918638943000001, "area_17": 0.45720619, "change_pct": -36.751294511259992, "status": "present" }, "geometry": { "type": "MultiPolygon", "coordinates": [ [ [ [ 12.067878347271835, 46.886321680344679 ], [ 12.070175063263758, 46.886085141728742 ], [ 12.069401303426066, 46.885772289010688 ], [ 12.070708601721233, 46.885188996564032 ], [ 12.070398303006781, 46.884368936630878 ], [ 12.069270675201665, 46.884311750103521 ], [ 12.068225369841141, 46.884951975587825 ], [ 12.068553943886922, 46.885328605857545 ], [ 12.067926610881965, 46.885760032191911 ], [ 12.067878347271835, 46.886321680344679 ] ], [ [ 12.06935331032733, 46.885676406341773 ], [ 12.06809956389105, 46.885810456045569 ], [ 12.068914249897157, 46.885681710555453 ], [ 12.068766499023559, 46.885245165342148 ], [ 12.06935331032733, 46.885676406341773 ] ] ], [ [ [ 12.063915354199921, 46.89016017845303 ], [ 12.065003525620389, 46.890588450129876 ], [ 12.066321380874365, 46.8905822769417 ], [ 12.066364364305075, 46.890176245242721 ], [ 12.06787703674966, 46.889278954562151 ], [ 12.067332652293189, 46.889070710448578 ], [ 12.067780418167601, 46.888524625106449 ], [ 12.067287897114197, 46.888552669334288 ], [ 12.067576748912566, 46.88814468946525 ], [ 12.066602040940843, 46.887475738341365 ], [ 12.066800214975117, 46.887258518405034 ], [ 12.06553201752901, 46.887463382023377 ], [ 12.064222884000904, 46.887018971792386 ], [ 12.063954510188271, 46.886773442534391 ], [ 12.064371918454528, 46.886388151231095 ], [ 12.063543050408898, 46.885688051096011 ], [ 12.060759781237712, 46.886008737697004 ], [ 12.058212854802758, 46.888823569839658 ], [ 12.057060330386268, 46.888828469554831 ], [ 12.057311912190256, 46.889430682909854 ], [ 12.060046852715304, 46.889668489096366 ], [ 12.0607904289321, 46.89011501261318 ], [ 12.061472040082492, 46.890022444801922 ], [ 12.061429781302035, 46.890888224832104 ], [ 12.063915354199921, 46.89016017845303 ] ] ], [ [ [ 12.070654386275899, 46.892863120533271 ], [ 12.071248930631409, 46.89166439679299 ], [ 12.071907333955332, 46.891237669210582 ], [ 12.072210753685965, 46.891284193789254 ], [ 12.07209751627706, 46.891617617397849 ], [ 12.075201315446831, 46.890206199717163 ], [ 12.077376686043111, 46.890184945775246 ], [ 12.077621860433835, 46.888177829522704 ], [ 12.077815164053765, 46.887910899487473 ], [ 12.078231072778802, 46.888460578287329 ], [ 12.078614221011129, 46.887546323114329 ], [ 12.078667380156547, 46.886937561265327 ], [ 12.078227729447436, 46.886537475789069 ], [ 12.078775259454453, 46.88636311667171 ], [ 12.078182064761355, 46.885843978729312 ], [ 12.07892161263101, 46.884878300071293 ], [ 12.076590834270727, 46.884505981332602 ], [ 12.07763078924747, 46.88437240217268 ], [ 12.075617746836706, 46.884172848889591 ], [ 12.075285411473702, 46.883701458706135 ], [ 12.07460385534451, 46.883534826678286 ], [ 12.073213472676549, 46.884260999506012 ], [ 12.072439765003647, 46.883718129544299 ], [ 12.072018400871137, 46.884349162095319 ], [ 12.071330549328104, 46.884564840306936 ], [ 12.071762691431783, 46.885195354927959 ], [ 12.070506864114629, 46.88577966348484 ], [ 12.071259204631207, 46.885908438928162 ], [ 12.070614395991386, 46.887296363089575 ], [ 12.070229288574184, 46.887425885943713 ], [ 12.070656473099527, 46.888181704819218 ], [ 12.068414536316622, 46.88934227285035 ], [ 12.070082541451351, 46.889535908269949 ], [ 12.071076202793419, 46.889989490680669 ], [ 12.07109563780811, 46.890367933368516 ], [ 12.070313408852561, 46.890287180924311 ], [ 12.070413609352608, 46.890664652475287 ], [ 12.070661154073214, 46.890390940841314 ], [ 12.071318904060066, 46.890763805178665 ], [ 12.070117931278279, 46.89253390153663 ], [ 12.070135647277517, 46.892987852620642 ], [ 12.070654386275899, 46.892863120533271 ] ] ] ] } },
{ "type": "Feature", "properties": { "HOM_ID": 221.0, "area_97": 0.18399186798, "region": "Rieserfernergruppe", "name_d": "Gelttalferner Kleiner", "name_it": "Vedretta di Val Fredda", "area_05": 0.1572097828, "area_17": 0.0742369, "change_pct": -59.652075488428878, "status": "present" }, "geometry": { "type": "Polygon", "coordinates": [ [ [ 12.081685021990179, 46.902343254912481 ], [ 12.081889943351621, 46.901631623714707 ], [ 12.083385582987455, 46.901507098112674 ], [ 12.084259928938501, 46.901755601784387 ], [ 12.084623077095241, 46.901331212080485 ], [ 12.085247527920524, 46.902001043806017 ], [ 12.086676164254214, 46.90115975747463 ], [ 12.08656817713771, 46.900256096297348 ], [ 12.087078427754717, 46.899862007020936 ], [ 12.086500156265881, 46.899479879529366 ], [ 12.086464801195023, 46.898952483610465 ], [ 12.086010900004862, 46.899258652815895 ], [ 12.084823614323671, 46.898605241920322 ], [ 12.084967708237313, 46.898440298019544 ], [ 12.084186992309043, 46.898378759065473 ], [ 12.084562882456881, 46.897740995517957 ], [ 12.083429369985589, 46.898080352505524 ], [ 12.083414985294551, 46.897833367895558 ], [ 12.082933010276763, 46.898023196418329 ], [ 12.081497143815092, 46.897748889153171 ], [ 12.080422853262013, 46.898719504692394 ], [ 12.080473969296859, 46.900177261527411 ], [ 12.081153203116186, 46.900815803061526 ], [ 12.08047247834685, 46.900976657111151 ], [ 12.079577231222201, 46.900527866347289 ], [ 12.07995493759393, 46.901016507266583 ], [ 12.079506822296946, 46.901443169795435 ], [ 12.081007738872433, 46.902069988208666 ], [ 12.08106180658689, 46.902353567108314 ], [ 12.081685021990179, 46.902343254912481 ] ], [ [ 12.084933759467292, 46.90089851927128 ], [ 12.085152062067321, 46.90116147038983 ], [ 12.084914580490207, 46.90122293941269 ], [ 12.084777528193211, 46.901058206955106 ], [ 12.084933759467292, 46.90089851927128 ] ] ] } },
{ "type": "Feature", "properties": { "HOM_ID": 222.0, "area_97": 0.01419595909, "region": "Rieserfernergruppe", "name_d": "Schneebigernockferner", "name_it": "Vedretta di Monte Nevoso", "area_05": 0.0051417419, "area_17": 0.00419186, "change_pct": -70.471456183944241, "status": "present" }, "geometry": { "type": "Polygon", "coordinates": [ [ [ 12.081984447119408, 46.9066158313261 ], [ 12.082858401485778, 46.906230669172167 ], [ 12.083157726655397, 46.905848025852308 ], [ 12.08237215590488, 46.906278731326388 ], [ 12.08284983988645, 46.905693946706918 ], [ 12.082249668866964, 46.904784119636631 ], [ 12.081105158448899, 46.905581714029857 ], [ 12.08152552469506, 46.905742057911979 ], [ 12.081173884419218, 46.906120780202457 ], [ 12.082410440337599, 46.906425068073439 ], [ 12.081378213428357, 46.90665635058928 ], [ 12.081984447119408, 46.9066158313261 ] ] ] } },
{ "type": "Feature", "properties": { "HOM_ID": 223.0, "area_97": 0.57654420822999997, "region": "Rieserfernergruppe", "name_d": "Schneebigernockferner", "name_it": "Vedretta di Monte Nevoso", "area_05": 0.4559705864, "area_17": 0.225082658, "change_pct": -60.960034844334423, "status": "present" }, "geometry": { "type": "Polygon", "coordinates": [ [ [ 12.085712291143363, 46.909219814787484 ], [ 12.085487236890547, 46.908998665548552 ], [ 12.084981231460928, 46.909117172069074 ], [ 12.084883970183, 46.908597890805183 ], [ 12.084203832664006, 46.908225411108873 ], [ 12.084006971699724, 46.908457546868078 ], [ 12.084336059175389, 46.907084834533727 ], [ 12.083944949566112, 46.906494685913628 ], [ 12.083116760115635, 46.906281425987011 ], [ 12.083157726655397, 46.905848025852308 ], [ 12.081718406137856, 46.906833573721563 ], [ 12.081134767707285, 46.906743366936006 ], [ 12.079547838958996, 46.907188106707679 ], [ 12.078846352683655, 46.908884810092331 ], [ 12.078233087260747, 46.909133450365005 ], [ 12.078515790519265, 46.909514983180607 ], [ 12.078877664140256, 46.909266172781614 ], [ 12.078419480193816, 46.909683384336873 ], [ 12.078524471993154, 46.910360754174384 ], [ 12.077916371377098, 46.910242619540057 ], [ 12.077808407422536, 46.910603006176075 ], [ 12.077874777951337, 46.911395294253765 ], [ 12.078790463692096, 46.910878317491274 ], [ 12.079416408546637, 46.911243671999046 ], [ 12.079688885207055, 46.911709233487301 ], [ 12.078915283497565, 46.911736538835065 ], [ 12.079535006794666, 46.912725730948146 ], [ 12.078243766903642, 46.913050225183113 ], [ 12.076413051997701, 46.914427481381857 ], [ 12.077536048681669, 46.915782899995826 ], [ 12.078628987568305, 46.915812464477455 ], [ 12.080419054946031, 46.916528677938949 ], [ 12.080950799108034, 46.916404229345467 ], [ 12.081637294229314, 46.915187295273618 ], [ 12.081186178679507, 46.914739506138233 ], [ 12.081628769361519, 46.913885435331288 ], [ 12.081722499086949, 46.911936915067471 ], [ 12.082556065137773, 46.912305363620476 ], [ 12.083055856204654, 46.910828365579071 ], [ 12.083777213415658, 46.910598413379724 ], [ 12.083776880933659, 46.910924235415145 ], [ 12.084228013600494, 46.910725506959935 ], [ 12.084222751281544, 46.911385706877894 ], [ 12.084634953812508, 46.911180925790454 ], [ 12.084222770792774, 46.911672803316876 ], [ 12.084335938687266, 46.913336009093584 ], [ 12.085147741038233, 46.913405411005456 ], [ 12.085581298107376, 46.914377666743142 ], [ 12.085646208579053, 46.913909016075557 ], [ 12.086498056966978, 46.913712775530932 ], [ 12.086969443068, 46.914128620893884 ], [ 12.088244718232838, 46.913556389507733 ], [ 12.088632440599033, 46.913845235999752 ], [ 12.088173718558403, 46.914172709578459 ], [ 12.08869821669928, 46.913878170943057 ], [ 12.088801749228367, 46.91414624451577 ], [ 12.08829207362403, 46.914656968075469 ], [ 12.088537878767319, 46.915359938663549 ], [ 12.090383534878002, 46.915971798066309 ], [ 12.090649561292466, 46.915825978459004 ], [ 12.090352943155128, 46.91559456980719 ], [ 12.090684587645399, 46.915737664086954 ], [ 12.091806062395083, 46.915371190437412 ], [ 12.092154080948085, 46.915011966894532 ], [ 12.091595286950991, 46.913995123457504 ], [ 12.091785887804422, 46.91370198064773 ], [ 12.091499774299551, 46.913960363306067 ], [ 12.091540315744897, 46.913497047639758 ], [ 12.090718357868845, 46.913362034194201 ], [ 12.090612263923225, 46.913604777203787 ], [ 12.090003821868574, 46.913183469824752 ], [ 12.089899738383691, 46.913448630265819 ], [ 12.089240803269735, 46.913165603533344 ], [ 12.089576377782643, 46.912629764176579 ], [ 12.090280838424949, 46.912964574766072 ], [ 12.09069122552477, 46.912761737817931 ], [ 12.087990484886951, 46.911929944044715 ], [ 12.088907745990063, 46.911724764450817 ], [ 12.090290207344488, 46.912202441935968 ], [ 12.089219319493301, 46.911298720687576 ], [ 12.086987230149143, 46.911170727445608 ], [ 12.087042438308075, 46.910957781569856 ], [ 12.08630263820773, 46.911105222046075 ], [ 12.08681370204104, 46.9108941825369 ], [ 12.087443633007709, 46.911011991072883 ], [ 12.088063489624066, 46.9107684008208 ], [ 12.08708528322388, 46.910683513755366 ], [ 12.087291355569866, 46.910390584465709 ], [ 12.087108381400096, 46.910204876709379 ], [ 12.087004475585033, 46.910647366583568 ], [ 12.085756958677736, 46.910908403122605 ], [ 12.08694617431563, 46.910015541945469 ], [ 12.087746790573881, 46.910565038941925 ], [ 12.088488756959872, 46.910502496467672 ], [ 12.087974125260146, 46.910414708086165 ], [ 12.088237428074853, 46.910290143913379 ], [ 12.086926624260679, 46.909258956955604 ], [ 12.086300965109235, 46.90903987475469 ], [ 12.085712291143363, 46.909219814787484 ] ], [ [ 12.085617617096664, 46.909476653763285 ], [ 12.085565864950867, 46.909348455977472 ], [ 12.085708363449674, 46.909371546129051 ], [ 12.085617617096664, 46.909476653763285 ] ], [ [ 12.085675967356057, 46.911193392290045 ], [ 12.085947966643767, 46.911283787707681 ], [ 12.08526339373255, 46.911466637567472 ], [ 12.085675967356057, 46.911193392290045 ] ], [ [ 12.085687235803835, 46.911401609237238 ], [ 12.08625452264117, 46.911302486671424 ], [ 12.085640984590441, 46.911492834863274 ], [ 12.085687235803835, 46.911401609237238 ] ], [ [ 12.088101458494545, 46.913362942216729 ], [ 12.087976721486561, 46.913544331613693 ], [ 12.087860105155073, 46.913318602518224 ], [ 12.088101458494545, 46.913362942216729 ] ], [ [ 12.086561523208058, 46.913678600704728 ], [ 12.086875402387877, 46.913698791474481 ], [ 12.086811009024617, 46.913799552842306 ], [ 12.086561523208058, 46.913678600704728 ] ], [ [ 12.089355626590883, 46.91375841976307 ], [ 12.089168027413571, 46.914232510342593 ], [ 12.088829206998765, 46.913838652457976 ], [ 12.089355626590883, 46.91375841976307 ] ], [ [ 12.090638293501666, 46.915255132778491 ], [ 12.090668783259455, 46.91562350797188 ], [ 12.090605782310648, 46.915611216625535 ], [ 12.090638293501666, 46.915255132778491 ] ], [ [ 12.09011129612932, 46.915748872933008 ], [ 12.090245124389156, 46.915880907940618 ], [ 12.090017096321311, 46.915769130318708 ], [ 12.09011129612932, 46.915748872933008 ] ] ] } },
{ "type": "Feature", "properties": { "HOM_ID": 224.0, "area_97": 2.2478748855799999, "region": "Rieserfernergruppe", "name_d": "Rieserferner Westlicher", "name_it": "Vedretta di Ries Occidentale", "area_05": 2.0148363978, "area_17": 1.67408, "change_pct": -25.526104200054199, "status": "present" }, "geometry": { "type": "Polygon", "coordinates": [ [ [ 12.098372382848943, 46.917026580660547 ], [ 12.098115558098632, 46.913290926608681 ], [ 12.098753666651655, 46.912166270640441 ], [ 12.099246054374792, 46.912166371423034 ], [ 12.099305997113369, 46.913306168279981 ], [ 12.100067762577559, 46.914411433616941 ], [ 12.101752367395285, 46.915302719160515 ], [ 12.10279271241728, 46.915431215232566 ], [ 12.10306609965599, 46.915782439267446 ], [ 12.103744596472392, 46.9127594429171 ], [ 12.104069726674298, 46.912813848339162 ], [ 12.103634152309285, 46.911498471165537 ], [ 12.103789275952158, 46.910562306124973 ], [ 12.104185185621336, 46.910729516860378 ], [ 12.104574591698151, 46.910279233709126 ], [ 12.10498744541384, 46.910685912184128 ], [ 12.105407995624223, 46.910563094337029 ], [ 12.105639648447283, 46.910993987481277 ], [ 12.106095514409802, 46.910594433395161 ], [ 12.105302389186646, 46.909994991480275 ], [ 12.105138012315537, 46.91037000568717 ], [ 12.104835006251111, 46.909641353227521 ], [ 12.105347862113025, 46.909581330348999 ], [ 12.105028492324765, 46.909276689992964 ], [ 12.105767642876803, 46.909496288789214 ], [ 12.106210221016564, 46.909227740238997 ], [ 12.107639799146344, 46.909813669078574 ], [ 12.106982029979095, 46.908778273612178 ], [ 12.108188085864249, 46.908657292223765 ], [ 12.109626075982026, 46.911169363292103 ], [ 12.110757448074001, 46.911309656495298 ], [ 12.111270466218835, 46.910410208469926 ], [ 12.110598420533698, 46.908989280788212 ], [ 12.110046929109282, 46.909159752222486 ], [ 12.110210760475837, 46.910059900250509 ], [ 12.109869549298237, 46.910122674029367 ], [ 12.109036472782389, 46.909778737367283 ], [ 12.108729816316712, 46.908463599340827 ], [ 12.107888544738675, 46.90836572770408 ], [ 12.108091802828978, 46.907522968196382 ], [ 12.108488954778707, 46.907599748171684 ], [ 12.108445752309152, 46.906652965357523 ], [ 12.109299027055537, 46.90727910786589 ], [ 12.109452912378186, 46.907121822688111 ], [ 12.108257874503641, 46.906113784293467 ], [ 12.108843298071022, 46.906074425851386 ], [ 12.108926700574596, 46.905419109254233 ], [ 12.106874042401712, 46.90328462393969 ], [ 12.10415321332369, 46.90191576879198 ], [ 12.101341059956294, 46.899495704266421 ], [ 12.09907004463104, 46.898572240461824 ], [ 12.097220062983014, 46.899286274993614 ], [ 12.096618123071062, 46.899224038413386 ], [ 12.096020181254698, 46.898884852565651 ], [ 12.096575753047027, 46.898648586457981 ], [ 12.096176941946764, 46.898452085110293 ], [ 12.093707535022341, 46.899399468692806 ], [ 12.092950048203262, 46.900746377857807 ], [ 12.092511909414233, 46.899886776725786 ], [ 12.089962095929321, 46.900079964405357 ], [ 12.089904625024781, 46.901175700324515 ], [ 12.089150652419846, 46.902139852324552 ], [ 12.089296606793544, 46.901302040184405 ], [ 12.088885214193006, 46.901080667410611 ], [ 12.088009146524081, 46.903458196768547 ], [ 12.087502528156008, 46.903341138785628 ], [ 12.087706917002048, 46.902529037868497 ], [ 12.087214851672488, 46.902354456964524 ], [ 12.087151700598699, 46.902900319473297 ], [ 12.086887530727425, 46.902415116003723 ], [ 12.086191423099223, 46.903295484172247 ], [ 12.085541525190154, 46.903170501986217 ], [ 12.085397727062148, 46.903958227311414 ], [ 12.085828935021045, 46.904419236914805 ], [ 12.086472760687457, 46.904333697576256 ], [ 12.08689995306808, 46.904991260357512 ], [ 12.087409324893981, 46.906825633573142 ], [ 12.087148590424635, 46.907515040397321 ], [ 12.087799182453571, 46.908420438650637 ], [ 12.087731933538603, 46.908989652695794 ], [ 12.088730392108308, 46.909621982246087 ], [ 12.090131389575193, 46.911641486338056 ], [ 12.091919921572783, 46.912826042460672 ], [ 12.093163709957263, 46.914294988187386 ], [ 12.093755282636549, 46.914354923810173 ], [ 12.094437981766584, 46.915594731603022 ], [ 12.095569806114115, 46.916182731399068 ], [ 12.095716094261407, 46.916672076162243 ], [ 12.096280427987704, 46.916905934699749 ], [ 12.096969044909835, 46.916583909041535 ], [ 12.097155135681719, 46.915882299037094 ], [ 12.097849011549114, 46.91701496746488 ], [ 12.098372382848943, 46.917026580660547 ] ], [ [ 12.098354903437629, 46.909932581678994 ], [ 12.098958972916863, 46.908552719636738 ], [ 12.099194265709402, 46.909067408640546 ], [ 12.098610237653785, 46.910268493775149 ], [ 12.098354903437629, 46.909932581678994 ] ], [ [ 12.106692499035642, 46.909261040570492 ], [ 12.106680932666071, 46.909093322566598 ], [ 12.107072014586276, 46.909249325527405 ], [ 12.106692499035642, 46.909261040570492 ] ], [ [ 12.108297065848006, 46.90739363578296 ], [ 12.108372817271119, 46.907277128644644 ], [ 12.108413770295257, 46.907453793733353 ], [ 12.108297065848006, 46.90739363578296 ] ] ] } },
{ "type": "Feature", "properties": { "HOM_ID": 225.0, "area_97": 1.47725061753, "region": "Rieserfernergruppe", "name_d": "Rieserferner Oestlicher", "name_it": "Vedretta di Ries Orientale", "area_05": 1.166715563, "area_17": 0.68962061, "change_pct": -53.317290795717319, "status": "present" }, "geometry": { "type": "Polygon", "coordinates": [ [ [ 12.121836745015564, 46.909803455525676 ], [ 12.121886587651245, 46.909485001040622 ], [ 12.119623129506838, 46.910388910901823 ], [ 12.119607962048914, 46.909313964505898 ], [ 12.118532393021612, 46.908209632946317 ], [ 12.118532024921818, 46.907441598426828 ], [ 12.119069376246555, 46.906734249754251 ], [ 12.119337994240167, 46.907377425019867 ], [ 12.120052603439603, 46.906786542539855 ], [ 12.120919397111866, 46.906884113213124 ], [ 12.122142400557754, 46.906301434491134 ], [ 12.122866888493153, 46.90668162190665 ], [ 12.123338310425904, 46.906327444487978 ], [ 12.123250873014113, 46.905634970902781 ], [ 12.124000246404075, 46.905139688099858 ], [ 12.124720303515559, 46.905267698110713 ], [ 12.127074585955244, 46.904542238652184 ], [ 12.127847783607764, 46.904878167045545 ], [ 12.128826262873075, 46.904475674216066 ], [ 12.130715523807956, 46.904618316844456 ], [ 12.131135546520687, 46.905008362600064 ], [ 12.129503727378429, 46.905512375870714 ], [ 12.129425610771552, 46.905926174794836 ], [ 12.130094334126328, 46.905900086785508 ], [ 12.131006231489932, 46.905569971225951 ], [ 12.131285198358386, 46.905047697597375 ], [ 12.133081211826623, 46.904411462729939 ], [ 12.133854415845999, 46.902980130661362 ], [ 12.132163287522969, 46.902319625017135 ], [ 12.129871089225816, 46.900376144673793 ], [ 12.128464883920001, 46.900004242996786 ], [ 12.127411876614653, 46.9002263155325 ], [ 12.125645550332759, 46.900002696082467 ], [ 12.124486696731893, 46.900319709398403 ], [ 12.123916335695739, 46.900142431250416 ], [ 12.123429718435995, 46.90040995525785 ], [ 12.123338542021589, 46.901344889093998 ], [ 12.121568059226508, 46.900798584620098 ], [ 12.120704033789586, 46.90000359702708 ], [ 12.118788407580855, 46.900132178020776 ], [ 12.117910072978635, 46.900935067411204 ], [ 12.117264433372545, 46.90104687021811 ], [ 12.116130999208904, 46.904362143043905 ], [ 12.115684516569829, 46.904553896784115 ], [ 12.115683799822774, 46.903929197702794 ], [ 12.115187221586314, 46.904175475953444 ], [ 12.115193005017616, 46.903464644613692 ], [ 12.114657639190769, 46.903920615575522 ], [ 12.113794782890066, 46.903285813494847 ], [ 12.113303370826454, 46.903817911208577 ], [ 12.112714930841527, 46.903703670030573 ], [ 12.112805217254888, 46.904064140052462 ], [ 12.112201884554995, 46.904017898063678 ], [ 12.112964185561941, 46.904460727839101 ], [ 12.113978289511952, 46.907659005120536 ], [ 12.115090885435691, 46.908848879462326 ], [ 12.115385983416521, 46.909868552241925 ], [ 12.115841977312785, 46.909946106856211 ], [ 12.116405082504079, 46.910959895546448 ], [ 12.117950071111537, 46.912100590600772 ], [ 12.118530069142952, 46.91228068772083 ], [ 12.119576150709491, 46.911995997681743 ], [ 12.120551213647207, 46.913173792546395 ], [ 12.120555629618165, 46.913097219808328 ], [ 12.120674505944256, 46.912728905548065 ], [ 12.120664714705089, 46.913184937006392 ], [ 12.121523763419672, 46.912298369659887 ], [ 12.122536180940971, 46.913179205410607 ], [ 12.12320345193584, 46.912461353722776 ], [ 12.125004216814736, 46.911664652628538 ], [ 12.127762702770504, 46.911371529246615 ], [ 12.129163302666971, 46.911559951810261 ], [ 12.129094885150431, 46.912332714062089 ], [ 12.130717823692901, 46.913253534687868 ], [ 12.132728590315287, 46.913366906705591 ], [ 12.133233762149279, 46.912627523620444 ], [ 12.132686742140052, 46.912001178319862 ], [ 12.133506738276504, 46.911978036939217 ], [ 12.133593074560432, 46.911649479473112 ], [ 12.134090978943194, 46.911575158327537 ], [ 12.132911632958351, 46.911303693022241 ], [ 12.132282130111498, 46.910088271040237 ], [ 12.131713236620849, 46.909734599089155 ], [ 12.134761287175575, 46.908996811233941 ], [ 12.134573004004674, 46.908312933796878 ], [ 12.135516674081883, 46.90768696570516 ], [ 12.134855297343996, 46.907530187258523 ], [ 12.135347553475754, 46.907380654569977 ], [ 12.134761674635397, 46.907245074854792 ], [ 12.134337913171242, 46.906033856596345 ], [ 12.133375758193118, 46.90585318009996 ], [ 12.1324736113111, 46.906239521282309 ], [ 12.132295740643624, 46.905840255996971 ], [ 12.131987554644139, 46.905951896600278 ], [ 12.132342321099173, 46.906453880620397 ], [ 12.132033471588246, 46.906829588124673 ], [ 12.131569106995805, 46.906769660964677 ], [ 12.131468282518494, 46.907219884212367 ], [ 12.129697752105214, 46.907517683010056 ], [ 12.130167209804199, 46.907063761125578 ], [ 12.129483722138344, 46.907190338411191 ], [ 12.129214317033355, 46.906955369515593 ], [ 12.128912320413153, 46.907170760238529 ], [ 12.129622921220607, 46.907346533241913 ], [ 12.129369034422394, 46.907547171998132 ], [ 12.128903038026918, 46.907330144937291 ], [ 12.128850971770619, 46.907103195048833 ], [ 12.127050886316509, 46.907162614300177 ], [ 12.125921801575654, 46.908120132840857 ], [ 12.125018392673333, 46.907747563426874 ], [ 12.123912732409625, 46.909399750934739 ], [ 12.121836745015564, 46.909803455525676 ] ], [ [ 12.130086362939007, 46.91150230260272 ], [ 12.131365385885388, 46.91203736286964 ], [ 12.130473663942555, 46.911984036912436 ], [ 12.130086362939007, 46.91150230260272 ] ] ] } },
{ "type": "Feature", "properties": { "HOM_ID": 226.0, "area_97": 0.7457148023, "region": "Rieserfernergruppe", "name_d": "Hochgallferner", "name_it": "Vedretta di Collalto", "area_05": 0.6024452787, "area_17": 0.5128751, "change_pct": -31.223693237931581, "status": "present" }, "geometry": { "type": "MultiPolygon", "coordinates": [ [ [ [ 12.144897702417008, 46.914456499156316 ], [ 12.143580503778457, 46.91480689698669 ], [ 12.143019203910505, 46.915554346565074 ], [ 12.143146929248697, 46.916282859865483 ], [ 12.144386281342262, 46.916378354844724 ], [ 12.145322879389326, 46.915743662140848 ], [ 12.145612305148902, 46.914955093496502 ], [ 12.144897702417008, 46.914456499156316 ] ] ], [ [ [ 12.130598957452779, 46.923464182454296 ], [ 12.13244749840829, 46.92218193491162 ], [ 12.132343972996088, 46.921764927739879 ], [ 12.13343588750794, 46.922151508796418 ], [ 12.134450595191694, 46.921571175430799 ], [ 12.136343471099559, 46.921117644971126 ], [ 12.140555320881568, 46.918363082931371 ], [ 12.141125865920337, 46.916793122629706 ], [ 12.141776749537351, 46.916235262969224 ], [ 12.141064644590248, 46.916426250860688 ], [ 12.140667231634483, 46.916091427576241 ], [ 12.141431787072335, 46.915297700228109 ], [ 12.140891895769059, 46.915123016600418 ], [ 12.140411405202554, 46.914118732928955 ], [ 12.14095453422958, 46.913962124903499 ], [ 12.140772001209282, 46.914105076500157 ], [ 12.141471337881839, 46.914221634539587 ], [ 12.142140597469279, 46.915328532867868 ], [ 12.143098965419853, 46.91505290552621 ], [ 12.14420398259999, 46.913989107245854 ], [ 12.143239692618847, 46.914494056798887 ], [ 12.143370069322277, 46.91430693454398 ], [ 12.14237099450434, 46.914922843472972 ], [ 12.142707140562344, 46.914923559391262 ], [ 12.142274719374392, 46.915086825165623 ], [ 12.142307220624591, 46.914462861231911 ], [ 12.141312233287428, 46.9139941653753 ], [ 12.141752799324406, 46.913712738968123 ], [ 12.141244718446904, 46.913857065578789 ], [ 12.14012388499299, 46.912668643558632 ], [ 12.138485278733805, 46.912569608228964 ], [ 12.137718224430779, 46.911784776840214 ], [ 12.133479272670376, 46.914023028765307 ], [ 12.133058041500536, 46.915030225831572 ], [ 12.133346700757931, 46.915281505741021 ], [ 12.13388372395104, 46.915180393458876 ], [ 12.133300492708008, 46.915474761401747 ], [ 12.1339129240117, 46.916277826618767 ], [ 12.132940420191039, 46.916085711900912 ], [ 12.13296302792577, 46.915316911313532 ], [ 12.13096039062693, 46.915632751753442 ], [ 12.130186042377131, 46.916699850460255 ], [ 12.128442839681556, 46.916637417412872 ], [ 12.128865787524136, 46.915945650496745 ], [ 12.128488208141963, 46.916117931116318 ], [ 12.127591370959768, 46.917114169945215 ], [ 12.127761505225052, 46.918249657508319 ], [ 12.129636204298711, 46.917809691019926 ], [ 12.130346300156944, 46.918412898473115 ], [ 12.130454495848189, 46.920135037803021 ], [ 12.129892382133411, 46.920579256535454 ], [ 12.130215663161859, 46.920535543401762 ], [ 12.130198470896051, 46.920860180585173 ], [ 12.128827017954045, 46.92152907284278 ], [ 12.128919910969307, 46.922799589761063 ], [ 12.129211017998147, 46.923224901977285 ], [ 12.130468256778245, 46.923083323527493 ], [ 12.130598957452779, 46.923464182454296 ] ], [ [ 12.13641603488918, 46.913631299936824 ], [ 12.13715379378295, 46.913701741772314 ], [ 12.13836293750567, 46.913091506407262 ], [ 12.138128641189647, 46.91372836077997 ], [ 12.137339362376505, 46.913691952829986 ], [ 12.137244377886796, 46.91472340630397 ], [ 12.136462107114994, 46.914873505157239 ], [ 12.135781745537995, 46.914203198025689 ], [ 12.13641603488918, 46.913631299936824 ] ] ] ] } },
{ "type": "Feature", "properties": { "HOM_ID": 227.0, "area_97": 1.62246340582, "region": "Rieserfernergruppe", "name_d": "Lenksteinferner", "name_it": "Vedretta di Sasso Lungo", "area_05": 1.3512170482000001, "area_17": 0.948184965, "change_pct": -41.558930599067459, "status": "present" }, "geometry": { "type": "MultiPolygon", "coordinates": [ [ [ [ 12.138570900118193, 46.921212017507948 ], [ 12.140384855846767, 46.921188138295236 ], [ 12.140802356510481, 46.920782111910896 ], [ 12.141536914554719, 46.919534645227621 ], [ 12.141141014166111, 46.918774271209656 ], [ 12.139349752101774, 46.919817290348178 ], [ 12.138570900118193, 46.921212017507948 ] ] ], [ [ [ 12.158000303974255, 46.933065250150804 ], [ 12.15842268040069, 46.930908594191379 ], [ 12.159515904090886, 46.930011855865665 ], [ 12.159618551012187, 46.927981439238657 ], [ 12.159038519396796, 46.927538051658729 ], [ 12.157365403181606, 46.927145744295593 ], [ 12.157212376696764, 46.92522734264908 ], [ 12.155911165164866, 46.923119008933504 ], [ 12.154533495280935, 46.922218783556758 ], [ 12.153900619904274, 46.919029733932199 ], [ 12.15323216775653, 46.91881998322085 ], [ 12.15315013674598, 46.917986572346926 ], [ 12.152244549226168, 46.916535971556108 ], [ 12.150863181809259, 46.91573044483544 ], [ 12.149855953538101, 46.915661017002058 ], [ 12.149268225732538, 46.916117712044759 ], [ 12.150731440974054, 46.91801435868652 ], [ 12.152463788554382, 46.919339976445244 ], [ 12.15219223882972, 46.91954132089645 ], [ 12.150574888678825, 46.919243817694877 ], [ 12.150016507129159, 46.919715085832806 ], [ 12.150399233926239, 46.920204381985002 ], [ 12.150250057526609, 46.920334396211516 ], [ 12.149038082266523, 46.918742490394706 ], [ 12.149500548883822, 46.918219429385879 ], [ 12.148910854223198, 46.918295661650987 ], [ 12.148633104443595, 46.917637363178983 ], [ 12.147368807515132, 46.917508177327697 ], [ 12.14696973074158, 46.916932708673357 ], [ 12.14549219382568, 46.917748185239823 ], [ 12.145260523101683, 46.917599008509242 ], [ 12.145702662060815, 46.916957844346051 ], [ 12.1433538143296, 46.917837819880951 ], [ 12.143365821611219, 46.917014347398251 ], [ 12.142688745869014, 46.916978554503892 ], [ 12.142952711989579, 46.917961151154365 ], [ 12.142542002133604, 46.918773037181602 ], [ 12.141788166631164, 46.919004468179502 ], [ 12.141845940970937, 46.92023402959056 ], [ 12.140998332280759, 46.921144193161368 ], [ 12.143241614901514, 46.923109817346493 ], [ 12.1429493441105, 46.924375502313204 ], [ 12.142441498147546, 46.924483298951124 ], [ 12.143552492704316, 46.927126253374482 ], [ 12.14384177369565, 46.929533123960731 ], [ 12.145582076154989, 46.932580801036707 ], [ 12.146915313189083, 46.932201549474357 ], [ 12.148298865383563, 46.930769246195638 ], [ 12.149718678724231, 46.928737433488024 ], [ 12.150239768234711, 46.927123729090276 ], [ 12.151434608479194, 46.926202768580083 ], [ 12.150257552971828, 46.925820705764203 ], [ 12.150153952181348, 46.925128338343271 ], [ 12.149197688334118, 46.924819602840607 ], [ 12.148382848729133, 46.923439557581091 ], [ 12.148957550968023, 46.923570516579879 ], [ 12.149596620304093, 46.924404793932986 ], [ 12.150018848292335, 46.924121375173023 ], [ 12.151896322518832, 46.926026808593399 ], [ 12.152616876603238, 46.925564442690899 ], [ 12.153763157776963, 46.926159424197117 ], [ 12.154323464784014, 46.927350478133519 ], [ 12.155991883850886, 46.928292553190722 ], [ 12.155991386770468, 46.928927419008424 ], [ 12.154966302343235, 46.930471568522627 ], [ 12.155066269645534, 46.931496614063811 ], [ 12.156549100584487, 46.933218872261726 ], [ 12.157481240298157, 46.933356169987427 ], [ 12.158000303974255, 46.933065250150804 ] ] ], [ [ [ 12.16146901674392, 46.936079005930509 ], [ 12.162306721645614, 46.935747642471981 ], [ 12.162753422012182, 46.936019236111179 ], [ 12.166704116182984, 46.935726443741629 ], [ 12.167605991992222, 46.934172631687808 ], [ 12.167076849525847, 46.932931654373057 ], [ 12.166443258453057, 46.932623026491449 ], [ 12.165402876623521, 46.932853215163199 ], [ 12.166014654102407, 46.9339298059041 ], [ 12.165101185805881, 46.933739461815897 ], [ 12.163936333356377, 46.932337174134851 ], [ 12.164238122156368, 46.932050618666089 ], [ 12.163576035640165, 46.931889925077805 ], [ 12.16361665016899, 46.931003580816224 ], [ 12.162786068232021, 46.930489241771198 ], [ 12.162039597725608, 46.930595894874784 ], [ 12.161880430953746, 46.93029347165124 ], [ 12.160565694316526, 46.930589204146983 ], [ 12.160181361539435, 46.931213511134636 ], [ 12.159425483122376, 46.931502028080018 ], [ 12.159227801578623, 46.932170851791426 ], [ 12.160508262537675, 46.931963793055829 ], [ 12.160308998021634, 46.9331748084577 ], [ 12.160860326788985, 46.932984068712351 ], [ 12.159685614473835, 46.934093716827071 ], [ 12.160710809490499, 46.933676707452406 ], [ 12.160574676496646, 46.934095065898056 ], [ 12.161153199257472, 46.934183551183004 ], [ 12.161543707569779, 46.934925286143212 ], [ 12.163016523734999, 46.934609961778946 ], [ 12.163020205931131, 46.934903310484415 ], [ 12.164342977703544, 46.935454039258431 ], [ 12.163136768851462, 46.93578444249907 ], [ 12.163052703688612, 46.935368978519755 ], [ 12.163602382107072, 46.935488956377583 ], [ 12.16289512450361, 46.935233582181731 ], [ 12.162740143296579, 46.935766335930985 ], [ 12.161838621081094, 46.935256193521973 ], [ 12.161206122142998, 46.936106216636567 ], [ 12.160371658517205, 46.936019206820305 ], [ 12.160005467373736, 46.936281451535443 ], [ 12.16146901674392, 46.936079005930509 ] ], [ [ 12.163337240031749, 46.934688908408766 ], [ 12.164108722173989, 46.934507766815614 ], [ 12.164327436554505, 46.934543797294182 ], [ 12.163866893159163, 46.934973412180234 ], [ 12.163337240031749, 46.934688908408766 ] ] ] ] } },
{ "type": "Feature", "properties": { "HOM_ID": 228.0, "area_97": 0.09991808612, "region": "Rieserfernergruppe", "name_d": "Lenksteinferner", "name_it": "Vedretta di Sasso Lungo", "area_05": 0.0744033749, "area_17": 0.037919801, "change_pct": -62.049111955107975, "status": "present" }, "geometry": { "type": "MultiPolygon", "coordinates": [ [ [ [ 12.165802079315371, 46.939034049913118 ], [ 12.167376989987055, 46.938343816317293 ], [ 12.168089552614257, 46.938465442961821 ], [ 12.168337192972627, 46.938298830075375 ], [ 12.168641239457953, 46.937443667258265 ], [ 12.168123362700376, 46.936580471138853 ], [ 12.167402262334399, 46.936515427945437 ], [ 12.166885311587755, 46.936890575335418 ], [ 12.166077357173984, 46.936921884490658 ], [ 12.165882828133409, 46.937377593898518 ], [ 12.164248339684359, 46.937683784928936 ], [ 12.16429495841626, 46.937952673130461 ], [ 12.163870189634759, 46.938045809626963 ], [ 12.164640096954969, 46.938189774919671 ], [ 12.164740469093756, 46.938698958343849 ], [ 12.165547540381958, 46.93866421917911 ], [ 12.165802079315371, 46.939034049913118 ] ] ], [ [ [ 12.165093238745845, 46.941234638582749 ], [ 12.165705247411083, 46.941230927442817 ], [ 12.165644820802493, 46.940257320911755 ], [ 12.166066299390327, 46.939875101554279 ], [ 12.165107495224191, 46.939235221372869 ], [ 12.16529081159422, 46.938952473718153 ], [ 12.164512129799647, 46.93881686344951 ], [ 12.163298295449932, 46.940090955415037 ], [ 12.162743587875251, 46.940214302543907 ], [ 12.162902426144077, 46.939953168252394 ], [ 12.162215938230451, 46.940164339880141 ], [ 12.16378278790884, 46.941210000612394 ], [ 12.165062298376276, 46.94156007532861 ], [ 12.165093238745845, 46.941234638582749 ] ] ] ] } },
{ "type": "Feature", "properties": { "HOM_ID": 229.0, "area_97": 0.11462392174, "region": "Rieserfernergruppe", "name_d": "Lenksteinferner", "name_it": "Vedretta di Sasso Lungo", "area_05": 0.0789400855, "area_17": 0.04553498, "change_pct": -60.274452916306217, "status": "present" }, "geometry": { "type": "Polygon", "coordinates": [ [ [ 12.162772149202135, 46.943350517697127 ], [ 12.164690727698263, 46.942797024445063 ], [ 12.164842586608666, 46.941901391223567 ], [ 12.164100533609913, 46.94134349309369 ], [ 12.162813366720519, 46.941228419907468 ], [ 12.162129183873969, 46.940467200386799 ], [ 12.161093514910856, 46.940574634532723 ], [ 12.160561722396872, 46.940350915650725 ], [ 12.160355604751976, 46.940700991909999 ], [ 12.159392166872628, 46.94043413639627 ], [ 12.158310075597958, 46.940992808150014 ], [ 12.158655170345579, 46.941186218128273 ], [ 12.15803683770727, 46.941100366242019 ], [ 12.157589289541757, 46.941370105011892 ], [ 12.157746678608586, 46.941834107233824 ], [ 12.157346233509482, 46.941967928694488 ], [ 12.158045220085206, 46.942314299541103 ], [ 12.159372105510009, 46.942307662276065 ], [ 12.1610899895665, 46.942955103009446 ], [ 12.161024506621287, 46.943148587203211 ], [ 12.162772149202135, 46.943350517697127 ] ], [ [ 12.15837180079726, 46.941892764913064 ], [ 12.158375625493012, 46.941550872225179 ], [ 12.15776205772949, 46.941649145914674 ], [ 12.159002514536494, 46.941369583291859 ], [ 12.159030887141924, 46.941880580787 ], [ 12.15837180079726, 46.941892764913064 ] ] ] } },
{ "type": "Feature", "properties": { "HOM_ID": 230.0, "area_97": 0.12768561877000001, "region": "Rieserfernergruppe", "name_d": "Muklarferner", "name_it": null, "area_05": 0.0480961577, "area_17": 0.0099430381, "change_pct": -92.212875501734942, "status": "present" }, "geometry": { "type": "MultiPolygon", "coordinates": [ [ [ [ 12.160035191649365, 46.945259788563348 ], [ 12.159345076787281, 46.945008472559358 ], [ 12.16025994987579, 46.944889746013743 ], [ 12.159777887703148, 46.944413969812871 ], [ 12.160895579009447, 46.944820895122689 ], [ 12.161120832491717, 46.944427406239555 ], [ 12.16123115518533, 46.943804291799559 ], [ 12.160541388035959, 46.943333202578557 ], [ 12.159674523147279, 46.943542286879996 ], [ 12.158668173078057, 46.94318687748126 ], [ 12.157051494207019, 46.943653584756426 ], [ 12.15840554161128, 46.943987753122876 ], [ 12.158474728026956, 46.944170734816879 ], [ 12.157685459734315, 46.944300085832651 ], [ 12.157742422450895, 46.944544679445556 ], [ 12.158512371492849, 46.944184674544424 ], [ 12.158697819872053, 46.944674359836043 ], [ 12.159526984957511, 46.94451742334671 ], [ 12.159088950320484, 46.945008150856943 ], [ 12.160035191649365, 46.945259788563348 ] ], [ [ 12.160290335292448, 46.944229113470122 ], [ 12.160706899269174, 46.944308209217802 ], [ 12.160207079749743, 46.944315515737848 ], [ 12.160290335292448, 46.944229113470122 ] ], [ [ 12.160063276627005, 46.944157109526529 ], [ 12.159930864076053, 46.943896728833238 ], [ 12.160157202894958, 46.943882023928033 ], [ 12.160063276627005, 46.944157109526529 ] ], [ [ 12.158259278106723, 46.943727221999126 ], [ 12.157971502156668, 46.943730021657281 ], [ 12.158068768122813, 46.94366146772564 ], [ 12.158259278106723, 46.943727221999126 ] ], [ [ 12.160297867102203, 46.943674691333143 ], [ 12.160452006423091, 46.9434924555771 ], [ 12.16052750717426, 46.94356438169504 ], [ 12.160297867102203, 46.943674691333143 ] ], [ [ 12.160135727779741, 46.943542729175228 ], [ 12.159956139111236, 46.94359883650651 ], [ 12.16004508448246, 46.943492117725683 ], [ 12.160135727779741, 46.943542729175228 ] ] ], [ [ [ 12.158308562199716, 46.948551585356988 ], [ 12.160152418630766, 46.947840346490267 ], [ 12.160724555781904, 46.947958845868285 ], [ 12.161092415999628, 46.946785819994169 ], [ 12.16063027940698, 46.946439106912564 ], [ 12.160793448404208, 46.946165298806704 ], [ 12.160071801665845, 46.946137463311736 ], [ 12.160363534956941, 46.945510875831587 ], [ 12.159347980152024, 46.945168180576488 ], [ 12.157763853781821, 46.945229537189732 ], [ 12.157648214961801, 46.945888081969159 ], [ 12.156771337495005, 46.946308526125456 ], [ 12.1552349270319, 46.946303716084032 ], [ 12.156593249115957, 46.946349251094333 ], [ 12.15655356085958, 46.946619407897849 ], [ 12.158439794669379, 46.946600797386935 ], [ 12.159403419568887, 46.947070684402313 ], [ 12.159484690418312, 46.947385783022874 ], [ 12.159003418144067, 46.947192450323534 ], [ 12.1588105976438, 46.947323087401529 ], [ 12.15922103470108, 46.947414948496373 ], [ 12.158822747536139, 46.947480290081536 ], [ 12.160038640117495, 46.947724209733913 ], [ 12.159318218252155, 46.948043604166322 ], [ 12.158900258608583, 46.94775562485934 ], [ 12.158935609571603, 46.948001705640898 ], [ 12.157841748258504, 46.948401880791018 ], [ 12.158308562199716, 46.948551585356988 ] ], [ [ 12.157864888049719, 46.946361894882173 ], [ 12.158130274846931, 46.946244861391165 ], [ 12.158172555062718, 46.946308985509411 ], [ 12.157864888049719, 46.946361894882173 ] ], [ [ 12.159068176949777, 46.946283699374391 ], [ 12.15875289027433, 46.946099196211733 ], [ 12.159113608444692, 46.946239551697829 ], [ 12.159068176949777, 46.946283699374391 ] ], [ [ 12.158493521943255, 46.946238708382218 ], [ 12.157805002784835, 46.946062368281183 ], [ 12.157781930642443, 46.945912891824932 ], [ 12.158308378977621, 46.945944926763723 ], [ 12.158493521943255, 46.946238708382218 ] ], [ [ 12.158272831670727, 46.94560773030603 ], [ 12.158830983123575, 46.945475922317733 ], [ 12.158979018260428, 46.94554484636825 ], [ 12.158272831670727, 46.94560773030603 ] ] ], [ [ [ 12.156460842422286, 46.950397680022725 ], [ 12.156172927875446, 46.950089245466749 ], [ 12.156995432118544, 46.95030386159609 ], [ 12.157589356319603, 46.949121673133824 ], [ 12.157496790435728, 46.948295482422289 ], [ 12.156756147893814, 46.948478705155026 ], [ 12.156638064267867, 46.948260727321369 ], [ 12.156939164593911, 46.948287874564755 ], [ 12.15714735978197, 46.948125147046007 ], [ 12.157001028034138, 46.947808854661538 ], [ 12.156523237792541, 46.947757372325874 ], [ 12.156941248629197, 46.948189082424321 ], [ 12.156578911197798, 46.947930715752207 ], [ 12.155514889305316, 46.948215579774129 ], [ 12.154199195554419, 46.948101718028056 ], [ 12.153916455254228, 46.948391455559417 ], [ 12.154034403929723, 46.948833215386074 ], [ 12.154411420772682, 46.948235070207076 ], [ 12.15513719849103, 46.948442432294982 ], [ 12.155041533213108, 46.948727830189625 ], [ 12.155254753757587, 46.948372969282197 ], [ 12.156001383726093, 46.948595356261883 ], [ 12.155614291133942, 46.948898039874642 ], [ 12.153961062845491, 46.948995961777939 ], [ 12.15393064161816, 46.949282933647467 ], [ 12.154825210548863, 46.949168955262401 ], [ 12.155325494695607, 46.949788590312224 ], [ 12.156083898819379, 46.9499514164457 ], [ 12.155014828390275, 46.950023438228826 ], [ 12.155049113021311, 46.950252531851774 ], [ 12.156460842422286, 46.950397680022725 ] ], [ [ 12.156706167051304, 46.949835434563333 ], [ 12.156908680747835, 46.950046257302731 ], [ 12.156780303615054, 46.950222791152896 ], [ 12.156441974062664, 46.95001392615368 ], [ 12.156706167051304, 46.949835434563333 ] ], [ [ 12.155877150231893, 46.949332945143333 ], [ 12.156024193874819, 46.949443641273703 ], [ 12.155877288850657, 46.949452078381256 ], [ 12.155877150231893, 46.949332945143333 ] ], [ [ 12.15638230215602, 46.949306710095009 ], [ 12.156063963707304, 46.94907654786185 ], [ 12.1564710359886, 46.949241236985223 ], [ 12.15638230215602, 46.949306710095009 ] ], [ [ 12.156554619621749, 46.948948296508952 ], [ 12.156932572099253, 46.948734886730428 ], [ 12.156860925755755, 46.94899324493565 ], [ 12.157255487223955, 46.949047663160137 ], [ 12.157211166559827, 46.948730597265637 ], [ 12.157365799669346, 46.948826871563256 ], [ 12.15729308581307, 46.94906150103369 ], [ 12.156682294566551, 46.949268038235687 ], [ 12.156554619621749, 46.948948296508952 ] ], [ [ 12.156154684326568, 46.948565638963871 ], [ 12.156400822219238, 46.94859447430828 ], [ 12.156097735650578, 46.948694411215406 ], [ 12.156154684326568, 46.948565638963871 ] ] ] ] } },
{ "type": "Feature", "properties": { "HOM_ID": 231.0, "area_97": 0.01932109488, "region": "Rieserfernergruppe", "name_d": "Rotsteinferner", "name_it": null, "area_05": 0.0089590063, "area_17": 0.00335537, "change_pct": -82.633644620868409, "status": "present" }, "geometry": { "type": "Polygon", "coordinates": [ [ [ 12.150435780856816, 46.951603679139126 ], [ 12.151340631859982, 46.951203843125661 ], [ 12.150078149857265, 46.95095704599624 ], [ 12.151324956446908, 46.950640333022356 ], [ 12.149717203995447, 46.950683869659045 ], [ 12.149380651523204, 46.950176561416889 ], [ 12.150272791838097, 46.950245189078373 ], [ 12.149809864703734, 46.950016742589327 ], [ 12.148937780383619, 46.95005100060586 ], [ 12.148783365117847, 46.950329058385073 ], [ 12.148084970532757, 46.950190915016769 ], [ 12.149002139442729, 46.950424791386112 ], [ 12.148106636722355, 46.950492094971288 ], [ 12.147933217132666, 46.950953868261109 ], [ 12.148880257551909, 46.950864149943136 ], [ 12.149605066386638, 46.951603855490184 ], [ 12.149842966958643, 46.951222451992798 ], [ 12.150435780856816, 46.951603679139126 ] ] ] } },
{ "type": "Feature", "properties": { "HOM_ID": 232.0, "area_97": 0.02681076961, "region": "Rieserfernergruppe", "name_d": null, "name_it": null, "area_05": 0.0161019014, "area_17": null, "change_pct": -100.0, "status": "disappeared" }, "geometry": { "type": "Polygon", "coordinates": [ [ [ 12.145538588692515, 46.953669005257247 ], [ 12.146212877258302, 46.95267272358403 ], [ 12.145753431461019, 46.952243590133378 ], [ 12.145060912821659, 46.952264060091103 ], [ 12.144689939119885, 46.951818477114237 ], [ 12.143966071538447, 46.951691326180089 ], [ 12.144449178447635, 46.951955680630412 ], [ 12.143299112433663, 46.952220369043935 ], [ 12.143607486601697, 46.952473735872218 ], [ 12.143234848775343, 46.952928945844285 ], [ 12.141436400426812, 46.953647572329103 ], [ 12.142606624611021, 46.953422073034353 ], [ 12.143633641258937, 46.952632687963039 ], [ 12.14428530463991, 46.952675645148318 ], [ 12.143266147959448, 46.953070738106526 ], [ 12.143258407555894, 46.953163349461356 ], [ 12.144350016137809, 46.9529557250195 ], [ 12.144683976385224, 46.953046868842371 ], [ 12.144429261534462, 46.953295151960432 ], [ 12.145584944738507, 46.953129726154167 ], [ 12.145538588692515, 46.953669005257247 ] ], [ [ 12.144031086533005, 46.952434120209951 ], [ 12.144572562414051, 46.952244109276215 ], [ 12.14435098163775, 46.95254390310312 ], [ 12.144031086533005, 46.952434120209951 ] ] ] } },
{ "type": "Feature", "properties": { "HOM_ID": 233.0, "area_97": 0.33613339196000003, "region": "Rieserfernergruppe", "name_d": "Schwarzerferner", "name_it": null, "area_05": 0.3145205943, "area_17": 0.288463, "change_pct": -14.18198640784632, "status": "present" }, "geometry": { "type": "Polygon", "coordinates": [ [ [ 12.136922282085195, 46.907395776885593 ], [ 12.139231383651591, 46.90679473903824 ], [ 12.140672671864033, 46.907033727877696 ], [ 12.140961412434622, 46.906637113335748 ], [ 12.14213612745951, 46.906358678043233 ], [ 12.144005495358661, 46.90664416576665 ], [ 12.143951979069506, 46.907183318428935 ], [ 12.144851493933114, 46.906886507676781 ], [ 12.147490156566974, 46.903523052179317 ], [ 12.147556445847306, 46.902879896951077 ], [ 12.145680255265361, 46.901830240292483 ], [ 12.14367040741681, 46.902533311755036 ], [ 12.143213269499652, 46.902312665102791 ], [ 12.141943129167204, 46.902412346891694 ], [ 12.140418604928628, 46.902849381796266 ], [ 12.138119917895974, 46.904272874906106 ], [ 12.136988627877315, 46.90432334415555 ], [ 12.137589585018008, 46.904740891832375 ], [ 12.136306168078763, 46.905261949440984 ], [ 12.135116340082135, 46.906577231468724 ], [ 12.135820745383723, 46.907309378204914 ], [ 12.136922282085195, 46.907395776885593 ] ] ] } },
{ "type": "Feature", "properties": { "HOM_ID": 234.0, "area_97": 0.26609446125000003, "region": "Rieserfernergruppe", "name_d": "Patscherkees", "name_it": null, "area_05": 0.214950734, "area_17": 0.1340988394, "change_pct": -49.604798698154042, "status": "present" }, "geometry": { "type": "Polygon", "coordinates": [ [ [ 12.150710131478561, 46.913300520759392 ], [ 12.1516782077294, 46.913135123358451 ], [ 12.152332932017321, 46.912601517859081 ], [ 12.153029132855627, 46.912705410849121 ], [ 12.153016548363443, 46.912330028649343 ], [ 12.152404699470635, 46.912133117834721 ], [ 12.153409172486656, 46.911208211616817 ], [ 12.151942672688522, 46.910542525169312 ], [ 12.151265614614902, 46.910603289576926 ], [ 12.150583863463757, 46.910100585485054 ], [ 12.150800244956343, 46.909680027041325 ], [ 12.151355813428699, 46.909884975215192 ], [ 12.151533134143802, 46.909523794151632 ], [ 12.152097899032645, 46.909563294796527 ], [ 12.152745689712036, 46.908359949163142 ], [ 12.151473342975201, 46.90842416707148 ], [ 12.148488496717496, 46.909429503361743 ], [ 12.147335445611542, 46.910481538151309 ], [ 12.146340352601303, 46.910680586799195 ], [ 12.145445107246836, 46.911858309740623 ], [ 12.146162404262265, 46.911838580400961 ], [ 12.14682768949055, 46.912221918849454 ], [ 12.144797238312579, 46.913225187078133 ], [ 12.145141349594128, 46.912159796592462 ], [ 12.14369756286235, 46.912607609757892 ], [ 12.142981318476878, 46.912160872999408 ], [ 12.142555433648067, 46.911264024587865 ], [ 12.141412574938757, 46.911240357394334 ], [ 12.142907456279485, 46.912433362817239 ], [ 12.143210410842917, 46.913571658096025 ], [ 12.144410232393119, 46.914123324473444 ], [ 12.145699120617918, 46.91296717342788 ], [ 12.147418236732753, 46.912620266300728 ], [ 12.147763474081406, 46.913349266979139 ], [ 12.147162782570305, 46.914875191467779 ], [ 12.147735243304703, 46.915286991045967 ], [ 12.149301642904472, 46.915075439846021 ], [ 12.150710131478561, 46.913300520759392 ] ] ] } }
]
}
