{
"type": "FeatureCollection",
"name": "glaciers_2005",
"crs": { "type": "name", "properties": { "name": "urn:ogc:def:crs:OGC:1.3:CRS84" } },
"features": [
{ "type": "Feature", "properties": { "HOM_ID": 2, "NAME_D": "Ebenferner", "NAME_IT": "Vedretta Piana", "REGION": "Ortlergruppe", "ALT_MIN": 2812.0, "ALT_MAX": 3344.0, "ALT_MEDIAN": 3156.0, "area_km2": 1.1261825752000001 }, "geometry": { "type": "Polygon", "coordinates": [ [ [ 10.472493010302488, 46.500179268433158 ], [ 10.470082903483746, 46.499916177779376 ], [ 10.469626725101811, 46.500911518048611 ], [ 10.46844998894319, 46.501329353885332 ], [ 10.466922303727552, 46.501147600041371 ], [ 10.465596396050833, 46.501641897662829 ], [ 10.464809849173507, 46.501308918231047 ], [ 10.461471758903707, 46.504096084082896 ], [ 10.460084582877201, 46.504727428646838 ], [ 10.460614755788145, 46.505208799240933 ], [ 10.459664818662226, 46.507253086687989 ], [ 10.459546041338973, 46.509056984224038 ], [ 10.458882991990894, 46.509642640509838 ], [ 10.460262171414239, 46.51147830077457 ], [ 10.45977538052504, 46.511748591331383 ], [ 10.458742190004932, 46.511536567023995 ], [ 10.457959070666837, 46.511915635039109 ], [ 10.458370135972748, 46.512032938920775 ], [ 10.458068676400817, 46.512464713031946 ], [ 10.458664681031632, 46.512619985313506 ], [ 10.458672324856842, 46.512905627774963 ], [ 10.457560908405135, 46.513597003819022 ], [ 10.458741715176279, 46.513333353498453 ], [ 10.458496197870684, 46.513747951317654 ], [ 10.45959195217273, 46.513553955375293 ], [ 10.459324398486967, 46.515000358982377 ], [ 10.459595011306039, 46.515368368194665 ], [ 10.459102270915814, 46.516443324639816 ], [ 10.459618601071117, 46.517331103112447 ], [ 10.460460479917581, 46.517391789983684 ], [ 10.460656407956094, 46.518190638738965 ], [ 10.459487282167007, 46.518775818809104 ], [ 10.460317717085008, 46.519193828241583 ], [ 10.460653427893797, 46.519814597751143 ], [ 10.461357933730612, 46.519716303764049 ], [ 10.463674030797275, 46.520609423162718 ], [ 10.463499304166998, 46.520268770808599 ], [ 10.464043380752916, 46.52049039959914 ], [ 10.464619117375141, 46.520349682272936 ], [ 10.463608116132443, 46.520210230367191 ], [ 10.463696230178687, 46.519894789044471 ], [ 10.46423313915891, 46.519849816832554 ], [ 10.463457230402444, 46.519534683217074 ], [ 10.466233198764618, 46.518862337212475 ], [ 10.466242109649794, 46.518552497600865 ], [ 10.465779003032766, 46.518647727992928 ], [ 10.466395114774476, 46.516587210590195 ], [ 10.465740175133462, 46.516089846188514 ], [ 10.465770566482465, 46.515680847772209 ], [ 10.464792319789055, 46.515219579663608 ], [ 10.464931399663261, 46.514334333049263 ], [ 10.464213804415239, 46.513457301941713 ], [ 10.464640654487919, 46.512399358291084 ], [ 10.466816170587419, 46.512037153952242 ], [ 10.466420707515322, 46.5069655791972 ], [ 10.467369351056355, 46.505840661673787 ], [ 10.469349639560422, 46.505403325288903 ], [ 10.469610209089893, 46.50439962467712 ], [ 10.470776760777701, 46.503938898599905 ], [ 10.471367928253697, 46.502427807685542 ], [ 10.472517685049578, 46.502025145994835 ], [ 10.472493010302488, 46.500179268433158 ] ], [ [ 10.465493106312982, 46.518919273478907 ], [ 10.46482022201417, 46.518910035359461 ], [ 10.465642995137371, 46.518720906191 ], [ 10.465493106312982, 46.518919273478907 ] ], [ [ 10.465749002410101, 46.518814794344173 ], [ 10.466005377759192, 46.518728167258679 ], [ 10.466076423194846, 46.518804644507995 ], [ 10.465749002410101, 46.518814794344173 ] ], [ [ 10.461748106563485, 46.518187369330256 ], [ 10.461787697317403, 46.518055898983434 ], [ 10.461834949715703, 46.518210070986463 ], [ 10.461748106563485, 46.518187369330256 ] ], [ [ 10.46381222191572, 46.517982380121133 ], [ 10.463460853090407, 46.517742807156225 ], [ 10.463603724008186, 46.517604061551438 ], [ 10.463760009413363, 46.517643731779579 ], [ 10.46381222191572, 46.517982380121133 ] ], [ [ 10.465409059837263, 46.517717859973196 ], [ 10.465317576059393, 46.51752258569752 ], [ 10.465693990585482, 46.51741060947203 ], [ 10.465409059837263, 46.517717859973196 ] ], [ [ 10.459356373116623, 46.513517763696278 ], [ 10.459101226045215, 46.513593275964979 ], [ 10.459372871601488, 46.513463877251908 ], [ 10.459356373116623, 46.513517763696278 ] ], [ [ 10.459430503243206, 46.513382627935421 ], [ 10.459514369394116, 46.513387750325755 ], [ 10.459494493570885, 46.513427229102717 ], [ 10.459430503243206, 46.513382627935421 ] ] ] } },
{ "type": "Feature", "properties": { "HOM_ID": 2, "NAME_D": "Ebenferner", "NAME_IT": "Vedretta Piana", "REGION": "Ortlergruppe", "ALT_MIN": 3007.0, "ALT_MAX": 3118.0, "ALT_MEDIAN": 3063.0, "area_km2": 0.0097376221 }, "geometry": { "type": "Polygon", "coordinates": [ [ [ 10.469773104310823, 46.514960873383444 ], [ 10.470011727841397, 46.514600630529642 ], [ 10.469633608142299, 46.51408544266144 ], [ 10.468822312551055, 46.513775835892112 ], [ 10.468873925151604, 46.514769549824024 ], [ 10.469773104310823, 46.514960873383444 ] ] ] } },
{ "type": "Feature", "properties": { "HOM_ID": 2, "NAME_D": "Ebenferner", "NAME_IT": "Vedretta Piana", "REGION": "Ortlergruppe", "ALT_MIN": 2997.0, "ALT_MAX": 3042.0, "ALT_MEDIAN": 3023.0, "area_km2": 0.0080056846 }, "geometry": { "type": "Polygon", "coordinates": [ [ [ 10.45831818382991, 46.515111270383848 ], [ 10.458001066989807, 46.514216421955389 ], [ 10.456793429616136, 46.514844963101446 ], [ 10.457137244288205, 46.515126323340823 ], [ 10.45831818382991, 46.515111270383848 ] ] ] } },
{ "type": "Feature", "properties": { "HOM_ID": 2, "NAME_D": "Ebenferner", "NAME_IT": "Vedretta Piana", "REGION": "Ortlergruppe", "ALT_MIN": 3012.0, "ALT_MAX": 3029.0, "ALT_MEDIAN": 3021.0, "area_km2": 0.0010432448 }, "geometry": { "type": "Polygon", "coordinates": [ [ [ 10.456815262649339, 46.514431578402167 ], [ 10.457092930205089, 46.514436348598942 ], [ 10.457149639435556, 46.51397725074191 ], [ 10.456921372999433, 46.513977801085552 ], [ 10.456815262649339, 46.514431578402167 ] ] ] } },
{ "type": "Feature", "properties": { "HOM_ID": 3, "NAME_D": "Madatschferner", "NAME_IT": "Vedretta di Madaccio", "REGION": "Ortlergruppe", "ALT_MIN": 2488.0, "ALT_MAX": 3457.0, "ALT_MEDIAN": 3097.0, "area_km2": 3.0546398150999998 }, "geometry": { "type": "Polygon", "coordinates": [ [ [ 10.47235456860551, 46.499440563645642 ], [ 10.472517685049578, 46.502025145994835 ], [ 10.471367928253697, 46.502427807685542 ], [ 10.470776760777701, 46.503938898599905 ], [ 10.469610209089893, 46.50439962467712 ], [ 10.469349639560422, 46.505403325288903 ], [ 10.467369351056355, 46.505840661673787 ], [ 10.466420707515322, 46.5069655791972 ], [ 10.466816170587419, 46.512037153952242 ], [ 10.468692968092441, 46.512558607994819 ], [ 10.470176652597669, 46.512581214372986 ], [ 10.470331924541703, 46.512007072070034 ], [ 10.470843027908286, 46.511929064686193 ], [ 10.472939911091773, 46.51279358740593 ], [ 10.472501925000513, 46.512207744883185 ], [ 10.47259865129956, 46.511192120250918 ], [ 10.473475366390204, 46.511166540611086 ], [ 10.474277603885996, 46.511763449109871 ], [ 10.474177488316588, 46.510828499346012 ], [ 10.474765630618677, 46.51096873082777 ], [ 10.475823864928424, 46.51169345152352 ], [ 10.475924198159218, 46.512506011089897 ], [ 10.476610827864866, 46.512541675247427 ], [ 10.476116732037079, 46.513032652831917 ], [ 10.477163020534123, 46.514070668217393 ], [ 10.476178451642225, 46.515090931095088 ], [ 10.476344899894032, 46.515649948726086 ], [ 10.477020575144584, 46.515992684257867 ], [ 10.476993674169387, 46.516527367130251 ], [ 10.47635462045689, 46.516943658044468 ], [ 10.476254168036789, 46.516291323210659 ], [ 10.475888926319646, 46.516245282791601 ], [ 10.475810784799195, 46.517817863203213 ], [ 10.476135467556839, 46.518021585203947 ], [ 10.476825583141189, 46.51733046995782 ], [ 10.477893718428041, 46.517605983326114 ], [ 10.478305667910737, 46.517439071515611 ], [ 10.480184538306331, 46.519289906070362 ], [ 10.479515350680952, 46.517571783754533 ], [ 10.479831979549822, 46.516910483991161 ], [ 10.480685959162535, 46.516730367255462 ], [ 10.480734439279376, 46.518260832148407 ], [ 10.482109207227074, 46.518601475821278 ], [ 10.482664537154195, 46.519471652615159 ], [ 10.48342492069521, 46.519907070734583 ], [ 10.483801468987764, 46.519547391512354 ], [ 10.483542973925443, 46.518811478281158 ], [ 10.48458667236102, 46.518599106174797 ], [ 10.484191309404284, 46.518188629027932 ], [ 10.485731835309162, 46.518974412988236 ], [ 10.486110646259633, 46.518900913482717 ], [ 10.484971403075583, 46.516284042109909 ], [ 10.485091702897467, 46.51582121374414 ], [ 10.485606469326731, 46.515785520225251 ], [ 10.485486531721655, 46.515434664833791 ], [ 10.485995201193536, 46.515494729182507 ], [ 10.486837299794388, 46.513995551549847 ], [ 10.487332387483892, 46.513884482972962 ], [ 10.486701142386742, 46.513841345937408 ], [ 10.486452870387506, 46.512933060468107 ], [ 10.487239940092852, 46.512764445537833 ], [ 10.4864856816307, 46.51265539765128 ], [ 10.485874132844714, 46.511490617914603 ], [ 10.486495801184518, 46.511544830305041 ], [ 10.487136022958797, 46.507884434404012 ], [ 10.489273746114094, 46.50618344361073 ], [ 10.491293996472811, 46.505745311765118 ], [ 10.492275356301459, 46.505061018121182 ], [ 10.492038108459388, 46.50420450984145 ], [ 10.493036358595338, 46.503474391171586 ], [ 10.493772680826325, 46.501308737497155 ], [ 10.493665447283522, 46.500864876923266 ], [ 10.493487912358942, 46.501181511070435 ], [ 10.493066190441622, 46.501017954285167 ], [ 10.493022982294789, 46.499833187058407 ], [ 10.493883818230735, 46.499094456945883 ], [ 10.493494052829311, 46.498554852963927 ], [ 10.492584413138275, 46.498340617690225 ], [ 10.492659053364614, 46.498125237021291 ], [ 10.491255125133749, 46.498149159247369 ], [ 10.491215796709689, 46.498375408269062 ], [ 10.490941473634603, 46.498178965611999 ], [ 10.489717964379782, 46.500375400915864 ], [ 10.489442339335122, 46.499752741862615 ], [ 10.488666667925015, 46.499505404321475 ], [ 10.488018407593827, 46.499885575191406 ], [ 10.488322105940158, 46.500754086290513 ], [ 10.48966938770711, 46.500538235448204 ], [ 10.489863437865692, 46.500847122605968 ], [ 10.487219575598949, 46.501553505886243 ], [ 10.486593761311831, 46.501305093621959 ], [ 10.486542325559038, 46.500936202792509 ], [ 10.486771294606161, 46.500474069219507 ], [ 10.487619586893542, 46.500160039716086 ], [ 10.487478736504366, 46.499104827248139 ], [ 10.4872597079172, 46.498757266139172 ], [ 10.486606942429116, 46.498718130162189 ], [ 10.48607431885822, 46.498008384792676 ], [ 10.486788347537768, 46.497667458064001 ], [ 10.486976039748752, 46.497061914609041 ], [ 10.486849494806346, 46.497732194513063 ], [ 10.487269279261216, 46.49780102841158 ], [ 10.487533150160763, 46.497162487102912 ], [ 10.487998521024428, 46.497537421302148 ], [ 10.488207037429419, 46.497091808683166 ], [ 10.487344320880208, 46.496560123767992 ], [ 10.487107121470455, 46.496965627805508 ], [ 10.486506151953519, 46.496542997396922 ], [ 10.486557763874403, 46.495614564861967 ], [ 10.486033644209025, 46.495043940726035 ], [ 10.482579178358209, 46.49484735740667 ], [ 10.481319656087781, 46.497366558232244 ], [ 10.480402919653569, 46.497135765723769 ], [ 10.479322058633088, 46.49765164686962 ], [ 10.479316310068764, 46.497346988334449 ], [ 10.478744120656016, 46.4973088906507 ], [ 10.480404351496999, 46.495664178119469 ], [ 10.480306370853979, 46.495096208281218 ], [ 10.479551386624353, 46.494909531208535 ], [ 10.475512259708402, 46.495804774343981 ], [ 10.476117338285663, 46.497356893664687 ], [ 10.476951198511156, 46.497743307826219 ], [ 10.477555898790303, 46.497612627862232 ], [ 10.476685986427565, 46.49879826056592 ], [ 10.476887974524267, 46.501673066939986 ], [ 10.476141270700703, 46.501757000396978 ], [ 10.475335384648469, 46.50035769344111 ], [ 10.474194008117486, 46.500126516388917 ], [ 10.474378700194961, 46.499458357811463 ], [ 10.473129283272748, 46.499634474956679 ], [ 10.47235456860551, 46.499440563645642 ] ], [ [ 10.478584193764757, 46.505596384049475 ], [ 10.478625485065397, 46.505338683272569 ], [ 10.478747523714322, 46.505260907686612 ], [ 10.478919323633503, 46.505492041217181 ], [ 10.478584193764757, 46.505596384049475 ] ], [ [ 10.479133367764309, 46.505246393091312 ], [ 10.478944112107795, 46.505134544379423 ], [ 10.479197794134294, 46.505078877513817 ], [ 10.479133367764309, 46.505246393091312 ] ], [ [ 10.477486673457578, 46.504784126569973 ], [ 10.476799376600065, 46.504236404453145 ], [ 10.475352445490127, 46.504130068836545 ], [ 10.474990406707054, 46.503813280265028 ], [ 10.475439435723221, 46.503840229017435 ], [ 10.475298574837838, 46.503094952441998 ], [ 10.47636600803227, 46.503991976607473 ], [ 10.477052243318317, 46.504182538748587 ], [ 10.477132094278307, 46.503788613411409 ], [ 10.477500272813749, 46.504331527559643 ], [ 10.477670068779206, 46.503100065503588 ], [ 10.47726456489089, 46.5031413059911 ], [ 10.477273453985315, 46.502673885383565 ], [ 10.477483832231362, 46.502802132227195 ], [ 10.47772554421028, 46.501700691582094 ], [ 10.478175800834141, 46.501614507829125 ], [ 10.478799186060018, 46.502508318913911 ], [ 10.478476094623549, 46.502515472902644 ], [ 10.478193664447991, 46.503227523793001 ], [ 10.478198363968646, 46.502923863115875 ], [ 10.477752942142279, 46.503101362075817 ], [ 10.478125505649201, 46.503543612936056 ], [ 10.477751425151276, 46.503578212133284 ], [ 10.477486673457578, 46.504784126569973 ] ], [ [ 10.488558547886749, 46.50432226110717 ], [ 10.487067788834857, 46.503905900759193 ], [ 10.487046021653095, 46.503487096800441 ], [ 10.487783781177768, 46.50373228691975 ], [ 10.488352845097024, 46.503355799757792 ], [ 10.489118767689366, 46.503874450003295 ], [ 10.488558547886749, 46.50432226110717 ] ], [ [ 10.489111550012222, 46.503736435765553 ], [ 10.489452695730773, 46.503727230697962 ], [ 10.489139907957401, 46.503764640616218 ], [ 10.489111550012222, 46.503736435765553 ] ] ] } },
{ "type": "Feature", "properties": { "HOM_ID": 3, "NAME_D": "Madatschferner", "NAME_IT": "Vedretta di Madaccio", "REGION": "Ortlergruppe", "ALT_MIN": 3088.0, "ALT_MAX": 3236.0, "ALT_MEDIAN": 3188.0, "area_km2": 0.0184109712 }, "geometry": { "type": "Polygon", "coordinates": [ [ [ 10.491877282258924, 46.510058116009041 ], [ 10.491888738824512, 46.508586400864345 ], [ 10.490233790420255, 46.508304931883025 ], [ 10.489998774596712, 46.508711050290295 ], [ 10.490387306459665, 46.508730989753388 ], [ 10.490949926094702, 46.509630883439314 ], [ 10.491588255115394, 46.509704710035095 ], [ 10.491452931184442, 46.510052935796445 ], [ 10.491877282258924, 46.510058116009041 ] ] ] } },
{ "type": "Feature", "properties": { "HOM_ID": 3, "NAME_D": "Madatschferner", "NAME_IT": "Vedretta di Madaccio", "REGION": "Ortlergruppe", "ALT_MIN": 2418.0, "ALT_MAX": 2516.0, "ALT_MEDIAN": 2465.0, "area_km2": 0.0138715584 }, "geometry": { "type": "Polygon", "coordinates": [ [ [ 10.486349814616649, 46.52049554676622 ], [ 10.486798000455929, 46.519727745986643 ], [ 10.485638646113898, 46.519209430423253 ], [ 10.48464452322141, 46.519184242065002 ], [ 10.485332531288771, 46.520127775838994 ], [ 10.486349814616649, 46.52049554676622 ] ] ] } },
{ "type": "Feature", "properties": { "HOM_ID": 4, "NAME_D": "Trafoierferner", "NAME_IT": "Vedretta di Trafoi", "REGION": "Ortlergruppe", "ALT_MIN": 2310.0, "ALT_MAX": 3394.0, "ALT_MEDIAN": 2928.0, "area_km2": 1.0380710202000001 }, "geometry": { "type": "Polygon", "coordinates": [ [ [ 10.504390713869595, 46.514739484613706 ], [ 10.503993467039018, 46.512657406802838 ], [ 10.504683748563103, 46.512980296244287 ], [ 10.504887854494868, 46.511478865642495 ], [ 10.504424216200599, 46.510925389893139 ], [ 10.506202401659213, 46.508510740264185 ], [ 10.50594353611427, 46.508126833848699 ], [ 10.506596115200681, 46.506862514597223 ], [ 10.505626855123898, 46.504967691845366 ], [ 10.50563617491756, 46.504620659301999 ], [ 10.506603978923312, 46.504002141996992 ], [ 10.506064987640025, 46.501717596441956 ], [ 10.507302882243122, 46.500692619111831 ], [ 10.507687224960264, 46.499627452136572 ], [ 10.508171363922315, 46.499712130900427 ], [ 10.508562955385225, 46.499149907598593 ], [ 10.50797913285637, 46.498512068334072 ], [ 10.507940599900856, 46.496669543430478 ], [ 10.506816183203787, 46.496107167032207 ], [ 10.50559269597553, 46.496151855887781 ], [ 10.504312370210229, 46.496987017368347 ], [ 10.503925387837244, 46.496864118895431 ], [ 10.503714594958973, 46.497503856435834 ], [ 10.504332806972645, 46.498352950260234 ], [ 10.504769162283957, 46.497945722841884 ], [ 10.50455249907381, 46.497567247334736 ], [ 10.504893717544668, 46.497661199351221 ], [ 10.50526218369693, 46.497219166163283 ], [ 10.504762367013065, 46.499018791216571 ], [ 10.505125053045735, 46.499146868708472 ], [ 10.505203411160524, 46.499871484217053 ], [ 10.503716829610728, 46.499929653204077 ], [ 10.50322704213583, 46.499361633168228 ], [ 10.503705408178838, 46.498683908041208 ], [ 10.503420410161819, 46.498558419758879 ], [ 10.503824898421431, 46.49839900231602 ], [ 10.503554843630885, 46.497865913810251 ], [ 10.502874709272913, 46.497810620486341 ], [ 10.502644360811766, 46.497455418343193 ], [ 10.503392477286509, 46.497276700575341 ], [ 10.503040795569937, 46.496982902014388 ], [ 10.503309600249498, 46.496347622587741 ], [ 10.501429014897797, 46.495669404255601 ], [ 10.499999778402664, 46.495905323512559 ], [ 10.499163730537807, 46.496620808132739 ], [ 10.500100186880113, 46.4974211552532 ], [ 10.499979399893494, 46.498928001975358 ], [ 10.500519082479778, 46.49899235724677 ], [ 10.500962865409567, 46.499518726789077 ], [ 10.501380155233715, 46.499270368783897 ], [ 10.501502143188333, 46.499943831279936 ], [ 10.500735848148485, 46.50047893992366 ], [ 10.500019700745463, 46.500581201779987 ], [ 10.499410939673302, 46.499937525852083 ], [ 10.499211912108875, 46.498122700633751 ], [ 10.498409770046775, 46.497290276435606 ], [ 10.498966169623666, 46.497085346721889 ], [ 10.498491780967818, 46.496886782505108 ], [ 10.497334936783169, 46.497199582971803 ], [ 10.497369128776313, 46.497565836871139 ], [ 10.496488403349732, 46.497889299999699 ], [ 10.496946025600737, 46.498152317825024 ], [ 10.496771924105307, 46.498404620427785 ], [ 10.496234065555146, 46.498280694248692 ], [ 10.496546897660343, 46.498371847423741 ], [ 10.49625345887994, 46.498673334660651 ], [ 10.496019778462673, 46.498325168225087 ], [ 10.494540040555298, 46.498118304310808 ], [ 10.493801898382953, 46.498235102033362 ], [ 10.494114586379521, 46.498635817841922 ], [ 10.493748119001868, 46.498789429005029 ], [ 10.496115547886934, 46.499694944932145 ], [ 10.496659880834581, 46.498797856787164 ], [ 10.497065994843931, 46.499146741323678 ], [ 10.496804737863542, 46.499364467236802 ], [ 10.497278099454006, 46.499179682113812 ], [ 10.497416733327944, 46.499362408229565 ], [ 10.496853501339105, 46.500559588294394 ], [ 10.498156930120446, 46.501516609114994 ], [ 10.498087067178417, 46.502425348249517 ], [ 10.497680357576167, 46.502683675495376 ], [ 10.49842583736274, 46.503046498184673 ], [ 10.498505623942286, 46.503753852863326 ], [ 10.497924415146548, 46.503905528300912 ], [ 10.498936306584495, 46.505242273763642 ], [ 10.498566870239394, 46.50595087604038 ], [ 10.4990048876488, 46.508165241809543 ], [ 10.498573352848139, 46.508303952948857 ], [ 10.498534971502879, 46.508789620286159 ], [ 10.499229915430329, 46.511671198760119 ], [ 10.498626452752243, 46.511822037491584 ], [ 10.499294142176273, 46.51219469699997 ], [ 10.500247678162735, 46.512378638984103 ], [ 10.500333811161513, 46.51206200405904 ], [ 10.500771658612182, 46.512306282107986 ], [ 10.500615401139987, 46.511641603798083 ], [ 10.499737249398786, 46.511307370536358 ], [ 10.499780462100462, 46.511937814884462 ], [ 10.499363404653115, 46.511508719441466 ], [ 10.499664530156764, 46.511171406666058 ], [ 10.500065827728134, 46.51122733122363 ], [ 10.499880279082824, 46.51086497753532 ], [ 10.500267863780586, 46.510898936065963 ], [ 10.500355206151347, 46.510089687030394 ], [ 10.500799857217602, 46.509955269084564 ], [ 10.500453747855678, 46.509743719148005 ], [ 10.500311719272787, 46.509439006314395 ], [ 10.500938573017178, 46.509972497955935 ], [ 10.501388094742298, 46.509023652028631 ], [ 10.501319609012064, 46.509250167453693 ], [ 10.502435140508334, 46.50948734246051 ], [ 10.502619029540577, 46.51016228771973 ], [ 10.501880588814158, 46.510805648532447 ], [ 10.50259723555628, 46.511055522664464 ], [ 10.502418995607107, 46.51209665160119 ], [ 10.502771599921665, 46.512532535803679 ], [ 10.503051277201898, 46.512668754252473 ], [ 10.503226580632854, 46.512615850139291 ], [ 10.503348637206527, 46.51288070157576 ], [ 10.503061748452911, 46.514187863837442 ], [ 10.503928249954564, 46.515590888564745 ], [ 10.504390713869595, 46.514739484613706 ] ], [ [ 10.503002116236301, 46.512572407234479 ], [ 10.503064491098254, 46.512583017075123 ], [ 10.503007198687056, 46.512606629336965 ], [ 10.503002116236301, 46.512572407234479 ] ], [ [ 10.502613179552419, 46.512163598842854 ], [ 10.502951877535581, 46.512251418557909 ], [ 10.503016315215476, 46.512399395037335 ], [ 10.502848483193754, 46.512410530107211 ], [ 10.502613179552419, 46.512163598842854 ] ], [ [ 10.50278964983119, 46.511792348869093 ], [ 10.502772472064279, 46.511231808120073 ], [ 10.503007562615215, 46.511752576898274 ], [ 10.50278964983119, 46.511792348869093 ] ], [ [ 10.503064289637134, 46.511495855129688 ], [ 10.503028997247638, 46.511154025206395 ], [ 10.503098641274246, 46.511647203473423 ], [ 10.503064289637134, 46.511495855129688 ] ], [ [ 10.503217881041111, 46.511124754341594 ], [ 10.503190464557964, 46.511068561831301 ], [ 10.503220303485771, 46.51105626374121 ], [ 10.503217881041111, 46.511124754341594 ] ], [ [ 10.503188249260482, 46.51098822632013 ], [ 10.503197524814256, 46.511011916140525 ], [ 10.503162966086059, 46.511009393923956 ], [ 10.503188249260482, 46.51098822632013 ] ], [ [ 10.502474989547522, 46.508213557743474 ], [ 10.501960343111509, 46.50766452777205 ], [ 10.50288384326827, 46.506718760066953 ], [ 10.503154164658019, 46.506954515399457 ], [ 10.502908744849695, 46.507622088992449 ], [ 10.503313301939135, 46.507953326701241 ], [ 10.502474989547522, 46.508213557743474 ] ], [ [ 10.502390112360404, 46.500912951623981 ], [ 10.50249132905293, 46.500206197768165 ], [ 10.501945219817586, 46.50040981877244 ], [ 10.502064459479126, 46.500670182248129 ], [ 10.501566459424231, 46.500429675069192 ], [ 10.501806408018661, 46.500036273626762 ], [ 10.502480492421386, 46.499909550831781 ], [ 10.503185683972207, 46.500279724296824 ], [ 10.502390112360404, 46.500912951623981 ] ] ] } },
{ "type": "Feature", "properties": { "HOM_ID": 4, "NAME_D": "Trafoierferner", "NAME_IT": "Vedretta di Trafoi", "REGION": "Ortlergruppe", "ALT_MIN": 3138.0, "ALT_MAX": 3297.0, "ALT_MEDIAN": 3208.0, "area_km2": 0.0457259612 }, "geometry": { "type": "Polygon", "coordinates": [ [ [ 10.494762736545665, 46.506406335683387 ], [ 10.495594582990686, 46.505879696780255 ], [ 10.495036042722996, 46.505542267384357 ], [ 10.495040902653583, 46.505216458728775 ], [ 10.495187401524666, 46.505427896658638 ], [ 10.495625076864995, 46.505291495037653 ], [ 10.494752895353816, 46.50447234375067 ], [ 10.495187764375187, 46.504240734789548 ], [ 10.495074194296663, 46.50362184209569 ], [ 10.493865225259629, 46.503039174398985 ], [ 10.494689526497483, 46.502950104310138 ], [ 10.495006571978836, 46.502628073291199 ], [ 10.494460384997033, 46.502138736299166 ], [ 10.493778858265424, 46.502073521755726 ], [ 10.493503526169047, 46.50519082843627 ], [ 10.494296207942289, 46.506230095999896 ], [ 10.494762736545665, 46.506406335683387 ] ] ] } },
{ "type": "Feature", "properties": { "HOM_ID": 4, "NAME_D": "Trafoierferner", "NAME_IT": "Vedretta di Trafoi", "REGION": "Ortlergruppe", "ALT_MIN": 2992.0, "ALT_MAX": 3168.0, "ALT_MEDIAN": 3077.0, "area_km2": 0.0137955295 }, "geometry": { "type": "Polygon", "coordinates": [ [ [ 10.494809318925318, 46.507749877843423 ], [ 10.495254723628079, 46.507876906763777 ], [ 10.495228096524055, 46.507024335422017 ], [ 10.49414997600044, 46.506415499774818 ], [ 10.493652052184718, 46.50731137350882 ], [ 10.494657531259131, 46.50810046510157 ], [ 10.494809318925318, 46.507749877843423 ] ] ] } },
{ "type": "Feature", "properties": { "HOM_ID": 5, "NAME_D": "Nasenhornferner", "NAME_IT": "Vedretta Bassa dell Ortles", "REGION": "Ortlergruppe", "ALT_MIN": 2235.0, "ALT_MAX": 3564.0, "ALT_MEDIAN": 3006.0, "area_km2": 1.434964532 }, "geometry": { "type": "Polygon", "coordinates": [ [ [ 10.527446755543631, 46.497335630892927 ], [ 10.525802520225163, 46.4986504523701 ], [ 10.524717836481738, 46.498724572510525 ], [ 10.52603685917609, 46.497699892592777 ], [ 10.526107462085285, 46.497161812785301 ], [ 10.526668486664274, 46.497585061018377 ], [ 10.525905884339464, 46.495964982722001 ], [ 10.525000648918454, 46.496113976097313 ], [ 10.524977229069171, 46.496355383009806 ], [ 10.524587795823789, 46.496240346001557 ], [ 10.524145077789736, 46.496746295379019 ], [ 10.521646172089248, 46.496221166859243 ], [ 10.520881106925751, 46.496545680702887 ], [ 10.517811946836281, 46.496900158132966 ], [ 10.515706511017836, 46.49802075588817 ], [ 10.515274778240249, 46.497977377607285 ], [ 10.514628008633556, 46.498606528446757 ], [ 10.513486880195101, 46.498800225325155 ], [ 10.512937073616762, 46.49704462613299 ], [ 10.514802153128473, 46.49585843563483 ], [ 10.513177780407258, 46.495409658079204 ], [ 10.511932323083743, 46.495569001980755 ], [ 10.512008692427402, 46.495940892949818 ], [ 10.511496016951508, 46.496290560573442 ], [ 10.511754275314225, 46.49665146708162 ], [ 10.509759376319108, 46.497440128532531 ], [ 10.509621047252503, 46.498795655308349 ], [ 10.508998006048651, 46.498896744360721 ], [ 10.509492774833889, 46.499073188471648 ], [ 10.509383732822737, 46.499468951136443 ], [ 10.507909312023971, 46.50061708152289 ], [ 10.507325736448282, 46.502612622054556 ], [ 10.508167789926899, 46.504198814260704 ], [ 10.508925515145524, 46.504321350249981 ], [ 10.508110792842119, 46.505100027017804 ], [ 10.508356275260768, 46.506187365147554 ], [ 10.507699085210371, 46.509775001408272 ], [ 10.507861477033066, 46.510055561883391 ], [ 10.508264841240869, 46.509987736851521 ], [ 10.508155259078627, 46.510545781668313 ], [ 10.509354918173939, 46.511833647479698 ], [ 10.509291854279924, 46.510801645381726 ], [ 10.509858490514992, 46.510713800981222 ], [ 10.509523796638284, 46.510459266619023 ], [ 10.509939643639832, 46.510063859361054 ], [ 10.509716966761953, 46.509495317236869 ], [ 10.510379468168695, 46.509444898705233 ], [ 10.51142800995175, 46.510568056543995 ], [ 10.51218422649376, 46.510630153000463 ], [ 10.512223404386569, 46.51135160370589 ], [ 10.51170616632162, 46.510982216602436 ], [ 10.512364188130421, 46.512323642314243 ], [ 10.513652696916866, 46.513266208165625 ], [ 10.513583138678404, 46.513868961652101 ], [ 10.513210893365999, 46.514002471186338 ], [ 10.51331968025262, 46.514939214006695 ], [ 10.512512225542032, 46.516045235726331 ], [ 10.512464140593329, 46.517138485448953 ], [ 10.511937063773702, 46.517319625049026 ], [ 10.511550461077578, 46.518055755414352 ], [ 10.513904712371637, 46.516959355350231 ], [ 10.513267363727966, 46.516994181013423 ], [ 10.513292425265682, 46.516654532303505 ], [ 10.515134029349928, 46.513893999745477 ], [ 10.5152863051204, 46.511564482752128 ], [ 10.515637864937991, 46.511649118018127 ], [ 10.516063665210007, 46.510992817946061 ], [ 10.516497440577011, 46.510933490110531 ], [ 10.516624769118213, 46.511342303660875 ], [ 10.517175909814286, 46.511021207857667 ], [ 10.516860800443082, 46.509391937348056 ], [ 10.517637656594365, 46.507193329611262 ], [ 10.516489587898857, 46.505841764315143 ], [ 10.516720061049936, 46.504829088670057 ], [ 10.517687412557912, 46.504892452332641 ], [ 10.517732085566179, 46.50550620319639 ], [ 10.51964869308947, 46.504680170593801 ], [ 10.519079892905372, 46.502578913002388 ], [ 10.521315305104942, 46.499331818809623 ], [ 10.522145104789065, 46.498670714606597 ], [ 10.522773519808574, 46.498907999932882 ], [ 10.522577905789319, 46.499127217869301 ], [ 10.526390372418726, 46.498646274819997 ], [ 10.527557352007463, 46.49796225542174 ], [ 10.527446755543631, 46.497335630892927 ] ], [ [ 10.513354826371994, 46.512731229261277 ], [ 10.513492870687617, 46.512190904781029 ], [ 10.513693588940804, 46.512139297777651 ], [ 10.513354826371994, 46.512731229261277 ] ], [ [ 10.513901766411658, 46.512283222435755 ], [ 10.513798708766723, 46.512248392825505 ], [ 10.513893288377165, 46.512176658057236 ], [ 10.513901766411658, 46.512283222435755 ] ], [ [ 10.510051374446011, 46.50910677447974 ], [ 10.51025090706012, 46.508839829108709 ], [ 10.510598956825447, 46.508954290924301 ], [ 10.510450527041295, 46.50932295248456 ], [ 10.510051374446011, 46.50910677447974 ] ], [ [ 10.510580139170914, 46.508722060496368 ], [ 10.510798158882533, 46.508440863261335 ], [ 10.511084835829939, 46.508529261117211 ], [ 10.511013287336393, 46.508722605491919 ], [ 10.510580139170914, 46.508722060496368 ] ], [ [ 10.510510568574054, 46.508461126394032 ], [ 10.510353251512441, 46.508073286690596 ], [ 10.510739634806281, 46.507237747898508 ], [ 10.510860640292906, 46.508061036369966 ], [ 10.510510568574054, 46.508461126394032 ] ], [ [ 10.510402481824901, 46.508605424544641 ], [ 10.510366335247838, 46.508701148969358 ], [ 10.510346624738272, 46.508612115206233 ], [ 10.510402481824901, 46.508605424544641 ] ], [ [ 10.518049284828081, 46.5047342027759 ], [ 10.5160158465089, 46.503057754551577 ], [ 10.516233126504467, 46.502810803146936 ], [ 10.516841174568921, 46.502975375001391 ], [ 10.518109915072532, 46.504172880778299 ], [ 10.518049284828081, 46.5047342027759 ] ], [ [ 10.512855768820353, 46.49711857338788 ], [ 10.511737967691364, 46.496871496574705 ], [ 10.512895218282102, 46.496651340491304 ], [ 10.512855768820353, 46.49711857338788 ] ], [ [ 10.512699202181901, 46.496533159029191 ], [ 10.512840188296428, 46.496519388079598 ], [ 10.512890753610691, 46.496602060443308 ], [ 10.512699202181901, 46.496533159029191 ] ] ] } },
{ "type": "Feature", "properties": { "HOM_ID": 5, "NAME_D": "Nasenhornferner", "NAME_IT": "Vedretta Bassa dell Ortles", "REGION": "Ortlergruppe", "ALT_MIN": 3289.0, "ALT_MAX": 3559.0, "ALT_MEDIAN": 3428.0, "area_km2": 0.0174095783 }, "geometry": { "type": "Polygon", "coordinates": [ [ [ 10.513933592153199, 46.497368148764522 ], [ 10.514304237919371, 46.497553735605557 ], [ 10.514348624571658, 46.497334728274716 ], [ 10.515026949998774, 46.497379861621944 ], [ 10.514636376678554, 46.496849269552484 ], [ 10.515239333783059, 46.496212650541487 ], [ 10.515614196117028, 46.496798215724986 ], [ 10.515846617327101, 46.496228413756043 ], [ 10.515507001408107, 46.495918598908155 ], [ 10.51615525586482, 46.495671888730598 ], [ 10.515126405718085, 46.495657493005908 ], [ 10.51480570847454, 46.496242206801817 ], [ 10.514079080149953, 46.496433342278145 ], [ 10.513383833606619, 46.497472405728828 ], [ 10.513982861108421, 46.497900880956905 ], [ 10.513933592153199, 46.497368148764522 ] ] ] } },
{ "type": "Feature", "properties": { "HOM_ID": 5, "NAME_D": "Nasenhornferner", "NAME_IT": "Vedretta Bassa dell Ortles", "REGION": "Ortlergruppe", "ALT_MIN": 3345.0, "ALT_MAX": 3511.0, "ALT_MEDIAN": 3432.0, "area_km2": 0.007237524 }, "geometry": { "type": "Polygon", "coordinates": [ [ [ 10.516933110820993, 46.496152675674217 ], [ 10.517393129678998, 46.496053031573076 ], [ 10.517775377866045, 46.495443776884414 ], [ 10.516395527974062, 46.49603951886219 ], [ 10.51670852131549, 46.496755675194869 ], [ 10.517136890441057, 46.496351145156126 ], [ 10.516933110820993, 46.496152675674217 ] ] ] } },
{ "type": "Feature", "properties": { "HOM_ID": 5, "NAME_D": "Nasenhornferner", "NAME_IT": "Vedretta Bassa dell Ortles", "REGION": "Ortlergruppe", "ALT_MIN": 3292.0, "ALT_MAX": 3350.0, "ALT_MEDIAN": 3325.0, "area_km2": 0.0019795878 }, "geometry": { "type": "Polygon", "coordinates": [ [ [ 10.515840991511997, 46.497514722783706 ], [ 10.516109310891185, 46.496906491806996 ], [ 10.515206496138417, 46.497326683886975 ], [ 10.515840991511997, 46.497514722783706 ] ] ] } },
{ "type": "Feature", "properties": { "HOM_ID": 7, "NAME_D": "Ortlerferner Oberer", "NAME_IT": "Vedretta Alto dell Ortles", "REGION": "Ortlergruppe", "ALT_MIN": 3019.0, "ALT_MAX": 3897.0, "ALT_MEDIAN": 3580.0, "area_km2": 1.0944553253 }, "geometry": { "type": "Polygon", "coordinates": [ [ [ 10.540130741116855, 46.522350347270553 ], [ 10.540801430945612, 46.521365033097638 ], [ 10.540165439303008, 46.520831882792308 ], [ 10.540362281196026, 46.520168456412328 ], [ 10.539779391871095, 46.520050603806034 ], [ 10.53972100942114, 46.519142583984376 ], [ 10.540997476616726, 46.51794184028531 ], [ 10.542176812047366, 46.518465274502901 ], [ 10.541772738722443, 46.516981130370716 ], [ 10.542299061997383, 46.515154052627949 ], [ 10.541351356334481, 46.514928553879557 ], [ 10.541779718018132, 46.513258475937675 ], [ 10.543725202121001, 46.511780188809666 ], [ 10.544824955373127, 46.509767072248394 ], [ 10.544767612991404, 46.507743481362979 ], [ 10.545154974904484, 46.507498605660885 ], [ 10.54359768002206, 46.506250736888482 ], [ 10.542444105283586, 46.504660763312323 ], [ 10.541513933668107, 46.505648220225524 ], [ 10.539429284188902, 46.506076339985249 ], [ 10.538943950816922, 46.505882672844706 ], [ 10.53757869040545, 46.508828593992803 ], [ 10.536647695052144, 46.509340618390091 ], [ 10.536542395252299, 46.510251321122048 ], [ 10.532573065869636, 46.511769066845019 ], [ 10.530662970236319, 46.512848162763753 ], [ 10.530252828181586, 46.513673051673379 ], [ 10.530731468467172, 46.514501047446636 ], [ 10.529056689865563, 46.515532590160326 ], [ 10.529079848618059, 46.515861051943652 ], [ 10.528149106726378, 46.516525598078481 ], [ 10.530045431183794, 46.517254553534549 ], [ 10.532248397891237, 46.517110762296333 ], [ 10.533815627678608, 46.516019150371633 ], [ 10.533890319644277, 46.515547866790662 ], [ 10.534824760682177, 46.515292450138503 ], [ 10.534429279344494, 46.514844142834967 ], [ 10.535210420106511, 46.514840803086386 ], [ 10.535467266515207, 46.514040851849529 ], [ 10.536084909046167, 46.51388769813024 ], [ 10.535667175733451, 46.515229469179779 ], [ 10.536096189020604, 46.515276092834846 ], [ 10.535896013689666, 46.5159653988472 ], [ 10.536593933896636, 46.516537265972019 ], [ 10.534471456931128, 46.518149242011212 ], [ 10.533320076793206, 46.518143850115258 ], [ 10.532981192541291, 46.519688234937774 ], [ 10.53366436944901, 46.520026477441732 ], [ 10.536811558185779, 46.519954526112969 ], [ 10.536349089313322, 46.520313153518615 ], [ 10.534981254464299, 46.520175326151993 ], [ 10.534807934456628, 46.520451487702175 ], [ 10.535075099866331, 46.520751500912326 ], [ 10.536512570328854, 46.520613297178244 ], [ 10.537179240293799, 46.521360201190369 ], [ 10.53766520105807, 46.520941000811696 ], [ 10.539248295268873, 46.52072517218344 ], [ 10.540114336608683, 46.521311751343482 ], [ 10.540130741116855, 46.522350347270553 ] ], [ [ 10.538792970538378, 46.520566274493376 ], [ 10.538929353065642, 46.520509672330228 ], [ 10.538865517497522, 46.520570060650442 ], [ 10.538792970538378, 46.520566274493376 ] ], [ [ 10.536702279813749, 46.519398403287873 ], [ 10.537343685269279, 46.518780202388427 ], [ 10.537906912817631, 46.518570229809313 ], [ 10.537015016938637, 46.519442038619069 ], [ 10.536702279813749, 46.519398403287873 ] ], [ [ 10.538664626101141, 46.517454220634399 ], [ 10.538831965984267, 46.517394820852061 ], [ 10.538857177455419, 46.517432580382597 ], [ 10.538664626101141, 46.517454220634399 ] ], [ [ 10.536668712022868, 46.513241138203355 ], [ 10.537043754476519, 46.513234522238243 ], [ 10.536462622826901, 46.513662994117475 ], [ 10.536668712022868, 46.513241138203355 ] ] ] } },
{ "type": "Feature", "properties": { "HOM_ID": 7, "NAME_D": "Ortlerferner Oberer", "NAME_IT": "Vedretta Alto dell Ortles", "REGION": "Ortlergruppe", "ALT_MIN": 2587.0, "ALT_MAX": 2989.0, "ALT_MEDIAN": 2857.0, "area_km2": 0.1307227665 }, "geometry": { "type": "Polygon", "coordinates": [ [ [ 10.538653400152006, 46.524417272594441 ], [ 10.541440322944055, 46.523546332521363 ], [ 10.541363611512159, 46.523273531734191 ], [ 10.538871026264282, 46.522961829863732 ], [ 10.53876465135836, 46.522248909696536 ], [ 10.537488435843974, 46.522254168623711 ], [ 10.537936833108134, 46.521597245425355 ], [ 10.536521562295768, 46.522219539914246 ], [ 10.536047986639788, 46.521940161145288 ], [ 10.53484490762518, 46.522048345722311 ], [ 10.534883776975118, 46.522938382214832 ], [ 10.534172693707729, 46.523657512734772 ], [ 10.532600415652531, 46.523440477130244 ], [ 10.532026514418162, 46.522905259737875 ], [ 10.530117584240305, 46.522983202301489 ], [ 10.529676886893752, 46.523549507055328 ], [ 10.529997270284239, 46.523902396843482 ], [ 10.532580081386252, 46.524355953298461 ], [ 10.535151451347241, 46.523868208468031 ], [ 10.538653400152006, 46.524417272594441 ] ] ] } },
{ "type": "Feature", "properties": { "HOM_ID": 7, "NAME_D": "Ortlerferner Oberer", "NAME_IT": "Vedretta Alto dell Ortles", "REGION": "Ortlergruppe", "ALT_MIN": 2253.0, "ALT_MAX": 2501.0, "ALT_MEDIAN": 2369.0, "area_km2": 0.0660824474 }, "geometry": { "type": "Polygon", "coordinates": [ [ [ 10.521785753990644, 46.525436394780947 ], [ 10.521766371949482, 46.525668816728896 ], [ 10.522442308771716, 46.525475279701432 ], [ 10.524563648920736, 46.524077251668544 ], [ 10.525323310843728, 46.522870583804796 ], [ 10.525155308353932, 46.522414449045634 ], [ 10.522951547639693, 46.522866475576798 ], [ 10.521965643457733, 46.523385599340735 ], [ 10.520506956881574, 46.525506385240476 ], [ 10.521047406068242, 46.52586589851402 ], [ 10.521785753990644, 46.525436394780947 ] ] ] } },
{ "type": "Feature", "properties": { "HOM_ID": 7, "NAME_D": "Ortlerferner Oberer", "NAME_IT": "Vedretta Alto dell Ortles", "REGION": "Ortlergruppe", "ALT_MIN": 3617.0, "ALT_MAX": 3720.0, "ALT_MEDIAN": 3658.0, "area_km2": 0.0130914887 }, "geometry": { "type": "Polygon", "coordinates": [ [ [ 10.538071265815569, 46.507569840498142 ], [ 10.538113958710106, 46.506186806889481 ], [ 10.537220294828916, 46.506011568968496 ], [ 10.537073078124614, 46.507027181480737 ], [ 10.537139289638521, 46.507122700392479 ], [ 10.537514766908188, 46.507321951050237 ], [ 10.537666563152735, 46.507458541037749 ], [ 10.537196425127092, 46.507275156084063 ], [ 10.537399009828535, 46.507713862903913 ], [ 10.538071265815569, 46.507569840498142 ] ] ] } },
{ "type": "Feature", "properties": { "HOM_ID": 7, "NAME_D": "Ortlerferner Oberer", "NAME_IT": "Vedretta Alto dell Ortles", "REGION": "Ortlergruppe", "ALT_MIN": 3314.0, "ALT_MAX": 3460.0, "ALT_MEDIAN": 3399.0, "area_km2": 0.0083330674 }, "geometry": { "type": "Polygon", "coordinates": [ [ [ 10.533802683692988, 46.516688329756811 ], [ 10.535185753542418, 46.516348313267166 ], [ 10.534882286134886, 46.515983304680923 ], [ 10.535251884771991, 46.515787849649357 ], [ 10.534765564306271, 46.515359812652761 ], [ 10.534051723735143, 46.515732520162167 ], [ 10.533802683692988, 46.516688329756811 ] ] ] } },
{ "type": "Feature", "properties": { "HOM_ID": 7, "NAME_D": "Ortlerferner Oberer", "NAME_IT": "Vedretta Alto dell Ortles", "REGION": "Ortlergruppe", "ALT_MIN": 2934.0, "ALT_MAX": 3002.0, "ALT_MEDIAN": 2976.0, "area_km2": 0.0022377408 }, "geometry": { "type": "Polygon", "coordinates": [ [ [ 10.532938447840795, 46.520518232719866 ], [ 10.534336560115255, 46.520249460246482 ], [ 10.533525060146092, 46.520218674620288 ], [ 10.532938447840795, 46.520518232719866 ] ] ] } },
{ "type": "Feature", "properties": { "HOM_ID": 8, "NAME_D": "Tabarettaferner", "NAME_IT": "Vedretta di Tabaretta", "REGION": "Ortlergruppe", "ALT_MIN": 2745.0, "ALT_MAX": 3048.0, "ALT_MEDIAN": 2877.0, "area_km2": 0.0685109613 }, "geometry": { "type": "Polygon", "coordinates": [ [ [ 10.537481866181944, 46.52746959152411 ], [ 10.538200373593536, 46.528226463054253 ], [ 10.537711452275699, 46.529157864350559 ], [ 10.538427975483383, 46.529791143424283 ], [ 10.539626759980816, 46.528491422174589 ], [ 10.53904945553127, 46.528586243936481 ], [ 10.539283851090026, 46.528029467355736 ], [ 10.538894529019684, 46.527987083468027 ], [ 10.539738828132446, 46.527648308343998 ], [ 10.539650548682186, 46.527881660934767 ], [ 10.540569872244197, 46.527756174874334 ], [ 10.541610512279338, 46.52727173230025 ], [ 10.542137698507142, 46.527383821380468 ], [ 10.542189320082057, 46.52677887157656 ], [ 10.54287035143377, 46.526389650915519 ], [ 10.542179072675335, 46.52586841047664 ], [ 10.541344201854692, 46.526855183660409 ], [ 10.540783724786621, 46.526359833104159 ], [ 10.54012138218245, 46.52636113511052 ], [ 10.540307166905299, 46.525806201424757 ], [ 10.540029116555397, 46.525830900374878 ], [ 10.539154531612828, 46.526525350710813 ], [ 10.537611411026207, 46.526761233128695 ], [ 10.537481866181944, 46.52746959152411 ] ] ] } },
{ "type": "Feature", "properties": { "HOM_ID": 9, "NAME_D": "Marltferner", "NAME_IT": "Vedretta del Marlet", "REGION": "Ortlergruppe", "ALT_MIN": 2165.0, "ALT_MAX": 3841.0, "ALT_MEDIAN": 2503.0, "area_km2": 0.4773227803 }, "geometry": { "type": "Polygon", "coordinates": [ [ [ 10.544589901210861, 46.509978683833495 ], [ 10.544291456998229, 46.511218309669928 ], [ 10.544839904494202, 46.511455864164354 ], [ 10.544757784694081, 46.512193056085096 ], [ 10.545217765758713, 46.513060931741187 ], [ 10.545672294707428, 46.513053973055854 ], [ 10.545713861693114, 46.513711884323136 ], [ 10.545595634993205, 46.514359257044525 ], [ 10.544826648102591, 46.515041853302684 ], [ 10.545160999464317, 46.514961138604917 ], [ 10.545302238831505, 46.51553403208495 ], [ 10.545898307648535, 46.51566708949143 ], [ 10.545820959826733, 46.516448492509092 ], [ 10.546630663293143, 46.516909470792044 ], [ 10.546053040603203, 46.517982149533303 ], [ 10.545718196117564, 46.517952090950928 ], [ 10.546588957493588, 46.518428341906016 ], [ 10.546462039017891, 46.519448375366203 ], [ 10.547209894784393, 46.520238426081121 ], [ 10.546825290967043, 46.521818774446281 ], [ 10.545597660087516, 46.522867610755853 ], [ 10.548030096895987, 46.522882333895311 ], [ 10.549057962590226, 46.523297100522989 ], [ 10.550464439006175, 46.524776371581943 ], [ 10.555852893711801, 46.527913008843406 ], [ 10.560705332535198, 46.528937466173673 ], [ 10.561300905465044, 46.528772179511819 ], [ 10.560475914921843, 46.527941145491724 ], [ 10.556786520703982, 46.52649986386573 ], [ 10.556675331648682, 46.525721228915963 ], [ 10.554621962176695, 46.524280948397788 ], [ 10.554666290816623, 46.523886434858937 ], [ 10.555467820432154, 46.523535340307888 ], [ 10.553195278620972, 46.521941984328109 ], [ 10.551679785806884, 46.519544630588044 ], [ 10.55042126798998, 46.519494677214674 ], [ 10.550781474535771, 46.520219907675035 ], [ 10.549802654631948, 46.52044836752782 ], [ 10.54946810472314, 46.519749297700422 ], [ 10.547923659628218, 46.519167296596379 ], [ 10.548155581515669, 46.518556901031666 ], [ 10.547201793432446, 46.517766163317155 ], [ 10.547166040666749, 46.517187027923853 ], [ 10.546908363281336, 46.517423671562973 ], [ 10.546698528667223, 46.517189509054532 ], [ 10.546858630284792, 46.516096839529048 ], [ 10.546017163402363, 46.515172024845043 ], [ 10.546533390308742, 46.513343199370695 ], [ 10.545740487807461, 46.51282644139534 ], [ 10.54699444687405, 46.512530887631151 ], [ 10.547111742537693, 46.512167362058157 ], [ 10.546583950354096, 46.511627092512462 ], [ 10.545770797838582, 46.511558079189122 ], [ 10.546299080553926, 46.511232454853449 ], [ 10.545460581063582, 46.510950428629499 ], [ 10.544589901210861, 46.509978683833495 ] ] ] } },
{ "type": "Feature", "properties": { "HOM_ID": 10, "NAME_D": null, "NAME_IT": null, "REGION": "Ortlergruppe", "ALT_MIN": 2575.0, "ALT_MAX": 3174.0, "ALT_MEDIAN": 2812.0, "area_km2": 0.0834309545 }, "geometry": { "type": "Polygon", "coordinates": [ [ [ 10.552128424911071, 46.519189831137581 ], [ 10.554326652571154, 46.519585411326396 ], [ 10.554416669074302, 46.518962106131156 ], [ 10.553391401252421, 46.518226017089219 ], [ 10.553292311313532, 46.517568539686316 ], [ 10.5535441600274, 46.517787996594123 ], [ 10.553749629431515, 46.51773567672803 ], [ 10.55263117782005, 46.516409884816348 ], [ 10.552809847582578, 46.516095048747829 ], [ 10.551126765452583, 46.515946762768721 ], [ 10.55041590346778, 46.515474770095686 ], [ 10.550445323880892, 46.515441987243371 ], [ 10.551021488259433, 46.515519896630849 ], [ 10.551095420463557, 46.51549984448139 ], [ 10.549872352567576, 46.51537927119967 ], [ 10.550370949750755, 46.515252501542719 ], [ 10.549218374667007, 46.514732452066809 ], [ 10.550075133044309, 46.51490181168883 ], [ 10.549551731350279, 46.514689836793011 ], [ 10.549950650988995, 46.514284393278992 ], [ 10.54954151311636, 46.514330417745704 ], [ 10.550073954934174, 46.514132707956442 ], [ 10.550077195112804, 46.514004080548538 ], [ 10.548243517072757, 46.514655169634523 ], [ 10.548250077216903, 46.515250374637546 ], [ 10.548900053836613, 46.51587095462439 ], [ 10.550072286128501, 46.516150571388415 ], [ 10.550348328877567, 46.516538421612736 ], [ 10.550830199697426, 46.51643082584858 ], [ 10.551187214274085, 46.516972877425189 ], [ 10.551765211075821, 46.516867131815125 ], [ 10.552285295112926, 46.517503495148553 ], [ 10.552084609999655, 46.518257005579464 ], [ 10.551684848080988, 46.518391013843768 ], [ 10.552128424911071, 46.519189831137581 ] ], [ [ 10.549107323382394, 46.514866349774891 ], [ 10.549163298612912, 46.514797013669046 ], [ 10.549184121960138, 46.514850069911915 ], [ 10.549107323382394, 46.514866349774891 ] ], [ [ 10.549257441890317, 46.51453424953651 ], [ 10.549214445926152, 46.514550547767627 ], [ 10.549131860657322, 46.514557381338541 ], [ 10.549257441890317, 46.51453424953651 ] ] ] } },
{ "type": "Feature", "properties": { "HOM_ID": 11, "NAME_D": "Endderweltferner", "NAME_IT": "Vedretta Fine del Mondo", "REGION": "Ortlergruppe", "ALT_MIN": 2368.0, "ALT_MAX": 3020.0, "ALT_MEDIAN": 2617.0, "area_km2": 0.6682644457 }, "geometry": { "type": "Polygon", "coordinates": [ [ [ 10.572389402846575, 46.517208063461794 ], [ 10.574935906413726, 46.515511983760788 ], [ 10.572864656036195, 46.514889227146753 ], [ 10.572733525832433, 46.5143790776009 ], [ 10.568804211647219, 46.513736298564154 ], [ 10.565382418557798, 46.512177192996909 ], [ 10.564600461319074, 46.511361322261017 ], [ 10.564790522267259, 46.510012121328067 ], [ 10.563470471252478, 46.508509674479619 ], [ 10.563928872786136, 46.508259335544558 ], [ 10.565296668924464, 46.508752574999427 ], [ 10.564399787498564, 46.506341998118771 ], [ 10.565531879183292, 46.506434849128482 ], [ 10.566451257200706, 46.506025792780207 ], [ 10.566124859728355, 46.505648083939711 ], [ 10.568655012397494, 46.505801359598614 ], [ 10.571136885897996, 46.506660230595507 ], [ 10.573316272483883, 46.508088739840076 ], [ 10.573919189018429, 46.507976266723354 ], [ 10.574369728954766, 46.507049143688278 ], [ 10.571802075446691, 46.505789102470395 ], [ 10.570448886566858, 46.505850316912536 ], [ 10.567291101567774, 46.504689952513949 ], [ 10.565602020787589, 46.505094475212182 ], [ 10.564152692062454, 46.505939267943759 ], [ 10.563744909442542, 46.505849597632952 ], [ 10.563844528292954, 46.50556547027292 ], [ 10.563497459046413, 46.505638674905661 ], [ 10.563538469199413, 46.506607730526575 ], [ 10.562626902863792, 46.507842389978372 ], [ 10.562794163829251, 46.508203234088477 ], [ 10.561447868842853, 46.508170429203446 ], [ 10.561168984110161, 46.508668331350108 ], [ 10.561708023009121, 46.508824677296495 ], [ 10.562329841532383, 46.509769336417691 ], [ 10.560748145339367, 46.510260862278038 ], [ 10.560191997073646, 46.509814319592365 ], [ 10.560245915210619, 46.510299308181793 ], [ 10.559509537949742, 46.510550239740049 ], [ 10.557420296844995, 46.510495783207894 ], [ 10.558246468092259, 46.510784650974394 ], [ 10.558004751090781, 46.511332902757175 ], [ 10.556033128783087, 46.511592736840527 ], [ 10.554739156801652, 46.511437152158145 ], [ 10.555721111870636, 46.513085744638559 ], [ 10.556853819207173, 46.513291472285118 ], [ 10.557190895902259, 46.513677830910382 ], [ 10.559048759908977, 46.514287566016073 ], [ 10.559420349564476, 46.514798024148796 ], [ 10.562404835124122, 46.515132323241509 ], [ 10.564358271300078, 46.514981796864092 ], [ 10.565073519339364, 46.515386335085182 ], [ 10.56605270693664, 46.515372930034708 ], [ 10.572389402846575, 46.517208063461794 ] ] ] } },
{ "type": "Feature", "properties": { "HOM_ID": 11, "NAME_D": "Endderweltferner", "NAME_IT": "Vedretta Fine del Mondo", "REGION": "Ortlergruppe", "ALT_MIN": 2330.0, "ALT_MAX": 2388.0, "ALT_MEDIAN": 2356.0, "area_km2": 0.0292949735 }, "geometry": { "type": "Polygon", "coordinates": [ [ [ 10.57675705012158, 46.516636783132469 ], [ 10.577894329663211, 46.515411459098175 ], [ 10.577115274789305, 46.514950732708485 ], [ 10.574835755668182, 46.514605920994221 ], [ 10.574535494721481, 46.514957707352451 ], [ 10.575361712876976, 46.515141585096664 ], [ 10.575422075988447, 46.515797958295217 ], [ 10.57675705012158, 46.516636783132469 ] ] ] } },
{ "type": "Feature", "properties": { "HOM_ID": 12, "NAME_D": "Suldenferner", "NAME_IT": "Vedretta di Solda", "REGION": "Ortlergruppe", "ALT_MIN": 2432.0, "ALT_MAX": 3647.0, "ALT_MEDIAN": 2875.0, "area_km2": 5.606697122 }, "geometry": { "type": "Polygon", "coordinates": [ [ [ 10.547873203426066, 46.508023951315799 ], [ 10.548854425621654, 46.507601103456558 ], [ 10.548738694659606, 46.506926415478972 ], [ 10.549309730226936, 46.506632939666964 ], [ 10.548877664478672, 46.50647687236193 ], [ 10.548912535141159, 46.505762046068817 ], [ 10.549620081194339, 46.504933335318263 ], [ 10.550710482059603, 46.504956652840981 ], [ 10.550890302204779, 46.504587437195845 ], [ 10.553067669320919, 46.50404004267223 ], [ 10.553333831717135, 46.503442569590646 ], [ 10.554598488966768, 46.503324990724288 ], [ 10.555470427117655, 46.502602404566112 ], [ 10.55813596783676, 46.502290914323318 ], [ 10.559812819672144, 46.501310176393773 ], [ 10.560258586727128, 46.500499255926897 ], [ 10.560709137649255, 46.500578830276659 ], [ 10.561521684454078, 46.500150078560964 ], [ 10.56225603854277, 46.500266251216807 ], [ 10.564418797591253, 46.499329453969985 ], [ 10.566818636412499, 46.498774877467859 ], [ 10.572079466285404, 46.498929129634256 ], [ 10.576211777199038, 46.499494437707952 ], [ 10.576683908173814, 46.499922982899875 ], [ 10.578123590501376, 46.499745965879619 ], [ 10.578831571997005, 46.499545698702711 ], [ 10.579169855225906, 46.499090984088951 ], [ 10.579616066884277, 46.499249122919707 ], [ 10.580137420415165, 46.498558520468627 ], [ 10.582573300956888, 46.497184229139769 ], [ 10.583119154576289, 46.496745679259924 ], [ 10.58332790080906, 46.495392617800569 ], [ 10.58228396843564, 46.495954739736874 ], [ 10.581412583139155, 46.495928099337405 ], [ 10.581693370671923, 46.495355708089335 ], [ 10.582331312218342, 46.495061140346259 ], [ 10.581547306715558, 46.494926138539327 ], [ 10.580528434712139, 46.495312285501967 ], [ 10.578971288581412, 46.494673018123095 ], [ 10.579394648360514, 46.494133402049783 ], [ 10.580477492580897, 46.493826793868941 ], [ 10.580690929058704, 46.493405297444163 ], [ 10.581724498951852, 46.493252974130307 ], [ 10.583167466160445, 46.491879408153913 ], [ 10.582151559647844, 46.491528352589626 ], [ 10.582026141831278, 46.491983142828396 ], [ 10.581247446366556, 46.492364594441334 ], [ 10.581134231536062, 46.491683795085741 ], [ 10.580090164906835, 46.491341762402335 ], [ 10.579055941720929, 46.490153549175645 ], [ 10.583465227533276, 46.489612173139491 ], [ 10.584898056150649, 46.490039986544801 ], [ 10.585130094991847, 46.490432047333812 ], [ 10.586575243360066, 46.490452485966905 ], [ 10.587706580157585, 46.490930755202434 ], [ 10.590670185896375, 46.490019007485117 ], [ 10.590210838839047, 46.489249545236547 ], [ 10.590843128153859, 46.488694046640717 ], [ 10.590232409461485, 46.488628787418023 ], [ 10.589993359905469, 46.488191789866704 ], [ 10.59055194720915, 46.487781127220821 ], [ 10.589620551862405, 46.486499756230053 ], [ 10.588964257491916, 46.486433126734511 ], [ 10.589623951804541, 46.485647690482459 ], [ 10.58917602274323, 46.485892035288096 ], [ 10.588725437401081, 46.485098216831773 ], [ 10.587408747146528, 46.485672864676644 ], [ 10.586697409802383, 46.484920756701491 ], [ 10.587060825459838, 46.48449662417265 ], [ 10.588351137088825, 46.484769213899028 ], [ 10.587643471380135, 46.483525284543177 ], [ 10.586728087004991, 46.48296478187244 ], [ 10.586811932544022, 46.481699206435387 ], [ 10.587094468395135, 46.481102368958496 ], [ 10.587583247860447, 46.480959856140743 ], [ 10.587236298408042, 46.480645592944107 ], [ 10.587724624383872, 46.479776822532891 ], [ 10.587549016478869, 46.477650475410286 ], [ 10.588023910812646, 46.476558057646194 ], [ 10.588441247258421, 46.478107179598226 ], [ 10.588881610969116, 46.478315368864266 ], [ 10.589230650850707, 46.477991438713872 ], [ 10.589664653490743, 46.478454500904114 ], [ 10.590406308368845, 46.478356084037586 ], [ 10.591201639252729, 46.478916505589211 ], [ 10.591036397653184, 46.479278364787461 ], [ 10.5917164210612, 46.480611892967573 ], [ 10.591409882148072, 46.480856659787548 ], [ 10.592167197161656, 46.481137647111446 ], [ 10.592111779200376, 46.481875563740502 ], [ 10.592543739879151, 46.481912410101941 ], [ 10.593009597285345, 46.481339197784671 ], [ 10.592975432607336, 46.482207697116884 ], [ 10.593430562850846, 46.482565678075666 ], [ 10.595216111270386, 46.482209797601406 ], [ 10.595534506481581, 46.482488717134416 ], [ 10.596097827550317, 46.482302266381481 ], [ 10.596259117280098, 46.482631000481952 ], [ 10.596853596829902, 46.482477690210622 ], [ 10.596651097743178, 46.482832691569214 ], [ 10.595342204832424, 46.482867628272899 ], [ 10.594660641740038, 46.484788039982739 ], [ 10.59546316327623, 46.484469672222552 ], [ 10.595353468643077, 46.48478551972115 ], [ 10.5963310890942, 46.483736058700103 ], [ 10.597209661481989, 46.48372021865098 ], [ 10.598309572505581, 46.483140508001483 ], [ 10.598128314469029, 46.484543181212061 ], [ 10.597322659715863, 46.485927590666392 ], [ 10.597795288589584, 46.486292453243422 ], [ 10.59828676395145, 46.486123664045465 ], [ 10.600727032130512, 46.481826207243351 ], [ 10.601539739936745, 46.481329064612581 ], [ 10.602899625650027, 46.481388589746864 ], [ 10.603475311329248, 46.481037627008675 ], [ 10.602978708923555, 46.479856374873066 ], [ 10.601486717492579, 46.479170066250603 ], [ 10.601739698390736, 46.478237639592358 ], [ 10.600644582976418, 46.478388702135994 ], [ 10.600156206812848, 46.477602600202133 ], [ 10.600413101248568, 46.477429940333771 ], [ 10.600840675543227, 46.477788277740792 ], [ 10.601302150726262, 46.477422256209948 ], [ 10.601211709716495, 46.47715921026662 ], [ 10.600904883946235, 46.47739210082478 ], [ 10.601072522105618, 46.476996856894928 ], [ 10.601321472658119, 46.477141004863562 ], [ 10.604371061668752, 46.475002807797985 ], [ 10.60549689502179, 46.474844134488457 ], [ 10.604036758482254, 46.47377256083012 ], [ 10.604054346697332, 46.472904656423651 ], [ 10.602989563657037, 46.471499363444131 ], [ 10.603264387798005, 46.471093564289298 ], [ 10.602351420890972, 46.47084652524677 ], [ 10.601532132980058, 46.469627830756608 ], [ 10.600161871815326, 46.469016816944361 ], [ 10.600913922122341, 46.468925329661296 ], [ 10.601046180096844, 46.4684996249769 ], [ 10.600040387501783, 46.468399405919094 ], [ 10.598927386182387, 46.468874545451591 ], [ 10.597875452289703, 46.468846388414839 ], [ 10.597493750405055, 46.469463688985662 ], [ 10.598257470494312, 46.469417298889155 ], [ 10.595824994303367, 46.469791783314648 ], [ 10.595322619788261, 46.470408379342217 ], [ 10.594979872639763, 46.470001213896445 ], [ 10.594318623870466, 46.469898519272164 ], [ 10.592535317984048, 46.470731190041413 ], [ 10.591964293310697, 46.470649846553705 ], [ 10.592485852384709, 46.472874954027624 ], [ 10.590588176225724, 46.473690137034325 ], [ 10.59116715000162, 46.473747564847478 ], [ 10.591739406996027, 46.474608736055131 ], [ 10.592199457752697, 46.474724367344976 ], [ 10.592191250931377, 46.475772206620242 ], [ 10.590667113736284, 46.475474033477646 ], [ 10.590247729122471, 46.474979816086851 ], [ 10.590252125692704, 46.474314489219964 ], [ 10.590621572226055, 46.474218865347503 ], [ 10.589702110111505, 46.473417283449308 ], [ 10.589055042295112, 46.474536746930525 ], [ 10.588570928228245, 46.474600622083273 ], [ 10.588201360456022, 46.474159281913778 ], [ 10.587796219887011, 46.474272061950614 ], [ 10.587786379892652, 46.473151847030508 ], [ 10.587241192529508, 46.472418864662487 ], [ 10.587523865395189, 46.472183964767481 ], [ 10.586913488100754, 46.471816208495142 ], [ 10.585830635309222, 46.472137214566231 ], [ 10.584784475157017, 46.471835019596604 ], [ 10.582374192279419, 46.472387499284956 ], [ 10.583166743652017, 46.473095649527707 ], [ 10.583692668510182, 46.472928826856595 ], [ 10.583947150183134, 46.473265812748494 ], [ 10.583398418702245, 46.473478195060885 ], [ 10.583802072110846, 46.473729773784868 ], [ 10.582877062048043, 46.47415929084368 ], [ 10.583114002015053, 46.473772638644775 ], [ 10.582522862912718, 46.473473647294099 ], [ 10.581439841345317, 46.47356482879632 ], [ 10.582136194342995, 46.473926662252289 ], [ 10.581910176462094, 46.474188982094041 ], [ 10.583530561759481, 46.474680891730408 ], [ 10.583619954485215, 46.475029689109689 ], [ 10.583098854354672, 46.475274428626243 ], [ 10.582794796110786, 46.475040518478508 ], [ 10.582192754749999, 46.475525088755582 ], [ 10.581331250248146, 46.475233403699313 ], [ 10.58105543832111, 46.474338317318264 ], [ 10.580200677924699, 46.474427521329872 ], [ 10.579019746796796, 46.47396461961479 ], [ 10.577750524708119, 46.474172634439896 ], [ 10.577368927464731, 46.474981551466136 ], [ 10.5780273731833, 46.475850531407332 ], [ 10.580142739771153, 46.476801572050007 ], [ 10.58024445557332, 46.477187603553716 ], [ 10.583211740990132, 46.478987917046197 ], [ 10.583264289138414, 46.479611061555723 ], [ 10.581996359754338, 46.480240179185564 ], [ 10.582918295823665, 46.481423968991848 ], [ 10.583144222647142, 46.483864537364092 ], [ 10.582802505888703, 46.484340572259207 ], [ 10.579763203194696, 46.484990106623798 ], [ 10.577504790144506, 46.485960117278573 ], [ 10.576480354396667, 46.485905768191522 ], [ 10.576072860143237, 46.485738034794977 ], [ 10.576722200748929, 46.485494774346243 ], [ 10.576333082856529, 46.485245626596793 ], [ 10.576475751729273, 46.484505692849332 ], [ 10.578294121658169, 46.485164058614522 ], [ 10.579039582318051, 46.48465728936948 ], [ 10.577906946612169, 46.484530767017247 ], [ 10.57812471160236, 46.484312740564228 ], [ 10.577261523474789, 46.484324649910036 ], [ 10.576875121144347, 46.484015662035041 ], [ 10.575631714679387, 46.484409743754213 ], [ 10.574414748903136, 46.484252924998877 ], [ 10.574435172625675, 46.484005000170626 ], [ 10.575266927034448, 46.48403878777701 ], [ 10.575734557532638, 46.483639448707549 ], [ 10.573428903270836, 46.48353785035431 ], [ 10.572216790033984, 46.483191033685152 ], [ 10.571694933893021, 46.482666011768671 ], [ 10.572294365214587, 46.482114860162248 ], [ 10.571303548661936, 46.481554017399084 ], [ 10.568414656782938, 46.482084797718827 ], [ 10.568136757497429, 46.483300038856051 ], [ 10.568783469477221, 46.484054695870157 ], [ 10.56848774101875, 46.484402418278123 ], [ 10.56834735567816, 46.484075739781581 ], [ 10.567976681590057, 46.484208618164708 ], [ 10.568144417296073, 46.483971369456889 ], [ 10.567284334678588, 46.484271284657787 ], [ 10.569036888073965, 46.48503780545655 ], [ 10.569498827310291, 46.48587678788909 ], [ 10.569857777874581, 46.485771850771705 ], [ 10.569723550063159, 46.486378515093428 ], [ 10.570997797309936, 46.487080908265071 ], [ 10.571893967405723, 46.486968079260137 ], [ 10.5725596536697, 46.487293673156557 ], [ 10.573202475973861, 46.487120082853821 ], [ 10.574447395307468, 46.487800878202513 ], [ 10.575000670754452, 46.487477037437053 ], [ 10.576585572227728, 46.487377649800791 ], [ 10.576402217359114, 46.488278297988678 ], [ 10.573987005731947, 46.489452632184438 ], [ 10.572735853195125, 46.489522835405687 ], [ 10.572011553197182, 46.489958662554898 ], [ 10.571043909740018, 46.489826708356212 ], [ 10.568128497279746, 46.491065255118158 ], [ 10.568058116288279, 46.490775715576767 ], [ 10.566381730473481, 46.490549856743861 ], [ 10.565907132041115, 46.490075064821809 ], [ 10.566053311820822, 46.489636050528922 ], [ 10.565741928581589, 46.490048092586534 ], [ 10.564537794317673, 46.490436633784313 ], [ 10.565352518708275, 46.489993894157749 ], [ 10.565920567691174, 46.488844933352489 ], [ 10.566439971935733, 46.488774122813069 ], [ 10.567008642341749, 46.489128271887836 ], [ 10.567690448906365, 46.488740318190814 ], [ 10.569572002606767, 46.488593067406441 ], [ 10.569714933244041, 46.488157174323902 ], [ 10.570612128696817, 46.487970869135026 ], [ 10.570551070582477, 46.487765973182981 ], [ 10.569510139155746, 46.487437374016892 ], [ 10.567697342427602, 46.487503387641844 ], [ 10.56731396283377, 46.487310528136291 ], [ 10.56758962325658, 46.486921949743767 ], [ 10.567193328236787, 46.486567346132603 ], [ 10.565996873156971, 46.487040250563531 ], [ 10.56570606437389, 46.487568093819412 ], [ 10.56485985064149, 46.487362393712068 ], [ 10.564654789507918, 46.487124104521406 ], [ 10.565008994710851, 46.487303799452945 ], [ 10.565200656291292, 46.487074963470505 ], [ 10.564911617725356, 46.486763412046159 ], [ 10.565776959717265, 46.486584883427959 ], [ 10.566117141986362, 46.484632079850186 ], [ 10.566629960012513, 46.484320155552311 ], [ 10.565692788972493, 46.484246673007554 ], [ 10.564928969811536, 46.483456454057766 ], [ 10.563808863209958, 46.483314023803011 ], [ 10.563609317196811, 46.483718578047906 ], [ 10.561794773172981, 46.483100454378317 ], [ 10.560047137882318, 46.483615430040935 ], [ 10.560436561913336, 46.483973247815733 ], [ 10.559932835733219, 46.484289674955839 ], [ 10.558242957446913, 46.484565716193615 ], [ 10.557630184905568, 46.486496873322622 ], [ 10.558097697391668, 46.486684754262157 ], [ 10.559402761697516, 46.489375320136027 ], [ 10.561215156246375, 46.490278845500221 ], [ 10.561514174471039, 46.490005688753818 ], [ 10.562658639897904, 46.491204459718759 ], [ 10.564127829915817, 46.491341531726732 ], [ 10.564372235650326, 46.491745053660921 ], [ 10.563643043058578, 46.491564532008248 ], [ 10.562977408882949, 46.492278462598058 ], [ 10.558791874846978, 46.493316156759875 ], [ 10.557688543009622, 46.493204263562284 ], [ 10.557417767914806, 46.492567207496094 ], [ 10.556823805395117, 46.492698412578918 ], [ 10.556779454057109, 46.492981461320767 ], [ 10.555989011412141, 46.493209484713418 ], [ 10.556615313453833, 46.494764672295204 ], [ 10.555955942150215, 46.495037957278988 ], [ 10.55737072539946, 46.495200863615771 ], [ 10.556037157070863, 46.495165436106944 ], [ 10.555339027889726, 46.495789302733726 ], [ 10.554082319691299, 46.49595937169336 ], [ 10.551843262326679, 46.495549259811106 ], [ 10.551088126952479, 46.495790479597368 ], [ 10.553539446293653, 46.49602627765092 ], [ 10.555327491150125, 46.497223411527465 ], [ 10.554178290985059, 46.497376637233963 ], [ 10.553237365057329, 46.498215029184642 ], [ 10.551972186891208, 46.498054670806376 ], [ 10.552583499137468, 46.498271393757548 ], [ 10.552301121694535, 46.49907173251016 ], [ 10.551295575542412, 46.499262534605137 ], [ 10.550543231933595, 46.498990293489037 ], [ 10.548356753858437, 46.500601539137875 ], [ 10.54770724448117, 46.500436505535049 ], [ 10.546890247331552, 46.500688059504682 ], [ 10.547221248005892, 46.499817443042737 ], [ 10.545552954639936, 46.501055142261038 ], [ 10.545204193124796, 46.501915976974978 ], [ 10.54448406105751, 46.502410931351754 ], [ 10.54586853488278, 46.502212893329634 ], [ 10.545820017707708, 46.501961143987501 ], [ 10.546797502655812, 46.502995247086247 ], [ 10.547420581160903, 46.503146145836908 ], [ 10.546790596371375, 46.503719141779541 ], [ 10.547822626997979, 46.50391564068152 ], [ 10.547135712671089, 46.504640155996924 ], [ 10.548255543594131, 46.50430354125622 ], [ 10.548602950252237, 46.504575649578399 ], [ 10.547828338725045, 46.505471935299887 ], [ 10.548222000250192, 46.507190579550461 ], [ 10.547873203426066, 46.508023951315799 ] ], [ [ 10.557401798781546, 46.495139715500102 ], [ 10.5574003978594, 46.494597999439236 ], [ 10.559316620038953, 46.494538416611142 ], [ 10.559932975989351, 46.494208550565283 ], [ 10.560058058613508, 46.493699651998057 ], [ 10.563160865059087, 46.492764980890307 ], [ 10.563192905127368, 46.492228776323678 ], [ 10.564077663550803, 46.492874480702142 ], [ 10.563292312800652, 46.493742446128749 ], [ 10.561584051574917, 46.4945902714515 ], [ 10.559401978866457, 46.495119505631983 ], [ 10.559531824073588, 46.494924177751265 ], [ 10.558865618746315, 46.494882985304272 ], [ 10.557401798781546, 46.495139715500102 ] ], [ [ 10.566308505095249, 46.492198878198394 ], [ 10.565881418968123, 46.491973752287372 ], [ 10.566263398036769, 46.491468472147382 ], [ 10.566981889180965, 46.491756277079745 ], [ 10.56679163123475, 46.491254072718043 ], [ 10.567703963723931, 46.49144873201903 ], [ 10.568617359913555, 46.491113025785069 ], [ 10.567256333241778, 46.492087752184212 ], [ 10.566308505095249, 46.492198878198394 ] ], [ [ 10.569690416849891, 46.484697195812252 ], [ 10.56887061643171, 46.484567837720917 ], [ 10.569417596393835, 46.484200891020578 ], [ 10.569690416849891, 46.484697195812252 ] ], [ [ 10.58600176072323, 46.48392152905317 ], [ 10.585630784198747, 46.483611166705778 ], [ 10.586040682140004, 46.483778118135866 ], [ 10.585933814400056, 46.483362891941198 ], [ 10.586253760524137, 46.483400125703831 ], [ 10.58643116776944, 46.482980956169349 ], [ 10.586615087130284, 46.483674902613124 ], [ 10.58600176072323, 46.48392152905317 ] ], [ [ 10.59080741879805, 46.476060236300654 ], [ 10.593080856700515, 46.476779294230411 ], [ 10.59312069510313, 46.476963281631839 ], [ 10.592614083471783, 46.476729242927853 ], [ 10.592663471275836, 46.477240511456749 ], [ 10.593555175664719, 46.478415707874852 ], [ 10.592766204150498, 46.479695636752432 ], [ 10.591857913449211, 46.479156009806168 ], [ 10.592048660471718, 46.478162183143994 ], [ 10.591144999549028, 46.477442584073607 ], [ 10.591732485869406, 46.477642762126891 ], [ 10.59080741879805, 46.476060236300654 ] ], [ [ 10.596409736756486, 46.475370679680957 ], [ 10.595963213972984, 46.474257563745823 ], [ 10.596929679393986, 46.474032308762482 ], [ 10.598159396948571, 46.474429063931424 ], [ 10.597093702503741, 46.474596815374611 ], [ 10.596409736756486, 46.475370679680957 ] ], [ [ 10.597973664356783, 46.472351369701599 ], [ 10.598439756152196, 46.472182130364303 ], [ 10.599138973699151, 46.472479312878036 ], [ 10.598621865534236, 46.47273432874578 ], [ 10.597973664356783, 46.472351369701599 ] ], [ [ 10.598530843483928, 46.482419467466769 ], [ 10.597937580795596, 46.482171781900405 ], [ 10.598549960432422, 46.481895338674889 ], [ 10.5987047698402, 46.482178917657023 ], [ 10.598530843483928, 46.482419467466769 ] ], [ [ 10.59731023111469, 46.482525818953739 ], [ 10.597588501538841, 46.482611226258477 ], [ 10.597412478423401, 46.48278036896069 ], [ 10.59731023111469, 46.482525818953739 ] ] ] } },
{ "type": "Feature", "properties": { "HOM_ID": 12, "NAME_D": "Suldenferner", "NAME_IT": "Vedretta di Solda", "REGION": "Ortlergruppe", "ALT_MIN": 3289.0, "ALT_MAX": 3784.0, "ALT_MEDIAN": 3563.0, "area_km2": 0.0927453654 }, "geometry": { "type": "Polygon", "coordinates": [ [ [ 10.571365461249234, 46.478824473619895 ], [ 10.573224697172989, 46.478009891896477 ], [ 10.573794641065852, 46.478052054199082 ], [ 10.574186813501726, 46.477308486788161 ], [ 10.573857190932939, 46.476993944394764 ], [ 10.574609766157401, 46.476676410090619 ], [ 10.575552066725741, 46.477767410474499 ], [ 10.576215487702971, 46.477764220667439 ], [ 10.576503890917298, 46.477456643003855 ], [ 10.577125608092325, 46.477650471151883 ], [ 10.576350108735554, 46.476607487059859 ], [ 10.574928145071242, 46.476302643156231 ], [ 10.57670586516482, 46.476245403491809 ], [ 10.575293454322118, 46.476121998288278 ], [ 10.575642147585727, 46.475813592131296 ], [ 10.575380226860648, 46.475695164800833 ], [ 10.573408944553183, 46.476061625840444 ], [ 10.572405469521993, 46.476822527772427 ], [ 10.571228991772276, 46.476791684708047 ], [ 10.57006932307652, 46.477412967651354 ], [ 10.570006114404405, 46.477787915118967 ], [ 10.568850029542663, 46.478065827765349 ], [ 10.570033454399328, 46.478562384721634 ], [ 10.570352446981055, 46.478418109535845 ], [ 10.570325842355231, 46.478841136224844 ], [ 10.571365461249234, 46.478824473619895 ] ] ] } },
{ "type": "Feature", "properties": { "HOM_ID": 11, "NAME_D": "Suldenferner", "NAME_IT": "Vedretta di Solda", "REGION": "Ortlergruppe", "ALT_MIN": 3335.0, "ALT_MAX": 3584.0, "ALT_MEDIAN": 3472.0, "area_km2": 0.0805527568 }, "geometry": { "type": "Polygon", "coordinates": [ [ [ 10.553722316761986, 46.507457649832624 ], [ 10.554267210305076, 46.507366904039365 ], [ 10.555229433388266, 46.507791363624833 ], [ 10.557190428565338, 46.506290033498836 ], [ 10.557645982468777, 46.505336119944879 ], [ 10.557062508280858, 46.505167858656534 ], [ 10.553777704770109, 46.505519994798014 ], [ 10.552496868378325, 46.506108979085312 ], [ 10.551906575648202, 46.506821528105029 ], [ 10.55220839705518, 46.506975184856017 ], [ 10.55203282260559, 46.507526397774789 ], [ 10.55294209659565, 46.507459318282223 ], [ 10.553421140004501, 46.507932024131811 ], [ 10.553722316761986, 46.507457649832624 ] ] ] } },
{ "type": "Feature", "properties": { "HOM_ID": 12, "NAME_D": "Suldenferner", "NAME_IT": "Vedretta di Solda", "REGION": "Ortlergruppe", "ALT_MIN": 2812.0, "ALT_MAX": 2981.0, "ALT_MEDIAN": 2890.0, "area_km2": 0.0391962432 }, "geometry": { "type": "Polygon", "coordinates": [ [ [ 10.604785425264732, 46.483832427327165 ], [ 10.605897456301692, 46.483257235849834 ], [ 10.606502127257976, 46.482427231483229 ], [ 10.605908511217914, 46.481875989719477 ], [ 10.604583331586722, 46.481942216511072 ], [ 10.60351853551319, 46.482951300329944 ], [ 10.602327783674934, 46.483194205075236 ], [ 10.603121481901447, 46.483516447319381 ], [ 10.603050245903672, 46.483731753139161 ], [ 10.604785425264732, 46.483832427327165 ] ] ] } },
{ "type": "Feature", "properties": { "HOM_ID": 12, "NAME_D": "Suldenferner", "NAME_IT": "Vedretta di Solda", "REGION": "Ortlergruppe", "ALT_MIN": 3520.0, "ALT_MAX": 3855.0, "ALT_MEDIAN": 3773.0, "area_km2": 0.0295354813 }, "geometry": { "type": "Polygon", "coordinates": [ [ [ 10.568376251150843, 46.481124784440631 ], [ 10.56883473681914, 46.479806969829838 ], [ 10.568259258127014, 46.479322836095896 ], [ 10.568872702513922, 46.479494319355233 ], [ 10.569315478444171, 46.479169122204041 ], [ 10.569635034388385, 46.479768093364861 ], [ 10.569813313676239, 46.478968994868588 ], [ 10.567861917338449, 46.47873627454203 ], [ 10.566144927673481, 46.479712370841597 ], [ 10.567456839365178, 46.479707684914601 ], [ 10.568376251150843, 46.481124784440631 ] ], [ [ 10.567759203903952, 46.47979402507714 ], [ 10.567476104197647, 46.479538356345607 ], [ 10.567849252133733, 46.479568958602123 ], [ 10.567759203903952, 46.47979402507714 ] ] ] } },
{ "type": "Feature", "properties": { "HOM_ID": 12, "NAME_D": "Suldenferner", "NAME_IT": "Vedretta di Solda", "REGION": "Ortlergruppe", "ALT_MIN": 3237.0, "ALT_MAX": 3369.0, "ALT_MEDIAN": 3343.0, "area_km2": 0.0146754309 }, "geometry": { "type": "Polygon", "coordinates": [ [ [ 10.589269890221956, 46.472398077704611 ], [ 10.591092712008257, 46.472109574891071 ], [ 10.591023028105521, 46.472674887517002 ], [ 10.591196462863545, 46.472712954536561 ], [ 10.591575666939921, 46.47091935245858 ], [ 10.590613537741197, 46.471159429784407 ], [ 10.589362744870753, 46.472115012478355 ], [ 10.58814067882766, 46.472085161726611 ], [ 10.589269890221956, 46.472398077704611 ] ] ] } },
{ "type": "Feature", "properties": { "HOM_ID": 12, "NAME_D": "Suldenferner", "NAME_IT": "Vedretta di Solda", "REGION": "Ortlergruppe", "ALT_MIN": 3206.0, "ALT_MAX": 3248.0, "ALT_MEDIAN": 3223.0, "area_km2": 0.0039817578 }, "geometry": { "type": "Polygon", "coordinates": [ [ [ 10.588725459851226, 46.472932787709553 ], [ 10.588006373797048, 46.473066173928885 ], [ 10.589209725616696, 46.473675710041348 ], [ 10.589265481067031, 46.473341568023052 ], [ 10.588725459851226, 46.472932787709553 ] ] ] } },
{ "type": "Feature", "properties": { "HOM_ID": 13, "NAME_D": "Zebruferner", "NAME_IT": "Vedretta de Lo Zebru", "REGION": "Ortlergruppe", "ALT_MIN": 3087.0, "ALT_MAX": 3737.0, "ALT_MEDIAN": 3356.0, "area_km2": 0.6718441678 }, "geometry": { "type": "Polygon", "coordinates": [ [ [ 10.544510052329477, 46.498436487049624 ], [ 10.54563713422195, 46.497568795815965 ], [ 10.54629600812472, 46.497457497678617 ], [ 10.546196805047924, 46.497242151487811 ], [ 10.547360793354999, 46.49682636864646 ], [ 10.548068996928324, 46.495780969212738 ], [ 10.551002705809619, 46.495817831216634 ], [ 10.549111499742647, 46.495581119382464 ], [ 10.548794949658371, 46.49524013559278 ], [ 10.549485598416448, 46.49394255936221 ], [ 10.549338133402181, 46.493363548603867 ], [ 10.550096348354467, 46.492988952208563 ], [ 10.549905967125378, 46.492355756585653 ], [ 10.547458668290327, 46.492619874935421 ], [ 10.546510803251644, 46.493358958711056 ], [ 10.545278263251866, 46.493086902272907 ], [ 10.54401786766759, 46.493931388376993 ], [ 10.543590697171748, 46.493243635620672 ], [ 10.543137757705916, 46.49356406484705 ], [ 10.542542677328749, 46.493430413118482 ], [ 10.54304347511242, 46.493003973109886 ], [ 10.545040728618741, 46.493069276497415 ], [ 10.545214925057866, 46.492828804430879 ], [ 10.544749254091224, 46.492516612561275 ], [ 10.543095439898945, 46.492860400898067 ], [ 10.54294342637446, 46.492514203965897 ], [ 10.542586767522559, 46.492703557423233 ], [ 10.541915102224273, 46.49226912046656 ], [ 10.539507197879608, 46.491951290426897 ], [ 10.538910822149179, 46.492504013394608 ], [ 10.538301233747815, 46.492283026336438 ], [ 10.537713528685947, 46.492617986215492 ], [ 10.536984903612732, 46.492332514922531 ], [ 10.537617358677545, 46.491719830864994 ], [ 10.536298207722822, 46.491823339369155 ], [ 10.53266435021102, 46.492721736650168 ], [ 10.530062572419912, 46.494048478419991 ], [ 10.529716580320743, 46.494988911832614 ], [ 10.530364483710136, 46.494855231004465 ], [ 10.531116266683091, 46.495105907179557 ], [ 10.531271148997323, 46.495464582396394 ], [ 10.531679744670408, 46.49491262910545 ], [ 10.531850139913823, 46.495271095770939 ], [ 10.532187243642063, 46.495120136888545 ], [ 10.532686736521066, 46.493938329870716 ], [ 10.53351290250817, 46.493891536119264 ], [ 10.533263945335426, 46.494602085584269 ], [ 10.53437422112351, 46.495094385505105 ], [ 10.53471879953783, 46.495576951415067 ], [ 10.534329953064008, 46.495910772429106 ], [ 10.534858900197692, 46.495960822563383 ], [ 10.535696427144499, 46.496867523888575 ], [ 10.538607622628479, 46.498310677353111 ], [ 10.541351650626499, 46.498408856667652 ], [ 10.543371174332071, 46.498035751863583 ], [ 10.544510052329477, 46.498436487049624 ] ], [ [ 10.542675747816363, 46.495544894325278 ], [ 10.540777118709654, 46.495159737583599 ], [ 10.540642846483445, 46.495441335581432 ], [ 10.540060986769349, 46.49483006574512 ], [ 10.540238113754175, 46.494387161367712 ], [ 10.540747175084359, 46.494252315128072 ], [ 10.541665479593419, 46.49502572905206 ], [ 10.542149743787936, 46.493861349276727 ], [ 10.543899007957897, 46.493995499222194 ], [ 10.543487838140003, 46.49439096841121 ], [ 10.544028417443482, 46.495065284318272 ], [ 10.543192533773151, 46.495073590973398 ], [ 10.542675747816363, 46.495544894325278 ] ] ] } },
{ "type": "Feature", "properties": { "HOM_ID": 14, "NAME_D": "Ebenwandferner", "NAME_IT": "Vedretta del Madriccio", "REGION": "Ortlergruppe", "ALT_MIN": 2732.0, "ALT_MAX": 3189.0, "ALT_MEDIAN": 2945.0, "area_km2": 0.5445832176 }, "geometry": { "type": "Polygon", "coordinates": [ [ [ 10.628047682233614, 46.494952420490087 ], [ 10.628400712793539, 46.49534386151673 ], [ 10.629030883752542, 46.4953170270485 ], [ 10.627459794645308, 46.492165869193393 ], [ 10.624333724561788, 46.491621449196579 ], [ 10.623796426881517, 46.490829000680208 ], [ 10.622550934166435, 46.490799056282768 ], [ 10.622026344576273, 46.490084998312604 ], [ 10.621829390636277, 46.490302098895548 ], [ 10.62126150720899, 46.490197443794088 ], [ 10.621340449555577, 46.490410313423695 ], [ 10.620291317160589, 46.490420896718135 ], [ 10.620307221035395, 46.49002777517024 ], [ 10.619896334430027, 46.48989072519413 ], [ 10.620377521542906, 46.489841046259635 ], [ 10.62010370386842, 46.489211529635199 ], [ 10.619443558657526, 46.488923231898575 ], [ 10.618305235345346, 46.489017926534139 ], [ 10.61822191739058, 46.488519127645681 ], [ 10.617442391798006, 46.488491390244526 ], [ 10.617039996147739, 46.488145855796596 ], [ 10.620370271424211, 46.488900579180203 ], [ 10.621370372191436, 46.489491225305002 ], [ 10.621747229925063, 46.489295386079121 ], [ 10.621880064581752, 46.489588769601717 ], [ 10.62346234423584, 46.490105973429046 ], [ 10.62455151882728, 46.490189562448606 ], [ 10.62715712209387, 46.489780494372077 ], [ 10.626054728284174, 46.487957897017104 ], [ 10.625712001077945, 46.488141359343594 ], [ 10.624296624647798, 46.487961452975469 ], [ 10.624060562000853, 46.487443325236988 ], [ 10.623538352354927, 46.48727215147089 ], [ 10.62347364015856, 46.487877892566573 ], [ 10.621795829138335, 46.488146963367349 ], [ 10.620612532601543, 46.487568442090009 ], [ 10.620503892573407, 46.487102673148925 ], [ 10.620884515784045, 46.487005007413991 ], [ 10.620225321240687, 46.486573829218436 ], [ 10.618792382265436, 46.486787595275374 ], [ 10.618609864424023, 46.487317017267159 ], [ 10.617278736561852, 46.487041179164784 ], [ 10.615295921219474, 46.487316563820457 ], [ 10.614381276120406, 46.488296528583255 ], [ 10.6126058496362, 46.487860224504864 ], [ 10.611918754209269, 46.488087195605168 ], [ 10.608848600976367, 46.486707671419673 ], [ 10.609174577707247, 46.486363765086487 ], [ 10.608938674842948, 46.485670586464593 ], [ 10.607855092764321, 46.484530672526361 ], [ 10.606164252193798, 46.485497981267713 ], [ 10.605680139707975, 46.48636250451959 ], [ 10.607252611642583, 46.487952419195963 ], [ 10.608808508034285, 46.487755522345431 ], [ 10.608397594017593, 46.488200632202634 ], [ 10.609759603854364, 46.488231432058171 ], [ 10.609624842120164, 46.488571457930078 ], [ 10.610235075302359, 46.489005570213877 ], [ 10.611687281545265, 46.488599556544671 ], [ 10.611646630877281, 46.488857297904332 ], [ 10.612938709943158, 46.489181971416805 ], [ 10.612362014770287, 46.489266302399407 ], [ 10.612327276298389, 46.489723980475816 ], [ 10.613925507954745, 46.490122857311867 ], [ 10.614911254145563, 46.489981499474965 ], [ 10.614661449797754, 46.490293438596169 ], [ 10.616469783412986, 46.490353612838099 ], [ 10.617602338935173, 46.489947082864354 ], [ 10.619377934858278, 46.490634093207561 ], [ 10.622089817271043, 46.491050463844331 ], [ 10.621473685562822, 46.491664024066132 ], [ 10.619945545935963, 46.491869034062638 ], [ 10.622218466574118, 46.492594030239751 ], [ 10.621246604284183, 46.49287637848407 ], [ 10.623339237659765, 46.493098411609829 ], [ 10.624136884775522, 46.493582493599391 ], [ 10.623707751712221, 46.493581446488697 ], [ 10.623789450114518, 46.493894490981738 ], [ 10.625725783934376, 46.494334715318871 ], [ 10.627506674732366, 46.495448063022508 ], [ 10.628047682233614, 46.494952420490087 ] ] ] } },
{ "type": "Feature", "properties": { "HOM_ID": 14, "NAME_D": "Ebenwandferner", "NAME_IT": "Vedretta del Madriccio", "REGION": "Ortlergruppe", "ALT_MIN": 3038.0, "ALT_MAX": 3115.0, "ALT_MEDIAN": 3089.0, "area_km2": 0.0370180105 }, "geometry": { "type": "Polygon", "coordinates": [ [ [ 10.622838265858219, 46.500300948170846 ], [ 10.626260389291302, 46.499424869780491 ], [ 10.625707136850099, 46.49937320682136 ], [ 10.626157363744737, 46.49886080294057 ], [ 10.626869972354248, 46.499053068479697 ], [ 10.627586505700862, 46.498221362381855 ], [ 10.628726297386953, 46.497996780001813 ], [ 10.628015563356794, 46.497578287195019 ], [ 10.62725401835988, 46.497767715763089 ], [ 10.626635497977992, 46.497550303634334 ], [ 10.626370672163908, 46.498208896145606 ], [ 10.625129205378313, 46.499071867445011 ], [ 10.622781486257102, 46.499551680665633 ], [ 10.622199553589608, 46.49940515989497 ], [ 10.622838265858219, 46.500300948170846 ] ] ] } },
{ "type": "Feature", "properties": { "HOM_ID": 14, "NAME_D": "Ebenwandferner", "NAME_IT": "Vedretta del Madriccio", "REGION": "Ortlergruppe", "ALT_MIN": 3066.0, "ALT_MAX": 3085.0, "ALT_MEDIAN": 3077.0, "area_km2": 0.0014484392 }, "geometry": { "type": "Polygon", "coordinates": [ [ [ 10.626262245815786, 46.497174622752681 ], [ 10.625915788011588, 46.49769745667264 ], [ 10.626049472055758, 46.497844380043347 ], [ 10.626364835590234, 46.497435094036661 ], [ 10.626262245815786, 46.497174622752681 ] ] ] } },
{ "type": "Feature", "properties": { "HOM_ID": 37, "NAME_D": "Butzenferner", "NAME_IT": null, "REGION": "Ortlergruppe", "ALT_MIN": 3004.0, "ALT_MAX": 3216.0, "ALT_MEDIAN": 3119.0, "area_km2": 0.0882952071 }, "geometry": { "type": "Polygon", "coordinates": [ [ [ 10.624359935597207, 46.484348863101893 ], [ 10.62456175179717, 46.484603771727905 ], [ 10.623709985707118, 46.485173068155653 ], [ 10.624139562657188, 46.48535984410676 ], [ 10.624540344196037, 46.48516847847938 ], [ 10.624825098052384, 46.4859091346841 ], [ 10.62599709172985, 46.485999767091485 ], [ 10.627700483339114, 46.484430552553484 ], [ 10.627328497277267, 46.484256625716213 ], [ 10.628277999947374, 46.482643579439618 ], [ 10.630889483207188, 46.481441959957017 ], [ 10.627042261683103, 46.482030244242694 ], [ 10.625762089091717, 46.482890070719506 ], [ 10.625958333538161, 46.483355224929234 ], [ 10.624359935597207, 46.484348863101893 ] ] ] } },
{ "type": "Feature", "properties": { "HOM_ID": 36, "NAME_D": "Butzenferner", "NAME_IT": null, "REGION": "Ortlergruppe", "ALT_MIN": 2995.0, "ALT_MAX": 3160.0, "ALT_MEDIAN": 3075.0, "area_km2": 0.0184035692 }, "geometry": { "type": "Polygon", "coordinates": [ [ [ 10.629638438584758, 46.48605099798943 ], [ 10.627055069802342, 46.487440619248297 ], [ 10.626393477779734, 46.48800627703379 ], [ 10.627296033294815, 46.488029630570516 ], [ 10.628782265237049, 46.487049009510159 ], [ 10.629951850987213, 46.486618016874225 ], [ 10.630068876456576, 46.486842561865338 ], [ 10.630612786821571, 46.486470484824707 ], [ 10.630102611329999, 46.486356317990101 ], [ 10.630245728108969, 46.485954237580479 ], [ 10.629638438584758, 46.48605099798943 ] ] ] } },
{ "type": "Feature", "properties": { "HOM_ID": 15, "NAME_D": "Schoentaufferner", "NAME_IT": null, "REGION": "Ortlergruppe", "ALT_MIN": 2746.0, "ALT_MAX": 3297.0, "ALT_MEDIAN": 3018.0, "area_km2": 0.2988242342 }, "geometry": { "type": "Polygon", "coordinates": [ [ [ 10.629077095288066, 46.509707834621196 ], [ 10.629149806674008, 46.509299492778489 ], [ 10.629890867560707, 46.509421615838406 ], [ 10.629738089700501, 46.508945517215956 ], [ 10.631113069101596, 46.508895056791438 ], [ 10.631022307794028, 46.508251449770732 ], [ 10.631811085086813, 46.507611592193307 ], [ 10.633303574413752, 46.50735454778642 ], [ 10.632994507691532, 46.507859010188668 ], [ 10.635326831287955, 46.508052379648632 ], [ 10.636295691159223, 46.50664305689336 ], [ 10.636900901337674, 46.506489685839433 ], [ 10.635485418052161, 46.505438401415937 ], [ 10.634803925028963, 46.505773036466472 ], [ 10.634074416767714, 46.505481052849397 ], [ 10.634636707224661, 46.505946872138409 ], [ 10.634436279284893, 46.506278340360055 ], [ 10.632726670284555, 46.505502684927329 ], [ 10.632613149044726, 46.50574242410157 ], [ 10.631778957134792, 46.505409059046052 ], [ 10.631416740862067, 46.50563567724452 ], [ 10.631474561156574, 46.505090156519778 ], [ 10.630381891497997, 46.505165269930693 ], [ 10.63055452414438, 46.504451429769837 ], [ 10.631289105446623, 46.504137367398464 ], [ 10.6308078068394, 46.503520306492604 ], [ 10.62576863950979, 46.502859578485996 ], [ 10.624337783732894, 46.503404063794285 ], [ 10.624303805516968, 46.503851279687169 ], [ 10.625491242069282, 46.503809721542396 ], [ 10.625751207394375, 46.504599237176485 ], [ 10.626938679669106, 46.504624014939111 ], [ 10.626713263870577, 46.504821662775782 ], [ 10.627114050135617, 46.505104988067238 ], [ 10.628817350484264, 46.505352277612353 ], [ 10.629173676300805, 46.505854888217428 ], [ 10.629975498475538, 46.505955748072722 ], [ 10.629736711193871, 46.506170089837127 ], [ 10.630183765228367, 46.506428889350147 ], [ 10.629126308865331, 46.507634635010277 ], [ 10.627958465305023, 46.507790007209351 ], [ 10.626865077042845, 46.507085374200173 ], [ 10.626194682915813, 46.507328999756218 ], [ 10.62565233599512, 46.507017271948044 ], [ 10.625205734317969, 46.507218060862499 ], [ 10.624616053829389, 46.506781815513015 ], [ 10.624056661640843, 46.507805970113886 ], [ 10.624530982075672, 46.507726205470092 ], [ 10.624857369283857, 46.508880744784292 ], [ 10.626025235914231, 46.50903086399137 ], [ 10.62736580969829, 46.508708193581043 ], [ 10.628848849799329, 46.509053988956246 ], [ 10.628617266330416, 46.509658824532174 ], [ 10.629077095288066, 46.509707834621196 ] ], [ [ 10.627243780342027, 46.508610585822076 ], [ 10.626887105645068, 46.508677570696541 ], [ 10.626651125632248, 46.508628542059427 ], [ 10.627243780342027, 46.508610585822076 ] ] ] } },
{ "type": "Feature", "properties": { "HOM_ID": 15, "NAME_D": "Schoentaufferner", "NAME_IT": null, "REGION": "Ortlergruppe", "ALT_MIN": 3177.0, "ALT_MAX": 3226.0, "ALT_MEDIAN": 3208.0, "area_km2": 0.008418616 }, "geometry": { "type": "Polygon", "coordinates": [ [ [ 10.62256538818078, 46.50409010975325 ], [ 10.624264818140546, 46.503951687300322 ], [ 10.62410067078576, 46.503534930847728 ], [ 10.623093914431147, 46.503773055374879 ], [ 10.622790953987506, 46.503558286288886 ], [ 10.623049758425839, 46.503216485228386 ], [ 10.621539119782938, 46.503904647826431 ], [ 10.62252983201674, 46.504285871537924 ], [ 10.62256538818078, 46.50409010975325 ] ] ] } },
{ "type": "Feature", "properties": { "HOM_ID": 15, "NAME_D": "Schoentaufferner", "NAME_IT": null, "REGION": "Ortlergruppe", "ALT_MIN": 3094.0, "ALT_MAX": 3140.0, "ALT_MEDIAN": 3116.0, "area_km2": 0.0031539269 }, "geometry": { "type": "Polygon", "coordinates": [ [ [ 10.63203784961402, 46.50511940436563 ], [ 10.631204337780311, 46.504491353852025 ], [ 10.6307326453157, 46.504718340907687 ], [ 10.63203784961402, 46.50511940436563 ] ] ] } },
{ "type": "Feature", "properties": { "HOM_ID": 16, "NAME_D": "Plattenferner", "NAME_IT": "Vadretta delle Laste", "REGION": "Ortlergruppe", "ALT_MIN": 2860.0, "ALT_MAX": 3058.0, "ALT_MEDIAN": 2965.0, "area_km2": 0.0596133743 }, "geometry": { "type": "Polygon", "coordinates": [ [ [ 10.633860422809214, 46.511665353730784 ], [ 10.633440007766335, 46.51019248686702 ], [ 10.634776893069079, 46.510494842605326 ], [ 10.635132752141716, 46.509567046646332 ], [ 10.6343520101795, 46.508488723156738 ], [ 10.633326274959112, 46.508267641263217 ], [ 10.632534495243553, 46.508850683648625 ], [ 10.632878566935345, 46.509399396544779 ], [ 10.632550048120624, 46.509945805743818 ], [ 10.631808674960043, 46.510172816654212 ], [ 10.631911988576235, 46.510628529299176 ], [ 10.630959668597201, 46.511075490590265 ], [ 10.631601738649557, 46.511102306911667 ], [ 10.631603273143464, 46.511441603400527 ], [ 10.632205090888693, 46.511671133439108 ], [ 10.633860422809214, 46.511665353730784 ] ] ] } },
{ "type": "Feature", "properties": { "HOM_ID": 17, "NAME_D": "Pederferner", "NAME_IT": "Vedretta di Peder di Dentro", "REGION": "Ortlergruppe", "ALT_MIN": 2993.0, "ALT_MAX": 3183.0, "ALT_MEDIAN": 3082.0, "area_km2": 0.1211244519 }, "geometry": { "type": "Polygon", "coordinates": [ [ [ 10.639297384689396, 46.518137913355197 ], [ 10.639461107065875, 46.51631914672393 ], [ 10.640283696690666, 46.516660955975333 ], [ 10.64052053313787, 46.516450395949313 ], [ 10.640176462944149, 46.516089201100243 ], [ 10.639616631068739, 46.51615737787376 ], [ 10.6396765447431, 46.515282625600989 ], [ 10.638284149473142, 46.514469194400647 ], [ 10.638717558428091, 46.513452718782894 ], [ 10.636941680745332, 46.513006679541668 ], [ 10.636506877140752, 46.513343886917788 ], [ 10.636707977752408, 46.514098869316662 ], [ 10.634595742373099, 46.514685682061128 ], [ 10.634731634087091, 46.514903998744963 ], [ 10.63570295308531, 46.514657944363677 ], [ 10.636342940960441, 46.515151812799481 ], [ 10.634920453058895, 46.515880559783838 ], [ 10.635658393454138, 46.515902748462359 ], [ 10.636172480460351, 46.516307487180498 ], [ 10.636327946115072, 46.517177369835508 ], [ 10.637167711111173, 46.517287385970633 ], [ 10.636687225836921, 46.517511546417516 ], [ 10.637303250930662, 46.517976603087867 ], [ 10.638161570183177, 46.518125023868045 ], [ 10.638430629516408, 46.517560993069459 ], [ 10.63892007032819, 46.517491473621703 ], [ 10.639297384689396, 46.518137913355197 ] ], [ [ 10.638594935014392, 46.517382949483618 ], [ 10.638609503211194, 46.51717914986552 ], [ 10.638800302772143, 46.517330001834189 ], [ 10.638594935014392, 46.517382949483618 ] ], [ [ 10.636430966272199, 46.515498800823529 ], [ 10.635931111373194, 46.515651799945211 ], [ 10.63586541774478, 46.515474151194141 ], [ 10.636430966272199, 46.515498800823529 ] ], [ [ 10.636387846596238, 46.515273872453854 ], [ 10.636318088572487, 46.515362974318492 ], [ 10.636209851474106, 46.515319280606434 ], [ 10.636387846596238, 46.515273872453854 ] ] ] } },
{ "type": "Feature", "properties": { "HOM_ID": 18, "NAME_D": "Rosimferner", "NAME_IT": "Vedretta di Rosim", "REGION": "Ortlergruppe", "ALT_MIN": 2908.0, "ALT_MAX": 3402.0, "ALT_MEDIAN": 3214.0, "area_km2": 0.6268289264 }, "geometry": { "type": "Polygon", "coordinates": [ [ [ 10.634237366801916, 46.530808636814655 ], [ 10.635880850625558, 46.530613943334885 ], [ 10.635848675814954, 46.530304968442913 ], [ 10.636810663970449, 46.530359768741334 ], [ 10.637897751549405, 46.529986143120148 ], [ 10.638728741427547, 46.529148977941269 ], [ 10.639265842816453, 46.529513338792043 ], [ 10.639634610903668, 46.529299699296708 ], [ 10.640506705917371, 46.529617580248249 ], [ 10.642260054040385, 46.528807589538225 ], [ 10.64229978639719, 46.52923848822978 ], [ 10.644217467332071, 46.529680370471461 ], [ 10.646163180008882, 46.529373896308329 ], [ 10.647098807411453, 46.528887669134967 ], [ 10.647212736105166, 46.528044854706565 ], [ 10.6460607810181, 46.527171477004053 ], [ 10.647030547542201, 46.526725925887057 ], [ 10.646898970081073, 46.526367667864029 ], [ 10.64788833352373, 46.526570697867449 ], [ 10.647701965630096, 46.526112030246409 ], [ 10.648014470651743, 46.526036091839394 ], [ 10.646883648650782, 46.525147535279167 ], [ 10.646604118752315, 46.52331805374186 ], [ 10.645641121017333, 46.522700903510639 ], [ 10.644963698619886, 46.522686838087147 ], [ 10.644979859172235, 46.522365146573691 ], [ 10.6445155260019, 46.522267648332026 ], [ 10.644358481312214, 46.522621503635818 ], [ 10.643562536728927, 46.521694983710908 ], [ 10.64262562675885, 46.521511998132851 ], [ 10.641323861332475, 46.521813454234149 ], [ 10.640924483592929, 46.522727009772375 ], [ 10.638903359858023, 46.523485228855812 ], [ 10.639020081919712, 46.523760063904732 ], [ 10.638072020084705, 46.524768901215801 ], [ 10.638271645496353, 46.524966412143144 ], [ 10.63779279365329, 46.525272139828822 ], [ 10.638771930775485, 46.525323210809972 ], [ 10.636619375488907, 46.526099166103897 ], [ 10.635377213455238, 46.528992007499411 ], [ 10.63481041279314, 46.528922294782348 ], [ 10.633807119911332, 46.527391845416545 ], [ 10.633290234337675, 46.527699852248119 ], [ 10.633959200714706, 46.528580260271518 ], [ 10.633680922768209, 46.529798635167722 ], [ 10.634422124083384, 46.530210702804816 ], [ 10.633066648860918, 46.530167561399715 ], [ 10.634237366801916, 46.530808636814655 ] ], [ [ 10.635414928222181, 46.530352845252921 ], [ 10.634708633577866, 46.530215489839073 ], [ 10.63495724148382, 46.529964886052881 ], [ 10.63468835459326, 46.529872798557179 ], [ 10.634597695971109, 46.529433049841771 ], [ 10.635414928222181, 46.530352845252921 ] ] ] } },
{ "type": "Feature", "properties": { "HOM_ID": 19, "NAME_D": null, "NAME_IT": null, "REGION": "Ortlergruppe", "ALT_MIN": 3357.0, "ALT_MAX": 3409.0, "ALT_MEDIAN": 3373.0, "area_km2": 0.023300776 }, "geometry": { "type": "Polygon", "coordinates": [ [ [ 10.63760138064454, 46.535406330913972 ], [ 10.638429961620842, 46.535077766907449 ], [ 10.638749097745745, 46.533861177067394 ], [ 10.635734273627845, 46.53429008906393 ], [ 10.63760138064454, 46.535406330913972 ] ] ] } },
{ "type": "Feature", "properties": { "HOM_ID": 19, "NAME_D": null, "NAME_IT": null, "REGION": "Ortlergruppe", "ALT_MIN": 3335.0, "ALT_MAX": 3379.0, "ALT_MEDIAN": 3353.0, "area_km2": 0.0026652789 }, "geometry": { "type": "Polygon", "coordinates": [ [ [ 10.639343818775474, 46.534017549569455 ], [ 10.639745415280606, 46.533604016031717 ], [ 10.639618740271468, 46.532977797727817 ], [ 10.639578964274358, 46.533685812612759 ], [ 10.639169327625197, 46.533808721618456 ], [ 10.639343818775474, 46.534017549569455 ] ] ] } },
{ "type": "Feature", "properties": { "HOM_ID": 29, "NAME_D": "Laaserferner", "NAME_IT": "Vedretta Lasa", "REGION": "Ortlergruppe", "ALT_MIN": 2538.0, "ALT_MAX": 3408.0, "ALT_MEDIAN": 3157.0, "area_km2": 4.5015849115000002 }, "geometry": { "type": "Polygon", "coordinates": [ [ [ 10.667445235908202, 46.549173889316272 ], [ 10.667599680664248, 46.548582297954262 ], [ 10.668571605259483, 46.548463816083419 ], [ 10.669903248623932, 46.547253045796985 ], [ 10.669216556190488, 46.54747938079548 ], [ 10.669012036912077, 46.546965488016262 ], [ 10.668046883037606, 46.546653977297993 ], [ 10.668414676720092, 46.545980096021388 ], [ 10.667970349509419, 46.545772906976929 ], [ 10.66796188633359, 46.544322928626045 ], [ 10.66986390516198, 46.543045056663139 ], [ 10.670678739046714, 46.542924762846617 ], [ 10.670711288039888, 46.542439123532155 ], [ 10.671556716060262, 46.542016017195003 ], [ 10.675130719135222, 46.542336749416471 ], [ 10.675753424360027, 46.541412881874528 ], [ 10.676208952121062, 46.5414133494994 ], [ 10.677801325040781, 46.542806796313677 ], [ 10.677419912517834, 46.542748099792689 ], [ 10.676565282354906, 46.543804977726673 ], [ 10.677499390438381, 46.543623056511471 ], [ 10.677974366672691, 46.543099046603118 ], [ 10.678400400279005, 46.54359760327867 ], [ 10.678788278758885, 46.543418084386829 ], [ 10.679806822691802, 46.543993658548374 ], [ 10.679980941159528, 46.544775042142327 ], [ 10.680500484734862, 46.544025781435053 ], [ 10.682982354865091, 46.542899151640498 ], [ 10.683452058796925, 46.543210977593517 ], [ 10.684027236669049, 46.542895338055466 ], [ 10.684262294762059, 46.543131184493404 ], [ 10.684388691640414, 46.542197093521693 ], [ 10.68481745360012, 46.542001474439822 ], [ 10.685826339140547, 46.541998049422119 ], [ 10.685768139338411, 46.542570388916616 ], [ 10.688052093561724, 46.543186030740586 ], [ 10.686522539917036, 46.541065541861123 ], [ 10.687187176835785, 46.540801191728555 ], [ 10.688603802029835, 46.540868875558296 ], [ 10.689528770105843, 46.540360392240871 ], [ 10.687674964505515, 46.539737242048879 ], [ 10.684994986888846, 46.53970936014656 ], [ 10.684304605108718, 46.538818428035569 ], [ 10.684657446539061, 46.538846567215103 ], [ 10.684691449496563, 46.538384118448505 ], [ 10.685102689514201, 46.538292337200808 ], [ 10.686163431125003, 46.538560061831099 ], [ 10.686290975188898, 46.539112994855174 ], [ 10.686977918888349, 46.539455277227546 ], [ 10.687523718613633, 46.539140053021519 ], [ 10.688474417757972, 46.5392076945027 ], [ 10.688587868907639, 46.53866074693061 ], [ 10.687777820356356, 46.539023812346997 ], [ 10.687535341201933, 46.538846997044736 ], [ 10.68782211644665, 46.538747517911247 ], [ 10.68738765844741, 46.538646776380823 ], [ 10.688015800144447, 46.53830754143069 ], [ 10.686523482270786, 46.538048514750905 ], [ 10.687728682583259, 46.537393835971891 ], [ 10.687605039569082, 46.536715454354891 ], [ 10.688209726386908, 46.536262008898269 ], [ 10.687890226315428, 46.535852593004307 ], [ 10.688595218212086, 46.535619602067868 ], [ 10.688527094851008, 46.534687755391246 ], [ 10.687238640229152, 46.534173389014654 ], [ 10.687212725574243, 46.534504119882342 ], [ 10.686033058341232, 46.534404840697007 ], [ 10.684715142128164, 46.534967171857467 ], [ 10.684438476563678, 46.535504630707365 ], [ 10.685325609142705, 46.535739202548605 ], [ 10.686061779684181, 46.535554674607077 ], [ 10.686099143967672, 46.535955645381058 ], [ 10.684163119386316, 46.536754040985301 ], [ 10.682908861965478, 46.536810604376669 ], [ 10.68259656171244, 46.537089034899857 ], [ 10.682762901485367, 46.538177576168678 ], [ 10.681576521797522, 46.538564209202697 ], [ 10.680868489278245, 46.538116922012293 ], [ 10.679473999062713, 46.538320079861307 ], [ 10.678523851330151, 46.537720877739432 ], [ 10.679694878794932, 46.5375102128245 ], [ 10.680009720068039, 46.53697546514438 ], [ 10.681929173535657, 46.536335288967507 ], [ 10.682010613712544, 46.53606739952945 ], [ 10.681249012506807, 46.535113151196626 ], [ 10.681762818816919, 46.534991299849558 ], [ 10.681103783502545, 46.534879549808338 ], [ 10.67737453931975, 46.531876879972437 ], [ 10.676233825916661, 46.531919798937139 ], [ 10.676383603960069, 46.532207585182661 ], [ 10.67534130255417, 46.533206762037921 ], [ 10.673105797694294, 46.533087140028648 ], [ 10.671982157169623, 46.533348789154587 ], [ 10.670711134934807, 46.533081624610475 ], [ 10.669843860942629, 46.533603862850484 ], [ 10.669723089707757, 46.534391414349827 ], [ 10.668874777229384, 46.535196773816821 ], [ 10.672079789625034, 46.537316826065783 ], [ 10.672245583442779, 46.538333544305026 ], [ 10.671818959535571, 46.538599329840046 ], [ 10.667869938830233, 46.536411545257813 ], [ 10.66781014290776, 46.536712445285055 ], [ 10.664648932117641, 46.536470382424739 ], [ 10.665382168144284, 46.534924320036545 ], [ 10.665935645838795, 46.534880070275285 ], [ 10.666066447773662, 46.534418597987816 ], [ 10.667129916695558, 46.534217367973042 ], [ 10.668226951760918, 46.534549021623974 ], [ 10.670268670781111, 46.532830966091311 ], [ 10.671787823972751, 46.53275161968309 ], [ 10.672459305461196, 46.532146507396455 ], [ 10.672282980405827, 46.531572841306591 ], [ 10.67274556952608, 46.53135653229544 ], [ 10.672762321450847, 46.530553830719931 ], [ 10.670354124259534, 46.529429397986 ], [ 10.668741534012797, 46.529383886631237 ], [ 10.667659708879169, 46.529771131423317 ], [ 10.666802232757611, 46.529259773725748 ], [ 10.665676885433745, 46.529352368162655 ], [ 10.663923212103992, 46.528754029487139 ], [ 10.662613281324179, 46.528789749924762 ], [ 10.662866370435724, 46.528943227729599 ], [ 10.661764723116669, 46.529338358076814 ], [ 10.661360553125336, 46.528980466896257 ], [ 10.661029236174157, 46.529756865730391 ], [ 10.661497771905474, 46.530073899360865 ], [ 10.660958038803008, 46.530703226790052 ], [ 10.661115692037074, 46.531234320308798 ], [ 10.660616724271371, 46.531511274828915 ], [ 10.660221880247578, 46.531294999714042 ], [ 10.660734329677132, 46.531107036380511 ], [ 10.660148799232719, 46.531020135540359 ], [ 10.660676990101868, 46.530858331627215 ], [ 10.65996655011749, 46.530753816907485 ], [ 10.659705364470479, 46.531147644450051 ], [ 10.658995653003508, 46.530763690677745 ], [ 10.659253485794022, 46.530407393875841 ], [ 10.657781886267099, 46.530164020574418 ], [ 10.657406430947905, 46.530524257918863 ], [ 10.656244183768035, 46.529971995527568 ], [ 10.655131487955778, 46.529914288764914 ], [ 10.652923255380475, 46.5290376105715 ], [ 10.652127187166995, 46.528242490641844 ], [ 10.652389859466675, 46.5287982719571 ], [ 10.652088853850502, 46.52896930319816 ], [ 10.650650238465191, 46.52850633900205 ], [ 10.648040760546685, 46.528588711213757 ], [ 10.6461232349103, 46.529457029156212 ], [ 10.645670174370929, 46.530071318743772 ], [ 10.644533705203388, 46.530368646036536 ], [ 10.641570400512101, 46.531979555992955 ], [ 10.642007530455581, 46.533010948845728 ], [ 10.643275456667441, 46.533488626823498 ], [ 10.641053406923735, 46.535105506133043 ], [ 10.640221351560893, 46.534983429092804 ], [ 10.640272524991049, 46.535307725263195 ], [ 10.639011829402744, 46.535795301764516 ], [ 10.638649553040956, 46.536771303291061 ], [ 10.637991422535208, 46.536974202414498 ], [ 10.63842654800856, 46.537733219926636 ], [ 10.637529849639844, 46.538896169150767 ], [ 10.63835251562854, 46.539974962911607 ], [ 10.639210055252438, 46.540376998239694 ], [ 10.640524374506013, 46.540477210295741 ], [ 10.641044764175657, 46.540912641861645 ], [ 10.641644307507766, 46.540334611758311 ], [ 10.643721858243094, 46.540454783615843 ], [ 10.643933054381179, 46.541506606639409 ], [ 10.644933301835053, 46.541718435036863 ], [ 10.645727122875574, 46.542749966983791 ], [ 10.645519388201677, 46.543526836554292 ], [ 10.646061507099398, 46.542852307189065 ], [ 10.646677319389935, 46.54313156346749 ], [ 10.646118960841338, 46.54372536970137 ], [ 10.647177707441163, 46.543131500865535 ], [ 10.647645617527658, 46.543198576769726 ], [ 10.647482802157414, 46.543634295382809 ], [ 10.648159812775654, 46.543312607122836 ], [ 10.648418137782425, 46.543866077744234 ], [ 10.648354198901806, 46.543235989215916 ], [ 10.650663777004958, 46.542350495386742 ], [ 10.650452574020642, 46.542213649853409 ], [ 10.650936445482298, 46.541953666214525 ], [ 10.650145293257335, 46.541610885474888 ], [ 10.650217641557193, 46.541151466054551 ], [ 10.64973948239216, 46.541030376880386 ], [ 10.649725976618765, 46.540726972354761 ], [ 10.650303718658956, 46.54057576632502 ], [ 10.650975231351111, 46.541098861105134 ], [ 10.650598510946935, 46.541193592942882 ], [ 10.650939457827047, 46.541626211695977 ], [ 10.651599579067874, 46.541488692195564 ], [ 10.651665998973886, 46.541118651378909 ], [ 10.650700495222267, 46.540715886646268 ], [ 10.652493971471658, 46.54076762142379 ], [ 10.652325864626553, 46.540487286277411 ], [ 10.65122503217304, 46.540315668925103 ], [ 10.650363222836118, 46.540540023461226 ], [ 10.65023648459996, 46.540115622647093 ], [ 10.650908762824551, 46.539639799563496 ], [ 10.651392365356276, 46.538632135329244 ], [ 10.651904110691197, 46.538985532370418 ], [ 10.651924326733241, 46.538667452445054 ], [ 10.652454198950483, 46.53861693616382 ], [ 10.652040971784235, 46.538840864457477 ], [ 10.652788478592283, 46.539363466074526 ], [ 10.652851659017932, 46.53891893311318 ], [ 10.653695772736887, 46.538748003405672 ], [ 10.653105719806559, 46.538316778965829 ], [ 10.654364215416082, 46.537858063213967 ], [ 10.654498637968612, 46.538591305623875 ], [ 10.655248798673297, 46.538863214516304 ], [ 10.655436542602487, 46.539363519641348 ], [ 10.655704126470914, 46.538942940710427 ], [ 10.656114169177652, 46.538951885722376 ], [ 10.657531470254806, 46.539854193934971 ], [ 10.657866859839606, 46.541872960908222 ], [ 10.658893900974032, 46.543154944709158 ], [ 10.658411607787368, 46.543635792741384 ], [ 10.659336211700296, 46.543627143190193 ], [ 10.659792534022918, 46.54455870252788 ], [ 10.659189168936157, 46.545709824403367 ], [ 10.660133954573588, 46.546022333621622 ], [ 10.661438562811805, 46.545572395997759 ], [ 10.66177904746529, 46.544764004212496 ], [ 10.662514080871075, 46.544401898112248 ], [ 10.662735805526834, 46.544674125894133 ], [ 10.662357559582029, 46.544907539859608 ], [ 10.662325550721805, 46.545662293651041 ], [ 10.66301586289603, 46.545603418828705 ], [ 10.664216862083835, 46.546041777263305 ], [ 10.666364207385495, 46.545663209805184 ], [ 10.667552399075316, 46.547072249045044 ], [ 10.669122066766686, 46.547554863282976 ], [ 10.666775427243737, 46.547848564688458 ], [ 10.666361551832379, 46.547574827469212 ], [ 10.665346590892291, 46.547763261612268 ], [ 10.664250242706924, 46.547576630582292 ], [ 10.663947355510933, 46.548188809611162 ], [ 10.664360808349231, 46.548906332165913 ], [ 10.664897230335956, 46.549072172904935 ], [ 10.667445235908202, 46.549173889316272 ] ], [ [ 10.669962987550241, 46.542372665028395 ], [ 10.670192808686476, 46.542271085456804 ], [ 10.670193516316417, 46.542434780707282 ], [ 10.669962987550241, 46.542372665028395 ] ], [ [ 10.675676268884095, 46.538727987669269 ], [ 10.675838897778119, 46.538730182744736 ], [ 10.675718943016081, 46.538928823224154 ], [ 10.675676268884095, 46.538727987669269 ] ], [ [ 10.645564186394358, 46.53917651102563 ], [ 10.64496549374978, 46.539216050708937 ], [ 10.645436772797369, 46.538863604597232 ], [ 10.645564186394358, 46.53917651102563 ] ], [ [ 10.644567834105308, 46.540059808070872 ], [ 10.644250130082492, 46.539955845569239 ], [ 10.644511495605723, 46.539756732163795 ], [ 10.644638085834803, 46.539782043976551 ], [ 10.644567834105308, 46.540059808070872 ] ], [ [ 10.661099030666183, 46.531940025308344 ], [ 10.661149237276508, 46.53188929134113 ], [ 10.661160309328654, 46.531912942265961 ], [ 10.661099030666183, 46.531940025308344 ] ] ] } },
{ "type": "Feature", "properties": { "HOM_ID": 32, "NAME_D": null, "NAME_IT": null, "REGION": "Ortlergruppe", "ALT_MIN": 2993.0, "ALT_MAX": 3131.0, "ALT_MEDIAN": 3062.0, "area_km2": 0.0666891859 }, "geometry": { "type": "Polygon", "coordinates": [ [ [ 10.701879740936564, 46.547224489509723 ], [ 10.7036787534919, 46.546666701467998 ], [ 10.704921968638311, 46.545019282903695 ], [ 10.706152969791148, 46.544386154593411 ], [ 10.706081347445467, 46.543890153090921 ], [ 10.707101999275976, 46.543312726660396 ], [ 10.706601314750648, 46.542863014096376 ], [ 10.702688081557099, 46.544931293584611 ], [ 10.701153694144365, 46.54685192327927 ], [ 10.701497092207878, 46.546796809965493 ], [ 10.701356495210316, 46.54704654366634 ], [ 10.701879740936564, 46.547224489509723 ] ] ] } },
{ "type": "Feature", "properties": { "HOM_ID": 22, "NAME_D": "Zayferner", "NAME_IT": "Vedrtetta di Zai", "REGION": "Ortlergruppe", "ALT_MIN": 2863.0, "ALT_MAX": 3513.0, "ALT_MEDIAN": 3014.0, "area_km2": 0.5203300843000001 }, "geometry": { "type": "Polygon", "coordinates": [ [ [ 10.643542183852166, 46.555488961394403 ], [ 10.646207193636005, 46.555041070992104 ], [ 10.646624363125841, 46.554682652883464 ], [ 10.647330796048388, 46.554758201237014 ], [ 10.64763656703744, 46.554096112622005 ], [ 10.646933165309111, 46.553647482242575 ], [ 10.647093064247233, 46.553261652920405 ], [ 10.647409535801462, 46.553449413473395 ], [ 10.646820461329888, 46.552621753315215 ], [ 10.64715324070634, 46.552293870095355 ], [ 10.646066243211877, 46.551785667690055 ], [ 10.645221277691752, 46.551807351046769 ], [ 10.644933613988684, 46.550968555832519 ], [ 10.647071023495176, 46.551478570106191 ], [ 10.647410920318093, 46.550940886753814 ], [ 10.64695488139432, 46.550314879991994 ], [ 10.646061709118291, 46.550072204302353 ], [ 10.64555116994902, 46.54922828248786 ], [ 10.645720984986086, 46.548401171029887 ], [ 10.646354393960577, 46.547939818004416 ], [ 10.646192330816101, 46.54697834428277 ], [ 10.647023634202062, 46.546587763347773 ], [ 10.645652693943546, 46.54621491960399 ], [ 10.645278505160118, 46.545827097210868 ], [ 10.646119136628736, 46.545779282797668 ], [ 10.647331849237002, 46.546733651821562 ], [ 10.648780410029488, 46.546342071917245 ], [ 10.648771245289794, 46.545925499412412 ], [ 10.648292394298092, 46.54595383257638 ], [ 10.648157471163836, 46.545600982885901 ], [ 10.648287205541102, 46.544947550235165 ], [ 10.646517905332949, 46.544222249936581 ], [ 10.645337436418609, 46.544557721023196 ], [ 10.644141293866765, 46.545350788176442 ], [ 10.64317188463256, 46.546534470180902 ], [ 10.643922774713532, 46.546746119657868 ], [ 10.644266357234024, 46.546222709851861 ], [ 10.644510667811096, 46.546067348136951 ], [ 10.645185724603673, 46.545840337810915 ], [ 10.645342399972169, 46.546000003319392 ], [ 10.644368307233007, 46.546199744724383 ], [ 10.644515205925977, 46.54661925639639 ], [ 10.643277353743288, 46.546959578361879 ], [ 10.642793508823608, 46.547759839264202 ], [ 10.639655209930922, 46.549549736292263 ], [ 10.640106015481109, 46.549763530083972 ], [ 10.639717612167841, 46.550045910285583 ], [ 10.64060677149075, 46.550059946396068 ], [ 10.640569416119968, 46.551443900641061 ], [ 10.639915007572894, 46.551260411869748 ], [ 10.639832224212235, 46.55103300689138 ], [ 10.640435460720365, 46.551121983487938 ], [ 10.639810678586182, 46.550251575366119 ], [ 10.639263439206449, 46.550187984919482 ], [ 10.639027677539206, 46.550381858224654 ], [ 10.639583921621918, 46.550738760294408 ], [ 10.638314668656365, 46.552041320372282 ], [ 10.638780469143617, 46.552333337439947 ], [ 10.638362092406078, 46.552657935261543 ], [ 10.638703474285604, 46.55297164851229 ], [ 10.6380553398745, 46.553175082534814 ], [ 10.639732707904045, 46.55429019821765 ], [ 10.639385367525721, 46.554846884099511 ], [ 10.64256673050866, 46.554773866375847 ], [ 10.643542183852166, 46.555488961394403 ] ], [ [ 10.639888040373037, 46.551902995890266 ], [ 10.639891929084396, 46.551802930432821 ], [ 10.64007362575364, 46.551876522373902 ], [ 10.639888040373037, 46.551902995890266 ] ], [ [ 10.648063268310466, 46.545795215200215 ], [ 10.647799608350869, 46.546091898305704 ], [ 10.648035599226732, 46.545793232764126 ], [ 10.648063268310466, 46.545795215200215 ] ] ] } },
{ "type": "Feature", "properties": { "HOM_ID": 21, "NAME_D": "Zayferner", "NAME_IT": "Vedrtetta di Zai", "REGION": "Ortlergruppe", "ALT_MIN": 2747.0, "ALT_MAX": 3485.0, "ALT_MEDIAN": 2988.0, "area_km2": 0.4284317702 }, "geometry": { "type": "Polygon", "coordinates": [ [ [ 10.633883633944381, 46.548717443193922 ], [ 10.635085181127291, 46.547814476253308 ], [ 10.635058997281991, 46.546926716445981 ], [ 10.635608612742256, 46.547185548048681 ], [ 10.635709922155513, 46.546881690728775 ], [ 10.636926515671023, 46.546495797753479 ], [ 10.637765123700733, 46.547414191747428 ], [ 10.638029072125526, 46.547010375133915 ], [ 10.639713788021028, 46.547226771571047 ], [ 10.639923440212721, 46.547598799429025 ], [ 10.63940812676009, 46.547677622723157 ], [ 10.63972199996716, 46.547929098451917 ], [ 10.639400184287267, 46.54813015851191 ], [ 10.640366091226706, 46.54794299944183 ], [ 10.640737767701278, 46.545970661731857 ], [ 10.642434592400479, 46.544903352380182 ], [ 10.642203398333745, 46.543983216019186 ], [ 10.641599690886995, 46.543886914751482 ], [ 10.641420943239559, 46.544310947458428 ], [ 10.640760391457464, 46.543691797555489 ], [ 10.64024756272484, 46.5448204450011 ], [ 10.640494405178664, 46.545109788066036 ], [ 10.639746065942592, 46.545013367476407 ], [ 10.639536482268509, 46.545273538981739 ], [ 10.640336999812373, 46.545383499531525 ], [ 10.640029306202399, 46.545823665970097 ], [ 10.640708892698498, 46.545699622375949 ], [ 10.640020653812932, 46.546223826513291 ], [ 10.640265954469504, 46.546568752514226 ], [ 10.639697085129109, 46.546615483707207 ], [ 10.638914228096969, 46.545055605087676 ], [ 10.639664871926831, 46.54448000390655 ], [ 10.639689029377553, 46.544021304861836 ], [ 10.640303126213764, 46.543774248193827 ], [ 10.640632141283955, 46.542608704076649 ], [ 10.64158565142619, 46.541978092513048 ], [ 10.640652055986472, 46.541635941413205 ], [ 10.63804446932968, 46.542309093054428 ], [ 10.636469643150221, 46.542154003713669 ], [ 10.636061073817988, 46.539467043159021 ], [ 10.635405360071312, 46.53900495008736 ], [ 10.634740188148379, 46.539605451319296 ], [ 10.634480553400646, 46.540809288111276 ], [ 10.634915836065478, 46.541827088422423 ], [ 10.636243558861265, 46.542372436903619 ], [ 10.636387854764092, 46.542925184870725 ], [ 10.634723379013771, 46.543577618237656 ], [ 10.632554962248701, 46.543687853243156 ], [ 10.631149468994694, 46.544220607403972 ], [ 10.629235770934626, 46.544447904593255 ], [ 10.628658281863173, 46.544870453518385 ], [ 10.626823979565295, 46.545157299336189 ], [ 10.626431371376048, 46.545645128678217 ], [ 10.62502586199065, 46.54611366219175 ], [ 10.625776858495488, 46.546299434902373 ], [ 10.628133061458172, 46.545694413575276 ], [ 10.631262826159505, 46.54629920580755 ], [ 10.632027500171683, 46.545981178266821 ], [ 10.632192761601601, 46.545306139669719 ], [ 10.633030334252734, 46.545041183525939 ], [ 10.63366586401346, 46.54531973466527 ], [ 10.634295020268963, 46.545216834752736 ], [ 10.634563862243979, 46.545543196028817 ], [ 10.63344867152532, 46.545828435955421 ], [ 10.63377008605968, 46.545901232700935 ], [ 10.633446652957065, 46.546048722868129 ], [ 10.633849667729184, 46.545965577913933 ], [ 10.633380165565629, 46.546564600134964 ], [ 10.631777269262711, 46.546772022667859 ], [ 10.632075610249432, 46.546794553571367 ], [ 10.631917839619952, 46.54728792089319 ], [ 10.63419517904472, 46.547598605768535 ], [ 10.633376858584763, 46.548391319178577 ], [ 10.633883633944381, 46.548717443193922 ] ] ] } },
{ "type": "Feature", "properties": { "HOM_ID": 21, "NAME_D": "Zayferner", "NAME_IT": "Vedrtetta di Zai", "REGION": "Ortlergruppe", "ALT_MIN": 3249.0, "ALT_MAX": 3326.0, "ALT_MEDIAN": 3274.0, "area_km2": 0.0093848043 }, "geometry": { "type": "Polygon", "coordinates": [ [ [ 10.642150210838759, 46.543076338490508 ], [ 10.643824729103324, 46.542817140827346 ], [ 10.643856349816474, 46.542435699049854 ], [ 10.642598300421968, 46.542343646449424 ], [ 10.642057703337429, 46.542583573979023 ], [ 10.642150210838759, 46.543076338490508 ] ] ] } },
{ "type": "Feature", "properties": { "HOM_ID": 28, "NAME_D": "Angelusferner Grosser", "NAME_IT": "Vedretta dell Angelo", "REGION": "Ortlergruppe", "ALT_MIN": 3125.0, "ALT_MAX": 3382.0, "ALT_MEDIAN": 3297.0, "area_km2": 0.1321097557 }, "geometry": { "type": "Polygon", "coordinates": [ [ [ 10.656730706341946, 46.545504598704561 ], [ 10.656998470867727, 46.545457858291286 ], [ 10.656895118509082, 46.545123610731913 ], [ 10.657885310727419, 46.54477470590318 ], [ 10.657240227455311, 46.543536322362286 ], [ 10.655650578718175, 46.54330533593177 ], [ 10.655427859589883, 46.542903761044109 ], [ 10.654665150465906, 46.542788596977523 ], [ 10.654736024202492, 46.542508974487703 ], [ 10.655471327694002, 46.5426046244256 ], [ 10.653855608473481, 46.542381221077413 ], [ 10.653817628458521, 46.541877053196124 ], [ 10.653396995295635, 46.542052107347445 ], [ 10.652706919117161, 46.541714431169211 ], [ 10.650884514462515, 46.542386050752782 ], [ 10.650725789414105, 46.543584072052013 ], [ 10.651334685236925, 46.544032466165731 ], [ 10.654484718952808, 46.545145336896354 ], [ 10.656615440208979, 46.545232433913448 ], [ 10.656730706341946, 46.545504598704561 ] ], [ [ 10.656787248977928, 46.545434725638685 ], [ 10.656889795056545, 46.545402284770724 ], [ 10.656839427443598, 46.545448256725152 ], [ 10.656787248977928, 46.545434725638685 ] ], [ [ 10.656709520379847, 46.545262026265299 ], [ 10.656801138003893, 46.545210694429294 ], [ 10.656817978432802, 46.545310459602085 ], [ 10.656709520379847, 46.545262026265299 ] ] ] } },
{ "type": "Feature", "properties": { "HOM_ID": 27, "NAME_D": "Ofenwandferner", "NAME_IT": "Vedretta del Forno", "REGION": "Ortlergruppe", "ALT_MIN": 2802.0, "ALT_MAX": 3312.0, "ALT_MEDIAN": 3126.0, "area_km2": 0.3691900242 }, "geometry": { "type": "Polygon", "coordinates": [ [ [ 10.656417787753471, 46.554342025902955 ], [ 10.656612572320777, 46.554617801021308 ], [ 10.657598635905346, 46.554078545295653 ], [ 10.657037396052129, 46.553352961670328 ], [ 10.657563983738312, 46.552850047837673 ], [ 10.658498713834032, 46.553359683459981 ], [ 10.658852474284515, 46.553224258026532 ], [ 10.658721845425534, 46.552668627640465 ], [ 10.656479969562607, 46.551359070453479 ], [ 10.656732441824975, 46.551262547722523 ], [ 10.65599974040445, 46.549925418589524 ], [ 10.65644419683972, 46.548833823844454 ], [ 10.657063247590484, 46.548932008342781 ], [ 10.656924808278484, 46.549316191761065 ], [ 10.658113356103167, 46.548508417435457 ], [ 10.657233314759193, 46.548283056654554 ], [ 10.657049306802513, 46.547907117089544 ], [ 10.655624622737081, 46.54772218021273 ], [ 10.655174381438155, 46.547310402057711 ], [ 10.65546760616327, 46.546965650595524 ], [ 10.654630063448284, 46.546320568722294 ], [ 10.654790079693198, 46.545794396095062 ], [ 10.653230601795457, 46.546036018343152 ], [ 10.651127633021083, 46.545654457408205 ], [ 10.650721819565542, 46.545815091735143 ], [ 10.650938339193559, 46.546240576761953 ], [ 10.650208613166626, 46.546417790648931 ], [ 10.649537538297263, 46.5473918455424 ], [ 10.649875749600875, 46.549319404145159 ], [ 10.651492142517105, 46.550906209379171 ], [ 10.652646210976625, 46.551253777217482 ], [ 10.653338113597815, 46.55199081824663 ], [ 10.654284209578885, 46.552173583046397 ], [ 10.655038377221583, 46.553702413445656 ], [ 10.655227972846905, 46.55542512516395 ], [ 10.656206924317884, 46.555113233459124 ], [ 10.656417787753471, 46.554342025902955 ] ], [ [ 10.657701537431416, 46.552710541660716 ], [ 10.657356459845598, 46.552713161883759 ], [ 10.657738400629665, 46.552674289810589 ], [ 10.657701537431416, 46.552710541660716 ] ], [ [ 10.655494627508602, 46.548217397266647 ], [ 10.656342370030158, 46.548039392957428 ], [ 10.655700848347816, 46.548461577192391 ], [ 10.655494627508602, 46.548217397266647 ] ] ] } },
{ "type": "Feature", "properties": { "HOM_ID": 23, "NAME_D": "Angelusferner Kleiner", "NAME_IT": "Vedretta dell Angelo Piccolo", "REGION": "Ortlergruppe", "ALT_MIN": 2956.0, "ALT_MAX": 3257.0, "ALT_MEDIAN": 3078.0, "area_km2": 0.2251245394 }, "geometry": { "type": "Polygon", "coordinates": [ [ [ 10.641750968696162, 46.563678185134677 ], [ 10.646225118243768, 46.562566516038039 ], [ 10.64628017194671, 46.561961503454519 ], [ 10.645521776671911, 46.560884226307394 ], [ 10.647131602644352, 46.560621477586935 ], [ 10.64678699510254, 46.559932276802066 ], [ 10.645689115008896, 46.559538392030888 ], [ 10.645432405580411, 46.559810241295253 ], [ 10.643314243416457, 46.5596942321692 ], [ 10.64269602716549, 46.560078138801146 ], [ 10.642789607594301, 46.560725669763691 ], [ 10.64163143912474, 46.560554188318697 ], [ 10.641040729176373, 46.560884123006105 ], [ 10.639649559184926, 46.560040924648504 ], [ 10.638553474480579, 46.558835096919822 ], [ 10.638033109438155, 46.558749685790545 ], [ 10.637791886707703, 46.559222229767201 ], [ 10.636865392275965, 46.558878557596074 ], [ 10.637931672858508, 46.559742912685124 ], [ 10.638385857593644, 46.560617071777926 ], [ 10.63805061171532, 46.561280611726652 ], [ 10.637446177440797, 46.561476664867456 ], [ 10.638055314538052, 46.562646617341301 ], [ 10.639464148570566, 46.563001463188719 ], [ 10.639865137098241, 46.563419501225695 ], [ 10.640925100492817, 46.563309050940916 ], [ 10.641750968696162, 46.563678185134677 ] ] ] } },
{ "type": "Feature", "properties": { "HOM_ID": 26, "NAME_D": "Tschenglserferner", "NAME_IT": "Vedretta di Cengles", "REGION": "Ortlergruppe", "ALT_MIN": 2725.0, "ALT_MAX": 2967.0, "ALT_MEDIAN": 2829.0, "area_km2": 0.1732600217 }, "geometry": { "type": "Polygon", "coordinates": [ [ [ 10.63801258337827, 46.56862285436447 ], [ 10.644630876586037, 46.567319186512307 ], [ 10.64590873827866, 46.567681670086486 ], [ 10.645348948043992, 46.568008205149766 ], [ 10.647171042150273, 46.567467050981662 ], [ 10.646310827629121, 46.567848516904498 ], [ 10.646962399219575, 46.567987958269093 ], [ 10.647766688993324, 46.567327506779897 ], [ 10.647170272227676, 46.568011752636487 ], [ 10.647877386625153, 46.568132530115783 ], [ 10.649722361557398, 46.567777331433874 ], [ 10.648724982166796, 46.566907707973137 ], [ 10.648055403313977, 46.567313226774075 ], [ 10.647762868160861, 46.567201360287498 ], [ 10.648527299104597, 46.566270620472437 ], [ 10.648997406637886, 46.566175740218732 ], [ 10.648325321545205, 46.565985411116181 ], [ 10.648368719923225, 46.565708570861091 ], [ 10.64551419131193, 46.565956838603327 ], [ 10.643779744292189, 46.565569839771165 ], [ 10.642208290441268, 46.565778145845847 ], [ 10.640727238477101, 46.566580423682893 ], [ 10.637864218419068, 46.567092097482316 ], [ 10.637369260403696, 46.567681378466553 ], [ 10.636906506059033, 46.567620139583468 ], [ 10.637355108342302, 46.568391908403143 ], [ 10.63801258337827, 46.56862285436447 ] ] ] } },
{ "type": "Feature", "properties": { "HOM_ID": 39, "NAME_D": "Langenferner", "NAME_IT": "Vedretta Lunga", "REGION": "Ortlergruppe", "ALT_MIN": 2679.0, "ALT_MAX": 3378.0, "ALT_MEDIAN": 3128.0, "area_km2": 1.8334493424 }, "geometry": { "type": "Polygon", "coordinates": [ [ [ 10.620899636205282, 46.474233033650343 ], [ 10.624204068507273, 46.474001483026299 ], [ 10.62451597609309, 46.474232790570632 ], [ 10.625086280252967, 46.473592479458553 ], [ 10.6281491991978, 46.472459048896489 ], [ 10.628262774246938, 46.471957876497797 ], [ 10.625456804323079, 46.471024768009798 ], [ 10.624208871126021, 46.471107545109575 ], [ 10.623391041268883, 46.47074694021628 ], [ 10.623024933786045, 46.470952157830986 ], [ 10.621832124742228, 46.470476174543961 ], [ 10.621942350776083, 46.470010277711161 ], [ 10.619695869270041, 46.469563500234024 ], [ 10.619305396575013, 46.468947538110534 ], [ 10.6201321773662, 46.468755764929945 ], [ 10.61845735948817, 46.467275756317719 ], [ 10.618313221287078, 46.467063488442655 ], [ 10.61896902664266, 46.466958175317124 ], [ 10.618612905394906, 46.46652606005847 ], [ 10.618094017549629, 46.466643928059611 ], [ 10.617720914275834, 46.466338494275611 ], [ 10.618256775347216, 46.466223690825679 ], [ 10.617231016028173, 46.465284481234427 ], [ 10.61690933321473, 46.465623079716039 ], [ 10.616364691689602, 46.465559343599757 ], [ 10.615593299436048, 46.464820167588307 ], [ 10.614952006414232, 46.464692306737092 ], [ 10.616146681462583, 46.464306342846641 ], [ 10.616647244883129, 46.463801914502668 ], [ 10.611559894756363, 46.46011310129397 ], [ 10.611130756106471, 46.458669776277716 ], [ 10.609584782389677, 46.4599546125473 ], [ 10.608120599743316, 46.460586196875148 ], [ 10.606632825656892, 46.460576945258865 ], [ 10.605896917704269, 46.460118944879405 ], [ 10.604867790773442, 46.460214007273358 ], [ 10.603744668634294, 46.460890944951181 ], [ 10.603139457048446, 46.46147312112668 ], [ 10.603151047835519, 46.462014682332416 ], [ 10.602428018877294, 46.462328418802876 ], [ 10.602995138963351, 46.463535159345675 ], [ 10.601737243073227, 46.463824244180607 ], [ 10.601057684954107, 46.464781358932392 ], [ 10.601005733743918, 46.465716498885605 ], [ 10.601522196197623, 46.465995011278679 ], [ 10.600664430480466, 46.466812215059662 ], [ 10.602481145067252, 46.467504693470914 ], [ 10.603080404118939, 46.467304131138548 ], [ 10.60261558284347, 46.467576388325291 ], [ 10.602616161754193, 46.468145622865009 ], [ 10.60376552746437, 46.468216126505105 ], [ 10.603833802863203, 46.4685236796251 ], [ 10.602763228809739, 46.468686599070509 ], [ 10.603717756463737, 46.468825933051463 ], [ 10.603611432407112, 46.469312593796261 ], [ 10.602793888302385, 46.469344891255901 ], [ 10.602584603215485, 46.468779707192155 ], [ 10.601812255872785, 46.469943980486718 ], [ 10.602821307091476, 46.470555317514169 ], [ 10.604385943812568, 46.469954117129696 ], [ 10.603736879794065, 46.470760427556705 ], [ 10.603859240773353, 46.471699282949317 ], [ 10.60537217313273, 46.472166197189473 ], [ 10.604831877985228, 46.472681769276818 ], [ 10.606444277538898, 46.474302152720128 ], [ 10.607153828282158, 46.47452089583161 ], [ 10.609309033330623, 46.473972674848227 ], [ 10.610584442666966, 46.473978528448832 ], [ 10.610459895482334, 46.474246677689436 ], [ 10.614046506160186, 46.474006626214361 ], [ 10.614749031496933, 46.473550235073681 ], [ 10.614350672980985, 46.472841499327991 ], [ 10.612977729633924, 46.472430372556758 ], [ 10.612834298947572, 46.472008542886577 ], [ 10.613760438136195, 46.471626390841749 ], [ 10.614756404979731, 46.471857593747202 ], [ 10.615540111627816, 46.472507779898223 ], [ 10.617974941037204, 46.472317683322281 ], [ 10.618057060408749, 46.473510711755054 ], [ 10.618616255075322, 46.473732302100728 ], [ 10.620899636205282, 46.474233033650343 ] ], [ [ 10.60807873768195, 46.471797277185473 ], [ 10.60757963500879, 46.472169808526175 ], [ 10.606219520388155, 46.47209486473556 ], [ 10.606661070295843, 46.471874353919631 ], [ 10.606701265613845, 46.472069047153909 ], [ 10.60807873768195, 46.471797277185473 ] ], [ [ 10.611667091402396, 46.471521972493278 ], [ 10.611918577871554, 46.47128507044107 ], [ 10.612010748155219, 46.471371875350137 ], [ 10.611667091402396, 46.471521972493278 ] ], [ [ 10.618479687667673, 46.468742996641765 ], [ 10.617666181953483, 46.469085494684023 ], [ 10.616979483221606, 46.468473714959877 ], [ 10.61672170687285, 46.468602521588494 ], [ 10.616600283464074, 46.46799346120396 ], [ 10.618479687667673, 46.468742996641765 ] ], [ [ 10.615131480774764, 46.467426996250168 ], [ 10.614530361155433, 46.46835558010627 ], [ 10.613272225988547, 46.467577065285958 ], [ 10.615131480774764, 46.467426996250168 ] ], [ [ 10.61580832831986, 46.467638789926568 ], [ 10.615422750004191, 46.467535655228964 ], [ 10.615467963104294, 46.467456436953064 ], [ 10.61580832831986, 46.467638789926568 ] ], [ [ 10.615562697550562, 46.46814231209224 ], [ 10.615992035801245, 46.468023852774785 ], [ 10.615933561716794, 46.46828375341066 ], [ 10.615562697550562, 46.46814231209224 ] ], [ [ 10.613709838748624, 46.465592655379126 ], [ 10.611933941474938, 46.465379840219761 ], [ 10.613201630143337, 46.464539941798847 ], [ 10.613994999230913, 46.464450165470097 ], [ 10.613709838748624, 46.465592655379126 ] ] ] } },
{ "type": "Feature", "properties": { "HOM_ID": 39, "NAME_D": "Langenferner", "NAME_IT": "Vedretta Lunga", "REGION": "Ortlergruppe", "ALT_MIN": 3076.0, "ALT_MAX": 3201.0, "ALT_MEDIAN": 3144.0, "area_km2": 0.0742599525 }, "geometry": { "type": "Polygon", "coordinates": [ [ [ 10.607552222384269, 46.478985253849679 ], [ 10.6092822307606, 46.478389433441762 ], [ 10.610041689451963, 46.476909546418739 ], [ 10.608639295438845, 46.475205537538876 ], [ 10.606321183510778, 46.475841757746309 ], [ 10.606859401980765, 46.47673785876723 ], [ 10.606854739750963, 46.47847595715222 ], [ 10.607552222384269, 46.478985253849679 ] ], [ [ 10.608753184388112, 46.477093154624313 ], [ 10.609036143747861, 46.477010593965872 ], [ 10.608940622820752, 46.477137665050719 ], [ 10.608753184388112, 46.477093154624313 ] ] ] } },
{ "type": "Feature", "properties": { "HOM_ID": 40, "NAME_D": "Cedecferner", "NAME_IT": "Vedretta di Cedec", "REGION": "Ortlergruppe", "ALT_MIN": 3238.0, "ALT_MAX": 3503.0, "ALT_MEDIAN": 3424.0, "area_km2": 0.3257609882 }, "geometry": { "type": "Polygon", "coordinates": [ [ [ 10.609584781674252, 46.459954612423438 ], [ 10.611957082515346, 46.457751628354913 ], [ 10.612632788422827, 46.454986539383974 ], [ 10.613929098862343, 46.45287463800679 ], [ 10.613675773861925, 46.451839104837447 ], [ 10.612292901246006, 46.450653805073067 ], [ 10.61073321744219, 46.451352048683731 ], [ 10.610335286797183, 46.452064394746422 ], [ 10.610716538347109, 46.452200111080266 ], [ 10.609642345680408, 46.452458120607794 ], [ 10.609936675788873, 46.452625423461804 ], [ 10.609699407781058, 46.453225334603388 ], [ 10.609048082965396, 46.453570489657928 ], [ 10.609126626107399, 46.454499461661605 ], [ 10.608044960937487, 46.455631224623254 ], [ 10.608444596329186, 46.456098034145342 ], [ 10.609631917941257, 46.456262297539489 ], [ 10.609877615657172, 46.457163536327847 ], [ 10.609475575476209, 46.457083472806644 ], [ 10.60945500202272, 46.456736107006812 ], [ 10.608190741551372, 46.456445767756151 ], [ 10.607497057456474, 46.456851753872414 ], [ 10.607477524103016, 46.457235798722969 ], [ 10.606461113459083, 46.457675722822856 ], [ 10.606523048380048, 46.458668408614585 ], [ 10.60570767083888, 46.45859318595857 ], [ 10.606427806717607, 46.459647467519112 ], [ 10.605797603822529, 46.460011118296208 ], [ 10.606632825385484, 46.460576945353353 ], [ 10.608120599650261, 46.460586196922115 ], [ 10.609584781674252, 46.459954612423438 ] ] ] } },
{ "type": "Feature", "properties": { "HOM_ID": 41, "NAME_D": "Zufallferner", "NAME_IT": "Vedretta del Cevedale Principale", "REGION": "Ortlergruppe", "ALT_MIN": 2642.0, "ALT_MAX": 3746.0, "ALT_MEDIAN": 3124.0, "area_km2": 3.6223093131000001 }, "geometry": { "type": "Polygon", "coordinates": [ [ [ 10.611202290933299, 46.45859355248087 ], [ 10.611559894756351, 46.46011310129397 ], [ 10.616710237097328, 46.463939069234584 ], [ 10.61756560691015, 46.463860737224053 ], [ 10.617927659285591, 46.463048988938326 ], [ 10.619572446932946, 46.462986212125614 ], [ 10.618799966897379, 46.463235339336897 ], [ 10.61942032340721, 46.463437181761002 ], [ 10.618008013385239, 46.463737851455406 ], [ 10.617967928325241, 46.464401688729794 ], [ 10.61875437415423, 46.464267725205644 ], [ 10.618610677765922, 46.46484711293229 ], [ 10.619730340089358, 46.465041883747844 ], [ 10.620762161097561, 46.464685898387685 ], [ 10.62099638387609, 46.464913717981219 ], [ 10.620745992383348, 46.465155342347195 ], [ 10.620434180473145, 46.464905507667254 ], [ 10.619678695145831, 46.465147351234947 ], [ 10.618887713744105, 46.465057235684164 ], [ 10.617772670571517, 46.465708138190934 ], [ 10.619093643576793, 46.467083592749454 ], [ 10.620744371588264, 46.467119685801464 ], [ 10.621245030910863, 46.466550306891953 ], [ 10.622393613293703, 46.466629534307735 ], [ 10.622485903784028, 46.467102862728865 ], [ 10.622047192696668, 46.467344209896062 ], [ 10.622650638273003, 46.467381592046955 ], [ 10.621966530425528, 46.467744883359579 ], [ 10.623183553411142, 46.467633925041127 ], [ 10.623723119834327, 46.468065881401628 ], [ 10.625147744215335, 46.467745957937019 ], [ 10.626904233339243, 46.466876846094763 ], [ 10.626051405607612, 46.466257978438016 ], [ 10.626834371744227, 46.465938163215995 ], [ 10.627252472227681, 46.466264380857766 ], [ 10.627032649286113, 46.466507934691386 ], [ 10.629054285136212, 46.466264122368443 ], [ 10.629535434245646, 46.466485301353806 ], [ 10.629119748257327, 46.466547709017419 ], [ 10.63004942992753, 46.466838336654135 ], [ 10.629595912497308, 46.465597174564763 ], [ 10.63142503773342, 46.465328939158489 ], [ 10.631660810621472, 46.465002705713459 ], [ 10.631034118549888, 46.464411936587439 ], [ 10.629036474938522, 46.464231499938535 ], [ 10.627717033269343, 46.462972079258634 ], [ 10.627178964609589, 46.462738351358873 ], [ 10.626393568057299, 46.462936722739364 ], [ 10.624328000594881, 46.461699952520036 ], [ 10.62458205634467, 46.461586873330148 ], [ 10.6257877288117, 46.46182338271263 ], [ 10.62883186302038, 46.461607276127431 ], [ 10.630194790398013, 46.461790741794289 ], [ 10.633082744788673, 46.461173355112237 ], [ 10.634802835835357, 46.461266699818758 ], [ 10.634957295433743, 46.461706201393433 ], [ 10.635866307204148, 46.462040724629588 ], [ 10.638252587075627, 46.461687527409204 ], [ 10.637805807749189, 46.462301134117361 ], [ 10.638460951625275, 46.462315559946624 ], [ 10.6382825807132, 46.462687201862465 ], [ 10.638909433978656, 46.462332944319684 ], [ 10.640028854314302, 46.462316894008985 ], [ 10.640499980899637, 46.461941049511793 ], [ 10.642567658548156, 46.461947084054593 ], [ 10.639465676479508, 46.461348677643421 ], [ 10.63752359327335, 46.461504258954648 ], [ 10.636808098320364, 46.46108647748779 ], [ 10.640025657470639, 46.460711377716812 ], [ 10.642273088716086, 46.46096850663023 ], [ 10.64493027917443, 46.460779289456255 ], [ 10.645839930886309, 46.461286482623919 ], [ 10.64696100624057, 46.461208069141122 ], [ 10.646775236472726, 46.462011576589909 ], [ 10.647185359128642, 46.461661902145664 ], [ 10.648640929818308, 46.461930829655607 ], [ 10.648723261594645, 46.462267667790549 ], [ 10.647871402629358, 46.462629554663323 ], [ 10.647937367236178, 46.463090568107681 ], [ 10.650330374135404, 46.463072498245566 ], [ 10.651131117192437, 46.46358799701229 ], [ 10.651998092369048, 46.463664945130652 ], [ 10.653174722193635, 46.463116414156403 ], [ 10.654566311193959, 46.463003517113613 ], [ 10.655541879607513, 46.463365918224881 ], [ 10.656005364429012, 46.462992674523761 ], [ 10.657849146789097, 46.463794614948846 ], [ 10.657554035581176, 46.46292737348822 ], [ 10.656372592705848, 46.46283019646382 ], [ 10.655104480554701, 46.461919889675691 ], [ 10.653665070303095, 46.461889976829333 ], [ 10.653550067930071, 46.461232054462705 ], [ 10.652077445408455, 46.461132338683413 ], [ 10.65096987837487, 46.460665893459804 ], [ 10.654431341415899, 46.459700626903889 ], [ 10.652902597181152, 46.458601668348628 ], [ 10.653119862527721, 46.458246491033123 ], [ 10.65707197466539, 46.458936767958477 ], [ 10.644886199870951, 46.454444280690389 ], [ 10.644071322498506, 46.45498008710112 ], [ 10.642689764567219, 46.454339806668749 ], [ 10.642327910799697, 46.454661698915793 ], [ 10.641046264277264, 46.454872685464863 ], [ 10.640408786951687, 46.454608648132556 ], [ 10.640260362905593, 46.455027329897732 ], [ 10.639320014291183, 46.454368909658811 ], [ 10.63865767499558, 46.454582876608981 ], [ 10.637864962419846, 46.453661586037093 ], [ 10.638304320398001, 46.453262197151027 ], [ 10.637689023573946, 46.45293371127083 ], [ 10.637043443884483, 46.453308575870288 ], [ 10.636654142070002, 46.453052086124856 ], [ 10.635960671937802, 46.453339289743695 ], [ 10.635593617375418, 46.453863970164704 ], [ 10.636180831058928, 46.454074141869626 ], [ 10.635520766159427, 46.454264117704952 ], [ 10.634077493311555, 46.453859669365862 ], [ 10.634201173741603, 46.453432361146227 ], [ 10.633817684657988, 46.453363031398894 ], [ 10.631752257710113, 46.453957258717367 ], [ 10.632414031936198, 46.454584828101886 ], [ 10.631856006493582, 46.454976195035371 ], [ 10.631495764707351, 46.454982391384668 ], [ 10.631311426785688, 46.454537483617962 ], [ 10.630231750108534, 46.454727393771094 ], [ 10.630051010703932, 46.454266248310958 ], [ 10.630803106749585, 46.45422174778551 ], [ 10.629944994970501, 46.453522995002537 ], [ 10.629265824452464, 46.454066180370084 ], [ 10.629259666443179, 46.454893925347683 ], [ 10.628254281103134, 46.454783222189945 ], [ 10.627887891616744, 46.453880506244843 ], [ 10.628858191351565, 46.454262553499348 ], [ 10.629087923702473, 46.45376556115702 ], [ 10.627381375430229, 46.452617315297303 ], [ 10.62265219733076, 46.450731866080936 ], [ 10.622229159937765, 46.447740883481366 ], [ 10.621949348724581, 46.447864120989401 ], [ 10.621215755741689, 46.446983331192705 ], [ 10.620123529419136, 46.44657547187893 ], [ 10.618665950721518, 46.44736582622091 ], [ 10.617050504964382, 46.448843436791215 ], [ 10.61294585258929, 46.450228417972795 ], [ 10.613341677610599, 46.450597915807613 ], [ 10.612644648912205, 46.450793482480336 ], [ 10.613804133315426, 46.452037417461057 ], [ 10.613929098862343, 46.45287463800679 ], [ 10.612632788422827, 46.454986539383974 ], [ 10.611957082515346, 46.457751628354913 ], [ 10.611202290933299, 46.45859355248087 ] ], [ [ 10.621387742258419, 46.457303535198449 ], [ 10.621316019392401, 46.457115961018502 ], [ 10.621274657630336, 46.456906525485067 ], [ 10.621607048538547, 46.457100404274463 ], [ 10.621387742258419, 46.457303535198449 ] ], [ [ 10.622237440399184, 46.457095748546251 ], [ 10.622129318835944, 46.457144430258602 ], [ 10.622080475710666, 46.45710083280381 ], [ 10.622237440399184, 46.457095748546251 ] ], [ [ 10.622030499374212, 46.4570886832688 ], [ 10.622017179509509, 46.457127447689473 ], [ 10.621981583426336, 46.457112236699068 ], [ 10.622030499374212, 46.4570886832688 ] ], [ [ 10.621877922033519, 46.457102277337782 ], [ 10.62186903182579, 46.457150979957454 ], [ 10.621810280792371, 46.457121810134133 ], [ 10.621877922033519, 46.457102277337782 ] ], [ [ 10.621232490711241, 46.456669955642759 ], [ 10.62095239982461, 46.4567753658106 ], [ 10.621182048625951, 46.456642096406831 ], [ 10.621232490711241, 46.456669955642759 ] ], [ [ 10.620362092057727, 46.455812202122431 ], [ 10.619037468806244, 46.455642850752966 ], [ 10.620958874327407, 46.455256066972197 ], [ 10.620303990131777, 46.455479657138611 ], [ 10.620362092057727, 46.455812202122431 ] ], [ [ 10.618234421440823, 46.455285132280949 ], [ 10.618578759378334, 46.45539455625719 ], [ 10.618475452567719, 46.455512697479577 ], [ 10.618234421440823, 46.455285132280949 ] ], [ [ 10.618978286098288, 46.455622257911521 ], [ 10.618978343362677, 46.455507959388534 ], [ 10.619063186093339, 46.455580575346858 ], [ 10.618978286098288, 46.455622257911521 ] ], [ [ 10.61901280983802, 46.455740829201673 ], [ 10.618993486502923, 46.455786345646608 ], [ 10.618961643905347, 46.45575822207649 ], [ 10.61901280983802, 46.455740829201673 ] ], [ [ 10.624213136406857, 46.452978223672204 ], [ 10.624614831684539, 46.45272844357963 ], [ 10.625403959795364, 46.452907724960809 ], [ 10.624930735227265, 46.45306922921813 ], [ 10.624213136406857, 46.452978223672204 ] ], [ [ 10.625549115578888, 46.453009839108041 ], [ 10.625469504973413, 46.452939534753256 ], [ 10.625663927165315, 46.452960582756823 ], [ 10.625549115578888, 46.453009839108041 ] ], [ [ 10.621851123850822, 46.452171821306493 ], [ 10.620559460920617, 46.452630618155176 ], [ 10.6210166895924, 46.452084595936654 ], [ 10.620815000839512, 46.45051228856989 ], [ 10.621944775555729, 46.449942161963172 ], [ 10.622268497107022, 46.449242257689747 ], [ 10.622413713669195, 46.450187916786454 ], [ 10.622056384858338, 46.449988202819185 ], [ 10.621085777261145, 46.45048297106721 ], [ 10.621884395944361, 46.451157432697933 ], [ 10.621535864532092, 46.451950554438476 ], [ 10.621851123850822, 46.452171821306493 ] ], [ [ 10.625735036630479, 46.465401294383305 ], [ 10.62557778392174, 46.465905393375976 ], [ 10.62480611688132, 46.465945314320038 ], [ 10.624891918746751, 46.465699597825854 ], [ 10.625735036630479, 46.465401294383305 ] ], [ [ 10.619651452443184, 46.466310195535364 ], [ 10.619137619922471, 46.466642692447699 ], [ 10.618708514033168, 46.466479286529449 ], [ 10.618980435806222, 46.466260151120267 ], [ 10.619651452443184, 46.466310195535364 ] ], [ [ 10.622903541914448, 46.466551514713466 ], [ 10.622777145310476, 46.466425053527161 ], [ 10.62306672748297, 46.466354525015156 ], [ 10.622903541914448, 46.466551514713466 ] ], [ [ 10.625922492259509, 46.466849528052855 ], [ 10.626277104057916, 46.466719020004298 ], [ 10.626275516294708, 46.466821988451898 ], [ 10.625922492259509, 46.466849528052855 ] ], [ [ 10.624277033210273, 46.466940472337718 ], [ 10.623957226027908, 46.467302109164521 ], [ 10.623709196986551, 46.467102956270068 ], [ 10.624277033210273, 46.466940472337718 ] ] ] } },
{ "type": "Feature", "properties": { "HOM_ID": 42, "NAME_D": "Fuerkeleferner", "NAME_IT": "Vedretta Cevedale Fuorcola", "REGION": "Ortlergruppe", "ALT_MIN": 2692.0, "ALT_MAX": 3704.0, "ALT_MEDIAN": 3146.0, "area_km2": 1.9838203324000001 }, "geometry": { "type": "Polygon", "coordinates": [ [ [ 10.659553213878912, 46.458736472091566 ], [ 10.660231532510624, 46.458789821671459 ], [ 10.659556787432686, 46.458553151766502 ], [ 10.657853974609194, 46.456738647532489 ], [ 10.658618595757249, 46.456510716365656 ], [ 10.658801471721709, 46.455954046869969 ], [ 10.657800054898095, 46.455076205914303 ], [ 10.656733616725534, 46.455114158787687 ], [ 10.656761157467736, 46.454519888284516 ], [ 10.657310833310133, 46.454292594268438 ], [ 10.658045346713822, 46.454934058453304 ], [ 10.659642972071904, 46.454910880426297 ], [ 10.660286585091145, 46.453914679123692 ], [ 10.662254318203814, 46.454498991728912 ], [ 10.662535445023355, 46.453849619623334 ], [ 10.66220129511872, 46.453224569904179 ], [ 10.659849508533782, 46.452176533380346 ], [ 10.659081756568799, 46.45100302564974 ], [ 10.658710844087762, 46.450984595265666 ], [ 10.658723119692288, 46.450537940730179 ], [ 10.658012716558559, 46.450157063545745 ], [ 10.657428464780363, 46.450163816019391 ], [ 10.65545008808528, 46.451668824466466 ], [ 10.653100735216745, 46.449859748586412 ], [ 10.651791526702279, 46.449340528696546 ], [ 10.651419214711977, 46.44956021476181 ], [ 10.650919338297683, 46.449263829912923 ], [ 10.64833287739723, 46.449500730880409 ], [ 10.647594748536807, 46.448922079291243 ], [ 10.646673678078276, 46.448812713548733 ], [ 10.64649797974795, 46.448141326535939 ], [ 10.641274622824904, 46.44679870520816 ], [ 10.641052139372903, 46.446969494116352 ], [ 10.638661670442827, 46.446539951526162 ], [ 10.636824108256919, 46.44554520968623 ], [ 10.635027903013141, 46.44555521951586 ], [ 10.634169705885807, 46.445250883541711 ], [ 10.633621695225251, 46.445658122877489 ], [ 10.631241502665059, 46.446298523274635 ], [ 10.631583744518247, 46.446668694080273 ], [ 10.631425933526849, 46.447165334608925 ], [ 10.630292754803842, 46.448036327695526 ], [ 10.628546168860993, 46.447604499300112 ], [ 10.628919145760005, 46.447333689162058 ], [ 10.628496198099644, 46.446839660560144 ], [ 10.628838922032102, 46.446426259121253 ], [ 10.627365734444295, 46.446705739406298 ], [ 10.627501343202862, 46.446140564715655 ], [ 10.627215446410501, 46.445997088039142 ], [ 10.626594771094251, 46.446323809995825 ], [ 10.626162521129636, 46.446037070046025 ], [ 10.626173048209667, 46.446430766721186 ], [ 10.624163238597429, 46.447168975507388 ], [ 10.623812712827235, 46.448396324094148 ], [ 10.622503574500318, 46.449020520022984 ], [ 10.622828162937482, 46.450822809303837 ], [ 10.624168533605454, 46.450501907163428 ], [ 10.625153916638, 46.449767281275875 ], [ 10.626022491562656, 46.449968991527442 ], [ 10.627060516450754, 46.449645739688712 ], [ 10.626339196163, 46.450180246999544 ], [ 10.623603890975657, 46.451138329846096 ], [ 10.627381375430229, 46.452617315297303 ], [ 10.628161673583907, 46.453233317207157 ], [ 10.631166496012836, 46.453734396135879 ], [ 10.632066830163081, 46.452892076941374 ], [ 10.635210933995799, 46.452040110842425 ], [ 10.636140759559799, 46.452091164502811 ], [ 10.636943940181641, 46.452529671030149 ], [ 10.639528809406148, 46.452414076877332 ], [ 10.642555134245434, 46.45329945209707 ], [ 10.64339913164541, 46.452842704342153 ], [ 10.64490486768158, 46.453728385066277 ], [ 10.64523966961109, 46.454152309215466 ], [ 10.644893314923692, 46.454447435366319 ], [ 10.652677510197583, 46.457447995082532 ], [ 10.65707197466539, 46.458936767958477 ], [ 10.656571620205311, 46.458419489612787 ], [ 10.656801797651326, 46.458169689515714 ], [ 10.659686940308813, 46.458924120139415 ], [ 10.659553213878912, 46.458736472091566 ] ], [ [ 10.656219133247111, 46.455599891775222 ], [ 10.655830921749542, 46.455295957712131 ], [ 10.656766731010347, 46.455478850797597 ], [ 10.656219133247111, 46.455599891775222 ] ], [ [ 10.655191817160413, 46.45523972754718 ], [ 10.654482976436324, 46.455440482686619 ], [ 10.654269493420117, 46.45521735677967 ], [ 10.655191817160413, 46.45523972754718 ] ], [ [ 10.654005755544892, 46.454756837748327 ], [ 10.654454135935646, 46.454488418534758 ], [ 10.654994784030185, 46.454706808261882 ], [ 10.654665137172122, 46.454913982181942 ], [ 10.654005755544892, 46.454756837748327 ] ], [ [ 10.653590156499304, 46.453666184891183 ], [ 10.655897439935902, 46.453058165814085 ], [ 10.656273453203791, 46.453231320149975 ], [ 10.655083861861646, 46.454017305106547 ], [ 10.653750252859156, 46.4541297843572 ], [ 10.653590156499304, 46.453666184891183 ] ], [ [ 10.62759592895441, 46.450110982336234 ], [ 10.628834825323496, 46.45002267583795 ], [ 10.629634817290452, 46.449937518023312 ], [ 10.629218361364808, 46.450138110571366 ], [ 10.62759592895441, 46.450110982336234 ] ], [ [ 10.658970312339987, 46.454295587905442 ], [ 10.659104336325433, 46.454454374535743 ], [ 10.659028114391688, 46.454497152328543 ], [ 10.658970312339987, 46.454295587905442 ] ] ] } },
{ "type": "Feature", "properties": { "HOM_ID": 43, "NAME_D": "Hohenferner", "NAME_IT": "Vedretta Alta", "REGION": "Ortlergruppe", "ALT_MIN": 2699.0, "ALT_MAX": 3307.0, "ALT_MEDIAN": 3063.0, "area_km2": 1.349259428 }, "geometry": { "type": "Polygon", "coordinates": [ [ [ 10.686987435979672, 46.466046459538227 ], [ 10.687955360359572, 46.464793187308828 ], [ 10.687795964486799, 46.464062475561413 ], [ 10.687093768071003, 46.463920441151743 ], [ 10.686830847104972, 46.463494234783738 ], [ 10.687886906794885, 46.463207846254527 ], [ 10.687080783698962, 46.461375694278459 ], [ 10.687177368643333, 46.461172325179838 ], [ 10.68746553162932, 46.46135380726939 ], [ 10.687851497050607, 46.460686135821831 ], [ 10.687385001051087, 46.459660706652393 ], [ 10.687905032772665, 46.458627984139184 ], [ 10.688361090841227, 46.458445041757102 ], [ 10.687949540136733, 46.45829166917899 ], [ 10.688189456030251, 46.457759946114692 ], [ 10.688766420686429, 46.457431392646455 ], [ 10.688939290725683, 46.456641073748521 ], [ 10.688002767326163, 46.456587455177207 ], [ 10.688865780635561, 46.455309698841781 ], [ 10.687543090130442, 46.455707635946652 ], [ 10.687788289874938, 46.454053840557442 ], [ 10.686884350308679, 46.453455209912114 ], [ 10.686331857121521, 46.452298949218886 ], [ 10.685158965606126, 46.452361484427193 ], [ 10.685213279376436, 46.452909931330304 ], [ 10.684863932077755, 46.45297699125291 ], [ 10.685222873098921, 46.453890847699228 ], [ 10.684806993474558, 46.454035085873493 ], [ 10.684066075100752, 46.451670399481152 ], [ 10.68334427507209, 46.451473925137606 ], [ 10.683540794463267, 46.450673803143424 ], [ 10.682954227315124, 46.450488132082498 ], [ 10.682100698425923, 46.449503075802497 ], [ 10.681487495387197, 46.449509603218452 ], [ 10.680776046058513, 46.450235855644777 ], [ 10.68095271605287, 46.450737597774634 ], [ 10.680373456585755, 46.450744145609477 ], [ 10.680204105770395, 46.44924844011998 ], [ 10.678748086194524, 46.449202438878451 ], [ 10.677641464125106, 46.449513950915815 ], [ 10.677615655014543, 46.449795312187298 ], [ 10.674997710611583, 46.450424581047329 ], [ 10.674373986757454, 46.451081056491532 ], [ 10.674942279455413, 46.452087127144807 ], [ 10.673902191724657, 46.451760385054527 ], [ 10.673635811512693, 46.452625361040276 ], [ 10.672810963613554, 46.452465984170587 ], [ 10.67106819061679, 46.452716782738371 ], [ 10.67065117407102, 46.453275316878809 ], [ 10.671718404696616, 46.453547184262455 ], [ 10.671330405349826, 46.453702872485891 ], [ 10.671579607745935, 46.454077841061434 ], [ 10.67102608225478, 46.454228803929205 ], [ 10.673804316944189, 46.455191135202895 ], [ 10.673993120914783, 46.455685566847308 ], [ 10.675020674835787, 46.456296299841952 ], [ 10.675449616492809, 46.456935797817891 ], [ 10.675240024046349, 46.458999087531218 ], [ 10.67646135542341, 46.459858422782993 ], [ 10.676370844621951, 46.460142636275897 ], [ 10.678603391159987, 46.460795587280998 ], [ 10.678601660098769, 46.460599163370681 ], [ 10.679147908273737, 46.461302015022831 ], [ 10.680539605291557, 46.461915921363428 ], [ 10.68459427195295, 46.463064955381782 ], [ 10.684099811324762, 46.464898504650748 ], [ 10.68577516386528, 46.465939614029018 ], [ 10.686987435979672, 46.466046459538227 ] ], [ [ 10.687237869048273, 46.46468136269965 ], [ 10.687611595104309, 46.464563418856841 ], [ 10.687298986907017, 46.464818058553405 ], [ 10.687237869048273, 46.46468136269965 ] ], [ [ 10.686768956209496, 46.463360426448681 ], [ 10.686958151005154, 46.463126658569365 ], [ 10.686961557845626, 46.463344521513989 ], [ 10.686768956209496, 46.463360426448681 ] ], [ [ 10.68292670829206, 46.462353656539818 ], [ 10.683051192356496, 46.462200022736745 ], [ 10.683243287626592, 46.462283513989092 ], [ 10.68292670829206, 46.462353656539818 ] ], [ [ 10.685459628949172, 46.453639895354833 ], [ 10.685307004865063, 46.453675633881787 ], [ 10.685283672356739, 46.453634068543245 ], [ 10.685459628949172, 46.453639895354833 ] ] ] } },
{ "type": "Feature", "properties": { "HOM_ID": 43, "NAME_D": "Hohenferner", "NAME_IT": "Vedretta Alta", "REGION": "Ortlergruppe", "ALT_MIN": 2823.0, "ALT_MAX": 3130.0, "ALT_MEDIAN": 2984.0, "area_km2": 0.0718434883 }, "geometry": { "type": "Polygon", "coordinates": [ [ [ 10.669194053363087, 46.457727091550822 ], [ 10.671037512840265, 46.457166775337477 ], [ 10.672067426476991, 46.45749461189579 ], [ 10.672323196724921, 46.456395517771 ], [ 10.672002565455569, 46.456276383758649 ], [ 10.67142477703279, 46.456761072507696 ], [ 10.670604236409902, 46.456636768241196 ], [ 10.670043078427558, 46.455772791235219 ], [ 10.670051532266699, 46.454218960548886 ], [ 10.669488409499651, 46.453265328756466 ], [ 10.66849554006637, 46.452908201794614 ], [ 10.668673054641349, 46.453305654054503 ], [ 10.668085200167409, 46.453009436624292 ], [ 10.668108861879448, 46.453332935418572 ], [ 10.667177682679601, 46.4535274884133 ], [ 10.669417097238831, 46.453751984742546 ], [ 10.669051569374561, 46.453966866398382 ], [ 10.669306215633593, 46.454182220709697 ], [ 10.668300821362115, 46.45396405209388 ], [ 10.667920757554818, 46.45424074593641 ], [ 10.66758093671373, 46.455568700292893 ], [ 10.668293196453321, 46.455927300829252 ], [ 10.66866750539622, 46.455812876347409 ], [ 10.669509991313676, 46.456457790423201 ], [ 10.669770415100666, 46.457194810732062 ], [ 10.669194053363087, 46.457727091550822 ] ] ] } },
{ "type": "Feature", "properties": { "HOM_ID": 44, "NAME_D": "Ultenmarktferner", "NAME_IT": "Vedretta Ultima", "REGION": "Ortlergruppe", "ALT_MIN": 2789.0, "ALT_MAX": 3349.0, "ALT_MEDIAN": 3126.0, "area_km2": 0.3576199907 }, "geometry": { "type": "Polygon", "coordinates": [ [ [ 10.691080247605251, 46.466614439190323 ], [ 10.692220054649463, 46.464774448210143 ], [ 10.693231042818899, 46.46448326129839 ], [ 10.693043195488102, 46.463685562301201 ], [ 10.693457847951031, 46.463722283444469 ], [ 10.693731079218868, 46.463199133852726 ], [ 10.693404754833729, 46.463077049193927 ], [ 10.692775853822605, 46.463668197226404 ], [ 10.692732061286778, 46.463099753534415 ], [ 10.694167365560242, 46.462311486529671 ], [ 10.693941257472208, 46.46186526510489 ], [ 10.695691569975629, 46.458853361167975 ], [ 10.695345062972489, 46.45901535804979 ], [ 10.69458184017755, 46.458737355753293 ], [ 10.694727661479666, 46.457059352364318 ], [ 10.693476108407376, 46.456747570941296 ], [ 10.693383343712858, 46.456422720350396 ], [ 10.691710637926649, 46.455702162794665 ], [ 10.691315138080997, 46.456281884348712 ], [ 10.690159389329137, 46.456474044066837 ], [ 10.690302618944356, 46.456960550212536 ], [ 10.691291583332447, 46.457591727301839 ], [ 10.69055624224605, 46.457234985421081 ], [ 10.689551570944163, 46.457222936157827 ], [ 10.689443644844728, 46.457885426061068 ], [ 10.690001314030271, 46.458091493376003 ], [ 10.688931294241584, 46.458557240712274 ], [ 10.688658417405616, 46.459675359177083 ], [ 10.688825797850743, 46.461214249989368 ], [ 10.689121526954759, 46.461047633158351 ], [ 10.690128909005427, 46.461420883408756 ], [ 10.690507923656444, 46.461865328029347 ], [ 10.689617575486137, 46.462154081803689 ], [ 10.689280710370673, 46.462617709649344 ], [ 10.689815517083291, 46.462439789244073 ], [ 10.689744492078635, 46.462817069082782 ], [ 10.69123967194402, 46.463590547543951 ], [ 10.690576600326947, 46.463877525225847 ], [ 10.690367029733254, 46.463586306833683 ], [ 10.690001155737187, 46.463800918031566 ], [ 10.689103272723981, 46.463661243591609 ], [ 10.688792295940209, 46.464361176388927 ], [ 10.689616820069032, 46.464188885941525 ], [ 10.689866333192501, 46.464501422444279 ], [ 10.689549367380833, 46.465159573249487 ], [ 10.690490388246777, 46.465279012053372 ], [ 10.690755008173518, 46.465589418537931 ], [ 10.690453952721729, 46.466103724818119 ], [ 10.690999822531676, 46.465925992636507 ], [ 10.691080247605251, 46.466614439190323 ] ], [ [ 10.694639758506472, 46.459029496078159 ], [ 10.69475806162616, 46.459233121630113 ], [ 10.694733742953366, 46.459421002005094 ], [ 10.694553171155496, 46.459292711952529 ], [ 10.694639758506472, 46.459029496078159 ] ] ] } },
{ "type": "Feature", "properties": { "HOM_ID": 44, "NAME_D": "Ultenmarktferner", "NAME_IT": "Vedretta Ultima", "REGION": "Ortlergruppe", "ALT_MIN": 3346.0, "ALT_MAX": 3364.0, "ALT_MEDIAN": 3353.0, "area_km2": 0.000397311 }, "geometry": { "type": "Polygon", "coordinates": [ [ [ 10.691244062057947, 46.45587813108915 ], [ 10.690862509976167, 46.455795669486967 ], [ 10.691054005711935, 46.455971428076879 ], [ 10.691244062057947, 46.45587813108915 ] ] ] } },
{ "type": "Feature", "properties": { "HOM_ID": 45, "NAME_D": "Schranferner", "NAME_IT": "Vedretta serana", "REGION": "Ortlergruppe", "ALT_MIN": 2898.0, "ALT_MAX": 3330.0, "ALT_MEDIAN": 3109.0, "area_km2": 0.9121668282 }, "geometry": { "type": "Polygon", "coordinates": [ [ [ 10.702968212169372, 46.4712856436213 ], [ 10.704374183635695, 46.469491584576744 ], [ 10.704007882984573, 46.469349409465231 ], [ 10.703988268943675, 46.468721064358789 ], [ 10.705059127930527, 46.467883571098874 ], [ 10.704724336756353, 46.46767279128224 ], [ 10.705308973116212, 46.466530620803368 ], [ 10.704853901721908, 46.466304048939094 ], [ 10.705674883058567, 46.465810204659533 ], [ 10.705716707251572, 46.464966239739773 ], [ 10.706177417688556, 46.464794586758273 ], [ 10.706405724365963, 46.464050625293837 ], [ 10.706007517254122, 46.464099429018667 ], [ 10.70590296921684, 46.463841437581301 ], [ 10.706625251724498, 46.462600141100403 ], [ 10.706072830281686, 46.461859734785982 ], [ 10.706359503221599, 46.460733949291217 ], [ 10.706068516546043, 46.460794845073536 ], [ 10.705682269761425, 46.460046574973809 ], [ 10.704657832848058, 46.460067805461399 ], [ 10.704358855362736, 46.459504642451932 ], [ 10.702650757401926, 46.459203865319338 ], [ 10.70308632792613, 46.459580752551375 ], [ 10.701301791785722, 46.458731741494738 ], [ 10.700764095930154, 46.458692762591838 ], [ 10.700530677834116, 46.459028957517916 ], [ 10.699318784448122, 46.458704029505967 ], [ 10.698774077117188, 46.459054421921799 ], [ 10.69733020592837, 46.458360891343581 ], [ 10.696326461884265, 46.458392931647694 ], [ 10.695711633578462, 46.462028150549031 ], [ 10.695294500328322, 46.461789139743331 ], [ 10.695214999533965, 46.462114162198226 ], [ 10.694845770838146, 46.46198628825919 ], [ 10.694436772834981, 46.462979792792162 ], [ 10.694700975198277, 46.464237652052866 ], [ 10.695829486788606, 46.46502386156223 ], [ 10.695494599212179, 46.465691755281213 ], [ 10.695965772700076, 46.466216251988094 ], [ 10.697232116640782, 46.465980296867706 ], [ 10.697007418183201, 46.467274189364645 ], [ 10.696268543436871, 46.467894741005452 ], [ 10.697046930530766, 46.469358147669737 ], [ 10.696746865303291, 46.469781558506185 ], [ 10.701161543452308, 46.470388085690416 ], [ 10.702767202151804, 46.470860295370777 ], [ 10.702968212169372, 46.4712856436213 ] ], [ [ 10.702693366850315, 46.470710798857091 ], [ 10.702830541846785, 46.47063374824215 ], [ 10.702904664302221, 46.470689793204862 ], [ 10.702693366850315, 46.470710798857091 ] ], [ [ 10.697372121959166, 46.46449806199432 ], [ 10.696496766207854, 46.46427388561316 ], [ 10.696855091014605, 46.463828522103078 ], [ 10.696691205005441, 46.463345188554435 ], [ 10.697255441525137, 46.463671134965686 ], [ 10.697372121959166, 46.46449806199432 ] ] ] } },
{ "type": "Feature", "properties": { "HOM_ID": 48, "NAME_D": "Saellentjochferner", "NAME_IT": null, "REGION": "Ortlergruppe", "ALT_MIN": 2821.0, "ALT_MAX": 2983.0, "ALT_MEDIAN": 2892.0, "area_km2": 0.0714016096 }, "geometry": { "type": "Polygon", "coordinates": [ [ [ 10.732506885224973, 46.480690674930685 ], [ 10.733576592693936, 46.478977853028759 ], [ 10.734008198618149, 46.47889272898594 ], [ 10.733212811847894, 46.478550465525302 ], [ 10.733611139570526, 46.477476647080209 ], [ 10.733041221857933, 46.477315199144449 ], [ 10.73258984688521, 46.476386465578464 ], [ 10.731829314142553, 46.476163557773397 ], [ 10.731901366905623, 46.477022080069212 ], [ 10.731084246399538, 46.477232093324268 ], [ 10.73068300808376, 46.477731075652386 ], [ 10.731065548160014, 46.477865061440511 ], [ 10.731400270806612, 46.479072024550597 ], [ 10.731072977421299, 46.47936637500522 ], [ 10.731165986246147, 46.480569298547557 ], [ 10.732506885224973, 46.480690674930685 ] ], [ [ 10.730964030380695, 46.477788733026813 ], [ 10.730928370681001, 46.47775117363647 ], [ 10.730987089723859, 46.47775504713703 ], [ 10.730964030380695, 46.477788733026813 ] ] ] } },
{ "type": "Feature", "properties": { "HOM_ID": 49, "NAME_D": null, "NAME_IT": null, "REGION": "Ortlergruppe", "ALT_MIN": 2909.0, "ALT_MAX": 3161.0, "ALT_MEDIAN": 3040.0, "area_km2": 0.197207502 }, "geometry": { "type": "Polygon", "coordinates": [ [ [ 10.73587089672105, 46.486812789588136 ], [ 10.740542385480261, 46.486375865791338 ], [ 10.742237494740635, 46.485480913187565 ], [ 10.743074078552279, 46.485553886506317 ], [ 10.743187931593773, 46.485233070268578 ], [ 10.744288596847841, 46.484940066261785 ], [ 10.743368489968889, 46.484842182125334 ], [ 10.742704675000349, 46.484349868170256 ], [ 10.741594218228352, 46.482965441706597 ], [ 10.740551753812515, 46.482497891437639 ], [ 10.74084040337676, 46.482274903125969 ], [ 10.738901895891061, 46.482107325572805 ], [ 10.739040237048561, 46.482662422316942 ], [ 10.736562561224206, 46.483711045683705 ], [ 10.736182190960893, 46.484324027409841 ], [ 10.735338855073138, 46.484363022465303 ], [ 10.735893648184213, 46.484775216267984 ], [ 10.735526183320358, 46.485274178496816 ], [ 10.736458152437939, 46.486470630332782 ], [ 10.73587089672105, 46.486812789588136 ] ] ] } },
{ "type": "Feature", "properties": { "HOM_ID": 49, "NAME_D": null, "NAME_IT": null, "REGION": "Ortlergruppe", "ALT_MIN": 2954.0, "ALT_MAX": 3009.0, "ALT_MEDIAN": 2973.0, "area_km2": 0.0180560117 }, "geometry": { "type": "Polygon", "coordinates": [ [ [ 10.735130164581191, 46.483738098712529 ], [ 10.735759791430139, 46.483699968294751 ], [ 10.734601422268112, 46.483046048478506 ], [ 10.732977723874102, 46.48293494000972 ], [ 10.732552810807425, 46.483231885333026 ], [ 10.735286002825662, 46.484302459089193 ], [ 10.735130164581191, 46.483738098712529 ] ] ] } },
{ "type": "Feature", "properties": { "HOM_ID": 50, "NAME_D": null, "NAME_IT": null, "REGION": "Ortlergruppe", "ALT_MIN": 2803.0, "ALT_MAX": 2958.0, "ALT_MEDIAN": 2869.0, "area_km2": 0.0545670614 }, "geometry": { "type": "Polygon", "coordinates": [ [ [ 10.741658444152176, 46.490496172419817 ], [ 10.741581133158013, 46.488506669363311 ], [ 10.740767779715041, 46.487866606468629 ], [ 10.739924271347954, 46.487793721612803 ], [ 10.7402266254715, 46.488193924031194 ], [ 10.73916327647558, 46.488362498821424 ], [ 10.739090743904544, 46.488682682407045 ], [ 10.739943797334838, 46.488622081144591 ], [ 10.739813130826709, 46.489281279724345 ], [ 10.738754199814522, 46.48894020730652 ], [ 10.738146143065148, 46.489116135640288 ], [ 10.73811540950118, 46.489449970353647 ], [ 10.737153728077381, 46.489131216808744 ], [ 10.737452210278976, 46.489626733148881 ], [ 10.741029759082178, 46.490458122559268 ], [ 10.740731263143012, 46.491043678968857 ], [ 10.741658444152176, 46.490496172419817 ] ], [ [ 10.740902665955232, 46.490364809745209 ], [ 10.741119560671017, 46.490247209913335 ], [ 10.741110486983249, 46.490394982261193 ], [ 10.740902665955232, 46.490364809745209 ] ], [ [ 10.739052480771136, 46.489645267871808 ], [ 10.738986205279183, 46.489512928801929 ], [ 10.739183273795119, 46.489638516212871 ], [ 10.739052480771136, 46.489645267871808 ] ], [ [ 10.738818677417109, 46.489448802954392 ], [ 10.738773014188297, 46.48953045801796 ], [ 10.738660772717605, 46.489470253620652 ], [ 10.738818677417109, 46.489448802954392 ] ] ] } },
{ "type": "Feature", "properties": { "HOM_ID": 52, "NAME_D": "Nonnenferner", "NAME_IT": "Vedretta di Monache", "REGION": "Ortlergruppe", "ALT_MIN": 2846.0, "ALT_MAX": 3240.0, "ALT_MEDIAN": 3116.0, "area_km2": 0.2132491761 }, "geometry": { "type": "Polygon", "coordinates": [ [ [ 10.753305409614349, 46.49250118410005 ], [ 10.754791941983733, 46.491064878900936 ], [ 10.755807098775703, 46.491048145512671 ], [ 10.757025369497624, 46.489705962548115 ], [ 10.757358812832329, 46.488712641207577 ], [ 10.757539697264722, 46.489083709174743 ], [ 10.758700610481316, 46.487894309875706 ], [ 10.757845326461707, 46.486973089073601 ], [ 10.757790009644543, 46.48631358245671 ], [ 10.755999168712668, 46.485726749546139 ], [ 10.753677914557388, 46.486099085756237 ], [ 10.75353517304373, 46.486715228284822 ], [ 10.752810124967667, 46.485964456601444 ], [ 10.753177963247307, 46.486863577641692 ], [ 10.752458966057588, 46.486696009424918 ], [ 10.751263977018834, 46.48718627123143 ], [ 10.751549978750319, 46.487332382315394 ], [ 10.752308710412319, 46.487034780477565 ], [ 10.753252431251099, 46.487758485788063 ], [ 10.753650328065717, 46.487642352932944 ], [ 10.753644714638098, 46.488540150741692 ], [ 10.753041607599092, 46.489167719862323 ], [ 10.753471401123123, 46.489476238169509 ], [ 10.75266284292713, 46.489526733608812 ], [ 10.752273368720543, 46.490087997972559 ], [ 10.752851476353287, 46.490807703307759 ], [ 10.752952037100496, 46.492404575028459 ], [ 10.753305409614349, 46.49250118410005 ] ], [ [ 10.753754471937111, 46.487007927380546 ], [ 10.753551907233216, 46.486819347532034 ], [ 10.753570093604122, 46.486795256643894 ], [ 10.753932352125229, 46.486803987731221 ], [ 10.753754471937111, 46.487007927380546 ] ], [ [ 10.753362928594923, 46.48683891387806 ], [ 10.753303106705173, 46.486854713662964 ], [ 10.753339863017722, 46.486791643590223 ], [ 10.753362928594923, 46.48683891387806 ] ], [ [ 10.75341328400882, 46.486756511249993 ], [ 10.753403904777846, 46.486732843088099 ], [ 10.753433728757399, 46.486749054143168 ], [ 10.75341328400882, 46.486756511249993 ] ], [ [ 10.752960566273229, 46.486319716144642 ], [ 10.753006923604593, 46.486281858752498 ], [ 10.752997733732514, 46.486317717623621 ], [ 10.752960566273229, 46.486319716144642 ] ] ] } },
{ "type": "Feature", "properties": { "HOM_ID": 51, "NAME_D": "Nonnenferner", "NAME_IT": "Vedretta di Monache", "REGION": "Ortlergruppe", "ALT_MIN": 2953.0, "ALT_MAX": 3244.0, "ALT_MEDIAN": 3111.0, "area_km2": 0.1212519908 }, "geometry": { "type": "Polygon", "coordinates": [ [ [ 10.748911143157205, 46.489965525061095 ], [ 10.749649975217018, 46.489675622188656 ], [ 10.748911596888544, 46.489334500838098 ], [ 10.7493964844289, 46.489188974012329 ], [ 10.748900093608722, 46.488801856385699 ], [ 10.749362512822115, 46.488625427720244 ], [ 10.74896939030466, 46.487869458097535 ], [ 10.749259023259519, 46.487548328300903 ], [ 10.74950356325802, 46.487863667591 ], [ 10.750092496590391, 46.487737976569832 ], [ 10.750019461726499, 46.486750897085308 ], [ 10.751084358203583, 46.487071097183119 ], [ 10.751246798365598, 46.486895972561555 ], [ 10.749410206976156, 46.486068759577513 ], [ 10.750937468101055, 46.486355891452099 ], [ 10.750731630837482, 46.485785650546198 ], [ 10.750905780478432, 46.485798223679836 ], [ 10.751395343182141, 46.486615573438193 ], [ 10.75194208947465, 46.486121433188572 ], [ 10.749788711313364, 46.485140499505782 ], [ 10.74929142716349, 46.485356455255797 ], [ 10.749723936389499, 46.485513664218125 ], [ 10.749886850901314, 46.485777865426172 ], [ 10.74904254851025, 46.485335497965387 ], [ 10.748349613850259, 46.485363065170233 ], [ 10.748732421682403, 46.485174335250875 ], [ 10.747934163571827, 46.485479904348722 ], [ 10.748639443066191, 46.485629137452953 ], [ 10.74829350387717, 46.485849687640879 ], [ 10.749392650031259, 46.486154814838244 ], [ 10.74942006639195, 46.486407754916051 ], [ 10.748462473461606, 46.486518125787079 ], [ 10.748728461449632, 46.486685504508543 ], [ 10.748447196761145, 46.486837439968717 ], [ 10.747721093421651, 46.486662807029163 ], [ 10.74779906725305, 46.487052131719288 ], [ 10.745649395583808, 46.487022796811111 ], [ 10.745937477515872, 46.4871374583498 ], [ 10.745325262559593, 46.487262888031282 ], [ 10.745516651294585, 46.487473049993909 ], [ 10.744885498067461, 46.487525578371226 ], [ 10.745285664093521, 46.487641507607485 ], [ 10.744770383452394, 46.488372660112979 ], [ 10.744365118426607, 46.488366937250873 ], [ 10.745170204574745, 46.488787435287996 ], [ 10.746124405899753, 46.488844303965919 ], [ 10.745802953113364, 46.489033755086453 ], [ 10.74608221894481, 46.48927654019537 ], [ 10.747579134219253, 46.48992041138235 ], [ 10.748911143157205, 46.489965525061095 ] ], [ [ 10.747593116723028, 46.487746200043823 ], [ 10.747481423832554, 46.48744501866252 ], [ 10.747791910134435, 46.487666963279928 ], [ 10.747593116723028, 46.487746200043823 ] ], [ [ 10.748204426759356, 46.48763017779045 ], [ 10.747832039339228, 46.487628250721102 ], [ 10.747868557791518, 46.48756292392379 ], [ 10.748204426759356, 46.48763017779045 ] ], [ [ 10.748798500236434, 46.486891597610779 ], [ 10.748937333251945, 46.486813275858623 ], [ 10.748933493878752, 46.486908582517046 ], [ 10.748798500236434, 46.486891597610779 ] ], [ [ 10.750513858893054, 46.486637524804344 ], [ 10.750419517401408, 46.486705642605251 ], [ 10.750335170949166, 46.486655499882723 ], [ 10.750513858893054, 46.486637524804344 ] ], [ [ 10.750143318705643, 46.486607002614427 ], [ 10.750156727214073, 46.486681090778866 ], [ 10.750115936323143, 46.486613136597818 ], [ 10.750143318705643, 46.486607002614427 ] ], [ [ 10.750238943192459, 46.486578869538064 ], [ 10.750209354041308, 46.486602181951696 ], [ 10.750176092038457, 46.486596976192317 ], [ 10.750238943192459, 46.486578869538064 ] ], [ [ 10.749970709745648, 46.486470582413503 ], [ 10.750005628807205, 46.486441473612388 ], [ 10.750009973390673, 46.486490936050387 ], [ 10.749970709745648, 46.486470582413503 ] ], [ [ 10.750591934219248, 46.486082740516515 ], [ 10.750583057220839, 46.48602096525304 ], [ 10.750694616915833, 46.48605973763226 ], [ 10.750591934219248, 46.486082740516515 ] ] ] } },
{ "type": "Feature", "properties": { "HOM_ID": 53, "NAME_D": "Lorchenferner", "NAME_IT": null, "REGION": "Ortlergruppe", "ALT_MIN": 2747.0, "ALT_MAX": 3279.0, "ALT_MEDIAN": 2952.0, "area_km2": 0.3403287058 }, "geometry": { "type": "Polygon", "coordinates": [ [ [ 10.762601955395333, 46.495763327519867 ], [ 10.763254221540185, 46.495781845595239 ], [ 10.763518360991444, 46.495313438959663 ], [ 10.762673461840489, 46.494569087263216 ], [ 10.762558679475726, 46.493577897661893 ], [ 10.764587846076349, 46.490359479861766 ], [ 10.764589343819313, 46.489467936137423 ], [ 10.765129382227332, 46.488684092148645 ], [ 10.764524436464511, 46.488164802917581 ], [ 10.764640845558631, 46.487393879190058 ], [ 10.764410498630484, 46.487733182900243 ], [ 10.763838854690002, 46.487539600393205 ], [ 10.763643513737142, 46.487895507178067 ], [ 10.763280619016744, 46.487067446080573 ], [ 10.762531732071244, 46.486936120101404 ], [ 10.762176315767526, 46.485965306279375 ], [ 10.759191681517983, 46.486680698434633 ], [ 10.75914723413325, 46.487226676816128 ], [ 10.759647064568036, 46.48743744338276 ], [ 10.759454413176748, 46.48779997272932 ], [ 10.759909226900392, 46.487768828082181 ], [ 10.761034511172593, 46.488675705712438 ], [ 10.761617529352831, 46.488714349083523 ], [ 10.760797159459706, 46.488932363267836 ], [ 10.760450050341603, 46.489527054428194 ], [ 10.760892945160178, 46.489746212493749 ], [ 10.760287049151938, 46.490473065624727 ], [ 10.758801848363127, 46.490882317091994 ], [ 10.757981828068241, 46.491647385611628 ], [ 10.756944587148608, 46.491877635467752 ], [ 10.75657910409703, 46.492733337854204 ], [ 10.756710832076681, 46.493076587678758 ], [ 10.75766418494938, 46.493238145775152 ], [ 10.75831753772175, 46.492756623991305 ], [ 10.758946766456347, 46.493451780697036 ], [ 10.760084465290687, 46.493222755709098 ], [ 10.759191181642853, 46.495295643473831 ], [ 10.759605021848845, 46.495591748503898 ], [ 10.760921662997887, 46.494660529294649 ], [ 10.761139962793738, 46.49501434670595 ], [ 10.761728112059446, 46.494969568683658 ], [ 10.761390242490275, 46.495717706863921 ], [ 10.761785150968466, 46.495454453861647 ], [ 10.762138325297832, 46.49582047835851 ], [ 10.761564044780904, 46.496615121438595 ], [ 10.762342079872893, 46.496363946197171 ], [ 10.762601955395333, 46.495763327519867 ] ] ] } },
{ "type": "Feature", "properties": { "HOM_ID": 53, "NAME_D": "Lorchenferner", "NAME_IT": null, "REGION": "Ortlergruppe", "ALT_MIN": 2835.0, "ALT_MAX": 3205.0, "ALT_MEDIAN": 3019.0, "area_km2": 0.2274517388 }, "geometry": { "type": "Polygon", "coordinates": [ [ [ 10.777870013600376, 46.499182782840251 ], [ 10.776780168863523, 46.498344381932661 ], [ 10.776521048881493, 46.496203049427592 ], [ 10.775877760491854, 46.496248759938318 ], [ 10.776128324000496, 46.496001986169325 ], [ 10.777325491670334, 46.496240791716509 ], [ 10.776904144483387, 46.495775148807162 ], [ 10.777628929726886, 46.495719355148864 ], [ 10.776954579363075, 46.495446474242051 ], [ 10.776670198513878, 46.49471145216539 ], [ 10.775719859051074, 46.494221400521923 ], [ 10.775691484740035, 46.495001921345725 ], [ 10.774728596374736, 46.494910192509188 ], [ 10.77475269713562, 46.495142223266875 ], [ 10.773752445299193, 46.49538484839411 ], [ 10.773474571072093, 46.495887294903454 ], [ 10.77259274205985, 46.496120230869387 ], [ 10.771948659633813, 46.496081754406561 ], [ 10.771560642240512, 46.495441271771789 ], [ 10.770556655696211, 46.495103214428241 ], [ 10.770108380498504, 46.495792367531166 ], [ 10.769507922317638, 46.495306429766238 ], [ 10.769509235662847, 46.494174410494686 ], [ 10.769047120887933, 46.494011900543093 ], [ 10.769882951221527, 46.493472126459089 ], [ 10.771094715623136, 46.493527280225692 ], [ 10.77311340637331, 46.49304952041264 ], [ 10.77281920811118, 46.492526230072919 ], [ 10.771772585328812, 46.49222745944423 ], [ 10.771572007246862, 46.492659857475573 ], [ 10.770932458976318, 46.493191246570127 ], [ 10.770703209665481, 46.493298378938569 ], [ 10.770824763356158, 46.492582137304794 ], [ 10.769548810848622, 46.491431234059547 ], [ 10.769141283067148, 46.491941163375664 ], [ 10.769434016669182, 46.492568841822056 ], [ 10.76827766743285, 46.493106942109854 ], [ 10.767694560393325, 46.492987373334564 ], [ 10.767521554673444, 46.492436419357226 ], [ 10.767048511915354, 46.492440316171738 ], [ 10.76537318050069, 46.494287652040612 ], [ 10.765700226518721, 46.495122767836023 ], [ 10.766507565085835, 46.495138872644354 ], [ 10.76694667139428, 46.495458639726671 ], [ 10.766670501084976, 46.49569831768364 ], [ 10.767344058835558, 46.49542504886189 ], [ 10.769052216530023, 46.495537990180338 ], [ 10.769550915608928, 46.495915055183495 ], [ 10.772731642340675, 46.496537424195495 ], [ 10.773048775636299, 46.497024767886998 ], [ 10.7722299306194, 46.497159498233657 ], [ 10.772293421203422, 46.497521646563897 ], [ 10.773310096686741, 46.497836206142864 ], [ 10.774783075494843, 46.497479977567423 ], [ 10.776117924751485, 46.49805524430851 ], [ 10.775682134272522, 46.498255715627629 ], [ 10.775696925320331, 46.498709942264412 ], [ 10.775123609823059, 46.49833143861369 ], [ 10.775009486254687, 46.498802566563675 ], [ 10.775895788321646, 46.498893492687991 ], [ 10.775789197451761, 46.498629247907438 ], [ 10.77602928377345, 46.498589801202868 ], [ 10.776291557101812, 46.499187376022597 ], [ 10.77673867414501, 46.499063949357875 ], [ 10.777532481869466, 46.499418983470235 ], [ 10.777870013600376, 46.499182782840251 ] ], [ [ 10.775954602152892, 46.497761312819264 ], [ 10.776061940132086, 46.497669160213832 ], [ 10.7760768107552, 46.497702265981943 ], [ 10.775954602152892, 46.497761312819264 ] ], [ [ 10.775846871070224, 46.49762963900416 ], [ 10.775818287632514, 46.497387200914154 ], [ 10.776154562143194, 46.497548661738733 ], [ 10.775846871070224, 46.49762963900416 ] ], [ [ 10.776374508073051, 46.497526195508939 ], [ 10.776597159502302, 46.49737510222792 ], [ 10.776485256286922, 46.49753876215199 ], [ 10.776374508073051, 46.497526195508939 ] ], [ [ 10.775721284350858, 46.496162815881128 ], [ 10.775588514032828, 46.496151542944311 ], [ 10.775727695484724, 46.496105567601923 ], [ 10.775721284350858, 46.496162815881128 ] ], [ [ 10.767319001477539, 46.494617750168715 ], [ 10.76786791573068, 46.494027657577384 ], [ 10.768651279342013, 46.493783376820595 ], [ 10.768269069921358, 46.494117893213428 ], [ 10.768926180525188, 46.49428631938023 ], [ 10.768816087761124, 46.494559478892675 ], [ 10.767787944130706, 46.494911127344345 ], [ 10.767319001477539, 46.494617750168715 ] ], [ [ 10.767154225096389, 46.493549353555814 ], [ 10.767396097922274, 46.493352738316759 ], [ 10.767474676342436, 46.493383669894264 ], [ 10.767154225096389, 46.493549353555814 ] ], [ [ 10.774198173660109, 46.495380947505879 ], [ 10.774148610461063, 46.495341236176358 ], [ 10.774224659376571, 46.495347199793457 ], [ 10.774198173660109, 46.495380947505879 ] ] ] } },
{ "type": "Feature", "properties": { "HOM_ID": 54, "NAME_D": "Lorchenferner", "NAME_IT": null, "REGION": "Ortlergruppe", "ALT_MIN": 3037.0, "ALT_MAX": 3252.0, "ALT_MEDIAN": 3138.0, "area_km2": 0.0395340779 }, "geometry": { "type": "Polygon", "coordinates": [ [ [ 10.768268140696764, 46.490551429285645 ], [ 10.770317267777953, 46.490238622065277 ], [ 10.771704189555511, 46.490427877020196 ], [ 10.771445784931025, 46.489796100530668 ], [ 10.771913478222292, 46.489706702637697 ], [ 10.771658468301721, 46.489657077079571 ], [ 10.771721720043857, 46.48953465589922 ], [ 10.772205895385682, 46.489634306726799 ], [ 10.772496120807403, 46.489176189813016 ], [ 10.770071054175869, 46.489185181546176 ], [ 10.768948990224976, 46.4899669819455 ], [ 10.768146401450499, 46.48966750604243 ], [ 10.768011835478175, 46.489115878740151 ], [ 10.767433405885317, 46.489086126549893 ], [ 10.766924007454588, 46.488489849400608 ], [ 10.766766008057063, 46.48883748525401 ], [ 10.767149354765456, 46.48883156143107 ], [ 10.766729897342259, 46.489042905666771 ], [ 10.767361864688581, 46.489554621946773 ], [ 10.7672277032121, 46.489919748915767 ], [ 10.767998974532681, 46.489905524302365 ], [ 10.768268140696764, 46.490551429285645 ] ] ] } },
{ "type": "Feature", "properties": { "HOM_ID": 53, "NAME_D": "Lorchenferner", "NAME_IT": null, "REGION": "Ortlergruppe", "ALT_MIN": 3116.0, "ALT_MAX": 3155.0, "ALT_MEDIAN": 3131.0, "area_km2": 0.0037074097 }, "geometry": { "type": "Polygon", "coordinates": [ [ [ 10.768758155386058, 46.491646186432007 ], [ 10.768472444717933, 46.491341049891403 ], [ 10.767433665318041, 46.491309487071064 ], [ 10.767568826411894, 46.491650290291034 ], [ 10.768758155386058, 46.491646186432007 ] ] ] } },
{ "type": "Feature", "properties": { "HOM_ID": 53, "NAME_D": "Lorchenferner", "NAME_IT": null, "REGION": "Ortlergruppe", "ALT_MIN": 3080.0, "ALT_MAX": 3123.0, "ALT_MEDIAN": 3104.0, "area_km2": 0.0036154586 }, "geometry": { "type": "Polygon", "coordinates": [ [ [ 10.765877619276214, 46.492360618168192 ], [ 10.766627738570143, 46.49178230633504 ], [ 10.765631536022591, 46.491788168468325 ], [ 10.765974715318011, 46.491951933873473 ], [ 10.765877619276214, 46.492360618168192 ] ] ] } },
{ "type": "Feature", "properties": { "HOM_ID": 53, "NAME_D": "Lorchenferner", "NAME_IT": null, "REGION": "Ortlergruppe", "ALT_MIN": 3159.0, "ALT_MAX": 3177.0, "ALT_MEDIAN": 3169.0, "area_km2": 0.0014603664 }, "geometry": { "type": "Polygon", "coordinates": [ [ [ 10.76802989517061, 46.490983570258315 ], [ 10.768162126441728, 46.490595771496743 ], [ 10.767407363769298, 46.490816985633124 ], [ 10.767456633931486, 46.490954333549823 ], [ 10.76802989517061, 46.490983570258315 ] ] ] } },
{ "type": "Feature", "properties": { "HOM_ID": 55, "NAME_D": "Weissbrunnferner", "NAME_IT": "Vedretta di Fontana Bianca", "REGION": "Ortlergruppe", "ALT_MIN": 2879.0, "ALT_MAX": 3361.0, "ALT_MEDIAN": 3161.0, "area_km2": 0.502259676 }, "geometry": { "type": "Polygon", "coordinates": [ [ [ 10.768456102629385, 46.48834584113466 ], [ 10.772351923590435, 46.486440092044631 ], [ 10.776175377163128, 46.485814038123038 ], [ 10.77522594012316, 46.486088333262117 ], [ 10.775991529281027, 46.486202648277676 ], [ 10.776892993054116, 46.48583146306968 ], [ 10.776451148262057, 46.485779558446353 ], [ 10.77715946910824, 46.485723308908561 ], [ 10.776783571392249, 46.485435502918961 ], [ 10.776992417436011, 46.484967923311629 ], [ 10.776592000589785, 46.485057487455173 ], [ 10.776832716868519, 46.484827533026781 ], [ 10.775365313068525, 46.484301102255735 ], [ 10.774755766571092, 46.484532016518024 ], [ 10.774810004165378, 46.484821681173386 ], [ 10.773763450037528, 46.484759341106106 ], [ 10.773686574204712, 46.484303343061619 ], [ 10.774444547567741, 46.484396355758108 ], [ 10.774253909175799, 46.48411706234296 ], [ 10.77463152082904, 46.484068340736187 ], [ 10.774147376929326, 46.483597232296589 ], [ 10.774894037140639, 46.483275989884234 ], [ 10.77350501366408, 46.483454800513151 ], [ 10.773082705772504, 46.483082738880391 ], [ 10.772650513586042, 46.483148969963779 ], [ 10.772644302270113, 46.482639489158323 ], [ 10.774815102786546, 46.482717731394509 ], [ 10.77483024334391, 46.483044205790982 ], [ 10.778013470348965, 46.482382297803589 ], [ 10.779105859016195, 46.482477222589225 ], [ 10.779217051373024, 46.482760009186507 ], [ 10.780013752856952, 46.48262263322178 ], [ 10.780361094519321, 46.482059607499139 ], [ 10.781481691816804, 46.481751647157544 ], [ 10.780672014799466, 46.481552332227473 ], [ 10.778877697294817, 46.482035472413088 ], [ 10.778348170394501, 46.481726072125248 ], [ 10.778553753970829, 46.481444750113134 ], [ 10.778209008751904, 46.481126268449408 ], [ 10.775764357595833, 46.480779319347022 ], [ 10.774599958268819, 46.479960781147042 ], [ 10.773871806741278, 46.48025306167758 ], [ 10.77294302933694, 46.479993628370444 ], [ 10.772436864081399, 46.479691919292726 ], [ 10.773019666653664, 46.479379135961437 ], [ 10.77156619952852, 46.478612777543297 ], [ 10.770835439157427, 46.478885692252192 ], [ 10.770794640295568, 46.479394333854628 ], [ 10.770449092806896, 46.479453023684499 ], [ 10.770655725219186, 46.479738309483473 ], [ 10.771525069762932, 46.479848921650728 ], [ 10.771134142547101, 46.480367626020211 ], [ 10.770359972674969, 46.480166998228931 ], [ 10.7698042943835, 46.479613636660176 ], [ 10.769205287966685, 46.479637193784519 ], [ 10.768992992431636, 46.481554825931958 ], [ 10.767749697268076, 46.482212973310759 ], [ 10.767921593695945, 46.482395599722494 ], [ 10.766611161811573, 46.482725061511495 ], [ 10.767359778826911, 46.482779016475931 ], [ 10.767468818055228, 46.483165466814711 ], [ 10.767063881704384, 46.48304282903085 ], [ 10.766229544984649, 46.483431308629974 ], [ 10.766635271259725, 46.483842594504601 ], [ 10.76810932917169, 46.483168015981157 ], [ 10.769129517943728, 46.483469104488179 ], [ 10.768598558897287, 46.483806947698994 ], [ 10.767049877205425, 46.483781217714707 ], [ 10.766822620145074, 46.484108572773749 ], [ 10.767662119037777, 46.483865051997789 ], [ 10.767789284964239, 46.484278843671092 ], [ 10.768768316431879, 46.484162264184377 ], [ 10.768419624710381, 46.483986686277333 ], [ 10.768626508279436, 46.483828708410925 ], [ 10.76978945911163, 46.483885444378423 ], [ 10.769288604880165, 46.484141415757918 ], [ 10.769595466423686, 46.484355737602115 ], [ 10.76930333765908, 46.484564710117674 ], [ 10.768396646473407, 46.484669221884388 ], [ 10.768860074245517, 46.484821594172871 ], [ 10.768213517804613, 46.485081620399058 ], [ 10.768561419032441, 46.48528578554324 ], [ 10.766877582394324, 46.485237999922283 ], [ 10.766340698107502, 46.485691579169881 ], [ 10.767199142380941, 46.485799756234108 ], [ 10.766615686049656, 46.486602836763048 ], [ 10.767735837685837, 46.486595049744444 ], [ 10.767029491589307, 46.487032202240982 ], [ 10.767594943644653, 46.48724729532465 ], [ 10.76714035843262, 46.487687699915789 ], [ 10.768456102629385, 46.48834584113466 ] ], [ [ 10.769292102067638, 46.483707302474429 ], [ 10.76913417732365, 46.483833568456213 ], [ 10.769106971938104, 46.483738741344538 ], [ 10.769292102067638, 46.483707302474429 ] ], [ [ 10.774087839624706, 46.482457863945839 ], [ 10.774514653251508, 46.482305580967108 ], [ 10.77511760321309, 46.482423384721066 ], [ 10.774505629382247, 46.482645593033212 ], [ 10.774087839624706, 46.482457863945839 ] ], [ [ 10.768175483976528, 46.482401198711067 ], [ 10.767977769006805, 46.482427115489216 ], [ 10.768231268802674, 46.482335567378591 ], [ 10.768175483976528, 46.482401198711067 ] ], [ [ 10.770211763861889, 46.481179841269551 ], [ 10.770410743170725, 46.4811505673539 ], [ 10.770474844054387, 46.481213867290251 ], [ 10.770211763861889, 46.481179841269551 ] ], [ [ 10.775054989111581, 46.480732370811985 ], [ 10.774882264583743, 46.480619929292089 ], [ 10.774953057602568, 46.480568777085381 ], [ 10.775054989111581, 46.480732370811985 ] ], [ [ 10.770429582069031, 46.480443792147199 ], [ 10.770628918421142, 46.480500027729938 ], [ 10.770463939468526, 46.480532243002159 ], [ 10.770429582069031, 46.480443792147199 ] ], [ [ 10.771589496686882, 46.480374413502744 ], [ 10.771347143098353, 46.480403874332239 ], [ 10.771423338603439, 46.480282072276822 ], [ 10.771589496686882, 46.480374413502744 ] ] ] } },
{ "type": "Feature", "properties": { "HOM_ID": 55, "NAME_D": "Weissbrunnferner", "NAME_IT": "Vedretta di Fontana Bianca", "REGION": "Ortlergruppe", "ALT_MIN": 3273.0, "ALT_MAX": 3338.0, "ALT_MEDIAN": 3311.0, "area_km2": 0.0147371562 }, "geometry": { "type": "Polygon", "coordinates": [ [ [ 10.766456655392162, 46.485467473065746 ], [ 10.767589165697382, 46.484756566216092 ], [ 10.76751702411749, 46.484232293329647 ], [ 10.766187845965787, 46.484149583107587 ], [ 10.765800244073624, 46.484528941694116 ], [ 10.765687748686096, 46.485313617512602 ], [ 10.766456655392162, 46.485467473065746 ] ], [ [ 10.766444745729236, 46.485097430047709 ], [ 10.766523300446105, 46.485074785663926 ], [ 10.766431579897638, 46.485116683040985 ], [ 10.766444745729236, 46.485097430047709 ] ], [ [ 10.766724200188737, 46.48499786453624 ], [ 10.766695633690938, 46.484967350310278 ], [ 10.766809877010008, 46.484982253511689 ], [ 10.766724200188737, 46.48499786453624 ] ], [ [ 10.766604406177217, 46.484437156835043 ], [ 10.766647865487274, 46.484288850954684 ], [ 10.766774502165838, 46.484260701099849 ], [ 10.766604406177217, 46.484437156835043 ] ], [ [ 10.766706153780728, 46.484385579585066 ], [ 10.766818623152856, 46.484345742575684 ], [ 10.766730734936548, 46.48439948698546 ], [ 10.766706153780728, 46.484385579585066 ] ], [ [ 10.766512433319274, 46.484364760561064 ], [ 10.766244837566429, 46.484404612380516 ], [ 10.766595411935677, 46.484265849362849 ], [ 10.766512433319274, 46.484364760561064 ] ], [ [ 10.766259445517132, 46.484323425918987 ], [ 10.766201256752884, 46.484336230744454 ], [ 10.766248492528263, 46.484304545505118 ], [ 10.766259445517132, 46.484323425918987 ] ] ] } },
{ "type": "Feature", "properties": { "HOM_ID": 56, "NAME_D": "Gruenseeferner", "NAME_IT": null, "REGION": "Ortlergruppe", "ALT_MIN": 2720.0, "ALT_MAX": 3251.0, "ALT_MEDIAN": 2980.0, "area_km2": 0.2269286949 }, "geometry": { "type": "Polygon", "coordinates": [ [ [ 10.783874510490453, 46.479615064967902 ], [ 10.782716396769146, 46.47919498567817 ], [ 10.783816605808529, 46.478687298956501 ], [ 10.783927758610831, 46.478080739060132 ], [ 10.781378224650352, 46.478115725381492 ], [ 10.779298117575257, 46.47708728702532 ], [ 10.78042054461819, 46.477227985061361 ], [ 10.783047372487591, 46.475847804955201 ], [ 10.784349180912422, 46.476000134349988 ], [ 10.783785621844569, 46.47523503599367 ], [ 10.78239447691845, 46.475512709721968 ], [ 10.781793684169818, 46.475057738591509 ], [ 10.78060822883741, 46.474933880931559 ], [ 10.780774898876047, 46.475288466209243 ], [ 10.78033737393212, 46.475506016359759 ], [ 10.779406653084386, 46.475171524902116 ], [ 10.778994498095594, 46.474581446028743 ], [ 10.778050220367314, 46.474796155543785 ], [ 10.777316030042082, 46.474318232397998 ], [ 10.776719780962646, 46.475403922202425 ], [ 10.775903091896609, 46.475091575166211 ], [ 10.775932000700077, 46.474708942908023 ], [ 10.775167411273312, 46.474531571388937 ], [ 10.773101005712579, 46.474792229664359 ], [ 10.773769812279015, 46.476705869435172 ], [ 10.772366931973448, 46.477022892801202 ], [ 10.772566329179917, 46.477643677166476 ], [ 10.773405005345138, 46.477359215457959 ], [ 10.774099408623821, 46.477991368314328 ], [ 10.775488465706536, 46.478213875026192 ], [ 10.775846130390116, 46.477553489728081 ], [ 10.775522007469398, 46.476993582652355 ], [ 10.776086134218909, 46.476984821379233 ], [ 10.776259680068415, 46.476360035992371 ], [ 10.77788293380153, 46.475585864030506 ], [ 10.778383884178428, 46.476480015723773 ], [ 10.778090182922465, 46.477186382098274 ], [ 10.779970445460094, 46.4780709754029 ], [ 10.779591363216902, 46.478495967821587 ], [ 10.780065841040818, 46.479093407839322 ], [ 10.779904761298994, 46.479438808668441 ], [ 10.783874510490453, 46.479615064967902 ] ], [ [ 10.780677688531631, 46.476550915113044 ], [ 10.780629578238637, 46.476396886058765 ], [ 10.780802313744072, 46.476409078457721 ], [ 10.780677688531631, 46.476550915113044 ] ], [ [ 10.781033166640659, 46.476485848467632 ], [ 10.78125702867333, 46.47634841852269 ], [ 10.781315437565389, 46.47642192122764 ], [ 10.781033166640659, 46.476485848467632 ] ], [ [ 10.776962933114024, 46.475664161552757 ], [ 10.776646038111945, 46.475776240131708 ], [ 10.77662223037775, 46.475680171279066 ], [ 10.776962933114024, 46.475664161552757 ] ] ] } },
{ "type": "Feature", "properties": { "HOM_ID": 56, "NAME_D": "Gruenseeferner", "NAME_IT": null, "REGION": "Ortlergruppe", "ALT_MIN": 2679.0, "ALT_MAX": 2810.0, "ALT_MEDIAN": 2736.0, "area_km2": 0.0221242366 }, "geometry": { "type": "Polygon", "coordinates": [ [ [ 10.785150041743201, 46.478221163757446 ], [ 10.786822960853824, 46.478152171495424 ], [ 10.785951630587713, 46.477437136036563 ], [ 10.786715129191329, 46.476753708367418 ], [ 10.785212634718663, 46.476341416287852 ], [ 10.784593578403667, 46.4776872928092 ], [ 10.785150041743201, 46.478221163757446 ] ] ] } },
{ "type": "Feature", "properties": { "HOM_ID": 57, "NAME_D": "Zufrittferner Oberer", "NAME_IT": "Vedretta Giovereto Superiore", "REGION": "Ortlergruppe", "ALT_MIN": 3106.0, "ALT_MAX": 3345.0, "ALT_MEDIAN": 3247.0, "area_km2": 0.0942627954 }, "geometry": { "type": "Polygon", "coordinates": [ [ [ 10.777544827407214, 46.502975953773046 ], [ 10.777798862877962, 46.502517672625395 ], [ 10.778604411757414, 46.502602298153597 ], [ 10.778894748177231, 46.50236918756567 ], [ 10.779435895304939, 46.502687153405631 ], [ 10.779576695656543, 46.501982509304739 ], [ 10.780825895784924, 46.502311250754126 ], [ 10.780317314614187, 46.501706982247264 ], [ 10.781733022499866, 46.500960734273754 ], [ 10.781189929557444, 46.500433427070114 ], [ 10.778904622182109, 46.5003888318072 ], [ 10.778217350087129, 46.499996623384725 ], [ 10.778050127866747, 46.500324971508029 ], [ 10.777760519372762, 46.499951363304483 ], [ 10.774910291508519, 46.500845656609229 ], [ 10.77522170288721, 46.501400450789525 ], [ 10.774821475525556, 46.501547771888887 ], [ 10.776853599413775, 46.501955163821052 ], [ 10.777544827407214, 46.502975953773046 ] ], [ [ 10.777012574052224, 46.501881257693235 ], [ 10.777160485045414, 46.501721799559874 ], [ 10.777202735212795, 46.501875444905934 ], [ 10.777012574052224, 46.501881257693235 ] ] ] } },
{ "type": "Feature", "properties": { "HOM_ID": 57, "NAME_D": "Zufrittferner Unterer", "NAME_IT": "Vedretta Giovereto Inferiore", "REGION": "Ortlergruppe", "ALT_MIN": 2934.0, "ALT_MAX": 3149.0, "ALT_MEDIAN": 3013.0, "area_km2": 0.1278693045 }, "geometry": { "type": "Polygon", "coordinates": [ [ [ 10.776791437051356, 46.507168575987301 ], [ 10.777755378617858, 46.507148355034865 ], [ 10.7776135026837, 46.506393342009353 ], [ 10.779041961953785, 46.506296413418461 ], [ 10.777874583394455, 46.506243134044617 ], [ 10.778037085128906, 46.505846224995111 ], [ 10.777022686068465, 46.505268780144938 ], [ 10.777176019881972, 46.504683004789875 ], [ 10.778697381387929, 46.503687029102274 ], [ 10.778412673230795, 46.503097693855608 ], [ 10.777135664183604, 46.503328878498223 ], [ 10.776231440751648, 46.502755817894005 ], [ 10.775588772478715, 46.502822947726834 ], [ 10.774043132532606, 46.502217112175813 ], [ 10.773797254028999, 46.503369558993342 ], [ 10.772721057487118, 46.50403184536497 ], [ 10.773454748142173, 46.504324070842202 ], [ 10.773122211198407, 46.505232890573154 ], [ 10.774473970530675, 46.505939260096007 ], [ 10.776662839541512, 46.505590955036588 ], [ 10.776851986347831, 46.505786448299709 ], [ 10.776021960251342, 46.506137472363243 ], [ 10.776766182221365, 46.506531285550231 ], [ 10.776791437051356, 46.507168575987301 ] ] ] } },
{ "type": "Feature", "properties": { "HOM_ID": 58, "NAME_D": "Soyferner", "NAME_IT": "Vedretta di Soi", "REGION": "Ortlergruppe", "ALT_MIN": 2749.0, "ALT_MAX": 3350.0, "ALT_MEDIAN": 2989.0, "area_km2": 0.557160433 }, "geometry": { "type": "Polygon", "coordinates": [ [ [ 10.789026831694452, 46.512725496997675 ], [ 10.789043700236766, 46.51197849147006 ], [ 10.791470066752721, 46.510913138867117 ], [ 10.791442709124293, 46.510472923758584 ], [ 10.79205725397121, 46.509931545058443 ], [ 10.791097773248, 46.509892377854435 ], [ 10.790994423696088, 46.509006208873316 ], [ 10.790207323740306, 46.508232045870599 ], [ 10.792325493652502, 46.507339611964305 ], [ 10.792654597213222, 46.507896430919729 ], [ 10.792951026561365, 46.507094559580082 ], [ 10.792594944813327, 46.506585804622951 ], [ 10.792010274704074, 46.506814991596883 ], [ 10.791100314139328, 46.506452067296955 ], [ 10.791874826344584, 46.506471364677203 ], [ 10.790859608156538, 46.505801484825753 ], [ 10.790262195062132, 46.504747874968736 ], [ 10.789012095864495, 46.505241773965665 ], [ 10.788224394626443, 46.506459931963882 ], [ 10.787565791962686, 46.506441655349008 ], [ 10.787488201319974, 46.506725753488205 ], [ 10.788003378549501, 46.506534823768405 ], [ 10.78809228638517, 46.506722023665795 ], [ 10.78786117227672, 46.507771619074759 ], [ 10.786857908742967, 46.507646898425186 ], [ 10.785662441245181, 46.506421399438715 ], [ 10.785896379954377, 46.505548106085513 ], [ 10.786302182601295, 46.505205895773365 ], [ 10.786519944713435, 46.505528840687241 ], [ 10.787586073631525, 46.505689091722026 ], [ 10.787795062138002, 46.505489375939867 ], [ 10.787495042132802, 46.505410724501274 ], [ 10.787862227035792, 46.505346644777049 ], [ 10.78779372989106, 46.505883749269934 ], [ 10.788693041874012, 46.505292484085722 ], [ 10.788134561895589, 46.505028068794836 ], [ 10.788020624503428, 46.505339405679635 ], [ 10.787921840964142, 46.504781026945658 ], [ 10.786275807151165, 46.504634904944304 ], [ 10.786520407497896, 46.502609993153328 ], [ 10.785734587728623, 46.502146970907077 ], [ 10.785394649767751, 46.50224054173659 ], [ 10.784954178438865, 46.501629047459119 ], [ 10.784205714540645, 46.501582205706804 ], [ 10.783097014943966, 46.502476732110978 ], [ 10.781688419591704, 46.502744914365614 ], [ 10.781714709935796, 46.503484093357194 ], [ 10.782006727184983, 46.503251911668073 ], [ 10.781769622541182, 46.503011761288874 ], [ 10.781998795273118, 46.503173920862679 ], [ 10.782407131148581, 46.502753228678188 ], [ 10.782812378250073, 46.502858350774375 ], [ 10.783002703655635, 46.503869772667272 ], [ 10.781434202458522, 46.503671588409674 ], [ 10.783031315509135, 46.50426580601787 ], [ 10.783050524969196, 46.505116783001114 ], [ 10.783572127527375, 46.50546391151402 ], [ 10.783263931158245, 46.506369534767117 ], [ 10.781698000647962, 46.506995195850017 ], [ 10.781417844295408, 46.507392458096028 ], [ 10.779083757926035, 46.507478191047632 ], [ 10.779960333670306, 46.507655044835602 ], [ 10.779937132420748, 46.508000679251055 ], [ 10.781169438072261, 46.5087732367775 ], [ 10.782052936190412, 46.508742212550459 ], [ 10.781720625286773, 46.509084567071028 ], [ 10.782058433771899, 46.50979651840165 ], [ 10.783428976240037, 46.510069466694816 ], [ 10.784574917810174, 46.51076308795529 ], [ 10.783662003915884, 46.511893927396919 ], [ 10.784658439203437, 46.51262131219714 ], [ 10.785011230515888, 46.512651523849478 ], [ 10.784818350591802, 46.512133053430162 ], [ 10.785326551380219, 46.511853663887671 ], [ 10.78525831903756, 46.510652410615201 ], [ 10.785600104705438, 46.510347043540477 ], [ 10.786504889647663, 46.510298622283372 ], [ 10.787149768884026, 46.51065429655781 ], [ 10.786344341274855, 46.511337718535835 ], [ 10.786889313594571, 46.512243581217 ], [ 10.787241080095928, 46.511924425908362 ], [ 10.787652239897467, 46.512348811983742 ], [ 10.787954464510376, 46.511846894153067 ], [ 10.788155746444982, 46.512305221158726 ], [ 10.789026831694452, 46.512725496997675 ] ], [ [ 10.786436139895441, 46.508541092108779 ], [ 10.786870921713824, 46.508212227778181 ], [ 10.787383115469277, 46.508330412105153 ], [ 10.787245783840401, 46.508644866720481 ], [ 10.786436139895441, 46.508541092108779 ] ] ] } },
{ "type": "Feature", "properties": { "HOM_ID": 58, "NAME_D": "Soyferner", "NAME_IT": "Vedretta di Soi", "REGION": "Ortlergruppe", "ALT_MIN": 3096.0, "ALT_MAX": 3226.0, "ALT_MEDIAN": 3151.0, "area_km2": 0.0137151806 }, "geometry": { "type": "Polygon", "coordinates": [ [ [ 10.782372197024682, 46.506054222860705 ], [ 10.782421041125311, 46.505750762411445 ], [ 10.782895485558807, 46.505691869487471 ], [ 10.781137087518173, 46.50509120201221 ], [ 10.781785111614862, 46.504965434893208 ], [ 10.781765304820066, 46.504817023239639 ], [ 10.780226983814991, 46.504995751560223 ], [ 10.780832661376058, 46.505885935307361 ], [ 10.782372197024682, 46.506054222860705 ] ], [ [ 10.781077087663533, 46.505184141083085 ], [ 10.781157183392482, 46.505165748892288 ], [ 10.781128401385567, 46.50523477559009 ], [ 10.781077087663533, 46.505184141083085 ] ] ] } },
{ "type": "Feature", "properties": { "HOM_ID": 58, "NAME_D": "Soyferner", "NAME_IT": "Vedretta di Soi", "REGION": "Ortlergruppe", "ALT_MIN": 2894.0, "ALT_MAX": 2929.0, "ALT_MEDIAN": 2913.0, "area_km2": 0.0016448903 }, "geometry": { "type": "Polygon", "coordinates": [ [ [ 10.783393204699957, 46.511016796803347 ], [ 10.782921691671811, 46.511363469346918 ], [ 10.783100670054768, 46.511563079592435 ], [ 10.783288709610325, 46.51151252411438 ], [ 10.783393204699957, 46.511016796803347 ] ] ] } },
{ "type": "Feature", "properties": { "HOM_ID": 64, "NAME_D": "Kuppelwiesferner", "NAME_IT": "Vedretta Pracupola", "REGION": "Ortlergruppe", "ALT_MIN": 2922.0, "ALT_MAX": 3253.0, "ALT_MEDIAN": 3103.0, "area_km2": 0.1411297917 }, "geometry": { "type": "Polygon", "coordinates": [ [ [ 10.862047090291988, 46.548011678070843 ], [ 10.863686650647697, 46.548570331766776 ], [ 10.863619516218126, 46.547366955495285 ], [ 10.863267552184894, 46.546965508538335 ], [ 10.863673239270453, 46.547020808362177 ], [ 10.86345913933323, 46.546714743585838 ], [ 10.863798117709981, 46.546342120078016 ], [ 10.865188943886961, 46.545762841383876 ], [ 10.865523558264274, 46.545078745574543 ], [ 10.864840422764345, 46.544358001906055 ], [ 10.864025164557628, 46.544015960202373 ], [ 10.862879177598503, 46.544044249656999 ], [ 10.862124994190838, 46.544191784547962 ], [ 10.862389549121795, 46.544661808157187 ], [ 10.862079220604675, 46.544788730847749 ], [ 10.861642040760696, 46.544439671323474 ], [ 10.861694657984229, 46.543859025117293 ], [ 10.86124462255396, 46.544019937683444 ], [ 10.860614874036953, 46.543769445623241 ], [ 10.859377927810892, 46.544002009534239 ], [ 10.859469019783932, 46.544648210448997 ], [ 10.858575263818931, 46.54424603287152 ], [ 10.858584289887197, 46.544712598251166 ], [ 10.860870603088486, 46.546911469324918 ], [ 10.862010184705108, 46.547508416238571 ], [ 10.862047090291988, 46.548011678070843 ] ], [ [ 10.863830861366855, 46.544875562823975 ], [ 10.864197180562346, 46.544991032035568 ], [ 10.864145241060749, 46.545288336183944 ], [ 10.863912623275175, 46.544995670564177 ], [ 10.863415246743813, 46.5452859468529 ], [ 10.863830861366855, 46.544875562823975 ] ] ] } },
{ "type": "Feature", "properties": { "HOM_ID": 64, "NAME_D": "Kuppelwiesferner", "NAME_IT": "Vedretta Pracupola", "REGION": "Ortlergruppe", "ALT_MIN": 2814.0, "ALT_MAX": 2919.0, "ALT_MEDIAN": 2847.0, "area_km2": 0.0198256054 }, "geometry": { "type": "Polygon", "coordinates": [ [ [ 10.865534162933294, 46.549048126698175 ], [ 10.867350896669389, 46.548526909169041 ], [ 10.867394064984552, 46.547773155008805 ], [ 10.866554584564565, 46.547950566990252 ], [ 10.865746883772715, 46.54741905224251 ], [ 10.865392619749946, 46.547485998369041 ], [ 10.86542278557765, 46.548064133836711 ], [ 10.864846358050292, 46.54861644523271 ], [ 10.865534162933294, 46.549048126698175 ] ] ] } },
{ "type": "Feature", "properties": { "HOM_ID": 63, "NAME_D": "Hasenohrferner", "NAME_IT": "Vedretta dell Orecchia", "REGION": "Ortlergruppe", "ALT_MIN": 2850.0, "ALT_MAX": 3204.0, "ALT_MEDIAN": 3023.0, "area_km2": 0.1975333414 }, "geometry": { "type": "Polygon", "coordinates": [ [ [ 10.860707730279429, 46.552457021062132 ], [ 10.860628762926488, 46.551560600546878 ], [ 10.861585989328461, 46.551131391213012 ], [ 10.861090549278204, 46.550933978793559 ], [ 10.861809320624683, 46.550344942202685 ], [ 10.861175545266148, 46.550189666694379 ], [ 10.86150840206667, 46.548972584145424 ], [ 10.860264047949634, 46.548126421659248 ], [ 10.860450807410109, 46.547667048217292 ], [ 10.859276859964559, 46.54633839173038 ], [ 10.859561447356329, 46.546333437602684 ], [ 10.859439639157015, 46.54584998354494 ], [ 10.858845169035073, 46.545319119650294 ], [ 10.857602837303268, 46.544983659053536 ], [ 10.857684217278958, 46.54543898719875 ], [ 10.856393599823607, 46.545340886935428 ], [ 10.856014639356385, 46.546510775155184 ], [ 10.856475895875834, 46.547439674502264 ], [ 10.85736156619963, 46.547987672194118 ], [ 10.856613106560131, 46.548039767697922 ], [ 10.856308294787423, 46.548556256436839 ], [ 10.856994152447417, 46.548507974510727 ], [ 10.857480226398581, 46.548049339245139 ], [ 10.857730293223433, 46.548399407711301 ], [ 10.857895920535618, 46.547990421514484 ], [ 10.858567838711988, 46.548062623112294 ], [ 10.858696349118837, 46.548793938637942 ], [ 10.858449622861247, 46.549047972774616 ], [ 10.858029515231346, 46.548873829595998 ], [ 10.858194853420294, 46.549632249332269 ], [ 10.857273701248614, 46.551954308700473 ], [ 10.858794881250409, 46.55240310222333 ], [ 10.86006893166849, 46.551843543872231 ], [ 10.859700548839703, 46.55251349691396 ], [ 10.860707730279429, 46.552457021062132 ] ], [ [ 10.856850602280572, 46.545585872593506 ], [ 10.856912078814, 46.545465815154948 ], [ 10.856993034550488, 46.545512124211484 ], [ 10.856850602280572, 46.545585872593506 ] ] ] } },
{ "type": "Feature", "properties": { "HOM_ID": 68, "NAME_D": "Valginferner", "NAME_IT": "Vedretta di Val China", "REGION": "Oetztaler Alpen", "ALT_MIN": 2897.0, "ALT_MAX": 3280.0, "ALT_MEDIAN": 3129.0, "area_km2": 0.3019109632 }, "geometry": { "type": "Polygon", "coordinates": [ [ [ 10.709027067982204, 46.842403748832027 ], [ 10.707980938271874, 46.842808267049215 ], [ 10.707871509511172, 46.841783199331154 ], [ 10.70743756846273, 46.84158591234997 ], [ 10.707687231344316, 46.841837380252279 ], [ 10.707575755020434, 46.841960537433927 ], [ 10.707311634916216, 46.841923928525638 ], [ 10.706640457798095, 46.840453873265147 ], [ 10.705277307642865, 46.840537054797835 ], [ 10.705099573028232, 46.840010702928311 ], [ 10.704219459910139, 46.839830948450611 ], [ 10.703991635716411, 46.838995330721133 ], [ 10.702970970370092, 46.838671461483436 ], [ 10.702552975627672, 46.839857020755986 ], [ 10.703600147878024, 46.840804498990614 ], [ 10.704107411432505, 46.843633503317967 ], [ 10.705479555181828, 46.84381545153056 ], [ 10.705884205281498, 46.84520809426197 ], [ 10.706448382001494, 46.845355707785821 ], [ 10.706924342190026, 46.846007686399993 ], [ 10.707428741106089, 46.846147007368437 ], [ 10.708315498724463, 46.845219446413473 ], [ 10.708811931584705, 46.845279894264671 ], [ 10.709283785617744, 46.846170572451783 ], [ 10.710484040286856, 46.846703224232058 ], [ 10.711080309313102, 46.846310271288594 ], [ 10.711774298448733, 46.846318204054697 ], [ 10.712200002518781, 46.845708832690867 ], [ 10.712575299757434, 46.846047071568513 ], [ 10.712448804826233, 46.845347950681308 ], [ 10.712714572316658, 46.845003334137118 ], [ 10.713307272838341, 46.845092196479051 ], [ 10.7127049339175, 46.844702386460405 ], [ 10.713192258033267, 46.844421824659818 ], [ 10.713129050387112, 46.844005610050985 ], [ 10.711961209434993, 46.843311673738924 ], [ 10.712245812063154, 46.842856871051303 ], [ 10.711306207269075, 46.842219309238125 ], [ 10.710459550458799, 46.842548648937125 ], [ 10.709027067982204, 46.842403748832027 ] ] ] } },
{ "type": "Feature", "properties": { "HOM_ID": 69, "NAME_D": "Milanzenferner", "NAME_IT": "Vedretta di Mulenza", "REGION": "Oetztaler Alpen", "ALT_MIN": 2946.0, "ALT_MAX": 3122.0, "ALT_MEDIAN": 3032.0, "area_km2": 0.092944166 }, "geometry": { "type": "Polygon", "coordinates": [ [ [ 10.712965955153807, 46.836906837636761 ], [ 10.712351815496467, 46.838158894057429 ], [ 10.711970136609732, 46.838268181024922 ], [ 10.7122266679545, 46.837437941766446 ], [ 10.711038158635011, 46.83858570510786 ], [ 10.711387787329633, 46.838031469869669 ], [ 10.710675071704813, 46.838349191722159 ], [ 10.710228489583171, 46.838320939812235 ], [ 10.71060285418451, 46.838062506081826 ], [ 10.710173523156559, 46.838049609816572 ], [ 10.711376694604013, 46.837627701687545 ], [ 10.711706476093683, 46.837178424708803 ], [ 10.709862647654026, 46.837069950952873 ], [ 10.708955848921965, 46.837332638111505 ], [ 10.708261507970354, 46.838777773619036 ], [ 10.708879130896149, 46.838973761496341 ], [ 10.708696644518612, 46.839587981154295 ], [ 10.709576451061681, 46.839268296139615 ], [ 10.709642821215171, 46.838899430618028 ], [ 10.711032527428523, 46.838900089747128 ], [ 10.711881650299437, 46.838158784946813 ], [ 10.71147914826649, 46.839032702488502 ], [ 10.712449055451446, 46.839089624881055 ], [ 10.712660919442747, 46.839670752854822 ], [ 10.712251830323837, 46.840162611304073 ], [ 10.71389399099983, 46.839238068210875 ], [ 10.714566544974693, 46.839493075729031 ], [ 10.714897923730897, 46.838644202545545 ], [ 10.714647272868367, 46.838400328268413 ], [ 10.715336785923524, 46.838042359873114 ], [ 10.715144018873438, 46.837654754602461 ], [ 10.7145703963167, 46.837510962475243 ], [ 10.714566580232409, 46.837172908826581 ], [ 10.71420053235299, 46.837664129530836 ], [ 10.713804557706418, 46.83765101269352 ], [ 10.713597509310615, 46.8364449800508 ], [ 10.712965955153807, 46.836906837636761 ] ], [ [ 10.709829140709424, 46.837982897100765 ], [ 10.709925673310071, 46.837919547075614 ], [ 10.70998831417751, 46.837969089555294 ], [ 10.709829140709424, 46.837982897100765 ] ] ] } },
{ "type": "Feature", "properties": { "HOM_ID": 70, "NAME_D": "Gepatschferner", "NAME_IT": "Vedretta della Croda", "REGION": "Oetztaler Alpen", "ALT_MIN": 2915.0, "ALT_MAX": 3503.0, "ALT_MEDIAN": 3195.0, "area_km2": 3.61755141 }, "geometry": { "type": "Polygon", "coordinates": [ [ [ 10.758175010050268, 46.826293327721338 ], [ 10.762793135008659, 46.824556479587159 ], [ 10.763166924173825, 46.823639246426858 ], [ 10.762364515369908, 46.823160154563645 ], [ 10.763014355670984, 46.821901509625299 ], [ 10.76256237298041, 46.821699890202069 ], [ 10.762313704270825, 46.819440748697481 ], [ 10.761197841109462, 46.820449408612909 ], [ 10.759975607767849, 46.820751085075415 ], [ 10.758642452185875, 46.817397126080245 ], [ 10.757678027560466, 46.816923348350741 ], [ 10.757368879393557, 46.816888094781994 ], [ 10.757619629074282, 46.817047108555641 ], [ 10.756854890429105, 46.816953133253172 ], [ 10.756664417083114, 46.817238928565246 ], [ 10.756238682257692, 46.81669114993219 ], [ 10.756414630834426, 46.816342717133111 ], [ 10.755521405524155, 46.815753536950346 ], [ 10.75269100503737, 46.814851163773568 ], [ 10.751951001446219, 46.814876782736377 ], [ 10.751783701094663, 46.81587653772376 ], [ 10.752314913967501, 46.816085558311713 ], [ 10.750491304518926, 46.815682020085717 ], [ 10.749800589185551, 46.816072604154606 ], [ 10.750008354087102, 46.816575166699195 ], [ 10.748906205080598, 46.81647201078151 ], [ 10.747888324151665, 46.817427611370675 ], [ 10.747457185966271, 46.818508536860854 ], [ 10.746493831130913, 46.819197881458045 ], [ 10.74597772215362, 46.819094006186575 ], [ 10.745968338386108, 46.818404395836076 ], [ 10.745241634440516, 46.818342339651295 ], [ 10.745357010858903, 46.81869202631934 ], [ 10.74460454899924, 46.819363534893753 ], [ 10.741717302985473, 46.820696154914124 ], [ 10.741541007607697, 46.820521685971968 ], [ 10.738509420579502, 46.823062195497023 ], [ 10.73752278766009, 46.823188615108535 ], [ 10.735977436645344, 46.824320695569405 ], [ 10.735398037369452, 46.825072378007171 ], [ 10.736142010530017, 46.825423967706342 ], [ 10.737781339921936, 46.825527660994425 ], [ 10.738554135313354, 46.826255958753244 ], [ 10.737366410761039, 46.827765499110647 ], [ 10.736473142563923, 46.828079072930556 ], [ 10.735639518938537, 46.827788848097995 ], [ 10.734677575695597, 46.82790915385857 ], [ 10.73379101273464, 46.829208366809588 ], [ 10.732902470127533, 46.829281828998624 ], [ 10.732291676260809, 46.829836818416794 ], [ 10.728847278340627, 46.831088966420573 ], [ 10.726326528536642, 46.831287031173709 ], [ 10.725529250838605, 46.832261959181842 ], [ 10.725081563205142, 46.832322997294561 ], [ 10.725391052905293, 46.832626916665291 ], [ 10.725027634891415, 46.833109562039276 ], [ 10.725355104720098, 46.833064622293946 ], [ 10.725294868430026, 46.833914142173292 ], [ 10.724135273198295, 46.834237348700327 ], [ 10.723646041522695, 46.835473348363223 ], [ 10.723112235657318, 46.835967124652733 ], [ 10.722411568231342, 46.836060534018365 ], [ 10.722021906130726, 46.837026443217255 ], [ 10.721286048112949, 46.83719180695757 ], [ 10.721288615006369, 46.837663219714536 ], [ 10.721910414728306, 46.837576717717916 ], [ 10.721290269763841, 46.83810607255846 ], [ 10.720833292883063, 46.83813866092062 ], [ 10.720716878691388, 46.837883256317625 ], [ 10.719634785838252, 46.838159535065635 ], [ 10.719528006962005, 46.838466867478814 ], [ 10.720341632869763, 46.838780368189546 ], [ 10.72085362178364, 46.83838408040598 ], [ 10.720659782879544, 46.839185603380983 ], [ 10.719301962458475, 46.84011364361146 ], [ 10.718256556619382, 46.839164568743378 ], [ 10.718612007850531, 46.839199232701759 ], [ 10.718063131605405, 46.838961749568895 ], [ 10.718051086415821, 46.840673437971077 ], [ 10.7174093445848, 46.84078878994265 ], [ 10.716893788177444, 46.841727997386847 ], [ 10.714808193591114, 46.843229812621615 ], [ 10.715846480775342, 46.844842893679385 ], [ 10.715120326792727, 46.844793776856093 ], [ 10.71587065794766, 46.844948250909233 ], [ 10.716047634974174, 46.845405617851569 ], [ 10.7158882300913, 46.846676636816291 ], [ 10.715283208692361, 46.847162871376291 ], [ 10.716617935483345, 46.846705694663861 ], [ 10.71715126814021, 46.846191956069475 ], [ 10.716520022975129, 46.844155619449545 ], [ 10.716852701412876, 46.843457264158232 ], [ 10.71937646071682, 46.842290748978641 ], [ 10.72097701808709, 46.842078109529304 ], [ 10.721969845199826, 46.839175898081336 ], [ 10.723976559890451, 46.837605611525014 ], [ 10.726284775556369, 46.837782252699093 ], [ 10.729331993202637, 46.836204742729223 ], [ 10.729707236768643, 46.835701904231939 ], [ 10.728782616112646, 46.835433006875746 ], [ 10.729265929892593, 46.835054257895067 ], [ 10.731448464287631, 46.83559842478352 ], [ 10.735751356649475, 46.833847443511864 ], [ 10.739455091553031, 46.834051214923676 ], [ 10.741806125432547, 46.833881160865367 ], [ 10.746575171386876, 46.832782705845204 ], [ 10.749688192700228, 46.833643763692749 ], [ 10.75215731083888, 46.833137389048147 ], [ 10.753945778237588, 46.833209994518683 ], [ 10.754952381337224, 46.833820305299234 ], [ 10.755408528418387, 46.833636157633215 ], [ 10.756494465896631, 46.831442245067748 ], [ 10.756276011316038, 46.830359830415055 ], [ 10.755862267090439, 46.830183314191828 ], [ 10.756097019768941, 46.829593969109247 ], [ 10.755650789248017, 46.827780727110053 ], [ 10.756181065585421, 46.82680682815824 ], [ 10.758432325983412, 46.825503620285332 ], [ 10.758175010050268, 46.826293327721338 ] ], [ [ 10.741971345443542, 46.832025050670772 ], [ 10.743203528349911, 46.831076082868044 ], [ 10.744546361318223, 46.831188958218505 ], [ 10.744483478205654, 46.831389926550308 ], [ 10.743539959247004, 46.83139478238224 ], [ 10.741971345443542, 46.832025050670772 ] ] ] } },
{ "type": "Feature", "properties": { "HOM_ID": 71, "NAME_D": "Langtaufererferner", "NAME_IT": "Vedretta di Valle Lunga", "REGION": "Oetztaler Alpen", "ALT_MIN": 2436.0, "ALT_MAX": 3695.0, "ALT_MEDIAN": 2971.0, "area_km2": 4.0189109836999997 }, "geometry": { "type": "Polygon", "coordinates": [ [ [ 10.722630618658705, 46.798843059476475 ], [ 10.720680483366772, 46.799804659943391 ], [ 10.719745639178571, 46.799661848808462 ], [ 10.719797885033616, 46.799995605526448 ], [ 10.721841392088557, 46.801287481646028 ], [ 10.722179960493429, 46.801706654240263 ], [ 10.721891194160865, 46.802111021108971 ], [ 10.722769489415356, 46.802251380504778 ], [ 10.723444535482624, 46.802816854119484 ], [ 10.723610395215646, 46.803580110241086 ], [ 10.724456837697298, 46.803764510337714 ], [ 10.725007991337025, 46.805124845088073 ], [ 10.724868143635353, 46.806087002850298 ], [ 10.725639062438322, 46.806901136160064 ], [ 10.726291431165937, 46.808691388426979 ], [ 10.724966779390249, 46.808911375320591 ], [ 10.724724544949181, 46.80953505816916 ], [ 10.723601822189638, 46.809563404635995 ], [ 10.72262858513767, 46.810138233801922 ], [ 10.722847939118212, 46.81092544731942 ], [ 10.722725093014231, 46.81142256064868 ], [ 10.722378693876378, 46.811218240710197 ], [ 10.722301275408862, 46.811400367824355 ], [ 10.722271464004114, 46.812638974381947 ], [ 10.725254774418307, 46.811410018625331 ], [ 10.72456934261983, 46.811188910476112 ], [ 10.724292582178332, 46.810733057993282 ], [ 10.726667022612425, 46.81015436771311 ], [ 10.725474749573443, 46.812006964966706 ], [ 10.724468303745754, 46.812636454652932 ], [ 10.725108270964251, 46.813075168255978 ], [ 10.724868536655446, 46.813647383108815 ], [ 10.725622970537351, 46.81459319915367 ], [ 10.725442169983019, 46.815319359402999 ], [ 10.725914453516076, 46.815717019421328 ], [ 10.726373508683212, 46.815430318551954 ], [ 10.726759607303935, 46.81557330980695 ], [ 10.726925388907537, 46.816708984644961 ], [ 10.7281394561683, 46.816883909286773 ], [ 10.728239957535894, 46.817422418229235 ], [ 10.728029303614234, 46.817820947277355 ], [ 10.726366547756653, 46.818579326018394 ], [ 10.725262745563368, 46.818738610115062 ], [ 10.724901400790415, 46.81828570153148 ], [ 10.724727001118708, 46.818526436640951 ], [ 10.723803419037244, 46.818307812950515 ], [ 10.723460823130956, 46.81852170405314 ], [ 10.72378507115323, 46.818763856160992 ], [ 10.723599987064665, 46.819213095139375 ], [ 10.722891069730981, 46.819280321087014 ], [ 10.722408672087083, 46.819001468250036 ], [ 10.721774761301271, 46.81962452082476 ], [ 10.72039825282868, 46.819695822385562 ], [ 10.719840401680417, 46.820421505578921 ], [ 10.723210549926982, 46.819644576222665 ], [ 10.723325909858817, 46.819813789648265 ], [ 10.72057570561341, 46.821169293278849 ], [ 10.719838358177453, 46.821881056989163 ], [ 10.719603162621029, 46.821304206268628 ], [ 10.718554950601746, 46.822137081963113 ], [ 10.717638991581934, 46.822365519282982 ], [ 10.717110034452883, 46.822173305586375 ], [ 10.716085339891924, 46.82293585670562 ], [ 10.71611066032254, 46.823469788505882 ], [ 10.715049633374008, 46.823745709047174 ], [ 10.71516496362681, 46.824099711700995 ], [ 10.71608992431851, 46.824409430474375 ], [ 10.716864072791193, 46.824229504152669 ], [ 10.716193607802095, 46.824669793606979 ], [ 10.716345749496613, 46.824978421058901 ], [ 10.715748179205679, 46.825136166088313 ], [ 10.716408636850886, 46.825713847359168 ], [ 10.71677000033857, 46.825496602176052 ], [ 10.71653006245397, 46.825116612273604 ], [ 10.718015877889703, 46.825578409435593 ], [ 10.7197291089701, 46.825384223701143 ], [ 10.720830456045078, 46.824900359658571 ], [ 10.72230917498352, 46.825013385493435 ], [ 10.722765295102944, 46.824522815746626 ], [ 10.724330628403301, 46.823956616290012 ], [ 10.727295325959942, 46.824576475395645 ], [ 10.727971870997052, 46.824374505087157 ], [ 10.728288192694322, 46.823862007879107 ], [ 10.728971735642746, 46.823888826410389 ], [ 10.729727624910216, 46.823445952915236 ], [ 10.730631090102138, 46.823580871616286 ], [ 10.730762113442635, 46.822864568747043 ], [ 10.7330489024983, 46.821875624671662 ], [ 10.73376861031142, 46.821925288346584 ], [ 10.732059736187546, 46.823003104260145 ], [ 10.732372813171686, 46.823030509475601 ], [ 10.731905730925632, 46.823716184650031 ], [ 10.732299148890174, 46.824716191710976 ], [ 10.733068131732871, 46.824627162730451 ], [ 10.733308135742689, 46.823983231025565 ], [ 10.734678345615832, 46.823228145271607 ], [ 10.735551570353941, 46.823456034155143 ], [ 10.7364278912017, 46.822878736150422 ], [ 10.738319005216059, 46.82291859860554 ], [ 10.739086024835105, 46.822178336056766 ], [ 10.739022465634468, 46.821756423855291 ], [ 10.739419117919278, 46.822057916274765 ], [ 10.740152368052769, 46.821684958120791 ], [ 10.740503429864667, 46.820568134429351 ], [ 10.740102662837092, 46.820402792870155 ], [ 10.740376444873959, 46.819782693165571 ], [ 10.740044813664575, 46.819394859293816 ], [ 10.741748915198293, 46.81835221529829 ], [ 10.744044083476766, 46.818074101958892 ], [ 10.74518305676188, 46.817513852064643 ], [ 10.74588759593432, 46.816520197779795 ], [ 10.748711738130064, 46.815048427649295 ], [ 10.750249583740121, 46.813444834583244 ], [ 10.750093322268455, 46.812990058350429 ], [ 10.749443040669455, 46.813471455131648 ], [ 10.748974825191226, 46.813407180655844 ], [ 10.74882264040734, 46.812949483107488 ], [ 10.747972916257256, 46.812542445208663 ], [ 10.747527778722215, 46.811263463767631 ], [ 10.746533345443073, 46.811218858926495 ], [ 10.747220068404751, 46.811005983795049 ], [ 10.746770160079274, 46.811000731692531 ], [ 10.746649122008387, 46.810672496848632 ], [ 10.747932681270179, 46.810932200324096 ], [ 10.748442915504317, 46.810624389070455 ], [ 10.746097267794276, 46.806688792036923 ], [ 10.745848050078948, 46.808655873390556 ], [ 10.746443302124073, 46.810421100723907 ], [ 10.746054270321071, 46.810783627857241 ], [ 10.746676846370104, 46.810830934168493 ], [ 10.745994309756387, 46.810902644506186 ], [ 10.745098066665738, 46.811671993306241 ], [ 10.74598288441757, 46.812521396980912 ], [ 10.745202045103666, 46.813084765646536 ], [ 10.74488523850218, 46.813969642174179 ], [ 10.744204208442484, 46.814402904063989 ], [ 10.74367544214517, 46.814268098801556 ], [ 10.743411425188151, 46.812152013079611 ], [ 10.743890741257403, 46.811530391201373 ], [ 10.743390347920327, 46.810083655963439 ], [ 10.744145219038593, 46.808589218411633 ], [ 10.743892983336531, 46.808253045067545 ], [ 10.74286605488682, 46.808411555845616 ], [ 10.742640729648263, 46.808006395896797 ], [ 10.743018909327615, 46.807217737585717 ], [ 10.743773989235835, 46.806760495349081 ], [ 10.744155581449521, 46.805434610266133 ], [ 10.743676493820875, 46.804130414566337 ], [ 10.744299258106793, 46.803958057201044 ], [ 10.744492991833413, 46.803515080480246 ], [ 10.743170794983683, 46.803160925624347 ], [ 10.742973715656422, 46.803758244603252 ], [ 10.742425628608805, 46.803923743914396 ], [ 10.742106816472553, 46.803199988235882 ], [ 10.742848464501755, 46.802457226532894 ], [ 10.741391970997686, 46.801550781798113 ], [ 10.739863921903664, 46.801262582660705 ], [ 10.73990758524628, 46.801713371163224 ], [ 10.739657987349766, 46.801457152174173 ], [ 10.739276974370403, 46.801900110408312 ], [ 10.738481636660193, 46.801623610240206 ], [ 10.738757042705402, 46.801002250336829 ], [ 10.738275789044369, 46.800529537124682 ], [ 10.734495529650454, 46.799038249839384 ], [ 10.732053215523695, 46.79878094570703 ], [ 10.731885559317597, 46.798483467256652 ], [ 10.730662419614569, 46.798198869875279 ], [ 10.729283390119898, 46.798336392738243 ], [ 10.728470160514998, 46.798760838585544 ], [ 10.729378619696172, 46.799324284789307 ], [ 10.729878829854568, 46.8003910655803 ], [ 10.728909662760907, 46.800011407144979 ], [ 10.728910741632442, 46.799525650981863 ], [ 10.728043288899363, 46.799593043373712 ], [ 10.727321801893511, 46.799281063745589 ], [ 10.72700541507198, 46.799405845615823 ], [ 10.727331679642553, 46.800109529918984 ], [ 10.726251745360255, 46.800428700168567 ], [ 10.725324868438886, 46.79876830571849 ], [ 10.725278846456812, 46.798425753402341 ], [ 10.725707851254663, 46.798253931991908 ], [ 10.725362143842919, 46.798103051099908 ], [ 10.722630618658705, 46.798843059476475 ] ], [ [ 10.716441480941196, 46.825120559830189 ], [ 10.716297906484911, 46.825241766800637 ], [ 10.716213569170465, 46.825180528945531 ], [ 10.716441480941196, 46.825120559830189 ] ], [ [ 10.732492503257667, 46.81555700864795 ], [ 10.733134414444891, 46.815565145867858 ], [ 10.732656977661899, 46.8163581301447 ], [ 10.732508494242957, 46.816324662327759 ], [ 10.732492503257667, 46.81555700864795 ] ], [ [ 10.73230162439941, 46.81382653675805 ], [ 10.732602330270995, 46.813859128596704 ], [ 10.732460554452935, 46.814109859668228 ], [ 10.732385676096296, 46.814110993341664 ], [ 10.73230162439941, 46.81382653675805 ] ], [ [ 10.731918560167825, 46.812835742383321 ], [ 10.731065913258199, 46.812420051475698 ], [ 10.730394104291294, 46.811332414310989 ], [ 10.731234515495172, 46.810416798777133 ], [ 10.730975695471091, 46.809743536426311 ], [ 10.7304733933086, 46.809782564118237 ], [ 10.730673406286536, 46.809482981838485 ], [ 10.729806573179069, 46.809271792238199 ], [ 10.730644485532668, 46.808764363745176 ], [ 10.730332312942002, 46.808492285593893 ], [ 10.730952990396537, 46.808381702394016 ], [ 10.730123333420043, 46.808067769110458 ], [ 10.730496072465957, 46.807233518252296 ], [ 10.730827432575721, 46.807574238766357 ], [ 10.732247044096216, 46.807721336930641 ], [ 10.732712897662392, 46.808102874189743 ], [ 10.732432523524022, 46.808961449354292 ], [ 10.731807184158246, 46.8085235467641 ], [ 10.731439015539557, 46.808802942525823 ], [ 10.731412899518082, 46.80852951358726 ], [ 10.730868015956444, 46.808570496756744 ], [ 10.731861960560337, 46.809207241994386 ], [ 10.731338396382494, 46.809536129504266 ], [ 10.731857222812021, 46.809385412934887 ], [ 10.732432674377629, 46.809810057704162 ], [ 10.732336939915555, 46.810068663557715 ], [ 10.731874082288359, 46.810018523524057 ], [ 10.732771038477289, 46.810962141251721 ], [ 10.732894299707358, 46.812337487684729 ], [ 10.731918560167825, 46.812835742383321 ] ], [ [ 10.730178489508599, 46.805300363320825 ], [ 10.730019208038907, 46.803504786450183 ], [ 10.728725017461903, 46.803445091437041 ], [ 10.727827735079195, 46.8024777256852 ], [ 10.72789685184547, 46.801246056127809 ], [ 10.729728678583434, 46.801666973915886 ], [ 10.731272669500628, 46.802323659020239 ], [ 10.73156591283754, 46.802674047260055 ], [ 10.731987219807328, 46.802620049050368 ], [ 10.731883276963758, 46.802420138182292 ], [ 10.732636405732949, 46.802643555929407 ], [ 10.73273913513203, 46.802387224788816 ], [ 10.73345584673025, 46.803187795435861 ], [ 10.732142129191018, 46.803224833927509 ], [ 10.730810835578531, 46.802324931317557 ], [ 10.730946640320495, 46.80318577940853 ], [ 10.73020595063876, 46.803463706692462 ], [ 10.731547185810674, 46.804653912724241 ], [ 10.731706355290727, 46.803908607706781 ], [ 10.732706840306529, 46.803964894758195 ], [ 10.733271627574089, 46.804447794926823 ], [ 10.732946744999413, 46.804586577158673 ], [ 10.733068193349252, 46.805628079988445 ], [ 10.732247145459981, 46.806223400792035 ], [ 10.731614698266686, 46.805548141242205 ], [ 10.731037936814458, 46.805758817509769 ], [ 10.730893245912014, 46.806299571796195 ], [ 10.730178489508599, 46.805300363320825 ] ], [ [ 10.731518438716646, 46.8036285801806 ], [ 10.731524259416904, 46.803291331382759 ], [ 10.73176679312329, 46.803587676923442 ], [ 10.731518438716646, 46.8036285801806 ] ] ] } },
{ "type": "Feature", "properties": { "HOM_ID": 72, "NAME_D": "Baerenbartferner Innerer", "NAME_IT": "Vedretta di Barbadorso di Dentro", "REGION": "Oetztaler Alpen", "ALT_MIN": 2667.0, "ALT_MAX": 3539.0, "ALT_MEDIAN": 3037.0, "area_km2": 1.5833134656000001 }, "geometry": { "type": "Polygon", "coordinates": [ [ [ 10.714000512488123, 46.799847383834788 ], [ 10.710198748413749, 46.80041879522102 ], [ 10.708035985360453, 46.800464888913893 ], [ 10.707272767990492, 46.800178644550478 ], [ 10.707120191616685, 46.800561893032736 ], [ 10.706644416490686, 46.800045153113729 ], [ 10.705208765677416, 46.800149895463107 ], [ 10.704819791045935, 46.800459278390157 ], [ 10.705127560317923, 46.800843068162578 ], [ 10.704629920551049, 46.801027634578773 ], [ 10.704453583822271, 46.80018736045659 ], [ 10.704020658105145, 46.801893896793828 ], [ 10.704390405705187, 46.802534137045257 ], [ 10.705912072158673, 46.802888623444701 ], [ 10.705713868480419, 46.803200165856317 ], [ 10.704935510960723, 46.803165084923016 ], [ 10.705594584152507, 46.803770544414739 ], [ 10.705423936097612, 46.804427407763491 ], [ 10.706385620430488, 46.804441643189541 ], [ 10.706163628232078, 46.804922120781768 ], [ 10.706524521453495, 46.805754075995381 ], [ 10.705616815722001, 46.806053187050402 ], [ 10.705592208550996, 46.806636711324344 ], [ 10.70623160331974, 46.806853857185615 ], [ 10.705853234683087, 46.80720380157161 ], [ 10.706471844351547, 46.807816037875298 ], [ 10.706026956263825, 46.807894103897887 ], [ 10.706584797871658, 46.807952740241561 ], [ 10.706846186995774, 46.808336195327882 ], [ 10.706395006529283, 46.808610080893004 ], [ 10.707062609313404, 46.808862993959089 ], [ 10.707196699750979, 46.808638330632945 ], [ 10.709021992343237, 46.80963669158001 ], [ 10.708766633632994, 46.8097863454148 ], [ 10.709439467892132, 46.809814988216864 ], [ 10.709814384290381, 46.810428465448602 ], [ 10.71053838033453, 46.810566461869364 ], [ 10.710422393699879, 46.809916377331923 ], [ 10.70974795990147, 46.809974078412715 ], [ 10.70909853828717, 46.809558559167726 ], [ 10.709622193365517, 46.809405015077559 ], [ 10.71179076154344, 46.810204064795485 ], [ 10.711679266765836, 46.81061785708534 ], [ 10.712298374325673, 46.810725067817202 ], [ 10.712260628302882, 46.811371379131984 ], [ 10.710940439243474, 46.81208969462687 ], [ 10.710951537377474, 46.812439546010367 ], [ 10.711931171054031, 46.812267782100491 ], [ 10.713052686569918, 46.812506440227232 ], [ 10.713461863290169, 46.813682085874369 ], [ 10.714220149362673, 46.813707873118574 ], [ 10.714963698717186, 46.814300235037976 ], [ 10.715725635595211, 46.813720927824086 ], [ 10.715401132670671, 46.814804417627286 ], [ 10.715722619458132, 46.815876933388395 ], [ 10.716521819528003, 46.815650651342224 ], [ 10.717600482285928, 46.815825862370701 ], [ 10.718011347195601, 46.815495415132666 ], [ 10.718455939774893, 46.816618694639068 ], [ 10.717791099528521, 46.816979885021276 ], [ 10.718023454968195, 46.817196645602053 ], [ 10.71754049483012, 46.817932503730376 ], [ 10.718299457710593, 46.81802111399054 ], [ 10.719399764154884, 46.816740236733644 ], [ 10.719078086438417, 46.816224091994137 ], [ 10.719355407645722, 46.815784188836162 ], [ 10.719993612957719, 46.816546064782749 ], [ 10.720468647020921, 46.816106759582325 ], [ 10.719931224347237, 46.813733468931801 ], [ 10.72060627560661, 46.811806218592487 ], [ 10.720084462618605, 46.80966824135983 ], [ 10.720636586664426, 46.807668409367913 ], [ 10.720108443459022, 46.807326084847126 ], [ 10.719128894793235, 46.808826001127187 ], [ 10.718101099588825, 46.808023667633044 ], [ 10.719058027236818, 46.807171276884624 ], [ 10.719665914360613, 46.805677184630746 ], [ 10.720058316079225, 46.805585568040343 ], [ 10.721086333134091, 46.806112994838955 ], [ 10.721235056100197, 46.805296429841519 ], [ 10.720464103691626, 46.805130872775173 ], [ 10.72033568453085, 46.804627062382153 ], [ 10.721099940667045, 46.804061255136254 ], [ 10.721572693850513, 46.804271297809237 ], [ 10.722573965076762, 46.802902658164484 ], [ 10.719699377582353, 46.799991872768253 ], [ 10.718552412818553, 46.800586516559861 ], [ 10.719088991211118, 46.799879014894536 ], [ 10.71866036772288, 46.799757470710979 ], [ 10.718269244581656, 46.799724652233429 ], [ 10.717833931202387, 46.80022104534045 ], [ 10.717756990166631, 46.799710269122002 ], [ 10.717021926889792, 46.79962903534291 ], [ 10.715699873024164, 46.799625055155225 ], [ 10.714229875551458, 46.800132747063387 ], [ 10.714000512488123, 46.799847383834788 ] ] ] } },
{ "type": "Feature", "properties": { "HOM_ID": 74, "NAME_D": "Freibrunnerferner", "NAME_IT": "Vedretta della Fontana Occidentale", "REGION": "Oetztaler Alpen", "ALT_MIN": 2580.0, "ALT_MAX": 3343.0, "ALT_MEDIAN": 3028.0, "area_km2": 0.770765222 }, "geometry": { "type": "Polygon", "coordinates": [ [ [ 10.689287922525441, 46.79298511277382 ], [ 10.683681666024016, 46.793805133967275 ], [ 10.682785149329876, 46.794312426269613 ], [ 10.683775233447832, 46.794235857429499 ], [ 10.682819928531165, 46.79439473786335 ], [ 10.681801446368279, 46.795321226493861 ], [ 10.680319858002424, 46.795566862550608 ], [ 10.679925742692873, 46.796772712012192 ], [ 10.681145946141315, 46.797544116860742 ], [ 10.681813539542647, 46.797437873243517 ], [ 10.682142461456825, 46.796784861091076 ], [ 10.682904098818138, 46.796659370227573 ], [ 10.683384025185429, 46.797307729476266 ], [ 10.684334909246509, 46.796891334117461 ], [ 10.683943056816329, 46.797821287979808 ], [ 10.683326431700031, 46.798220721057994 ], [ 10.683462889633432, 46.798593733197293 ], [ 10.683017409084284, 46.798818154659067 ], [ 10.68328516354288, 46.7997321205521 ], [ 10.684770950140313, 46.800510294744392 ], [ 10.683830919364155, 46.798894422626759 ], [ 10.68435386533562, 46.798506809623227 ], [ 10.684722469505056, 46.798763301073443 ], [ 10.68433178538773, 46.798688096595448 ], [ 10.684457484060598, 46.799239504650835 ], [ 10.68546284994531, 46.799166464458438 ], [ 10.686394191135589, 46.798642538923538 ], [ 10.687155259101591, 46.799280162568067 ], [ 10.688472979757409, 46.799284536665184 ], [ 10.68757676405497, 46.798622127697961 ], [ 10.688052458136681, 46.798588323516519 ], [ 10.687712796831383, 46.798259983747478 ], [ 10.686753166772249, 46.797874188856099 ], [ 10.687008050393656, 46.797262823915169 ], [ 10.686510295908569, 46.796978718445239 ], [ 10.686709922017117, 46.796842911697809 ], [ 10.686888732161094, 46.796620696688706 ], [ 10.686880734714938, 46.796497951310137 ], [ 10.686212939756601, 46.796430646756512 ], [ 10.687013544200839, 46.79636692316199 ], [ 10.687186899877512, 46.796644143535715 ], [ 10.688676617023177, 46.796884085761114 ], [ 10.688672572989924, 46.798714493554144 ], [ 10.68991235218742, 46.80003911644684 ], [ 10.689915133886238, 46.800835091321161 ], [ 10.688597698647188, 46.799680533682469 ], [ 10.687256500235245, 46.799480069136735 ], [ 10.68600636473256, 46.800605335385988 ], [ 10.684709134880324, 46.800697880453839 ], [ 10.685877393220416, 46.802021218365809 ], [ 10.685902550063231, 46.802408328576263 ], [ 10.685266816007127, 46.802148632039106 ], [ 10.685083698264187, 46.802391817619544 ], [ 10.685828023107661, 46.802797541008403 ], [ 10.685811423453165, 46.802488246009382 ], [ 10.686056716748899, 46.802570350323101 ], [ 10.685662635862059, 46.803164282439305 ], [ 10.685792652038783, 46.804643393992379 ], [ 10.686499033404681, 46.804304819500288 ], [ 10.688270256631844, 46.804697346076388 ], [ 10.690252895734336, 46.805942426611956 ], [ 10.69081714418855, 46.80355164517816 ], [ 10.691266338783617, 46.80351415430836 ], [ 10.69296428563861, 46.80209165787938 ], [ 10.691776971852272, 46.802180245814895 ], [ 10.691274911772846, 46.801561921757632 ], [ 10.692012371446767, 46.800796694357935 ], [ 10.691794184951783, 46.799677005975035 ], [ 10.692235634304465, 46.798230403764727 ], [ 10.693351213063123, 46.796788110461371 ], [ 10.693839159743522, 46.797355204522177 ], [ 10.693256629802063, 46.797639841155423 ], [ 10.693389874327751, 46.798550487179433 ], [ 10.694006113564692, 46.798829952256163 ], [ 10.693860963624356, 46.798314931533568 ], [ 10.694554078433226, 46.798127516277148 ], [ 10.69412818134632, 46.798079534425945 ], [ 10.694414698244247, 46.797663841890177 ], [ 10.694010584742895, 46.797646967165392 ], [ 10.69458695308823, 46.797186980578289 ], [ 10.694606713428303, 46.79662380165351 ], [ 10.69427505475748, 46.796131544347496 ], [ 10.692643384336602, 46.795625710152649 ], [ 10.692248537886071, 46.794264467700664 ], [ 10.692744647819159, 46.794471694625692 ], [ 10.693063160998799, 46.793972225627421 ], [ 10.693841349720117, 46.794406096897703 ], [ 10.694062713615041, 46.79400279949396 ], [ 10.693509549414181, 46.794011336274679 ], [ 10.693272843919086, 46.79349481219387 ], [ 10.692619525015948, 46.793490192068603 ], [ 10.692212843143238, 46.792889636208614 ], [ 10.691810047333181, 46.793016423894443 ], [ 10.691282237765749, 46.792635634723872 ], [ 10.68963217521925, 46.792685728281477 ], [ 10.689287922525441, 46.79298511277382 ] ], [ [ 10.685674147714941, 46.795298526671324 ], [ 10.684393934839422, 46.79561112935373 ], [ 10.683689053523596, 46.79552149862694 ], [ 10.685195545533404, 46.794894126357484 ], [ 10.685661800807187, 46.794910279633783 ], [ 10.685674147714941, 46.795298526671324 ] ], [ [ 10.681651071725435, 46.795964001356253 ], [ 10.681728137794092, 46.796039483548029 ], [ 10.681620502744844, 46.795994618154104 ], [ 10.681651071725435, 46.795964001356253 ] ], [ [ 10.681931108042685, 46.796423711416544 ], [ 10.682190196702923, 46.796337755979359 ], [ 10.682194478522456, 46.796363884661766 ], [ 10.681931108042685, 46.796423711416544 ] ], [ [ 10.686243939312035, 46.796619672500945 ], [ 10.686728571243092, 46.796772538349643 ], [ 10.685335725713106, 46.797130579047789 ], [ 10.685497140049751, 46.797303210400649 ], [ 10.684894865079826, 46.797169216329827 ], [ 10.686243939312035, 46.796619672500945 ] ], [ [ 10.684567479350534, 46.797233166725405 ], [ 10.684717365330034, 46.797147622626611 ], [ 10.684702413900533, 46.797224036435168 ], [ 10.684567479350534, 46.797233166725405 ] ] ] } },
{ "type": "Feature", "properties": { "HOM_ID": 76, "NAME_D": null, "NAME_IT": null, "REGION": "Oetztaler Alpen", "ALT_MIN": 2905.0, "ALT_MAX": 3147.0, "ALT_MEDIAN": 3029.0, "area_km2": 0.1020378667 }, "geometry": { "type": "Polygon", "coordinates": [ [ [ 10.669666626480101, 46.77762999616445 ], [ 10.669828989707444, 46.777276417121016 ], [ 10.669172453155904, 46.776780016813873 ], [ 10.669243720940417, 46.777543899771288 ], [ 10.668732321062505, 46.778099008265812 ], [ 10.666268587375114, 46.777724177399605 ], [ 10.666071630711281, 46.778221119944909 ], [ 10.66768752545007, 46.778234344925629 ], [ 10.666024751243572, 46.778527176260511 ], [ 10.669959598111832, 46.779398435913819 ], [ 10.671768137045811, 46.778758897154944 ], [ 10.672938858747953, 46.778789407380692 ], [ 10.673016246243083, 46.778547921396175 ], [ 10.675324422882138, 46.778654036671909 ], [ 10.675178519376662, 46.777721597821596 ], [ 10.674242237752212, 46.776991972088041 ], [ 10.673449283093893, 46.777423436619188 ], [ 10.673110950925233, 46.776990860574614 ], [ 10.672176870652279, 46.777605738932373 ], [ 10.6718991747051, 46.777032384545755 ], [ 10.671538815814712, 46.777847217589553 ], [ 10.671025422580657, 46.777917220017549 ], [ 10.670033877922091, 46.776955453082188 ], [ 10.669666626480101, 46.77762999616445 ] ] ] } },
{ "type": "Feature", "properties": { "HOM_ID": 77, "NAME_D": "Gawelzferner", "NAME_IT": "Vedretta di Gabelz", "REGION": "Oetztaler Alpen", "ALT_MIN": 2964.0, "ALT_MAX": 3221.0, "ALT_MEDIAN": 3091.0, "area_km2": 0.1619440969 }, "geometry": { "type": "Polygon", "coordinates": [ [ [ 10.678579017213366, 46.768084542842473 ], [ 10.680981693844611, 46.768769308656026 ], [ 10.681317492485659, 46.768602460768186 ], [ 10.680950300973251, 46.768205928614925 ], [ 10.678450629661986, 46.767590707358231 ], [ 10.677461025672068, 46.766828907302191 ], [ 10.674481618777783, 46.766521859289682 ], [ 10.673966499791335, 46.766784173472416 ], [ 10.674118171595682, 46.767093876773494 ], [ 10.673460237914371, 46.766994209856989 ], [ 10.672947967277523, 46.767318564361823 ], [ 10.674158070857549, 46.767603559567263 ], [ 10.674249658621143, 46.76832989152782 ], [ 10.673107870849297, 46.76861089419257 ], [ 10.674068413413845, 46.768686839546078 ], [ 10.674103265979808, 46.769006346881909 ], [ 10.672209365825422, 46.769818250986511 ], [ 10.672916952841804, 46.770174594291113 ], [ 10.672500885922991, 46.770334494927646 ], [ 10.672311715068274, 46.770997715795772 ], [ 10.672783175004579, 46.771239776616575 ], [ 10.672219141685405, 46.771701488785396 ], [ 10.671222617881782, 46.771790943846803 ], [ 10.671532956698039, 46.772054044357539 ], [ 10.67142247522483, 46.774032900535765 ], [ 10.671760555004436, 46.774374408973451 ], [ 10.672913669257115, 46.773336069981816 ], [ 10.672533909732438, 46.772823736118603 ], [ 10.672734234122082, 46.772410070595676 ], [ 10.672148872421687, 46.772260139718874 ], [ 10.672515616605494, 46.771792848676483 ], [ 10.673036853278562, 46.771892165152131 ], [ 10.673554094895763, 46.770772453481598 ], [ 10.674123959083579, 46.770918489915111 ], [ 10.675065894426334, 46.77053896982278 ], [ 10.674822848059859, 46.770211080492011 ], [ 10.675918953446834, 46.769588617557297 ], [ 10.677361677780107, 46.769886789517038 ], [ 10.676451204893823, 46.768934365389619 ], [ 10.677431816019286, 46.769219390060385 ], [ 10.677537861191874, 46.768974012889316 ], [ 10.676698882941986, 46.76862832061029 ], [ 10.678579017213366, 46.768084542842473 ] ] ] } },
{ "type": "Feature", "properties": { "HOM_ID": 81, "NAME_D": "Matscherferner", "NAME_IT": "Vedretta di Mazzia", "REGION": "Oetztaler Alpen", "ALT_MIN": 2730.0, "ALT_MAX": 3718.0, "ALT_MEDIAN": 3199.0, "area_km2": 2.8701403197 }, "geometry": { "type": "Polygon", "coordinates": [ [ [ 10.722667512021301, 46.798870446822292 ], [ 10.723822889937352, 46.797294106177816 ], [ 10.723491856742031, 46.797090509933426 ], [ 10.723992371517229, 46.795957196056712 ], [ 10.723683602025023, 46.793648671073584 ], [ 10.724987913946944, 46.794562118145883 ], [ 10.725616234306161, 46.794508912558172 ], [ 10.726198189528427, 46.794167974184091 ], [ 10.726105724951898, 46.7933907561046 ], [ 10.726532532073385, 46.793035882844606 ], [ 10.727123011437671, 46.79276695784543 ], [ 10.72763740847491, 46.793110639764201 ], [ 10.725931225698261, 46.795047919662267 ], [ 10.725874804857256, 46.796588032622097 ], [ 10.72613606629136, 46.797005658289379 ], [ 10.727047366137212, 46.795020635323866 ], [ 10.728183119075611, 46.79378243484657 ], [ 10.728568087794436, 46.792942288951465 ], [ 10.728367779626984, 46.789805144905223 ], [ 10.729682577678572, 46.786436522385898 ], [ 10.730905888389625, 46.78514938131427 ], [ 10.730360570451463, 46.783968992103084 ], [ 10.730673786206705, 46.783618522093086 ], [ 10.730415162868001, 46.783076688463375 ], [ 10.731075644440807, 46.782140931896535 ], [ 10.730036687855435, 46.781130874907788 ], [ 10.730378806824667, 46.780774252993737 ], [ 10.72961533737597, 46.780182906227907 ], [ 10.729175712215568, 46.778663751659288 ], [ 10.72701944695771, 46.779127771852366 ], [ 10.725737674648554, 46.778207058430588 ], [ 10.725785652209863, 46.777886317440981 ], [ 10.724926322646745, 46.777676405723042 ], [ 10.722629146365838, 46.778416768917424 ], [ 10.722677288772731, 46.779013220066055 ], [ 10.722271462052227, 46.779199340153227 ], [ 10.721471356762516, 46.779151376921988 ], [ 10.719841418253063, 46.777730093853393 ], [ 10.719415817060066, 46.778470817594993 ], [ 10.71837027274406, 46.778943693298451 ], [ 10.717748839255718, 46.779935936342049 ], [ 10.714870458560014, 46.780255022002564 ], [ 10.714361637096872, 46.779414500850613 ], [ 10.715406793534294, 46.779220847613331 ], [ 10.714893225797423, 46.778862375800522 ], [ 10.715294135272016, 46.778447827726211 ], [ 10.716349148160933, 46.778795389795228 ], [ 10.716817383956771, 46.778558135190238 ], [ 10.716809814753422, 46.777913429340195 ], [ 10.714661782464781, 46.77712274863088 ], [ 10.713531882902359, 46.777191121653289 ], [ 10.712370054502333, 46.777919674701621 ], [ 10.712833265070332, 46.778496798786357 ], [ 10.712274511921176, 46.779079785412137 ], [ 10.713434755254358, 46.780033379341624 ], [ 10.712761085776892, 46.78023990462269 ], [ 10.713308680840498, 46.780522539198948 ], [ 10.713150934953264, 46.781083817853023 ], [ 10.713988183955873, 46.781881009212221 ], [ 10.711294868502288, 46.78207561846073 ], [ 10.710609884167722, 46.781796436831833 ], [ 10.708132937063732, 46.781877317217273 ], [ 10.707022769510546, 46.781478981991754 ], [ 10.706102116411429, 46.781828922286131 ], [ 10.707969011872789, 46.784224854618508 ], [ 10.707992636727681, 46.784503621249002 ], [ 10.707258730687931, 46.784594619942162 ], [ 10.708048716225294, 46.785697283677564 ], [ 10.710889536244562, 46.786725834755792 ], [ 10.710551726271486, 46.78714162280292 ], [ 10.710326724993704, 46.786637485336236 ], [ 10.70900832996551, 46.786320921760719 ], [ 10.7094266759728, 46.787181402061663 ], [ 10.70885943936956, 46.78713415754919 ], [ 10.708669443180021, 46.787439868834937 ], [ 10.709246648180789, 46.787695083312862 ], [ 10.708851812029938, 46.788634996599988 ], [ 10.709233931574866, 46.788966450282722 ], [ 10.709028686573696, 46.789925757325719 ], [ 10.709541626071301, 46.789965240419441 ], [ 10.709659300594764, 46.789149152484455 ], [ 10.709908345719853, 46.78972260555652 ], [ 10.710077010672345, 46.789400067391007 ], [ 10.711099618013256, 46.790455094346051 ], [ 10.710164975002632, 46.790666310734188 ], [ 10.709554621644687, 46.790309698496884 ], [ 10.709443533091317, 46.790611373721227 ], [ 10.708482816235653, 46.789831394306958 ], [ 10.70846518934804, 46.789405920281872 ], [ 10.707587747296353, 46.789416161198076 ], [ 10.70703063904633, 46.790084509978669 ], [ 10.707313652213134, 46.790614601548945 ], [ 10.706657534164561, 46.791324736415199 ], [ 10.706119395395193, 46.791607062565859 ], [ 10.705963773465937, 46.791345083187615 ], [ 10.705171894919498, 46.791518800427127 ], [ 10.706087282173186, 46.792352986172823 ], [ 10.705114733516842, 46.793173240678968 ], [ 10.704926302998862, 46.793793223791248 ], [ 10.704402793781695, 46.793815309561523 ], [ 10.704201696999073, 46.794124464022531 ], [ 10.703285973481499, 46.793533900194873 ], [ 10.702732911736749, 46.793897317492693 ], [ 10.703386931937409, 46.794187599138638 ], [ 10.703345737882536, 46.794859675977619 ], [ 10.703771629046804, 46.794776188339199 ], [ 10.703545684125872, 46.795130999817147 ], [ 10.704327143386843, 46.794845061976865 ], [ 10.705330956440504, 46.795012972929051 ], [ 10.706882550743083, 46.794215510574517 ], [ 10.706686925588166, 46.793833003373635 ], [ 10.707014474530649, 46.793885263006942 ], [ 10.707420992702211, 46.793350288644127 ], [ 10.708618240425732, 46.793320987545535 ], [ 10.709063476583278, 46.792824273823719 ], [ 10.709988358851781, 46.792608063934701 ], [ 10.710728438684923, 46.792864574912741 ], [ 10.711236934446276, 46.792675532808516 ], [ 10.711605660048747, 46.791661678722363 ], [ 10.711336110071162, 46.790770423895637 ], [ 10.712374742692951, 46.790484206183329 ], [ 10.712871911238189, 46.789370990298607 ], [ 10.713449687190485, 46.789225189494168 ], [ 10.713689162924153, 46.789354966121486 ], [ 10.713266785463915, 46.789563683004779 ], [ 10.71397439552168, 46.78960368329259 ], [ 10.713330823153184, 46.789669872986174 ], [ 10.714502263933939, 46.790533325307443 ], [ 10.71444083362883, 46.791125748164248 ], [ 10.715008108671839, 46.791924844931394 ], [ 10.714533918139503, 46.792189108458572 ], [ 10.714187793544747, 46.791754573234876 ], [ 10.714651213293518, 46.793393128913408 ], [ 10.713955445806137, 46.793529444955077 ], [ 10.714236828038667, 46.793656188915875 ], [ 10.713818680739603, 46.793917228500561 ], [ 10.714220915978814, 46.79425390764937 ], [ 10.712637538273466, 46.794061110592743 ], [ 10.712105959232995, 46.793697617480348 ], [ 10.711536145761027, 46.794063304355255 ], [ 10.711306808705707, 46.79354034635832 ], [ 10.711146064675152, 46.794135554614378 ], [ 10.710142608788262, 46.794505972853145 ], [ 10.710294050470207, 46.795045404414545 ], [ 10.70971113518587, 46.794702907070224 ], [ 10.709806773206042, 46.79556859165411 ], [ 10.708536667513561, 46.796441076709144 ], [ 10.709278177743643, 46.796727637000991 ], [ 10.708793007204834, 46.797008707181895 ], [ 10.709336757401374, 46.79693510630721 ], [ 10.708993975427115, 46.797333104048221 ], [ 10.709744992939877, 46.797558190664468 ], [ 10.709552451060395, 46.797778952123849 ], [ 10.711157443160001, 46.798145680436122 ], [ 10.711726354663741, 46.797876144603109 ], [ 10.712001385531254, 46.797993049261294 ], [ 10.711183398983689, 46.798308157632313 ], [ 10.711525511827178, 46.7984687643646 ], [ 10.711008662051176, 46.798702219902005 ], [ 10.711159569558147, 46.798999979223154 ], [ 10.709781464228588, 46.798840570231356 ], [ 10.709828045467054, 46.799522767446916 ], [ 10.70874466408207, 46.799341797762459 ], [ 10.708982842719836, 46.798993794081021 ], [ 10.708622435073485, 46.799095133600588 ], [ 10.708134038415547, 46.798727406512079 ], [ 10.706579292240008, 46.798902399169251 ], [ 10.70658616065626, 46.799119570177794 ], [ 10.708067642695415, 46.799915959645702 ], [ 10.709116626668015, 46.799840554771173 ], [ 10.709780522821152, 46.800307803978178 ], [ 10.710965719174999, 46.800287230538792 ], [ 10.711481233449685, 46.800142371130789 ], [ 10.71176734535549, 46.799586634065875 ], [ 10.712685915843089, 46.799687179950993 ], [ 10.713950797926378, 46.79929393459679 ], [ 10.714866028878925, 46.797980153132457 ], [ 10.714646840979228, 46.797629133382159 ], [ 10.715203390712329, 46.79809276006484 ], [ 10.715533188432904, 46.799385391442257 ], [ 10.716171893903869, 46.799549860558905 ], [ 10.716336627722562, 46.799333931876774 ], [ 10.716758310064575, 46.799706196821731 ], [ 10.716738259904716, 46.799272189121766 ], [ 10.717884960094674, 46.798840629828341 ], [ 10.719594884768389, 46.799847659451743 ], [ 10.719554769686162, 46.799513721232685 ], [ 10.718681559199659, 46.799095865451946 ], [ 10.718630618427431, 46.798215114639333 ], [ 10.717670699273439, 46.796815168479675 ], [ 10.716588328592513, 46.796534252808549 ], [ 10.716866639433954, 46.796258633853604 ], [ 10.718526472058572, 46.796908719506916 ], [ 10.719825716503751, 46.799281184877763 ], [ 10.720143321548543, 46.798965679965441 ], [ 10.721037554419658, 46.799555963157331 ], [ 10.722667512021301, 46.798870446822292 ] ], [ [ 10.711059005102657, 46.799335065688545 ], [ 10.711063533581598, 46.799252559627718 ], [ 10.71122764826049, 46.799249305309161 ], [ 10.711059005102657, 46.799335065688545 ] ], [ [ 10.711580654329472, 46.798370790870898 ], [ 10.711525322524249, 46.798331616519043 ], [ 10.711596474007505, 46.798344838647829 ], [ 10.711580654329472, 46.798370790870898 ] ], [ [ 10.714427504919167, 46.797325865870661 ], [ 10.714435230997598, 46.797202281976226 ], [ 10.714616122957549, 46.797241002563602 ], [ 10.714427504919167, 46.797325865870661 ] ], [ [ 10.714218380139766, 46.794068460324269 ], [ 10.714484178789943, 46.793595405474321 ], [ 10.714835384307351, 46.793628239349012 ], [ 10.714218380139766, 46.794068460324269 ] ], [ [ 10.727512684454647, 46.792864814236481 ], [ 10.727700551909209, 46.792741210988879 ], [ 10.727792807573008, 46.793001478288382 ], [ 10.727512684454647, 46.792864814236481 ] ], [ [ 10.717562888959456, 46.792779943840998 ], [ 10.716861999049543, 46.791650558692368 ], [ 10.717523239337604, 46.791357039602296 ], [ 10.718726114504491, 46.792167663582468 ], [ 10.717562888959456, 46.792779943840998 ] ], [ [ 10.72058015486221, 46.79182598353519 ], [ 10.720388046271117, 46.791889827428314 ], [ 10.720156219357564, 46.791664729613508 ], [ 10.72058015486221, 46.79182598353519 ] ], [ [ 10.714753866623571, 46.790797137752001 ], [ 10.714674301127941, 46.790966196639232 ], [ 10.714588189362042, 46.790874624661903 ], [ 10.714753866623571, 46.790797137752001 ] ], [ [ 10.71576826502368, 46.790920837603117 ], [ 10.715117458118888, 46.790252462960524 ], [ 10.715377476561729, 46.790143797425358 ], [ 10.71508645558135, 46.789750275708656 ], [ 10.716795909219529, 46.790524682529984 ], [ 10.715846188397315, 46.790421065065885 ], [ 10.716254132605195, 46.790675442630089 ], [ 10.71576826502368, 46.790920837603117 ] ], [ [ 10.722281816271972, 46.790370261612011 ], [ 10.720175887246976, 46.789617191416355 ], [ 10.719485714084552, 46.789681862909774 ], [ 10.718715270608655, 46.7902156343794 ], [ 10.717957482630355, 46.789925741018088 ], [ 10.718096860631606, 46.790383673050584 ], [ 10.717583560293795, 46.790398523165734 ], [ 10.716471381865061, 46.78970822189855 ], [ 10.716581516903588, 46.789188410844446 ], [ 10.71563813604001, 46.789384425094177 ], [ 10.714696222278707, 46.788494873634356 ], [ 10.713699491679479, 46.788395803578666 ], [ 10.713035752811333, 46.787827933500118 ], [ 10.713230031013778, 46.786642526847373 ], [ 10.71377062090947, 46.786559717667636 ], [ 10.714059523707959, 46.785362455449999 ], [ 10.714752632063272, 46.785356831714871 ], [ 10.714218126130421, 46.785117208548797 ], [ 10.715241801074006, 46.784016947893058 ], [ 10.717144414479593, 46.78364946919617 ], [ 10.717107421588203, 46.784055761040641 ], [ 10.718679979861237, 46.784808955463582 ], [ 10.718792030758616, 46.784191048005688 ], [ 10.719985857328487, 46.783654786752905 ], [ 10.721904539404923, 46.783983090795068 ], [ 10.72186005137779, 46.784383788723751 ], [ 10.720537218354041, 46.784478287436535 ], [ 10.719847291443845, 46.785112901784167 ], [ 10.7210147651193, 46.787818755483926 ], [ 10.7210282028965, 46.788236045662039 ], [ 10.720460921483012, 46.788275055081023 ], [ 10.721143892042534, 46.788320359021675 ], [ 10.721652183371743, 46.788791391666436 ], [ 10.722281816271972, 46.790370261612011 ] ], [ [ 10.726050773465417, 46.78884168958065 ], [ 10.726540021076767, 46.788646941643229 ], [ 10.726105836596764, 46.788909686827083 ], [ 10.726050773465417, 46.78884168958065 ] ], [ [ 10.726627097107544, 46.788410463006706 ], [ 10.726422258543849, 46.788098089873046 ], [ 10.726987876547188, 46.78786414468415 ], [ 10.726627097107544, 46.788410463006706 ] ], [ [ 10.714859407473178, 46.790518160318371 ], [ 10.715307366115294, 46.790650739299259 ], [ 10.71500188896834, 46.790801754785846 ], [ 10.714859407473178, 46.790518160318371 ] ] ] } },
{ "type": "Feature", "properties": { "HOM_ID": 94, "NAME_D": "Steinschlagferner", "NAME_IT": "Vedretta delle Frane", "REGION": "Oetztaler Alpen", "ALT_MIN": 2876.0, "ALT_MAX": 3342.0, "ALT_MEDIAN": 3080.0, "area_km2": 0.7056740626 }, "geometry": { "type": "Polygon", "coordinates": [ [ [ 10.737389286118056, 46.783930758285742 ], [ 10.737443348837262, 46.783122211658075 ], [ 10.736820634132076, 46.783225065845002 ], [ 10.737504895776762, 46.782514637438155 ], [ 10.739525334346707, 46.781346076501805 ], [ 10.740532653273169, 46.781290199906429 ], [ 10.741431932678026, 46.780693149684737 ], [ 10.742515932687201, 46.780450443286462 ], [ 10.742190889336596, 46.780044655837123 ], [ 10.742572567694019, 46.779788829400445 ], [ 10.74386709670433, 46.779626240357075 ], [ 10.742425353500641, 46.779523198999243 ], [ 10.743451904773332, 46.779149897560941 ], [ 10.742901672928253, 46.778881479896263 ], [ 10.743696040991884, 46.778788899633611 ], [ 10.744859687997215, 46.778062786181913 ], [ 10.744457477310972, 46.777363737761355 ], [ 10.745538319608864, 46.777076188729325 ], [ 10.744352623843064, 46.776582337239894 ], [ 10.743879765194823, 46.776861086973945 ], [ 10.743306852044157, 46.776503509165146 ], [ 10.742264492345679, 46.776422952889554 ], [ 10.742003079800899, 46.776058199389901 ], [ 10.742749324617272, 46.775726817524429 ], [ 10.742205708584326, 46.775506511590564 ], [ 10.740693787910264, 46.775219409050379 ], [ 10.740231276826501, 46.775410838214398 ], [ 10.739353923778395, 46.775074418710773 ], [ 10.739297347288995, 46.775383868099418 ], [ 10.738474501019702, 46.775228961194166 ], [ 10.737670812511306, 46.77589972136969 ], [ 10.737150158391536, 46.775875483636156 ], [ 10.736991836000662, 46.776457263063783 ], [ 10.735649373606231, 46.776565750347707 ], [ 10.735106471962562, 46.776157279806249 ], [ 10.735459066076229, 46.775726255747998 ], [ 10.734353042383303, 46.775360086433388 ], [ 10.734280567970547, 46.774786865956337 ], [ 10.733529025484081, 46.775083986107212 ], [ 10.733673075354874, 46.776073288202028 ], [ 10.732028593049602, 46.776021047255824 ], [ 10.730794159668109, 46.776954064960506 ], [ 10.731216088892724, 46.777790586390068 ], [ 10.730809542517019, 46.778171462509974 ], [ 10.731603699921928, 46.778617805454594 ], [ 10.732367589719582, 46.778550344235434 ], [ 10.733299927745467, 46.779193550059418 ], [ 10.731167846385388, 46.779788571084104 ], [ 10.731814443214576, 46.780107376063071 ], [ 10.731038802388511, 46.780693431188446 ], [ 10.732715412208449, 46.781742399329161 ], [ 10.73149712439097, 46.782190228853857 ], [ 10.731837421875777, 46.782898612440746 ], [ 10.730953165659356, 46.783041006258166 ], [ 10.730985279389461, 46.783329108195232 ], [ 10.731653560662991, 46.783261415427674 ], [ 10.732112637232119, 46.784126083947179 ], [ 10.732636131862844, 46.78393800779795 ], [ 10.731947246586836, 46.784848627804692 ], [ 10.732582970816457, 46.785522171924015 ], [ 10.733067153749815, 46.784812418792747 ], [ 10.734447809842674, 46.784105349159425 ], [ 10.734824871560479, 46.783056223792457 ], [ 10.735378177824229, 46.782939251304747 ], [ 10.735627443438288, 46.783566938239034 ], [ 10.735131070415452, 46.785844907952821 ], [ 10.735692620716717, 46.785520896763309 ], [ 10.735730484810128, 46.784734549055734 ], [ 10.737389286118056, 46.783930758285742 ] ], [ [ 10.735287367192011, 46.781895299951678 ], [ 10.734694764325331, 46.78161524641483 ], [ 10.735357998921256, 46.781544471271488 ], [ 10.735287367192011, 46.781895299951678 ] ], [ [ 10.735588675878763, 46.780927610120024 ], [ 10.735323660382692, 46.780637798894311 ], [ 10.736215689616934, 46.780752359556949 ], [ 10.735588675878763, 46.780927610120024 ] ], [ [ 10.734085015655259, 46.77975212271518 ], [ 10.73374570914946, 46.77987155662197 ], [ 10.733597098096622, 46.779669035131754 ], [ 10.734085015655259, 46.77975212271518 ] ], [ [ 10.741905523098037, 46.776987265889893 ], [ 10.741967916035293, 46.776557720121218 ], [ 10.742070460269511, 46.776513299343293 ], [ 10.741905523098037, 46.776987265889893 ] ] ] } },
{ "type": "Feature", "properties": { "HOM_ID": 82, "NAME_D": "Oberettesferner", "NAME_IT": "Vedretta di Oberettes di Ponente", "REGION": "Oetztaler Alpen", "ALT_MIN": 2870.0, "ALT_MAX": 3244.0, "ALT_MEDIAN": 3054.0, "area_km2": 0.3175153166 }, "geometry": { "type": "Polygon", "coordinates": [ [ [ 10.729619808399221, 46.777030866675268 ], [ 10.731071723169308, 46.776619343436835 ], [ 10.730683659664415, 46.776354741706754 ], [ 10.73074056900321, 46.77540525577254 ], [ 10.729091739243158, 46.774307264109467 ], [ 10.729334833410977, 46.773846421238304 ], [ 10.728868702869905, 46.77305627806269 ], [ 10.728344950410262, 46.773064191050715 ], [ 10.727416353165074, 46.771986723228906 ], [ 10.725885041527684, 46.771199425603335 ], [ 10.725871646925629, 46.770509112065078 ], [ 10.726557651122919, 46.770558289283969 ], [ 10.726954468409991, 46.770504678468001 ], [ 10.7257002206949, 46.770431336097687 ], [ 10.724981405244497, 46.770060010982633 ], [ 10.725335345203035, 46.769911808240316 ], [ 10.724935948453412, 46.769124927848743 ], [ 10.723345083295674, 46.768302423485885 ], [ 10.723338830137514, 46.767291745486538 ], [ 10.722796229704443, 46.767228484499441 ], [ 10.72319922246702, 46.766825964281892 ], [ 10.721366770905107, 46.767064274301582 ], [ 10.721065511413411, 46.76739739704346 ], [ 10.721419126394466, 46.767721302330926 ], [ 10.722637526904755, 46.768112512408898 ], [ 10.721603889512544, 46.76829950851787 ], [ 10.721367447850309, 46.768926911720747 ], [ 10.722762432630915, 46.77072506691276 ], [ 10.722711780801427, 46.771540043229301 ], [ 10.724327906006955, 46.773204806225976 ], [ 10.722535838547877, 46.772367461115358 ], [ 10.724000750125519, 46.773312119390752 ], [ 10.724453510005326, 46.775250446643376 ], [ 10.724142319206502, 46.77570754266393 ], [ 10.724611226597158, 46.775848103070878 ], [ 10.723821300988298, 46.776283999542258 ], [ 10.723522766848328, 46.777072826619829 ], [ 10.72558591059323, 46.775632304760293 ], [ 10.725262086374292, 46.775239410752128 ], [ 10.726103004556018, 46.774223813700942 ], [ 10.726356694025844, 46.77487430951296 ], [ 10.725969761762132, 46.775520182956427 ], [ 10.72695792473853, 46.775988156531589 ], [ 10.726965003036106, 46.77665163950212 ], [ 10.727600368297802, 46.77688134618959 ], [ 10.729008571745798, 46.776645797005258 ], [ 10.729619808399221, 46.777030866675268 ] ] ] } },
{ "type": "Feature", "properties": { "HOM_ID": 92, "NAME_D": "Schwemserferner (Rossmurtferner)", "NAME_IT": "Vedretta di Oberettes di Levante", "REGION": "Oetztaler Alpen", "ALT_MIN": 3211.0, "ALT_MAX": 3356.0, "ALT_MEDIAN": 3270.0, "area_km2": 0.0380677771 }, "geometry": { "type": "Polygon", "coordinates": [ [ [ 10.733063384677822, 46.769986124472467 ], [ 10.731269077341171, 46.770994774716826 ], [ 10.731113435058994, 46.771568248893985 ], [ 10.732504501343064, 46.772352038728769 ], [ 10.73377788075128, 46.771084887453114 ], [ 10.734554237967693, 46.771087406756713 ], [ 10.735105134141374, 46.770759987995625 ], [ 10.734132155266007, 46.770809756715373 ], [ 10.733753487650441, 46.770109010225731 ], [ 10.733063384677822, 46.769986124472467 ] ] ] } },
{ "type": "Feature", "properties": { "HOM_ID": 91, "NAME_D": "Schwemserferner", "NAME_IT": "Vedretta di Oberettes di Levante", "REGION": "Oetztaler Alpen", "ALT_MIN": 2983.0, "ALT_MAX": 3236.0, "ALT_MEDIAN": 3117.0, "area_km2": 0.1718303033 }, "geometry": { "type": "Polygon", "coordinates": [ [ [ 10.729345136718747, 46.768585217387965 ], [ 10.730426100001401, 46.769494386677685 ], [ 10.731183777394657, 46.769537594244525 ], [ 10.731268568302973, 46.769328680332499 ], [ 10.73166060671725, 46.769623717218089 ], [ 10.732173884318408, 46.769290214222849 ], [ 10.73262343153684, 46.769390080597205 ], [ 10.732553455690983, 46.768768272644365 ], [ 10.73314688437152, 46.768361605929698 ], [ 10.733570879837979, 46.76855090809272 ], [ 10.733573835050914, 46.767995117471202 ], [ 10.734849020241475, 46.767812191890222 ], [ 10.734729174938707, 46.767360649068294 ], [ 10.7356549814576, 46.766505011289127 ], [ 10.735018138755425, 46.766231916214991 ], [ 10.735304061385822, 46.765828747126015 ], [ 10.734263867582968, 46.765808803246834 ], [ 10.735489935919571, 46.765360305108878 ], [ 10.736312170787132, 46.764528734723804 ], [ 10.734392319799277, 46.764414988920663 ], [ 10.734423745906135, 46.764638334415686 ], [ 10.733570545307769, 46.764829847235568 ], [ 10.733571503064448, 46.765615593175944 ], [ 10.73310367604304, 46.765722686341284 ], [ 10.730645009263617, 46.764907472906941 ], [ 10.731010557042676, 46.765285298618885 ], [ 10.730698889779418, 46.765588840762931 ], [ 10.729625955623206, 46.765671735921011 ], [ 10.730164374760239, 46.766624299759194 ], [ 10.729673070741322, 46.766734591167392 ], [ 10.728996369002106, 46.767703532261166 ], [ 10.729325137906224, 46.767620145597064 ], [ 10.729345136718747, 46.768585217387965 ] ] ] } },
{ "type": "Feature", "properties": { "HOM_ID": 83, "NAME_D": "Saldurferner Noerdlicher", "NAME_IT": "Vedretta di Saldura", "REGION": "Oetztaler Alpen", "ALT_MIN": 2830.0, "ALT_MAX": 3177.0, "ALT_MEDIAN": 2956.0, "area_km2": 0.1490580135 }, "geometry": { "type": "Polygon", "coordinates": [ [ [ 10.726775210337992, 46.746868661511833 ], [ 10.726170353476087, 46.747084072797051 ], [ 10.725944808767702, 46.747929022008528 ], [ 10.726908807402372, 46.748275890775858 ], [ 10.726947376513312, 46.748871524283878 ], [ 10.72871000682821, 46.749209151866872 ], [ 10.729476963404597, 46.749899190178802 ], [ 10.730217648557757, 46.749767892240129 ], [ 10.729287131766611, 46.748879291704625 ], [ 10.729530304539992, 46.748197003058152 ], [ 10.730293051332275, 46.748388775513334 ], [ 10.730579961891902, 46.747873968744919 ], [ 10.731137776040276, 46.747769095206635 ], [ 10.73223988307234, 46.748252541231146 ], [ 10.732704930357349, 46.748181606612036 ], [ 10.732938895766635, 46.747447987795766 ], [ 10.733877359593478, 46.746890163291212 ], [ 10.733896291408747, 46.74633362823505 ], [ 10.73319184550423, 46.745585783308378 ], [ 10.732639982575705, 46.745581499940535 ], [ 10.731268563517341, 46.744679395787927 ], [ 10.73057653384898, 46.744892137517759 ], [ 10.730843586499486, 46.745191505606016 ], [ 10.731335848502399, 46.74505763709206 ], [ 10.731260762002037, 46.746158626447325 ], [ 10.730884852190623, 46.746480364511115 ], [ 10.72808388393277, 46.746307792328402 ], [ 10.727423784788368, 46.74732339604212 ], [ 10.726775210337992, 46.746868661511833 ] ] ] } },
{ "type": "Feature", "properties": { "HOM_ID": 84, "NAME_D": "Saldurferner Suedlicher", "NAME_IT": "Vedretta di Saldura", "REGION": "Oetztaler Alpen", "ALT_MIN": 2801.0, "ALT_MAX": 3357.0, "ALT_MEDIAN": 3090.0, "area_km2": 0.4092504728 }, "geometry": { "type": "Polygon", "coordinates": [ [ [ 10.733339885610944, 46.743858541545855 ], [ 10.733252893751278, 46.743650972665058 ], [ 10.734819132771454, 46.743450367765817 ], [ 10.734514946053297, 46.742623656718258 ], [ 10.734801472875779, 46.742383328741056 ], [ 10.734147826276338, 46.74137064098494 ], [ 10.733337759752892, 46.741451683293036 ], [ 10.733354197285497, 46.740536699033107 ], [ 10.732691268175016, 46.741315921501048 ], [ 10.731497930253294, 46.741483819747351 ], [ 10.731621643522013, 46.740582959518967 ], [ 10.732096092350005, 46.740425946985788 ], [ 10.731233334664182, 46.740026970112183 ], [ 10.731362460806242, 46.739635454601263 ], [ 10.732523563765019, 46.739483028944683 ], [ 10.732900309113539, 46.738997863598961 ], [ 10.732456197915445, 46.73806065297758 ], [ 10.732730018808713, 46.737764334503495 ], [ 10.730727435790415, 46.737839596550451 ], [ 10.73030983749624, 46.73738892796927 ], [ 10.727376107332043, 46.737650517082535 ], [ 10.726799077869169, 46.738348451337913 ], [ 10.727666632081403, 46.738459652591949 ], [ 10.72704361425615, 46.73866554805214 ], [ 10.726564086865736, 46.739520681419648 ], [ 10.729785164305584, 46.738700394084141 ], [ 10.729818924506874, 46.739074461993944 ], [ 10.730752734056471, 46.738970440153359 ], [ 10.730792598662516, 46.739194583183057 ], [ 10.729742809356317, 46.739420224002039 ], [ 10.72908260008213, 46.739220440164388 ], [ 10.727597477316722, 46.74014560947797 ], [ 10.727534266758342, 46.740895719546188 ], [ 10.725771662316216, 46.740982253756606 ], [ 10.725249038156383, 46.74167935903133 ], [ 10.724425527054036, 46.741826622708231 ], [ 10.723782793020675, 46.741491696802029 ], [ 10.723133618824182, 46.741792194137119 ], [ 10.72377319363931, 46.742142560273088 ], [ 10.722937014918354, 46.742812156294086 ], [ 10.723413283979356, 46.74289069323558 ], [ 10.7229057152334, 46.743377797028728 ], [ 10.723459415789536, 46.743654136569873 ], [ 10.722989467179657, 46.744709119881044 ], [ 10.72356447625743, 46.745588460151815 ], [ 10.723761768870487, 46.745449486883501 ], [ 10.72434843547715, 46.745720646580807 ], [ 10.724245340007668, 46.746015534301748 ], [ 10.724535691859041, 46.745875158069332 ], [ 10.72504780711844, 46.746241215338422 ], [ 10.724901169710666, 46.74715720538024 ], [ 10.726775210337992, 46.746868661511833 ], [ 10.726608201723936, 46.745978203615863 ], [ 10.725832425915463, 46.745104968946436 ], [ 10.726617375248633, 46.745497669504502 ], [ 10.726717346051986, 46.744021261698101 ], [ 10.727938743254928, 46.743109452852117 ], [ 10.728647593831191, 46.743039748916161 ], [ 10.729414613470684, 46.742221034587992 ], [ 10.730168729202394, 46.742308014315569 ], [ 10.731441172617927, 46.743498039260373 ], [ 10.733339885610944, 46.743858541545855 ] ] ] } },
{ "type": "Feature", "properties": { "HOM_ID": 90, "NAME_D": "Lazaunferner Westlicher", "NAME_IT": "Vedretta di Lazaun", "REGION": "Oetztaler Alpen", "ALT_MIN": 2788.0, "ALT_MAX": 3405.0, "ALT_MEDIAN": 3094.0, "area_km2": 0.2100731018 }, "geometry": { "type": "Polygon", "coordinates": [ [ [ 10.736148864857315, 46.74107858362342 ], [ 10.73635342207837, 46.741359680867156 ], [ 10.735778108424118, 46.741537400281622 ], [ 10.734708431571487, 46.743719754216627 ], [ 10.73537999682231, 46.744093772550443 ], [ 10.735135655678631, 46.744288190555118 ], [ 10.735725901457309, 46.744832916180883 ], [ 10.735528456563468, 46.745094294587624 ], [ 10.736343448946668, 46.745112688443506 ], [ 10.736101131800284, 46.74580367972613 ], [ 10.736810954777878, 46.745612448131695 ], [ 10.737325214653948, 46.745943201510222 ], [ 10.73674824910729, 46.746384448949392 ], [ 10.737375659982105, 46.746599127926892 ], [ 10.738007205184395, 46.746447356626554 ], [ 10.738212684432375, 46.747064901813729 ], [ 10.738815212635787, 46.747005971075836 ], [ 10.738856305121095, 46.747288440990673 ], [ 10.73946015140762, 46.74726467992194 ], [ 10.739678710163863, 46.74779361696185 ], [ 10.74071916033426, 46.748017057043342 ], [ 10.740595293366061, 46.748917109329724 ], [ 10.745133789365328, 46.748869844823069 ], [ 10.745157845683501, 46.748300761028879 ], [ 10.743425667728793, 46.748531324631784 ], [ 10.743441516748593, 46.747707172667418 ], [ 10.742663540140461, 46.747923180741338 ], [ 10.741639866160741, 46.747756487561588 ], [ 10.742514232210883, 46.747240077755983 ], [ 10.741910187873026, 46.746928461597335 ], [ 10.741188344042975, 46.7470208692326 ], [ 10.740546153412264, 46.746622331441785 ], [ 10.74090758298084, 46.746427259612332 ], [ 10.739791701239758, 46.746031064045262 ], [ 10.740592926973001, 46.745659174949701 ], [ 10.740013368178836, 46.745667990904309 ], [ 10.739546808412989, 46.745013203274212 ], [ 10.739364639782025, 46.743746755810115 ], [ 10.737880221433576, 46.742931091608817 ], [ 10.737925204853532, 46.742288298082208 ], [ 10.736918373273983, 46.740859501098939 ], [ 10.736148864857315, 46.74107858362342 ] ] ] } },
{ "type": "Feature", "properties": { "HOM_ID": 89, "NAME_D": "Lazaunferner Oestlicher", "NAME_IT": "Vedretta di Lazaun", "REGION": "Oetztaler Alpen", "ALT_MIN": 2763.0, "ALT_MAX": 3310.0, "ALT_MEDIAN": 3011.0, "area_km2": 0.1852508259 }, "geometry": { "type": "Polygon", "coordinates": [ [ [ 10.743346978483473, 46.740413949440715 ], [ 10.739966331018088, 46.740859443233091 ], [ 10.739718941489695, 46.740479256874409 ], [ 10.740329852883141, 46.7402813591182 ], [ 10.739464579052362, 46.740186743947866 ], [ 10.738488282073611, 46.740295886864033 ], [ 10.738650820324446, 46.74047528703575 ], [ 10.738179875117792, 46.740455498859141 ], [ 10.738108185613648, 46.740785835398995 ], [ 10.738937734945049, 46.741528505763199 ], [ 10.739599610013062, 46.741611954712589 ], [ 10.739218617333208, 46.742128457948887 ], [ 10.740005432588452, 46.741704687780214 ], [ 10.74073054465792, 46.742073094329974 ], [ 10.740150433347807, 46.742254554397441 ], [ 10.740620476061626, 46.74255430930679 ], [ 10.741445723510125, 46.742186891040106 ], [ 10.74169821962349, 46.74266258767048 ], [ 10.742411862205605, 46.742728448332564 ], [ 10.74271582145442, 46.743069087586932 ], [ 10.742998966310811, 46.74406221917107 ], [ 10.741824360313158, 46.744845774173207 ], [ 10.740928580755828, 46.744757107005277 ], [ 10.741597088856608, 46.745009080819706 ], [ 10.741318975018764, 46.745326614370882 ], [ 10.74231311724019, 46.745292297465326 ], [ 10.742791144215946, 46.745694224417754 ], [ 10.7423905846134, 46.745709540960682 ], [ 10.743902677868629, 46.746927999117105 ], [ 10.74635277980018, 46.7473964525281 ], [ 10.745889475616934, 46.745680966561586 ], [ 10.746668608130094, 46.74557056107281 ], [ 10.744027169714656, 46.744109165880218 ], [ 10.744109006807255, 46.743228878640018 ], [ 10.744482628048441, 46.743420208279424 ], [ 10.744805510706898, 46.7431778429251 ], [ 10.74402236027823, 46.742820991479611 ], [ 10.744688782661704, 46.742065667809214 ], [ 10.744054195803427, 46.741529732051362 ], [ 10.744076031535965, 46.740695933320389 ], [ 10.743346978483473, 46.740413949440715 ] ] ] } },
{ "type": "Feature", "properties": { "HOM_ID": 88, "NAME_D": "Lagaunferner", "NAME_IT": "Vedretta di Lagaun", "REGION": "Oetztaler Alpen", "ALT_MIN": 2960.0, "ALT_MAX": 3363.0, "ALT_MEDIAN": 3194.0, "area_km2": 0.7994068677 }, "geometry": { "type": "Polygon", "coordinates": [ [ [ 10.732241287161072, 46.735211609971088 ], [ 10.732359748787626, 46.73603017776702 ], [ 10.732030485660681, 46.736130406720434 ], [ 10.732655558186092, 46.736208256867897 ], [ 10.732795310781581, 46.736549019212056 ], [ 10.73247703941073, 46.737239649429199 ], [ 10.733349251100201, 46.737708611700519 ], [ 10.733244917477936, 46.738127360630678 ], [ 10.733915802584084, 46.738183575379814 ], [ 10.734979264763036, 46.739289242341954 ], [ 10.736707366719623, 46.739975765700308 ], [ 10.736881118196411, 46.739255807531109 ], [ 10.738684991148276, 46.737836891303878 ], [ 10.738575445883253, 46.737408838065434 ], [ 10.739768703784403, 46.736771779013402 ], [ 10.739633551270478, 46.735956949077462 ], [ 10.740360968077534, 46.735416971326906 ], [ 10.739891351103724, 46.734512627921283 ], [ 10.740394856056593, 46.734016366937354 ], [ 10.74083627257499, 46.733915358521571 ], [ 10.741688931757395, 46.734698495579913 ], [ 10.742273301617262, 46.734533524137625 ], [ 10.743321690058769, 46.735419507635058 ], [ 10.743860894410018, 46.735225563217625 ], [ 10.744333543020122, 46.734455332905078 ], [ 10.744660149623842, 46.734488450815874 ], [ 10.745121189231646, 46.733281469034793 ], [ 10.744889257453504, 46.73279068946016 ], [ 10.745614052665404, 46.732071015338526 ], [ 10.74473664931198, 46.731795810392214 ], [ 10.744282042322595, 46.732131334418696 ], [ 10.743312888102027, 46.731974667556671 ], [ 10.745345436907465, 46.730572160281554 ], [ 10.74590757325304, 46.729706384697678 ], [ 10.745462994161775, 46.729321714628732 ], [ 10.744660549345722, 46.72956539879825 ], [ 10.742125969623366, 46.7295725928971 ], [ 10.740327183792035, 46.728942784954938 ], [ 10.740073958945839, 46.728692335197884 ], [ 10.74040459020217, 46.728507293642132 ], [ 10.738918021332083, 46.728281312129397 ], [ 10.739246549453908, 46.728547763580643 ], [ 10.73625168501699, 46.727936069986285 ], [ 10.735437368526055, 46.728328450318976 ], [ 10.7347002750718, 46.728045324319268 ], [ 10.734570144431006, 46.728393034186489 ], [ 10.735575218459834, 46.728894966909053 ], [ 10.73428074476703, 46.728957457479041 ], [ 10.73508151256825, 46.7308625811323 ], [ 10.733704035833831, 46.731189198213173 ], [ 10.733778402598656, 46.732342430977724 ], [ 10.732546552198833, 46.732286801688602 ], [ 10.732187774957357, 46.733540885499657 ], [ 10.732793322006591, 46.733763159052387 ], [ 10.733088608627112, 46.734418727633098 ], [ 10.732864801761618, 46.734956437188792 ], [ 10.732241287161072, 46.735211609971088 ] ] ] } },
{ "type": "Feature", "properties": { "HOM_ID": 85, "NAME_D": "Ramudlferner Noerdlicher", "NAME_IT": "Vedretta di Ramudla", "REGION": "Oetztaler Alpen", "ALT_MIN": 2761.0, "ALT_MAX": 3355.0, "ALT_MEDIAN": 3114.0, "area_km2": 0.3355531827 }, "geometry": { "type": "Polygon", "coordinates": [ [ [ 10.732432314523237, 46.729202477321365 ], [ 10.731477955832704, 46.729350285766607 ], [ 10.730143891577246, 46.727227580913535 ], [ 10.730361273548301, 46.727360906433262 ], [ 10.730614945596701, 46.727354207500682 ], [ 10.730075906962007, 46.726767060307445 ], [ 10.729483263360672, 46.72671591929052 ], [ 10.728196518639987, 46.727997514632861 ], [ 10.728353636078102, 46.728616198373217 ], [ 10.729129349419129, 46.729185466579523 ], [ 10.727903317981994, 46.729372849707715 ], [ 10.727371485658216, 46.728098696601855 ], [ 10.726828112354806, 46.728026763329453 ], [ 10.726742462842774, 46.728603322453615 ], [ 10.725484560098042, 46.72896574342009 ], [ 10.72508500125746, 46.730153782358563 ], [ 10.724328821593609, 46.730849203744576 ], [ 10.724277007254033, 46.731574075190672 ], [ 10.72280050709122, 46.731971838319247 ], [ 10.722513289685724, 46.732304755632391 ], [ 10.72381597472018, 46.732127667935146 ], [ 10.723657893756844, 46.732914241858921 ], [ 10.721927030083215, 46.73358037541044 ], [ 10.721785199025351, 46.732606257704802 ], [ 10.720176016213493, 46.732968581977097 ], [ 10.720481220553234, 46.734506946633907 ], [ 10.720916720800888, 46.734262286171536 ], [ 10.721601084529956, 46.734437716220718 ], [ 10.722239368505031, 46.733818546812934 ], [ 10.724412901838262, 46.733335551195708 ], [ 10.725395852762047, 46.732722046821976 ], [ 10.726336620245258, 46.732853818239064 ], [ 10.725681097892259, 46.733811638371243 ], [ 10.725921428916351, 46.734115175072382 ], [ 10.725277959906023, 46.734421535057812 ], [ 10.724617840007038, 46.735541558036658 ], [ 10.724931045308086, 46.735893048616767 ], [ 10.723964424161226, 46.736511466375219 ], [ 10.725234735005234, 46.736640897585445 ], [ 10.725715354302825, 46.735639681479867 ], [ 10.727179556264968, 46.735102887043503 ], [ 10.726947461141883, 46.734558737052907 ], [ 10.726158232960696, 46.734243039890835 ], [ 10.727524398076573, 46.733929177894915 ], [ 10.727482073061024, 46.733386034730245 ], [ 10.728519375736491, 46.732760757432878 ], [ 10.72916662267551, 46.731783615171572 ], [ 10.732823890410366, 46.731087186164672 ], [ 10.732102944183717, 46.730800453839834 ], [ 10.731457506227418, 46.730011721565702 ], [ 10.733043699319074, 46.729243579550356 ], [ 10.732952200182412, 46.728741459187901 ], [ 10.732432314523237, 46.729202477321365 ] ] ] } },
{ "type": "Feature", "properties": { "HOM_ID": 86, "NAME_D": "Ramudlferner Suedlicher", "NAME_IT": "Vedretta di Ramudla", "REGION": "Oetztaler Alpen", "ALT_MIN": 3060.0, "ALT_MAX": 3306.0, "ALT_MEDIAN": 3190.0, "area_km2": 0.1857629154 }, "geometry": { "type": "Polygon", "coordinates": [ [ [ 10.722319825979335, 46.726925087123774 ], [ 10.721543863537535, 46.727711098287344 ], [ 10.719206228887229, 46.728803227994675 ], [ 10.719947229343818, 46.729318733209297 ], [ 10.720022985956051, 46.729823159905031 ], [ 10.722306991061236, 46.729827159005914 ], [ 10.72382543227498, 46.729340901065228 ], [ 10.724893276813781, 46.728621189430093 ], [ 10.72454310848944, 46.728376317258984 ], [ 10.724987092608744, 46.728305469054668 ], [ 10.724855611293156, 46.727762699873907 ], [ 10.72614524915463, 46.726717531752342 ], [ 10.726944387987249, 46.726984553733793 ], [ 10.725946219576191, 46.727598101588342 ], [ 10.727297242049149, 46.727236022718934 ], [ 10.727821288213924, 46.727516818324531 ], [ 10.728267757813775, 46.727266011129089 ], [ 10.727942981486462, 46.727060086144213 ], [ 10.728349802394398, 46.726430536285271 ], [ 10.727618055647273, 46.725963162575439 ], [ 10.727736061840291, 46.725037148025002 ], [ 10.72723192718507, 46.723939305284581 ], [ 10.726538024633852, 46.723500348474666 ], [ 10.72649586568417, 46.723830808835125 ], [ 10.725617572700926, 46.72372445402879 ], [ 10.725790981254942, 46.724203888760968 ], [ 10.725119332738226, 46.725123754105738 ], [ 10.723980531508037, 46.726125388489052 ], [ 10.722319825979335, 46.726925087123774 ] ] ] } },
{ "type": "Feature", "properties": { "HOM_ID": 87, "NAME_D": "Ramudlferner Suedlicher", "NAME_IT": "Vedretta di Ramudla", "REGION": "Oetztaler Alpen", "ALT_MIN": 2965.0, "ALT_MAX": 3053.0, "ALT_MEDIAN": 3007.0, "area_km2": 0.0108800306 }, "geometry": { "type": "Polygon", "coordinates": [ [ [ 10.717057111052016, 46.726661852900158 ], [ 10.717715894571464, 46.726416829308825 ], [ 10.718165251894765, 46.725710631820426 ], [ 10.71736109182465, 46.725329823903735 ], [ 10.716593881842581, 46.725567543336979 ], [ 10.717057111052016, 46.726661852900158 ] ] ] } },
{ "type": "Feature", "properties": { "HOM_ID": 87, "NAME_D": "Ramudlferner Suedlicher", "NAME_IT": "Vedretta di Ramudla", "REGION": "Oetztaler Alpen", "ALT_MIN": 3114.0, "ALT_MAX": 3131.0, "ALT_MEDIAN": 3120.0, "area_km2": 0.0023044121 }, "geometry": { "type": "Polygon", "coordinates": [ [ [ 10.718848621589567, 46.724300970851694 ], [ 10.719302448633186, 46.724308438031983 ], [ 10.71959804070838, 46.72380396303258 ], [ 10.718881607489175, 46.72403141025891 ], [ 10.718848621589567, 46.724300970851694 ] ] ] } },
{ "type": "Feature", "properties": { "HOM_ID": 96, "NAME_D": "Hochjochferner", "NAME_IT": "Vedretta di Giogo Alto", "REGION": "Oetztaler Alpen", "ALT_MIN": 2749.0, "ALT_MAX": 3204.0, "ALT_MEDIAN": 3001.0, "area_km2": 1.0530798779 }, "geometry": { "type": "Polygon", "coordinates": [ [ [ 10.801542779199638, 46.786277743188485 ], [ 10.812647476410254, 46.77654257708712 ], [ 10.812817221459399, 46.775794325677886 ], [ 10.811188691890427, 46.776297762927101 ], [ 10.810693984933806, 46.776056086962825 ], [ 10.811047442220046, 46.775640944691283 ], [ 10.810512965150991, 46.775825604651153 ], [ 10.810955208848336, 46.775370959588756 ], [ 10.810415880086834, 46.77561760451291 ], [ 10.810205372075544, 46.774920893356544 ], [ 10.810580181194034, 46.77472923761357 ], [ 10.810029850829027, 46.774647463646254 ], [ 10.81029602288393, 46.774109887195095 ], [ 10.809985708270128, 46.774157656387068 ], [ 10.8099969203122, 46.773871748276584 ], [ 10.810361307477168, 46.77270778620877 ], [ 10.811220804901117, 46.772005602220169 ], [ 10.810481427174487, 46.771048526009501 ], [ 10.809612610261318, 46.770842375431869 ], [ 10.809318839820046, 46.770016854982195 ], [ 10.808481180152931, 46.769840204374255 ], [ 10.808050749590675, 46.770647055640964 ], [ 10.807548180038628, 46.770582643363568 ], [ 10.806596481942851, 46.771181487510539 ], [ 10.805996692793951, 46.770821442541013 ], [ 10.805744697242774, 46.770125378562732 ], [ 10.80527643407429, 46.770008950891224 ], [ 10.805278516054976, 46.769656516021392 ], [ 10.805782453079674, 46.769596178721976 ], [ 10.805238400131941, 46.769285697936574 ], [ 10.804322820382666, 46.770094442078047 ], [ 10.803041818474108, 46.769715597462067 ], [ 10.803296760056799, 46.769878256394549 ], [ 10.802843056012554, 46.769990174874152 ], [ 10.8023066768703, 46.76949383329999 ], [ 10.801859960169852, 46.76981517437472 ], [ 10.800842496182078, 46.769440693898559 ], [ 10.800751002281793, 46.769856413116777 ], [ 10.797817726886302, 46.769811108527918 ], [ 10.798831572345318, 46.770535217370387 ], [ 10.799053397822458, 46.771451784372509 ], [ 10.798124326926116, 46.771900701312752 ], [ 10.798891629847079, 46.773337296899761 ], [ 10.800237490507499, 46.774661922115769 ], [ 10.800454222503509, 46.776172887384931 ], [ 10.802052272739131, 46.776576325212375 ], [ 10.802987346348639, 46.77728666784818 ], [ 10.804039176609113, 46.778908009098757 ], [ 10.803651846702088, 46.77943703577666 ], [ 10.804032282801222, 46.780071042454153 ], [ 10.803362528128483, 46.78027021541704 ], [ 10.802576672853332, 46.781196906666366 ], [ 10.801625308184855, 46.78087261740297 ], [ 10.801933064717582, 46.78121422003818 ], [ 10.801189712612706, 46.782465282510259 ], [ 10.800207621981782, 46.782327158375629 ], [ 10.800427154909766, 46.78267372492401 ], [ 10.799476162029524, 46.78268868583087 ], [ 10.800293711398041, 46.783193711902989 ], [ 10.799978512863166, 46.783131041651686 ], [ 10.800034397863946, 46.785240766250247 ], [ 10.799732500011368, 46.785231228956846 ], [ 10.800210260448385, 46.785352709878509 ], [ 10.800361493608278, 46.78584994040768 ], [ 10.801542779199638, 46.786277743188485 ] ] ] } },
{ "type": "Feature", "properties": { "HOM_ID": 96, "NAME_D": "Hochjochferner", "NAME_IT": "Vedretta di Giogo Alto", "REGION": "Oetztaler Alpen", "ALT_MIN": 3085.0, "ALT_MAX": 3204.0, "ALT_MEDIAN": 3137.0, "area_km2": 0.0229270279 }, "geometry": { "type": "Polygon", "coordinates": [ [ [ 10.810736025650385, 46.774229068828362 ], [ 10.813371910604019, 46.774023383227217 ], [ 10.814127465511401, 46.773431013833715 ], [ 10.813105841021402, 46.773066232449409 ], [ 10.812874892788471, 46.773284191117675 ], [ 10.812049677104721, 46.773091894092026 ], [ 10.810590162298823, 46.773909929711074 ], [ 10.810736025650385, 46.774229068828362 ] ] ] } },
{ "type": "Feature", "properties": { "HOM_ID": 101, "NAME_D": "Hochjochferner", "NAME_IT": "Vedretta di Giogo Alto", "REGION": "Oetztaler Alpen", "ALT_MIN": 3304.0, "ALT_MAX": 3365.0, "ALT_MEDIAN": 3313.0, "area_km2": 0.0221002015 }, "geometry": { "type": "Polygon", "coordinates": [ [ [ 10.83517795135565, 46.781319549266428 ], [ 10.836962817681405, 46.78188689472659 ], [ 10.838458722688525, 46.781153773996103 ], [ 10.836625449372248, 46.780464130456153 ], [ 10.836505181205805, 46.781055381693854 ], [ 10.835594207626192, 46.780869988317455 ], [ 10.83517795135565, 46.781319549266428 ] ] ] } },
{ "type": "Feature", "properties": { "HOM_ID": 97, "NAME_D": "Finailferner", "NAME_IT": "Vedretta  di Finale", "REGION": "Oetztaler Alpen", "ALT_MIN": 3225.0, "ALT_MAX": 3257.0, "ALT_MEDIAN": 3236.0, "area_km2": 0.0062244499 }, "geometry": { "type": "Polygon", "coordinates": [ [ [ 10.814889456617129, 46.774699056631484 ], [ 10.816222462113087, 46.774660045429592 ], [ 10.815570208407687, 46.774459075621408 ], [ 10.81650241278723, 46.774096043781782 ], [ 10.814859172118348, 46.774184625348411 ], [ 10.815321835932178, 46.774287410998831 ], [ 10.814889456617129, 46.774699056631484 ] ] ] } },
{ "type": "Feature", "properties": { "HOM_ID": 97, "NAME_D": "Finailferner", "NAME_IT": "Vedretta  di Finale", "REGION": "Oetztaler Alpen", "ALT_MIN": 3262.0, "ALT_MAX": 3301.0, "ALT_MEDIAN": 3276.0, "area_km2": 0.0042005658 }, "geometry": { "type": "Polygon", "coordinates": [ [ [ 10.818516894334072, 46.774144011005653 ], [ 10.818796559275928, 46.773803831344772 ], [ 10.818368276764614, 46.773435617014144 ], [ 10.8173246832348, 46.773937941680643 ], [ 10.818516894334072, 46.774144011005653 ] ] ] } },
{ "type": "Feature", "properties": { "HOM_ID": 97, "NAME_D": "Finailferner", "NAME_IT": "Vedretta  di Finale", "REGION": "Oetztaler Alpen", "ALT_MIN": 3352.0, "ALT_MAX": 3383.0, "ALT_MEDIAN": 3357.0, "area_km2": 0.0028685793 }, "geometry": { "type": "Polygon", "coordinates": [ [ [ 10.822266203120696, 46.774567000192334 ], [ 10.820629697133963, 46.774135883437637 ], [ 10.82005669280028, 46.77425572116033 ], [ 10.821710748167124, 46.774436551706792 ], [ 10.822266203120696, 46.774567000192334 ] ] ] } },
{ "type": "Feature", "properties": { "HOM_ID": 97, "NAME_D": "Finailferner", "NAME_IT": "Vedretta  di Finale", "REGION": "Oetztaler Alpen", "ALT_MIN": 3342.0, "ALT_MAX": 3366.0, "ALT_MEDIAN": 3354.0, "area_km2": 0.0022498785 }, "geometry": { "type": "Polygon", "coordinates": [ [ [ 10.821384912510057, 46.77402385717334 ], [ 10.821101871333306, 46.773492616316638 ], [ 10.820610782358198, 46.773729017163632 ], [ 10.820813255566513, 46.774029384681441 ], [ 10.821384912510057, 46.77402385717334 ] ] ] } },
{ "type": "Feature", "properties": { "HOM_ID": 102, "NAME_D": "Hauslabferner", "NAME_IT": null, "REGION": "Oetztaler Alpen", "ALT_MIN": 3186.0, "ALT_MAX": 3195.0, "ALT_MEDIAN": 3189.0, "area_km2": 0.0047957979 }, "geometry": { "type": "Polygon", "coordinates": [ [ [ 10.841617946360977, 46.779053131498237 ], [ 10.841586042466268, 46.778575045449301 ], [ 10.84197165445809, 46.778600982866145 ], [ 10.841132440668378, 46.778232325073589 ], [ 10.840764524697857, 46.778420398251029 ], [ 10.841020100365721, 46.778902029316669 ], [ 10.841617946360977, 46.779053131498237 ] ] ] } },
{ "type": "Feature", "properties": { "HOM_ID": 102, "NAME_D": "Hauslabferner", "NAME_IT": null, "REGION": "Oetztaler Alpen", "ALT_MIN": 3215.0, "ALT_MAX": 3232.0, "ALT_MEDIAN": 3224.0, "area_km2": 0.0042775088 }, "geometry": { "type": "Polygon", "coordinates": [ [ [ 10.840360310965982, 46.779984137368338 ], [ 10.840765426613419, 46.779666887313077 ], [ 10.839760896390194, 46.779329452230272 ], [ 10.840006127648127, 46.779507661753506 ], [ 10.839379237571601, 46.779724897138358 ], [ 10.840360310965982, 46.779984137368338 ] ] ] } },
{ "type": "Feature", "properties": { "HOM_ID": 103, "NAME_D": "Niederjochferner", "NAME_IT": "Vedretta di Giogo Basso", "REGION": "Oetztaler Alpen", "ALT_MIN": 2965.0, "ALT_MAX": 3318.0, "ALT_MEDIAN": 3084.0, "area_km2": 0.4574371201 }, "geometry": { "type": "Polygon", "coordinates": [ [ [ 10.86364266659333, 46.772708792401204 ], [ 10.863503398678766, 46.771876604805541 ], [ 10.866201037248077, 46.771915495608155 ], [ 10.866443321566042, 46.77212727091689 ], [ 10.866471594947452, 46.771922511282455 ], [ 10.867147248144169, 46.771948631703346 ], [ 10.866951691892369, 46.771601834905496 ], [ 10.867512494244609, 46.771818215233935 ], [ 10.868586205562181, 46.766441850691848 ], [ 10.866962573572588, 46.765550386277809 ], [ 10.866327403751487, 46.765700759018841 ], [ 10.865417433255931, 46.766804239082511 ], [ 10.865810311005674, 46.767343580754954 ], [ 10.865532620819863, 46.768349579767801 ], [ 10.866109924587841, 46.768433048690696 ], [ 10.865816381680624, 46.768843575967047 ], [ 10.862988333764674, 46.768802686348629 ], [ 10.862335651053849, 46.76934608343997 ], [ 10.860175984532452, 46.768804488749261 ], [ 10.859103158721599, 46.769450537884907 ], [ 10.857883680847765, 46.769460822580633 ], [ 10.857481484017296, 46.769857853941716 ], [ 10.855013613694139, 46.770361680101146 ], [ 10.855088913488888, 46.771141459615315 ], [ 10.854558824361513, 46.771650084195031 ], [ 10.855096679197651, 46.772174730594507 ], [ 10.854923503033584, 46.773274801264172 ], [ 10.855254308311181, 46.773799027473643 ], [ 10.86364266659333, 46.772708792401204 ] ], [ [ 10.859030251607054, 46.770017233180297 ], [ 10.859167317507852, 46.769972146195961 ], [ 10.85910025966785, 46.77003752589772 ], [ 10.859030251607054, 46.770017233180297 ] ] ] } },
{ "type": "Feature", "properties": { "HOM_ID": 103, "NAME_D": "Niederjochferner", "NAME_IT": "Vedretta di Giogo Basso", "REGION": "Oetztaler Alpen", "ALT_MIN": 3137.0, "ALT_MAX": 3233.0, "ALT_MEDIAN": 3177.0, "area_km2": 0.0358239697 }, "geometry": { "type": "Polygon", "coordinates": [ [ [ 10.862176240266029, 46.768687684587704 ], [ 10.863485479850494, 46.768266342069943 ], [ 10.862854285944367, 46.767447998048716 ], [ 10.863883678823978, 46.767755061900843 ], [ 10.864043593914451, 46.76817153063287 ], [ 10.865061159307801, 46.767893710001992 ], [ 10.865132281006979, 46.767296320136509 ], [ 10.864672543893141, 46.766827593593923 ], [ 10.863688051041001, 46.766710207947305 ], [ 10.863250236625072, 46.767077480550867 ], [ 10.8626511529342, 46.767044597361611 ], [ 10.862752946788515, 46.767435090609993 ], [ 10.861862868594683, 46.767056554737508 ], [ 10.862075441298531, 46.767342399460333 ], [ 10.861330005440566, 46.767733124318099 ], [ 10.861195953129902, 46.768217477762903 ], [ 10.861840962086008, 46.768612184342736 ], [ 10.862047983293014, 46.768384991552729 ], [ 10.862176240266029, 46.768687684587704 ] ] ] } },
{ "type": "Feature", "properties": { "HOM_ID": 105, "NAME_D": "Grafferner", "NAME_IT": "Vedretta di Grava", "REGION": "Oetztaler Alpen", "ALT_MIN": 3007.0, "ALT_MAX": 3522.0, "ALT_MEDIAN": 3321.0, "area_km2": 1.8743218728 }, "geometry": { "type": "Polygon", "coordinates": [ [ [ 10.896924767911003, 46.769758769804383 ], [ 10.898750609978128, 46.768582695355533 ], [ 10.899936345621928, 46.768717305285804 ], [ 10.904748079292801, 46.767902963088588 ], [ 10.904470916417095, 46.766764647588367 ], [ 10.903843265884854, 46.766417928260196 ], [ 10.903819857470008, 46.765989718887923 ], [ 10.902631553879688, 46.765426593045753 ], [ 10.899708548852765, 46.765077998669291 ], [ 10.897785357538641, 46.763124075019029 ], [ 10.897208957307299, 46.761747831637614 ], [ 10.895817840102639, 46.760850833208416 ], [ 10.894485092308466, 46.757639271406603 ], [ 10.893423765026023, 46.757013545338467 ], [ 10.894046537065185, 46.756988949903892 ], [ 10.893660230576209, 46.756642941077281 ], [ 10.894354170567677, 46.756474299756334 ], [ 10.894018762333939, 46.755998868839413 ], [ 10.894442698826808, 46.755244181899499 ], [ 10.893905410501988, 46.753357715065704 ], [ 10.893153005551222, 46.753028735691146 ], [ 10.893103660637754, 46.752623317129434 ], [ 10.892380524712339, 46.752575771363922 ], [ 10.891787493948851, 46.75154836765482 ], [ 10.891469350318465, 46.752910860248036 ], [ 10.890892301992249, 46.752577520413858 ], [ 10.890588922592109, 46.752936842664241 ], [ 10.890149668461049, 46.752858381083129 ], [ 10.890036508541945, 46.752594519444408 ], [ 10.889966195041483, 46.752961418629539 ], [ 10.888886109105675, 46.753222130348803 ], [ 10.888297869671877, 46.752806098922896 ], [ 10.887354723017189, 46.753535995206178 ], [ 10.885776784730437, 46.75251623290081 ], [ 10.885251608220287, 46.751647194923933 ], [ 10.885059722100785, 46.752696633508684 ], [ 10.884087693265668, 46.752842160502759 ], [ 10.883463160049313, 46.753709643112352 ], [ 10.883772332471324, 46.755942842855788 ], [ 10.880882577822419, 46.75618560761604 ], [ 10.878493342859755, 46.757539234093741 ], [ 10.877906426489652, 46.75820767430217 ], [ 10.878299236012449, 46.758413905892887 ], [ 10.87802357151425, 46.758604189692228 ], [ 10.879919369911653, 46.760167409446062 ], [ 10.881047996711711, 46.760457005048529 ], [ 10.881000333057925, 46.762372196693505 ], [ 10.881484634779692, 46.762133234692378 ], [ 10.88143759329807, 46.762690027401426 ], [ 10.881959807804671, 46.76240543644743 ], [ 10.883321304285356, 46.762455449371927 ], [ 10.883860823989821, 46.760282587047655 ], [ 10.884338597221062, 46.760271861417735 ], [ 10.88583619217756, 46.761247249076277 ], [ 10.885841138310846, 46.76162719206112 ], [ 10.884835274626441, 46.762352384463156 ], [ 10.884284166341578, 46.763916424956371 ], [ 10.883872744717392, 46.764042255669686 ], [ 10.884033413749183, 46.764426539475103 ], [ 10.886756737474192, 46.765262667598414 ], [ 10.886860564359194, 46.76575503471333 ], [ 10.887940543331775, 46.76641583239774 ], [ 10.889112781667816, 46.767979915958776 ], [ 10.890617840731043, 46.768407463370202 ], [ 10.891467730661917, 46.768185068798218 ], [ 10.893948185402124, 46.76859943627975 ], [ 10.893988545161815, 46.768327322916186 ], [ 10.894776336295484, 46.768379996710621 ], [ 10.896924767911003, 46.769758769804383 ] ] ] } },
{ "type": "Feature", "properties": { "HOM_ID": 106, "NAME_D": "Stockferner", "NAME_IT": null, "REGION": "Oetztaler Alpen", "ALT_MIN": 2899.0, "ALT_MAX": 3302.0, "ALT_MEDIAN": 3020.0, "area_km2": 0.1142942312 }, "geometry": { "type": "Polygon", "coordinates": [ [ [ 10.901459579163864, 46.762439042227463 ], [ 10.902928261528684, 46.761909233002683 ], [ 10.903052454596569, 46.761303556777058 ], [ 10.903609524044152, 46.761085216573321 ], [ 10.902959852766553, 46.760642423324022 ], [ 10.902386858136387, 46.760775885089814 ], [ 10.902851064850353, 46.760504938567614 ], [ 10.902822284333958, 46.759849149188824 ], [ 10.903527955774919, 46.759187997548473 ], [ 10.904270685312945, 46.759125634376332 ], [ 10.905342991793876, 46.758477155337935 ], [ 10.905810196166019, 46.757725277537901 ], [ 10.904018719983124, 46.758505156017712 ], [ 10.903790625674876, 46.75793153320425 ], [ 10.902433204615125, 46.758001736405809 ], [ 10.901508605109012, 46.758802872802725 ], [ 10.901518318051414, 46.759266630834979 ], [ 10.899600869111994, 46.760068387986514 ], [ 10.899578963079561, 46.760790051446506 ], [ 10.896624059386012, 46.760707882933659 ], [ 10.896119238745545, 46.760885904676435 ], [ 10.897050314501461, 46.761129414741724 ], [ 10.89850683892023, 46.760795709624531 ], [ 10.899610853398867, 46.760890243659922 ], [ 10.900002156765307, 46.761127427966976 ], [ 10.899628921751923, 46.761766421497036 ], [ 10.901459579163864, 46.762439042227463 ] ] ] } },
{ "type": "Feature", "properties": { "HOM_ID": 107, "NAME_D": "Scharferner", "NAME_IT": "Vedretta Sara", "REGION": "Oetztaler Alpen", "ALT_MIN": 3019.0, "ALT_MAX": 3451.0, "ALT_MEDIAN": 3164.0, "area_km2": 0.1295984825 }, "geometry": { "type": "Polygon", "coordinates": [ [ [ 10.911999918710684, 46.769488157013413 ], [ 10.91253956761207, 46.768580270019896 ], [ 10.913499595221937, 46.76817599768674 ], [ 10.913548744826334, 46.76535713733572 ], [ 10.914015663687493, 46.764843341330774 ], [ 10.913823961851573, 46.764322705450603 ], [ 10.913209077895919, 46.764082973805372 ], [ 10.912560390772207, 46.764111678574224 ], [ 10.911718630082595, 46.764804362872148 ], [ 10.909970737931298, 46.767964412769011 ], [ 10.908044527555292, 46.768207975944897 ], [ 10.907947563160755, 46.768406034458017 ], [ 10.909157741990109, 46.768378702140495 ], [ 10.907749318139238, 46.768827223608547 ], [ 10.908113106759872, 46.769282793358386 ], [ 10.909736281285264, 46.769027124292485 ], [ 10.911999918710684, 46.769488157013413 ] ] ] } },
{ "type": "Feature", "properties": { "HOM_ID": 108, "NAME_D": "Scharferner", "NAME_IT": "Vedretta Sara", "REGION": "Oetztaler Alpen", "ALT_MIN": 3400.0, "ALT_MAX": 3536.0, "ALT_MEDIAN": 3465.0, "area_km2": 0.0166087291 }, "geometry": { "type": "Polygon", "coordinates": [ [ [ 10.913234268096794, 46.772316685056985 ], [ 10.914322956020063, 46.77174367686159 ], [ 10.913957556414525, 46.771740809850932 ], [ 10.913902831572326, 46.770743498736749 ], [ 10.913442225139963, 46.770305213130364 ], [ 10.91278145336398, 46.770520779181311 ], [ 10.913312686854663, 46.7713998392721 ], [ 10.912461015219803, 46.77120110332141 ], [ 10.913234268096794, 46.772316685056985 ] ] ] } },
{ "type": "Feature", "properties": { "HOM_ID": 109, "NAME_D": "Rossbergferner", "NAME_IT": "Vedretta delle Fosse", "REGION": "Oetztaler Alpen", "ALT_MIN": 2927.0, "ALT_MAX": 3384.0, "ALT_MEDIAN": 3074.0, "area_km2": 0.2490219011 }, "geometry": { "type": "Polygon", "coordinates": [ [ [ 10.921678407169184, 46.774726346828167 ], [ 10.923233802060109, 46.774915595206281 ], [ 10.923988313872455, 46.774884062602816 ], [ 10.924234370293329, 46.77474128386627 ], [ 10.923583492212716, 46.774618680615795 ], [ 10.924084574085022, 46.774441671867869 ], [ 10.924070736954844, 46.774053308355199 ], [ 10.923022055684303, 46.774502396069245 ], [ 10.923127943877734, 46.772220471237119 ], [ 10.922422485874606, 46.770878973214316 ], [ 10.922956176357491, 46.770684277384433 ], [ 10.923762877835193, 46.771149317784207 ], [ 10.924437237445424, 46.771109403072423 ], [ 10.925405280685395, 46.770850242263371 ], [ 10.925640395782169, 46.77044625937797 ], [ 10.924963246128167, 46.76934210749679 ], [ 10.922233761160062, 46.767328939617521 ], [ 10.92216911125171, 46.766972859757608 ], [ 10.922496420719925, 46.766841900640877 ], [ 10.922812566109858, 46.767092412825185 ], [ 10.923367896132598, 46.766630668114146 ], [ 10.92312849780472, 46.766082072150525 ], [ 10.921623125663196, 46.765558725547017 ], [ 10.922100844891805, 46.768706261520393 ], [ 10.920474282692737, 46.767548977243557 ], [ 10.919351843866629, 46.766192724854989 ], [ 10.918694307477468, 46.767924103806564 ], [ 10.918915039940444, 46.769016305177097 ], [ 10.919908478735247, 46.770056848276184 ], [ 10.919338561666894, 46.770695023115032 ], [ 10.917904434816789, 46.770419054382756 ], [ 10.920289385881436, 46.771570964376444 ], [ 10.920153779929537, 46.772084701464067 ], [ 10.921490780128904, 46.773428055079236 ], [ 10.921613394657554, 46.774068893236695 ], [ 10.922555507269973, 46.774364513926059 ], [ 10.92251095662566, 46.774629907841145 ], [ 10.921678407169184, 46.774726346828167 ] ] ] } },
{ "type": "Feature", "properties": { "HOM_ID": 111, "NAME_D": "Gurglerferner", "NAME_IT": null, "REGION": "Oetztaler Alpen", "ALT_MIN": null, "ALT_MAX": null, "ALT_MEDIAN": null, "area_km2": 0.0243024683 }, "geometry": { "type": "Polygon", "coordinates": [ [ [ 10.98895454193771, 46.768637246549083 ], [ 10.991832344466621, 46.768640684108597 ], [ 10.992067556264157, 46.767988796963266 ], [ 10.991484688939421, 46.767594155486847 ], [ 10.990767169192289, 46.767682839400123 ], [ 10.990221749306263, 46.766987520342113 ], [ 10.98895454193771, 46.768637246549083 ] ] ] } },
{ "type": "Feature", "properties": { "HOM_ID": 112, "NAME_D": "Kesselferner", "NAME_IT": null, "REGION": "Oetztaler Alpen", "ALT_MIN": 2957.0, "ALT_MAX": 3334.0, "ALT_MEDIAN": 3120.0, "area_km2": 0.1876627884 }, "geometry": { "type": "Polygon", "coordinates": [ [ [ 11.012385321579503, 46.768857761147757 ], [ 11.013131782345166, 46.768383882376774 ], [ 11.013797083439144, 46.768800773505248 ], [ 11.013572313167568, 46.767275867218167 ], [ 11.014078044393727, 46.76745626310575 ], [ 11.014831884333598, 46.766995340074459 ], [ 11.01991930203155, 46.76585544890041 ], [ 11.02086253885777, 46.765261406070024 ], [ 11.0201819159777, 46.764898401144869 ], [ 11.020386107965912, 46.764567391598568 ], [ 11.021158745323516, 46.76391679591999 ], [ 11.021140096099293, 46.763881408288611 ], [ 11.020442236305188, 46.764215185944295 ], [ 11.019538924501015, 46.763911066109749 ], [ 11.019329555413144, 46.76420406718205 ], [ 11.018640998516677, 46.763741829023708 ], [ 11.017846872244732, 46.763704155963282 ], [ 11.016154185260213, 46.764423774532887 ], [ 11.015647300418278, 46.764188642724598 ], [ 11.015133350545632, 46.764359705517521 ], [ 11.015086626279221, 46.764152181762746 ], [ 11.013826139786946, 46.76446182517698 ], [ 11.012841460988097, 46.76419044436193 ], [ 11.012676267102023, 46.764653572955474 ], [ 11.011921661526843, 46.76451207447429 ], [ 11.012426532587694, 46.764809762213247 ], [ 11.011367880249399, 46.765227216902581 ], [ 11.012029377552523, 46.7653108296387 ], [ 11.012693376898643, 46.766726556236968 ], [ 11.012385321579503, 46.768857761147757 ] ] ] } },
{ "type": "Feature", "properties": { "HOM_ID": 133, "NAME_D": "Eisjoechlferner", "NAME_IT": "Vedretta di Giogo di Gelato", "REGION": "Oetztaler Alpen", "ALT_MIN": 2959.0, "ALT_MAX": 3032.0, "ALT_MEDIAN": 2982.0, "area_km2": 0.026962681 }, "geometry": { "type": "Polygon", "coordinates": [ [ [ 11.025354769795689, 46.761364277655716 ], [ 11.025993166705851, 46.761391944812367 ], [ 11.026969639871382, 46.759543627227032 ], [ 11.027193007872153, 46.759072343181572 ], [ 11.027129139559149, 46.758995373825556 ], [ 11.026843669452909, 46.75925473579553 ], [ 11.026534994454927, 46.759040577329309 ], [ 11.026230274146304, 46.759590465292405 ], [ 11.024936535841109, 46.759369260923933 ], [ 11.025141171999765, 46.759837099793614 ], [ 11.024633307839546, 46.759691316069571 ], [ 11.024363868828788, 46.760360416126886 ], [ 11.025354769795689, 46.761364277655716 ] ] ] } },
{ "type": "Feature", "properties": { "HOM_ID": 132, "NAME_D": "Grafferner", "NAME_IT": "Vedretta di Grava", "REGION": "Texelgruppe", "ALT_MIN": 2648.0, "ALT_MAX": 3039.0, "ALT_MEDIAN": 2756.0, "area_km2": 0.1625634052 }, "geometry": { "type": "Polygon", "coordinates": [ [ [ 11.037961510760777, 46.756741849029538 ], [ 11.039215004494752, 46.754221644589208 ], [ 11.039876836036534, 46.7536740932903 ], [ 11.039750509443536, 46.753195430793909 ], [ 11.040627477324605, 46.752198767972835 ], [ 11.040050920653826, 46.751677990072288 ], [ 11.039286022888984, 46.752155946458778 ], [ 11.038948815259786, 46.751780572931466 ], [ 11.039153274584761, 46.751001873743682 ], [ 11.038785632756928, 46.750347665327531 ], [ 11.039086640096141, 46.749924413005232 ], [ 11.037649642256598, 46.750814365391001 ], [ 11.037505568527282, 46.75181700348358 ], [ 11.036688594928687, 46.752361755252835 ], [ 11.036898558296322, 46.753336658033234 ], [ 11.036554191431311, 46.75421904203845 ], [ 11.035641919385235, 46.75437338365807 ], [ 11.0351578628587, 46.754951084545006 ], [ 11.035335560391914, 46.753874037924184 ], [ 11.034629342258164, 46.753796118055703 ], [ 11.034163365450814, 46.754302058836075 ], [ 11.034471708785873, 46.754394201144592 ], [ 11.034361077268763, 46.754860487504871 ], [ 11.033890697028056, 46.754973620885401 ], [ 11.034514283529399, 46.755064920372305 ], [ 11.034231497298091, 46.75574380599457 ], [ 11.034780389989304, 46.755967393723502 ], [ 11.035044353474653, 46.75580078215372 ], [ 11.036233782273998, 46.756679752139938 ], [ 11.037961510760777, 46.756741849029538 ] ] ] } },
{ "type": "Feature", "properties": { "HOM_ID": 131, "NAME_D": null, "NAME_IT": null, "REGION": "Texelgruppe", "ALT_MIN": 3056.0, "ALT_MAX": 3091.0, "ALT_MEDIAN": 3061.0, "area_km2": 0.0116394695 }, "geometry": { "type": "Polygon", "coordinates": [ [ [ 11.037092071789647, 46.749141675449557 ], [ 11.03913964989802, 46.748322401004813 ], [ 11.038690901630222, 46.747675590058599 ], [ 11.037997304318212, 46.747884391905245 ], [ 11.037092071789647, 46.749141675449557 ] ] ] } },
{ "type": "Feature", "properties": { "HOM_ID": 130, "NAME_D": null, "NAME_IT": null, "REGION": "Texelgruppe", "ALT_MIN": 2809.0, "ALT_MAX": 2955.0, "ALT_MEDIAN": 2861.0, "area_km2": 0.0327703723 }, "geometry": { "type": "Polygon", "coordinates": [ [ [ 11.041560076969247, 46.742137913012023 ], [ 11.041266267792849, 46.741580615617359 ], [ 11.041729956607796, 46.741247911606031 ], [ 11.040950060356511, 46.740544514560909 ], [ 11.038471439645317, 46.740487512608908 ], [ 11.039480153924174, 46.741977976286478 ], [ 11.041560076969247, 46.742137913012023 ] ] ] } },
{ "type": "Feature", "properties": { "HOM_ID": 126, "NAME_D": "Lodnerferner Westlicher", "NAME_IT": "Vedretta Cima Fiammante Occidentale", "REGION": "Texelgruppe", "ALT_MIN": 2861.0, "ALT_MAX": 3043.0, "ALT_MEDIAN": 2942.0, "area_km2": 0.0720448049 }, "geometry": { "type": "Polygon", "coordinates": [ [ [ 11.036478225518794, 46.738489255492617 ], [ 11.038265263612729, 46.737990250127339 ], [ 11.038332142545045, 46.736452152336234 ], [ 11.037371887100486, 46.736743512106173 ], [ 11.037588512225144, 46.736244122226914 ], [ 11.036614041368386, 46.736440060372587 ], [ 11.036386732792655, 46.73622049699074 ], [ 11.033943647521699, 46.73658988621014 ], [ 11.033553471331269, 46.737028354385288 ], [ 11.033753875213076, 46.737556794400511 ], [ 11.034747946250508, 46.738548118938247 ], [ 11.036478225518794, 46.738489255492617 ] ] ] } },
{ "type": "Feature", "properties": { "HOM_ID": 127, "NAME_D": "Lodnerferner Westlicher", "NAME_IT": "Vedretta Cima Fiammante Occidentale", "REGION": "Texelgruppe", "ALT_MIN": 3192.0, "ALT_MAX": 3211.0, "ALT_MEDIAN": 3199.0, "area_km2": 0.0061115166 }, "geometry": { "type": "Polygon", "coordinates": [ [ [ 11.039122056801665, 46.734677031916135 ], [ 11.039778789390654, 46.734367682912122 ], [ 11.039367905898864, 46.734124990477937 ], [ 11.039493057319634, 46.733770351404111 ], [ 11.038941791201884, 46.733845660111015 ], [ 11.038520377102961, 46.734425831933429 ], [ 11.039122056801665, 46.734677031916135 ] ] ] } },
{ "type": "Feature", "properties": { "HOM_ID": 129, "NAME_D": "Andelsferner", "NAME_IT": null, "REGION": "Texelgruppe", "ALT_MIN": 2731.0, "ALT_MAX": 2944.0, "ALT_MEDIAN": 2811.0, "area_km2": 0.0350440596 }, "geometry": { "type": "Polygon", "coordinates": [ [ [ 11.044691221795969, 46.739612838820484 ], [ 11.044458373125281, 46.738813369860566 ], [ 11.043532350767352, 46.738229872624778 ], [ 11.044212252548121, 46.738074856366069 ], [ 11.043878085676377, 46.737480783728458 ], [ 11.04311606747909, 46.73738724548349 ], [ 11.042837475784694, 46.738263713634254 ], [ 11.042014029517592, 46.737781951279096 ], [ 11.042956408570323, 46.737286517931018 ], [ 11.040251335605493, 46.737052632988664 ], [ 11.040402742914928, 46.737829692069326 ], [ 11.041746320239023, 46.738100957917986 ], [ 11.042060470268181, 46.738874059626433 ], [ 11.043272574206844, 46.739191726002005 ], [ 11.042919263623036, 46.738915872651603 ], [ 11.043254164414911, 46.738842029433762 ], [ 11.043740173164936, 46.739329812020827 ], [ 11.044691221795969, 46.739612838820484 ] ], [ [ 11.043888832059814, 46.738704193337227 ], [ 11.043529320265064, 46.738539175172733 ], [ 11.043730447226672, 46.738499865099989 ], [ 11.043888832059814, 46.738704193337227 ] ], [ [ 11.04331301949979, 46.738314450823673 ], [ 11.043059434876159, 46.738065390128341 ], [ 11.043189427310338, 46.737930915801982 ], [ 11.043461485264535, 46.738118927469138 ], [ 11.04331301949979, 46.738314450823673 ] ] ] } },
{ "type": "Feature", "properties": { "HOM_ID": 128, "NAME_D": "Lodnerferner Oestlicher", "NAME_IT": "Vedretta di Cima Fiammante Orientale", "REGION": "Texelgruppe", "ALT_MIN": 2800.0, "ALT_MAX": 2899.0, "ALT_MEDIAN": 2846.0, "area_km2": 0.0217738118 }, "geometry": { "type": "Polygon", "coordinates": [ [ [ 11.045370538204507, 46.735637456398976 ], [ 11.044344638385086, 46.734884309561558 ], [ 11.044817923089486, 46.734761556301848 ], [ 11.043879544884012, 46.733299645471057 ], [ 11.043852854490433, 46.733693008302311 ], [ 11.043000683763026, 46.733686801455256 ], [ 11.042612415341512, 46.734547369690233 ], [ 11.045370538204507, 46.735637456398976 ] ] ] } },
{ "type": "Feature", "properties": { "HOM_ID": 113, "NAME_D": "Grubferner", "NAME_IT": "Vedretta di Fossa", "REGION": "Texelgruppe", "ALT_MIN": 2669.0, "ALT_MAX": 2922.0, "ALT_MEDIAN": 2783.0, "area_km2": 0.2224285071 }, "geometry": { "type": "Polygon", "coordinates": [ [ [ 11.028959048571684, 46.748938234302898 ], [ 11.031903607186189, 46.748962464473308 ], [ 11.032646408515395, 46.748794494916787 ], [ 11.033181276524539, 46.748279001880711 ], [ 11.033605296988615, 46.747378662100623 ], [ 11.0327467624639, 46.74730105797456 ], [ 11.032836681151309, 46.747020868837865 ], [ 11.032147963189592, 46.746668793104398 ], [ 11.032444422735235, 46.746058304327313 ], [ 11.031931767046546, 46.745303845039437 ], [ 11.03052052324559, 46.745911087775596 ], [ 11.02935831913217, 46.745817417507261 ], [ 11.027192046718396, 46.746169361205894 ], [ 11.026316420850653, 46.745723631505484 ], [ 11.024380594311934, 46.74592220276697 ], [ 11.023780315922911, 46.744692258907563 ], [ 11.022354104130896, 46.745027345119887 ], [ 11.021708153752904, 46.745719049554033 ], [ 11.021996779906939, 46.746142550365967 ], [ 11.022964472336453, 46.745967692196118 ], [ 11.023633025228499, 46.746523169901309 ], [ 11.02448223429831, 46.746421828326099 ], [ 11.024828808785433, 46.746888942966294 ], [ 11.025444506990709, 46.747026863470367 ], [ 11.025295083523959, 46.747199163987354 ], [ 11.026288188726843, 46.747008945330833 ], [ 11.026658381081067, 46.747297051803066 ], [ 11.026409307173642, 46.74773334027951 ], [ 11.025486106524257, 46.747900484946349 ], [ 11.026460189524521, 46.747843160667223 ], [ 11.026371297017469, 46.748105468800972 ], [ 11.025355162155334, 46.748305619116124 ], [ 11.024969232631484, 46.748683906461103 ], [ 11.0263946605948, 46.749144414139934 ], [ 11.027334790592386, 46.748995604639752 ], [ 11.026677639921289, 46.749346558731041 ], [ 11.027746074742081, 46.749570499730929 ], [ 11.028959048571684, 46.748938234302898 ] ] ] } },
{ "type": "Feature", "properties": { "HOM_ID": 114, "NAME_D": "Grubjochferner", "NAME_IT": null, "REGION": "Texelgruppe", "ALT_MIN": 2696.0, "ALT_MAX": 2873.0, "ALT_MEDIAN": 2779.0, "area_km2": 0.0513340369 }, "geometry": { "type": "Polygon", "coordinates": [ [ [ 11.014495015035285, 46.745546712434454 ], [ 11.014658570739501, 46.744882237564916 ], [ 11.015816080338963, 46.743658803894071 ], [ 11.016520658265341, 46.743466834168125 ], [ 11.016615245930728, 46.742966098473751 ], [ 11.01647988920913, 46.74248378663399 ], [ 11.0158169780474, 46.742876589186949 ], [ 11.014706755061463, 46.742188338700359 ], [ 11.013136381259551, 46.743617871793411 ], [ 11.013429421986404, 46.7451753254037 ], [ 11.014495015035285, 46.745546712434454 ] ] ] } },
{ "type": "Feature", "properties": { "HOM_ID": 115, "NAME_D": "Schrottnerferner", "NAME_IT": "Vedretta di Ceppo", "REGION": "Texelgruppe", "ALT_MIN": 2678.0, "ALT_MAX": 2892.0, "ALT_MEDIAN": 2796.0, "area_km2": 0.0521457824 }, "geometry": { "type": "Polygon", "coordinates": [ [ [ 11.00392563795179, 46.741754427641503 ], [ 11.005789506804154, 46.741578893850438 ], [ 11.006085005393555, 46.741841588639723 ], [ 11.009610814591728, 46.741416582827135 ], [ 11.009775067323863, 46.740943425506714 ], [ 11.009341573980562, 46.740462910324389 ], [ 11.008342941209913, 46.740153042410398 ], [ 11.008062352574745, 46.739592451063153 ], [ 11.007600161378971, 46.739737478256885 ], [ 11.006640622504381, 46.739313806314939 ], [ 11.005455438917163, 46.740042974274843 ], [ 11.005614635945623, 46.740599747123447 ], [ 11.006004478692967, 46.740604816988949 ], [ 11.005875164425058, 46.74038683073919 ], [ 11.006220150470641, 46.740583176176052 ], [ 11.006606365900611, 46.739790632164237 ], [ 11.007441896045769, 46.740139093883315 ], [ 11.007239439404866, 46.740749833063134 ], [ 11.006796088363174, 46.74093619586607 ], [ 11.006493481742861, 46.740715297052482 ], [ 11.006042047388345, 46.74138397579523 ], [ 11.004758073403256, 46.741085033225588 ], [ 11.00392563795179, 46.741754427641503 ] ] ] } },
{ "type": "Feature", "properties": { "HOM_ID": 115, "NAME_D": "Schrottnerferner", "NAME_IT": "Vedretta di Ceppo", "REGION": "Texelgruppe", "ALT_MIN": 2591.0, "ALT_MAX": 2869.0, "ALT_MEDIAN": 2686.0, "area_km2": 0.0463185552 }, "geometry": { "type": "Polygon", "coordinates": [ [ [ 11.001650036675089, 46.74304931751356 ], [ 11.00312334061295, 46.741446035219745 ], [ 11.005165146248535, 46.740231607912712 ], [ 11.004957223958998, 46.73929470884994 ], [ 11.003279058310703, 46.7398062865269 ], [ 11.002696748533245, 46.740215320622113 ], [ 11.00353904178032, 46.740045798081375 ], [ 11.003599229528399, 46.73980067921454 ], [ 11.004022963416199, 46.740019463774118 ], [ 11.003174272612668, 46.740951060885877 ], [ 11.002423027106685, 46.740773722936694 ], [ 11.000758813025177, 46.741898158611811 ], [ 10.999442953513414, 46.742141419065895 ], [ 10.999988872628363, 46.742620006009709 ], [ 11.001168043478485, 46.742426753197471 ], [ 11.001650036675089, 46.74304931751356 ] ] ] } },
{ "type": "Feature", "properties": { "HOM_ID": 115, "NAME_D": "Schrottnerferner", "NAME_IT": "Vedretta di Ceppo", "REGION": "Texelgruppe", "ALT_MIN": 2820.0, "ALT_MAX": 2969.0, "ALT_MEDIAN": 2880.0, "area_km2": 0.0397957401 }, "geometry": { "type": "Polygon", "coordinates": [ [ [ 11.011955806411912, 46.742536160525908 ], [ 11.013330223019908, 46.741773830994205 ], [ 11.01303205996412, 46.740975449603901 ], [ 11.011617594176908, 46.740661021630821 ], [ 11.010272760343225, 46.740821576564393 ], [ 11.010001105499942, 46.74143353664266 ], [ 11.010858217904039, 46.741662538861654 ], [ 11.01008689462776, 46.742110649261377 ], [ 11.010304978380351, 46.742386598878916 ], [ 11.011898532190468, 46.742858619226404 ], [ 11.011955806411912, 46.742536160525908 ] ] ] } },
{ "type": "Feature", "properties": { "HOM_ID": 115, "NAME_D": "Schrottnerferner", "NAME_IT": "Vedretta di Ceppo", "REGION": "Texelgruppe", "ALT_MIN": 2803.0, "ALT_MAX": 2931.0, "ALT_MEDIAN": 2852.0, "area_km2": 0.0101139134 }, "geometry": { "type": "Polygon", "coordinates": [ [ [ 11.00051889023036, 46.739860542651193 ], [ 11.000713800096207, 46.739511870733473 ], [ 10.999792302341245, 46.738944608972879 ], [ 10.999726309629782, 46.73996964491559 ], [ 11.0004920647657, 46.740539631732752 ], [ 11.000880432219619, 46.740270915262933 ], [ 11.00051889023036, 46.739860542651193 ] ] ] } },
{ "type": "Feature", "properties": { "HOM_ID": 115, "NAME_D": "Schrottnerferner", "NAME_IT": "Vedretta di Ceppo", "REGION": "Texelgruppe", "ALT_MIN": 2959.0, "ALT_MAX": 3027.0, "ALT_MEDIAN": 2989.0, "area_km2": 0.0020563882 }, "geometry": { "type": "Polygon", "coordinates": [ [ [ 11.004739884631258, 46.738488936013965 ], [ 11.0046957548813, 46.737882522668968 ], [ 11.004199811917916, 46.738168017748222 ], [ 11.004739884631258, 46.738488936013965 ] ] ] } },
{ "type": "Feature", "properties": { "HOM_ID": 115, "NAME_D": "Schrottnerferner", "NAME_IT": "Vedretta di Ceppo", "REGION": "Texelgruppe", "ALT_MIN": 3023.0, "ALT_MAX": 3061.0, "ALT_MEDIAN": 3039.0, "area_km2": 0.0020340165 }, "geometry": { "type": "Polygon", "coordinates": [ [ [ 11.00340977380926, 46.737994343861608 ], [ 11.00303248862909, 46.737977138955614 ], [ 11.0026294557138, 46.738433632395754 ], [ 11.003317620441045, 46.738311456067692 ], [ 11.00340977380926, 46.737994343861608 ] ] ] } },
{ "type": "Feature", "properties": { "HOM_ID": 116, "NAME_D": "Truebferner Oestlicher", "NAME_IT": "Vedretta Piccola di Riotorbo", "REGION": "Texelgruppe", "ALT_MIN": 2612.0, "ALT_MAX": 3019.0, "ALT_MEDIAN": 2830.0, "area_km2": 0.1616130098 }, "geometry": { "type": "Polygon", "coordinates": [ [ [ 10.997044176119209, 46.74284242047554 ], [ 10.998567905146931, 46.742388017066162 ], [ 10.998240455197356, 46.741822267506571 ], [ 10.99872169096936, 46.742331754399927 ], [ 10.99922687513725, 46.742083623707551 ], [ 10.997684206774279, 46.741284563886538 ], [ 10.997832786844594, 46.739380626798777 ], [ 10.996979064308182, 46.738654097784277 ], [ 10.996950756703226, 46.737136322707748 ], [ 10.996545365496791, 46.736580059563813 ], [ 10.994539618212691, 46.735722127020949 ], [ 10.993671787960254, 46.736137283900753 ], [ 10.993614686369776, 46.73768839039024 ], [ 10.994322177464953, 46.739334867982933 ], [ 10.994749870597049, 46.739098823584236 ], [ 10.995421806122271, 46.739540335783659 ], [ 10.994951645309021, 46.740976032923029 ], [ 10.995222792167647, 46.741787220965975 ], [ 10.996211225307995, 46.742656944809788 ], [ 10.997044176119209, 46.74284242047554 ] ] ] } },
{ "type": "Feature", "properties": { "HOM_ID": 125, "NAME_D": "Truebwandferner", "NAME_IT": null, "REGION": "Texelgruppe", "ALT_MIN": 2917.0, "ALT_MAX": 3050.0, "ALT_MEDIAN": 2990.0, "area_km2": 0.0293419076 }, "geometry": { "type": "Polygon", "coordinates": [ [ [ 11.000049696165759, 46.734994849229949 ], [ 10.99925747942464, 46.734877735876353 ], [ 10.999189065678669, 46.733831762211629 ], [ 10.998495538140828, 46.733428743996306 ], [ 10.997157079046032, 46.733397225373672 ], [ 10.997073786370088, 46.734249538072625 ], [ 10.997827994384885, 46.734809324984205 ], [ 10.999315844692019, 46.73551961901893 ], [ 11.000049696165759, 46.734994849229949 ] ] ] } },
{ "type": "Feature", "properties": { "HOM_ID": 117, "NAME_D": "Truebferner Mittlerer", "NAME_IT": "Vedretta Grande di Riotorbo", "REGION": "Texelgruppe", "ALT_MIN": 2637.0, "ALT_MAX": 3211.0, "ALT_MEDIAN": 2929.0, "area_km2": 0.3042352145 }, "geometry": { "type": "Polygon", "coordinates": [ [ [ 10.991716416477349, 46.742295989199675 ], [ 10.992066990593381, 46.741822589672026 ], [ 10.992383293820561, 46.74206412271829 ], [ 10.992213768185275, 46.741575969072301 ], [ 10.99342613483099, 46.738713178136052 ], [ 10.99292258684746, 46.737425997520972 ], [ 10.99340998079853, 46.736620675823204 ], [ 10.993040574139894, 46.736616396746662 ], [ 10.99313644246976, 46.736257557725125 ], [ 10.992570081168433, 46.735831679121247 ], [ 10.992957773749094, 46.734472580542217 ], [ 10.992811714251346, 46.732741072088082 ], [ 10.991259772559941, 46.732457133069524 ], [ 10.991194020211317, 46.732118004386898 ], [ 10.990834181025166, 46.732314757317994 ], [ 10.989588485866051, 46.731212538892002 ], [ 10.988115993030039, 46.730867823622276 ], [ 10.987498886907346, 46.731848416093953 ], [ 10.987682954022814, 46.733150470457474 ], [ 10.987276483041001, 46.734944689352055 ], [ 10.987957475538321, 46.73524002170776 ], [ 10.987937325919383, 46.734833199213611 ], [ 10.989235617404123, 46.733842390380964 ], [ 10.989564167621838, 46.73299322663155 ], [ 10.989938004825696, 46.733814818235267 ], [ 10.989445167745094, 46.734481159736326 ], [ 10.990765904493573, 46.734515329693835 ], [ 10.990462474544481, 46.734739673084015 ], [ 10.989082535317143, 46.734740886453331 ], [ 10.988846048686556, 46.735521260382285 ], [ 10.989728464901248, 46.736348833086737 ], [ 10.989169106765068, 46.736985855997894 ], [ 10.988036834951332, 46.737329800195717 ], [ 10.988425810885984, 46.73803817049167 ], [ 10.988135252687451, 46.73849563360357 ], [ 10.989032027403228, 46.739218192370814 ], [ 10.98965575154585, 46.737814388731991 ], [ 10.989592760430451, 46.738220275542993 ], [ 10.990111996158426, 46.738330299794086 ], [ 10.990746971597064, 46.739629940290833 ], [ 10.991133551257164, 46.739707624802058 ], [ 10.991813670814599, 46.741175168967061 ], [ 10.991549363180301, 46.741992328007647 ], [ 10.991716416477349, 46.742295989199675 ] ], [ [ 10.991900481124562, 46.741298665828566 ], [ 10.992486335772677, 46.740865814049805 ], [ 10.991886575465344, 46.741626312164932 ], [ 10.991900481124562, 46.741298665828566 ] ] ] } },
{ "type": "Feature", "properties": { "HOM_ID": 118, "NAME_D": "Rotwandferner", "NAME_IT": "Vedretta di Croda Rossa", "REGION": "Texelgruppe", "ALT_MIN": 2838.0, "ALT_MAX": 3204.0, "ALT_MEDIAN": 3046.0, "area_km2": 0.1341025107 }, "geometry": { "type": "Polygon", "coordinates": [ [ [ 10.98549741623061, 46.735830336689183 ], [ 10.98563655376905, 46.734526399116731 ], [ 10.986615346058874, 46.733110092744518 ], [ 10.986311009596545, 46.732452041985439 ], [ 10.986784875350091, 46.731493743794886 ], [ 10.986585129499538, 46.730192788844192 ], [ 10.986013227915137, 46.729426039923084 ], [ 10.985682435652334, 46.72956512552372 ], [ 10.985219150938347, 46.729113609196681 ], [ 10.984280771671461, 46.729587066481564 ], [ 10.983658549277569, 46.731646567379265 ], [ 10.984150196737414, 46.732302451892565 ], [ 10.983275110725321, 46.734099069935105 ], [ 10.983329877057608, 46.734521412067572 ], [ 10.983823109408304, 46.734711644088677 ], [ 10.983601444468414, 46.735503910110808 ], [ 10.983896796999598, 46.735412472265082 ], [ 10.984386376022883, 46.735895087025355 ], [ 10.98549741623061, 46.735830336689183 ] ] ] } },
{ "type": "Feature", "properties": { "HOM_ID": 118, "NAME_D": "Rotwandferner", "NAME_IT": "Vedretta di Croda Rossa", "REGION": "Texelgruppe", "ALT_MIN": 2730.0, "ALT_MAX": 2889.0, "ALT_MEDIAN": 2817.0, "area_km2": 0.0071167648 }, "geometry": { "type": "Polygon", "coordinates": [ [ [ 10.982704345472881, 46.736387150155473 ], [ 10.983367565078604, 46.7357732292718 ], [ 10.983300775968733, 46.73470764385516 ], [ 10.982450225646904, 46.736452511545842 ], [ 10.982730111203743, 46.737190570397694 ], [ 10.982704345472881, 46.736387150155473 ] ] ] } },
{ "type": "Feature", "properties": { "HOM_ID": 124, "NAME_D": "Roteckferner", "NAME_IT": "Vedretta Grande di Riotorbo", "REGION": "Texelgruppe", "ALT_MIN": 2810.0, "ALT_MAX": 3154.0, "ALT_MEDIAN": 2932.0, "area_km2": 0.3173652197 }, "geometry": { "type": "Polygon", "coordinates": [ [ [ 10.99688064503575, 46.730014961795803 ], [ 10.997466357540585, 46.729840437984421 ], [ 10.997426266247505, 46.729176803758968 ], [ 10.996407048687074, 46.728301674043912 ], [ 10.996574498418799, 46.727913008849285 ], [ 10.996046118681605, 46.727239243067153 ], [ 10.996202896446743, 46.726795998902553 ], [ 10.997607632082895, 46.726390496449064 ], [ 10.997442246901867, 46.726131459740557 ], [ 10.996507049907498, 46.72612397497312 ], [ 10.99368302410965, 46.725131485931783 ], [ 10.993060709931722, 46.725392348704887 ], [ 10.992623882247093, 46.725048742691492 ], [ 10.991234384615039, 46.725067455998975 ], [ 10.990380005021947, 46.724084956202717 ], [ 10.989315706065925, 46.724332057670914 ], [ 10.988620432777257, 46.723691717553166 ], [ 10.988741912580165, 46.724170593955328 ], [ 10.988077079756261, 46.724358353856765 ], [ 10.987851121188013, 46.724805170422989 ], [ 10.988309397699004, 46.725968719708789 ], [ 10.987121699340163, 46.726251282310713 ], [ 10.986990171052849, 46.726629784595325 ], [ 10.987312732273692, 46.726738475070221 ], [ 10.986871084083607, 46.726969972964014 ], [ 10.987741388828265, 46.727287417776857 ], [ 10.987360948012107, 46.727485311701344 ], [ 10.987856267587023, 46.727771964958407 ], [ 10.988511927174153, 46.727898674021603 ], [ 10.989024919661734, 46.728873557866997 ], [ 10.990038362058913, 46.728653535486664 ], [ 10.991736775440549, 46.72884740525798 ], [ 10.994080353310585, 46.729578061109741 ], [ 10.99688064503575, 46.730014961795803 ] ] ] } },
{ "type": "Feature", "properties": { "HOM_ID": 124, "NAME_D": "Roteckferner", "NAME_IT": "Vedretta Grande di Riotorbo", "REGION": "Texelgruppe", "ALT_MIN": 3119.0, "ALT_MAX": 3192.0, "ALT_MEDIAN": 3150.0, "area_km2": 0.0072133391 }, "geometry": { "type": "Polygon", "coordinates": [ [ [ 10.986377665595242, 46.725601750303049 ], [ 10.98713271140994, 46.725493970698764 ], [ 10.987058323762541, 46.725190798425743 ], [ 10.985821567060091, 46.724713310370383 ], [ 10.985863158155068, 46.725332056611748 ], [ 10.986377665595242, 46.725601750303049 ] ] ] } },
{ "type": "Feature", "properties": { "HOM_ID": 119, "NAME_D": "Texelferner", "NAME_IT": "Vedretta Tessa", "REGION": "Texelgruppe", "ALT_MIN": 2707.0, "ALT_MAX": 3271.0, "ALT_MEDIAN": 2979.0, "area_km2": 0.5025275328 }, "geometry": { "type": "Polygon", "coordinates": [ [ [ 10.980668685210581, 46.734423897117871 ], [ 10.980974683156555, 46.734509995661568 ], [ 10.981038142554802, 46.734186224554392 ], [ 10.980180723810575, 46.731710452936177 ], [ 10.981349644004663, 46.730465173602113 ], [ 10.98114192062115, 46.730087132701385 ], [ 10.982262242522326, 46.729694696861984 ], [ 10.981649974988137, 46.728143882094194 ], [ 10.982280774566187, 46.727309083320854 ], [ 10.981953571010941, 46.726979014162282 ], [ 10.981932584113293, 46.725461171684984 ], [ 10.981362678057351, 46.724932909782225 ], [ 10.982359635781132, 46.723791745285773 ], [ 10.981127766437313, 46.724475039837962 ], [ 10.97830803030423, 46.722884314812006 ], [ 10.978205336869266, 46.722230090208591 ], [ 10.977580567544413, 46.722330185157666 ], [ 10.977300783270135, 46.721401222887565 ], [ 10.976778349837049, 46.721695987525933 ], [ 10.976502560996188, 46.721160237127329 ], [ 10.976150543454159, 46.721475865516119 ], [ 10.975890025330191, 46.721168438078692 ], [ 10.975087021251465, 46.721270407407822 ], [ 10.974779409695556, 46.720241713578787 ], [ 10.973334903120421, 46.71974100759973 ], [ 10.973530000152987, 46.72000200627631 ], [ 10.97224542761645, 46.72024703479083 ], [ 10.973257634957161, 46.721267750111608 ], [ 10.972855467780207, 46.722144421195857 ], [ 10.973428031250346, 46.723144142255073 ], [ 10.973167095054057, 46.72325222253987 ], [ 10.973903166752399, 46.723960572850388 ], [ 10.974101653860423, 46.72484530773751 ], [ 10.974644979332199, 46.725121665195985 ], [ 10.974432618536422, 46.725280103988005 ], [ 10.97508905727681, 46.725240198280865 ], [ 10.975014748647389, 46.724153306588917 ], [ 10.975365926294957, 46.724382974339065 ], [ 10.975691171114308, 46.72522980058865 ], [ 10.976985930025572, 46.726326930948908 ], [ 10.976934865724154, 46.726630864836842 ], [ 10.976454654744032, 46.726281994747552 ], [ 10.976450428278227, 46.726592804729229 ], [ 10.97839385053307, 46.729287886515657 ], [ 10.97818502349282, 46.730035296161731 ], [ 10.977831387053079, 46.729455654369183 ], [ 10.977222740542734, 46.729478081775333 ], [ 10.9770015167114, 46.730815334960575 ], [ 10.977370234562592, 46.730670856784684 ], [ 10.977649022202332, 46.731192265823779 ], [ 10.977485080847295, 46.732107070394889 ], [ 10.97796751230284, 46.732041582752736 ], [ 10.978177095407503, 46.732564187007092 ], [ 10.97875190741417, 46.73275187874097 ], [ 10.97878921764331, 46.73396084401255 ], [ 10.979495041514554, 46.734131978939189 ], [ 10.979615224441188, 46.734482305418638 ], [ 10.980202898370159, 46.734453085074911 ], [ 10.980511182419479, 46.73490376328742 ], [ 10.980668685210581, 46.734423897117871 ] ], [ [ 10.975145343359443, 46.723936750361275 ], [ 10.975302036001763, 46.723012548681005 ], [ 10.975949282454504, 46.723006132474218 ], [ 10.975617123759374, 46.723086981864789 ], [ 10.975145343359443, 46.723936750361275 ] ] ] } },
{ "type": "Feature", "properties": { "HOM_ID": 119, "NAME_D": "Texelferner", "NAME_IT": "Vedretta Tessa", "REGION": "Texelgruppe", "ALT_MIN": 2839.0, "ALT_MAX": 3204.0, "ALT_MEDIAN": 3037.0, "area_km2": 0.1429031635 }, "geometry": { "type": "Polygon", "coordinates": [ [ [ 10.976696909413098, 46.728513775417078 ], [ 10.975448821243432, 46.727101014021542 ], [ 10.974889787941962, 46.727009162437433 ], [ 10.974382806609329, 46.725736868398414 ], [ 10.973557145353444, 46.725613507127761 ], [ 10.972437412625052, 46.72467560747149 ], [ 10.971132343505085, 46.721332618288365 ], [ 10.970785902422007, 46.721423904704331 ], [ 10.970654837782254, 46.720979465320426 ], [ 10.969904962715184, 46.720967139398276 ], [ 10.969267042189129, 46.721465180603282 ], [ 10.969042109587068, 46.722999960259671 ], [ 10.969760283803335, 46.723553758084478 ], [ 10.971183111639144, 46.723841216168225 ], [ 10.970107380440954, 46.724195010470467 ], [ 10.969927981386098, 46.723984751260822 ], [ 10.969099109981574, 46.724097283358908 ], [ 10.969452847965128, 46.725236171056366 ], [ 10.969157159014735, 46.725898885435349 ], [ 10.969861701450149, 46.726078531179162 ], [ 10.969672009570292, 46.725602857994616 ], [ 10.973868075848927, 46.726117941311919 ], [ 10.97435437782149, 46.726570753039319 ], [ 10.973700228880253, 46.726389170313176 ], [ 10.972784084547795, 46.726575059149624 ], [ 10.972378002702499, 46.727058638804067 ], [ 10.973726550611024, 46.727205442149518 ], [ 10.974374799257307, 46.727794298950421 ], [ 10.974617866460443, 46.727528179672625 ], [ 10.975322044613439, 46.727751753508905 ], [ 10.976306674746038, 46.729206281928832 ], [ 10.976696909413098, 46.728513775417078 ] ] ] } },
{ "type": "Feature", "properties": { "HOM_ID": 123, "NAME_D": "Blaulackenferner", "NAME_IT": "Vedretta di Monterosso", "REGION": "Texelgruppe", "ALT_MIN": 2986.0, "ALT_MAX": 3088.0, "ALT_MEDIAN": 3019.0, "area_km2": 0.0443178879 }, "geometry": { "type": "Polygon", "coordinates": [ [ [ 10.979270102388774, 46.713930262906658 ], [ 10.980273652954399, 46.713564653581713 ], [ 10.978035602514035, 46.712628144892676 ], [ 10.977645771363077, 46.712759894191088 ], [ 10.97760899774477, 46.712464079081066 ], [ 10.976951794870779, 46.712668310939428 ], [ 10.976933383941802, 46.712022152249972 ], [ 10.975622728199921, 46.711537616002573 ], [ 10.975756017926262, 46.711063849912009 ], [ 10.975157361721289, 46.711449216204592 ], [ 10.974313890803133, 46.71134045952828 ], [ 10.974349882066887, 46.711742669086114 ], [ 10.975976322938564, 46.713028929739153 ], [ 10.976618293872374, 46.713014028872117 ], [ 10.976728428417514, 46.713616234497998 ], [ 10.979270102388774, 46.713930262906658 ] ] ] } },
{ "type": "Feature", "properties": { "HOM_ID": 122, "NAME_D": "Gfalleitferner", "NAME_IT": "Vedretta di Fosse", "REGION": "Texelgruppe", "ALT_MIN": 2849.0, "ALT_MAX": 3002.0, "ALT_MEDIAN": 2896.0, "area_km2": 0.0358089188 }, "geometry": { "type": "Polygon", "coordinates": [ [ [ 10.990454524816732, 46.70385311916646 ], [ 10.990937876837915, 46.701655253531662 ], [ 10.991371331700487, 46.701677472392518 ], [ 10.991317924017698, 46.701166458171933 ], [ 10.98988148409339, 46.70187007977394 ], [ 10.989672835303264, 46.702314219295424 ], [ 10.988960475956279, 46.702237315567501 ], [ 10.98810138826123, 46.70287729786417 ], [ 10.988176995144912, 46.703286730328891 ], [ 10.989239080833705, 46.703696868382629 ], [ 10.989924760506259, 46.703518263083595 ], [ 10.990454524816732, 46.70385311916646 ] ] ] } },
{ "type": "Feature", "properties": { "HOM_ID": 122, "NAME_D": "Gfalleitferner", "NAME_IT": "Vedretta di Fosse", "REGION": "Texelgruppe", "ALT_MIN": 2852.0, "ALT_MAX": 3048.0, "ALT_MEDIAN": 2896.0, "area_km2": 0.0338225453 }, "geometry": { "type": "Polygon", "coordinates": [ [ [ 10.994719466883252, 46.704858272371403 ], [ 10.995680991342844, 46.704651009994457 ], [ 10.995083204844896, 46.70420902257441 ], [ 10.99540073450069, 46.704184434513728 ], [ 10.995297446756371, 46.703448084205959 ], [ 10.994941042937835, 46.703544783912001 ], [ 10.995541382219141, 46.702929503598405 ], [ 10.994949169349772, 46.703201758419304 ], [ 10.994673583039335, 46.703049409832538 ], [ 10.995945527142071, 46.701874752314879 ], [ 10.995757319076832, 46.701463718461071 ], [ 10.994494402533514, 46.70269536370872 ], [ 10.993972662545707, 46.702437772624577 ], [ 10.992994281766695, 46.703502523401248 ], [ 10.993278986391658, 46.704278574853184 ], [ 10.994126229763456, 46.704163800194152 ], [ 10.994674081905288, 46.704378074846296 ], [ 10.994719466883252, 46.704858272371403 ] ] ] } },
{ "type": "Feature", "properties": { "HOM_ID": 122, "NAME_D": "Gfalleitferner", "NAME_IT": "Vedretta di Fosse", "REGION": "Texelgruppe", "ALT_MIN": 2786.0, "ALT_MAX": 2927.0, "ALT_MEDIAN": 2842.0, "area_km2": 0.0165482546 }, "geometry": { "type": "Polygon", "coordinates": [ [ [ 10.9956632757369, 46.70656180328502 ], [ 10.996700121997256, 46.706143678247855 ], [ 10.997105177516335, 46.706427105124988 ], [ 10.997813619442782, 46.70611471158513 ], [ 10.99778232571636, 46.70582952160985 ], [ 10.997053659154696, 46.706156555759279 ], [ 10.997612027110922, 46.704403814751672 ], [ 10.996680748506673, 46.704867727553854 ], [ 10.9956632757369, 46.70656180328502 ] ] ] } },
{ "type": "Feature", "properties": { "HOM_ID": 122, "NAME_D": "Gfalleitferner", "NAME_IT": "Vedretta di Fosse", "REGION": "Texelgruppe", "ALT_MIN": 2954.0, "ALT_MAX": 3119.0, "ALT_MEDIAN": 3035.0, "area_km2": 0.0154136151 }, "geometry": { "type": "Polygon", "coordinates": [ [ [ 10.9947157163424, 46.701092968959877 ], [ 10.994508791212001, 46.700925134877259 ], [ 10.994845616770579, 46.700109674810243 ], [ 10.994704794418494, 46.699669239141883 ], [ 10.993233831775047, 46.700513991853349 ], [ 10.993283404958632, 46.701108412443894 ], [ 10.994186979042778, 46.700645009089669 ], [ 10.993656989030857, 46.702230560748781 ], [ 10.9947157163424, 46.701092968959877 ] ] ] } },
{ "type": "Feature", "properties": { "HOM_ID": 122, "NAME_D": "Gfalleitferner", "NAME_IT": "Vedretta di Fosse", "REGION": "Texelgruppe", "ALT_MIN": 2855.0, "ALT_MAX": 2931.0, "ALT_MEDIAN": 2881.0, "area_km2": 0.0062131288 }, "geometry": { "type": "Polygon", "coordinates": [ [ [ 10.992108996271266, 46.703900116888171 ], [ 10.992539946982129, 46.70314850641865 ], [ 10.992593359967096, 46.702718971503934 ], [ 10.992282711892706, 46.702742241286437 ], [ 10.992707304423275, 46.70228838202906 ], [ 10.991847278275559, 46.702666484203199 ], [ 10.991742846126094, 46.70359099320018 ], [ 10.992108996271266, 46.703900116888171 ] ] ] } },
{ "type": "Feature", "properties": { "HOM_ID": 121, "NAME_D": "Lahnbachferner", "NAME_IT": null, "REGION": "Texelgruppe", "ALT_MIN": 2835.0, "ALT_MAX": 2887.0, "ALT_MEDIAN": 2864.0, "area_km2": 0.0143572382 }, "geometry": { "type": "Polygon", "coordinates": [ [ [ 11.002077427288739, 46.697337153497635 ], [ 11.000758013584731, 46.697063497346292 ], [ 11.001337881681934, 46.698513373231961 ], [ 11.001963512234855, 46.698901112713045 ], [ 11.002077427288739, 46.697337153497635 ] ] ] } },
{ "type": "Feature", "properties": { "HOM_ID": 121, "NAME_D": "Lahnbachferner", "NAME_IT": null, "REGION": "Texelgruppe", "ALT_MIN": 2892.0, "ALT_MAX": 2995.0, "ALT_MEDIAN": 2925.0, "area_km2": 0.0095559607 }, "geometry": { "type": "Polygon", "coordinates": [ [ [ 11.001388202293569, 46.696644489136361 ], [ 11.003035780067329, 46.695715578671738 ], [ 11.003339855606582, 46.695235216820102 ], [ 11.002348481294019, 46.695238288977833 ], [ 11.002153339157251, 46.695716741463151 ], [ 11.00141743175687, 46.695890348063422 ], [ 11.001388202293569, 46.696644489136361 ] ] ] } },
{ "type": "Feature", "properties": { "HOM_ID": 135, "NAME_D": "Planferner", "NAME_IT": "Vedretta del Campo di Sabbia", "REGION": "Oetztaler Alpen", "ALT_MIN": 2900.0, "ALT_MAX": 3453.0, "ALT_MEDIAN": 3055.0, "area_km2": 0.4781582196 }, "geometry": { "type": "Polygon", "coordinates": [ [ [ 11.055987740456036, 46.804036682338108 ], [ 11.05567118635174, 46.803624453008155 ], [ 11.054975782882506, 46.803538843895282 ], [ 11.054896911473191, 46.803106900088423 ], [ 11.056074405351248, 46.80288573164011 ], [ 11.054177164422628, 46.802099521781948 ], [ 11.053288953311057, 46.802404769895873 ], [ 11.052407129246706, 46.802331301177993 ], [ 11.052042407645617, 46.802952411974779 ], [ 11.052659089676146, 46.803332881385344 ], [ 11.049744875824949, 46.803638121622015 ], [ 11.049467811705, 46.804073683567601 ], [ 11.048672685103838, 46.804086492546261 ], [ 11.048526872747047, 46.804341818212094 ], [ 11.048562470229962, 46.80350472979422 ], [ 11.048100002308333, 46.802891315545203 ], [ 11.048988116482681, 46.802582537710101 ], [ 11.048573929314182, 46.801811333913747 ], [ 11.047982430287444, 46.801575478728935 ], [ 11.046884551444768, 46.802113016500492 ], [ 11.046220160977184, 46.803246401164863 ], [ 11.045321956445502, 46.802741001072818 ], [ 11.045347022549766, 46.802990568800574 ], [ 11.044957913989087, 46.802879659827973 ], [ 11.045369979320377, 46.80304730476206 ], [ 11.045570433939822, 46.803857720123467 ], [ 11.045288072477131, 46.804316706579961 ], [ 11.045910130171254, 46.804901191652711 ], [ 11.045409810100479, 46.804967086756882 ], [ 11.045042975157831, 46.804179684418273 ], [ 11.044090600234274, 46.804104559778516 ], [ 11.044291294120983, 46.801903835360008 ], [ 11.043803761925894, 46.801574429029401 ], [ 11.042730143083219, 46.802707960289936 ], [ 11.039355314340463, 46.804891818812507 ], [ 11.044128991254821, 46.806462360237774 ], [ 11.04271859373581, 46.805750398340976 ], [ 11.044911698633832, 46.805589359390972 ], [ 11.04717905709361, 46.806122656629668 ], [ 11.047928982060556, 46.806616280144034 ], [ 11.048658481161414, 46.806064824640366 ], [ 11.05030393809208, 46.806210359528762 ], [ 11.050564477821082, 46.806921607995086 ], [ 11.05149758627722, 46.807293000073798 ], [ 11.051757189906247, 46.807735991483817 ], [ 11.052658889428047, 46.807646004065248 ], [ 11.054892777403595, 46.808206734665063 ], [ 11.056089443705293, 46.807917660722062 ], [ 11.056882959952073, 46.806808980683833 ], [ 11.056394800367222, 46.806087135549042 ], [ 11.055486413642178, 46.805783116594306 ], [ 11.055987740456036, 46.804036682338108 ] ], [ [ 11.047973980859148, 46.803134062912207 ], [ 11.047842366445362, 46.802955454905948 ], [ 11.048037298380493, 46.802792431607081 ], [ 11.047973980859148, 46.803134062912207 ] ] ] } },
{ "type": "Feature", "properties": { "HOM_ID": 134, "NAME_D": null, "NAME_IT": null, "REGION": "Oetztaler Alpen", "ALT_MIN": 2870.0, "ALT_MAX": 2976.0, "ALT_MEDIAN": 2908.0, "area_km2": 0.0369502734 }, "geometry": { "type": "Polygon", "coordinates": [ [ [ 11.054550309294905, 46.800859472320184 ], [ 11.05491879250075, 46.800166571861027 ], [ 11.055620208800528, 46.800083490391209 ], [ 11.05459354694904, 46.799033863889193 ], [ 11.053407882196232, 46.798710366883789 ], [ 11.052152450686304, 46.799250544915701 ], [ 11.052057411468356, 46.799725565972643 ], [ 11.052666001906873, 46.799898516808938 ], [ 11.053095989735557, 46.800639135849202 ], [ 11.054550309294905, 46.800859472320184 ] ] ] } },
{ "type": "Feature", "properties": { "HOM_ID": 136, "NAME_D": "Hangenderferner", "NAME_IT": null, "REGION": "Oetztaler Alpen", "ALT_MIN": 2933.0, "ALT_MAX": 3126.0, "ALT_MEDIAN": 3040.0, "area_km2": 0.0408752573 }, "geometry": { "type": "Polygon", "coordinates": [ [ [ 11.083581444044277, 46.819913336532224 ], [ 11.084473992026204, 46.819851837577936 ], [ 11.084782043995389, 46.819224757150309 ], [ 11.08396955353339, 46.817974004030894 ], [ 11.084164184477983, 46.817625198555703 ], [ 11.083047786993296, 46.816919294566105 ], [ 11.083025018623863, 46.818004557992658 ], [ 11.082333914455239, 46.818269769378418 ], [ 11.082042417479951, 46.818953196935823 ], [ 11.082599650169556, 46.819550236072772 ], [ 11.083581444044277, 46.819913336532224 ] ] ] } },
{ "type": "Feature", "properties": { "HOM_ID": 137, "NAME_D": "Imstalmferner", "NAME_IT": null, "REGION": "Oetztaler Alpen", "ALT_MIN": 2807.0, "ALT_MAX": 2885.0, "ALT_MEDIAN": 2823.0, "area_km2": 0.0681912406 }, "geometry": { "type": "Polygon", "coordinates": [ [ [ 11.098633539039525, 46.824782149470025 ], [ 11.100138411672212, 46.824712717485596 ], [ 11.100873082386904, 46.824166606993153 ], [ 11.099915010754147, 46.823596748462997 ], [ 11.098619532339724, 46.823734811042236 ], [ 11.098135803080979, 46.822536464707596 ], [ 11.095900074917067, 46.821680392274871 ], [ 11.096053282339797, 46.823747238882952 ], [ 11.095609018185797, 46.823741090483132 ], [ 11.095886810733122, 46.824105072634815 ], [ 11.098633539039525, 46.824782149470025 ] ] ] } },
{ "type": "Feature", "properties": { "HOM_ID": 138, "NAME_D": "Seewerferner Oestlicher", "NAME_IT": "Vedretta del Lago", "REGION": "Oetztaler Alpen", "ALT_MIN": 2440.0, "ALT_MAX": 3256.0, "ALT_MEDIAN": 2717.0, "area_km2": 0.7272550618 }, "geometry": { "type": "Polygon", "coordinates": [ [ [ 11.091864403837745, 46.835948726756854 ], [ 11.093397750726435, 46.835450415717709 ], [ 11.093747767505583, 46.835640451824986 ], [ 11.093027811231178, 46.834412477327774 ], [ 11.093167291804136, 46.833849773113606 ], [ 11.09490829570943, 46.833563131256156 ], [ 11.094545854897223, 46.832629233668989 ], [ 11.095071029498126, 46.832769151477038 ], [ 11.094687791789703, 46.832014216580674 ], [ 11.094868437698269, 46.831484686838813 ], [ 11.095410138872092, 46.831291520392931 ], [ 11.095478045755437, 46.830566324681222 ], [ 11.097554836876593, 46.828659107096883 ], [ 11.098192382521384, 46.828431681344597 ], [ 11.098477521516379, 46.829547552775999 ], [ 11.099624206466309, 46.829445558499906 ], [ 11.098501686899922, 46.829989993976994 ], [ 11.098475123843153, 46.83073338430949 ], [ 11.100211684512615, 46.830790018086489 ], [ 11.100734271586456, 46.831201878189752 ], [ 11.098840508860714, 46.832017633889429 ], [ 11.099789599710229, 46.832512156284103 ], [ 11.100777287395541, 46.832127336395374 ], [ 11.100796863923378, 46.831421660836128 ], [ 11.101711513366187, 46.830170376787578 ], [ 11.101509434743232, 46.829193473111658 ], [ 11.100288673437726, 46.828915274667374 ], [ 11.099278662604334, 46.828100624699452 ], [ 11.098344625810997, 46.828207447025662 ], [ 11.097800319609364, 46.827860263255864 ], [ 11.097534552769512, 46.827127618604976 ], [ 11.098059965413803, 46.826811418092689 ], [ 11.097522148576736, 46.825808934884762 ], [ 11.09615730769014, 46.826035230240755 ], [ 11.096180641239444, 46.825832409483887 ], [ 11.095114824154752, 46.82616861838634 ], [ 11.094437770505019, 46.826778670162163 ], [ 11.093623612812507, 46.826360210766218 ], [ 11.091862551181014, 46.826392422699442 ], [ 11.091049024145892, 46.825900120276458 ], [ 11.090628857823539, 46.826784042687954 ], [ 11.091334786606014, 46.829152240587682 ], [ 11.091086959766304, 46.829471075553016 ], [ 11.090376747317043, 46.828333983065008 ], [ 11.088608247372022, 46.827676504630602 ], [ 11.089295002618995, 46.827080171363399 ], [ 11.090283108576349, 46.82769073307977 ], [ 11.090188411221396, 46.826859078908157 ], [ 11.089460472430408, 46.826716015797011 ], [ 11.088909036224878, 46.825924835861002 ], [ 11.089185599464404, 46.825440215477833 ], [ 11.088720650108309, 46.825639192449309 ], [ 11.088607999025337, 46.826202977014248 ], [ 11.087888388768793, 46.826432791005367 ], [ 11.088131764322032, 46.825461623534956 ], [ 11.087612353134617, 46.825196482277008 ], [ 11.087962965069456, 46.824650367883315 ], [ 11.087640955300452, 46.824791490730625 ], [ 11.086341190791758, 46.824358743093967 ], [ 11.085362894144513, 46.824962923511364 ], [ 11.086186575677745, 46.823949036478687 ], [ 11.087438909089917, 46.823479738128498 ], [ 11.086952407587978, 46.823345747550484 ], [ 11.087589127584751, 46.8228799364271 ], [ 11.087122838806735, 46.822752720601464 ], [ 11.086037859786209, 46.823579701445247 ], [ 11.086129667002794, 46.823173240106549 ], [ 11.085563805388345, 46.823162126925943 ], [ 11.085308110997234, 46.822665009842247 ], [ 11.084506655741478, 46.823005190972474 ], [ 11.083190384033461, 46.822979795942061 ], [ 11.08305193784093, 46.823780778902403 ], [ 11.083656068966564, 46.824976202620569 ], [ 11.083125468731151, 46.824890620176788 ], [ 11.084274616329637, 46.826095433232993 ], [ 11.084439093304301, 46.827358118387025 ], [ 11.085278702621716, 46.827504845139792 ], [ 11.087637619174419, 46.829416598189574 ], [ 11.08998832252176, 46.832688169817914 ], [ 11.090735988706816, 46.832195909834141 ], [ 11.091111619589118, 46.832398581015269 ], [ 11.090615889498956, 46.833750578977664 ], [ 11.091001215960301, 46.834381671680042 ], [ 11.091383713050142, 46.834403253771193 ], [ 11.091452825132119, 46.835468721925558 ], [ 11.091864403837745, 46.835948726756854 ] ], [ [ 11.091028264807278, 46.83427402785486 ], [ 11.091167597911987, 46.834288149014107 ], [ 11.091065521872286, 46.834340017649524 ], [ 11.091028264807278, 46.83427402785486 ] ], [ [ 11.097770996345607, 46.828188825388779 ], [ 11.097936709495666, 46.828212574269543 ], [ 11.097847906555, 46.828270753687939 ], [ 11.097770996345607, 46.828188825388779 ] ], [ [ 11.097660048005816, 46.828012277121289 ], [ 11.097824487136554, 46.828003309403165 ], [ 11.097749032023692, 46.828070173129284 ], [ 11.097660048005816, 46.828012277121289 ] ] ] } },
{ "type": "Feature", "properties": { "HOM_ID": 138, "NAME_D": "Seewerferner Oestlicher", "NAME_IT": "Vedretta del Lago", "REGION": "Oetztaler Alpen", "ALT_MIN": 2313.0, "ALT_MAX": 2385.0, "ALT_MEDIAN": 2331.0, "area_km2": 0.0111618976 }, "geometry": { "type": "Polygon", "coordinates": [ [ [ 11.095461760977681, 46.837191344240019 ], [ 11.096000197964846, 46.836181420634176 ], [ 11.095779730924914, 46.835731860568877 ], [ 11.095059458599952, 46.836348659641068 ], [ 11.094043956575078, 46.836199383302692 ], [ 11.094513093741721, 46.837155139461252 ], [ 11.095461760977681, 46.837191344240019 ] ] ] } },
{ "type": "Feature", "properties": { "HOM_ID": 138, "NAME_D": "Seewerferner Oestlicher", "NAME_IT": "Vedretta del Lago", "REGION": "Oetztaler Alpen", "ALT_MIN": 2800.0, "ALT_MAX": 2895.0, "ALT_MEDIAN": 2849.0, "area_km2": 0.0078715351 }, "geometry": { "type": "Polygon", "coordinates": [ [ [ 11.103099644948871, 46.829291245061199 ], [ 11.104094856885583, 46.82830145845513 ], [ 11.1036536795757, 46.827930975536447 ], [ 11.10301338459252, 46.828147521973868 ], [ 11.102644074664287, 46.82881863563275 ], [ 11.103099644948871, 46.829291245061199 ] ] ] } },
{ "type": "Feature", "properties": { "HOM_ID": 138, "NAME_D": "Seewerferner Oestlicher", "NAME_IT": "Vedretta del Lago", "REGION": "Oetztaler Alpen", "ALT_MIN": 2913.0, "ALT_MAX": 2975.0, "ALT_MEDIAN": 2941.0, "area_km2": 0.0047216364 }, "geometry": { "type": "Polygon", "coordinates": [ [ [ 11.100035946559164, 46.827102142741644 ], [ 11.100668637578531, 46.826690503025979 ], [ 11.10068282605206, 46.82705455057669 ], [ 11.101053471664619, 46.826595335935998 ], [ 11.099853730038429, 46.826610218729471 ], [ 11.099615772501407, 46.827002704512118 ], [ 11.100035946559164, 46.827102142741644 ] ] ] } },
{ "type": "Feature", "properties": { "HOM_ID": 139, "NAME_D": "Seewerferner Westlicher", "NAME_IT": "Vedretta del Principe", "REGION": "Oetztaler Alpen", "ALT_MIN": 2656.0, "ALT_MAX": 3047.0, "ALT_MEDIAN": 2877.0, "area_km2": 0.2885242651 }, "geometry": { "type": "Polygon", "coordinates": [ [ [ 11.082402557739501, 46.835852323374681 ], [ 11.085937232781417, 46.836185579355785 ], [ 11.085297155380928, 46.835694835777581 ], [ 11.085314251586185, 46.836046926217946 ], [ 11.084841132991365, 46.836015069812262 ], [ 11.084891082854806, 46.835333166167722 ], [ 11.085762381510994, 46.835612541808196 ], [ 11.086038380328455, 46.83467554938769 ], [ 11.086734183153988, 46.834634287262787 ], [ 11.087021787869089, 46.834147702235484 ], [ 11.087870467330877, 46.834273918550885 ], [ 11.088316589083792, 46.834706279430215 ], [ 11.088460576796805, 46.833721449375631 ], [ 11.087439365106649, 46.833445424301914 ], [ 11.086794001352704, 46.833579227809317 ], [ 11.086403794113423, 46.833254536127342 ], [ 11.086334247020776, 46.832647833494484 ], [ 11.086716570427134, 46.832486090402647 ], [ 11.085681804784008, 46.831657287091787 ], [ 11.086460373333823, 46.830528738620295 ], [ 11.086436538866694, 46.829733885822087 ], [ 11.084777249491706, 46.828633111210024 ], [ 11.0835517027351, 46.829498344580834 ], [ 11.082959077041432, 46.829604378563126 ], [ 11.082832879317792, 46.829355232579289 ], [ 11.082067677661954, 46.830597806509907 ], [ 11.081970948276274, 46.831542481016129 ], [ 11.081300180740842, 46.831853750274497 ], [ 11.08043502075599, 46.831731191198628 ], [ 11.079996346479156, 46.832590647055966 ], [ 11.080288310220409, 46.83339153312307 ], [ 11.080905265708651, 46.833774191631619 ], [ 11.08076634795084, 46.834273890788225 ], [ 11.082402557739501, 46.835852323374681 ] ], [ [ 11.08189757655791, 46.83347802793682 ], [ 11.081840053986749, 46.833336208839619 ], [ 11.08201199208589, 46.833475945972197 ], [ 11.08189757655791, 46.83347802793682 ] ], [ [ 11.082143295563014, 46.833260928234814 ], [ 11.081890721750034, 46.833120988248623 ], [ 11.082032479381418, 46.833018402701072 ], [ 11.082143295563014, 46.833260928234814 ] ], [ [ 11.081471803727364, 46.832942701440352 ], [ 11.081556883040864, 46.83283180635285 ], [ 11.081607839451001, 46.832952616601013 ], [ 11.081471803727364, 46.832942701440352 ] ] ] } },
{ "type": "Feature", "properties": { "HOM_ID": 140, "NAME_D": "Granatenferner", "NAME_IT": "Vedretta dei Granati", "REGION": "Oetztaler Alpen", "ALT_MIN": 2772.0, "ALT_MAX": 3175.0, "ALT_MEDIAN": 2989.0, "area_km2": 0.3338333552 }, "geometry": { "type": "Polygon", "coordinates": [ [ [ 11.076143743837443, 46.843809182603074 ], [ 11.077229247053594, 46.843724001206539 ], [ 11.078001155710247, 46.842593847710447 ], [ 11.078491853536077, 46.84294507496314 ], [ 11.078645811380822, 46.842775601358184 ], [ 11.078298525590551, 46.842543800671301 ], [ 11.078606165495332, 46.842295242298206 ], [ 11.07871115692568, 46.842498108733132 ], [ 11.078567335341244, 46.842098316674978 ], [ 11.077855480052964, 46.841815990900422 ], [ 11.078096668336284, 46.841411586913118 ], [ 11.078665568965652, 46.841496497002453 ], [ 11.078013201704328, 46.841136896320862 ], [ 11.077962863071869, 46.840461580279687 ], [ 11.079258383449448, 46.840852354890494 ], [ 11.080148793001809, 46.839288458771279 ], [ 11.079715674053256, 46.83948443933452 ], [ 11.079775714315382, 46.838927361976985 ], [ 11.078603857551412, 46.838637924278792 ], [ 11.077779809121392, 46.836668845119924 ], [ 11.077128797518933, 46.836468748712711 ], [ 11.077202253781154, 46.836034055600315 ], [ 11.077011587475678, 46.836218480386975 ], [ 11.076327207518965, 46.83601660301612 ], [ 11.076318113589922, 46.835690557978673 ], [ 11.075348339569834, 46.836636780148261 ], [ 11.073696710214257, 46.837163779097303 ], [ 11.073571339495015, 46.837850616086101 ], [ 11.071888167634311, 46.838925812777973 ], [ 11.071545089043131, 46.839614207253604 ], [ 11.073129706711953, 46.842137541783892 ], [ 11.072772161704853, 46.843554816999259 ], [ 11.073465492679816, 46.843536301585083 ], [ 11.073517659828418, 46.842975799727419 ], [ 11.074787486145114, 46.842158090684507 ], [ 11.074852941946364, 46.842731342590582 ], [ 11.075955638718531, 46.843205417105331 ], [ 11.076143743837443, 46.843809182603074 ] ], [ [ 11.078647270980234, 46.840122938153264 ], [ 11.078681099340548, 46.84001041219036 ], [ 11.078777315552447, 46.84016581629357 ], [ 11.078647270980234, 46.840122938153264 ] ], [ [ 11.078374393119306, 46.839975505308956 ], [ 11.078345938808253, 46.840047454976087 ], [ 11.078339717487683, 46.839976135183868 ], [ 11.078374393119306, 46.839975505308956 ] ], [ [ 11.078246276851429, 46.83998259464591 ], [ 11.078199474880043, 46.840028685511342 ], [ 11.078204115370799, 46.839969073890877 ], [ 11.078246276851429, 46.83998259464591 ] ] ] } },
{ "type": "Feature", "properties": { "HOM_ID": 140, "NAME_D": "Granatenferner", "NAME_IT": "Vedretta dei Granati", "REGION": "Oetztaler Alpen", "ALT_MIN": 2698.0, "ALT_MAX": 2832.0, "ALT_MEDIAN": 2752.0, "area_km2": 0.009648391 }, "geometry": { "type": "Polygon", "coordinates": [ [ [ 11.081775442176093, 46.84203919777616 ], [ 11.08152321253278, 46.840765140000713 ], [ 11.081168626126098, 46.841018033128414 ], [ 11.080423922455747, 46.840738702025185 ], [ 11.080285107311653, 46.841187681195613 ], [ 11.079964957548745, 46.840714901459755 ], [ 11.079892241936541, 46.841123389886164 ], [ 11.079578329457705, 46.840946942771296 ], [ 11.080921901690127, 46.841772564784748 ], [ 11.081775442176093, 46.84203919777616 ] ] ] } },
{ "type": "Feature", "properties": { "HOM_ID": 140, "NAME_D": "Granatenferner", "NAME_IT": "Vedretta dei Granati", "REGION": "Oetztaler Alpen", "ALT_MIN": 2851.0, "ALT_MAX": 2907.0, "ALT_MEDIAN": 2873.0, "area_km2": 0.0011477781 }, "geometry": { "type": "Polygon", "coordinates": [ [ [ 11.080550124865436, 46.839841909237727 ], [ 11.0802791005154, 46.839293233361751 ], [ 11.080288476737389, 46.840075252161121 ], [ 11.080550124865436, 46.839841909237727 ] ] ] } },
{ "type": "Feature", "properties": { "HOM_ID": 142, "NAME_D": "Timmelsferner", "NAME_IT": "Vedretta Nera", "REGION": "Stubaier Alpen", "ALT_MIN": 2645.0, "ALT_MAX": 2824.0, "ALT_MEDIAN": 2729.0, "area_km2": 0.1318429488 }, "geometry": { "type": "Polygon", "coordinates": [ [ [ 11.184429293138901, 46.912891345943216 ], [ 11.184805970913212, 46.912584138679406 ], [ 11.18523768360566, 46.912775906352877 ], [ 11.186014372166168, 46.912222947669626 ], [ 11.185714671445057, 46.912769582778317 ], [ 11.186543607426248, 46.911908058620369 ], [ 11.187418928058491, 46.911900853715771 ], [ 11.187452038270898, 46.911519248402264 ], [ 11.18565654803043, 46.910913451172803 ], [ 11.185313602723554, 46.911356940221339 ], [ 11.184608677174056, 46.91146206104014 ], [ 11.18508427710926, 46.911024386222543 ], [ 11.181941784468563, 46.910580592067454 ], [ 11.182288770592551, 46.910218126369095 ], [ 11.181666743045129, 46.909967946428871 ], [ 11.181020834019311, 46.90999580722783 ], [ 11.180601846752978, 46.910549063602012 ], [ 11.179882560114308, 46.910417113871773 ], [ 11.178937425864273, 46.909553716272065 ], [ 11.175971367314332, 46.909915348487559 ], [ 11.175859328625716, 46.91152470711021 ], [ 11.176429332018742, 46.910799543760469 ], [ 11.176882553132099, 46.911051650530815 ], [ 11.177574192038469, 46.910756333268566 ], [ 11.177780334583931, 46.910955993156165 ], [ 11.17832238661347, 46.910570655784426 ], [ 11.178288874229022, 46.911775405069186 ], [ 11.178903402785597, 46.910992236010479 ], [ 11.18054791920512, 46.910675181052099 ], [ 11.181219076883872, 46.91186026297045 ], [ 11.181542540117144, 46.91212494433281 ], [ 11.181954589290196, 46.912003986430165 ], [ 11.182545122436906, 46.912698715058774 ], [ 11.184429293138901, 46.912891345943216 ] ] ] } },
{ "type": "Feature", "properties": { "HOM_ID": 143, "NAME_D": "Hochferner", "NAME_IT": "Vedretta Alta", "REGION": "Stubaier Alpen", "ALT_MIN": 2793.0, "ALT_MAX": 2922.0, "ALT_MEDIAN": 2867.0, "area_km2": 0.0085668863 }, "geometry": { "type": "Polygon", "coordinates": [ [ [ 11.197223768808859, 46.917012002190411 ], [ 11.199496378297289, 46.91701120232657 ], [ 11.198775442252099, 46.916377404066381 ], [ 11.196315087304876, 46.916715143752469 ], [ 11.197223768808859, 46.917012002190411 ] ] ] } },
{ "type": "Feature", "properties": { "HOM_ID": 143, "NAME_D": "Hochferner", "NAME_IT": "Vedretta Alta", "REGION": "Stubaier Alpen", "ALT_MIN": 2836.0, "ALT_MAX": 2875.0, "ALT_MEDIAN": 2848.0, "area_km2": 0.0075704079 }, "geometry": { "type": "Polygon", "coordinates": [ [ [ 11.19686979991733, 46.915207421361742 ], [ 11.199005331881969, 46.914958006625511 ], [ 11.198499841613449, 46.914744829302293 ], [ 11.196959186134144, 46.9146029128568 ], [ 11.19686979991733, 46.915207421361742 ] ] ] } },
{ "type": "Feature", "properties": { "HOM_ID": 143, "NAME_D": "Hochferner", "NAME_IT": "Vedretta Alta", "REGION": "Stubaier Alpen", "ALT_MIN": 2932.0, "ALT_MAX": 2952.0, "ALT_MEDIAN": 2948.0, "area_km2": 0.0014371251 }, "geometry": { "type": "Polygon", "coordinates": [ [ [ 11.199627928162256, 46.917999132411261 ], [ 11.199117637944198, 46.917630348197434 ], [ 11.199374034083773, 46.918418319134958 ], [ 11.199627928162256, 46.917999132411261 ] ] ] } },
{ "type": "Feature", "properties": { "HOM_ID": 148, "NAME_D": null, "NAME_IT": null, "REGION": "Stubaier Alpen", "ALT_MIN": 2873.0, "ALT_MAX": 2940.0, "ALT_MEDIAN": 2888.0, "area_km2": 0.0089104908 }, "geometry": { "type": "Polygon", "coordinates": [ [ [ 11.201247901822358, 46.916152082544038 ], [ 11.202235636776626, 46.915579476653839 ], [ 11.202222853419855, 46.915140413854353 ], [ 11.201885612866326, 46.914796885188977 ], [ 11.201138123213152, 46.914871983535917 ], [ 11.201247901822358, 46.916152082544038 ] ] ] } },
{ "type": "Feature", "properties": { "HOM_ID": 149, "NAME_D": null, "NAME_IT": null, "REGION": "Stubaier Alpen", "ALT_MIN": 2702.0, "ALT_MAX": 2781.0, "ALT_MEDIAN": 2736.0, "area_km2": 0.011527381 }, "geometry": { "type": "Polygon", "coordinates": [ [ [ 11.205174057488451, 46.917144389943545 ], [ 11.205568210149318, 46.915826009146684 ], [ 11.20447160557965, 46.916178220117487 ], [ 11.204195295497295, 46.915928181255637 ], [ 11.203707258581296, 46.916093779587904 ], [ 11.20424090059884, 46.91688735353808 ], [ 11.205174057488451, 46.917144389943545 ] ] ] } },
{ "type": "Feature", "properties": { "HOM_ID": 144, "NAME_D": null, "NAME_IT": null, "REGION": "Stubaier Alpen", "ALT_MIN": 2804.0, "ALT_MAX": 3083.0, "ALT_MEDIAN": 2930.0, "area_km2": 0.0708287085 }, "geometry": { "type": "Polygon", "coordinates": [ [ [ 11.196075750892792, 46.928045957883484 ], [ 11.201425351510361, 46.926913356584407 ], [ 11.20185644089756, 46.92661933346335 ], [ 11.201500376582038, 46.926411887711524 ], [ 11.201653538494986, 46.925908915467467 ], [ 11.200005252275794, 46.926184675394168 ], [ 11.198738712269527, 46.925810187586777 ], [ 11.197411894141137, 46.926085686038121 ], [ 11.19666123141395, 46.927064433363448 ], [ 11.195100399382648, 46.926505068241298 ], [ 11.195384622196764, 46.926868682376366 ], [ 11.194895878683678, 46.927241171045559 ], [ 11.195728065521918, 46.927618083291847 ], [ 11.195371672607386, 46.927827312925771 ], [ 11.196075750892792, 46.928045957883484 ] ] ] } },
{ "type": "Feature", "properties": { "HOM_ID": 151, "NAME_D": "Hangenderferner", "NAME_IT": "Vedretta di Capro Orientale", "REGION": "Stubaier Alpen", "ALT_MIN": 2838.0, "ALT_MAX": 3188.0, "ALT_MEDIAN": 3044.0, "area_km2": 0.3193298435 }, "geometry": { "type": "Polygon", "coordinates": [ [ [ 11.20329737059734, 46.934268638277253 ], [ 11.205390171837092, 46.933254018764806 ], [ 11.205459515456857, 46.932431965788531 ], [ 11.206113689140702, 46.93160264890431 ], [ 11.207312359212555, 46.931393093855213 ], [ 11.206821637553965, 46.930552477437857 ], [ 11.207755279520065, 46.930751742083459 ], [ 11.207667215751197, 46.929906413652077 ], [ 11.208077527609897, 46.929572289985728 ], [ 11.207525033973933, 46.929322459508064 ], [ 11.207543590695609, 46.926706312497807 ], [ 11.207219289796932, 46.927488006264923 ], [ 11.206736645817969, 46.927698597785842 ], [ 11.205996820361767, 46.925382876641891 ], [ 11.205478678227085, 46.92609528078934 ], [ 11.205079884897044, 46.925588059004774 ], [ 11.203454235175846, 46.926406119463799 ], [ 11.204458654537641, 46.927118854196273 ], [ 11.204491498644007, 46.927566985141837 ], [ 11.20348190249493, 46.930180762663561 ], [ 11.201984104248989, 46.929798081609 ], [ 11.20139120728189, 46.930309349289175 ], [ 11.200626685195367, 46.930225062229077 ], [ 11.200424820994776, 46.930588614111109 ], [ 11.199771316761245, 46.930627575802085 ], [ 11.198862006178199, 46.931782379248311 ], [ 11.199044366847019, 46.932467718328695 ], [ 11.200499794324493, 46.932527840804354 ], [ 11.200936088584262, 46.933660730374328 ], [ 11.201626543756753, 46.934102043630887 ], [ 11.20329737059734, 46.934268638277253 ] ] ] } },
{ "type": "Feature", "properties": { "HOM_ID": 152, "NAME_D": "Hochgwandferner", "NAME_IT": null, "REGION": "Stubaier Alpen", "ALT_MIN": 2911.0, "ALT_MAX": 2994.0, "ALT_MEDIAN": 2931.0, "area_km2": 0.0196021232 }, "geometry": { "type": "Polygon", "coordinates": [ [ [ 11.211358632828345, 46.934632613731715 ], [ 11.211022594772041, 46.932803299075715 ], [ 11.210225346210358, 46.933068712615921 ], [ 11.210445868601115, 46.933485903680882 ], [ 11.20952888925971, 46.933333960895517 ], [ 11.209265827899099, 46.934163724177203 ], [ 11.209937497832621, 46.934013843263656 ], [ 11.210738098801647, 46.934462689288786 ], [ 11.211358632828345, 46.934632613731715 ] ] ] } },
{ "type": "Feature", "properties": { "HOM_ID": 153, "NAME_D": "Bodenbachferner", "NAME_IT": null, "REGION": "Stubaier Alpen", "ALT_MIN": 2583.0, "ALT_MAX": 2890.0, "ALT_MEDIAN": 2780.0, "area_km2": 0.0656538465 }, "geometry": { "type": "Polygon", "coordinates": [ [ [ 11.215375774628406, 46.94085996321067 ], [ 11.214633480960517, 46.939608221001123 ], [ 11.215435234910185, 46.938860522324774 ], [ 11.215188100967902, 46.938558148318769 ], [ 11.215788789029547, 46.938203644523696 ], [ 11.215612890248719, 46.937732027072364 ], [ 11.215926951816504, 46.937550341669436 ], [ 11.215323628163583, 46.936829843270218 ], [ 11.215703259389711, 46.936426045095644 ], [ 11.212720118425406, 46.936919500987393 ], [ 11.212895168488677, 46.938509767725698 ], [ 11.213374172035337, 46.938618367191751 ], [ 11.213810307598402, 46.939331276700521 ], [ 11.213921901703007, 46.940814905962831 ], [ 11.214320266099218, 46.940864344089533 ], [ 11.214081517780974, 46.940133212684017 ], [ 11.21436433085915, 46.939909872817424 ], [ 11.215017252673759, 46.940933573634439 ], [ 11.215375774628406, 46.94085996321067 ] ] ] } },
{ "type": "Feature", "properties": { "HOM_ID": 154, "NAME_D": "Uebeltalferner", "NAME_IT": "Vedretta di Malavalle", "REGION": "Stubaier Alpen", "ALT_MIN": 2512.0, "ALT_MAX": 3451.0, "ALT_MEDIAN": 2970.0, "area_km2": 6.996949073 }, "geometry": { "type": "Polygon", "coordinates": [ [ [ 11.189840181836987, 46.970371649217007 ], [ 11.191942191152613, 46.968822414657488 ], [ 11.192593550863922, 46.967653576051617 ], [ 11.190759164110439, 46.96483202883708 ], [ 11.19129790497951, 46.96234716981845 ], [ 11.19112643608435, 46.961469985207863 ], [ 11.190685448341403, 46.960635531587172 ], [ 11.189737556394544, 46.960417946999364 ], [ 11.189606460210147, 46.959591845742963 ], [ 11.188971263544481, 46.959025398679458 ], [ 11.188268249951484, 46.956540156511998 ], [ 11.188504193828669, 46.955845136822617 ], [ 11.188078618788227, 46.955812796457039 ], [ 11.188157623119524, 46.955470736277753 ], [ 11.187727697584467, 46.955267636460931 ], [ 11.188218778780275, 46.954838584583889 ], [ 11.188168680439855, 46.954143082201931 ], [ 11.189107448923316, 46.953607247563568 ], [ 11.188637522823024, 46.953595401286883 ], [ 11.188731257726118, 46.953016200567006 ], [ 11.193050799067652, 46.950332193759962 ], [ 11.193287028483741, 46.949199636926963 ], [ 11.19448216806212, 46.948771944084619 ], [ 11.1954151982728, 46.948843338882348 ], [ 11.196214506248795, 46.950426293534747 ], [ 11.198477610240213, 46.951421875599507 ], [ 11.198160141480489, 46.951820850211341 ], [ 11.200862811432943, 46.952604660025173 ], [ 11.201796166923122, 46.952597421189125 ], [ 11.20221693423356, 46.951792858694283 ], [ 11.203756997993173, 46.951355497330326 ], [ 11.204663413151801, 46.951412447163783 ], [ 11.205690623302564, 46.951976015510262 ], [ 11.206786743660485, 46.951889404480326 ], [ 11.209158963811666, 46.950703700723253 ], [ 11.209316543679142, 46.950941741581367 ], [ 11.209690394636736, 46.950520812825985 ], [ 11.210699740267623, 46.950438816603352 ], [ 11.210394780075571, 46.948163406469746 ], [ 11.210761407668995, 46.947694397968291 ], [ 11.210365854719802, 46.948052055336852 ], [ 11.210215661791706, 46.947697795770161 ], [ 11.208797062052783, 46.947951386512599 ], [ 11.208228349395686, 46.947107945401662 ], [ 11.208835773861924, 46.947224889486264 ], [ 11.209485290321288, 46.946955195429652 ], [ 11.209412373527833, 46.946704210775721 ], [ 11.210056410106912, 46.946639391002165 ], [ 11.209625899833535, 46.946041474713944 ], [ 11.209733862050893, 46.945412454104506 ], [ 11.209398299217764, 46.94553798654956 ], [ 11.208580661413214, 46.9451013663803 ], [ 11.208613138121926, 46.94372982884623 ], [ 11.209575122932055, 46.943133849555601 ], [ 11.20928317924716, 46.942234332746963 ], [ 11.20971909839435, 46.941506833415424 ], [ 11.211791892732426, 46.939873605925868 ], [ 11.211139470234611, 46.939859426386839 ], [ 11.211776441556001, 46.939125067814238 ], [ 11.210931634640124, 46.937765133049012 ], [ 11.211711601894168, 46.937382424361346 ], [ 11.211380972657626, 46.937288808189038 ], [ 11.211735149091517, 46.936873213126653 ], [ 11.211393939464809, 46.936522646209248 ], [ 11.210186745981265, 46.936922177593736 ], [ 11.209550258293005, 46.936829701400917 ], [ 11.209055641917821, 46.936467803008561 ], [ 11.209404548298622, 46.936161051933269 ], [ 11.208662443077209, 46.936543015116257 ], [ 11.207507679840989, 46.936189086684969 ], [ 11.206329085720656, 46.936202291885309 ], [ 11.205791756210044, 46.935883109979606 ], [ 11.205859038463252, 46.93626849895454 ], [ 11.205153201098822, 46.936010659775789 ], [ 11.20549923266902, 46.9376844769549 ], [ 11.204281138237269, 46.938247601205831 ], [ 11.203320592164303, 46.938030968810928 ], [ 11.20352172055704, 46.938908092080595 ], [ 11.20240684652134, 46.940120089370389 ], [ 11.203313592686785, 46.940507416517953 ], [ 11.203626990668074, 46.942467748987909 ], [ 11.204189422010932, 46.942406319828301 ], [ 11.205070653874944, 46.942806030528558 ], [ 11.205518299494704, 46.943970080229441 ], [ 11.206181399717098, 46.944454347084182 ], [ 11.206792975889748, 46.944446226209493 ], [ 11.207210337153189, 46.945506681756839 ], [ 11.206634480766647, 46.945459877332908 ], [ 11.206606037410385, 46.94581894511029 ], [ 11.20749779459838, 46.94664321614588 ], [ 11.20687979347994, 46.946883252246337 ], [ 11.207232149207815, 46.947250283895507 ], [ 11.206086751237153, 46.946960450568525 ], [ 11.206036635976925, 46.947263811792773 ], [ 11.203401995140966, 46.946609946619951 ], [ 11.203353113872039, 46.946348796844418 ], [ 11.202873959221334, 46.946534220110166 ], [ 11.200430711056757, 46.945371642043938 ], [ 11.200369395055153, 46.945063282197829 ], [ 11.201332707992488, 46.944475680464301 ], [ 11.199577902561323, 46.943735575305745 ], [ 11.200105300228222, 46.943115883479528 ], [ 11.198918610550127, 46.943257744981381 ], [ 11.198090376019438, 46.942814109907715 ], [ 11.197893103180037, 46.941986905620318 ], [ 11.198249057489202, 46.941680054619461 ], [ 11.199196193992305, 46.9419713961965 ], [ 11.199931399756432, 46.941502481236142 ], [ 11.199598672212204, 46.941018376508737 ], [ 11.20057064839005, 46.940304417884249 ], [ 11.201698409170367, 46.938896943645027 ], [ 11.201958071165619, 46.937853800618498 ], [ 11.202915512799674, 46.936787702762004 ], [ 11.203648788062766, 46.93652833490524 ], [ 11.204260349257412, 46.935421263693875 ], [ 11.202727385194812, 46.934998377706009 ], [ 11.20334576448991, 46.934819797936939 ], [ 11.203241828996783, 46.934574167759848 ], [ 11.20260583258281, 46.934831660825679 ], [ 11.201754031597185, 46.934319454764122 ], [ 11.201181191395156, 46.934930504488008 ], [ 11.200647563550833, 46.934547891019228 ], [ 11.200543350629664, 46.934973725504534 ], [ 11.199917916262512, 46.935150044494918 ], [ 11.199838156924583, 46.934306297091496 ], [ 11.200214951950738, 46.93391570074391 ], [ 11.199796227041634, 46.933707073318246 ], [ 11.199401747774058, 46.934175154743677 ], [ 11.199706012672992, 46.93430502783584 ], [ 11.198629860024239, 46.934510003578779 ], [ 11.199064511493361, 46.935446937373399 ], [ 11.197762618485822, 46.936676769084706 ], [ 11.197515735514846, 46.937524409223734 ], [ 11.196650006888111, 46.93718148831185 ], [ 11.197107773554244, 46.936984596174085 ], [ 11.196754125065235, 46.936667559837119 ], [ 11.197506193545388, 46.936781698169874 ], [ 11.19724557291952, 46.936189530254218 ], [ 11.197628566827424, 46.935779774766978 ], [ 11.19713104987502, 46.935684560663681 ], [ 11.197055255903001, 46.935276471849939 ], [ 11.19705083346145, 46.935848014437276 ], [ 11.196437201614998, 46.935633591692643 ], [ 11.196423527926312, 46.934619518106999 ], [ 11.196173896814605, 46.935315295557551 ], [ 11.195507023729313, 46.935413809981398 ], [ 11.195506352671144, 46.935142381318919 ], [ 11.195054907044947, 46.935748689824514 ], [ 11.194564021654799, 46.935560475340694 ], [ 11.19414019874141, 46.935992433395995 ], [ 11.193949024277289, 46.93556750592856 ], [ 11.19363501893322, 46.936390232045014 ], [ 11.193099370811771, 46.93629763648493 ], [ 11.19311225932719, 46.935166381331804 ], [ 11.192258085663113, 46.934849397334837 ], [ 11.190096512707983, 46.935545580427252 ], [ 11.190542568576447, 46.936339463968856 ], [ 11.189863001369371, 46.936723916195881 ], [ 11.19014440620443, 46.937316179895134 ], [ 11.189022379500068, 46.93708049207833 ], [ 11.189884551995666, 46.938104524662215 ], [ 11.189410681334312, 46.93893029862781 ], [ 11.189615360702081, 46.939857379658392 ], [ 11.190257956139149, 46.940440350232542 ], [ 11.190057805567502, 46.941158501618133 ], [ 11.190652155664987, 46.940899494027157 ], [ 11.190982842210614, 46.942017027725683 ], [ 11.191985415442442, 46.942304510296516 ], [ 11.191983127384804, 46.942759337933524 ], [ 11.191629197979196, 46.942861359681302 ], [ 11.191917459807803, 46.943279668640407 ], [ 11.191135605975051, 46.943970864148852 ], [ 11.190566838701642, 46.94400556389634 ], [ 11.190594910366654, 46.943585958348031 ], [ 11.190011100595283, 46.94325187782686 ], [ 11.190953902361368, 46.942500462288756 ], [ 11.19089828430385, 46.941989597761221 ], [ 11.190169502871054, 46.941851159009815 ], [ 11.190437929044565, 46.942124607239407 ], [ 11.190154816270116, 46.942172884957898 ], [ 11.189320264621944, 46.941145945248245 ], [ 11.18884077740266, 46.941152736012022 ], [ 11.188962596708034, 46.940900393851834 ], [ 11.187979053720554, 46.941078734825922 ], [ 11.187783198417959, 46.940683253438245 ], [ 11.187481511241801, 46.940958080513823 ], [ 11.186904451184709, 46.940873867184941 ], [ 11.186013826595241, 46.942224280586686 ], [ 11.185618291359829, 46.942158499227638 ], [ 11.185522504071098, 46.941769833093673 ], [ 11.186581912385403, 46.940466200509 ], [ 11.186614610947636, 46.937172081544986 ], [ 11.185262437231628, 46.936662169143766 ], [ 11.183713045560616, 46.936772701898114 ], [ 11.18063426556451, 46.938137187715832 ], [ 11.180138754167768, 46.939375259935218 ], [ 11.180670957734945, 46.940067534523749 ], [ 11.179828047679996, 46.941397942447217 ], [ 11.179777910829452, 46.940248842012856 ], [ 11.179293121157684, 46.940210453413279 ], [ 11.179532801963914, 46.939948734110729 ], [ 11.178838528715465, 46.939973859784622 ], [ 11.176826226682454, 46.941616993569802 ], [ 11.177022789422104, 46.942520440347501 ], [ 11.176017350658515, 46.943361030978224 ], [ 11.175477627822241, 46.943254620041728 ], [ 11.175061894088739, 46.943548249559313 ], [ 11.175681413973901, 46.944079356990649 ], [ 11.175082577429739, 46.945259842531733 ], [ 11.174309167688428, 46.943933999782359 ], [ 11.174204350023546, 46.944264578482311 ], [ 11.173920160579129, 46.944115207598394 ], [ 11.17318981011614, 46.944452903817492 ], [ 11.173223941985311, 46.944866561071592 ], [ 11.172777425476999, 46.944829799186749 ], [ 11.170323039207235, 46.946555022836847 ], [ 11.168422432410765, 46.9473606106924 ], [ 11.168386900776085, 46.946739350112871 ], [ 11.170034427885199, 46.945522351443316 ], [ 11.167866811457685, 46.945139603866124 ], [ 11.167485109449517, 46.945846866193477 ], [ 11.165074267516282, 46.946933026474447 ], [ 11.162566899848429, 46.95014962872321 ], [ 11.163024552658145, 46.95102911610396 ], [ 11.164164731623217, 46.95162425545989 ], [ 11.164650957914727, 46.952557960046136 ], [ 11.164510166419685, 46.952860636991254 ], [ 11.163779612297999, 46.9525077685132 ], [ 11.163921297517637, 46.952917013128179 ], [ 11.163403764978113, 46.952931559030226 ], [ 11.163538116381185, 46.953331418799635 ], [ 11.163077474086382, 46.953549659735977 ], [ 11.163871548850345, 46.954701368260331 ], [ 11.164768175137821, 46.95494632814912 ], [ 11.164667539381494, 46.956072092316653 ], [ 11.165110479496663, 46.956104191267222 ], [ 11.166350881921479, 46.955216393581509 ], [ 11.167181293451632, 46.955026853361076 ], [ 11.167801938246074, 46.954379356361343 ], [ 11.168551123096998, 46.95441754580412 ], [ 11.170071874282696, 46.953843456661794 ], [ 11.169800599831884, 46.953384713042453 ], [ 11.169079444486027, 46.953293197350433 ], [ 11.168854526109365, 46.953492706411055 ], [ 11.169310720824894, 46.95385312459819 ], [ 11.169111183598064, 46.954078345408348 ], [ 11.169079670542263, 46.953728926907999 ], [ 11.168955363683038, 46.95366461356349 ], [ 11.169045476044069, 46.953915297417964 ], [ 11.168650032750282, 46.95393945906833 ], [ 11.168779493544184, 46.953098872311472 ], [ 11.168184091302269, 46.952993482048569 ], [ 11.167996625165092, 46.952570823572465 ], [ 11.168330684406323, 46.952490681824969 ], [ 11.167884848466361, 46.952172810011334 ], [ 11.168322126938195, 46.951676520591896 ], [ 11.167973919638575, 46.949684929618684 ], [ 11.168697840219512, 46.948153048356474 ], [ 11.169092902698758, 46.948464623356202 ], [ 11.168958755312932, 46.949102909807344 ], [ 11.169367087268704, 46.949140410488788 ], [ 11.1694150208534, 46.950068116360292 ], [ 11.170928511856239, 46.951982362993796 ], [ 11.170946580578962, 46.952686814431146 ], [ 11.172745728822489, 46.954352749643746 ], [ 11.169820481780583, 46.954420153809728 ], [ 11.167924214148956, 46.955770436280758 ], [ 11.167705822364875, 46.955529324158832 ], [ 11.166925751110329, 46.955932210031342 ], [ 11.16555660982139, 46.957257837009422 ], [ 11.165243768486288, 46.957153632245252 ], [ 11.164189152390369, 46.96033379114165 ], [ 11.164914697194121, 46.962046336022432 ], [ 11.168718914224826, 46.963407707962517 ], [ 11.168802789716825, 46.963791899532417 ], [ 11.169490779236765, 46.963455158417851 ], [ 11.170405572619577, 46.964349110725919 ], [ 11.175729287856369, 46.963718050145765 ], [ 11.177573153204019, 46.962411496109972 ], [ 11.178816498480032, 46.962696576108513 ], [ 11.178802234145756, 46.963201632413217 ], [ 11.179528472535889, 46.963185422942722 ], [ 11.179206673522534, 46.964167785202726 ], [ 11.180485900931789, 46.964680072790692 ], [ 11.180497102964454, 46.964420919173406 ], [ 11.181146938587702, 46.964578186755745 ], [ 11.182860829137374, 46.965349118026758 ], [ 11.184323819230471, 46.967265614329918 ], [ 11.186700674774894, 46.96919352745082 ], [ 11.188945028947952, 46.969745888328859 ], [ 11.189840181836987, 46.970371649217007 ] ], [ [ 11.189462828198939, 46.964446185057469 ], [ 11.188944927042199, 46.964267906749228 ], [ 11.189018677014266, 46.963837905367953 ], [ 11.190126333072694, 46.962962508389104 ], [ 11.190288579981436, 46.963480936951527 ], [ 11.189790840006317, 46.963796346599636 ], [ 11.19023673805485, 46.964127791662094 ], [ 11.189462828198939, 46.964446185057469 ] ], [ [ 11.188300335049735, 46.96419162055151 ], [ 11.188267765676855, 46.964245817143983 ], [ 11.188242404943772, 46.964157012309769 ], [ 11.188300335049735, 46.96419162055151 ] ], [ [ 11.178218609151633, 46.957867567586028 ], [ 11.178458867724592, 46.954144416191419 ], [ 11.177960770414041, 46.953524827492409 ], [ 11.178323807322723, 46.953629587065741 ], [ 11.17790459030631, 46.951069176918665 ], [ 11.178655937932517, 46.95002752010722 ], [ 11.1791652914014, 46.94985404096839 ], [ 11.179985509474941, 46.950776440399466 ], [ 11.179094927405014, 46.952137152850192 ], [ 11.178683768388131, 46.952051923360116 ], [ 11.179032270132232, 46.954743957385475 ], [ 11.178614791053379, 46.955708536879627 ], [ 11.179156405893654, 46.956997308042126 ], [ 11.178218609151633, 46.957867567586028 ] ], [ [ 11.205854295631719, 46.948796411623341 ], [ 11.206325562267331, 46.948439251285428 ], [ 11.206548063927793, 46.948354005121381 ], [ 11.206553838604194, 46.948325320970028 ], [ 11.204585644589322, 46.948320393985753 ], [ 11.205584433598446, 46.948003515532385 ], [ 11.206294297877308, 46.948270798250789 ], [ 11.206972660821819, 46.948110091930495 ], [ 11.207649307843454, 46.948668497067558 ], [ 11.205854295631719, 46.948796411623341 ] ], [ [ 11.204574493526627, 46.948218222909055 ], [ 11.204596023227451, 46.948234475631438 ], [ 11.204543322912157, 46.948221204439818 ], [ 11.204574493526627, 46.948218222909055 ] ], [ [ 11.204983515283969, 46.948441306342893 ], [ 11.205373852552693, 46.948548076090503 ], [ 11.204884814027738, 46.948493210434712 ], [ 11.204983515283969, 46.948441306342893 ] ], [ [ 11.205819492062028, 46.948477579606894 ], [ 11.205874102538191, 46.948452716315963 ], [ 11.205906935677493, 46.948490180520466 ], [ 11.205819492062028, 46.948477579606894 ] ], [ [ 11.205979797655601, 46.948486394975454 ], [ 11.205974660851073, 46.948446015849349 ], [ 11.206051779428106, 46.948461196745832 ], [ 11.205979797655601, 46.948486394975454 ] ], [ [ 11.169407926516307, 46.948344360857085 ], [ 11.169552009955453, 46.948382107554366 ], [ 11.169381189626815, 46.948371059384499 ], [ 11.169407926516307, 46.948344360857085 ] ], [ [ 11.1684238840039, 46.953334192586773 ], [ 11.167903505186143, 46.953622635451332 ], [ 11.168008695209629, 46.953127763071208 ], [ 11.1684238840039, 46.953334192586773 ] ], [ [ 11.189734156322908, 46.943707198552353 ], [ 11.190038259613722, 46.943832338038789 ], [ 11.18985596570869, 46.944221559324795 ], [ 11.189573267163789, 46.944024577810566 ], [ 11.189734156322908, 46.943707198552353 ] ], [ [ 11.190608353213584, 46.944085725218677 ], [ 11.190761113229641, 46.944080419925683 ], [ 11.190599290532113, 46.944119233636556 ], [ 11.190608353213584, 46.944085725218677 ] ], [ [ 11.207997624501745, 46.946858213950563 ], [ 11.208349019465992, 46.946592992779443 ], [ 11.208056189534204, 46.9461446818 ], [ 11.208841489095581, 46.946217626677765 ], [ 11.208665677253491, 46.94680910408551 ], [ 11.207997624501745, 46.946858213950563 ] ], [ [ 11.211049687154325, 46.939789729056642 ], [ 11.210991524727127, 46.939749184053859 ], [ 11.211026016729219, 46.939742564970587 ], [ 11.211049687154325, 46.939789729056642 ] ], [ [ 11.211060986203904, 46.939536521956676 ], [ 11.211131494694712, 46.939454798488484 ], [ 11.211146480872259, 46.939502130350334 ], [ 11.211060986203904, 46.939536521956676 ] ] ] } },
{ "type": "Feature", "properties": { "HOM_ID": 154, "NAME_D": "Uebeltalferner", "NAME_IT": "Vedretta di Malavalle", "REGION": "Stubaier Alpen", "ALT_MIN": 2790.0, "ALT_MAX": 3218.0, "ALT_MEDIAN": 2925.0, "area_km2": 0.2575664928 }, "geometry": { "type": "Polygon", "coordinates": [ [ [ 11.196397257004636, 46.968971010300173 ], [ 11.197294731471194, 46.968122005616586 ], [ 11.197041981020561, 46.967182529406855 ], [ 11.197513936024093, 46.966990484448559 ], [ 11.197841805123282, 46.965760918524914 ], [ 11.198449054968956, 46.965089701708912 ], [ 11.198835855993233, 46.965192394813357 ], [ 11.19881282144692, 46.963782059186975 ], [ 11.199180728279481, 46.963742249851862 ], [ 11.199166144075768, 46.962644265629969 ], [ 11.199958751660615, 46.961405762235579 ], [ 11.198712614497538, 46.96017072247345 ], [ 11.196858071668627, 46.960491038876548 ], [ 11.195717571894425, 46.960281798635791 ], [ 11.195363869836168, 46.96119934004782 ], [ 11.194151264689321, 46.962163113665049 ], [ 11.194496317553808, 46.962531157996608 ], [ 11.194244270668458, 46.962831242303352 ], [ 11.193673191811273, 46.962899335430819 ], [ 11.193828524197901, 46.962651894642889 ], [ 11.19335759882061, 46.962357410753015 ], [ 11.192464911758062, 46.962970886331298 ], [ 11.192505175237361, 46.963575360621888 ], [ 11.19335444933604, 46.963865012053155 ], [ 11.193342878626106, 46.964279923549526 ], [ 11.194197343967659, 46.964252894887665 ], [ 11.194294652427077, 46.964730255378434 ], [ 11.193477358986998, 46.964905664926576 ], [ 11.19362769917182, 46.965158370601735 ], [ 11.194789288909863, 46.964843239741967 ], [ 11.195010449726446, 46.964355072622425 ], [ 11.195904698682694, 46.964215887850898 ], [ 11.195978732827676, 46.965705606852246 ], [ 11.195570214528066, 46.965815830247806 ], [ 11.195447647236341, 46.965583051481282 ], [ 11.194822771332259, 46.966568295532134 ], [ 11.195156865912351, 46.967082744473828 ], [ 11.195804542988835, 46.967079248856123 ], [ 11.195584258622555, 46.968155547197114 ], [ 11.195916162284098, 46.968809850174893 ], [ 11.196397257004636, 46.968971010300173 ] ], [ [ 11.197648547308937, 46.965701769696054 ], [ 11.197633115320633, 46.965494913782507 ], [ 11.197902246189082, 46.965442124310719 ], [ 11.19790497608021, 46.965508741574027 ], [ 11.197648547308937, 46.965701769696054 ] ] ] } },
{ "type": "Feature", "properties": { "HOM_ID": 154, "NAME_D": "Uebeltalferner", "NAME_IT": "Vedretta di Malavalle", "REGION": "Stubaier Alpen", "ALT_MIN": 2849.0, "ALT_MAX": 3184.0, "ALT_MEDIAN": 2991.0, "area_km2": 0.1039759071 }, "geometry": { "type": "Polygon", "coordinates": [ [ [ 11.197973059481679, 46.96843503514328 ], [ 11.200327245742761, 46.968088506598043 ], [ 11.201213376500634, 46.967072373726751 ], [ 11.202963639179723, 46.967026195601115 ], [ 11.202840425079902, 46.966778555981016 ], [ 11.204557128818463, 46.964706700864561 ], [ 11.204274468817454, 46.96337579071556 ], [ 11.203093850175643, 46.963591390039987 ], [ 11.203162773010332, 46.963872219144569 ], [ 11.202629610444955, 46.963593182190976 ], [ 11.201921426843759, 46.962079359134812 ], [ 11.201984043246398, 46.964134201421274 ], [ 11.201629053999254, 46.964700580332618 ], [ 11.202070930958643, 46.965403420640783 ], [ 11.200989512728055, 46.965537323369261 ], [ 11.200156677389678, 46.967406993156274 ], [ 11.198311081017673, 46.967440077424236 ], [ 11.197973059481679, 46.96843503514328 ] ] ] } },
{ "type": "Feature", "properties": { "HOM_ID": 154, "NAME_D": "Uebeltalferner", "NAME_IT": "Vedretta di Malavalle", "REGION": "Stubaier Alpen", "ALT_MIN": 3057.0, "ALT_MAX": 3098.0, "ALT_MEDIAN": 3080.0, "area_km2": 0.0015926279 }, "geometry": { "type": "Polygon", "coordinates": [ [ [ 11.190813105796369, 46.960440221884696 ], [ 11.190952382878214, 46.960018488442373 ], [ 11.190719806984344, 46.959518155428967 ], [ 11.190633536573118, 46.959619812090907 ], [ 11.190813105796369, 46.960440221884696 ] ] ] } },
{ "type": "Feature", "properties": { "HOM_ID": 145, "NAME_D": "Botzerferner", "NAME_IT": "Vedretta del Capro", "REGION": "Stubaier Alpen", "ALT_MIN": 2869.0, "ALT_MAX": 3208.0, "ALT_MEDIAN": 3055.0, "area_km2": 0.1366171337 }, "geometry": { "type": "Polygon", "coordinates": [ [ [ 11.197032996963742, 46.934264773311106 ], [ 11.197108648072353, 46.933919422263259 ], [ 11.198922383612267, 46.933546306841542 ], [ 11.198629781410549, 46.932512591439753 ], [ 11.197780583325063, 46.932824084586606 ], [ 11.197271628984023, 46.93229156864836 ], [ 11.197728487866023, 46.932107548520278 ], [ 11.196745257333875, 46.932135951900811 ], [ 11.19692279243146, 46.931611327119143 ], [ 11.196622549950709, 46.9314730351484 ], [ 11.197265746684566, 46.930945780691829 ], [ 11.19642269125738, 46.931048279115601 ], [ 11.196415010111279, 46.931497853921954 ], [ 11.194929209145972, 46.931395401981824 ], [ 11.194809469597635, 46.931657307953081 ], [ 11.193775669464841, 46.931877140465879 ], [ 11.193625335403897, 46.931491836208217 ], [ 11.193123818464505, 46.931746770714717 ], [ 11.192231735684603, 46.931606713159056 ], [ 11.19252122611771, 46.931801176734496 ], [ 11.191349984203079, 46.932230773740756 ], [ 11.191590289841177, 46.932497614384829 ], [ 11.191237246746617, 46.932790103889317 ], [ 11.190456856836128, 46.932576460833701 ], [ 11.190847198036751, 46.932372081946426 ], [ 11.19069968339201, 46.931993933785769 ], [ 11.189997893107954, 46.932002604692549 ], [ 11.189864903903882, 46.932662324925168 ], [ 11.190919082481498, 46.933681954133519 ], [ 11.191021853203498, 46.933244971790103 ], [ 11.192514896779201, 46.932863977657377 ], [ 11.192127139554032, 46.93392383985978 ], [ 11.192353475212036, 46.934333088687417 ], [ 11.194174961677568, 46.934248175891256 ], [ 11.194590809871825, 46.933961616601202 ], [ 11.197032996963742, 46.934264773311106 ] ], [ [ 11.198041929107946, 46.933012526909621 ], [ 11.19850030682499, 46.933052295572814 ], [ 11.198244349448002, 46.933270080441076 ], [ 11.198041929107946, 46.933012526909621 ] ], [ [ 11.196396233702911, 46.932797921920233 ], [ 11.196376920946181, 46.932750671153208 ], [ 11.19642372800315, 46.932790251000291 ], [ 11.196396233702911, 46.932797921920233 ] ], [ [ 11.196464531493529, 46.932768038190659 ], [ 11.19641068055285, 46.932726212483317 ], [ 11.196452165243203, 46.932720654106532 ], [ 11.196464531493529, 46.932768038190659 ] ], [ [ 11.196453205511666, 46.932661107342561 ], [ 11.196483394434781, 46.932634336113004 ], [ 11.196471447767465, 46.932682186853462 ], [ 11.196453205511666, 46.932661107342561 ] ] ] } },
{ "type": "Feature", "properties": { "HOM_ID": 145, "NAME_D": "Botzerferner", "NAME_IT": "Vedretta del Capro", "REGION": "Stubaier Alpen", "ALT_MIN": 2901.0, "ALT_MAX": 2961.0, "ALT_MEDIAN": 2926.0, "area_km2": 0.004229032 }, "geometry": { "type": "Polygon", "coordinates": [ [ [ 11.190735628164861, 46.934557659954905 ], [ 11.191725034393246, 46.934781583689457 ], [ 11.191735643554479, 46.934402790563546 ], [ 11.19093137957692, 46.933732442387281 ], [ 11.19109542345298, 46.934437923967806 ], [ 11.190678835674758, 46.934315877526721 ], [ 11.190735628164861, 46.934557659954905 ] ] ] } },
{ "type": "Feature", "properties": { "HOM_ID": 147, "NAME_D": "Schwarzwandferner", "NAME_IT": null, "REGION": "Stubaier Alpen", "ALT_MIN": 2931.0, "ALT_MAX": 3069.0, "ALT_MEDIAN": 2984.0, "area_km2": 0.0292401077 }, "geometry": { "type": "Polygon", "coordinates": [ [ [ 11.176887665532634, 46.9404828143158 ], [ 11.178024349914351, 46.940051903268461 ], [ 11.178110680237902, 46.938859342434064 ], [ 11.178874603791751, 46.938416969290394 ], [ 11.177850184984772, 46.938757275118114 ], [ 11.177655219212815, 46.93819310104962 ], [ 11.176892899207461, 46.93819957186966 ], [ 11.177570406252523, 46.938673309047509 ], [ 11.177183520673797, 46.939034258628546 ], [ 11.175570838052403, 46.939129217295715 ], [ 11.175623945649827, 46.939538941639242 ], [ 11.176240824196556, 46.939705792576611 ], [ 11.175890976737961, 46.94008031972281 ], [ 11.176887665532634, 46.9404828143158 ] ] ] } },
{ "type": "Feature", "properties": { "HOM_ID": 147, "NAME_D": "Schwarzwandferner", "NAME_IT": null, "REGION": "Stubaier Alpen", "ALT_MIN": 2946.0, "ALT_MAX": 3062.0, "ALT_MEDIAN": 3003.0, "area_km2": 0.0176952169 }, "geometry": { "type": "Polygon", "coordinates": [ [ [ 11.173806263733773, 46.94386670505245 ], [ 11.17415705838018, 46.943621934490153 ], [ 11.173700644856146, 46.943082959346512 ], [ 11.171717189922012, 46.942298984033911 ], [ 11.171965516961729, 46.943699264006092 ], [ 11.173806263733773, 46.94386670505245 ] ] ] } },
{ "type": "Feature", "properties": { "HOM_ID": 155, "NAME_D": "Geisswandferner", "NAME_IT": "Vedretta Pendente", "REGION": "Stubaier Alpen", "ALT_MIN": 2843.0, "ALT_MAX": 2947.0, "ALT_MEDIAN": 2864.0, "area_km2": 0.0167750609 }, "geometry": { "type": "Polygon", "coordinates": [ [ [ 11.211362479199959, 46.961944365052787 ], [ 11.211954447577448, 46.9617722034751 ], [ 11.211311623384523, 46.961153643598877 ], [ 11.211679344172708, 46.960688183951774 ], [ 11.212373632290614, 46.960556587699543 ], [ 11.21199064325738, 46.960344373345478 ], [ 11.210454520911668, 46.960693989483055 ], [ 11.210452586607758, 46.961069043797409 ], [ 11.20884450336106, 46.961079257908146 ], [ 11.209183770339946, 46.961856605609086 ], [ 11.209671747055806, 46.96126458889038 ], [ 11.210204303981664, 46.961204251142185 ], [ 11.211362479199959, 46.961944365052787 ] ], [ [ 11.210843647586676, 46.961317454326988 ], [ 11.210867381945747, 46.961260445569252 ], [ 11.210904829445138, 46.961325201380092 ], [ 11.210843647586676, 46.961317454326988 ] ] ] } },
{ "type": "Feature", "properties": { "HOM_ID": 155, "NAME_D": "Geisswandferner", "NAME_IT": "Vedretta Pendente", "REGION": "Stubaier Alpen", "ALT_MIN": 2915.0, "ALT_MAX": 2954.0, "ALT_MEDIAN": 2932.0, "area_km2": 0.008631168 }, "geometry": { "type": "Polygon", "coordinates": [ [ [ 11.211673827711527, 46.964057240279615 ], [ 11.212305771622633, 46.96322540102237 ], [ 11.210922625066059, 46.963045993525249 ], [ 11.211735742535128, 46.962792175848108 ], [ 11.211149870796483, 46.962753970203273 ], [ 11.210324171739783, 46.963175177412346 ], [ 11.210688804204949, 46.963448623865112 ], [ 11.211232098160542, 46.963348123520781 ], [ 11.211673827711527, 46.964057240279615 ] ], [ [ 11.21058095158409, 46.963262126754806 ], [ 11.210812358756245, 46.96307098141888 ], [ 11.210938103649182, 46.963219035398076 ], [ 11.21058095158409, 46.963262126754806 ] ], [ [ 11.211442761067254, 46.963176902435649 ], [ 11.211273484526279, 46.963187792684934 ], [ 11.211281197318812, 46.963172404858952 ], [ 11.211442761067254, 46.963176902435649 ] ] ] } },
{ "type": "Feature", "properties": { "HOM_ID": 155, "NAME_D": "Geisswandferner", "NAME_IT": "Vedretta Pendente", "REGION": "Stubaier Alpen", "ALT_MIN": 2954.0, "ALT_MAX": 2989.0, "ALT_MEDIAN": 2971.0, "area_km2": 0.0033347385 }, "geometry": { "type": "Polygon", "coordinates": [ [ [ 11.209507038095195, 46.963669550105855 ], [ 11.210113751637092, 46.963031615280251 ], [ 11.208911283369952, 46.963138167458176 ], [ 11.209507038095195, 46.963669550105855 ] ] ] } },
{ "type": "Feature", "properties": { "HOM_ID": 155, "NAME_D": "Geisswandferner", "NAME_IT": "Vedretta Pendente", "REGION": "Stubaier Alpen", "ALT_MIN": 2927.0, "ALT_MAX": 2947.0, "ALT_MEDIAN": 2937.0, "area_km2": 0.001314897 }, "geometry": { "type": "Polygon", "coordinates": [ [ [ 11.21016444347995, 46.962742528176463 ], [ 11.210345078624535, 46.962315209766615 ], [ 11.209766491065182, 46.962369242012002 ], [ 11.21016444347995, 46.962742528176463 ] ] ] } },
{ "type": "Feature", "properties": { "HOM_ID": 156, "NAME_D": "Hangenderferner", "NAME_IT": "Vedretta Pendente", "REGION": "Stubaier Alpen", "ALT_MIN": 2623.0, "ALT_MAX": 3111.0, "ALT_MEDIAN": 2783.0, "area_km2": 0.9776041695 }, "geometry": { "type": "Polygon", "coordinates": [ [ [ 11.225614704670996, 46.968908621979729 ], [ 11.228166894272432, 46.96913754632179 ], [ 11.229479253788533, 46.968576248773601 ], [ 11.23091543379536, 46.968567310650016 ], [ 11.230585320707883, 46.968157058947789 ], [ 11.231949959079548, 46.968435229154956 ], [ 11.23294539051874, 46.967949123490726 ], [ 11.233362910876517, 46.96828623008377 ], [ 11.232903336903249, 46.968442823544784 ], [ 11.233156437350349, 46.968590273431083 ], [ 11.236896282968065, 46.968438661577757 ], [ 11.238274563049051, 46.967875975172355 ], [ 11.239326637858051, 46.968164932449199 ], [ 11.23975237801576, 46.967330569972958 ], [ 11.24069397085162, 46.967389523304824 ], [ 11.240871330192075, 46.966756100105343 ], [ 11.242272270765895, 46.966581982926797 ], [ 11.242582020997162, 46.9661679617736 ], [ 11.241995427098093, 46.966072306697768 ], [ 11.241528518257416, 46.96655171374104 ], [ 11.241037494664761, 46.966454181846764 ], [ 11.241303592091109, 46.966163242723852 ], [ 11.240946117604313, 46.965932136441133 ], [ 11.240600110350664, 46.966807999678224 ], [ 11.240552933170191, 46.966511290978573 ], [ 11.23942715714492, 46.966205929004694 ], [ 11.238917514632607, 46.965245616822315 ], [ 11.238923234472193, 46.966424131848456 ], [ 11.239495426128242, 46.966383173043923 ], [ 11.239765775734199, 46.967026722449795 ], [ 11.239161055198037, 46.966913549413654 ], [ 11.239218146701303, 46.966614799167644 ], [ 11.238152943199683, 46.967010654009783 ], [ 11.237473489310338, 46.966812421694407 ], [ 11.237704165474753, 46.966088830367553 ], [ 11.236978597543462, 46.966705424073503 ], [ 11.235799160941909, 46.966530844000573 ], [ 11.235399904971999, 46.966298155475386 ], [ 11.236240725220577, 46.966215374543594 ], [ 11.236414716026131, 46.965721804519461 ], [ 11.235641295788039, 46.965651669152599 ], [ 11.235640761341481, 46.965067202391239 ], [ 11.236547023331356, 46.964780434604364 ], [ 11.236670267366785, 46.964149425219404 ], [ 11.237647832519805, 46.964235455163291 ], [ 11.238306139810341, 46.963674936644082 ], [ 11.237728064257793, 46.963991018247064 ], [ 11.234837537890163, 46.964154275219201 ], [ 11.234344704905315, 46.964763926122259 ], [ 11.233568342085986, 46.964662408724422 ], [ 11.233053658624772, 46.964162905094973 ], [ 11.233321093491513, 46.963736237559928 ], [ 11.232931483957175, 46.963650979075631 ], [ 11.231959229270901, 46.964441409067135 ], [ 11.231422863545033, 46.964339958707171 ], [ 11.231305551241425, 46.964697024624982 ], [ 11.230151057656812, 46.964786197222871 ], [ 11.229342407846387, 46.964242402370964 ], [ 11.229446522925729, 46.96390226313202 ], [ 11.228830334258701, 46.963749073567612 ], [ 11.229049265755451, 46.963504402817492 ], [ 11.228665813603026, 46.963190427253778 ], [ 11.227245303136066, 46.963073653656274 ], [ 11.226636437604416, 46.961995926109672 ], [ 11.224657024346094, 46.961246288982885 ], [ 11.223800469815746, 46.960550997677437 ], [ 11.221355123265814, 46.961296140370514 ], [ 11.22217435197445, 46.96125880617813 ], [ 11.221591801576016, 46.962056343707815 ], [ 11.222235533537615, 46.962231949562813 ], [ 11.221251687189437, 46.962829648097419 ], [ 11.221979859890679, 46.963532213343505 ], [ 11.221239944936869, 46.964141841976208 ], [ 11.221504575757125, 46.964401003430083 ], [ 11.221228883673323, 46.96488256749938 ], [ 11.220232780448649, 46.964849513316537 ], [ 11.219782810276625, 46.964482033473075 ], [ 11.220018961082859, 46.964389353504977 ], [ 11.219197144352462, 46.964029084804345 ], [ 11.219505575242, 46.963665943913291 ], [ 11.218773576337574, 46.963523756452823 ], [ 11.219061450885246, 46.963103101316172 ], [ 11.218760800924915, 46.962561285768047 ], [ 11.217061174049348, 46.962040626555101 ], [ 11.216705294764324, 46.962476111737729 ], [ 11.215110679878945, 46.961971247684225 ], [ 11.214312601987819, 46.962140171075895 ], [ 11.214471523266928, 46.962495546265984 ], [ 11.214010008476114, 46.962988664466579 ], [ 11.213604606428108, 46.962772686469592 ], [ 11.213106319620499, 46.963087099983269 ], [ 11.213187936090412, 46.964137950771445 ], [ 11.212671529937937, 46.964810228584462 ], [ 11.214061798129332, 46.965254433805924 ], [ 11.214222419313526, 46.965775160424009 ], [ 11.215732603595297, 46.966717405408652 ], [ 11.216298061850908, 46.966765506912623 ], [ 11.217049904396683, 46.966358069691992 ], [ 11.218166233792052, 46.966522161027548 ], [ 11.218509781396371, 46.966839326313284 ], [ 11.219075845606827, 46.966649772059711 ], [ 11.219334680566782, 46.967020961271714 ], [ 11.219596351669502, 46.966956360035127 ], [ 11.219914898425635, 46.966669216184293 ], [ 11.220561246415222, 46.96749481076062 ], [ 11.221333694353016, 46.9671655200071 ], [ 11.221564566934546, 46.967784877190596 ], [ 11.223692851550883, 46.968110227506187 ], [ 11.223868944678241, 46.96908542265944 ], [ 11.22450756991668, 46.968632514980015 ], [ 11.225102235162073, 46.969216219702417 ], [ 11.225614704670996, 46.968908621979729 ] ], [ [ 11.219617656398544, 46.966798796221127 ], [ 11.21960513316588, 46.966832373974754 ], [ 11.219582606730755, 46.966792332802704 ], [ 11.219617656398544, 46.966798796221127 ] ], [ [ 11.219556870982727, 46.96684283423307 ], [ 11.219610873251012, 46.966887027079963 ], [ 11.219515264266876, 46.966846022210419 ], [ 11.219556870982727, 46.96684283423307 ] ], [ [ 11.21685977380867, 46.966302225610079 ], [ 11.216623805839001, 46.966399657601926 ], [ 11.216629742796046, 46.966206676582061 ], [ 11.21685977380867, 46.966302225610079 ] ], [ [ 11.228740462851135, 46.965392394182636 ], [ 11.22894201129918, 46.965220603962329 ], [ 11.229051906363676, 46.965354184207172 ], [ 11.228740462851135, 46.965392394182636 ] ], [ [ 11.233935799038267, 46.964967156015945 ], [ 11.234061418180236, 46.964809934679174 ], [ 11.234182147171495, 46.964952822799177 ], [ 11.233935799038267, 46.964967156015945 ] ], [ [ 11.233786630305366, 46.968187480253128 ], [ 11.233779275832337, 46.968261436763086 ], [ 11.233700833204384, 46.968215346543332 ], [ 11.233786630305366, 46.968187480253128 ] ], [ [ 11.234075782594935, 46.968281840743799 ], [ 11.23414280148245, 46.968387680298918 ], [ 11.233933181513745, 46.968365580517975 ], [ 11.234075782594935, 46.968281840743799 ] ], [ [ 11.233510466559894, 46.968321447622863 ], [ 11.233578581784936, 46.968370120592112 ], [ 11.233452373981352, 46.968346391976553 ], [ 11.233510466559894, 46.968321447622863 ] ], [ [ 11.233746297482439, 46.968388276795096 ], [ 11.233730809977489, 46.96835048206853 ], [ 11.233766456795237, 46.968371215879436 ], [ 11.233746297482439, 46.968388276795096 ] ], [ [ 11.233775290623697, 46.968416283659657 ], [ 11.233863374293184, 46.968359799924272 ], [ 11.233883031101978, 46.968414180694005 ], [ 11.233775290623697, 46.968416283659657 ] ], [ [ 11.234210322657775, 46.968422078110116 ], [ 11.234228202147808, 46.968350297163987 ], [ 11.234278940560603, 46.968399308951504 ], [ 11.234210322657775, 46.968422078110116 ] ], [ [ 11.233853832714427, 46.968464752949615 ], [ 11.233938434019132, 46.968491674342445 ], [ 11.23384747631007, 46.968479163399586 ], [ 11.233853832714427, 46.968464752949615 ] ] ] } },
{ "type": "Feature", "properties": { "HOM_ID": 159, "NAME_D": "Feuersteinferner", "NAME_IT": "Vedretta di Montarso", "REGION": "Stubaier Alpen", "ALT_MIN": 2558.0, "ALT_MAX": 3163.0, "ALT_MEDIAN": 2883.0, "area_km2": 1.3255718047 }, "geometry": { "type": "Polygon", "coordinates": [ [ [ 11.25293879987624, 46.973769339642146 ], [ 11.253487238351241, 46.972913264072716 ], [ 11.254857153676285, 46.972822491015961 ], [ 11.256137764114934, 46.971751466926818 ], [ 11.257205162544075, 46.97165660648723 ], [ 11.257303816605255, 46.97094272207233 ], [ 11.258608593467423, 46.969959791068455 ], [ 11.259318439204367, 46.969800534865023 ], [ 11.260249482317583, 46.970020257396754 ], [ 11.261346154383647, 46.969053309836639 ], [ 11.262399661279176, 46.969125350095595 ], [ 11.263035544067817, 46.968615134251337 ], [ 11.264664981814086, 46.968487659533523 ], [ 11.265918765526331, 46.967784238071189 ], [ 11.265598443824432, 46.967611999720646 ], [ 11.266185694457819, 46.967433697602694 ], [ 11.265855407496492, 46.967190225423231 ], [ 11.267443582183422, 46.967239726850337 ], [ 11.266827622361497, 46.966820955749228 ], [ 11.267474097467058, 46.9665628983308 ], [ 11.264915223458056, 46.966094497187981 ], [ 11.263699286266615, 46.96530422986919 ], [ 11.263659135095811, 46.964538320270044 ], [ 11.2644335221832, 46.963920466964019 ], [ 11.264215349556174, 46.963295183080589 ], [ 11.264634669884346, 46.963301103210377 ], [ 11.263951385846244, 46.962727689162577 ], [ 11.263726115639711, 46.961860674157357 ], [ 11.264273331038863, 46.961126599284206 ], [ 11.263719812076198, 46.960447634526773 ], [ 11.264383781992976, 46.959946379511599 ], [ 11.264835097524331, 46.960504143595699 ], [ 11.265201730481879, 46.960456408341351 ], [ 11.264582211946527, 46.959868639946031 ], [ 11.264891915271281, 46.959543448037358 ], [ 11.265810848992022, 46.960309555840993 ], [ 11.266595458104808, 46.960106034114808 ], [ 11.265304943406239, 46.959770998962057 ], [ 11.265023951902661, 46.958716984766639 ], [ 11.26408523624419, 46.958476022944467 ], [ 11.263220881063729, 46.959193749832288 ], [ 11.262205963500801, 46.959454899845305 ], [ 11.26142168714005, 46.960753201751267 ], [ 11.260594882354855, 46.960424281508281 ], [ 11.260159140280564, 46.96070968752737 ], [ 11.260475656439455, 46.962199938983169 ], [ 11.260123055471512, 46.962948604270878 ], [ 11.259472225100605, 46.963288852724801 ], [ 11.26000493524057, 46.964891507639749 ], [ 11.25840272692716, 46.965560072318702 ], [ 11.259003421707989, 46.965473807860917 ], [ 11.259310778179966, 46.965749384089143 ], [ 11.258795072852775, 46.96602556580229 ], [ 11.260232302635828, 46.966125767092493 ], [ 11.260049484264835, 46.966574637249344 ], [ 11.259439867529551, 46.966470002297463 ], [ 11.258384059099143, 46.967002771194672 ], [ 11.256824955343372, 46.966569219919194 ], [ 11.256640747918995, 46.966820483055976 ], [ 11.255828164696782, 46.966686495697992 ], [ 11.25604354405457, 46.966101270441875 ], [ 11.255629449352748, 46.965683221126781 ], [ 11.254827911003483, 46.965563296266801 ], [ 11.254546714622537, 46.964583073879993 ], [ 11.253344094696038, 46.96352575569356 ], [ 11.252204075413486, 46.962899609712707 ], [ 11.250330467772345, 46.962912595969527 ], [ 11.249920291243996, 46.962589449019902 ], [ 11.247519865636042, 46.963291578668439 ], [ 11.245979794232216, 46.964499662675472 ], [ 11.245976764321435, 46.964842595842818 ], [ 11.247490992125229, 46.965566435659795 ], [ 11.24735622494874, 46.966553693062259 ], [ 11.247775849329846, 46.967685982555025 ], [ 11.246929645223362, 46.967409833109883 ], [ 11.246700728274421, 46.966266549677769 ], [ 11.244573060983489, 46.965708270125219 ], [ 11.24484758002937, 46.965452873853472 ], [ 11.245141505005664, 46.965578066531755 ], [ 11.24515228781727, 46.965254030127987 ], [ 11.243695725161512, 46.966020725969763 ], [ 11.243825698608017, 46.966965841820695 ], [ 11.242923093957668, 46.967007345309653 ], [ 11.242633727604122, 46.966517525498261 ], [ 11.241297526058476, 46.967414805196967 ], [ 11.242223559081211, 46.968557435307183 ], [ 11.243582630380441, 46.969007274063017 ], [ 11.24437355782675, 46.969870378138864 ], [ 11.244800672324887, 46.969916949909482 ], [ 11.244820672052143, 46.970330678314653 ], [ 11.246280849736809, 46.970287747762441 ], [ 11.246731248192884, 46.970529552737055 ], [ 11.246958036631696, 46.970844375807886 ], [ 11.246576327314985, 46.971470092854979 ], [ 11.24738705908576, 46.971199985187368 ], [ 11.248279878953122, 46.972116404120563 ], [ 11.249717485141101, 46.972275492140611 ], [ 11.249739884074847, 46.972627795605106 ], [ 11.25157633129761, 46.972388943765523 ], [ 11.252025261534381, 46.972642027496072 ], [ 11.251783722546403, 46.972937269673722 ], [ 11.25219718951629, 46.973505351135508 ], [ 11.252921106228371, 46.973348239200163 ], [ 11.25293879987624, 46.973769339642146 ] ], [ [ 11.244838656465777, 46.966403093993932 ], [ 11.244723105159141, 46.965802950987346 ], [ 11.24542633330694, 46.965984402914216 ], [ 11.244838656465777, 46.966403093993932 ] ], [ [ 11.255541893212992, 46.966393264707392 ], [ 11.254957013860862, 46.966297642512636 ], [ 11.254824300916955, 46.966119296331648 ], [ 11.255126426014822, 46.966025243835936 ], [ 11.255541893212992, 46.966393264707392 ] ], [ [ 11.255716201644537, 46.966350553123206 ], [ 11.255839942792836, 46.96628500425588 ], [ 11.255861322082831, 46.966379825493888 ], [ 11.255716201644537, 46.966350553123206 ] ], [ [ 11.255762963110266, 46.966176322386453 ], [ 11.255509074144335, 46.966211809555077 ], [ 11.255655783888393, 46.966061291904339 ], [ 11.255762963110266, 46.966176322386453 ] ], [ [ 11.264026744176697, 46.961155288114817 ], [ 11.264076282095068, 46.961195976790513 ], [ 11.264001435084213, 46.961173646828065 ], [ 11.264026744176697, 46.961155288114817 ] ] ] } },
{ "type": "Feature", "properties": { "HOM_ID": 158, "NAME_D": "Lorenzenferner", "NAME_IT": null, "REGION": "Stubaier Alpen", "ALT_MIN": 2531.0, "ALT_MAX": 2658.0, "ALT_MEDIAN": 2571.0, "area_km2": 0.0295419193 }, "geometry": { "type": "Polygon", "coordinates": [ [ [ 11.267481997146836, 46.9581901474467 ], [ 11.269505267624021, 46.957926220302724 ], [ 11.268605467003415, 46.956796385031559 ], [ 11.267915059254692, 46.956917217729377 ], [ 11.266943482342539, 46.956638833820321 ], [ 11.266123130619683, 46.956976525638765 ], [ 11.266012755465063, 46.957409685214657 ], [ 11.267481997146836, 46.9581901474467 ] ] ] } },
{ "type": "Feature", "properties": { "HOM_ID": 157, "NAME_D": null, "NAME_IT": null, "REGION": "Stubaier Alpen", "ALT_MIN": 2674.0, "ALT_MAX": 2794.0, "ALT_MEDIAN": 2731.0, "area_km2": 0.0268909184 }, "geometry": { "type": "Polygon", "coordinates": [ [ [ 11.280531748254656, 46.951198407932395 ], [ 11.280627350770574, 46.952093312828431 ], [ 11.282094800429411, 46.952418840670333 ], [ 11.281894701225481, 46.951210658869726 ], [ 11.281221340543642, 46.950379833815973 ], [ 11.279729080367437, 46.950485126602672 ], [ 11.278790331253582, 46.95165029529003 ], [ 11.279215797940536, 46.951953898967894 ], [ 11.279214251302404, 46.9513527713803 ], [ 11.280056116936473, 46.950843248302128 ], [ 11.280531748254656, 46.951198407932395 ] ] ] } },
{ "type": "Feature", "properties": { "HOM_ID": 160, "NAME_D": "Stubenferner", "NAME_IT": "Vedretta della Stua", "REGION": "Stubaier Alpen", "ALT_MIN": 2650.0, "ALT_MAX": 2940.0, "ALT_MEDIAN": 2806.0, "area_km2": 0.1457955463 }, "geometry": { "type": "Polygon", "coordinates": [ [ [ 11.267466400371374, 46.977724948953707 ], [ 11.267851155251346, 46.977198254149322 ], [ 11.268667874093785, 46.976767761944302 ], [ 11.267280996096616, 46.976302365152755 ], [ 11.266015668726714, 46.974840352130883 ], [ 11.265727316792008, 46.974931779291431 ], [ 11.264338368261516, 46.974044939821574 ], [ 11.264213569884392, 46.973808111742613 ], [ 11.264999350990482, 46.973510406611204 ], [ 11.264418042469174, 46.97308974638301 ], [ 11.263580435367015, 46.972777730014599 ], [ 11.262191969010965, 46.972765895644038 ], [ 11.260278191395699, 46.973289445741777 ], [ 11.261677085589808, 46.974290429623991 ], [ 11.261330188024703, 46.974776637442396 ], [ 11.262086348556627, 46.975653523376231 ], [ 11.262809222815777, 46.975981153424584 ], [ 11.263824537217772, 46.975983133236781 ], [ 11.265159178369668, 46.977313377185048 ], [ 11.265875837464003, 46.977111686078786 ], [ 11.266239533206198, 46.977506381754431 ], [ 11.267060464452173, 46.977668702724294 ], [ 11.267605403799051, 46.97747456442017 ], [ 11.267466400371374, 46.977724948953707 ] ], [ [ 11.264014991972214, 46.974542630106328 ], [ 11.264152040094986, 46.974286930763327 ], [ 11.2643111396522, 46.974450457583792 ], [ 11.264014991972214, 46.974542630106328 ] ] ] } },
{ "type": "Feature", "properties": { "HOM_ID": 160, "NAME_D": "Stubenferner", "NAME_IT": "Vedretta della Stua", "REGION": "Stubaier Alpen", "ALT_MIN": 2922.0, "ALT_MAX": 3050.0, "ALT_MEDIAN": 2971.0, "area_km2": 0.0398943672 }, "geometry": { "type": "Polygon", "coordinates": [ [ [ 11.259673409830327, 46.974991448678345 ], [ 11.260699977433832, 46.974950344337238 ], [ 11.2607535671918, 46.97464494362513 ], [ 11.259547260961588, 46.973704124898873 ], [ 11.260622652267582, 46.972961198630315 ], [ 11.260237496256336, 46.972736652386182 ], [ 11.260492706094606, 46.972478028253605 ], [ 11.260208816043521, 46.972180049871405 ], [ 11.258877295285396, 46.971940354228146 ], [ 11.259269007014719, 46.972196920169303 ], [ 11.25889468619518, 46.972229309979646 ], [ 11.258859559194915, 46.972603136005908 ], [ 11.258033285899019, 46.972714187845099 ], [ 11.258692895463337, 46.973136906908998 ], [ 11.257943337518251, 46.973372900962765 ], [ 11.257777480425457, 46.973826429555608 ], [ 11.258454029117601, 46.974161358090612 ], [ 11.258013529964458, 46.974475374830142 ], [ 11.258709718624038, 46.974279485179395 ], [ 11.259065564960746, 46.974633907718925 ], [ 11.25977621417705, 46.974591304226465 ], [ 11.259673409830327, 46.974991448678345 ] ] ] } },
{ "type": "Feature", "properties": { "HOM_ID": 160, "NAME_D": "Stubenferner", "NAME_IT": "Vedretta della Stua", "REGION": "Stubaier Alpen", "ALT_MIN": 2858.0, "ALT_MAX": 2981.0, "ALT_MEDIAN": 2931.0, "area_km2": 0.030438484 }, "geometry": { "type": "Polygon", "coordinates": [ [ [ 11.262646882528779, 46.979496253063161 ], [ 11.261662631016078, 46.978839332300801 ], [ 11.262107196790279, 46.977997173612856 ], [ 11.260911209405444, 46.977992080268713 ], [ 11.260177444198462, 46.977444796575888 ], [ 11.259220602248741, 46.977358922216283 ], [ 11.259729329063006, 46.978656213044161 ], [ 11.260879642847206, 46.979196515137311 ], [ 11.261649537877078, 46.979173428998848 ], [ 11.262499487359714, 46.97970854680834 ], [ 11.262646882528779, 46.979496253063161 ] ], [ [ 11.261696813898572, 46.978955526758668 ], [ 11.261516199623257, 46.9790037408453 ], [ 11.261555636492705, 46.978907719044329 ], [ 11.261696813898572, 46.978955526758668 ] ] ] } },
{ "type": "Feature", "properties": { "HOM_ID": 160, "NAME_D": "Stubenferner", "NAME_IT": "Vedretta della Stua", "REGION": "Stubaier Alpen", "ALT_MIN": 2775.0, "ALT_MAX": 2824.0, "ALT_MEDIAN": 2789.0, "area_km2": 0.0124232627 }, "geometry": { "type": "Polygon", "coordinates": [ [ [ 11.265996264371665, 46.979757228071691 ], [ 11.266197431140649, 46.979372274070805 ], [ 11.26469428857518, 46.979120228802884 ], [ 11.265196549943472, 46.978700954990785 ], [ 11.263677726810981, 46.9786923446675 ], [ 11.263886996179153, 46.979034411859509 ], [ 11.263527346267477, 46.979415352745725 ], [ 11.265996264371665, 46.979757228071691 ] ] ] } },
{ "type": "Feature", "properties": { "HOM_ID": 160, "NAME_D": "Stubenferner", "NAME_IT": "Vedretta della Stua", "REGION": "Stubaier Alpen", "ALT_MIN": 2735.0, "ALT_MAX": 2774.0, "ALT_MEDIAN": 2749.0, "area_km2": 0.0029724421 }, "geometry": { "type": "Polygon", "coordinates": [ [ [ 11.266998815657262, 46.97960641430754 ], [ 11.267962039924786, 46.979471848932441 ], [ 11.268051004645951, 46.978984349074224 ], [ 11.266998815657262, 46.97960641430754 ] ] ] } },
{ "type": "Feature", "properties": { "HOM_ID": 162, "NAME_D": "Weissspitzenferner", "NAME_IT": null, "REGION": "Zillertaler Alpen", "ALT_MIN": 2767.0, "ALT_MAX": 3252.0, "ALT_MEDIAN": 3118.0, "area_km2": 0.1056804491 }, "geometry": { "type": "Polygon", "coordinates": [ [ [ 11.701615766988978, 46.978539454900869 ], [ 11.702911743282115, 46.977578753455788 ], [ 11.703051513587376, 46.976211295720582 ], [ 11.705193518946405, 46.975833136860082 ], [ 11.705975139319214, 46.974913852876455 ], [ 11.705586173707713, 46.974999366726919 ], [ 11.7052213355704, 46.974114652874107 ], [ 11.701905062619609, 46.973060570194946 ], [ 11.701230313157224, 46.97356083789871 ], [ 11.701696011732423, 46.974518515747668 ], [ 11.702978380219175, 46.973902844043842 ], [ 11.702742847771681, 46.974582645718904 ], [ 11.701213791164996, 46.97539159345196 ], [ 11.701103399235778, 46.976093533112923 ], [ 11.70181911732241, 46.977676737437044 ], [ 11.701103155050751, 46.977925239256571 ], [ 11.700863805844449, 46.978508602747915 ], [ 11.701615766988978, 46.978539454900869 ] ], [ [ 11.702262330622853, 46.977855083671066 ], [ 11.70212738060688, 46.977745405506838 ], [ 11.702247013178681, 46.977758295126918 ], [ 11.702262330622853, 46.977855083671066 ] ] ] } },
{ "type": "Feature", "properties": { "HOM_ID": 163, "NAME_D": "Weissspitzenferner", "NAME_IT": null, "REGION": "Zillertaler Alpen", "ALT_MIN": 3202.0, "ALT_MAX": 3388.0, "ALT_MEDIAN": 3295.0, "area_km2": 0.0442774266 }, "geometry": { "type": "Polygon", "coordinates": [ [ [ 11.708212159931719, 46.978471417209157 ], [ 11.709922378429752, 46.977153327907061 ], [ 11.71036067101201, 46.976170386471573 ], [ 11.709333632893973, 46.975776824462635 ], [ 11.707333827856736, 46.976011672568198 ], [ 11.707079799622909, 46.976217369827943 ], [ 11.707098718331839, 46.976302642320412 ], [ 11.707919427244317, 46.976963953795071 ], [ 11.707490859594463, 46.978170686817819 ], [ 11.708212159931719, 46.978471417209157 ] ] ] } },
{ "type": "Feature", "properties": { "HOM_ID": 163, "NAME_D": "Weissspitzenferner", "NAME_IT": null, "REGION": "Zillertaler Alpen", "ALT_MIN": 2998.0, "ALT_MAX": 3143.0, "ALT_MEDIAN": 3073.0, "area_km2": 0.0111262657 }, "geometry": { "type": "Polygon", "coordinates": [ [ [ 11.705387842173623, 46.977969640062099 ], [ 11.706476701561341, 46.977212626704919 ], [ 11.705683778239399, 46.976605317957294 ], [ 11.704907289890073, 46.977260546900474 ], [ 11.704854433100063, 46.97788495477878 ], [ 11.705387842173623, 46.977969640062099 ] ] ] } },
{ "type": "Feature", "properties": { "HOM_ID": 166, "NAME_D": "Weisskarferner", "NAME_IT": "Vedretta di Quaira Bianca", "REGION": "Zillertaler Alpen", "ALT_MIN": 2595.0, "ALT_MAX": 3507.0, "ALT_MEDIAN": 3154.0, "area_km2": 1.1958666468000001 }, "geometry": { "type": "Polygon", "coordinates": [ [ [ 11.722686916689169, 46.977719009618355 ], [ 11.724523368462638, 46.977572907101504 ], [ 11.724982451324626, 46.976885736500385 ], [ 11.725747710902803, 46.976815124391315 ], [ 11.726294883376472, 46.976218712911887 ], [ 11.726940928948538, 46.974967515733447 ], [ 11.726711325729269, 46.973668132523791 ], [ 11.727215134792774, 46.973656125060138 ], [ 11.727465007302916, 46.972345314410539 ], [ 11.72621382968012, 46.972094160440307 ], [ 11.726718550152286, 46.972510735486338 ], [ 11.726433159587668, 46.972508011284596 ], [ 11.725769221013429, 46.972107134487253 ], [ 11.725486557441824, 46.972294832666734 ], [ 11.725012333654982, 46.971998963331068 ], [ 11.723026706146166, 46.971943848349284 ], [ 11.72260317360038, 46.971344359679847 ], [ 11.723473195315231, 46.971283175058076 ], [ 11.72344344082159, 46.970902903877906 ], [ 11.722727839258804, 46.970884089891989 ], [ 11.722028562143958, 46.97036003453524 ], [ 11.720913979752929, 46.970343992188134 ], [ 11.719809761331774, 46.969765440801531 ], [ 11.718976214561277, 46.96992811902998 ], [ 11.719034196218852, 46.969562429734552 ], [ 11.718058368393985, 46.969868969052136 ], [ 11.716645503939692, 46.969838896470435 ], [ 11.712581463644838, 46.969136553142206 ], [ 11.712171848387669, 46.969331990566737 ], [ 11.710648281479735, 46.969163744623351 ], [ 11.70941707313639, 46.968584858131813 ], [ 11.710263533550963, 46.968319650965718 ], [ 11.709614229104842, 46.968315028144524 ], [ 11.709853066926421, 46.968085355416548 ], [ 11.709230727984734, 46.967664348335852 ], [ 11.708475829174603, 46.967593642275489 ], [ 11.709071825857901, 46.968112999091041 ], [ 11.709171757606278, 46.968686388293975 ], [ 11.708888253318198, 46.968737822828267 ], [ 11.708240512418188, 46.968668341706234 ], [ 11.705973224459017, 46.967258733281611 ], [ 11.70509583822553, 46.967389076862077 ], [ 11.704380848016308, 46.96709332001334 ], [ 11.704151908340066, 46.96749661667581 ], [ 11.703047602244352, 46.967583905333598 ], [ 11.702357221085483, 46.967355850736674 ], [ 11.702274022523788, 46.967023267640151 ], [ 11.70210423474729, 46.967294079192349 ], [ 11.700901778800647, 46.966980901683847 ], [ 11.70046698431466, 46.966386835876911 ], [ 11.699077388477052, 46.966712502186972 ], [ 11.696659703049356, 46.966233400332669 ], [ 11.695304106025301, 46.966781663255723 ], [ 11.694162688141686, 46.966549479920118 ], [ 11.69470148171254, 46.967545147814327 ], [ 11.698862054331387, 46.967930351370875 ], [ 11.700856992049403, 46.969416719197753 ], [ 11.701643387109607, 46.969145754730405 ], [ 11.702637411120548, 46.969405632989059 ], [ 11.702520972860661, 46.969786981064672 ], [ 11.704481762919976, 46.970524039673776 ], [ 11.705141379543885, 46.971463275408929 ], [ 11.705727748686344, 46.97170895327384 ], [ 11.706496962060912, 46.973729346498438 ], [ 11.709143036002196, 46.974330314955751 ], [ 11.710994603592001, 46.975860379392522 ], [ 11.711169193044007, 46.975322871779994 ], [ 11.711806535115919, 46.975474446797747 ], [ 11.711582179976425, 46.975784546889074 ], [ 11.712268956504081, 46.975675405259643 ], [ 11.712166219927079, 46.97488254671827 ], [ 11.711271439540976, 46.974937088788344 ], [ 11.709902094496121, 46.974481398942899 ], [ 11.710365576160335, 46.974015627228624 ], [ 11.709557845643163, 46.973658541493712 ], [ 11.708945278571157, 46.97392782519281 ], [ 11.708172495908977, 46.973739100763417 ], [ 11.708757969575739, 46.973594065203443 ], [ 11.707858225702624, 46.973136757687051 ], [ 11.708212010429737, 46.972978373719592 ], [ 11.707118239001744, 46.972516598328355 ], [ 11.707019400458266, 46.971900366734722 ], [ 11.708815632387838, 46.971893050953959 ], [ 11.711609200659359, 46.972860286407069 ], [ 11.714846879858738, 46.975107484587291 ], [ 11.716430425288415, 46.975258008744255 ], [ 11.719429341299842, 46.977832196584899 ], [ 11.722284058194072, 46.977390476218268 ], [ 11.722686916689169, 46.977719009618355 ] ], [ [ 11.722603622432887, 46.972011947102743 ], [ 11.72290900073455, 46.971898337553291 ], [ 11.722894555262139, 46.972096458800422 ], [ 11.722603622432887, 46.972011947102743 ] ], [ [ 11.709588430366757, 46.97385068706928 ], [ 11.709525887618089, 46.973852168143758 ], [ 11.709555114741187, 46.973810997217875 ], [ 11.709588430366757, 46.97385068706928 ] ], [ [ 11.709628104763281, 46.973947373981474 ], [ 11.70958742951658, 46.974312648240385 ], [ 11.709125641441579, 46.974192621560434 ], [ 11.709077455621015, 46.974065182261192 ], [ 11.709628104763281, 46.973947373981474 ] ], [ [ 11.710749170510317, 46.97499708584035 ], [ 11.710997889949081, 46.974893567515075 ], [ 11.711006657153387, 46.974998128235626 ], [ 11.710749170510317, 46.97499708584035 ] ] ] } },
{ "type": "Feature", "properties": { "HOM_ID": 164, "NAME_D": "Hochferner", "NAME_IT": "Gran Vedretta Occidentale", "REGION": "Zillertaler Alpen", "ALT_MIN": 2582.0, "ALT_MAX": 3436.0, "ALT_MEDIAN": 3209.0, "area_km2": 0.2066374746 }, "geometry": { "type": "Polygon", "coordinates": [ [ [ 11.710083554362262, 46.976753720348128 ], [ 11.709880225812405, 46.977649731694754 ], [ 11.710184254637694, 46.978059258231383 ], [ 11.7112208610847, 46.977884848902193 ], [ 11.712203914600613, 46.97689243583055 ], [ 11.712041991010873, 46.978695273835378 ], [ 11.711021933939687, 46.979369492437641 ], [ 11.710698040296796, 46.980204539874499 ], [ 11.709650224872661, 46.980732870415935 ], [ 11.709401373274675, 46.98204833071695 ], [ 11.708278148756643, 46.982940430577308 ], [ 11.707285652806254, 46.983183104402066 ], [ 11.708126810890633, 46.983769759731778 ], [ 11.709202968716125, 46.983003736193474 ], [ 11.710454849022979, 46.98270121223814 ], [ 11.710705174581765, 46.982903868492656 ], [ 11.711916278402169, 46.982140094704754 ], [ 11.712300103920875, 46.98161191320176 ], [ 11.712156352717624, 46.980885433919632 ], [ 11.713978965360928, 46.979645408468691 ], [ 11.713297901127733, 46.979387255661429 ], [ 11.713792341060303, 46.978650136141937 ], [ 11.71496375546905, 46.978695254326681 ], [ 11.715121312174006, 46.979061496273857 ], [ 11.715564780882616, 46.978612846586785 ], [ 11.716162604585033, 46.979082023616947 ], [ 11.717424658583488, 46.978859186673382 ], [ 11.717616872799585, 46.978533170617673 ], [ 11.715874527694632, 46.97861501901167 ], [ 11.716171719646026, 46.977888866748096 ], [ 11.716939022249846, 46.978132572340286 ], [ 11.717525077992267, 46.97775196248719 ], [ 11.717591471418764, 46.977414647962604 ], [ 11.716877581786548, 46.977057765333335 ], [ 11.715560890752677, 46.976986894417614 ], [ 11.71451772504213, 46.976539871808669 ], [ 11.713084617641663, 46.976971563071345 ], [ 11.713051678231734, 46.976443205747195 ], [ 11.71364153204761, 46.97600325829363 ], [ 11.710854585159829, 46.976161920936036 ], [ 11.710083554362262, 46.976753720348128 ] ] ] } },
{ "type": "Feature", "properties": { "HOM_ID": 164, "NAME_D": "Hochferner", "NAME_IT": "Gran Vedretta Occidentale", "REGION": "Zillertaler Alpen", "ALT_MIN": 2380.0, "ALT_MAX": 2660.0, "ALT_MEDIAN": 2466.0, "area_km2": 0.0578678725 }, "geometry": { "type": "Polygon", "coordinates": [ [ [ 11.704674079206164, 46.985511217280575 ], [ 11.706762840225212, 46.985015365582406 ], [ 11.70617677840689, 46.984606580179793 ], [ 11.706222117128839, 46.983885132317269 ], [ 11.705652690665101, 46.983702244372367 ], [ 11.706315351723845, 46.983388933355116 ], [ 11.706295213317768, 46.982817942027808 ], [ 11.707159519822588, 46.982234956929283 ], [ 11.705710663878982, 46.982998443738722 ], [ 11.705113417913358, 46.982798265101778 ], [ 11.704540024235595, 46.982984450226184 ], [ 11.703541619520744, 46.983648763179566 ], [ 11.703573103916311, 46.984065905340692 ], [ 11.703014443495217, 46.984475559594834 ], [ 11.703222637273839, 46.985084968622438 ], [ 11.702555200105627, 46.985304320843241 ], [ 11.704674079206164, 46.985511217280575 ] ] ] } },
{ "type": "Feature", "properties": { "HOM_ID": 165, "NAME_D": "Griessferner", "NAME_IT": "Gran Vedretta Orientale", "REGION": "Zillertaler Alpen", "ALT_MIN": 2504.0, "ALT_MAX": 3383.0, "ALT_MEDIAN": 3105.0, "area_km2": 0.3806217267 }, "geometry": { "type": "Polygon", "coordinates": [ [ [ 11.723573596878822, 46.97769237734002 ], [ 11.722922656108246, 46.978088144003536 ], [ 11.721274930797687, 46.978054260279137 ], [ 11.720961553149655, 46.977545939621827 ], [ 11.720588381809403, 46.97767863183568 ], [ 11.718759440445949, 46.979337932028841 ], [ 11.718247602344389, 46.980070738356737 ], [ 11.718571881956859, 46.980496397134317 ], [ 11.717350190578834, 46.980761148085861 ], [ 11.715916304221057, 46.981712164818724 ], [ 11.715646415189115, 46.982292177842055 ], [ 11.716276822348828, 46.982579616553075 ], [ 11.716157423354414, 46.982832468240247 ], [ 11.715151637227196, 46.982960685673611 ], [ 11.715011117136704, 46.983449173044221 ], [ 11.713068671043118, 46.983825627066842 ], [ 11.711680299622593, 46.98537383084728 ], [ 11.71031847115631, 46.985467737554835 ], [ 11.709836741002132, 46.984800529210574 ], [ 11.708381559751311, 46.985525506983635 ], [ 11.70896114270654, 46.985547502996972 ], [ 11.708597773339743, 46.985844815548752 ], [ 11.707218121133694, 46.985999498132678 ], [ 11.706218272496296, 46.986698791642411 ], [ 11.707953528728707, 46.987211347660384 ], [ 11.709920127009209, 46.987222502529626 ], [ 11.711215347587787, 46.987751409954434 ], [ 11.713412469925434, 46.987024282634984 ], [ 11.713961284355207, 46.98622549822592 ], [ 11.713304296737878, 46.9855816624626 ], [ 11.713857228508699, 46.985384436300329 ], [ 11.714328681465181, 46.984491049896413 ], [ 11.715429889604213, 46.984033939223622 ], [ 11.716588659031054, 46.984200757655387 ], [ 11.71701071789591, 46.983411634231835 ], [ 11.717289103099612, 46.983961252583192 ], [ 11.718519397107606, 46.983411992902028 ], [ 11.719194146972972, 46.982275989237884 ], [ 11.721178950846234, 46.981758440853532 ], [ 11.724390757148347, 46.979878795058511 ], [ 11.724922219288626, 46.978767253082559 ], [ 11.724819442222788, 46.977813204124956 ], [ 11.723573596878822, 46.97769237734002 ] ] ] } },
{ "type": "Feature", "properties": { "HOM_ID": 165, "NAME_D": "Griessferner", "NAME_IT": "Gran Vedretta Orientale", "REGION": "Zillertaler Alpen", "ALT_MIN": 3311.0, "ALT_MAX": 3452.0, "ALT_MEDIAN": 3380.0, "area_km2": 0.0166540808 }, "geometry": { "type": "Polygon", "coordinates": [ [ [ 11.717745443314131, 46.978245229045775 ], [ 11.717085993753805, 46.979448912026562 ], [ 11.71640009314876, 46.979831382316341 ], [ 11.717673355311366, 46.979701279102059 ], [ 11.717633488498715, 46.979454634830446 ], [ 11.718097164484625, 46.979605907801741 ], [ 11.719176193300081, 46.978583663072264 ], [ 11.718314626151486, 46.978019487630341 ], [ 11.717745443314131, 46.978245229045775 ] ], [ [ 11.718844238534858, 46.978830224185707 ], [ 11.718783252000977, 46.978798907995134 ], [ 11.718821397722882, 46.978781923105842 ], [ 11.718844238534858, 46.978830224185707 ] ], [ [ 11.718887227851315, 46.978821314614983 ], [ 11.718898886158776, 46.978762789299573 ], [ 11.718917769895961, 46.97880299306096 ], [ 11.718887227851315, 46.978821314614983 ] ], [ [ 11.71889603020181, 46.978715226473803 ], [ 11.71885659608354, 46.97867187073772 ], [ 11.718872654601554, 46.978665118414803 ], [ 11.71889603020181, 46.978715226473803 ] ], [ [ 11.718910311984382, 46.978690920566159 ], [ 11.718929683856652, 46.978688336359838 ], [ 11.718921336596161, 46.978698546643813 ], [ 11.718910311984382, 46.978690920566159 ] ], [ [ 11.718845776364128, 46.97868578005987 ], [ 11.718762197917158, 46.978707181516327 ], [ 11.718821085646562, 46.978670893938386 ], [ 11.718845776364128, 46.97868578005987 ] ] ] } },
{ "type": "Feature", "properties": { "HOM_ID": 165, "NAME_D": "Griessferner", "NAME_IT": "Gran Vedretta Orientale", "REGION": "Zillertaler Alpen", "ALT_MIN": 3202.0, "ALT_MAX": 3290.0, "ALT_MEDIAN": 3250.0, "area_km2": 0.0036586267 }, "geometry": { "type": "Polygon", "coordinates": [ [ [ 11.715824566360903, 46.981058109872571 ], [ 11.716569648382558, 46.980354660094285 ], [ 11.716603703201224, 46.980038115426119 ], [ 11.715848381769099, 46.980374640353737 ], [ 11.715824566360903, 46.981058109872571 ] ] ] } },
{ "type": "Feature", "properties": { "HOM_ID": 165, "NAME_D": "Griessferner", "NAME_IT": "Gran Vedretta Orientale", "REGION": "Zillertaler Alpen", "ALT_MIN": 3174.0, "ALT_MAX": 3204.0, "ALT_MEDIAN": 3186.0, "area_km2": 0.001709431 }, "geometry": { "type": "Polygon", "coordinates": [ [ [ 11.716257048532645, 46.981106419748123 ], [ 11.71708812738196, 46.980905246272286 ], [ 11.717072034036571, 46.980711328660128 ], [ 11.716511249183936, 46.980767503926607 ], [ 11.716257048532645, 46.981106419748123 ] ] ] } },
{ "type": "Feature", "properties": { "HOM_ID": 170, "NAME_D": "Gliderferner", "NAME_IT": "Ghiacciao del Gran Pilastro", "REGION": "Zillertaler Alpen", "ALT_MIN": 2490.0, "ALT_MAX": 3357.0, "ALT_MEDIAN": 3006.0, "area_km2": 1.8513684433 }, "geometry": { "type": "Polygon", "coordinates": [ [ [ 11.733755212047001, 46.961002067795725 ], [ 11.731475177957664, 46.960485053011162 ], [ 11.732383230739075, 46.960413151762914 ], [ 11.731418748553624, 46.960118300129444 ], [ 11.729422140878011, 46.960207945186831 ], [ 11.730269229466442, 46.960096209976555 ], [ 11.729873810478697, 46.959843721489882 ], [ 11.727641219652686, 46.959809908133899 ], [ 11.72690852127525, 46.959181976741014 ], [ 11.727205020671233, 46.959004770207436 ], [ 11.726292835742743, 46.958369319150975 ], [ 11.724066829840712, 46.958296139435745 ], [ 11.722110961860844, 46.957652449506945 ], [ 11.721975193043864, 46.957341370634715 ], [ 11.721181035791419, 46.957728145393332 ], [ 11.72069002386573, 46.957670372264914 ], [ 11.721072410903233, 46.957437850426082 ], [ 11.720074946397132, 46.95728473887295 ], [ 11.71919553959259, 46.957620180069206 ], [ 11.717260925778344, 46.957737575989597 ], [ 11.716456132494597, 46.957313568493042 ], [ 11.714197506037804, 46.957110010249572 ], [ 11.713733035215604, 46.956685493194485 ], [ 11.712180590610828, 46.957147123223628 ], [ 11.712327964369425, 46.957379361931956 ], [ 11.709112966125341, 46.95827701992188 ], [ 11.710149347047299, 46.959087294296204 ], [ 11.72134613600381, 46.961416947249056 ], [ 11.724398657648065, 46.963380164606058 ], [ 11.724926702789006, 46.96469582107278 ], [ 11.726665520444193, 46.966031122823225 ], [ 11.726947546892839, 46.966871647447171 ], [ 11.730580646165057, 46.966632608333846 ], [ 11.731085521015284, 46.967106741316705 ], [ 11.732598899422934, 46.967453968279095 ], [ 11.73297621169913, 46.967964041646184 ], [ 11.732425356392735, 46.967939099716183 ], [ 11.732372679233203, 46.968202281194642 ], [ 11.731813166872866, 46.968061426899283 ], [ 11.731716342938613, 46.96829176816248 ], [ 11.73021405089095, 46.967806718284557 ], [ 11.730259725002808, 46.968191370660165 ], [ 11.729817983478503, 46.968123333491775 ], [ 11.728379770160593, 46.967646887541534 ], [ 11.727519347167769, 46.967963852074107 ], [ 11.72859766470158, 46.969413879414134 ], [ 11.731190643878465, 46.971014037757996 ], [ 11.735495278774804, 46.971523151143295 ], [ 11.737089474271194, 46.97086117181739 ], [ 11.736739734230735, 46.970824296401318 ], [ 11.737054579442795, 46.970109571254916 ], [ 11.736692965395674, 46.970044406318131 ], [ 11.736258393333332, 46.970526262497181 ], [ 11.736502955250517, 46.969865603992318 ], [ 11.736084313806989, 46.969978004210162 ], [ 11.735246580757741, 46.969512284891302 ], [ 11.736262608491742, 46.969654670083742 ], [ 11.736124411480711, 46.969196036523456 ], [ 11.73914529029051, 46.969771421740603 ], [ 11.742716139280645, 46.969740644605714 ], [ 11.743592113373895, 46.969252942549964 ], [ 11.746758456982478, 46.968931716660371 ], [ 11.74633844404705, 46.967251198792802 ], [ 11.747135592824273, 46.967127292099441 ], [ 11.747397239667077, 46.967365867522624 ], [ 11.747307285313108, 46.967016019528899 ], [ 11.74639924082736, 46.966333005477473 ], [ 11.745302556445941, 46.966245031089791 ], [ 11.745411976935284, 46.965868568323245 ], [ 11.744680106577736, 46.96522893678722 ], [ 11.742606099891834, 46.96412144306985 ], [ 11.741938969080834, 46.963318325477331 ], [ 11.740798567098421, 46.96298609904678 ], [ 11.740208214758022, 46.962223857301915 ], [ 11.737496288520273, 46.961660292567181 ], [ 11.736772200837308, 46.960674647444144 ], [ 11.734381863026909, 46.960347842978159 ], [ 11.732811970680842, 46.959076839228487 ], [ 11.731514554127186, 46.958731603536656 ], [ 11.730553367818876, 46.959252202301492 ], [ 11.731356616807247, 46.959249697423587 ], [ 11.731966306664754, 46.960122787624414 ], [ 11.733375114016198, 46.960368245132265 ], [ 11.733021973431443, 46.960536216564563 ], [ 11.733755212047001, 46.961002067795725 ] ], [ [ 11.735794154221011, 46.961732028768665 ], [ 11.735216129398644, 46.961734953861409 ], [ 11.734972730359358, 46.961642721738464 ], [ 11.735696805732617, 46.961487413301526 ], [ 11.735794154221011, 46.961732028768665 ] ], [ [ 11.732813059627409, 46.960188881921077 ], [ 11.732820178144644, 46.960072631610622 ], [ 11.733046925017971, 46.960171390256392 ], [ 11.732813059627409, 46.960188881921077 ] ] ] } },
{ "type": "Feature", "properties": { "HOM_ID": 169, "NAME_D": "Gliderferner", "NAME_IT": "Ghiacciao del Gran Pilastro", "REGION": "Zillertaler Alpen", "ALT_MIN": 3026.0, "ALT_MAX": 3311.0, "ALT_MEDIAN": 3153.0, "area_km2": 0.1110256203 }, "geometry": { "type": "Polygon", "coordinates": [ [ [ 11.726326787943201, 46.971019130742896 ], [ 11.728343381301391, 46.970316252435047 ], [ 11.727774280553833, 46.969317844523552 ], [ 11.726813457546253, 46.968824043380607 ], [ 11.726868312481091, 46.968056014242443 ], [ 11.725962074952276, 46.967403751143344 ], [ 11.725696692007009, 46.967862486797685 ], [ 11.725962704957299, 46.968237128994929 ], [ 11.725369737631057, 46.968341737675232 ], [ 11.724321671973302, 46.967777870773411 ], [ 11.7243988961899, 46.967329571072639 ], [ 11.723899904553022, 46.967264064880396 ], [ 11.723728724179773, 46.967574709947378 ], [ 11.723414244195846, 46.967204192364818 ], [ 11.72188843954407, 46.966782134087808 ], [ 11.721814464961497, 46.967551806221884 ], [ 11.723219876141792, 46.969369688453973 ], [ 11.725559823635983, 46.970849294885639 ], [ 11.726326787943201, 46.971019130742896 ] ] ] } },
{ "type": "Feature", "properties": { "HOM_ID": 170, "NAME_D": "Gliderferner", "NAME_IT": "Ghiacciao del Gran Pilastro", "REGION": "Zillertaler Alpen", "ALT_MIN": 2853.0, "ALT_MAX": 3188.0, "ALT_MEDIAN": 2983.0, "area_km2": 0.1021896136 }, "geometry": { "type": "Polygon", "coordinates": [ [ [ 11.735675505376165, 46.959773801364641 ], [ 11.736272014112883, 46.958962975041459 ], [ 11.73545818344147, 46.958155119414727 ], [ 11.73297730939788, 46.957423996915047 ], [ 11.732223962894134, 46.956726027284951 ], [ 11.729523809701625, 46.956161676070849 ], [ 11.725585774105006, 46.95589182544358 ], [ 11.725595901898128, 46.956570205504399 ], [ 11.726436703381211, 46.956594490617121 ], [ 11.726212934828983, 46.957010061308395 ], [ 11.727519898598739, 46.957194782329985 ], [ 11.726780680037505, 46.957779922741118 ], [ 11.728570067155019, 46.957589297181734 ], [ 11.727924521367145, 46.957401269966745 ], [ 11.729108346430623, 46.957210937940118 ], [ 11.731836948218211, 46.957321025940935 ], [ 11.732047858770301, 46.957501717445396 ], [ 11.731211635673729, 46.957607403751467 ], [ 11.731252337890719, 46.957996936590625 ], [ 11.732772759355028, 46.957905589236212 ], [ 11.733038300918691, 46.958532804558175 ], [ 11.733763032443754, 46.958650813359185 ], [ 11.734774624235609, 46.95954929593038 ], [ 11.735675505376165, 46.959773801364641 ] ], [ [ 11.726836248267203, 46.956478741227649 ], [ 11.726406872600917, 46.956515166051574 ], [ 11.726829872921108, 46.956421746224954 ], [ 11.726836248267203, 46.956478741227649 ] ] ] } },
{ "type": "Feature", "properties": { "HOM_ID": 170, "NAME_D": "Gliderferner", "NAME_IT": "Ghiacciao del Gran Pilastro", "REGION": "Zillertaler Alpen", "ALT_MIN": 2823.0, "ALT_MAX": 2955.0, "ALT_MEDIAN": 2896.0, "area_km2": 0.0312675075 }, "geometry": { "type": "Polygon", "coordinates": [ [ [ 11.723758346360468, 46.956445284178663 ], [ 11.724205067362245, 46.956100912178371 ], [ 11.724184552243266, 46.955605564062381 ], [ 11.726129669706639, 46.95533356474909 ], [ 11.725955427058267, 46.954905676341902 ], [ 11.724886347112294, 46.954342902714394 ], [ 11.722722330739337, 46.954874365537435 ], [ 11.721968298921492, 46.955566136958197 ], [ 11.722392506278723, 46.955692716952392 ], [ 11.721574983856794, 46.95595690658282 ], [ 11.723825612155249, 46.955575968144309 ], [ 11.724060531151084, 46.956088461283741 ], [ 11.723758346360468, 46.956445284178663 ] ] ] } },
{ "type": "Feature", "properties": { "HOM_ID": 174, "NAME_D": "Weisszintferner", "NAME_IT": "Vedretta della Punta Bianca", "REGION": "Zillertaler Alpen", "ALT_MIN": 3262.0, "ALT_MAX": 3358.0, "ALT_MEDIAN": 3307.0, "area_km2": 0.0089194256 }, "geometry": { "type": "Polygon", "coordinates": [ [ [ 11.746450063067243, 46.966234813932743 ], [ 11.747497306468629, 46.967462144312897 ], [ 11.747826014082623, 46.965935090459134 ], [ 11.746450063067243, 46.966234813932743 ] ] ] } },
{ "type": "Feature", "properties": { "HOM_ID": 168, "NAME_D": "Gliderferner", "NAME_IT": "Ghiacciao del Gran Pilastro", "REGION": "Zillertaler Alpen", "ALT_MIN": 3176.0, "ALT_MAX": 3212.0, "ALT_MEDIAN": 3191.0, "area_km2": 0.0044254388 }, "geometry": { "type": "Polygon", "coordinates": [ [ [ 11.720961372972933, 46.969051095785197 ], [ 11.721936932290129, 46.968777300619379 ], [ 11.721023278151845, 46.968321945508556 ], [ 11.720810053076422, 46.968698083609006 ], [ 11.720064665600992, 46.96851340576417 ], [ 11.720961372972933, 46.969051095785197 ] ] ] } },
{ "type": "Feature", "properties": { "HOM_ID": 168, "NAME_D": "Gliderferner", "NAME_IT": "Ghiacciao del Gran Pilastro", "REGION": "Zillertaler Alpen", "ALT_MIN": 3057.0, "ALT_MAX": 3096.0, "ALT_MEDIAN": 3073.0, "area_km2": 0.0032646487 }, "geometry": { "type": "Polygon", "coordinates": [ [ [ 11.718758295081971, 46.967115603290452 ], [ 11.719133147599321, 46.966803094534583 ], [ 11.718597241667377, 46.966611359608898 ], [ 11.718160721600317, 46.96699245803056 ], [ 11.718758295081971, 46.967115603290452 ] ] ] } },
{ "type": "Feature", "properties": { "HOM_ID": 172, "NAME_D": "Hochwartferner", "NAME_IT": null, "REGION": "Zillertaler Alpen", "ALT_MIN": 2689.0, "ALT_MAX": 2954.0, "ALT_MEDIAN": 2810.0, "area_km2": 0.1537103419 }, "geometry": { "type": "Polygon", "coordinates": [ [ [ 11.718914217910697, 46.952378701907364 ], [ 11.719203068819594, 46.952758841806649 ], [ 11.720104885326432, 46.952679067466057 ], [ 11.719285065629707, 46.952627121704502 ], [ 11.719906612657134, 46.952506387094509 ], [ 11.719384293199727, 46.951768033198654 ], [ 11.718315995917699, 46.951204090705431 ], [ 11.71648792806239, 46.95072072941192 ], [ 11.715259167478715, 46.951011345077362 ], [ 11.714582822652792, 46.951514605756778 ], [ 11.713783676117282, 46.951497814075417 ], [ 11.712333621324786, 46.952883363302263 ], [ 11.710328415946499, 46.953802970275284 ], [ 11.710076454424822, 46.954752459396722 ], [ 11.710806026565102, 46.954824468197756 ], [ 11.711377683654462, 46.954266240384072 ], [ 11.712401210185257, 46.953962197848341 ], [ 11.71271113820338, 46.954073906327835 ], [ 11.712106416315581, 46.954665665795588 ], [ 11.713789088470241, 46.954158470350521 ], [ 11.713599919310536, 46.954457621066034 ], [ 11.713971025431221, 46.954317856892381 ], [ 11.713720492046868, 46.954692874082085 ], [ 11.714100646513611, 46.954817795607518 ], [ 11.714434422005487, 46.954455684307725 ], [ 11.714924901035575, 46.954527385832698 ], [ 11.715970976793459, 46.954068003420311 ], [ 11.715954595125975, 46.953401447974336 ], [ 11.717522780269841, 46.953192769571473 ], [ 11.717069291732246, 46.952615401559676 ], [ 11.717413418337541, 46.952338161084754 ], [ 11.718914217910697, 46.952378701907364 ] ] ] } },
{ "type": "Feature", "properties": { "HOM_ID": 171, "NAME_D": "Pockshornferner", "NAME_IT": null, "REGION": "Zillertaler Alpen", "ALT_MIN": 2820.0, "ALT_MAX": 3007.0, "ALT_MEDIAN": 2930.0, "area_km2": 0.0377856363 }, "geometry": { "type": "Polygon", "coordinates": [ [ [ 11.718748515699616, 46.954533721675844 ], [ 11.720515316098401, 46.953816206846888 ], [ 11.721902038438028, 46.954111097104111 ], [ 11.723036874257799, 46.953860267288178 ], [ 11.723477761115236, 46.953023521797235 ], [ 11.722747886537821, 46.952688486594262 ], [ 11.720120070149417, 46.952638908772229 ], [ 11.718748515699616, 46.954533721675844 ] ], [ [ 11.721224437823277, 46.953789502997338 ], [ 11.721326189176501, 46.953779939046676 ], [ 11.721543428919052, 46.953784772913963 ], [ 11.721316363852717, 46.953833034122972 ], [ 11.721224437823277, 46.953789502997338 ] ], [ [ 11.720365421281082, 46.953637614391312 ], [ 11.720762059356774, 46.953538890580205 ], [ 11.721004105303006, 46.953683145599136 ], [ 11.720621829546825, 46.953756527160259 ], [ 11.720365421281082, 46.953637614391312 ] ] ] } },
{ "type": "Feature", "properties": { "HOM_ID": 173, "NAME_D": "Weisszintferner", "NAME_IT": "Vedretta della Punta Bianca", "REGION": "Zillertaler Alpen", "ALT_MIN": 2984.0, "ALT_MAX": 3270.0, "ALT_MEDIAN": 3119.0, "area_km2": 0.2133313913 }, "geometry": { "type": "Polygon", "coordinates": [ [ [ 11.742611896097031, 46.961634882782008 ], [ 11.742696918909315, 46.963009526364267 ], [ 11.743834565918915, 46.963627534695071 ], [ 11.74425756430122, 46.963057824768121 ], [ 11.743780627687315, 46.962233487716887 ], [ 11.743858548611529, 46.961105345109701 ], [ 11.743702268906675, 46.960701920306889 ], [ 11.742781317236977, 46.960783529868159 ], [ 11.743534178855986, 46.96020353292468 ], [ 11.743203482087097, 46.959925726533577 ], [ 11.742964734108595, 46.960357672500926 ], [ 11.74271021499044, 46.960073276719186 ], [ 11.742930990053052, 46.957958401058512 ], [ 11.742267548696523, 46.957945633839451 ], [ 11.741962100342416, 46.957262951868962 ], [ 11.741680045945227, 46.95747396347231 ], [ 11.74159451395176, 46.95682120214353 ], [ 11.740951996375021, 46.957246151551857 ], [ 11.739527514238715, 46.956592121803894 ], [ 11.739033587524398, 46.956794437750538 ], [ 11.738485943896274, 46.956328657112088 ], [ 11.737753419125067, 46.957127481664052 ], [ 11.738599749893432, 46.960216980397185 ], [ 11.73974447544777, 46.961996850937531 ], [ 11.741524496749564, 46.962638703649255 ], [ 11.742611896097031, 46.961634882782008 ] ], [ [ 11.742853905222891, 46.962474771553005 ], [ 11.743039835989649, 46.961947323118245 ], [ 11.743158160401626, 46.961975917080736 ], [ 11.742853905222891, 46.962474771553005 ] ] ] } },
{ "type": "Feature", "properties": { "HOM_ID": 176, "NAME_D": "Weisszintferner", "NAME_IT": "Vedretta della Punta Bianca", "REGION": "Zillertaler Alpen", "ALT_MIN": 2716.0, "ALT_MAX": 3115.0, "ALT_MEDIAN": 2973.0, "area_km2": 0.1894297687 }, "geometry": { "type": "Polygon", "coordinates": [ [ [ 11.753469156702961, 46.970770544481461 ], [ 11.755628919682062, 46.969653463389569 ], [ 11.755677218917771, 46.969062501377266 ], [ 11.757020871514825, 46.968337223483935 ], [ 11.75630242310663, 46.968097371338942 ], [ 11.756276209914658, 46.968467077641129 ], [ 11.755987246155454, 46.96846213302458 ], [ 11.756138090771561, 46.968013228368456 ], [ 11.755496097730335, 46.967907253865278 ], [ 11.755510153561254, 46.96818074554357 ], [ 11.755099477234626, 46.968176348622769 ], [ 11.755264591089892, 46.967734244437807 ], [ 11.754773576384283, 46.967655585656964 ], [ 11.754976679379448, 46.967343529105605 ], [ 11.754597401919506, 46.966866911058489 ], [ 11.755312539751383, 46.965756753458791 ], [ 11.757109353209886, 46.964832508659825 ], [ 11.757024724510055, 46.96386304744825 ], [ 11.755786229549583, 46.963992892088186 ], [ 11.75476669838484, 46.964593677444427 ], [ 11.75466399047394, 46.966131920680809 ], [ 11.754315843064402, 46.965837956115109 ], [ 11.753797083576934, 46.966031409151022 ], [ 11.753758707624591, 46.96638468206001 ], [ 11.75342740379282, 46.966283180845174 ], [ 11.753322046704334, 46.965857113167083 ], [ 11.753879669291726, 46.965472237592273 ], [ 11.753496913465016, 46.965333819719966 ], [ 11.752614446904962, 46.965759845137114 ], [ 11.751083996010356, 46.968013427368767 ], [ 11.750378711144627, 46.968504228022844 ], [ 11.750843483809449, 46.96908833660018 ], [ 11.750234973503348, 46.969567284401478 ], [ 11.75115520423576, 46.970485706458405 ], [ 11.753469156702961, 46.970770544481461 ] ], [ [ 11.755895043424646, 46.964835572158599 ], [ 11.75642138522972, 46.964840750628575 ], [ 11.755961883871292, 46.965036357836567 ], [ 11.755895043424646, 46.964835572158599 ] ], [ [ 11.75547638585603, 46.964556943730173 ], [ 11.756317003747368, 46.964247983660925 ], [ 11.756503354472093, 46.96432088017184 ], [ 11.75547638585603, 46.964556943730173 ] ] ] } },
{ "type": "Feature", "properties": { "HOM_ID": 174, "NAME_D": "Weisszintferner", "NAME_IT": "Vedretta della Punta Bianca", "REGION": "Zillertaler Alpen", "ALT_MIN": 3024.0, "ALT_MAX": 3265.0, "ALT_MEDIAN": 3124.0, "area_km2": 0.0755476914 }, "geometry": { "type": "Polygon", "coordinates": [ [ [ 11.744930265428414, 46.964920397765169 ], [ 11.748427523871237, 46.964953116111609 ], [ 11.748031741758975, 46.964831660900558 ], [ 11.747995664860625, 46.964399161805083 ], [ 11.748340797734388, 46.964007510282151 ], [ 11.748222260562775, 46.963798437785336 ], [ 11.748775328302813, 46.9632565414136 ], [ 11.748236827624112, 46.96347187322651 ], [ 11.747800406230485, 46.963439495097667 ], [ 11.74887399114759, 46.962670794045671 ], [ 11.747749770205136, 46.962654938616154 ], [ 11.745984223081793, 46.963087830840301 ], [ 11.745683906488701, 46.962792635386563 ], [ 11.746344407523104, 46.962922031525302 ], [ 11.745966750907948, 46.962678696365657 ], [ 11.746820631017929, 46.962577241835525 ], [ 11.746962819407528, 46.962297616569828 ], [ 11.746567918000153, 46.962057078686342 ], [ 11.747123536443549, 46.961836581121823 ], [ 11.746138143023066, 46.9622221686977 ], [ 11.746094162000139, 46.96177081022541 ], [ 11.745218184023285, 46.961644201722343 ], [ 11.74543463506974, 46.961931886672247 ], [ 11.745063350723935, 46.962288439643153 ], [ 11.745627746202535, 46.962239180596356 ], [ 11.745141582720725, 46.962593728000982 ], [ 11.74445706626183, 46.961791042023265 ], [ 11.74487824050952, 46.962681004898023 ], [ 11.744625234285836, 46.963989551585783 ], [ 11.744930265428414, 46.964920397765169 ] ], [ [ 11.748303987610848, 46.963967915548729 ], [ 11.748114387131301, 46.96400104321652 ], [ 11.748156683628832, 46.963876209173968 ], [ 11.748303987610848, 46.963967915548729 ] ], [ [ 11.748031748490964, 46.963745866775184 ], [ 11.74833208207875, 46.963633883124047 ], [ 11.748096653533285, 46.963858601762588 ], [ 11.748031748490964, 46.963745866775184 ] ], [ [ 11.747909007841262, 46.963522607271777 ], [ 11.74781899191475, 46.963598584152166 ], [ 11.747806683113824, 46.963494110037708 ], [ 11.747909007841262, 46.963522607271777 ] ], [ [ 11.746350370024947, 46.963174288076992 ], [ 11.746521015271851, 46.963110663599345 ], [ 11.74650699357387, 46.963244343397832 ], [ 11.746350370024947, 46.963174288076992 ] ], [ [ 11.745830907977808, 46.962674813645172 ], [ 11.745715306011332, 46.962522814168501 ], [ 11.745919041118068, 46.962494113780963 ], [ 11.745830907977808, 46.962674813645172 ] ], [ [ 11.746073410940594, 46.962452310230901 ], [ 11.746014056142744, 46.96237991983039 ], [ 11.746081583052066, 46.96234020143411 ], [ 11.746073410940594, 46.962452310230901 ] ], [ [ 11.746675816412459, 46.963009321554338 ], [ 11.747063604084291, 46.962907147184332 ], [ 11.747087736179529, 46.962970858554918 ], [ 11.746675816412459, 46.963009321554338 ] ] ] } },
{ "type": "Feature", "properties": { "HOM_ID": 175, "NAME_D": "Weisszintferner", "NAME_IT": "Vedretta della Punta Bianca", "REGION": "Zillertaler Alpen", "ALT_MIN": 2833.0, "ALT_MAX": 2991.0, "ALT_MEDIAN": 2904.0, "area_km2": 0.016748884 }, "geometry": { "type": "Polygon", "coordinates": [ [ [ 11.751217251910587, 46.964821777047085 ], [ 11.751444683255034, 46.964509142577981 ], [ 11.752629564241778, 46.964283009041758 ], [ 11.753299904975659, 46.964685298045048 ], [ 11.75376181025697, 46.964386725145786 ], [ 11.753655010340053, 46.964005483925916 ], [ 11.752152563462795, 46.963663484251121 ], [ 11.751377421489208, 46.963808327552698 ], [ 11.750624186035338, 46.96471936129408 ], [ 11.751217251910587, 46.964821777047085 ] ] ] } },
{ "type": "Feature", "properties": { "HOM_ID": 178, "NAME_D": "Muttenockferner", "NAME_IT": "Vedretta della Muta", "REGION": "Zillertaler Alpen", "ALT_MIN": 2690.0, "ALT_MAX": 2885.0, "ALT_MEDIAN": 2797.0, "area_km2": 0.0775832993 }, "geometry": { "type": "Polygon", "coordinates": [ [ [ 11.76212073906882, 46.971442777603663 ], [ 11.764396243568685, 46.971423559419641 ], [ 11.766635187813632, 46.96980096377645 ], [ 11.765729155029707, 46.969862275949851 ], [ 11.765533371944489, 46.968899079983977 ], [ 11.763981762309205, 46.968962289963777 ], [ 11.76341271642892, 46.967943816132021 ], [ 11.763761726725052, 46.969155248056154 ], [ 11.763420652567602, 46.970252842587513 ], [ 11.762570802675866, 46.969678226354311 ], [ 11.762456475709735, 46.970326455809392 ], [ 11.761946318979307, 46.970591330061062 ], [ 11.761653756229078, 46.969905830390836 ], [ 11.759144965995816, 46.969782838135153 ], [ 11.759831793010116, 46.970579744105635 ], [ 11.761143853045333, 46.970629188998771 ], [ 11.762206701709349, 46.971166974743234 ], [ 11.76212073906882, 46.971442777603663 ] ] ] } },
{ "type": "Feature", "properties": { "HOM_ID": 177, "NAME_D": "Muttenockferner", "NAME_IT": "Vedretta della Muta", "REGION": "Zillertaler Alpen", "ALT_MIN": 3099.0, "ALT_MAX": 3197.0, "ALT_MEDIAN": 3153.0, "area_km2": 0.0134726803 }, "geometry": { "type": "Polygon", "coordinates": [ [ [ 11.758036351818564, 46.972530212327904 ], [ 11.758240649007719, 46.97216992808201 ], [ 11.757526943348854, 46.971198941210972 ], [ 11.756771862517276, 46.971312872912421 ], [ 11.756267752268942, 46.971743660237742 ], [ 11.756486382098586, 46.972122959642398 ], [ 11.758036351818564, 46.972530212327904 ] ], [ [ 11.75695804735834, 46.971660500924806 ], [ 11.756847886358806, 46.971638815223947 ], [ 11.756585783127749, 46.971612678065554 ], [ 11.756769823372036, 46.971549828015334 ], [ 11.75695804735834, 46.971660500924806 ] ], [ [ 11.757071844268326, 46.97156851330913 ], [ 11.75693037109963, 46.971583280595908 ], [ 11.757051485494122, 46.971541418575733 ], [ 11.757071844268326, 46.97156851330913 ] ], [ [ 11.756523857402827, 46.971653112717846 ], [ 11.756567890360722, 46.97167963717343 ], [ 11.756535661004508, 46.971698262398689 ], [ 11.756523857402827, 46.971653112717846 ] ], [ [ 11.756723741114026, 46.971437353634556 ], [ 11.756770592294675, 46.971426489115622 ], [ 11.756743598302419, 46.971454723934635 ], [ 11.756723741114026, 46.971437353634556 ] ] ] } },
{ "type": "Feature", "properties": { "HOM_ID": 179, "NAME_D": "Nevesferner Westlicher", "NAME_IT": "Vedretta di Neves Occidentale", "REGION": "Zillertaler Alpen", "ALT_MIN": 2868.0, "ALT_MAX": 3329.0, "ALT_MEDIAN": 3069.0, "area_km2": 0.7035940338 }, "geometry": { "type": "Polygon", "coordinates": [ [ [ 11.77921158068887, 46.988602453357217 ], [ 11.780629565892001, 46.98808606210217 ], [ 11.781409626479958, 46.987347049652463 ], [ 11.781980558893713, 46.987352218625269 ], [ 11.782831455640265, 46.985940949113292 ], [ 11.783467096173775, 46.985584510366934 ], [ 11.784195174687722, 46.980916134684911 ], [ 11.783136896488273, 46.981049353169041 ], [ 11.782366102724099, 46.980298912785528 ], [ 11.781764020559203, 46.980429484387571 ], [ 11.781935267382345, 46.980796650826221 ], [ 11.781482930970451, 46.980396552801665 ], [ 11.781525540294638, 46.980785657768912 ], [ 11.779788676317022, 46.980624044895968 ], [ 11.778911702909269, 46.981317777367103 ], [ 11.779754587846988, 46.981683998297811 ], [ 11.779564561745, 46.982313422384571 ], [ 11.779176748657543, 46.982349511239946 ], [ 11.778567460622542, 46.981710928163771 ], [ 11.778297698637946, 46.982037502557205 ], [ 11.777788863318735, 46.981779360454127 ], [ 11.777964067707208, 46.982152277310703 ], [ 11.777645077538583, 46.981851428363591 ], [ 11.777094457869298, 46.982666757040391 ], [ 11.777086608483859, 46.982407881260094 ], [ 11.776839349254637, 46.982524366692587 ], [ 11.777199875057091, 46.982176543491249 ], [ 11.776409775096029, 46.982452880525955 ], [ 11.775685669459001, 46.982015178153652 ], [ 11.775871733015691, 46.981738263340937 ], [ 11.775214442245749, 46.981838023141883 ], [ 11.774975376222264, 46.981575230113023 ], [ 11.775245572411475, 46.981202936435352 ], [ 11.774916522674594, 46.981029951409809 ], [ 11.775477858395364, 46.980528681228506 ], [ 11.774157975188034, 46.980410203637817 ], [ 11.773952926068105, 46.980965691569267 ], [ 11.773407682520133, 46.980487444932209 ], [ 11.773827113722119, 46.980088892509833 ], [ 11.772579171379832, 46.979859858390199 ], [ 11.772882994071127, 46.978904546135325 ], [ 11.771774197983103, 46.979041205609718 ], [ 11.77134284709436, 46.978471588845082 ], [ 11.770867812651602, 46.97879075854555 ], [ 11.770731193465151, 46.978409276557201 ], [ 11.771310374357491, 46.978199044791253 ], [ 11.770796246278667, 46.977944810224308 ], [ 11.771265979101493, 46.977609600642012 ], [ 11.769829364506872, 46.977815829411668 ], [ 11.769725762816265, 46.978719355320671 ], [ 11.769191708717722, 46.978995157919613 ], [ 11.768374624992472, 46.978192267060358 ], [ 11.768790007262526, 46.977410730669867 ], [ 11.767640652210384, 46.977183757662544 ], [ 11.767838655832829, 46.977043244448517 ], [ 11.767267388749978, 46.976490354031547 ], [ 11.767555449809198, 46.976409571696593 ], [ 11.767204220308418, 46.976277580833994 ], [ 11.767730198704626, 46.976357721906886 ], [ 11.767508852582807, 46.975843990262042 ], [ 11.767818435453226, 46.97611271297373 ], [ 11.768251444760086, 46.975537909977263 ], [ 11.767916487910917, 46.97538409703764 ], [ 11.767324391979225, 46.975505570283282 ], [ 11.767205337199265, 46.975153661781391 ], [ 11.767806881525736, 46.974983367675307 ], [ 11.767152716393264, 46.974943013794331 ], [ 11.766942024840631, 46.974702853438266 ], [ 11.767365249544042, 46.974544987810418 ], [ 11.766601136874272, 46.974299161779392 ], [ 11.76657610787696, 46.974016412653839 ], [ 11.767195749763387, 46.974091910937489 ], [ 11.767685606334449, 46.97347287479068 ], [ 11.768589496973762, 46.973124791635549 ], [ 11.767734270374017, 46.973202629961364 ], [ 11.76736788689859, 46.972911469894655 ], [ 11.767253122019929, 46.973114260896551 ], [ 11.76687467475387, 46.972656712718006 ], [ 11.767495786898511, 46.972289283073245 ], [ 11.767165676451935, 46.972161543814593 ], [ 11.766499802929422, 46.972470524859453 ], [ 11.766685767019679, 46.972973207837164 ], [ 11.76605990234906, 46.97338360810712 ], [ 11.765992721474678, 46.973901936883735 ], [ 11.76628763661869, 46.975706844441881 ], [ 11.767456873189689, 46.978543064547722 ], [ 11.768065070590479, 46.9790021963206 ], [ 11.768542008895517, 46.978940652846511 ], [ 11.768458491870112, 46.979411755299985 ], [ 11.769195461442093, 46.980477333655024 ], [ 11.772677020384569, 46.984288539083423 ], [ 11.776421163396989, 46.986240751262656 ], [ 11.777907734556821, 46.988314092714603 ], [ 11.77921158068887, 46.988602453357217 ] ], [ [ 11.768884346459958, 46.978933185948243 ], [ 11.768627921782119, 46.978970210870024 ], [ 11.76864131134173, 46.978908247404135 ], [ 11.768884346459958, 46.978933185948243 ] ], [ [ 11.768447387248711, 46.977769363428472 ], [ 11.768456713219452, 46.977720474697925 ], [ 11.768477741213122, 46.977760517709854 ], [ 11.768447387248711, 46.977769363428472 ] ], [ [ 11.768193110097277, 46.977434875058286 ], [ 11.768164478308332, 46.977385282982503 ], [ 11.768222710888427, 46.977411449515401 ], [ 11.768193110097277, 46.977434875058286 ] ], [ [ 11.768011732677898, 46.977364647286784 ], [ 11.767974780054118, 46.977383384593878 ], [ 11.767947153793004, 46.977353233189305 ], [ 11.768011732677898, 46.977364647286784 ] ], [ [ 11.767451217216763, 46.976974304320528 ], [ 11.767483795679093, 46.976916742879631 ], [ 11.767538906808356, 46.97692838714736 ], [ 11.767451217216763, 46.976974304320528 ] ], [ [ 11.767014726250588, 46.975818575199355 ], [ 11.767137967698126, 46.975680961015804 ], [ 11.767165151178874, 46.975748431723574 ], [ 11.767014726250588, 46.975818575199355 ] ], [ [ 11.767477257045837, 46.975734394321442 ], [ 11.7675718171549, 46.975638026124741 ], [ 11.767536765168664, 46.975739443582633 ], [ 11.767477257045837, 46.975734394321442 ] ], [ [ 11.766724050109241, 46.975605000242616 ], [ 11.767019971742283, 46.975507006570716 ], [ 11.76679233238991, 46.975642279177535 ], [ 11.766724050109241, 46.975605000242616 ] ], [ [ 11.767781557371054, 46.975615109245084 ], [ 11.767772163892809, 46.975479080188279 ], [ 11.767949911909437, 46.975525065044934 ], [ 11.767781557371054, 46.975615109245084 ] ], [ [ 11.767077916490864, 46.975435855371153 ], [ 11.767027809833207, 46.975245660031455 ], [ 11.766712445340147, 46.975196512908013 ], [ 11.767143956660345, 46.975246094507156 ], [ 11.767077916490864, 46.975435855371153 ] ], [ [ 11.766479275112813, 46.974352172685805 ], [ 11.766492556163898, 46.974334009115239 ], [ 11.766467318596712, 46.974120502805718 ], [ 11.766555015584711, 46.974350341315045 ], [ 11.766479275112813, 46.974352172685805 ] ], [ [ 11.769827817602799, 46.978386413621145 ], [ 11.769868414809904, 46.978346499823793 ], [ 11.769842103101571, 46.978387689505354 ], [ 11.769827817602799, 46.978386413621145 ] ] ] } },
{ "type": "Feature", "properties": { "HOM_ID": 179, "NAME_D": "Nevesferner Westlicher", "NAME_IT": "Vedretta di Neves Occidentale", "REGION": "Zillertaler Alpen", "ALT_MIN": 2866.0, "ALT_MAX": 2940.0, "ALT_MEDIAN": 2909.0, "area_km2": 0.005302137 }, "geometry": { "type": "Polygon", "coordinates": [ [ [ 11.766875936234859, 46.972135214894628 ], [ 11.767718451254149, 46.9716767100822 ], [ 11.7681198424462, 46.971231252659486 ], [ 11.766859585268831, 46.971301636363179 ], [ 11.766592211703433, 46.971827766637588 ], [ 11.766987301154831, 46.971799163260705 ], [ 11.766875936234859, 46.972135214894628 ] ] ] } },
{ "type": "Feature", "properties": { "HOM_ID": 179, "NAME_D": "Nevesferner Westlicher", "NAME_IT": "Vedretta di Neves Occidentale", "REGION": "Zillertaler Alpen", "ALT_MIN": 2784.0, "ALT_MAX": 2861.0, "ALT_MEDIAN": 2830.0, "area_km2": 0.0029561196 }, "geometry": { "type": "Polygon", "coordinates": [ [ [ 11.768451263218727, 46.972199496625329 ], [ 11.768874269862533, 46.971701129133628 ], [ 11.770252099147552, 46.971370135638459 ], [ 11.768815469820538, 46.971438246922624 ], [ 11.768451263218727, 46.972199496625329 ] ] ] } },
{ "type": "Feature", "properties": { "HOM_ID": 179, "NAME_D": "Nevesferner Westlicher", "NAME_IT": "Vedretta di Neves Occidentale", "REGION": "Zillertaler Alpen", "ALT_MIN": 2859.0, "ALT_MAX": 2890.0, "ALT_MEDIAN": 2878.0, "area_km2": 0.0017784535 }, "geometry": { "type": "Polygon", "coordinates": [ [ [ 11.767615650201588, 46.970702934030406 ], [ 11.768206561172194, 46.970527819041905 ], [ 11.767722890254815, 46.970194961776549 ], [ 11.767615650201588, 46.970702934030406 ] ] ] } },
{ "type": "Feature", "properties": { "HOM_ID": 181, "NAME_D": "Nevesferner Oestlicher", "NAME_IT": "Vedretta di Neves Orientale", "REGION": "Zillertaler Alpen", "ALT_MIN": 2658.0, "ALT_MAX": 3284.0, "ALT_MEDIAN": 3039.0, "area_km2": 1.4050794936 }, "geometry": { "type": "Polygon", "coordinates": [ [ [ 11.806991259516499, 46.982964718543634 ], [ 11.8069466493191, 46.983308695911646 ], [ 11.806387416694047, 46.98323383629468 ], [ 11.806349184592925, 46.983460504708376 ], [ 11.80580853138809, 46.98318231468928 ], [ 11.806005470543882, 46.983514653199251 ], [ 11.805121631996418, 46.983779200359628 ], [ 11.804659213863538, 46.983799108537255 ], [ 11.80498443341607, 46.983551118628824 ], [ 11.804742943889387, 46.983237014579686 ], [ 11.804346675035566, 46.983403882120882 ], [ 11.804380105605505, 46.983883098378655 ], [ 11.802946390237832, 46.984012522865598 ], [ 11.802496741114611, 46.983717801043994 ], [ 11.802419180439578, 46.983991148967206 ], [ 11.801516381925961, 46.98405326074807 ], [ 11.801265668905657, 46.983330774328067 ], [ 11.801780533956103, 46.982078075191446 ], [ 11.801378410693475, 46.981733609302069 ], [ 11.801106314289013, 46.979802983987476 ], [ 11.800169433660255, 46.979131578870714 ], [ 11.800368790533803, 46.978552371242152 ], [ 11.799523066127961, 46.977707288596967 ], [ 11.798162168311912, 46.977789154281091 ], [ 11.797406462068762, 46.97922774040083 ], [ 11.796771783674007, 46.979226111304598 ], [ 11.797182943848807, 46.979584659189896 ], [ 11.796704476172284, 46.980496422595415 ], [ 11.795092281012828, 46.980324374944736 ], [ 11.794633448320637, 46.980732755444834 ], [ 11.793266942960035, 46.983432036042252 ], [ 11.793413730425485, 46.984405667136521 ], [ 11.791726621592327, 46.984721149729026 ], [ 11.79255377866539, 46.984809544534521 ], [ 11.792779806988856, 46.985541224147035 ], [ 11.792029291258386, 46.986042433351685 ], [ 11.791096961737015, 46.986019462856902 ], [ 11.791620762626122, 46.986055258949293 ], [ 11.789641514497827, 46.987657932472665 ], [ 11.789578455486577, 46.988167226218472 ], [ 11.790212910539804, 46.988573937501435 ], [ 11.790771910326129, 46.989846112388527 ], [ 11.791003956144353, 46.989971890215102 ], [ 11.79102561332642, 46.989345601540272 ], [ 11.791937892270509, 46.989383349675279 ], [ 11.792958411589291, 46.990135642130312 ], [ 11.794166352425629, 46.990477605666108 ], [ 11.794853741759985, 46.990526536088403 ], [ 11.795599377408831, 46.99001114125317 ], [ 11.797621485753666, 46.990830351823519 ], [ 11.798789520270262, 46.990567484074596 ], [ 11.800008651316544, 46.990563372449678 ], [ 11.800012093467565, 46.990789018570808 ], [ 11.80093551981512, 46.990240664324979 ], [ 11.802085438271568, 46.990749690770031 ], [ 11.802848353219954, 46.990805295527039 ], [ 11.803239752946375, 46.990544260382812 ], [ 11.804797501746405, 46.990946117238195 ], [ 11.807927558551505, 46.990592181683638 ], [ 11.808191579525596, 46.989654204817569 ], [ 11.80761261911023, 46.988885497838481 ], [ 11.807827824293224, 46.987397530120042 ], [ 11.808950093109829, 46.987498564413293 ], [ 11.809229492562137, 46.987153835601148 ], [ 11.810033067684438, 46.987103828462011 ], [ 11.809991324294067, 46.986389780130615 ], [ 11.811914066810496, 46.984836716309005 ], [ 11.812477803812417, 46.983962795956302 ], [ 11.812193617709118, 46.982843982226257 ], [ 11.812942321203568, 46.982551271733662 ], [ 11.813285945470106, 46.981779908334858 ], [ 11.812797757241325, 46.981706190556324 ], [ 11.812628851312466, 46.981113154497741 ], [ 11.812086683051856, 46.981283636479965 ], [ 11.812538686870004, 46.981383962943987 ], [ 11.812248119108867, 46.981813994276855 ], [ 11.811203643344125, 46.982039676715836 ], [ 11.810826649996338, 46.981220306066717 ], [ 11.809656032226375, 46.980791881494909 ], [ 11.809823907346017, 46.980967772052921 ], [ 11.808122990356548, 46.981175257310355 ], [ 11.808285381250027, 46.981485581116075 ], [ 11.807300967949072, 46.98126400596135 ], [ 11.808130686000036, 46.981640817577698 ], [ 11.807100285110208, 46.981577524578007 ], [ 11.806809640516956, 46.981894464717961 ], [ 11.807254553730392, 46.982227578862599 ], [ 11.806889615909814, 46.982311422762926 ], [ 11.807037125686385, 46.982516094398164 ], [ 11.805543653056843, 46.982668771351264 ], [ 11.80619140072503, 46.983078632400264 ], [ 11.806991259516499, 46.982964718543634 ] ], [ [ 11.807785288342922, 46.986984257465778 ], [ 11.807999780350132, 46.987093287584997 ], [ 11.807770045447967, 46.987091782562722 ], [ 11.807785288342922, 46.986984257465778 ] ], [ [ 11.806778791803655, 46.986559372258348 ], [ 11.805764030486047, 46.985476833621021 ], [ 11.806371246091384, 46.985030408944382 ], [ 11.805774183798627, 46.984655112433238 ], [ 11.806670592682906, 46.984508345527843 ], [ 11.80790349439639, 46.985549128960841 ], [ 11.80897562295735, 46.985855561153571 ], [ 11.808090868491615, 46.98608004722545 ], [ 11.808251992932108, 46.98646340795365 ], [ 11.806778791803655, 46.986559372258348 ] ], [ [ 11.805768694471091, 46.984260108439749 ], [ 11.805432613577402, 46.983935601006358 ], [ 11.806523541621328, 46.983586496168975 ], [ 11.807546349728778, 46.984112517829203 ], [ 11.805768694471091, 46.984260108439749 ] ] ] } },
{ "type": "Feature", "properties": { "HOM_ID": 180, "NAME_D": "Nevesferner Oestlicher", "NAME_IT": "Vedretta di Neves Orientale", "REGION": "Zillertaler Alpen", "ALT_MIN": 3035.0, "ALT_MAX": 3386.0, "ALT_MEDIAN": 3185.0, "area_km2": 0.2732787182 }, "geometry": { "type": "Polygon", "coordinates": [ [ [ 11.789578036123665, 46.98816646133114 ], [ 11.789307629961693, 46.988309387394786 ], [ 11.789357523880863, 46.987958647963474 ], [ 11.787675044662498, 46.987316069845129 ], [ 11.787906255026297, 46.986944695271902 ], [ 11.787474489760969, 46.986912354669826 ], [ 11.787283022050358, 46.986522704489836 ], [ 11.787619785582615, 46.986414493133729 ], [ 11.785079801372142, 46.985827728663736 ], [ 11.785869005604448, 46.985828517068789 ], [ 11.785172650570152, 46.985525447252883 ], [ 11.785053711766183, 46.985245464285896 ], [ 11.785576676618522, 46.984944140678003 ], [ 11.785027326363096, 46.984657492366225 ], [ 11.785217884690461, 46.98358420361582 ], [ 11.785613740016457, 46.983568852054177 ], [ 11.785969307302432, 46.983180166790646 ], [ 11.785954009824783, 46.982966238259792 ], [ 11.784643339974911, 46.982812416928049 ], [ 11.784100430395947, 46.983774269628597 ], [ 11.783932015145286, 46.985595643112937 ], [ 11.783114166291089, 46.986409883291074 ], [ 11.782795651124209, 46.987351984005095 ], [ 11.783129081109983, 46.988143931463782 ], [ 11.782805657623838, 46.988428961295568 ], [ 11.782236766849199, 46.988168490082451 ], [ 11.782674805702223, 46.988160695098998 ], [ 11.782570372494337, 46.987677485432236 ], [ 11.781239919366147, 46.988109862404322 ], [ 11.780487112110981, 46.988811065830653 ], [ 11.781066873609394, 46.989602747416576 ], [ 11.781187509103262, 46.989111208528819 ], [ 11.781829354996569, 46.989489919674142 ], [ 11.783025170978489, 46.991388321993298 ], [ 11.78410072594057, 46.990790686603646 ], [ 11.783811318170519, 46.990578664934738 ], [ 11.784878795280305, 46.990495540514154 ], [ 11.78528461514032, 46.990804733685088 ], [ 11.786453675715412, 46.989904777705028 ], [ 11.788166261578464, 46.990373447291567 ], [ 11.789255795056201, 46.989922603122935 ], [ 11.789677620296731, 46.989709009476812 ], [ 11.789264488115284, 46.989437353541909 ], [ 11.78928530336867, 46.988858866850983 ], [ 11.789861375306506, 46.988517359571802 ], [ 11.789578036123665, 46.98816646133114 ] ], [ [ 11.789190252245787, 46.988663683364592 ], [ 11.788772987188349, 46.988801648307543 ], [ 11.789002972994769, 46.988500663221949 ], [ 11.789190252245787, 46.988663683364592 ] ], [ [ 11.785258407755013, 46.988091841331915 ], [ 11.786189887102509, 46.988873983638712 ], [ 11.785597839603081, 46.988864587170838 ], [ 11.785258407755013, 46.988091841331915 ] ], [ [ 11.785141376620283, 46.988377844445367 ], [ 11.78482961793245, 46.988485439823663 ], [ 11.784996763801686, 46.988327074930396 ], [ 11.785141376620283, 46.988377844445367 ] ], [ [ 11.783048686990769, 46.98860592028641 ], [ 11.783292666720344, 46.988559982792218 ], [ 11.783423580045591, 46.988588228968858 ], [ 11.783048686990769, 46.98860592028641 ] ], [ [ 11.785095760362999, 46.985010138402892 ], [ 11.78524665958745, 46.984860739639089 ], [ 11.785265235258496, 46.985057445226275 ], [ 11.785095760362999, 46.985010138402892 ] ], [ [ 11.784962880915222, 46.98446190323088 ], [ 11.785042705688912, 46.984471389620623 ], [ 11.784923091179996, 46.984580023812399 ], [ 11.784962880915222, 46.98446190323088 ] ], [ [ 11.785665179725081, 46.983273292978218 ], [ 11.785798189969533, 46.983181475901375 ], [ 11.785746189671912, 46.983305608791539 ], [ 11.785665179725081, 46.983273292978218 ] ] ] } },
{ "type": "Feature", "properties": { "HOM_ID": 181, "NAME_D": "Nevesferner Oestlicher", "NAME_IT": "Vedretta di Neves Orientale", "REGION": "Zillertaler Alpen", "ALT_MIN": 2909.0, "ALT_MAX": 3033.0, "ALT_MEDIAN": 2980.0, "area_km2": 0.0279187673 }, "geometry": { "type": "Polygon", "coordinates": [ [ [ 11.812043099642478, 46.981031000012145 ], [ 11.812920678027522, 46.980648686861443 ], [ 11.81349647683771, 46.980780968710391 ], [ 11.81376322069271, 46.979599320772152 ], [ 11.809899206067591, 46.979279608178956 ], [ 11.811347410733379, 46.979508695354831 ], [ 11.811430164782678, 46.97989240539291 ], [ 11.809848119427615, 46.97969875169133 ], [ 11.809530234459199, 46.979906572683184 ], [ 11.811733830594449, 46.980109959469146 ], [ 11.811945178266171, 46.98035835608956 ], [ 11.811525992435051, 46.980425804634592 ], [ 11.812409762491002, 46.980857690407959 ], [ 11.811616637586177, 46.981059339336127 ], [ 11.812043099642478, 46.981031000012145 ] ] ] } },
{ "type": "Feature", "properties": { "HOM_ID": 182, "NAME_D": "Trattenbachkees", "NAME_IT": "Vedretta di Dentro", "REGION": "Zillertaler Alpen", "ALT_MIN": 2790.0, "ALT_MAX": 3298.0, "ALT_MEDIAN": 3022.0, "area_km2": 0.4713054241 }, "geometry": { "type": "Polygon", "coordinates": [ [ [ 11.822907782294088, 46.989589143357215 ], [ 11.823373522021669, 46.989101040150686 ], [ 11.822778985324398, 46.989176666120009 ], [ 11.822382630972697, 46.988628307503703 ], [ 11.8232956233271, 46.987622851805028 ], [ 11.822670219821255, 46.9876935242306 ], [ 11.82212820586699, 46.98855457748315 ], [ 11.821728131573879, 46.98809393317061 ], [ 11.822257855265534, 46.987475108541432 ], [ 11.821262568834376, 46.987499654631215 ], [ 11.820985586211634, 46.98715598119113 ], [ 11.820528117883633, 46.98729679326901 ], [ 11.820538603886042, 46.986332652556925 ], [ 11.819153695761251, 46.986517271981235 ], [ 11.819518518147095, 46.986361605266431 ], [ 11.819507628470625, 46.986207575749937 ], [ 11.818572513709256, 46.986423011245222 ], [ 11.818154414044008, 46.986200911672775 ], [ 11.817541787920975, 46.98667317657123 ], [ 11.816740959479819, 46.986530977694137 ], [ 11.81710058788509, 46.986276391461928 ], [ 11.816914599840736, 46.985968566341661 ], [ 11.817833834191884, 46.985768774410396 ], [ 11.817261561841585, 46.985579041962666 ], [ 11.817902727654904, 46.985490866756962 ], [ 11.817380839526786, 46.985412283748289 ], [ 11.81748679773605, 46.985203944377815 ], [ 11.816011664014404, 46.985419321086887 ], [ 11.81634906994878, 46.984953839222712 ], [ 11.816080388573964, 46.984926164318203 ], [ 11.81771482526104, 46.984617333555939 ], [ 11.817170768588488, 46.98469930723514 ], [ 11.816548748765872, 46.984198391759215 ], [ 11.817896682523328, 46.983788030480426 ], [ 11.817325131643107, 46.983611615207501 ], [ 11.818123882578011, 46.983207526362776 ], [ 11.816410952534763, 46.983430297043341 ], [ 11.816373594201826, 46.983090238716969 ], [ 11.81588848665481, 46.983340292081458 ], [ 11.815959300896175, 46.982835788499685 ], [ 11.815416677621544, 46.982466122017129 ], [ 11.815664715404797, 46.9819952211027 ], [ 11.81446596816312, 46.982224730704417 ], [ 11.81399490268598, 46.983219248161099 ], [ 11.811462303023863, 46.985455004596162 ], [ 11.810977185362983, 46.986554623998359 ], [ 11.810713830459907, 46.98641632111341 ], [ 11.811071760965445, 46.986022736757747 ], [ 11.810462196434417, 46.986289159116758 ], [ 11.810456491425123, 46.986870294273032 ], [ 11.810229963149849, 46.98669108279033 ], [ 11.810030847453334, 46.986928371542312 ], [ 11.810866570005309, 46.989805200687869 ], [ 11.811899626047577, 46.990075077059579 ], [ 11.813911937862221, 46.989377938075258 ], [ 11.816504461184403, 46.989445588373385 ], [ 11.815984976786432, 46.989254550062547 ], [ 11.815951575553875, 46.989148697134802 ], [ 11.816810787999069, 46.989447571557662 ], [ 11.816327105370915, 46.988613700958474 ], [ 11.817428753949255, 46.989076139680428 ], [ 11.817987937441321, 46.989704321258444 ], [ 11.819549629558818, 46.989862052388688 ], [ 11.820841013848067, 46.990384548521739 ], [ 11.821649374214497, 46.990351281656288 ], [ 11.822461796558388, 46.989496895356446 ], [ 11.822982537480236, 46.989672679385258 ], [ 11.823663828239544, 46.990951301526088 ], [ 11.824586190348533, 46.991202365479737 ], [ 11.824736274975951, 46.990659904376344 ], [ 11.824078605645557, 46.990805672064532 ], [ 11.823823628421307, 46.99045765379428 ], [ 11.82461828526108, 46.989996125829528 ], [ 11.823645681755851, 46.990250600587011 ], [ 11.823243375686669, 46.989748109471464 ], [ 11.824470076534388, 46.989742623025556 ], [ 11.824109158166626, 46.989662239621182 ], [ 11.824559289626018, 46.989454684697925 ], [ 11.824349143202209, 46.989016386262811 ], [ 11.82402700214222, 46.989506517368135 ], [ 11.822907782294088, 46.989589143357215 ] ], [ [ 11.81743572863809, 46.987397205865612 ], [ 11.818158504347892, 46.987379405598588 ], [ 11.818598793609793, 46.986974711836879 ], [ 11.819180748118939, 46.987529698762572 ], [ 11.817790671231387, 46.987536644983322 ], [ 11.817571261324261, 46.987807214025509 ], [ 11.81743572863809, 46.987397205865612 ] ], [ [ 11.817205468652265, 46.98390519442583 ], [ 11.817103057727628, 46.98384342514742 ], [ 11.817297604545422, 46.983870780322597 ], [ 11.817205468652265, 46.98390519442583 ] ] ] } },
{ "type": "Feature", "properties": { "HOM_ID": 183, "NAME_D": "Trattenbachkees", "NAME_IT": "Vedretta di Dentro", "REGION": "Zillertaler Alpen", "ALT_MIN": 2867.0, "ALT_MAX": 3049.0, "ALT_MEDIAN": 2965.0, "area_km2": 0.0721333136 }, "geometry": { "type": "Polygon", "coordinates": [ [ [ 11.834993713089375, 46.992921841226725 ], [ 11.835573949231538, 46.992680778930549 ], [ 11.836480531514235, 46.990400994853772 ], [ 11.834588780245486, 46.990320248930011 ], [ 11.834883430518037, 46.99078536582001 ], [ 11.834509301851737, 46.990817493815491 ], [ 11.833673729127831, 46.990125756401099 ], [ 11.833937599128115, 46.990745935037744 ], [ 11.832298681782891, 46.990129324466196 ], [ 11.83217699799663, 46.990355210962811 ], [ 11.832621608794962, 46.990445163959322 ], [ 11.832233996935587, 46.990801452114795 ], [ 11.83295729763608, 46.99068639540608 ], [ 11.833346179629574, 46.990880590999971 ], [ 11.832595312467111, 46.991053479661083 ], [ 11.832783849966265, 46.991302164035943 ], [ 11.832530119470915, 46.991557988398945 ], [ 11.831928323115505, 46.991338582287909 ], [ 11.832282238792809, 46.990924077107678 ], [ 11.831880471284606, 46.990907353533046 ], [ 11.831867989548543, 46.991250544649105 ], [ 11.831476032717488, 46.991208812812836 ], [ 11.831735630578342, 46.991853866115321 ], [ 11.831360269076223, 46.991948669911814 ], [ 11.832265200229044, 46.992267251556918 ], [ 11.832771983044413, 46.992058499542289 ], [ 11.833631054892775, 46.99275755494736 ], [ 11.834993713089375, 46.992921841226725 ] ], [ [ 11.832140299923621, 46.992009576452119 ], [ 11.832268022429108, 46.991897835526764 ], [ 11.83229874309257, 46.991952316886852 ], [ 11.832140299923621, 46.992009576452119 ] ], [ [ 11.835655849040212, 46.991682483766319 ], [ 11.835629701080872, 46.991504070782469 ], [ 11.835721972124276, 46.991669415563237 ], [ 11.835655849040212, 46.991682483766319 ] ], [ [ 11.832064742563331, 46.991580937896615 ], [ 11.832045754393643, 46.991695702849995 ], [ 11.831959895878896, 46.991598772851148 ], [ 11.832064742563331, 46.991580937896615 ] ], [ [ 11.831905826131884, 46.991523914802322 ], [ 11.831861873795276, 46.991429757007637 ], [ 11.83195011033723, 46.99151900921791 ], [ 11.831905826131884, 46.991523914802322 ] ], [ [ 11.835359026989117, 46.991386960427285 ], [ 11.835330077395067, 46.991313386674889 ], [ 11.835417575722031, 46.991335981472595 ], [ 11.835359026989117, 46.991386960427285 ] ], [ [ 11.836079871288472, 46.991172889658451 ], [ 11.835833773979115, 46.99125709018081 ], [ 11.83604616513154, 46.991114672897623 ], [ 11.836079871288472, 46.991172889658451 ] ], [ [ 11.835126960881565, 46.99110506974985 ], [ 11.835264565953802, 46.991074991613615 ], [ 11.835283664139961, 46.991120235986486 ], [ 11.835126960881565, 46.99110506974985 ] ], [ [ 11.835613571364952, 46.991041578591037 ], [ 11.83555464330704, 46.990980177264639 ], [ 11.835618325881006, 46.991026221846219 ], [ 11.835613571364952, 46.991041578591037 ] ], [ [ 11.835005379404615, 46.990911877223617 ], [ 11.834853812516275, 46.990993734215969 ], [ 11.834787813890122, 46.990903934161082 ], [ 11.835005379404615, 46.990911877223617 ] ], [ [ 11.835336472024473, 46.990960820849807 ], [ 11.835453909369775, 46.990917906747278 ], [ 11.83545602400477, 46.990957858173218 ], [ 11.835336472024473, 46.990960820849807 ] ], [ [ 11.834692239679846, 46.990833915230787 ], [ 11.834657442451901, 46.99091287889577 ], [ 11.834614089863351, 46.99083013668799 ], [ 11.834692239679846, 46.990833915230787 ] ], [ [ 11.835362546762314, 46.990769683341732 ], [ 11.835225508165747, 46.990757840329877 ], [ 11.835239571887437, 46.990707964690891 ], [ 11.835362546762314, 46.990769683341732 ] ], [ [ 11.836302034770782, 46.990689250778978 ], [ 11.836170576794631, 46.990572500670304 ], [ 11.836233818274506, 46.990557598392684 ], [ 11.836302034770782, 46.990689250778978 ] ] ] } },
{ "type": "Feature", "properties": { "HOM_ID": 183, "NAME_D": "Trattenbachkees", "NAME_IT": "Vedretta di Dentro", "REGION": "Zillertaler Alpen", "ALT_MIN": 2927.0, "ALT_MAX": 2980.0, "ALT_MEDIAN": 2950.0, "area_km2": 0.0083192453 }, "geometry": { "type": "Polygon", "coordinates": [ [ [ 11.825377812421511, 46.992051838835373 ], [ 11.825937158399421, 46.991677998103519 ], [ 11.825859331540592, 46.991363706556214 ], [ 11.825186550111974, 46.991117443785143 ], [ 11.824323519308825, 46.991434010689147 ], [ 11.824282351858891, 46.99165922491666 ], [ 11.825377812421511, 46.992051838835373 ] ] ] } },
{ "type": "Feature", "properties": { "HOM_ID": 183, "NAME_D": "Trattenbachkees", "NAME_IT": "Vedretta di Dentro", "REGION": "Zillertaler Alpen", "ALT_MIN": 2920.0, "ALT_MAX": 2965.0, "ALT_MEDIAN": 2938.0, "area_km2": 0.0036687241 }, "geometry": { "type": "Polygon", "coordinates": [ [ [ 11.828174298223114, 46.99268985994766 ], [ 11.828204749924403, 46.992016553538626 ], [ 11.827970434263531, 46.991902336500274 ], [ 11.827466444753117, 46.992164333844649 ], [ 11.827525516015232, 46.992650529710701 ], [ 11.828174298223114, 46.99268985994766 ] ] ] } },
{ "type": "Feature", "properties": { "HOM_ID": 183, "NAME_D": "Trattenbachkees", "NAME_IT": "Vedretta di Dentro", "REGION": "Zillertaler Alpen", "ALT_MIN": 2892.0, "ALT_MAX": 2946.0, "ALT_MEDIAN": 2913.0, "area_km2": 0.0035793654 }, "geometry": { "type": "Polygon", "coordinates": [ [ [ 11.826427263796072, 46.992150006451183 ], [ 11.826371675509664, 46.991835165901442 ], [ 11.826695382171591, 46.992166241636802 ], [ 11.826936848980313, 46.991941212059103 ], [ 11.8271554161362, 46.992126301954208 ], [ 11.82705397183166, 46.991681156661137 ], [ 11.826186106846649, 46.991694977032722 ], [ 11.825980538979504, 46.992097389114861 ], [ 11.826427263796072, 46.992150006451183 ] ] ] } },
{ "type": "Feature", "properties": { "HOM_ID": 184, "NAME_D": "Mitterbachkees", "NAME_IT": "Vedretta del Rio di Mezzo", "REGION": "Zillertaler Alpen", "ALT_MIN": 2551.0, "ALT_MAX": 2824.0, "ALT_MEDIAN": 2657.0, "area_km2": 0.2579476959 }, "geometry": { "type": "Polygon", "coordinates": [ [ [ 11.843342518388278, 46.992850654560449 ], [ 11.842528116164237, 46.992062257663406 ], [ 11.843017328960741, 46.991287187571018 ], [ 11.843859345311476, 46.990945609215053 ], [ 11.843452526958629, 46.990833806145019 ], [ 11.843505882855391, 46.990422925499658 ], [ 11.842979464708769, 46.990365525414163 ], [ 11.84247900608138, 46.990587499535067 ], [ 11.841973251568087, 46.991678868331086 ], [ 11.840884809165427, 46.992145808024929 ], [ 11.840724578974857, 46.992549816603088 ], [ 11.840197858370979, 46.992297282343813 ], [ 11.839494557452348, 46.992894782839223 ], [ 11.840139098579369, 46.993473115431883 ], [ 11.839460494283893, 46.994327942639011 ], [ 11.840105163953707, 46.994672088144767 ], [ 11.841495390990412, 46.994637570797387 ], [ 11.841466784419417, 46.994754360808038 ], [ 11.841750263591418, 46.994931858550984 ], [ 11.842095736171311, 46.993987428641425 ], [ 11.842961667770478, 46.99480651897408 ], [ 11.843450209996597, 46.994635250019783 ], [ 11.844215056650864, 46.994866258440091 ], [ 11.844077626826751, 46.995212563205051 ], [ 11.843528906364957, 46.995314595874532 ], [ 11.843552104340514, 46.995751552361533 ], [ 11.844684249632985, 46.99683658835788 ], [ 11.845756181802439, 46.997033164101239 ], [ 11.846053192878795, 46.997382945470306 ], [ 11.848118297506355, 46.996121159913322 ], [ 11.847584834702669, 46.995618209275214 ], [ 11.848667326433825, 46.993472071037708 ], [ 11.847961106450162, 46.993280112126037 ], [ 11.847265702136253, 46.993618872251218 ], [ 11.846834237282325, 46.993489122160128 ], [ 11.847888297105637, 46.992565203850923 ], [ 11.847601541861733, 46.992408042757098 ], [ 11.847984967022425, 46.992158004632536 ], [ 11.847960056072552, 46.991427617248945 ], [ 11.845598216609034, 46.991381612506011 ], [ 11.844898176786598, 46.992615779177257 ], [ 11.844049840927621, 46.992958322194681 ], [ 11.843342518388278, 46.992850654560449 ] ], [ [ 11.8410573989137, 46.99268427738555 ], [ 11.840876451880147, 46.992422083492585 ], [ 11.841088980283891, 46.992334895271796 ], [ 11.8410573989137, 46.99268427738555 ] ] ] } },
{ "type": "Feature", "properties": { "HOM_ID": 185, "NAME_D": "Schwarzenbachkees", "NAME_IT": "Vedretta di Rio Nero", "REGION": "Zillertaler Alpen", "ALT_MIN": 2654.0, "ALT_MAX": 3152.0, "ALT_MEDIAN": 2860.0, "area_km2": 0.5291836445 }, "geometry": { "type": "Polygon", "coordinates": [ [ [ 11.868064820906952, 47.010929124661402 ], [ 11.869352282894924, 47.010386295097092 ], [ 11.869622872602191, 47.008512785820116 ], [ 11.870732363213282, 47.008713495728983 ], [ 11.871072453846882, 47.008013559811552 ], [ 11.872979428382235, 47.007158647673101 ], [ 11.873385866493708, 47.006318142473276 ], [ 11.872822409502705, 47.006015124158672 ], [ 11.872757762462728, 47.005211094326434 ], [ 11.870440115347659, 47.005338398659923 ], [ 11.872043145816491, 47.005840509792648 ], [ 11.871429262179435, 47.005882109713639 ], [ 11.872153735185824, 47.006331188278502 ], [ 11.871893855536454, 47.006692770248016 ], [ 11.870684020876746, 47.006324913869094 ], [ 11.870571976924168, 47.005777088346214 ], [ 11.869556116837302, 47.005576363303717 ], [ 11.869080957385595, 47.00515372215402 ], [ 11.870144764143969, 47.005356225725642 ], [ 11.870030122616853, 47.005165634794636 ], [ 11.86755048217162, 47.004361669764002 ], [ 11.866537745574144, 47.004381093421046 ], [ 11.867148548406192, 47.004249709568704 ], [ 11.866423962915315, 47.004124995857175 ], [ 11.866250133268903, 47.004697845794318 ], [ 11.866820383055101, 47.00510918680385 ], [ 11.866155260638452, 47.005363963245635 ], [ 11.866691170714059, 47.005621391099105 ], [ 11.866434606358034, 47.005949271453765 ], [ 11.866885703795417, 47.005679021462669 ], [ 11.866993554420741, 47.005905503014063 ], [ 11.86620189556845, 47.006478950467638 ], [ 11.865658829397791, 47.006331825937039 ], [ 11.866602585434887, 47.006811199735921 ], [ 11.867311401240556, 47.006722005300126 ], [ 11.867909547045814, 47.007653514033883 ], [ 11.867133357882645, 47.007622366760629 ], [ 11.866097041675054, 47.00693812420819 ], [ 11.866288629311915, 47.007247640778637 ], [ 11.865871672145067, 47.007183793136448 ], [ 11.864818025004599, 47.006384403824526 ], [ 11.865605927833649, 47.005996019370713 ], [ 11.864956900715795, 47.005397644810195 ], [ 11.864905809993981, 47.004757922391896 ], [ 11.864185871105645, 47.004874400637888 ], [ 11.863782464717156, 47.004438750457183 ], [ 11.865142055299568, 47.003970983096302 ], [ 11.864907793061066, 47.003691112892895 ], [ 11.865300733714996, 47.003213048209247 ], [ 11.864888292581439, 47.002779516204434 ], [ 11.866806394920026, 47.002855387499686 ], [ 11.866115673379783, 47.00238753678029 ], [ 11.865606363729805, 47.002626500663219 ], [ 11.865087659508779, 47.002446023907176 ], [ 11.864777498284713, 47.001284059063799 ], [ 11.861430809083707, 47.00106373368056 ], [ 11.861536148297304, 47.001563303052123 ], [ 11.861059146667742, 47.001612116301821 ], [ 11.860363733235685, 47.003541336469091 ], [ 11.859413459135267, 47.003789816896038 ], [ 11.858827553483193, 47.004511653503386 ], [ 11.859522770767169, 47.005241984388711 ], [ 11.859956474231469, 47.0065517418683 ], [ 11.861864571143766, 47.008235567605752 ], [ 11.864735019211484, 47.00898998777479 ], [ 11.866929710154757, 47.010794702992811 ], [ 11.868064820906952, 47.010929124661402 ] ], [ [ 11.867794774175792, 47.008231859531449 ], [ 11.867392879285394, 47.008332414114321 ], [ 11.867452727326153, 47.008149949001059 ], [ 11.867794774175792, 47.008231859531449 ] ], [ [ 11.867294319450293, 47.008442035147219 ], [ 11.866754309801596, 47.008043630782304 ], [ 11.866723087810241, 47.007720579306202 ], [ 11.867528720415343, 47.007878976513332 ], [ 11.867294319450293, 47.008442035147219 ] ], [ [ 11.870057478468189, 47.007345866243959 ], [ 11.87008679304553, 47.006999867392793 ], [ 11.870726196509029, 47.006995732183057 ], [ 11.869425860240781, 47.006543560308593 ], [ 11.869653463680427, 47.005977919987281 ], [ 11.871276501937405, 47.006871796512918 ], [ 11.870981691414, 47.007135165348778 ], [ 11.871871491813497, 47.007175340386809 ], [ 11.871340438259764, 47.007414875381656 ], [ 11.870057478468189, 47.007345866243959 ] ], [ [ 11.869172095293981, 47.005352345128159 ], [ 11.868455175796218, 47.005127444680106 ], [ 11.86805810479532, 47.00483023271493 ], [ 11.86866620103388, 47.004875707192241 ], [ 11.869172095293981, 47.005352345128159 ] ] ] } },
{ "type": "Feature", "properties": { "HOM_ID": 185, "NAME_D": "Schwarzenbachkees", "NAME_IT": "Vedretta di Rio Nero", "REGION": "Zillertaler Alpen", "ALT_MIN": 2829.0, "ALT_MAX": 3032.0, "ALT_MEDIAN": 2917.0, "area_km2": 0.0712843164 }, "geometry": { "type": "Polygon", "coordinates": [ [ [ 11.858711791764533, 47.003997709958092 ], [ 11.8588142972275, 47.003687982215631 ], [ 11.858171981468852, 47.003716184782881 ], [ 11.85817731348256, 47.003190076645012 ], [ 11.858550307687917, 47.003420033649633 ], [ 11.858861015492026, 47.003087495558674 ], [ 11.85807133347466, 47.003004359281832 ], [ 11.858481967178777, 47.002794086612134 ], [ 11.85807144116618, 47.002458601528389 ], [ 11.858199976996406, 47.00271669756421 ], [ 11.857712110983213, 47.002597286135014 ], [ 11.857767041912512, 47.002937668708071 ], [ 11.856953522233448, 47.002340019267542 ], [ 11.858274092456503, 47.002308302999502 ], [ 11.856733481369398, 47.001712538422069 ], [ 11.857366614645098, 47.00153899221862 ], [ 11.85731549930812, 47.001911725364231 ], [ 11.857679026886165, 47.001679772174434 ], [ 11.858116729380205, 47.001820279885351 ], [ 11.858031164406883, 47.001390956180636 ], [ 11.857409299649424, 47.001477921839495 ], [ 11.857683919432603, 47.001145324241392 ], [ 11.857114096695748, 47.001025334738941 ], [ 11.856874760016462, 47.001471344066665 ], [ 11.856281347156147, 47.001460431500753 ], [ 11.855561397008339, 47.001052591616101 ], [ 11.855675077810043, 47.000534541877535 ], [ 11.85459799268196, 47.000377396674892 ], [ 11.854467125054006, 46.999724421900268 ], [ 11.854947704612007, 46.999498003127833 ], [ 11.854535847700337, 46.999286833833452 ], [ 11.854815849815141, 46.999055069160931 ], [ 11.854391034529687, 46.999181867227882 ], [ 11.854555582980652, 46.998794660859758 ], [ 11.855057905278782, 46.998693010450275 ], [ 11.855833955902089, 46.999443840300628 ], [ 11.856425377468977, 46.999569564212017 ], [ 11.855978816638819, 46.998933442642958 ], [ 11.856562517071744, 46.999119498864772 ], [ 11.856772728744104, 46.998862190551691 ], [ 11.856644771463101, 46.998342488844266 ], [ 11.855280142878474, 46.99816432616381 ], [ 11.853791407779603, 46.998953733765838 ], [ 11.853519747946303, 46.999420543791629 ], [ 11.853750693655966, 47.000149125125851 ], [ 11.854787254404307, 47.001116738941988 ], [ 11.85494576803454, 47.002196610095275 ], [ 11.858711791764533, 47.003997709958092 ] ], [ [ 11.857395676073109, 47.00217044408268 ], [ 11.857166372942393, 47.002169753658293 ], [ 11.856983528503266, 47.002241455001787 ], [ 11.856840333470236, 47.002219116303493 ], [ 11.857181229305921, 47.00213055778859 ], [ 11.857395676073109, 47.00217044408268 ] ], [ [ 11.856320665976721, 47.001615187774043 ], [ 11.856598817590241, 47.001552449252465 ], [ 11.85658995750145, 47.001621246900498 ], [ 11.856320665976721, 47.001615187774043 ] ], [ [ 11.85549762398975, 47.000796403269355 ], [ 11.855466859387786, 47.00072859460623 ], [ 11.855533307223462, 47.000799799200742 ], [ 11.85549762398975, 47.000796403269355 ] ], [ [ 11.854217712687321, 46.999714155894033 ], [ 11.854268646964616, 46.999690264061755 ], [ 11.854275508712041, 46.999721047685306 ], [ 11.854217712687321, 46.999714155894033 ] ], [ [ 11.854423582666696, 46.999528053897585 ], [ 11.854370982026692, 46.999390070444711 ], [ 11.854556098740661, 46.999467600827842 ], [ 11.854423582666696, 46.999528053897585 ] ], [ [ 11.85540614433161, 46.998856472388866 ], [ 11.855131241069602, 46.998400440556118 ], [ 11.855712097397371, 46.998745971865141 ], [ 11.85540614433161, 46.998856472388866 ] ], [ [ 11.85654028288068, 46.998810846997124 ], [ 11.856585249934305, 46.998792580219117 ], [ 11.856579038977046, 46.998832738224827 ], [ 11.85654028288068, 46.998810846997124 ] ], [ [ 11.85599870253751, 46.998601492443633 ], [ 11.855738798378429, 46.998505115011 ], [ 11.85594990341052, 46.998391266413932 ], [ 11.85599870253751, 46.998601492443633 ] ], [ [ 11.855126060557833, 46.998564391986115 ], [ 11.855067624858327, 46.998617282508398 ], [ 11.855048000071575, 46.998562530356459 ], [ 11.855126060557833, 46.998564391986115 ] ], [ [ 11.855869134504085, 46.998364708925614 ], [ 11.85581202160947, 46.998311844758383 ], [ 11.855928654649162, 46.998306076213687 ], [ 11.855869134504085, 46.998364708925614 ] ] ] } },
{ "type": "Feature", "properties": { "HOM_ID": 186, "NAME_D": "Rotbachkees", "NAME_IT": "Vedretta di Rio Rosso", "REGION": "Zillertaler Alpen", "ALT_MIN": 2639.0, "ALT_MAX": 3170.0, "ALT_MEDIAN": 2818.0, "area_km2": 0.2371014944 }, "geometry": { "type": "Polygon", "coordinates": [ [ [ 11.879402107421388, 47.011751511705754 ], [ 11.879892775742233, 47.011489144021304 ], [ 11.879408777421782, 47.011551924080884 ], [ 11.879114107217402, 47.011174416548293 ], [ 11.879419038020025, 47.010852804322255 ], [ 11.880050328475603, 47.010697024285633 ], [ 11.880780603597971, 47.011006044986338 ], [ 11.881981693659355, 47.010263740460431 ], [ 11.882072711564977, 47.009885229402812 ], [ 11.881471116573554, 47.00963845701105 ], [ 11.881809375853436, 47.009249280851044 ], [ 11.881385936618772, 47.009065645058243 ], [ 11.881223278077909, 47.009376661400694 ], [ 11.880718701510224, 47.009319606372735 ], [ 11.881038229215859, 47.008814380777615 ], [ 11.880430186489516, 47.008343137704308 ], [ 11.881196363301841, 47.008026205160476 ], [ 11.881378159103816, 47.008428801393272 ], [ 11.881948662589643, 47.008421575954294 ], [ 11.881501891956422, 47.007413068891225 ], [ 11.880996511232262, 47.007418182609321 ], [ 11.881309971460499, 47.007335998157046 ], [ 11.881156827155184, 47.00697411238373 ], [ 11.881747852024528, 47.007244963619819 ], [ 11.881565916029892, 47.0070466736193 ], [ 11.88221201279061, 47.007098976565032 ], [ 11.882639135035964, 47.006808195697545 ], [ 11.883300550716507, 47.007313148850855 ], [ 11.882699561044433, 47.008564100851345 ], [ 11.882876400572156, 47.01010261891598 ], [ 11.883982098924324, 47.010078326374881 ], [ 11.883463021535873, 47.009844961910019 ], [ 11.884208688079111, 47.00992260332324 ], [ 11.884112569718779, 47.009689294081234 ], [ 11.884730534921255, 47.00991659145231 ], [ 11.884794339309718, 47.009647105206561 ], [ 11.884284896432273, 47.009495650245292 ], [ 11.884422692654436, 47.009145721284021 ], [ 11.886680741923129, 47.009285218363935 ], [ 11.885551268899999, 47.008674374036005 ], [ 11.887544240069177, 47.007384714895011 ], [ 11.88656227105556, 47.007088039725943 ], [ 11.886251266458343, 47.007420910240874 ], [ 11.885786486049577, 47.007129039516855 ], [ 11.885898195111583, 47.00677976657267 ], [ 11.885572451332708, 47.006708452353095 ], [ 11.886271708788701, 47.00603897994133 ], [ 11.884611146465607, 47.005833814219955 ], [ 11.884397678351256, 47.005505837452482 ], [ 11.882502234078158, 47.006020902669647 ], [ 11.88284852299889, 47.006149092651711 ], [ 11.882646955928815, 47.006623850038871 ], [ 11.881302799969466, 47.006116085814043 ], [ 11.881768944669817, 47.005905385240688 ], [ 11.880868999920651, 47.005935191100356 ], [ 11.880864210294378, 47.00650430138321 ], [ 11.880210689740711, 47.006768493559015 ], [ 11.88008907141827, 47.007469601560025 ], [ 11.879261616082333, 47.008218441073616 ], [ 11.876974310951169, 47.008825202352071 ], [ 11.875966369954293, 47.008724817514363 ], [ 11.876622047626046, 47.009188371851742 ], [ 11.877036447841716, 47.010292321765512 ], [ 11.877757281062889, 47.01070054902506 ], [ 11.878315804949585, 47.010623030062781 ], [ 11.878490809727285, 47.011313097267077 ], [ 11.879591227367751, 47.012511082640934 ], [ 11.879402107421388, 47.011751511705754 ] ], [ [ 11.880715132148705, 47.007848156544121 ], [ 11.880660799095121, 47.00769236913068 ], [ 11.88093115712417, 47.007748424771442 ], [ 11.880715132148705, 47.007848156544121 ] ], [ [ 11.881080768218679, 47.007113180598303 ], [ 11.88090418354437, 47.007091910750432 ], [ 11.880970953033783, 47.007013080992749 ], [ 11.881080768218679, 47.007113180598303 ] ], [ [ 11.88153085406632, 47.006921416377104 ], [ 11.881493975437941, 47.006874186793922 ], [ 11.881548511750513, 47.006878528044489 ], [ 11.88153085406632, 47.006921416377104 ] ], [ [ 11.881293439761187, 47.006836478299626 ], [ 11.881209093232391, 47.006886224275867 ], [ 11.880940719503053, 47.006685823404112 ], [ 11.881293439761187, 47.006836478299626 ] ], [ [ 11.881083634066657, 47.00685594657029 ], [ 11.881086821350253, 47.00693688467576 ], [ 11.881049801616481, 47.006848226419351 ], [ 11.881083634066657, 47.00685594657029 ] ] ] } },
{ "type": "Feature", "properties": { "HOM_ID": 186, "NAME_D": "Rotbachkees", "NAME_IT": "Vedretta di Rio Rosso", "REGION": "Zillertaler Alpen", "ALT_MIN": 2798.0, "ALT_MAX": 3004.0, "ALT_MEDIAN": 2922.0, "area_km2": 0.0333864075 }, "geometry": { "type": "Polygon", "coordinates": [ [ [ 11.878862086675888, 47.007342872246745 ], [ 11.880113802103102, 47.006121728105072 ], [ 11.879987204240406, 47.005815680631905 ], [ 11.881879877038108, 47.005475145326763 ], [ 11.881034322738529, 47.005038567190276 ], [ 11.879617714074218, 47.005179449646029 ], [ 11.879822526502089, 47.005666243034739 ], [ 11.879482223078401, 47.005746241646712 ], [ 11.879297205108735, 47.005309720450533 ], [ 11.878311084052525, 47.005401454226522 ], [ 11.878015062370491, 47.006066479941225 ], [ 11.877615596721556, 47.006086082067839 ], [ 11.877987360607047, 47.006702763803034 ], [ 11.878862086675888, 47.007342872246745 ] ] ] } },
{ "type": "Feature", "properties": { "HOM_ID": 186, "NAME_D": "Rotbachkees", "NAME_IT": "Vedretta di Rio Rosso", "REGION": "Zillertaler Alpen", "ALT_MIN": 3105.0, "ALT_MAX": 3207.0, "ALT_MEDIAN": 3159.0, "area_km2": 0.0075089515 }, "geometry": { "type": "Polygon", "coordinates": [ [ [ 11.879227109023393, 47.014362199779363 ], [ 11.879993392564689, 47.015545731595196 ], [ 11.879603642273114, 47.013129519559385 ], [ 11.879227109023393, 47.014362199779363 ] ] ] } },
{ "type": "Feature", "properties": { "HOM_ID": 187, "NAME_D": "Trippachkees", "NAME_IT": "Vedretta di Rio Torbo", "REGION": "Zillertaler Alpen", "ALT_MIN": 2456.0, "ALT_MAX": 3042.0, "ALT_MEDIAN": 2727.0, "area_km2": 0.8322120317 }, "geometry": { "type": "Polygon", "coordinates": [ [ [ 11.907378487330327, 47.024635748562758 ], [ 11.907643459299987, 47.024206126420943 ], [ 11.908917614611168, 47.023816570699331 ], [ 11.909859398187391, 47.024058966908292 ], [ 11.909679372984966, 47.023840062248667 ], [ 11.909984755280171, 47.023846582826721 ], [ 11.909180691124478, 47.023275556316172 ], [ 11.909932630948221, 47.022964985478048 ], [ 11.909662378825431, 47.02245181811444 ], [ 11.91070590964152, 47.021433773203491 ], [ 11.911357211843708, 47.021508770595965 ], [ 11.911332414316375, 47.019586266197457 ], [ 11.911816602778368, 47.019473117088303 ], [ 11.910841846156453, 47.019247291854775 ], [ 11.910553170854145, 47.018451809629433 ], [ 11.909780848797151, 47.018175001868165 ], [ 11.90989724754086, 47.017818443318475 ], [ 11.910740869646915, 47.017389811624668 ], [ 11.910724962534765, 47.017097336907248 ], [ 11.912227887367852, 47.016980515942706 ], [ 11.912080790961269, 47.016580657171687 ], [ 11.913173838353616, 47.016513544157398 ], [ 11.913008655958775, 47.015685543565702 ], [ 11.913512741799929, 47.01554412679706 ], [ 11.912149841504682, 47.015450242247205 ], [ 11.912098294346604, 47.014790789394624 ], [ 11.91090400443877, 47.015396223653198 ], [ 11.910392088823874, 47.01510565092088 ], [ 11.909727300866699, 47.015268998590734 ], [ 11.909669711556871, 47.014209667597903 ], [ 11.907700274791972, 47.014677623298496 ], [ 11.908818432514668, 47.014784926981363 ], [ 11.908698987024026, 47.01537372241085 ], [ 11.908041942075045, 47.015679731178217 ], [ 11.90686244920515, 47.015020364820494 ], [ 11.906125070438282, 47.015481986980014 ], [ 11.906350653959766, 47.016654918367834 ], [ 11.906724728264145, 47.016831766724351 ], [ 11.905670601753494, 47.018270076980407 ], [ 11.904979900397638, 47.017805290249328 ], [ 11.904411155669475, 47.018004887906464 ], [ 11.903984623221461, 47.01768997493069 ], [ 11.90403859847229, 47.016660445243957 ], [ 11.903802513161596, 47.016951683792513 ], [ 11.903576932705715, 47.016429285720506 ], [ 11.902633526313494, 47.015981758039345 ], [ 11.90126111050024, 47.016097524924227 ], [ 11.900985533227464, 47.015894972359874 ], [ 11.901237346067536, 47.016259554965558 ], [ 11.90062730614269, 47.016094544898479 ], [ 11.900519744194751, 47.016432045540462 ], [ 11.89973571232778, 47.016345733379758 ], [ 11.899541130648901, 47.016028246112839 ], [ 11.897942460872798, 47.015891128124963 ], [ 11.897362979114423, 47.015460517960364 ], [ 11.896806080554333, 47.015514621569459 ], [ 11.896262766033162, 47.015896975157489 ], [ 11.896525892942249, 47.016667516283121 ], [ 11.894926071915789, 47.016982310426478 ], [ 11.894116168458929, 47.01737997033932 ], [ 11.893779867440291, 47.017959947553237 ], [ 11.895161788326751, 47.018559323208486 ], [ 11.896559673395197, 47.019991328939575 ], [ 11.8982513484733, 47.020046713330586 ], [ 11.897728065077835, 47.020814534547071 ], [ 11.897992168136943, 47.021216447967852 ], [ 11.899151983158671, 47.021415654960137 ], [ 11.899610795856571, 47.020938279508023 ], [ 11.900513747879829, 47.020715378905855 ], [ 11.902089280451689, 47.021106889966774 ], [ 11.903401763403165, 47.021039305132263 ], [ 11.903830601643463, 47.022125661293614 ], [ 11.904201777613197, 47.022153372846532 ], [ 11.903783484227851, 47.022606879646212 ], [ 11.904383923515505, 47.022968811423794 ], [ 11.903811881284447, 47.023669096630798 ], [ 11.904343565114971, 47.024072776412332 ], [ 11.904202266828698, 47.024562840737453 ], [ 11.907378487330327, 47.024635748562758 ] ] ] } },
{ "type": "Feature", "properties": { "HOM_ID": 187, "NAME_D": "Trippachkees", "NAME_IT": "Vedretta di Rio Torbo", "REGION": "Zillertaler Alpen", "ALT_MIN": 2565.0, "ALT_MAX": 3089.0, "ALT_MEDIAN": 2882.0, "area_km2": 0.4437327091 }, "geometry": { "type": "Polygon", "coordinates": [ [ [ 11.88451905553376, 47.01657536110541 ], [ 11.888569106753888, 47.016321990356637 ], [ 11.88974873093243, 47.015267424494255 ], [ 11.890025729489174, 47.015457748560785 ], [ 11.889367289830401, 47.016021161471045 ], [ 11.889921728633846, 47.015988190008166 ], [ 11.891041540009226, 47.015434186111086 ], [ 11.890970475738618, 47.014493712216776 ], [ 11.890483598397591, 47.014558244381973 ], [ 11.891267423649621, 47.013963892039939 ], [ 11.890865015776345, 47.013750523019311 ], [ 11.891954408807196, 47.013734854105614 ], [ 11.892511695147233, 47.012742110536394 ], [ 11.893430240325335, 47.012782113981245 ], [ 11.893284812154356, 47.013214641178507 ], [ 11.893854600019086, 47.013420154270101 ], [ 11.894663025513443, 47.013133048463644 ], [ 11.895397377287757, 47.01376927256667 ], [ 11.895097815353859, 47.014144803370243 ], [ 11.896834675715672, 47.014858341459416 ], [ 11.897663002412264, 47.014706378712717 ], [ 11.898257118688408, 47.013881814285099 ], [ 11.899241377141831, 47.013691823229891 ], [ 11.899476713076126, 47.013951260823312 ], [ 11.900495398845312, 47.014041641142597 ], [ 11.898145759366123, 47.013328425508682 ], [ 11.899232449791224, 47.013095968319817 ], [ 11.898516530854751, 47.012893851886723 ], [ 11.899326117292956, 47.012656061340643 ], [ 11.898372316986286, 47.012802259356228 ], [ 11.898487236886616, 47.012513612714415 ], [ 11.897714998314537, 47.01215516768368 ], [ 11.898575115579716, 47.012207791391639 ], [ 11.898383908449656, 47.011891182217404 ], [ 11.899159364312577, 47.012067979914939 ], [ 11.898738155817625, 47.011522061547076 ], [ 11.898049134107007, 47.011735959485691 ], [ 11.897796930733945, 47.011498280445181 ], [ 11.897402757460441, 47.012014254030078 ], [ 11.895917654319939, 47.012394139315909 ], [ 11.895472160443473, 47.012042291354611 ], [ 11.89335315981398, 47.012025329000082 ], [ 11.894604320315835, 47.012007697470636 ], [ 11.895421975043829, 47.011516735314721 ], [ 11.894835821147607, 47.011219043310625 ], [ 11.893601927799073, 47.011274048734343 ], [ 11.893887721786442, 47.010315653624282 ], [ 11.893478862976433, 47.009517776358955 ], [ 11.892601291613431, 47.009119363025583 ], [ 11.89297139188278, 47.009021980425203 ], [ 11.89279958186429, 47.00833877178323 ], [ 11.892011554729082, 47.008894448175539 ], [ 11.890126873467482, 47.009287333670422 ], [ 11.889012882544071, 47.01121407408403 ], [ 11.888237572517644, 47.011667995161609 ], [ 11.887539572063547, 47.01131435452929 ], [ 11.887293953426799, 47.0122058806271 ], [ 11.886323486572554, 47.012395308337474 ], [ 11.886739725553314, 47.012911442441045 ], [ 11.887325152474707, 47.013007811546146 ], [ 11.887529600798466, 47.013519471253375 ], [ 11.885336288371237, 47.013128998841999 ], [ 11.885054801490583, 47.013428975897142 ], [ 11.885343622923108, 47.013901751544417 ], [ 11.883696844669903, 47.014146696009071 ], [ 11.883583688287169, 47.015851200071779 ], [ 11.882836298326044, 47.016527051982337 ], [ 11.883795590468633, 47.016203233649918 ], [ 11.88451905553376, 47.01657536110541 ] ], [ [ 11.889753305829847, 47.015083465541338 ], [ 11.889537339973499, 47.014436489382376 ], [ 11.890220363563271, 47.014126359157849 ], [ 11.890343847211804, 47.014994734314932 ], [ 11.889753305829847, 47.015083465541338 ] ], [ [ 11.890421743426687, 47.014180800468829 ], [ 11.890435018725622, 47.014104268730648 ], [ 11.890499268159422, 47.01413360046088 ], [ 11.890421743426687, 47.014180800468829 ] ], [ [ 11.892757637533474, 47.012065754642279 ], [ 11.89266210730916, 47.011972924987603 ], [ 11.892777468701668, 47.012046204834583 ], [ 11.892757637533474, 47.012065754642279 ] ], [ [ 11.892551243544331, 47.011982870670074 ], [ 11.892006550295958, 47.011244201381558 ], [ 11.893757131265819, 47.011428529912358 ], [ 11.893842081631423, 47.01177640777626 ], [ 11.893056652023589, 47.011736741661132 ], [ 11.893207318587713, 47.01156149069805 ], [ 11.892551243544331, 47.011982870670074 ] ], [ [ 11.897650536228451, 47.011986090572755 ], [ 11.897778677991768, 47.011935222404965 ], [ 11.897793923676312, 47.011959600331913 ], [ 11.897650536228451, 47.011986090572755 ] ], [ [ 11.897198653019096, 47.012658482625916 ], [ 11.897219767641522, 47.012791291498637 ], [ 11.897083537505264, 47.012782835451674 ], [ 11.897198653019096, 47.012658482625916 ] ], [ [ 11.896056244510953, 47.012761219160843 ], [ 11.896698438931422, 47.012887831306692 ], [ 11.896148941023387, 47.013026750526443 ], [ 11.896056244510953, 47.012761219160843 ] ], [ [ 11.895576429654536, 47.013062075305058 ], [ 11.895887224910423, 47.013176243388429 ], [ 11.895717254059091, 47.013251979020872 ], [ 11.895576429654536, 47.013062075305058 ] ], [ [ 11.89512719499182, 47.013284768588662 ], [ 11.895463596769135, 47.013148270953316 ], [ 11.895528778375063, 47.013226984654551 ], [ 11.89512719499182, 47.013284768588662 ] ], [ [ 11.898475904861169, 47.013088508909824 ], [ 11.89844345613542, 47.012990751714447 ], [ 11.898483862297653, 47.013004014911331 ], [ 11.898475904861169, 47.013088508909824 ] ], [ [ 11.897999690764239, 47.012934844944482 ], [ 11.898029359274936, 47.0127112189138 ], [ 11.898178464206005, 47.012957461224318 ], [ 11.897999690764239, 47.012934844944482 ] ] ] } },
{ "type": "Feature", "properties": { "HOM_ID": 187, "NAME_D": "Trippachkees", "NAME_IT": "Vedretta di Rio Torbo", "REGION": "Zillertaler Alpen", "ALT_MIN": 2782.0, "ALT_MAX": 3163.0, "ALT_MEDIAN": 2988.0, "area_km2": 0.2581810685 }, "geometry": { "type": "Polygon", "coordinates": [ [ [ 11.911717885144833, 47.028226736386223 ], [ 11.913864973398347, 47.028134933134929 ], [ 11.914767342703218, 47.02736332259061 ], [ 11.917034643105479, 47.02441103759584 ], [ 11.918508714233855, 47.023627677660606 ], [ 11.918557873801678, 47.0224606203221 ], [ 11.919454253464462, 47.021471221148076 ], [ 11.919042827235685, 47.021121243161637 ], [ 11.919598609185561, 47.021033247614632 ], [ 11.919372189527868, 47.020648519304046 ], [ 11.919780504860842, 47.020538092151483 ], [ 11.918672822048316, 47.020402054610578 ], [ 11.918378783467201, 47.020647906815263 ], [ 11.91885007543728, 47.020938765630767 ], [ 11.918333731117283, 47.021391226757352 ], [ 11.917441274577342, 47.021063273706453 ], [ 11.916702437649723, 47.021076395344686 ], [ 11.91704819349949, 47.021670483848709 ], [ 11.917497607507036, 47.021713315192095 ], [ 11.917316122149437, 47.021986534874223 ], [ 11.917890587609149, 47.022100467443693 ], [ 11.917504381125443, 47.022084173838735 ], [ 11.917759273551292, 47.022220967649304 ], [ 11.917451805321772, 47.022405964736002 ], [ 11.917392540439755, 47.022877998909074 ], [ 11.915815564924007, 47.022513392751321 ], [ 11.91713403411357, 47.023168409267683 ], [ 11.916883711638803, 47.023711975363035 ], [ 11.916233087047534, 47.023734274443434 ], [ 11.916668938190904, 47.023834601849479 ], [ 11.916584111930296, 47.0238881964871 ], [ 11.915196300724032, 47.023417811022931 ], [ 11.914486041992477, 47.023495909230583 ], [ 11.915771968983368, 47.023860320220308 ], [ 11.915515825862949, 47.024144010553854 ], [ 11.916006909518975, 47.024414375232368 ], [ 11.915280775672811, 47.024661467666029 ], [ 11.915484685358813, 47.024817783254576 ], [ 11.914117778727102, 47.024413929195156 ], [ 11.912691381427177, 47.02354160835862 ], [ 11.912536122963287, 47.023759862029436 ], [ 11.913240328656274, 47.024107676644597 ], [ 11.91324874038262, 47.024338908992164 ], [ 11.911227007618953, 47.02327599584634 ], [ 11.911052589538027, 47.023526166757662 ], [ 11.911496618869947, 47.023838891969852 ], [ 11.910948503242262, 47.023840267233382 ], [ 11.910826932036107, 47.024410139160821 ], [ 11.910106822357555, 47.024416313192106 ], [ 11.910144586999671, 47.024822525898458 ], [ 11.909316687131254, 47.0252543245224 ], [ 11.908784653990422, 47.025267850983511 ], [ 11.908282834721339, 47.024684134079955 ], [ 11.907851457841772, 47.024901947543626 ], [ 11.908885584949354, 47.025861450221861 ], [ 11.90902813739682, 47.026869330397851 ], [ 11.910472100158806, 47.027372650638327 ], [ 11.910554930880727, 47.027973446667332 ], [ 11.911717885144833, 47.028226736386223 ] ], [ [ 11.912447069194879, 47.02419644742659 ], [ 11.911853240551293, 47.023957256711114 ], [ 11.911728330592164, 47.023811853076765 ], [ 11.912447069194879, 47.02419644742659 ] ], [ [ 11.916777173927139, 47.024294735020497 ], [ 11.916819184785263, 47.02422223023197 ], [ 11.916801899020218, 47.024288390022768 ], [ 11.916777173927139, 47.024294735020497 ] ], [ [ 11.915886441917245, 47.024051703109173 ], [ 11.915841449571072, 47.023992845255499 ], [ 11.915979175323315, 47.0240664839746 ], [ 11.915886441917245, 47.024051703109173 ] ], [ [ 11.91505297422535, 47.02355575824172 ], [ 11.915074123703192, 47.02348378557236 ], [ 11.915204899660965, 47.023583318466223 ], [ 11.91505297422535, 47.02355575824172 ] ], [ [ 11.91759997383007, 47.022602201494436 ], [ 11.917563948381192, 47.022554545076297 ], [ 11.917626692385271, 47.022555802516564 ], [ 11.91759997383007, 47.022602201494436 ] ], [ [ 11.917245539939451, 47.021542586194506 ], [ 11.917385537544105, 47.02150472845728 ], [ 11.917369186611584, 47.021588008657027 ], [ 11.917245539939451, 47.021542586194506 ] ], [ [ 11.917413261014143, 47.021246858720204 ], [ 11.917470897592693, 47.021231102336969 ], [ 11.917439073624164, 47.02126048733421 ], [ 11.917413261014143, 47.021246858720204 ] ], [ [ 11.917235373167392, 47.021202819252778 ], [ 11.917211555285276, 47.02114913676369 ], [ 11.917271525233257, 47.021176181316953 ], [ 11.917235373167392, 47.021202819252778 ] ], [ [ 11.919056061371558, 47.021044709086688 ], [ 11.919129054640836, 47.0209785568114 ], [ 11.919162682136117, 47.021020559214598 ], [ 11.919056061371558, 47.021044709086688 ] ] ] } },
{ "type": "Feature", "properties": { "HOM_ID": 186, "NAME_D": "Trippachkees", "NAME_IT": "Vedretta di Rio Torbo", "REGION": "Zillertaler Alpen", "ALT_MIN": 3018.0, "ALT_MAX": 3186.0, "ALT_MEDIAN": 3105.0, "area_km2": 0.0411558829 }, "geometry": { "type": "Polygon", "coordinates": [ [ [ 11.882170432847817, 47.01652567368285 ], [ 11.882045450138104, 47.015632675636603 ], [ 11.882452805106565, 47.015304184611573 ], [ 11.881920680633293, 47.015055664440467 ], [ 11.881628678042798, 47.015373390130691 ], [ 11.881902715396011, 47.014902167351146 ], [ 11.88357087598682, 47.013537102367046 ], [ 11.88478091744177, 47.013470884288367 ], [ 11.884054123440301, 47.012697717808045 ], [ 11.881971059219818, 47.012900841589698 ], [ 11.881286174028576, 47.014457311851764 ], [ 11.88072251697807, 47.014592942195847 ], [ 11.881185521828026, 47.014721770565721 ], [ 11.880906955938684, 47.014850222618819 ], [ 11.881067648458746, 47.016477251355909 ], [ 11.882170432847817, 47.01652567368285 ] ], [ [ 11.882410495410609, 47.014124209492039 ], [ 11.882276918247634, 47.013859746542792 ], [ 11.882544261353683, 47.01376366977361 ], [ 11.882488526371274, 47.013698402638482 ], [ 11.882777568631532, 47.013391563958521 ], [ 11.882590777386328, 47.013657728029642 ], [ 11.882628157464046, 47.013963952064131 ], [ 11.882739173922287, 47.01364826474564 ], [ 11.883010211728587, 47.013600004608023 ], [ 11.882776995768685, 47.014012587589001 ], [ 11.882410495410609, 47.014124209492039 ] ], [ [ 11.883984973692808, 47.013429723528347 ], [ 11.884075895582644, 47.013372666000592 ], [ 11.884102922971516, 47.013421988851974 ], [ 11.883984973692808, 47.013429723528347 ] ], [ [ 11.882700023503178, 47.013035881594902 ], [ 11.882013954363428, 47.013936564072104 ], [ 11.882104915625716, 47.013046110759241 ], [ 11.882700023503178, 47.013035881594902 ] ] ] } },
{ "type": "Feature", "properties": { "HOM_ID": 190, "NAME_D": "Frankbachkees", "NAME_IT": "Vedretta di Rio Franco", "REGION": "Zillertaler Alpen", "ALT_MIN": 2619.0, "ALT_MAX": 3164.0, "ALT_MEDIAN": 2900.0, "area_km2": 0.4477763777 }, "geometry": { "type": "Polygon", "coordinates": [ [ [ 11.930442596011396, 47.036416795294407 ], [ 11.9312965384651, 47.036237767727357 ], [ 11.930939099660407, 47.035731806040786 ], [ 11.93119560413496, 47.035582366868496 ], [ 11.930655747970379, 47.035440501493646 ], [ 11.931095542674317, 47.035229220807409 ], [ 11.930440958413882, 47.034724043707719 ], [ 11.930942953412515, 47.034783572108068 ], [ 11.931311724217744, 47.034547441489295 ], [ 11.929699373121672, 47.034186801367383 ], [ 11.930255157234441, 47.034923102026404 ], [ 11.928292770743887, 47.034754339150275 ], [ 11.927752512118218, 47.034940924581143 ], [ 11.927334902924821, 47.034488717348005 ], [ 11.926699410137779, 47.034461081222013 ], [ 11.927155386189964, 47.034110423808293 ], [ 11.927663018395194, 47.034180169147369 ], [ 11.927400635870663, 47.034466954986243 ], [ 11.929121161879788, 47.034324702028421 ], [ 11.929355635747294, 47.033033780787505 ], [ 11.930156397558491, 47.032965654547482 ], [ 11.929260709667206, 47.032826671167577 ], [ 11.92895597985415, 47.032222521479653 ], [ 11.929853692326343, 47.031889991178915 ], [ 11.928797003132184, 47.031805388179166 ], [ 11.928690213652306, 47.031288073360066 ], [ 11.92907484651297, 47.030998444726322 ], [ 11.930466140333568, 47.03160274983852 ], [ 11.929177712381767, 47.030969023386128 ], [ 11.929492903173553, 47.030603783966981 ], [ 11.928629848555735, 47.030889597034736 ], [ 11.927976391722204, 47.030574143909377 ], [ 11.928360907417408, 47.030361906785551 ], [ 11.927864650605979, 47.030282337642156 ], [ 11.929639234014253, 47.029221956657274 ], [ 11.928968065058145, 47.029286762221759 ], [ 11.928704762252773, 47.029725082162052 ], [ 11.927820493309033, 47.029634608853883 ], [ 11.927811771931117, 47.02987294543923 ], [ 11.927068645003455, 47.029975297515314 ], [ 11.926440705503101, 47.029886591310714 ], [ 11.925922221147507, 47.029289090005435 ], [ 11.924845707585634, 47.029663068265421 ], [ 11.926228394642468, 47.029920594718803 ], [ 11.925573375698539, 47.030169504594156 ], [ 11.924346445095043, 47.029990139118333 ], [ 11.923723798369304, 47.029592098216021 ], [ 11.924506859487321, 47.029086335560272 ], [ 11.924454234665024, 47.028901070659479 ], [ 11.924189471527031, 47.028739967160519 ], [ 11.924321179378859, 47.028976787096603 ], [ 11.923567604046651, 47.029410360371223 ], [ 11.92374085140694, 47.029063051212688 ], [ 11.923104208182137, 47.029036456935692 ], [ 11.922827014269169, 47.029546433091227 ], [ 11.923450357389727, 47.029864818763201 ], [ 11.92236501696088, 47.030129955267455 ], [ 11.921643460912945, 47.029978210449549 ], [ 11.920743823922232, 47.030579701678619 ], [ 11.919584698748855, 47.030788313287374 ], [ 11.919252710856698, 47.030639629434305 ], [ 11.920174503576863, 47.030205362904304 ], [ 11.918910994467073, 47.029937848338648 ], [ 11.918543858024861, 47.02941288767444 ], [ 11.919313282647934, 47.029452280173359 ], [ 11.919422059563557, 47.028727648461484 ], [ 11.917697669240228, 47.028476967200021 ], [ 11.916054714454001, 47.029133467833162 ], [ 11.916485563550577, 47.02983111184119 ], [ 11.91626759078439, 47.031045329913283 ], [ 11.917127898951188, 47.031034829494253 ], [ 11.917903760625558, 47.031697954613783 ], [ 11.91843177361695, 47.031724491360862 ], [ 11.918271560271158, 47.032311479083518 ], [ 11.92005984258409, 47.033437371933005 ], [ 11.923632224450261, 47.033880474760579 ], [ 11.927504418251607, 47.035218721659163 ], [ 11.928082644695531, 47.034963009658917 ], [ 11.927698707560717, 47.035380484054272 ], [ 11.92796645089487, 47.035588887509142 ], [ 11.930050428123534, 47.036124435070292 ], [ 11.930097190618087, 47.035706539387803 ], [ 11.930661500354267, 47.036280226691126 ], [ 11.930442596011396, 47.036416795294407 ] ], [ [ 11.919648245742644, 47.030189865195716 ], [ 11.918889460105889, 47.0302449416169 ], [ 11.918808554518192, 47.030038656366386 ], [ 11.919648245742644, 47.030189865195716 ] ], [ [ 11.919182881033118, 47.029290339656207 ], [ 11.919151122220766, 47.029186975777314 ], [ 11.919250486450148, 47.029252898394375 ], [ 11.919182881033118, 47.029290339656207 ] ], [ [ 11.927901795517483, 47.030483783187627 ], [ 11.927749604378951, 47.030407314290748 ], [ 11.927800791872956, 47.030388146736108 ], [ 11.927901795517483, 47.030483783187627 ] ], [ [ 11.927449687487091, 47.030176874609026 ], [ 11.927621038318478, 47.029967118309571 ], [ 11.92818110207798, 47.029860518259326 ], [ 11.927879553679722, 47.030156947294728 ], [ 11.927449687487091, 47.030176874609026 ] ], [ [ 11.923157942516131, 47.029587126614381 ], [ 11.923234406750357, 47.029505233842201 ], [ 11.923221310296721, 47.029594731345924 ], [ 11.923157942516131, 47.029587126614381 ] ], [ [ 11.923439492170262, 47.029555336793528 ], [ 11.92354709376284, 47.029549512403534 ], [ 11.923462782986222, 47.029570114725793 ], [ 11.923439492170262, 47.029555336793528 ] ], [ [ 11.923395052678989, 47.02948268139648 ], [ 11.923449903565178, 47.029416713693564 ], [ 11.923481336341938, 47.029415910585449 ], [ 11.923395052678989, 47.02948268139648 ] ] ] } },
{ "type": "Feature", "properties": { "HOM_ID": 190, "NAME_D": "Frankbachkees", "NAME_IT": "Vedretta di Rio Franco", "REGION": "Zillertaler Alpen", "ALT_MIN": 2611.0, "ALT_MAX": 3005.0, "ALT_MEDIAN": 2824.0, "area_km2": 0.2526797375 }, "geometry": { "type": "Polygon", "coordinates": [ [ [ 11.938099655985331, 47.036763954481962 ], [ 11.940263155326694, 47.036624921383179 ], [ 11.94262703326115, 47.034958913228643 ], [ 11.943824563453468, 47.034999543446077 ], [ 11.945460522901206, 47.0338945030594 ], [ 11.945472124299666, 47.033042711518704 ], [ 11.94453990773601, 47.032506661719061 ], [ 11.942781095923563, 47.032293830046591 ], [ 11.941219110494732, 47.031723231567234 ], [ 11.940469955267847, 47.031908416371166 ], [ 11.940272867640498, 47.031558600264063 ], [ 11.938743266466481, 47.031291325855527 ], [ 11.938613653543094, 47.031705400195392 ], [ 11.939320707137137, 47.032214065199256 ], [ 11.942394764989013, 47.03263613660468 ], [ 11.941567924045691, 47.032897747987882 ], [ 11.942169822545571, 47.032953373528677 ], [ 11.94221147150672, 47.033406622955233 ], [ 11.942979023953727, 47.033532608744942 ], [ 11.943031554392444, 47.033961576202771 ], [ 11.942238762430263, 47.03403530245847 ], [ 11.942317347744057, 47.033583914689132 ], [ 11.940965638888722, 47.033455353595535 ], [ 11.939186191419202, 47.034175856123788 ], [ 11.937458893120596, 47.033834325968776 ], [ 11.938073779685643, 47.034186423820401 ], [ 11.93818083307333, 47.034970305788818 ], [ 11.936219639246683, 47.035498009227979 ], [ 11.936520884561746, 47.03590995303486 ], [ 11.936017196083798, 47.035983060232951 ], [ 11.933772929611472, 47.034662897517443 ], [ 11.933860271942903, 47.034038225701366 ], [ 11.933687770449311, 47.032861606764897 ], [ 11.932486863540539, 47.034710631336011 ], [ 11.931993157968536, 47.034878525275296 ], [ 11.932274550152119, 47.035373914232991 ], [ 11.932119853343682, 47.035770743321521 ], [ 11.931493384094518, 47.035858228913519 ], [ 11.931953066686942, 47.036063729447356 ], [ 11.931702697884118, 47.036340998181672 ], [ 11.933956872669063, 47.036906858293605 ], [ 11.934863053833725, 47.036600859861331 ], [ 11.938099655985331, 47.036763954481962 ] ], [ [ 11.935494093282037, 47.036596577867435 ], [ 11.93575086427, 47.036515579291176 ], [ 11.936179691867945, 47.036555175005923 ], [ 11.935908736601649, 47.036615703668474 ], [ 11.935494093282037, 47.036596577867435 ] ], [ [ 11.934980705498159, 47.036523431252434 ], [ 11.934626438454483, 47.03649382427686 ], [ 11.934656651246693, 47.036409710096137 ], [ 11.93477093433877, 47.036350226775689 ], [ 11.934980705498159, 47.036523431252434 ] ], [ [ 11.935344949970609, 47.03604470694895 ], [ 11.935973071527512, 47.036066690293403 ], [ 11.936046592075094, 47.036200527617083 ], [ 11.935710534582102, 47.036232962136118 ], [ 11.935344949970609, 47.03604470694895 ] ], [ [ 11.933649471578244, 47.034131732456608 ], [ 11.933760197643707, 47.034055078401153 ], [ 11.933695466201888, 47.034144839963808 ], [ 11.933649471578244, 47.034131732456608 ] ], [ [ 11.938254749594501, 47.034342503196527 ], [ 11.938385681787063, 47.034253420268534 ], [ 11.93838477551671, 47.034332020329423 ], [ 11.938254749594501, 47.034342503196527 ] ], [ [ 11.938450756450921, 47.034201744964371 ], [ 11.938410712520319, 47.034138482403236 ], [ 11.938513749200126, 47.034207270172139 ], [ 11.938450756450921, 47.034201744964371 ] ], [ [ 11.94130774552282, 47.033844175031724 ], [ 11.940692251903819, 47.034051437971719 ], [ 11.940568554526324, 47.033910606321086 ], [ 11.94130774552282, 47.033844175031724 ] ], [ [ 11.941595987942913, 47.033613891446429 ], [ 11.941134692244356, 47.033737186560458 ], [ 11.941137139677211, 47.033705692747731 ], [ 11.941595987942913, 47.033613891446429 ] ], [ [ 11.940091427060679, 47.03197996130605 ], [ 11.940552220472972, 47.031968120101084 ], [ 11.94059444808048, 47.032023587104234 ], [ 11.940453509066376, 47.032152218191769 ], [ 11.940091427060679, 47.03197996130605 ] ], [ [ 11.939724409694628, 47.031876287809013 ], [ 11.939872837015873, 47.031646266243207 ], [ 11.940050541872688, 47.031790521208059 ], [ 11.939724409694628, 47.031876287809013 ] ] ] } },
{ "type": "Feature", "properties": { "HOM_ID": 188, "NAME_D": "Frankbachkees", "NAME_IT": "Vedretta di Rio Franco", "REGION": "Zillertaler Alpen", "ALT_MIN": 2494.0, "ALT_MAX": 2696.0, "ALT_MEDIAN": 2589.0, "area_km2": 0.0782072112 }, "geometry": { "type": "Polygon", "coordinates": [ [ [ 11.922436903162765, 47.023916424437409 ], [ 11.924122838163058, 47.023067527131076 ], [ 11.924436814015566, 47.022543273416922 ], [ 11.926201512977235, 47.022274864508034 ], [ 11.926336418082917, 47.021430873609262 ], [ 11.927556005532795, 47.020989687333916 ], [ 11.923266204385115, 47.020653057225566 ], [ 11.922951558022609, 47.021624026480836 ], [ 11.921552789869962, 47.021679318607717 ], [ 11.92176444158491, 47.022074378618242 ], [ 11.921345427517354, 47.023077365602028 ], [ 11.921914319566953, 47.023127130246188 ], [ 11.922436903162765, 47.023916424437409 ] ], [ [ 11.922186326973783, 47.021883395135291 ], [ 11.922442474725434, 47.021951263053879 ], [ 11.922250909093282, 47.02195020257826 ], [ 11.922186326973783, 47.021883395135291 ] ] ] } },
{ "type": "Feature", "properties": { "HOM_ID": 189, "NAME_D": "Frankbachkees", "NAME_IT": "Vedretta di Rio Franco", "REGION": "Zillertaler Alpen", "ALT_MIN": 2755.0, "ALT_MAX": 3231.0, "ALT_MEDIAN": 2979.0, "area_km2": 0.0743922945 }, "geometry": { "type": "Polygon", "coordinates": [ [ [ 11.915955002841498, 47.028780320375894 ], [ 11.91661001468005, 47.028119284472119 ], [ 11.915938134062518, 47.028059260277772 ], [ 11.91607029354882, 47.02764728991977 ], [ 11.917404882021216, 47.027152115355051 ], [ 11.917885364143917, 47.025912319272216 ], [ 11.918598917629041, 47.02589412043136 ], [ 11.919019465661931, 47.026326283180182 ], [ 11.92000239131935, 47.026266914094052 ], [ 11.920395009292031, 47.026034020242363 ], [ 11.920230114071829, 47.025692488076587 ], [ 11.920805116846683, 47.02523084834916 ], [ 11.920597663578876, 47.024926394015843 ], [ 11.921667692731871, 47.024547133890565 ], [ 11.920224277974814, 47.024113242760166 ], [ 11.919874422701502, 47.024764351507251 ], [ 11.917382319807801, 47.025116513640548 ], [ 11.917195757839215, 47.025909901641434 ], [ 11.916731491927488, 47.026361769719621 ], [ 11.915403997814206, 47.026692767104244 ], [ 11.914683049017002, 47.027802645660643 ], [ 11.914769708119973, 47.028626213794148 ], [ 11.915176414049645, 47.028344404220505 ], [ 11.915017367010318, 47.028799918750245 ], [ 11.915955002841498, 47.028780320375894 ] ], [ [ 11.917924757991987, 47.025868453464426 ], [ 11.918074950265916, 47.025787474654003 ], [ 11.918140966342486, 47.025848652801493 ], [ 11.917924757991987, 47.025868453464426 ] ], [ [ 11.920124268906639, 47.025743764419204 ], [ 11.919849019758827, 47.025753646077874 ], [ 11.920092240778935, 47.025679341439023 ], [ 11.920124268906639, 47.025743764419204 ] ], [ [ 11.91860807744316, 47.025602435808729 ], [ 11.918656840038519, 47.025806921442332 ], [ 11.918341430800513, 47.025686511595332 ], [ 11.91860807744316, 47.025602435808729 ] ], [ [ 11.919892556182662, 47.026015412537525 ], [ 11.92021183876267, 47.025970118729852 ], [ 11.920099236879985, 47.026127289580799 ], [ 11.919892556182662, 47.026015412537525 ] ] ] } },
{ "type": "Feature", "properties": { "HOM_ID": 192, "NAME_D": "Frankbachkees", "NAME_IT": "Vedretta di Rio Franco", "REGION": "Zillertaler Alpen", "ALT_MIN": 2593.0, "ALT_MAX": 2792.0, "ALT_MEDIAN": 2652.0, "area_km2": 0.0287595955 }, "geometry": { "type": "Polygon", "coordinates": [ [ [ 11.944338363494596, 47.02984130982766 ], [ 11.944464854862074, 47.029558032913314 ], [ 11.945776569657038, 47.029435691820161 ], [ 11.94534161050853, 47.029315450738999 ], [ 11.945697201014736, 47.029037823040262 ], [ 11.946790836337962, 47.028977517908721 ], [ 11.946930602271312, 47.028859623049307 ], [ 11.942153332947891, 47.028521814149101 ], [ 11.942976677309813, 47.02973918760226 ], [ 11.944338363494596, 47.02984130982766 ] ] ] } },
{ "type": "Feature", "properties": { "HOM_ID": 191, "NAME_D": "Frankbachkees", "NAME_IT": "Vedretta di Rio Franco", "REGION": "Zillertaler Alpen", "ALT_MIN": 2913.0, "ALT_MAX": 3065.0, "ALT_MEDIAN": 3007.0, "area_km2": 0.0147090451 }, "geometry": { "type": "Polygon", "coordinates": [ [ [ 11.945637821901702, 47.033037314693864 ], [ 11.947110820152002, 47.033049716243333 ], [ 11.94721453820647, 47.031859213358203 ], [ 11.947017610063771, 47.031625209918666 ], [ 11.946560459236416, 47.03234666165428 ], [ 11.946409496109073, 47.031610671143021 ], [ 11.946820809663976, 47.031527097831791 ], [ 11.945940219980221, 47.030975991056387 ], [ 11.945826771529266, 47.031522495434601 ], [ 11.946498516030534, 47.032491703284037 ], [ 11.945637821901702, 47.033037314693864 ] ], [ [ 11.94634876934926, 47.032045088840071 ], [ 11.946467845215194, 47.032001757675559 ], [ 11.946448284099567, 47.032047559720183 ], [ 11.94634876934926, 47.032045088840071 ] ], [ [ 11.946304984057448, 47.031651111863191 ], [ 11.946300277727717, 47.031565668946818 ], [ 11.946364837065646, 47.031601755143512 ], [ 11.946304984057448, 47.031651111863191 ] ], [ [ 11.946174419021926, 47.031485861883425 ], [ 11.946049453199185, 47.031489079522501 ], [ 11.946112842879382, 47.031437115599431 ], [ 11.946174419021926, 47.031485861883425 ] ] ] } },
{ "type": "Feature", "properties": { "HOM_ID": 193, "NAME_D": "Keilbachkees", "NAME_IT": null, "REGION": "Zillertaler Alpen", "ALT_MIN": 2468.0, "ALT_MAX": 2907.0, "ALT_MEDIAN": 2740.0, "area_km2": 0.2656669238 }, "geometry": { "type": "Polygon", "coordinates": [ [ [ 11.951070476937202, 47.037589510460649 ], [ 11.952263662380409, 47.037278947347431 ], [ 11.952090229468793, 47.037070109452522 ], [ 11.952708468159598, 47.036988437966095 ], [ 11.953002495183199, 47.036409377989521 ], [ 11.95344622544104, 47.036346491960863 ], [ 11.953020610087806, 47.036146454000821 ], [ 11.953376766676662, 47.036148269885437 ], [ 11.953115947768596, 47.0355120956552 ], [ 11.953824886244643, 47.03546373872652 ], [ 11.954019910905519, 47.034928717815056 ], [ 11.953480111543326, 47.034462615801644 ], [ 11.954274066020719, 47.034137755255088 ], [ 11.953878929496055, 47.034040860334223 ], [ 11.95435594640789, 47.033854667071587 ], [ 11.954075493039692, 47.033821428105746 ], [ 11.954497574948602, 47.032950940745216 ], [ 11.95352433989717, 47.03285939138523 ], [ 11.953028345049304, 47.033148404900814 ], [ 11.952991934763709, 47.03383373785222 ], [ 11.952019944394966, 47.03409312321611 ], [ 11.952564680814405, 47.033816190153303 ], [ 11.952446190106553, 47.03345392628141 ], [ 11.951509495438216, 47.033582862468364 ], [ 11.951745004944126, 47.03248622717858 ], [ 11.95076172153845, 47.032078315676841 ], [ 11.951646388450111, 47.031898249481891 ], [ 11.951839166090171, 47.03223616009825 ], [ 11.952140345046731, 47.032140287810179 ], [ 11.952584031164099, 47.031592662378763 ], [ 11.952155237940509, 47.030891096986913 ], [ 11.95268754109494, 47.030578767376099 ], [ 11.953128113810862, 47.030932563964235 ], [ 11.953745414583866, 47.030885675135409 ], [ 11.954389269540119, 47.030373775239781 ], [ 11.954308668483232, 47.029671040075264 ], [ 11.954792621220419, 47.029479957995321 ], [ 11.954300114121876, 47.029011686240146 ], [ 11.955195724383561, 47.029086184349282 ], [ 11.956414106439571, 47.028573720236736 ], [ 11.954644085246851, 47.028240839848081 ], [ 11.955398044729149, 47.028588063760196 ], [ 11.953974678171305, 47.02904628084157 ], [ 11.953518011042712, 47.028848529528986 ], [ 11.954323230118536, 47.029556369743752 ], [ 11.953814016467849, 47.029857633734075 ], [ 11.953135831074702, 47.029432248082877 ], [ 11.953537709509353, 47.029457592412143 ], [ 11.95344564664836, 47.029114703598381 ], [ 11.952963983550603, 47.0289056897726 ], [ 11.952971797583098, 47.029362666388593 ], [ 11.952441777340507, 47.028971551349905 ], [ 11.953774869854277, 47.028391864409883 ], [ 11.953784373267846, 47.027996349560354 ], [ 11.952920143604084, 47.027859120831423 ], [ 11.952350575660111, 47.028076216131822 ], [ 11.951010731380562, 47.027965530158852 ], [ 11.949930945397123, 47.028529130167321 ], [ 11.950573008910093, 47.028931655244058 ], [ 11.950337703689479, 47.029463953781637 ], [ 11.950778150438484, 47.029935966372136 ], [ 11.951718322578641, 47.030249837603733 ], [ 11.952059974830281, 47.030067200612024 ], [ 11.952343420946308, 47.030666224042463 ], [ 11.951556280609672, 47.030942265697519 ], [ 11.95115118654023, 47.030416959700382 ], [ 11.950616602436607, 47.030385028002243 ], [ 11.950346546739189, 47.029902093070298 ], [ 11.949743874103207, 47.029753194478303 ], [ 11.949916296132658, 47.029052981275662 ], [ 11.947976539410586, 47.02988561007605 ], [ 11.947664562812541, 47.030681202753783 ], [ 11.949304909635167, 47.031088615934337 ], [ 11.949596188815324, 47.030535351345463 ], [ 11.950223717449481, 47.030699186264151 ], [ 11.94930839453259, 47.031541769551737 ], [ 11.948619746894691, 47.031532849784526 ], [ 11.949205582643454, 47.031788373091949 ], [ 11.948474998239531, 47.032156413923204 ], [ 11.94813173334464, 47.032838857107159 ], [ 11.949903226982086, 47.034304195706191 ], [ 11.951354292752459, 47.034546798159724 ], [ 11.951456731349642, 47.035115627982215 ], [ 11.950995290119035, 47.035236110220062 ], [ 11.950848831475042, 47.035005583294542 ], [ 11.950217213877403, 47.035450474863971 ], [ 11.950299429581845, 47.036871242475293 ], [ 11.951070476937202, 47.037589510460649 ] ], [ [ 11.951675127908553, 47.031770692726774 ], [ 11.951419153877028, 47.03137297923017 ], [ 11.951526083363365, 47.031114487018321 ], [ 11.952246653377145, 47.031790236035619 ], [ 11.951675127908553, 47.031770692726774 ] ], [ [ 11.948902117579593, 47.030571451196415 ], [ 11.948920676714948, 47.030718603306838 ], [ 11.94877225951646, 47.030679567976833 ], [ 11.948902117579593, 47.030571451196415 ] ], [ [ 11.948818925456987, 47.030452157108243 ], [ 11.949085679206197, 47.029921432555234 ], [ 11.949382123834331, 47.029866168591163 ], [ 11.94955421293248, 47.030145087928339 ], [ 11.948818925456987, 47.030452157108243 ] ], [ [ 11.952806504975383, 47.030062637323013 ], [ 11.953233256856802, 47.030122105205031 ], [ 11.953166956272854, 47.029879987929746 ], [ 11.953401487007957, 47.029990133986658 ], [ 11.953272416997009, 47.030225863656852 ], [ 11.952806504975383, 47.030062637323013 ] ], [ [ 11.953224695164044, 47.029815635787237 ], [ 11.952733747591452, 47.02955209384146 ], [ 11.95337124715584, 47.02974518080952 ], [ 11.953224695164044, 47.029815635787237 ] ], [ [ 11.951589562762107, 47.029516848151083 ], [ 11.951288738349033, 47.029669381008198 ], [ 11.951165491880321, 47.029556361280548 ], [ 11.951589562762107, 47.029516848151083 ] ] ] } },
{ "type": "Feature", "properties": { "HOM_ID": 193, "NAME_D": "Keilbachkees", "NAME_IT": null, "REGION": "Zillertaler Alpen", "ALT_MIN": 2461.0, "ALT_MAX": 2542.0, "ALT_MEDIAN": 2490.0, "area_km2": 0.0501674263 }, "geometry": { "type": "Polygon", "coordinates": [ [ [ 11.958071028120079, 47.036791136958655 ], [ 11.959152209328639, 47.035810725822934 ], [ 11.959597469962082, 47.035989700400314 ], [ 11.959694910300724, 47.035484760241843 ], [ 11.960679312582659, 47.035714074464344 ], [ 11.960963007827115, 47.035428140552277 ], [ 11.960529289360904, 47.035206012275104 ], [ 11.960740245784331, 47.034738613037085 ], [ 11.961358581254146, 47.034772615525483 ], [ 11.9611444292855, 47.034175730485025 ], [ 11.960044553428228, 47.03343270100374 ], [ 11.960267845692828, 47.03425794028476 ], [ 11.959274839285735, 47.03425029169307 ], [ 11.959682564513388, 47.033814875185904 ], [ 11.959315811590674, 47.033820395222527 ], [ 11.959518054848862, 47.032834926618044 ], [ 11.959408210620046, 47.033304471100728 ], [ 11.957776705327433, 47.03471809283036 ], [ 11.957935496194905, 47.035411200262175 ], [ 11.957503532307303, 47.036165280944033 ], [ 11.958717749488549, 47.035386213571769 ], [ 11.958071028120079, 47.036791136958655 ] ] ] } },
{ "type": "Feature", "properties": { "HOM_ID": 194, "NAME_D": "Keilbachkees", "NAME_IT": null, "REGION": "Zillertaler Alpen", "ALT_MIN": 2722.0, "ALT_MAX": 2900.0, "ALT_MEDIAN": 2818.0, "area_km2": 0.0472668422 }, "geometry": { "type": "Polygon", "coordinates": [ [ [ 11.965641880985682, 47.040459625382738 ], [ 11.965793703277155, 47.040143413111551 ], [ 11.966576239138409, 47.040436246719878 ], [ 11.967721777605274, 47.040190500412315 ], [ 11.967615348400367, 47.040005450072684 ], [ 11.968951789366505, 47.039960480535939 ], [ 11.968671188174717, 47.03864542092672 ], [ 11.968334283866593, 47.03871273776177 ], [ 11.968568734078277, 47.039109223339317 ], [ 11.967726051423204, 47.038500164007885 ], [ 11.967202112798164, 47.038498513217952 ], [ 11.967617491053492, 47.038702994726272 ], [ 11.966808744172445, 47.038891600331404 ], [ 11.964382205444, 47.038346825199504 ], [ 11.964533078059159, 47.038756281898998 ], [ 11.966178012974508, 47.038873663541622 ], [ 11.965858981930582, 47.039301013721712 ], [ 11.967363682076483, 47.039537654753431 ], [ 11.967401707655378, 47.039770972811603 ], [ 11.966105953897756, 47.039770281243889 ], [ 11.965609477293825, 47.03920857208071 ], [ 11.965212837151197, 47.039291714703261 ], [ 11.965388062424717, 47.039899763985701 ], [ 11.964799021483802, 47.039549849048498 ], [ 11.963717221038609, 47.03967014346869 ], [ 11.963768510880357, 47.04012420741509 ], [ 11.965641880985682, 47.040459625382738 ] ], [ [ 11.966003331970843, 47.040217747773362 ], [ 11.966082850435798, 47.040144252565952 ], [ 11.966130506264818, 47.040187068196779 ], [ 11.966003331970843, 47.040217747773362 ] ], [ [ 11.968444816367803, 47.039863149328681 ], [ 11.967770648651776, 47.039815871184572 ], [ 11.967646529629386, 47.039788611640638 ], [ 11.968198069620808, 47.039534286558002 ], [ 11.968444816367803, 47.039863149328681 ] ], [ [ 11.966420672221634, 47.039190660018271 ], [ 11.966507900472498, 47.038904567111985 ], [ 11.967232726684754, 47.039161984338904 ], [ 11.966917820526218, 47.039111097870787 ], [ 11.966420672221634, 47.039190660018271 ] ] ] } },
{ "type": "Feature", "properties": { "HOM_ID": 193, "NAME_D": "Keilbachkees", "NAME_IT": null, "REGION": "Zillertaler Alpen", "ALT_MIN": 2503.0, "ALT_MAX": 2654.0, "ALT_MEDIAN": 2575.0, "area_km2": 0.0192261268 }, "geometry": { "type": "Polygon", "coordinates": [ [ [ 11.954114522881545, 47.032511270187484 ], [ 11.955223400965638, 47.031944117701805 ], [ 11.954680400534727, 47.031596208658023 ], [ 11.955674378015617, 47.031332422897925 ], [ 11.955519192932766, 47.031044980063911 ], [ 11.956185212889507, 47.031098256273161 ], [ 11.955910286398646, 47.030711042668948 ], [ 11.955170202688228, 47.030577766534762 ], [ 11.954813816366196, 47.031187017603941 ], [ 11.953905075227661, 47.03117809765515 ], [ 11.953998074006504, 47.031746208065755 ], [ 11.952902381439905, 47.032066331558084 ], [ 11.952815576329801, 47.032449553348911 ], [ 11.954114522881545, 47.032511270187484 ] ], [ [ 11.953444560629825, 47.03230992940923 ], [ 11.953833254873334, 47.032197030781141 ], [ 11.953890975292857, 47.032334122969516 ], [ 11.953444560629825, 47.03230992940923 ] ] ] } },
{ "type": "Feature", "properties": { "HOM_ID": 193, "NAME_D": "Keilbachkees", "NAME_IT": null, "REGION": "Zillertaler Alpen", "ALT_MIN": 2569.0, "ALT_MAX": 2663.0, "ALT_MEDIAN": 2615.0, "area_km2": 0.0156161499 }, "geometry": { "type": "Polygon", "coordinates": [ [ [ 11.955684770204678, 47.039051786057016 ], [ 11.956972312324103, 47.038188638266021 ], [ 11.957500984932286, 47.037356459535154 ], [ 11.954633658752478, 47.038258870150493 ], [ 11.955684770204678, 47.039051786057016 ] ] ] } },
{ "type": "Feature", "properties": { "HOM_ID": 193, "NAME_D": "Keilbachkees", "NAME_IT": null, "REGION": "Zillertaler Alpen", "ALT_MIN": 2644.0, "ALT_MAX": 2741.0, "ALT_MEDIAN": 2697.0, "area_km2": 0.0104550513 }, "geometry": { "type": "Polygon", "coordinates": [ [ [ 11.953865753289149, 47.038105004545471 ], [ 11.954136968710467, 47.037665934466062 ], [ 11.953622710485446, 47.037336934314617 ], [ 11.954134509903042, 47.036562601387267 ], [ 11.953332895972242, 47.037284300815152 ], [ 11.95277100884616, 47.037150219800274 ], [ 11.953040356221571, 47.038182028557763 ], [ 11.953865753289149, 47.038105004545471 ] ] ] } },
{ "type": "Feature", "properties": { "HOM_ID": 196, "NAME_D": "Wollbachkees", "NAME_IT": null, "REGION": "Zillertaler Alpen", "ALT_MIN": 2727.0, "ALT_MAX": 2911.0, "ALT_MEDIAN": 2802.0, "area_km2": 0.1172663488 }, "geometry": { "type": "Polygon", "coordinates": [ [ [ 11.980845936109331, 47.04743018627267 ], [ 11.981292160061104, 47.046661359264725 ], [ 11.982182357905149, 47.046331842026454 ], [ 11.981911729576534, 47.046085899681827 ], [ 11.982990090052063, 47.045980404710264 ], [ 11.98237148644971, 47.045663170441991 ], [ 11.982680897433569, 47.045589624584046 ], [ 11.982396417721521, 47.044939250831703 ], [ 11.982761888740066, 47.044777926997241 ], [ 11.982420082408414, 47.043724253964378 ], [ 11.980923222684961, 47.042804852565816 ], [ 11.980355484359958, 47.043164907182842 ], [ 11.980421786219916, 47.043651313302561 ], [ 11.979562144455075, 47.043539762327079 ], [ 11.980144233919905, 47.044530633471169 ], [ 11.980016158726221, 47.045123300326694 ], [ 11.978946553665082, 47.044526103633828 ], [ 11.978669523577681, 47.044711901010899 ], [ 11.977838038627043, 47.046825966703807 ], [ 11.978433558167355, 47.047432538124475 ], [ 11.978679808763424, 47.047192287269937 ], [ 11.980845936109331, 47.04743018627267 ] ] ] } },
{ "type": "Feature", "properties": { "HOM_ID": 195, "NAME_D": "Wollbachkees", "NAME_IT": null, "REGION": "Zillertaler Alpen", "ALT_MIN": 2728.0, "ALT_MAX": 3021.0, "ALT_MEDIAN": 2897.0, "area_km2": 0.0708438959 }, "geometry": { "type": "Polygon", "coordinates": [ [ [ 11.976486563463448, 47.048496419463959 ], [ 11.97771729420117, 47.047903403940737 ], [ 11.977045140176122, 47.047656588037462 ], [ 11.976351270023176, 47.046516929077967 ], [ 11.977161081878121, 47.046195839008824 ], [ 11.976713549322891, 47.045816023702905 ], [ 11.977374518988734, 47.045814544303497 ], [ 11.976458281177663, 47.045285480247358 ], [ 11.977024208049817, 47.045039074820153 ], [ 11.976452380325082, 47.044653920232633 ], [ 11.976541738724883, 47.044312822942423 ], [ 11.977137100854844, 47.044344955837659 ], [ 11.976876048850801, 47.044010769236365 ], [ 11.977595625059299, 47.043921564211431 ], [ 11.977069738728639, 47.043685705851942 ], [ 11.976284891814837, 47.043753745622148 ], [ 11.976588326233973, 47.04389824543874 ], [ 11.976342668286366, 47.044140844272192 ], [ 11.975553367970331, 47.043778486025573 ], [ 11.976442862427639, 47.044288725770194 ], [ 11.975862489175839, 47.044507346285492 ], [ 11.976023953676515, 47.044967467827085 ], [ 11.975655560004782, 47.045325161300042 ], [ 11.974982539413036, 47.045249797267054 ], [ 11.975629697977304, 47.045611570440983 ], [ 11.975478245986491, 47.046228182897444 ], [ 11.974243339663307, 47.046136471483912 ], [ 11.973613486954479, 47.046457677149043 ], [ 11.973508996154038, 47.046927690442175 ], [ 11.975726510098292, 47.048510473447365 ], [ 11.976486563463448, 47.048496419463959 ] ], [ [ 11.976666569300274, 47.047447551839618 ], [ 11.976813622361229, 47.047460870357632 ], [ 11.976703140998868, 47.04750374756113 ], [ 11.976666569300274, 47.047447551839618 ] ], [ [ 11.974992656156633, 47.047265353712518 ], [ 11.975055838373853, 47.047123700514263 ], [ 11.975145198748022, 47.047227099238881 ], [ 11.974992656156633, 47.047265353712518 ] ], [ [ 11.974567680122913, 47.047123383889513 ], [ 11.974633892656426, 47.047186429629456 ], [ 11.974551618097085, 47.047135230864498 ], [ 11.974567680122913, 47.047123383889513 ] ], [ [ 11.975106068428872, 47.04652126704908 ], [ 11.97489142948462, 47.046270458665326 ], [ 11.975399849081549, 47.04639248697206 ], [ 11.975106068428872, 47.04652126704908 ] ], [ [ 11.974237734595853, 47.046250961827049 ], [ 11.974591488847441, 47.046426303519553 ], [ 11.974209727994497, 47.046373722769935 ], [ 11.974237734595853, 47.046250961827049 ] ], [ [ 11.974133660233843, 47.046337006432921 ], [ 11.974063330557442, 47.046481702262412 ], [ 11.974075480885402, 47.046308754442158 ], [ 11.974133660233843, 47.046337006432921 ] ] ] } },
{ "type": "Feature", "properties": { "HOM_ID": 197, "NAME_D": "Hollenzkees", "NAME_IT": null, "REGION": "Zillertaler Alpen", "ALT_MIN": 2576.0, "ALT_MAX": 2815.0, "ALT_MEDIAN": 2691.0, "area_km2": 0.0602651022 }, "geometry": { "type": "Polygon", "coordinates": [ [ [ 11.988968552215294, 47.044764718546574 ], [ 11.989577604716782, 47.044543076162967 ], [ 11.989488336093443, 47.04390498734405 ], [ 11.990218277843214, 47.043840567676703 ], [ 11.990881559401268, 47.043585651609341 ], [ 11.991837943531763, 47.042798683447089 ], [ 11.991776211171047, 47.04239264714694 ], [ 11.990661345621838, 47.041840794151831 ], [ 11.989463066757191, 47.042089268189173 ], [ 11.989844046521151, 47.042111982104473 ], [ 11.989463623331829, 47.042698954075988 ], [ 11.98848570348656, 47.042805220608116 ], [ 11.989100486274193, 47.043054063858634 ], [ 11.988773290098001, 47.043354300195602 ], [ 11.987138705421264, 47.043067948819122 ], [ 11.986757744590648, 47.043482547190521 ], [ 11.987281039797525, 47.044483846496185 ], [ 11.988968552215294, 47.044764718546574 ] ], [ [ 11.990079209355777, 47.043785953189058 ], [ 11.990191948029569, 47.043659187476862 ], [ 11.990262471465705, 47.043674488608119 ], [ 11.990079209355777, 47.043785953189058 ] ], [ [ 11.990911632652312, 47.043472745391874 ], [ 11.990945923326379, 47.043338505258369 ], [ 11.991011306095002, 47.043361560231361 ], [ 11.990911632652312, 47.043472745391874 ] ] ] } },
{ "type": "Feature", "properties": { "HOM_ID": 197, "NAME_D": "Hollenzkees", "NAME_IT": null, "REGION": "Zillertaler Alpen", "ALT_MIN": 2681.0, "ALT_MAX": 2817.0, "ALT_MEDIAN": 2739.0, "area_km2": 0.0108336287 }, "geometry": { "type": "Polygon", "coordinates": [ [ [ 11.987776289653835, 47.042228890671893 ], [ 11.988655899446407, 47.041008886216495 ], [ 11.988248287519424, 47.040639740911715 ], [ 11.98895753372947, 47.040366943873799 ], [ 11.987899824554395, 47.040398450689928 ], [ 11.987203058182315, 47.040009469146788 ], [ 11.988034317686347, 47.041236361540236 ], [ 11.987169439225056, 47.042339981204918 ], [ 11.987776289653835, 47.042228890671893 ] ] ] } },
{ "type": "Feature", "properties": { "HOM_ID": 198, "NAME_D": "Klausenkees", "NAME_IT": null, "REGION": "Hohe Tauern", "ALT_MIN": 2531.0, "ALT_MAX": 2785.0, "ALT_MEDIAN": 2653.0, "area_km2": 0.0619184139 }, "geometry": { "type": "Polygon", "coordinates": [ [ [ 12.025465575733651, 46.96554659959952 ], [ 12.026777551378247, 46.965311876021772 ], [ 12.028050133281786, 46.964256676544913 ], [ 12.028626459852239, 46.964484298307461 ], [ 12.027712394922951, 46.963511357072392 ], [ 12.02628339863293, 46.963538669785073 ], [ 12.025240457223585, 46.963776201870431 ], [ 12.025432187861236, 46.963968768565103 ], [ 12.023033434506734, 46.964203956838432 ], [ 12.022861332207066, 46.964606159601729 ], [ 12.023593853199044, 46.964429314508479 ], [ 12.023333948141961, 46.964660343051563 ], [ 12.023606720699988, 46.964769014313461 ], [ 12.021769321698942, 46.965320457504539 ], [ 12.022605802661046, 46.965288834395807 ], [ 12.023026288123011, 46.965582365756077 ], [ 12.024407505090698, 46.965103106872924 ], [ 12.024366674905373, 46.965304203987607 ], [ 12.025465575733651, 46.96554659959952 ] ] ] } },
{ "type": "Feature", "properties": { "HOM_ID": 198, "NAME_D": "Klausenkees", "NAME_IT": null, "REGION": "Hohe Tauern", "ALT_MIN": 2776.0, "ALT_MAX": 2942.0, "ALT_MEDIAN": 2875.0, "area_km2": 0.0298061853 }, "geometry": { "type": "Polygon", "coordinates": [ [ [ 12.0247799110498, 46.96263747533817 ], [ 12.02538213141889, 46.961787648464842 ], [ 12.025828832442929, 46.961660347201594 ], [ 12.025991466808176, 46.962250777907535 ], [ 12.027008220580671, 46.961964588350128 ], [ 12.027034128198521, 46.961610325388392 ], [ 12.026594945059021, 46.961671432461394 ], [ 12.026016472530353, 46.961032867324271 ], [ 12.024717110579886, 46.960971508122661 ], [ 12.023889105063461, 46.961460583296422 ], [ 12.023539379882831, 46.96233015823956 ], [ 12.0247799110498, 46.96263747533817 ] ] ] } },
{ "type": "Feature", "properties": { "HOM_ID": 200, "NAME_D": "Lengkees", "NAME_IT": null, "REGION": "Hohe Tauern", "ALT_MIN": 2699.0, "ALT_MAX": 2835.0, "ALT_MEDIAN": 2770.0, "area_km2": 0.0404818757 }, "geometry": { "type": "Polygon", "coordinates": [ [ [ 12.124044323357744, 47.013883633032151 ], [ 12.123545578406558, 47.014074105771037 ], [ 12.12356110498353, 47.014459431183745 ], [ 12.124539566144454, 47.013925523609373 ], [ 12.124963185518766, 47.014204455252298 ], [ 12.125427595938625, 47.013870311169711 ], [ 12.123078675473179, 47.012677836072022 ], [ 12.121227221541709, 47.012360473694287 ], [ 12.120795281507885, 47.012565132137233 ], [ 12.121071314143984, 47.014166716127548 ], [ 12.121949681348758, 47.0136574711603 ], [ 12.124044323357744, 47.013883633032151 ] ] ] } },
{ "type": "Feature", "properties": { "HOM_ID": 201, "NAME_D": "Merbkees", "NAME_IT": null, "REGION": "Hohe Tauern", "ALT_MIN": 2491.0, "ALT_MAX": 2807.0, "ALT_MEDIAN": 2621.0, "area_km2": 0.1163014687 }, "geometry": { "type": "Polygon", "coordinates": [ [ [ 12.129126586555088, 47.023647266859186 ], [ 12.131176840340114, 47.02378404586792 ], [ 12.130925038128797, 47.022694410675157 ], [ 12.131546018563833, 47.023041732763765 ], [ 12.13191495262209, 47.021760090220944 ], [ 12.131146458833932, 47.020639002147718 ], [ 12.131872305856371, 47.02057599226174 ], [ 12.131826627771794, 47.020284122562323 ], [ 12.132383647513091, 47.020353402085462 ], [ 12.131976809545069, 47.019900821789989 ], [ 12.132831398710206, 47.019666364405879 ], [ 12.133127369501167, 47.019093051844713 ], [ 12.132169531893842, 47.018010329383223 ], [ 12.130354691643822, 47.018639518147879 ], [ 12.129471275667967, 47.019633124386125 ], [ 12.129354370854466, 47.021380119576285 ], [ 12.129674755744452, 47.021678525843384 ], [ 12.129324540752682, 47.022209580771332 ], [ 12.128533997227454, 47.022356213544732 ], [ 12.129032516955291, 47.022664037104072 ], [ 12.128958667558438, 47.023901881922392 ], [ 12.129126586555088, 47.023647266859186 ] ] ] } },
{ "type": "Feature", "properties": { "HOM_ID": 201, "NAME_D": "Merbkees", "NAME_IT": null, "REGION": "Hohe Tauern", "ALT_MIN": 2717.0, "ALT_MAX": 2810.0, "ALT_MEDIAN": 2763.0, "area_km2": 0.0155752179 }, "geometry": { "type": "Polygon", "coordinates": [ [ [ 12.133883338857924, 47.019142939291058 ], [ 12.135319242072493, 47.018471372650197 ], [ 12.134757473927962, 47.017900096266509 ], [ 12.133894136358862, 47.017984562839793 ], [ 12.133242427641378, 47.018467457260471 ], [ 12.133326615209057, 47.019074847858171 ], [ 12.133883338857924, 47.019142939291058 ] ] ] } },
{ "type": "Feature", "properties": { "HOM_ID": 202, "NAME_D": "Roetfleckkees", "NAME_IT": "Vedretta di Valle Rossa", "REGION": "Hohe Tauern", "ALT_MIN": 2590.0, "ALT_MAX": 2964.0, "ALT_MEDIAN": 2718.0, "area_km2": 0.2972333337 }, "geometry": { "type": "Polygon", "coordinates": [ [ [ 12.149545808522335, 47.028121495990398 ], [ 12.150341705432112, 47.028208597144776 ], [ 12.150413243762932, 47.027649434025605 ], [ 12.151731022006194, 47.026698769395814 ], [ 12.152056194523251, 47.027016625839686 ], [ 12.152877353359367, 47.02659012264855 ], [ 12.154516673239717, 47.026666044917391 ], [ 12.155128096965313, 47.02590258713321 ], [ 12.155829346886669, 47.025864862546001 ], [ 12.156333302291145, 47.025307160487351 ], [ 12.156788221689286, 47.025406006627492 ], [ 12.15704774032638, 47.024662339374821 ], [ 12.157534525138281, 47.024616748367222 ], [ 12.157711282453834, 47.025056693350727 ], [ 12.15805094778268, 47.024675854809956 ], [ 12.158099615113731, 47.025441248178105 ], [ 12.158343767707015, 47.025118343909796 ], [ 12.159433593899255, 47.025328218372252 ], [ 12.160633212757986, 47.024709314892618 ], [ 12.161878463730556, 47.024627281692922 ], [ 12.161937523349675, 47.023606598923337 ], [ 12.163012838196396, 47.022672483408854 ], [ 12.162681570154431, 47.022281604915314 ], [ 12.163584868881609, 47.021835162303752 ], [ 12.163538496046446, 47.020902839482993 ], [ 12.162367370435268, 47.020494011479315 ], [ 12.158726098222035, 47.021848277610879 ], [ 12.157773162516795, 47.022814694506877 ], [ 12.155101753395133, 47.023980619480476 ], [ 12.154543478749334, 47.024726838132118 ], [ 12.153644401791214, 47.024904822628336 ], [ 12.153191810548764, 47.024371917330761 ], [ 12.151795323451994, 47.024624873730602 ], [ 12.151228087706766, 47.025698245937413 ], [ 12.150973646307438, 47.025508473560045 ], [ 12.150524591868759, 47.025719996392795 ], [ 12.149739655264902, 47.026847690422869 ], [ 12.147535085258184, 47.028182267154129 ], [ 12.149195944379413, 47.028533025503073 ], [ 12.149545808522335, 47.028121495990398 ] ], [ [ 12.160719673653549, 47.024562746766556 ], [ 12.160523331819322, 47.024407441281014 ], [ 12.160658266790561, 47.024186432299025 ], [ 12.160719673653549, 47.024562746766556 ] ] ] } },
{ "type": "Feature", "properties": { "HOM_ID": 203, "NAME_D": "Roetfleckkees", "NAME_IT": "Vedretta di Valle Rossa", "REGION": "Hohe Tauern", "ALT_MIN": 2605.0, "ALT_MAX": 2922.0, "ALT_MEDIAN": 2777.0, "area_km2": 0.151883918 }, "geometry": { "type": "Polygon", "coordinates": [ [ [ 12.164456703779347, 47.026152594754961 ], [ 12.165182058264939, 47.025805355106428 ], [ 12.165546032995843, 47.025212373954979 ], [ 12.16581620205409, 47.025329195364321 ], [ 12.165930355394838, 47.024857421858478 ], [ 12.165622667553285, 47.024777356857875 ], [ 12.166057447890768, 47.02463959875692 ], [ 12.166163558647584, 47.024160364508461 ], [ 12.168386578805075, 47.024397005966392 ], [ 12.168887662255713, 47.023924843358486 ], [ 12.169666532251853, 47.024078190617985 ], [ 12.170690107372526, 47.023840283113643 ], [ 12.170909361166796, 47.023427026018005 ], [ 12.170382577115898, 47.0228054862948 ], [ 12.16881131856316, 47.022234188381425 ], [ 12.164916162181916, 47.022198985392883 ], [ 12.1629841061529, 47.023544503206558 ], [ 12.163325205386597, 47.023787196427762 ], [ 12.162460059280088, 47.025176281763031 ], [ 12.162874435264204, 47.026142058755845 ], [ 12.163881916055017, 47.025937042007165 ], [ 12.164456703779347, 47.026152594754961 ] ], [ [ 12.167550352912725, 47.024110228337101 ], [ 12.167455957193711, 47.024068552645929 ], [ 12.167561854583806, 47.024092765475068 ], [ 12.167550352912725, 47.024110228337101 ] ], [ [ 12.165873547520697, 47.02412521169402 ], [ 12.165858121516868, 47.023899013863762 ], [ 12.166143031525587, 47.023572566357629 ], [ 12.166408746346434, 47.023460339788883 ], [ 12.167178556929436, 47.023919726318795 ], [ 12.165873547520697, 47.02412521169402 ] ], [ [ 12.167966065300154, 47.02412655794695 ], [ 12.167864587893341, 47.024176990707709 ], [ 12.167802904515625, 47.024164411734091 ], [ 12.167966065300154, 47.02412655794695 ] ] ] } },
{ "type": "Feature", "properties": { "HOM_ID": 205, "NAME_D": "Roetfleckkees", "NAME_IT": "Vedretta di Valle Rossa", "REGION": "Hohe Tauern", "ALT_MIN": 2643.0, "ALT_MAX": 2845.0, "ALT_MEDIAN": 2739.0, "area_km2": 0.0257611171 }, "geometry": { "type": "Polygon", "coordinates": [ [ [ 12.173928579444425, 47.027165015607174 ], [ 12.174831370727368, 47.026744566835404 ], [ 12.174876781199343, 47.027157629813559 ], [ 12.175405595186346, 47.026445270120348 ], [ 12.175794449564995, 47.026795223418851 ], [ 12.17598913801608, 47.025342869137759 ], [ 12.176854633516532, 47.025164092169845 ], [ 12.176657583302712, 47.024851081918456 ], [ 12.17619135856644, 47.024967930124255 ], [ 12.175964149152316, 47.024608405923885 ], [ 12.174295502980167, 47.025535751547402 ], [ 12.173928579444425, 47.027165015607174 ] ], [ [ 12.175233072380802, 47.025785711370595 ], [ 12.175513804502138, 47.02549932217299 ], [ 12.175636283363096, 47.025538783433639 ], [ 12.175233072380802, 47.025785711370595 ] ] ] } },
{ "type": "Feature", "properties": { "HOM_ID": 203, "NAME_D": "Roetfleckkees", "NAME_IT": "Vedretta di Valle Rossa", "REGION": "Hohe Tauern", "ALT_MIN": 2909.0, "ALT_MAX": 3033.0, "ALT_MEDIAN": 2976.0, "area_km2": 0.0164703127 }, "geometry": { "type": "Polygon", "coordinates": [ [ [ 12.170405243080253, 47.024548129615837 ], [ 12.172696611031428, 47.024774609739481 ], [ 12.173240503012286, 47.023683232804018 ], [ 12.170405243080253, 47.024548129615837 ] ] ] } },
{ "type": "Feature", "properties": { "HOM_ID": 202, "NAME_D": "Roetfleckkees", "NAME_IT": "Vedretta di Valle Rossa", "REGION": "Hohe Tauern", "ALT_MIN": 2930.0, "ALT_MAX": 3047.0, "ALT_MEDIAN": 2988.0, "area_km2": 0.0147137214 }, "geometry": { "type": "Polygon", "coordinates": [ [ [ 12.163949014903254, 47.019770258558268 ], [ 12.16383692383909, 47.021584240940591 ], [ 12.164064998058487, 47.021731518294501 ], [ 12.164942203391972, 47.021285786514952 ], [ 12.165315744036059, 47.020625391635612 ], [ 12.164914940769535, 47.020118575377062 ], [ 12.163949014903254, 47.019770258558268 ] ] ] } },
{ "type": "Feature", "properties": { "HOM_ID": 204, "NAME_D": "Roetfleckkees", "NAME_IT": "Vedretta di Valle Rossa", "REGION": "Hohe Tauern", "ALT_MIN": 2648.0, "ALT_MAX": 2806.0, "ALT_MEDIAN": 2739.0, "area_km2": 0.013581278 }, "geometry": { "type": "Polygon", "coordinates": [ [ [ 12.168960770686304, 47.026534197272461 ], [ 12.170591097178164, 47.026508874401571 ], [ 12.171496163954464, 47.025877855650293 ], [ 12.16989427185489, 47.025634053674118 ], [ 12.168972739081322, 47.026189078769086 ], [ 12.168706102923112, 47.026612670991042 ], [ 12.168793206276614, 47.027108738373052 ], [ 12.168960770686304, 47.026534197272461 ] ] ] } },
{ "type": "Feature", "properties": { "HOM_ID": 205, "NAME_D": "Roetfleckkees", "NAME_IT": "Vedretta di Valle Rossa", "REGION": "Hohe Tauern", "ALT_MIN": 2839.0, "ALT_MAX": 2908.0, "ALT_MEDIAN": 2876.0, "area_km2": 0.0086262216 }, "geometry": { "type": "Polygon", "coordinates": [ [ [ 12.176121422177552, 47.024572672155607 ], [ 12.17774112672587, 47.024199341908577 ], [ 12.177436084286153, 47.023757654491192 ], [ 12.176037476553653, 47.024071883869233 ], [ 12.176121422177552, 47.024572672155607 ] ] ] } },
{ "type": "Feature", "properties": { "HOM_ID": 207, "NAME_D": "Roetkees", "NAME_IT": "Vedretta Rossa", "REGION": "Hohe Tauern", "ALT_MIN": 2547.0, "ALT_MAX": 3262.0, "ALT_MEDIAN": 2891.0, "area_km2": 0.6543559593 }, "geometry": { "type": "Polygon", "coordinates": [ [ [ 12.202079982320017, 47.036835471977227 ], [ 12.202836016358816, 47.036449855985659 ], [ 12.202178276416522, 47.036148670974079 ], [ 12.203152032894264, 47.036070948025845 ], [ 12.203041321801186, 47.035591848484323 ], [ 12.204848128479936, 47.035771133060301 ], [ 12.207750954005725, 47.034944050463622 ], [ 12.208707359798575, 47.034345318390208 ], [ 12.209356703157241, 47.033413167086941 ], [ 12.208460917320014, 47.032698172145963 ], [ 12.207174889272018, 47.032723018623649 ], [ 12.20658984929862, 47.032402999506949 ], [ 12.206512486410482, 47.033027542328071 ], [ 12.207322817750638, 47.033548703437859 ], [ 12.206102330008303, 47.033162391153098 ], [ 12.205670495406622, 47.032798825085635 ], [ 12.206122457934445, 47.032814194679872 ], [ 12.206150773756221, 47.032465768719341 ], [ 12.205291349142884, 47.031945974825 ], [ 12.204979197211864, 47.030295056130718 ], [ 12.204268162338217, 47.03047196904366 ], [ 12.20428481204136, 47.030202367460845 ], [ 12.201216073699539, 47.029761223078012 ], [ 12.198908248504571, 47.030935958523983 ], [ 12.197843451802923, 47.030819946669311 ], [ 12.194640095110049, 47.031419678317391 ], [ 12.189775743577727, 47.03125824061766 ], [ 12.189431543979696, 47.031536971092791 ], [ 12.189936769216596, 47.032033118838505 ], [ 12.18976648082201, 47.032615384388741 ], [ 12.188072678725378, 47.033503643457088 ], [ 12.187918920095061, 47.033950878464402 ], [ 12.189035734237745, 47.033975822268175 ], [ 12.190639923229478, 47.034609536353052 ], [ 12.190255425711864, 47.035175348254555 ], [ 12.191116427376784, 47.035997987326844 ], [ 12.193426325370636, 47.03540087108037 ], [ 12.194836718739673, 47.034711085343368 ], [ 12.195319120113787, 47.034961139974477 ], [ 12.196860964307799, 47.034138697298573 ], [ 12.198294955177623, 47.034530353197148 ], [ 12.199477058722856, 47.034138453968154 ], [ 12.200698865060703, 47.034547228179441 ], [ 12.200981736571743, 47.03447763709061 ], [ 12.20071452792371, 47.03426083449655 ], [ 12.201379517939545, 47.03413569473021 ], [ 12.201398854351723, 47.034869667533805 ], [ 12.200514631586143, 47.035757880906537 ], [ 12.201584079885977, 47.036086803095131 ], [ 12.201381928373042, 47.036271883468558 ], [ 12.201966454513215, 47.036446161972336 ], [ 12.202079982320017, 47.036835471977227 ] ], [ [ 12.190728399155022, 47.034825465176837 ], [ 12.190921109190755, 47.034989983775525 ], [ 12.190750465107296, 47.035095320145565 ], [ 12.190576990408486, 47.03501996832567 ], [ 12.190728399155022, 47.034825465176837 ] ], [ [ 12.20781178661109, 47.033129274702176 ], [ 12.207399554310438, 47.033413014481184 ], [ 12.207529309686974, 47.033094593062955 ], [ 12.20781178661109, 47.033129274702176 ] ], [ [ 12.207063102517864, 47.033055593746575 ], [ 12.207169164266338, 47.03326563169751 ], [ 12.206972911170318, 47.033110191647857 ], [ 12.207063102517864, 47.033055593746575 ] ] ] } },
{ "type": "Feature", "properties": { "HOM_ID": 206, "NAME_D": "Roetkees", "NAME_IT": "Vedretta Rossa", "REGION": "Hohe Tauern", "ALT_MIN": 2520.0, "ALT_MAX": 3118.0, "ALT_MEDIAN": 2848.0, "area_km2": 0.372563976 }, "geometry": { "type": "Polygon", "coordinates": [ [ [ 12.182000168278737, 47.029579398510293 ], [ 12.184041997493436, 47.028982352214278 ], [ 12.18439633248633, 47.0275637875963 ], [ 12.186155050309413, 47.027519106473953 ], [ 12.186114154339245, 47.027744552049263 ], [ 12.187008592645546, 47.027852508005857 ], [ 12.186875424905281, 47.027572618399638 ], [ 12.187404532548522, 47.02736953856148 ], [ 12.188949775642959, 47.027386946998192 ], [ 12.188490292547042, 47.028184588923871 ], [ 12.189463861559156, 47.028159355725457 ], [ 12.189771974283321, 47.027906932893806 ], [ 12.190509262042415, 47.028183357942289 ], [ 12.189400396943277, 47.028590117206271 ], [ 12.190418625300575, 47.02898652748641 ], [ 12.188593133624657, 47.029021784811974 ], [ 12.188778731138628, 47.029214249539621 ], [ 12.190976051092314, 47.029679220882812 ], [ 12.191577788333667, 47.030483941039456 ], [ 12.192820342956049, 47.030763584108819 ], [ 12.194772741934775, 47.030338342288651 ], [ 12.195990658623307, 47.030608388289224 ], [ 12.198692704438606, 47.029585162640473 ], [ 12.199035939436369, 47.028357605838494 ], [ 12.199673254846973, 47.028082389306832 ], [ 12.199255964030625, 47.027674506142532 ], [ 12.1978634815831, 47.027320077993579 ], [ 12.196007063368384, 47.027384504732247 ], [ 12.19232134549725, 47.02684152477476 ], [ 12.191134345645636, 47.026314175155498 ], [ 12.186991726595631, 47.026054590970283 ], [ 12.183058031337158, 47.027405298990921 ], [ 12.181627493959425, 47.027072953351137 ], [ 12.181206466276112, 47.027645390286544 ], [ 12.180228298564094, 47.027921180158316 ], [ 12.181036672123914, 47.028514477151866 ], [ 12.180914289970222, 47.029232232257499 ], [ 12.18125256197653, 47.029052810413404 ], [ 12.182000168278737, 47.029579398510293 ] ], [ [ 12.18943908583069, 47.029250608053424 ], [ 12.189512811993815, 47.029143780846667 ], [ 12.189669397787252, 47.029258473931471 ], [ 12.18943908583069, 47.029250608053424 ] ], [ [ 12.190145143989733, 47.029119006730333 ], [ 12.189886735189864, 47.029107162605072 ], [ 12.189944420715271, 47.029081742742896 ], [ 12.190145143989733, 47.029119006730333 ] ], [ [ 12.190515031880913, 47.028839618740982 ], [ 12.1905345474245, 47.028758115004536 ], [ 12.190629762225589, 47.028836419011583 ], [ 12.190515031880913, 47.028839618740982 ] ], [ [ 12.189063647211198, 47.028035261744932 ], [ 12.189116771894074, 47.028085214097615 ], [ 12.188936608168678, 47.028147384350952 ], [ 12.189063647211198, 47.028035261744932 ] ] ] } },
{ "type": "Feature", "properties": { "HOM_ID": 206, "NAME_D": "Roetkees", "NAME_IT": "Vedretta Rossa", "REGION": "Hohe Tauern", "ALT_MIN": 3101.0, "ALT_MAX": 3393.0, "ALT_MEDIAN": 3270.0, "area_km2": 0.0597630307 }, "geometry": { "type": "Polygon", "coordinates": [ [ [ 12.200368644177958, 47.029190847310701 ], [ 12.200808294599755, 47.028687670175877 ], [ 12.202849828107627, 47.028932413849098 ], [ 12.203987216207477, 47.028488908686398 ], [ 12.203692319991966, 47.027450901149486 ], [ 12.202428042996415, 47.027094652651478 ], [ 12.20170280097229, 47.026421396078327 ], [ 12.200810482941378, 47.026988152488073 ], [ 12.201325991343259, 47.0275219863884 ], [ 12.199068132987762, 47.027441912770549 ], [ 12.20000363424467, 47.028002612403093 ], [ 12.199537060527183, 47.028356834802317 ], [ 12.19960724736848, 47.029297587050927 ], [ 12.200368644177958, 47.029190847310701 ] ] ] } },
{ "type": "Feature", "properties": { "HOM_ID": 208, "NAME_D": "Roetkees", "NAME_IT": "Vedretta Rossa", "REGION": "Hohe Tauern", "ALT_MIN": 2725.0, "ALT_MAX": 2897.0, "ALT_MEDIAN": 2821.0, "area_km2": 0.0316830676 }, "geometry": { "type": "Polygon", "coordinates": [ [ [ 12.200194560950582, 47.037878714586867 ], [ 12.201720721536002, 47.03737171924066 ], [ 12.201148858318025, 47.036751980947471 ], [ 12.199815781951825, 47.03619231281511 ], [ 12.200252880929806, 47.036059771390136 ], [ 12.200009530422657, 47.035892752063823 ], [ 12.196745529276098, 47.036874562844822 ], [ 12.197245000862482, 47.037148068873165 ], [ 12.197189893536034, 47.037607452956053 ], [ 12.197671737810285, 47.03762732185676 ], [ 12.197455791723897, 47.037172841462777 ], [ 12.199501649965914, 47.03741662144872 ], [ 12.19908091364109, 47.036804151474264 ], [ 12.199461949640803, 47.036636706833043 ], [ 12.200515637491241, 47.037238651729595 ], [ 12.200194560950582, 47.037878714586867 ] ] ] } },
{ "type": "Feature", "properties": { "HOM_ID": 209, "NAME_D": "Virgilkees", "NAME_IT": null, "REGION": "Hohe Tauern", "ALT_MIN": 2487.0, "ALT_MAX": 2979.0, "ALT_MEDIAN": 2686.0, "area_km2": 0.257773711 }, "geometry": { "type": "Polygon", "coordinates": [ [ [ 12.201937065635075, 47.043172295031695 ], [ 12.20414074710637, 47.041441871687532 ], [ 12.203241824271792, 47.041135584809041 ], [ 12.204688386339008, 47.040908389728116 ], [ 12.204714223344046, 47.040688597263447 ], [ 12.20557358219437, 47.040799772538229 ], [ 12.20590528939907, 47.040170512231697 ], [ 12.207230723759112, 47.039856101598907 ], [ 12.206894820252366, 47.03962183765951 ], [ 12.207657442027763, 47.03930504009891 ], [ 12.210525560575986, 47.03890074795504 ], [ 12.209128534973942, 47.03841989594541 ], [ 12.208121240857647, 47.037507267369079 ], [ 12.208596243104234, 47.037376751288704 ], [ 12.20960814891767, 47.037842459887585 ], [ 12.210676215772006, 47.037811257986007 ], [ 12.210315098544832, 47.037260695425488 ], [ 12.208567054190578, 47.036558400206673 ], [ 12.20784334916396, 47.037072108973376 ], [ 12.206490611633404, 47.036667540612726 ], [ 12.20619259441728, 47.037034279015884 ], [ 12.205014312160367, 47.037256579036132 ], [ 12.204372831862239, 47.038144980892582 ], [ 12.203506748278443, 47.038197323179062 ], [ 12.202312134853956, 47.038931586923525 ], [ 12.201022139361964, 47.039108376779737 ], [ 12.200313032048534, 47.038888192658426 ], [ 12.199745237926816, 47.039178386054822 ], [ 12.199212633582372, 47.041046404530135 ], [ 12.200304770147861, 47.040810125973636 ], [ 12.199484190397738, 47.041905556925087 ], [ 12.200914357734224, 47.041869362030688 ], [ 12.201360108184446, 47.04289127064569 ], [ 12.201937065635075, 47.043172295031695 ] ], [ [ 12.201594509162486, 47.039484142292217 ], [ 12.202332411073089, 47.039475395488232 ], [ 12.202498536013275, 47.039806491432074 ], [ 12.201844126666751, 47.040046257419341 ], [ 12.201594509162486, 47.039484142292217 ] ] ] } },
{ "type": "Feature", "properties": { "HOM_ID": 210, "NAME_D": "Virgilkees", "NAME_IT": null, "REGION": "Hohe Tauern", "ALT_MIN": 2620.0, "ALT_MAX": 2866.0, "ALT_MEDIAN": 2692.0, "area_km2": 0.0721614154 }, "geometry": { "type": "Polygon", "coordinates": [ [ [ 12.207289872095492, 47.04458127550987 ], [ 12.212751160000272, 47.044959042552961 ], [ 12.211818171453187, 47.04444709350021 ], [ 12.212623453787781, 47.044341142327163 ], [ 12.213615995758575, 47.044684729568907 ], [ 12.214355200366947, 47.044406795876355 ], [ 12.212953922008515, 47.044217564906297 ], [ 12.213159816254384, 47.044049862574823 ], [ 12.211610080035729, 47.043476653933311 ], [ 12.21102055079716, 47.043752750336523 ], [ 12.208698234526343, 47.042871985853466 ], [ 12.207056394888738, 47.043084704909248 ], [ 12.206622337455819, 47.04281708398144 ], [ 12.20604106827593, 47.043071492147135 ], [ 12.207450978531805, 47.043347477589471 ], [ 12.206742985397979, 47.044102512065201 ], [ 12.207289872095492, 47.04458127550987 ] ], [ [ 12.211469069695115, 47.043894539750319 ], [ 12.211016691278921, 47.043829849238826 ], [ 12.211570781128872, 47.043775602907466 ], [ 12.211469069695115, 47.043894539750319 ] ] ] } },
{ "type": "Feature", "properties": { "HOM_ID": 209, "NAME_D": "Virgilkees", "NAME_IT": null, "REGION": "Hohe Tauern", "ALT_MIN": 2783.0, "ALT_MAX": 2948.0, "ALT_MEDIAN": 2850.0, "area_km2": 0.0352136152 }, "geometry": { "type": "Polygon", "coordinates": [ [ [ 12.210767489643089, 47.041362790496443 ], [ 12.209033104445879, 47.041788969089602 ], [ 12.21122037313938, 47.041053384917461 ], [ 12.211472098813413, 47.040465033497924 ], [ 12.208263272527253, 47.039766711847051 ], [ 12.209227339542508, 47.040530666258277 ], [ 12.208302194946437, 47.041053835814267 ], [ 12.208582999928639, 47.041253969746052 ], [ 12.20834227963128, 47.042186150255276 ], [ 12.209523867382341, 47.042024424786071 ], [ 12.210767489643089, 47.041362790496443 ] ] ] } },
{ "type": "Feature", "properties": { "HOM_ID": 211, "NAME_D": "Windtalkees", "NAME_IT": null, "REGION": "Hohe Tauern", "ALT_MIN": 2825.0, "ALT_MAX": 3068.0, "ALT_MEDIAN": 2947.0, "area_km2": 0.1095117935 }, "geometry": { "type": "Polygon", "coordinates": [ [ [ 12.214124594880824, 47.058829344832745 ], [ 12.213878110580788, 47.058160173607334 ], [ 12.214958955369003, 47.058036020676262 ], [ 12.215406616193047, 47.057678834380248 ], [ 12.21579658817547, 47.057087803748068 ], [ 12.215506180389539, 47.056403637715903 ], [ 12.215933256264929, 47.056182090513104 ], [ 12.214754750856242, 47.055542768572842 ], [ 12.213046239475981, 47.055127863692057 ], [ 12.212693523742335, 47.0557054399655 ], [ 12.211997438465396, 47.055671647054659 ], [ 12.211953474203815, 47.055343954686386 ], [ 12.211292279866052, 47.055672392463535 ], [ 12.210447538338348, 47.055530370088668 ], [ 12.210304969158896, 47.056005280722353 ], [ 12.210829928029076, 47.055910151435185 ], [ 12.21167392183477, 47.057009969429117 ], [ 12.211188371344369, 47.057099602811824 ], [ 12.211089280913491, 47.057539898884251 ], [ 12.210826645275901, 47.057092074267743 ], [ 12.210416039416465, 47.056950922819368 ], [ 12.210848656153926, 47.057333537998652 ], [ 12.210229660942042, 47.057324714640856 ], [ 12.209806697325341, 47.057782542916165 ], [ 12.210037683814566, 47.058073026397992 ], [ 12.209600773784835, 47.057883297209756 ], [ 12.209568330937357, 47.058149481825382 ], [ 12.211248130224238, 47.058045276666739 ], [ 12.211671713596683, 47.058414373674708 ], [ 12.213143018889301, 47.058359728110403 ], [ 12.214124594880824, 47.058829344832745 ] ], [ [ 12.211806637540898, 47.055821294583012 ], [ 12.212170146078288, 47.055956340424345 ], [ 12.212102195344809, 47.05610111814304 ], [ 12.211719196487463, 47.056047578552089 ], [ 12.211806637540898, 47.055821294583012 ] ], [ [ 12.214849278767081, 47.055778698487742 ], [ 12.214618712084157, 47.055942334090126 ], [ 12.214430448273601, 47.055766654515089 ], [ 12.214849278767081, 47.055778698487742 ] ], [ [ 12.214262720219503, 47.055468958668968 ], [ 12.214214499249042, 47.055420308474901 ], [ 12.214296503221011, 47.055451341228512 ], [ 12.214262720219503, 47.055468958668968 ] ] ] } },
{ "type": "Feature", "properties": { "HOM_ID": 211, "NAME_D": "Windtalkees", "NAME_IT": null, "REGION": "Hohe Tauern", "ALT_MIN": 2708.0, "ALT_MAX": 2929.0, "ALT_MEDIAN": 2805.0, "area_km2": 0.0514387901 }, "geometry": { "type": "Polygon", "coordinates": [ [ [ 12.211077603487391, 47.050195532685414 ], [ 12.212849850569125, 47.049888609969649 ], [ 12.213990089028202, 47.049094608395698 ], [ 12.214094898671641, 47.048694008162506 ], [ 12.213486929328129, 47.048048465593965 ], [ 12.214159817960695, 47.047863397425402 ], [ 12.214560105398451, 47.048147416370711 ], [ 12.214370574630331, 47.047255039518376 ], [ 12.214835774661605, 47.046649055867803 ], [ 12.213450012640775, 47.046892768650665 ], [ 12.212854752128909, 47.047320400184034 ], [ 12.21234218190143, 47.047216380095179 ], [ 12.211831854045274, 47.047893920521126 ], [ 12.211759146565482, 47.047469334099453 ], [ 12.211329290893783, 47.047481400779198 ], [ 12.211647887435277, 47.048211215861329 ], [ 12.21139780242091, 47.048780192802383 ], [ 12.211942211748857, 47.049027791683251 ], [ 12.211728415154839, 47.049458594355372 ], [ 12.21225725363502, 47.049354215485046 ], [ 12.211994153062538, 47.048766034539106 ], [ 12.212714598564256, 47.049435223082 ], [ 12.211365151013903, 47.049832428529669 ], [ 12.211077603487391, 47.050195532685414 ] ], [ [ 12.213084811574417, 47.048846558509581 ], [ 12.212602855145544, 47.048580305440289 ], [ 12.212865662282789, 47.048388384908364 ], [ 12.213084811574417, 47.048846558509581 ] ], [ [ 12.213062540577566, 47.048620973195511 ], [ 12.213523477597048, 47.048465156019446 ], [ 12.213432183243233, 47.048685002533411 ], [ 12.213062540577566, 47.048620973195511 ] ], [ [ 12.214103148531038, 47.047697687947029 ], [ 12.214039308678904, 47.047655668241539 ], [ 12.214146406937523, 47.047675518662125 ], [ 12.214103148531038, 47.047697687947029 ] ], [ [ 12.21252634106613, 47.047688522913788 ], [ 12.212352848539199, 47.047391171367927 ], [ 12.212754099338866, 47.047413240772762 ], [ 12.21252634106613, 47.047688522913788 ] ], [ [ 12.213851219413614, 47.047030417566312 ], [ 12.213741149702964, 47.046961121440127 ], [ 12.213860176140178, 47.046993971896327 ], [ 12.213851219413614, 47.047030417566312 ] ] ] } },
{ "type": "Feature", "properties": { "HOM_ID": 211, "NAME_D": "Windtalkees", "NAME_IT": null, "REGION": "Hohe Tauern", "ALT_MIN": 2801.0, "ALT_MAX": 2871.0, "ALT_MEDIAN": 2830.0, "area_km2": 0.0134539506 }, "geometry": { "type": "Polygon", "coordinates": [ [ [ 12.2138437709889, 47.054531352493264 ], [ 12.214301079742766, 47.053908925171378 ], [ 12.213656036506478, 47.053900853249907 ], [ 12.21362477919323, 47.053670757053844 ], [ 12.214176383771498, 47.053631450204065 ], [ 12.212203266113969, 47.052627245070035 ], [ 12.213574511621841, 47.053645976339446 ], [ 12.213090804952476, 47.053597651427189 ], [ 12.212604564677374, 47.054144688674263 ], [ 12.2138437709889, 47.054531352493264 ] ] ] } },
{ "type": "Feature", "properties": { "HOM_ID": 211, "NAME_D": "Windtalkees", "NAME_IT": null, "REGION": "Hohe Tauern", "ALT_MIN": 2677.0, "ALT_MAX": 2724.0, "ALT_MEDIAN": 2692.0, "area_km2": 0.0049382664 }, "geometry": { "type": "Polygon", "coordinates": [ [ [ 12.210899397543503, 47.051080627062511 ], [ 12.212189376941325, 47.050719385811512 ], [ 12.21040688278597, 47.050537254781432 ], [ 12.210899397543503, 47.051080627062511 ] ] ] } },
{ "type": "Feature", "properties": { "HOM_ID": 212, "NAME_D": "Gamstodkees", "NAME_IT": null, "REGION": "Hohe Tauern", "ALT_MIN": 2792.0, "ALT_MAX": 2948.0, "ALT_MEDIAN": 2841.0, "area_km2": 0.0274562337 }, "geometry": { "type": "Polygon", "coordinates": [ [ [ 12.205172468938235, 47.059232426718353 ], [ 12.204668963791205, 47.058985571290847 ], [ 12.204962913196843, 47.059019223549797 ], [ 12.204984671337519, 47.057536653951033 ], [ 12.20404366932758, 47.05728870055038 ], [ 12.204425861724182, 47.057630885524603 ], [ 12.204134881798549, 47.057796588718197 ], [ 12.203430871079689, 47.057284429426872 ], [ 12.202966232844565, 47.057554604772896 ], [ 12.203053579013362, 47.057960219912019 ], [ 12.202396579083285, 47.057637152325185 ], [ 12.202786116409026, 47.058102005184864 ], [ 12.202214446769837, 47.058679486690238 ], [ 12.202760427813315, 47.05847561583365 ], [ 12.203863287764138, 47.05922842253181 ], [ 12.205172468938235, 47.059232426718353 ] ], [ [ 12.204021391992104, 47.058788813118966 ], [ 12.20353236569265, 47.058629158137244 ], [ 12.203688000656712, 47.058481930374818 ], [ 12.204021391992104, 47.058788813118966 ] ], [ [ 12.2042703539645, 47.058172956145555 ], [ 12.204078972266252, 47.058154028587957 ], [ 12.204045938956133, 47.05805637306824 ], [ 12.2042703539645, 47.058172956145555 ] ], [ [ 12.203954277334104, 47.05806179741262 ], [ 12.203467125547865, 47.058061151692492 ], [ 12.203426618418487, 47.057873697731502 ], [ 12.203954277334104, 47.05806179741262 ] ] ] } },
{ "type": "Feature", "properties": { "HOM_ID": 213, "NAME_D": "Kerrakees", "NAME_IT": null, "REGION": "Hohe Tauern", "ALT_MIN": 2489.0, "ALT_MAX": 3073.0, "ALT_MEDIAN": 2701.0, "area_km2": 0.2188473534 }, "geometry": { "type": "Polygon", "coordinates": [ [ [ 12.209217367881527, 47.059103547801755 ], [ 12.208485763038835, 47.059189337285332 ], [ 12.208450395216321, 47.059540361581064 ], [ 12.205871844508957, 47.060817038633338 ], [ 12.205324700237599, 47.061516849510944 ], [ 12.205689795264487, 47.061476484142766 ], [ 12.205339951007431, 47.062332042544114 ], [ 12.201861635694595, 47.062859041744751 ], [ 12.20005926344249, 47.062661033877163 ], [ 12.197897180327184, 47.063653117151162 ], [ 12.197553924305129, 47.064540765694517 ], [ 12.198507096685566, 47.063792403764943 ], [ 12.19915483425229, 47.064287661551759 ], [ 12.197906914961274, 47.065489319786423 ], [ 12.198424915322089, 47.065846896952301 ], [ 12.200822979060623, 47.065375034846021 ], [ 12.201690403884625, 47.063930994242085 ], [ 12.202383379736162, 47.063985777885598 ], [ 12.202541069733799, 47.064823935224275 ], [ 12.202806793468312, 47.064645802099662 ], [ 12.203239997577729, 47.064929379916968 ], [ 12.206214493400855, 47.063864109100216 ], [ 12.206958297416046, 47.063136709382576 ], [ 12.20692315043269, 47.062428485446496 ], [ 12.20732457829539, 47.06219626024172 ], [ 12.207660446711531, 47.062400254307576 ], [ 12.208257126855063, 47.061979190366714 ], [ 12.210269134105854, 47.059655270343747 ], [ 12.209217367881527, 47.059103547801755 ] ] ] } },
{ "type": "Feature", "properties": { "HOM_ID": 214, "NAME_D": "Rosshufkees", "NAME_IT": null, "REGION": "Hohe Tauern", "ALT_MIN": 2542.0, "ALT_MAX": 3061.0, "ALT_MEDIAN": 2778.0, "area_km2": 0.1671209358 }, "geometry": { "type": "Polygon", "coordinates": [ [ [ 12.209969222145277, 47.065460138445431 ], [ 12.212102943013326, 47.063308097704777 ], [ 12.211932404434473, 47.062000414502741 ], [ 12.212421319199628, 47.062224925341312 ], [ 12.213348830948348, 47.061520985502874 ], [ 12.213019508186457, 47.061209696621823 ], [ 12.213651266699182, 47.06073713631497 ], [ 12.213511747995891, 47.060171117327975 ], [ 12.213981457759024, 47.060217452529855 ], [ 12.213417585499522, 47.059938026358168 ], [ 12.21197730370621, 47.05982297579628 ], [ 12.21214341547905, 47.060012615212059 ], [ 12.210690510965232, 47.060814895018524 ], [ 12.208909631953214, 47.062721979060861 ], [ 12.208170910653921, 47.063021125800923 ], [ 12.206424111361564, 47.066711255130222 ], [ 12.207947372970635, 47.066659030003002 ], [ 12.209179527739854, 47.065558094962299 ], [ 12.209969222145277, 47.065460138445431 ] ] ] } },
{ "type": "Feature", "properties": { "HOM_ID": 215, "NAME_D": "Lahnerkees Aeusseres", "NAME_IT": "Vedretta di Lana", "REGION": "Hohe Tauern", "ALT_MIN": 2264.0, "ALT_MAX": 3188.0, "ALT_MEDIAN": 2734.0, "area_km2": 1.1229690408 }, "geometry": { "type": "Polygon", "coordinates": [ [ [ 12.207965565860164, 47.0722891044921 ], [ 12.208397590168948, 47.071285830752821 ], [ 12.209529016248073, 47.070539747476865 ], [ 12.210428262331169, 47.070859787581895 ], [ 12.211064801695359, 47.070288302982917 ], [ 12.212068434558716, 47.070170837248057 ], [ 12.21666838535474, 47.067922723362308 ], [ 12.216638293775146, 47.067509135430193 ], [ 12.217438247415815, 47.067879822593213 ], [ 12.218575565114966, 47.067826581022999 ], [ 12.219024090373951, 47.066924878447807 ], [ 12.221752791349353, 47.066182144943021 ], [ 12.222852395253989, 47.0663637054069 ], [ 12.224030066504112, 47.067237320191182 ], [ 12.221822110388223, 47.067331397199844 ], [ 12.221973252899538, 47.067688441859218 ], [ 12.220611055355763, 47.06865484309408 ], [ 12.222886395899206, 47.069161059750897 ], [ 12.224347066627494, 47.068967591272063 ], [ 12.225548651242054, 47.069291481452673 ], [ 12.226146629267902, 47.068548476241155 ], [ 12.228215924804667, 47.06813234908617 ], [ 12.230910132504787, 47.068534490176063 ], [ 12.234847803503317, 47.06832404415028 ], [ 12.235735526336164, 47.067402771645881 ], [ 12.234410336951939, 47.066239962252013 ], [ 12.234760106760829, 47.066105581862999 ], [ 12.234065796673606, 47.065936816303221 ], [ 12.234262598989391, 47.065768381263439 ], [ 12.232450134176956, 47.065301591760949 ], [ 12.232805691381897, 47.065003899451661 ], [ 12.232433570956212, 47.065258245664765 ], [ 12.230761379592618, 47.06531309808021 ], [ 12.231015468217763, 47.065043041084593 ], [ 12.230088969843111, 47.065212073163366 ], [ 12.229579777393218, 47.064997855026625 ], [ 12.229793873137874, 47.064711785279378 ], [ 12.228357765485704, 47.064382760092926 ], [ 12.226098936872459, 47.064463620608649 ], [ 12.225036298550457, 47.063855426697501 ], [ 12.224398919357009, 47.06424441964343 ], [ 12.223471183401994, 47.064251947157111 ], [ 12.222416111286782, 47.064142667685978 ], [ 12.221910321859783, 47.063972609748234 ], [ 12.222855070510539, 47.064106015017984 ], [ 12.222888708872084, 47.063866474253807 ], [ 12.221353993118292, 47.063692534068387 ], [ 12.225576801796272, 47.062546397054419 ], [ 12.226122113581678, 47.061821600017595 ], [ 12.225061400039019, 47.061307883843639 ], [ 12.222689586537419, 47.061067547044821 ], [ 12.222194115561628, 47.061380704052006 ], [ 12.220421022307104, 47.061494355727298 ], [ 12.219282490622168, 47.062724126191874 ], [ 12.21939843817683, 47.06314471151714 ], [ 12.214928217019844, 47.064333829708588 ], [ 12.216536862205976, 47.062811531333331 ], [ 12.217108810529828, 47.062926510595766 ], [ 12.21799114758311, 47.062600612488119 ], [ 12.22125691839009, 47.060581982798006 ], [ 12.220720612247819, 47.060286576337049 ], [ 12.219440402190001, 47.060274984612477 ], [ 12.217266828664188, 47.061246621508417 ], [ 12.217450913136005, 47.060238662760881 ], [ 12.216436089355236, 47.059967259687959 ], [ 12.215771053201433, 47.060134777362101 ], [ 12.215759392746859, 47.060393841364863 ], [ 12.21506336616285, 47.060389806510535 ], [ 12.214571965903303, 47.060909613215451 ], [ 12.214526954246827, 47.061628261920823 ], [ 12.212641881994612, 47.06338145040224 ], [ 12.212539935309554, 47.064358408765621 ], [ 12.210885549520714, 47.065726078262379 ], [ 12.210244832135473, 47.066796080327642 ], [ 12.209400425585827, 47.067496323685717 ], [ 12.207452494224606, 47.068243601814544 ], [ 12.208001803409518, 47.068895739524088 ], [ 12.209538374724291, 47.069390572545338 ], [ 12.207556078316115, 47.071636834922828 ], [ 12.207965565860164, 47.0722891044921 ] ], [ [ 12.209748856862349, 47.069725174656355 ], [ 12.210005144509482, 47.069408432880934 ], [ 12.21046917527342, 47.069243017987191 ], [ 12.209748856862349, 47.069725174656355 ] ] ] } },
{ "type": "Feature", "properties": { "HOM_ID": 215, "NAME_D": "Lahnerkees Aeusseres", "NAME_IT": "Vedretta di Lana", "REGION": "Hohe Tauern", "ALT_MIN": 3216.0, "ALT_MAX": 3489.0, "ALT_MEDIAN": 3355.0, "area_km2": 0.1027701107 }, "geometry": { "type": "MultiPolygon", "coordinates": [ [ [ [ 12.238338700310065, 47.065631708271752 ], [ 12.238368712643698, 47.065609428719014 ], [ 12.238324965799494, 47.065612095219208 ], [ 12.238338700310065, 47.065631708271752 ] ] ], [ [ [ 12.238244053677828, 47.065691536101106 ], [ 12.238233604802392, 47.065726120652755 ], [ 12.238247512239834, 47.065748586222043 ], [ 12.238244053677828, 47.065691536101106 ] ] ], [ [ [ 12.237982876835664, 47.065694641597908 ], [ 12.238154212483556, 47.065692649779592 ], [ 12.237996635963855, 47.06564567638064 ], [ 12.237982876835664, 47.065694641597908 ] ] ], [ [ [ 12.236959078842983, 47.065308387402588 ], [ 12.235192730081808, 47.065699137899642 ], [ 12.23681421995815, 47.06708480013635 ], [ 12.235982577760163, 47.066933070947748 ], [ 12.236080927190837, 47.067198884753715 ], [ 12.236559579612315, 47.067184392933676 ], [ 12.23616908941311, 47.067328520817362 ], [ 12.236426912826863, 47.067640568095676 ], [ 12.237110713201579, 47.067468364915364 ], [ 12.237464835348149, 47.06694637978709 ], [ 12.237740087058794, 47.067002882589975 ], [ 12.23734392689355, 47.067768924471594 ], [ 12.236624442921322, 47.067915482349264 ], [ 12.236249848416211, 47.068148020063518 ], [ 12.237171372973549, 47.067870455424469 ], [ 12.237993827774128, 47.068026748674058 ], [ 12.236968202262561, 47.068326034126748 ], [ 12.236290845150338, 47.068966681998667 ], [ 12.238374610013929, 47.069759803079698 ], [ 12.239078266066063, 47.069736341771595 ], [ 12.240618816931848, 47.069065752926228 ], [ 12.24032126898755, 47.06826302352831 ], [ 12.238664669609561, 47.066133903677297 ], [ 12.236959078842983, 47.065308387402588 ] ] ] ] } },
{ "type": "Feature", "properties": { "HOM_ID": 216, "NAME_D": "Prettaukees", "NAME_IT": "Vedretta di Predoi", "REGION": "Hohe Tauern", "ALT_MIN": 2495.0, "ALT_MAX": 3145.0, "ALT_MEDIAN": 2737.0, "area_km2": 0.6265125191000001 }, "geometry": { "type": "Polygon", "coordinates": [ [ [ 12.218754911459323, 47.077948305273964 ], [ 12.220484263213111, 47.07765259527487 ], [ 12.222100404550513, 47.076462578215889 ], [ 12.223187913004425, 47.076463266595354 ], [ 12.223820751879847, 47.075715519889989 ], [ 12.224617954802985, 47.075613374937916 ], [ 12.225007298168476, 47.07507575128465 ], [ 12.225803336438618, 47.074784732278893 ], [ 12.227184722303555, 47.074505133573226 ], [ 12.228318082377248, 47.074839327680998 ], [ 12.231245295150233, 47.074613825042107 ], [ 12.23098947771177, 47.072978043048785 ], [ 12.231309917131806, 47.072873747163932 ], [ 12.229298959891391, 47.072183432618424 ], [ 12.229081805177749, 47.071257928822405 ], [ 12.23030016609057, 47.071089595751985 ], [ 12.231872573680182, 47.07129874465776 ], [ 12.231414201030907, 47.071142152230493 ], [ 12.232050207537707, 47.071100631489472 ], [ 12.232661463541454, 47.0704668600426 ], [ 12.233958050939359, 47.070269035492124 ], [ 12.233964300831641, 47.069735024837883 ], [ 12.234668833476505, 47.069084289084692 ], [ 12.231362891976255, 47.068589082360162 ], [ 12.230470022102462, 47.068897883712914 ], [ 12.226613131145964, 47.069123582985846 ], [ 12.226836744202185, 47.06927062554081 ], [ 12.225350423748154, 47.069576157824478 ], [ 12.220703452890799, 47.071855581359394 ], [ 12.218819177811447, 47.072437074721194 ], [ 12.217584685113401, 47.073495699437665 ], [ 12.219303777277641, 47.073682481987923 ], [ 12.22008011683694, 47.074476388248989 ], [ 12.218996239116393, 47.075229963375548 ], [ 12.217931766271175, 47.075423611800971 ], [ 12.217864028067071, 47.076613123238573 ], [ 12.217060572941628, 47.076945269671818 ], [ 12.218028129054611, 47.077264676781923 ], [ 12.218754911459323, 47.077948305273964 ] ] ] } },
{ "type": "Feature", "properties": { "HOM_ID": 216, "NAME_D": "Prettaukees", "NAME_IT": "Vedretta di Predoi", "REGION": "Hohe Tauern", "ALT_MIN": 3068.0, "ALT_MAX": 3406.0, "ALT_MEDIAN": 3265.0, "area_km2": 0.0852939265 }, "geometry": { "type": "Polygon", "coordinates": [ [ [ 12.232809567454792, 47.071692959919652 ], [ 12.233638100124917, 47.072353325347372 ], [ 12.232408234354745, 47.072172450858169 ], [ 12.233227910624741, 47.072470747752384 ], [ 12.233800770246443, 47.073297491551536 ], [ 12.234764342666695, 47.073254682250102 ], [ 12.236261459481359, 47.072780254699204 ], [ 12.237432566245797, 47.071552875086262 ], [ 12.238791312415573, 47.071220435728904 ], [ 12.238687562572924, 47.070659035035739 ], [ 12.239135718494548, 47.070462998353278 ], [ 12.238076575638303, 47.070123897846806 ], [ 12.236546308326441, 47.070176721868265 ], [ 12.235306548893439, 47.070940424798835 ], [ 12.235638744147861, 47.07147631841525 ], [ 12.234975068110725, 47.071854641785308 ], [ 12.234694706526213, 47.071483962970824 ], [ 12.234755899183078, 47.07202766648431 ], [ 12.234326960043017, 47.071235159503885 ], [ 12.233063571678722, 47.070819277081448 ], [ 12.232809567454792, 47.071692959919652 ] ] ] } },
{ "type": "Feature", "properties": { "HOM_ID": 217, "NAME_D": null, "NAME_IT": null, "REGION": "Rieserfernergruppe", "ALT_MIN": 2621.0, "ALT_MAX": 2800.0, "ALT_MEDIAN": 2704.0, "area_km2": 0.0299050369 }, "geometry": { "type": "Polygon", "coordinates": [ [ [ 12.012278265243046, 46.891406543101716 ], [ 12.012062671477672, 46.891610400754629 ], [ 12.013845986220639, 46.893370149586325 ], [ 12.013854018948365, 46.892506756997754 ], [ 12.014215868316896, 46.892532939713263 ], [ 12.014487823791491, 46.893278822535812 ], [ 12.015300748270484, 46.892909146327632 ], [ 12.015258036117729, 46.892197106290453 ], [ 12.014407725480751, 46.891570883601887 ], [ 12.014528970465982, 46.89100763285451 ], [ 12.014106886825683, 46.891508329502685 ], [ 12.012278265243046, 46.891406543101716 ] ] ] } },
{ "type": "Feature", "properties": { "HOM_ID": 218, "NAME_D": null, "NAME_IT": null, "REGION": "Rieserfernergruppe", "ALT_MIN": 2821.0, "ALT_MAX": 2853.0, "ALT_MEDIAN": 2838.0, "area_km2": 0.0034773351 }, "geometry": { "type": "Polygon", "coordinates": [ [ [ 12.029249019484192, 46.89297930754644 ], [ 12.029522463051817, 46.892840669468335 ], [ 12.028322048198476, 46.89194406183266 ], [ 12.02873588758658, 46.892688104874736 ], [ 12.029249019484192, 46.89297930754644 ] ] ] } },
{ "type": "Feature", "properties": { "HOM_ID": 218, "NAME_D": null, "NAME_IT": null, "REGION": "Rieserfernergruppe", "ALT_MIN": 2822.0, "ALT_MAX": 2855.0, "ALT_MEDIAN": 2841.0, "area_km2": 0.0007666245 }, "geometry": { "type": "Polygon", "coordinates": [ [ [ 12.029745585772059, 46.893161412529118 ], [ 12.029480549778768, 46.89315535628684 ], [ 12.029453144782284, 46.893581104545206 ], [ 12.029745585772059, 46.893161412529118 ] ] ] } },
{ "type": "Feature", "properties": { "HOM_ID": 219, "NAME_D": "Althauskees", "NAME_IT": "Vedretta di Casavecchia", "REGION": "Rieserfernergruppe", "ALT_MIN": 2464.0, "ALT_MAX": 2798.0, "ALT_MEDIAN": 2585.0, "area_km2": 0.3056082754 }, "geometry": { "type": "Polygon", "coordinates": [ [ [ 12.030892628655149, 46.894395184188156 ], [ 12.032116113217691, 46.8944084745197 ], [ 12.032225939492227, 46.894778933031255 ], [ 12.032482631111508, 46.894501624614485 ], [ 12.033710602645158, 46.894840525926504 ], [ 12.033769695807324, 46.895690472041885 ], [ 12.034461031681095, 46.895285426513141 ], [ 12.03424005385239, 46.894816956054179 ], [ 12.035607750089222, 46.895169274717517 ], [ 12.035997727841774, 46.895751300186099 ], [ 12.035216098867517, 46.896132081319834 ], [ 12.035399872580639, 46.896679640681874 ], [ 12.035908482339645, 46.896532794931815 ], [ 12.036763885545362, 46.898096911233502 ], [ 12.037699587058702, 46.898081588213152 ], [ 12.038352289702027, 46.89743561751721 ], [ 12.03903294457821, 46.897775664880967 ], [ 12.040281486963503, 46.897346252993941 ], [ 12.040540632620839, 46.898046101442866 ], [ 12.040035142926781, 46.898248128054369 ], [ 12.040710077656822, 46.899763672695748 ], [ 12.041311305475597, 46.899092384661785 ], [ 12.04281775907943, 46.898947544815762 ], [ 12.043832380660238, 46.899196765332832 ], [ 12.044104002072496, 46.899968661425092 ], [ 12.044969169071262, 46.899934202058915 ], [ 12.045181511443319, 46.898678900273509 ], [ 12.044611240044336, 46.898080687433293 ], [ 12.04485098684407, 46.897718555628977 ], [ 12.04338153353231, 46.896283232509468 ], [ 12.043215095292608, 46.896546258370165 ], [ 12.041960624029633, 46.896551055479179 ], [ 12.041184319966696, 46.895834482845721 ], [ 12.039355173770284, 46.895185892514135 ], [ 12.039272271389084, 46.894837479356987 ], [ 12.036760730720149, 46.89324569671534 ], [ 12.03483920534614, 46.893588395640691 ], [ 12.03392559099607, 46.893172113066811 ], [ 12.033457743052839, 46.893345252607674 ], [ 12.031498329886453, 46.893093602290669 ], [ 12.030565077436901, 46.893453484290603 ], [ 12.030330121795412, 46.894128155540976 ], [ 12.030892628655149, 46.894395184188156 ] ] ] } },
{ "type": "Feature", "properties": { "HOM_ID": 220, "NAME_D": "Gelttalferner Grosser", "NAME_IT": "Vedretta di Val Fredda", "REGION": "Rieserfernergruppe", "ALT_MIN": 2642.0, "ALT_MAX": 2907.0, "ALT_MEDIAN": 2736.0, "area_km2": 0.348957033 }, "geometry": { "type": "Polygon", "coordinates": [ [ [ 12.075094335971823, 46.890150754619569 ], [ 12.076349149764772, 46.89016288229864 ], [ 12.077002932836303, 46.889869552334744 ], [ 12.076547992024155, 46.889486036372617 ], [ 12.078155428962852, 46.887241128746616 ], [ 12.077800083457593, 46.885911982492338 ], [ 12.078849845796617, 46.884945012628869 ], [ 12.076194660563031, 46.88459544085061 ], [ 12.076074226903421, 46.884274328580638 ], [ 12.075367467581973, 46.88456053827629 ], [ 12.074884560861317, 46.883732006236237 ], [ 12.073115585424734, 46.884591661118037 ], [ 12.072589765467301, 46.88426349082161 ], [ 12.072940969636578, 46.883906400369121 ], [ 12.072470055864235, 46.88368807623597 ], [ 12.072021476061492, 46.884164459499736 ], [ 12.072172269147835, 46.884493776448636 ], [ 12.07167638487747, 46.884507095744759 ], [ 12.071659310117399, 46.884633758343895 ], [ 12.071925144082524, 46.885225693391 ], [ 12.071443167314516, 46.885623540068352 ], [ 12.070683062668062, 46.885715209271368 ], [ 12.071216550695313, 46.885791577593601 ], [ 12.071310515527211, 46.886112012096447 ], [ 12.070873931562838, 46.886309017536753 ], [ 12.070873664033764, 46.887690595053058 ], [ 12.070357497299883, 46.887884472159364 ], [ 12.070685637520596, 46.888521442812774 ], [ 12.070318276966148, 46.888511303313244 ], [ 12.070209135811563, 46.889008569597507 ], [ 12.071125186112116, 46.889227452524196 ], [ 12.071561616281899, 46.890081535765859 ], [ 12.071314280673182, 46.891215500330667 ], [ 12.070273285772613, 46.892595969408589 ], [ 12.070895070820411, 46.892535462466249 ], [ 12.071287923587924, 46.891629583276 ], [ 12.072344757826302, 46.890766288033554 ], [ 12.072874562085621, 46.890810631565181 ], [ 12.072145903207071, 46.89153925601687 ], [ 12.073780685673588, 46.890547686696003 ], [ 12.075094335971823, 46.890150754619569 ] ], [ [ 12.072434329922913, 46.884595150849321 ], [ 12.072240783436001, 46.884708933481065 ], [ 12.072301292995265, 46.884564435505268 ], [ 12.072434329922913, 46.884595150849321 ] ], [ [ 12.071782189019677, 46.884669816844209 ], [ 12.071783570253901, 46.884766933347279 ], [ 12.071744411556528, 46.884665116616524 ], [ 12.071782189019677, 46.884669816844209 ] ], [ [ 12.072230043405337, 46.884922101149535 ], [ 12.072097289701956, 46.884932810278016 ], [ 12.072152655184258, 46.884844170945044 ], [ 12.072230043405337, 46.884922101149535 ] ] ] } },
{ "type": "Feature", "properties": { "HOM_ID": 220, "NAME_D": "Gelttalferner Grosser", "NAME_IT": "Vedretta di Val Fredda", "REGION": "Rieserfernergruppe", "ALT_MIN": 2814.0, "ALT_MAX": 3011.0, "ALT_MEDIAN": 2912.0, "area_km2": 0.2248966598 }, "geometry": { "type": "Polygon", "coordinates": [ [ [ 12.065342249200629, 46.890331377883697 ], [ 12.06659510737909, 46.889692015474623 ], [ 12.066515058352801, 46.889417229585497 ], [ 12.067097976657807, 46.889398502978743 ], [ 12.067204265349963, 46.888187972112803 ], [ 12.066647050338304, 46.887972351525697 ], [ 12.066619258480113, 46.887582580927202 ], [ 12.065525078230975, 46.887592864115483 ], [ 12.063626554212972, 46.887005781398699 ], [ 12.064047395314415, 46.885962781756909 ], [ 12.063524396303139, 46.885689645890267 ], [ 12.061496259230196, 46.885790107168511 ], [ 12.060646604793915, 46.886092876805812 ], [ 12.058446103530633, 46.888838445118147 ], [ 12.057831249306522, 46.888714990284967 ], [ 12.057166534284153, 46.889012550520938 ], [ 12.057296318748643, 46.889309707044362 ], [ 12.058921764465113, 46.889415070081476 ], [ 12.058868301231682, 46.889696290354536 ], [ 12.060113980285646, 46.889460566559464 ], [ 12.060171374341419, 46.889706080141693 ], [ 12.061749080715964, 46.890082826566015 ], [ 12.06234618302315, 46.889882059766201 ], [ 12.063567518498699, 46.890005557871369 ], [ 12.063441541592688, 46.890184188478862 ], [ 12.064448375102563, 46.890054348546791 ], [ 12.064016645406493, 46.890328798896661 ], [ 12.064603078073741, 46.890135926231892 ], [ 12.065342249200629, 46.890331377883697 ] ], [ [ 12.058428209418574, 46.888981795955623 ], [ 12.058436311015376, 46.888895260668477 ], [ 12.058475050595801, 46.888965660430635 ], [ 12.058428209418574, 46.888981795955623 ] ], [ [ 12.062471634200106, 46.886304091440458 ], [ 12.061575656542713, 46.886433785312946 ], [ 12.06154179804399, 46.886334940807046 ], [ 12.062078780933462, 46.886040669398596 ], [ 12.062471634200106, 46.886304091440458 ] ] ] } },
{ "type": "Feature", "properties": { "HOM_ID": 220, "NAME_D": "Gelttalferner Grosser", "NAME_IT": "Vedretta di Val Fredda", "REGION": "Rieserfernergruppe", "ALT_MIN": 2875.0, "ALT_MAX": 2958.0, "ALT_MEDIAN": 2909.0, "area_km2": 0.0128249617 }, "geometry": { "type": "Polygon", "coordinates": [ [ [ 12.069860758213865, 46.88548816291236 ], [ 12.070724979590217, 46.884857757846113 ], [ 12.070311138378342, 46.884361672825428 ], [ 12.069455888303604, 46.884273189438687 ], [ 12.068554425000272, 46.884798859163475 ], [ 12.068914022876697, 46.884673484992888 ], [ 12.068786862019335, 46.885001216028265 ], [ 12.069535246856802, 46.884969703058786 ], [ 12.069076493844683, 46.885256327932488 ], [ 12.069860758213865, 46.88548816291236 ] ], [ [ 12.069446111321705, 46.885306415730909 ], [ 12.069507924768574, 46.885257608695248 ], [ 12.069518365074119, 46.885294475106122 ], [ 12.069446111321705, 46.885306415730909 ] ] ] } },
{ "type": "Feature", "properties": { "HOM_ID": 220, "NAME_D": "Gelttalferner Grosser", "NAME_IT": "Vedretta di Val Fredda", "REGION": "Rieserfernergruppe", "ALT_MIN": 2862.0, "ALT_MAX": 2927.0, "ALT_MEDIAN": 2892.0, "area_km2": 0.0051852398 }, "geometry": { "type": "Polygon", "coordinates": [ [ [ 12.067907054801474, 46.886290104779228 ], [ 12.069514098818599, 46.88621126716631 ], [ 12.070107998344637, 46.886028643062573 ], [ 12.06806784312727, 46.885942898972118 ], [ 12.067907054801474, 46.886290104779228 ] ] ] } },
{ "type": "Feature", "properties": { "HOM_ID": 221, "NAME_D": "Gelttalferner Kleiner", "NAME_IT": null, "REGION": "Rieserfernergruppe", "ALT_MIN": 2805.0, "ALT_MAX": 3036.0, "ALT_MEDIAN": 2895.0, "area_km2": 0.1572097828 }, "geometry": { "type": "Polygon", "coordinates": [ [ [ 12.081530696793031, 46.902215639928855 ], [ 12.081875806848247, 46.901509126974204 ], [ 12.08307288737655, 46.901373997035556 ], [ 12.083015139078178, 46.901602719704179 ], [ 12.083343101930348, 46.901469580169 ], [ 12.084126871341898, 46.901832773628612 ], [ 12.084732914193388, 46.901314949720984 ], [ 12.085337188359253, 46.901964433061309 ], [ 12.086565156817411, 46.901278376851508 ], [ 12.086405997303169, 46.900539738566721 ], [ 12.08686249873533, 46.899741623808488 ], [ 12.084679676818668, 46.898672996256856 ], [ 12.084794994061646, 46.898438696119314 ], [ 12.084136974353852, 46.898436274416532 ], [ 12.084212056969497, 46.898056820611622 ], [ 12.081505106739575, 46.897801180963498 ], [ 12.080947593715662, 46.898135280436662 ], [ 12.080566087717651, 46.899055173136603 ], [ 12.081047880813122, 46.899864120496723 ], [ 12.080693333266609, 46.899972252697872 ], [ 12.081432735305533, 46.900870998746626 ], [ 12.080415512103951, 46.901052702171469 ], [ 12.079679594778593, 46.900578184307385 ], [ 12.080091972204235, 46.901008552742098 ], [ 12.079541954754809, 46.901486267684824 ], [ 12.080624687396009, 46.901974304979788 ], [ 12.080432638565789, 46.901642301127886 ], [ 12.080698024377556, 46.901653725987245 ], [ 12.080959120798271, 46.902281043724805 ], [ 12.081530696793031, 46.902215639928855 ] ], [ [ 12.084674011479567, 46.901034515988094 ], [ 12.084974602345884, 46.900521594914096 ], [ 12.085485867656134, 46.90053161503689 ], [ 12.085263815878713, 46.901262679389909 ], [ 12.084674011479567, 46.901034515988094 ] ], [ [ 12.081325491147345, 46.899088706159773 ], [ 12.081143227733612, 46.898636426853415 ], [ 12.08145180986376, 46.898310938741922 ], [ 12.081722668790823, 46.899072290211024 ], [ 12.081325491147345, 46.899088706159773 ] ], [ [ 12.081069541305476, 46.898405530986551 ], [ 12.081201690045736, 46.898529127015252 ], [ 12.081106248527915, 46.898573131345756 ], [ 12.081069541305476, 46.898405530986551 ] ], [ [ 12.080910410353031, 46.898538402895987 ], [ 12.080975026507621, 46.898683819426005 ], [ 12.080924469061282, 46.898710898194715 ], [ 12.080910410353031, 46.898538402895987 ] ] ] } },
{ "type": "Feature", "properties": { "HOM_ID": 223, "NAME_D": "Schneebigernockferner", "NAME_IT": "Vedretta di Monte Nevoso", "REGION": "Rieserfernergruppe", "ALT_MIN": 2660.0, "ALT_MAX": 3302.0, "ALT_MEDIAN": 3055.0, "area_km2": 0.3482214541 }, "geometry": { "type": "Polygon", "coordinates": [ [ [ 12.077044764857922, 46.914856187700209 ], [ 12.077796612129896, 46.915310143119783 ], [ 12.078502884908218, 46.915317001106501 ], [ 12.07900416845502, 46.916120256380012 ], [ 12.080913586546393, 46.916390300075655 ], [ 12.081642322142008, 46.915161023459554 ], [ 12.081012164440871, 46.914413637865401 ], [ 12.081600835423233, 46.913892966414586 ], [ 12.081678816804395, 46.911733103392848 ], [ 12.082550477658119, 46.912246704213523 ], [ 12.082972206339827, 46.910791369550068 ], [ 12.084238616219704, 46.910218596230827 ], [ 12.084809907193357, 46.911202966138006 ], [ 12.084436599926111, 46.91172698075227 ], [ 12.086193829392958, 46.910885166240504 ], [ 12.085645730815378, 46.910940248897511 ], [ 12.086451064581661, 46.910051025867403 ], [ 12.087898171553711, 46.91021331071552 ], [ 12.086760301218876, 46.909177329579919 ], [ 12.086450541217392, 46.909389174619406 ], [ 12.08627376354846, 46.909141193612506 ], [ 12.08554090740963, 46.909596592107597 ], [ 12.084949550249243, 46.909346767207424 ], [ 12.084749114006364, 46.908574289171625 ], [ 12.08428934531281, 46.908639263258358 ], [ 12.083749298051339, 46.908047007729436 ], [ 12.084028402612098, 46.90661180758228 ], [ 12.082930285911472, 46.906018750609157 ], [ 12.081702955085101, 46.906872603386986 ], [ 12.080102924344841, 46.906975195276964 ], [ 12.078580311798905, 46.909035001656633 ], [ 12.078936783647581, 46.909240666108168 ], [ 12.078675130144811, 46.91038548277686 ], [ 12.078140626848432, 46.910608223200065 ], [ 12.078138371254669, 46.911099404468359 ], [ 12.078577273657812, 46.910572658666403 ], [ 12.079018719999855, 46.910923908013814 ], [ 12.079053121110801, 46.910539014290542 ], [ 12.079730540248484, 46.911286271317302 ], [ 12.079728301011015, 46.911906292760918 ], [ 12.079206431799895, 46.911713179862197 ], [ 12.080012456503766, 46.913043994766262 ], [ 12.081322831351017, 46.913226579388628 ], [ 12.081462016678616, 46.913653825442836 ], [ 12.080571472021932, 46.913515893454139 ], [ 12.07996575153766, 46.913739369695406 ], [ 12.079532580122487, 46.91297238325005 ], [ 12.079206307478046, 46.912978787066336 ], [ 12.079128999413507, 46.913388051597266 ], [ 12.079102221650579, 46.912981589177221 ], [ 12.078366962417201, 46.913127583221161 ], [ 12.076588843258735, 46.914237437047213 ], [ 12.076796735599466, 46.915136697418426 ], [ 12.077044764857922, 46.914856187700209 ] ], [ [ 12.085971358931358, 46.910147313983309 ], [ 12.08629831311363, 46.909982255994933 ], [ 12.086378332113259, 46.910068676942991 ], [ 12.085971358931358, 46.910147313983309 ] ], [ [ 12.085981370256809, 46.909945089107346 ], [ 12.085827340928157, 46.909845944673698 ], [ 12.085992630411198, 46.9099233541506 ], [ 12.085981370256809, 46.909945089107346 ] ], [ [ 12.086526205605219, 46.909859567448827 ], [ 12.086719264290341, 46.909867556473216 ], [ 12.086606912764044, 46.909923382952854 ], [ 12.086526205605219, 46.909859567448827 ] ], [ [ 12.084423692410009, 46.909713860050367 ], [ 12.084037695039251, 46.909799276442001 ], [ 12.084256443503373, 46.909675508833374 ], [ 12.084423692410009, 46.909713860050367 ] ], [ [ 12.085626610789131, 46.909927373087811 ], [ 12.085755421680872, 46.909952754798582 ], [ 12.085649638873095, 46.909952793556535 ], [ 12.085626610789131, 46.909927373087811 ] ] ] } },
{ "type": "Feature", "properties": { "HOM_ID": 223, "NAME_D": "Schneebigernockferner", "NAME_IT": "Vedretta di Monte Nevoso", "REGION": "Rieserfernergruppe", "ALT_MIN": 2735.0, "ALT_MAX": 3024.0, "ALT_MEDIAN": 2894.0, "area_km2": 0.1077491323 }, "geometry": { "type": "Polygon", "coordinates": [ [ [ 12.090564215963516, 46.915144387964176 ], [ 12.091209072424293, 46.915480568505771 ], [ 12.09209186040048, 46.915060237933709 ], [ 12.091521337119604, 46.913932687433956 ], [ 12.091141817479874, 46.914221545323471 ], [ 12.091314613160893, 46.913691821706522 ], [ 12.089835667909652, 46.912515938742331 ], [ 12.088358951558524, 46.912291845713611 ], [ 12.087716646165626, 46.91184938573025 ], [ 12.087964958383177, 46.911559915624849 ], [ 12.088313991179772, 46.911738009976141 ], [ 12.088325999963091, 46.911493613866114 ], [ 12.087256963914408, 46.911257566442131 ], [ 12.088941817512309, 46.91124037217957 ], [ 12.086883036779401, 46.911187793244864 ], [ 12.084629151588091, 46.911851345848945 ], [ 12.084799538650415, 46.913138544108179 ], [ 12.08531566372816, 46.913276424432652 ], [ 12.085291926192976, 46.912994963594322 ], [ 12.085854125901859, 46.913393358518427 ], [ 12.086451057270818, 46.913390450907791 ], [ 12.088721497668944, 46.912902399638583 ], [ 12.08869317414301, 46.913181584829459 ], [ 12.08996950533146, 46.913815749173985 ], [ 12.090019785212112, 46.913433400169481 ], [ 12.090614082173369, 46.913746471520582 ], [ 12.088976834172357, 46.914536823362965 ], [ 12.088534603890366, 46.915292078742539 ], [ 12.089909163060296, 46.915808579691507 ], [ 12.090564215963516, 46.915144387964176 ] ], [ [ 12.086941811513201, 46.911454246977463 ], [ 12.086686250957744, 46.911542104225404 ], [ 12.087060424241242, 46.91134151037361 ], [ 12.086941811513201, 46.911454246977463 ] ], [ [ 12.086671992757143, 46.911656786030719 ], [ 12.086882617358308, 46.911693963970379 ], [ 12.086673388040552, 46.911802001882542 ], [ 12.086671992757143, 46.911656786030719 ] ] ] } },
{ "type": "Feature", "properties": { "HOM_ID": 222, "NAME_D": "Schneebigernockferner", "NAME_IT": "Vedretta di Monte Nevoso", "REGION": "Rieserfernergruppe", "ALT_MIN": 3171.0, "ALT_MAX": 3232.0, "ALT_MEDIAN": 3206.0, "area_km2": 0.0051417419 }, "geometry": { "type": "Polygon", "coordinates": [ [ [ 12.082494244426954, 46.905830095382761 ], [ 12.082140647230576, 46.905064909138972 ], [ 12.082249134964083, 46.9047966723545 ], [ 12.081503525930344, 46.905835566771593 ], [ 12.082494244426954, 46.905830095382761 ] ] ] } },
{ "type": "Feature", "properties": { "HOM_ID": 224, "NAME_D": "Rieserferner Westlicher", "NAME_IT": "Vedretta di Ries Occidentale", "REGION": "Rieserfernergruppe", "ALT_MIN": 2571.0, "ALT_MAX": 3230.0, "ALT_MEDIAN": 2987.0, "area_km2": 2.0148363978 }, "geometry": { "type": "Polygon", "coordinates": [ [ [ 12.095457736870825, 46.915952906198243 ], [ 12.097467705001812, 46.915212915027958 ], [ 12.097484978279091, 46.91443038003554 ], [ 12.097846813378165, 46.914227107853009 ], [ 12.097419109320851, 46.913469214720394 ], [ 12.097636825369722, 46.913598802841229 ], [ 12.098215481556931, 46.911358372806617 ], [ 12.099578386703655, 46.909810901466351 ], [ 12.09976198552447, 46.910434235971756 ], [ 12.099309496553513, 46.9106890881569 ], [ 12.100117766512481, 46.912559782897951 ], [ 12.099793434193945, 46.913410364287436 ], [ 12.100283864891617, 46.914360341324581 ], [ 12.102449129016163, 46.914716952900534 ], [ 12.103019249259988, 46.915170056360502 ], [ 12.103372682327107, 46.913002796161621 ], [ 12.103085877461144, 46.913095208031031 ], [ 12.102785018898329, 46.912460833179964 ], [ 12.103122697689471, 46.911849984984521 ], [ 12.103557760018839, 46.911848829824869 ], [ 12.103418967908055, 46.91019554015093 ], [ 12.103922252477362, 46.910294274872484 ], [ 12.103583320092255, 46.910139645894418 ], [ 12.103518008982137, 46.909244374365187 ], [ 12.104421053287668, 46.909688962237837 ], [ 12.104579434004515, 46.909363201989777 ], [ 12.103850505660532, 46.90898532611579 ], [ 12.104042651490147, 46.90870270238743 ], [ 12.104590646616284, 46.908925948511119 ], [ 12.104923684433807, 46.908676406878911 ], [ 12.105417774540815, 46.909018981602379 ], [ 12.106199498130472, 46.908657242812716 ], [ 12.106747971868739, 46.9090388149326 ], [ 12.106370704107825, 46.908583538600652 ], [ 12.106760907548491, 46.908387432993429 ], [ 12.106735260233599, 46.907887851666828 ], [ 12.107267354710109, 46.908136519175692 ], [ 12.107235349370956, 46.907643290813326 ], [ 12.107933364643777, 46.907837682261814 ], [ 12.107926724780977, 46.905750503532708 ], [ 12.108338122172611, 46.905234509509469 ], [ 12.107756044613511, 46.904151404121336 ], [ 12.10674277192831, 46.903258069145274 ], [ 12.104163553065165, 46.901955870950523 ], [ 12.101436733035671, 46.89960638198405 ], [ 12.098751725687144, 46.898586786181021 ], [ 12.097102187403641, 46.899340464171708 ], [ 12.095444786977659, 46.898893024472088 ], [ 12.094033028320249, 46.899171725910541 ], [ 12.092935099810434, 46.900768423726277 ], [ 12.092457798142448, 46.899990599593828 ], [ 12.090078067553405, 46.900080716232246 ], [ 12.089928106694041, 46.901163856564267 ], [ 12.089135406980008, 46.902239553084627 ], [ 12.089054401818702, 46.901911612023881 ], [ 12.088523281198469, 46.901862059003221 ], [ 12.087919900983451, 46.903528997245125 ], [ 12.087205589097278, 46.903266073576724 ], [ 12.086785915359064, 46.902452077312667 ], [ 12.0861707483585, 46.903373871942357 ], [ 12.08554970933762, 46.903246861921886 ], [ 12.085425408082939, 46.903788005695461 ], [ 12.085539741233754, 46.904290764345923 ], [ 12.086283519093151, 46.904448678740799 ], [ 12.086391815522839, 46.904253355650766 ], [ 12.086828756367735, 46.904762664272198 ], [ 12.087411813506698, 46.906854654405052 ], [ 12.087117471004616, 46.907411040083609 ], [ 12.08780828449836, 46.908345506384485 ], [ 12.087860967397299, 46.909126809286342 ], [ 12.088732689743889, 46.909597307480716 ], [ 12.090076071156041, 46.911555509299014 ], [ 12.091675141835463, 46.91254295578733 ], [ 12.09260383410056, 46.913765593406772 ], [ 12.093608858726986, 46.914140836050485 ], [ 12.09453128266289, 46.915675563894517 ], [ 12.095146420375338, 46.915797028763464 ], [ 12.094938135042689, 46.915197842061751 ], [ 12.095250277084233, 46.91521359026693 ], [ 12.095457736870825, 46.915952906198243 ] ], [ [ 12.099094483171051, 46.907678331131685 ], [ 12.099163890882354, 46.909360222047049 ], [ 12.098654338725488, 46.910415143515863 ], [ 12.09826496917608, 46.909813819621917 ], [ 12.099094483171051, 46.907678331131685 ] ] ] } },
{ "type": "Feature", "properties": { "HOM_ID": 225, "NAME_D": "Rieserferner Oestlicher", "NAME_IT": "Vedretta di Ries Orientale", "REGION": "Rieserfernergruppe", "ALT_MIN": 2590.0, "ALT_MAX": 3129.0, "ALT_MEDIAN": 2819.0, "area_km2": 0.7426457792 }, "geometry": { "type": "Polygon", "coordinates": [ [ [ 12.11784518091209, 46.910791811552556 ], [ 12.118788731005552, 46.910627027874597 ], [ 12.118431150130602, 46.910093865116927 ], [ 12.119047068031643, 46.909869905931821 ], [ 12.117436883146892, 46.908181062580361 ], [ 12.117883245449654, 46.90723945845982 ], [ 12.117580097729602, 46.907104850484302 ], [ 12.118182299561724, 46.906285969636173 ], [ 12.117943224960484, 46.906169299186985 ], [ 12.1184034988927, 46.905787031092274 ], [ 12.119137041150532, 46.906452813229471 ], [ 12.119802153695836, 46.906298943909327 ], [ 12.119734638879148, 46.906093621174143 ], [ 12.121118490251163, 46.905991573505482 ], [ 12.121516314203983, 46.906499818133838 ], [ 12.121891683895567, 46.906382418455678 ], [ 12.121609128953853, 46.905955555116137 ], [ 12.12258141658522, 46.905934973459559 ], [ 12.122476590664013, 46.905625898087777 ], [ 12.123392152597624, 46.906015227348604 ], [ 12.123019791868376, 46.905550294769519 ], [ 12.123564302495128, 46.904972322444614 ], [ 12.125078076496459, 46.904416630953065 ], [ 12.127225002674802, 46.904353186270654 ], [ 12.127864029264877, 46.904826238370461 ], [ 12.128109958305334, 46.904395658822004 ], [ 12.127829130814721, 46.904346190569605 ], [ 12.128505157485211, 46.904141966279234 ], [ 12.13088942649069, 46.904574393630327 ], [ 12.131068396294403, 46.904843331956179 ], [ 12.132552512082514, 46.904614577726321 ], [ 12.133100492526321, 46.904210526861895 ], [ 12.133594459398299, 46.903059683689243 ], [ 12.13202162453106, 46.902347023578052 ], [ 12.131733103860602, 46.901703377435027 ], [ 12.130022396542607, 46.90043681397745 ], [ 12.125609886506242, 46.900061168517226 ], [ 12.123944061763391, 46.900509104969629 ], [ 12.123674655950566, 46.901611816096398 ], [ 12.122001960812421, 46.900985989247268 ], [ 12.12208304689462, 46.901305238629661 ], [ 12.121387522603719, 46.901293267238067 ], [ 12.120607707764879, 46.900547800572362 ], [ 12.119622189808155, 46.901105694056149 ], [ 12.119422893514507, 46.900844435439005 ], [ 12.118238655103378, 46.901031506652849 ], [ 12.118253694604944, 46.901290647987736 ], [ 12.117760047584579, 46.901041326343552 ], [ 12.116835447681472, 46.902474663770882 ], [ 12.116609646195075, 46.903433296537159 ], [ 12.117043556410705, 46.903726265827586 ], [ 12.116330345507288, 46.904872384949634 ], [ 12.115499066318366, 46.904945612708502 ], [ 12.115573534055939, 46.904312566651797 ], [ 12.114995108497341, 46.904583110478768 ], [ 12.113610108759699, 46.903465941802658 ], [ 12.113667206736933, 46.903971583094368 ], [ 12.113145950300938, 46.904222254683425 ], [ 12.113969565296632, 46.905648525588738 ], [ 12.114507428985672, 46.907840059820039 ], [ 12.116603435640441, 46.910512769520707 ], [ 12.11784518091209, 46.910791811552556 ] ] ] } },
{ "type": "Feature", "properties": { "HOM_ID": 225, "NAME_D": "Rieserferner Oestlicher", "NAME_IT": "Vedretta di Ries Orientale", "REGION": "Rieserfernergruppe", "ALT_MIN": 2598.0, "ALT_MAX": 3033.0, "ALT_MEDIAN": 2775.0, "area_km2": 0.4184340719 }, "geometry": { "type": "Polygon", "coordinates": [ [ [ 12.132510589466127, 46.913184591999318 ], [ 12.133214055321456, 46.912674796547691 ], [ 12.132237237947505, 46.911835747923938 ], [ 12.133100055800011, 46.911462713700253 ], [ 12.132522575904574, 46.911207074524818 ], [ 12.132253531086706, 46.910120996185725 ], [ 12.131678835342809, 46.909799555528998 ], [ 12.134699944823897, 46.908838606507729 ], [ 12.134460056490923, 46.90839561073448 ], [ 12.133885694492225, 46.908318007056103 ], [ 12.134981804888543, 46.907809822544358 ], [ 12.134423887530673, 46.907521819071292 ], [ 12.134731518650057, 46.906864864210014 ], [ 12.134000043619391, 46.905971958375353 ], [ 12.132838421534002, 46.906041695895446 ], [ 12.132070821798013, 46.906909729801818 ], [ 12.130704235284574, 46.907477297601986 ], [ 12.129361170649579, 46.907632737456552 ], [ 12.128798898791842, 46.907127738113694 ], [ 12.127507005351202, 46.90723152755443 ], [ 12.126142016359136, 46.908051962087747 ], [ 12.125419135050866, 46.908037250098197 ], [ 12.125425824238103, 46.908486638355896 ], [ 12.125336271610809, 46.907711861760554 ], [ 12.125016114486572, 46.907751089543908 ], [ 12.124676714418083, 46.907985147636282 ], [ 12.124825433930582, 46.908725923332888 ], [ 12.124576037054858, 46.908500331790478 ], [ 12.124201179649249, 46.909463052147153 ], [ 12.123608946937171, 46.909890699268502 ], [ 12.121932353797268, 46.910170785508384 ], [ 12.121628654623773, 46.909584728081015 ], [ 12.121069250091695, 46.910051469998834 ], [ 12.12041493888783, 46.91003312888288 ], [ 12.120670717596735, 46.912091125706596 ], [ 12.12154196447238, 46.911297746485019 ], [ 12.123028741493417, 46.911556816562737 ], [ 12.122105653310134, 46.912030851091778 ], [ 12.12242006181134, 46.912836637894969 ], [ 12.12322995296085, 46.912183506721931 ], [ 12.125264485334023, 46.911496913589225 ], [ 12.129702514891825, 46.911449374428443 ], [ 12.130406821804977, 46.910894329415719 ], [ 12.131588227916856, 46.912026395209836 ], [ 12.130380206474948, 46.912166618418084 ], [ 12.12928353841758, 46.911713245758691 ], [ 12.129155241875081, 46.912373966405767 ], [ 12.129495060818373, 46.912719467375133 ], [ 12.132510589466127, 46.913184591999318 ] ], [ [ 12.130648791265275, 46.909760605791583 ], [ 12.130876397859259, 46.909373383589759 ], [ 12.131628776227107, 46.909464701150362 ], [ 12.130984320574312, 46.90985381256391 ], [ 12.130648791265275, 46.909760605791583 ] ], [ [ 12.131144661686585, 46.908968379326154 ], [ 12.131970190119608, 46.908586214373393 ], [ 12.132337215782393, 46.908623787312521 ], [ 12.131544153913717, 46.909086026324267 ], [ 12.131144661686585, 46.908968379326154 ] ] ] } },
{ "type": "Feature", "properties": { "HOM_ID": 225, "NAME_D": "Rieserferner Oestlicher", "NAME_IT": "Vedretta di Ries Orientale", "REGION": "Rieserfernergruppe", "ALT_MIN": 3014.0, "ALT_MAX": 3061.0, "ALT_MEDIAN": 3037.0, "area_km2": 0.0056357119 }, "geometry": { "type": "Polygon", "coordinates": [ [ [ 12.129680288761168, 46.905818454039029 ], [ 12.130653158469721, 46.905725746120702 ], [ 12.131058090151306, 46.905125429267045 ], [ 12.130577898209481, 46.904951341490836 ], [ 12.129802074279311, 46.905736649480644 ], [ 12.129484645118339, 46.905632444854042 ], [ 12.129680288761168, 46.905818454039029 ] ] ] } },
{ "type": "Feature", "properties": { "HOM_ID": 233, "NAME_D": "Schwarzerferner", "NAME_IT": null, "REGION": "Rieserfernergruppe", "ALT_MIN": 2496.0, "ALT_MAX": 2942.0, "ALT_MEDIAN": 2690.0, "area_km2": 0.3145205943 }, "geometry": { "type": "Polygon", "coordinates": [ [ [ 12.135087423256804, 46.906610504250054 ], [ 12.135288967859518, 46.906938348137857 ], [ 12.1359432132148, 46.906911481620007 ], [ 12.136795898907479, 46.907456610467705 ], [ 12.137511355307169, 46.906916097198788 ], [ 12.138719081102943, 46.907070479338032 ], [ 12.139355773717671, 46.906594623136108 ], [ 12.140663084739714, 46.907040925340844 ], [ 12.141084498929612, 46.906448933560796 ], [ 12.141678375741044, 46.906429645467398 ], [ 12.142027652796317, 46.906089658770327 ], [ 12.143670071529415, 46.906547554443776 ], [ 12.144332095711153, 46.906431131752086 ], [ 12.144523136462569, 46.906875331377229 ], [ 12.14491703043149, 46.906852594144439 ], [ 12.144678676333157, 46.906638886889731 ], [ 12.145296801626843, 46.906440322933442 ], [ 12.145621130221278, 46.905452133418464 ], [ 12.147412349786068, 46.903483008477252 ], [ 12.147506212964366, 46.902861312275689 ], [ 12.145772204724011, 46.90187617233677 ], [ 12.142882422536724, 46.902586639488796 ], [ 12.142045399815776, 46.902309011080668 ], [ 12.139787371868888, 46.903130031632095 ], [ 12.139617265742729, 46.903563318012679 ], [ 12.138259816897625, 46.904338746748998 ], [ 12.137229759414566, 46.904325335510464 ], [ 12.137538155147457, 46.90484669307763 ], [ 12.136320085756177, 46.905258118011034 ], [ 12.135087423256804, 46.906610504250054 ] ] ] } },
{ "type": "Feature", "properties": { "HOM_ID": 226, "NAME_D": "Hochgallferner", "NAME_IT": "Vedretta di Collalto", "REGION": "Rieserfernergruppe", "ALT_MIN": 2544.0, "ALT_MAX": 3267.0, "ALT_MEDIAN": 2869.0, "area_km2": 0.5730387174 }, "geometry": { "type": "Polygon", "coordinates": [ [ [ 12.129863610790279, 46.92174522620833 ], [ 12.131031726041076, 46.921751354651917 ], [ 12.131025360873595, 46.921463403666195 ], [ 12.130268785866109, 46.921422201119015 ], [ 12.130841803775924, 46.921010719406276 ], [ 12.13347058188304, 46.920915509242462 ], [ 12.134180178867236, 46.920524262196686 ], [ 12.13534536218272, 46.920853214767469 ], [ 12.135231178367125, 46.921408892745468 ], [ 12.136308571972128, 46.92111146947795 ], [ 12.140517209058254, 46.918370428227611 ], [ 12.141292274005199, 46.916472369713667 ], [ 12.140553787536572, 46.915948528117681 ], [ 12.141298108218738, 46.915293962172072 ], [ 12.140721604240367, 46.91510891118017 ], [ 12.140333623374104, 46.914165274342139 ], [ 12.141294165170198, 46.913900285139768 ], [ 12.140145143311445, 46.912738108752251 ], [ 12.138603849616462, 46.912585209786727 ], [ 12.137879691860403, 46.91403674608965 ], [ 12.136446051265175, 46.915035067642208 ], [ 12.135639750600138, 46.914558867472593 ], [ 12.135502800611395, 46.913955801258275 ], [ 12.135900093628774, 46.914020150734252 ], [ 12.136262035184316, 46.913508749920311 ], [ 12.137102916775111, 46.913655539029556 ], [ 12.138082607353629, 46.913248267094396 ], [ 12.138466839927728, 46.912339542941915 ], [ 12.137317720392074, 46.912038249468161 ], [ 12.134052951416713, 46.913491677047041 ], [ 12.133118357354897, 46.914891316754812 ], [ 12.133201544978876, 46.915101866683571 ], [ 12.134016013995723, 46.915100506918741 ], [ 12.133457887992716, 46.915492981114348 ], [ 12.133941599139341, 46.916232079612755 ], [ 12.133463088246506, 46.91640833116832 ], [ 12.13286597126678, 46.916072177811188 ], [ 12.13291087520185, 46.915361284023973 ], [ 12.131025522657525, 46.915616757944953 ], [ 12.130045142049285, 46.916751158640089 ], [ 12.128475441987042, 46.916721717445036 ], [ 12.128839026188857, 46.915995507760748 ], [ 12.128436090500218, 46.916189405452094 ], [ 12.127665234060739, 46.917035335027045 ], [ 12.128223051971188, 46.916922926098259 ], [ 12.128543338334634, 46.917171335270673 ], [ 12.127822433831819, 46.918015898491504 ], [ 12.12815273191768, 46.918149737726424 ], [ 12.128426724881287, 46.917460268996685 ], [ 12.128734998072737, 46.91793188582286 ], [ 12.130343044779858, 46.91790312543241 ], [ 12.130947398434918, 46.917635128269275 ], [ 12.131258412667876, 46.918390194282878 ], [ 12.130960009735571, 46.919091139591501 ], [ 12.131392803617228, 46.919795675652885 ], [ 12.130885250823908, 46.92051310043378 ], [ 12.129432541449606, 46.921385554769934 ], [ 12.129863610790279, 46.92174522620833 ] ], [ [ 12.136775922494332, 46.919315704130156 ], [ 12.137509584364892, 46.919619423587768 ], [ 12.136507532830148, 46.920194582967561 ], [ 12.136127512959012, 46.919995458095244 ], [ 12.136775922494332, 46.919315704130156 ] ] ] } },
{ "type": "Feature", "properties": { "HOM_ID": 234, "NAME_D": "Patscherkees", "NAME_IT": null, "REGION": "Rieserfernergruppe", "ALT_MIN": 2872.0, "ALT_MAX": 3189.0, "ALT_MEDIAN": 3006.0, "area_km2": 0.193245673 }, "geometry": { "type": "Polygon", "coordinates": [ [ [ 12.148489639934224, 46.915159051967152 ], [ 12.149343777633726, 46.914885985729477 ], [ 12.149788499988334, 46.914363210190345 ], [ 12.150044047080485, 46.913885646508241 ], [ 12.149756727873065, 46.913489707958256 ], [ 12.150419507283763, 46.913461927939096 ], [ 12.151071972365774, 46.912737212818179 ], [ 12.152511877829896, 46.91240416875511 ], [ 12.15196160205735, 46.912169785049272 ], [ 12.152773134966717, 46.911835003348742 ], [ 12.152134016353743, 46.911839284610537 ], [ 12.152313213052878, 46.911198088454924 ], [ 12.151833495034515, 46.911123682047489 ], [ 12.152282673921924, 46.91081984316498 ], [ 12.151337417678997, 46.910912565595581 ], [ 12.150365723408505, 46.910175445449212 ], [ 12.150985296181362, 46.909459256552914 ], [ 12.151289476019755, 46.909858538115536 ], [ 12.151369717333054, 46.909425805339481 ], [ 12.152041313323505, 46.90935967390859 ], [ 12.152595957974521, 46.908437624662696 ], [ 12.151294276256579, 46.908471592649775 ], [ 12.148337239493118, 46.909476938092908 ], [ 12.147425062450079, 46.910465954623284 ], [ 12.146002412890777, 46.910950857230709 ], [ 12.146042406614152, 46.911633638369459 ], [ 12.145642213299036, 46.911730368957024 ], [ 12.146305642927803, 46.911714025508921 ], [ 12.14695828675964, 46.912130400927879 ], [ 12.14652028112636, 46.912593501102428 ], [ 12.147630259654429, 46.912485569430288 ], [ 12.147995567573485, 46.91316011096913 ], [ 12.147196598399935, 46.914868892430093 ], [ 12.148489639934224, 46.915159051967152 ] ] ] } },
{ "type": "Feature", "properties": { "HOM_ID": 234, "NAME_D": "Patscherkees", "NAME_IT": null, "REGION": "Rieserfernergruppe", "ALT_MIN": 3278.0, "ALT_MAX": 3422.0, "ALT_MEDIAN": 3343.0, "area_km2": 0.021705061 }, "geometry": { "type": "Polygon", "coordinates": [ [ [ 12.142497669783674, 46.912142483386447 ], [ 12.1435516124934, 46.913788243694633 ], [ 12.145135542555158, 46.913688144158911 ], [ 12.144708083165296, 46.913509402142466 ], [ 12.144568305547022, 46.912754237568173 ], [ 12.143118955475718, 46.912481544813744 ], [ 12.142544282517928, 46.911253432978754 ], [ 12.141432749453385, 46.911227349196572 ], [ 12.142497669783674, 46.912142483386447 ] ] ] } },
{ "type": "Feature", "properties": { "HOM_ID": 227, "NAME_D": "Lenksteinferner", "NAME_IT": "Vedretta di Sasso Lungo", "REGION": "Rieserfernergruppe", "ALT_MIN": 2547.0, "ALT_MAX": 3234.0, "ALT_MEDIAN": 2844.0, "area_km2": 1.1643171443 }, "geometry": { "type": "Polygon", "coordinates": [ [ [ 12.158475959481031, 46.930622424459898 ], [ 12.159460312908646, 46.930123217546786 ], [ 12.159619655415446, 46.927959314997622 ], [ 12.1573508124205, 46.927184480626252 ], [ 12.157352802963379, 46.925690082686664 ], [ 12.156604049015355, 46.924064509990664 ], [ 12.154357683068357, 46.922036867743152 ], [ 12.153848122155086, 46.919074549638623 ], [ 12.153645590467578, 46.918788655222805 ], [ 12.15322355014932, 46.918953562519171 ], [ 12.153151316856478, 46.917960211658787 ], [ 12.152087120527394, 46.916429992513493 ], [ 12.1499948234298, 46.915658869802165 ], [ 12.149328378279066, 46.916086790031031 ], [ 12.150575353547246, 46.917826408293877 ], [ 12.152032973664483, 46.918984653017944 ], [ 12.152601174146204, 46.918984470293047 ], [ 12.15227841177763, 46.919613054539951 ], [ 12.150314885920796, 46.919305688234829 ], [ 12.150517881692734, 46.920482609133316 ], [ 12.150062824773222, 46.920324256007056 ], [ 12.149835031233252, 46.919505356711127 ], [ 12.149471810986672, 46.919544096425959 ], [ 12.148827730474057, 46.917883322343542 ], [ 12.14738359725272, 46.91760061835199 ], [ 12.146963642036745, 46.917031755885404 ], [ 12.146498449547613, 46.917395782398813 ], [ 12.145962719059215, 46.917297411939089 ], [ 12.14555415811475, 46.917820928109592 ], [ 12.145169295600706, 46.917694272530191 ], [ 12.145475530920161, 46.917092339804441 ], [ 12.143148232316458, 46.91776391146005 ], [ 12.141809668199297, 46.919155450024739 ], [ 12.141830163486027, 46.920324908003614 ], [ 12.141139413601412, 46.920910417167406 ], [ 12.141359693684405, 46.92124328209448 ], [ 12.142307924774784, 46.921321695883748 ], [ 12.142886260298503, 46.922243356209428 ], [ 12.143233786139321, 46.922100458943255 ], [ 12.143331303565349, 46.923672715199203 ], [ 12.142656041803701, 46.924719221912952 ], [ 12.144019585611304, 46.928040248775098 ], [ 12.144058832302731, 46.929174950152131 ], [ 12.146158722750153, 46.931614646137078 ], [ 12.146812378264828, 46.9317239300849 ], [ 12.148874186412687, 46.929684309312378 ], [ 12.149637101935006, 46.927530924366479 ], [ 12.151083424707425, 46.926049156609736 ], [ 12.150146028373277, 46.925827221520876 ], [ 12.150089870652325, 46.925068174699547 ], [ 12.149598782857979, 46.925317437667054 ], [ 12.148329121502377, 46.923763000144916 ], [ 12.148323275147408, 46.922437137771603 ], [ 12.148706278496277, 46.922020165735219 ], [ 12.149439117358202, 46.922165273162022 ], [ 12.149688147040973, 46.921531428988295 ], [ 12.149641933555325, 46.922778799867984 ], [ 12.149820346979951, 46.922976288226465 ], [ 12.15006624275486, 46.922783782958987 ], [ 12.150310305559605, 46.922091275930249 ], [ 12.150714933948178, 46.923676775570357 ], [ 12.151692738175161, 46.925226285146003 ], [ 12.153132869486807, 46.92515785485552 ], [ 12.15360877529384, 46.925608636967475 ], [ 12.154776280862595, 46.925387594603414 ], [ 12.155089059901199, 46.926631093897448 ], [ 12.156059650830597, 46.927647071461514 ], [ 12.156759493629915, 46.927828919370796 ], [ 12.15683581905296, 46.92892293728508 ], [ 12.157404429699048, 46.929420408773794 ], [ 12.156953419064909, 46.929699705523198 ], [ 12.156760975887666, 46.929076900465603 ], [ 12.155605729779939, 46.929609629979652 ], [ 12.155581450249089, 46.931133379152442 ], [ 12.157431560647238, 46.933203123027255 ], [ 12.158235154398222, 46.932755298146191 ], [ 12.157920935815804, 46.932087833020667 ], [ 12.158475959481031, 46.930622424459898 ] ] ] } },
{ "type": "Feature", "properties": { "HOM_ID": 227, "NAME_D": "Lenksteinferner", "NAME_IT": "Vedretta di Sasso Lungo", "REGION": "Rieserfernergruppe", "ALT_MIN": 2839.0, "ALT_MAX": 3086.0, "ALT_MEDIAN": 2970.0, "area_km2": 0.1634956759 }, "geometry": { "type": "Polygon", "coordinates": [ [ [ 12.165139459844468, 46.935936483770199 ], [ 12.16687429032029, 46.935584859596688 ], [ 12.167422401264943, 46.934862026303058 ], [ 12.167599425343045, 46.934138954400659 ], [ 12.167047817833238, 46.932962449000698 ], [ 12.166001428016461, 46.932572918526517 ], [ 12.165529522199773, 46.932721054421265 ], [ 12.16536161368202, 46.933008512519962 ], [ 12.166091831326064, 46.933988037273579 ], [ 12.165261426208525, 46.933951014924162 ], [ 12.163846915869474, 46.932338600793322 ], [ 12.164077407478924, 46.932073625774855 ], [ 12.163487768151143, 46.931907060276266 ], [ 12.163830765574287, 46.931400057466369 ], [ 12.16314323402815, 46.93064162616372 ], [ 12.161673316548296, 46.930356486878274 ], [ 12.160452111708487, 46.93074458477335 ], [ 12.159289309956337, 46.931812998821613 ], [ 12.16049028564434, 46.931427533463385 ], [ 12.160895305779858, 46.931637748368274 ], [ 12.160601410663165, 46.931958908699642 ], [ 12.161126079285733, 46.931821344252846 ], [ 12.160891364611457, 46.932313789747511 ], [ 12.161269833533066, 46.932129998425495 ], [ 12.160494252917076, 46.932671585588402 ], [ 12.160600509634603, 46.93295296428709 ], [ 12.161756208252886, 46.932154654053008 ], [ 12.161561055685057, 46.931943255454883 ], [ 12.162031331930432, 46.931512414034493 ], [ 12.162483242534734, 46.931607073798119 ], [ 12.161940696883764, 46.931923437977588 ], [ 12.161930084006487, 46.932394289657495 ], [ 12.161441510797923, 46.932485309468746 ], [ 12.160831872280404, 46.933717177204457 ], [ 12.161314785713381, 46.933488094215477 ], [ 12.161608842258822, 46.934922545079814 ], [ 12.163785598085024, 46.93425711352171 ], [ 12.165018327062192, 46.934292772714485 ], [ 12.163965107166316, 46.935031168357348 ], [ 12.164495241635224, 46.935178423609422 ], [ 12.164391610522527, 46.935634524345879 ], [ 12.165090205847287, 46.935513992958008 ], [ 12.16458478661596, 46.935680255274818 ], [ 12.165139459844468, 46.935936483770199 ] ], [ [ 12.161434042538065, 46.93328191942102 ], [ 12.161401270011909, 46.93304422929215 ], [ 12.161568268048557, 46.932869595661529 ], [ 12.161665063293118, 46.932884064614925 ], [ 12.161434042538065, 46.93328191942102 ] ] ] } },
{ "type": "Feature", "properties": { "HOM_ID": 229, "NAME_D": "Lenksteinferner", "NAME_IT": "Vedretta di Sasso Lungo", "REGION": "Rieserfernergruppe", "ALT_MIN": 2908.0, "ALT_MAX": 3116.0, "ALT_MEDIAN": 3016.0, "area_km2": 0.0789400855 }, "geometry": { "type": "Polygon", "coordinates": [ [ [ 12.162483588287618, 46.943442442649115 ], [ 12.163526252850025, 46.943241335474589 ], [ 12.164549222225897, 46.942786440809826 ], [ 12.164629823651639, 46.941903531391254 ], [ 12.164139747231539, 46.941398816954425 ], [ 12.162928055428647, 46.941427567776209 ], [ 12.161480379033454, 46.940511292327848 ], [ 12.160591481981493, 46.940628741516782 ], [ 12.16060165440893, 46.940978495882391 ], [ 12.161008127485491, 46.940888167751979 ], [ 12.161208867267137, 46.941163159058334 ], [ 12.15951727893367, 46.941234306173904 ], [ 12.159604888011589, 46.940655636830932 ], [ 12.159302587068563, 46.941710989426035 ], [ 12.15963080276053, 46.942409266674872 ], [ 12.162483588287618, 46.943442442649115 ] ] ] } },
{ "type": "Feature", "properties": { "HOM_ID": 228, "NAME_D": "Lenksteinferner", "NAME_IT": "Vedretta di Sasso Lungo", "REGION": "Rieserfernergruppe", "ALT_MIN": 3115.0, "ALT_MAX": 3196.0, "ALT_MEDIAN": 3147.0, "area_km2": 0.039473569 }, "geometry": { "type": "Polygon", "coordinates": [ [ [ 12.164768816961887, 46.938685727131457 ], [ 12.166499185455022, 46.938569036850254 ], [ 12.167294911843436, 46.938199130731995 ], [ 12.16806997513614, 46.93840912895331 ], [ 12.168553712519207, 46.937579521763539 ], [ 12.168162272680652, 46.936682431745169 ], [ 12.167169462510218, 46.936699603933747 ], [ 12.167080706753392, 46.937080671686012 ], [ 12.165853900387761, 46.937087251488357 ], [ 12.166325564513041, 46.937436971126154 ], [ 12.165120968356826, 46.937902736900362 ], [ 12.164708597075645, 46.937679245151557 ], [ 12.164768816961887, 46.938685727131457 ] ] ] } },
{ "type": "Feature", "properties": { "HOM_ID": 228, "NAME_D": "Lenksteinferner", "NAME_IT": "Vedretta di Sasso Lungo", "REGION": "Rieserfernergruppe", "ALT_MIN": 3086.0, "ALT_MAX": 3186.0, "ALT_MEDIAN": 3125.0, "area_km2": 0.0349298059 }, "geometry": { "type": "Polygon", "coordinates": [ [ [ 12.164210118500431, 46.941205466546528 ], [ 12.165822032444174, 46.9410067998678 ], [ 12.165943827299802, 46.939937901698521 ], [ 12.164554205499769, 46.938857156660355 ], [ 12.164649190495437, 46.939261354652281 ], [ 12.163369738819593, 46.939940346242047 ], [ 12.163224278071914, 46.940384731883881 ], [ 12.162684587170427, 46.940371081897887 ], [ 12.164210118500431, 46.941205466546528 ] ] ] } },
{ "type": "Feature", "properties": { "HOM_ID": 226, "NAME_D": "Lenksteinferner", "NAME_IT": "Vedretta di Sasso Lungo", "REGION": "Rieserfernergruppe", "ALT_MIN": 3192.0, "ALT_MAX": 3348.0, "ALT_MEDIAN": 3275.0, "area_km2": 0.0294065613 }, "geometry": { "type": "Polygon", "coordinates": [ [ [ 12.144426914491277, 46.916340462631432 ], [ 12.145668872213676, 46.915295491960663 ], [ 12.144837915047757, 46.914457539077794 ], [ 12.143500929360039, 46.914858617012563 ], [ 12.143028489045205, 46.915514525465113 ], [ 12.143230743805063, 46.91629833452059 ], [ 12.144426914491277, 46.916340462631432 ] ] ] } },
{ "type": "Feature", "properties": { "HOM_ID": 227, "NAME_D": "Lenksteinferner", "NAME_IT": "Vedretta di Sasso Lungo", "REGION": "Rieserfernergruppe", "ALT_MIN": 2939.0, "ALT_MAX": 3057.0, "ALT_MEDIAN": 2997.0, "area_km2": 0.023404228 }, "geometry": { "type": "Polygon", "coordinates": [ [ [ 12.13909480031761, 46.920699175875761 ], [ 12.140211333302988, 46.920584816628391 ], [ 12.140568634339106, 46.920764026878977 ], [ 12.140882441006763, 46.920469178744611 ], [ 12.141432411865148, 46.919562977626541 ], [ 12.141105731642309, 46.918761861861036 ], [ 12.139303122332594, 46.919948176901073 ], [ 12.13909480031761, 46.920699175875761 ] ], [ [ 12.140556539930524, 46.920086180997181 ], [ 12.140622268388883, 46.919873044978885 ], [ 12.140859616201087, 46.919994516922685 ], [ 12.140556539930524, 46.920086180997181 ] ] ] } },
{ "type": "Feature", "properties": { "HOM_ID": 230, "NAME_D": "Muklarferner", "NAME_IT": null, "REGION": "Rieserfernergruppe", "ALT_MIN": 2929.0, "ALT_MAX": 3076.0, "ALT_MEDIAN": 2991.0, "area_km2": 0.0297402925 }, "geometry": { "type": "Polygon", "coordinates": [ [ [ 12.160584885720295, 46.947971957848502 ], [ 12.161003603590997, 46.946722166486595 ], [ 12.160601122324843, 46.946264669841547 ], [ 12.159885294157895, 46.946295877361429 ], [ 12.160302344768182, 46.945914793977892 ], [ 12.160147308173547, 46.945549516369219 ], [ 12.159283693265996, 46.945243816317884 ], [ 12.158563129387973, 46.945808533000182 ], [ 12.158162374349049, 46.945663392702713 ], [ 12.15825573104188, 46.945253584449532 ], [ 12.157595208804937, 46.945369318026522 ], [ 12.157741097369838, 46.945807074738489 ], [ 12.159070472329024, 46.946299335023625 ], [ 12.158548706297511, 46.946319459339449 ], [ 12.158532492054578, 46.946563741394392 ], [ 12.159303150052819, 46.946424350977196 ], [ 12.159602638175906, 46.946644672529708 ], [ 12.159580841223791, 46.947502504314677 ], [ 12.160180635641266, 46.94776786740028 ], [ 12.160303632854683, 46.947589213917908 ], [ 12.160584885720295, 46.947971957848502 ] ], [ [ 12.16012267495366, 46.94739126433057 ], [ 12.160196776461058, 46.947291587538494 ], [ 12.160226989256651, 46.947450293474652 ], [ 12.16012267495366, 46.94739126433057 ] ], [ [ 12.159223604471389, 46.945855775559458 ], [ 12.158913419487646, 46.945902441283117 ], [ 12.158960505745029, 46.945786843798857 ], [ 12.159223604471389, 46.945855775559458 ] ] ] } },
{ "type": "Feature", "properties": { "HOM_ID": 230, "NAME_D": "Muklarferner", "NAME_IT": null, "REGION": "Rieserfernergruppe", "ALT_MIN": 2978.0, "ALT_MAX": 3010.0, "ALT_MEDIAN": 2993.0, "area_km2": 0.0030961217 }, "geometry": { "type": "Polygon", "coordinates": [ [ [ 12.15671713476253, 46.94857344765304 ], [ 12.156501957630239, 46.948098364743494 ], [ 12.156104523009091, 46.948340784147277 ], [ 12.156252581950376, 46.948026191502798 ], [ 12.154676194401203, 46.948257337431961 ], [ 12.15671713476253, 46.94857344765304 ] ] ] } },
{ "type": "Feature", "properties": { "HOM_ID": 231, "NAME_D": "Rotsteinferner", "NAME_IT": null, "REGION": "Rieserfernergruppe", "ALT_MIN": 2855.0, "ALT_MAX": 2933.0, "ALT_MEDIAN": 2876.0, "area_km2": 0.0089590063 }, "geometry": { "type": "Polygon", "coordinates": [ [ [ 12.148134895147932, 46.950500297027858 ], [ 12.149559600828633, 46.951436353715117 ], [ 12.149656500209426, 46.951185861903504 ], [ 12.150403628411985, 46.951502910498967 ], [ 12.150827783996258, 46.951328464894338 ], [ 12.1500752079729, 46.951144337125484 ], [ 12.149465892650307, 46.950486278133425 ], [ 12.148134895147932, 46.950500297027858 ] ] ] } },
{ "type": "Feature", "properties": { "HOM_ID": 63, "NAME_D": "Hasenohrferner", "NAME_IT": null, "REGION": "Ortlergruppe", "ALT_MIN": 3036.0, "ALT_MAX": 3055.0, "ALT_MEDIAN": 3048.0, "area_km2": 0.0018286069 }, "geometry": { "type": "Polygon", "coordinates": [ [ [ 10.852508598237721, 46.54590495746853 ], [ 10.853523017074794, 46.5460320051236 ], [ 10.852437956504913, 46.545793363199422 ], [ 10.852508598237721, 46.54590495746853 ] ] ] } },
{ "type": "Feature", "properties": { "HOM_ID": 63, "NAME_D": "Hasenohrferner", "NAME_IT": null, "REGION": "Ortlergruppe", "ALT_MIN": 3024.0, "ALT_MAX": 3039.0, "ALT_MEDIAN": 3033.0, "area_km2": 0.0039025796 }, "geometry": { "type": "Polygon", "coordinates": [ [ [ 10.854067826854378, 46.54676705539179 ], [ 10.855103482675268, 46.547512974899881 ], [ 10.855387620194035, 46.547459682560095 ], [ 10.855468278063119, 46.547102222334694 ], [ 10.854067826854378, 46.54676705539179 ] ] ] } },
{ "type": "Feature", "properties": { "HOM_ID": 63, "NAME_D": "Hasenohrferner", "NAME_IT": null, "REGION": "Ortlergruppe", "ALT_MIN": 2977.0, "ALT_MAX": 3019.0, "ALT_MEDIAN": 2990.0, "area_km2": 0.0032393333 }, "geometry": { "type": "Polygon", "coordinates": [ [ [ 10.851689462727242, 46.5461693240144 ], [ 10.851851656976654, 46.545915597890122 ], [ 10.851479545510823, 46.545893438616183 ], [ 10.852021708374323, 46.545674555480595 ], [ 10.850606456141552, 46.545553981960488 ], [ 10.851689462727242, 46.5461693240144 ] ] ] } },
{ "type": "Feature", "properties": { "HOM_ID": 63, "NAME_D": "Hasenohrferner", "NAME_IT": null, "REGION": "Ortlergruppe", "ALT_MIN": 2979.0, "ALT_MAX": 2998.0, "ALT_MEDIAN": 2989.0, "area_km2": 0.0005717122 }, "geometry": { "type": "Polygon", "coordinates": [ [ [ 10.850201432018885, 46.545353898566454 ], [ 10.850485741210282, 46.54538938974386 ], [ 10.850679023655797, 46.545176158048378 ], [ 10.850548599355683, 46.545162895284953 ], [ 10.850201432018885, 46.545353898566454 ] ] ] } },
{ "type": "Feature", "properties": { "HOM_ID": 62, "NAME_D": null, "NAME_IT": null, "REGION": "Ortlergruppe", "ALT_MIN": null, "ALT_MAX": null, "ALT_MEDIAN": null, "area_km2": 0.0012328506 }, "geometry": { "type": "Polygon", "coordinates": [ [ [ 10.839808048747656, 46.544582902363231 ], [ 10.840485786647335, 46.544638614707303 ], [ 10.840386842439946, 46.544348111639003 ], [ 10.839808048747656, 46.544582902363231 ] ] ] } },
{ "type": "Feature", "properties": { "HOM_ID": 63, "NAME_D": null, "NAME_IT": null, "REGION": "Ortlergruppe", "ALT_MIN": null, "ALT_MAX": null, "ALT_MEDIAN": null, "area_km2": 0.0008039872 }, "geometry": { "type": "Polygon", "coordinates": [ [ [ 10.84673962534165, 46.546454346878086 ], [ 10.847050404702989, 46.546638933414009 ], [ 10.84712786411885, 46.546404518343167 ], [ 10.84673962534165, 46.546454346878086 ] ] ] } },
{ "type": "Feature", "properties": { "HOM_ID": 63, "NAME_D": null, "NAME_IT": null, "REGION": "Ortlergruppe", "ALT_MIN": null, "ALT_MAX": null, "ALT_MEDIAN": null, "area_km2": 0.0002105816 }, "geometry": { "type": "Polygon", "coordinates": [ [ [ 10.846101169092817, 46.546572269821908 ], [ 10.846254102934047, 46.546482684614411 ], [ 10.846052982648869, 46.54646543360559 ], [ 10.846101169092817, 46.546572269821908 ] ] ] } },
{ "type": "Feature", "properties": { "HOM_ID": 63, "NAME_D": "Hasenohrferner", "NAME_IT": null, "REGION": "Ortlergruppe", "ALT_MIN": 2969.0, "ALT_MAX": 3000.0, "ALT_MEDIAN": 2985.0, "area_km2": 0.0028026886 }, "geometry": { "type": "Polygon", "coordinates": [ [ [ 10.856809563410593, 46.549788739813678 ], [ 10.857170473977444, 46.549372920563769 ], [ 10.856813050551551, 46.549020011054097 ], [ 10.856558863123592, 46.549298297840636 ], [ 10.856809563410593, 46.549788739813678 ] ] ] } },
{ "type": "Feature", "properties": { "HOM_ID": 64, "NAME_D": "Kuppelwiesferner", "NAME_IT": null, "REGION": "Ortlergruppe", "ALT_MIN": 3009.0, "ALT_MAX": 3034.0, "ALT_MEDIAN": 3020.0, "area_km2": 0.0011353817 }, "geometry": { "type": "Polygon", "coordinates": [ [ [ 10.867787014103499, 46.545223409870331 ], [ 10.868173573565151, 46.545017240383793 ], [ 10.867653290925711, 46.544897626851771 ], [ 10.867787014103499, 46.545223409870331 ] ] ] } },
{ "type": "Feature", "properties": { "HOM_ID": 60, "NAME_D": null, "NAME_IT": null, "REGION": "Ortlergruppe", "ALT_MIN": null, "ALT_MAX": null, "ALT_MEDIAN": null, "area_km2": 0.0034651127 }, "geometry": { "type": "Polygon", "coordinates": [ [ [ 10.812234765755758, 46.531453562197719 ], [ 10.81343470396301, 46.53158827415583 ], [ 10.813529222357239, 46.531304928325326 ], [ 10.812234765755758, 46.531453562197719 ] ] ] } },
{ "type": "Feature", "properties": { "HOM_ID": 31, "NAME_D": null, "NAME_IT": null, "REGION": "Ortlergruppe", "ALT_MIN": null, "ALT_MAX": null, "ALT_MEDIAN": null, "area_km2": 0.0198927642 }, "geometry": { "type": "Polygon", "coordinates": [ [ [ 10.720961691404847, 46.567657820393585 ], [ 10.72136066117387, 46.568369238361832 ], [ 10.722242217601726, 46.568677098098213 ], [ 10.7227729062331, 46.567603220396542 ], [ 10.722322468416893, 46.566831089010499 ], [ 10.721368248008559, 46.567043600839916 ], [ 10.720961691404847, 46.567657820393585 ] ] ] } },
{ "type": "Feature", "properties": { "HOM_ID": 31, "NAME_D": null, "NAME_IT": null, "REGION": "Ortlergruppe", "ALT_MIN": null, "ALT_MAX": null, "ALT_MEDIAN": null, "area_km2": 0.0559484534 }, "geometry": { "type": "Polygon", "coordinates": [ [ [ 10.72307333238891, 46.567079417174611 ], [ 10.723946166777839, 46.566799792000928 ], [ 10.72384677322226, 46.565851559327911 ], [ 10.722341792604691, 46.564938168714178 ], [ 10.719873862724581, 46.564271552076988 ], [ 10.71852642043396, 46.564578776933452 ], [ 10.719410111484242, 46.565583551377685 ], [ 10.722277800675609, 46.56604601315351 ], [ 10.722974649885783, 46.566465970314709 ], [ 10.72307333238891, 46.567079417174611 ] ] ] } },
{ "type": "Feature", "properties": { "HOM_ID": 24, "NAME_D": null, "NAME_IT": null, "REGION": "Ortlergruppe", "ALT_MIN": 3115.0, "ALT_MAX": 3181.0, "ALT_MEDIAN": 3148.0, "area_km2": 0.0071038842 }, "geometry": { "type": "MultiPolygon", "coordinates": [ [ [ [ 10.625327386280057, 46.561882712305653 ], [ 10.624338439843857, 46.561107599114791 ], [ 10.62357138834707, 46.561128739776564 ], [ 10.62396268131384, 46.561461397112296 ], [ 10.623912546736934, 46.561772991519163 ], [ 10.623563950651461, 46.56174150988749 ], [ 10.624141184227037, 46.562131871711628 ], [ 10.624493925501403, 46.561836477070372 ], [ 10.625327386280057, 46.561882712305653 ] ] ], [ [ [ 10.623563950651461, 46.56174150988749 ], [ 10.623554564204861, 46.561726829639298 ], [ 10.623559922520137, 46.561740418737969 ], [ 10.623563950651461, 46.56174150988749 ] ] ] ] } },
{ "type": "Feature", "properties": { "HOM_ID": 24, "NAME_D": null, "NAME_IT": null, "REGION": "Ortlergruppe", "ALT_MIN": 3092.0, "ALT_MAX": 3126.0, "ALT_MEDIAN": 3105.0, "area_km2": 0.0024375261 }, "geometry": { "type": "Polygon", "coordinates": [ [ [ 10.623633937797607, 46.561565137123196 ], [ 10.6225092288818, 46.561218971879683 ], [ 10.622228158561244, 46.561260538257734 ], [ 10.622780108558711, 46.561666079093193 ], [ 10.623633937797607, 46.561565137123196 ] ] ] } },
{ "type": "Feature", "properties": { "HOM_ID": 25, "NAME_D": null, "NAME_IT": null, "REGION": "Ortlergruppe", "ALT_MIN": 3261.0, "ALT_MAX": 3311.0, "ALT_MEDIAN": 3284.0, "area_km2": 0.0017256487 }, "geometry": { "type": "Polygon", "coordinates": [ [ [ 10.626979142032935, 46.566105675441733 ], [ 10.627441628179962, 46.565504660866132 ], [ 10.627355212625233, 46.565430732147476 ], [ 10.626618524364138, 46.565806755218873 ], [ 10.626979142032935, 46.566105675441733 ] ] ] } },
{ "type": "Feature", "properties": { "HOM_ID": 25, "NAME_D": null, "NAME_IT": null, "REGION": "Ortlergruppe", "ALT_MIN": 3242.0, "ALT_MAX": 3274.0, "ALT_MEDIAN": 3261.0, "area_km2": 0.0008689845 }, "geometry": { "type": "Polygon", "coordinates": [ [ [ 10.627930772712213, 46.565794916526826 ], [ 10.628242192664235, 46.566104781923322 ], [ 10.628260963858592, 46.565738971699453 ], [ 10.627930772712213, 46.565794916526826 ] ] ] } },
{ "type": "Feature", "properties": { "HOM_ID": 65, "NAME_D": null, "NAME_IT": null, "REGION": "Oetztaler Alpen", "ALT_MIN": null, "ALT_MAX": null, "ALT_MEDIAN": null, "area_km2": 0.011071481 }, "geometry": { "type": "Polygon", "coordinates": [ [ [ 10.690779415310713, 46.863751366913462 ], [ 10.69112226040787, 46.863250303536915 ], [ 10.692553083512299, 46.863138969453786 ], [ 10.692267353203743, 46.862794766923429 ], [ 10.688793592728119, 46.863317484552596 ], [ 10.690779415310713, 46.863751366913462 ] ] ] } },
{ "type": "Feature", "properties": { "HOM_ID": 66, "NAME_D": null, "NAME_IT": null, "REGION": "Oetztaler Alpen", "ALT_MIN": null, "ALT_MAX": null, "ALT_MEDIAN": null, "area_km2": 0.0090219921 }, "geometry": { "type": "Polygon", "coordinates": [ [ [ 10.698560077261714, 46.846491411842301 ], [ 10.697613369892315, 46.84763682941513 ], [ 10.697788168280438, 46.848064648490343 ], [ 10.698401432670005, 46.848186721625765 ], [ 10.698969770435989, 46.846600106686999 ], [ 10.698560077261714, 46.846491411842301 ] ] ] } },
{ "type": "Feature", "properties": { "HOM_ID": 80, "NAME_D": null, "NAME_IT": null, "REGION": "Oetztaler Alpen", "ALT_MIN": 2965.0, "ALT_MAX": 3080.0, "ALT_MEDIAN": 3011.0, "area_km2": 0.0142492509 }, "geometry": { "type": "Polygon", "coordinates": [ [ [ 10.69535720909299, 46.791929590620747 ], [ 10.697625561157301, 46.791371260524414 ], [ 10.697358243720984, 46.792170471378199 ], [ 10.696815738711166, 46.792530059603536 ], [ 10.697440102488216, 46.792685756344142 ], [ 10.697889539648841, 46.792363449577394 ], [ 10.698113852528317, 46.790576968075214 ], [ 10.697307478130892, 46.790556139011635 ], [ 10.696919173140705, 46.79130385397692 ], [ 10.69535720909299, 46.791929590620747 ] ] ] } },
{ "type": "Feature", "properties": { "HOM_ID": 67, "NAME_D": null, "NAME_IT": null, "REGION": "Oetztaler Alpen", "ALT_MIN": 3009.0, "ALT_MAX": 3050.0, "ALT_MEDIAN": 3022.0, "area_km2": 0.0014808935 }, "geometry": { "type": "Polygon", "coordinates": [ [ [ 10.704529532734052, 46.844172704748104 ], [ 10.704244349137195, 46.843844919664193 ], [ 10.703427213233756, 46.843320095122344 ], [ 10.703921894485772, 46.843849721446503 ], [ 10.704529532734052, 46.844172704748104 ] ] ] } },
{ "type": "Feature", "properties": { "HOM_ID": 67, "NAME_D": null, "NAME_IT": null, "REGION": "Oetztaler Alpen", "ALT_MIN": 3074.0, "ALT_MAX": 3108.0, "ALT_MEDIAN": 3088.0, "area_km2": 0.0016370227 }, "geometry": { "type": "Polygon", "coordinates": [ [ [ 10.703333582044598, 46.845838377663753 ], [ 10.703670681844418, 46.845351707427753 ], [ 10.703526345803324, 46.845038220300395 ], [ 10.703141532225178, 46.845621930692445 ], [ 10.703333582044598, 46.845838377663753 ] ] ] } },
{ "type": "Feature", "properties": { "HOM_ID": 87, "NAME_D": "Ramudlferner Suedlicher", "NAME_IT": "Vedretta di Ramudla", "REGION": "Oetztaler Alpen", "ALT_MIN": 3230.0, "ALT_MAX": 3260.0, "ALT_MEDIAN": 3243.0, "area_km2": 0.0030286994 }, "geometry": { "type": "Polygon", "coordinates": [ [ [ 10.722467341453047, 46.724844620455713 ], [ 10.722502832134799, 46.724274290532769 ], [ 10.721657912873621, 46.724135336758486 ], [ 10.721834299329224, 46.724620492750766 ], [ 10.722467341453047, 46.724844620455713 ] ] ] } },
{ "type": "Feature", "properties": { "HOM_ID": 94, "NAME_D": "Steinschlagferner", "NAME_IT": "Vedretta delle Frane", "REGION": "Oetztaler Alpen", "ALT_MIN": 3096.0, "ALT_MAX": 3313.0, "ALT_MEDIAN": 3199.0, "area_km2": 0.0302087747 }, "geometry": { "type": "Polygon", "coordinates": [ [ [ 10.73578631546461, 46.78720945548001 ], [ 10.734740274671703, 46.787585938726544 ], [ 10.734993900202994, 46.786749953639216 ], [ 10.73548784455487, 46.786521105251865 ], [ 10.735455366854886, 46.785882121108379 ], [ 10.73483784956716, 46.786908089789947 ], [ 10.734160562917598, 46.78718890480031 ], [ 10.734522554629077, 46.787867985662409 ], [ 10.735565824087288, 46.787647205028925 ], [ 10.735321575523058, 46.788032136108356 ], [ 10.736174357366432, 46.787826536422187 ], [ 10.737125385835521, 46.786686868612044 ], [ 10.73975815578622, 46.785790131830694 ], [ 10.739284581307775, 46.785539081427324 ], [ 10.737637467947787, 46.785723976891653 ], [ 10.736254009901982, 46.786499233487142 ], [ 10.73578631546461, 46.78720945548001 ] ] ] } },
{ "type": "Feature", "properties": { "HOM_ID": 78, "NAME_D": null, "NAME_IT": null, "REGION": "Oetztaler Alpen", "ALT_MIN": 3316.0, "ALT_MAX": 3364.0, "ALT_MEDIAN": 3342.0, "area_km2": 0.0051708339 }, "geometry": { "type": "Polygon", "coordinates": [ [ [ 10.675728592970977, 46.784206339485721 ], [ 10.67634092452429, 46.783939120140488 ], [ 10.674970144929016, 46.783803425228157 ], [ 10.675063919654642, 46.783556100210362 ], [ 10.674084681829383, 46.783730300672786 ], [ 10.675728592970977, 46.784206339485721 ] ] ] } },
{ "type": "Feature", "properties": { "HOM_ID": 78, "NAME_D": null, "NAME_IT": null, "REGION": "Oetztaler Alpen", "ALT_MIN": 3293.0, "ALT_MAX": 3366.0, "ALT_MEDIAN": 3320.0, "area_km2": 0.0053813331 }, "geometry": { "type": "Polygon", "coordinates": [ [ [ 10.67714159286621, 46.784452084965842 ], [ 10.678392615651005, 46.784323761538552 ], [ 10.678765681932241, 46.783809288057881 ], [ 10.677774047569567, 46.783680360900689 ], [ 10.677554068736155, 46.783898794528781 ], [ 10.678154510423569, 46.784113396235767 ], [ 10.677396155433037, 46.784194202728273 ], [ 10.67714159286621, 46.784452084965842 ] ] ] } },
{ "type": "Feature", "properties": { "HOM_ID": 78, "NAME_D": null, "NAME_IT": null, "REGION": "Oetztaler Alpen", "ALT_MIN": 3359.0, "ALT_MAX": 3365.0, "ALT_MEDIAN": 3361.0, "area_km2": 0.000469062 }, "geometry": { "type": "Polygon", "coordinates": [ [ [ 10.676649616217567, 46.784463394407318 ], [ 10.677019876757191, 46.784375984124381 ], [ 10.676476817503286, 46.784375743906317 ], [ 10.676649616217567, 46.784463394407318 ] ] ] } },
{ "type": "Feature", "properties": { "HOM_ID": 95, "NAME_D": null, "NAME_IT": null, "REGION": "Oetztaler Alpen", "ALT_MIN": null, "ALT_MAX": null, "ALT_MEDIAN": null, "area_km2": 0.0096134566 }, "geometry": { "type": "Polygon", "coordinates": [ [ [ 10.788154606830224, 46.793870265832041 ], [ 10.788498274457782, 46.79415457202726 ], [ 10.789431595773406, 46.793740989201069 ], [ 10.789410766237605, 46.793112769032639 ], [ 10.788615004271975, 46.793114280202872 ], [ 10.788154606830224, 46.793870265832041 ] ] ] } },
{ "type": "Feature", "properties": { "HOM_ID": 95, "NAME_D": null, "NAME_IT": null, "REGION": "Oetztaler Alpen", "ALT_MIN": null, "ALT_MAX": null, "ALT_MEDIAN": null, "area_km2": 0.0067588911 }, "geometry": { "type": "Polygon", "coordinates": [ [ [ 10.786095037716942, 46.795481997609478 ], [ 10.788020924970763, 46.796200707019608 ], [ 10.788339273205418, 46.795960710318319 ], [ 10.786912708509989, 46.795420040122885 ], [ 10.786095037716942, 46.795481997609478 ] ] ] } },
{ "type": "Feature", "properties": { "HOM_ID": 95, "NAME_D": null, "NAME_IT": null, "REGION": "Oetztaler Alpen", "ALT_MIN": null, "ALT_MAX": null, "ALT_MEDIAN": null, "area_km2": 0.0012954172 }, "geometry": { "type": "Polygon", "coordinates": [ [ [ 10.785167539689954, 46.795592120555824 ], [ 10.785420093787, 46.795287571111423 ], [ 10.78470420352191, 46.795298739863419 ], [ 10.784753736212805, 46.795352623380829 ], [ 10.785167539689954, 46.795592120555824 ] ] ] } },
{ "type": "Feature", "properties": { "HOM_ID": 95, "NAME_D": null, "NAME_IT": null, "REGION": "Oetztaler Alpen", "ALT_MIN": null, "ALT_MAX": null, "ALT_MEDIAN": null, "area_km2": 0.0008799026 }, "geometry": { "type": "Polygon", "coordinates": [ [ [ 10.784586356991976, 46.794382354717492 ], [ 10.784525987209237, 46.794000703228363 ], [ 10.784144188036489, 46.794006657346209 ], [ 10.784329120252158, 46.794063895275556 ], [ 10.784586356991976, 46.794382354717492 ] ] ] } },
{ "type": "Feature", "properties": { "HOM_ID": 95, "NAME_D": null, "NAME_IT": null, "REGION": "Oetztaler Alpen", "ALT_MIN": null, "ALT_MAX": null, "ALT_MEDIAN": null, "area_km2": 0.0002963746 }, "geometry": { "type": "Polygon", "coordinates": [ [ [ 10.785002336709722, 46.793725457656315 ], [ 10.785162141599493, 46.793744826933029 ], [ 10.785049884595743, 46.793478763151946 ], [ 10.785002336709722, 46.793725457656315 ] ] ] } },
{ "type": "Feature", "properties": { "HOM_ID": 95, "NAME_D": null, "NAME_IT": null, "REGION": "Oetztaler Alpen", "ALT_MIN": null, "ALT_MAX": null, "ALT_MEDIAN": null, "area_km2": 0.0002039766 }, "geometry": { "type": "Polygon", "coordinates": [ [ [ 10.783896358925807, 46.793611531605876 ], [ 10.784052181890285, 46.793751208057699 ], [ 10.784070807212858, 46.793592414790091 ], [ 10.783896358925807, 46.793611531605876 ] ] ] } },
{ "type": "Feature", "properties": { "HOM_ID": 138, "NAME_D": null, "NAME_IT": null, "REGION": "Oetztaler Alpen", "ALT_MIN": 2513.0, "ALT_MAX": 2756.0, "ALT_MEDIAN": 2614.0, "area_km2": 0.1061966071 }, "geometry": { "type": "Polygon", "coordinates": [ [ [ 11.102120083472032, 46.83176785030475 ], [ 11.101639789100496, 46.832776887125256 ], [ 11.102078272962059, 46.83314596148459 ], [ 11.10259958801748, 46.832882229833785 ], [ 11.10307442547076, 46.833111258317473 ], [ 11.104888753853238, 46.832155566233396 ], [ 11.106876050740254, 46.831959118039038 ], [ 11.107882433455245, 46.83096496313685 ], [ 11.110139584705419, 46.829882149960568 ], [ 11.108244705649517, 46.829232509222031 ], [ 11.107538107604185, 46.830102267993894 ], [ 11.106413359481243, 46.82990162203118 ], [ 11.105125054328614, 46.830712386789564 ], [ 11.104441811853, 46.83049949793714 ], [ 11.102120083472032, 46.83176785030475 ] ] ] } },
{ "type": "Feature", "properties": { "HOM_ID": 110, "NAME_D": null, "NAME_IT": null, "REGION": "Oetztaler Alpen", "ALT_MIN": null, "ALT_MAX": null, "ALT_MEDIAN": null, "area_km2": 0.0123811408 }, "geometry": { "type": "Polygon", "coordinates": [ [ [ 10.939668618147451, 46.769504833767343 ], [ 10.94357024101221, 46.769942825063296 ], [ 10.944037790468149, 46.769561849376366 ], [ 10.942341332780826, 46.769503213459252 ], [ 10.941965624410019, 46.769230842564859 ], [ 10.941811247166282, 46.769583265592132 ], [ 10.939668618147451, 46.769504833767343 ] ] ] } },
{ "type": "Feature", "properties": { "HOM_ID": 132, "NAME_D": null, "NAME_IT": null, "REGION": "Texelgruppe", "ALT_MIN": 2929.0, "ALT_MAX": 3019.0, "ALT_MEDIAN": 2957.0, "area_km2": 0.0065583413 }, "geometry": { "type": "Polygon", "coordinates": [ [ [ 11.039812470140257, 46.749831502161264 ], [ 11.041243740750945, 46.750509972178946 ], [ 11.0414014107361, 46.750214907826908 ], [ 11.04220418034134, 46.750134990992031 ], [ 11.041701730668416, 46.749885249799981 ], [ 11.039812470140257, 46.749831502161264 ] ] ] } },
{ "type": "Feature", "properties": { "HOM_ID": 132, "NAME_D": null, "NAME_IT": null, "REGION": "Texelgruppe", "ALT_MIN": 2963.0, "ALT_MAX": 2992.0, "ALT_MEDIAN": 2974.0, "area_km2": 0.0012596793 }, "geometry": { "type": "Polygon", "coordinates": [ [ [ 11.034381341741454, 46.752506205889901 ], [ 11.034559023424805, 46.752297171241707 ], [ 11.034860323750568, 46.75248493352165 ], [ 11.035083901949539, 46.752227712245571 ], [ 11.034392183976534, 46.752230906208766 ], [ 11.034381341741454, 46.752506205889901 ] ] ] } },
{ "type": "Feature", "properties": { "HOM_ID": 132, "NAME_D": null, "NAME_IT": null, "REGION": "Texelgruppe", "ALT_MIN": 2995.0, "ALT_MAX": 3015.0, "ALT_MEDIAN": 3004.0, "area_km2": 0.0005436916 }, "geometry": { "type": "Polygon", "coordinates": [ [ [ 11.034565046682836, 46.752034710539249 ], [ 11.034901461749175, 46.752028726796787 ], [ 11.034922921761336, 46.751824292266114 ], [ 11.034565046682836, 46.752034710539249 ] ] ] } },
{ "type": "Feature", "properties": { "HOM_ID": 125, "NAME_D": "Truebwandferner", "NAME_IT": null, "REGION": "Texelgruppe", "ALT_MIN": 2851.0, "ALT_MAX": 2888.0, "ALT_MEDIAN": 2866.0, "area_km2": 0.0021667952 }, "geometry": { "type": "Polygon", "coordinates": [ [ [ 11.000533701923471, 46.733515882465717 ], [ 11.000997816762618, 46.733669914289365 ], [ 11.001622025301266, 46.733638952772381 ], [ 11.001381419252711, 46.73329517915618 ], [ 11.000533701923471, 46.733515882465717 ] ] ] } },
{ "type": "Feature", "properties": { "HOM_ID": 150, "NAME_D": null, "NAME_IT": null, "REGION": "Stubaier Alpen", "ALT_MIN": 2852.0, "ALT_MAX": 2915.0, "ALT_MEDIAN": 2868.0, "area_km2": 0.004956806 }, "geometry": { "type": "Polygon", "coordinates": [ [ [ 11.201209578288839, 46.921859855459772 ], [ 11.201986977389415, 46.921850364573537 ], [ 11.201957447369971, 46.921421883478111 ], [ 11.201109488418732, 46.92107200203565 ], [ 11.201673657457757, 46.920823395444401 ], [ 11.200917473049278, 46.920960917737752 ], [ 11.201209578288839, 46.921859855459772 ] ] ] } },
{ "type": "Feature", "properties": { "HOM_ID": 150, "NAME_D": null, "NAME_IT": null, "REGION": "Stubaier Alpen", "ALT_MIN": 2821.0, "ALT_MAX": 2844.0, "ALT_MEDIAN": 2829.0, "area_km2": 0.0052292973 }, "geometry": { "type": "Polygon", "coordinates": [ [ [ 11.203002280854539, 46.922292665951488 ], [ 11.203702685706402, 46.921475737321799 ], [ 11.203478798208296, 46.921171242392063 ], [ 11.202733856578421, 46.921680220785653 ], [ 11.203002280854539, 46.922292665951488 ] ] ] } },
{ "type": "Feature", "properties": { "HOM_ID": 150, "NAME_D": null, "NAME_IT": null, "REGION": "Stubaier Alpen", "ALT_MIN": 2862.0, "ALT_MAX": 2882.0, "ALT_MEDIAN": 2871.0, "area_km2": 0.0019559436 }, "geometry": { "type": "Polygon", "coordinates": [ [ [ 11.201446197062984, 46.922815882139524 ], [ 11.201978094413583, 46.922655344512677 ], [ 11.201950422577882, 46.922174904548008 ], [ 11.201492103611445, 46.922476132067679 ], [ 11.201446197062984, 46.922815882139524 ] ] ] } },
{ "type": "Feature", "properties": { "HOM_ID": 146, "NAME_D": null, "NAME_IT": null, "REGION": "Stubaier Alpen", "ALT_MIN": 2824.0, "ALT_MAX": 2854.0, "ALT_MEDIAN": 2837.0, "area_km2": 0.0028586229 }, "geometry": { "type": "Polygon", "coordinates": [ [ [ 11.179129402588336, 46.93604206092661 ], [ 11.179155079468174, 46.935593394482026 ], [ 11.178378354643518, 46.935427818248343 ], [ 11.179129402588336, 46.93604206092661 ] ] ] } },
{ "type": "Feature", "properties": { "HOM_ID": 185, "NAME_D": "Schwarzenbachkees", "NAME_IT": null, "REGION": "Zillertaler Alpen", "ALT_MIN": 2927.0, "ALT_MAX": 2984.0, "ALT_MEDIAN": 2948.0, "area_km2": 0.0030899266 }, "geometry": { "type": "Polygon", "coordinates": [ [ [ 11.872695081216456, 47.005088071540996 ], [ 11.872602449387569, 47.004354346193352 ], [ 11.871983247480141, 47.004462200452409 ], [ 11.871964733575789, 47.004712873927552 ], [ 11.872695081216456, 47.005088071540996 ] ] ] } },
{ "type": "Feature", "properties": { "HOM_ID": 232, "NAME_D": null, "NAME_IT": null, "REGION": "Rieserfernergruppe", "ALT_MIN": 2889.0, "ALT_MAX": 2998.0, "ALT_MEDIAN": 2938.0, "area_km2": 0.0155892249 }, "geometry": { "type": "Polygon", "coordinates": [ [ [ 12.143680992243132, 46.953010147267321 ], [ 12.145724640352153, 46.953174215661946 ], [ 12.146211695497676, 46.952606946401843 ], [ 12.144001678484155, 46.951702483905372 ], [ 12.14449175688106, 46.951993480688699 ], [ 12.143375755967654, 46.952241169805085 ], [ 12.143640270679187, 46.952476827256653 ], [ 12.143218896395986, 46.952873851286469 ], [ 12.144195025928829, 46.952176545091305 ], [ 12.144699224568761, 46.95222422591393 ], [ 12.143680992243132, 46.953010147267321 ] ] ] } },
{ "type": "Feature", "properties": { "HOM_ID": 232, "NAME_D": null, "NAME_IT": null, "REGION": "Rieserfernergruppe", "ALT_MIN": 2955.0, "ALT_MAX": 2974.0, "ALT_MEDIAN": 2963.0, "area_km2": 0.0005126765 }, "geometry": { "type": "Polygon", "coordinates": [ [ [ 12.145406569872289, 46.953396738353391 ], [ 12.145894696206884, 46.95333149000664 ], [ 12.145827420803981, 46.953232930474641 ], [ 12.145406569872289, 46.953396738353391 ] ] ] } },
{ "type": "Feature", "properties": { "HOM_ID": 230, "NAME_D": null, "NAME_IT": null, "REGION": "Rieserfernergruppe", "ALT_MIN": 2918.0, "ALT_MAX": 3043.0, "ALT_MEDIAN": 2956.0, "area_km2": 0.0152597435 }, "geometry": { "type": "Polygon", "coordinates": [ [ [ 12.160859886906206, 46.944636718635792 ], [ 12.161198339981141, 46.943879148559375 ], [ 12.160781935502117, 46.943634772735173 ], [ 12.158816148066085, 46.943261526464994 ], [ 12.158103845495958, 46.943533840394075 ], [ 12.158792656662841, 46.944308382599054 ], [ 12.159834128871797, 46.944324962268148 ], [ 12.159511893971647, 46.9439127896404 ], [ 12.160217838618371, 46.943773442927096 ], [ 12.160240888230776, 46.944164728996697 ], [ 12.160959856250377, 46.944005583680799 ], [ 12.160494697058876, 46.944458946130212 ], [ 12.160859886906206, 46.944636718635792 ] ] ] } },
{ "type": "Feature", "properties": { "HOM_ID": 199, "NAME_D": "Alprechkees", "NAME_IT": "Vedretta di Alpre", "REGION": "Hohe Tauern", "ALT_MIN": 2697.0, "ALT_MAX": 2935.0, "ALT_MEDIAN": 2769.0, "area_km2": 0.0240736594 }, "geometry": { "type": "Polygon", "coordinates": [ [ [ 12.117725097496706, 47.010119250793991 ], [ 12.119144231912298, 47.009931573278372 ], [ 12.118560748999899, 47.009399010155214 ], [ 12.119743180924177, 47.009429391828547 ], [ 12.119314563091871, 47.009279129608373 ], [ 12.119591076522719, 47.009094524546413 ], [ 12.120592745582229, 47.008948442563337 ], [ 12.121147185306942, 47.009090948671989 ], [ 12.120389849692145, 47.009204459399484 ], [ 12.121945684960478, 47.009358511359196 ], [ 12.120735340602081, 47.008903525516033 ], [ 12.120164983879924, 47.008271283160205 ], [ 12.119550490425018, 47.009048125974218 ], [ 12.116523957586937, 47.009225625332995 ], [ 12.115063389623346, 47.009731820205793 ], [ 12.11557161703184, 47.010110978735362 ], [ 12.118225170437658, 47.00927427890079 ], [ 12.117585133761834, 47.009667446150516 ], [ 12.117976944694476, 47.009782009378945 ], [ 12.117725097496706, 47.010119250793991 ] ] ] } },
{ "type": "Feature", "properties": { "HOM_ID": 199, "NAME_D": "Alprechkees", "NAME_IT": "Vedretta di Alpre", "REGION": "Hohe Tauern", "ALT_MIN": 2703.0, "ALT_MAX": 2728.0, "ALT_MEDIAN": 2710.0, "area_km2": 0.0026337599 }, "geometry": { "type": "Polygon", "coordinates": [ [ [ 12.112429601157553, 47.009660989732801 ], [ 12.112657143068001, 47.009339536705994 ], [ 12.111768931258721, 47.009048437502706 ], [ 12.112007823934103, 47.009465168110395 ], [ 12.112429601157553, 47.009660989732801 ] ] ] } },
{ "type": "Feature", "properties": { "HOM_ID": 211, "NAME_D": "Windtalkees", "NAME_IT": null, "REGION": "Hohe Tauern", "ALT_MIN": 2750.0, "ALT_MAX": 2773.0, "ALT_MEDIAN": 2759.0, "area_km2": 0.0027281851 }, "geometry": { "type": "Polygon", "coordinates": [ [ [ 12.213555371037517, 47.051158789467749 ], [ 12.214030918818391, 47.050941013884938 ], [ 12.21404128557073, 47.05069311893083 ], [ 12.213149759201048, 47.050718161191796 ], [ 12.213555371037517, 47.051158789467749 ] ] ] } },
{ "type": "Feature", "properties": { "HOM_ID": 211, "NAME_D": "Windtalkees", "NAME_IT": null, "REGION": "Hohe Tauern", "ALT_MIN": 2887.0, "ALT_MAX": 2905.0, "ALT_MEDIAN": 2897.0, "area_km2": 0.0016213343 }, "geometry": { "type": "Polygon", "coordinates": [ [ [ 12.208296504308731, 47.057129385009652 ], [ 12.209223985436445, 47.056999724571376 ], [ 12.208317380010543, 47.056915745485746 ], [ 12.208296504308731, 47.057129385009652 ] ] ] } },
{ "type": "Feature", "properties": { "HOM_ID": 211, "NAME_D": "Windtalkees", "NAME_IT": null, "REGION": "Hohe Tauern", "ALT_MIN": 2922.0, "ALT_MAX": 3035.0, "ALT_MEDIAN": 2953.0, "area_km2": 0.0043052044 }, "geometry": { "type": "Polygon", "coordinates": [ [ [ 12.208875050214788, 47.058765768639013 ], [ 12.208266398591659, 47.057469964173578 ], [ 12.207379500395565, 47.057293293488733 ], [ 12.208022201347317, 47.057753206204211 ], [ 12.208875050214788, 47.058765768639013 ] ] ] } },
{ "type": "Feature", "properties": { "HOM_ID": 75, "NAME_D": "Planailferner", "NAME_IT": "Vedretta di Planol", "REGION": "Oetztaler Alpen", "ALT_MIN": 2793.0, "ALT_MAX": 3375.0, "ALT_MEDIAN": 3166.0, "area_km2": 0.8362991145000001 }, "geometry": { "type": "Polygon", "coordinates": [ [ [ 10.678431209818513, 46.784436913576315 ], [ 10.675346650431695, 46.78449034231749 ], [ 10.673170358634524, 46.783793577230313 ], [ 10.672279928577016, 46.784066608007279 ], [ 10.67230611479885, 46.786120620985052 ], [ 10.673511204087502, 46.786483022053083 ], [ 10.671764696060571, 46.787308594851936 ], [ 10.67274916779545, 46.787665655212734 ], [ 10.672240741081184, 46.788173113263085 ], [ 10.672426087306716, 46.788650429604708 ], [ 10.673835002653792, 46.789681312244518 ], [ 10.673056102112167, 46.789918429613202 ], [ 10.672343990094481, 46.789625967353956 ], [ 10.671357528095175, 46.7900118282572 ], [ 10.671201802932728, 46.790894149033136 ], [ 10.670160254906328, 46.791920838881715 ], [ 10.670796301083678, 46.792040130946162 ], [ 10.669228481947306, 46.792766009418528 ], [ 10.672208115759171, 46.792423246331104 ], [ 10.673600462198714, 46.792873170971596 ], [ 10.673682086825325, 46.792553865259194 ], [ 10.675877183821475, 46.792474971792622 ], [ 10.67604929033434, 46.792993311271502 ], [ 10.677781080270144, 46.792540813871895 ], [ 10.678200586313327, 46.792117497064716 ], [ 10.679861738331342, 46.792290274909483 ], [ 10.680882449236401, 46.792619421107318 ], [ 10.679021722191072, 46.7923654205877 ], [ 10.67889227192147, 46.79307211864063 ], [ 10.67950464369995, 46.793308903415408 ], [ 10.67974300209109, 46.793989403748 ], [ 10.678957185107153, 46.794139038879997 ], [ 10.681022695665025, 46.794810336625602 ], [ 10.681270846873193, 46.794448739779092 ], [ 10.681729019809179, 46.79459915829824 ], [ 10.682001320559841, 46.794392287598463 ], [ 10.682253587897975, 46.793842720320797 ], [ 10.682052190570746, 46.793150406555348 ], [ 10.681129791939012, 46.792490781237824 ], [ 10.681511195909518, 46.791820309086752 ], [ 10.682105853940287, 46.791827591893707 ], [ 10.682143580133728, 46.791508568968233 ], [ 10.681708967543427, 46.7916072240508 ], [ 10.681579922617562, 46.791498995808496 ], [ 10.682142348307364, 46.79133000615596 ], [ 10.683644101984532, 46.791924220647807 ], [ 10.683425746123611, 46.791180695926613 ], [ 10.683944448800249, 46.791230716640911 ], [ 10.684094630122003, 46.790485102976753 ], [ 10.684616276802094, 46.790559284613373 ], [ 10.684298024400141, 46.790070658747005 ], [ 10.683342290510408, 46.78986609173819 ], [ 10.68274505976669, 46.789096312676683 ], [ 10.684857823210793, 46.788440735106008 ], [ 10.685508845683357, 46.787546980914129 ], [ 10.683425808827682, 46.785980419187716 ], [ 10.682270886366661, 46.785580151934276 ], [ 10.682536126830374, 46.784775613916032 ], [ 10.681842373541658, 46.784482225174848 ], [ 10.68064064869319, 46.784990981391246 ], [ 10.679287476861226, 46.784529720293733 ], [ 10.678514355572986, 46.784695359023246 ], [ 10.678431209818513, 46.784436913576315 ] ], [ [ 10.680262906712304, 46.793116931298634 ], [ 10.6805032184783, 46.793174357262451 ], [ 10.680251711873044, 46.793202814289479 ], [ 10.680262906712304, 46.793116931298634 ] ] ] } },
{ "type": "Feature", "properties": { "HOM_ID": 75, "NAME_D": "Freibrunnerferner", "NAME_IT": "Vedretta della Fontana Occidentale", "REGION": "Oetztaler Alpen", "ALT_MIN": 3205.0, "ALT_MAX": 3331.0, "ALT_MEDIAN": 3242.0, "area_km2": 0.0231902521 }, "geometry": { "type": "Polygon", "coordinates": [ [ [ 10.686694422232302, 46.793298800773897 ], [ 10.686984494140393, 46.792481116951549 ], [ 10.686728382393632, 46.791978192543027 ], [ 10.686145647787884, 46.791579638094554 ], [ 10.686082531955652, 46.791836465836568 ], [ 10.685682686847096, 46.791732750694507 ], [ 10.685633261047075, 46.791260239977994 ], [ 10.684875956974084, 46.791335000322093 ], [ 10.68415135675213, 46.791820780403846 ], [ 10.684327657330989, 46.792609893312495 ], [ 10.684999372389822, 46.792684321769215 ], [ 10.686002851315564, 46.792005136414708 ], [ 10.68646270747651, 46.792933548327916 ], [ 10.685960163113929, 46.793253996815473 ], [ 10.686694422232302, 46.793298800773897 ] ] ] } },
{ "type": "Feature", "properties": { "HOM_ID": 79, "NAME_D": "Freibrunnerferner", "NAME_IT": "Vedretta della Fontana Occidentale", "REGION": "Oetztaler Alpen", "ALT_MIN": 3132.0, "ALT_MAX": 3325.0, "ALT_MEDIAN": 3231.0, "area_km2": 0.0654714559 }, "geometry": { "type": "Polygon", "coordinates": [ [ [ 10.687307367886151, 46.793223062868122 ], [ 10.687992516845004, 46.792461542021243 ], [ 10.688873404528136, 46.792116024402922 ], [ 10.688593863615964, 46.791805015117724 ], [ 10.688999188204059, 46.790989466256626 ], [ 10.68868967705351, 46.790657587331062 ], [ 10.689597158671738, 46.791144765032293 ], [ 10.689628806100609, 46.791496618898513 ], [ 10.690674097007218, 46.791712608107268 ], [ 10.692111155908266, 46.791548500827972 ], [ 10.692803242304405, 46.791728750030686 ], [ 10.693335509921269, 46.792339954478607 ], [ 10.693846875821542, 46.792284763786128 ], [ 10.693873846657704, 46.791155733771312 ], [ 10.693458233336477, 46.79094758815679 ], [ 10.691616179344903, 46.791241517076024 ], [ 10.690771284169951, 46.790988418473489 ], [ 10.689796557078337, 46.791142398199717 ], [ 10.690371459355458, 46.790683691381005 ], [ 10.689521831940223, 46.790595276482257 ], [ 10.689417882019599, 46.790153930698843 ], [ 10.688675820933812, 46.790480639938203 ], [ 10.688402100512064, 46.790330384820074 ], [ 10.688616768185463, 46.790631995613118 ], [ 10.688070471633843, 46.790811493824421 ], [ 10.687163026087813, 46.790631313951074 ], [ 10.686145647787884, 46.791579638094554 ], [ 10.686984494140393, 46.792481116951549 ], [ 10.686712302627953, 46.793281086396476 ], [ 10.687307367886151, 46.793223062868122 ] ] ] } },
{ "type": "Feature", "properties": { "HOM_ID": 46, "NAME_D": "Gramsenferner", "NAME_IT": "Vedretta di Grames", "REGION": "Ortlergruppe", "ALT_MIN": 2828.0, "ALT_MAX": 3318.0, "ALT_MEDIAN": 3098.0, "area_km2": 1.2080513815 }, "geometry": { "type": "Polygon", "coordinates": [ [ [ 10.722563397186057, 46.468081102210206 ], [ 10.720666948084153, 46.467414276502339 ], [ 10.720341817520177, 46.466939118080084 ], [ 10.717959703993213, 46.466409159764005 ], [ 10.717834166440216, 46.464785159113667 ], [ 10.715813343703319, 46.462589551908394 ], [ 10.715600144628842, 46.461021179213198 ], [ 10.712873178309328, 46.460607704300436 ], [ 10.71226710861858, 46.460869844097353 ], [ 10.711783740498669, 46.460611228825414 ], [ 10.709844911896589, 46.461087360896485 ], [ 10.708983992852469, 46.462766941180547 ], [ 10.708038379481772, 46.462423071889177 ], [ 10.707457736880919, 46.463069455127787 ], [ 10.707549381731196, 46.463579068233635 ], [ 10.708171130486537, 46.46396430033235 ], [ 10.706776516828254, 46.465746921735693 ], [ 10.707146967787242, 46.466022373471084 ], [ 10.707162606439885, 46.465701346015727 ], [ 10.707501180404156, 46.465740016661236 ], [ 10.707825208680951, 46.466183796176431 ], [ 10.70871089413688, 46.466339153833452 ], [ 10.707535476246395, 46.465442702202061 ], [ 10.707772363429436, 46.465193900373805 ], [ 10.708081000691914, 46.465696486686483 ], [ 10.709663652611534, 46.466259189989685 ], [ 10.709646897097672, 46.466710574500574 ], [ 10.708820288271971, 46.466663267006716 ], [ 10.708814418217871, 46.467400575617866 ], [ 10.708133698013674, 46.466936709351828 ], [ 10.707046635363024, 46.467310197476422 ], [ 10.708411856033914, 46.467657703474828 ], [ 10.709002284868365, 46.469306539846002 ], [ 10.707834741979198, 46.470189789556223 ], [ 10.707369210368565, 46.470181026370703 ], [ 10.707979878889624, 46.470400501176677 ], [ 10.708141651624487, 46.47081241381899 ], [ 10.706649407109049, 46.471629609891828 ], [ 10.707203321835095, 46.471984473873633 ], [ 10.707630754093548, 46.472978196503938 ], [ 10.706991212674788, 46.473544709963456 ], [ 10.707033268639126, 46.474261059708901 ], [ 10.70748214517085, 46.474320113675915 ], [ 10.707675456879826, 46.474991502213989 ], [ 10.70733559451951, 46.475584949695047 ], [ 10.707583928732147, 46.475986997968498 ], [ 10.70900323684126, 46.476271539068492 ], [ 10.709648673206026, 46.475648906912426 ], [ 10.710344864672127, 46.475757555489018 ], [ 10.711237058409711, 46.476548244812321 ], [ 10.712757996659578, 46.476650102711695 ], [ 10.712767761684175, 46.476302301240793 ], [ 10.71338695382601, 46.476946774059201 ], [ 10.71349931497126, 46.476683158564633 ], [ 10.714131799501947, 46.476655819554153 ], [ 10.713130613473794, 46.47516347095641 ], [ 10.713246530459619, 46.473299439377953 ], [ 10.71379821688064, 46.472689406078544 ], [ 10.713917853230958, 46.471475379340617 ], [ 10.714987894367127, 46.470849509318754 ], [ 10.715287910432172, 46.470306857343907 ], [ 10.715378210422378, 46.469008187272927 ], [ 10.716109224474314, 46.469108658253163 ], [ 10.716466350798486, 46.469850557589496 ], [ 10.717251259045808, 46.470048755760821 ], [ 10.716451023016866, 46.470772274985443 ], [ 10.71711529059843, 46.471248066639582 ], [ 10.719161983101833, 46.471359735770164 ], [ 10.723644376991055, 46.470429176436546 ], [ 10.724285199389413, 46.470640966494045 ], [ 10.724741321727212, 46.470024499258066 ], [ 10.720669970389737, 46.468181868634197 ], [ 10.722563397186057, 46.468081102210206 ] ], [ [ 10.713281575562105, 46.476749412836163 ], [ 10.713188722392209, 46.476536496071759 ], [ 10.713339395854673, 46.476724734468831 ], [ 10.713281575562105, 46.476749412836163 ] ], [ [ 10.712523297878999, 46.476420260420724 ], [ 10.712461658974568, 46.476433089565347 ], [ 10.712518956515087, 46.47639175104073 ], [ 10.712523297878999, 46.476420260420724 ] ], [ [ 10.709994952003999, 46.475421487516932 ], [ 10.710009513720211, 46.47540222014613 ], [ 10.710038840094235, 46.475414163808956 ], [ 10.709994952003999, 46.475421487516932 ] ], [ [ 10.709920013442796, 46.475317835374859 ], [ 10.709956832361799, 46.475304902530929 ], [ 10.709962941038357, 46.475323860780719 ], [ 10.709920013442796, 46.475317835374859 ] ], [ [ 10.713507629028653, 46.472833573888302 ], [ 10.713547398682538, 46.472782972677088 ], [ 10.713536757382984, 46.472883142607536 ], [ 10.713507629028653, 46.472833573888302 ] ], [ [ 10.720400078965584, 46.468092745327269 ], [ 10.720261914872845, 46.467973382685422 ], [ 10.720449722529628, 46.468027705875159 ], [ 10.720400078965584, 46.468092745327269 ] ], [ [ 10.720145656275873, 46.467892980195415 ], [ 10.720003458705071, 46.467973699031425 ], [ 10.719903825869256, 46.467928764255355 ], [ 10.720145656275873, 46.467892980195415 ] ], [ [ 10.722265592222714, 46.469493224784649 ], [ 10.722267094085607, 46.469540826227991 ], [ 10.722163753761677, 46.469542382733472 ], [ 10.722265592222714, 46.469493224784649 ] ] ] } },
{ "type": "Feature", "properties": { "HOM_ID": 98, "NAME_D": "Finailferner", "NAME_IT": "Vedretta  di Finale", "REGION": "Oetztaler Alpen", "ALT_MIN": 3221.0, "ALT_MAX": 3417.0, "ALT_MEDIAN": 3317.0, "area_km2": 0.0868658772 }, "geometry": { "type": "Polygon", "coordinates": [ [ [ 10.826986153504961, 46.771860692272895 ], [ 10.827773154263475, 46.771063550676111 ], [ 10.827636328007504, 46.770220446816722 ], [ 10.826612347885382, 46.770299303326773 ], [ 10.826191653534499, 46.770835151654879 ], [ 10.824502583662435, 46.77121119558884 ], [ 10.823590187867065, 46.772379594683862 ], [ 10.823858817539218, 46.773561097784523 ], [ 10.827016648354821, 46.774134905316835 ], [ 10.826919474464731, 46.772066464614262 ], [ 10.82769570829352, 46.771962461167902 ], [ 10.826986153504961, 46.771860692272895 ] ] ] } },
{ "type": "Feature", "properties": { "HOM_ID": 100, "NAME_D": null, "NAME_IT": null, "REGION": "Oetztaler Alpen", "ALT_MIN": 2979.0, "ALT_MAX": 3136.0, "ALT_MEDIAN": 3036.0, "area_km2": 0.0342079267 }, "geometry": { "type": "Polygon", "coordinates": [ [ [ 10.837669176355337, 46.777208637774542 ], [ 10.840212141584479, 46.777086038759478 ], [ 10.840785845822372, 46.777288335124005 ], [ 10.841342023219866, 46.77697651941078 ], [ 10.839961726118988, 46.77589783214227 ], [ 10.835722694749386, 46.777792735833415 ], [ 10.83641760755186, 46.778267130669441 ], [ 10.837669176355337, 46.777208637774542 ] ] ] } },
{ "type": "Feature", "properties": { "HOM_ID": 104, "NAME_D": null, "NAME_IT": null, "REGION": "Oetztaler Alpen", "ALT_MIN": 3194.0, "ALT_MAX": 3291.0, "ALT_MEDIAN": 3238.0, "area_km2": 0.0066508473 }, "geometry": { "type": "Polygon", "coordinates": [ [ [ 10.877338473001354, 46.760791484181475 ], [ 10.87659025958283, 46.760397533134004 ], [ 10.875385996837238, 46.760770625217297 ], [ 10.876111881788965, 46.760924579622063 ], [ 10.875598182319607, 46.761139721291833 ], [ 10.876106331847627, 46.761268400670112 ], [ 10.877338473001354, 46.760791484181475 ] ] ] } },
{ "type": "Feature", "properties": { "HOM_ID": 73, "NAME_D": "Baerenbartferner", "NAME_IT": "Vedretta di Barbadorso", "REGION": "Oetztaler Alpen", "ALT_MIN": 2695.0, "ALT_MAX": 3447.0, "ALT_MEDIAN": 3112.0, "area_km2": 0.7137747436 }, "geometry": { "type": "Polygon", "coordinates": [ [ [ 10.704625790908938, 46.799630514831208 ], [ 10.702400473359281, 46.797660255780336 ], [ 10.700712520180096, 46.797405005542565 ], [ 10.699873355902486, 46.796974078497726 ], [ 10.699562667704431, 46.797433585415384 ], [ 10.699077054682121, 46.797294237960564 ], [ 10.699181633404013, 46.797733201157264 ], [ 10.698406786423748, 46.79806615110634 ], [ 10.698086971509703, 46.797745739518028 ], [ 10.698474862652523, 46.79624277774284 ], [ 10.698078112976679, 46.795788766491683 ], [ 10.695802020201059, 46.79592396622693 ], [ 10.695694807725769, 46.797339319734697 ], [ 10.694925882619616, 46.798223664871969 ], [ 10.694141188702945, 46.800287116072511 ], [ 10.694581989847718, 46.801528700047221 ], [ 10.693835789434091, 46.802058823074169 ], [ 10.69607913884381, 46.801364785773004 ], [ 10.695817719289177, 46.801627740081841 ], [ 10.696227204704529, 46.802480464820093 ], [ 10.696098854922566, 46.802645970531884 ], [ 10.695872736287251, 46.802402166565152 ], [ 10.695793009835239, 46.802711935699939 ], [ 10.696448014762456, 46.802965096558829 ], [ 10.696724214037857, 46.802419545582076 ], [ 10.697258790343698, 46.802812886238705 ], [ 10.696880750364375, 46.80349381544908 ], [ 10.695242068827353, 46.803121905523753 ], [ 10.695251790428665, 46.803431301117989 ], [ 10.694294908386468, 46.803326420058745 ], [ 10.693886463167058, 46.803570574768187 ], [ 10.695194396345329, 46.805039003613658 ], [ 10.695271850713803, 46.807155628536179 ], [ 10.696117144684502, 46.807018096051259 ], [ 10.697336016450826, 46.805803532918389 ], [ 10.697446900664056, 46.805194714166397 ], [ 10.698325606643241, 46.804467352967428 ], [ 10.698357953372852, 46.80386462056147 ], [ 10.698868576238743, 46.803564899156243 ], [ 10.699698524832986, 46.803739364524638 ], [ 10.699761445334593, 46.802017076949902 ], [ 10.700548386638861, 46.801358799184577 ], [ 10.700308054749913, 46.801965850809218 ], [ 10.700592893769699, 46.802372558283999 ], [ 10.699961796480663, 46.803063005489676 ], [ 10.700579526105503, 46.804338374695163 ], [ 10.699854023788365, 46.804955508138697 ], [ 10.700265802378494, 46.805419016746626 ], [ 10.700046840721356, 46.805898484229559 ], [ 10.700439519439454, 46.806668160823193 ], [ 10.699935340961835, 46.807037103330458 ], [ 10.700318944413381, 46.807930258709085 ], [ 10.699521347112151, 46.809031449392123 ], [ 10.700143223728887, 46.808956731290408 ], [ 10.700762169338672, 46.808239164155665 ], [ 10.701305106067197, 46.808135850481825 ], [ 10.701381533153826, 46.80881629589102 ], [ 10.700975836603931, 46.808721726849001 ], [ 10.701056243897353, 46.809291988677053 ], [ 10.700565441021894, 46.809399289673863 ], [ 10.701226507062172, 46.809907346436489 ], [ 10.701383405578843, 46.809535351676665 ], [ 10.701469016320916, 46.810559010966401 ], [ 10.702231396102873, 46.810979836910974 ], [ 10.70224796351186, 46.809142116786219 ], [ 10.70292995755276, 46.807700944318384 ], [ 10.702461750879978, 46.806600712356477 ], [ 10.70318295680169, 46.80703702690267 ], [ 10.703338271302792, 46.806337674842219 ], [ 10.704541416560772, 46.804943251630377 ], [ 10.704331559719295, 46.803202035119519 ], [ 10.704778546084405, 46.802758623183614 ], [ 10.704460780402218, 46.80256932593646 ], [ 10.704130983368302, 46.802814197326839 ], [ 10.704228278314421, 46.802380558964437 ], [ 10.703218796487162, 46.802023139870592 ], [ 10.702911473458389, 46.80262831972378 ], [ 10.702672450172068, 46.801286980339476 ], [ 10.704625790908938, 46.799630514831208 ] ] ] } },
{ "type": "Feature", "properties": { "HOM_ID": 6, "NAME_D": "Ortlerferner Niederer", "NAME_IT": "Vedretta Bassa dell Ortles", "REGION": "Ortlergruppe", "ALT_MIN": 2334.0, "ALT_MAX": 3646.0, "ALT_MEDIAN": 3066.0, "area_km2": 1.4330265966 }, "geometry": { "type": "Polygon", "coordinates": [ [ [ 10.527833555059658, 46.497526161280184 ], [ 10.526470628540908, 46.498623343051847 ], [ 10.522531575951284, 46.499134561099403 ], [ 10.520290786591259, 46.501576815720085 ], [ 10.520014423843953, 46.502548637081134 ], [ 10.521200347051197, 46.503384527274839 ], [ 10.521525422565169, 46.504068292007801 ], [ 10.521029961889978, 46.504848241586565 ], [ 10.521437388114855, 46.505882954909687 ], [ 10.52190333776748, 46.50578214095998 ], [ 10.52147344081237, 46.506577593686949 ], [ 10.521682747112152, 46.506786733859776 ], [ 10.521963177425226, 46.506443311718556 ], [ 10.522191328218344, 46.506536566543325 ], [ 10.520795392121762, 46.50741112667842 ], [ 10.519910141956963, 46.50628012256994 ], [ 10.52078480153372, 46.507804161647094 ], [ 10.520376956163867, 46.509101372703064 ], [ 10.519492208128568, 46.50937506118543 ], [ 10.519542272224323, 46.509779195839819 ], [ 10.517132617238278, 46.510143351260012 ], [ 10.517427123082356, 46.512117698320807 ], [ 10.517106059795823, 46.511889793511237 ], [ 10.51716994894103, 46.512326486762532 ], [ 10.516228444219298, 46.512577090965046 ], [ 10.516261946279473, 46.513006528103823 ], [ 10.515098593863447, 46.513239646054572 ], [ 10.515134029349914, 46.513893999745484 ], [ 10.513323766708181, 46.516541012170592 ], [ 10.513267363727945, 46.516994181013423 ], [ 10.514055443955799, 46.516863654638769 ], [ 10.514384020110519, 46.517516508126953 ], [ 10.515717400601417, 46.516593997625023 ], [ 10.516427323578705, 46.51557973110426 ], [ 10.517322707488074, 46.515610229769365 ], [ 10.517162083627632, 46.515415913726137 ], [ 10.517660871899151, 46.515367625073665 ], [ 10.517352056315071, 46.515115747363872 ], [ 10.519634525194446, 46.514094276139694 ], [ 10.51898474091951, 46.514138626739005 ], [ 10.520058415688633, 46.513576690460923 ], [ 10.521153693753355, 46.512347727610575 ], [ 10.521788883367515, 46.512553583048614 ], [ 10.521782558006143, 46.511842955681949 ], [ 10.525187606385623, 46.509841259320915 ], [ 10.526632580795461, 46.509714825807116 ], [ 10.527122707747282, 46.508743905399456 ], [ 10.529133627525988, 46.507438778771238 ], [ 10.529448040922754, 46.505863422307549 ], [ 10.530249698180818, 46.505674109493803 ], [ 10.533063323175062, 46.503889304722037 ], [ 10.53627973424558, 46.502682269516605 ], [ 10.536146766477479, 46.502919792471488 ], [ 10.537505045011134, 46.502720382556475 ], [ 10.537787906651614, 46.503337063613458 ], [ 10.538307527977206, 46.503237208678634 ], [ 10.537816550047294, 46.5030687956314 ], [ 10.538634586946067, 46.502729189113147 ], [ 10.538428826957597, 46.502367731679676 ], [ 10.538799900109314, 46.502319877910786 ], [ 10.539231933234797, 46.501499699915271 ], [ 10.539389407507413, 46.501947623656768 ], [ 10.539100197607892, 46.502330123710756 ], [ 10.538998864491385, 46.502038602521715 ], [ 10.538863295142932, 46.502733350151779 ], [ 10.539193185968513, 46.502910975570501 ], [ 10.538681381287647, 46.50325099025563 ], [ 10.539373628008338, 46.503341683232705 ], [ 10.539444665535493, 46.502926401684988 ], [ 10.539677244135644, 46.503347121100759 ], [ 10.541312121817271, 46.503358433552307 ], [ 10.541573207795828, 46.503028506329045 ], [ 10.541198308074017, 46.502259862928547 ], [ 10.541793354623117, 46.502328039745258 ], [ 10.542131274637985, 46.501880131124267 ], [ 10.541255477638526, 46.502005043924527 ], [ 10.541180536579716, 46.501221752843101 ], [ 10.540633391740565, 46.500773725272019 ], [ 10.540931738186989, 46.500536913353947 ], [ 10.540340381946159, 46.500696323041652 ], [ 10.539779291279256, 46.499729500471638 ], [ 10.53972699248153, 46.500661722403095 ], [ 10.538829244296718, 46.500668091631098 ], [ 10.538591268675788, 46.500299829407737 ], [ 10.537761070488688, 46.500793899500614 ], [ 10.537218110837051, 46.500615467775354 ], [ 10.536441651443598, 46.500814491686569 ], [ 10.537007093245094, 46.499588408728371 ], [ 10.536677318108731, 46.499045441647446 ], [ 10.536979867690752, 46.498475607328658 ], [ 10.536458756878746, 46.497896839774135 ], [ 10.535741928296844, 46.49815506350734 ], [ 10.534886458084651, 46.497897951279462 ], [ 10.535046728117768, 46.497323170195173 ], [ 10.534626486452632, 46.49709307358841 ], [ 10.533740780859697, 46.497178967163563 ], [ 10.533709222837832, 46.498116623243021 ], [ 10.532848817296856, 46.498419616398081 ], [ 10.532124910768175, 46.498132145829025 ], [ 10.531618930844211, 46.498463341836064 ], [ 10.531693951434733, 46.498993455742003 ], [ 10.53123243702173, 46.499028275282711 ], [ 10.53002384647977, 46.498311719122448 ], [ 10.530084619855797, 46.497808163608163 ], [ 10.52885358574293, 46.497402301968975 ], [ 10.527833555059658, 46.497526161280184 ] ], [ [ 10.517614980859154, 46.514389921335287 ], [ 10.51728081267999, 46.513908595976069 ], [ 10.518052794677907, 46.513886445145801 ], [ 10.517614980859154, 46.514389921335287 ] ], [ [ 10.526740210486089, 46.503549059325728 ], [ 10.527151977220342, 46.503629878957057 ], [ 10.526604815162496, 46.503024031103436 ], [ 10.526989938177575, 46.502307512097097 ], [ 10.526091135054715, 46.501765886026561 ], [ 10.526947987808802, 46.501086687896887 ], [ 10.524798390719676, 46.499939233371741 ], [ 10.5249150493405, 46.499356105385303 ], [ 10.526375705062827, 46.500581754480244 ], [ 10.527161578098328, 46.500514890730507 ], [ 10.527480012967473, 46.501952719714296 ], [ 10.528346613404846, 46.503036483443616 ], [ 10.527766499157098, 46.504300901962829 ], [ 10.527006048112929, 46.504668235465452 ], [ 10.526579412291413, 46.504395333673152 ], [ 10.526740210486089, 46.503549059325728 ] ], [ [ 10.529451207307764, 46.500984488286882 ], [ 10.529062702353061, 46.499344059594236 ], [ 10.529663262170624, 46.499364602057398 ], [ 10.530117973123842, 46.498979911119513 ], [ 10.530877090386209, 46.49941299467077 ], [ 10.532507769851531, 46.49935594272376 ], [ 10.531951994019295, 46.500009028949172 ], [ 10.53046817190809, 46.500400361151158 ], [ 10.529904169962389, 46.500956712056116 ], [ 10.529451207307764, 46.500984488286882 ] ], [ [ 10.530613519849883, 46.498944705314329 ], [ 10.530114767407925, 46.498865657351288 ], [ 10.530393421921282, 46.498658337601455 ], [ 10.530613519849883, 46.498944705314329 ] ], [ [ 10.529181445436265, 46.500510825001712 ], [ 10.529081340391743, 46.50063003196729 ], [ 10.529053385698411, 46.500555398589519 ], [ 10.529181445436265, 46.500510825001712 ] ] ] } }
]
}
